col,player_side,coef,se,poss
0,2207_off,-8.733641420776362e-05,0.017953939633139054,4
1,2207_def,0.0007563117398932595,0.017953941292798217,4
2,2544_off,0.03606825196224116,0.010556837480475287,13503
3,2544_def,-0.0109367964896673,0.010554100962235602,13489
4,2546_off,-0.009337472660292655,0.014639972870696252,3710
5,2546_def,-0.0004123374701785485,0.01465103670128779,3685
6,2617_off,-0.007382193372452021,0.017426591546286625,324
7,2617_def,0.0016965054531074874,0.01742211616060008,325
8,2730_off,-0.0033466198971142964,0.01575598333455126,1988
9,2730_def,0.0037800790135166327,0.01574644806311895,2000
10,2738_off,-0.0032736331937956047,0.016151494747918254,1444
11,2738_def,-0.018447078545563565,0.016148632477408685,1446
12,2772_off,-0.006467602429094255,0.016760403675454272,921
13,2772_def,-4.25405358398575e-05,0.01675605335549159,925
14,101108_off,0.007125877810312642,0.011094868847274654,11192
15,101108_def,-0.02194569625791725,0.011103215046553112,11151
16,101139_off,-8.733641420776362e-05,0.01795393963313905,4
17,101139_def,0.0007563117398932595,0.017953941292798214,4
18,101150_off,-0.0038500779563099908,0.01615694907704712,1612
19,101150_def,-0.00023043111849691512,0.016159089504713106,1611
20,200746_off,-0.0016263339186511094,0.01569368240296876,2175
21,200746_def,-0.004105771388260117,0.015699793562077402,2167
22,200752_off,0.0009129562162679046,0.014005410112458722,3821
23,200752_def,-0.019683470231081437,0.014002404344842654,3823
24,200765_off,-0.019359817389620334,0.016189148186712885,1439
25,200765_def,-0.006102192596278073,0.016178789841028905,1449
26,200768_off,-0.00675702445392276,0.010926156683732046,11018
27,200768_def,-0.013764108990674793,0.010926124684641499,11000
28,200782_off,0.007451903113675927,0.011708913452013943,8542
29,200782_def,-0.004971307679462053,0.011707897755824993,8535
30,200794_off,-0.006771833976320064,0.01692064291907733,774
31,200794_def,-0.0013384662699222668,0.01693593562565915,761
32,201142_off,0.025771522208917822,0.010610650055642698,13252
33,201142_def,-0.0182075336355288,0.010609681996548036,13221
34,201143_off,0.014490590185770978,0.011608936157976275,11331
35,201143_def,-0.007993550387717955,0.01161290844516127,11321
36,201144_off,0.015326293954075252,0.010841484121439803,12602
37,201144_def,-0.0041033235949385,0.010845956952368422,12527
38,201145_off,-0.016769966528274203,0.011454843862370856,8556
39,201145_def,0.011190003512236316,0.01144252116122715,8586
40,201152_off,-0.005829481404338396,0.013354208797289916,4174
41,201152_def,0.006296986695958911,0.013366318415929716,4157
42,201565_off,-0.01843217736215059,0.01441570349231016,2816
43,201565_def,-0.014687141614794706,0.014430637535764353,2797
44,201566_off,-0.003400084820914893,0.010385210447154014,13119
45,201566_def,0.0022171834266516218,0.010379276337255659,13135
46,201567_off,0.002445549381564985,0.011675244607821253,7765
47,201567_def,-0.013717425178468282,0.011688419913631194,7724
48,201568_off,0.004038582217224351,0.013454358508431291,4677
49,201568_def,0.009212311384211969,0.013469073611080564,4665
50,201569_off,0.001246108070251821,0.010370187882151771,11407
51,201569_def,0.0031954876587328416,0.010368592072352367,11404
52,201571_off,-0.007497042486904941,0.015821052258254666,1825
53,201571_def,0.011337618590060864,0.015829973602047315,1815
54,201572_off,-0.0006507657074381053,0.011228918172895494,10520
55,201572_def,-0.02708709572657659,0.011234468676613072,10485
56,201577_off,-0.021064378130138766,0.015379603708963784,1998
57,201577_def,-0.0013629237258726951,0.015382432742721186,1991
58,201580_off,-0.016855885604028096,0.013858097076450708,3858
59,201580_def,-0.009634141255154582,0.013865958116022885,3848
60,201586_off,-0.01506165403567728,0.0153726576679077,2181
61,201586_def,-0.005296942856472265,0.015370226303765928,2185
62,201587_off,0.007158825781862768,0.01098251609538837,9444
63,201587_def,-0.00824901893706609,0.010992638431167344,9416
64,201588_off,-0.007357638961114687,0.013742667149246967,4285
65,201588_def,-0.03854224168942043,0.013754385053892666,4263
66,201599_off,-0.01940400385418825,0.014142677416628596,3252
67,201599_def,0.00872548893919327,0.014110533855870638,3294
68,201609_off,-0.0011609225023707275,0.0144714731034403,2887
69,201609_def,0.0042904367226029765,0.014484622282234242,2874
70,201933_off,-0.00945964686286799,0.01447679953893614,3158
71,201933_def,-0.003860414081968107,0.014487094109670078,3142
72,201935_off,0.035478302788642176,0.010244349050286799,14016
73,201935_def,0.009313781257919762,0.010237653785530133,14020
74,201937_off,-0.0132886443342918,0.014534978573446548,3144
75,201937_def,-0.027059162691801694,0.014545900227798949,3129
76,201939_off,0.034921448668835134,0.011455990379130454,13720
77,201939_def,-0.007908412221234186,0.011463608703632428,13629
78,201942_off,0.018766350670617084,0.011139086600493675,16809
79,201942_def,-0.0026685093633575046,0.011137661752811237,16816
80,201949_off,-0.01141412937318788,0.014890152233883647,2837
81,201949_def,-0.010133739046892156,0.014877290841650515,2855
82,201950_off,0.030718001521644292,0.010383472011325274,13726
83,201950_def,-0.01924162409654827,0.010388229744283923,13689
84,201954_off,-0.0017029709347417298,0.017834709003250793,84
85,201954_def,0.0011127500523564354,0.017834712220166863,84
86,201959_off,-0.006127610850978966,0.014267219570068615,3198
87,201959_def,-0.012301162999012455,0.014258331225132937,3207
88,201961_off,-0.008297159345766717,0.016023961567279553,1644
89,201961_def,0.001957360869940378,0.01603030820909655,1636
90,201976_off,-0.011056904830266525,0.01070974437034742,9492
91,201976_def,-0.011747861118544459,0.010693339895814759,9542
92,201980_off,-0.008742986226963997,0.014779221426010153,3050
93,201980_def,-0.0024960132913350317,0.014781950418241981,3049
94,201988_off,-0.004451458593133747,0.012540014227752125,6859
95,201988_def,-0.0034277420100566184,0.012544315523487072,6828
96,202066_off,-0.034176768563546366,0.014504874235677598,3104
97,202066_def,0.00860547641846934,0.014509555073230202,3101
98,202083_off,-0.003244095257760169,0.013120825433711665,4627
99,202083_def,-0.008564658300040854,0.01309269322397085,4675
100,202322_off,-0.020445478216067278,0.015596746031301047,1589
101,202322_def,-0.0006514178766776433,0.015595042036770005,1591
102,202324_off,-0.020393876160947438,0.016352228787843467,1318
103,202324_def,-0.009490721368674251,0.016343101686229405,1328
104,202326_off,0.012293100384008401,0.01621407094640083,1475
105,202326_def,0.0002808612537123752,0.0162265643141867,1461
106,202328_off,0.0012811167046525424,0.017389278993594364,398
107,202328_def,0.0006134399225978321,0.017389401663572533,398
108,202330_off,-0.009425255981867053,0.011524169363187148,9045
109,202330_def,-0.007958597735639826,0.011526229102799717,9048
110,202331_off,0.03452503957438263,0.011406713905991373,11165
111,202331_def,-0.021565500601988596,0.011418400526431017,11124
112,202334_off,-0.009180865228545804,0.017404131238777105,393
113,202334_def,-0.004579596731219603,0.017408162973818638,390
114,202339_off,-0.017779090985152412,0.015128488895060535,2779
115,202339_def,-0.016900798370379593,0.01512182294633794,2789
116,202340_off,-0.02002323511005172,0.015164469469512405,2876
117,202340_def,-0.0014601385273426868,0.015150834330654391,2900
118,202355_off,0.016826119473980283,0.015598304994902992,2330
119,202355_def,-0.008709025292367417,0.015584119611880035,2352
120,202357_off,-0.0023673031126744395,0.015567998258190711,2308
121,202357_def,-0.010214542553150258,0.015575294702813871,2297
122,202362_off,0.0016582772439719434,0.016053612021481915,1659
123,202362_def,0.009608735506421754,0.016054211658980015,1657
124,202397_off,-0.026747559522515306,0.013099233751588292,4638
125,202397_def,0.009796768279171031,0.013095994229042111,4643
126,202681_off,0.042643516748326935,0.010685959427738588,10974
127,202681_def,-0.006439251165211618,0.010692854414704765,10952
128,202683_off,-0.000130863862297635,0.016882169373864563,831
129,202683_def,-0.007667156283246556,0.01689458189480695,820
130,202684_off,0.006690913404189435,0.014437319412533602,2879
131,202684_def,0.00417904313195239,0.01444689094917755,2870
132,202685_off,0.011425534661015448,0.011797095805660547,12389
133,202685_def,0.0043416672494085064,0.011799552859534945,12345
134,202687_off,-0.0015276004140038328,0.013144671104787323,4384
135,202687_def,-0.0007179492037809144,0.013142584586539774,4386
136,202688_off,-0.0025514205250227566,0.017758486768234473,136
137,202688_def,-0.0011007872118062654,0.017762795727201207,133
138,202689_off,-0.010854935872853714,0.015614109227467306,2193
139,202689_def,0.0036592689029422494,0.015611888781101582,2198
140,202691_off,0.005527368857250485,0.011239300596845038,11393
141,202691_def,0.017655911894002917,0.011242033654888758,11345
142,202692_off,0.0017134469649959095,0.011168024015303235,9364
143,202692_def,-0.0071041128537604045,0.011176044068406199,9334
144,202693_off,-0.007008059624779654,0.015370606578511926,1740
145,202693_def,0.002419649646450639,0.015375190685826556,1739
146,202694_off,-0.005171998703612045,0.011699361752470097,8426
147,202694_def,0.009320646233938376,0.011708247097769405,8407
148,202695_off,0.027417591672268152,0.011945963688829121,8221
149,202695_def,-0.02484801822563913,0.011956070578273565,8194
150,202696_off,-0.00033028237035148905,0.012208149429383888,15506
151,202696_def,0.008271020943174853,0.012192813918159608,15473
152,202699_off,0.007786872867597503,0.011311399295232517,14469
153,202699_def,-0.003653921841876623,0.011306568031939634,14455
154,202704_off,-0.021923834492614133,0.010822599287258369,11686
155,202704_def,-0.010558493844196883,0.010828728017627288,11678
156,202709_off,-0.0024771069686397615,0.012615435835591644,6325
157,202709_def,-0.002878773769906966,0.012613271328860674,6325
158,202710_off,0.029589812956983232,0.010985633682172188,12069
159,202710_def,-0.005775107482190155,0.010989551582375157,12040
160,202711_off,0.008700584655437264,0.011036763319846024,11059
161,202711_def,0.025875159584615334,0.011037144414295433,11056
162,202722_off,-0.006878487145036203,0.013437066611937883,3941
163,202722_def,-4.0354878259975935e-05,0.013451217043748027,3926
164,202738_off,-0.0028950028250797535,0.01695464029571256,718
165,202738_def,-0.0022000203351754807,0.016953308638635055,718
166,202954_off,-0.004625895425711884,0.01709392339280985,641
167,202954_def,-0.0003673401975409664,0.017090899910037826,644
168,203076_off,0.0024337658005028893,0.011123751460194165,12408
169,203076_def,-0.03391041523439969,0.011121081825987611,12394
170,203078_off,0.003291716037006987,0.011113059119076623,9758
171,203078_def,0.0043846553268884906,0.01111804721633316,9734
172,203081_off,0.04420021549987093,0.010891563259921617,11809
173,203081_def,-0.002409732165099472,0.010893674574624495,11781
174,203082_off,-0.007223422405744884,0.012865327059835431,5744
175,203082_def,0.01652266884828961,0.012873481353249385,5718
176,203083_off,0.006822458665489836,0.012103250584356068,7308
177,203083_def,-0.009935219322955048,0.012084739080679212,7355
178,203084_off,0.0004757848060042681,0.011429882878946411,15612
179,203084_def,0.011737148807541852,0.011427747397536799,15600
180,203085_off,-0.005020598177265029,0.013280139583037072,5082
181,203085_def,0.011979641215039171,0.013257615534038399,5127
182,203086_off,0.0014265807054608382,0.017517289206533265,233
183,203086_def,0.005290335735146319,0.01751705181545915,233
184,203087_off,-0.00010126928810972177,0.015764027918129066,1888
185,203087_def,-0.007431236189058225,0.01576515591678573,1886
186,203090_off,-0.01141339779381881,0.015947866203007147,1753
187,203090_def,-0.006481247241557773,0.015919610437921776,1785
188,203095_off,-0.027948936998792723,0.01282108294561115,6742
189,203095_def,-0.011541527364748422,0.012816958907986632,6744
190,203107_off,-0.01595571117027507,0.015819655117793388,1823
191,203107_def,0.001364717162264585,0.01580541557097959,1838
192,203109_off,0.0006658568261979013,0.012229714554168271,6931
193,203109_def,-0.008811711836707165,0.012222655234149577,6950
194,203110_off,0.007824532015645308,0.011680948307980986,10662
195,203110_def,-0.04112589785499466,0.01168646306615831,10641
196,203114_off,0.009754635733007666,0.01156051635828104,9265
197,203114_def,-0.005725100497359668,0.011572248103869627,9201
198,203115_off,-0.02959337482097414,0.013026604588849277,6653
199,203115_def,-0.0030873166126697002,0.013033254589977944,6642
200,203145_off,-0.016180436060739843,0.01653089766231548,1132
201,203145_def,-0.0054552827462776236,0.016511942524021044,1150
202,203200_off,-0.016703724365490905,0.011802557736970903,7346
203,203200_def,0.0003054304575432534,0.011795002940952893,7360
204,203210_off,-0.012229480904790356,0.013996615299056712,3887
205,203210_def,0.0036693498223695645,0.013967539208028956,3934
206,203457_off,-0.013073796425599592,0.015959557789673135,1549
207,203457_def,-0.0022194370159566283,0.015957885180218033,1553
208,203458_off,-0.0038162038236290445,0.01479565049049644,2501
209,203458_def,-0.023017595762875848,0.014788220205634021,2509
210,203463_off,-0.023232899264753915,0.015254676891937775,2608
211,203463_def,0.006260238990004028,0.015252572580470669,2610
212,203468_off,0.014590822018765598,0.011011204863474755,13937
213,203468_def,0.011469494550076955,0.011007687117341479,13885
214,203469_off,0.0002527951853582244,0.015267967482283925,1837
215,203469_def,0.0034074909042645196,0.015253933977692594,1848
216,203471_off,-0.0019100191718295606,0.009807146039617288,12735
217,203471_def,-0.004851851725379814,0.009809794076881708,12728
218,203473_off,-0.01672236079164396,0.014870958032351177,2992
219,203473_def,-0.011237266569687859,0.014851727088109152,3012
220,203476_off,-0.018754047081590623,0.015890610403894747,1477
221,203476_def,0.0043745494097682976,0.01588306326724114,1484
222,203482_off,0.005407203250473038,0.011287662479475038,9190
223,203482_def,0.01378934807741528,0.011290816151950177,9153
224,203484_off,0.01197394711712914,0.011216935698640991,14357
225,203484_def,-0.009537699317697351,0.011214087390412866,14326
226,203486_off,0.0021494526078367267,0.011721286969311299,9267
227,203486_def,-0.0015810377124334896,0.011717163309292964,9288
228,203487_off,-0.0015724226478472732,0.017787699048231752,88
229,203487_def,0.004172311604370743,0.017791574279433058,86
230,203488_off,0.003341723796041975,0.012981294687457868,4446
231,203488_def,-0.010151554819824837,0.01300946694210646,4393
232,203490_off,-0.0074640576304128535,0.014258149981378265,3535
233,203490_def,-0.01666474799935495,0.014292892097116119,3486
234,203493_off,-0.00631876772847617,0.01162266171226508,9238
235,203493_def,0.001622909351327945,0.011620146178634683,9222
236,203496_off,-0.0071684230519784555,0.012392097249051076,6500
237,203496_def,-0.02351741922240616,0.012395905535511587,6480
238,203497_off,-0.003243515861314626,0.011088811310559358,13702
239,203497_def,-0.030235146457331715,0.011087792313228966,13688
240,203500_off,0.028910470679900904,0.013457621173428472,6471
241,203500_def,-0.011801725514211249,0.013469620886271245,6432
242,203501_off,0.0073816345337936904,0.010924025308307519,11065
243,203501_def,0.002433153200144672,0.010923867939276686,11079
244,203503_off,-0.010533495754393336,0.015957377281909543,1665
245,203503_def,0.0035610030652890876,0.01595965502153324,1663
246,203504_off,-0.008754428291396932,0.016818257996442217,874
247,203504_def,-0.004705450034071864,0.016807974412088315,883
248,203506_off,-0.007501939555713817,0.014680565011638853,2575
249,203506_def,0.0033588872160083614,0.014671555817680244,2585
250,203507_off,0.03621989368826579,0.01075693985717433,14260
251,203507_def,-0.014974859305804519,0.010754416813983265,14227
252,203516_off,0.0005783087379459713,0.01778767245747881,116
253,203516_def,0.00045421644380820103,0.017790517812941394,114
254,203521_off,-0.010579203756337977,0.01715813166909129,440
255,203521_def,-0.0005252376002112195,0.017133220251473326,455
256,203524_off,-0.00016893150854384892,0.017556866400374002,279
257,203524_def,-0.007877501966950752,0.017563547753765302,274
258,203526_off,-0.0011658480574144258,0.01416136223661035,3733
259,203526_def,-0.0022774374979207808,0.014149458599695844,3750
260,203552_off,-0.00978783208672005,0.011634224823279303,7960
261,203552_def,-0.0069731463754490715,0.011646474409548854,7925
262,203585_off,0.00019856825878074565,0.01487057691946749,2652
263,203585_def,-0.008097988564354175,0.014867060520350433,2656
264,203648_off,-0.020648711040386583,0.015713665388029725,1682
265,203648_def,0.0160464000968004,0.01570581591274532,1690
266,203658_off,-0.0041160239263444785,0.017903801679334985,37
267,203658_def,0.00040642089220874016,0.017903809554445316,37
268,203816_off,-0.0010916536263608253,0.017907036598143015,35
269,203816_def,-0.0007133853913575651,0.017908547565249566,34
270,203897_off,0.0008602400573718707,0.01159195576477058,12061
271,203897_def,-0.005316632870032383,0.011588240884378823,12053
272,203901_off,-0.015557104908579528,0.016526756762037402,1143
273,203901_def,-0.004182683998999021,0.016533296250801608,1136
274,203903_off,0.010231980326819254,0.011008403000797161,11830
275,203903_def,0.00435922992352174,0.011008550796165327,11815
276,203914_off,0.004718533040809944,0.011896764054877952,8497
277,203914_def,0.007250947958482049,0.01190157360121892,8482
278,203915_off,0.014915612157441138,0.01007060883107521,13631
279,203915_def,0.0016636427172894237,0.010060912845204339,13676
280,203917_off,-0.0006185293953917546,0.017841586520463238,79
281,203917_def,-0.002293273026966335,0.017837174776690723,82
282,203918_off,-0.00345373606171889,0.016197588725311778,1434
283,203918_def,-0.0033675675122253673,0.016187767872304117,1444
284,203920_off,-0.0019848779554641188,0.01534701870768318,2302
285,203920_def,0.001563742094126186,0.015339645523982808,2308
286,203924_off,-0.008463967624701913,0.011017661062076014,11240
287,203924_def,0.001485599052592447,0.01101174195971729,11237
288,203925_off,-0.012332768553461675,0.01341061556315958,4377
289,203925_def,0.010116778403306999,0.013424264034174066,4356
290,203926_off,0.0015734864258896723,0.011791091550719501,7262
291,203926_def,0.034189850143303994,0.011822048445573762,7185
292,203932_off,0.01839467491640857,0.012171209019330626,13583
293,203932_def,-0.017076430516489473,0.01216665391198508,13527
294,203933_off,0.0025241621194681827,0.015319559969634992,1697
295,203933_def,-0.013750833868261026,0.0153195735392385,1697
296,203935_off,0.002877537199468222,0.011793774592516777,9848
297,203935_def,-0.015520362056387925,0.011786611215254175,9875
298,203937_off,-0.007211334522564687,0.010775940791253193,10760
299,203937_def,-0.014773851070983501,0.010773032826661552,10769
300,203939_off,0.014681082357216811,0.012169373834147216,8001
301,203939_def,-0.002294439663160744,0.012158414018155619,8033
302,203943_off,0.00010876445860601749,0.017307806680501213,347
303,203943_def,0.005827722054360505,0.0173011555265209,351
304,203944_off,0.018491988309062797,0.011762700363137693,13856
305,203944_def,0.004685615699263267,0.01177173913089768,13795
306,203952_off,-0.004781133057810683,0.011588886287808934,11122
307,203952_def,-0.00689702661172485,0.011584496815764856,11134
308,203953_off,-0.002751668260306984,0.017630800256366364,225
309,203953_def,-0.001291362490338075,0.01763084658046166,225
310,203954_off,0.024940159712886795,0.011990240671368706,11760
311,203954_def,-0.03381639714016601,0.01198325426434318,11730
312,203957_off,0.02266689998793225,0.014467297002900456,2235
313,203957_def,-0.010595702192527234,0.014473730410673293,2230
314,203967_off,0.0025649646935235375,0.01314663314852034,3874
315,203967_def,0.011489073059964303,0.013151440946802297,3866
316,203991_off,0.011856729295194025,0.012127663118726989,11709
317,203991_def,-0.008396352445680665,0.012130611357290566,11705
318,203992_off,0.029814845969372516,0.010993841789930632,11748
319,203992_def,-0.009483828510992512,0.010991339107801592,11726
320,203994_off,0.010577676287193045,0.011485558147676482,10198
321,203994_def,-0.01625736234857156,0.011488492967555141,10147
322,203995_off,0.010155148780729862,0.014559725562689549,2297
323,203995_def,0.0037923208118250695,0.014550391483654562,2306
324,203999_off,0.05796547827259397,0.012142511448432015,15277
325,203999_def,-0.02609817906544746,0.012140019992202872,15172
326,204001_off,0.010170721732135454,0.010802450638108824,10768
327,204001_def,-0.010709434708259675,0.010814307314474875,10718
328,204020_off,0.0004767075763935054,0.017680882181208432,189
329,204020_def,0.00139680393656338,0.017686477660045077,185
330,204025_off,-0.009945140105755635,0.017385666863347967,407
331,204025_def,-0.0013473611807408776,0.017379289334028134,412
332,204038_off,-0.006497850664922689,0.01763219835245773,223
333,204038_def,-0.004987919504607184,0.01763217722830107,223
334,204060_off,0.01388678535905107,0.011904032247937268,6780
335,204060_def,-0.0086160996401545,0.01191417108966646,6757
336,204456_off,0.009901795888501293,0.012160518691372588,7242
337,204456_def,-0.0042063555180109095,0.012159633930135883,7232
338,1626144_off,-0.0009447443022227491,0.01792353780151059,24
339,1626144_def,-0.0003992883861484286,0.01792353397645078,24
340,1626145_off,0.013564709961006744,0.010983775438525406,11400
341,1626145_def,0.01378788735363369,0.010988950651395183,11389
342,1626147_off,0.003625434353866795,0.01709955916439251,636
343,1626147_def,0.005951743495665549,0.017092303659795752,642
344,1626149_off,0.003414406454911265,0.0135458774474357,4665
345,1626149_def,-0.018056545991751292,0.013532467143630591,4687
346,1626153_off,0.004435339407168688,0.01209613655787748,6804
347,1626153_def,-0.0209450858479604,0.012084582822283292,6833
348,1626155_off,-0.00019552331336750064,0.01795852715929502,1
349,1626155_def,0.00045552250756157706,0.01795699220286826,2
350,1626156_off,0.016712413605159442,0.010238718385349094,14335
351,1626156_def,0.0030061613918754,0.010244241480747108,14269
352,1626157_off,0.01974495539576104,0.011307382087874183,11267
353,1626157_def,-0.012783306434358321,0.011317762579235037,11195
354,1626158_off,-0.01894598316944178,0.013549310412569515,4104
355,1626158_def,0.0021682324527413106,0.013545150221520339,4106
356,1626159_off,-0.0045564814556214705,0.01440372360359717,3188
357,1626159_def,-0.018092814580580197,0.014394598824485669,3197
358,1626161_off,-0.004116690085399816,0.017420783169869995,380
359,1626161_def,-0.007286497791866385,0.017423250108491165,378
360,1626162_off,-0.0021935680481833973,0.010497877686381801,11371
361,1626162_def,0.006247213788109661,0.010490409480172401,11425
362,1626163_off,-0.0036825305848992088,0.016614027990853524,873
363,1626163_def,-0.005012301302577405,0.0166252008016722,864
364,1626164_off,0.04768336205588674,0.010666904178986357,13526
365,1626164_def,-0.0030060869375182864,0.010675773012955476,13497
366,1626166_off,-0.003353614109536991,0.011689057423158062,7265
367,1626166_def,-0.007430623694961186,0.011690214499091073,7267
368,1626167_off,0.020335641155088055,0.011719927719832497,10574
369,1626167_def,-0.016375461153078075,0.011719087248536294,10572
370,1626168_off,0.014626649640106914,0.01177047384276492,8057
371,1626168_def,0.0010748582472123176,0.011782134996595355,8017
372,1626169_off,0.015060154834772398,0.014521055094247715,3195
373,1626169_def,0.011915339349971367,0.014499570747725931,3224
374,1626171_off,0.009324206416451547,0.010839701395044225,11954
375,1626171_def,0.013335685334642083,0.010844315264513469,11907
376,1626172_off,0.020960490607928067,0.01172311027695841,9981
377,1626172_def,-0.005271273628545609,0.011717883469346496,10017
378,1626174_off,-0.0069365543076890575,0.011170779599743911,9589
379,1626174_def,0.008327534924109384,0.011179160044572154,9549
380,1626179_off,0.003444656643670332,0.010633350598775996,13832
381,1626179_def,0.006369326742976701,0.010630430147382889,13798
382,1626181_off,-0.0028606193126442378,0.010915527219507448,10286
383,1626181_def,0.01085119954989894,0.01092203675532325,10246
384,1626192_off,-0.006288335746379534,0.011234891067379668,9927
385,1626192_def,0.013068221306196691,0.01123258385829323,9947
386,1626195_off,-0.00021044548361506615,0.0149296691680254,2709
387,1626195_def,0.0001271259448493784,0.014920503790758162,2724
388,1626196_off,-0.009923669048616256,0.011072398589215784,8596
389,1626196_def,-0.00035805010338526693,0.01106818353133299,8602
390,1626204_off,0.001200471418346226,0.012241153438820438,7222
391,1626204_def,-0.013800807157229209,0.012230944713432312,7256
392,1626208_off,-0.004178001459658657,0.016567007255357445,1126
393,1626208_def,0.0012630289534143865,0.01656541376786273,1127
394,1626220_off,0.004705180422895995,0.010229705724186723,13610
395,1626220_def,-0.019939592969986847,0.010228467853829639,13640
396,1626224_off,-0.006879110990358361,0.011229840200670346,8746
397,1626224_def,0.013461036740969129,0.011226491454015025,8749
398,1626246_off,-0.0004340364128911954,0.01673710919118823,730
399,1626246_def,-0.009746339593539356,0.016740203596709448,727
400,1627732_off,0.0007059948557898383,0.014168708206649136,3014
401,1627732_def,-0.0027833051333187495,0.014154722587200196,3032
402,1627734_off,0.012689170963708035,0.011552479797995875,15798
403,1627734_def,-0.005929563063903123,0.011553444576969498,15718
404,1627736_off,-0.003058430505681012,0.010193364135403494,13379
405,1627736_def,0.00021709097587810242,0.010198322395708458,13353
406,1627737_off,-0.007965238285301006,0.017020080462019638,699
407,1627737_def,-0.0008333133666648864,0.017017583571893913,701
408,1627739_off,0.018705466778239015,0.013003808329866454,4505
409,1627739_def,0.007806563988746138,0.012990536021724966,4526
410,1627741_off,0.008042117118662885,0.010097401225948308,14784
411,1627741_def,0.007783890029610317,0.010105248721310809,14725
412,1627742_off,0.009594290201750675,0.011459452586697219,11103
413,1627742_def,-0.008342450526384361,0.011464000351734935,11078
414,1627745_off,-0.02919986756419437,0.014007589329088589,3560
415,1627745_def,0.0019215432180807424,0.014017671656390823,3553
416,1627747_off,0.0030058162943695566,0.010534491847075628,11882
417,1627747_def,0.00010252932219805667,0.010540454361585332,11863
418,1627749_off,0.012659967193924803,0.0104662155405855,16167
419,1627749_def,0.0010790392760115632,0.010463434406791558,16203
420,1627750_off,0.01708985162223326,0.012213196446200529,7968
421,1627750_def,0.009263750733884616,0.012219933791707764,7940
422,1627751_off,0.010514638234257247,0.01106413580061316,10654
423,1627751_def,-0.0011072125616214974,0.011056058839673743,10691
424,1627752_off,-0.002991533365406487,0.010994164154443126,9493
425,1627752_def,0.021882407532813355,0.010990036807183471,9510
426,1627756_off,-0.004514021732686676,0.017329477869964294,451
427,1627756_def,-0.0011940765929027437,0.017335505674328518,446
428,1627759_off,0.0034505835639154878,0.011270106258339754,14084
429,1627759_def,-0.004850810994744647,0.011265537881043165,14069
430,1627760_off,0.0009442001029389376,0.01791909776010886,27
431,1627760_def,-0.000412530062305721,0.017919094527305942,27
432,1627761_off,-0.00180498039307907,0.01568927316742818,2087
433,1627761_def,-0.0022832666563340964,0.0156661319245049,2117
434,1627763_off,0.0008595986378827377,0.011354777277173,8152
435,1627763_def,-0.005328636760895444,0.011355749613734522,8145
436,1627767_off,-0.0028140727663694175,0.01785972935481764,67
437,1627767_def,0.001737994599969714,0.017856778594401886,69
438,1627774_off,-0.0024193452218796087,0.01730104020620861,486
439,1627774_def,0.0012551142741959894,0.01729927179784652,487
440,1627777_off,-0.007358462668740661,0.010972259783952063,10167
441,1627777_def,0.008840450418600938,0.010984034860983994,10130
442,1627780_off,0.01571171129549768,0.013096860696264262,4671
443,1627780_def,-0.015824716519743,0.013068716533694345,4727
444,1627782_off,-0.0016575331438419333,0.017900890912658847,39
445,1627782_def,0.0008858381769389133,0.017899445677748763,40
446,1627783_off,0.023063731053568723,0.010424870949410409,15781
447,1627783_def,-0.0009774687807400909,0.010422946561950959,15779
448,1627788_off,-0.008962527887551823,0.013741050268927519,4227
449,1627788_def,-0.010781869246072353,0.0137427049982228,4234
450,1627789_off,-0.009263416663568395,0.016232790324306856,1435
451,1627789_def,0.003372226587946705,0.016237656092546276,1430
452,1627814_off,-0.008864862689333635,0.012897553180539654,5635
453,1627814_def,-0.009444022427822293,0.012909233006717983,5614
454,1627820_off,-0.0003149772576063322,0.017736972419446224,151
455,1627820_def,0.00362660116014879,0.01773124273201064,155
456,1627822_off,-5.3293848920369676e-05,0.017836083380158702,83
457,1627822_def,-0.0014336099409157383,0.017838958375997634,81
458,1627823_off,0.0032156262522025237,0.01514173201387397,2129
459,1627823_def,0.011286560213289347,0.015150152520806676,2119
460,1627826_off,-0.009105171294548279,0.011692614982768879,11671
461,1627826_def,-0.004721837335269194,0.011698127317040253,11664
462,1627827_off,-0.0019987204065444013,0.010790303217204601,12916
463,1627827_def,-0.011649586038234842,0.0107842813275234,12954
464,1627832_off,0.020418293678060247,0.01038838387449905,15406
465,1627832_def,-0.023711962247104718,0.010394005795811147,15365
466,1627846_off,-0.007553816802854265,0.017509928125054565,319
467,1627846_def,-0.00565824090973411,0.01750984211815517,319
468,1627853_off,-0.01962397215971305,0.01690707755218579,605
469,1627853_def,-0.013568111376666867,0.016902289802101244,607
470,1627854_off,-0.005044720523347774,0.014545944391755702,3211
471,1627854_def,-0.00120004946518629,0.014568795605480807,3179
472,1627863_off,-0.0066245194508319175,0.01330606319753075,4167
473,1627863_def,-0.006455837309220418,0.01329111228108448,4189
474,1627884_off,-0.006078591914894178,0.011582954532550527,7400
475,1627884_def,-0.016449896832203926,0.01157874741122828,7412
476,1627885_off,-0.00020040933639250234,0.017396320377274437,316
477,1627885_def,-2.2475693618770165e-05,0.017400447100975894,314
478,1627936_off,-0.006454409875919837,0.0114244929413402,9466
479,1627936_def,-0.03834039881460286,0.011418418876399113,9479
480,1628021_off,-0.0014441533876544742,0.01637097532571266,1283
481,1628021_def,0.0018840343760178795,0.016373545822073177,1280
482,1628035_off,-0.0016188606043008203,0.01738068723599949,408
483,1628035_def,0.006280313239624385,0.017375465684359263,412
484,1628221_off,0.0034396566466526465,0.017657903046381727,168
485,1628221_def,4.383127454657699e-06,0.017669159263670155,161
486,1628238_off,-0.0004965168938167766,0.017932777518646435,18
487,1628238_def,-0.0004911411431021814,0.017934266790686704,17
488,1628365_off,-0.008914119697512784,0.012718121935693289,6232
489,1628365_def,-0.0011993042918576721,0.012714529848453535,6223
490,1628366_off,-0.006899737107806444,0.015354330639631377,2499
491,1628366_def,-0.011642446732420963,0.015358592580345505,2491
492,1628367_off,-0.013366030934838548,0.01597826501234617,1704
493,1628367_def,0.0008656023396702912,0.015979310368785516,1704
494,1628368_off,0.021059005738224057,0.011335896284550971,14798
495,1628368_def,4.069730513342512e-05,0.01132034792102603,14764
496,1628369_off,0.03661857451149217,0.011038427874695432,16242
497,1628369_def,-0.01377133055311107,0.011037495132283946,16254
498,1628370_off,0.0030506601135056937,0.010686467355572535,11868
499,1628370_def,0.007630547282161362,0.010702038669620063,11771
500,1628371_off,0.0024130461428413983,0.01495850297934791,1951
501,1628371_def,-0.028672001906513384,0.0149325380879998,1974
502,1628372_off,-0.019180259642726197,0.011979113000971505,6287
503,1628372_def,-0.02762952078332007,0.011962178393229373,6321
504,1628373_off,-0.0006348164974916695,0.014713092909769833,2693
505,1628373_def,-0.01716924279427273,0.014690384404989881,2719
506,1628374_off,0.027660915053379562,0.010749743898775848,12271
507,1628374_def,-0.004709415198874622,0.010752899852205563,12221
508,1628378_off,0.03069025641929156,0.010743564703615312,13259
509,1628378_def,-0.012707504669969037,0.010748989360950353,13226
510,1628379_off,0.008482163344805805,0.011391507548993957,8565
511,1628379_def,-0.0065909155580355094,0.011411371085350229,8504
512,1628380_off,-0.012801576617787507,0.012115093074014547,7229
513,1628380_def,-0.0020799305369251227,0.012116303864863195,7208
514,1628381_off,-0.003227849929260046,0.010848831024153419,11776
515,1628381_def,0.01032682321734138,0.01084224607133999,11783
516,1628382_off,-0.016641077005558235,0.017451804540906755,288
517,1628382_def,0.0012131728484811187,0.017439275548462103,295
518,1628384_off,0.006453854437278047,0.011020223016807149,11514
519,1628384_def,-0.03212053570288976,0.011027232440450428,11493
520,1628385_off,0.0005110518578504249,0.017483541624317162,201
521,1628385_def,0.010053889602493649,0.01748378705224736,201
522,1628386_off,0.011227526730326554,0.011271591607813564,12753
523,1628386_def,-0.011907445282474506,0.011272573026634791,12761
524,1628389_off,-0.007672707869802186,0.011449175688093274,13537
525,1628389_def,-0.024707374933411765,0.011451215067092277,13488
526,1628391_off,0.00022822912394865512,0.017716043970955067,148
527,1628391_def,0.0010011858742751563,0.017716000760266422,148
528,1628392_off,0.02366219473181826,0.011538793253286083,9533
529,1628392_def,-0.013929089183725154,0.011543516721502793,9513
530,1628395_off,0.0005744457812747797,0.017953920792204283,4
531,1628395_def,0.0004016727329698791,0.017953921154047654,4
532,1628396_off,0.004105821375982556,0.016455337532082243,1208
533,1628396_def,-0.009569922703635025,0.016454566711124205,1208
534,1628398_off,-0.00951122413451514,0.010905998368507511,13855
535,1628398_def,0.008401545961339919,0.010902411525465078,13878
536,1628400_off,-0.01561939724444019,0.0168743386403684,816
537,1628400_def,0.004951069598819512,0.016866153036386066,823
538,1628401_off,0.02496227269633842,0.010577858655480516,14071
539,1628401_def,-0.03197798779354492,0.010571326432693895,14101
540,1628402_off,-0.017099336269563878,0.015395332243591435,2421
541,1628402_def,-0.005130034743895394,0.015387353424942764,2433
542,1628404_off,0.0191850719755782,0.010162809940052845,13823
543,1628404_def,-0.015602943873891098,0.010158382198823847,13831
544,1628408_off,-0.018135892131188235,0.016777514101771664,848
545,1628408_def,-0.0034237348287516657,0.016767130838958585,858
546,1628410_off,0.0022249270791382847,0.015677981567516926,1537
547,1628410_def,-0.0028052728113495073,0.015669997836123467,1544
548,1628411_off,0.0013009889466449804,0.017721289799488,163
549,1628411_def,0.00048302483181865413,0.01772279803270038,162
550,1628415_off,0.005474528166541732,0.010963204197694079,10936
551,1628415_def,-0.024348669256523715,0.010955188873575678,10970
552,1628416_off,-0.0006159426332405657,0.01792772759815289,16
553,1628416_def,-0.0009230980232378294,0.017929713008678582,15
554,1628418_off,-0.004394727218155641,0.013431640948696682,3960
555,1628418_def,0.005721789259619664,0.013431782865234552,3956
556,1628419_off,0.0018187517901708924,0.01783104999402038,87
557,1628419_def,0.0011288718477961237,0.017829587513402204,88
558,1628420_off,0.024195663498781765,0.011988728823023811,8937
559,1628420_def,-0.0016756034891292164,0.011984501915381916,8941
560,1628422_off,0.0004727696862918842,0.01790241944901888,38
561,1628422_def,-0.000122996370951665,0.017902413519227892,38
562,1628424_off,-0.006097286793557088,0.017527285943305358,195
563,1628424_def,0.0017020930530838722,0.017532850356803426,192
564,1628425_off,-0.012779145501789308,0.016302542218704946,1333
565,1628425_def,-0.009668641364105512,0.016301891295764655,1333
566,1628426_off,0.0053499149821276725,0.015956306853324834,1036
567,1628426_def,0.0031914376677414594,0.015948043358452606,1040
568,1628427_off,-0.007614341177434272,0.015099777028914222,2157
569,1628427_def,-0.00034772838674836776,0.015097936782355796,2159
570,1628432_off,-0.01080834883907508,0.015465339277899809,2032
571,1628432_def,0.0005093725878628216,0.015447645990785729,2054
572,1628435_off,-0.0008695460196047933,0.017878874603197547,41
573,1628435_def,0.004699418464219082,0.017876990786012306,42
574,1628436_off,0.005504404365445662,0.013741309661255214,3668
575,1628436_def,0.006188892473850904,0.013737582909210325,3680
576,1628449_off,0.00506576573063396,0.011900654947843448,7838
577,1628449_def,-0.01575725801390185,0.011904769252346924,7835
578,1628464_off,-0.0044397733387383405,0.013373308797045139,4180
579,1628464_def,-0.006172354683264949,0.013379198801322559,4172
580,1628467_off,-0.01330406041521652,0.012461925723573995,6442
581,1628467_def,-0.018085372598431564,0.012467722642315882,6429
582,1628470_off,-0.012490006358880625,0.011085576879855355,9131
583,1628470_def,0.02923058762390338,0.011063018563520335,9199
584,1628476_off,-0.0024145510570400563,0.01765007339075832,221
585,1628476_def,-0.0042244907107483525,0.017657590643971238,215
586,1628537_off,0.00019620167403034498,0.017907242465604153,35
587,1628537_def,-0.0006127780199342553,0.017911688565270593,32
588,1628539_off,-0.0052635513920488665,0.017275791890073906,493
589,1628539_def,0.0006524425201723936,0.01726694536708791,500
590,1628591_off,-0.0004226447051175471,0.017908479674028255,34
591,1628591_def,-0.0013981107659034213,0.017905477935890608,36
592,1628778_off,-0.004014943914178772,0.017506309439161875,320
593,1628778_def,0.002882447108744362,0.017501075803135317,324
594,1628960_off,0.005166607094976575,0.010734068624352812,12860
595,1628960_def,-0.00121305778509539,0.010736465413638825,12822
596,1628962_off,-0.016924905209899834,0.015814837329785267,1397
597,1628962_def,0.008556970595602818,0.015812870107236237,1396
598,1628963_off,-0.004405806999418066,0.011973729382976193,6481
599,1628963_def,0.0018964197180890835,0.011973281216409759,6485
600,1628964_off,-0.016981800386348923,0.012380895195345666,6711
601,1628964_def,-0.003923747552792552,0.012377596516698244,6729
602,1628966_off,-0.010599976021984234,0.012065023019893598,6287
603,1628966_def,-0.0016956909749475844,0.012065314063868885,6292
604,1628969_off,0.01219775579044948,0.010448486021296192,17541
605,1628969_def,-0.013066770201141378,0.010445334274463416,17532
606,1628970_off,0.00935952252858486,0.011557825819564688,11019
607,1628970_def,0.0012789390876577756,0.01155662280676048,11018
608,1628971_off,0.004496860327343176,0.009998235330069064,12143
609,1628971_def,0.014846018571268766,0.009992890018907997,12171
610,1628972_off,-0.0039437383564136785,0.011432670488317639,7651
611,1628972_def,0.008102689056529383,0.011431456077728688,7651
612,1628973_off,0.03947893817604154,0.01051199484794652,14978
613,1628973_def,0.00040012061451004144,0.010521904961313553,14893
614,1628975_off,-0.01653371569220582,0.011499264869595826,7515
615,1628975_def,-0.022296763429424403,0.011481616393946341,7565
616,1628976_off,-0.007996116999124421,0.012341896807463034,10010
617,1628976_def,-0.01782608988715896,0.012336114295436127,10009
618,1628977_off,-0.012555266732837066,0.013514378252778436,4672
619,1628977_def,-0.02199888429245619,0.013509941705034955,4689
620,1628978_off,0.0024689086016407937,0.010658551538186787,10636
621,1628978_def,0.005111116345175967,0.01066431516613918,10611
622,1628981_off,-0.015040725748703796,0.014610290002231682,2425
623,1628981_def,0.000741165486303436,0.014608282953930947,2426
624,1628982_off,-0.006961028708970971,0.017635025253652594,243
625,1628982_def,0.005848118177212914,0.017633719205329405,244
626,1628983_off,0.03170365262704578,0.011288116950865814,14440
627,1628983_def,-0.016341114256797414,0.011298598160780878,14392
628,1628984_off,-0.008899450700603535,0.01205818130336717,7667
629,1628984_def,-0.0017551637852768701,0.01206084469807234,7644
630,1628988_off,-0.007759449922543327,0.011950859021991061,6372
631,1628988_def,-0.02195283428615208,0.011949710393671403,6379
632,1628989_off,0.031736108270726024,0.01108147121953723,12280
633,1628989_def,-0.0002526301194829705,0.011091721695651202,12227
634,1628990_off,-0.0003812318518109386,0.017884519870276325,50
635,1628990_def,-0.002296510461033097,0.017886005484263473,49
636,1628991_off,-0.00028850173188091127,0.011076543703649308,12533
637,1628991_def,-0.013428235950304882,0.011077883880037914,12494
638,1628993_off,-0.00171351636429814,0.01737326297121544,388
639,1628993_def,0.00038067059807809963,0.01735808247159348,399
640,1628994_off,-0.001468262769397424,0.017900957183177586,39
641,1628994_def,0.0025951652605610697,0.01789649321854368,42
642,1628995_off,-0.0117899910361341,0.013486255355177269,3658
643,1628995_def,0.008936929971727684,0.01349658852659167,3642
644,1628997_off,0.0007297387799836625,0.011148302185619826,10310
645,1628997_def,-0.007397418680317671,0.011144217701198805,10333
646,1628998_off,-0.00023537215375203386,0.013033478811531253,5600
647,1628998_def,-0.0035188255901779466,0.013015957520844968,5634
648,1629001_off,0.01644826124805152,0.011272385084772789,9843
649,1629001_def,-0.004799073758303163,0.011273899639302257,9844
650,1629002_off,-0.010488772151525121,0.012487794242173816,5688
651,1629002_def,-0.010740624518747363,0.012473181494969192,5714
652,1629003_off,-0.010940833877343131,0.01217120865072319,6790
653,1629003_def,-0.0023504857475604964,0.012172994124641704,6792
654,1629004_off,0.0009589315894528113,0.014189174605442929,3114
655,1629004_def,-0.01321256654709666,0.014199131425145544,3104
656,1629005_off,-0.0004142934626894735,0.0179417392637617,12
657,1629005_def,-0.0003621189382293413,0.017943254402769948,11
658,1629006_off,-0.010843978846675076,0.012198820228660968,5834
659,1629006_def,-0.019094955877946896,0.01218159930537588,5865
660,1629007_off,-0.0036306968763625993,0.016393748998143144,756
661,1629007_def,0.0003493324234435023,0.016390663691902584,758
662,1629008_off,0.020464660897076645,0.012349568612969977,9345
663,1629008_def,-0.0014243540048982676,0.012356195806845887,9283
664,1629010_off,-0.0008875657932530676,0.017601247541636406,153
665,1629010_def,-0.004369358718912248,0.0175928568410218,157
666,1629011_off,0.018815661477689358,0.012751280160645124,8218
667,1629011_def,-0.0017596773720676194,0.012749256593311522,8229
668,1629012_off,0.02036492279547414,0.011852706663710055,7326
669,1629012_def,0.022731689850078174,0.011842764434162606,7350
670,1629013_off,-0.008183365013993459,0.012331046474448888,6156
671,1629013_def,-0.013015055630197484,0.012325272911155464,6170
672,1629014_off,0.010720279552713622,0.011196701684918733,10896
673,1629014_def,0.018145876944081343,0.011186238634790381,10916
674,1629018_off,0.003723976019672248,0.010835808816378236,13166
675,1629018_def,0.017952627596169578,0.010833765245029532,13156
676,1629020_off,0.003983701976195422,0.011423182377739819,9038
677,1629020_def,0.0030233538492661868,0.011404202816708672,9089
678,1629021_off,0.004995526499963776,0.012517857556537164,7103
679,1629021_def,-0.00048389845631075884,0.012512501474285898,7108
680,1629022_off,-0.005911687049263841,0.011405960475840232,7941
681,1629022_def,0.010094687164220705,0.011397998861301469,7970
682,1629023_off,-0.00030354341348868045,0.010451420680579032,13171
683,1629023_def,-0.00463947762423737,0.010443699076512802,13175
684,1629026_off,0.0009167639633870634,0.012079084724183961,6624
685,1629026_def,-0.028190842026654197,0.012066573643032374,6639
686,1629027_off,0.02010241700084536,0.011206593046932627,14931
687,1629027_def,0.012574199461047762,0.011208301272632509,14896
688,1629028_off,-0.005648669548448551,0.011323460687279482,11146
689,1629028_def,-0.004746484499539513,0.01131992635817662,11136
690,1629029_off,0.028720136347777325,0.010850296740105103,14728
691,1629029_def,-0.0034175217346791528,0.010849754675395193,14716
692,1629033_off,-0.007366743430140288,0.01648114366372417,979
693,1629033_def,0.004982843704855791,0.0164789780305786,981
694,1629035_off,-0.00040271372228476294,0.017724934812790184,163
695,1629035_def,0.001153394176427358,0.017722250061858142,165
696,1629048_off,0.007172224959786336,0.01343391367618549,4278
697,1629048_def,-0.009700073950543855,0.01343323760230514,4273
698,1629052_off,0.0077730577987143445,0.012165187706440431,6614
699,1629052_def,0.008359571007177834,0.012151395439199152,6643
700,1629056_off,0.008638009450451688,0.014503298454166116,2886
701,1629056_def,-0.005201665308796577,0.014476203902506769,2918
702,1629057_off,-0.002709825304069554,0.013268754685865516,5458
703,1629057_def,-0.031233720316333455,0.013270685028957042,5450
704,1629060_off,0.0013429337303585561,0.011130118644245592,8707
705,1629060_def,-0.002475849302609409,0.011132529673902538,8706
706,1629067_off,-0.004557311181493509,0.01775383368181663,139
707,1629067_def,-0.0009549815859357516,0.017743848552526476,146
708,1629076_off,-0.004196552797944256,0.017390391023569363,408
709,1629076_def,0.002647428982466845,0.01739056917753936,408
710,1629083_off,-0.0010685128573133349,0.017943259925102505,11
711,1629083_def,0.0007592100804876538,0.0179417396512838,12
712,1629103_off,-0.010216540886728779,0.016797477003873518,893
713,1629103_def,-0.0022152682699212393,0.016783737343053502,906
714,1629109_off,-0.0008436106474136357,0.016935788374060116,765
715,1629109_def,-0.0009955468990195408,0.01692800875261546,771
716,1629111_off,0.014861883328185046,0.012938382574464603,4729
717,1629111_def,-0.018463207525650945,0.01294466172133832,4716
718,1629117_off,0.0027720487065475683,0.014358182429594827,2982
719,1629117_def,-0.0028242729432624313,0.014336208822438112,3006
720,1629126_off,0.0016289207473891144,0.017931664462275353,14
721,1629126_def,0.0007029211148731219,0.017931663570964308,14
722,1629130_off,-0.007219227378038092,0.011457647148715255,9234
723,1629130_def,0.002277236398422531,0.011459337485037885,9199
724,1629134_off,-0.0032105162881415953,0.015091848097482513,2005
725,1629134_def,0.0023466178052817793,0.015086722658087276,2011
726,1629139_off,-0.0059804152213437925,0.013473768408774506,3771
727,1629139_def,0.006557423843212934,0.013477943103230068,3769
728,1629150_off,-0.0035773277288048094,0.017899428256389373,40
729,1629150_def,0.0003995843723949776,0.017902411893526753,38
730,1629162_off,0.0040114476426201745,0.013237926706715381,4650
731,1629162_def,-0.026397815177087777,0.013228808830527575,4670
732,1629164_off,-0.005164158513569157,0.016712421482277317,978
733,1629164_def,0.005434694865599789,0.016701292100722576,988
734,1629168_off,-0.00035532577658416604,0.0177726201847888,128
735,1629168_def,0.0012743815118725409,0.017775450107688353,126
736,1629185_off,-0.008538153153007764,0.016991965302736296,735
737,1629185_def,-0.0005780485800127612,0.01700096751283338,727
738,1629203_off,-0.0011240815887884224,0.01791452837626505,30
739,1629203_def,0.0006519643855335871,0.017914527798866625,30
740,1629216_off,-0.007175643574216547,0.012404465244696504,7050
741,1629216_def,-0.00811792283742865,0.012401443818209472,7055
742,1629232_off,-0.0016190218443343563,0.017919774906083322,16
743,1629232_def,-0.0013865066441725597,0.01791728332042464,17
744,1629234_off,-0.018151853314206493,0.011562064319447212,8088
745,1629234_def,0.01225924033616901,0.011553463097712935,8105
746,1629308_off,-0.015190194343557537,0.014030446677564899,3558
747,1629308_def,-0.006189836717013345,0.014009172471739844,3592
748,1629309_off,-0.0021871333090491087,0.01791034577781151,33
749,1629309_def,-0.0005613237356269652,0.017908841606808893,34
750,1629312_off,-0.019408962670769508,0.012628343290979074,4825
751,1629312_def,-0.00534261667189931,0.012591426820968452,4890
752,1629597_off,-0.0015899590773092531,0.017944741643902012,10
753,1629597_def,0.0005901970164153532,0.0179447377016633,10
754,1629599_off,0.0024822665925531037,0.011849532226293355,7316
755,1629599_def,0.015131338666760046,0.011842357886567133,7345
756,1629600_off,0.0014900637591812893,0.017922296103613795,25
757,1629600_def,-0.00029369297548949785,0.017922281955401805,25
758,1629602_off,0.0009712487957666502,0.017950880151471595,6
759,1629602_def,-1.4527679169119764e-06,0.01794935936756879,7
760,1629603_off,-0.011953794321404082,0.016771337381022544,751
761,1629603_def,-0.008168413277512537,0.016769208142759562,750
762,1629604_off,-0.01731639028516401,0.015472106323839644,2399
763,1629604_def,0.006406896509926367,0.01547411341213769,2395
764,1629605_off,-0.001693818059543262,0.01778199735916775,120
765,1629605_def,-0.0006770579111452912,0.017797876903367753,109
766,1629607_off,0.00406979793599047,0.017838582636729536,82
767,1629607_def,0.0026901050944642775,0.017842884103026608,79
768,1629610_off,-0.005299036620526042,0.017708984824101597,110
769,1629610_def,-0.0011058560240763825,0.017701688113489687,113
770,1629611_off,0.00240408534422359,0.010876464408735178,12097
771,1629611_def,0.000518573601644155,0.010864885355077472,12153
772,1629614_off,-0.007494058068060316,0.012110057104304133,7719
773,1629614_def,0.0013793495304885107,0.012106998478572084,7738
774,1629617_off,-0.004015909637971483,0.017431975137846417,382
775,1629617_def,0.0017063164657768173,0.017424450880982663,388
776,1629618_off,-0.004703046129511515,0.017391354985129268,246
777,1629618_def,-0.0026733432880745064,0.017394699662849254,244
778,1629619_off,-0.001226703786251949,0.017801674661363218,106
779,1629619_def,0.0029057113984371024,0.01779586884151026,110
780,1629620_off,-0.013825671064205325,0.017103264618917872,627
781,1629620_def,-0.0007705182725666542,0.01709590005874562,633
782,1629622_off,0.001062654724931858,0.010403399461734268,12164
783,1629622_def,-0.002474382499385261,0.010412210076771865,12111
784,1629623_off,-0.003334816889875536,0.017055103517163953,613
785,1629623_def,0.010469558610672938,0.017043844889973975,621
786,1629626_off,-0.010653884642965239,0.013114624128277174,4183
787,1629626_def,-0.004699193310475769,0.013104072202461814,4197
788,1629627_off,0.009875941508604413,0.012109092353623157,6370
789,1629627_def,-0.008740947332677884,0.012113283893448448,6355
790,1629628_off,-0.0017387671888841728,0.010744400340007074,13546
791,1629628_def,0.01814150275859056,0.01073276813321159,13556
792,1629629_off,-0.028656742203858984,0.011967141911746852,6262
793,1629629_def,0.009654434480099143,0.011964446568918442,6268
794,1629630_off,0.01558110409734368,0.012351051146472478,8692
795,1629630_def,-0.010378848489834856,0.012353967357381933,8674
796,1629631_off,0.004437136715940251,0.011536950834353018,11089
797,1629631_def,0.0019752137689752706,0.011539216610647092,11088
798,1629632_off,0.024283168908994332,0.010966614587846087,12502
799,1629632_def,0.011802584841115838,0.010964910047698825,12487
800,1629633_off,-0.00643718986230095,0.016547586662529003,995
801,1629633_def,-0.000598338842142607,0.016550631739739557,994
802,1629634_off,-0.0075165638229203885,0.0133511124807616,5212
803,1629634_def,-0.0186520882233195,0.013335480237546821,5252
804,1629635_off,-7.500940409950231e-05,0.017905615076777827,36
805,1629635_def,-0.004018648602398899,0.017907103244844066,35
806,1629636_off,0.028509461047295955,0.011366379454998047,13469
807,1629636_def,-0.011014598636045923,0.01137061774759588,13351
808,1629637_off,-0.016908645342643212,0.012432448703697842,5911
809,1629637_def,-0.0011352216030512657,0.012429347639192947,5913
810,1629638_off,-0.0010768290810346478,0.0111767038030327,8665
811,1629638_def,-0.007715291105842525,0.01117533382978772,8673
812,1629639_off,0.020057944504526762,0.011250003697548392,11694
813,1629639_def,-0.003359799935797879,0.011245258535945723,11656
814,1629640_off,0.002520228953719977,0.010862877125584132,13544
815,1629640_def,0.008792606980244054,0.010860039186948032,13550
816,1629641_off,-0.018468532712976604,0.014150198334156453,3310
817,1629641_def,-0.009244735628875877,0.014124057582400968,3347
818,1629642_off,-0.009439231775082622,0.012962479707128162,5063
819,1629642_def,0.006572750700526414,0.012942194205172298,5091
820,1629643_off,-0.04141915193387042,0.013071991495696808,5509
821,1629643_def,-0.0026927855636936873,0.013068018381092927,5508
822,1629644_off,-0.005081899496783418,0.016454408718315112,987
823,1629644_def,-0.011334877743918382,0.016405883408288892,1021
824,1629645_off,-0.0012347161727163107,0.012686354745037137,8132
825,1629645_def,-5.938307936740374e-05,0.012686426676849228,8126
826,1629646_off,-0.006786351141106613,0.015235802130823954,1839
827,1629646_def,-0.0013499875104857509,0.01525263811938049,1825
828,1629647_off,-0.03427663446644672,0.013311848600520306,5436
829,1629647_def,0.00431738660646355,0.01328911146463855,5487
830,1629649_off,-0.007942146381760731,0.01659712443167208,1106
831,1629649_def,0.0056774154953396876,0.01658450948785024,1117
832,1629650_off,-0.0048469804173622965,0.015519326206181521,1656
833,1629650_def,0.002106996681980625,0.015515426733960952,1660
834,1629651_off,-0.00522107731187131,0.011208585928801378,10663
835,1629651_def,-0.0020208137431448107,0.01120059074698519,10743
836,1629652_off,0.006571132348225059,0.011809968151295203,12753
837,1629652_def,-0.0035273346720282733,0.011807483937162744,12794
838,1629653_off,-1.0926925120688314e-05,0.017515275568631715,272
839,1629653_def,-0.00013187320615939575,0.01751305969313905,274
840,1629655_off,0.003356006333566266,0.011134176683521518,10018
841,1629655_def,0.005851165841236817,0.011130931016864673,10047
842,1629656_off,-0.013308844925755457,0.012093931690519331,7784
843,1629656_def,-0.00972902348595446,0.012077204212405658,7837
844,1629657_off,-0.007254561744023494,0.017412809173968667,385
845,1629657_def,0.0009642787405140827,0.017411570968651455,386
846,1629658_off,-0.00658195213295392,0.017339534815478154,488
847,1629658_def,0.004954360506459812,0.017339029755152873,489
848,1629659_off,-0.008534741792085574,0.011670338673982972,7886
849,1629659_def,-0.004049869598374928,0.011665698863976058,7897
850,1629660_off,-0.011179930435159507,0.014226274395474482,3333
851,1629660_def,-0.0036233501932695965,0.014232659909654697,3324
852,1629661_off,0.0011519566366024977,0.011549815488154997,9240
853,1629661_def,-0.008734794643794766,0.011549975884166418,9226
854,1629662_off,-0.0013055144473665767,0.017825474391084516,68
855,1629662_def,0.0010109741464097738,0.017819678638253508,71
856,1629663_off,-0.0014442720017656201,0.01751898943673066,287
857,1629663_def,0.002809195117504735,0.017517106099941355,288
858,1629667_off,-0.004259364112962556,0.011911016318305628,6858
859,1629667_def,-0.004150303390074391,0.011891315593514234,6895
860,1629669_off,0.0022429047712225394,0.012994099782061362,5196
861,1629669_def,0.004415533991690022,0.01298721847168668,5205
862,1629670_off,-0.02189592823806006,0.012052777704095163,6433
863,1629670_def,0.023067051662737283,0.012047653700792629,6450
864,1629671_off,-0.0037104197548490352,0.017821056094521077,94
865,1629671_def,0.0017576213148727954,0.017828203950365145,89
866,1629672_off,-0.0058411151507148495,0.016210055414925924,1475
867,1629672_def,0.002617423256917094,0.01621200719465947,1472
868,1629673_off,-0.010736777033611493,0.010050479089632186,14898
869,1629673_def,-0.001362610483762022,0.010052031290900768,14875
870,1629674_off,0.011885937340564107,0.01632829804812093,898
871,1629674_def,0.0032951557920340257,0.01632721567046762,899
872,1629675_off,-0.017686248205517122,0.01141479728774734,9083
873,1629675_def,-0.013664598643855583,0.01141264056738962,9088
874,1629676_off,-0.01988758078605022,0.014646506678790246,2957
875,1629676_def,0.00018048326821723827,0.01463821757381249,2964
876,1629677_off,-0.0052493376942470285,0.016008019642026805,1082
877,1629677_def,-0.011167664146555166,0.015995609471972302,1091
878,1629678_off,-0.01770210083217211,0.015278357289177029,2041
879,1629678_def,0.004957727958798471,0.015275952007581847,2043
880,1629680_off,-0.014765916371809512,0.011203972788713443,8793
881,1629680_def,-0.022601060793986535,0.011188245602062694,8852
882,1629681_off,-0.0055660543162887625,0.01672842635537347,935
883,1629681_def,-0.0029251364714681233,0.01672735240122445,936
884,1629682_off,-0.000334103650599295,0.01780602251168526,105
885,1629682_def,0.002008544802306024,0.0178018506473121,108
886,1629683_off,0.0021745333655544324,0.017740655607012584,149
887,1629683_def,0.0029489685527303135,0.017740505398669865,149
888,1629684_off,-0.006704207914458659,0.010203104985404955,12166
889,1629684_def,0.0038528448721532158,0.010191712257778115,12223
890,1629685_off,-0.013908956947405944,0.016316259386733763,1141
891,1629685_def,-0.0012206409866261203,0.016323648019412718,1139
892,1629686_off,-0.0038443277377088136,0.01787317137657406,58
893,1629686_def,0.0006509963314084506,0.01786877150486226,61
894,1629712_off,-0.010304816757768278,0.017586647824102186,265
895,1629712_def,-0.001252849627315583,0.017584640644296042,267
896,1629714_off,-0.00011017760503970967,0.01780118867379655,80
897,1629714_def,-0.0032051328609235276,0.017803093388757584,79
898,1629716_off,-0.0025872154168997906,0.0176658913127566,121
899,1629716_def,-0.004462658903320169,0.01764962859027447,128
900,1629717_off,0.006172640722818656,0.015573618237780617,1943
901,1629717_def,-0.0005341967625032461,0.015580042409703756,1937
902,1629718_off,-0.008900904727125555,0.01727354563824812,437
903,1629718_def,-0.004617611675016625,0.017265535952364016,443
904,1629719_off,-0.0024132292044510843,0.017586875392678232,260
905,1629719_def,-0.0012726507131398594,0.017596287243192336,253
906,1629723_off,-0.0008091170609380497,0.011612685713691602,8158
907,1629723_def,-0.014103838529946358,0.011610970792828709,8170
908,1629726_off,-0.0043433203224326955,0.012031707259740832,6937
909,1629726_def,0.007410051656457189,0.01202652551331075,6947
910,1629730_off,0.0021719231897234957,0.017731489308804953,156
911,1629730_def,0.0017809009652941508,0.017732894033924907,155
912,1629731_off,-0.01200085527026694,0.012342641185511012,5938
913,1629731_def,-0.04122268217306057,0.012326983050729249,5989
914,1629735_off,-0.001967456382464505,0.017671471851306138,194
915,1629735_def,0.002224197759834699,0.017669588770557697,195
916,1629744_off,-0.0012687580395268677,0.01675846610901856,941
917,1629744_def,-0.004886788596399116,0.016763544330850727,937
918,1629750_off,0.012394388118710575,0.0136802859724796,4443
919,1629750_def,-0.011179871104362868,0.013664900898752167,4471
920,1629751_off,-0.0023311878867353255,0.017908597897159734,34
921,1629751_def,-0.0004394027863568682,0.017908579678975835,34
922,1629752_off,-0.0003920121268751598,0.017868797556992052,62
923,1629752_def,0.0024125987011352225,0.017867515158765522,63
924,1629755_off,-5.695097146028264e-06,0.01749242804038486,331
925,1629755_def,-0.0019222875385205296,0.017492139654586503,331
926,1629760_off,-0.0004586657383497225,0.01795393591796744,4
927,1629760_def,0.00010266344241856457,0.01795393593417127,4
928,1629783_off,-0.0003955559718341579,0.01792654185580681,22
929,1629783_def,0.0004751967450171609,0.01792655052762025,22
930,1629788_off,-0.0004586657383497225,0.017953935917967435,4
931,1629788_def,0.00010266344241856457,0.01795393593417127,4
932,1629833_off,-0.00827319985086091,0.017032423546572806,710
933,1629833_def,0.011264804113443678,0.017020267344393426,721
934,1629873_off,-0.0017431918799713576,0.01793572887062154,16
935,1629873_def,-6.366700422154519e-06,0.017937235858520327,15
936,1629875_off,-0.00843640094766955,0.017234007110755154,441
937,1629875_def,0.0013092839937413033,0.017243797112297017,436
938,1629958_off,0.0002958568688607883,0.01795699208177595,2
939,1629958_def,-7.141722223214951e-05,0.01795699208131534,2
940,1629962_off,0.0008100032484643165,0.017547774098712644,294
941,1629962_def,-0.001513848342748317,0.017541198242936783,299
942,1630162_off,0.0221673662254785,0.01106658335164697,16622
943,1630162_def,-0.01765243224326821,0.011069618927554923,16564
944,1630163_off,0.019887065020066024,0.012035836325231733,9295
945,1630163_def,0.011902969070200171,0.012029798527871375,9287
946,1630164_off,-0.014563525100321183,0.013373569985131091,3893
947,1630164_def,0.03187442939597746,0.013358855579930608,3919
948,1630165_off,-0.027564680346290314,0.011476205140555756,9821
949,1630165_def,0.004172570690330271,0.011475635070627398,9825
950,1630166_off,0.005296854063096452,0.01058091340824139,12831
951,1630166_def,-0.01184924085053102,0.010578371476129467,12856
952,1630167_off,0.02847696412091103,0.011360675433207892,8321
953,1630167_def,0.0018738264777341956,0.011362284376976301,8322
954,1630168_off,0.010993392051712132,0.01227672080296576,8834
955,1630168_def,0.007010235508718531,0.012278635357604427,8840
956,1630169_off,0.029243999233719932,0.01084360670096572,14107
957,1630169_def,0.00964347539291186,0.010840065389451049,14083
958,1630170_off,-0.010540646660644568,0.01120472041377214,11190
959,1630170_def,-0.0030305703131912587,0.011202170673047586,11213
960,1630171_off,0.0004040545437528365,0.011201975038533787,10872
961,1630171_def,-0.004298018036679133,0.011186195100654038,10967
962,1630172_off,0.0024751580582128953,0.011916425417303275,7882
963,1630172_def,0.004652836194734796,0.011910054348807434,7905
964,1630173_off,-0.012428588066049595,0.011414868509447996,8825
965,1630173_def,-0.002362070900348972,0.011407277122552321,8844
966,1630174_off,0.010236238600506908,0.011555607023320699,9071
967,1630174_def,0.007155158509859781,0.011546724654679827,9087
968,1630175_off,0.00143413288012971,0.011375598726862602,10919
969,1630175_def,-0.0015186957995027436,0.01137196243379332,10927
970,1630176_off,-0.007129169466584467,0.01771201743680169,148
971,1630176_def,0.0022005224954130534,0.01771238948743187,148
972,1630177_off,-0.014318396250777816,0.013675996610773393,4113
973,1630177_def,0.015087665895803397,0.013681117590539058,4104
974,1630178_off,0.02561362244787091,0.010971903997777931,14448
975,1630178_def,0.004100742937027272,0.010977547159613464,14385
976,1630179_off,0.00020734307953598245,0.01794939100381072,7
977,1630179_def,0.0007574740098161434,0.01794788260009087,8
978,1630180_off,0.00966155154151199,0.010170928262693304,14315
979,1630180_def,0.018586804651232035,0.010172875650818083,14308
980,1630181_off,-0.02298171891695306,0.013569740207951141,4563
981,1630181_def,0.01183705324455008,0.01357683083775462,4554
982,1630182_off,0.009198015030568881,0.011542461849585834,8182
983,1630182_def,0.006474381174917231,0.011531827012610931,8220
984,1630183_off,-0.005663225282173827,0.011145629039525486,12859
985,1630183_def,-0.002292836863206688,0.01114803291251919,12858
986,1630184_off,-0.0217606244488378,0.015460029923405134,1698
987,1630184_def,-0.008186582986871757,0.015460044934317742,1698
988,1630186_off,-0.0026706851069619626,0.017010628730085648,536
989,1630186_def,0.0024305115570528173,0.0170186017110486,530
990,1630187_off,-0.0012396425362289345,0.01787672304923232,56
991,1630187_def,0.0017773627480035768,0.017875430645581464,57
992,1630188_off,0.007127731626545796,0.0121062323073933,6675
993,1630188_def,0.00468392854907378,0.012104974896967385,6681
994,1630190_off,-0.012289860328127079,0.016791738923444946,906
995,1630190_def,0.012053446086273387,0.016789066229356706,909
996,1630191_off,-0.010033391041462865,0.011921246089743563,9519
997,1630191_def,-0.01377557736607403,0.011920175167410453,9536
998,1630192_off,-0.02653577772490133,0.01373183611674215,3944
999,1630192_def,-0.003843498814232235,0.013712790515027815,3969
1000,1630193_off,0.00015032320945273814,0.010601699423057838,12199
1001,1630193_def,-0.03464996692392337,0.010605802490710949,12186
1002,1630194_off,0.011533538310648569,0.012794120782490289,5178
1003,1630194_def,-0.00027862316683264983,0.012781744005085912,5215
1004,1630195_off,-0.008968805239977179,0.01701184207914467,650
1005,1630195_def,-0.007787375160279585,0.017010045530979043,651
1006,1630196_off,0.0003522475043784692,0.017917216996317438,17
1007,1630196_def,-0.00134811533589774,0.017912249424736,19
1008,1630197_off,-0.023223670802579845,0.013274398535746358,4709
1009,1630197_def,0.00026080634820040057,0.01328143856545482,4690
1010,1630198_off,0.016942505324690594,0.011836619538655077,7159
1011,1630198_def,-0.005163349447700169,0.011866768942781495,7053
1012,1630199_off,-0.0031731858673021847,0.017515104605668918,314
1013,1630199_def,-0.0020444636655909823,0.0175162777027584,313
1014,1630200_off,0.01495106095908914,0.011172290981232886,10831
1015,1630200_def,-0.006115642214919019,0.011170282600915982,10818
1016,1630201_off,-0.01299859474096531,0.013222438663714597,4180
1017,1630201_def,0.01019781931069259,0.013220086407963152,4187
1018,1630202_off,0.009299392704502944,0.01218251934448506,6737
1019,1630202_def,0.0015973420248890612,0.012185676978041533,6729
1020,1630204_off,-0.0012558163194881687,0.01668776812479746,614
1021,1630204_def,-0.003693042290369697,0.0166995736122738,607
1022,1630205_off,-0.010143623594941888,0.012703091822371589,5306
1023,1630205_def,-0.005920558205271637,0.01268189954782319,5354
1024,1630206_off,-0.001405163677133279,0.01746495871437339,328
1025,1630206_def,-0.002732895175191043,0.017461182126540183,331
1026,1630207_off,0.0007686334753991788,0.01763132137568538,140
1027,1630207_def,-0.0009839871011388945,0.017631303992852773,140
1028,1630208_off,-0.014636334568910059,0.012078201656820265,6814
1029,1630208_def,0.00812175020392226,0.012074596463198481,6829
1030,1630209_off,-0.008196052311807924,0.014623432842339483,2601
1031,1630209_def,0.006195708526645918,0.01463377646218205,2592
1032,1630210_off,0.002782596938353867,0.017462344473225335,354
1033,1630210_def,0.0024627930585007767,0.01746597040366436,351
1034,1630214_off,-0.015823428487477684,0.012467504553283559,5827
1035,1630214_def,-0.010923778646323315,0.012461662932060776,5847
1036,1630215_off,-0.0037842611832861446,0.01510677953844036,1953
1037,1630215_def,-0.0008810437157653208,0.015116112252792541,1943
1038,1630216_off,-0.0004558655609023964,0.017844269384505805,77
1039,1630216_def,0.00018018418861755613,0.017842822453944536,78
1040,1630217_off,0.014190894582377853,0.011404021839002777,11527
1041,1630217_def,-0.012310173237033942,0.011416014368244715,11450
1042,1630218_off,0.00016091330106481178,0.01783013339819689,88
1043,1630218_def,-0.0022194760039839505,0.01783724062777598,83
1044,1630219_off,-0.009891328605896596,0.015289430645895462,1713
1045,1630219_def,0.017004356632766063,0.015288643391747422,1714
1046,1630222_off,-0.0010959674462411185,0.017710657144722003,141
1047,1630222_def,-0.0038522110262364717,0.01770545991703201,142
1048,1630224_off,0.001041929232293705,0.011435782640639611,15064
1049,1630224_def,0.01919368544938897,0.01143358218416434,15053
1050,1630225_off,-0.00952231917621732,0.01749800193697431,281
1051,1630225_def,-0.0027977516381598633,0.017506952256192674,275
1052,1630227_off,-0.007943930346233126,0.014897335806217882,2527
1053,1630227_def,-0.002622486172254494,0.014888899606089046,2539
1054,1630228_off,-0.0013707692281234786,0.011243422376408503,9296
1055,1630228_def,-0.0008992502159407213,0.011236578137745689,9319
1056,1630230_off,0.0032078170135579477,0.011937349153193059,7718
1057,1630230_def,-0.01431530889472452,0.01191847160305718,7770
1058,1630231_off,-0.0011470096711847459,0.011433000256677265,9698
1059,1630231_def,0.009869235002296407,0.011431102065794592,9706
1060,1630233_off,-0.0062154048853207584,0.016259819278705484,1185
1061,1630233_def,-0.0020995676755724245,0.016265612634151883,1180
1062,1630235_off,-0.011860938610202492,0.014427699377660074,2853
1063,1630235_def,0.005200998201419929,0.014408522214378376,2870
1064,1630237_off,0.004083318896447778,0.014749728734190386,2490
1065,1630237_def,-0.0029285695689069387,0.014749605389427205,2488
1066,1630238_off,-0.0032327847515738707,0.017763910130364113,132
1067,1630238_def,0.000897868537176952,0.01776975562822728,128
1068,1630240_off,-0.02046876907569468,0.014900593916762368,2385
1069,1630240_def,-0.010110793806212558,0.014892826398018965,2390
1070,1630241_off,-0.005437670058865107,0.014456074823241813,2373
1071,1630241_def,-0.0029501331480977643,0.014496686926731197,2330
1072,1630243_off,0.0012815720589212046,0.016789474703610304,619
1073,1630243_def,-0.0071985131755216486,0.016790268409559436,618
1074,1630245_off,-0.021043211026690253,0.010978316126284362,12980
1075,1630245_def,-0.003494246349899813,0.010973839451084134,13007
1076,1630249_off,0.005826967218132494,0.014569385083547976,2741
1077,1630249_def,0.015629115009914468,0.014580305553539471,2731
1078,1630250_off,0.000697474737219066,0.017776665033415434,110
1079,1630250_def,-0.0044888694325754715,0.017766662379587787,116
1080,1630256_off,-0.017724226074574308,0.011968053016754096,7791
1081,1630256_def,-0.023409953981904305,0.011955025993634863,7829
1082,1630257_off,-0.000702147458035494,0.017935744613331087,16
1083,1630257_def,-0.00029598950643330575,0.01793423073231563,17
1084,1630259_off,0.003171197806315941,0.01785864030647141,41
1085,1630259_def,-0.0009394883617822134,0.017856208960636086,42
1086,1630264_off,0.017416037467497696,0.014087987778163023,3128
1087,1630264_def,-0.0065053511359074445,0.014086755080921684,3125
1088,1630267_off,-0.022476136341359945,0.015344233113333113,2502
1089,1630267_def,-0.0054741395787785896,0.015333468063048823,2516
1090,1630270_off,-0.006354496001589541,0.017657846120088274,175
1091,1630270_def,-0.0001930234195349542,0.01765469269446157,176
1092,1630271_off,-0.0018922309097439563,0.017766625722006223,130
1093,1630271_def,-2.6346553104384215e-05,0.017775329830569585,124
1094,1630273_off,-0.0034968268142667124,0.01761810965023428,236
1095,1630273_def,-0.0009609513049575243,0.017618166492836398,236
1096,1630278_off,-0.00021918943625112662,0.017956994151464723,2
1097,1630278_def,-0.000377746357590016,0.01795699416345043,2
1098,1630284_off,0.003914925341650792,0.016366831303043127,954
1099,1630284_def,-0.0031691246690121757,0.01636191930753049,957
1100,1630285_off,-0.014104737271585255,0.016981140994172052,608
1101,1630285_def,-0.0014247202187151495,0.016979742494007938,610
1102,1630286_off,-0.00020359501745238434,0.017923972542716434,24
1103,1630286_def,-0.0009014202420265941,0.0179239606412713,24
1104,1630288_off,-0.001477622527240274,0.01626425783279268,996
1105,1630288_def,0.001840057838269071,0.016261006203654834,999
1106,1630296_off,-0.0028929809477434873,0.017083766409665843,561
1107,1630296_def,-0.006636392055451335,0.01708469117719763,561
1108,1630306_off,-0.0019950213169095173,0.017929513747182355,20
1109,1630306_def,-0.0007453272330088284,0.017929524210699446,20
1110,1630311_off,-0.002512372848616176,0.017909730417682103,20
1111,1630311_def,0.0014084903847093563,0.01790479494764397,22
1112,1630314_off,-0.017228467749705,0.016206818739495386,1465
1113,1630314_def,0.010095413770899439,0.016220831658697324,1448
1114,1630322_off,-0.0029950288985498,0.014588573152802018,2636
1115,1630322_def,-0.0038509727704777587,0.014628491142488285,2596
1116,1630346_off,-0.004924693715821249,0.015399669239105882,1501
1117,1630346_def,-0.008211742538145857,0.015393587103893722,1505
1118,1630466_off,-0.0013831971651735082,0.017790181542822466,114
1119,1630466_def,0.0010941701067210795,0.01779009127528757,114
1120,1630525_off,-0.00045934009837988657,0.01795240682048351,5
1121,1630525_def,6.666352631092595e-05,0.0179539310772152,4
1122,1630526_off,-0.017107458253600334,0.013359366396758726,4576
1123,1630526_def,0.0015847213980656589,0.013334749049583986,4613
1124,1630527_off,-0.023698598051870065,0.014760174966722387,2655
1125,1630527_def,0.001155110785318765,0.014748084356370973,2672
1126,1630528_off,-0.016282546396541767,0.013825416820179747,4402
1127,1630528_def,0.022576352198091884,0.01382795989187206,4398
1128,1630529_off,0.014086658094177527,0.011575916907161546,13215
1129,1630529_def,-0.025931399176328605,0.011567204849161405,13244
1130,1630530_off,-0.0006159707007454665,0.011404064479703742,10058
1131,1630530_def,0.000446790731720907,0.011403016272707532,10019
1132,1630531_off,-0.002295599491159017,0.015852587940988202,1119
1133,1630531_def,0.0027701534721682754,0.01584869453623278,1121
1134,1630532_off,0.006458136951492346,0.011176612688043892,14943
1135,1630532_def,-0.03206259795711098,0.01117655764038489,14955
1136,1630533_off,-0.02423914739882788,0.012377782540927779,6137
1137,1630533_def,0.0013889136157645156,0.01236764708014696,6164
1138,1630534_off,0.0032116554548236357,0.012295619322961344,5815
1139,1630534_def,-0.00014753074762754277,0.012278240723584135,5841
1140,1630535_off,-0.020543072798517154,0.016006998386850366,1611
1141,1630535_def,-0.003089736017726475,0.015997118930855855,1619
1142,1630536_off,-0.0055161934175322995,0.017846194421637415,76
1143,1630536_def,2.247413781368453e-05,0.017837420906000698,82
1144,1630537_off,-0.01574663687559722,0.012251963789255723,6405
1145,1630537_def,-0.004678282973587037,0.012236374243204624,6423
1146,1630538_off,0.0010904282818591173,0.012543973092411977,5904
1147,1630538_def,0.011030676633892662,0.012549693520489288,5906
1148,1630539_off,-0.0024799589867706045,0.016066161217092003,1269
1149,1630539_def,-0.008348402683253884,0.016069205541031563,1267
1150,1630540_off,-0.00924567660249289,0.012923729903674202,4773
1151,1630540_def,-0.011661883978543015,0.012893332764201378,4839
1152,1630541_off,-0.009192983891615894,0.012545535701949445,5259
1153,1630541_def,6.253502861132767e-05,0.012555018852641991,5245
1154,1630543_off,0.0005827554891208118,0.013106943822264636,5006
1155,1630543_def,4.2058376757415104e-05,0.013113125770425343,4990
1156,1630544_off,-0.017254065992489687,0.012041032666063593,7110
1157,1630544_def,-0.005241462228472899,0.012051865365256762,7086
1158,1630547_off,-0.007851310971485273,0.015405621389724468,1874
1159,1630547_def,0.0001206414540153975,0.015389681452097315,1893
1160,1630548_off,-0.008832155715096674,0.015949548295007956,1137
1161,1630548_def,0.006321905360715169,0.01594421739644661,1141
1162,1630549_off,0.007765274806899833,0.013545140269840533,3794
1163,1630549_def,-0.0026802769524469586,0.013544689989323693,3796
1164,1630550_off,-0.01368013012657603,0.013354652492361554,4023
1165,1630550_def,-0.015508092130331124,0.01333955556158889,4046
1166,1630551_off,-0.000501730596408418,0.01627210444533712,1052
1167,1630551_def,0.006153867977048163,0.016273795061937945,1051
1168,1630552_off,-0.01622458467646008,0.012206750200162453,6427
1169,1630552_def,-0.007951517891528344,0.012198892885579229,6453
1170,1630553_off,-0.012474496390219423,0.01513696924632732,2369
1171,1630553_def,0.021206822954018125,0.015111968609785174,2394
1172,1630554_off,0.00298132574281417,0.017242825495450496,369
1173,1630554_def,-0.0019298512406227995,0.017247945560615912,366
1174,1630555_off,-0.0010244236836489495,0.01790408374847187,37
1175,1630555_def,-0.00131270064242481,0.017905575303655726,36
1176,1630556_off,-0.0003940974324710626,0.014160420341398515,3333
1177,1630556_def,0.004742196062398529,0.014122525775634586,3377
1178,1630557_off,0.003967577513506774,0.0106138198566201,12165
1179,1630557_def,0.02582086947290765,0.010617666106952077,12127
1180,1630558_off,-0.01979819303284356,0.011516873858208267,9322
1181,1630558_def,-0.007663211436087563,0.011491395476387656,9389
1182,1630559_off,0.012117513615028002,0.010939027215573816,12194
1183,1630559_def,-0.0037149178376038646,0.010939161389568734,12188
1184,1630560_off,-0.007492749674650914,0.011350054103000483,8474
1185,1630560_def,0.020574849080050323,0.011360290880322768,8440
1186,1630561_off,-0.003169925017328842,0.016268007153857757,1201
1187,1630561_def,0.00177333257629718,0.016255728080834204,1210
1188,1630562_off,-0.005434908353230908,0.017421443329645448,231
1189,1630562_def,-0.00599516616809868,0.017431868194922175,226
1190,1630563_off,-0.005053278621375915,0.015418834205824569,2219
1191,1630563_def,-0.0019059355890541172,0.015403476855900012,2239
1192,1630564_off,0.0018479749927832992,0.017743126913910348,106
1193,1630564_def,0.0036583958470763453,0.017738506809697033,108
1194,1630565_off,-0.001401390053105875,0.017913011763944626,31
1195,1630565_def,0.001486924004774945,0.017905547069554502,36
1196,1630567_off,-0.0016836457383805786,0.010976810005074264,14873
1197,1630567_def,-0.0023397719200064855,0.010974878841137738,14870
1198,1630568_off,0.001934452842553653,0.015716858965954938,1582
1199,1630568_def,0.004861628210787783,0.01572643916855693,1574
1200,1630570_off,-0.010324615242697021,0.0124210290128787,5787
1201,1630570_def,0.019891086120811797,0.012417808492776794,5796
1202,1630572_off,-0.008994900631858484,0.014202607621678727,3012
1203,1630572_def,-0.006577580918739114,0.014211216850957891,3004
1204,1630573_off,0.008168472154651631,0.012242552194971779,6366
1205,1630573_def,-0.0165416324995733,0.012252568200870525,6335
1206,1630575_off,-0.0002315512873577485,0.017937159452589904,15
1207,1630575_def,3.9524251008722735e-05,0.017938680744118286,14
1208,1630577_off,0.0005966471831004498,0.013667049545918932,3591
1209,1630577_def,0.007705474694023829,0.013651322695032156,3615
1210,1630578_off,0.008249708467456611,0.011555552504358056,11752
1211,1630578_def,0.0018078951853501117,0.011556674962306111,11690
1212,1630579_off,-0.015041940976635821,0.013743393236971217,3769
1213,1630579_def,-0.0018545159470394245,0.013735089862655543,3789
1214,1630580_off,-0.0052078775194884285,0.01718513394553064,523
1215,1630580_def,-0.0055584383590330105,0.017180756680433968,526
1216,1630581_off,-0.0023638093753970174,0.011416619029465887,12601
1217,1630581_def,0.008736732229473352,0.011412187218470935,12577
1218,1630582_off,-0.005600880319785849,0.01774163934961968,149
1219,1630582_def,-0.0011922763206817725,0.017740113080098426,150
1220,1630583_off,-0.00986127809361961,0.011596080922431284,7519
1221,1630583_def,0.0063344258706566564,0.011593713891478497,7522
1222,1630585_off,0.003786526252392118,0.017610810515733218,243
1223,1630585_def,3.361396421406248e-05,0.017605324327666348,247
1224,1630586_off,-0.011833835706475388,0.015024718083019733,2525
1225,1630586_def,0.01087841865157764,0.015002979896020585,2555
1226,1630587_off,-0.0007573479492897762,0.013409962207470653,4125
1227,1630587_def,0.014121668904574966,0.013405700858503407,4134
1228,1630589_off,-0.0004067297972217323,0.01791609536996549,29
1229,1630589_def,0.0009696968059524169,0.017914606349212176,30
1230,1630590_off,-0.012803146247867218,0.016018875790572068,1029
1231,1630590_def,8.124522787728136e-05,0.016026964201180185,1023
1232,1630591_off,-0.008730425589460905,0.011666509733931765,9289
1233,1630591_def,-0.011551182132499052,0.011665770948350727,9304
1234,1630592_off,0.0090608999826079,0.0157455351341016,1186
1235,1630592_def,0.004693198116696078,0.01576359839182472,1172
1236,1630593_off,-0.009347537628887067,0.016739066530566685,720
1237,1630593_def,0.009904918259235538,0.016739802703157083,719
1238,1630595_off,-0.004108373895388906,0.011696507104045717,9381
1239,1630595_def,-0.003629029515281826,0.011701855529881289,9358
1240,1630596_off,-0.019270887829754994,0.011317637398127186,13000
1241,1630596_def,-0.019041986725432183,0.011312497372050421,13012
1242,1630598_off,0.0021447848077962824,0.011655565943362426,7576
1243,1630598_def,0.0034872553298856755,0.011630274278575877,7647
1244,1630600_off,-0.0016199863530762116,0.017409112902046758,272
1245,1630600_def,-0.005178475324281829,0.017417164720677197,268
1246,1630602_off,-0.0027589665943935516,0.017650257529722317,213
1247,1630602_def,-0.000987374584071094,0.017650233296532605,213
1248,1630604_off,-0.0001553640510472173,0.01784267718116186,47
1249,1630604_def,0.0008796347242660664,0.017845106075754576,46
1250,1630605_off,-0.0002483640940804917,0.01792191596420162,25
1251,1630605_def,0.001164947408734303,0.017921921605960626,25
1252,1630606_off,-0.005947487856752015,0.017380556605345317,410
1253,1630606_def,-0.00013106328300206403,0.017389735063330296,404
1254,1630608_off,0.0012586481440749356,0.017944823750998935,6
1255,1630608_def,0.00016572959242083454,0.017947342456593535,5
1256,1630610_off,-0.0055006644847729455,0.01726731325470048,309
1257,1630610_def,-0.001968945081452992,0.017250235056390575,317
1258,1630611_off,-0.001386829151667349,0.01718528320134496,346
1259,1630611_def,0.002082742681898165,0.01717920789622648,349
1260,1630612_off,-0.005484506111144818,0.017780091174739682,121
1261,1630612_def,-0.0029059323495549756,0.01778578531534116,117
1262,1630613_off,-0.005759100378427364,0.014808655985985074,2861
1263,1630613_def,0.0034523575983352807,0.014819920555354252,2845
1264,1630618_off,-0.005700588915550655,0.017765657575633833,79
1265,1630618_def,0.0012042277199203928,0.01777045949274933,77
1266,1630620_off,0.0002814547628698345,0.017856642594213858,52
1267,1630620_def,-0.0007454189883770009,0.01786056214975009,50
1268,1630622_off,0.00013101843965637332,0.01794736613739975,5
1269,1630622_def,-0.0001427177257615363,0.0179473662295021,5
1270,1630624_off,-0.0010467496401407018,0.017934123374412178,17
1271,1630624_def,-0.0010101302469271629,0.017935646886809226,16
1272,1630625_off,-0.01864401109623413,0.013396744442674212,3920
1273,1630625_def,0.0018878534128927548,0.013401435784251037,3917
1274,1630631_off,0.00899298824918856,0.01236718934216483,6396
1275,1630631_def,-0.027436259641277234,0.01235896131236821,6416
1276,1630637_off,0.00031253614310988915,0.017663464293352048,165
1277,1630637_def,-0.0024422750612110053,0.01765513266851839,170
1278,1630639_off,-0.0017651313946205314,0.01644440814890757,797
1279,1630639_def,-0.005287836928662337,0.016432618495187467,804
1280,1630640_off,-0.0013880563215800594,0.01792980677396373,20
1281,1630640_def,-0.000498197022252308,0.017931303205593364,19
1282,1630641_off,-0.014721831640398936,0.016987884231444775,437
1283,1630641_def,0.0010777523601260513,0.016987337243053617,437
1284,1630643_off,-0.0039012315853031642,0.017279165895255365,362
1285,1630643_def,-0.004826685530939435,0.017282837826934756,360
1286,1630644_off,0.0009960575030919048,0.017718956413341185,136
1287,1630644_def,-0.002466623203675689,0.017719914325205005,135
1288,1630647_off,-0.011463371795694184,0.014750242715844228,2127
1289,1630647_def,0.004077694881888014,0.014744963363675942,2129
1290,1630648_off,4.9718790316607155e-05,0.017845876604602205,72
1291,1630648_def,-0.0023406264315140248,0.017844386614381983,73
1292,1630649_off,-0.005270341491857201,0.016599310140867147,646
1293,1630649_def,-0.0018985513636462338,0.01658892847048956,652
1294,1630658_off,-0.00528105916843599,0.0176883421452652,113
1295,1630658_def,0.0040411419813021964,0.01769065847270487,112
1296,1630678_off,0.0011824375528116412,0.014959487708629687,2413
1297,1630678_def,0.002658120362905489,0.014960729364431985,2409
1298,1630686_off,-0.009358354025728897,0.01739908273978404,432
1299,1630686_def,0.008817347264967678,0.01738829552614222,441
1300,1630688_off,-0.003521782497213382,0.01457660194232121,2761
1301,1630688_def,-0.02037243511277017,0.014579227955382848,2760
1302,1630691_off,-0.0002770554474361266,0.01744288194443963,369
1303,1630691_def,-0.0008138968288688191,0.017445384022710828,367
1304,1630692_off,-0.016736638673831166,0.0128807188793296,4254
1305,1630692_def,-0.011788744820486731,0.012891432875384046,4236
1306,1630693_off,-0.0005817975662521156,0.017953944268767934,4
1307,1630693_def,-0.00040358692790882594,0.017953944237059247,4
1308,1630695_off,-0.010689394995672168,0.01692843570532416,521
1309,1630695_def,-0.0025809552041575114,0.0169299553840008,521
1310,1630696_off,-0.014364224143506863,0.016804041539513693,579
1311,1630696_def,-0.0020018448259587333,0.016779929778076474,593
1312,1630698_off,-0.0038607733808457383,0.017488623660262364,331
1313,1630698_def,0.005407229931954845,0.017491248678195136,329
1314,1630699_off,-0.012028408574500058,0.01419243100367505,2702
1315,1630699_def,0.0076694857785058355,0.014198129190214641,2696
1316,1630700_off,-0.0003573961730571115,0.01266128681331438,4810
1317,1630700_def,-0.004589215061151378,0.012631187956814402,4861
1318,1630701_off,-0.0005170420345934673,0.017955969729025977,2
1319,1630701_def,0.00019989215775687653,0.01795801479337995,1
1320,1630702_off,-0.006938433182189002,0.013530954732756005,3400
1321,1630702_def,0.018912933749661857,0.01353976077107459,3387
1322,1630703_off,-0.013305749932887127,0.0136913555627468,3539
1323,1630703_def,0.02600704053536725,0.013688309970069206,3541
1324,1630758_off,-0.0021380659560196152,0.017758719753099603,137
1325,1630758_def,0.0024631424074031513,0.017751589547227817,142
1326,1630787_off,0.0025184978227212624,0.017824377700135088,91
1327,1630787_def,6.097263950674459e-05,0.017825816363269485,90
1328,1630792_off,-0.0012532202062361336,0.01730328849526587,461
1329,1630792_def,-0.00018505250856699277,0.017295706366245802,466
1330,1630846_off,-0.0050230554081814585,0.016194873162715007,1293
1331,1630846_def,-0.011637303766490296,0.016194340281639647,1296
1332,1630929_off,0.00033999553076787355,0.01792969452396933,12
1333,1630929_def,-0.00030984485448289854,0.01792971753503971,12
1334,1630994_off,0.0020679770738067757,0.01781860449596837,96
1335,1630994_def,-0.0005460710831245246,0.017820078818299685,95
1336,1631093_off,-0.003670711026580919,0.011655343501994847,9219
1337,1631093_def,0.020399207817983236,0.01165979591476203,9205
1338,1631094_off,0.009377205544667465,0.011889920346241289,10452
1339,1631094_def,0.011244948825339615,0.011884928010715898,10444
1340,1631095_off,-0.006128865632774549,0.011668465715827112,9843
1341,1631095_def,0.013239659670374024,0.011664328399832467,9839
1342,1631096_off,0.025344270679536658,0.013147320139986075,4959
1343,1631096_def,-0.012917218755592118,0.013144919901579207,4967
1344,1631097_off,-0.006460398717873028,0.011731053202323625,8021
1345,1631097_def,0.014642033827519694,0.011729843926386463,8012
1346,1631098_off,-0.027529527969561894,0.014779308065740656,2095
1347,1631098_def,-0.0013426306039972407,0.014779009380185167,2094
1348,1631099_off,0.014760043665912409,0.01205704471486641,10066
1349,1631099_def,0.00434159179858164,0.012053323515326226,10051
1350,1631100_off,0.0021200117062544622,0.014055134967598111,3203
1351,1631100_def,0.00010536622431858462,0.014049139775346242,3212
1352,1631101_off,-0.00854214635685199,0.012432721739731707,5812
1353,1631101_def,0.015780020365889432,0.012419427806319534,5838
1354,1631102_off,-0.011715444257623261,0.016360599477352033,961
1355,1631102_def,-0.004604337012263097,0.01636020709292067,962
1356,1631103_off,-0.01009330889589585,0.012029450271232861,6610
1357,1631103_def,0.018603172846201634,0.012018114510493364,6638
1358,1631104_off,-0.020404331618516583,0.01391690515265343,3171
1359,1631104_def,-0.0031023339524079256,0.013912602923582268,3178
1360,1631105_off,-0.0021378304537686913,0.012270468990568915,7043
1361,1631105_def,-0.0013836284715207847,0.01227037600732628,7034
1362,1631106_off,0.003200871482875205,0.01310199937794314,4645
1363,1631106_def,-0.01984531263344719,0.013098812462302462,4649
1364,1631107_off,0.010817270382977744,0.014613500638375104,2107
1365,1631107_def,-0.011284056463728705,0.014609240592510722,2110
1366,1631108_off,-0.013935424629773553,0.013665508910507813,3116
1367,1631108_def,-0.0077931420585511365,0.013675956816205112,3104
1368,1631109_off,-0.0003242089535411002,0.014489446136352552,2791
1369,1631109_def,-0.0086406318017186,0.014497217018527495,2787
1370,1631110_off,-0.004756562964186667,0.012094962714164725,7618
1371,1631110_def,0.005631039410369481,0.012096372785602515,7651
1372,1631111_off,-0.011398381024001699,0.017034848685788397,487
1373,1631111_def,0.0029497107892644202,0.017025667385758704,493
1374,1631112_off,-0.010875680760353723,0.017519768214975764,205
1375,1631112_def,-0.00399171746289351,0.017527259750482232,201
1376,1631113_off,-0.005186834089462414,0.016933302375261024,587
1377,1631113_def,0.004140434536986217,0.016953401678830804,574
1378,1631114_off,0.006572033826276181,0.011733781633905593,9374
1379,1631114_def,-0.009888948771367343,0.011731589721823168,9423
1380,1631115_off,0.00226772779268646,0.015656695743594608,1420
1381,1631115_def,-0.004369541866515757,0.01565312563344407,1425
1382,1631116_off,-0.010106265409151497,0.015590810381015527,1361
1383,1631116_def,-0.0042408521038223715,0.015596608459980161,1355
1384,1631117_off,0.0018367950666631921,0.012303981702563338,6594
1385,1631117_def,-0.0039000990685197066,0.012302664637155177,6603
1386,1631119_off,-0.004768894365288068,0.01364129932164035,3688
1387,1631119_def,0.005639510424606438,0.013635110754002493,3697
1388,1631120_off,-0.0018172753302353507,0.017661842506919927,149
1389,1631120_def,0.00035047078380145096,0.01765775268768728,151
1390,1631121_off,-0.02270696949579212,0.01372448622231349,3348
1391,1631121_def,0.004650940103970444,0.01373232912426209,3340
1392,1631123_off,-0.010878716129180418,0.017354203074854788,282
1393,1631123_def,0.002370809795300971,0.017353344902204602,282
1394,1631124_off,-0.003607272989458525,0.01589823068162432,1124
1395,1631124_def,0.01401258052564907,0.015885054400092736,1134
1396,1631128_off,-0.018816949251362253,0.012624744018470685,5627
1397,1631128_def,-0.00849484953573631,0.012615277786144964,5674
1398,1631131_off,0.0008181171390806935,0.01773292960404396,94
1399,1631131_def,-0.004212757248891755,0.017737355108922312,92
1400,1631132_off,-4.116781177100042e-05,0.015517966975039389,1636
1401,1631132_def,-0.018508847257741518,0.015522567797052309,1632
1402,1631133_off,-0.011505174400976781,0.01283697285956835,4667
1403,1631133_def,0.012402136641621535,0.012821936874572273,4690
1404,1631157_off,-0.004107409566708565,0.017384162599882323,274
1405,1631157_def,-0.011026496593222492,0.01738748603706616,272
1406,1631159_off,-0.0020973353810683232,0.017714782341703452,104
1407,1631159_def,-0.002176555372003619,0.017712526964126393,105
1408,1631160_off,-0.005023903559853105,0.017625618532385253,174
1409,1631160_def,9.522630201679425e-05,0.017634590142169924,169
1410,1631165_off,0.0007008892185083658,0.014670312270192026,1995
1411,1631165_def,-0.015116196935647358,0.01466737147846519,1999
1412,1631167_off,0.0007974630115943549,0.017939860204931896,8
1413,1631167_def,4.272440246747729e-05,0.01793737948727413,9
1414,1631169_off,0.0018673194898328454,0.017173262893683903,403
1415,1631169_def,-0.004135849337394759,0.017179213074548495,400
1416,1631170_off,0.004172452500032695,0.01311707341630866,4097
1417,1631170_def,-0.0031971965617393966,0.013113082729995647,4105
1418,1631172_off,-0.006145058088309328,0.015031020905753796,1880
1419,1631172_def,-0.0026512125907563722,0.015025430111632978,1885
1420,1631173_off,0.00333167204376738,0.017550741424847825,175
1421,1631173_def,0.004125446231894633,0.017551029749484224,175
1422,1631197_off,0.008477677859715791,0.016511183192216873,773
1423,1631197_def,0.0010721931777087045,0.016517888777551223,768
1424,1631199_off,0.001752297330907594,0.017755148639371648,103
1425,1631199_def,3.528047278503316e-05,0.017758945569205816,101
1426,1631200_off,-0.00786275034109814,0.014435620595835792,2554
1427,1631200_def,-0.014075647484969828,0.014433605726293609,2557
1428,1631204_off,-0.006091059714405915,0.014067325405141436,2668
1429,1631204_def,0.008340638854576938,0.01406114444883143,2678
1430,1631205_off,0.0031023003862412305,0.017291165358327407,325
1431,1631205_def,-0.00900469295577263,0.017288239774634832,327
1432,1631207_off,0.004067174424849307,0.015093364153240545,1700
1433,1631207_def,-0.004891268723066187,0.015100888002898707,1694
1434,1631209_off,-0.0009838927868570577,0.017937280588158487,9
1435,1631209_def,0.00018748085495546448,0.01793728079237725,9
1436,1631210_off,-0.0025513288860641603,0.017779482930983748,73
1437,1631210_def,0.002938076076578749,0.017779466940472454,73
1438,1631211_off,-0.0024948700268166606,0.017925581508013308,17
1439,1631211_def,0.0016806295183013794,0.017921580598197834,19
1440,1631212_off,-0.01157962699024972,0.014058797422131238,3268
1441,1631212_def,-0.00614159027108282,0.01402187295356903,3327
1442,1631213_off,0.0005693852262618793,0.017715426015754605,127
1443,1631213_def,-0.00017865680889874583,0.017720702904892253,124
1444,1631214_off,-0.004134955879243625,0.0178610445469143,42
1445,1631214_def,-0.0003547195715197752,0.017870337848890323,38
1446,1631216_off,-0.0006504932261895762,0.013721920463652563,3253
1447,1631216_def,0.0037852556952323794,0.013719006788252738,3250
1448,1631217_off,0.0023681123016093264,0.01699054565921745,520
1449,1631217_def,0.003996304742843582,0.016983906126302517,522
1450,1631218_off,0.0013724663166916392,0.014619770790808255,2224
1451,1631218_def,0.008286350507645845,0.01462112540596175,2223
1452,1631219_off,-0.003477441871129269,0.017140824745761996,469
1453,1631219_def,0.0020025518473748755,0.01713983753647193,470
1454,1631220_off,0.003599718977716563,0.017636516608742166,139
1455,1631220_def,-0.006751370377952981,0.01763663607050092,139
1456,1631221_off,-0.0016349292444773616,0.016949088065189574,455
1457,1631221_def,-0.0009087332235596177,0.016947140670398587,456
1458,1631222_off,-0.01151825449218939,0.014497663004424788,2302
1459,1631222_def,0.006447216716378105,0.01447829172009398,2324
1460,1631223_off,-0.015509151838577434,0.01253879073719974,5021
1461,1631223_def,0.00744157175905821,0.012529673501451228,5045
1462,1631230_off,0.005270704531845301,0.01530854164783159,1711
1463,1631230_def,0.013431499380605226,0.01529428803904348,1723
1464,1631241_off,-0.011150049075965857,0.01647053071394305,739
1465,1631241_def,0.005006233856837721,0.016457479098334254,747
1466,1631243_off,-0.0037977770209096135,0.017839194382860187,49
1467,1631243_def,0.002067458668722951,0.01783673308101093,50
1468,1631245_off,-0.00468744725467801,0.01740328992328328,306
1469,1631245_def,-0.00044936042419456727,0.017405521804697583,304
1470,1631246_off,-0.0036081102549127787,0.013783749572798881,3117
1471,1631246_def,-0.009053574298931437,0.01378830652908347,3112
1472,1631250_off,-0.002217958503099793,0.017897281319861527,25
1473,1631250_def,-0.001830517973646925,0.017899752490214565,24
1474,1631254_off,-0.003067994586074559,0.01668204980785056,664
1475,1631254_def,0.0038255974309181107,0.016680689480970883,665
1476,1631257_off,-0.0020509765318458095,0.01768248174754065,117
1477,1631257_def,0.004019076960123758,0.017680213592259183,118
1478,1631260_off,0.002959941266012524,0.014858243066706868,1950
1479,1631260_def,0.0035064032110003335,0.014866233705012489,1942
1480,1631262_off,0.0008158111485307836,0.017361106779685203,264
1481,1631262_def,-0.004153834671907452,0.01736570533010777,262
1482,1631288_off,-0.004704884580846588,0.016089186904425876,1016
1483,1631288_def,-0.007783233348087032,0.01607975814345449,1023
1484,1631298_off,-0.006208351999314988,0.017541772368714615,200
1485,1631298_def,-0.0015643977477735476,0.017528083675961984,207
1486,1631303_off,-0.008083314479068989,0.016382130924042917,811
1487,1631303_def,-0.008451153972033582,0.016381738133865988,811
1488,1631306_off,-0.0015289993092399352,0.017395703364758534,256
1489,1631306_def,0.0005239970067831336,0.017409976464392234,249
1490,1631309_off,-0.00014050986066106472,0.01785144521558012,55
1491,1631309_def,-0.001775912962860648,0.017851413634615437,55
1492,1631311_off,-0.006900629478884834,0.016342273527837833,805
1493,1631311_def,-0.005752708456404569,0.01634453154306204,804
1494,1631320_off,-0.0009710098688900918,0.01792947106663561,15
1495,1631320_def,0.000652110032547666,0.01792541285187264,17
1496,1631321_off,-0.00839859255489218,0.017484132002678024,204
1497,1631321_def,-0.010980797774444145,0.01748406516190379,204
1498,1631323_off,-0.006661717456409926,0.01245912523143745,5070
1499,1631323_def,-0.001420957694413805,0.012462193523048826,5064
1500,1631338_off,-0.01546477612399457,0.017401680180487326,246
1501,1631338_def,-0.002920990567188366,0.017396240711015965,249
1502,1631367_off,-0.0023725257823640636,0.015451815199757529,1416
1503,1631367_def,0.015969199528947445,0.015442047836266825,1424
1504,1631376_off,-0.0004138262367482698,0.017949855705933104,4
1505,1631376_def,-0.00039786939394370776,0.01794985323499137,4
1506,1631386_off,0.00142823299068745,0.017895211844059664,26
1507,1631386_def,0.00025372292384311454,0.017895194138982523,26
1508,1631466_off,0.0043872336910616705,0.016971585118551336,500
1509,1631466_def,0.003269731013649794,0.016968841882676167,502
1510,1631495_off,0.0007008236339189022,0.01794176616311875,9
1511,1631495_def,-0.0009827765075121387,0.01794176278713112,9
1512,1641645_off,0.002917613463071766,0.017463540875607635,280
1513,1641645_def,-0.00310625583468358,0.017458582245860915,283
1514,1641705_off,-0.005110862508666171,0.01336104092066885,4309
1515,1641705_def,-0.027413088825766437,0.013357547862709018,4315
1516,1641706_off,-0.005926652691277414,0.01300024934259888,4785
1517,1641706_def,0.01784915853488809,0.012994847240168948,4806
1518,1641707_off,-0.008923553389479833,0.015297105701532959,1651
1519,1641707_def,-2.9317115435855787e-06,0.015289846669577268,1659
1520,1641708_off,-0.0021208223826303246,0.014160275142884064,2754
1521,1641708_def,-0.011310504096387347,0.01416990319757631,2741
1522,1641709_off,-0.003827300566941348,0.013705971764075895,3263
1523,1641709_def,-0.013012276489251134,0.013674465613914187,3309
1524,1641710_off,-0.016735802267699846,0.014455715526902288,2365
1525,1641710_def,-0.007091183495808637,0.014447346092914934,2368
1526,1641711_off,-0.01953251662589539,0.014194120267790293,2515
1527,1641711_def,0.021578081870246263,0.014187271176742636,2522
1528,1641712_off,-0.004387883620818432,0.01591791094818371,1160
1529,1641712_def,0.0009531463716240851,0.015926429114712773,1153
1530,1641713_off,-0.018573544132256814,0.014488514375392626,2327
1531,1641713_def,-0.008715380525334151,0.014481105775090567,2334
1532,1641715_off,-0.0010720362997285954,0.015176164441870761,1710
1533,1641715_def,0.0026977845676543506,0.01518077447969571,1707
1534,1641716_off,0.008376546638337864,0.016531565564594102,694
1535,1641716_def,0.0010102929508915446,0.016529493601531074,695
1536,1641717_off,-0.00402993406901561,0.01357175261972817,3425
1537,1641717_def,-0.003794684201191265,0.01355860635571909,3442
1538,1641718_off,-0.018954674723683396,0.013287503650918176,4087
1539,1641718_def,0.01050391453651874,0.013287604038595574,4082
1540,1641720_off,-0.011282886389432981,0.017433054625154425,227
1541,1641720_def,0.0026914067166985086,0.017445127277542775,221
1542,1641721_off,-0.01756388118393612,0.017484734406773603,207
1543,1641721_def,0.0004834693503568495,0.01749470528508314,202
1544,1641722_off,0.0056130638192751015,0.014399759529366655,2376
1545,1641722_def,0.017024480458848506,0.0144203381186124,2348
1546,1641723_off,-0.012289914192358321,0.01713859512990011,368
1547,1641723_def,-0.005505217613117481,0.017143082393202228,366
1548,1641724_off,-0.003327416953593816,0.017650412627417286,130
1549,1641724_def,-0.003760732249911032,0.0176593036450892,126
1550,1641726_off,0.024964642324251263,0.01430589844332409,2685
1551,1641726_def,0.006911839994595225,0.014304531600600091,2688
1552,1641727_off,8.125411050836229e-05,0.017829700291769397,53
1553,1641727_def,0.005735412754830961,0.017832088544461888,52
1554,1641729_off,0.0017136171675752366,0.015926013674531253,1094
1555,1641729_def,0.02156386092171515,0.0159194989969306,1099
1556,1641730_off,-0.0063685812788363645,0.016710649305575576,596
1557,1641730_def,-0.005568493505433428,0.016697034803155618,604
1558,1641731_off,-0.020046192700424126,0.013412535217554884,3638
1559,1641731_def,0.012958532461885672,0.013415969151470935,3635
1560,1641732_off,-0.005315431643786013,0.017110583822266944,375
1561,1641732_def,-0.008446996124763658,0.0171101693532636,375
1562,1641733_off,-0.020626846302584302,0.015572566185476902,1310
1563,1641733_def,0.0038738589283723356,0.015562088341423627,1317
1564,1641734_off,-0.006794996962486216,0.01748941043649639,201
1565,1641734_def,0.005768490864309721,0.01748717874579754,202
1566,1641735_off,0.002201896763137082,0.01781924881706829,57
1567,1641735_def,0.000663121782128568,0.017821697424358546,56
1568,1641738_off,-0.004695143625766421,0.01656823471765371,664
1569,1641738_def,0.011611159697879087,0.01655332297298096,673
1570,1641739_off,-0.009366592847095359,0.01363756476330011,3486
1571,1641739_def,-0.023300757524437575,0.013628349939210005,3503
1572,1641741_off,0.004679656284297489,0.016751078744189542,560
1573,1641741_def,0.00011857383880075049,0.016743183620394488,564
1574,1641745_off,5.098451309534579e-05,0.017885680845564404,30
1575,1641745_def,1.274928066320794e-05,0.017883220027942272,31
1576,1641748_off,-0.0030099195155412167,0.015755750916039788,1142
1577,1641748_def,0.017994667196979956,0.015744230196130932,1150
1578,1641749_off,-0.00408836181535883,0.017631252654453502,136
1579,1641749_def,0.0007763480975714413,0.017640288512450364,132
1580,1641753_off,-0.0024989412054695864,0.017583559430653484,158
1581,1641753_def,0.0029672893165951556,0.017581038565291272,159
1582,1641754_off,-0.00123137882589165,0.017707482975159613,103
1583,1641754_def,0.0018626139107680432,0.017700246224206618,106
1584,1641757_off,-0.0015143964642897825,0.01781744939142342,58
1585,1641757_def,0.002131068905778683,0.017817313810156596,58
1586,1641763_off,0.0009836496008588833,0.016560001710604302,657
1587,1641763_def,-0.0018938468223439774,0.016565146079700614,654
1588,1641764_off,0.02323939612092345,0.013277209168605843,3904
1589,1641764_def,-0.009737945603853403,0.013278309649080841,3904
1590,1641765_off,-0.007861462004470783,0.016779515028601772,569
1591,1641765_def,0.0021485926723192683,0.01678355147780479,567
1592,1641766_off,0.0005001271302841213,0.01780904780062224,61
1593,1641766_def,-0.005070306711147336,0.017818718120380925,57
1594,1641767_off,0.009106198651325004,0.015260235687707414,1624
1595,1641767_def,-0.0029438432959196627,0.015233880733827221,1648
1596,1641771_off,-0.0008960868077545811,0.01781089438967673,61
1597,1641771_def,0.0008674408082875631,0.017803850452900293,64
1598,1641774_off,-0.0007581651856269998,0.017307132960450763,283
1599,1641774_def,-0.011379437827619531,0.01731133837143522,281
1600,1641775_off,0.0017173298679422535,0.017746320154921596,87
1601,1641775_def,-0.004320132261278539,0.017755750603337284,83
1602,1641778_off,-0.0035163774249574974,0.016906024786317433,481
1603,1641778_def,-0.0020986089192343727,0.01691738470003209,475
1604,1641787_off,-0.0058714301106771415,0.0164433845691344,742
1605,1641787_def,0.006156719425184716,0.016435814250635873,746
1606,1641788_off,-0.003693766498103061,0.017885602617307757,30
1607,1641788_def,0.0022631219921167523,0.01788804560469374,29
1608,1641793_off,-0.0035878245630567465,0.017760727244084767,82
1609,1641793_def,0.004937403277797483,0.01775603882725962,84
1610,1641806_off,0.00040223580185466657,0.017942276643280807,7
1611,1641806_def,-0.001366120323683108,0.0179448129220789,6
1612,1641809_off,0.0006660090449845393,0.017947340248472346,5
1613,1641809_def,0.00012449584532196655,0.017947340375963728,5
1614,1641816_off,-0.0019464863052210026,0.0177198768204368,101
1615,1641816_def,-0.0035282674101406496,0.017730721525450372,96
1616,1641847_off,0.00013765955474075715,0.01793474528643169,10
1617,1641847_def,-0.0008512141681766607,0.017932234913100496,11
1618,1641851_off,-0.00958571728553614,0.01762020507629728,147
1619,1641851_def,-0.0012093258585657864,0.017615820716017496,149
1620,1641854_off,0.006366039394701441,0.015695807644889308,1258
1621,1641854_def,0.01044884894379044,0.01569380623267011,1260
1622,1641871_off,0.011821252486020896,0.014600742299456782,2347
1623,1641871_def,0.005470485368411797,0.014601686659484484,2347
1624,1641877_off,-0.019608309823335893,0.01669340515991655,613
1625,1641877_def,0.005349287708642703,0.0166971244424111,611
1626,1641926_off,-0.0031807425285693596,0.017789169688697707,71
1627,1641926_def,-0.002478172759127755,0.017784729667030378,73
1628,1641931_off,-0.00401106199546246,0.016917420706384058,467
1629,1641931_def,0.0015052154126814897,0.01691120904300868,470
1630,1641970_off,-0.004599034704561794,0.017389027185469922,251
1631,1641970_def,-0.008957236853675478,0.01738483818123966,253
1632,1641998_off,-0.008198484069929022,0.016072349209308442,999
1633,1641998_def,0.0032535904451743056,0.01606712091746256,1002
1634,1642013_off,-0.004471718958124349,0.017590100317314065,156
1635,1642013_def,-0.0005654427883023951,0.017587750639775388,157
