col,player_side,coef,se,poss
0,2207_off,-0.0001303929954555815,0.02374777632616337,4.0
1,2207_def,0.00107715478489288,0.018779856290984713,4.0
2,2544_off,0.04081542578012362,0.011322232283291598,15101.0
3,2544_def,-0.013806660308187158,0.010501876051472753,15083.0
4,2546_off,-0.008427870579961843,0.01644459153593548,3710.0
5,2546_def,0.005548427272010878,0.014423915225134894,3685.0
6,2617_off,-0.017957438708687132,0.022381474339807816,331.0
7,2617_def,0.002854256701795398,0.01808034571517687,331.0
8,2730_off,-0.0013427394995333421,0.01839067246150253,1988.0
9,2730_def,0.008118447373352366,0.01572979630090813,2000.0
10,2738_off,-0.006950691356443255,0.019151484965051115,1561.0
11,2738_def,-0.018310817037787443,0.016204853358521492,1564.0
12,2772_off,-0.011232545389060686,0.020539892883228397,921.0
13,2772_def,0.002249660726851183,0.017052954363603476,925.0
14,101108_off,0.010440175029111867,0.01206405477567599,12699.0
15,101108_def,-0.02462382075052862,0.011060852283003676,12665.0
16,101139_off,-0.0001303929954555815,0.02374777632616337,4.0
17,101139_def,0.00107715478489288,0.018779856290984717,4.0
18,101150_off,-0.0020194828380684345,0.0193097896733356,1612.0
19,101150_def,0.00274136777787064,0.016287696474463584,1611.0
20,200746_off,-8.027696341153146e-05,0.0183724907533197,2175.0
21,200746_def,-0.0022041532194556094,0.01569745148490463,2167.0
22,200752_off,0.0059189928589103566,0.015865226783097153,3821.0
23,200752_def,-0.021817043497046204,0.014027753135674703,3823.0
24,200765_off,-0.034791025807059686,0.019081628228971338,1522.0
25,200765_def,-0.003363905473805452,0.016164915255432274,1535.0
26,200768_off,-0.00222196520447073,0.011378871119824045,13033.0
27,200768_def,-0.019293477692203933,0.01057917209242746,13026.0
28,200782_off,0.01062627458898407,0.012075178728171073,10124.0
29,200782_def,-0.009290160227735442,0.011148091721819207,10111.0
30,200794_off,-0.010347754720660698,0.020889664588287716,784.0
31,200794_def,0.00035484906414832995,0.017279440370392134,772.0
32,201142_off,0.03752789756551556,0.011260509344133937,14877.0
33,201142_def,-0.02212507673430067,0.010404052138860276,14845.0
34,201143_off,0.014375730182191796,0.012500746489818512,14216.0
35,201143_def,-0.01611981072517012,0.011426027450494147,14195.0
36,201144_off,0.015011241840533127,0.011862788397703387,13532.0
37,201144_def,-0.009552338745427028,0.010894167039545708,13445.0
38,201145_off,-0.01709172821277152,0.012329880304742564,9513.0
39,201145_def,0.008203409821387347,0.01132072427866817,9548.0
40,201152_off,-0.010669671687768393,0.014949723056053164,4367.0
41,201152_def,0.0031387777838925222,0.013417180458470927,4352.0
42,201565_off,-0.025926491438269254,0.01689643935257698,2822.0
43,201565_def,-0.012613963581133949,0.01478248118270882,2803.0
44,201566_off,-0.0017504900533658176,0.01123558930750855,13585.0
45,201566_def,0.0018565641640034243,0.010382829942207432,13599.0
46,201567_off,0.00028699641232462147,0.012344837075717496,8726.0
47,201567_def,-0.013366086852790861,0.011376919909399734,8681.0
48,201568_off,0.006075954309573523,0.014966423177287922,5070.0
49,201568_def,0.009753121302495043,0.013360421145235304,5056.0
50,201569_off,0.0019833680050646684,0.011188768891238153,11796.0
51,201569_def,0.00013432597091497147,0.010443835448901713,11792.0
52,201571_off,-0.0123956894226024,0.018506613911649913,1825.0
53,201571_def,0.017915674688981507,0.015826697779071197,1815.0
54,201572_off,-0.010362165243571113,0.01231054098696339,11671.0
55,201572_def,-0.03047730208637707,0.011297578171935474,11645.0
56,201577_off,-0.029194434353912824,0.018115093575387008,2011.0
57,201577_def,-0.0021424108349963633,0.01557212484203571,2003.0
58,201580_off,-0.015967549712334102,0.015585542617616296,4143.0
59,201580_def,-0.008277524483112936,0.013810584063457445,4132.0
60,201586_off,-0.0257872436113589,0.017719315337644592,2229.0
61,201586_def,-0.005567400701296037,0.015305395810672091,2235.0
62,201587_off,0.004388417665148496,0.011924908592820489,9967.0
63,201587_def,-0.011232925497717124,0.011053081894796219,9939.0
64,201588_off,-0.005508833417280013,0.015166700589802178,4439.0
65,201588_def,-0.042628903372734415,0.01356362564966632,4416.0
66,201599_off,-0.027467815790603305,0.01627852021036921,3354.0
67,201599_def,0.009805883727292715,0.014274092200744848,3394.0
68,201609_off,0.0010899587706135823,0.016463113703562664,3081.0
69,201609_def,0.004569633593830114,0.014485461228077801,3066.0
70,201933_off,-0.01208816579290756,0.016407047002505407,3218.0
71,201933_def,-0.0024057509645058544,0.014430149427591394,3201.0
72,201935_off,0.035117093582853094,0.010794720569805117,15813.0
73,201935_def,0.005934307167218123,0.010025597015497168,15819.0
74,201937_off,-0.01279432984226157,0.016521140891714907,3178.0
75,201937_def,-0.03454767568590632,0.014520981319862122,3164.0
76,201939_off,0.04446652096641976,0.012423872601636111,16494.0
77,201939_def,-0.014455600654358393,0.011308435173805453,16381.0
78,201942_off,0.024673169827604664,0.012296845692141171,17645.0
79,201942_def,-0.004743987277599324,0.011217245112495779,17648.0
80,201949_off,-0.017969861529737462,0.016966149460517495,2851.0
81,201949_def,-0.010346525701718306,0.014788725649245642,2869.0
82,201950_off,0.044756563017845044,0.011200673726971071,15123.0
83,201950_def,-0.02173602964533044,0.010382940564846113,15087.0
84,201954_off,-0.004003165616796087,0.023388071677373924,84.0
85,201954_def,0.001711811447894191,0.018600281565289527,84.0
86,201959_off,-0.006462426769931002,0.016306614570908463,3241.0
87,201959_def,-0.013172620380111076,0.014341019388412576,3250.0
88,201961_off,-0.014793156127480925,0.018915154870771795,1644.0
89,201961_def,0.007804437623363336,0.016083333638930882,1636.0
90,201976_off,-0.012772860496129388,0.011520217741938912,10156.0
91,201976_def,-0.014898926255234004,0.010705221267400632,10208.0
92,201980_off,-0.012094322304452692,0.015951958131454124,3722.0
93,201980_def,-0.005035350772595005,0.014114276460497918,3720.0
94,201988_off,0.00012818771241898975,0.013746212534787288,7075.0
95,201988_def,0.001275478874207707,0.012409062101753809,7041.0
96,202066_off,-0.04947970187848918,0.016588892998203802,3177.0
97,202066_def,0.017071439643836638,0.014530555280326332,3176.0
98,202083_off,-0.007832147574218936,0.014153839466696669,5428.0
99,202083_def,-0.016316010409628323,0.012783671057532168,5500.0
100,202322_off,-0.033752868592236585,0.019009353691484827,1589.0
101,202322_def,-0.001532594114378291,0.01613543230922243,1591.0
102,202324_off,-0.03253417106302245,0.019645150216141903,1318.0
103,202324_def,-0.009280749459505267,0.016509692465364954,1328.0
104,202326_off,0.029098629261587166,0.019190806247081343,1587.0
105,202326_def,0.0013176746197157486,0.016243533443287966,1569.0
106,202328_off,0.0023470298351897217,0.02207256335714497,412.0
107,202328_def,0.0008814734374797575,0.017914822919337756,413.0
108,202330_off,-0.009103903510634287,0.012702495942323677,9150.0
109,202330_def,-0.01361072318807898,0.011638499936292712,9149.0
110,202331_off,0.03851879373906849,0.01274019027970933,11334.0
111,202331_def,-0.030333012389249812,0.011634442266980771,11294.0
112,202334_off,-0.017705168614646015,0.022178149680294634,393.0
113,202334_def,-0.006057407994030587,0.017973888244362912,390.0
114,202339_off,-0.024076854368799628,0.017244121574303935,2779.0
115,202339_def,-0.014780738119536454,0.014970784065519771,2789.0
116,202340_off,-0.028813521041254956,0.017351307907424143,2876.0
117,202340_def,0.0009470823727923827,0.015019382625958344,2900.0
118,202355_off,0.030881486924926826,0.01807283779892347,2449.0
119,202355_def,-0.009679684755240505,0.015475772827581977,2475.0
120,202357_off,-0.001256111266401763,0.017690988567545297,2606.0
121,202357_def,-0.011174500853293412,0.015242815947824956,2599.0
122,202362_off,0.003891826757794763,0.019077268802279213,1659.0
123,202362_def,0.0157839406074797,0.01614362698201964,1657.0
124,202397_off,-0.03334124235288385,0.014796672829162248,4660.0
125,202397_def,0.011644929830416428,0.013262867210572718,4666.0
126,202681_off,0.0528926110723262,0.011731109678136509,11467.0
127,202681_def,-0.008213517237293797,0.010843575294154207,11441.0
128,202683_off,0.00352444783928662,0.020873416990165455,831.0
129,202683_def,-0.008291402488757553,0.017257174562356984,820.0
130,202684_off,0.00034618275404849183,0.01654104038977371,3040.0
131,202684_def,0.007226607264479956,0.014509894692929572,3036.0
132,202685_off,0.012538860473344788,0.013284427494714045,13058.0
133,202685_def,0.005157796261520636,0.011902979431297398,13008.0
134,202687_off,-0.002420299273720884,0.014921026368510242,4753.0
135,202687_def,-0.0045406627199617335,0.01332120351641207,4760.0
136,202688_off,-0.004238321704901144,0.02316520884674062,136.0
137,202688_def,-0.0019012626346982704,0.018492965806328903,133.0
138,202689_off,-0.013803974288916833,0.018396607938258307,2193.0
139,202689_def,0.0066459651486609605,0.015710232356928585,2198.0
140,202691_off,0.002583914591043883,0.011957980103694177,14177.0
141,202691_def,0.010485363442420388,0.01101248198602777,14118.0
142,202692_off,0.009110385114229784,0.01225981506740807,9386.0
143,202692_def,-0.006597911760701481,0.011278027348441008,9357.0
144,202693_off,-0.011388177108012579,0.01830886566421475,1831.0
145,202693_def,0.0003503338676600735,0.01570541905835757,1830.0
146,202694_off,-0.0014596792194449288,0.01287201066948553,8751.0
147,202694_def,0.011804913793228681,0.011791688936413912,8734.0
148,202695_off,0.03127211946420253,0.01374251245427818,8388.0
149,202695_def,-0.029138208260829086,0.01242935034456881,8358.0
150,202696_off,-0.002999333120850061,0.013997707063708724,16243.0
151,202696_def,0.00505300391122478,0.012356295028424953,16211.0
152,202699_off,0.0035855562889542036,0.012457088645796265,16344.0
153,202699_def,-0.006487352786765602,0.011315578034947255,16333.0
154,202704_off,-0.026146469424544592,0.011932296244857246,12003.0
155,202704_def,-0.014418264863065876,0.010962064908092935,11996.0
156,202709_off,-0.003047665698004837,0.014112647644939781,6325.0
157,202709_def,-0.004058388468893069,0.01268266810797939,6325.0
158,202710_off,0.03296911760989129,0.01149494635875559,15284.0
159,202710_def,-0.01383458361416237,0.010655938156058099,15243.0
160,202711_off,0.010779742330788924,0.012177680854215226,11582.0
161,202711_def,0.022100851771086644,0.011158965711937176,11578.0
162,202722_off,-0.009647417245376414,0.014964360849657908,4369.0
163,202722_def,0.0012902312666669864,0.01342485753421482,4350.0
164,202738_off,-0.004943830769795875,0.02097145851490836,746.0
165,202738_def,-0.0013640730035775455,0.01730710806029792,747.0
166,202954_off,-0.0073117125040771174,0.021380420232172615,641.0
167,202954_def,0.0004090508854920588,0.017524380728836424,644.0
168,203076_off,0.002803814600651205,0.012155453784554838,13982.0
169,203076_def,-0.0382917612640583,0.01111423409895654,13964.0
170,203078_off,0.0025033921239448393,0.012311418295313448,9972.0
171,203078_def,-0.003042922835966228,0.011323990477906554,9951.0
172,203081_off,0.05389837555966132,0.012192199557369335,11870.0
173,203081_def,-0.0031730573495636016,0.01115218886340901,11840.0
174,203082_off,-0.010674412470826528,0.014024992558506639,5892.0
175,203082_def,0.02210991361604039,0.012708555851997731,5862.0
176,203083_off,0.008609258468867204,0.013475299540258763,7531.0
177,203083_def,-0.013323835513350245,0.012137987669189998,7576.0
178,203084_off,0.0027424611244959048,0.012668091540646692,16330.0
179,203084_def,0.010585210669655643,0.01146762180064233,16324.0
180,203085_off,-0.006862104187791319,0.014470401065470501,5404.0
181,203085_def,0.010645026397105647,0.01298103345849821,5448.0
182,203086_off,0.002410783954356593,0.02274077287860181,243.0
183,203086_def,0.005027422243327597,0.018266213892454725,243.0
184,203087_off,0.0038631298364102174,0.018388689265614946,1888.0
185,203087_def,-0.0067257500474275185,0.015743951765326107,1886.0
186,203090_off,-0.015716257684513363,0.018778723011715633,1753.0
187,203090_def,-0.005837112112519324,0.015951248446468273,1785.0
188,203095_off,-0.0280917593709411,0.01445415021587582,6836.0
189,203095_def,-0.007308603283076031,0.012896568368554477,6838.0
190,203107_off,-0.023949101842714177,0.018505448558490147,1823.0
191,203107_def,0.005432620700176994,0.015800857096954567,1838.0
192,203109_off,0.0033543739782893344,0.013305107927619911,7855.0
193,203109_def,-0.009088507386556463,0.01210724322015392,7884.0
194,203110_off,0.007540068941816194,0.012578075894317675,13023.0
195,203110_def,-0.045617881678013845,0.01148271983287556,12987.0
196,203114_off,0.014798399136940492,0.012409069357260728,9878.0
197,203114_def,-0.0022333080020029822,0.011446794553017812,9814.0
198,203115_off,-0.04290225388099024,0.014393991416496357,7006.0
199,203115_def,0.0020739526055184453,0.012892312430578461,6992.0
200,203145_off,-0.02756439571662032,0.02001709479508133,1132.0
201,203145_def,-0.005232611125853625,0.01672167922624998,1150.0
202,203200_off,-0.01617479742881685,0.01288410025195847,7427.0
203,203200_def,0.006168463409338355,0.011793983297347595,7445.0
204,203210_off,-0.01525081616344085,0.015639102246409332,4123.0
205,203210_def,0.002570880826485468,0.01380898406820896,4172.0
206,203457_off,-0.018435596969343684,0.019108156515868842,1549.0
207,203457_def,0.00046109909230611005,0.016181160669917705,1553.0
208,203458_off,-0.009601188029355555,0.017309136709814512,2673.0
209,203458_def,-0.02456553576773104,0.014996922491421526,2683.0
210,203463_off,-0.03261769740168651,0.01751553145564694,2608.0
211,203463_def,0.012439641759535615,0.015134259361515665,2610.0
212,203468_off,0.014016795833571441,0.012004639024969684,14935.0
213,203468_def,0.010935808693201213,0.010978403384868794,14871.0
214,203469_off,-0.0014240757252752746,0.017765413767407822,2183.0
215,203469_def,-0.0009958881365922626,0.015320192299208286,2200.0
216,203471_off,-0.007466420680044247,0.010437379909377757,13573.0
217,203471_def,-0.009694976228772353,0.009798685250467318,13568.0
218,203473_off,-0.021001782396781132,0.016954023135274124,3271.0
219,203473_def,-0.009458277940420874,0.014696825091910875,3293.0
220,203476_off,-0.0298177241793088,0.019071169453361434,1515.0
221,203476_def,0.0073199737436438,0.016161780439842115,1522.0
222,203482_off,0.006387117920688928,0.012722303659023196,9288.0
223,203482_def,0.012082132177369675,0.011612655764007326,9250.0
224,203484_off,0.005204923528538982,0.012126555762232169,15868.0
225,203484_def,-0.005495261607678208,0.01105666264369164,15833.0
226,203486_off,-0.0007137568864786587,0.012923894193780457,9580.0
227,203486_def,-0.005179335471620645,0.011752151279846489,9600.0
228,203487_off,-0.0029988764512414857,0.02337520471314775,88.0
229,203487_def,0.004597226988204895,0.01859752803751956,86.0
230,203488_off,0.004163314386526938,0.014764623114208167,4536.0
231,203488_def,-0.011191872558421226,0.013289897985574332,4481.0
232,203490_off,0.003554168986769889,0.015310372567968404,4280.0
233,203490_def,-0.017185954953923926,0.013685504100892996,4222.0
234,203493_off,-0.0030979969142923844,0.012406925885698014,10625.0
235,203493_def,-0.0051190189001171105,0.011402572230393418,10609.0
236,203496_off,-0.007538795893674791,0.013603593490397203,6628.0
237,203496_def,-0.02127497850355663,0.01235501130674553,6610.0
238,203497_off,-0.003917533783199584,0.012228346719300483,14696.0
239,203497_def,-0.03446117698224172,0.011130725820780271,14672.0
240,203500_off,0.04759049196524671,0.015014862778340006,6710.0
241,203500_def,-0.009463431684071833,0.013272436925973834,6670.0
242,203501_off,0.0037924164818161936,0.01202438772672752,11172.0
243,203501_def,-0.002141064983521517,0.011097966386674322,11189.0
244,203503_off,-0.018781487929060554,0.018735809208646124,1673.0
245,203503_def,0.009234684463855256,0.01597450701314813,1672.0
246,203504_off,-0.01421409576342682,0.0205427333227107,953.0
247,203504_def,-0.0027860586215101685,0.017024457758240283,963.0
248,203506_off,-0.016914844253237714,0.016163229940493067,3403.0
249,203506_def,0.0008597197805222117,0.014262405283734816,3411.0
250,203507_off,0.04175684399012556,0.011651788933155133,15381.0
251,203507_def,-0.026760557170241433,0.010750594617027145,15337.0
252,203516_off,0.0014833668585147854,0.02325113695298767,116.0
253,203516_def,0.001291253706816528,0.018534583812904865,114.0
254,203521_off,-0.017158848767295478,0.02201781148016917,440.0
255,203521_def,-0.001661847741170407,0.017852683308075823,455.0
256,203524_off,0.0017159716062745349,0.02258811112784789,279.0
257,203524_def,-0.0109896066933178,0.01819772907570488,274.0
258,203526_off,0.0013778719428498422,0.01587032052605518,3748.0
259,203526_def,0.0006711184220281197,0.014027085772151176,3765.0
260,203552_off,-0.0070108903842102015,0.012437166902580921,8387.0
261,203552_def,-0.0015203596675354095,0.011470345826229716,8346.0
262,203585_off,-0.0015559444126187834,0.0172058947068539,2652.0
263,203585_def,-0.005427306902318396,0.014960569424493237,2656.0
264,203648_off,-0.028156827685285924,0.018818949275617534,1764.0
265,203648_def,0.0183038104175655,0.015963231841614415,1772.0
266,203658_off,-0.009479924154429007,0.023594449047756563,37.0
267,203658_def,0.0007184956397025823,0.018703785441825247,37.0
268,203816_off,-0.0022629972075968183,0.023604784340905006,35.0
269,203816_def,-0.0009283802089224038,0.01871106689176329,34.0
270,203897_off,0.005777272770406355,0.012891830224227968,12535.0
271,203897_def,-0.005968431756767329,0.011683433975638596,12529.0
272,203901_off,-0.02199911131113698,0.01998173535196951,1162.0
273,203901_def,-0.004356846056704296,0.01673071107546415,1154.0
274,203903_off,0.01392575105857681,0.012121005310561263,12150.0
275,203903_def,0.0016402492176490146,0.011075924908839511,12132.0
276,203914_off,0.0029996695752046855,0.013198395287632518,8691.0
277,203914_def,0.005389048157174843,0.012016992322829314,8676.0
278,203915_off,0.011267219895735007,0.01064601321212271,15008.0
279,203915_def,-0.002792700796027762,0.00993765892112523,15049.0
280,203917_off,-0.0012059417617918287,0.02321973783371129,123.0
281,203917_def,-0.006749491427101378,0.018505489598451504,127.0
282,203918_off,0.0005171575975779511,0.01929253795117971,1434.0
283,203918_def,-0.0032322084750646134,0.016292642818293672,1444.0
284,203920_off,0.0004332077107252481,0.01758499161788205,2418.0
285,203920_def,0.004327674062452534,0.015220122923386013,2424.0
286,203924_off,-0.013500931869428414,0.012266534578986429,11240.0
287,203924_def,-0.003363500102757436,0.011220401966654966,11237.0
288,203925_off,-0.02110522557663826,0.015293464978096387,4462.0
289,203925_def,0.004568956887008078,0.013639333674268627,4434.0
290,203926_off,0.0010432616295727678,0.013086067744153025,7316.0
291,203926_def,0.033452913165599556,0.012010619726287024,7238.0
292,203932_off,0.028110128832035213,0.013539782354831234,15481.0
293,203932_def,-0.022931517271725786,0.012123422363164082,15425.0
294,203933_off,0.0033013226184924033,0.01832002281835824,1867.0
295,203933_def,-0.02006945583345035,0.015705408972305396,1868.0
296,203935_off,0.004404040075764628,0.01245249063946,12714.0
297,203935_def,-0.015364846869003525,0.011390525007257216,12750.0
298,203937_off,-0.009807501234882068,0.011499977430927628,11576.0
299,203937_def,-0.017145851570380028,0.010682722740883197,11587.0
300,203939_off,0.014962927945592905,0.013352224342025905,8569.0
301,203939_def,-0.0026698132083419947,0.012097900281642229,8607.0
302,203943_off,0.0002854137852801624,0.022323247802378272,347.0
303,203943_def,0.005770700218199835,0.018040022972780415,351.0
304,203944_off,0.023004450228176262,0.01336422305785482,14489.0
305,203944_def,-0.0004801123583545778,0.01195155741618439,14424.0
306,203952_off,-0.007748299032892115,0.0124800268560597,13798.0
307,203952_def,-0.01645972072006352,0.011408046758394836,13802.0
308,203953_off,-0.006065632634213848,0.022794902213176704,225.0
309,203953_def,-0.000320502361784263,0.01829672995758637,225.0
310,203954_off,0.03656561796842852,0.013325250815224942,13331.0
311,203954_def,-0.03891309724169133,0.01194750246583374,13306.0
312,203957_off,0.027832913602156232,0.017861350925969233,2289.0
313,203957_def,-0.013766704622498422,0.015407199461386892,2283.0
314,203967_off,0.0016394530415399823,0.015496676493511666,3950.0
315,203967_def,0.009907173992450127,0.013786289083220946,3941.0
316,203991_off,0.01827391879036423,0.01382897289833309,12326.0
317,203991_def,-0.012636492259111662,0.01226903357992812,12321.0
318,203992_off,0.034245972563398876,0.01199165708552383,12587.0
319,203992_def,-0.01038119198404164,0.011027284074065204,12571.0
320,203994_off,0.01163957070053539,0.012955154173284288,10346.0
321,203994_def,-0.02301301792243723,0.011719548444220308,10299.0
322,203995_off,0.007432815477243777,0.01800527051669475,2351.0
323,203995_def,0.002163798102003424,0.015453487875570472,2361.0
324,203999_off,0.06831456730490333,0.013636447263386291,17418.0
325,203999_def,-0.03068634186608928,0.012125190859361965,17290.0
326,204001_off,0.01100148226923349,0.011835435268653102,10831.0
327,204001_def,-0.014524390910527823,0.01093121773292787,10781.0
328,204020_off,0.0011795425440091192,0.022938414405436466,189.0
329,204020_def,0.002852999130575346,0.018378840108874594,185.0
330,204025_off,-0.018463971499976705,0.0221305152774433,407.0
331,204025_def,-0.001407172460750031,0.01793280999613352,412.0
332,204038_off,-0.012527382182271672,0.022797643386229798,223.0
333,204038_def,-0.007421063023088948,0.018298578050197075,223.0
334,204060_off,0.017336556804403578,0.01311236301084284,7052.0
335,204060_def,-0.01205702120318698,0.011993915964628747,7028.0
336,204456_off,0.008262893779661558,0.013895020667259159,7319.0
337,204456_def,-0.004760024387060753,0.012483830799973405,7307.0
338,1626144_off,-0.002283941156252438,0.023654827378185993,24.0
339,1626144_def,-0.00031918688822678623,0.01873376477930052,24.0
340,1626145_off,0.013780277777069392,0.012027145644067622,12208.0
341,1626145_def,0.005390712555023751,0.01099457671327106,12188.0
342,1626147_off,0.007967995809637514,0.021390180171983866,636.0
343,1626147_def,0.008995058810382872,0.01752846138106846,642.0
344,1626149_off,0.0098070555519887,0.014913538878782658,4711.0
345,1626149_def,-0.018596193898890365,0.013321148041008108,4733.0
346,1626153_off,0.014190336034389675,0.013131088834940154,7379.0
347,1626153_def,-0.027958410231445067,0.011958384944469602,7409.0
348,1626155_off,-0.0004327230023673911,0.023761868586196718,1.0
349,1626155_def,0.0006404309164615433,0.0187844741887932,2.0
350,1626156_off,0.020899055803231564,0.010907684371192944,16118.0
351,1626156_def,0.00028407788863440427,0.010151812447176325,16035.0
352,1626157_off,0.02354096802275042,0.012454112199999404,12361.0
353,1626157_def,-0.009900168263409902,0.01138849276898579,12285.0
354,1626158_off,-0.025361827371239026,0.015568361127569324,4104.0
355,1626158_def,0.003590205347783558,0.013793700780737609,4106.0
356,1626159_off,-0.0015192735875118547,0.01647207402865306,3188.0
357,1626159_def,-0.020743849040968154,0.014458850534391172,3197.0
358,1626161_off,-0.007863024949855482,0.022215888208216773,380.0
359,1626161_def,-0.00810727033091802,0.017993108015520017,378.0
360,1626162_off,-3.8262459100768836e-05,0.011399866879111506,11661.0
361,1626162_def,0.0034760902671208873,0.010587190606439603,11719.0
362,1626163_off,-0.008494421708742365,0.020630180116545774,873.0
363,1626163_def,-0.006761411042926202,0.017121515730188844,864.0
364,1626164_off,0.05285874800787898,0.011474066077741499,15399.0
365,1626164_def,-0.003964708428597988,0.010592691640790065,15374.0
366,1626166_off,-0.0052397526312337765,0.012764657505469429,7989.0
367,1626166_def,-0.01486341097593948,0.011694009850238097,7982.0
368,1626167_off,0.02579185203383154,0.013296111225024844,10684.0
369,1626167_def,-0.021430035552019007,0.011948491775935339,10680.0
370,1626168_off,0.015006768474202783,0.012903384335297958,8446.0
371,1626168_def,-0.0004574713620904472,0.011772148235046992,8406.0
372,1626169_off,0.023074379604101507,0.016506341470548077,3195.0
373,1626169_def,0.0183761929918689,0.014465394059868845,3224.0
374,1626171_off,0.010337817211581998,0.011653963999222246,12896.0
375,1626171_def,0.004766531163435877,0.010777539690404044,12848.0
376,1626172_off,0.027232214417830875,0.012575385482919206,11629.0
377,1626172_def,-0.013351755894724553,0.011475443487159188,11680.0
378,1626174_off,-0.0074362126970152695,0.012316658527487251,9589.0
379,1626174_def,0.013269765659974474,0.011308171262712411,9549.0
380,1626179_off,0.0013834843591033106,0.011859820919395971,13909.0
381,1626179_def,0.0053094004333688275,0.010903734304690596,13876.0
382,1626181_off,-0.007147448516938682,0.011902285317049933,10836.0
383,1626181_def,0.014218445520204376,0.010993347641553994,10788.0
384,1626192_off,-0.012913704372281056,0.012036799101283673,10831.0
385,1626192_def,0.01271225228732528,0.011123275330681647,10850.0
386,1626195_off,0.0068873278935743356,0.01733157646816141,2714.0
387,1626195_def,0.0028757110831960533,0.014993434172046507,2730.0
388,1626196_off,-0.008643464833689182,0.01199565968703102,8692.0
389,1626196_def,-0.00031810510398813067,0.011110944377798023,8701.0
390,1626204_off,0.005342771513362111,0.013722598309881064,7706.0
391,1626204_def,-0.016560369928059405,0.012327903326764032,7743.0
392,1626208_off,-0.007596089188318431,0.020154168954832966,1126.0
393,1626208_def,0.003111168631209667,0.016810687176570756,1127.0
394,1626220_off,0.0002564168985281677,0.011199002729920358,14329.0
395,1626220_def,-0.01972461899816806,0.010355853706682294,14357.0
396,1626224_off,-0.006332580080790572,0.01235237332363922,8962.0
397,1626224_def,0.010919265426444148,0.011365015298675344,8976.0
398,1626246_off,-0.002314066762122346,0.020933158739104236,770.0
399,1626246_def,-0.01286649272145855,0.01728456157129321,767.0
400,1627732_off,-0.0005644889794299873,0.01689230401375469,3014.0
401,1627732_def,-0.006791786090034485,0.014736443469771493,3032.0
402,1627734_off,0.011971230781457521,0.012860630138334442,16624.0
403,1627734_def,-0.013306124672586496,0.011543151987155362,16537.0
404,1627736_off,-0.007396753405297949,0.010819267840504776,13988.0
405,1627736_def,-0.000664730682482075,0.01009414831489806,13965.0
406,1627737_off,-0.014892063999791958,0.02103296029337654,765.0
407,1627737_def,0.002468391453631853,0.01732464993256355,766.0
408,1627739_off,0.02029645551306687,0.015307732807440716,4505.0
409,1627739_def,0.00806585581826029,0.013590983401651106,4526.0
410,1627741_off,0.006092811391154383,0.011048848532080636,14914.0
411,1627741_def,0.008642529140738622,0.01027799696386868,14851.0
412,1627742_off,0.012441505892767876,0.012629682908808292,11957.0
413,1627742_def,-0.00940224864632599,0.01154719274545919,11932.0
414,1627745_off,-0.041320662764454286,0.015986155260436924,3584.0
415,1627745_def,0.0075825487841933705,0.014114891385661786,3577.0
416,1627747_off,0.0017416712833184576,0.011320848676366653,12465.0
417,1627747_def,-0.0009355289305548204,0.01054632520649194,12449.0
418,1627749_off,0.016158055372286657,0.011347026671636708,16858.0
419,1627749_def,-0.0021361117645591057,0.010410699445838063,16895.0
420,1627750_off,0.01819498230489087,0.013721049276121307,9733.0
421,1627750_def,-0.0010359789953595386,0.01239125284837113,9695.0
422,1627751_off,0.01565983527314052,0.012260149400068901,10792.0
423,1627751_def,-0.004061748915398031,0.011207325342632982,10825.0
424,1627752_off,-0.006885541653367685,0.01193914980383199,10062.0
425,1627752_def,0.01671019135400796,0.011040252647344682,10083.0
426,1627756_off,-0.006466000145394248,0.021986039149107284,451.0
427,1627756_def,-0.001233844867177989,0.017872418974452676,446.0
428,1627759_off,0.0013658784900485617,0.012062747507163813,17461.0
429,1627759_def,-0.015383580056656134,0.011059470300990118,17427.0
430,1627760_off,0.002079276101328586,0.023641730448879576,27.0
431,1627760_def,-0.00045702320784757154,0.01872709931019195,27.0
432,1627761_off,0.0002863501049848977,0.01828238465443349,2087.0
433,1627761_def,-0.0014123952743965579,0.015629204874869525,2117.0
434,1627763_off,0.0009334874704327128,0.012084374562000174,9100.0
435,1627763_def,-0.005912381811298806,0.011173995998276282,9081.0
436,1627767_off,-0.0064893563457624195,0.023464479407924253,67.0
437,1627767_def,0.0029214786665154057,0.018633430073680398,69.0
438,1627774_off,-0.002532995957153621,0.021944598158742817,486.0
439,1627774_def,0.003294322299917837,0.0178271902459761,487.0
440,1627777_off,-0.008073044153043826,0.011887690782022285,10984.0
441,1627777_def,0.004742351650817855,0.010944401470796453,10958.0
442,1627780_off,0.0194170138310818,0.014078467033599282,5473.0
443,1627780_def,-0.018602534684091062,0.012720088204828067,5540.0
444,1627782_off,-0.0037659953547334347,0.023585803026923917,39.0
445,1627782_def,0.0013556487113291955,0.018697309249006904,40.0
446,1627783_off,0.029663942933291956,0.011493046323864992,16471.0
447,1627783_def,-0.004353311403400828,0.010624880300341972,16460.0
448,1627788_off,-0.01078412894359553,0.01532942224040603,4372.0
449,1627788_def,-0.00924137672166629,0.013646864642301965,4380.0
450,1627789_off,-0.011474814946328023,0.019160957601129448,1526.0
451,1627789_def,0.00653203389161044,0.01623822417249512,1519.0
452,1627814_off,-0.011617865965859654,0.013947377906422066,6067.0
453,1627814_def,-0.008066036065703218,0.012606500139722907,6051.0
454,1627820_off,0.00044902588924305883,0.02310133649812129,151.0
455,1627820_def,0.004876774277612142,0.018446179423446406,155.0
456,1627822_off,-0.000573595558951584,0.023394337299215445,83.0
457,1627822_def,-0.0011993257008600213,0.01860667222169232,81.0
458,1627823_off,0.005954729894019653,0.017607375152713434,2235.0
459,1627823_def,0.01068565420454324,0.015267124231134351,2220.0
460,1627826_off,-0.010591792660690968,0.013048021655149596,12113.0
461,1627826_def,-0.004716416434222371,0.011820306371122991,12108.0
462,1627827_off,0.003659365711754206,0.011711828107652254,14416.0
463,1627827_def,-0.014325124876803102,0.010780827049766616,14470.0
464,1627832_off,0.024394129812255434,0.011412127236946104,15738.0
465,1627832_def,-0.02388808793854558,0.01054434742752593,15693.0
466,1627846_off,-0.014287411046777167,0.022467025146996864,319.0
467,1627846_def,-0.007292406987912931,0.01812158281656714,319.0
468,1627853_off,-0.031160403715743988,0.02144355825246323,605.0
469,1627853_def,-0.013760156015802704,0.017565855253729532,607.0
470,1627854_off,-0.005090823350922074,0.016234615345715228,3365.0
471,1627854_def,0.0020729273818416763,0.014320602668723958,3336.0
472,1627863_off,-0.012831118111729009,0.01486395941531672,4461.0
473,1627863_def,-0.009592905391549795,0.013317855290412774,4483.0
474,1627884_off,-0.008930487829412064,0.012976240215342879,7595.0
475,1627884_def,-0.020464719496675624,0.011857737321294587,7617.0
476,1627885_off,-0.0005075865771016854,0.02229730202773338,369.0
477,1627885_def,-0.001200173594594306,0.018027304639515223,369.0
478,1627936_off,-0.012219000421176691,0.012591212600253199,9994.0
479,1627936_def,-0.04291847364486015,0.011564729504406008,10009.0
480,1628021_off,-0.004342425012394241,0.019667767029969682,1283.0
481,1628021_def,0.00808922804134027,0.016540523492308,1280.0
482,1628035_off,-0.002792354491652489,0.022110038973518684,408.0
483,1628035_def,0.010013986716485287,0.017925714603248603,412.0
484,1628221_off,0.00466893377400837,0.02303018406636167,168.0
485,1628221_def,0.0006765854430849417,0.01843370784613508,161.0
486,1628238_off,-0.0006773538107223237,0.0236834724331014,18.0
487,1628238_def,-0.0007972811261779519,0.018750087958666166,17.0
488,1628365_off,-0.013073461999173294,0.01475049263560804,6291.0
489,1628365_def,-0.003295589869198725,0.013130296891988464,6282.0
490,1628366_off,-0.007431850295152483,0.017687494876017795,2499.0
491,1628366_def,-0.01213632670560524,0.015272323451733322,2491.0
492,1628367_off,-0.02211063301880701,0.018864025720022853,1704.0
493,1628367_def,0.007253146450914889,0.01603414357876702,1704.0
494,1628368_off,0.024632413419208497,0.012667384897212326,15685.0
495,1628368_def,-0.0019332190664272993,0.01141501155408156,15652.0
496,1628369_off,0.041942791059259014,0.01194618947993998,19867.0
497,1628369_def,-0.021649625388082017,0.010928570858372674,19860.0
498,1628370_off,0.005128474093966549,0.011586505122161509,12315.0
499,1628370_def,0.004563685268687313,0.010708308012593024,12209.0
500,1628371_off,-0.0023679501096821338,0.018272680079744953,2118.0
501,1628371_def,-0.03250286848012643,0.01562630408853394,2142.0
502,1628372_off,-0.024527272742405765,0.013568555114463497,6287.0
503,1628372_def,-0.030469198014003954,0.012313625411064105,6321.0
504,1628373_off,-0.0071968518738266115,0.016681290581137768,2945.0
505,1628373_def,-0.021146029488034932,0.01458023041824094,2971.0
506,1628374_off,0.03257389346717578,0.011747727716669782,12396.0
507,1628374_def,-0.0045192203650337584,0.010843125063572665,12346.0
508,1628378_off,0.03469099554642394,0.011689170769209088,14247.0
509,1628378_def,-0.014238867630170822,0.01075851479336219,14208.0
510,1628379_off,0.01431969833436635,0.01240606989858827,8792.0
511,1628379_def,-0.009816000888744356,0.011443479805974292,8722.0
512,1628380_off,-0.014040239927885233,0.01393433315999075,7341.0
513,1628380_def,-0.005558121164265054,0.012532324748041994,7321.0
514,1628381_off,-0.010956681351704361,0.011940613972091589,12362.0
515,1628381_def,0.004848842719775034,0.010961646878546453,12367.0
516,1628382_off,-0.029073894375046802,0.022564251994787246,288.0
517,1628382_def,0.0006413502542243674,0.01816061456712447,295.0
518,1628384_off,0.00420964101929001,0.01199553486479965,12189.0
519,1628384_def,-0.030850768770015358,0.011090776720069624,12161.0
520,1628385_off,-0.0010982632735746889,0.022882475370340934,205.0
521,1628385_def,0.008909136449513785,0.01834111711206349,205.0
522,1628386_off,0.009473009513434345,0.012390869137136348,13381.0
523,1628386_def,-0.019713580452321352,0.011338311453734054,13394.0
524,1628389_off,-0.008404849959646472,0.012490119812406286,16729.0
525,1628389_def,-0.03284256509907015,0.011263754515443907,16683.0
526,1628391_off,-0.0007228687892960388,0.023124331173163874,148.0
527,1628391_def,0.0018965138566615384,0.018465519241838618,148.0
528,1628392_off,0.029009508283057536,0.012853877379092028,10068.0
529,1628392_def,-0.015273927116511743,0.011634521661739462,10050.0
530,1628395_off,0.0013821772010701758,0.023747667909328155,4.0
531,1628395_def,0.0005852163505533113,0.018779793272116173,4.0
532,1628396_off,0.00958807174956539,0.019960245137524084,1227.0
533,1628396_def,-0.01037832418350084,0.0166796792121888,1227.0
534,1628398_off,-0.014449972894525737,0.012110386577613234,13855.0
535,1628398_def,0.006848623917177073,0.011077959579131505,13878.0
536,1628400_off,-0.02991827526142749,0.020830443590240035,816.0
537,1628400_def,0.010038574601917484,0.017207909740771736,823.0
538,1628401_off,0.02031717550465937,0.010863119168136431,16464.0
539,1628401_def,-0.03623697092021844,0.01012118823688433,16508.0
540,1628402_off,-0.02599298714644981,0.01774820490172354,2421.0
541,1628402_def,0.0006698131792401075,0.015298523445617992,2433.0
542,1628404_off,0.01528550160260209,0.010920222292228138,14722.0
543,1628404_def,-0.017730407374259887,0.010139824106595132,14724.0
544,1628408_off,-0.028904859722038326,0.020722312496036278,857.0
545,1628408_def,-0.004638037645541028,0.017145457162513946,866.0
546,1628410_off,0.00248484300497732,0.0191670325534626,1546.0
547,1628410_def,-0.005295910702470024,0.016213679290642116,1553.0
548,1628411_off,0.0030024698283618546,0.023060809628520355,163.0
549,1628411_def,0.0013663463733829845,0.01843522860434085,162.0
550,1628415_off,0.002270473539250531,0.011965917536319086,12042.0
551,1628415_def,-0.03502353654217707,0.010988253016605207,12079.0
552,1628416_off,-0.000841445548520511,0.02369217656708399,16.0
553,1628416_def,-0.0011032178879755393,0.0187545135819008,15.0
554,1628418_off,-0.00828361637126916,0.015412584301286758,4016.0
555,1628418_def,0.0055878948605384855,0.013722347341518493,4009.0
556,1628419_off,0.003748952375940397,0.023381735947652665,87.0
557,1628419_def,0.0021483530652233636,0.018593508670505333,88.0
558,1628420_off,0.03216932920929075,0.013409358543819581,9295.0
559,1628420_def,0.0017855929986777678,0.012086573593025672,9297.0
560,1628422_off,0.0009157179920963822,0.023590586345340326,38.0
561,1628422_def,-2.766151449327746e-05,0.018701725004855604,38.0
562,1628424_off,-0.010113235175031907,0.022928517825527392,195.0
563,1628424_def,0.002399931448917465,0.0183706257237277,192.0
564,1628425_off,-0.019475602842858045,0.019486920972715278,1392.0
565,1628425_def,-0.008994652526220791,0.01640887064090954,1393.0
566,1628426_off,0.002196306162456355,0.020148145304653992,1085.0
567,1628426_def,-0.00022564292539019014,0.016817672841543556,1088.0
568,1628427_off,-0.012357131405027253,0.017943055108504493,2195.0
569,1628427_def,-0.003199547204000261,0.015447298679539277,2198.0
570,1628432_off,-0.011561546223761682,0.018183769574533,2032.0
571,1628432_def,-8.665851767468228e-05,0.015585752783513878,2054.0
572,1628435_off,-0.0022522274840654885,0.023581266725882077,41.0
573,1628435_def,0.0056610440109058306,0.018694673383334446,42.0
574,1628436_off,0.0116696409615453,0.016241008970594297,3875.0
575,1628436_def,0.00013276523686929156,0.014251179567464554,3883.0
576,1628449_off,0.006275651818520091,0.012981877004985203,8099.0
577,1628449_def,-0.020309663330688732,0.011888188105382556,8097.0
578,1628464_off,-0.011008599686321788,0.01477428034690025,4706.0
579,1628464_def,-0.012456187308424807,0.013251972937824848,4704.0
580,1628467_off,-0.017531047259266335,0.013479678432192777,7391.0
581,1628467_def,-0.016279846919092195,0.01225832241918398,7379.0
582,1628470_off,-0.016682764478800897,0.011793075679267115,9790.0
583,1628470_def,0.02783283132399585,0.010907312952866247,9867.0
584,1628476_off,-0.0047120511280998555,0.02288002053079493,221.0
585,1628476_def,-0.0054026617769035515,0.01834327888520243,215.0
586,1628537_off,7.920242348975122e-06,0.023606528942541307,35.0
587,1628537_def,-0.0003407256234690296,0.01871601889632579,32.0
588,1628539_off,-0.010654368706529953,0.021838725927591694,493.0
589,1628539_def,0.0038300696642469298,0.017773495851285837,500.0
590,1628591_off,-0.0011523516705932181,0.02360900120780504,34.0
591,1628591_def,-0.0018040720551552776,0.01870655275829414,36.0
592,1628778_off,-0.008144100355842624,0.022461155444824226,320.0
593,1628778_def,0.005711391784809898,0.01811118912505676,324.0
594,1628960_off,-0.0013023393031842097,0.011571513885739014,13996.0
595,1628960_def,-0.004940131664151134,0.010680384919179093,13947.0
596,1628962_off,-0.023686243424459793,0.019330452772506907,1397.0
597,1628962_def,0.005463530522105035,0.01632968204855136,1396.0
598,1628963_off,-0.0062129898466917535,0.01342582074923763,6481.0
599,1628963_def,0.002979249431815205,0.012219363151842005,6485.0
600,1628964_off,-0.021926735090383842,0.013804913618191122,6773.0
601,1628964_def,-0.0034264413888135618,0.012469462726857216,6790.0
602,1628966_off,-0.014620858248681898,0.013441530495104024,6297.0
603,1628966_def,-0.0030164536551156875,0.012262374589137854,6303.0
604,1628969_off,0.021337672782543157,0.01143865068951963,18881.0
605,1628969_def,-0.018542583924416926,0.010485384436300363,18884.0
606,1628970_off,0.01463596595182227,0.013055241697709448,11115.0
607,1628970_def,-0.0004931097571178,0.011768848089772287,11113.0
608,1628971_off,0.0033581209962963493,0.010544170154051445,13619.0
609,1628971_def,0.008042319102396545,0.009869387042260654,13644.0
610,1628972_off,-0.00744442688068507,0.012405148297759483,8061.0
611,1628972_def,0.0060807794608833815,0.011422437201833746,8073.0
612,1628973_off,0.04566135921309794,0.0111172166230371,17255.0
613,1628973_def,-0.003041282936979338,0.010245898841868219,17164.0
614,1628975_off,-0.015262620103741178,0.012498378339158588,8002.0
615,1628975_def,-0.024524169019658888,0.011490791267424368,8048.0
616,1628976_off,-0.0069614112029105675,0.014020326608636205,10077.0
617,1628976_def,-0.02191928428471049,0.012495727673874125,10076.0
618,1628977_off,-0.021806253053367003,0.015057038121471411,4672.0
619,1628977_def,-0.019131412607625447,0.01345348008659921,4689.0
620,1628978_off,-0.004319844836164328,0.01150100807039659,11351.0
621,1628978_def,0.004358691262935536,0.010663586533492933,11324.0
622,1628981_off,-0.02545271759624722,0.01752215773591475,2541.0
623,1628981_def,0.0026288793078767733,0.015131753549990048,2546.0
624,1628982_off,-0.015196673760597705,0.022877409587155152,243.0
625,1628982_def,0.00952563607656117,0.018318327213065328,244.0
626,1628983_off,0.0391388045642759,0.012647171675779717,14695.0
627,1628983_def,-0.01488100688088769,0.011493809015007734,14646.0
628,1628984_off,-0.005421996679649301,0.013081800609419006,7897.0
629,1628984_def,0.0017985115379330324,0.011913737180099467,7878.0
630,1628988_off,-0.00655712705360114,0.013316089922446723,6513.0
631,1628988_def,-0.020571552664178722,0.012144157018290441,6517.0
632,1628989_off,0.030557573322044326,0.011874938164113563,13092.0
633,1628989_def,-0.004257527813960702,0.010941880495273565,13042.0
634,1628990_off,-0.0008126947883528104,0.023536901627696855,50.0
635,1628990_def,-0.0028059065450847334,0.01867712508521789,49.0
636,1628991_off,-0.0024700978457334022,0.012259581906338789,13694.0
637,1628991_def,-0.01822979197934252,0.01118467762629553,13650.0
638,1628993_off,-0.0032755892036755727,0.022157664486646605,388.0
639,1628993_def,0.0030936603235111842,0.017939739945830983,399.0
640,1628994_off,-0.002789807194640363,0.023586800748487024,39.0
641,1628994_def,0.003616983102515842,0.018692892562424443,42.0
642,1628995_off,-0.02232238689104905,0.015745697207987044,3686.0
643,1628995_def,0.012093891378189843,0.013971910256711111,3668.0
644,1628997_off,0.002240724957957733,0.011711302354756387,12368.0
645,1628997_def,-0.013702334483452335,0.010847586076941805,12405.0
646,1628998_off,0.004700669692593182,0.014499280511673892,5649.0
647,1628998_def,0.0007509490337301123,0.013020369937762458,5683.0
648,1629001_off,0.012171590058866373,0.011859043443344585,10743.0
649,1629001_def,-0.014109360103298163,0.010961967603057246,10752.0
650,1629002_off,-0.01471956939278465,0.013874951086747106,5841.0
651,1629002_def,-0.010788025492106557,0.012560814026146084,5864.0
652,1629003_off,-0.008180585828701693,0.013405127404922295,7135.0
653,1629003_def,-0.0025381050238751104,0.0121867804204037,7140.0
654,1629004_off,0.0036790559402879444,0.01621838684205507,3275.0
655,1629004_def,-0.012513446171282055,0.014294908488077374,3268.0
656,1629005_off,-0.0010768177755757357,0.023710434492217443,12.0
657,1629005_def,-0.0003493013688978289,0.018763621965165712,11.0
658,1629006_off,-0.017532789224769772,0.013595214121142247,6212.0
659,1629006_def,-0.022665296779559325,0.012354767679160326,6254.0
660,1629007_off,-0.00501564756415716,0.02101117390393738,756.0
661,1629007_def,0.00040043305242370113,0.017320143325273103,758.0
662,1629008_off,0.01941774393839369,0.013910935375688608,10826.0
663,1629008_def,-0.011707435809875303,0.012517863264576675,10755.0
664,1629010_off,-0.002369104024910969,0.023072371418681827,165.0
665,1629010_def,-0.005702271913348647,0.01842856084734649,168.0
666,1629011_off,0.021540331399419414,0.014258561250507713,8917.0
667,1629011_def,-0.006311152892827252,0.012690722371176298,8923.0
668,1629012_off,0.0161289348264129,0.01369027528225471,7326.0
669,1629012_def,0.019182080413876097,0.012383302973435066,7350.0
670,1629013_off,-0.013588018220975788,0.013278911804852023,6918.0
671,1629013_def,-0.01230004526284219,0.012109531768753882,6934.0
672,1629014_off,0.01402184827861851,0.012530795291371964,10896.0
673,1629014_def,0.014425438932135748,0.011414895779808105,10916.0
674,1629018_off,0.0026216909359024075,0.01190500978854377,13675.0
675,1629018_def,0.01818003283364555,0.010984552536094781,13657.0
676,1629020_off,0.004197888532763781,0.012215796535289168,9876.0
677,1629020_def,0.0016615193945944088,0.011228521170981226,9941.0
678,1629021_off,0.0047854641665740286,0.014353734074720317,7189.0
679,1629021_def,-0.0019705516481039144,0.012760405070995465,7196.0
680,1629022_off,-0.007677392798058482,0.012205223931386872,8441.0
681,1629022_def,0.01021971916137699,0.011270448300163351,8481.0
682,1629023_off,-0.0030038249658945783,0.011518319079775966,13354.0
683,1629023_def,-0.00539541104117318,0.010647898847163129,13360.0
684,1629026_off,0.0011687317619577318,0.013509237525211906,6696.0
685,1629026_def,-0.03483268977878012,0.012290262105532357,6712.0
686,1629027_off,0.02173486850344193,0.01255911340258373,16151.0
687,1629027_def,0.011371200983099924,0.011365553031567664,16114.0
688,1629028_off,-0.0045492602672474874,0.01259682599801761,12607.0
689,1629028_def,-0.004511498069833514,0.011407264823176031,12595.0
690,1629029_off,0.031053217495240606,0.011932793886663604,15871.0
691,1629029_def,-0.007998388802137784,0.010910090603102291,15859.0
692,1629033_off,-0.011390378548590879,0.020487179882133846,979.0
693,1629033_def,0.004901296341151925,0.017002032413223258,981.0
694,1629035_off,-0.0009851229045107135,0.023080340995997935,163.0
695,1629035_def,0.0021237053410312363,0.018435741421358214,165.0
696,1629048_off,0.011450786973490834,0.015527995128640061,4318.0
697,1629048_def,-0.0061396882279441236,0.013731430479746167,4311.0
698,1629052_off,0.0061917581054931935,0.013400736903310163,6681.0
699,1629052_def,0.013133675156424125,0.012189985153842751,6709.0
700,1629056_off,0.016078095363597195,0.016600416982594447,3006.0
701,1629056_def,-0.00372718772266329,0.014540638462980229,3038.0
702,1629057_off,0.0039061396890847557,0.01373264567236256,7064.0
703,1629057_def,-0.03274369340013883,0.012456187538341521,7048.0
704,1629060_off,-0.0005578678207210686,0.012017750945315176,9743.0
705,1629060_def,-0.0038189560818444684,0.011123982631477748,9741.0
706,1629067_off,-0.009596485738790269,0.023121862951932585,146.0
707,1629067_def,-0.002222855321714832,0.018449720862763832,153.0
708,1629076_off,-0.00788598778935482,0.022154716940855117,408.0
709,1629076_def,0.004871751058589023,0.01795233829550608,408.0
710,1629083_off,-0.002342301771967772,0.023715025354914886,11.0
711,1629083_def,0.0010803126949101149,0.018761340635083,12.0
712,1629103_off,-0.015313775999608105,0.020648237261152388,893.0
713,1629103_def,-0.0028166310999482593,0.017096941669178817,906.0
714,1629109_off,0.000681038677548404,0.020973588266279323,765.0
715,1629109_def,0.0003749351975537993,0.017293139909800016,771.0
716,1629111_off,0.016166627565593148,0.014585832592435354,5059.0
717,1629111_def,-0.020832133088755898,0.013084431800042264,5049.0
718,1629117_off,0.005089448421214696,0.016677177776402798,3060.0
719,1629117_def,-0.002123536885411437,0.014571787555973416,3083.0
720,1629126_off,0.0026455915553204356,0.023701141233866976,14.0
721,1629126_def,0.0008745647275693737,0.01875672358314473,14.0
722,1629130_off,3.329066117337233e-05,0.012268494903337847,10409.0
723,1629130_def,0.003068031120746806,0.011271692679772705,10377.0
724,1629134_off,-0.005812275801213104,0.01816942857252064,2005.0
725,1629134_def,0.0009691373313388032,0.015589716552829029,2011.0
726,1629139_off,-0.009793960534698337,0.015527391595370558,3802.0
727,1629139_def,0.0042212584385921195,0.013807779538266212,3800.0
728,1629150_off,-0.008051000678479282,0.02358179778899109,40.0
729,1629150_def,0.0007130259945472387,0.01870178210027761,38.0
730,1629162_off,0.007992408323990133,0.01487404204066869,4927.0
731,1629162_def,-0.02727854539888133,0.01330742858462863,4946.0
732,1629164_off,-0.006356830257517961,0.02047731493523836,978.0
733,1629164_def,0.010362816766023126,0.016993285941721944,988.0
734,1629168_off,0.0003654404319238391,0.023213224532194904,128.0
735,1629168_def,0.0019611538144226745,0.01851391402727079,126.0
736,1629185_off,-0.015316959357897895,0.021127054529348727,735.0
737,1629185_def,0.0009660942498867967,0.017395683838815127,727.0
738,1629203_off,-0.0027077152343538175,0.023627734216706775,30.0
739,1629203_def,0.0012536887782804921,0.018720113777086666,30.0
740,1629216_off,-0.0008121068768506358,0.012739274163082693,9368.0
741,1629216_def,-0.020441058783035298,0.011650861896153171,9393.0
742,1629232_off,-0.0024811941140538223,0.023692097358714616,16.0
743,1629232_def,-0.0011141045469095947,0.018749993214482737,17.0
744,1629234_off,-0.020249449362924537,0.012883535713668556,8159.0
745,1629234_def,0.01086621068993698,0.011717427926871008,8175.0
746,1629308_off,-0.019583065330353394,0.015782018033525996,3658.0
747,1629308_def,-0.005051407831289655,0.013952776742739911,3697.0
748,1629309_off,-0.004849049357047585,0.023615662582899082,33.0
749,1629309_def,-0.0007747897815919567,0.018711759592878442,34.0
750,1629312_off,-0.02469414380039419,0.014204855307176875,5467.0
751,1629312_def,-0.0054601821957811795,0.012807191011604591,5533.0
752,1629597_off,-0.0038516903918708162,0.023719453982372015,10.0
753,1629597_def,0.000989881597812367,0.01876582150001934,10.0
754,1629599_off,0.0015912309295984391,0.013096747716458084,7511.0
755,1629599_def,0.015455009506849866,0.011953356947854538,7543.0
756,1629600_off,0.003184053563118008,0.023651858723042523,25.0
757,1629600_def,-7.743991688166772e-05,0.018732114532493287,25.0
758,1629602_off,0.002456921223932115,0.0237383691421883,6.0
759,1629602_def,-0.000114586925457694,0.018772878696331312,7.0
760,1629603_off,-0.018891745286268285,0.02098483543956548,751.0
761,1629603_def,-0.010301993665627437,0.017313037634499692,750.0
762,1629604_off,-0.021903498554289025,0.017981821502038073,2399.0
763,1629604_def,0.012626418832715104,0.015428054325185266,2395.0
764,1629605_off,-0.002777661584980081,0.02323540612821603,120.0
765,1629605_def,-0.0009288929599917543,0.018545364800092126,109.0
766,1629607_off,0.009104685496352922,0.023403516066419463,82.0
767,1629607_def,0.0044916209055893925,0.018613035558062978,79.0
768,1629610_off,-0.009910872863027151,0.023235409064884072,119.0
769,1629610_def,-0.001716324591814289,0.01851161899836946,124.0
770,1629611_off,0.006273336069498676,0.011730526736981026,12617.0
771,1629611_def,-0.004739760068861201,0.010836513401245095,12674.0
772,1629614_off,-0.010361980046912989,0.014081964651784231,7844.0
773,1629614_def,-0.0007841283798510062,0.012653442315750163,7863.0
774,1629617_off,-0.008120932320974335,0.022279721050957216,382.0
775,1629617_def,0.003978270640349739,0.018004237362305168,388.0
776,1629618_off,-0.006727163883065835,0.022741845377469955,246.0
777,1629618_def,-0.002720434533852561,0.018266296691062653,244.0
778,1629619_off,-0.0018771684867135063,0.02329091071885724,106.0
779,1629619_def,0.004271489679948141,0.01854193393329791,110.0
780,1629620_off,-0.025516039475946384,0.021401276239685924,627.0
781,1629620_def,0.0002181882984556408,0.017529911769649232,633.0
782,1629622_off,0.003199326694957792,0.010913115197862129,14712.0
783,1629622_def,-0.008938654141588483,0.010165794455337218,14647.0
784,1629623_off,-0.0043133126532795595,0.021506728316933697,613.0
785,1629623_def,0.0149685758429681,0.01758015403932536,621.0
786,1629626_off,-0.013898163933586383,0.015225804342697864,4205.0
787,1629626_def,-0.007717658131823284,0.013583069955937385,4219.0
788,1629627_off,0.00972997273215181,0.014016286652248067,6598.0
789,1629627_def,-0.017308790759109415,0.01268863568139726,6583.0
790,1629628_off,-0.007521694127665405,0.0117862280116932,14341.0
791,1629628_def,0.014899686026589799,0.01084683014169491,14355.0
792,1629629_off,-0.03964581548609116,0.013357127151882814,6262.0
793,1629629_def,0.013318623704024042,0.0121995903917984,6268.0
794,1629630_off,0.018749423576807322,0.013445125673276688,9798.0
795,1629630_def,-0.009062880694557504,0.01211428920194273,9781.0
796,1629631_off,-0.001333535619169551,0.012734501547192884,12206.0
797,1629631_def,0.0030896341770621834,0.011619047729589705,12216.0
798,1629632_off,0.021079395873738794,0.01195813001384152,13108.0
799,1629632_def,0.011108029382686957,0.011023349498939693,13097.0
800,1629633_off,-0.012215408353988056,0.02020034300692582,1044.0
801,1629633_def,0.00043666079482992937,0.016859281701398013,1041.0
802,1629634_off,-0.003276747457266814,0.014744048702264161,5845.0
803,1629634_def,-0.02192662725456841,0.013111837823649814,5893.0
804,1629635_off,-0.0008242695834430714,0.023600858321640363,36.0
805,1629635_def,-0.0051704563152295685,0.018708977069800282,35.0
806,1629636_off,0.036255408266637104,0.012610382690528806,14125.0
807,1629636_def,-0.014037261529089174,0.011474079674873874,13999.0
808,1629637_off,-0.017108923672424923,0.013664177997373695,6240.0
809,1629637_def,-0.0015199030244704755,0.012401712770909741,6247.0
810,1629638_off,-0.0021232409931967347,0.0121778323163633,9178.0
811,1629638_def,-0.013822216337552392,0.011230808290087175,9186.0
812,1629639_off,0.021424241532277233,0.01175282478071028,12889.0
813,1629639_def,0.0008649448268043584,0.010860803297835451,12839.0
814,1629640_off,0.005680191163325833,0.012069328910711084,13625.0
815,1629640_def,0.005874025126083996,0.01106090320013229,13630.0
816,1629641_off,-0.027462299712107886,0.016082711320610385,3310.0
817,1629641_def,-0.011027003010177278,0.014187650574913769,3347.0
818,1629642_off,-0.006537565367587586,0.014606173978788951,5080.0
819,1629642_def,0.005234451709173066,0.01310511365083632,5108.0
820,1629643_off,-0.052439137420382816,0.014543971458031593,5518.0
821,1629643_def,-0.0005541837942349478,0.01304557049993433,5516.0
822,1629644_off,-0.006683470986209479,0.020264675445989044,987.0
823,1629644_def,-0.013298026979436032,0.016846950056493847,1021.0
824,1629645_off,0.0016285450848691429,0.014189435370338664,8132.0
825,1629645_def,-0.0021697991074756643,0.012723908563548561,8126.0
826,1629646_off,-0.01500204133924079,0.01838741939349826,1864.0
827,1629646_def,0.0005545240180499157,0.01575579234650275,1851.0
828,1629647_off,-0.04534003990072452,0.014725224972132625,5497.0
829,1629647_def,0.010781930321789526,0.013153826656208633,5550.0
830,1629649_off,-0.012525968010997732,0.020251907254779093,1106.0
831,1629649_def,0.012900658392968403,0.01684588439398914,1117.0
832,1629650_off,-0.008933673313307092,0.018549691472757025,1718.0
833,1629650_def,0.003085658809388482,0.01585012050339489,1719.0
834,1629651_off,-0.010544910467051702,0.012431206404023981,11236.0
835,1629651_def,-0.007653316768585484,0.011329335979868632,11325.0
836,1629652_off,0.003915009560987486,0.013391670140701209,12990.0
837,1629652_def,-0.009684782107608793,0.012045684809539426,13028.0
838,1629653_off,-6.31233569501931e-05,0.022610961820630653,272.0
839,1629653_def,0.0010970225878968517,0.018194985669397364,274.0
840,1629655_off,0.004332872572830494,0.012414358320058513,10070.0
841,1629655_def,0.0067437206444816745,0.011390804438563518,10099.0
842,1629656_off,-0.021047816092599512,0.013486242638516293,8257.0
843,1629656_def,-0.014985443635565398,0.01220744571664659,8310.0
844,1629657_off,-0.01423281473607046,0.022200372548007694,385.0
845,1629657_def,0.002163009729510679,0.01797808309564767,386.0
846,1629658_off,-0.011985733783197951,0.022139455078034612,488.0
847,1629658_def,0.008607655459772701,0.017908891800428154,489.0
848,1629659_off,-0.016438527219041835,0.012887692719276008,7943.0
849,1629659_def,-0.003719883074249995,0.01177884204075716,7954.0
850,1629660_off,-0.016750105350212673,0.01623538324548252,3333.0
851,1629660_def,-0.004189999146514484,0.014300204853417726,3324.0
852,1629661_off,0.0002950929192260707,0.012516055311696188,10159.0
853,1629661_def,-0.010895984887744955,0.011470338928526978,10140.0
854,1629662_off,-0.002553943228669535,0.02345979567470586,68.0
855,1629662_def,0.0010477486209361832,0.018629268892681617,71.0
856,1629663_off,-0.004673235093394915,0.02256707772790614,287.0
857,1629663_def,0.0052002677519222265,0.0181736766106774,288.0
858,1629667_off,-0.006316383894758576,0.013040842328126651,7150.0
859,1629667_def,-0.00649208330414032,0.011927796408399487,7186.0
860,1629669_off,0.006349065569163738,0.014412982866747331,5383.0
861,1629669_def,0.008715679228130298,0.012967872315288731,5392.0
862,1629670_off,-0.024533199614679316,0.013351410956645354,6526.0
863,1629670_def,0.026417847944179968,0.012152583201086118,6542.0
864,1629671_off,-0.006694750063068765,0.023351784149997962,94.0
865,1629671_def,0.0018260418448950593,0.01859108157744007,89.0
866,1629672_off,-0.006196028354810973,0.019268214495081794,1525.0
867,1629672_def,0.005456234278455473,0.016278008040895183,1521.0
868,1629673_off,-0.007915500035564361,0.010632364725982049,16735.0
869,1629673_def,-0.004282702035877153,0.009888052021670892,16703.0
870,1629674_off,0.014838335696688135,0.02035466323638236,980.0
871,1629674_def,0.0009265398051944386,0.01694646750438949,980.0
872,1629675_off,-0.025240333283709924,0.012711534614062669,9382.0
873,1629675_def,-0.01569893563465497,0.011606997232298159,9390.0
874,1629676_off,-0.03063914724115467,0.016805814898264153,2957.0
875,1629676_def,0.0067848223323697925,0.014669354406023372,2964.0
876,1629677_off,-0.008333427989355368,0.01998101457969454,1194.0
877,1629677_def,-0.009387171634373796,0.01669282907291755,1205.0
878,1629678_off,-0.027541466557501858,0.01811358301722703,2041.0
879,1629678_def,0.008765698961476146,0.015554696915330589,2043.0
880,1629680_off,-0.016746010381496566,0.012215972707147608,9046.0
881,1629680_def,-0.02458519356848654,0.01125565136148854,9119.0
882,1629681_off,-0.006761143039803159,0.020462350448911155,935.0
883,1629681_def,-0.0022775609793194325,0.01701289925399357,936.0
884,1629682_off,-0.0010974316259893873,0.023310230770340494,105.0
885,1629682_def,0.0035607304554293256,0.018554682793604147,108.0
886,1629683_off,0.005557224325405145,0.02311312177566068,149.0
887,1629683_def,0.004554884389781012,0.0184593893296,149.0
888,1629684_off,-0.004584707080786711,0.010637114351933348,13973.0
889,1629684_def,0.00497090841058324,0.009959561895282286,14043.0
890,1629685_off,-0.021337648566378212,0.019892875687425555,1141.0
891,1629685_def,-0.0032787752101559545,0.01668313236811717,1139.0
892,1629686_off,-0.009096870397085483,0.023504584016025266,58.0
893,1629686_def,0.0014762861662604837,0.018651569982876155,61.0
894,1629712_off,-0.021870847821513835,0.022699540171475092,265.0
895,1629712_def,-0.0007109208723364318,0.018235644649578876,267.0
896,1629714_off,-0.0008898416309580504,0.023403895137027633,80.0
897,1629714_def,-0.00299770200218299,0.01861026998743158,79.0
898,1629716_off,-0.0015704178945224246,0.02275090738077403,242.0
899,1629716_def,0.0007054308354611225,0.018261691646280886,247.0
900,1629717_off,0.005119481942179179,0.018213403657873332,1961.0
901,1629717_def,0.00267652894735637,0.015645100986480302,1955.0
902,1629718_off,-0.016627516546521993,0.021986747927199124,437.0
903,1629718_def,-0.005460673684714505,0.01785708373716669,443.0
904,1629719_off,-0.004566253642984913,0.02268531622083907,260.0
905,1629719_def,-0.0011145529382631534,0.01824838613241343,253.0
906,1629723_off,-0.0015407855370669138,0.012789322801238377,8370.0
907,1629723_def,-0.015795185142837054,0.011711091304087148,8392.0
908,1629726_off,-0.0010122268500487135,0.013261718729514446,7060.0
909,1629726_def,0.009964976254610894,0.012085962595426741,7070.0
910,1629730_off,-0.0009613118217109881,0.022927147758738685,197.0
911,1629730_def,0.0008768891187241728,0.018371462270083242,193.0
912,1629731_off,-0.014900253069008777,0.01387201942777596,5964.0
913,1629731_def,-0.04312793380311111,0.012583380026715975,6015.0
914,1629735_off,-0.003608669024348516,0.022929259652020025,194.0
915,1629735_def,0.004127766876019125,0.01836128765972075,195.0
916,1629744_off,-0.0014219775462584224,0.020604233626210857,941.0
917,1629744_def,-0.002871997208541499,0.017082532115274166,937.0
918,1629750_off,0.022562063022921,0.01490898280786983,4802.0
919,1629750_def,-0.010335048540841735,0.013355361672250122,4824.0
920,1629751_off,-0.004973379112571133,0.023610046479796244,34.0
921,1629751_def,-0.0005249040301746839,0.01871122276945665,34.0
922,1629752_off,-0.0033803369251014137,0.023383725630558957,87.0
923,1629752_def,0.002807136076798524,0.01859416291667334,89.0
924,1629755_off,0.0025723562290497484,0.02242604857987235,331.0
925,1629755_def,-0.0024369610688737423,0.018099330992337383,331.0
926,1629760_off,-0.001000470767297997,0.02374774859490866,4.0
927,1629760_def,0.0001481455419861715,0.01877983893857165,4.0
928,1629783_off,-0.0009873563702011735,0.023663901883649772,22.0
929,1629783_def,0.000752862517861862,0.018738334687809326,22.0
930,1629788_off,-0.001000470767297997,0.023747748594908673,4.0
931,1629788_def,0.0001481455419861715,0.01877983893857165,4.0
932,1629833_off,-0.015430280013292955,0.021253816855285896,710.0
933,1629833_def,0.019236480768725875,0.01743318180541698,721.0
934,1629873_off,-0.004003928621286067,0.02369220289604714,16.0
935,1629873_def,6.822095224991453e-05,0.018754516615515963,15.0
936,1629875_off,-0.013589212083157021,0.021610746854198018,580.0
937,1629875_def,-0.0010727196961671085,0.017664612875737958,574.0
938,1629958_off,0.0006768220926905695,0.02375713769940675,2.0
939,1629958_def,-0.00010592780792157586,0.018784473296218514,2.0
940,1629962_off,0.0039826555300268626,0.022584659633343423,294.0
941,1629962_def,-0.0014589472109631503,0.018172959111767417,299.0
942,1630162_off,0.02528277420733526,0.012162155326139738,17832.0
943,1630162_def,-0.02129864496595691,0.011085465626417273,17777.0
944,1630163_off,0.027091947574717154,0.013351238467265856,9378.0
945,1630163_def,0.012893157382393869,0.012106307035385242,9370.0
946,1630164_off,-0.023254403057855557,0.01591854767620282,4052.0
947,1630164_def,0.03146567353086228,0.013976379892794717,4077.0
948,1630165_off,-0.03519970715016476,0.012828260777500194,9821.0
949,1630165_def,0.005428700017650592,0.011665107287163337,9825.0
950,1630166_off,0.003381289694976817,0.011567948440208812,12983.0
951,1630166_def,-0.013178141429090226,0.010717799250924738,13006.0
952,1630167_off,0.030956396674547783,0.012750189831880771,8719.0
953,1630167_def,-0.004777790345287707,0.01162996165955316,8724.0
954,1630168_off,0.01093541721398555,0.014077953686737275,9397.0
955,1630168_def,-0.001408277403663043,0.01246660237282485,9409.0
956,1630169_off,0.03123988287825697,0.011938961608440426,14240.0
957,1630169_def,0.012142543700064606,0.01092732384466128,14215.0
958,1630170_off,-0.013345190920888027,0.012356628746018115,11265.0
959,1630170_def,-0.0013005976517672085,0.011341048113202462,11286.0
960,1630171_off,0.003054711911608076,0.012255288855435581,11235.0
961,1630171_def,-0.004490610130984584,0.011278912551611018,11334.0
962,1630172_off,-0.004602979857590986,0.01334234974117075,8287.0
963,1630172_def,0.001135487493964234,0.012142921364437386,8318.0
964,1630173_off,-0.011736803414664114,0.01253417556696533,9189.0
965,1630173_def,-0.005441744866248974,0.011507350255624486,9202.0
966,1630174_off,0.005650979747691894,0.013026221899614387,9289.0
967,1630174_def,0.002236879306352766,0.011855295148936854,9304.0
968,1630175_off,0.003341731769767743,0.012679777812506872,10999.0
969,1630175_def,-0.0006705472946225479,0.01153935935236554,11006.0
970,1630176_off,-0.013268482507963307,0.023107635921162415,148.0
971,1630176_def,0.0036064384902083453,0.01845710311603816,148.0
972,1630177_off,-0.02061378754676222,0.015603823766007476,4113.0
973,1630177_def,0.019970863489576194,0.013815307802132783,4104.0
974,1630178_off,0.023836148740816812,0.01201303141136703,16473.0
975,1630178_def,-0.0007725990543892055,0.010990143099271639,16410.0
976,1630179_off,0.0006309494579228872,0.023733875736146874,7.0
977,1630179_def,0.001041039444762314,0.018770729442902118,8.0
978,1630180_off,0.008872429221069527,0.011114397076728707,14595.0
979,1630180_def,0.020552259156328898,0.010300304214812567,14590.0
980,1630181_off,-0.035411218608408714,0.015180254102067336,4563.0
981,1630181_def,0.019567255621253374,0.013526978148962799,4554.0
982,1630182_off,0.0041409523431845474,0.012702117817512232,8556.0
983,1630182_def,-0.001162466259890353,0.011644573952149366,8593.0
984,1630183_off,-0.004301315431131122,0.01203870479758172,13390.0
985,1630183_def,-0.008446670318063605,0.011089473351814157,13385.0
986,1630184_off,-0.03931883990202772,0.018562839681730916,1763.0
987,1630184_def,-0.0010070306478069154,0.015852887899638065,1764.0
988,1630186_off,-0.004239241665973256,0.021687400786533074,536.0
989,1630186_def,0.008417218579967724,0.017709058441004524,530.0
990,1630187_off,-0.003137473763241343,0.023516697487644837,56.0
991,1630187_def,0.0030227920450464564,0.018662929704007035,57.0
992,1630188_off,0.008812237357695995,0.013594118971325427,6760.0
993,1630188_def,0.000584444905566218,0.012331352990825637,6766.0
994,1630190_off,-0.021810234557948758,0.020657213873550292,906.0
995,1630190_def,0.01922002060833985,0.017108161794930986,909.0
996,1630191_off,-0.015406503462520418,0.013510282257169002,9519.0
997,1630191_def,-0.012628199223097976,0.012188001473055692,9536.0
998,1630192_off,-0.02676053945129986,0.015880637699069458,4044.0
999,1630192_def,-0.009462218246902198,0.013964318765129326,4071.0
1000,1630193_off,-0.0016207051367896502,0.011664963629773897,12604.0
1001,1630193_def,-0.03961584462594096,0.01076436994916939,12590.0
1002,1630194_off,0.011745817547263683,0.014615432142460296,5865.0
1003,1630194_def,-0.001749529110587,0.013018474371856846,5910.0
1004,1630195_off,-0.01513435539214389,0.021315642871220827,650.0
1005,1630195_def,-0.008363491333963118,0.017490596793705616,651.0
1006,1630196_off,0.000253925449427433,0.02368739679717512,17.0
1007,1630196_def,-0.0010158224110091174,0.01874535232582285,19.0
1008,1630197_off,-0.028842544787633605,0.014841498406943779,4786.0
1009,1630197_def,0.00020713159635869964,0.013306714848862743,4769.0
1010,1630198_off,0.01866414935733589,0.013308892151800287,7328.0
1011,1630198_def,-0.007904453651016568,0.012146198140677675,7223.0
1012,1630199_off,-0.006444000914155992,0.022489432616544954,314.0
1013,1630199_def,-0.0016582595767509643,0.018133755705519217,313.0
1014,1630200_off,0.015813773703461036,0.012490395963473655,10997.0
1015,1630200_def,-0.005796535341249216,0.011419516406678975,10982.0
1016,1630201_off,-0.018194073251764583,0.01517593238697966,4322.0
1017,1630201_def,0.01322126003414973,0.013549188417534549,4329.0
1018,1630202_off,0.01722963002791463,0.013359057885588162,7652.0
1019,1630202_def,-0.003724983850132641,0.01212819587906384,7646.0
1020,1630204_off,-0.0008700288565734588,0.02151292258695831,614.0
1021,1630204_def,-0.0038274370756005162,0.017610420624443058,607.0
1022,1630205_off,-0.011129717359978747,0.014218167755356923,5340.0
1023,1630205_def,-0.0011310706338597783,0.01283207539460696,5388.0
1024,1630206_off,-0.003040327983744986,0.02241666429727768,328.0
1025,1630206_def,-0.0027155914691935627,0.01809177885786618,331.0
1026,1630207_off,0.0011728345254745658,0.023033029174788246,171.0
1027,1630207_def,-0.0011728561537935511,0.018411236409046423,174.0
1028,1630208_off,-0.02130789098189851,0.014025884965133512,6814.0
1029,1630208_def,0.008020454437361667,0.012584219884670815,6829.0
1030,1630209_off,-0.0061312760144228975,0.017001412620707358,2799.0
1031,1630209_def,0.007602458449531356,0.014814745935820765,2787.0
1032,1630210_off,0.007696438169464951,0.022341339867153583,354.0
1033,1630210_def,0.004408131455454875,0.018058748044535125,351.0
1034,1630214_off,-0.021503260907645757,0.013927403288750773,6533.0
1035,1630214_def,-0.012652632191300313,0.012533030264458267,6557.0
1036,1630215_off,-0.003272886630462849,0.018136959966096478,2094.0
1037,1630215_def,0.002866059546053852,0.015561040170080186,2083.0
1038,1630216_off,-0.001395079936028266,0.023417340531808963,77.0
1039,1630216_def,0.000824693362909373,0.018612210488644435,78.0
1040,1630217_off,0.021315280194398416,0.01246825175595756,12909.0
1041,1630217_def,-0.01919204988825452,0.011380257473582312,12828.0
1042,1630218_off,-0.0007485945922456835,0.023382126016221357,88.0
1043,1630218_def,-0.0019768150813104972,0.018605120149255663,83.0
1044,1630219_off,-0.01368876703448329,0.018630710738923424,1748.0
1045,1630219_def,0.021055048203284205,0.01589097742971584,1747.0
1046,1630222_off,-0.0054039856756314016,0.023094993803606963,153.0
1047,1630222_def,-0.0035160149527437897,0.01844958970116666,154.0
1048,1630224_off,-0.004410598592656782,0.012997877169060468,15183.0
1049,1630224_def,0.019304191883163777,0.011681979965506071,15171.0
1050,1630225_off,-0.019217566527492954,0.022599076596329346,281.0
1051,1630225_def,-0.0028522805537318555,0.01820230304396287,275.0
1052,1630227_off,-0.016698660416920905,0.017730537702960278,2527.0
1053,1630227_def,-0.000739719663251599,0.015270901932986698,2539.0
1054,1630228_off,-0.008318014661098055,0.012291248156012785,9808.0
1055,1630228_def,0.004027423573777599,0.011286717885583003,9838.0
1056,1630230_off,0.001869799737623935,0.013464410543159677,7936.0
1057,1630230_def,-0.0196316354984348,0.012176617202687624,8000.0
1058,1630231_off,-0.0018979674678215968,0.012735112399179595,9698.0
1059,1630231_def,0.012644899983523802,0.011608680598821999,9706.0
1060,1630233_off,-0.009233224167509808,0.019897739984756586,1201.0
1061,1630233_def,-0.004474790334838524,0.01666554084272336,1197.0
1062,1630235_off,-0.010303646134583231,0.016808236513049867,2865.0
1063,1630235_def,0.0019370430375510754,0.014670612552070968,2882.0
1064,1630237_off,-5.60156863293298e-05,0.017481479533550087,2553.0
1065,1630237_def,-0.004934518867103611,0.01514859365859879,2547.0
1066,1630238_off,-0.006335144934667631,0.023078349232463883,157.0
1067,1630238_def,-0.0026075533032027987,0.018445729355295256,155.0
1068,1630240_off,-0.028469505463746606,0.017499069220156108,2394.0
1069,1630240_def,-0.006855601751686035,0.015143418110292399,2400.0
1070,1630241_off,-0.00808308884579262,0.01777851234256161,2383.0
1071,1630241_def,-0.005681134527210202,0.015365339589268485,2340.0
1072,1630243_off,-0.0011053762255919287,0.021374289346608753,619.0
1073,1630243_def,-0.004331403668641218,0.017534149409708724,618.0
1074,1630245_off,-0.027238487979697405,0.012013460658624162,13351.0
1075,1630245_def,-0.0028545396778231814,0.011053351766130644,13378.0
1076,1630249_off,0.001092532508065459,0.017157398383251924,2806.0
1077,1630249_def,0.019856686861992105,0.01490160960396819,2797.0
1078,1630250_off,0.0010249039612027291,0.02327980550075105,110.0
1079,1630250_def,-0.00495722799286084,0.018531136600082286,116.0
1080,1630256_off,-0.021905401512506924,0.0133579550176189,7791.0
1081,1630256_def,-0.021147495123087973,0.012138312070672922,7829.0
1082,1630257_off,-0.0012366069083920481,0.023692425979972998,16.0
1083,1630257_def,-0.0005015288723047204,0.01875001307557583,17.0
1084,1630259_off,0.0037229027025749654,0.023579497799838037,41.0
1085,1630259_def,-0.00048330128906836945,0.018693957847676763,42.0
1086,1630264_off,0.019542323033254313,0.016406381299626863,3200.0
1087,1630264_def,-0.003290585492638704,0.014418031998637188,3198.0
1088,1630267_off,-0.03325178939368875,0.01769556859725263,2527.0
1089,1630267_def,-0.002207854803366194,0.01523691590810757,2543.0
1090,1630270_off,-0.011735397096855074,0.02300545217793178,175.0
1091,1630270_def,-0.00045597302234031637,0.018402002729076147,176.0
1092,1630271_off,-0.002595724872948792,0.02318748002904928,130.0
1093,1630271_def,5.38661511681614e-05,0.018511723940946846,124.0
1094,1630273_off,-0.005946820767137234,0.022770517074792683,236.0
1095,1630273_def,-0.001009563408984661,0.018279947335702037,236.0
1096,1630278_off,-0.0005301325365029951,0.023757150973456456,2.0
1097,1630278_def,-0.0005220087023653403,0.018784480301591792,2.0
1098,1630284_off,0.003846421834986926,0.020455498881321497,954.0
1099,1630284_def,-0.0036977748565605144,0.016997432999164685,957.0
1100,1630285_off,-0.02516979334690613,0.021492529269233743,686.0
1101,1630285_def,0.007009087095312467,0.01754650689493435,687.0
1102,1630286_off,3.2552826058500898e-06,0.023657302859485956,24.0
1103,1630286_def,-0.001509290900918301,0.018734984892421796,24.0
1104,1630288_off,-0.006291881617306312,0.020195559786901098,1015.0
1105,1630288_def,0.001903719184614028,0.01685687908809601,1018.0
1106,1630296_off,-0.0020524806875124343,0.021628751479256726,567.0
1107,1630296_def,-0.00751537176001336,0.017664101605882315,566.0
1108,1630306_off,-0.004527842986245444,0.02367282073126542,20.0
1109,1630306_def,-0.0010171225585035159,0.018742703304401635,20.0
1110,1630311_off,-0.0042121955621461605,0.023531288185418584,53.0
1111,1630311_def,0.0002307703187545424,0.018669347274401275,54.0
1112,1630314_off,-0.030566049100129427,0.01943242859965245,1565.0
1113,1630314_def,0.01768119408544425,0.016357426560978182,1552.0
1114,1630322_off,-0.006665164369669297,0.017082940009050897,2728.0
1115,1630322_def,-0.0005910087609022822,0.014913340261031511,2688.0
1116,1630346_off,-0.006886509826786995,0.019071183581971067,1506.0
1117,1630346_def,-0.008835687483113454,0.016165533816613505,1510.0
1118,1630466_off,-0.004043797183148843,0.023256940057818955,114.0
1119,1630466_def,0.0030978306186310095,0.01853334670877723,114.0
1120,1630492_off,-0.006133538356356979,0.02359463219509624,38.0
1121,1630492_def,-0.0022015442038772494,0.018709929612276806,35.0
1122,1630525_off,-0.000990675086731323,0.023743060255095493,5.0
1123,1630525_def,6.765066633236762e-05,0.018779823286984798,4.0
1124,1630526_off,-0.02702055326103298,0.015097235550159845,4605.0
1125,1630526_def,0.00429157341446699,0.013460291182729763,4641.0
1126,1630527_off,-0.04011758785199773,0.017152563861207625,2777.0
1127,1630527_def,0.00019998270464586875,0.014889222742648199,2792.0
1128,1630528_off,-0.02565353969837234,0.015556654115148267,4402.0
1129,1630528_def,0.03211573855988745,0.01378764012725791,4398.0
1130,1630529_off,0.014852250110845967,0.01289519110214196,14152.0
1131,1630529_def,-0.028168575028421957,0.011667034321720192,14175.0
1132,1630530_off,0.00031606885039781176,0.012543562465398485,10774.0
1133,1630530_def,-0.0012796745123535111,0.011503042222505658,10732.0
1134,1630531_off,0.00251924493380675,0.019646587919002773,1273.0
1135,1630531_def,0.0010195018533855648,0.01651991152698079,1279.0
1136,1630532_off,0.010838774836396793,0.01252694165606867,15161.0
1137,1630532_def,-0.031597918022399155,0.011392840916806193,15173.0
1138,1630533_off,-0.02524739469997426,0.0136355846380342,6530.0
1139,1630533_def,0.004162123801179736,0.012380803751203873,6560.0
1140,1630534_off,0.0030771186671399255,0.014387809490958107,5934.0
1141,1630534_def,-0.0004676189887459334,0.012904120096087142,5961.0
1142,1630535_off,-0.03069564473055135,0.01924465552507682,1611.0
1143,1630535_def,0.002050114876995206,0.01623151206110952,1619.0
1144,1630536_off,-0.01217431255786717,0.023423029139186917,76.0
1145,1630536_def,0.00033881249258270436,0.01860454511345116,82.0
1146,1630537_off,-0.021832700761594753,0.013619126301192684,6422.0
1147,1630537_def,-0.006096599958365389,0.012364766963499339,6441.0
1148,1630538_off,0.015309618630619576,0.01378164709850358,6307.0
1149,1630538_def,0.009907237835229508,0.012481534181513893,6304.0
1150,1630539_off,-0.007069460282041933,0.019848011628848736,1269.0
1151,1630539_def,-0.00770277690401771,0.01662932300790375,1267.0
1152,1630540_off,-0.006403904385820969,0.014971075896807195,4892.0
1153,1630540_def,-0.019321025069962965,0.013337028547708773,4962.0
1154,1630541_off,-0.012185897402454345,0.013885623565471374,5896.0
1155,1630541_def,-0.0017762456292395473,0.012598501911430238,5890.0
1156,1630543_off,-0.0003354693572659207,0.015199561221758263,5006.0
1157,1630543_def,0.0031635926645025587,0.013496011454244752,4990.0
1158,1630544_off,-0.017955035414423618,0.013386381281131038,7233.0
1159,1630544_def,-0.001120002658414479,0.012174540056473147,7207.0
1160,1630547_off,-0.014941440787506106,0.01847643666031546,1874.0
1161,1630547_def,0.004313066469451094,0.015767436266240182,1893.0
1162,1630548_off,-0.008595748124800255,0.019871347472233725,1221.0
1163,1630548_def,0.005885533996294214,0.01663950665468536,1225.0
1164,1630549_off,0.007997560525751153,0.01595502658266868,3833.0
1165,1630549_def,-0.0003969764423026389,0.014061699251051964,3832.0
1166,1630550_off,-0.016388025226313184,0.015561471707815156,4141.0
1167,1630550_def,-0.012369914633936085,0.013771948720560102,4164.0
1168,1630551_off,0.0019685267843092707,0.01989334484458888,1153.0
1169,1630551_def,0.0076379529923676845,0.016677775568762505,1151.0
1170,1630552_off,-0.024363631879249996,0.014177268869270305,6573.0
1171,1630552_def,-0.013013307347070405,0.012755924719694247,6600.0
1172,1630553_off,-0.02303580376096746,0.01776464319802422,2393.0
1173,1630553_def,0.027105378536275683,0.015277507042369059,2418.0
1174,1630554_off,0.004507956080560542,0.022170216118949822,408.0
1175,1630554_def,0.0010391165547672424,0.017963697309542455,404.0
1176,1630555_off,-0.0026032286100473104,0.02359680592970589,37.0
1177,1630555_def,-0.0016291449964551505,0.018706726569620944,36.0
1178,1630556_off,-0.001272546675377542,0.016103221336601685,3402.0
1179,1630556_def,0.008558412477706993,0.014172950613239522,3450.0
1180,1630557_off,0.0070664824378802735,0.011673281393258442,12326.0
1181,1630557_def,0.025704437630080235,0.010796167762268832,12286.0
1182,1630558_off,-0.024735894840531406,0.012536293171083663,9781.0
1183,1630558_def,-0.012549117839425748,0.011412732165927907,9853.0
1184,1630559_off,0.012093666474660543,0.011928177581215725,13634.0
1185,1630559_def,-0.01241657427435173,0.010961269099708529,13623.0
1186,1630560_off,-0.016896104236848782,0.012680611884304166,8627.0
1187,1630560_def,0.022169251172220863,0.01162572671656874,8593.0
1188,1630561_off,-0.009653491465855422,0.01967700809394779,1274.0
1189,1630561_def,0.0024017384669259905,0.0165336625295681,1281.0
1190,1630562_off,-0.008055666764678712,0.022788317779941326,231.0
1191,1630562_def,-0.005394045744208111,0.018301498920926754,226.0
1192,1630563_off,-0.007660666937833703,0.017822916005845558,2240.0
1193,1630563_def,0.0005285011339019067,0.015362666584193703,2260.0
1194,1630564_off,0.006251619768686207,0.023124123344685294,152.0
1195,1630564_def,0.003271565912146532,0.01846282906854391,153.0
1196,1630565_off,-0.0026085390436040305,0.02362325179893367,31.0
1197,1630565_def,0.001956833594942306,0.018706683581871303,36.0
1198,1630567_off,-0.005875517486156949,0.012084494581264805,15213.0
1199,1630567_def,-0.006487410189117527,0.011100910708329172,15206.0
1200,1630568_off,0.00394488765917769,0.018943640215474476,1599.0
1201,1630568_def,0.0076826426567017485,0.016085684464095525,1590.0
1202,1630570_off,-0.01697789928409409,0.014027497116230601,5934.0
1203,1630570_def,0.021892470798009343,0.012640249240135846,5945.0
1204,1630572_off,-0.015046828466244926,0.016589104873152294,3129.0
1205,1630572_def,-0.0011574341364405916,0.014532925783972096,3123.0
1206,1630573_off,0.013301585054604262,0.014028787760496162,6769.0
1207,1630573_def,-0.02211375202285197,0.012639093582332209,6731.0
1208,1630575_off,-0.0005077203651162618,0.023696343079497244,15.0
1209,1630575_def,0.00017404661619467267,0.018756666849908052,14.0
1210,1630577_off,0.0021494579163606115,0.016550711427165656,3725.0
1211,1630577_def,0.004511622145038803,0.014432769122317954,3747.0
1212,1630578_off,0.009299784353028966,0.013012590465681907,11752.0
1213,1630578_def,0.002123355441303952,0.011775009417747088,11690.0
1214,1630579_off,-0.01372830767450472,0.016018443637476884,3811.0
1215,1630579_def,-0.002795373344279583,0.01407954968583639,3833.0
1216,1630580_off,-0.008663682708025795,0.021717735945596096,523.0
1217,1630580_def,-0.005168586388165855,0.017712748686788456,526.0
1218,1630581_off,-0.009379468140125278,0.012797298587456608,12792.0
1219,1630581_def,0.006670353238337445,0.01162778483604466,12766.0
1220,1630582_off,-0.011004209848680066,0.02311951396736285,149.0
1221,1630582_def,-0.0014672703901112644,0.018460397697343017,150.0
1222,1630583_off,-0.013824426230622014,0.013110851338169008,7725.0
1223,1630583_def,0.0037422083870967977,0.01196123109274101,7732.0
1224,1630585_off,0.00944515315363824,0.022746347091790745,243.0
1225,1630585_def,0.000658645601180469,0.018262437102415603,247.0
1226,1630586_off,-0.017059574952820594,0.017961940227391855,2541.0
1227,1630586_def,0.010955394755712134,0.015374695305252793,2570.0
1228,1630587_off,0.0003761284728068859,0.015520891254690975,4125.0
1229,1630587_def,0.013920279171541424,0.013795672560548032,4134.0
1230,1630589_off,-0.0003188431068435566,0.023632608952288095,29.0
1231,1630589_def,0.0013054591293371835,0.018720298597741065,30.0
1232,1630590_off,-0.013322192028169888,0.020150970333113256,1149.0
1233,1630590_def,-0.0003844390483026452,0.016803099356084688,1144.0
1234,1630591_off,-0.015601128515351845,0.013027888521431571,9487.0
1235,1630591_def,-0.014950880464969245,0.011861075425616291,9499.0
1236,1630592_off,0.006226447494549343,0.019701335459127008,1309.0
1237,1630592_def,0.002686931003670006,0.016555873500694304,1299.0
1238,1630593_off,-0.014564637805417165,0.021143036576107756,720.0
1239,1630593_def,0.011339735881850149,0.017395095918486796,719.0
1240,1630595_off,-0.002018204110971924,0.013183591974101712,9381.0
1241,1630595_def,-0.0034569939019044246,0.011964269310545403,9358.0
1242,1630596_off,-0.02779785061002432,0.012448063677444703,13691.0
1243,1630596_def,-0.02621642446739324,0.011360035317291612,13702.0
1244,1630598_off,0.0014892657399662005,0.012881844634748845,7723.0
1245,1630598_def,0.002456202488030573,0.011795334518302626,7795.0
1246,1630600_off,-0.005770184127826641,0.02253109540567591,304.0
1247,1630600_def,-0.005138489865335537,0.01816227065324631,300.0
1248,1630602_off,-0.00684892550664643,0.022856601436894015,213.0
1249,1630602_def,-0.0005553034508219547,0.018327313007703475,213.0
1250,1630604_off,-0.00042303796307753343,0.02355011681277478,47.0
1251,1630604_def,0.0009376062206344541,0.018683715505212518,46.0
1252,1630605_off,-0.00019724224403553175,0.02364967750467838,25.0
1253,1630605_def,0.0016536680453343897,0.018731198791580833,25.0
1254,1630606_off,-0.010806879831981957,0.022116672389980486,410.0
1255,1630606_def,0.000749911978377833,0.017949130003736467,404.0
1256,1630608_off,0.0016640376197267189,0.023738396207881426,6.0
1257,1630608_def,0.00022078611070172144,0.018777508185676334,5.0
1258,1630610_off,-0.009978321111524508,0.022514700801885796,309.0
1259,1630610_def,-0.0007202641448125444,0.01812918338288176,317.0
1260,1630611_off,0.0008277470843679811,0.02222066250503821,397.0
1261,1630611_def,-0.00031913541565741253,0.017976936039197033,400.0
1262,1630612_off,-0.011669228444213692,0.023228863993348618,121.0
1263,1630612_def,-0.0040210581084015595,0.018527508802572673,117.0
1264,1630613_off,-0.007840266487051816,0.017063629889101546,2861.0
1265,1630613_def,0.007878124795776945,0.014838923376844122,2845.0
1266,1630618_off,-0.008134906526926779,0.023408845383912153,79.0
1267,1630618_def,0.0010866539349572786,0.018615001799938653,77.0
1268,1630620_off,-0.0005611177345844295,0.023530716256294014,52.0
1269,1630620_def,-0.0002600998485848201,0.018675745030059192,50.0
1270,1630622_off,0.00028748673876710396,0.023743100039269438,5.0
1271,1630622_def,-0.0001960905547383676,0.018777543077540457,5.0
1272,1630624_off,-0.002146200342892274,0.02368704050292364,17.0
1273,1630624_def,-0.0014634596123801345,0.01875206620219196,16.0
1274,1630625_off,-0.03071262524636508,0.01542888208846974,4097.0
1275,1630625_def,0.0001357797633918996,0.013717566676509333,4095.0
1276,1630631_off,0.010033975211924694,0.013709142020582207,6908.0
1277,1630631_def,-0.032483810102936425,0.012412203885667699,6933.0
1278,1630637_off,5.320167858472164e-05,0.023043951412299615,165.0
1279,1630637_def,-0.0022729990283305067,0.018414446949089003,170.0
1280,1630639_off,-0.011297820268667907,0.020752702895166827,899.0
1281,1630639_def,-0.0055129556737578515,0.017139056295927435,906.0
1282,1630640_off,-0.002739224897791411,0.023674555949496197,20.0
1283,1630640_def,-0.0008372084532176869,0.018745656258009006,19.0
1284,1630641_off,-0.024197012526207897,0.021957631694711516,459.0
1285,1630641_def,0.0022867576100771237,0.01784743915216606,459.0
1286,1630643_off,-0.00593584663261239,0.02234742341807025,362.0
1287,1630643_def,-0.005718782193850654,0.018051721698797214,360.0
1288,1630644_off,0.0025201981724808703,0.0231731975437074,136.0
1289,1630644_def,-0.0028514864582683346,0.01849496857984946,135.0
1290,1630647_off,-0.01329124159920547,0.01776784842131312,2203.0
1291,1630647_def,0.0072699625086981535,0.015336586736812019,2202.0
1292,1630648_off,-0.000900450651625417,0.023439927995076514,72.0
1293,1630648_def,-0.002332073345204601,0.018623525441216034,73.0
1294,1630649_off,-0.008075571927421879,0.021358982264442324,646.0
1295,1630649_def,-0.000805136131677801,0.017508657479985743,652.0
1296,1630658_off,-0.008970951047915985,0.02325536384064411,117.0
1297,1630658_def,0.0038345807217898802,0.018532770699976376,116.0
1298,1630678_off,-0.0035014769642924973,0.0175636851495094,2413.0
1299,1630678_def,0.012808189647216764,0.015193435998939027,2409.0
1300,1630686_off,-0.018102897009932863,0.022278974350598148,432.0
1301,1630686_def,0.013917966035774547,0.01797288473226665,441.0
1302,1630688_off,-0.0037979581742195127,0.016953732562561233,2862.0
1303,1630688_def,-0.023953996608584226,0.014783946763380667,2861.0
1304,1630691_off,0.000372393486727706,0.022296043132766268,369.0
1305,1630691_def,0.0002923607249409108,0.018033317176234544,367.0
1306,1630692_off,-0.020882517441134302,0.01505581005804343,4409.0
1307,1630692_def,-0.014044952953302875,0.013455809053687439,4395.0
1308,1630693_off,-0.0012409544510910728,0.023747805218111873,4.0
1309,1630693_def,-0.0006047594968752573,0.018779865741306842,4.0
1310,1630695_off,-0.01831628725172065,0.0216120260930611,566.0
1311,1630695_def,-0.0008167669198223513,0.017655940370017522,565.0
1312,1630696_off,-0.022402984406463947,0.021493859270828537,579.0
1313,1630696_def,-0.0023483545044590743,0.01757546649246903,593.0
1314,1630698_off,-0.005151834795356434,0.02241350076810262,331.0
1315,1630698_def,0.007463446252267994,0.018097554986591,329.0
1316,1630699_off,-0.018265087894896396,0.017036493438426482,2742.0
1317,1630699_def,0.009011391487513287,0.0148503317995767,2737.0
1318,1630700_off,-0.003182806607162011,0.014795203838135266,4923.0
1319,1630700_def,-0.011532767395601376,0.01323209763772516,4976.0
1320,1630701_off,-0.000899677647915742,0.023757133710853164,2.0
1321,1630701_def,0.0002137016953154162,0.01878681128992966,1.0
1322,1630702_off,-0.014943524660934389,0.01612052465921517,3525.0
1323,1630702_def,0.017032946950388095,0.014206299116087525,3512.0
1324,1630703_off,-0.0181031280753101,0.016810614932578665,3605.0
1325,1630703_def,0.025176849850757264,0.014618431405995475,3608.0
1326,1630758_off,-0.0033663346960456936,0.02317085675828939,137.0
1327,1630758_def,0.0035527553472601663,0.018477841325182733,142.0
1328,1630787_off,0.005101258866580895,0.023359306310633633,91.0
1329,1630787_def,0.0008962920843403496,0.018587074465731723,90.0
1330,1630792_off,-0.0025088915222251946,0.021934165362582535,461.0
1331,1630792_def,0.002134176399682252,0.017825858059879872,466.0
1332,1630846_off,-0.009469367440400599,0.01979619201016208,1302.0
1333,1630846_def,-0.011923042298055226,0.01659296648137585,1304.0
1334,1630929_off,0.0027277456555117466,0.023481666138484267,64.0
1335,1630929_def,0.0006434862677873832,0.01864681663873251,64.0
1336,1630994_off,0.0038673687692814336,0.02334357327813492,96.0
1337,1630994_def,0.00044739245310026143,0.01857951110507845,95.0
1338,1631093_off,-0.010425487260416247,0.013586827451505655,9337.0
1339,1631093_def,0.017940027657560368,0.012213905901339816,9321.0
1340,1631094_off,0.008263507383557994,0.013842552426068916,10695.0
1341,1631094_def,0.004450135768295327,0.01234263272550897,10686.0
1342,1631095_off,-0.010264065556704477,0.013436453730060699,9978.0
1343,1631095_def,0.008947249174660889,0.012147535926623656,9976.0
1344,1631096_off,0.032726912603998876,0.01596832351119716,5034.0
1345,1631096_def,-0.01871590966402269,0.01399035328009323,5041.0
1346,1631097_off,-0.012602205217196879,0.013568784385406651,8021.0
1347,1631097_def,0.010446643720253683,0.012290034014623552,8012.0
1348,1631098_off,-0.041692596135045945,0.01799022793628245,2204.0
1349,1631098_def,-8.069172035984423e-05,0.015460107720844754,2205.0
1350,1631099_off,0.013677141234887776,0.013771390249443983,10782.0
1351,1631099_def,-0.0006644822431333474,0.012397900403998376,10763.0
1352,1631100_off,-0.0010698435978944013,0.016471773982918807,3283.0
1353,1631100_def,-0.001123966395931413,0.014459209690744629,3293.0
1354,1631101_off,-0.0119960940518231,0.014535393271018363,5812.0
1355,1631101_def,0.0158966929934006,0.012999602384192255,5838.0
1356,1631102_off,-0.02055663713627035,0.020370004871255856,1005.0
1357,1631102_def,-0.003192876182383846,0.016950838726137153,1005.0
1358,1631103_off,-0.017370568769951137,0.01404285877520054,6610.0
1359,1631103_def,0.01853957431196592,0.012645222003725769,6638.0
1360,1631104_off,-0.03039886900619444,0.01671857271908426,3274.0
1361,1631104_def,-0.00036490664191658317,0.0145741742407378,3281.0
1362,1631105_off,-0.0027999136511043365,0.01443639591550314,7043.0
1363,1631105_def,-0.00481524139320055,0.012875860434895752,7034.0
1364,1631106_off,0.0006235787964969514,0.015342103274128504,4645.0
1365,1631106_def,-0.021280223061261195,0.013609651776992767,4649.0
1366,1631107_off,0.0019162181319870033,0.017582813525149406,2347.0
1367,1631107_def,-0.012003649690351906,0.015235729230401797,2344.0
1368,1631108_off,-0.022521173214881434,0.01633109510027234,3185.0
1369,1631108_def,-0.010302100206430869,0.014385241550532356,3175.0
1370,1631109_off,-0.0047094982975315796,0.017548208089865763,2791.0
1371,1631109_def,-0.010508651409244464,0.015133516457842493,2787.0
1372,1631110_off,-0.008891950857824286,0.014087680650324425,7618.0
1373,1631110_def,0.002829354773271003,0.012672911039278182,7651.0
1374,1631111_off,-0.01727515682431741,0.0218341455870948,513.0
1375,1631111_def,0.0020206631542945895,0.017757469897668084,518.0
1376,1631112_off,-0.016383254728538302,0.02281157899383825,225.0
1377,1631112_def,-0.00583349826835892,0.018308299303687978,222.0
1378,1631113_off,-0.0060556602626052275,0.021571340515851134,587.0
1379,1631113_def,0.0028639238730084836,0.01765425985644783,574.0
1380,1631114_off,0.005907796235821932,0.013489693456262788,9611.0
1381,1631114_def,-0.01201457316763813,0.01219247888544048,9657.0
1382,1631115_off,-0.0023998172700322373,0.019412793204321578,1432.0
1383,1631115_def,-0.0029902627341597183,0.01635370491255045,1439.0
1384,1631116_off,-0.018432800721374418,0.019138533848193178,1547.0
1385,1631116_def,0.0014169275536344344,0.01621114709412997,1541.0
1386,1631117_off,9.897023644493997e-05,0.01441074278823075,6594.0
1387,1631117_def,-0.007202993981398124,0.012913747618732183,6603.0
1388,1631119_off,-0.0027309448068535726,0.0161834606674513,3861.0
1389,1631119_def,0.00011779567815644359,0.014210692307891574,3871.0
1390,1631120_off,-0.0025630954501955874,0.02286823344056548,210.0
1391,1631120_def,-0.0032756598594395063,0.01833019571990608,212.0
1392,1631121_off,-0.03609199452249858,0.016361324879907446,3451.0
1393,1631121_def,0.007542974121543984,0.014361551208049375,3446.0
1394,1631123_off,-0.014778611511935137,0.022385880082884422,329.0
1395,1631123_def,0.002844208476425195,0.018085087574205266,327.0
1396,1631124_off,-0.0025819516696209324,0.020184887509912066,1130.0
1397,1631124_def,0.010920273957068034,0.016820202825416703,1139.0
1398,1631128_off,-0.023739954986375888,0.014529584166124578,6241.0
1399,1631128_def,-0.015849825587949586,0.012957753223523086,6286.0
1400,1631131_off,-0.0005343103991767405,0.023351995132488857,94.0
1401,1631131_def,-0.003004230958767893,0.018584137678712375,92.0
1402,1631132_off,-0.0014100725333103272,0.0188689306059749,1636.0
1403,1631132_def,-0.022600452693021893,0.016057159959522904,1632.0
1404,1631133_off,-0.016577563352510233,0.01535382141026736,4695.0
1405,1631133_def,0.01060818369296528,0.013598823646949988,4717.0
1406,1631157_off,-0.008767419401638494,0.022538686233612427,296.0
1407,1631157_def,-0.010025195164929009,0.01816059635524856,295.0
1408,1631159_off,-0.00027811508624950597,0.02328349638819518,114.0
1409,1631159_def,-0.0018753930374870592,0.018542633965688712,114.0
1410,1631160_off,-0.010448185488591485,0.023016085826182576,174.0
1411,1631160_def,0.0014691116603519033,0.01841899576352738,169.0
1412,1631165_off,0.0007049011563864156,0.017782620520414547,2241.0
1413,1631165_def,-0.021271883803552175,0.015357787495270885,2247.0
1414,1631167_off,0.001261822094961269,0.023729191051320812,8.0
1415,1631167_def,-7.834253178440776e-05,0.018768430679319336,9.0
1416,1631169_off,0.0038719119877550848,0.02214090645536839,433.0
1417,1631169_def,-0.0042544440126344625,0.017939738724846156,428.0
1418,1631170_off,0.009570262850237174,0.01563117151463826,4408.0
1419,1631170_def,-0.009676486747924162,0.013836344454163025,4417.0
1420,1631172_off,-0.00970043252430166,0.018225253136418842,1946.0
1421,1631172_def,-0.006439158917041806,0.015642785076735752,1951.0
1422,1631173_off,0.00014124498072915872,0.022963909635289183,191.0
1423,1631173_def,0.005093484108952104,0.018379204172784387,191.0
1424,1631197_off,0.005726899666405137,0.0206672010686721,895.0
1425,1631197_def,0.0013618429551826754,0.017132748766054293,889.0
1426,1631199_off,0.004040647659649735,0.023310750582552667,103.0
1427,1631199_def,-0.0009651691928487706,0.01856503325198471,101.0
1428,1631200_off,-0.01530658439863075,0.017811499734038453,2731.0
1429,1631200_def,-0.009817895624925787,0.015282702349526223,2733.0
1430,1631204_off,-0.014917744737308053,0.01723950189440441,2806.0
1431,1631204_def,0.005607406865319443,0.01494773376051739,2813.0
1432,1631205_off,0.0032776419472446932,0.022346823313499853,347.0
1433,1631205_def,-0.006073176566294159,0.018053201765873998,350.0
1434,1631207_off,0.0037737504693130235,0.01840643538262147,1864.0
1435,1631207_def,-0.007138551622241512,0.015764470785175053,1860.0
1436,1631209_off,-0.0012589333295715353,0.023724462267911983,9.0
1437,1631209_def,7.344385065838876e-05,0.018768290547261854,9.0
1438,1631210_off,-0.004632284007449344,0.023434342643017952,73.0
1439,1631210_def,0.003125172924075103,0.0186233215184859,73.0
1440,1631211_off,-0.004090377309830399,0.023687051927542085,17.0
1441,1631211_def,0.0016815361488159868,0.018745203673080326,19.0
1442,1631212_off,-0.012320555959353403,0.01715145103661617,3405.0
1443,1631212_def,-0.006411281959565713,0.014797602071178922,3464.0
1444,1631213_off,0.0002793794606250634,0.02321553738692183,127.0
1445,1631213_def,9.390567910283574e-05,0.018517256412958333,124.0
1446,1631214_off,-0.007927369623490159,0.023542137085167215,49.0
1447,1631214_def,0.0004704301190732673,0.01868397403519216,46.0
1448,1631216_off,-0.004210680539649138,0.01637650890744643,3264.0
1449,1631216_def,0.0016556614490635863,0.014395458900137116,3261.0
1450,1631217_off,-4.4608431586378164e-05,0.021777020963303487,520.0
1451,1631217_def,0.005278182672209953,0.01773962439774955,522.0
1452,1631218_off,-0.0019096889501574474,0.018000101812812464,2339.0
1453,1631218_def,0.0074894729238231695,0.015461320329930577,2339.0
1454,1631219_off,-0.007731740169868667,0.022012265736412708,469.0
1455,1631219_def,0.0035809793600573435,0.01786497248045885,470.0
1456,1631220_off,0.0050036497381263055,0.0231574204882253,139.0
1457,1631220_def,-0.006066032239281016,0.01848117317751153,139.0
1458,1631221_off,-0.002535157408417312,0.0219563163649375,455.0
1459,1631221_def,-0.001568123811314776,0.017847730015718648,456.0
1460,1631222_off,-0.01566371491589932,0.017503454663684984,2479.0
1461,1631222_def,0.007015448304819593,0.015121121922525273,2503.0
1462,1631223_off,-0.02578967403327539,0.014530773547844994,5184.0
1463,1631223_def,0.007627560942894053,0.013060767157866394,5208.0
1464,1631230_off,0.0016687438602540914,0.01897575270573229,1711.0
1465,1631230_def,0.013290094254584469,0.016063750085652653,1723.0
1466,1631241_off,-0.015572048353155041,0.020893018314349653,839.0
1467,1631241_def,0.004610663594192983,0.017234740758920997,846.0
1468,1631243_off,-0.014893671665499717,0.023072432056607525,159.0
1469,1631243_def,0.003144556324630425,0.01844099116606384,158.0
1470,1631245_off,-0.007162867285932651,0.02251152486197561,320.0
1471,1631245_def,-0.0023922847892493266,0.018138451308864052,318.0
1472,1631246_off,-0.007670827768305458,0.016858938454675395,3117.0
1473,1631246_def,-0.00962313811249834,0.014715593994831817,3112.0
1474,1631250_off,-0.007731567295183502,0.02354625127204746,49.0
1475,1631250_def,-0.00015564511581650416,0.0186813806619072,48.0
1476,1631254_off,-0.007898964140287536,0.02092681563818795,789.0
1477,1631254_def,0.0075451883511126515,0.017271247962320976,791.0
1478,1631257_off,-0.0019152115496455294,0.023218611747057565,128.0
1479,1631257_def,0.0038662262968737317,0.018505023352471395,131.0
1480,1631260_off,0.004839463826110673,0.018249165133080027,1950.0
1481,1631260_def,0.00274837517626266,0.015666468962442354,1942.0
1482,1631262_off,0.0005605576603135359,0.02250784670733235,317.0
1483,1631262_def,-0.0037764345588256316,0.018143443577478633,315.0
1484,1631288_off,-0.00944499503967706,0.020213577380209926,1023.0
1485,1631288_def,-0.007733539408037582,0.01685614192110766,1031.0
1486,1631298_off,-0.009752919702911365,0.022708901484141713,253.0
1487,1631298_def,-0.0009553679037922198,0.01823943698584777,257.0
1488,1631303_off,-0.021607686537170802,0.020579441455179075,945.0
1489,1631303_def,-0.003592689018706554,0.01706077394055354,948.0
1490,1631306_off,-0.004987991392422031,0.022646848519573087,263.0
1491,1631306_def,0.0022085723344036218,0.018229728722095363,257.0
1492,1631309_off,-0.0014396530500528388,0.02351943263915144,55.0
1493,1631309_def,-0.0013083553255820101,0.01866536123890955,55.0
1494,1631311_off,-0.007869505970134544,0.0208217808345914,845.0
1495,1631311_def,-0.008614325183915219,0.017207318972687544,844.0
1496,1631320_off,-0.0017514275080088364,0.02369591987749556,15.0
1497,1631320_def,0.0007447562509735433,0.018749543432621463,17.0
1498,1631321_off,-0.0045741325898865015,0.022544596850447504,300.0
1499,1631321_def,-0.010831961614620966,0.018159231300610208,302.0
1500,1631323_off,-0.012735133561328976,0.014763037740460106,5070.0
1501,1631323_def,0.00048408828472142323,0.013229086213409003,5064.0
1502,1631338_off,-0.02279109696275173,0.022756727374243845,246.0
1503,1631338_def,-0.0015477683561295873,0.01826600723159969,249.0
1504,1631367_off,-0.009546151683603777,0.019303688554011905,1477.0
1505,1631367_def,0.014831434833458858,0.016298050596779426,1486.0
1506,1631376_off,-0.0006450061431487431,0.023747718359307255,4.0
1507,1631376_def,-0.00030083573258601843,0.018779805759642543,4.0
1508,1631386_off,-0.003991722995485688,0.023375562685073008,88.0
1509,1631386_def,0.002791972848610037,0.01859107296299586,89.0
1510,1631466_off,0.0046806131725270475,0.02166011937767658,551.0
1511,1631466_def,0.0014531711784192616,0.017680390496214615,553.0
1512,1631495_off,0.0012782759955309831,0.02372439666260501,9.0
1513,1631495_def,-0.0011578995396536117,0.018768246837239766,9.0
1514,1641645_off,0.005567094172365992,0.02269710015563943,280.0
1515,1641645_def,-0.0033779875701862635,0.018223445714606705,283.0
1516,1641705_off,-0.007071684556484756,0.016289387755855814,4386.0
1517,1641705_def,-0.027936251282353837,0.014234795177882599,4394.0
1518,1641706_off,-0.015960630948896052,0.015797188403326744,4814.0
1519,1641706_def,0.015883256636210978,0.013889866245077804,4835.0
1520,1641707_off,-0.010610253045393175,0.019083356098545085,1779.0
1521,1641707_def,0.0015040116877969658,0.01612041470115893,1787.0
1522,1641708_off,-0.00030960935980268897,0.017379187383646143,2910.0
1523,1641708_def,-0.012036893800017549,0.01503779387771419,2898.0
1524,1641709_off,-0.007871110483854428,0.016814702596059928,3263.0
1525,1641709_def,-0.011871648905158632,0.014636338238776988,3309.0
1526,1641710_off,-0.020837038503111333,0.017927704279786287,2376.0
1527,1641710_def,-0.0111622815797322,0.015399666516782465,2379.0
1528,1641711_off,-0.02963464646294697,0.017403982162203343,2636.0
1529,1641711_def,0.022817540990595526,0.015068302672427989,2646.0
1530,1641712_off,-0.010349095326474192,0.02003032292556551,1295.0
1531,1641712_def,0.004406538382073678,0.016720642152648547,1286.0
1532,1641713_off,-0.019478015944041804,0.017887510801286255,2504.0
1533,1641713_def,-0.00717288874922977,0.015331708632262108,2513.0
1534,1641715_off,-0.004159222502821811,0.018881352233478383,1845.0
1535,1641715_def,-0.0007801441238415777,0.01601411069283331,1842.0
1536,1641716_off,0.007380328392407805,0.0212022184675169,714.0
1537,1641716_def,-0.0003851509343122606,0.01741674169996119,716.0
1538,1641717_off,-0.002932960997781986,0.016581303775569226,3498.0
1539,1641717_def,-0.010051370907622106,0.014479735913535262,3516.0
1540,1641718_off,-0.026095573844005945,0.016183876289411207,4184.0
1541,1641718_def,0.00961527807782515,0.014177536583032883,4179.0
1542,1641720_off,-0.015091704149489737,0.022813222584944462,227.0
1543,1641720_def,0.002140573492793013,0.018313119467973704,221.0
1544,1641721_off,-0.025103099835829774,0.022891781687346024,212.0
1545,1641721_def,-0.0002162458887304332,0.01834859999428207,207.0
1546,1641722_off,0.008992338207603109,0.01786165348192953,2376.0
1547,1641722_def,0.012589871736036746,0.015388625740885505,2348.0
1548,1641723_off,-0.01983166167360966,0.022162244755864997,405.0
1549,1641723_def,-0.0060562232173141444,0.01796188983167209,403.0
1550,1641724_off,-0.00574992524879081,0.023157463964866065,141.0
1551,1641724_def,-0.004535786524438715,0.018489505799723086,137.0
1552,1641726_off,0.024628426125707426,0.017643716897525027,2722.0
1553,1641726_def,0.0038263790859745326,0.015213777357476876,2727.0
1554,1641727_off,0.00019452320372110316,0.023526779798397186,53.0
1555,1641727_def,0.004992368340982481,0.018671431916274836,52.0
1556,1641729_off,-0.003454777188485608,0.020028207298789527,1198.0
1557,1641729_def,0.021473235269715434,0.016725981625167013,1203.0
1558,1641730_off,-0.017226005572544452,0.021162103050252262,739.0
1559,1641730_def,-0.002722867272598997,0.01738727635121367,747.0
1560,1641731_off,-0.034717269634012476,0.016376167301178274,3638.0
1561,1641731_def,0.015371593539182299,0.014378164773962617,3635.0
1562,1641732_off,-0.007455511543968445,0.02219610390525121,388.0
1563,1641732_def,-0.006999292429260687,0.017977594750389854,388.0
1564,1641733_off,-0.030216509530151505,0.019445098811523703,1434.0
1565,1641733_def,0.008528516352371162,0.016366762295845487,1442.0
1566,1641734_off,-0.014877579152938568,0.022693465872321336,259.0
1567,1641734_def,0.009268245425071063,0.018238932532888386,260.0
1568,1641735_off,0.0038304768708164144,0.023228085451890288,125.0
1569,1641735_def,0.0010844676338824793,0.01852196723210584,123.0
1570,1641738_off,-0.009699490173845924,0.020989753838324354,790.0
1571,1641738_def,0.00558569526370395,0.017288280796047082,800.0
1572,1641739_off,-0.01417424393609736,0.016747239676165298,3486.0
1573,1641739_def,-0.021601396144269234,0.014595183248829887,3503.0
1574,1641741_off,0.00047466436805866153,0.021566549682229343,579.0
1575,1641741_def,0.0011928470318999464,0.01762430086756989,583.0
1576,1641745_off,0.0005492463132319176,0.023628952103248297,30.0
1577,1641745_def,-0.0004187687125311826,0.018718830963928897,31.0
1578,1641748_off,-0.007377046067445243,0.01986689123197538,1180.0
1579,1641748_def,0.0188432933496742,0.016650757194344726,1188.0
1580,1641749_off,-0.00494557544223133,0.02316439874418903,136.0
1581,1641749_def,0.0001479266772015727,0.0184951126482369,132.0
1582,1641753_off,-0.0033921284058625145,0.022961231212965453,188.0
1583,1641753_def,0.0017818825842487263,0.018379703538113277,188.0
1584,1641754_off,-0.002944200108333664,0.023302265488193735,103.0
1585,1641754_def,0.0019954985223586304,0.01855034339920715,106.0
1586,1641757_off,-0.0017587433466364321,0.023504309595635497,58.0
1587,1641757_def,0.0018320134959785577,0.018657891784175686,58.0
1588,1641763_off,-0.000957242865697057,0.0212872885545305,657.0
1589,1641763_def,-0.0008379867503967276,0.01748673697413094,654.0
1590,1641764_off,0.02511735832196015,0.016042987217260676,4039.0
1591,1641764_def,-0.010116396091296977,0.014121109697660271,4039.0
1592,1641765_off,-0.020588187459004693,0.021307690644354806,710.0
1593,1641765_def,0.002366389228208967,0.01746986512730124,708.0
1594,1641766_off,0.002332643955970628,0.023169462584915864,138.0
1595,1641766_def,-0.004417948863127878,0.018499073921259764,133.0
1596,1641767_off,0.014750853910786904,0.01905403359038347,1711.0
1597,1641767_def,-0.0030544217512434254,0.016099000035145018,1735.0
1598,1641771_off,0.0007881362182854596,0.023458748527752017,69.0
1599,1641771_def,0.0008032558990253434,0.018628239618172747,72.0
1600,1641774_off,-0.0006045512590390833,0.022397918924839184,335.0
1601,1641774_def,-0.012572434235523072,0.018092822965708556,332.0
1602,1641775_off,0.00451824860257263,0.023044740632464516,166.0
1603,1641775_def,-0.00844776305540692,0.01843745281059423,160.0
1604,1641778_off,-0.00451261247566488,0.021597486948150064,577.0
1605,1641778_def,-0.0015661266333356076,0.01765806982374179,570.0
1606,1641787_off,-0.01018185868398569,0.021091930466214232,742.0
1607,1641787_def,0.006470045204649744,0.01736135639082901,746.0
1608,1641788_off,-0.008559583649185134,0.023397682023316418,82.0
1609,1641788_def,0.004389727487897004,0.018597675222834783,85.0
1610,1641793_off,-0.005947086946786075,0.023402746433845455,82.0
1611,1641793_def,0.0049594204977309,0.01860152289391717,84.0
1612,1641806_off,0.00046852546032208066,0.023733665834750856,7.0
1613,1641806_def,-0.0011202701214696406,0.018775195867457427,6.0
1614,1641809_off,0.004953838044537741,0.023553947557846573,47.0
1615,1641809_def,0.00046206308680960245,0.018679082558099438,49.0
1616,1641816_off,-0.00321455937464009,0.023306071698969835,107.0
1617,1641816_def,-0.0031952976181735954,0.01856712557689653,101.0
1618,1641847_off,0.0011589723964770024,0.023651192479963074,25.0
1619,1641847_def,-0.0004165495628821819,0.018729503650070235,26.0
1620,1641851_off,-0.014672534640460932,0.0227537030279515,256.0
1621,1641851_def,0.0011622493992233089,0.018261522799007588,257.0
1622,1641854_off,0.010418994746333019,0.01983023527169394,1279.0
1623,1641854_def,0.007559452130224084,0.016612864126036922,1280.0
1624,1641871_off,0.010461284831424094,0.018075972688545792,2438.0
1625,1641871_def,0.007640609154279717,0.015478409661909854,2441.0
1626,1641877_off,-0.029689634005248582,0.021528753242170483,613.0
1627,1641877_def,0.005977387039997105,0.0176059972449523,611.0
1628,1641926_off,-0.004556307002487548,0.02345330316475816,71.0
1629,1641926_def,-0.001995621895954438,0.018627818344888893,73.0
1630,1641931_off,-0.00807384327102175,0.0217219694630834,521.0
1631,1641931_def,0.0026177964896822005,0.017720183082217383,523.0
1632,1641970_off,-0.00807909308999623,0.02273177632085371,251.0
1633,1641970_def,-0.007518433611334428,0.01825536346878175,253.0
1634,1641998_off,-0.007267678613875854,0.02023450489352683,1155.0
1635,1641998_def,0.0033317844157860856,0.01682977051168338,1159.0
1636,1642013_off,-0.010533086404738776,0.022854929081133183,216.0
1637,1642013_def,0.0011432953279382598,0.018319543418215515,219.0
1638,rubber_band,-0.02658384762337026,0.0014417401259977213,-2.810272015096871e-10
1639,season_2023,0.019745056469843224,0.0041115214846300764,261417.0
1640,season_2024,0.02049942472612775,0.00459499512967792,245167.0
