col,player_side,coef,se,poss
0,2207_off,-9.188777562519503e-05,0.021202037087176655,4.0
1,2207_def,0.0006435609632086284,0.01676468547329003,4.0
2,2544_off,0.040254133966006106,0.010942673302021474,15101.0
3,2544_def,-0.013178531485872072,0.010041070551171016,15083.0
4,2546_off,-0.012674606578087673,0.016296325565570688,3710.0
5,2546_def,0.00093939233106719,0.013952557638210355,3685.0
6,2617_off,-0.012263027650696558,0.020325893612765815,331.0
7,2617_def,0.0022191700827534295,0.016318330593933606,331.0
8,2730_off,-0.00457162808555427,0.017830794422959484,1988.0
9,2730_def,0.003890179620770884,0.01491134458816852,2000.0
10,2738_off,-0.004322124613569797,0.018245060093971286,1561.0
11,2738_def,-0.014217418007855599,0.015157245845203124,1564.0
12,2772_off,-0.009326521651776902,0.019310170669497258,921.0
13,2772_def,0.000632321637861432,0.01577172698860367,925.0
14,101108_off,0.010192503954479126,0.011534896133100065,12699.0
15,101108_def,-0.0210773875343276,0.01048329144187177,12665.0
16,101139_off,-9.188777562519503e-05,0.021202037087176658,4.0
17,101139_def,0.0006435609632086284,0.016764685473290027,4.0
18,101150_off,-0.0035662007454273182,0.01842263849859088,1612.0
19,101150_def,-2.787132905422585e-05,0.015253209460831946,1611.0
20,200746_off,-0.002338845920989204,0.017764431541254184,2175.0
21,200746_def,-0.0034431003137928764,0.014861144139931512,2167.0
22,200752_off,0.0027793786973910202,0.015415778658273408,3821.0
23,200752_def,-0.018966085936728324,0.013387505526908391,3823.0
24,200765_off,-0.027696035811126084,0.018331042753887195,1522.0
25,200765_def,-0.003606265146522947,0.01520986812876993,1535.0
26,200768_off,-0.00258498672057651,0.010981318421349744,13033.0
27,200768_def,-0.016500241985058995,0.010110216424377802,13026.0
28,200782_off,0.007288793855921209,0.01190371771048468,10124.0
29,200782_def,-0.006768523263409775,0.010841286885083137,10111.0
30,200794_off,-0.008254696966560901,0.01953497939811572,784.0
31,200794_def,-0.0006963465852239694,0.015910514797212796,772.0
32,201142_off,0.03359893831288516,0.010908246946961509,14877.0
33,201142_def,-0.01738687451143214,0.00996869789272523,14845.0
34,201143_off,0.015922350730120747,0.012018006971711752,14216.0
35,201143_def,-0.01377646634755829,0.01086399176136005,14195.0
36,201144_off,0.014922700552166004,0.011386709566611137,13532.0
37,201144_def,-0.007302968736632732,0.010356847857054735,13445.0
38,201145_off,-0.017295717669315595,0.011869131395070537,9513.0
39,201145_def,0.00883853642734205,0.010781597172990919,9548.0
40,201152_off,-0.007023599264165913,0.014415637004387598,4367.0
41,201152_def,0.005680697294729112,0.012738538338725491,4352.0
42,201565_off,-0.02420219961308597,0.015950792874405706,2822.0
43,201565_def,-0.011094486639223945,0.013767368073518383,2803.0
44,201566_off,0.0006174851867560949,0.010861385523930865,13585.0
45,201566_def,0.0027677528993952268,0.009948143286156947,13599.0
46,201567_off,0.0029186415649153155,0.012001061774503507,8726.0
47,201567_def,-0.012915055401848459,0.010925124406458589,8681.0
48,201568_off,0.0006736716975818329,0.014472390092493473,5070.0
49,201568_def,0.007323146975810621,0.012733069950210429,5056.0
50,201569_off,0.002363965384166081,0.010783162595981973,11796.0
51,201569_def,0.0024366802843423362,0.009966108679035792,11792.0
52,201571_off,-0.01076698653700599,0.017925488602948524,1825.0
53,201571_def,0.011547498018118997,0.014986598608535818,1815.0
54,201572_off,-0.003253440789459217,0.011720402400030723,11671.0
55,201572_def,-0.02575613502200884,0.010644129442271656,11645.0
56,201577_off,-0.026011010022993896,0.017273188434852635,2011.0
57,201577_def,-0.0006718431115535178,0.014591363972307083,2003.0
58,201580_off,-0.016371900341988075,0.015050625240068565,4143.0
59,201580_def,-0.009424573942609262,0.013134603674545808,4132.0
60,201586_off,-0.021255218764529925,0.017218199891198452,2229.0
61,201586_def,-0.005829973483224774,0.014553050989679303,2235.0
62,201587_off,0.008115399268526004,0.011451729880771122,9967.0
63,201587_def,-0.008192391960149726,0.010505876365968413,9939.0
64,201588_off,-0.007619373464225815,0.014944023032619864,4439.0
65,201588_def,-0.03434055611587936,0.01309037998691062,4416.0
66,201599_off,-0.022705163167460206,0.01551697594199011,3354.0
67,201599_def,0.009097699281292091,0.01341003132589596,3394.0
68,201609_off,0.0013942878550424877,0.01584331534193901,3081.0
69,201609_def,0.003754253084260204,0.013696265043096288,3066.0
70,201933_off,-0.008967213147669937,0.015971891549695378,3218.0
71,201933_def,-0.004076628837185338,0.01377115006046609,3201.0
72,201935_off,0.03543850595087588,0.010535528213399108,15813.0
73,201935_def,0.007203700286374943,0.009678509488209865,15819.0
74,201937_off,-0.013869441962992212,0.016074651048575726,3178.0
75,201937_def,-0.027350778080022526,0.01384502328410032,3164.0
76,201939_off,0.040796639665989544,0.012001075310071935,16494.0
77,201939_def,-0.010347022242225926,0.010785810118649522,16381.0
78,201942_off,0.02269584676969601,0.011857673144579457,17645.0
79,201942_def,-0.004072246444828337,0.010685033606132727,17648.0
80,201949_off,-0.015889059279040676,0.016582808328194774,2851.0
81,201949_def,-0.009035869179255408,0.014141372116748619,2869.0
82,201950_off,0.03804461865588998,0.010782901358590873,15123.0
83,201950_def,-0.020555905726115712,0.009896083636529805,15087.0
84,201954_off,-0.002413067819541647,0.021006074265889754,84.0
85,201954_def,0.001015209816018927,0.016667192112793425,84.0
86,201959_off,-0.008363732411907032,0.015699452389891625,3241.0
87,201959_def,-0.012094608793699987,0.013578683831321915,3250.0
88,201961_off,-0.013443480932361768,0.018220265443188787,1644.0
89,201961_def,0.003974970379943873,0.015157237124802762,1636.0
90,201976_off,-0.01217289204035692,0.011104483320325594,10156.0
91,201976_def,-0.011586324667906073,0.010217575575120756,10208.0
92,201980_off,-0.014395943208170468,0.01582637893034213,3722.0
93,201980_def,-0.006026486884484875,0.013673794359639006,3720.0
94,201988_off,-0.004798868521239046,0.01347477838661542,7075.0
95,201988_def,-0.0005064763634494261,0.011985900450158682,7041.0
96,202066_off,-0.04261162752862505,0.015998272503633594,3177.0
97,202066_def,0.01071990545017102,0.01376586972224444,3176.0
98,202083_off,-0.009207029302908207,0.013796780698654377,5428.0
99,202083_def,-0.01238163266810401,0.012260135443738975,5500.0
100,202322_off,-0.027706953054891705,0.017590691430739602,1589.0
101,202322_def,0.0004046394226523584,0.014781229557998198,1591.0
102,202324_off,-0.026820411852617534,0.01870138655563907,1318.0
103,202324_def,-0.0076741325824093536,0.015422675930054105,1328.0
104,202326_off,0.01996144144064564,0.018375251169670148,1587.0
105,202326_def,-2.1928787971353305e-05,0.015243513522040314,1569.0
106,202328_off,0.0007980024330386243,0.020256963077023675,412.0
107,202328_def,7.199723553821686e-05,0.016283949238862505,413.0
108,202330_off,-0.008359155539711392,0.012256608246573717,9150.0
109,202330_def,-0.010203813548298565,0.011091709818331952,9149.0
110,202331_off,0.04198432771064856,0.012122558127358178,11334.0
111,202331_def,-0.023861915185490475,0.010953698045003325,11294.0
112,202334_off,-0.011976415346096302,0.020313526100982835,393.0
113,202334_def,-0.004180314800990035,0.016315520265251623,390.0
114,202339_off,-0.022619510607771637,0.01694796705043908,2779.0
115,202339_def,-0.014540047614448973,0.014370414656702407,2789.0
116,202340_off,-0.025783460052099284,0.017012854633938344,2876.0
117,202340_def,-0.0013045991191474075,0.014389815678752886,2900.0
118,202355_off,0.02100855007322263,0.017509481302883493,2449.0
119,202355_def,-0.00883702414336723,0.01468920194550759,2475.0
120,202357_off,-0.0039372279174597815,0.01725308888655059,2606.0
121,202357_def,-0.011165539567756717,0.014544210400443635,2599.0
122,202362_off,0.0007006097036035721,0.018286234552271175,1659.0
123,202362_def,0.010470767897904638,0.015173027933897134,1657.0
124,202397_off,-0.0324446369654466,0.014231818545833,4660.0
125,202397_def,0.009894078650220985,0.012572099147007916,4666.0
126,202681_off,0.050734426684871,0.011227561341072686,11467.0
127,202681_def,-0.007156483950069085,0.010278320026735694,11441.0
128,202683_off,0.0007699491966636204,0.019499348486177032,831.0
129,202683_def,-0.006669086301210086,0.01588551232393014,820.0
130,202684_off,0.00114270654416573,0.015812058655149796,3040.0
131,202684_def,0.004858509400012376,0.013653232765174208,3036.0
132,202685_off,0.012327150094879752,0.012682666819852298,13058.0
133,202685_def,0.0056263555867753536,0.011246397937231598,13008.0
134,202687_off,0.0001968788991278045,0.014057718187767703,4753.0
135,202687_def,-0.0024214984352555566,0.012425872681045674,4760.0
136,202688_off,-0.0030020515660416666,0.020881888954570948,136.0
137,202688_def,-0.0012725707162287124,0.016608148836328798,133.0
138,202689_off,-0.010977390909413206,0.017643678814967593,2193.0
139,202689_def,0.0034230602716937464,0.014788440465720596,2198.0
140,202691_off,0.005221345185327576,0.011517565785406973,14177.0
141,202691_def,0.011801165416928619,0.010481239394856685,14118.0
142,202692_off,0.004616756295422672,0.011888739905036798,9386.0
143,202692_def,-0.0037447153488617668,0.010817534793608854,9357.0
144,202693_off,-0.012074084887504602,0.017101503612202217,1831.0
145,202693_def,0.0009673364016023512,0.014494348415335367,1830.0
146,202694_off,-0.004357418115336825,0.01237144425963118,8751.0
147,202694_def,0.010582955619406639,0.011203871741254435,8734.0
148,202695_off,0.03207544896183142,0.012737614153441176,8388.0
149,202695_def,-0.025205298489822135,0.011439445697618114,8358.0
150,202696_off,-0.0010711114400254328,0.013288704199948487,16243.0
151,202696_def,0.00726498461194566,0.011596182054590029,16211.0
152,202699_off,0.006570640914368447,0.0119036060797881,16344.0
153,202699_def,-0.006760639254049351,0.010699625595509344,16333.0
154,202704_off,-0.0256540523664289,0.011443832621563711,12003.0
155,202704_def,-0.011209105387181345,0.010412806984831682,11996.0
156,202709_off,-0.0031650989124252043,0.013689885881354946,6325.0
157,202709_def,-0.0019011264793708847,0.012138422204167928,6325.0
158,202710_off,0.03243123489459842,0.011098654251575598,15284.0
159,202710_def,-0.011474584632392624,0.01017593975909055,15243.0
160,202711_off,0.009020743161454068,0.011644924255584641,11582.0
161,202711_def,0.022230703233151135,0.010580616001057743,11578.0
162,202722_off,-0.00910815060221639,0.014356863969224002,4369.0
163,202722_def,0.0015132297127438928,0.012693276594550917,4350.0
164,202738_off,-0.004728094186386533,0.019532553163947676,746.0
165,202738_def,-0.0007665683590987595,0.015896894511669996,747.0
166,202954_off,-0.0059007909612480685,0.019829226548718232,641.0
167,202954_def,-0.0002838556094930419,0.01605145030485514,644.0
168,203076_off,0.005484715717132459,0.01170520264708893,13982.0
169,203076_def,-0.03219670698036316,0.010576516153908578,13964.0
170,203078_off,0.00409245049482156,0.011748715626230555,9972.0
171,203078_def,0.000833009972040239,0.010701811095198908,9951.0
172,203081_off,0.052639634388583906,0.011594060918723332,11870.0
173,203081_def,-0.0030805456972740237,0.010498794510451161,11840.0
174,203082_off,-0.009534315327429366,0.013825419284345566,5892.0
175,203082_def,0.01883363803718327,0.012300315610345433,5862.0
176,203083_off,0.007728583255229572,0.012995027397361747,7531.0
177,203083_def,-0.009584026363386067,0.011556937977277238,7576.0
178,203084_off,0.0008507701248055382,0.012217116584250454,16330.0
179,203084_def,0.009422144775279799,0.010926202069503553,16324.0
180,203085_off,-0.007619166594548835,0.01428664831090018,5404.0
181,203085_def,0.010121475996463515,0.012579030935767697,5448.0
182,203086_off,0.0024222694241526474,0.020466048603823013,243.0
183,203086_def,0.004540193020250516,0.016391149005816657,243.0
184,203087_off,-0.0005445370880734855,0.01784015776477419,1888.0
185,203087_def,-0.005387625761367904,0.014930605753517038,1886.0
186,203090_off,-0.014814289010990486,0.018107928041156515,1753.0
187,203090_def,-0.004811699854712921,0.01506074813606478,1785.0
188,203095_off,-0.034302432148761566,0.0138733088114634,6836.0
189,203095_def,-0.00994930932328261,0.012241349857271938,6838.0
190,203107_off,-0.021344694944688394,0.017915196504811742,1823.0
191,203107_def,0.002507903643173285,0.014964445461640751,1838.0
192,203109_off,-0.0012161891617172588,0.012794902219352826,7855.0
193,203109_def,-0.0067286885712002946,0.011513639172697345,7884.0
194,203110_off,0.009139832641993733,0.012133620706994926,13023.0
195,203110_def,-0.04183525243304743,0.010938617968811586,12987.0
196,203114_off,0.012904648243190698,0.012080091128940788,9878.0
197,203114_def,-0.0031057868016484856,0.010992622167850864,9814.0
198,203115_off,-0.03785692912730766,0.014109893977065432,7006.0
199,203115_def,0.0004984812750447538,0.012427626566358842,6992.0
200,203145_off,-0.021642332100312318,0.018966359581722388,1132.0
201,203145_def,-0.004453977192083539,0.015565176894903608,1150.0
202,203200_off,-0.016737505057205004,0.01258831673409629,7427.0
203,203200_def,0.0021173672759618105,0.011367048419271098,7445.0
204,203210_off,-0.013368360863764486,0.01523504118518625,4123.0
205,203210_def,0.0031398905106496226,0.013218625651263796,4172.0
206,203457_off,-0.01660820757090058,0.018125796759536423,1549.0
207,203457_def,-0.0009499696438136882,0.015094711513785702,1553.0
208,203458_off,-0.002958883356145532,0.016305759565263235,2673.0
209,203458_def,-0.023353588637425815,0.013946567225260258,2683.0
210,203463_off,-0.029447443649999107,0.017148779742909147,2608.0
211,203463_def,0.008231526386779223,0.01448340938036943,2610.0
212,203468_off,0.013319616760543168,0.011650558869861497,14935.0
213,203468_def,0.009086789887812769,0.010532485909311409,14871.0
214,203469_off,0.0003257933873510395,0.016611655946809686,2183.0
215,203469_def,-0.0006253971736606623,0.014158119814785581,2200.0
216,203471_off,-0.0026419326391926455,0.01006880697725872,13573.0
217,203471_def,-0.006237369793363081,0.009370926275085905,13568.0
218,203473_off,-0.0212208619950498,0.01638437411530477,3271.0
219,203473_def,-0.0085879320784636,0.013964033768171541,3293.0
220,203476_off,-0.0251324591024932,0.01797030076519551,1515.0
221,203476_def,0.006637905040222695,0.015002172918608812,1522.0
222,203482_off,0.00561290070354785,0.012044780261546841,9288.0
223,203482_def,0.013823957430581608,0.010894144063855355,9250.0
224,203484_off,0.008620009533053006,0.011833620877033083,15868.0
225,203484_def,-0.008205183968171784,0.010648877665004252,15833.0
226,203486_off,0.0036512464442439952,0.012451262698035129,9580.0
227,203486_def,-0.0007651768692697509,0.011193504627409173,9600.0
228,203487_off,-0.0022232763187795854,0.020929927737931665,88.0
229,203487_def,0.0038162043377393835,0.016631780239824503,86.0
230,203488_off,0.0030691973551046476,0.01399587847681401,4536.0
231,203488_def,-0.008207624647522626,0.012453192926035719,4481.0
232,203490_off,-0.0008463899400879667,0.015163262291756057,4280.0
233,203490_def,-0.016385626268645564,0.013257833012380734,4222.0
234,203493_off,-0.005576848849993535,0.012156383343638251,10625.0
235,203493_def,-0.0011559106599929238,0.01101327048511775,10609.0
236,203496_off,-0.009214437913620864,0.013293623296509158,6628.0
237,203496_def,-0.02070179667478357,0.011901064164609334,6610.0
238,203497_off,-0.0006181771543682583,0.011724396955355473,14696.0
239,203497_def,-0.030374559295993694,0.010571329431545833,14672.0
240,203500_off,0.03958764292670038,0.014614280413316345,6710.0
241,203500_def,-0.01201493871744094,0.012731913366857637,6670.0
242,203501_off,0.007640735429281637,0.011501836130899487,11172.0
243,203501_def,0.0028704435953930737,0.010506653552459775,11189.0
244,203503_off,-0.015943239051238633,0.018100119574114892,1673.0
245,203503_def,0.005122677692922146,0.015089968383524872,1672.0
246,203504_off,-0.012208163714748217,0.01928610954406849,953.0
247,203504_def,-0.0037049105270864067,0.01574330815238078,963.0
248,203506_off,-0.012599416304710169,0.015524704211041915,3403.0
249,203506_def,0.0022029279106711283,0.01347427033621761,3411.0
250,203507_off,0.04086755014196294,0.011226133298031214,15381.0
251,203507_def,-0.02240380839790564,0.010245559825825729,15337.0
252,203516_off,0.0007228288353576458,0.02092949355229787,116.0
253,203516_def,0.0006858671557450685,0.016630950323864354,114.0
254,203521_off,-0.013218793895499929,0.019927981092232486,440.0
255,203521_def,-0.000968259383523493,0.016086736556542726,455.0
256,203524_off,0.0005001631264482626,0.02055573416910383,279.0
257,203524_def,-0.007046780584567742,0.016444018510743924,274.0
258,203526_off,-0.001255309259052769,0.01561166913192012,3748.0
259,203526_def,-0.0011807839532602315,0.01351085366235631,3765.0
260,203552_off,-0.010375710103727715,0.012243698469760674,8387.0
261,203552_def,-0.005092542814619756,0.011132069847542501,8346.0
262,203585_off,-0.0024055256249059897,0.016590664686822836,2652.0
263,203585_def,-0.0040497464784521285,0.014155863809376732,2656.0
264,203648_off,-0.025805593185901823,0.017679430336501017,1764.0
265,203648_def,0.01430706384763885,0.014798768219917189,1772.0
266,203658_off,-0.005761610977447131,0.021119306742410634,37.0
267,203658_def,0.00038880424876336627,0.016723714769455684,37.0
268,203816_off,-0.001565553566800029,0.021124704645763066,35.0
269,203816_def,-0.0005895070416423517,0.016727568207598607,34.0
270,203897_off,0.0012188069856011279,0.012355914272422356,12535.0
271,203897_def,-0.006836463703015978,0.011090087232337856,12529.0
272,203901_off,-0.01648798500811651,0.018928773764231778,1162.0
273,203901_def,-0.004770236733021486,0.01556501018854065,1154.0
274,203903_off,0.012422014601091729,0.011696513050806984,12150.0
275,203903_def,0.0047287214155442995,0.010582556778138507,12132.0
276,203914_off,0.0035515488865450686,0.012696023113969775,8691.0
277,203914_def,0.005642224510414321,0.011425228820526838,8676.0
278,203915_off,0.01637965368967622,0.010357532214160975,15008.0
279,203915_def,-0.00033275759524625765,0.009575131482962738,15049.0
280,203917_off,-0.0010626563154746862,0.020912094208577765,123.0
281,203917_def,-0.004317726892978268,0.016615010068610332,127.0
282,203918_off,-0.001230916614733798,0.018471885959184052,1434.0
283,203918_def,-0.003699137675461407,0.015290905166068054,1444.0
284,203920_off,-0.0033126623538436146,0.017112960182787715,2418.0
285,203920_def,0.000864589832346023,0.014488055487578512,2424.0
286,203924_off,-0.010825659112258431,0.011773321543851707,11240.0
287,203924_def,0.0018871313329895173,0.010653490049315371,11237.0
288,203925_off,-0.015785420104199407,0.01456774144532388,4462.0
289,203925_def,0.0069630219224868966,0.01282182718780362,4434.0
290,203926_off,0.0015861322187530297,0.012570514312829052,7316.0
291,203926_def,0.03315529113037672,0.01140247649212487,7238.0
292,203932_off,0.02244288463439644,0.012890854431378683,15481.0
293,203932_def,-0.022519174033151197,0.0114141469589153,15425.0
294,203933_off,0.0053352856122500505,0.01692511062343826,1867.0
295,203933_def,-0.016757150314792274,0.014377807766491212,1868.0
296,203935_off,0.0013049393679472774,0.012080949122486766,12714.0
297,203935_def,-0.016183672646680098,0.010912521535186086,12750.0
298,203937_off,-0.00783352934104374,0.011158693856538698,11576.0
299,203937_def,-0.016167584595491048,0.010254890910396384,11587.0
300,203939_off,0.014626803867363663,0.012913419667061903,8569.0
301,203939_def,-0.0030141182598149873,0.011547704987038485,8607.0
302,203943_off,0.0006114649553531994,0.02015833487731857,347.0
303,203943_def,0.005003423997818391,0.016226247888111753,351.0
304,203944_off,0.023413133541798997,0.012608423171448339,14489.0
305,203944_def,0.0019994522629870333,0.011193287066068114,14424.0
306,203952_off,-0.0068142677641459285,0.012001531156092383,13798.0
307,203952_def,-0.012313350905392179,0.010845431662893479,13802.0
308,203953_off,-0.00446691558639574,0.020674272796085164,225.0
309,203953_def,-0.0005944071823217963,0.01649954803596829,225.0
310,203954_off,0.03329710373339439,0.012733398765963,13331.0
311,203954_def,-0.03483910477317049,0.011291495595963406,13306.0
312,203957_off,0.029812453314866077,0.015961114169503833,2289.0
313,203957_def,-0.01204378786413679,0.01376306418309094,2283.0
314,203967_off,0.004094530177357993,0.014215883720777289,3950.0
315,203967_def,0.012053481712426192,0.012573599904705338,3941.0
316,203991_off,0.01634259712408469,0.013125588814711524,12326.0
317,203991_def,-0.011230642958918407,0.011528102301845807,12321.0
318,203992_off,0.033356847783320036,0.01150742684613069,12587.0
319,203992_def,-0.009153199391400269,0.010470305223125682,12571.0
320,203994_off,0.015833150716329993,0.012301635174738817,10346.0
321,203994_def,-0.020175031602396285,0.011021912316728062,10299.0
322,203995_off,0.01081213122900715,0.016115046079839306,2351.0
323,203995_def,0.0034903229484684888,0.013815145505720513,2361.0
324,203999_off,0.06566082486217882,0.01297576640196194,17418.0
325,203999_def,-0.0264236026998332,0.011407399779912427,17290.0
326,204001_off,0.013924098115261702,0.011433527365942503,10831.0
327,204001_def,-0.01304762467062486,0.010441965629102084,10781.0
328,204020_off,0.00023803928986209993,0.02075565023237257,189.0
329,204020_def,0.0015137062459209135,0.01654547322195965,185.0
330,204025_off,-0.013000002721466479,0.020284469243434394,407.0
331,204025_def,-0.0010852860489474715,0.016291673799662742,412.0
332,204038_off,-0.00827479203496781,0.02067658410799281,223.0
333,204038_def,-0.0045867854586407126,0.01650096643332834,223.0
334,204060_off,0.02158351420228309,0.012603686381390353,7052.0
335,204060_def,-0.009049576942393457,0.011388083587799752,7028.0
336,204456_off,0.013121880847539751,0.013145128663513611,7319.0
337,204456_def,-0.003009994316098442,0.01168285743286779,7307.0
338,1626144_off,-0.0014188804371935665,0.021151873653380983,24.0
339,1626144_def,-0.0002180293015047121,0.016739849230314505,24.0
340,1626145_off,0.01598758069801463,0.011553891229693835,12208.0
341,1626145_def,0.009318775160486794,0.010459136292046695,12188.0
342,1626147_off,0.004614907237383044,0.019836193538038668,636.0
343,1626147_def,0.005636301510640927,0.016053689953150114,642.0
344,1626149_off,0.005030215824990391,0.014792220128181663,4711.0
345,1626149_def,-0.016441500435087394,0.012944152988965302,4733.0
346,1626153_off,0.013466372278901368,0.0126920409827563,7379.0
347,1626153_def,-0.024231982457750583,0.011424839583737032,7409.0
348,1626155_off,-0.00026003859225715454,0.02120961773726721,1.0
349,1626155_def,0.00038217879841266535,0.016767174552043622,2.0
350,1626156_off,0.02063262278214923,0.010525158806542565,16118.0
351,1626156_def,0.0011496558850553696,0.009699728864229986,16035.0
352,1626157_off,0.01986923564718112,0.011861928476922662,12361.0
353,1626157_def,-0.010228700747889086,0.010759403009327262,12285.0
354,1626158_off,-0.022252130537851366,0.014833965846581901,4104.0
355,1626158_def,0.0035377247232012002,0.01298023228660755,4106.0
356,1626159_off,-0.00333557043729822,0.015949410780209436,3188.0
357,1626159_def,-0.01658774033937861,0.013740288459219744,3197.0
358,1626161_off,-0.0060148752535899045,0.020338116857110577,380.0
359,1626161_def,-0.0058834476685868595,0.01632749400606109,378.0
360,1626162_off,0.00018304442398974863,0.010993448190583743,11661.0
361,1626162_def,0.004470273030318132,0.010107850023017567,11719.0
362,1626163_off,-0.0051491678695010324,0.01908985231616626,873.0
363,1626163_def,-0.0038706622954660136,0.015661542439543832,864.0
364,1626164_off,0.05207480885105657,0.011035218044622413,15399.0
365,1626164_def,-0.003600998441422856,0.010084658861370424,15374.0
366,1626166_off,-0.004053505680915968,0.01220155140188777,7989.0
367,1626166_def,-0.009375655599917211,0.011071499554804552,7982.0
368,1626167_off,0.02546929639453152,0.012680334913091814,10684.0
369,1626167_def,-0.01642482644173554,0.011270221401179201,10680.0
370,1626168_off,0.01669661264614122,0.012484691780882878,8446.0
371,1626168_def,-0.001679112251732837,0.011252195054782648,8406.0
372,1626169_off,0.016852027317693676,0.016108718421645997,3195.0
373,1626169_def,0.013137645686911361,0.013831323451076261,3224.0
374,1626171_off,0.011959925305026568,0.01129030129861284,12896.0
375,1626171_def,0.007788053947136174,0.010317798446740722,12848.0
376,1626172_off,0.025856949405159577,0.012140240150631108,11629.0
377,1626172_def,-0.012512284135927637,0.010948024860180655,11680.0
378,1626174_off,-0.007825974467838195,0.011895145422224794,9589.0
379,1626174_def,0.010718015038208729,0.010815968122355126,9549.0
380,1626179_off,0.0020924154600063427,0.011281627433691818,13909.0
381,1626179_def,0.007417743694415535,0.010284384230036867,13876.0
382,1626181_off,-0.002686116294129415,0.011425448916078587,10836.0
383,1626181_def,0.009374455202182832,0.01044494482623167,10788.0
384,1626192_off,-0.010522214514859294,0.011710610196044227,10831.0
385,1626192_def,0.011296830454769634,0.010679541174737968,10850.0
386,1626195_off,0.0013164778493758903,0.016684366732524252,2714.0
387,1626195_def,0.00030747535555215156,0.014184832941881036,2730.0
388,1626196_off,-0.01030165216699923,0.011692569053345587,8692.0
389,1626196_def,0.0009968829079719263,0.010697304900694746,8701.0
390,1626204_off,0.0029198988239792466,0.013117257941234762,7706.0
391,1626204_def,-0.01566477286513304,0.011648654302731105,7743.0
392,1626208_off,-0.006452744758811995,0.01903349084741664,1126.0
393,1626208_def,0.002058047232451727,0.015608955647164946,1127.0
394,1626220_off,0.0027814785788743217,0.010658491759395301,14329.0
395,1626220_def,-0.01921298637631041,0.00979410260781768,14357.0
396,1626224_off,-0.006557908078430742,0.011862018351852785,8962.0
397,1626224_def,0.011568101875029825,0.010799709518139718,8976.0
398,1626246_off,-0.0013028736814811716,0.019178865083158903,770.0
399,1626246_def,-0.008785893315327507,0.015702768430207775,767.0
400,1627732_off,0.0019818944361703747,0.01562508142243551,3014.0
401,1627732_def,-0.003936836693274953,0.013517716511315003,3032.0
402,1627734_off,0.014173521099464806,0.012463253840616079,16624.0
403,1627734_def,-0.008047991309848485,0.011032810249295746,16537.0
404,1627736_off,-0.005063940736255498,0.010581600828684999,13988.0
405,1627736_def,-0.0007132934207250368,0.009753701782756976,13965.0
406,1627737_off,-0.01173414827902229,0.01960498124393631,765.0
407,1627737_def,0.00013675018701027772,0.01592918528325493,766.0
408,1627739_off,0.021416790697388412,0.014151472038884892,4505.0
409,1627739_def,0.008961337059874867,0.012481038418009786,4526.0
410,1627741_off,0.004838344726221248,0.010595841260888916,14914.0
411,1627741_def,0.009381889390141599,0.009778119219592683,14851.0
412,1627742_off,0.011153872139139327,0.012104044484301755,11957.0
413,1627742_def,-0.0069669009568770444,0.010942593857505097,11932.0
414,1627745_off,-0.04061105730797744,0.015399624996646578,3584.0
415,1627745_def,0.006653354175789095,0.013383084687312747,3577.0
416,1627747_off,0.0019628417989840732,0.010993408704281556,12465.0
417,1627747_def,-0.0022554243292679244,0.010131074435449815,12449.0
418,1627749_off,0.015506017459023887,0.011043807710523296,16858.0
419,1627749_def,0.0030972298748317877,0.010017464080770885,16895.0
420,1627750_off,0.023232129363291516,0.012759626012994225,9733.0
421,1627750_def,0.0023175961609525394,0.011438228278823346,9695.0
422,1627751_off,0.012001367639513087,0.011779808300012998,10792.0
423,1627751_def,-0.0026354934528582197,0.010668289359107366,10825.0
424,1627752_off,-0.004512259428842139,0.01138621131282788,10062.0
425,1627752_def,0.01806643709595057,0.010433697441406558,10083.0
426,1627756_off,-0.0051345721234494,0.020196183427446886,451.0
427,1627756_def,-0.0014234090865346118,0.016255814285808214,446.0
428,1627759_off,0.0032488918575909647,0.011661993286082207,17461.0
429,1627759_def,-0.011425554001460938,0.01055997919816474,17427.0
430,1627760_off,0.0012148525681749272,0.021144645421998558,27.0
431,1627760_def,-0.0002642395969550671,0.01673620205867639,27.0
432,1627761_off,-0.0017546450455754852,0.017745053173724035,2087.0
433,1627761_def,-0.002461686222539278,0.014838473208074158,2117.0
434,1627763_off,0.0036309980820168988,0.011674960004099748,9100.0
435,1627763_def,-0.005402588175301759,0.01067477235347811,9081.0
436,1627767_off,-0.004198323694730495,0.021047413960152386,67.0
437,1627767_def,0.0017318408169023868,0.016685157303620145,69.0
438,1627774_off,-0.0026978343052390594,0.020157226929863967,486.0
439,1627774_def,0.0012164912120994058,0.016223651414660163,487.0
440,1627777_off,-0.005781299874908703,0.011414806672701245,10984.0
441,1627777_def,0.006410503970555022,0.010407054185205397,10958.0
442,1627780_off,0.019486491834871247,0.013667390991683372,5473.0
443,1627780_def,-0.015639063742899063,0.012167972172220641,5540.0
444,1627782_off,-0.002275078994922577,0.02111453797066668,39.0
445,1627782_def,0.0007685124820589309,0.016720155016377115,40.0
446,1627783_off,0.02726858090691116,0.010977922684563487,16471.0
447,1627783_def,-0.0023775388605524832,0.010046488370542141,16460.0
448,1627788_off,-0.009572081006298075,0.014970204886396513,4372.0
449,1627788_def,-0.00966492152389279,0.013083997695614944,4380.0
450,1627789_off,-0.009684476121921231,0.018379640246218333,1526.0
451,1627789_def,0.0028099669941429946,0.015253363317704665,1519.0
452,1627814_off,-0.009807958998956336,0.013739544755081592,6067.0
453,1627814_def,-0.00864606813922143,0.01220248094011995,6051.0
454,1627820_off,-5.591219312312015e-05,0.02084643201956203,151.0
455,1627820_def,0.0028140639553125377,0.016582273575010766,155.0
456,1627822_off,-0.0005252099420216287,0.021008769520803525,83.0
457,1627822_def,-0.0008686724442277905,0.016670537188092617,81.0
458,1627823_off,0.004731519580745084,0.016824118896527608,2235.0
459,1627823_def,0.00791800192359061,0.014330800951379294,2220.0
460,1627826_off,-0.010716290589693181,0.012461054333748047,12113.0
461,1627826_def,-0.006375342584656211,0.01116162160636621,12108.0
462,1627827_off,0.00043827287162634615,0.011274137477056426,14416.0
463,1627827_def,-0.013144018673119751,0.010277053212916207,14470.0
464,1627832_off,0.024395278186998562,0.01094542620743736,15738.0
465,1627832_def,-0.02313668532560663,0.010009338486517697,15693.0
466,1627846_off,-0.00959262535453337,0.020481108439741644,319.0
467,1627846_def,-0.005214613262381779,0.016398818192058944,319.0
468,1627853_off,-0.025269243213857106,0.01953623859689193,605.0
469,1627853_def,-0.011864939891179064,0.01589459932030094,607.0
470,1627854_off,-0.0060757339162663725,0.01602802316032818,3365.0
471,1627854_def,0.0009522324441426398,0.013812955670548568,3336.0
472,1627863_off,-0.009473847376930085,0.014282843693739649,4461.0
473,1627863_def,-0.007004030774913086,0.012609533310225554,4483.0
474,1627884_off,-0.009130544461961586,0.012293038971214676,7595.0
475,1627884_def,-0.017787322287170226,0.011127859164880105,7617.0
476,1627885_off,-0.00018209928502491222,0.02015531099098564,369.0
477,1627885_def,-0.00042523309104934776,0.01622629664844125,369.0
478,1627936_off,-0.010637304753513417,0.01205086498095148,9994.0
479,1627936_def,-0.03638522876101163,0.01094459186105744,10009.0
480,1628021_off,-0.005231110610613973,0.01873129010167285,1283.0
481,1628021_def,0.004821125174664641,0.015449919108382284,1280.0
482,1628035_off,-0.002431440762488768,0.02027520049179262,408.0
483,1628035_def,0.005813425793062182,0.016288664203079947,412.0
484,1628221_off,0.004221431864446768,0.020718063255447772,168.0
485,1628221_def,0.0005187295426872818,0.01653154303985351,161.0
486,1628238_off,-0.00048365991757755257,0.021167183764337072,18.0
487,1628238_def,-0.0005190161635701504,0.01674860370957951,17.0
488,1628365_off,-0.011456615033726152,0.013787408541627352,6291.0
489,1628365_def,-0.0010838211847809295,0.012179234889359694,6282.0
490,1628366_off,-0.00717306469734595,0.017261081972409508,2499.0
491,1628366_def,-0.011154267485120209,0.014572957011592894,2491.0
492,1628367_off,-0.01960463691014727,0.01815975494032023,1704.0
493,1628367_def,0.0034186704941997826,0.015112494426391069,1704.0
494,1628368_off,0.024456860340526722,0.012116602166904538,15685.0
495,1628368_def,-0.0024419598682154614,0.010802074700402923,15652.0
496,1628369_off,0.03926815741376492,0.011497895193273815,19867.0
497,1628369_def,-0.01860153649744325,0.010401531713808788,19860.0
498,1628370_off,0.004044768418060592,0.01123276039177972,12315.0
499,1628370_def,0.006905542009685932,0.01027143203425853,12209.0
500,1628371_off,0.0005358851225003719,0.016441895063074946,2118.0
501,1628371_def,-0.030566354909182507,0.014026153068016873,2142.0
502,1628372_off,-0.019569788238087284,0.012850263204794776,6287.0
503,1628372_def,-0.026016483828654704,0.011552885423928471,6321.0
504,1628373_off,-0.004315768305162383,0.016116233551696654,2945.0
505,1628373_def,-0.015875992025371616,0.013835678959979229,2971.0
506,1628374_off,0.0324166040805339,0.011397081302456515,12396.0
507,1628374_def,-0.0050857696105236945,0.010396107230919388,12346.0
508,1628378_off,0.033181012519611267,0.011279544621122087,14247.0
509,1628378_def,-0.015505417871153804,0.010281173075364084,14208.0
510,1628379_off,0.012357714303923384,0.012033957289262999,8792.0
511,1628379_def,-0.0062986965802340365,0.010968884767206194,8722.0
512,1628380_off,-0.014185118328658292,0.013026407573639534,7341.0
513,1628380_def,-0.0023885069445332735,0.011627309530393646,7321.0
514,1628381_off,-0.007908038023732094,0.011427198579574645,12362.0
515,1628381_def,0.00784365655742574,0.010383352877556961,12367.0
516,1628382_off,-0.02275595735757326,0.020388805440253295,288.0
517,1628382_def,0.0005587898094474402,0.01634071229518368,295.0
518,1628384_off,0.00720597946821823,0.011540883800758513,12189.0
519,1628384_def,-0.030889018253647316,0.010549517332673551,12161.0
520,1628385_off,-0.0008381128342291115,0.02042497804850023,205.0
521,1628385_def,0.009351400348367647,0.01637054449791153,205.0
522,1628386_off,0.01497999933521014,0.01194292155263574,13381.0
523,1628386_def,-0.013582550301360801,0.010789130255982899,13394.0
524,1628389_off,-0.008075690601904419,0.011839219289536197,16729.0
525,1628389_def,-0.027192133734338812,0.01060115468171709,16683.0
526,1628391_off,-0.0002522496577019212,0.020813122356874658,148.0
527,1628391_def,0.0012679231206378437,0.016569808661320184,148.0
528,1628392_off,0.02869072417100501,0.012290402814093937,10068.0
529,1628392_def,-0.01404883873374902,0.011006889529805348,10050.0
530,1628395_off,0.0008150450865744447,0.021202002872400823,4.0
531,1628395_def,0.00034560462684394,0.016764665395308482,4.0
532,1628396_off,0.005131531294056943,0.01884282405984985,1227.0
533,1628396_def,-0.008629009439789958,0.01549643173562132,1227.0
534,1628398_off,-0.011947518219181991,0.011647329995495328,13855.0
535,1628398_def,0.009134854416958835,0.010535472362740547,13878.0
536,1628400_off,-0.021047662805729176,0.019488730622586176,816.0
537,1628400_def,0.005444856348439576,0.01586371290212579,823.0
538,1628401_off,0.02500764134684596,0.010732838196668171,16464.0
539,1628401_def,-0.032105785117556136,0.009869243063790374,16508.0
540,1628402_off,-0.023887465348493103,0.017331976854886442,2421.0
541,1628402_def,-0.0018828566395791134,0.014602626277577632,2433.0
542,1628404_off,0.017462684669051456,0.010545773505505755,14722.0
543,1628404_def,-0.01635317371183352,0.009693929089386466,14724.0
544,1628408_off,-0.02194561058015622,0.01931827257553128,857.0
545,1628408_def,-0.0034124136472262097,0.01576952650319932,866.0
546,1628410_off,0.0036137604948238695,0.017706876710320365,1546.0
547,1628410_def,-0.0033526816595161007,0.014836126843204811,1553.0
548,1628411_off,0.0016743007180841838,0.020821733319225662,163.0
549,1628411_def,0.0006378216426836589,0.01657541132306285,162.0
550,1628415_off,0.004618795547491188,0.011447544473076922,12042.0
551,1628415_def,-0.028284481251416447,0.010403803801347328,12079.0
552,1628416_off,-0.0006523873885317006,0.021158835379231196,16.0
553,1628416_def,-0.000862835996834595,0.016744883450359176,15.0
554,1628418_off,-0.004625184727640409,0.014594672051031259,4016.0
555,1628418_def,0.006559435428593243,0.012834324760167574,4009.0
556,1628419_off,0.002251412868275579,0.021000788875559947,87.0
557,1628419_def,0.0012427945418341654,0.016662900764442823,88.0
558,1628420_off,0.029809025438022097,0.012860876766814933,9295.0
559,1628420_def,4.3088782986620905e-05,0.01147605057426599,9297.0
560,1628422_off,0.0005367674172846838,0.02111709719344715,38.0
561,1628422_def,-6.12090518698302e-05,0.01672256220830456,38.0
562,1628424_off,-0.008942485480979196,0.020510390862400675,195.0
563,1628424_def,0.002706234604668831,0.016418568929045356,192.0
564,1628425_off,-0.016800841816506814,0.01855367646708131,1392.0
565,1628425_def,-0.008236304155293831,0.01533768371424687,1393.0
566,1628426_off,0.004130852454884871,0.018000661577142064,1085.0
567,1628426_def,0.0011734696275146302,0.01501844078237753,1088.0
568,1628427_off,-0.009891915653970115,0.016846269740775167,2195.0
569,1628427_def,-0.0014029561073595196,0.014315108364033255,2198.0
570,1628432_off,-0.010908290203941497,0.01741356429256793,2032.0
571,1628432_def,-0.00013006494121151342,0.014653792516176838,2054.0
572,1628435_off,-0.0017110911195955115,0.02107872681894868,41.0
573,1628435_def,0.004589508624034822,0.01670176183471894,42.0
574,1628436_off,0.01386381286178055,0.014947873128784312,3875.0
575,1628436_def,0.0023020484997671948,0.013027521536624754,3883.0
576,1628449_off,0.0071774624761425584,0.012668098071874136,8099.0
577,1628449_def,-0.015226991421819006,0.01143482499709942,8097.0
578,1628464_off,-0.007155056860738119,0.014205707938259985,4706.0
579,1628464_def,-0.0098588316913731,0.012550204326209121,4704.0
580,1628467_off,-0.016256294630121567,0.013085059215796654,7391.0
581,1628467_def,-0.015423282585603014,0.01173417377356687,7379.0
582,1628470_off,-0.01347448898978118,0.01149060588965075,9790.0
583,1628470_def,0.02704089163163074,0.010507428854650582,9867.0
584,1628476_off,-0.0037666657396010707,0.020710600407029642,221.0
585,1628476_def,-0.0034654176220080143,0.016521008064022423,215.0
586,1628537_off,-0.00011184137259851263,0.021125254546912955,35.0
587,1628537_def,-0.00024584818750324785,0.01673013403180749,32.0
588,1628539_off,-0.00815216398260861,0.02011103733202601,493.0
589,1628539_def,0.002051163790250169,0.01619904704504542,500.0
590,1628591_off,-0.0007789192769014408,0.021127014845956235,34.0
591,1628591_def,-0.001102103270869139,0.016725101050759812,36.0
592,1628778_off,-0.006170161740707686,0.02047690864190394,320.0
593,1628778_def,0.003167146987732728,0.016392481151404643,324.0
594,1628960_off,0.003733507669780309,0.01116214029514228,13996.0
595,1628960_def,-0.0032161591341374053,0.01018342951365753,13947.0
596,1628962_off,-0.02002461634696687,0.01791371889442687,1397.0
597,1628962_def,0.006790591470455351,0.014971577173788593,1396.0
598,1628963_off,-0.005239618608202721,0.012856739480667916,6481.0
599,1628963_def,0.0033273297770839137,0.011568833529873295,6485.0
600,1628964_off,-0.01954009879557044,0.013333383292160533,6773.0
601,1628964_def,-0.004368799007515979,0.011890466225386025,6790.0
602,1628966_off,-0.012849912073903734,0.012934267382786753,6297.0
603,1628966_def,0.0008302586809284109,0.011654734410031228,6303.0
604,1628969_off,0.016489365007738167,0.010959760423932076,18881.0
605,1628969_def,-0.015487393043593369,0.009947397380861527,18884.0
606,1628970_off,0.008287649466607138,0.01247990156391271,11115.0
607,1628970_def,0.004057052649696969,0.011121265966776815,11113.0
608,1628971_off,0.0056961750223655985,0.010178604936421243,13619.0
609,1628971_def,0.010924505912500233,0.009446965318748394,13644.0
610,1628972_off,-0.006805756977551593,0.011970819188036901,8061.0
611,1628972_def,0.006880938208936282,0.010903105658710981,8073.0
612,1628973_off,0.04555300446026142,0.01086956352167503,17255.0
613,1628973_def,-0.00276118331277848,0.009902704523847677,17164.0
614,1628975_off,-0.013821379600105455,0.012030166944478985,8002.0
615,1628975_def,-0.022521145724266355,0.010940742709497533,8048.0
616,1628976_off,-0.006940299143701148,0.013385999010049925,10077.0
617,1628976_def,-0.017783622669521913,0.011788633844967077,10076.0
618,1628977_off,-0.01885493608497064,0.014788404881625033,4672.0
619,1628977_def,-0.017011379493499408,0.012958022107789981,4689.0
620,1628978_off,0.000743162491766436,0.01103222975504532,11351.0
621,1628978_def,0.007346678526091753,0.01012613993894532,11324.0
622,1628981_off,-0.020799511257449343,0.016122364430008224,2541.0
623,1628981_def,0.0043758923430590084,0.01380942854344518,2546.0
624,1628982_off,-0.010499055078397612,0.020693687546979252,243.0
625,1628982_def,0.00618550765099609,0.01650040603846732,244.0
626,1628983_off,0.036843668978944845,0.012102861214706917,14695.0
627,1628983_def,-0.01602009002747765,0.01087290614993235,14646.0
628,1628984_off,-0.008758860780467,0.012842351923426098,7897.0
629,1628984_def,-8.262626670659231e-06,0.011533726139145085,7878.0
630,1628988_off,-0.005332172092378621,0.012740997947864686,6513.0
631,1628988_def,-0.02023334864574069,0.01148340862333716,6517.0
632,1628989_off,0.029737718674737002,0.011568307355012913,13092.0
633,1628989_def,-0.001612672891336301,0.01053864295941706,13042.0
634,1628990_off,-0.0006350720046921829,0.02108771077174676,50.0
635,1628990_def,-0.0018685069969195203,0.0167091488173634,49.0
636,1628991_off,-0.0036065007315732277,0.011691894864687202,13694.0
637,1628991_def,-0.01454883539792327,0.010569029770272497,13650.0
638,1628993_off,-0.00257065707950998,0.02026222154570312,388.0
639,1628993_def,0.00076496842680735,0.01627464270535432,399.0
640,1628994_off,-0.0018375422300735713,0.021114825337501815,39.0
641,1628994_def,0.0021549185400084733,0.016717692322570348,42.0
642,1628995_off,-0.015804478074982833,0.014721497471153873,3686.0
643,1628995_def,0.011083470781818193,0.012936487222486815,3668.0
644,1628997_off,0.003668389296172827,0.011246694243050982,12368.0
645,1628997_def,-0.01057350629715892,0.010318003650498262,12405.0
646,1628998_off,0.00031177409127490307,0.014157372665240028,5649.0
647,1628998_def,-0.0030911465523223228,0.012496030354262408,5683.0
648,1629001_off,0.016960972157328252,0.011645858617780402,10743.0
649,1629001_def,-0.010291322341313355,0.010623385970502427,10752.0
650,1629002_off,-0.013525004400204248,0.013358468107180926,5841.0
651,1629002_def,-0.00966586452677295,0.01193463513469522,5864.0
652,1629003_off,-0.00865321501135403,0.012939733831258484,7135.0
653,1629003_def,-0.00217526770488274,0.011616737377789255,7140.0
654,1629004_off,0.00716299938419366,0.01547168075886426,3275.0
655,1629004_def,-0.012476301318181863,0.01343708788341156,3268.0
656,1629005_off,-0.0007010348038875209,0.021181910969563452,12.0
657,1629005_def,-0.00023500820815738186,0.016755952508770725,11.0
658,1629006_off,-0.012523853330185958,0.012887159938835113,6212.0
659,1629006_def,-0.017939488617573718,0.011593647960553483,6254.0
660,1629007_off,-0.004232465774467595,0.01875995194101174,756.0
661,1629007_def,0.0011158033974585846,0.015461570597784885,758.0
662,1629008_off,0.025364102311009426,0.01305732951198001,10826.0
663,1629008_def,-0.004153549951167054,0.01163229237940286,10755.0
664,1629010_off,-0.001792071106166879,0.020592950604891743,165.0
665,1629010_def,-0.005446545471317281,0.01644807371938167,168.0
666,1629011_off,0.02005359564152199,0.013675707065489366,8917.0
667,1629011_def,-0.0050018368263451815,0.012025272645549515,8923.0
668,1629012_off,0.022491978163715395,0.012733148962810805,7326.0
669,1629012_def,0.02281146576310275,0.011431068108238972,7350.0
670,1629013_off,-0.010572220256998537,0.012878600934949741,6918.0
671,1629013_def,-0.009662629833091496,0.011592890513244997,6934.0
672,1629014_off,0.012494750871782095,0.01199256621312405,10896.0
673,1629014_def,0.01762366795427023,0.01081468631740301,10916.0
674,1629018_off,0.00343997501480547,0.011412961881938384,13675.0
675,1629018_def,0.018478630998807383,0.010421738989123443,13657.0
676,1629020_off,0.0024545492916213762,0.011895934041399901,9876.0
677,1629020_def,0.00038745345459702664,0.010806475614367268,9941.0
678,1629021_off,0.004496326760474037,0.013621821308096327,7189.0
679,1629021_def,8.295676659789506e-05,0.011975023365371845,7196.0
680,1629022_off,-0.006633733827545901,0.011881833315345163,8441.0
681,1629022_def,0.008081631503747898,0.01083640330087364,8481.0
682,1629023_off,-0.0038041788275632003,0.01103371908918688,13354.0
683,1629023_def,-0.0032633717269507576,0.01009848853206425,13360.0
684,1629026_off,0.003072967802454541,0.01291437450051921,6696.0
685,1629026_def,-0.02772819645440581,0.011615252519956102,6712.0
686,1629027_off,0.019343567572292428,0.011871105659938184,16151.0
687,1629027_def,0.011897496358198168,0.01066242065230394,16114.0
688,1629028_off,-0.004443455288277044,0.011905098585089365,12607.0
689,1629028_def,-0.004544887770716841,0.010700079054077681,12595.0
690,1629029_off,0.033339104590517636,0.011427812757651815,15871.0
691,1629029_def,-0.0074779341910783375,0.01033907038982318,15859.0
692,1629033_off,-0.00750533727171896,0.01890429261745123,979.0
693,1629033_def,0.004531708797653488,0.015533780219190878,981.0
694,1629035_off,-0.0007098515995992292,0.020829657517553463,163.0
695,1629035_def,0.0011280267951071657,0.016574534637961002,165.0
696,1629048_off,0.008720581770556084,0.014709785728083022,4318.0
697,1629048_def,-0.005948080038615393,0.012843766694939975,4311.0
698,1629052_off,0.005441427944038232,0.01303308016069955,6681.0
699,1629052_def,0.00871059757750645,0.011694322910230908,6709.0
700,1629056_off,0.012367792368368664,0.015920950362961716,3006.0
701,1629056_def,-0.0015215097352008283,0.013716833457352796,3038.0
702,1629057_off,0.0005977993574397481,0.013560624208914086,7064.0
703,1629057_def,-0.0277546131034869,0.01209214319387943,7048.0
704,1629060_off,0.0015126157806976041,0.01146706048318564,9743.0
705,1629060_def,-0.0037055477194559475,0.010515382352124156,9741.0
706,1629067_off,-0.006331432216335541,0.020857958029559056,146.0
707,1629067_def,-0.0016245873889327517,0.016584272944985552,153.0
708,1629076_off,-0.005640008683409307,0.020293788960246962,408.0
709,1629076_def,0.002544244383890253,0.016300517589748903,408.0
710,1629083_off,-0.0014268969744770873,0.02118440149223402,11.0
711,1629083_def,0.0006317146955163531,0.01675471924933004,12.0
712,1629103_off,-0.012412910734349818,0.01937090881282536,893.0
713,1629103_def,-0.0027719730934010626,0.01579432905452449,906.0
714,1629109_off,-0.001372981520136715,0.019580273502839363,765.0
715,1629109_def,-0.00031556694173550835,0.015915725553206746,771.0
716,1629111_off,0.018705921585172276,0.013818993998907108,5059.0
717,1629111_def,-0.019081191767305182,0.012260761986332502,5049.0
718,1629117_off,0.0016799843070870988,0.01580854354615215,3060.0
719,1629117_def,-0.0021508772704852087,0.01362416858583882,3083.0
720,1629126_off,0.0021401817575329362,0.021165290644078235,14.0
721,1629126_def,0.0007217894160997155,0.016746478399294946,14.0
722,1629130_off,0.00017005673548097555,0.011783044261227381,10409.0
723,1629130_def,0.002639907672228099,0.01072008032919129,10377.0
724,1629134_off,-0.003243288552034051,0.016893805496067425,2005.0
725,1629134_def,0.0021946806288002923,0.014343500602456753,2011.0
726,1629139_off,-0.007700431600781335,0.014694907891328789,3802.0
727,1629139_def,0.00575401375170187,0.012913007821862981,3800.0
728,1629150_off,-0.004982859518524023,0.021112195609328494,40.0
729,1629150_def,0.0003439178288444758,0.01672255447763382,38.0
730,1629162_off,0.006462617463018474,0.014218987982009214,4927.0
731,1629162_def,-0.026569060342433077,0.012559170346107897,4946.0
732,1629164_off,-0.007034930648354733,0.019243442174731496,978.0
733,1629164_def,0.005597318700032988,0.01572364574943945,988.0
734,1629168_off,-4.5333189501972126e-05,0.02090593242858548,128.0
735,1629168_def,0.0010773849017092268,0.016618544276546805,126.0
736,1629185_off,-0.011282938656330989,0.019669808074980352,735.0
737,1629185_def,-0.00018978899432366388,0.0159735706840189,727.0
738,1629203_off,-0.0017514710817981337,0.021137102699060408,30.0
739,1629203_def,0.000701324908260193,0.01673245445767935,30.0
740,1629216_off,-0.0008587837547847723,0.012493135280268396,9368.0
741,1629216_def,-0.01886362299615757,0.01126333944129297,9393.0
742,1629232_off,-0.0024694681840104478,0.021145688768001422,16.0
743,1629232_def,-0.0010805672111941283,0.01673474816762587,17.0
744,1629234_off,-0.018508924999079135,0.012371780683983747,8159.0
745,1629234_def,0.0103793716726401,0.011129974350897513,8175.0
746,1629308_off,-0.020608587474712944,0.015373296298031785,3658.0
747,1629308_def,-0.005194235261622652,0.013345394594663157,3697.0
748,1629309_off,-0.0030969277486539632,0.021130286335783958,33.0
749,1629309_def,-0.0004770199729029633,0.01672781335587034,34.0
750,1629312_off,-0.018850112059457264,0.013174168567661841,5467.0
751,1629312_def,-0.004492351694063956,0.011800275936077454,5533.0
752,1629597_off,-0.0023192708594715226,0.021186838478157492,10.0
753,1629597_def,0.0005772049956541621,0.016757162760759267,10.0
754,1629599_off,0.0010403807851238531,0.012582324385561588,7511.0
755,1629599_def,0.016865675026033592,0.011349099088207732,7543.0
756,1629600_off,0.001877424143293609,0.02114995249439223,25.0
757,1629600_def,-6.277348129504205e-05,0.016738823777989,25.0
758,1629602_off,0.001455948049276113,0.021196986237808402,6.0
759,1629602_def,-7.110789871462702e-05,0.016760939208398037,7.0
760,1629603_off,-0.014188741888404806,0.019328057905203155,751.0
761,1629603_def,-0.007686303654676694,0.015783793410567022,750.0
762,1629604_off,-0.021659735087992696,0.017467007439857473,2399.0
763,1629604_def,0.00854911372226047,0.014671237730683849,2395.0
764,1629605_off,-0.0020413049002390967,0.020920526731583747,120.0
765,1629605_def,-0.000710509112809636,0.016636897288638704,109.0
766,1629607_off,0.005364896031013304,0.021013139097619864,82.0
767,1629607_def,0.0027088186368568806,0.016673725712473254,79.0
768,1629610_off,-0.00870566707256917,0.020773596657947667,119.0
769,1629610_def,-0.0015552789825219171,0.016540679461954987,124.0
770,1629611_off,0.005403622435254073,0.011378961818160654,12617.0
771,1629611_def,-0.001465781368015673,0.010391410487871448,12674.0
772,1629614_off,-0.0068442857119303405,0.013047079855050842,7844.0
773,1629614_def,0.001007680401199904,0.011641884047796307,7863.0
774,1629617_off,-0.0064697168686044205,0.020363589263574806,382.0
775,1629617_def,0.002751656679334349,0.016328446389553764,388.0
776,1629618_off,-0.005906090892979565,0.020298790012351693,246.0
777,1629618_def,-0.0023738604623721113,0.016303492962824014,244.0
778,1629619_off,-0.0013380890989571517,0.020952182522127626,106.0
779,1629619_def,0.0023990117156948484,0.01663525198565619,110.0
780,1629620_off,-0.018319418846937392,0.019842707925821917,627.0
781,1629620_def,3.29044732179078e-05,0.016055795463942944,633.0
782,1629622_off,0.004090997218729631,0.010481880879404337,14712.0
783,1629622_def,-0.007586522763663621,0.009680820582732846,14647.0
784,1629623_off,-0.004622144090111679,0.0197721894205554,613.0
785,1629623_def,0.010686992072312097,0.016011223956477142,621.0
786,1629626_off,-0.011017971919066245,0.014227401941577497,4205.0
787,1629626_def,-0.004733202978766007,0.012579397447493588,4219.0
788,1629627_off,0.012548972592422764,0.012852931804715955,6598.0
789,1629627_def,-0.011846219840262566,0.011577408738324276,6583.0
790,1629628_off,-0.003191236963678435,0.011252113838764418,14341.0
791,1629628_def,0.015892834705191688,0.0102635798967679,14355.0
792,1629629_off,-0.03295917654826379,0.01279037631840216,6262.0
793,1629629_def,0.01057739668807832,0.011550566679752917,6268.0
794,1629630_off,0.019050490053140176,0.01304765275406526,9798.0
795,1629630_def,-0.011616492768639658,0.011607035156236838,9781.0
796,1629631_off,0.004540714569710671,0.012169013161094401,12206.0
797,1629631_def,0.004469810045813638,0.010982495365709825,12216.0
798,1629632_off,0.024485812232852032,0.011506167967491253,13108.0
799,1629632_def,0.012549015512422853,0.010490091983016545,13097.0
800,1629633_off,-0.009520062466329172,0.018912129947672583,1044.0
801,1629633_def,-0.00045116214611392273,0.015557511334584464,1041.0
802,1629634_off,-0.006328826342399127,0.014327033839239438,5845.0
803,1629634_def,-0.020519024767927774,0.012564625381467291,5893.0
804,1629635_off,-0.0005436436378015736,0.021122460595783196,36.0
805,1629635_def,-0.003187963878495992,0.016726400675216177,35.0
806,1629636_off,0.030310441433924484,0.012094307155541299,14125.0
807,1629636_def,-0.011476975311144092,0.010881454692148861,13999.0
808,1629637_off,-0.017679248582432677,0.013220927755121565,6240.0
809,1629637_def,-0.0003475338831205029,0.01183439053585321,6247.0
810,1629638_off,0.0019641428609870988,0.011703340467588278,9178.0
811,1629638_def,-0.013773309400911427,0.010680030505367779,9186.0
812,1629639_off,0.01909070010112867,0.011440274271625311,12889.0
813,1629639_def,-0.0009790432870990095,0.010450527087360318,12839.0
814,1629640_off,0.00381741413490098,0.011583600050578902,13625.0
815,1629640_def,0.007751857937398685,0.010504936573543098,13630.0
816,1629641_off,-0.022114965187585357,0.015589976739340377,3310.0
817,1629641_def,-0.007516260063017427,0.013504477146027486,3347.0
818,1629642_off,-0.009454821182089367,0.014056286496682883,5080.0
819,1629642_def,0.006343068999472866,0.012434888850363304,5108.0
820,1629643_off,-0.04913853772850157,0.014238133413301915,5518.0
821,1629643_def,0.0003892151290735725,0.01255041295827185,5516.0
822,1629644_off,-0.005125926921293381,0.018842539989705823,987.0
823,1629644_def,-0.010326508538366553,0.015477310694361252,1021.0
824,1629645_off,-0.0008893708936022753,0.01380029279316662,8132.0
825,1629645_def,0.001203140645309008,0.012188795048680985,8126.0
826,1629646_off,-0.011958967231329701,0.017063558415843498,1864.0
827,1629646_def,0.0017470534458804328,0.014470590689342136,1851.0
828,1629647_off,-0.0419944639345658,0.014478893858332863,5497.0
829,1629647_def,0.007725448451044058,0.012701397738150294,5550.0
830,1629649_off,-0.01170255841762393,0.019082484433548444,1106.0
831,1629649_def,0.0077374397789986525,0.01562501050644889,1117.0
832,1629650_off,-0.005006049569937013,0.017354261946782527,1718.0
833,1629650_def,0.004327500035686459,0.014643045157846958,1719.0
834,1629651_off,-0.007418938981476046,0.011846085300442672,11236.0
835,1629651_def,-0.0031148385370849264,0.010693905234771517,11325.0
836,1629652_off,0.009246171952644183,0.012746782203113528,12990.0
837,1629652_def,-0.006005219868681689,0.011335309323998661,13028.0
838,1629653_off,-0.0005215608518217416,0.020489786514233662,272.0
839,1629653_def,0.0003120033095269066,0.01640251009506268,274.0
840,1629655_off,0.004916252490724701,0.011843856990057678,10070.0
841,1629655_def,0.0054206313553955745,0.01075923166826865,10099.0
842,1629656_off,-0.017070831170848358,0.012829128304234825,8257.0
843,1629656_def,-0.012346500838849526,0.01149318677208728,8310.0
844,1629657_off,-0.009476437754889093,0.020326285539154183,385.0
845,1629657_def,0.000824456306777053,0.016318086236442042,386.0
846,1629658_off,-0.009303065372585366,0.02023555127987603,488.0
847,1629658_def,0.005574320676488344,0.016254823644909443,489.0
848,1629659_off,-0.012195293582024726,0.012465831110817845,7943.0
849,1629659_def,-0.0005506670585761295,0.011253476053160936,7954.0
850,1629660_off,-0.01395542890448706,0.015714731769759953,3333.0
851,1629660_def,-0.0005691133600235203,0.013591510551190423,3324.0
852,1629661_off,0.00042887464408984975,0.012106367583864009,10159.0
853,1629661_def,-0.009174275783397476,0.010969076241990429,10140.0
854,1629662_off,-0.0019675338265826643,0.02099119246004674,68.0
855,1629662_def,0.0008779330610090279,0.016654758397091466,71.0
856,1629663_off,-0.0026273436910783116,0.02049592943339721,287.0
857,1629663_def,0.0032402948285637154,0.01640629082947317,288.0
858,1629667_off,-0.0063264207034170955,0.012590570479815722,7150.0
859,1629667_def,-0.002743650438137922,0.011370300880549833,7186.0
860,1629669_off,0.0011095024305279543,0.0139669901320266,5383.0
861,1629669_def,0.007450319822988678,0.012378345028734583,5392.0
862,1629670_off,-0.026250808317456128,0.012896624963418889,6526.0
863,1629670_def,0.02461096035862266,0.011592819978460431,6542.0
864,1629671_off,-0.004103544506004445,0.02098461088416638,94.0
865,1629671_def,0.001007597008396809,0.016661685920201785,89.0
866,1629672_off,-0.0060055210146566515,0.0184243331381596,1525.0
867,1629672_def,0.001505624651181437,0.01526615446942197,1521.0
868,1629673_off,-0.009570773688589208,0.010271462650560158,16735.0
869,1629673_def,-0.0019600340559164423,0.009468810815812074,16703.0
870,1629674_off,0.01831330686388573,0.018462946958773374,980.0
871,1629674_def,0.001432828271654825,0.015295552818544481,980.0
872,1629675_off,-0.0189964230140549,0.012081931817629794,9382.0
873,1629675_def,-0.014526632088969585,0.010933673621888473,9390.0
874,1629676_off,-0.02872965778813394,0.01629263628720206,2957.0
875,1629676_def,0.005059428765021188,0.013955431887795805,2964.0
876,1629677_off,-0.00793837162835181,0.01798832118253853,1194.0
877,1629677_def,-0.00750762502552175,0.0149898715613129,1205.0
878,1629678_off,-0.02358522225259462,0.01715889397301713,2041.0
879,1629678_def,0.006976010412296556,0.01450990854494198,2043.0
880,1629680_off,-0.015438370413742497,0.011820473734827308,9046.0
881,1629680_def,-0.02061468914167477,0.010765085706493137,9119.0
882,1629681_off,-0.0057987410555446275,0.019258493704297434,935.0
883,1629681_def,-0.002878966948905555,0.015747318207105076,936.0
884,1629682_off,-0.000921574718479501,0.02095975740569915,105.0
885,1629682_def,0.002047168453072236,0.016640584249610214,108.0
886,1629683_off,0.0030487817301446812,0.020852891618741282,149.0
887,1629683_def,0.0026714910164968796,0.016589664493983535,149.0
888,1629684_off,-0.006047392186199275,0.010336614427835102,13973.0
889,1629684_def,0.004675423534556402,0.009576485097963154,14043.0
890,1629685_off,-0.016774206271991308,0.01864036323368787,1141.0
891,1629685_def,-0.0009602325057839514,0.015408435180575228,1139.0
892,1629686_off,-0.005708329256024593,0.021069391856681958,58.0
893,1629686_def,0.0008327307176441752,0.016695019241827445,61.0
894,1629712_off,-0.01460434512235179,0.020609219685423594,265.0
895,1629712_def,-0.00024848593913309855,0.0164608238222759,267.0
896,1629714_off,-0.0005560046714888173,0.02095130254383645,80.0
897,1629714_def,-0.002341604943133298,0.016641267949612317,79.0
898,1629716_off,-0.0011704000619788203,0.020308375605452976,242.0
899,1629716_def,0.0008381340397636408,0.01630009385430794,247.0
900,1629717_off,0.00496668152221177,0.017539159460136566,1961.0
901,1629717_def,0.0019074399097918596,0.014758212806898856,1955.0
902,1629718_off,-0.012089330844379713,0.02010426371384613,437.0
903,1629718_def,-0.0037114383032244022,0.016197682753615106,443.0
904,1629719_off,-0.0035153906454195027,0.020606599826655483,260.0
905,1629719_def,-0.0008845928287181927,0.01647067626452386,253.0
906,1629723_off,-0.0016377225708887598,0.012303478947563489,8370.0
907,1629723_def,-0.014200439106288959,0.01114185760769758,8392.0
908,1629726_off,-0.004896767528940331,0.012845160501594746,7060.0
909,1629726_def,0.008682371401971796,0.011549676263605672,7070.0
910,1629730_off,-0.0010020276515706667,0.02074561117120417,197.0
911,1629730_def,0.000406845423028172,0.01653972526420232,193.0
912,1629731_off,-0.010143275173686952,0.013235652745785564,5964.0
913,1629731_def,-0.04042192260808914,0.01186537050017017,6015.0
914,1629735_off,-0.0027387037750692747,0.02074152965207037,194.0
915,1629735_def,0.0020733111570952673,0.016531286120546752,195.0
916,1629744_off,-0.0021119076401740727,0.019318173775679605,941.0
917,1629744_def,-0.00306455769998674,0.015775472548695386,937.0
918,1629750_off,0.019047629044069304,0.014637713759519578,4802.0
919,1629750_def,-0.011040131198264391,0.01286615590011008,4824.0
920,1629751_off,-0.003130012425924375,0.02112737502529983,34.0
921,1629751_def,-0.00038491067419225885,0.016727591781809638,34.0
922,1629752_off,-0.00227669106507237,0.021001216923925356,87.0
923,1629752_def,0.0015881091224157257,0.016662614775078226,89.0
924,1629755_off,0.0007503923979431208,0.02045473535042006,331.0
925,1629755_def,-0.0017091884501619838,0.0163851782842216,331.0
926,1629760_off,-0.0006059075763074213,0.021202028921089407,4.0
927,1629760_def,8.011737184683709e-05,0.01676468025163513,4.0
928,1629783_off,-0.0005693057145746907,0.021156813781287944,22.0
929,1629783_def,0.0004359878251987429,0.0167423145077224,22.0
930,1629788_off,-0.0006059075763074213,0.021202028921089404,4.0
931,1629788_def,8.011737184683709e-05,0.016764680251635133,4.0
932,1629833_off,-0.012399199096546137,0.01974129794060577,710.0
933,1629833_def,0.012421660960746348,0.015991606157156994,721.0
934,1629873_off,-0.002476839891344803,0.021172011146878895,16.0
935,1629873_def,2.141014006381288e-05,0.01675103076419228,15.0
936,1629875_off,-0.014532119025029322,0.019650470501578948,580.0
937,1629875_def,-0.0018145181542911382,0.015963565865855588,574.0
938,1629958_off,0.00040603595584836754,0.021207080416123344,2.0
939,1629958_def,-5.768244779955153e-05,0.016767174400729917,2.0
940,1629962_off,0.001373737272169678,0.02054488329418446,294.0
941,1629962_def,-0.0009412038483184457,0.016425511328497733,299.0
942,1630162_off,0.024920210693018977,0.01170339306782177,17832.0
943,1630162_def,-0.01864229681725611,0.010545692027188008,17777.0
944,1630163_off,0.023536657217597033,0.012947253343127183,9378.0
945,1630163_def,0.010850718721923891,0.011586641202672898,9370.0
946,1630164_off,-0.02000075846052112,0.014573299661943092,4052.0
947,1630164_def,0.03225021416029632,0.012726679020331196,4077.0
948,1630165_off,-0.03180127398520542,0.012324233358756462,9821.0
949,1630165_def,0.006691635581773276,0.011092572479628545,9825.0
950,1630166_off,0.005906143107638553,0.011154379397170873,12983.0
951,1630166_def,-0.009851441166528899,0.01022523686779239,13006.0
952,1630167_off,0.03174981978492486,0.011993435732706533,8719.0
953,1630167_def,-0.0025874029778258146,0.010868922925364597,8724.0
954,1630168_off,0.01467135488322214,0.013274843420867669,9397.0
955,1630168_def,0.0033955273488142737,0.01165492882955056,9409.0
956,1630169_off,0.03400251745503431,0.011569366721056264,14240.0
957,1630169_def,0.010410742197209808,0.010469337781336198,14215.0
958,1630170_off,-0.014060389363335642,0.01194905753970182,11265.0
959,1630170_def,-0.001244121615005652,0.010824983975910057,11286.0
960,1630171_off,0.0019285842475975784,0.01176193885615659,11235.0
961,1630171_def,-0.006698288454559017,0.010711237640377921,11334.0
962,1630172_off,0.001428482480312707,0.012656325644238561,8287.0
963,1630172_def,0.0032363767921390132,0.011402408988817182,8318.0
964,1630173_off,-0.01163148312233333,0.012066828861134155,9189.0
965,1630173_def,-0.003142278145983558,0.010949823207392996,9202.0
966,1630174_off,0.008930405262354314,0.012316498649777612,9289.0
967,1630174_def,0.004544339686746719,0.011104993136063059,9304.0
968,1630175_off,0.0023336994675018244,0.012177803961411007,10999.0
969,1630175_def,-0.0013334575784065704,0.01095524434932249,11006.0
970,1630176_off,-0.009560603582604915,0.020806220681881316,148.0
971,1630176_def,0.0017877061754732707,0.01656674450658227,148.0
972,1630177_off,-0.018863505839788165,0.015024783343946167,4113.0
973,1630177_def,0.016921394631272693,0.013100752341167376,4104.0
974,1630178_off,0.026376525686255647,0.011507388707099152,16473.0
975,1630178_def,0.0004399259989754119,0.010417267421119604,16410.0
976,1630179_off,0.00037916865801666393,0.021194524680260486,7.0
977,1630179_def,0.0006201261725906725,0.01675974659316874,8.0
978,1630180_off,0.011998547938058763,0.01069491361319653,14595.0
979,1630180_def,0.020431710953245953,0.009827513978347534,14590.0
980,1630181_off,-0.029517731666605637,0.014873902085437879,4563.0
981,1630181_def,0.0149651267513326,0.013014676709623087,4554.0
982,1630182_off,0.007752670879814485,0.012148075944321022,8556.0
983,1630182_def,0.004798962511164378,0.011023711613012093,8593.0
984,1630183_off,-0.0010762739395205978,0.011690619997683555,13390.0
985,1630183_def,-0.005861118044494965,0.010631256682532174,13385.0
986,1630184_off,-0.033002163398242364,0.017280376690494786,1763.0
987,1630184_def,-0.0006961890373338916,0.01459203300169934,1764.0
988,1630186_off,-0.005660444538646687,0.019699762554282855,536.0
989,1630186_def,0.004556757054547403,0.015991595959403394,530.0
990,1630187_off,-0.001999139366319628,0.021075212151311508,56.0
991,1630187_def,0.0017769794921028178,0.016700647339253482,57.0
992,1630188_off,0.010054902013841863,0.012995584855265514,6760.0
993,1630188_def,0.0038185129323279237,0.011648384204739593,6766.0
994,1630190_off,-0.016688140480861115,0.019370050188710866,906.0
995,1630190_def,0.012549306657117683,0.015797887162678253,909.0
996,1630191_off,-0.011365774259374852,0.012874985806035544,9519.0
997,1630191_def,-0.011198970609632939,0.011492094624298848,9536.0
998,1630192_off,-0.026322865944917537,0.015026433547405158,4044.0
999,1630192_def,-0.005581600551097237,0.013056483538725504,4071.0
1000,1630193_off,-0.0014236463556457101,0.011124231294114722,12604.0
1001,1630193_def,-0.03407037115196981,0.01018168829077455,12590.0
1002,1630194_off,0.013359749648705052,0.01359681092831278,5865.0
1003,1630194_def,-0.001531699904622554,0.01201388514158633,5910.0
1004,1630195_off,-0.011797836228087059,0.019699806900949496,650.0
1005,1630195_def,-0.006483108044625236,0.01598438627561433,651.0
1006,1630196_off,0.0003212686372061096,0.021141507151144906,17.0
1007,1630196_def,-0.0009995007360166306,0.016730622231652156,19.0
1008,1630197_off,-0.02991464242637824,0.014384430698884116,4786.0
1009,1630197_def,0.002567134527222039,0.012690890401959809,4769.0
1010,1630198_off,0.018967661543504512,0.012620527065285684,7328.0
1011,1630198_def,-0.0069859918276463095,0.011400056599027838,7223.0
1012,1630199_off,-0.00522085432654847,0.02049179730737714,314.0
1013,1630199_def,-0.001207203841288358,0.016405115963327475,313.0
1014,1630200_off,0.01890297803879084,0.011890354222153118,10997.0
1015,1630200_def,-0.005324504695976004,0.010764675830301227,10982.0
1016,1630201_off,-0.01680271205066438,0.014281646841465732,4322.0
1017,1630201_def,0.013093261021869867,0.01261242335530446,4329.0
1018,1630202_off,0.02068084900142164,0.012749396452420412,7652.0
1019,1630202_def,-0.0026507960933525618,0.011439222237988421,7646.0
1020,1630204_off,-0.00015789781639783412,0.01920614105063608,614.0
1021,1630204_def,-0.003627637536517698,0.01571991468124724,607.0
1022,1630205_off,-0.010561061453809228,0.013689361738846207,5340.0
1023,1630205_def,-0.004143760726338349,0.012187087503303065,5388.0
1024,1630206_off,-0.0026230535662485777,0.020409492659062285,328.0
1025,1630206_def,-0.0014474545617479016,0.016359952547666368,331.0
1026,1630207_off,0.0012644395721128567,0.020567222152708693,171.0
1027,1630207_def,-0.0007292835299795089,0.016437401620358623,174.0
1028,1630208_off,-0.016895727136732142,0.013053027697122764,6814.0
1029,1630208_def,0.009701056435652534,0.011630308510735592,6829.0
1030,1630209_off,-0.011142974786763847,0.01604073188115569,2799.0
1031,1630209_def,0.0077045920382763835,0.013800450808142649,2787.0
1032,1630210_off,0.004181170081653185,0.020407732831129215,354.0
1033,1630210_def,0.002289130750494246,0.016362975515630367,351.0
1034,1630214_off,-0.018080269240580954,0.013169025794072104,6533.0
1035,1630214_def,-0.0124930753547459,0.011753197754352301,6557.0
1036,1630215_off,-0.0028064045975086872,0.016743430368999876,2094.0
1037,1630215_def,0.0014090271695020714,0.014241733953507746,2083.0
1038,1630216_off,-0.0010182332117526626,0.02102192208481209,77.0
1039,1630216_def,0.00041346382381173767,0.01667374070140334,78.0
1040,1630217_off,0.0179956879018108,0.012023577153692748,12909.0
1041,1630217_def,-0.016291469637687066,0.01084815969985,12828.0
1042,1630218_off,-0.0006773075214037633,0.020999905844417126,88.0
1043,1630218_def,-0.0012739486764544478,0.01666906415606367,83.0
1044,1630219_off,-0.014685134684228638,0.01712815366253372,1748.0
1045,1630219_def,0.01817604156144991,0.014496413670352924,1747.0
1046,1630222_off,-0.005073439487785748,0.020758053791077292,153.0
1047,1630222_def,-0.0026998565191512325,0.016538113102292674,154.0
1048,1630224_off,3.736687901159108e-05,0.012338307238715634,15183.0
1049,1630224_def,0.018450326371088926,0.01097666034654145,15171.0
1050,1630225_off,-0.013376915230039355,0.0204645827122337,281.0
1051,1630225_def,-0.002157478442180399,0.016397245514183402,275.0
1052,1630227_off,-0.012043522868158,0.016659400709157203,2527.0
1053,1630227_def,0.0006638823617657016,0.014166049759143524,2539.0
1054,1630228_off,-0.005275579403560199,0.011729368646354718,9808.0
1055,1630228_def,0.0037067829495141037,0.010669893935348871,9838.0
1056,1630230_off,0.006901093707202715,0.012746667472318363,7936.0
1057,1630230_def,-0.017273021247505595,0.011418378104416337,8000.0
1058,1630231_off,-0.0028495993772671225,0.012256179181148451,9698.0
1059,1630231_def,0.013595071725473286,0.01105342049892538,9706.0
1060,1630233_off,-0.006829451914148201,0.01854105819151115,1201.0
1061,1630233_def,-0.0022700972502267907,0.0153372606842632,1197.0
1062,1630235_off,-0.014555423899319393,0.01596311089141049,2865.0
1063,1630235_def,0.0038907645624044257,0.013736690359961262,2882.0
1064,1630237_off,0.0019354250166756404,0.016333573634338263,2553.0
1065,1630237_def,-0.002905742077418376,0.013992826418472801,2547.0
1066,1630238_off,-0.00431490438705249,0.020832735336880702,157.0
1067,1630238_def,-0.0017893782180890864,0.016581875095478385,155.0
1068,1630240_off,-0.02443073318505139,0.016614011624662632,2394.0
1069,1630240_def,-0.007618683078697301,0.014163791070687664,2400.0
1070,1630241_off,-0.004453912106445125,0.016018592617579683,2383.0
1071,1630241_def,-0.003480424579368943,0.01380448953426065,2340.0
1072,1630243_off,-0.0006908301958942702,0.019355746929648324,619.0
1073,1630243_def,-0.0038912287917597086,0.015801691233787152,618.0
1074,1630245_off,-0.02379446271148012,0.011574344056946696,13351.0
1075,1630245_def,-0.002363557093195465,0.010533761195074985,13378.0
1076,1630249_off,0.005406807792280325,0.01609543117904324,2806.0
1077,1630249_def,0.017604454509880046,0.013829116159607883,2797.0
1078,1630250_off,0.0008927290220907427,0.02091212079857723,110.0
1079,1630250_def,-0.0037538779267159584,0.01661121490950669,116.0
1080,1630256_off,-0.019619231166291617,0.012852826252408623,7791.0
1081,1630256_def,-0.021602940855445285,0.011544501769969072,7829.0
1082,1630257_off,-0.0008053228711344723,0.021172066218524202,16.0
1083,1630257_def,-0.00033713007126578434,0.016748572256247655,17.0
1084,1630259_off,0.0038384750770534513,0.02104538965285702,41.0
1085,1630259_def,-0.00030944986886308185,0.016684815336222607,42.0
1086,1630264_off,0.017485620944231808,0.015455852604927938,3200.0
1087,1630264_def,-0.0010372535214212344,0.013414748601226184,3198.0
1088,1630267_off,-0.02649518953090943,0.017236181929531955,2527.0
1089,1630267_def,-0.004561557225351378,0.014528270085086349,2543.0
1090,1630270_off,-0.008796811214005563,0.02071950773011981,175.0
1091,1630270_def,-3.165260933051839e-05,0.016519175961230478,176.0
1092,1630271_off,-0.0020415670717737577,0.02089463896138521,130.0
1093,1630271_def,-0.00026451660533493703,0.016618506920808598,124.0
1094,1630273_off,-0.004502685700622636,0.020656358692152873,236.0
1095,1630273_def,-0.0007322854929582603,0.01648888378583525,236.0
1096,1630278_off,-0.00031908995250145097,0.02120708432314212,2.0
1097,1630278_def,-0.0003160711324739971,0.016767176505894207,2.0
1098,1630284_off,0.004232231589065908,0.018723290068758957,954.0
1099,1630284_def,-0.0014834585810903174,0.015439690606743764,957.0
1100,1630285_off,-0.021033159801822306,0.019470228490626015,686.0
1101,1630285_def,0.004009229664132526,0.01583676275095612,687.0
1102,1630286_off,-2.904225124080331e-05,0.02115269961413095,24.0
1103,1630286_def,-0.0009319929685281972,0.016740246881792868,24.0
1104,1630288_off,-0.003210714738569923,0.01851378103208465,1015.0
1105,1630288_def,0.0013727549093394038,0.01532826009378604,1018.0
1106,1630296_off,-0.00425444417074695,0.01979805484736731,567.0
1107,1630296_def,-0.005271359795932072,0.016037732073080624,566.0
1108,1630306_off,-0.002812335573339512,0.02116171265073828,20.0
1109,1630306_def,-0.0006371869648853964,0.01674472172172555,20.0
1110,1630311_off,-0.0040034807202295585,0.021002238111917357,53.0
1111,1630311_def,0.0003195417106533924,0.016662814977106272,54.0
1112,1630314_off,-0.02849444562706714,0.018286541010302453,1565.0
1113,1630314_def,0.013845218707615993,0.015168131021654077,1552.0
1114,1630322_off,-0.008196741308636195,0.016079690796706892,2728.0
1115,1630322_def,0.000365277719419518,0.013864555499931219,2688.0
1116,1630346_off,-0.0061998034141897305,0.017312525872565702,1506.0
1117,1630346_def,-0.007947483681928534,0.014605509478534473,1510.0
1118,1630466_off,-0.002804564409287546,0.02093349326463953,114.0
1119,1630466_def,0.0016652724615341715,0.016630587317854016,114.0
1120,1630492_off,-0.0038356689399501567,0.021118503768383617,38.0
1121,1630492_def,-0.0013401355623166695,0.01672671781858072,35.0
1122,1630525_off,-0.000607571719044794,0.021199505599316885,5.0
1123,1630525_def,3.789427180463608e-05,0.016764674639639893,4.0
1124,1630526_off,-0.024101221631223926,0.014548298850235428,4605.0
1125,1630526_def,0.003454989994676947,0.012778884131104423,4641.0
1126,1630527_off,-0.03386029981985266,0.016303083691272716,2777.0
1127,1630527_def,0.002247631788058464,0.013944379865358146,2792.0
1128,1630528_off,-0.02433189800687549,0.015217076659521628,4402.0
1129,1630528_def,0.026084818677943447,0.013236913544867834,4398.0
1130,1630529_off,0.016400190071859486,0.01234642452921712,14152.0
1131,1630529_def,-0.025212845455196767,0.011043857842775921,14175.0
1132,1630530_off,0.003193167784212175,0.011981639568513927,10774.0
1133,1630530_def,-0.0008223226944903824,0.010872556676564189,10732.0
1134,1630531_off,0.004194780018461683,0.017672375577902234,1273.0
1135,1630531_def,0.0028983422720046613,0.014823002467107734,1279.0
1136,1630532_off,0.009794712508714524,0.011958308715193182,15161.0
1137,1630532_def,-0.03059213396550034,0.010761637540072349,15173.0
1138,1630533_off,-0.027738070116989734,0.013143227520420601,6530.0
1139,1630533_def,0.0035874031124978794,0.011783184020789374,6560.0
1140,1630534_off,0.004868532861520918,0.013199115538438893,5934.0
1141,1630534_def,0.0019460863756682251,0.011777523767262214,5961.0
1142,1630535_off,-0.026510039165736517,0.018222885309678492,1611.0
1143,1630535_def,0.0005773148474004822,0.015123007225903684,1619.0
1144,1630536_off,-0.007625036408968591,0.0210249733113059,76.0
1145,1630536_def,0.0001040964374470503,0.01666936060744478,82.0
1146,1630537_off,-0.02096536505055055,0.01316686362802344,6422.0
1147,1630537_def,-0.002631980174964581,0.011794785562878517,6441.0
1148,1630538_off,0.008026898632465067,0.013331756030429163,6307.0
1149,1630538_def,0.008932782800128035,0.01191277621967865,6304.0
1150,1630539_off,-0.005259899743181144,0.018296144756851426,1269.0
1151,1630539_def,-0.0055186309785207836,0.015186752467508457,1267.0
1152,1630540_off,-0.006417761283866355,0.013932479532780845,4892.0
1153,1630540_def,-0.015991711145575623,0.012308508539920038,4962.0
1154,1630541_off,-0.009118992650514754,0.013128096658027708,5896.0
1155,1630541_def,-0.0017369648989334786,0.011791476055412904,5890.0
1156,1630543_off,-0.0012756382181423208,0.014331095483240276,5006.0
1157,1630543_def,0.003135082046938481,0.012581637895207524,4990.0
1158,1630544_off,-0.015098707618501492,0.012870983139141394,7233.0
1159,1630544_def,-0.001147177428807644,0.011563167692061602,7207.0
1160,1630547_off,-0.012926989579110213,0.01734068308239889,1874.0
1161,1630547_def,0.0031585274682294855,0.014606315591041778,1893.0
1162,1630548_off,-0.0043930349459108155,0.01795223097592669,1221.0
1163,1630548_def,0.006444882736368769,0.014980000551053061,1225.0
1164,1630549_off,0.008074574356722118,0.014814450091145483,3833.0
1165,1630549_def,0.0009774486888445846,0.012948291941209842,3832.0
1166,1630550_off,-0.013994178934052137,0.01449354493911127,4141.0
1167,1630550_def,-0.009580593893603164,0.012718209327029077,4164.0
1168,1630551_off,-0.0015565450617918031,0.018358358673153705,1153.0
1169,1630551_def,0.006882123139771913,0.015234994726002725,1151.0
1170,1630552_off,-0.018724747916062406,0.013061601985343561,6573.0
1171,1630552_def,-0.00976753583853692,0.011687723470196977,6600.0
1172,1630553_off,-0.01940069232363595,0.016935315583533582,2393.0
1173,1630553_def,0.022839979753931264,0.014336437923149772,2418.0
1174,1630554_off,0.005044616449040105,0.01994063575472967,408.0
1175,1630554_def,0.0009531459561826964,0.01611615760119745,404.0
1176,1630555_off,-0.001654805388841255,0.02112003730755876,37.0
1177,1630555_def,-0.0010337812873454115,0.01672512402976227,36.0
1178,1630556_off,-0.003125251468646626,0.0155369810142707,3402.0
1179,1630556_def,0.0044951429362316345,0.013444224464076502,3450.0
1180,1630557_off,0.004025494371801491,0.011221093817501592,12326.0
1181,1630557_def,0.02748615199049195,0.010270111788891577,12286.0
1182,1630558_off,-0.021678209050257795,0.012184050387144109,9781.0
1183,1630558_def,-0.011154818939728228,0.010961979210404907,9853.0
1184,1630559_off,0.013121663410237938,0.011459863658834685,13634.0
1185,1630559_def,-0.00583439079428882,0.010418213485180376,13623.0
1186,1630560_off,-0.009337399654518722,0.012032653924986009,8627.0
1187,1630560_def,0.022724091889918484,0.010932367809066918,8593.0
1188,1630561_off,-0.007049353868958275,0.018396150996275618,1274.0
1189,1630561_def,0.0020315262352882625,0.015248189602003706,1281.0
1190,1630562_off,-0.007883178343366272,0.02033969409887439,231.0
1191,1630562_def,-0.005075480013356152,0.016334761621428374,226.0
1192,1630563_off,-0.006467143133878634,0.017319775184168412,2240.0
1193,1630563_def,-0.002193308529428602,0.014606134258159749,2260.0
1194,1630564_off,0.00694992996985851,0.020690750848309406,152.0
1195,1630564_def,0.0032573376353052957,0.01650457828996787,153.0
1196,1630565_off,-0.0016544642263646558,0.021134613084367624,31.0
1197,1630565_def,0.0011148985785474198,0.016725120228843288,36.0
1198,1630567_off,-0.0022976826442763845,0.011629881948226244,15213.0
1199,1630567_def,-0.003172073629766744,0.010555447943908511,15206.0
1200,1630568_off,0.003620709919656327,0.017753631724377328,1599.0
1201,1630568_def,0.005682148216886361,0.014876346861481413,1590.0
1202,1630570_off,-0.014175821887458629,0.013332586324713867,5934.0
1203,1630570_def,0.02004110347801167,0.011892648526853147,5945.0
1204,1630572_off,-0.012216453498700847,0.015567849034012775,3129.0
1205,1630572_def,-0.004610125041274162,0.0134831447842768,3123.0
1206,1630573_off,0.01739518057823303,0.012982231008048937,6769.0
1207,1630573_def,-0.018732555724627505,0.011622270602295776,6731.0
1208,1630575_off,-0.00037216274223778956,0.02117433697128912,15.0
1209,1630575_def,6.949287375211424e-05,0.016752214158434666,14.0
1210,1630577_off,0.003591366689781285,0.01495149827073833,3725.0
1211,1630577_def,0.006160851254916115,0.01299917267206836,3747.0
1212,1630578_off,0.010231973803890798,0.012438431841175048,11752.0
1213,1630578_def,0.0022887488577150806,0.01113704155010346,11690.0
1214,1630579_off,-0.014884454824349315,0.015063833694620537,3811.0
1215,1630579_def,-0.001166376513165381,0.01310400750527125,3833.0
1216,1630580_off,-0.00696475367586887,0.01996826802202756,523.0
1217,1630580_def,-0.004668888451686236,0.016127159474394425,526.0
1218,1630581_off,-0.004541770085076951,0.012211149830516814,12792.0
1219,1630581_def,0.008296106807880654,0.010980483960327773,12766.0
1220,1630582_off,-0.007225561739936444,0.020854906355407977,149.0
1221,1630582_def,-0.0011558007874567986,0.016589420652915788,150.0
1222,1630583_off,-0.009726924283950607,0.012287772690469807,7725.0
1223,1630583_def,0.007236710646978534,0.011127220126735846,7732.0
1224,1630585_off,0.005912837396542597,0.020642778241571555,243.0
1225,1630585_def,-7.284064125104147e-05,0.016478486845400226,247.0
1226,1630586_off,-0.01701287528979382,0.016833400348137028,2541.0
1227,1630586_def,0.010920386313554232,0.014239219518955626,2570.0
1228,1630587_off,-0.0016468454639799964,0.014644635283237964,4125.0
1229,1630587_def,0.015265714314694376,0.012865513509412991,4134.0
1230,1630589_off,-0.0003014774579650191,0.021139703057445464,29.0
1231,1630589_def,0.0007312992606173528,0.016732517264362912,30.0
1232,1630590_off,-0.011661651246625429,0.018018203935543625,1149.0
1233,1630590_def,0.001024447855407966,0.015015908472079419,1144.0
1234,1630591_off,-0.010117503770359942,0.012469898877100672,9487.0
1235,1630591_def,-0.011557685742433682,0.01121913069029241,9499.0
1236,1630592_off,0.007260320844609308,0.017600793100826708,1309.0
1237,1630592_def,0.0039855052656404474,0.014784147459447061,1299.0
1238,1630593_off,-0.011491236767467316,0.019284331649452018,720.0
1239,1630593_def,0.009469463388111976,0.015756895493151228,719.0
1240,1630595_off,-0.005073726279271202,0.01259528250856288,9381.0
1241,1630595_def,-0.0019028554625978062,0.011297815334237335,9358.0
1242,1630596_off,-0.0231552571741914,0.012006617406813344,13691.0
1243,1630596_def,-0.02198025472845996,0.010823512580412892,13702.0
1244,1630598_off,0.0027088572806185916,0.012372031692802847,7723.0
1245,1630598_def,0.0010975451901672677,0.011196659443882427,7795.0
1246,1630600_off,-0.005088057502042355,0.020218134512717673,304.0
1247,1630600_def,-0.0034138872952892163,0.016266711025471055,300.0
1248,1630602_off,-0.004481610183919508,0.020706580387589473,213.0
1249,1630602_def,-0.0003830115509069138,0.016515602388263433,213.0
1250,1630604_off,-0.0003689585150053446,0.021019103850405455,47.0
1251,1630604_def,0.0009785538633656178,0.016675646312360647,46.0
1252,1630605_off,-0.00020871759643776872,0.02114919102135356,25.0
1253,1630605_def,0.0009505612573576111,0.016738510085430647,25.0
1254,1630606_off,-0.007706368099891146,0.02027535286754726,410.0
1255,1630606_def,0.0001229346360480597,0.01630078957947433,404.0
1256,1630608_off,0.0016765312089529263,0.02118698755473584,6.0
1257,1630608_def,0.00021359842166915547,0.01675929333660625,5.0
1258,1630610_off,-0.00957396045486714,0.020099641514934537,309.0
1259,1630610_def,-0.00041927327482103464,0.01618227100346983,317.0
1260,1630611_off,0.0017580607041608788,0.019833269607526207,397.0
1261,1630611_def,-1.4868730499925345e-05,0.016045256573011465,400.0
1262,1630612_off,-0.007495588656973013,0.02091720723163666,121.0
1263,1630612_def,-0.0025510821320894874,0.016627086247879258,117.0
1264,1630613_off,-0.008530902360241352,0.016529337695157513,2861.0
1265,1630613_def,0.004807268896960672,0.014106513896708143,2845.0
1266,1630618_off,-0.007872988074035038,0.020893314094757226,79.0
1267,1630618_def,0.0012211177371590706,0.016614458345795027,77.0
1268,1630620_off,-0.00035390885347399054,0.02104250441135568,52.0
1269,1630620_def,-0.000138889902985869,0.01668827952158509,50.0
1270,1630622_off,0.0002984143088915158,0.021191180637011066,5.0
1271,1630622_def,-0.00018054876215203497,0.01675932269799488,5.0
1272,1630624_off,-0.0013463291251625553,0.021169323158200613,17.0
1273,1630624_def,-0.0009330967135590569,0.01674973412171414,16.0
1274,1630625_off,-0.029013398293738547,0.014499225548846013,4097.0
1275,1630625_def,0.0026748015367144343,0.012755230561755105,4095.0
1276,1630631_off,0.011984433132470376,0.013078886743351321,6908.0
1277,1630631_def,-0.028576424011201015,0.011707951996376085,6933.0
1278,1630637_off,0.0006811551724322612,0.02072776618613761,165.0
1279,1630637_def,-0.0021630841525021437,0.016519846496172934,170.0
1280,1630639_off,-0.008091782805616586,0.018638922734280586,899.0
1281,1630639_def,-0.004942082100846427,0.015364166047564357,906.0
1282,1630640_off,-0.0017285861270139539,0.02116230143775028,20.0
1283,1630640_def,-0.0005453440775985036,0.016746184093639566,19.0
1284,1630641_off,-0.023428654362193692,0.019599957574571218,459.0
1285,1630641_def,0.0024290470828270505,0.015930159134125148,459.0
1286,1630643_off,-0.005105450181944769,0.02012681521083849,362.0
1287,1630643_def,-0.003915184207850403,0.016210192853717935,360.0
1288,1630644_off,0.002058539621693673,0.02081699855824181,136.0
1289,1630644_def,-0.002527868084453023,0.016573714582800127,135.0
1290,1630647_off,-0.013575703655678867,0.01631286274911044,2203.0
1291,1630647_def,0.00896945723269773,0.013978680613949667,2202.0
1292,1630648_off,-0.0005205725071595965,0.02102461026671716,72.0
1293,1630648_def,-0.0016683254560137684,0.016675046531797626,73.0
1294,1630649_off,-0.007755698959092585,0.019068484745337733,646.0
1295,1630649_def,-0.0002682826737735867,0.01562979323467838,652.0
1296,1630658_off,-0.00873151849412593,0.02075622687553046,117.0
1297,1630658_def,0.004096882985486736,0.016541021294307515,116.0
1298,1630678_off,-0.004108522970008297,0.01671889613682574,2413.0
1299,1630678_def,0.007177747817953774,0.01423672260071729,2409.0
1300,1630686_off,-0.012866339278360612,0.020326537325696954,432.0
1301,1630686_def,0.008868174504308421,0.01629591013413705,441.0
1302,1630688_off,-0.004335634621498976,0.016084850597014044,2862.0
1303,1630688_def,-0.020138300555639685,0.013825522671904806,2861.0
1304,1630691_off,-0.000366649357114595,0.020377060976000186,369.0
1305,1630691_def,-0.0003539328990028267,0.016346683903990772,367.0
1306,1630692_off,-0.01752639603442872,0.013855071531212447,4409.0
1307,1630692_def,-0.011565197600581067,0.012308959031726368,4395.0
1308,1630693_off,-0.0007645377190877646,0.02120204613591286,4.0
1309,1630693_def,-0.00037595093413929413,0.01676468842615127,4.0
1310,1630695_off,-0.013745503305185496,0.0194446810458728,566.0
1311,1630695_def,-9.189741952105749e-05,0.015845047649589137,565.0
1312,1630696_off,-0.02013906860659539,0.019372700958299915,579.0
1313,1630696_def,-0.0012755204286784537,0.01579231488597738,593.0
1314,1630698_off,-0.004058804553473055,0.020448531276147677,331.0
1315,1630698_def,0.004255798180426545,0.01638473626159785,329.0
1316,1630699_off,-0.014141413689300074,0.015615322658489375,2742.0
1317,1630699_def,0.009823639849348207,0.013527136702740803,2737.0
1318,1630700_off,0.003151364466734955,0.013593338720404231,4923.0
1319,1630700_def,-0.006973571413884701,0.01209145623882185,4976.0
1320,1630701_off,-0.0007125028915660682,0.02120538966859597,2.0
1321,1630701_def,0.0001717713796345493,0.016768009963216285,1.0
1322,1630702_off,-0.013186096837838767,0.01471031762997136,3525.0
1323,1630702_def,0.017962991852488768,0.012903435145698453,3512.0
1324,1630703_off,-0.016423848195682027,0.015011888907975739,3605.0
1325,1630703_def,0.02622161516782179,0.013051680414706909,3608.0
1326,1630758_off,-0.0023818252556093754,0.0208831041373686,137.0
1327,1630758_def,0.002008614820167942,0.016598951338792557,142.0
1328,1630787_off,0.0028407079975866513,0.020989588372274492,91.0
1329,1630787_def,0.0005205986443839779,0.016659823680103786,90.0
1330,1630792_off,-0.0022041671154501936,0.02015463040710909,461.0
1331,1630792_def,0.0004889178161253318,0.016222310552767738,466.0
1332,1630846_off,-0.007810031886648562,0.01846173470063571,1302.0
1333,1630846_def,-0.00860604008137093,0.015284016039820296,1304.0
1334,1630929_off,0.0029397957115717523,0.020958225817469374,64.0
1335,1630929_def,0.0008302404999534377,0.01664284797413209,64.0
1336,1630994_off,0.0021204134663938925,0.02097996562191481,96.0
1337,1630994_def,6.998712729763484e-05,0.01665513190800036,95.0
1338,1631093_off,-0.005846267484385208,0.012523746065161122,9337.0
1339,1631093_def,0.02104788151149702,0.011201927765136857,9321.0
1340,1631094_off,0.010741786463421488,0.012865479903375826,10695.0
1341,1631094_def,0.006983577994867466,0.011389018114385944,10686.0
1342,1631095_off,-0.007437055357254497,0.01249316194982349,9978.0
1343,1631095_def,0.012655427083277446,0.011214466505019447,9976.0
1344,1631096_off,0.03251977647218508,0.014367832018643136,5034.0
1345,1631096_def,-0.01610736393718371,0.012557773401786543,5041.0
1346,1631097_off,-0.009499666012053,0.012584270853325098,8021.0
1347,1631097_def,0.014580081753925916,0.011323318844707046,8012.0
1348,1631098_off,-0.0348654044272226,0.016341249574328042,2204.0
1349,1631098_def,0.0029149188611762643,0.013979843749890112,2205.0
1350,1631099_off,0.017878070044070764,0.01281869862291204,10782.0
1351,1631099_def,0.001962733638361856,0.011450496797099387,10763.0
1352,1631100_off,0.00042805502325842025,0.015354858864858746,3283.0
1353,1631100_def,0.000593751067910729,0.013349692261260676,3293.0
1354,1631101_off,-0.010731949944970266,0.013459732339576001,5812.0
1355,1631101_def,0.01749210711259382,0.011961669518643176,5838.0
1356,1631102_off,-0.018083147405739936,0.018601191038257126,1005.0
1357,1631102_def,-0.002189509354599964,0.015372883489401076,1005.0
1358,1631103_off,-0.013945447514289902,0.012946137254668066,6610.0
1359,1631103_def,0.020646100556916486,0.01159212015749861,6638.0
1360,1631104_off,-0.025323295853106918,0.015238025138446593,3274.0
1361,1631104_def,0.0014865606050170385,0.013223570322937387,3281.0
1362,1631105_off,-0.0008258030044940225,0.0133168977529088,7043.0
1363,1631105_def,-0.0010470006758475274,0.011806110461469453,7034.0
1364,1631106_off,0.004348149876892081,0.014299794799037938,4645.0
1365,1631106_def,-0.016797271156269722,0.012578686129056264,4649.0
1366,1631107_off,0.005615685010966011,0.01586387160897004,2347.0
1367,1631107_def,-0.010994426011848983,0.013707755651468239,2344.0
1368,1631108_off,-0.01819857091999949,0.014867651783077983,3185.0
1369,1631108_def,-0.008161152695930521,0.013039223067888588,3175.0
1370,1631109_off,4.800578277294588e-05,0.016127859362729688,2791.0
1371,1631109_def,-0.007561002152902364,0.013810119561027146,2787.0
1372,1631110_off,-0.005757321077031805,0.013044342785704184,7618.0
1373,1631110_def,0.005609936128644681,0.011649736876900978,7651.0
1374,1631111_off,-0.013429512325277506,0.01968683260817916,513.0
1375,1631111_def,0.002240644456456977,0.015960012753559308,518.0
1376,1631112_off,-0.015331525021029035,0.020430563478036075,225.0
1377,1631112_def,-0.0048060672440229,0.01637599438273377,222.0
1378,1631113_off,-0.004247196321289691,0.01958193477894848,587.0
1379,1631113_def,0.002707759725712141,0.01593569521817878,574.0
1380,1631114_off,0.007892148952068155,0.012561150255117675,9611.0
1381,1631114_def,-0.009405025560631905,0.011273675284358003,9657.0
1382,1631115_off,-0.0005307177636445782,0.017656548661009307,1432.0
1383,1631115_def,-0.0011037864314581433,0.014798398521330951,1439.0
1384,1631116_off,-0.013935579167935683,0.0172927795610968,1547.0
1385,1631116_def,0.0016568250527347287,0.01459328256504454,1541.0
1386,1631117_off,0.0010505257583983162,0.013305805496212809,6594.0
1387,1631117_def,-0.0035419118991846517,0.011845654205536177,6603.0
1388,1631119_off,-0.00033324897780491166,0.01485343027152453,3861.0
1389,1631119_def,0.0007785415943901334,0.012964495798339309,3871.0
1390,1631120_off,-0.0014624814152471538,0.020501785661035908,210.0
1391,1631120_def,-0.003276658525036724,0.016407518917627824,212.0
1392,1631121_off,-0.03203862555699931,0.014961887167153647,3451.0
1393,1631121_def,0.00922409094847335,0.013065614801653967,3446.0
1394,1631123_off,-0.014171247184052266,0.020072759923182103,329.0
1395,1631123_def,0.002200895037281482,0.01618991930387051,327.0
1396,1631124_off,-0.0013240675554108967,0.018027030037844075,1130.0
1397,1631124_def,0.01168216237906651,0.015017776766115903,1139.0
1398,1631128_off,-0.01877582050714719,0.013391212255754549,6241.0
1399,1631128_def,-0.011856091217642268,0.011868729455311682,6286.0
1400,1631131_off,-0.00028024495227562497,0.020842511568530106,94.0
1401,1631131_def,-0.002810329242348154,0.016586858043176767,92.0
1402,1631132_off,0.0005253804761849105,0.01747952839751691,1636.0
1403,1631132_def,-0.017602219143191065,0.014722210989473777,1632.0
1404,1631133_off,-0.013392661909820634,0.013931109909300772,4695.0
1405,1631133_def,0.013666741044560822,0.012303709124933332,4717.0
1406,1631157_off,-0.005819521701141334,0.020204558080913086,296.0
1407,1631157_def,-0.009700032540127291,0.016254713504182665,295.0
1408,1631159_off,8.364309900035605e-06,0.02078210729576021,114.0
1409,1631159_def,-0.0016508768218302004,0.01655000073864225,114.0
1410,1631160_off,-0.008265554497333943,0.02066856768534454,174.0
1411,1631160_def,0.0013503060098017927,0.016502599107222325,169.0
1412,1631165_off,0.003624897825816127,0.015950604117509908,2241.0
1413,1631165_def,-0.019954588025380974,0.013755360673758581,2247.0
1414,1631167_off,0.001306215000274941,0.021178776504755605,8.0
1415,1631167_def,-3.666759292122197e-05,0.01675119474837541,9.0
1416,1631169_off,0.004007302204625395,0.019896282487697113,433.0
1417,1631169_def,-0.0035365945880326565,0.01608412939531891,428.0
1418,1631170_off,0.01333170391146064,0.01400812015092091,4408.0
1419,1631170_def,-0.007241165195839408,0.012382455248015022,4417.0
1420,1631172_off,-0.007870593493388922,0.01668476130147649,1946.0
1421,1631172_def,-0.003478202389893745,0.014225563339825808,1951.0
1422,1631173_off,0.0007998149512105673,0.020497361824537753,191.0
1423,1631173_def,0.0053290488596031685,0.016404499981279796,191.0
1424,1631197_off,0.0058123826623460925,0.01865114154517839,895.0
1425,1631197_def,0.0026280808961540803,0.015406432146879931,889.0
1426,1631199_off,0.003507758154122157,0.020876843810102703,103.0
1427,1631199_def,-0.0002898941495103383,0.016605114832417122,101.0
1428,1631200_off,-0.013031097483628141,0.015910773228559005,2731.0
1429,1631200_def,-0.008253101222182703,0.01364671051302567,2733.0
1430,1631204_off,-0.012119497880114995,0.015403593591287828,2806.0
1431,1631204_def,0.007613953997100623,0.01334863878862134,2813.0
1432,1631205_off,0.004234585682851931,0.020063973161571214,347.0
1433,1631205_def,-0.004942256347969994,0.016176750803478367,350.0
1434,1631207_off,0.007265547861824906,0.01659669749558606,1864.0
1435,1631207_def,-0.005016742138025101,0.014176582598398421,1860.0
1436,1631209_off,-0.0012062016262748547,0.021174555494127584,9.0
1437,1631209_def,9.76222755869299e-05,0.016751068610862004,9.0
1438,1631210_off,-0.004402717085007316,0.0209160274601318,73.0
1439,1631210_def,0.0031651897621083644,0.016621845958954426,73.0
1440,1631211_off,-0.003236006934163776,0.02115523642301984,17.0
1441,1631211_def,0.0013424538688938587,0.016738242372306745,19.0
1442,1631212_off,-0.010854809032145038,0.015465731052127608,3405.0
1443,1631212_def,-0.005620901708518282,0.013300394160970607,3464.0
1444,1631213_off,0.00040352493549487514,0.020813232822402383,127.0
1445,1631213_def,0.00018859687926161807,0.016573429830146823,124.0
1446,1631214_off,-0.00776290801030397,0.021021683827981148,49.0
1447,1631214_def,0.00043833350422730174,0.01668033969409421,46.0
1448,1631216_off,-0.0011239617543088406,0.015040972229352828,3264.0
1449,1631216_def,0.003575576463419314,0.013135061840025167,3261.0
1450,1631217_off,0.0014937825565376282,0.019670663738278797,520.0
1451,1631217_def,0.005152955122246226,0.01596084307279958,522.0
1452,1631218_off,0.0003177952417149085,0.016100218787789933,2339.0
1453,1631218_def,0.008367888086112956,0.013816876989179864,2339.0
1454,1631219_off,-0.006027394876627608,0.019911310788549408,469.0
1455,1631219_def,0.003632740077574437,0.016090441035633188,470.0
1456,1631220_off,0.0048249015505361596,0.02068607774418361,139.0
1457,1631220_def,-0.005571988029171081,0.016504055247433275,139.0
1458,1631221_off,-0.0015338876908507575,0.019600955941461506,455.0
1459,1631221_def,-0.001176392891654986,0.01593124169712136,456.0
1460,1631222_off,-0.01193485454380463,0.01589419885983158,2479.0
1461,1631222_def,0.008195227375390997,0.013674178355145625,2503.0
1462,1631223_off,-0.020591267335052097,0.013421586849518375,5184.0
1463,1631223_def,0.009317027278432465,0.011990648577465632,5208.0
1464,1631230_off,0.004885641681781022,0.017223008606311,1711.0
1465,1631230_def,0.014451462843504969,0.014516170358525026,1723.0
1466,1631241_off,-0.014284479278230965,0.01865760287009157,839.0
1467,1631241_def,0.005803707333521678,0.015386969569667246,846.0
1468,1631243_off,-0.01431038993528057,0.020593775342250854,159.0
1469,1631243_def,0.0033694422228594985,0.01645942429344041,158.0
1470,1631245_off,-0.006030372473743072,0.02027241152996732,320.0
1471,1631245_def,-0.002102811760298079,0.01628604675379538,318.0
1472,1631246_off,-0.0032056916463643766,0.015135980328207831,3117.0
1473,1631246_def,-0.007684311854722418,0.013189365487592041,3112.0
1474,1631250_off,-0.007566039225963217,0.021015771260696172,49.0
1475,1631250_def,-4.888652147892404e-05,0.01667359926843487,48.0
1476,1631254_off,-0.005085985554873142,0.018868853811979523,789.0
1477,1631254_def,0.006859649497724099,0.015523908576726165,791.0
1478,1631257_off,-0.001351934730217964,0.020723601060466782,128.0
1479,1631257_def,0.003992530789169794,0.016516331353315112,131.0
1480,1631260_off,0.00691530281514077,0.016553337227993476,1950.0
1481,1631260_def,0.0035779098841309032,0.014149835842313678,1942.0
1482,1631262_off,0.001654863508858535,0.02009220389556082,317.0
1483,1631262_def,-0.0033583769843575652,0.01619465802536387,315.0
1484,1631288_off,-0.008312116220540873,0.01828327522740413,1023.0
1485,1631288_def,-0.005536021694090531,0.015187025287913916,1031.0
1486,1631298_off,-0.009053720154938378,0.020354886322072763,253.0
1487,1631298_def,-0.00023122820398558457,0.01632540036850979,257.0
1488,1631303_off,-0.02054540235109168,0.018460767084872882,945.0
1489,1631303_def,-0.0031609940735336,0.015280582318134117,948.0
1490,1631306_off,-0.005127042285944455,0.02027655802976201,263.0
1491,1631306_def,0.002205828473995262,0.016302796214715528,257.0
1492,1631309_off,-0.0010136413615982134,0.02103423165258757,55.0
1493,1631309_def,-0.0009578522816319529,0.01668075439699056,55.0
1494,1631311_off,-0.006989487391936883,0.018608875516801883,845.0
1495,1631311_def,-0.007385470439605485,0.015371247538043706,844.0
1496,1631320_off,-0.0013860947744460228,0.021161621095460187,15.0
1497,1631320_def,0.0006172147180003086,0.016741370337844855,17.0
1498,1631321_off,-0.0038860841622351113,0.02012609303358226,300.0
1499,1631321_def,-0.010165380554879155,0.016209337935759946,302.0
1500,1631323_off,-0.008876350803850507,0.013460323668974261,5070.0
1501,1631323_def,0.000520858512605595,0.012011882102997133,5064.0
1502,1631338_off,-0.022203998422904755,0.020314317133032698,246.0
1503,1631338_def,-0.0009146199582066121,0.016304189230702853,249.0
1504,1631367_off,-0.007537999469367307,0.01726586338386038,1477.0
1505,1631367_def,0.01562609024624493,0.014568142989241927,1486.0
1506,1631376_off,-0.0006408402210648773,0.021195300340760396,4.0
1507,1631376_def,-0.0003002213593333096,0.0167613404025811,4.0
1508,1631386_off,-0.003695437802820255,0.020863345745455807,88.0
1509,1631386_def,0.0029137010897521856,0.0165930215119315,89.0
1510,1631466_off,0.004898754751416949,0.019488590725962755,551.0
1511,1631466_def,0.0017979014224471066,0.015867360100034554,553.0
1512,1631495_off,0.001016831745014521,0.021181953142912636,9.0
1513,1631495_def,-0.000913310769977277,0.016754728660429975,9.0
1514,1641645_off,0.004465146378813896,0.02042140920757532,280.0
1515,1641645_def,-0.002619591536314114,0.016354992659517426,283.0
1516,1641705_off,-0.0050519068277908525,0.014610361606859468,4386.0
1517,1641705_def,-0.02484444755093837,0.012745647867546983,4394.0
1518,1641706_off,-0.01000110144489112,0.01419184501215433,4814.0
1519,1641706_def,0.01875337015889425,0.012452842725321595,4835.0
1520,1641707_off,-0.00990185131823118,0.017045418801860678,1779.0
1521,1641707_def,0.00244186347512315,0.014393878664954667,1787.0
1522,1641708_off,0.000687339373644039,0.015532633274915922,2910.0
1523,1641708_def,-0.010429954220497282,0.0134331704560067,2898.0
1524,1641709_off,-0.005687711967424539,0.0150625923857436,3263.0
1525,1641709_def,-0.009796649799558963,0.013092924990330244,3309.0
1526,1641710_off,-0.018686302135881367,0.01603595048320909,2376.0
1527,1641710_def,-0.009253810846180124,0.013761031291227414,2379.0
1528,1641711_off,-0.02732845937640464,0.015554170631452296,2636.0
1529,1641711_def,0.024293304626817898,0.013459891538753552,2646.0
1530,1641712_off,-0.009123643554868601,0.01788539714190548,1295.0
1531,1641712_def,0.005548004828416505,0.014926835658655609,1286.0
1532,1641713_off,-0.01765955636533766,0.015975043101853426,2504.0
1533,1641713_def,-0.005227993871965636,0.013688651171913886,2513.0
1534,1641715_off,-0.0025035436447139806,0.016863292831967438,1845.0
1535,1641715_def,0.0005587868965187187,0.014298351902987309,1842.0
1536,1641716_off,0.008591803224862634,0.01892688176909889,714.0
1537,1641716_def,0.00039461398328163486,0.01554639516569813,716.0
1538,1641717_off,-0.0007119476113419619,0.014837232975703302,3498.0
1539,1641717_def,-0.008013142747391115,0.012943301486831012,3516.0
1540,1641718_off,-0.0238020234911566,0.014497895557462727,4184.0
1541,1641718_def,0.011249993444366608,0.012682499526824428,4179.0
1542,1641720_off,-0.014577984275707664,0.02036329633920508,227.0
1543,1641720_def,0.002490331403873735,0.01634559473666409,221.0
1544,1641721_off,-0.02453707195967278,0.020432970971571825,212.0
1545,1641721_def,0.00020652476230565139,0.01637708630370148,207.0
1546,1641722_off,0.00978606238833039,0.01597467743644853,2376.0
1547,1641722_def,0.013878318612869278,0.01374971453884289,2348.0
1548,1641723_off,-0.019360716020845672,0.019785923312394614,405.0
1549,1641723_def,-0.00542815740198242,0.0160336156735894,403.0
1550,1641724_off,-0.00544886776037611,0.02067038173277172,141.0
1551,1641724_def,-0.00430115562192882,0.016502903021844564,137.0
1552,1641726_off,0.02672825699232563,0.015809882878881312,2722.0
1553,1641726_def,0.005500121173585771,0.013610750607117608,2727.0
1554,1641727_off,0.00022565508893136808,0.02099854988840568,53.0
1555,1641727_def,0.005135683770564006,0.016664762779106366,52.0
1556,1641729_off,-0.0027735220360939213,0.01788196422087574,1198.0
1557,1641729_def,0.02228737670139376,0.014931075348611059,1203.0
1558,1641730_off,-0.0162966260037054,0.01889875626821717,739.0
1559,1641730_def,-0.0016930403702927561,0.015523675215034007,747.0
1560,1641731_off,-0.030166234456952216,0.014663502018739559,3638.0
1561,1641731_def,0.01691456110513623,0.012859957868491654,3635.0
1562,1641732_off,-0.006535988737674628,0.019815093929478285,388.0
1563,1641732_def,-0.006388168279545712,0.01604708500342738,388.0
1564,1641733_off,-0.027300452591222765,0.017366988316391874,1434.0
1565,1641733_def,0.009851470798180184,0.014613374496699137,1442.0
1566,1641734_off,-0.01446299630789192,0.020256092275620186,259.0
1567,1641734_def,0.009659900184904886,0.016279326141600055,260.0
1568,1641735_off,0.004219544211426715,0.020732176698749886,125.0
1569,1641735_def,0.0012355554894577538,0.016531475226141356,123.0
1570,1641738_off,-0.008538446792686371,0.018750596286515164,790.0
1571,1641738_def,0.006622606618652889,0.015436805704192324,800.0
1572,1641739_off,-0.011705950899730097,0.014965196900343978,3486.0
1573,1641739_def,-0.020030720212048866,0.01303656070165111,3503.0
1574,1641741_off,0.0017835227792602863,0.019254186523783856,579.0
1575,1641741_def,0.002050275826909886,0.015732507546862593,583.0
1576,1641745_off,0.0006818556739152699,0.021089488752125088,30.0
1577,1641745_def,-0.00036668688279125114,0.01670700560580131,31.0
1578,1641748_off,-0.0060278584281372475,0.01773775128084244,1180.0
1579,1641748_def,0.01984886056903041,0.014864134549159493,1188.0
1580,1641749_off,-0.004661354032473576,0.020675672758688354,136.0
1581,1641749_def,0.00029398770251152893,0.016507590471395724,132.0
1582,1641753_off,-0.0031541354049311058,0.020495277810364875,188.0
1583,1641753_def,0.0021287349567726335,0.01640488908708615,188.0
1584,1641754_off,-0.002415650487141494,0.02079847092893712,103.0
1585,1641754_def,0.0021387945240370146,0.016556885671725634,106.0
1586,1641757_off,-0.0016518567715076637,0.020978347478582206,58.0
1587,1641757_def,0.001926598195316232,0.016652647508962826,58.0
1588,1641763_off,-0.0004932402984768004,0.019006235137001302,657.0
1589,1641763_def,-9.294302442592573e-05,0.015610312869399722,654.0
1590,1641764_off,0.02817810119575282,0.014358494745111708,4039.0
1591,1641764_def,-0.008606184959255758,0.012628555847821344,4039.0
1592,1641765_off,-0.019541035309564463,0.01902757058968046,710.0
1593,1641765_def,0.003748328390254804,0.015595901697328806,708.0
1594,1641766_off,0.002736227084497911,0.020680517666169306,138.0
1595,1641766_def,-0.004074821652037714,0.016511337166804113,133.0
1596,1641767_off,0.01644387153289227,0.01704075477373278,1711.0
1597,1641767_def,-0.0016724481460643822,0.014385141204847157,1735.0
1598,1641771_off,0.0010511542611111892,0.020938051860478576,69.0
1599,1641771_def,0.0010023832464411675,0.016626327466673585,72.0
1600,1641774_off,0.00031863225567357715,0.01999517920252978,335.0
1601,1641774_def,-0.012185744807874767,0.016150202387619765,332.0
1602,1641775_off,0.004596303058805643,0.020569483827255028,166.0
1603,1641775_def,-0.008107093453992388,0.016456421962443915,160.0
1604,1641778_off,-0.0034509537699586677,0.019278419152839354,577.0
1605,1641778_def,-0.0010148313337631195,0.01576124786211096,570.0
1606,1641787_off,-0.009133059811291968,0.018833698963686942,742.0
1607,1641787_def,0.0070971438843745165,0.015499229532473563,746.0
1608,1641788_off,-0.008365744449476055,0.02088312281597006,82.0
1609,1641788_def,0.004554120155708222,0.016598919959721955,85.0
1610,1641793_off,-0.005710380180564026,0.0208875904693147,82.0
1611,1641793_def,0.005152990882830423,0.01660234075433348,84.0
1612,1641806_off,0.00048527278949207005,0.02118277446783239,7.0
1613,1641806_def,-0.0011124517566570861,0.01675723287554531,6.0
1614,1641809_off,0.005030115700439158,0.021022468856675053,47.0
1615,1641809_def,0.0006301748260422332,0.016671505255213548,49.0
1616,1641816_off,-0.002732752782995533,0.020801449356349668,107.0
1617,1641816_def,-0.002976073179029863,0.016571636736860774,101.0
1618,1641847_off,0.0012495085802374365,0.02110917423304399,25.0
1619,1641847_def,-0.0003487727445800637,0.016716462315073743,26.0
1620,1641851_off,-0.014472506572072856,0.020309786915198493,256.0
1621,1641851_def,0.0017321432806385025,0.0162993714515297,257.0
1622,1641854_off,0.010991529155438197,0.017716981830446205,1279.0
1623,1641854_def,0.009047522555688343,0.01483510838839033,1280.0
1624,1641871_off,0.011883009068365789,0.016159778637834087,2438.0
1625,1641871_def,0.00833058387050327,0.013826531024196946,2441.0
1626,1641877_off,-0.02776957551112056,0.01922385783002233,613.0
1627,1641877_def,0.006645459313675798,0.0157174879877229,611.0
1628,1641926_off,-0.00440492261387649,0.020932990912429433,71.0
1629,1641926_def,-0.0018493810810703323,0.01662587201833646,73.0
1630,1641931_off,-0.007368170567620575,0.019391017327241744,521.0
1631,1641931_def,0.0031577383324230958,0.015817433983941386,523.0
1632,1641970_off,-0.0077174502408052185,0.020290142699509364,251.0
1633,1641970_def,-0.006939751630967031,0.016294001942500143,253.0
1634,1641998_off,-0.00659841764457664,0.018065555712277262,1155.0
1635,1641998_def,0.004730913482850148,0.015023311729613372,1159.0
1636,1642013_off,-0.010388845438796429,0.020401099243449503,216.0
1637,1642013_def,0.0012978041699502588,0.01635164350070889,219.0
1638,rubber_band,-0.02595176193792817,0.0014363015950656622,-2.810272015096871e-10
