col,player_side,coef,se,poss
0,2207_off,-8.333266517699626e-05,0.01731980364114825,4
1,2207_def,0.0007023934007250498,0.017319805041084244,4
2,2544_off,0.03427214589463038,0.010174896981838046,15101
3,2544_def,-0.012019220899856997,0.010170182101630145,15083
4,2546_off,-0.009765441472672361,0.014264210970306015,3710
5,2546_def,-0.0004963337874701262,0.014274809799619181,3685
6,2617_off,-0.008273763315745662,0.016831045126478004,331
7,2617_def,0.001987695578926688,0.01682858732186853,331
8,2730_off,-0.0036706614591407926,0.015309630430851234,1988
9,2730_def,0.003741315495361971,0.015300771283502523,2000
10,2738_off,-0.0035480243967621694,0.01556973766019193,1561
11,2738_def,-0.014674336142874932,0.01556648862928368,1564
12,2772_off,-0.0062619203848384855,0.016235789390658426,921
13,2772_def,8.675929028166642e-05,0.016231800065417995,925
14,101108_off,0.008969298576414242,0.010628265566657033,12699
15,101108_def,-0.019934377192114914,0.010633351981929441,12665
16,101139_off,-8.333266517699626e-05,0.017319803641148247,4
17,101139_def,0.0007023934007250498,0.01731980504108425,4
18,101150_off,-0.0035245427165656092,0.015670137491470625,1612
19,101150_def,0.0006645135256254635,0.015672051924739878,1611
20,200746_off,-0.0017313125977773541,0.01524409121190254,2175
21,200746_def,-0.004090986883480792,0.01524987694227656,2167
22,200752_off,0.0012614250212392307,0.013671907709477321,3821
23,200752_def,-0.018839614793361426,0.013669262714505897,3823
24,200765_off,-0.019680703085153906,0.015633428734264612,1522
25,200765_def,-0.005180170468717767,0.015621168099471588,1535
26,200768_off,-0.003417299782964623,0.010239651905191556,13033
27,200768_def,-0.015191481107379223,0.010236053216046702,13026
28,200782_off,0.006158709549707329,0.010994491989054504,10124
29,200782_def,-0.005138836776664853,0.010995450717456463,10111
30,200794_off,-0.006105239083429698,0.016370345915981094,784
31,200794_def,-0.0009022730449633062,0.016383230410754776,772
32,201142_off,0.027434456727730695,0.010100760207698766,14877
33,201142_def,-0.01427139164071044,0.010099695709799236,14845
34,201143_off,0.012906283717212565,0.011025336165676402,14216
35,201143_def,-0.01110502972726389,0.011030172616096972,14195
36,201144_off,0.011952107133227198,0.010501836600433273,13532
37,201144_def,-0.004993900172276862,0.010504319735398037,13445
38,201145_off,-0.017108276136369296,0.010947510007011689,9513
39,201145_def,0.011101202856922185,0.010935568907322361,9548
40,201152_off,-0.006147787973651386,0.012969058414016067,4367
41,201152_def,0.005861038773191289,0.01297951155035708,4352
42,201565_off,-0.0176343742265246,0.014058023331119256,2822
43,201565_def,-0.013505605210801169,0.0140719406697978,2803
44,201566_off,-5.357689960623763e-05,0.010081010970113777,13585
45,201566_def,0.003967066656039428,0.010076522904926324,13599
46,201567_off,0.002312522004051043,0.0110709394342898,8726
47,201567_def,-0.012382151303634452,0.01108324472002724,8681
48,201568_off,0.00023387898986347865,0.012966506609215984,5070
49,201568_def,0.008004479770747731,0.01298033410242348,5056
50,201569_off,0.0007083364147985549,0.010086676454659466,11796
51,201569_def,0.004233575465574726,0.010084987701849001,11792
52,201571_off,-0.007053436763239128,0.015372552825879085,1825
53,201571_def,0.010883117646341044,0.015380814234666963,1815
54,201572_off,-0.0037188346689223085,0.01079394314804086,11671
55,201572_def,-0.02279719764791483,0.010797829406992513,11645
56,201577_off,-0.019796434587811534,0.014951011280452599,2011
57,201577_def,-0.0017309988337238348,0.014954679737318309,2003
58,201580_off,-0.01527291207813589,0.013395371711819355,4143
59,201580_def,-0.008164069167915214,0.013403111874883517,4132
60,201586_off,-0.017332604455114864,0.014917410526551224,2229
61,201586_def,-0.00584479530545641,0.014913559570046737,2235
62,201587_off,0.005219929157325037,0.010636465288466006,9967
63,201587_def,-0.006598769761409608,0.010645454192313207,9939
64,201588_off,-0.00774585896621563,0.01334200629563652,4439
65,201588_def,-0.035158364704484704,0.013352964100946678,4416
66,201599_off,-0.020184724200847576,0.013725646148717721,3354
67,201599_def,0.00961036524097941,0.013696887330591809,3394
68,201609_off,0.000498979306857341,0.013983797318706616,3081
69,201609_def,0.004680626216221496,0.013996375209736012,3066
70,201933_off,-0.00795623866548637,0.014067933747198337,3218
71,201933_def,-0.0034817841739313853,0.014077500361241285,3201
72,201935_off,0.03248485382435147,0.00980536833416012,15813
73,201935_def,0.00897779418484095,0.009798920705519885,15819
74,201937_off,-0.013466638236130105,0.014143891705476608,3178
75,201937_def,-0.02633803705128036,0.014153412926186704,3164
76,201939_off,0.034053011631661134,0.010952259690436256,16494
77,201939_def,-0.00752337331624205,0.010957015468450964,16381
78,201942_off,0.01907966824414165,0.010854595516125566,17645
79,201942_def,-0.003210496018284331,0.010851607520051668,17648
80,201949_off,-0.011180715141269577,0.014485068508532293,2851
81,201949_def,-0.01119358915250911,0.014472992502315592,2869
82,201950_off,0.031772303821610046,0.01001887287879478,15123
83,201950_def,-0.017150552073007367,0.010022548601435699,15087
84,201954_off,-0.0015939223274281772,0.017212284842377478,84
85,201954_def,0.0010398951617161813,0.01721228737822869,84
86,201959_off,-0.007273791640005603,0.013880247521176791,3241
87,201959_def,-0.012793200082113793,0.01387212995863681,3250
88,201961_off,-0.008156371995664885,0.015558948344732926,1644
89,201961_def,0.0016800228528757886,0.015564835422014799,1636
90,201976_off,-0.01108583284288853,0.010360582639168999,10156
91,201976_def,-0.01026539786450359,0.01034444127735317,10208
92,201980_off,-0.011594328798944549,0.013972302631172424,3722
93,201980_def,-0.006072906313625984,0.013972307382726378,3720
94,201988_off,-0.00415027355925325,0.01219147619315281,7075
95,201988_def,-0.0009222521334107088,0.01219610232259441,7041
96,202066_off,-0.03208070207924693,0.014070428132482781,3177
97,202066_def,0.008255230406139461,0.014072959540925136,3176
98,202083_off,-0.008065138160152661,0.01250712611319237,5428
99,202083_def,-0.011732507607486658,0.012475373459166201,5500
100,202322_off,-0.01957995421705966,0.015160425835380032,1589
101,202322_def,-0.0008371080217575268,0.015158836194099561,1591
102,202324_off,-0.019439035810333946,0.015861554264661328,1318
103,202324_def,-0.008954042867160308,0.01585312260207191,1328
104,202326_off,0.013276315554790245,0.015645584728657652,1587
105,202326_def,0.0005002498782336838,0.01565983637072867,1569
106,202328_off,0.00048174950203646417,0.016792031134190366,412
107,202328_def,-1.380656627148385e-05,0.016790988807371454,413
108,202330_off,-0.007616076200506852,0.011255191526511905,9150
109,202330_def,-0.009498388048857727,0.01125937201675477,9149
110,202331_off,0.034518111083219116,0.011111789175259224,11334
111,202331_def,-0.021642291280582437,0.01112240749158976,11294
112,202334_off,-0.00851980623625134,0.016822411640423106,393
113,202334_def,-0.00437344083334886,0.016826068214693173,390
114,202339_off,-0.016940395903708483,0.014725511500669182,2779
115,202339_def,-0.015728968144679015,0.014719242044538679,2789
116,202340_off,-0.019674054571365517,0.01475556291352123,2876
117,202340_def,-0.0018034946133563862,0.014742684342074904,2900
118,202355_off,0.015000645139525901,0.015080396591319344,2449
119,202355_def,-0.008138523053993846,0.015064954209468118,2475
120,202357_off,-0.004895507592890724,0.01490480049617973,2606
121,202357_def,-0.010444712211092416,0.014908140447822732,2599
122,202362_off,0.0016687995225390273,0.015584254210489874,1659
123,202362_def,0.009376253516152547,0.015584863643056241,1657
124,202397_off,-0.026319450831803703,0.01280947435893757,4660
125,202397_def,0.008516499507101786,0.012805826191905801,4666
126,202681_off,0.043639297517057266,0.01040823870568602,11467
127,202681_def,-0.005013763404866406,0.010415602633887817,11441
128,202683_off,-2.5501950729466997e-05,0.01634467394102602,831
129,202683_def,-0.006946465165944556,0.01635611107910101,820
130,202684_off,0.0015043163629180102,0.013949662165892484,3040
131,202684_def,0.004873073081922508,0.013953473653592582,3036
132,202685_off,0.010151566148971832,0.011442887535544824,13058
133,202685_def,0.007492537701792704,0.011446323263713894,13008
134,202687_off,-0.0019502850108655738,0.012660424051419983,4753
135,202687_def,-0.0008568123783610569,0.012655352424094064,4760
136,202688_off,-0.0024100159761825833,0.017143409000168107,136
137,202688_def,-0.0010098329557750101,0.017147304192875627,133
138,202689_off,-0.00965490569233302,0.015172207843640375,2193
139,202689_def,0.004097222280300092,0.015170123642349811,2198
140,202691_off,0.0051134213615926455,0.010629476686141184,14177
141,202691_def,0.014073894632358922,0.01063024415200398,14118
142,202692_off,0.003320756792501486,0.01096498331510495,9386
143,202692_def,-0.004500686547099955,0.0109723788677347,9357
144,202693_off,-0.010260741558312123,0.01484532405898578,1831
145,202693_def,0.0013304351385995527,0.014849587976346067,1830
146,202694_off,-0.0037244638677847914,0.01136605156331603,8751
147,202694_def,0.010663689944205346,0.01137388134810655,8734
148,202695_off,0.026537366612489403,0.011615270136930957,8388
149,202695_def,-0.023019615453107063,0.011625788996416198,8358
150,202696_off,-0.0012072232027577404,0.0118409790956528,16243
151,202696_def,0.008664473212405108,0.01182485500056326,16211
152,202699_off,0.007052320162001153,0.010875693878783392,16344
153,202699_def,-0.004784866594371469,0.0108689982790842,16333
154,202704_off,-0.02350477596810364,0.010554280840760598,12003
155,202704_def,-0.0109643941288243,0.010560809791542095,11996
156,202709_off,-0.0025002045418381132,0.012358312061800582,6325
157,202709_def,-0.0032549303879100345,0.012356252055315575,6325
158,202710_off,0.027193135958981745,0.010307271788996198,15284
159,202710_def,-0.009514508876576554,0.010309216120347723,15243
160,202711_off,0.0078031140546984306,0.010731069308130245,11582
161,202711_def,0.023899760670532115,0.010733256138703972,11578
162,202722_off,-0.005687889782847347,0.012916892177719404,4369
163,202722_def,-0.0011336158553015086,0.012931585921203756,4350
164,202738_off,-0.0033211233937996474,0.016369978668101037,746
165,202738_def,-0.0008558168802311667,0.01636777786165222,747
166,202954_off,-0.004230070722773538,0.016540097251170966,641
167,202954_def,-0.00041160991592625195,0.01653730952162079,644
168,203076_off,0.0036464108887016788,0.010739157517037586,13982
169,203076_def,-0.030568788137502773,0.010735035761476315,13964
170,203078_off,0.004096243154293105,0.010849493054471726,9972
171,203078_def,0.002126597333073655,0.010853992063851358,9951
172,203081_off,0.044939640434591914,0.010652329245137185,11870
173,203081_def,-0.001442524855346671,0.010654651716654612,11840
174,203082_off,-0.007287857682182775,0.012508514857314157,5892
175,203082_def,0.01736249149633201,0.01251862485306667,5862
176,203083_off,0.006744598222084512,0.011772283492262925,7531
177,203083_def,-0.009829448638778956,0.011755535404769124,7576
178,203084_off,0.0010015480230182458,0.011110688577253674,16330
179,203084_def,0.011238582638328989,0.011108427736909295,16324
180,203085_off,-0.006738890723346833,0.012835628813505988,5404
181,203085_def,0.01087284311124318,0.012816385054683715,5448
182,203086_off,0.0016216238723219334,0.01690907436299267,243
183,203086_def,0.004724249874733831,0.01690883349372302,243
184,203087_off,1.9304373949555224e-05,0.015318851184342236,1888
185,203087_def,-0.006845739265739995,0.015319884218009935,1886
186,203090_off,-0.010989206216481346,0.015487841637930147,1753
187,203090_def,-0.005735726248956973,0.015461687631597021,1785
188,203095_off,-0.02735996999951788,0.012471912051574854,6836
189,203095_def,-0.011869531639338944,0.012467958279392122,6838
190,203107_off,-0.014978551409099943,0.015369725403902215,1823
191,203107_def,0.001056031827796441,0.015356556152454367,1838
192,203109_off,-0.0005071393019770508,0.011704579915142439,7855
193,203109_def,-0.005456249266999226,0.01169631479901975,7884
194,203110_off,0.006875165294044233,0.011104654716133052,13023
195,203110_def,-0.04026579287516664,0.011109839226731642,12987
196,203114_off,0.011577146592614093,0.011141677901150253,9878
197,203114_def,-0.0019102745055506137,0.01115248257742565,9814
198,203115_off,-0.028648653260742635,0.01265814911217827,7006
199,203115_def,-0.0007491904061579167,0.012664646666488713,6992
200,203145_off,-0.015515071482754949,0.01602508401853477,1132
201,203145_def,-0.005357669151871417,0.016007676286366568,1150
202,203200_off,-0.015237797236954292,0.011549830890209747,7427
203,203200_def,0.0020060096435808527,0.011541078179520334,7445
204,203210_off,-0.013144130037858155,0.013521660445464741,4123
205,203210_def,0.00424789940024527,0.013493601689262228,4172
206,203457_off,-0.012356690842852198,0.015499750351393294,1549
207,203457_def,-0.0018663012933893847,0.015498190607172469,1553
208,203458_off,-0.0026183900552135793,0.014276252823990082,2673
209,203458_def,-0.024173606467656077,0.014267569413166568,2683
210,203463_off,-0.022188097138662054,0.014843865546314684,2608
211,203463_def,0.006361962132961527,0.01484194024995676,2610
212,203468_off,0.012233914033655686,0.010694614808603859,14935
213,203468_def,0.010641570104973184,0.010689666138976454,14871
214,203469_off,-0.0002936133338874138,0.014507628566678105,2183
215,203469_def,1.0276464680290128e-05,0.014490427682407138,2200
216,203471_off,-0.0013342254571535785,0.009469546641967723,13573
217,203471_def,-0.007409325005781439,0.009471703763631472,13568
218,203473_off,-0.016749589245872314,0.014309390507143922,3271
219,203473_def,-0.008473667186903084,0.014290197242024492,3293
220,203476_off,-0.016818953971783266,0.01540366036994641,1515
221,203476_def,0.00412689715826905,0.015396618859383995,1522
222,203482_off,0.005520872922874073,0.01105556629222295,9288
223,203482_def,0.013374867681803616,0.011058850977158832,9250
224,203484_off,0.010263671766642165,0.010817504412486441,15868
225,203484_def,-0.007316705136060595,0.010817112275464863,15833
226,203486_off,0.0028623709853509483,0.011375035801505095,9580
227,203486_def,0.0009194662315850203,0.011371857531344072,9600
228,203487_off,-0.001492201319698653,0.017169740740070594,88
229,203487_def,0.0038848915915832803,0.01717323894282003,86
230,203488_off,0.0030956739242938656,0.012651627729542722,4536
231,203488_def,-0.009305649241583372,0.012679457794910311,4481
232,203490_off,-0.001166151622907036,0.013497219736354555,4280
233,203490_def,-0.016646243708992547,0.013531087278204852,4222
234,203493_off,-0.005520957852589985,0.011178677940453245,10625
235,203493_def,0.0002630142509110457,0.011176741611013584,10609
236,203496_off,-0.007142321110419622,0.012098121411290276,6628
237,203496_def,-0.022369728853629204,0.012101068869984494,6610
238,203497_off,-0.0012194210815129908,0.010735996881046848,14696
239,203497_def,-0.028691036997924257,0.01073437161406493,14672
240,203500_off,0.030433750511844063,0.01297833091918105,6710
241,203500_def,-0.009148768165459755,0.012991247048035656,6670
242,203501_off,0.0064341863113446885,0.010651528582627199,11172
243,203501_def,0.004986452252786278,0.01065029993615868,11189
244,203503_off,-0.010774391505221454,0.015490529608960536,1673
245,203503_def,0.00389401997480165,0.015491659708458684,1672
246,203504_off,-0.009454406883583854,0.01621246658995539,953
247,203504_def,-0.0039058235673736104,0.01620187998510067,963
248,203506_off,-0.008185904482199203,0.013764009104067276,3403
249,203506_def,0.00027459847281497286,0.013757839720297942,3411
250,203507_off,0.03444169697284546,0.010388573409565758,15381
251,203507_def,-0.020355179930189368,0.010385391727304075,15337
252,203516_off,0.0005681378736027611,0.017169771503734853,116
253,203516_def,0.00047706713706705916,0.0171723477344846,114
254,203521_off,-0.009863901305338181,0.016598332613776533,440
255,203521_def,-0.00043544392127799496,0.016575641254923293,455
256,203524_off,-4.9239040193638335e-05,0.016960939539343682,279
257,203524_def,-0.007186979066521594,0.01696700358300253,274
258,203526_off,-0.0011422549706219434,0.013811703786208274,3748
259,203526_def,-0.0023220654370297777,0.013800562519274244,3765
260,203552_off,-0.0088621181630338,0.011282348984280497,8387
261,203552_def,-0.00535319345893836,0.011295075159280377,8346
262,203585_off,9.752471766331148e-05,0.014490731160840969,2652
263,203585_def,-0.007735381367577436,0.014487443471296811,2656
264,203648_off,-0.020380628431722503,0.015188850429735168,1764
265,203648_def,0.014027607000542022,0.015181572060319753,1772
266,203658_off,-0.003823026611786762,0.017274628371971266,37
267,203658_def,0.0003900372023865925,0.01727463541744669,37
268,203816_off,-0.0010454104493214467,0.017277528114620494,35
269,203816_def,-0.00064735760567846,0.01727889015651391,34
270,203897_off,0.0008799674107194435,0.011271571380751232,12535
271,203897_def,-0.006911296308377656,0.011267566640722078,12529
272,203901_off,-0.012778211165634644,0.01600029200435039,1162
273,203901_def,-0.004544515776651584,0.016007259754150453,1154
274,203903_off,0.011119280646418128,0.010739354946737082,12150
275,203903_def,0.005483559904880579,0.010740173829454453,12132
276,203914_off,0.0028631147376482957,0.01160359900343758,8691
277,203914_def,0.005877421407747712,0.011608067717101314,8676
278,203915_off,0.012881433349303873,0.009695086613822013,15008
279,203915_def,0.0015987042361451573,0.009687364667890691,15049
280,203917_off,-0.0010291450766420295,0.01716013510603149,123
281,203917_def,-0.004367248791911823,0.0171549186642818,127
282,203918_off,-0.0028524411207842735,0.015718251050544273,1434
283,203918_def,-0.0029629910006928584,0.015709178170149555,1444
284,203920_off,-0.0016427577947413074,0.014849987965636892,2418
285,203920_def,0.00046354507510135433,0.014843731204538762,2424
286,203924_off,-0.008536205772882626,0.010817480592812859,11240
287,203924_def,0.0013984713528683837,0.010812043747685471,11237
288,203925_off,-0.012225837016790688,0.013055279661305652,4462
289,203925_def,0.006745599137703073,0.013072084003226455,4434
290,203926_off,0.0024744093395053673,0.011546847555173365,7316
291,203926_def,0.03261569737013029,0.01157664568052811,7238
292,203932_off,0.0225851090035013,0.011623392098107557,15481
293,203932_def,-0.02160604893827415,0.011621154536588189,15425
294,203933_off,0.0028345378612807943,0.014725999807936613,1867
295,203933_def,-0.01586624187816749,0.014724813615220855,1868
296,203935_off,0.00115934680216837,0.011084983155415961,12714
297,203935_def,-0.016331966921352588,0.01107888997617085,12750
298,203937_off,-0.00842942028449593,0.010389079288667682,11576
299,203937_def,-0.013762954866026779,0.010386517597675761,11587
300,203939_off,0.012285561903655947,0.01175235326129516,8569
301,203939_def,-0.00195382651442437,0.011740759684354738,8607
302,203943_off,7.751621696712861e-05,0.016734365045604417,347
303,203943_def,0.005544554253690353,0.016728289248143853,351
304,203944_off,0.018802806978517484,0.011381498284966268,14489
305,203944_def,0.00413882409444572,0.011391030950101386,14424
306,203952_off,-0.004968294009575873,0.011014735397282588,13798
307,203952_def,-0.010377165164960803,0.011010457867521282,13802
308,203953_off,-0.002619411615441108,0.017027867703393828,225
309,203953_def,-0.0011405734868603996,0.01702790767839179,225
310,203954_off,0.02720403473187855,0.0114983036689778,13331
311,203954_def,-0.03355864028587452,0.011490391981455619,13306
312,203957_off,0.0218816325223593,0.014060964624971525,2289
313,203957_def,-0.010461384277692361,0.014067999136776081,2283
314,203967_off,0.0029254786462866735,0.012802710999898605,3950
315,203967_def,0.013331703270042355,0.012807555623009106,3941
316,203991_off,0.012985890015894997,0.01174407231696507,12326
317,203991_def,-0.008958412988023759,0.011747011555002441,12321
318,203992_off,0.03024503031599374,0.010621828894042444,12587
319,203992_def,-0.009652793429546898,0.010618121171312575,12571
320,203994_off,0.013040739471880875,0.01119911135396382,10346
321,203994_def,-0.017821526131533105,0.011201804290142168,10299
322,203995_off,0.00716007430636593,0.01413835109685076,2351
323,203995_def,0.004851499702592542,0.014128321319514496,2361
324,203999_off,0.054141290940300575,0.011625662397694969,17418
325,203999_def,-0.022871731506786536,0.011621109086124038,17290
326,204001_off,0.01142559595916047,0.010573899295116469,10831
327,204001_def,-0.010619724116172473,0.010585535273896864,10781
328,204020_off,0.00044109846144777367,0.01707333697532003,189
329,204020_def,0.0013104831018372874,0.017078405090362007,185
330,204025_off,-0.009192217952986038,0.016805687049883705,407
331,204025_def,-0.001172329661420106,0.01679988477230706,412
332,204038_off,-0.00604156615334208,0.017029329605754612,223
333,204038_def,-0.0046124649605990015,0.017029311255068243,223
334,204060_off,0.016583124788365874,0.011554410424965099,7052
335,204060_def,-0.007074576189691157,0.011563939222635695,7028
336,204456_off,0.011406769978122903,0.01188786619459247,7319
337,204456_def,-0.0032058199199285534,0.011887847890499518,7307
338,1626144_off,-0.0008713879407529891,0.017292411715061344,24
339,1626144_def,-0.00037015012277839804,0.017292408795411298,24
340,1626145_off,0.011253015180824983,0.010607966048985167,12208
341,1626145_def,0.012109792061762407,0.010613933684435842,12188
342,1626147_off,0.003485996197481106,0.01654537467222913,636
343,1626147_def,0.005578920259397286,0.01653876515325214,642
344,1626149_off,0.0031396809563807287,0.01321392851313073,4711
345,1626149_def,-0.016597755899900396,0.013201042963018047,4733
346,1626153_off,0.008096803822651152,0.011612840400292285,7379
347,1626153_def,-0.022862816967907238,0.011602517222958013,7409
348,1626155_off,-0.0001828534421851729,0.01732393580429448,1
349,1626155_def,0.0004251948306112225,0.0173225535751902,2
350,1626156_off,0.017738168392277744,0.009815175135072005,16118
351,1626156_def,0.0024589487582690295,0.009819607461963982,16035
352,1626157_off,0.017075963603921447,0.010910455644952192,12361
353,1626157_def,-0.009465063855549388,0.010919044376901901,12285
354,1626158_off,-0.017981385777298433,0.01324349343850505,4104
355,1626158_def,0.0027811186531664697,0.013239516152248956,4106
356,1626159_off,-0.004110639695693553,0.014052760244686574,3188
357,1626159_def,-0.016671135382930476,0.014044327285502398,3197
358,1626161_off,-0.003905326357976616,0.016836987433127535,380
359,1626161_def,-0.006711895619642534,0.01683924399318734,378
360,1626162_off,0.0003160201033566905,0.010243292978697959,11661
361,1626162_def,0.004719749524368693,0.010235099263746385,11719
362,1626163_off,-0.0032863926423990493,0.01610146568504705,873
363,1626163_def,-0.004952147825612546,0.016111714526335648,864
364,1626164_off,0.04500903421313028,0.010215573455472676,15399
365,1626164_def,-0.0012214861835902577,0.010221535644602544,15374
366,1626166_off,-0.004464165710061077,0.011231164652391327,7989
367,1626166_def,-0.008455547120482387,0.011234039509496974,7982
368,1626167_off,0.021058852285065797,0.011466669765280164,10684
369,1626167_def,-0.014523999793282106,0.011466245058265784,10680
370,1626168_off,0.013194122336933681,0.011418652483403853,8446
371,1626168_def,-0.0018764917288353045,0.011429435142347183,8406
372,1626169_off,0.01409366134210454,0.014161541596090354,3195
373,1626169_def,0.011759194988008028,0.014141397257778188,3224
374,1626171_off,0.008572446300712236,0.01045439180497859,12896
375,1626171_def,0.010273823831439903,0.010457631592261202,12848
376,1626172_off,0.021615102717954353,0.011122400669763046,11629
377,1626172_def,-0.011080351508516046,0.01111780995920996,11680
378,1626174_off,-0.005848068663692603,0.010963568973312639,9589
379,1626174_def,0.009031288067711273,0.010972040241922894,9549
380,1626179_off,0.0024142164013353836,0.010429212587277633,13909
381,1626179_def,0.0073101216587754085,0.010426481590544105,13876
382,1626181_off,-0.0019504313855907137,0.010579887470276871,10836
383,1626181_def,0.010403299108366165,0.010587232324286922,10788
384,1626192_off,-0.009035238100855714,0.010832005985597753,10831
385,1626192_def,0.012524146583701197,0.010829060218739375,10850
386,1626195_off,-0.0003568665820232935,0.01453222119866087,2714
387,1626195_def,0.0007983451225887778,0.014523064709059808,2730
388,1626196_off,-0.009668627810844273,0.010846331868327943,8692
389,1626196_def,0.0011830882281510641,0.010841085524573269,8701
390,1626204_off,0.0022234781980700782,0.011862012879855182,7706
391,1626204_def,-0.014951127864352357,0.011852900953918593,7743
392,1626208_off,-0.0039216678742974576,0.016057312621761834,1126
393,1626208_def,0.0013323914236114901,0.016055865306675302,1127
394,1626220_off,0.0024365171600426155,0.009917808088866114,14329
395,1626220_def,-0.0178823888047671,0.009917176627503223,14357
396,1626224_off,-0.007574251229915563,0.010958307534240102,8962
397,1626224_def,0.01285406419972617,0.010951994591277476,8976
398,1626246_off,-0.0010793909029953206,0.01615424975272035,770
399,1626246_def,-0.010190417922421906,0.01615649333172556,767
400,1627732_off,0.0010433532180894353,0.013821632745149064,3014
401,1627732_def,-0.0029926139769693573,0.013808524221427974,3032
402,1627734_off,0.012401067730402822,0.01123038998329903,16624
403,1627734_def,-0.006421992450210199,0.011230182611266822,16537
404,1627736_off,-0.0035065856681929736,0.009869465481710056,13988
405,1627736_def,0.00033209814230142267,0.009873495017201904,13965
406,1627737_off,-0.008815925969371686,0.0164057699332364,765
407,1627737_def,0.0003914052433662701,0.016404425014121735,766
408,1627739_off,0.017957637418104196,0.012725510194956765,4505
409,1627739_def,0.007711536596683232,0.012712987885658871,4526
410,1627741_off,0.007246602471194576,0.009888507846448277,14914
411,1627741_def,0.007653650172919282,0.009897206303401308,14851
412,1627742_off,0.008675334216756082,0.011106402044941208,11957
413,1627742_def,-0.0049894475718742755,0.011109127622961111,11932
414,1627745_off,-0.030024946067867746,0.013655249801436517,3584
415,1627745_def,0.0036378633913726906,0.013664550952371374,3577
416,1627747_off,0.0014315841692216645,0.010252547479262545,12465
417,1627747_def,-0.0018670160853722212,0.01025753570363421,12449
418,1627749_off,0.013596558730874297,0.010163996326951938,16858
419,1627749_def,0.004205055014189827,0.01016073243807902,16895
420,1627750_off,0.020586584004105766,0.011619960774774021,9733
421,1627750_def,0.004795915049060195,0.011627314104813033,9695
422,1627751_off,0.01023116195950041,0.010833387932664064,10792
423,1627751_def,-0.0018765157007980574,0.010826009519271406,10825
424,1627752_off,-0.0043840062645989775,0.010575887207111358,10062
425,1627752_def,0.019871802519838135,0.010571648815279718,10083
426,1627756_off,-0.004180948011357895,0.016754438710248527,451
427,1627756_def,-0.0011741707144797718,0.016759936923908897,446
428,1627759_off,0.0017642384132557404,0.010721448970108911,17461
429,1627759_def,-0.006887632143182292,0.010714503167631811,17427
430,1627760_off,0.0008837299073877312,0.017288404190185357,27
431,1627760_def,-0.00036935691314911637,0.01728840152026565,27
432,1627761_off,-0.0017936822112090917,0.01524487942360638,2087
433,1627761_def,-0.002393452697117292,0.015223252179324983,2117
434,1627763_off,0.0022651666329143697,0.01081608783375505,9100
435,1627763_def,-0.004792725292124586,0.010820489033680785,9081
436,1627767_off,-0.0026187717681625034,0.017234846236026932,67
437,1627767_def,0.0016089502083740039,0.017232182597483648,69
438,1627774_off,-0.0021661192981383033,0.01672763184334761,486
439,1627774_def,0.00110999455662104,0.016726039546048756,487
440,1627777_off,-0.005649689673338499,0.010544489822836862,10984
441,1627777_def,0.008043438516636357,0.010551572404921265,10958
442,1627780_off,0.01495749610105268,0.012407737573248059,5473
443,1627780_def,-0.014397435801270316,0.012378002866342787,5540
444,1627782_off,-0.0015454551327748047,0.017272001893025166,39
445,1627782_def,0.0008251091020355938,0.017270696900229532,40
446,1627783_off,0.023530166879406716,0.010180653321273842,16471
447,1627783_def,-6.331680916777554e-05,0.010180054396840582,16460
448,1627788_off,-0.00867986925971228,0.013347632073027275,4372
449,1627788_def,-0.01012445341501568,0.013348033121120395,4380
450,1627789_off,-0.007184195680410366,0.01566292543417447,1526
451,1627789_def,0.0031235198151225146,0.015669035492351963,1519
452,1627814_off,-0.008850792207887336,0.012412974703184799,6067
453,1627814_def,-0.008829320673682197,0.012421387440527377,6051
454,1627820_off,-0.0003815490803340335,0.01712399698464401,151
455,1627820_def,0.0033905617262821094,0.017118816515642465,155
456,1627822_off,-3.409446823442445e-05,0.017213505859053648,83
457,1627822_def,-0.0013452146642114551,0.017216103911641644,81
458,1627823_off,0.0029685452707250083,0.01466197014115914,2235
459,1627823_def,0.008848144579764228,0.014673367203896939,2220
460,1627826_off,-0.008629185422379348,0.011342293323683795,12113
461,1627826_def,-0.004777546064049374,0.01134716409812959,12108
462,1627827_off,0.00034011611258366316,0.010425890130763817,14416
463,1627827_def,-0.012041025825405829,0.010420017518922969,14470
464,1627832_off,0.020386299805327916,0.010137740332163742,15738
465,1627832_def,-0.02159003515349772,0.01014354916820065,15693
466,1627846_off,-0.0069939738998816515,0.0169175312643637,319
467,1627846_def,-0.005454241200715549,0.016917464407084082,319
468,1627853_off,-0.018638631158460595,0.016370168526080402,605
469,1627853_def,-0.012555581650053419,0.016365796895849997,607
470,1627854_off,-0.003198598430680256,0.014101880099161933,3365
471,1627854_def,-0.001000647027287382,0.014121002273216759,3336
472,1627863_off,-0.007902069495577015,0.01285921976380422,4461
473,1627863_def,-0.006854972904073533,0.012844248160650475,4483
474,1627884_off,-0.007022538242880521,0.01130166374022724,7595
475,1627884_def,-0.017024308018533173,0.011294440157403201,7617
476,1627885_off,-0.00022042848418170476,0.016727916647170455,369
477,1627885_def,-0.0008103594147806981,0.01672847166589965,369
478,1627936_off,-0.008903602584508926,0.011110873630737312,9994
479,1627936_def,-0.03676107051847065,0.0111044784393857,10009
480,1628021_off,-0.001418571021242144,0.015879090503082657,1283
481,1628021_def,0.0019052694970988658,0.015881482221641152,1280
482,1628035_off,-0.0014369367555257773,0.016801202946524457,408
483,1628035_def,0.005872062907436809,0.01679645622512096,412
484,1628221_off,0.003320425552142165,0.01705247399802718,168
485,1628221_def,7.36952673262493e-05,0.0170626573908772,161
486,1628238_off,-0.00046730955446487354,0.01730073092005243,18
487,1628238_def,-0.00045874191542714926,0.017302074266920504,17
488,1628365_off,-0.009157552347797665,0.012406768785588097,6291
489,1628365_def,-0.0008229559955128164,0.012403934175658327,6282
490,1628366_off,-0.006142311120626538,0.014931419104497006,2499
491,1628366_def,-0.01092655013980373,0.014935594854078593,2491
492,1628367_off,-0.012642347906157524,0.01551600870002921,1704
493,1628367_def,0.0010580589315396624,0.015516912198427062,1704
494,1628368_off,0.021148190982549733,0.010996034670064965,15685
495,1628368_def,-0.0004851680078280675,0.010981979002588254,15652
496,1628369_off,0.0338147916944569,0.01055883351836101,19867
497,1628369_def,-0.015196364549750044,0.010556689929208099,19860
498,1628370_off,0.003581336367715709,0.010394947972585906,12315
499,1628370_def,0.00769752904333233,0.01041064674782227,12209
500,1628371_off,0.0001129182156058042,0.014377555464712706,2118
501,1628371_def,-0.030636176751824378,0.014352670798128504,2142
502,1628372_off,-0.018417370013022922,0.011752684642411563,6287
503,1628372_def,-0.026447506060305583,0.011736306963243806,6321
504,1628373_off,-0.003415753107399604,0.014166361960494764,2945
505,1628373_def,-0.01759766852791791,0.01414603173221271,2971
506,1628374_off,0.027664105204665015,0.0105367742291681,12396
507,1628374_def,-0.0037060816250316588,0.010539976053254591,12346
508,1628378_off,0.027753840365127756,0.010418681800547308,14247
509,1628378_def,-0.013384291979457686,0.010423580048826441,14208
510,1628379_off,0.010161534142838524,0.011104684990690008,8792
511,1628379_def,-0.007769303078690027,0.011126106273679093,8722
512,1628380_off,-0.01306041182508832,0.011824363108203726,7341
513,1628380_def,-0.0024040309945203703,0.01182535329616963,7321
514,1628381_off,-0.005007983010620033,0.010536888923330913,12362
515,1628381_def,0.007701209747358449,0.010530710747717137,12367
516,1628382_off,-0.016080825485299086,0.01686512825219255,288
517,1628382_def,0.0011090898028672984,0.016853695408157135,295
518,1628384_off,0.00662575332094017,0.010686874389940346,12189
519,1628384_def,-0.029929497548116288,0.010694467609071017,12161
520,1628385_off,-0.0004746952943062355,0.01688606667475178,205
521,1628385_def,0.009640934436450066,0.01688625422066192,205
522,1628386_off,0.011968133581466561,0.010952470099219106,13381
523,1628386_def,-0.010627422567317657,0.01095316511840197,13394
524,1628389_off,-0.0062296458323115615,0.010771569696814079,16729
525,1628389_def,-0.026232797202913022,0.010772764639438255,16683
526,1628391_off,0.00025858177869249115,0.017104978853971668,148
527,1628391_def,0.0009480567589267959,0.017104941065507525,148
528,1628392_off,0.023666286326692484,0.011183107597559123,10068
529,1628392_def,-0.01225310491354415,0.0111867010006181,10050
530,1628395_off,0.0005379544150659792,0.01731978790550501,4
531,1628395_def,0.0003768431430404233,0.01731978821689977,4
532,1628396_off,0.004116227423752062,0.015935324444832494,1227
533,1628396_def,-0.010161722973850871,0.015934617326107806,1227
534,1628398_off,-0.008942663442180953,0.010695974697694215,13855
535,1628398_def,0.008255891014420546,0.01069264741709155,13878
536,1628400_off,-0.01444546457523546,0.016339692767986237,816
537,1628400_def,0.004904510447675625,0.01633220892637462,823
538,1628401_off,0.0208606343994452,0.009999986632866057,16464
539,1628401_def,-0.02940054615116181,0.009992128818121006,16508
540,1628402_off,-0.0162222523988364,0.014975593876669092,2421
541,1628402_def,-0.004799378975527482,0.014968130293126011,2433
542,1628404_off,0.015798169004740393,0.009818337477121773,14722
543,1628404_def,-0.014773181417487133,0.009814958506993522,14724
544,1628408_off,-0.016303125279368856,0.01623781887492353,857
545,1628408_def,-0.003408072693385344,0.016229697216278753,866
546,1628410_off,0.001852113167176353,0.015227163805922202,1546
547,1628410_def,-0.0031112263700136407,0.015219796140921522,1553
548,1628411_off,0.001221659566922673,0.017109726815281393,163
549,1628411_def,0.0005006694222984647,0.017111085240441054,162
550,1628415_off,0.003086888253730854,0.010557385588153624,12042
551,1628415_def,-0.02572919726768318,0.010550640176959523,12079
552,1628416_off,-0.000567539209761855,0.01729617988165402,16
553,1628416_def,-0.0008465586639973877,0.01729797087981508,15
554,1628418_off,-0.004008983303444726,0.013081473293129886,4016
555,1628418_def,0.006578376217599405,0.013083793154553403,4009
556,1628419_off,0.0017143865026059922,0.01720890827196432,87
557,1628419_def,0.001063882652960708,0.017207587442350573,88
558,1628420_off,0.02355467231280332,0.011674248313345036,9295
559,1628420_def,0.0013091508066057963,0.011670582522998298,9297
560,1628422_off,0.00044245984504352645,0.017273380443155406,38
561,1628422_def,-0.00012551492458627892,0.017273375374744025,38
562,1628424_off,-0.005720511623340854,0.016933790403043315,195
563,1628424_def,0.0017395175124974018,0.016938828427677844,192
564,1628425_off,-0.012702525198380459,0.01576271343713754,1392
565,1628425_def,-0.008776685362413742,0.01576138328545648,1393
566,1628426_off,0.002718444967963661,0.015421041717111929,1085
567,1628426_def,0.0018857186033096735,0.015415106287772875,1088
568,1628427_off,-0.008647497932882262,0.014660896670954415,2195
569,1628427_def,-0.0012509927196438864,0.014658292804242433,2198
570,1628432_off,-0.010254625054468352,0.015038405509687254,2032
571,1628432_def,0.0006279367482167624,0.015021919910698773,2054
572,1628435_off,-0.0007798894488733568,0.017252049182009115,41
573,1628435_def,0.004403157146593814,0.017250343616645052,42
574,1628436_off,0.009209375875618915,0.013295279863454563,3875
575,1628436_def,0.005479501490326682,0.0132938148835641,3883
576,1628449_off,0.005483165993678129,0.011609771957369208,8099
577,1628449_def,-0.016246690323808387,0.011613403216495888,8097
578,1628464_off,-0.007721628488269826,0.012781671532268517,4706
579,1628464_def,-0.008250867782353184,0.01278445149696608,4704
580,1628467_off,-0.012162441214640055,0.01192390771197358,7391
581,1628467_def,-0.016064083228831363,0.011929449617749624,7379
582,1628470_off,-0.010869378516814592,0.010670634006944756,9790
583,1628470_def,0.02727389250364815,0.010646348518939188,9867
584,1628476_off,-0.002314488649302799,0.017044897988199425,221
585,1628476_def,-0.0039371350822971695,0.01705173762686156,215
586,1628537_off,0.00019691481477391188,0.01727770650243799,35
587,1628537_def,-0.000551904667109178,0.017281718484325775,32
588,1628539_off,-0.004987897253367619,0.016705771909316602,493
589,1628539_def,0.0006567830553887924,0.01669772049928461,500
590,1628591_off,-0.0003868483939891933,0.01727883067271939,34
591,1628591_def,-0.001304823757320594,0.01727612310914423,36
592,1628778_off,-0.003890968897870312,0.016915018828365064,320
593,1628778_def,0.0028239702770415077,0.01691026654182866,324
594,1628960_off,0.0038643020749962362,0.01032230618030824,13996
595,1628960_def,-0.0011900458701338365,0.010324421547426481,13947
596,1628962_off,-0.015709099886665228,0.015366616615192303,1397
597,1628962_def,0.007975462636325148,0.015364821370506217,1396
598,1628963_off,-0.004436395931296696,0.011754019019938467,6481
599,1628963_def,0.0022660194098124745,0.011753604224513114,6485
600,1628964_off,-0.017338810643109652,0.012098298368607579,6773
601,1628964_def,-0.005085087831375469,0.012095673289553832,6790
602,1628966_off,-0.010038380769088808,0.011840148009724653,6297
603,1628966_def,-0.0007430980454034817,0.011840071368741219,6303
604,1628969_off,0.012486247593026247,0.01009136847707363,18881
605,1628969_def,-0.013142730653244901,0.010089340172024805,18884
606,1628970_off,0.007898054041098656,0.01131011600652233,11115
607,1628970_def,0.002183795960808442,0.01130911547939868,11113
608,1628971_off,0.00450001749585919,0.009554566931481408,13619
609,1628971_def,0.012358663542757315,0.00955059177105442,13644
610,1628972_off,-0.006326308763748507,0.011062440089697322,8061
611,1628972_def,0.006608310380436713,0.011057152418521414,8073
612,1628973_off,0.040233792895623434,0.010031548878046127,17255
613,1628973_def,-0.0004460651682819608,0.010039133217085036,17164
614,1628975_off,-0.012622104201960915,0.011111840026820806,8002
615,1628975_def,-0.023288180953585803,0.011095864529858564,8048
616,1628976_off,-0.00665451075389104,0.01201444063339505,10077
617,1628976_def,-0.017890514248887168,0.012009220042354416,10076
618,1628977_off,-0.012511730451563343,0.013218040178757185,4672
619,1628977_def,-0.02144644386257044,0.013213696948494728,4689
620,1628978_off,0.0008493159117266714,0.010251680863947924,11351
621,1628978_def,0.008828545325965031,0.01025728456317948,11324
622,1628981_off,-0.016167415341180585,0.014128940619255993,2541
623,1628981_def,0.003599368735762854,0.014123888351413844,2546
624,1628982_off,-0.006445965165325412,0.01703026057504265,243
625,1628982_def,0.005427907051277249,0.017029073470540296,244
626,1628983_off,0.031628070224779085,0.011037672883687026,14695
627,1628983_def,-0.015620518513133591,0.0110479460521143,14646
628,1628984_off,-0.006375580034175029,0.011718301256755376,7897
629,1628984_def,-0.002127653859765467,0.011719117524492745,7878
630,1628988_off,-0.004695396249728976,0.01166397081015823,6513
631,1628988_def,-0.021576522604856124,0.011663767969544738,6517
632,1628989_off,0.026160883564486724,0.010678553897161571,13092
633,1628989_def,-0.0006892156882966466,0.010689192355825789,13042
634,1628990_off,-0.0003496171628164817,0.017257229929282296,50
635,1628990_def,-0.0021589045616109926,0.01725857059942111,49
636,1628991_off,-0.0030437484450223026,0.010726801090833132,13694
637,1628991_def,-0.013956251401789892,0.010728198935519797,13650
638,1628993_off,-0.0015551941111721622,0.016794770516400007,388
639,1628993_def,0.0003793112977984776,0.01678098597789461,399
640,1628994_off,-0.00138179219634448,0.017272051626038763,39
641,1628994_def,0.0024319911897690604,0.01726802418929373,42
642,1628995_off,-0.010827083065866326,0.013178921927814361,3686
643,1628995_def,0.008611234533291767,0.013189679761108448,3668
644,1628997_off,0.003520140160244385,0.010457325651806293,12368
645,1628997_def,-0.010431283971711391,0.010452342340285711,12405
646,1628998_off,-0.0010491759298343537,0.012744689386745476,5649
647,1628998_def,-0.0023151738429773206,0.012728372913892578,5683
648,1629001_off,0.013865698838341966,0.010771414597572576,10743
649,1629001_def,-0.00766820447377249,0.010770432814816874,10752
650,1629002_off,-0.010589530697398788,0.012147184011957515,5841
651,1629002_def,-0.01209563281964808,0.012135220912736527,5864
652,1629003_off,-0.00914330587496573,0.011805626525347954,7135
653,1629003_def,-0.0008996419730278679,0.011805157366641105,7140
654,1629004_off,0.0030586976049729467,0.013712932407275136,3275
655,1629004_def,-0.011403007847522718,0.013719136444878993,3268
656,1629005_off,-0.0003920915025357874,0.01730881325200161,12
657,1629005_def,-0.0003417182334598926,0.017310178674271273,11
658,1629006_off,-0.012521795547481085,0.01179621951112976,6212
659,1629006_def,-0.016100766027312786,0.011776790158721894,6254
660,1629007_off,-0.003242357022975771,0.015898189784575845,756
661,1629007_def,0.0007713458294640521,0.015895319235648627,758
662,1629008_off,0.02309156176458382,0.01182695619193665,10826
663,1629008_def,-0.0018590825898736928,0.011836175986432138,10755
664,1629010_off,-0.0013287199823147258,0.016977449861438943,165
665,1629010_def,-0.0058294264289963545,0.016971746235178775,168
666,1629011_off,0.015121307066446425,0.012252206096419069,8917
667,1629011_def,-0.0030275996426249482,0.012253957468646673,8923
668,1629012_off,0.020121979150747718,0.011624691342374122,7326
669,1629012_def,0.02283050451585812,0.011615186272629089,7350
670,1629013_off,-0.009275661871032792,0.011783940839258667,6918
671,1629013_def,-0.010155442153547896,0.011777159857072799,6934
672,1629014_off,0.010540590909561323,0.010989894302868954,10896
673,1629014_def,0.018068394853108426,0.01097985928368695,10916
674,1629018_off,0.0029778430753254134,0.010566609130314117,13675
675,1629018_def,0.01903552415748669,0.01056526634127167,13657
676,1629020_off,0.0018000033606414432,0.010981725020995639,9876
677,1629020_def,0.0019794593483010966,0.0109602847168597,9941
678,1629021_off,0.004266945543351424,0.012207361419657928,7189
679,1629021_def,-0.0012700487198963888,0.012201016073145743,7196
680,1629022_off,-0.006020003267421857,0.01099895791755975,8441
681,1629022_def,0.00845082306612441,0.01098693212376698,8481
682,1629023_off,-0.001781758268822596,0.010238632455970504,13354
683,1629023_def,-0.004520892257585243,0.010230931079602617,13360
684,1629026_off,0.0009511968870075595,0.011812843648021695,6696
685,1629026_def,-0.027796534535097138,0.011800952582996956,6712
686,1629027_off,0.0170627148111845,0.010831328328028977,16151
687,1629027_def,0.013095692050839786,0.010831774873098872,16114
688,1629028_off,-0.0045819273006247946,0.010871313669498867,12607
689,1629028_def,-0.0037347003299603512,0.0108679306233061,12595
690,1629029_off,0.029311720259537148,0.010492357281125235,15871
691,1629029_def,-0.005579070434067955,0.01049231116454766,15859
692,1629033_off,-0.006309154306753448,0.015976223004470318,979
693,1629033_def,0.0049699755007949695,0.015974262677254686,981
694,1629035_off,-0.0003989171642535809,0.01711287495771346,163
695,1629035_def,0.001089209194369288,0.017110441927098277,165
696,1629048_off,0.006622254357959447,0.013102194238808545,4318
697,1629048_def,-0.006666310605058246,0.013102745626401572,4311
698,1629052_off,0.0048625663770683605,0.011896131465843307,6681
699,1629052_def,0.008391851061598971,0.011883477237895422,6709
700,1629056_off,0.00997437429812596,0.014042966787538051,3006
701,1629056_def,-0.0023859960645241872,0.014018161248168253,3038
702,1629057_off,-0.0010088389391322387,0.012299356135347193,7064
703,1629057_def,-0.02695671543607609,0.012302931759198143,7048
704,1629060_off,-0.00011430621355041624,0.010653136169374461,9743
705,1629060_def,-0.0015680480929783792,0.010653515257808185,9741
706,1629067_off,-0.004643620392169796,0.017130158278192385,146
707,1629067_def,-0.0014157882189641683,0.017121154887481328,153
708,1629076_off,-0.0038049483033703565,0.016809546647025123,408
709,1629076_def,0.0025526195044646353,0.016809695235982518,408
710,1629083_off,-0.0010008058450230622,0.01731018354450907,11
711,1629083_def,0.0007133396019196472,0.017308813879909568,12
712,1629103_off,-0.009644839246426604,0.01626953642666147,893
713,1629103_def,-0.0021791881685970646,0.016256909905490075,906
714,1629109_off,-0.0009926029234759524,0.016395858970946094,765
715,1629109_def,-0.000784947846887255,0.016388766158479413,771
716,1629111_off,0.014119939731573083,0.012477119564707635,5059
717,1629111_def,-0.019268993775579,0.0124811738802464,5049
718,1629117_off,0.001235978629164512,0.013942420878755142,3060
719,1629117_def,-0.002958411122998841,0.01392254661806898,3083
720,1629126_off,0.001510623252077281,0.0172997316697901,14
721,1629126_def,0.000664962127807591,0.017299730658147834,14
722,1629130_off,-0.0023910195119805685,0.010870929987803802,10409
723,1629130_def,0.004763182873205511,0.010871748383972092,10377
724,1629134_off,-0.0029738327553479314,0.014694383071315492,2005
725,1629134_def,0.0025400619961348306,0.014689549188457995,2011
726,1629139_off,-0.006677223750550693,0.013161042824918425,3802
727,1629139_def,0.005853181052072597,0.013165122371243742,3800
728,1629150_off,-0.003340408109074803,0.017270671852590364,40
729,1629150_def,0.00035191044825477996,0.017273364187059864,38
730,1629162_off,0.002863522682626679,0.012800794458024149,4927
731,1629162_def,-0.02639938164358716,0.012792995879448729,4946
732,1629164_off,-0.004934073069336185,0.016190295351002457,978
733,1629164_def,0.005206520690970351,0.016180097098302294,988
734,1629168_off,-0.00029826191081658044,0.01715606348140956,128
735,1629168_def,0.0011401961371048036,0.017158623117529383,126
736,1629185_off,-0.007831517227411041,0.016444501139789902,735
737,1629185_def,-0.000518883715017879,0.016452771253619925,727
738,1629203_off,-0.0010497073341043956,0.017284288360447677,30
739,1629203_def,0.0006095109378467234,0.01728428776850905,30
740,1629216_off,-0.00264712719814425,0.011445606644098043,9368
741,1629216_def,-0.017592526135826583,0.011437883505403881,9393
742,1629232_off,-0.001518572682349237,0.01728900750441238,16
743,1629232_def,-0.0012834264996519156,0.017286760796215224,17
744,1629234_off,-0.017597332113172152,0.011312559290059875,8159
745,1629234_def,0.011224785493577803,0.011304829283954631,8175
746,1629308_off,-0.01670591312150049,0.01364695052021031,3658
747,1629308_def,-0.005711812599283188,0.013624446921174753,3697
748,1629309_off,-0.0020378160455348173,0.017280506468401374,33
749,1629309_def,-0.0005225427850365819,0.017279150622675533,34
750,1629312_off,-0.016577022108701975,0.012023522961552085,5467
751,1629312_def,-0.0037611547754321426,0.011992004464507785,5533
752,1629597_off,-0.0014837313827979677,0.017311520471837618,10
753,1629597_def,0.0005523077013610497,0.017311517107017917,10
754,1629599_off,0.0006280686396655456,0.011532312069786653,7511
755,1629599_def,0.01632041811210378,0.011524430746081653,7543
756,1629600_off,0.001395925445282169,0.017291277073060756,25
757,1629600_def,-0.0002742047752419521,0.017291265027995197,25
758,1629602_off,0.0009090553759597593,0.017317048412929668,6
759,1629602_def,-6.8771985003529926e-06,0.017315678282859587,7
760,1629603_off,-0.011198961617306349,0.016246217889455558,751
761,1629603_def,-0.007721928525543883,0.016244274312334404,750
762,1629604_off,-0.01637445383341769,0.015043203759783366,2399
763,1629604_def,0.006555224873710771,0.01504512315179671,2395
764,1629605_off,-0.0015820183449790006,0.017164639649111805,120
765,1629605_def,-0.0006450399004936763,0.017178990571768082,109
766,1629607_off,0.0037335137496834593,0.01721569622729489,82
767,1629607_def,0.00257614350394728,0.017219585518299562,79
768,1629610_off,-0.006433900173336856,0.01708297117964451,119
769,1629610_def,-0.0015175229913002473,0.01707295021540361,124
770,1629611_off,0.004963877339263307,0.010542897750264775,12617
771,1629611_def,-0.0007833318992846374,0.010532982237805744,12674
772,1629614_off,-0.004923446082274458,0.011844744208503783,7844
773,1629614_def,0.0020811911383785803,0.011840963542660338,7863
774,1629617_off,-0.0037661446266178894,0.01684711553188362,382
775,1629617_def,0.0016184618936889927,0.01684026639092049,388
776,1629618_off,-0.004387556899683667,0.016810174637415947,246
777,1629618_def,-0.0024850261945335793,0.01681328117067443,244
778,1629619_off,-0.0011332110021716126,0.017182465076915857,106
779,1629619_def,0.002737984896075863,0.01717722054438907,110
780,1629620_off,-0.0128930716763673,0.016548682005969206,627
781,1629620_def,-0.00040134493174172917,0.016541964891584916,633
782,1629622_off,0.0014846115863457372,0.009788883610651031,14712
783,1629622_def,-0.005076318906413825,0.00979672193356985,14647
784,1629623_off,-0.0030713230349579007,0.016503228197322185,613
785,1629623_def,0.01025180223581198,0.01649294116708015,621
786,1629626_off,-0.010462300795441994,0.012821788533550222,4205
787,1629626_def,-0.003996915923813829,0.012811934421866475,4219
788,1629627_off,0.00966568617037294,0.011757733646904583,6598
789,1629627_def,-0.009259834948823433,0.011761978790407853,6583
790,1629628_off,-0.003044276465800941,0.010414803284122354,14341
791,1629628_def,0.018038935429804448,0.01040396838462249,14355
792,1629629_off,-0.027065677571817232,0.011732040183196431,6262
793,1629629_def,0.010537909986566651,0.01172939484382097,6268
794,1629630_off,0.016779269510009322,0.011805560351530398,9798
795,1629630_def,-0.01075462042791903,0.011809241434589871,9781
796,1629631_off,0.005472124399194384,0.011151577586229705,12206
797,1629631_def,0.005055899102944232,0.01115266970589684,12216
798,1629632_off,0.022538068912651615,0.010637583964900563,13108
799,1629632_def,0.01197617514420128,0.010636227932811175,13097
800,1629633_off,-0.008043526977138787,0.01599364191204366,1044
801,1629633_def,0.00015907034485589222,0.015998318726439437,1041
802,1629634_off,-0.00770932395465661,0.012821761989449955,5845
803,1629634_def,-0.019278303050344208,0.012806239420192682,5893
804,1629635_off,-8.657677810318511e-05,0.017276249044911755,36
805,1629635_def,-0.0037546551911887324,0.017277591434049597,35
806,1629636_off,0.025993255500778426,0.011051838347439447,14125
807,1629636_def,-0.011335566411403769,0.011054175492098242,13999
808,1629637_off,-0.015539358963046168,0.012036499539563796,6240
809,1629637_def,-0.0005500077876380525,0.012032354134670518,6247
810,1629638_off,-9.326372138652149e-05,0.010828542098171773,9178
811,1629638_def,-0.012762688215964095,0.010828056975050713,9186
812,1629639_off,0.015057951204271813,0.010592089234620933,12889
813,1629639_def,0.00045985140880272014,0.010592652262719379,12839
814,1629640_off,0.0022649924014774645,0.01066099079732672,13625
815,1629640_def,0.00843511296091292,0.010658468753104647,13630
816,1629641_off,-0.0176882759259779,0.013814978865005928,3310
817,1629641_def,-0.008110906462106719,0.013790291258914325,3347
818,1629642_off,-0.009575975260822591,0.012681284137380353,5080
819,1629642_def,0.00789216838760955,0.012662284290881967,5108
820,1629643_off,-0.04014430202994023,0.012789068745014719,5518
821,1629643_def,-0.002416902104207984,0.01278588456988457,5516
822,1629644_off,-0.004887506528870254,0.015955585771448195,987
823,1629644_def,-0.009857718801171724,0.01591106190159826,1021
824,1629645_off,-0.0007915789155764543,0.01241433764212015,8132
825,1629645_def,0.00047904453061304675,0.012414510276924758,8126
826,1629646_off,-0.007049288403165767,0.014810306301353382,1864
827,1629646_def,-0.0010924898045139592,0.014825092776586253,1851
828,1629647_off,-0.033059691573684026,0.012969149373972226,5497
829,1629647_def,0.004950997136776201,0.012946114023787984,5550
830,1629649_off,-0.007534535763093452,0.01608471288526972,1106
831,1629649_def,0.00569482675795777,0.0160731853085386,1117
832,1629650_off,-0.0029142690351756702,0.015008981799254077,1718
833,1629650_def,0.002526557948983964,0.015009459945407519,1719
834,1629651_off,-0.006178278898291462,0.01086574849198466,11236
835,1629651_def,-0.00256230134547205,0.010856842581318252,11325
836,1629652_off,0.0077703864625694565,0.011535406571637794,12990
837,1629652_def,-0.0038314903478613794,0.011533200061005144,13028
838,1629653_off,2.1547003054193663e-05,0.016923405175648738,272
839,1629653_def,-0.0002345897087927147,0.016921389887714685,274
840,1629655_off,0.0031897025126995447,0.010918622268235164,10070
841,1629655_def,0.0068696437811812195,0.010915490366607048,10099
842,1629656_off,-0.013604449312301207,0.011697793764045587,8257
843,1629656_def,-0.011601327026115592,0.011681439014286438,8310
844,1629657_off,-0.006892139795628113,0.01682989592538188,385
845,1629657_def,0.0011117795264377979,0.016828769548013937,386
846,1629658_off,-0.006042471870477295,0.016760587391825576,488
847,1629658_def,0.0044964421598738535,0.01676009439646868,489
848,1629659_off,-0.007918960553161767,0.011429256993470423,7943
849,1629659_def,-0.0035858563528204336,0.011424906220774309,7954
850,1629660_off,-0.010156140032316964,0.01388076307607176,3333
851,1629660_def,-0.003072510294445436,0.013886819772989301,3324
852,1629661_off,-0.000872342971874258,0.011131385233919324,10159
853,1629661_def,-0.007957779123710382,0.01113378235576437,10140
854,1629662_off,-0.0013698368278426808,0.01720384274488094,68
855,1629662_def,0.0009739374064758096,0.0171986050639596,71
856,1629663_off,-0.0013391596325621345,0.01692652389552867,287
857,1629663_def,0.002669893523862892,0.016924818723340614,288
858,1629667_off,-0.0041211584530817,0.011560741230834995,7150
859,1629667_def,-0.0055061460720463775,0.011543231061178947,7186
860,1629669_off,0.0005634899000326607,0.01260856945717622,5383
861,1629669_def,0.006731955090487273,0.012601691259256836,5392
862,1629670_off,-0.021538724874082555,0.011781636320824808,6526
863,1629670_def,0.02244851737218534,0.011777006670368921,6542
864,1629671_off,-0.0034585406858975527,0.01719988180747091,94
865,1629671_def,0.0016258341670204214,0.01720634336644703,89
866,1629672_off,-0.0052105983535195265,0.01568154029439811,1525
867,1629672_def,0.0021101294312906613,0.015684261278601126,1521
868,1629673_off,-0.009641129645835588,0.009579776429999224,16735
869,1629673_def,-0.0016906001823249613,0.00958278428029607,16703
870,1629674_off,0.013197189759293479,0.015713974175917786,980
871,1629674_def,0.0018597669004613692,0.01571419495699343,980
872,1629675_off,-0.017490451938950678,0.01110069802517358,9382
873,1629675_def,-0.013737126696974349,0.011097946385273656,9390
874,1629676_off,-0.01916891515793719,0.014279901448974128,2957
875,1629676_def,0.0003161356312624172,0.014272216952527266,2964
876,1629677_off,-0.004989769065943223,0.015399373167963058,1194
877,1629677_def,-0.009909101831689988,0.01538627673760166,1205
878,1629678_off,-0.016889955118525642,0.014869599491234274,2041
879,1629678_def,0.004794648385646184,0.01486743109760039,2043
880,1629680_off,-0.014903154309425569,0.010933282445798317,9046
881,1629680_def,-0.020165587918876578,0.010915186891254373,9119
882,1629681_off,-0.0047343050938988065,0.016205660799286172,935
883,1629681_def,-0.0025590629730601324,0.016204659719752528,936
884,1629682_off,-0.00030296531489233387,0.017186226433148696,105
885,1629682_def,0.0018762100071206855,0.01718244696179035,108
886,1629683_off,0.0020681038918648822,0.017127188414487605,149
887,1629683_def,0.0027190782725433015,0.017127059287303032,149
888,1629684_off,-0.005188062638708586,0.009695743799017414,13973
889,1629684_def,0.005764132850791565,0.009684670327955818,14043
890,1629685_off,-0.012948284091887965,0.015829148686714426,1141
891,1629685_def,-0.001182836522169618,0.015835942937327936,1139
892,1629686_off,-0.0035918476856034044,0.017246969284891556,58
893,1629686_def,0.0005943314070465958,0.01724299731513187,61
894,1629712_off,-0.009652741528594274,0.016987492622736425,265
895,1629712_def,-0.0010914071298750085,0.016985637382399544,267
896,1629714_off,-7.41400520103743e-05,0.01718202494348572,80
897,1629714_def,-0.0029905036662997595,0.017183747010872216,79
898,1629716_off,-0.0010015870596665846,0.016818658161051388,242
899,1629716_def,0.0007604513905412731,0.016808666478804427,247
900,1629717_off,0.005048605924536932,0.015127496911341503,1961
901,1629717_def,-5.865423363652654e-05,0.015133420144656266,1955
902,1629718_off,-0.00838220564610139,0.01670405202635601,437
903,1629718_def,-0.0041785012335752636,0.01669676827582719,443
904,1629719_off,-0.0022422572681942473,0.01698794832998943,260
905,1629719_def,-0.001120430845599183,0.01699648963447284,253
906,1629723_off,-0.0039294375062586965,0.011312206330123002,8370
907,1629723_def,-0.013009649037685174,0.01130766047512589,8392
908,1629726_off,-0.0035572407989097428,0.011738604541023129,7060
909,1629726_def,0.0067999168584033385,0.011734267462800294,7070
910,1629730_off,-0.000590007991922504,0.0170669103674169,197
911,1629730_def,-2.8495934115440093e-05,0.01707189909434605,193
912,1629731_off,-0.011537811237411917,0.012075055288195037,5964
913,1629731_def,-0.03859058223858804,0.012059308063507412,6015
914,1629735_off,-0.00181720965106938,0.017064666213455433,194
915,1629735_def,0.0021224063179883677,0.0170629647274919,195
916,1629744_off,-0.0008972225803722855,0.016231922807228603,941
917,1629744_def,-0.004394593387006694,0.016236516431478908,937
918,1629750_off,0.01472998753006369,0.013124843035660173,4802
919,1629750_def,-0.010557004235999217,0.013114263828951749,4824
920,1629751_off,-0.0021503534022566397,0.017278933344183296,34
921,1629751_def,-0.0004116659444740087,0.017278917853906613,34
922,1629752_off,-0.00138331624392937,0.017209292747643334,87
923,1629752_def,0.0015138428189142338,0.017206814951707002,89
924,1629755_off,0.00014274955444288726,0.016902246517672796,331
925,1629755_def,-0.0018566441479068215,0.016901998368828365,331
926,1629760_off,-0.00042314484122745296,0.01731980060738645,4
927,1629760_def,9.608208752268966e-05,0.017319800616722635,4
928,1629783_off,-0.00035742697625028,0.01729512019957427,22
929,1629783_def,0.00044445627151467844,0.01729512738358034,22
930,1629788_off,-0.00042314484122745296,0.017319800607386457,4
931,1629788_def,9.608208752268966e-05,0.017319800616722638,4
932,1629833_off,-0.007728474678844924,0.01648324919681427,710
933,1629833_def,0.010774644667499323,0.01647211136624232,721
934,1629873_off,-0.0016359385521185587,0.01730339451813889,16
935,1629873_def,-1.0488604329348417e-05,0.017304753013456256,15
936,1629875_off,-0.010438503142308727,0.016430588058629115,580
937,1629875_def,-0.0024966007536832494,0.016440149853695223,574
938,1629958_off,0.0002761736131041563,0.017322553479270926,2
939,1629958_def,-6.600229572584087e-05,0.017322553477967333,2
940,1629962_off,0.0007280909214879106,0.0169523209501494,294
941,1629962_def,-0.0013381815565603923,0.01694635282655036,299
942,1630162_off,0.020701180511900157,0.010707710644478681,17832
943,1630162_def,-0.016970023548768476,0.010709934588978898,17777
944,1630163_off,0.01962639735724128,0.011785500112204791,9378
945,1630163_def,0.011663847597308702,0.011779948107024745,9370
946,1630164_off,-0.014919549756833708,0.012991293613769987,4052
947,1630164_def,0.029764695201674764,0.012978130104346813,4077
948,1630165_off,-0.026742853761003004,0.011266573616004782,9821
949,1630165_def,0.004772549224024941,0.011266154880713553,9825
950,1630166_off,0.005434096220090809,0.010362326203733868,12983
951,1630166_def,-0.010522429725161578,0.01036038484587493,13006
952,1630167_off,0.02568096296500837,0.011029025786563356,8719
953,1630167_def,-0.00025930205637859254,0.011029413361475426,8724
954,1630168_off,0.01256412117109556,0.01187652042463144,9397
955,1630168_def,0.004871832622663401,0.011876194665427931,9409
956,1630169_off,0.030430348828438872,0.010626811776677311,14240
957,1630169_def,0.011095000344486761,0.010623711952062798,14215
958,1630170_off,-0.010971617901002121,0.010988274492703693,11265
959,1630170_def,-0.0025330972256520055,0.010986143367022472,11286
960,1630171_off,0.00038118781421129166,0.010877180052427125,11235
961,1630171_def,-0.004641036254596115,0.010861912568086933,11334
962,1630172_off,0.0006826376206352347,0.011590139007885754,8287
963,1630172_def,0.004375128625801117,0.011581999571937127,8318
964,1630173_off,-0.011394098869396668,0.011116083898930068,9189
965,1630173_def,-0.0016630111466962565,0.011109920311784387,9202
966,1630174_off,0.00846247302895731,0.011286668954468629,9289
967,1630174_def,0.005381483081269173,0.011277932152481723,9304
968,1630175_off,0.0018697343940981348,0.011131009898155644,10999
969,1630175_def,-0.0012971559582558594,0.01112767240346486,11006
970,1630176_off,-0.006704075279219816,0.017101521741318706,148
971,1630176_def,0.0019892349099156314,0.017101862740879655,148
972,1630177_off,-0.014215480165525226,0.013363565550953999,4113
973,1630177_def,0.014374863577078617,0.01336842466760406,4104
974,1630178_off,0.023013797116782583,0.010568686173753445,16473
975,1630178_def,0.0028274455993365093,0.010572412170710267,16410
976,1630179_off,0.00019373669352386167,0.017315704497542588,7
977,1630179_def,0.0007095858496175463,0.01731434469457846,8
978,1630180_off,0.011082167147336716,0.009950869101083353,14595
979,1630180_def,0.020417484780832083,0.009952189495386569,14590
980,1630181_off,-0.022240749623515688,0.013267385065452738,4563
981,1630181_def,0.011803775548710087,0.013274111911243182,4554
982,1630182_off,0.0054400300054531225,0.01119425872427872,8556
983,1630182_def,0.006552264002464471,0.011183933730530218,8593
984,1630183_off,-0.0019493383507965675,0.010783410880847739,13390
985,1630183_def,-0.003587420415343059,0.010785146701671206,13385
986,1630184_off,-0.022224563826638736,0.014955154178205655,1763
987,1630184_def,-0.004199436778914661,0.014953795302145119,1764
988,1630186_off,-0.0024244039701672064,0.016463963265660905,536
989,1630186_def,0.0025233872753668597,0.016471251597755678,530
990,1630187_off,-0.00113331878927016,0.017250127750976684,56
991,1630187_def,0.001654139439379189,0.017248950589629376,57
992,1630188_off,0.008096814886443678,0.011841841543373671,6760
993,1630188_def,0.004944676760627861,0.011840866724640454,6766
994,1630190_off,-0.011476718421764414,0.016263606278803435,906
995,1630190_def,0.011640731050730711,0.016261139350432018,909
996,1630191_off,-0.009819791219527575,0.01168909113226363,9519
997,1630191_def,-0.012913723226237654,0.011687960208986563,9536
998,1630192_off,-0.026333407500543356,0.013342795607841051,4044
999,1630192_def,-0.003427059537636751,0.013323968769620581,4071
1000,1630193_off,-0.0009203110735058426,0.010314012666547981,12604
1001,1630193_def,-0.034951564166045015,0.010317993727717203,12590
1002,1630194_off,0.009172664932190107,0.012247122917512432,5865
1003,1630194_def,-0.00044131617068994105,0.012232855851367389,5910
1004,1630195_off,-0.008264298593628868,0.01646539237281101,650
1005,1630195_def,-0.007364000746097932,0.01646376697188224,651
1006,1630196_off,0.0003295187323021537,0.017286700504887616,17
1007,1630196_def,-0.001241978062866354,0.017282219052673346,19
1008,1630197_off,-0.022877775171700865,0.012925506182693312,4786
1009,1630197_def,-0.00042056084437916424,0.01293029647113638,4769
1010,1630198_off,0.016506192624025803,0.011552166365478992,7328
1011,1630198_def,-0.006316467235853592,0.011580199994981237,7223
1012,1630199_off,-0.0030570939163606817,0.01692290095670132,314
1013,1630199_def,-0.0018970130437661202,0.016923972519265622,313
1014,1630200_off,0.016286864158250387,0.010926533854986023,10997
1015,1630200_def,-0.0061689562300891124,0.010924910333741386,10982
1016,1630201_off,-0.0127115803927061,0.012850047815268021,4322
1017,1630201_def,0.011318289903030226,0.01284798094381157,4329
1018,1630202_off,0.014530053271848817,0.011619724975138364,7652
1019,1630202_def,0.0017234879131457737,0.011621876548051375,7646
1020,1630204_off,-0.0007556893342740492,0.016164536753411122,614
1021,1630204_def,-0.004003234442222417,0.016175588518577744,607
1022,1630205_off,-0.009184958723534467,0.01241794259118579,5340
1023,1630205_def,-0.0049943330163614635,0.012397839862780096,5388
1024,1630206_off,-0.0012409649018675802,0.016877448418649126,328
1025,1630206_def,-0.002467836409910054,0.016874013722785394,331
1026,1630207_off,0.0005240178169861172,0.01696497375705986,171
1027,1630207_def,-0.000798628549876142,0.016959184476096574,174
1028,1630208_off,-0.014056844708886683,0.011832567142083066,6814
1029,1630208_def,0.00770802553428306,0.011829061528424206,6829
1030,1630209_off,-0.008260369506207113,0.014098286608039353,2799
1031,1630209_def,0.006533635864691112,0.014109470375704364,2787
1032,1630210_off,0.0025630605512884604,0.016875000681969066,354
1033,1630210_def,0.0022597487556189877,0.016878305314973866,351
1034,1630214_off,-0.01769854595790627,0.011958465739303642,6533
1035,1630214_def,-0.011166501910447489,0.011951803945761461,6557
1036,1630215_off,-0.0018747995041143897,0.01457169310401047,2094
1037,1630215_def,-0.00036153746663849455,0.014580850522014051,2083
1038,1630216_off,-0.00040746936005713974,0.0172209208728558,77
1039,1630216_def,0.00013552898799977696,0.017219613240728685,78
1040,1630217_off,0.015336267269813348,0.01100741098441272,12909
1041,1630217_def,-0.015539432325629916,0.011016797511467785,12828
1042,1630218_off,0.0001318008834388182,0.01720804346376842,88
1043,1630218_def,-0.0020329547508118047,0.017214473534974278,83
1044,1630219_off,-0.009633224114557533,0.014851284831781476,1748
1045,1630219_def,0.016131655872424527,0.014851992552259328,1747
1046,1630222_off,-0.0031357430578829878,0.01707452947401032,153
1047,1630222_def,-0.0034634351919532722,0.017069894190005732,154
1048,1630224_off,0.0005979849169975777,0.011168094365815995,15183
1049,1630224_def,0.018458379933642705,0.011166629014392662,15171
1050,1630225_off,-0.0089535791795911,0.016907353180122986,281
1051,1630225_def,-0.0027019575537551668,0.01691547322780422,275
1052,1630227_off,-0.007598261666564362,0.014510712116899492,2527
1053,1630227_def,-0.002193266587058196,0.01450278589459283,2539
1054,1630228_off,-0.00445727013472382,0.010828955393540469,9808
1055,1630228_def,0.004126735318448618,0.010820590735990255,9838
1056,1630230_off,0.0036062207108506113,0.011623837392505464,7936
1057,1630230_def,-0.015266097869734754,0.011603203110760673,8000
1058,1630231_off,-0.0005153345392925622,0.01122496506280494,9698
1059,1630231_def,0.010363582780683925,0.011223117494712135,9706
1060,1630233_off,-0.0059824888578998625,0.015756410925760557,1201
1061,1630233_def,-0.0019939576510685864,0.015760688414470835,1197
1062,1630235_off,-0.012275127990636292,0.01405852444086163,2865
1063,1630235_def,0.00441151461225613,0.01404063823529317,2882
1064,1630237_off,0.0017932375945982424,0.014312045210448645,2553
1065,1630237_def,-0.004225525680265614,0.014315207739754825,2547
1066,1630238_off,-0.003726077866286571,0.017115866541829804,157
1067,1630238_def,-0.0012080899254216272,0.017118463652969197,155
1068,1630240_off,-0.018931788785758602,0.014505482989741162,2394
1069,1630240_def,-0.008720689834578898,0.014496951166545041,2400
1070,1630241_off,-0.00463920344684405,0.014077420794958764,2383
1071,1630241_def,-0.003008812812165557,0.014115383114734257,2340
1072,1630243_off,0.0014928179889038093,0.01626310436440904,619
1073,1630243_def,-0.006681289415530223,0.016263819261038686,618
1074,1630245_off,-0.020384217022120225,0.010687391702515514,13351
1075,1630245_def,-0.002095306914407053,0.010683241713010256,13378
1076,1630249_off,0.005337062177066352,0.01413090341258873,2806
1077,1630249_def,0.01541255801692803,0.014139730991655467,2797
1078,1630250_off,0.0006520270670246725,0.017159801097977573,110
1079,1630250_def,-0.0041729029278048755,0.017150754353757583,116
1080,1630256_off,-0.01741824187254305,0.011742910051290802,7791
1081,1630256_def,-0.022234944083272687,0.011730438122639443,7829
1082,1630257_off,-0.0006464403860172164,0.017303406678866342,16
1083,1630257_def,-0.00027773364051547844,0.017302042158118237,17
1084,1630259_off,0.003026584928817644,0.01723377550195843,41
1085,1630259_def,-0.0008208960592141106,0.017231579221098827,42
1086,1630264_off,0.015059971714283457,0.013699612763588411,3200
1087,1630264_def,-0.004221830357027087,0.013697943433633725,3198
1088,1630267_off,-0.021453369764725276,0.01490204379022092,2527
1089,1630267_def,-0.00493724881019737,0.014890817338660618,2543
1090,1630270_off,-0.0060182623736009175,0.017052387308936635,175
1091,1630270_def,-0.00014040930394553495,0.01704953279250954,176
1092,1630271_off,-0.0018299217651863765,0.01715078496140717,130
1093,1630271_def,5.338831866392845e-05,0.017158651124646082,124
1094,1630273_off,-0.003222446923761199,0.017016397860300368,236
1095,1630273_def,-0.0008777091679406142,0.017016445583777705,236
1096,1630278_off,-0.00020364660731823927,0.017322555213108694,2
1097,1630278_def,-0.0003519515995988634,0.017322555222479996,2
1098,1630284_off,0.0036537900319323197,0.015875378767220845,954
1099,1630284_def,-0.002840730971523149,0.015870926868433083,957
1100,1630285_off,-0.014187144269943351,0.01630411455965714,686
1101,1630285_def,0.0022363929289991053,0.016304221296453526,687
1102,1630286_off,-0.00019694960557036642,0.017292777141679705,24
1103,1630286_def,-0.000837546102803966,0.01729276710001699,24
1104,1630288_off,-0.0031465341367368374,0.015751786775441683,1015
1105,1630288_def,0.0018528638280925853,0.01574868927600488,1018
1106,1630296_off,-0.003399501051720943,0.01651942190012798,567
1107,1630296_def,-0.005809430863378557,0.016522093036681472,566
1108,1630306_off,-0.001862568442666681,0.017297800048407048,20
1109,1630306_def,-0.000701085971483327,0.017297808860521912,20
1110,1630311_off,-0.002826142883343655,0.01720943418611389,53
1111,1630311_def,0.0002640378675388033,0.017207200562713933,54
1112,1630314_off,-0.020419887373398036,0.01557351215404502,1565
1113,1630314_def,0.011701432529204449,0.01558011599044478,1552
1114,1630322_off,-0.004795500105850944,0.014139811692249869,2728
1115,1630322_def,-0.002325564373905557,0.014175681913004872,2688
1116,1630346_off,-0.004503839688426251,0.014975447961389403,1506
1117,1630346_def,-0.00887336874667109,0.014969797561834603,1510
1118,1630466_off,-0.0013445397172312874,0.017172094404438662,114
1119,1630466_def,0.0010493308855128536,0.017172017962594963,114
1120,1630492_off,-0.0028147859707786005,0.01727394314711034,38
1121,1630492_def,-0.001258657830437779,0.017277943069168397,35
1122,1630525_off,-0.00043223314689637676,0.01731842324566648,5
1123,1630525_def,6.220495547156067e-05,0.017319796467629777,4
1124,1630526_off,-0.017441742049942862,0.013045982841085296,4605
1125,1630526_def,0.0006433938323124931,0.013023827401015164,4641
1126,1630527_off,-0.024993738964498323,0.014272921826832591,2777
1127,1630527_def,-0.0002957387606861948,0.014263598336663684,2792
1128,1630528_off,-0.015619162870680317,0.013507877898150321,4402
1129,1630528_def,0.021868452140029422,0.013510304980747,4398
1130,1630529_off,0.013002804385796147,0.011235077464820489,14152
1131,1630529_def,-0.023287847746405625,0.01122694732525648,14175
1132,1630530_off,0.004032064329201703,0.01103405416906852,10774
1133,1630530_def,-0.001046656684351198,0.011032723632080639,10732
1134,1630531_off,0.00156756428399063,0.015211805409822478,1273
1135,1630531_def,0.004349705970690414,0.015201539668099662,1279
1136,1630532_off,0.007485766112860345,0.01093174028383622,15161
1137,1630532_def,-0.031179047342157304,0.010931791348883339,15173
1138,1630533_off,-0.023696184186201386,0.011987188308234906,6530
1139,1630533_def,0.003840368158583825,0.011976714760705828,6560
1140,1630534_off,0.0034835328408813863,0.011993502377658446,5934
1141,1630534_def,0.0013557683922324991,0.011976328427379456,5961
1142,1630535_off,-0.019102956671107906,0.015539508084926457,1611
1143,1630535_def,-0.0024412812810686263,0.015530373920576936,1619
1144,1630536_off,-0.00520946052135937,0.01722262029058254,76
1145,1630536_def,6.164982244699154e-05,0.017214697626468708,82
1146,1630537_off,-0.016620177918288237,0.012004113099899363,6422
1147,1630537_def,-0.004277542919431611,0.011988822542669851,6441
1148,1630538_off,0.003064322648297799,0.012107173157880128,6307
1149,1630538_def,0.01128716517501004,0.012114520703491097,6304
1150,1630539_off,-0.002768213399556014,0.015595991267088076,1269
1151,1630539_def,-0.008137322577069884,0.015598779779552128,1267
1152,1630540_off,-0.007014567750400919,0.012561911666151535,4892
1153,1630540_def,-0.015207059234743456,0.012531926083006097,4962
1154,1630541_off,-0.007953405544394854,0.011979811602022068,5896
1155,1630541_def,-0.0013099899576959476,0.011984559197920215,5890
1156,1630543_off,0.0009247055493503885,0.01282067543781824,5006
1157,1630543_def,0.0006186942883411585,0.012826546547706688,4990
1158,1630544_off,-0.014076895139685693,0.011739432828935956,7233
1159,1630544_def,-0.0026519485120220297,0.011750768190327861,7207
1160,1630547_off,-0.007789638693017603,0.014986281753393487,1874
1161,1630547_def,-4.0316543062336967e-05,0.01497148003142902,1893
1162,1630548_off,-0.003121086414280976,0.015378897121611291,1221
1163,1630548_def,0.005451604979710242,0.01537444688594348,1225
1164,1630549_off,0.008600900437354958,0.013208331159987293,3833
1165,1630549_def,-0.0013964367906329894,0.013209256231628747,3832
1166,1630550_off,-0.010309571185573177,0.012977133460142492,4141
1167,1630550_def,-0.013627000402096504,0.012963370517257813,4164
1168,1630551_off,-0.00012621170162524525,0.01564587546541162,1153
1169,1630551_def,0.006035840465769385,0.01564857107714515,1151
1170,1630552_off,-0.015363662509870653,0.011889816949778111,6573
1171,1630552_def,-0.009045058035513627,0.01188235981624152,6600
1172,1630553_off,-0.013093579225615293,0.01470464343165248,2393
1173,1630553_def,0.019438236621144925,0.014681583570102233,2418
1174,1630554_off,0.004891205201410818,0.016601472292674196,408
1175,1630554_def,-0.0011432217829881104,0.016607957958749604,404
1176,1630555_off,-0.0009528231976792985,0.017274864837452147,37
1177,1630555_def,-0.0012493557077030365,0.017276210064192454,36
1178,1630556_off,-0.002005530849554871,0.013767313535782142,3402
1179,1630556_def,0.004159645170997655,0.013728384180527192,3450
1180,1630557_off,0.004229235229359363,0.010402457780966752,12326
1181,1630557_def,0.026330216008513214,0.010406988433555774,12286
1182,1630558_off,-0.019164611776480992,0.01115547694765224,9781
1183,1630558_def,-0.011789789349038156,0.011130514666004416,9853
1184,1630559_off,0.012721582216118896,0.010569118883305605,13634
1185,1630559_def,-0.005413530213756661,0.010567770499847626,13623
1186,1630560_off,-0.0064131828976107695,0.01108187131993906,8627
1187,1630560_def,0.021422329725577276,0.011091378718845243,8593
1188,1630561_off,-0.0034881464014564116,0.015670082164881513,1274
1189,1630561_def,-0.00018295078879593818,0.015662214158647502,1281
1190,1630562_off,-0.005336669974212014,0.01683722629626433,231
1191,1630562_def,-0.005664441059250184,0.01684675222578127,226
1192,1630563_off,-0.005270179297579702,0.01498405017262043,2240
1193,1630563_def,-0.002299465338429057,0.01496987380418175,2260
1194,1630564_off,0.0046435621350233765,0.017034368757766857,152
1195,1630564_def,0.0031885753017126244,0.01703236269805338,153
1196,1630565_off,-0.001308834932136924,0.017282919921911423,31
1197,1630565_def,0.0013905287776697225,0.017276186779006407,36
1198,1630567_off,-0.0018081270414722302,0.010712186105863507,15213
1199,1630567_def,-0.002328696031911578,0.010710893742419514,15206
1200,1630568_off,0.003387275968777659,0.015252653117342932,1599
1201,1630568_def,0.00457434389954645,0.01526282707021825,1590
1202,1630570_off,-0.010619908740046381,0.012098275406118424,5934
1203,1630570_def,0.017216106904517744,0.012094430600442732,5945
1204,1630572_off,-0.009252393371639984,0.013765994713705647,3129
1205,1630572_def,-0.007144560385638687,0.013772658312099452,3123
1206,1630573_off,0.013321987409397957,0.011804872606723738,6769
1207,1630573_def,-0.016153702941372076,0.011815598269078355,6731
1208,1630575_off,-0.00021941945546831353,0.01730468832770241,15
1209,1630575_def,3.738297953128736e-05,0.01730605886063676,14
1210,1630577_off,0.0029771652730871973,0.013280574711020468,3725
1211,1630577_def,0.005757253115365941,0.013267435056157344,3747
1212,1630578_off,0.008589862519258753,0.011319468926871743,11752
1213,1630578_def,0.002357597504514942,0.011320915391778128,11690
1214,1630579_off,-0.013002795742275915,0.01338455710522662,3811
1215,1630579_def,-0.0010315073234721077,0.013374951961531312,3833
1216,1630580_off,-0.004809783788542398,0.016623454258762098,523
1217,1630580_def,-0.005223130813312024,0.01661947857124156,526
1218,1630581_off,-0.0040802766760975814,0.011158939075968294,12792
1219,1630581_def,0.009028768436589627,0.011155701300087821,12766
1220,1630582_off,-0.005072912959928633,0.01712807261149463,149
1221,1630582_def,-0.0011890226171851403,0.017126697582479318,150
1222,1630583_off,-0.009453480183139924,0.011297186763802123,7725
1223,1630583_def,0.008459338293261606,0.011293845277841939,7732
1224,1630585_off,0.00345828121822217,0.017009379547179453,243
1225,1630585_def,0.0003052116380266838,0.017004391083745622,247
1226,1630586_off,-0.011661360113250687,0.014604658300805928,2541
1227,1630586_def,0.00884157972665702,0.014585591557641503,2570
1228,1630587_off,-0.0006947769825264259,0.0131198507701651,4125
1229,1630587_def,0.013781062214415348,0.013115780842397234,4134
1230,1630589_off,-0.0003607842148395191,0.017285692945314426,29
1231,1630589_def,0.0008990187172067671,0.017284349551709554,30
1232,1630590_off,-0.008019649299402534,0.01540935118904451,1149
1233,1630590_def,-0.0006987906441536174,0.01541540842061796,1144
1234,1630591_off,-0.009079932260362978,0.011398254656415627,9487
1235,1630591_def,-0.011314806635763792,0.011397672649088874,9499
1236,1630592_off,0.007705989747484311,0.01515091349806731,1309
1237,1630592_def,0.0010163281259511169,0.015162566999494432,1299
1238,1630593_off,-0.008312123782297001,0.01621503102332782,720
1239,1630593_def,0.009505805745634723,0.01621574820972389,719
1240,1630595_off,-0.004287382723199779,0.011476288848911729,9381
1241,1630595_def,-0.0031265626103182914,0.011481450565059698,9358
1242,1630596_off,-0.01903337226575299,0.010997087125488357,13691
1243,1630596_def,-0.02134496885638068,0.010991400378836835,13702
1244,1630598_off,0.0011389958749161728,0.011386877080078541,7723
1245,1630598_def,0.0014921425952486675,0.011362985988493939,7795
1246,1630600_off,-0.003689439607477521,0.016764565608764128,304
1247,1630600_def,-0.0041135736607310165,0.01677178640302742,300
1248,1630602_off,-0.0025721541301050397,0.017045457638295586,213
1249,1630602_def,-0.0009142175350678271,0.01704543328375509,213
1250,1630604_off,-0.00010515397879943755,0.017219460432140375,47
1251,1630604_def,0.0008581931773696055,0.017221654095503896,46
1252,1630605_off,-0.0002310166808689118,0.017290954243013402,25
1253,1630605_def,0.0010786811205844612,0.017290959100866934,25
1254,1630606_off,-0.00546313925514228,0.01680086888130663,410
1255,1630606_def,-6.316138802669483e-05,0.016809195919117507,404
1256,1630608_off,0.0011768567957850737,0.017311590391438845,6
1257,1630608_def,0.00016080983180898328,0.017313860454377175,5
1258,1630610_off,-0.005552107223947456,0.01669581208758198,309
1259,1630610_def,-0.0019381624949387697,0.01668019472779984,317
1260,1630611_off,0.0011452432971294578,0.016535526151702364,397
1261,1630611_def,-9.27813954262394e-05,0.01653023891815816,400
1262,1630612_off,-0.005152132728745485,0.017162953400699895,121
1263,1630612_def,-0.002722693859132575,0.017168104173757193,117
1264,1630613_off,-0.004991214778543852,0.01442769871402971,2861
1265,1630613_def,0.0032602828541199885,0.01443829022036747,2845
1266,1630618_off,-0.00531062947033753,0.017149875992770153,79
1267,1630618_def,0.001144429951003526,0.017154216308179714,77
1268,1630620_off,0.00025126590245447945,0.01723203971867353,52
1269,1630620_def,-0.0006980836193532636,0.017235578167184285,50
1270,1630622_off,0.00012706804507743184,0.017313880513355973,5
1271,1630622_def,-0.00013502310809533597,0.01731388060122586,5
1272,1630624_off,-0.0009767821264680186,0.01730195313010012,17
1273,1630624_def,-0.0009416957891483193,0.017303325522683488,16
1274,1630625_off,-0.022966720762826662,0.012996108048853932,4097
1275,1630625_def,0.001501933024611869,0.013000405888066687,4095
1276,1630631_off,0.009178771628274117,0.011910769348705087,6908
1277,1630631_def,-0.028420150905344922,0.011902805497047041,6933
1278,1630637_off,0.0002927839506758985,0.017057438310682,165
1279,1630637_def,-0.002277127353431295,0.017049887811262085,170
1280,1630639_off,-0.006344245601373392,0.01580214112156739,899
1281,1630639_def,-0.006461513001865987,0.015791047820330296,906
1282,1630640_off,-0.0013017709783433313,0.017298051333532787,20
1283,1630640_def,-0.00047101697427591845,0.01729940100805839,19
1284,1630641_off,-0.01454789560490302,0.016404625406899284,459
1285,1630641_def,-1.5005241707616827e-05,0.016404033516539126,459
1286,1630643_off,-0.0036777515501260527,0.01670756270072433,362
1287,1630643_def,-0.00458754453446423,0.01671094704577342,360
1288,1630644_off,0.0009696920134483225,0.01710741776705349,136
1289,1630644_def,-0.002385320088417641,0.017108281570514163,135
1290,1630647_off,-0.008357955096646294,0.01430007323384178,2203
1291,1630647_def,0.005989317051221767,0.014297689741547565,2202
1292,1630648_off,4.484255136154447e-05,0.017222358611465635,72
1293,1630648_def,-0.0022266751510729606,0.017221014263977992,73
1294,1630649_off,-0.004855614291334858,0.01608657177469767,646
1295,1630649_def,-0.0015040943984619473,0.016077113293261676,652
1296,1630658_off,-0.006001110709421066,0.017071535879567536,117
1297,1630658_def,0.003915304665396417,0.017073619529006955,116
1298,1630678_off,0.0012433025179782802,0.014572323810582464,2413
1299,1630678_def,0.002660610741745419,0.014573530204424805,2409
1300,1630686_off,-0.008636595309016304,0.01681521327090018,432
1301,1630686_def,0.008168278213900622,0.016805361984676245,441
1302,1630688_off,-0.003829843387544457,0.01413583480492282,2862
1303,1630688_def,-0.0214866374303934,0.014137100887885357,2861
1304,1630691_off,-0.0003115961363895066,0.01685732595131929,369
1305,1630691_def,-0.0008094470678964866,0.016859600074299295,367
1306,1630692_off,-0.016248875957588005,0.01252051355473857,4409
1307,1630692_def,-0.01186405438712748,0.012528607149330379,4395
1308,1630693_off,-0.0005437254003873554,0.017319807596197636,4
1309,1630693_def,-0.0003776989595615709,0.017319807570603425,4
1310,1630695_off,-0.009021072808647761,0.01630907071838474,566
1311,1630695_def,-0.0014565589393821792,0.01631212340201889,565
1312,1630696_off,-0.014018136975451427,0.016275660818629297,579
1313,1630696_def,-0.0018079512617991836,0.01625357362868683,593
1314,1630698_off,-0.0036495929714776454,0.016898958444264346,331
1315,1630698_def,0.005017819283489334,0.0169013445905186,329
1316,1630699_off,-0.009587071623477862,0.01381333261519426,2742
1317,1630699_def,0.008257710689454915,0.013817526883323888,2737
1318,1630700_off,0.0002170220128077241,0.012328184846934964,4923
1319,1630700_def,-0.00469304891559252,0.012299194241096573,4976
1320,1630701_off,-0.0004834773048602569,0.01732163281837979,2
1321,1630701_def,0.00018693069085973165,0.017323474464020095,1
1322,1630702_off,-0.010157965524880295,0.013148969036044685,3525
1323,1630702_def,0.017250598153211567,0.013157123743726223,3512
1324,1630703_off,-0.011808619718434906,0.013324362750662512,3605
1325,1630703_def,0.024791847181217373,0.013320666548451552,3608
1326,1630758_off,-0.0019450539235008552,0.017143548575047143,137
1327,1630758_def,0.0022633976594816753,0.017137100864271143,142
1328,1630787_off,0.002331168074395251,0.017202939198121617,91
1329,1630787_def,5.7670260229133843e-05,0.01720423912789167,90
1330,1630792_off,-0.0010295257554360044,0.01673079040104886,461
1331,1630792_def,-4.919148827612202e-05,0.01672390388381211,466
1332,1630846_off,-0.005941955895246409,0.01570121842037029,1302
1333,1630846_def,-0.01005044231231715,0.015702063157232923,1304
1334,1630929_off,0.0021700324588950085,0.01718517033163553,64
1335,1630929_def,0.0006977339298542796,0.017185196716436126,64
1336,1630994_off,0.0019116657758074076,0.017197622352311755,96
1337,1630994_def,-0.0004809016552586322,0.0171989539876798,95
1338,1631093_off,-0.00395344908112058,0.011382104523221892,9337
1339,1631093_def,0.019231257632377194,0.011387128627069757,9321
1340,1631094_off,0.007400296007739518,0.011596308216113262,10695
1341,1631094_def,0.010137477181147271,0.01159157178183107,10686
1342,1631095_off,-0.006472203436138216,0.011400372882543329,9978
1343,1631095_def,0.013697577585125034,0.011396004050262722,9976
1344,1631096_off,0.025695905143649826,0.012808440681939063,5034
1345,1631096_def,-0.013321217375156407,0.01280694409943394,5041
1346,1631097_off,-0.006265395461807,0.011504437058176635,8021
1347,1631097_def,0.014676811942942472,0.011503292419497988,8012
1348,1631098_off,-0.02470328089880984,0.014303510535678781,2204
1349,1631098_def,0.0005760832900043914,0.014301717510485314,2205
1350,1631099_off,0.015450204230039075,0.011647905027718944,10782
1351,1631099_def,0.0039926580707583224,0.011644516001868714,10763
1352,1631100_off,-0.00023763596216903003,0.013634937823219036,3283
1353,1631100_def,0.000997257363144852,0.013628186772853894,3293
1354,1631101_off,-0.008403796439741375,0.012182482872741068,5812
1355,1631101_def,0.015891034900550306,0.012169932309181956,5838
1356,1631102_off,-0.011226136419075883,0.01579644305641269,1005
1357,1631102_def,-0.005082563951673062,0.015797779127059444,1005
1358,1631103_off,-0.010211896170731871,0.011793409818953349,6610
1359,1631103_def,0.01860796664362685,0.0117823950345054,6638
1360,1631104_off,-0.01896452590620259,0.013503395042348855,3274
1361,1631104_def,-0.0011649072832763828,0.013500405803957316,3281
1362,1631105_off,-0.0020788334299408203,0.012017418960343997,7043
1363,1631105_def,-0.0005465656739219945,0.012017493244917774,7034
1364,1631106_off,0.0031010744105917634,0.012821434395388699,4645
1365,1631106_def,-0.018747623609953655,0.012818284035522121,4649
1366,1631107_off,0.004354030019386929,0.014005867746721308,2347
1367,1631107_def,-0.011008534196698009,0.014008309387857947,2344
1368,1631108_off,-0.014852109339656142,0.01329013874310338,3185
1369,1631108_def,-0.009055511224602089,0.013298427669279907,3175
1370,1631109_off,-0.0005795321477752348,0.014120809242424797,2791
1371,1631109_def,-0.007748960537109493,0.014128053553788452,2787
1372,1631110_off,-0.005006965567359451,0.011847351379256885,7618
1373,1631110_def,0.006209809016775311,0.011848479120681746,7651
1374,1631111_off,-0.009787498882385478,0.01644573011998259,513
1375,1631111_def,0.002548919344706956,0.016438518961864164,518
1376,1631112_off,-0.010484005126185206,0.01688767758783773,225
1377,1631112_def,-0.005214338414602728,0.016892435975806773,222
1378,1631113_off,-0.004572865046219789,0.016392380166691912,587
1379,1631113_def,0.0036415156958974544,0.01641076577521226,574
1380,1631114_off,0.00734308566897475,0.011458482046689117,9611
1381,1631114_def,-0.00749741040772028,0.011457005756949672,9657
1382,1631115_off,7.291789267490536e-05,0.015185953881619236,1432
1383,1631115_def,-0.0016224334871129762,0.015179733006545834,1439
1384,1631116_off,-0.007945151761010044,0.014950244387844017,1547
1385,1631116_def,-0.001585618976810634,0.014955847830266739,1541
1386,1631117_off,0.0018434627077741955,0.012053625966748784,6594
1387,1631117_def,-0.003726178835753215,0.01205239276419615,6603
1388,1631119_off,-0.0019025811746803142,0.013231844877279787,3861
1389,1631119_def,0.0032824416254305126,0.01322649615333816,3871
1390,1631120_off,-0.0017674653397919064,0.016929726360839874,210
1391,1631120_def,-0.002718958748116372,0.016926046780842398,212
1392,1631121_off,-0.024060925465699903,0.013325034529201578,3451
1393,1631121_def,0.0060245062668281835,0.013329851295962305,3446
1394,1631123_off,-0.009263582276359419,0.01668493135907618,329
1395,1631123_def,0.001347967877035222,0.016687872064541406,327
1396,1631124_off,-0.0035110331806896488,0.01542664154094441,1130
1397,1631124_def,0.013652785668701884,0.015415617622292899,1139
1398,1631128_off,-0.019369663529062858,0.012086828062998625,6241
1399,1631128_def,-0.009920690331109823,0.012079955630950765,6286
1400,1631131_off,0.0006917913028746573,0.01712009867509923,94
1401,1631131_def,-0.003910063512311405,0.01712411584483044,92
1402,1631132_off,0.00012709464137530897,0.015090502064441569,1636
1403,1631132_def,-0.018307245798572916,0.015094820961550641,1632
1404,1631133_off,-0.010436264300237945,0.012542897013417802,4695
1405,1631133_def,0.011245068146055208,0.01252882665027166,4717
1406,1631157_off,-0.0028340649912184496,0.016758291763103915,296
1407,1631157_def,-0.01215001280606257,0.016759383761677845,295
1408,1631159_off,-0.0005811242298853871,0.017083842563954774,114
1409,1631159_def,-0.0013759989383009574,0.017083710251831655,114
1410,1631160_off,-0.004676328804643315,0.017023147324647984,174
1411,1631160_def,9.384030732066698e-05,0.01703128340451545,169
1412,1631165_off,0.0016818696345718624,0.014062091657233178,2241
1413,1631165_def,-0.019126021806889458,0.014058416937191223,2247
1414,1631167_off,0.0007502928141275133,0.01730711217214411,8
1415,1631167_def,4.5485396495898995e-05,0.017304874156045848,9
1416,1631169_off,0.0018891579867729037,0.016566037911461114,433
1417,1631169_def,-0.0034294372277205074,0.01657424500014372,428
1418,1631170_off,0.00831098431365516,0.012613421812550488,4408
1419,1631170_def,-0.0048285762295563,0.012609775935352783,4417
1420,1631172_off,-0.007335477297608904,0.014564889710782675,1946
1421,1631172_def,-0.003301425489561477,0.014559758958683548,1951
1422,1631173_off,0.0016380767063215362,0.016923607583583855,191
1423,1631173_def,0.004466148218932247,0.016923794859523892,191
1424,1631197_off,0.005663601358343159,0.01582624350209205,895
1425,1631197_def,6.5765209992650985e-06,0.015833678732972686,889
1426,1631199_off,0.0017362919512303784,0.017140294898874253,103
1427,1631199_def,1.6743077607045348e-05,0.017143728146999365,101
1428,1631200_off,-0.008711038521694954,0.013953708177257248,2731
1429,1631200_def,-0.012329079401497961,0.013952537504936673,2733
1430,1631204_off,-0.007494055395047948,0.013633542996243022,2806
1431,1631204_def,0.004227769179108799,0.013629709419190684,2813
1432,1631205_off,0.004029370625319259,0.016677936984722627,347
1433,1631205_def,-0.006786256090760396,0.016673711263898352,350
1434,1631207_off,0.005592700162471569,0.014504549691709423,1864
1435,1631207_def,-0.005745328303051034,0.01450880235394262,1860
1436,1631209_off,-0.0009081069253175282,0.017304787670014414,9
1437,1631209_def,0.00019369353679061287,0.017304787871808676,9
1438,1631210_off,-0.0024302206700539896,0.01716242047319854,73
1439,1631210_def,0.0027733721448051237,0.017162407098837738,73
1440,1631211_off,-0.0023383319215588075,0.01729425498660756,17
1441,1631211_def,0.0015929892445403259,0.017290648120051603,19
1442,1631212_off,-0.012489915826473297,0.013624353922951886,3405
1443,1631212_def,-0.003412246658621279,0.013590201885420152,3464
1444,1631213_off,0.0005479284803515441,0.01710422853576616,127
1445,1631213_def,-0.0002523845707788299,0.017109022454877738,124
1446,1631214_off,-0.005445985155058061,0.01722068240731876,49
1447,1631214_def,0.000576415010942546,0.017226826702869066,46
1448,1631216_off,-0.0012419701503052448,0.013404654548457193,3264
1449,1631216_def,0.0032288143107003777,0.013402047632177934,3261
1450,1631217_off,0.0023582120142105812,0.016444457078098582,520
1451,1631217_def,0.0038764878603983984,0.01643847909150749,522
1452,1631218_off,0.0011349799702511858,0.014129445642305243,2339
1453,1631218_def,0.008235526824209348,0.014130018183861804,2339
1454,1631219_off,-0.0031636131170055828,0.016581565839626135,469
1455,1631219_def,0.002139398291695951,0.01658061582773306,470
1456,1631220_off,0.003393021150790063,0.017032937379393945,139
1457,1631220_def,-0.006276260668867995,0.01703306501701622,139
1458,1631221_off,-0.0014825158339536984,0.016407295871141137,455
1459,1631221_def,-0.00093179475456333,0.01640552589388906,456
1460,1631222_off,-0.00849277470207034,0.013994357982417306,2479
1461,1631222_def,0.006096823052572289,0.013975549582991999,2503
1462,1631223_off,-0.01683780277893713,0.012201405353573848,5184
1463,1631223_def,0.008397030408632237,0.012193011131986776,5208
1464,1631230_off,0.004408503942000588,0.014890902442481887,1711
1465,1631230_def,0.013125709392330032,0.01487762941944259,1723
1466,1631241_off,-0.009093370785783221,0.015824385537186764,839
1467,1631241_def,0.0036278744346057864,0.01581460895334656,846
1468,1631243_off,-0.009272277606009871,0.016981487294191848,159
1469,1631243_def,0.0030512304399807045,0.016983785246273586,158
1470,1631245_off,-0.004635364696304856,0.01679201972865149,320
1471,1631245_def,-0.0021443165887488455,0.016794088157274074,318
1472,1631246_off,-0.0032353752820855433,0.013456210583416554,3117
1473,1631246_def,-0.008200434923880649,0.013460566778244771,3112
1474,1631250_off,-0.0052167497089775985,0.017217065095950463,49
1475,1631250_def,-0.00019549452632984505,0.017219268915546277,48
1476,1631254_off,-0.002184432327328508,0.015963128715323557,789
1477,1631254_def,0.004678015054628257,0.0159606951555622,791
1478,1631257_off,-0.001326089758428486,0.017052216338906,128
1479,1631257_def,0.0044101208427675155,0.017046303925904862,131
1480,1631260_off,0.003911137556200278,0.014472976641692094,1950
1481,1631260_def,0.004100097610529829,0.014480513504035892,1942
1482,1631262_off,0.002270077451047463,0.016689178299888772,317
1483,1631262_def,-0.00491779800674675,0.01669342760941561,315
1484,1631288_off,-0.006618217235268711,0.0156060603147623,1023
1485,1631288_def,-0.006026274500832836,0.01559592070040212,1031
1486,1631298_off,-0.006736907632123192,0.01684324998585129,253
1487,1631298_def,-0.0004346417540927665,0.016836980397691655,257
1488,1631303_off,-0.013243822282397287,0.015703149585581836,945
1489,1631303_def,-0.005900806067688354,0.015698836370162637,948
1490,1631306_off,-0.002888596903850032,0.016801060091296366,263
1491,1631306_def,0.001408652277612417,0.016811990475338892,257
1492,1631309_off,-0.0001466674107281661,0.017227321189368212,55
1493,1631309_def,-0.0016626780921731904,0.017227295055472425,55
1494,1631311_off,-0.005552933059991721,0.01579462071857187,845
1495,1631311_def,-0.007236493778789384,0.015796743304144007,844
1496,1631320_off,-0.0008936285551340656,0.017297764742981756,15
1497,1631320_def,0.0006192201060170826,0.01729410845865554,17
1498,1631321_off,-0.001975062215678694,0.016712278024409583,300
1499,1631321_def,-0.011875350940077514,0.016708702661090473,302
1500,1631323_off,-0.006115928692264084,0.01221514537757452,5070
1501,1631323_def,-0.0006742674245044164,0.012218074934294533,5064
1502,1631338_off,-0.014518412268246536,0.01681869689844537,246
1503,1631338_def,-0.0025450436818458115,0.01681369309800429,249
1504,1631367_off,-0.004350566043324037,0.014939914084413874,1477
1505,1631367_def,0.014196359608175778,0.01492959537995298,1486
1506,1631376_off,-0.0003931683820915559,0.0173161257542716,4
1507,1631376_def,-0.0003693463764338647,0.0173161235996694,4
1508,1631386_off,-0.0021396266370325256,0.017132609718728667,88
1509,1631386_def,0.0025020645739632654,0.017130593998153053,89
1510,1631466_off,0.0035979838522539154,0.016338025114703936,551
1511,1631466_def,0.0011974133300617746,0.0163355556772217,553
1512,1631495_off,0.0006559933719554629,0.017308835474738233,9
1513,1631495_def,-0.0009361263716420181,0.017308832706030983,9
1514,1641645_off,0.0026583738421161397,0.016874529090752974,280
1515,1641645_def,-0.002947999659951382,0.01687000558716084,283
1516,1641705_off,-0.004676877284035773,0.013007773885519762,4386
1517,1641705_def,-0.0250622683404067,0.013003194863446685,4394
1518,1641706_off,-0.006473380753684778,0.01269832593344883,4814
1519,1641706_def,0.017228108153789133,0.012692729851726274,4835
1520,1641707_off,-0.006560571549622412,0.01475429992361138,1779
1521,1641707_def,0.0009907692195644281,0.01474830429365402,1787
1522,1641708_off,-0.00014591739564882286,0.013713701347598976,2910
1523,1641708_def,-0.010796119444447866,0.01372202831344248,2898
1524,1641709_off,-0.0034031161485689972,0.013391760861737292,3263
1525,1641709_def,-0.011894763132017183,0.013361853282993014,3309
1526,1641710_off,-0.01638679260469515,0.014079051568358484,2376
1527,1641710_def,-0.0070278454416541295,0.014071105961419673,2379
1528,1641711_off,-0.019245310981561,0.013754592517428024,2636
1529,1641711_def,0.02134506728503527,0.013746524247290753,2646
1530,1641712_off,-0.0057077484716973135,0.01531137647546701,1295
1531,1641712_def,0.003064015064596354,0.015320689380040416,1286
1532,1641713_off,-0.013546614131450904,0.014004797367768405,2504
1533,1641713_def,-0.00726957815673079,0.01399739823798163,2513
1534,1641715_off,-0.00048490598653851374,0.014640624314925861,1845
1535,1641715_def,-0.0007311165196421344,0.014644949962807526,1842
1536,1641716_off,0.007347875979888876,0.015991484905651658,714
1537,1641716_def,-0.0004483871001350083,0.015988217355622596,716
1538,1641717_off,-0.0014471446337514264,0.013216539618731246,3498
1539,1641717_def,-0.005429768157426454,0.013203631697434097,3516
1540,1641718_off,-0.017369476787401233,0.01293155234621505,4184
1541,1641718_def,0.009421474563362715,0.01293225761204885,4179
1542,1641720_off,-0.010551425197313736,0.016848178432726707,227
1543,1641720_def,0.002547847637848882,0.016859196591683882,221
1544,1641721_off,-0.017729698971671922,0.016885045754566265,212
1545,1641721_def,0.000346254473062822,0.016894104694556048,207
1546,1641722_off,0.005810011662499655,0.014038149239901168,2376
1547,1641722_def,0.016562740226430995,0.014057843617272478,2348
1548,1641723_off,-0.013761780334006934,0.016513610256550057,405
1549,1641723_def,-0.005966759551586966,0.01651774585088849,403
1550,1641724_off,-0.004456348055693587,0.017023734676840332,141
1551,1641724_def,-0.0042948872016971805,0.017031633391381525,137
1552,1641726_off,0.021694346632239854,0.013915867729802509,2722
1553,1641726_def,0.006806187522999475,0.013913593606987646,2727
1554,1641727_off,0.00016783648924455737,0.017207616370071198,53
1555,1641727_def,0.005426982804766894,0.01720977600829664,52
1556,1641729_off,-0.0011865228694371403,0.015328725366672971,1198
1557,1641729_def,0.021605035894482306,0.015322418382910213,1203
1558,1641730_off,-0.009961761479990693,0.01597358772031226,739
1559,1641730_def,-0.0038906502602990313,0.015962131417586106,747
1560,1641731_off,-0.019279434745093464,0.013106618837017614,3638
1561,1641731_def,0.012509194871166565,0.013110018181386518,3635
1562,1641732_off,-0.004443276555194552,0.016532270310889337,388
1563,1641732_def,-0.0073032535885911255,0.016531930057864592,388
1564,1641733_off,-0.01768366518966542,0.014989534419696119,1434
1565,1641733_def,0.005603821977214434,0.014979031293905534,1442
1566,1641734_off,-0.008973840952275184,0.01678712891197097,259
1567,1641734_def,0.008904336768149739,0.016785315013081014,260
1568,1641735_off,0.003430938246580877,0.01705820246744762,125
1569,1641735_def,0.0002399055433194586,0.017062187746109483,123
1570,1641738_off,-0.007511208146660005,0.01588233457427119,790
1571,1641738_def,0.00775015839644147,0.01586831082061963,800
1572,1641739_off,-0.008743347137372738,0.013311466530503612,3486
1573,1641739_def,-0.022761969200886977,0.013302647290956537,3503
1574,1641741_off,0.002737090526368353,0.01619669245895923,579
1575,1641741_def,0.0005010906240670193,0.016189441755515392,583
1576,1641745_off,5.549944887508444e-05,0.01725818036614997,30
1577,1641745_def,-4.2464453583425795e-05,0.017255958519256973,31
1578,1641748_off,-0.0032075162425266412,0.01525834659978779,1180
1579,1641748_def,0.01967293755048103,0.015247640860408375,1188
1580,1641749_off,-0.00394056736226057,0.017028219837332607,136
1581,1641749_def,0.0007564266609608202,0.017036415227180777,132
1582,1641753_off,-0.0025984551393678614,0.01692446676089391,188
1583,1641753_def,0.002199898989894374,0.0169243481032201,188
1584,1641754_off,-0.0011209878419973223,0.0170972984374097,103
1585,1641754_def,0.0016922899863408849,0.017090759219368003,106
1586,1641757_off,-0.0013149217468883818,0.017196453750652606,58
1587,1641757_def,0.002063972821686987,0.017196348490781995,58
1588,1641763_off,0.0010274395878009878,0.016051395290350493,657
1589,1641763_def,-0.0016565038574353744,0.01605613338779345,654
1590,1641764_off,0.021558445335228327,0.01287002068294793,4039
1591,1641764_def,-0.006909883826256686,0.012870279506762545,4039
1592,1641765_off,-0.013802381068140558,0.016040163670184238,710
1593,1641765_def,0.00259276373016542,0.016043008448876534,708
1594,1641766_off,0.0023215342820315757,0.017029870519949673,138
1595,1641766_def,-0.004797507330149365,0.017040137883394743,133
1596,1641767_off,0.012592140078436467,0.014762560760061058,1711
1597,1641767_def,-0.0005878187101564866,0.014738360084807178,1735
1598,1641771_off,0.0005579924042957975,0.017173744221381997,69
1599,1641771_def,0.000999813292367319,0.017167416040517153,72
1600,1641774_off,6.580671705705511e-06,0.016639030366622388,335
1601,1641774_def,-0.012881700564128977,0.016644393055121106,332
1602,1641775_off,0.002302466159319226,0.016968000915195267,166
1603,1641775_def,-0.00782076472826529,0.01698014191181999,160
1604,1641778_off,-0.001249819665456568,0.016208749083804784,577
1605,1641778_def,-0.0034980840153044077,0.01622006578319931,570
1606,1641787_off,-0.005476647951790519,0.015941600585527908,742
1607,1641787_def,0.005898062153473808,0.015934668428930494,746
1608,1641788_off,-0.005075931285683146,0.01714360382891906,82
1609,1641788_def,0.003930524630522053,0.01713715582449052,85
1610,1641793_off,-0.0033058740932821345,0.017145264505553176,82
1611,1641793_def,0.004604366622422248,0.017141021090691357,84
1612,1641806_off,0.0003755915113392914,0.017309295890512427,7
1613,1641806_def,-0.0012736121305859415,0.017311580940222827,6
1614,1641809_off,0.003009390248958447,0.017221022885481337,47
1615,1641809_def,0.0010501359227558821,0.017216728880471703,49
1616,1641816_off,-0.00243437484539306,0.01709555309075353,107
1617,1641816_def,-0.0029056639101095786,0.01710744866090313,101
1618,1641847_off,0.0008534520896105656,0.017268858247692562,25
1619,1641847_def,-0.0004294753965024228,0.01726664357770212,26
1620,1641851_off,-0.009776541538541475,0.01681115211448607,256
1621,1641851_def,0.0011861172484694765,0.0168091097562232,257
1622,1641854_off,0.007246124486253741,0.015220809824184759,1279
1623,1641854_def,0.00945865600682105,0.01522013867669687,1280
1624,1641871_off,0.008870955904985977,0.014146184915272968,2438
1625,1641871_def,0.007709082722423175,0.014145122329672336,2441
1626,1641877_off,-0.018461257817159498,0.016170605093525237,613
1627,1641877_def,0.004708483417072697,0.01617394816541465,611
1628,1641926_off,-0.002754076381477473,0.017170756139286474,71
1629,1641926_def,-0.0023766326400815026,0.017166717901245184,73
1630,1641931_off,-0.004571561740354587,0.01628442112068992,521
1631,1641931_def,0.0025884250704526603,0.016280706802049225,523
1632,1641970_off,-0.004732086726111119,0.016806139854421,251
1633,1641970_def,-0.008475916932855522,0.01680227075381817,253
1634,1641998_off,-0.004265602948238915,0.015430294976243084,1155
1635,1641998_def,0.0034163963024784224,0.015425057131945709,1159
1636,1642013_off,-0.007130735838755633,0.016871387419475428,216
1637,1642013_def,0.0009109663609657365,0.01686530254056169,219
