Name,PLAYER_ID,Poss_Off,Poss_Def,Age_2024_25_Mid,Off,Def,RAPM,Off_SE,Def_SE,RAPM_SE,Off_CI_lo,Off_CI_hi,Def_CI_lo,Def_CI_hi,RAPM_CI_lo,RAPM_CI_hi,Off_AgeAdj_To27,Def_AgeAdj_To27,RAPM_AgeAdj_To27
Nikola Jokic,203999,17418,17290,30.0,6.79,-3.033,9.823,1.364,1.212,1.827,4.117,9.462,-5.41,-0.657,6.243,13.403,7.321,-3.012,10.333
Joel Embiid,203954,13331,13306,31.0,3.465,-3.735,7.2,1.333,1.195,1.793,0.853,6.077,-6.077,-1.394,3.686,10.714,4.352,-3.744,8.096
Giannis Antetokounmpo,203507,15381,15337,30.0,4.207,-2.701,6.909,1.165,1.075,1.589,1.924,6.491,-4.808,-0.594,3.793,10.024,4.739,-2.68,7.418
Paul George,202331,11334,11294,35.0,3.856,-3.037,6.893,1.274,1.163,1.725,1.359,6.353,-5.318,-0.757,3.513,10.273,7.014,-3.335,10.349
Jrue Holiday,201950,15123,15087,35.0,4.446,-2.154,6.599,1.12,1.038,1.525,2.25,6.641,-4.189,-0.119,3.61,9.589,7.604,-2.451,10.055
Jayson Tatum,1628369,19867,19860,27.0,4.281,-2.235,6.516,1.195,1.093,1.623,1.94,6.622,-4.377,-0.093,3.336,9.697,4.281,-2.235,6.516
Kyrie Irving,202681,11467,11441,33.0,5.406,-0.924,6.33,1.173,1.084,1.599,3.107,7.705,-3.049,1.201,3.196,9.464,7.263,-1.045,8.308
Kawhi Leonard,202695,8388,8358,34.0,3.207,-2.98,6.187,1.374,1.243,1.853,0.514,5.901,-5.416,-0.544,2.556,9.819,5.674,-3.182,8.856
Kevin Durant,201142,14877,14845,36.0,3.729,-2.193,5.922,1.126,1.04,1.533,1.522,5.936,-4.232,-0.154,2.918,8.926,7.658,-2.601,10.26
Stephen Curry,201939,16494,16381,37.0,4.444,-1.438,5.882,1.242,1.131,1.684,2.009,6.879,-3.654,0.778,2.582,9.182,9.222,-1.972,11.195
Steven Adams,203500,6710,6670,,4.811,-0.992,5.803,1.501,1.327,2.005,1.868,7.754,-3.593,1.609,1.873,9.732,4.811,-0.992,5.803
Devin Booker,1626164,15399,15374,28.0,5.291,-0.403,5.694,1.147,1.059,1.561,3.042,7.539,-2.479,1.673,2.634,8.754,5.376,-0.377,5.753
Derrick White,1628401,16464,16508,30.0,1.993,-3.597,5.59,1.086,1.012,1.484,-0.136,4.122,-5.58,-1.613,2.681,8.499,2.525,-3.575,6.1
Damian Lillard,203081,11870,11840,34.0,5.288,-0.232,5.52,1.219,1.115,1.65,2.898,7.678,-2.418,1.954,2.285,8.755,7.755,-0.434,8.188
Shai Gilgeous-Alexander,1628983,14695,14646,26.0,3.944,-1.51,5.454,1.265,1.149,1.713,1.465,6.423,-3.763,0.743,2.097,8.811,3.952,-1.558,5.51
Draymond Green,203110,13023,12987,35.0,0.768,-4.571,5.339,1.258,1.148,1.705,-1.697,3.233,-6.822,-2.321,1.998,8.68,3.926,-4.869,8.795
LeBron James,2544,15101,15083,40.0,3.998,-1.309,5.307,1.132,1.05,1.545,1.779,6.217,-3.367,0.75,2.278,8.335,11.781,-2.304,14.085
Darius Garland,1629636,14125,13999,25.0,3.734,-1.492,5.226,1.261,1.147,1.707,1.262,6.206,-3.741,0.757,1.881,8.571,3.848,-1.609,5.457
Aaron Gordon,203932,15481,15425,29.0,2.86,-2.33,5.19,1.354,1.212,1.82,0.207,5.514,-4.706,0.046,1.624,8.757,3.124,-2.296,5.42
Chet Holmgren,1631096,5034,5041,23.0,3.258,-1.865,5.123,1.597,1.399,2.118,0.129,6.388,-4.607,0.877,0.973,9.274,3.881,-2.193,6.074
Donovan Mitchell,1628378,14247,14208,28.0,3.518,-1.464,4.981,1.169,1.076,1.59,1.227,5.809,-3.572,0.645,1.866,8.097,3.603,-1.437,5.04
Jalen Brunson,1628973,17255,17164,28.0,4.571,-0.306,4.877,1.112,1.025,1.514,2.392,6.75,-2.314,1.702,1.91,7.844,4.657,-0.279,4.936
Fred VanVleet,1627832,15738,15693,31.0,2.439,-2.386,4.825,1.141,1.054,1.557,0.202,4.675,-4.453,-0.32,1.773,7.878,3.326,-2.395,5.721
Myles Turner,1626167,10684,10680,29.0,2.588,-2.142,4.73,1.33,1.195,1.79,-0.018,5.193,-4.484,0.2,1.22,8.239,2.851,-2.109,4.96
Bogdan Bogdanovic,203992,12587,12571,32.0,3.519,-1.117,4.636,1.199,1.103,1.631,1.168,5.869,-3.279,1.044,1.439,7.833,4.848,-1.174,6.022
Anthony Edwards,1630162,17832,17777,23.0,2.515,-2.112,4.627,1.216,1.108,1.648,0.131,4.898,-4.285,0.061,1.397,7.856,3.137,-2.44,5.577
Jimmy Butler,202710,15284,15243,35.0,3.167,-1.273,4.44,1.15,1.066,1.571,0.914,5.42,-3.361,0.816,1.361,7.519,6.325,-1.57,7.895
Jose Alvarado,1630631,6908,6933,27.0,1.053,-3.287,4.339,1.371,1.241,1.85,-1.634,3.739,-5.719,-0.854,0.712,7.966,1.053,-3.287,4.339
Dante Exum,203957,2289,2283,29.0,2.879,-1.444,4.323,1.786,1.541,2.359,-0.622,6.38,-4.464,1.575,-0.3,8.946,3.143,-1.411,4.553
Isaiah Hartenstein,1628392,10068,10050,27.0,2.838,-1.483,4.321,1.285,1.163,1.734,0.319,5.357,-3.763,0.798,0.922,7.719,2.838,-1.483,4.321
Franz Wagner,1630532,15161,15173,23.0,1.07,-3.149,4.219,1.253,1.139,1.697,-1.386,3.525,-5.382,-0.916,0.893,7.544,1.692,-3.477,5.169
Delon Wright,1626153,7379,7409,33.0,1.405,-2.786,4.191,1.313,1.196,1.774,-1.169,3.978,-5.13,-0.442,0.714,7.668,3.262,-2.907,6.168
Herbert Jones,1630529,14152,14175,26.0,1.416,-2.759,4.175,1.289,1.167,1.742,-1.112,3.943,-5.045,-0.472,0.76,7.589,1.424,-2.806,4.231
Hassan Whiteside,202355,2449,2475,,3.112,-0.986,4.098,1.807,1.547,2.379,-0.43,6.654,-4.02,2.047,-0.565,8.761,3.112,-0.986,4.098
Desmond Bane,1630217,12909,12828,27.0,2.154,-1.933,4.088,1.247,1.138,1.691,-0.289,4.598,-4.164,0.297,0.773,7.402,2.154,-1.933,4.088
Kevon Looney,1626172,11629,11680,29.0,2.729,-1.337,4.066,1.257,1.147,1.705,0.264,5.194,-3.586,0.912,0.725,7.406,2.992,-1.303,4.295
Mikal Bridges,1628969,18881,18884,28.0,2.131,-1.852,3.982,1.144,1.048,1.552,-0.111,4.373,-3.907,0.203,0.94,7.024,2.216,-1.825,4.041
Immanuel Quickley,1630193,12604,12590,26.0,-0.089,-4.028,3.939,1.166,1.076,1.589,-2.375,2.197,-6.138,-1.918,0.826,7.053,-0.08,-4.076,3.996
Anthony Davis,203076,13982,13964,32.0,0.147,-3.718,3.865,1.216,1.111,1.65,-2.235,2.529,-5.897,-1.54,0.631,7.1,1.477,-3.775,5.252
Gary Payton II,1627780,5473,5540,32.0,1.968,-1.883,3.85,1.408,1.272,1.898,-0.792,4.727,-4.376,0.61,0.13,7.571,3.297,-1.939,5.237
Luka Doncic,1629029,15871,15859,26.0,3.015,-0.729,3.744,1.193,1.091,1.621,0.677,5.354,-2.867,1.41,0.567,6.921,3.024,-0.776,3.8
Dillon Brooks,1628415,12042,12079,29.0,0.225,-3.502,3.728,1.197,1.099,1.625,-2.12,2.571,-5.656,-1.349,0.542,6.913,0.489,-3.469,3.958
Lauri Markkanen,1628374,12396,12346,28.0,3.251,-0.444,3.695,1.175,1.084,1.6,0.948,5.553,-2.57,1.681,0.559,6.831,3.337,-0.418,3.754
Jock Landale,1629111,5059,5049,29.0,1.588,-2.068,3.656,1.458,1.308,1.959,-1.27,4.447,-4.632,0.497,-0.182,7.495,1.852,-2.034,3.886
Obi Toppin,1630167,8719,8724,27.0,3.117,-0.491,3.609,1.275,1.163,1.723,0.618,5.616,-2.771,1.788,0.232,6.986,3.117,-0.491,3.609
George Hill,201588,4439,4416,,-0.631,-4.199,3.568,1.517,1.356,2.033,-3.604,2.341,-6.857,-1.541,-0.418,7.553,-0.631,-4.199,3.568
Kenrich Williams,1629026,6696,6712,30.0,0.086,-3.462,3.548,1.351,1.229,1.827,-2.561,2.734,-5.871,-1.053,-0.033,7.129,0.617,-3.44,4.058
Robert Williams III,1629057,7064,7048,27.0,0.318,-3.219,3.537,1.373,1.246,1.855,-2.373,3.01,-5.66,-0.778,-0.099,7.174,0.318,-3.219,3.537
OG Anunoby,1628384,12189,12161,27.0,0.428,-3.089,3.517,1.199,1.109,1.634,-1.923,2.779,-5.263,-0.916,0.314,6.721,0.428,-3.089,3.517
Sam Hauser,1630573,6769,6731,27.0,1.309,-2.197,3.506,1.403,1.264,1.887,-1.441,4.058,-4.674,0.28,-0.194,7.205,1.309,-2.197,3.506
Jusuf Nurkic,203994,10346,10299,30.0,1.162,-2.299,3.461,1.295,1.172,1.748,-1.377,3.701,-4.596,-0.002,0.036,6.887,1.693,-2.278,3.971
Brandin Podziemski,1641764,4039,4039,22.0,2.474,-0.983,3.457,1.604,1.412,2.135,-0.67,5.618,-3.751,1.784,-0.727,7.641,3.506,-1.454,4.96
Chris Paul,101108,12699,12665,40.0,1.017,-2.438,3.455,1.206,1.106,1.637,-1.347,3.382,-4.606,-0.27,0.246,6.664,8.8,-3.434,12.234
Josh Hart,1628404,14722,14724,30.0,1.602,-1.836,3.439,1.092,1.014,1.488,-0.538,3.742,-3.824,0.151,0.522,6.355,2.133,-1.815,3.948
Pascal Siakam,1627783,16471,16460,31.0,2.983,-0.452,3.435,1.149,1.062,1.563,0.731,5.236,-2.534,1.631,0.372,6.499,3.871,-0.461,4.331
Jordan McLaughlin,1629162,4927,4946,29.0,0.741,-2.681,3.421,1.487,1.331,1.997,-2.175,3.656,-5.289,-0.072,-0.493,7.335,1.004,-2.647,3.651
Kevin Huerter,1628989,13092,13042,26.0,3.015,-0.391,3.406,1.187,1.094,1.616,0.687,5.342,-2.536,1.753,0.24,6.573,3.023,-0.439,3.463
Javonte Green,1629750,4802,4824,31.0,2.28,-1.048,3.328,1.491,1.335,2.002,-0.642,5.202,-3.665,1.57,-0.597,7.252,3.167,-1.057,4.224
Alex Caruso,1627936,9994,10009,31.0,-1.12,-4.377,3.257,1.259,1.156,1.71,-3.587,1.348,-6.643,-2.11,-0.094,6.608,-0.232,-4.386,4.154
Karl-Anthony Towns,1626157,12361,12285,29.0,2.293,-0.94,3.233,1.245,1.139,1.688,-0.148,4.734,-3.172,1.292,-0.075,6.541,2.556,-0.907,3.463
Michael Porter Jr.,1629008,10826,10755,27.0,1.984,-1.207,3.191,1.391,1.252,1.871,-0.742,4.711,-3.66,1.247,-0.477,6.858,1.984,-1.207,3.191
Clint Capela,203991,12326,12321,31.0,1.84,-1.276,3.116,1.383,1.227,1.85,-0.87,4.551,-3.681,1.128,-0.51,6.743,2.728,-1.285,4.013
Rudy Gobert,203497,14696,14672,33.0,-0.385,-3.456,3.071,1.223,1.113,1.653,-2.781,2.012,-5.637,-1.274,-0.169,6.311,1.472,-3.577,5.049
Jonathan Isaac,1628371,2118,2142,27.0,-0.214,-3.268,3.055,1.827,1.563,2.404,-3.795,3.368,-6.331,-0.206,-1.656,7.766,-0.214,-3.268,3.055
Rudy Gay,200752,3821,3823,,0.689,-2.256,2.946,1.586,1.403,2.118,-2.42,3.799,-5.006,0.493,-1.206,7.097,0.689,-2.256,2.946
Dean Wade,1629731,5964,6015,28.0,-1.432,-4.359,2.927,1.387,1.258,1.875,-4.151,1.287,-6.825,-1.893,-0.747,6.601,-1.346,-4.332,2.986
Monte Morris,1628420,9295,9297,30.0,3.147,0.231,2.916,1.341,1.209,1.806,0.519,5.775,-2.138,2.6,-0.623,6.455,3.678,0.252,3.426
Jarrett Allen,1628386,13381,13394,27.0,0.942,-1.968,2.91,1.239,1.134,1.682,-1.487,3.37,-4.19,0.254,-0.386,6.206,0.942,-1.968,2.91
DeMar DeRozan,201942,17645,17648,35.0,2.452,-0.458,2.91,1.23,1.122,1.668,0.042,4.862,-2.656,1.741,-0.359,6.178,5.61,-0.755,6.365
James Harden,201935,15813,15819,35.0,3.499,0.604,2.896,1.079,1.002,1.471,1.384,5.615,-1.361,2.569,0.012,5.779,6.657,0.306,6.351
Al Horford,201143,14216,14195,39.0,1.337,-1.529,2.866,1.25,1.143,1.696,-1.113,3.787,-3.768,0.711,-0.458,6.189,8.044,-2.357,10.4
Joe Ingles,204060,7052,7028,37.0,1.688,-1.171,2.859,1.311,1.199,1.777,-0.882,4.258,-3.522,1.18,-0.624,6.343,6.467,-1.705,8.172
Montrezl Harrell,1626149,4711,4733,,0.967,-1.851,2.818,1.491,1.332,1.997,-1.956,3.89,-4.462,0.76,-1.097,6.732,0.967,-1.851,2.818
Ja Morant,1629630,9798,9781,25.0,1.871,-0.907,2.778,1.344,1.211,1.811,-0.764,4.507,-3.281,1.468,-0.772,6.328,1.985,-1.024,3.009
Kristaps Porzingis,204001,10831,10781,29.0,1.217,-1.549,2.766,1.184,1.093,1.611,-1.103,3.536,-3.692,0.593,-0.391,5.923,1.48,-1.515,2.996
Zion Williamson,1629627,6598,6583,24.0,0.97,-1.735,2.705,1.402,1.269,1.887,-1.777,3.717,-4.221,0.752,-0.995,6.404,1.288,-1.945,3.233
Mitchell Robinson,1629011,8917,8923,27.0,2.108,-0.596,2.704,1.426,1.269,1.911,-0.687,4.902,-3.083,1.891,-1.042,6.45,2.108,-0.596,2.704
Isaiah Joe,1630198,7328,7223,25.0,1.893,-0.81,2.704,1.331,1.215,1.801,-0.715,4.502,-3.191,1.57,-0.827,6.235,2.007,-0.928,2.935
De'Anthony Melton,1629001,10743,10752,27.0,1.255,-1.441,2.696,1.186,1.096,1.617,-1.069,3.579,-3.59,0.707,-0.472,5.865,1.255,-1.441,2.696
Chris Boucher,1628449,8099,8097,32.0,0.632,-2.038,2.67,1.298,1.189,1.762,-1.912,3.177,-4.368,0.292,-0.783,6.123,1.962,-2.094,4.057
DeMarcus Cousins,202326,1587,1569,,2.844,0.18,2.664,1.919,1.624,2.515,-0.917,6.606,-3.003,3.364,-2.266,7.594,2.844,0.18,2.664
Austin Reaves,1630559,13634,13623,27.0,1.273,-1.291,2.565,1.193,1.096,1.621,-1.064,3.611,-3.44,0.857,-0.613,5.743,1.273,-1.291,2.565
Domantas Sabonis,1627734,16624,16537,29.0,1.206,-1.339,2.545,1.286,1.154,1.731,-1.315,3.727,-3.602,0.923,-0.847,5.938,1.469,-1.306,2.775
Mike Conley,201144,13532,13445,37.0,1.544,-0.995,2.539,1.186,1.089,1.608,-0.781,3.869,-3.13,1.14,-0.613,5.692,6.323,-1.53,7.852
De'Aaron Fox,1628368,15685,15652,27.0,2.385,-0.125,2.509,1.267,1.141,1.706,-0.098,4.867,-2.362,2.112,-0.834,5.853,2.385,-0.125,2.509
Tyrese Maxey,1630178,16473,16410,24.0,2.408,-0.092,2.5,1.201,1.099,1.631,0.054,4.763,-2.245,2.062,-0.697,5.697,2.726,-0.302,3.028
Luke Kennard,1628379,8792,8722,29.0,1.468,-1.01,2.478,1.241,1.144,1.686,-0.963,3.899,-3.253,1.233,-0.826,5.782,1.731,-0.977,2.708
Julius Randle,203944,14489,14424,30.0,2.35,-0.089,2.439,1.336,1.195,1.795,-0.269,4.97,-2.431,2.254,-1.079,5.957,2.882,-0.067,2.949
Bam Adebayo,1628389,16729,16683,27.0,-0.845,-3.278,2.434,1.249,1.126,1.685,-3.292,1.603,-5.486,-1.071,-0.869,5.737,-0.845,-3.278,2.434
T.J. Warren,203933,1867,1868,31.0,0.354,-2.03,2.384,1.832,1.57,2.413,-3.236,3.945,-5.108,1.048,-2.345,7.113,1.241,-2.039,3.28
Brandon Ingram,1627742,11957,11932,27.0,1.332,-1.01,2.342,1.263,1.155,1.714,-1.143,3.808,-3.273,1.253,-1.016,5.701,1.332,-1.01,2.342
Payton Pritchard,1630202,7652,7646,27.0,1.803,-0.434,2.238,1.336,1.213,1.805,-0.815,4.422,-2.811,1.943,-1.3,5.775,1.803,-0.434,2.238
Ricky Rubio,201937,3178,3164,,-1.262,-3.465,2.203,1.652,1.452,2.201,-4.5,1.976,-6.311,-0.619,-2.111,6.517,-1.262,-3.465,2.203
Justise Winslow,1626159,3188,3197,,-0.006,-2.189,2.183,1.647,1.446,2.193,-3.234,3.223,-5.023,0.645,-2.114,6.481,-0.006,-2.189,2.183
Naji Marshall,1630230,7936,8000,27.0,0.205,-1.977,2.181,1.346,1.218,1.817,-2.434,2.843,-4.363,0.41,-1.38,5.742,0.205,-1.977,2.181
D'Angelo Russell,1626156,16118,16035,29.0,2.15,-0.023,2.174,1.091,1.015,1.49,0.012,4.288,-2.013,1.966,-0.747,5.094,2.414,0.01,2.403
Marcus Smart,203935,12714,12750,31.0,0.524,-1.604,2.127,1.245,1.139,1.692,-1.917,2.964,-3.836,0.629,-1.188,5.443,1.411,-1.613,3.024
Tari Eason,1631106,4645,4649,24.0,0.027,-2.099,2.126,1.534,1.361,2.048,-2.98,3.034,-4.766,0.568,-1.889,6.141,0.345,-2.31,2.654
Larry Nance Jr.,1626204,7706,7743,32.0,0.49,-1.623,2.113,1.372,1.233,1.845,-2.2,3.179,-4.039,0.793,-1.503,5.729,1.82,-1.68,3.499
Dereck Lively II,1641726,2722,2727,21.0,2.463,0.384,2.079,1.764,1.521,2.329,-0.995,5.921,-2.598,3.365,-2.486,6.644,4.01,-0.257,4.268
Tyler Herro,1629639,12889,12839,25.0,2.15,0.08,2.07,1.175,1.086,1.604,-0.154,4.453,-2.049,2.208,-1.074,5.213,2.263,-0.038,2.301
Tre Jones,1630200,10997,10982,25.0,1.51,-0.519,2.028,1.249,1.142,1.694,-0.938,3.958,-2.757,1.719,-1.293,5.35,1.623,-0.636,2.26
Anthony Gill,1630264,3200,3198,32.0,1.809,-0.213,2.022,1.641,1.442,2.185,-1.407,5.024,-3.038,2.613,-2.261,6.304,3.139,-0.269,3.408
Brook Lopez,201572,11671,11645,37.0,-1.034,-3.046,2.012,1.231,1.13,1.671,-3.446,1.379,-5.26,-0.832,-1.262,5.287,3.745,-3.58,7.325
Ish Wainright,1630688,2862,2861,30.0,-0.383,-2.392,2.01,1.695,1.478,2.248,-3.705,2.94,-5.29,0.505,-2.397,6.416,0.149,-2.371,2.519
Jaime Jaquez Jr.,1631170,4408,4417,24.0,1.003,-1.004,2.007,1.563,1.384,2.082,-2.061,4.066,-3.716,1.707,-2.074,6.088,1.32,-1.215,2.535
Otto Porter Jr.,203490,4280,4222,32.0,0.316,-1.687,2.003,1.531,1.368,2.054,-2.684,3.317,-4.369,0.996,-2.023,6.029,1.646,-1.743,3.389
Andre Drummond,203083,7531,7576,31.0,0.753,-1.245,1.998,1.347,1.214,1.814,-1.888,3.394,-3.624,1.134,-1.558,5.554,1.64,-1.254,2.894
Keon Ellis,1631165,2241,2247,25.0,-0.052,-2.041,1.988,1.778,1.536,2.348,-3.538,3.433,-5.051,0.969,-2.614,6.591,0.061,-2.158,2.22
Christian Koloko,1631132,1636,1632,,-0.227,-2.201,1.973,1.887,1.606,2.477,-3.925,3.471,-5.348,0.947,-2.881,6.828,-0.227,-2.201,1.973
Kyle Lowry,200768,13033,13026,39.0,-0.086,-2.051,1.965,1.138,1.058,1.55,-2.316,2.144,-4.124,0.023,-1.074,5.004,6.621,-2.879,9.5
P.J. Tucker,200782,10124,10111,40.0,1.039,-0.907,1.946,1.207,1.115,1.633,-1.327,3.406,-3.092,1.278,-1.255,5.146,8.822,-1.902,10.724
Royce O'Neale,1626220,14329,14357,32.0,-0.005,-1.949,1.944,1.12,1.036,1.525,-2.2,2.19,-3.979,0.08,-1.044,4.933,1.325,-2.006,3.331
Gabe Vincent,1629216,9368,9393,29.0,-0.091,-2.028,1.937,1.274,1.165,1.727,-2.588,2.406,-4.312,0.255,-1.448,5.322,0.172,-1.994,2.167
Tony Bradley,1628396,1227,1227,,0.922,-1.014,1.936,1.996,1.668,2.602,-2.99,4.834,-4.283,2.255,-3.164,7.036,0.922,-1.014,1.936
Victor Wembanyama,1641705,4386,4394,21.0,-0.8,-2.721,1.92,1.629,1.423,2.16,-3.993,2.392,-5.511,0.069,-2.313,6.154,0.747,-3.362,4.109
Jalen Williams,1631114,9611,9657,24.0,0.655,-1.262,1.918,1.349,1.219,1.817,-1.989,3.299,-3.652,1.127,-1.643,5.478,0.973,-1.473,2.446
Brandon Clarke,1629634,5845,5893,28.0,-0.303,-2.217,1.914,1.474,1.311,1.976,-3.193,2.586,-4.787,0.353,-1.959,5.786,-0.218,-2.19,1.972
Terence Davis,1629056,3006,3038,,1.562,-0.336,1.898,1.66,1.454,2.207,-1.692,4.815,-3.186,2.514,-2.428,6.223,1.562,-0.336,1.898
Jakob Poeltl,1627751,10792,10825,29.0,1.526,-0.372,1.898,1.226,1.121,1.657,-0.877,3.929,-2.568,1.825,-1.349,5.144,1.789,-0.338,2.127
Goga Bitadze,1629048,4318,4311,25.0,1.18,-0.645,1.826,1.553,1.373,2.074,-1.863,4.224,-3.337,2.046,-2.239,5.89,1.294,-0.763,2.057
Dorian Finney-Smith,1627827,14416,14470,32.0,0.369,-1.432,1.801,1.171,1.078,1.592,-1.926,2.664,-3.544,0.681,-1.319,4.92,1.699,-1.488,3.187
Jamal Murray,1627750,9733,9695,28.0,1.739,-0.038,1.777,1.372,1.239,1.848,-0.95,4.428,-2.466,2.391,-1.845,5.399,1.825,-0.011,1.836
Dwight Powell,203939,8569,8607,33.0,1.497,-0.265,1.762,1.335,1.21,1.804,-1.12,4.114,-2.636,2.106,-1.774,5.299,3.354,-0.386,3.74
Tyrese Haliburton,1630169,14240,14215,25.0,3.038,1.289,1.749,1.194,1.093,1.623,0.699,5.378,-0.853,3.431,-1.431,4.93,3.152,1.172,1.981
Ben Sheppard,1641767,1711,1735,23.0,1.45,-0.294,1.744,1.905,1.61,2.494,-2.284,5.185,-3.449,2.861,-3.144,6.632,2.073,-0.622,2.695
Dejounte Murray,1627749,16858,16895,28.0,1.568,-0.171,1.738,1.135,1.041,1.539,-0.656,3.792,-2.211,1.87,-1.278,4.755,1.653,-0.144,1.797
Khris Middleton,203114,9878,9814,33.0,1.483,-0.221,1.704,1.241,1.145,1.689,-0.949,3.916,-2.464,2.023,-1.606,5.014,3.34,-0.342,3.682
Trey Lyles,1626168,8446,8406,29.0,1.573,-0.105,1.678,1.29,1.177,1.747,-0.956,4.102,-2.412,2.202,-1.746,5.102,1.836,-0.071,1.908
Deni Avdija,1630166,12983,13006,24.0,0.311,-1.291,1.603,1.157,1.072,1.578,-1.956,2.579,-3.392,0.809,-1.49,4.696,0.629,-1.502,2.131
Jaren Jackson Jr.,1628991,13694,13650,25.0,-0.242,-1.829,1.587,1.226,1.118,1.662,-2.644,2.161,-4.021,0.363,-1.669,4.844,-0.128,-1.947,1.819
Nikola Jovic,1631107,2347,2344,22.0,0.294,-1.277,1.571,1.758,1.523,2.325,-3.152,3.74,-4.263,1.709,-2.987,6.129,1.326,-1.748,3.074
Jaylen Brown,1627759,17461,17427,28.0,0.075,-1.483,1.558,1.206,1.106,1.639,-2.289,2.439,-3.651,0.684,-1.654,4.771,0.161,-1.456,1.617
Alec Burks,202692,9386,9357,33.0,0.904,-0.653,1.557,1.226,1.128,1.666,-1.498,3.307,-2.863,1.558,-1.708,4.822,2.761,-0.774,3.535
Keegan Murray,1631099,10782,10763,24.0,1.43,-0.117,1.547,1.377,1.24,1.851,-1.269,4.129,-2.547,2.313,-2.082,5.175,1.747,-0.328,2.075
Nicolas Batum,201587,9967,9939,36.0,0.428,-1.118,1.546,1.192,1.105,1.626,-1.909,2.765,-3.285,1.048,-1.641,4.734,4.357,-1.527,5.884
Mike Muscala,203488,4536,4481,34.0,0.413,-1.115,1.528,1.476,1.329,1.985,-2.481,3.306,-3.72,1.489,-2.363,5.419,2.879,-1.317,4.196
Caleb Martin,1628997,12368,12405,29.0,0.182,-1.338,1.52,1.171,1.085,1.596,-2.113,2.477,-3.464,0.788,-1.608,4.649,0.445,-1.305,1.75
John Konchar,1629723,8370,8392,29.0,-0.104,-1.622,1.518,1.279,1.171,1.736,-2.611,2.402,-3.917,0.673,-1.885,4.921,0.159,-1.589,1.748
Aaron Holiday,1628988,6513,6517,28.0,-0.606,-2.1,1.495,1.332,1.214,1.803,-3.216,2.004,-4.481,0.28,-2.04,5.029,-0.52,-2.074,1.553
Svi Mykhailiuk,1629004,3275,3268,28.0,0.296,-1.195,1.492,1.622,1.429,2.16,-2.882,3.475,-3.997,1.606,-2.741,5.725,0.382,-1.169,1.551
Robert Covington,203496,6628,6610,34.0,-0.686,-2.177,1.491,1.36,1.235,1.836,-3.352,1.981,-4.598,0.245,-2.107,5.089,1.781,-2.378,4.159
Alex Len,203458,2673,2683,32.0,-0.962,-2.452,1.49,1.731,1.5,2.291,-4.354,2.43,-5.392,0.487,-2.999,5.98,0.368,-2.509,2.877
Miles McBride,1630540,4892,4962,24.0,-0.545,-2.005,1.46,1.497,1.334,2.004,-3.479,2.39,-4.619,0.609,-2.467,5.388,-0.227,-2.216,1.989
Wendell Carter Jr.,1628976,10077,10076,26.0,-0.721,-2.174,1.453,1.402,1.249,1.88,-3.469,2.027,-4.623,0.275,-2.232,5.139,-0.713,-2.222,1.51
Kevin Love,201567,8726,8681,36.0,0.069,-1.372,1.441,1.234,1.138,1.679,-2.35,2.489,-3.602,0.858,-1.849,4.732,3.998,-1.781,5.779
Miles Bridges,1628970,11115,11113,27.0,1.418,-0.009,1.427,1.305,1.177,1.76,-1.141,3.977,-2.316,2.297,-2.022,4.877,1.418,-0.009,1.427
T.J. McConnell,204456,7319,7307,33.0,0.883,-0.527,1.41,1.389,1.248,1.87,-1.84,3.607,-2.973,1.92,-2.254,5.075,2.74,-0.648,3.388
Paul Reed,1630194,5865,5910,26.0,1.196,-0.204,1.399,1.461,1.302,1.955,-1.669,4.06,-2.755,2.348,-2.433,5.232,1.204,-0.252,1.456
Spencer Dinwiddie,203915,15008,15049,32.0,1.116,-0.263,1.379,1.065,0.994,1.455,-0.97,3.203,-2.211,1.684,-1.472,4.231,2.446,-0.32,2.766
LaMelo Ball,1630163,9378,9370,23.0,2.681,1.309,1.372,1.335,1.211,1.805,0.065,5.298,-1.064,3.682,-2.166,4.911,3.304,0.981,2.323
Frank Ntilikina,1628373,2945,2971,26.0,-0.755,-2.091,1.336,1.668,1.458,2.216,-4.024,2.514,-4.948,0.767,-3.008,5.679,-0.746,-2.138,1.392
Jae Crowder,203109,7855,7884,34.0,0.386,-0.948,1.334,1.33,1.211,1.794,-2.222,2.993,-3.321,1.425,-2.183,4.851,2.852,-1.15,4.002
Luguentz Dort,1629652,12990,13028,26.0,0.351,-0.944,1.295,1.339,1.204,1.805,-2.274,2.975,-3.305,1.417,-2.242,4.832,0.359,-0.992,1.351
Kris Dunn,1627739,4505,4526,31.0,2.066,0.779,1.287,1.531,1.359,2.049,-0.934,5.066,-1.885,3.442,-2.729,5.304,2.953,0.77,2.184
Solomon Hill,203524,279,274,,0.179,-1.104,1.283,2.259,1.82,2.901,-4.248,4.606,-4.671,2.462,-4.402,6.969,0.179,-1.104,1.283
Luke Kornet,1628436,3875,3883,29.0,1.229,-0.039,1.268,1.624,1.425,2.16,-1.954,4.412,-2.832,2.754,-2.967,5.502,1.492,-0.005,1.497
Neemias Queta,1629674,980,980,25.0,1.408,0.145,1.263,2.035,1.695,2.648,-2.582,5.397,-3.176,3.466,-3.928,6.453,1.521,0.027,1.494
Max Strus,1629622,14712,14647,29.0,0.334,-0.909,1.243,1.091,1.017,1.495,-1.805,2.472,-2.901,1.083,-1.687,4.172,0.597,-0.875,1.472
Nickeil Alexander-Walker,1629638,9178,9186,26.0,-0.18,-1.412,1.232,1.218,1.123,1.653,-2.566,2.207,-3.613,0.789,-2.008,4.473,-0.171,-1.46,1.289
Zach LaVine,203897,12535,12529,30.0,0.606,-0.615,1.221,1.289,1.168,1.741,-1.921,3.132,-2.905,1.674,-2.192,4.634,1.137,-0.594,1.731
Jordan Walsh,1641775,166,160,21.0,0.394,-0.807,1.201,2.304,1.844,2.951,-4.123,4.91,-4.421,2.806,-4.583,6.985,1.941,-1.448,3.389
Amen Thompson,1641708,2910,2898,22.0,-0.03,-1.208,1.178,1.738,1.504,2.297,-3.436,3.376,-4.155,1.739,-3.324,5.68,1.002,-1.679,2.681
Jeremy Lamb,203087,1888,1886,,0.453,-0.72,1.173,1.839,1.574,2.42,-3.151,4.057,-3.805,2.366,-3.57,5.915,0.453,-0.72,1.173
Andre Iguodala,2738,1561,1564,,-0.684,-1.841,1.157,1.915,1.62,2.509,-4.438,3.069,-5.017,1.335,-3.759,6.074,-0.684,-1.841,1.157
Onyeka Okongwu,1630168,9397,9409,24.0,1.044,-0.103,1.147,1.408,1.247,1.881,-1.715,3.803,-2.546,2.341,-2.54,4.833,1.362,-0.313,1.675
Dereon Seabron,1631220,139,139,25.0,0.524,-0.622,1.146,2.316,1.848,2.963,-4.015,5.062,-4.244,3.0,-4.661,6.953,0.638,-0.74,1.377
Derrick Jones Jr.,1627884,7595,7617,28.0,-0.915,-2.032,1.117,1.298,1.186,1.758,-3.458,1.628,-4.356,0.292,-2.328,4.562,-0.829,-2.005,1.176
Jordan Clarkson,203903,12150,12132,33.0,1.329,0.214,1.114,1.212,1.108,1.646,-1.047,3.704,-1.956,2.385,-2.111,4.34,3.186,0.093,3.092
Tobias Harris,202699,16344,16333,32.0,0.413,-0.689,1.101,1.246,1.131,1.682,-2.029,2.854,-2.907,1.529,-2.196,4.399,1.742,-0.745,2.488
Tristan Vukcevic,1641774,335,332,22.0,-0.136,-1.208,1.072,2.24,1.809,2.879,-4.526,4.254,-4.754,2.338,-4.571,6.715,0.896,-1.679,2.575
Cameron Payne,1626166,7989,7982,30.0,-0.475,-1.53,1.055,1.276,1.169,1.731,-2.977,2.027,-3.822,0.762,-2.337,4.447,0.056,-1.509,1.565
Enes Freedom,202683,831,820,,0.275,-0.776,1.051,2.087,1.726,2.708,-3.816,4.366,-4.159,2.606,-4.257,6.359,0.275,-0.776,1.051
Boban Marjanovic,1626246,770,767,36.0,-0.237,-1.287,1.05,2.093,1.728,2.715,-4.339,3.866,-4.675,2.101,-4.27,6.371,3.692,-1.696,5.388
Coby White,1629632,13108,13097,25.0,2.139,1.09,1.049,1.196,1.102,1.627,-0.205,4.483,-1.07,3.251,-2.141,4.239,2.253,0.973,1.28
Kentavious Caldwell-Pope,203484,15868,15833,32.0,0.497,-0.53,1.027,1.213,1.106,1.643,-1.88,2.874,-2.697,1.637,-2.194,4.248,1.827,-0.587,2.414
Dalen Terry,1631207,1864,1860,22.0,0.339,-0.688,1.027,1.841,1.576,2.423,-3.268,3.947,-3.778,2.402,-3.722,5.776,1.371,-1.159,2.53
Terance Mann,1629611,12617,12674,28.0,0.574,-0.43,1.004,1.173,1.084,1.597,-1.725,2.873,-2.554,1.693,-2.127,4.135,0.659,-0.404,1.063
Jevon Carter,1628975,8002,8048,29.0,-1.501,-2.471,0.97,1.25,1.149,1.694,-3.95,0.949,-4.723,-0.219,-2.35,4.291,-1.237,-2.437,1.2
Buddy Boeheim,1631205,347,350,25.0,0.342,-0.619,0.962,2.235,1.805,2.873,-4.037,4.722,-4.157,2.919,-4.669,6.592,0.456,-0.737,1.193
Trae Young,1629027,16151,16114,26.0,2.129,1.172,0.957,1.256,1.136,1.698,-0.332,4.591,-1.055,3.4,-2.37,4.284,2.138,1.125,1.013
Josh Minott,1631169,433,428,22.0,0.473,-0.48,0.952,2.214,1.794,2.849,-3.867,4.812,-3.996,3.036,-4.633,6.537,1.504,-0.951,2.455
Dyson Daniels,1630700,4923,4976,22.0,-0.269,-1.189,0.92,1.479,1.323,1.984,-3.169,2.63,-3.783,1.404,-2.968,4.808,0.763,-1.66,2.423
Cameron Johnson,1629661,10159,10140,29.0,-0.088,-0.991,0.903,1.252,1.147,1.696,-2.541,2.365,-3.239,1.257,-2.422,4.227,0.175,-0.957,1.132
Tyus Jones,1626145,12208,12188,29.0,1.405,0.515,0.89,1.203,1.099,1.629,-0.952,3.762,-1.64,2.669,-2.302,4.082,1.668,0.548,1.12
Nemanja Bjelica,202357,2606,2599,,-0.19,-1.072,0.882,1.769,1.524,2.336,-3.658,3.277,-4.059,1.915,-3.698,5.461,-0.19,-1.072,0.882
Wesley Matthews,202083,5428,5500,38.0,-0.769,-1.642,0.873,1.415,1.278,1.908,-3.543,2.005,-4.148,0.863,-2.866,4.612,4.936,-2.316,7.252
Andrew Wiggins,203952,13798,13802,30.0,-0.78,-1.646,0.866,1.248,1.141,1.694,-3.226,1.666,-3.882,0.589,-2.453,4.186,-0.249,-1.625,1.376
Taj Gibson,201959,3241,3250,40.0,-0.54,-1.402,0.862,1.631,1.434,2.171,-3.736,2.656,-4.212,1.409,-3.392,5.116,7.243,-2.397,9.641
Jarace Walker,1641716,714,716,21.0,0.786,-0.074,0.86,2.12,1.742,2.744,-3.37,4.941,-3.488,3.339,-4.518,6.237,2.333,-0.715,3.048
Marcus Garrett,1630585,243,247,,0.911,0.086,0.825,2.274,1.826,2.917,-3.547,5.369,-3.493,3.665,-4.893,6.542,0.911,0.086,0.825
Jalen Smith,1630188,6760,6766,25.0,0.881,0.062,0.818,1.359,1.233,1.836,-1.783,3.545,-2.354,2.479,-2.781,4.418,0.994,-0.055,1.05
Ben Simmons,1627732,3014,3032,28.0,0.052,-0.765,0.817,1.689,1.474,2.24,-3.259,3.363,-3.653,2.123,-3.574,5.208,0.138,-0.738,0.876
Day'Ron Sharpe,1630549,3833,3832,23.0,0.776,-0.024,0.8,1.595,1.406,2.126,-2.351,3.903,-2.78,2.732,-3.367,4.966,1.398,-0.352,1.75
Edmond Sumner,1628410,1546,1553,,0.263,-0.536,0.799,1.917,1.621,2.51,-3.493,4.02,-3.713,2.642,-4.121,5.718,0.263,-0.536,0.799
Kevon Harris,1630284,954,957,28.0,0.404,-0.382,0.786,2.045,1.7,2.659,-3.605,4.413,-3.713,2.949,-4.426,5.997,0.489,-0.355,0.844
Xavier Cooks,1641645,280,283,,0.487,-0.291,0.778,2.27,1.822,2.911,-3.961,4.936,-3.863,3.281,-4.926,6.483,0.487,-0.291,0.778
Adama Sanogo,1641766,138,133,23.0,0.279,-0.47,0.75,2.317,1.85,2.965,-4.262,4.82,-4.096,3.155,-5.061,6.561,0.902,-0.798,1.701
Wenyen Gabriel,1629117,3060,3083,28.0,0.5,-0.209,0.709,1.668,1.457,2.215,-2.769,3.768,-3.065,2.647,-3.633,5.05,0.585,-0.182,0.767
Jared Rhoden,1631197,895,889,25.0,0.732,0.029,0.703,2.067,1.713,2.685,-3.319,4.782,-3.329,3.387,-4.559,5.965,0.845,-0.089,0.934
Cason Wallace,1641717,3498,3516,21.0,-0.303,-0.998,0.695,1.658,1.448,2.2,-3.552,2.947,-3.835,1.84,-3.616,5.006,1.245,-1.639,2.883
Bradley Beal,203078,9972,9951,32.0,0.317,-0.36,0.677,1.231,1.132,1.675,-2.096,2.73,-2.579,1.86,-2.606,3.959,1.647,-0.417,2.063
Malcolm Brogdon,1627763,9100,9081,32.0,0.087,-0.588,0.675,1.208,1.117,1.645,-2.281,2.456,-2.778,1.602,-2.548,3.899,1.417,-0.645,2.062
Alperen Sengun,1630578,11752,11690,22.0,0.901,0.232,0.669,1.301,1.177,1.755,-1.649,3.452,-2.075,2.54,-2.772,4.11,1.933,-0.239,2.172
Walker Kessler,1631117,6594,6603,23.0,-0.024,-0.692,0.668,1.441,1.291,1.936,-2.848,2.8,-3.223,1.839,-3.126,4.461,0.599,-1.02,1.619
Jonas Valanciunas,202685,13058,13008,33.0,1.209,0.546,0.663,1.328,1.19,1.787,-1.395,3.813,-1.787,2.879,-2.839,4.166,3.066,0.425,2.641
Toumani Camara,1641739,3486,3503,25.0,-1.465,-2.124,0.66,1.675,1.459,2.221,-4.747,1.818,-4.985,0.736,-3.693,5.012,-1.351,-2.242,0.891
Kyle Anderson,203937,11576,11587,31.0,-1.028,-1.676,0.648,1.15,1.068,1.567,-3.282,1.226,-3.77,0.417,-2.422,3.718,-0.141,-1.685,1.544
Sidy Cissoko,1631321,300,302,21.0,-0.446,-1.089,0.643,2.254,1.816,2.895,-4.864,3.972,-4.648,2.47,-5.031,6.316,1.101,-1.73,2.831
Mac McClung,1630644,136,135,,0.309,-0.322,0.631,2.317,1.849,2.965,-4.233,4.851,-3.947,3.303,-5.18,6.442,0.309,-0.322,0.631
Nik Stauskas,203917,123,127,,-0.089,-0.697,0.608,2.322,1.85,2.969,-4.64,4.462,-4.324,2.93,-5.211,6.427,-0.089,-0.697,0.608
Matisse Thybulle,1629680,9046,9119,28.0,-1.773,-2.374,0.601,1.222,1.126,1.661,-4.167,0.621,-4.58,-0.168,-2.654,3.855,-1.687,-2.347,0.66
Stanley Johnson,1626169,3195,3224,,2.373,1.782,0.591,1.651,1.446,2.195,-0.862,5.608,-1.053,4.617,-3.711,4.892,2.373,1.782,0.591
Tim Hardaway Jr.,203501,11172,11189,33.0,0.372,-0.211,0.583,1.202,1.11,1.637,-1.985,2.729,-2.387,1.964,-2.626,3.793,2.229,-0.333,2.561
Bobby Portis,1626171,12896,12848,30.0,1.046,0.467,0.579,1.165,1.078,1.589,-1.238,3.331,-1.645,2.579,-2.536,3.695,1.578,0.489,1.089
Braxton Key,1630296,567,566,28.0,-0.187,-0.763,0.576,2.163,1.766,2.792,-4.426,4.052,-4.225,2.698,-4.897,6.05,-0.101,-0.737,0.635
Moritz Wagner,1629021,7189,7196,28.0,0.423,-0.152,0.575,1.435,1.276,1.922,-2.391,3.236,-2.653,2.349,-3.192,4.342,0.508,-0.125,0.634
Gordon Hayward,202330,9150,9149,35.0,-0.845,-1.41,0.565,1.27,1.164,1.725,-3.335,1.644,-3.691,0.871,-2.816,3.946,2.313,-1.708,4.02
Vasilije Micic,203995,2351,2361,31.0,0.765,0.203,0.561,1.8,1.545,2.371,-2.764,4.294,-2.825,3.232,-4.085,5.208,1.652,0.194,1.458
Hassani Gravett,1629755,331,331,,0.29,-0.267,0.556,2.242,1.81,2.882,-4.106,4.685,-3.814,3.281,-5.092,6.204,0.29,-0.267,0.556
Marko Simonovic,1630250,110,116,,0.072,-0.476,0.548,2.328,1.853,2.975,-4.49,4.635,-4.108,3.156,-5.283,6.38,0.072,-0.476,0.548
Isaac Okoro,1630171,11235,11334,24.0,0.189,-0.351,0.54,1.226,1.128,1.667,-2.213,2.591,-2.562,1.859,-2.728,3.808,0.506,-0.562,1.068
Josh Okogie,1629006,6212,6254,26.0,-1.745,-2.275,0.53,1.359,1.235,1.836,-4.41,0.919,-4.697,0.146,-3.068,4.129,-1.736,-2.323,0.587
Dennis Smith Jr.,1628372,6287,6321,27.0,-2.5,-3.002,0.502,1.357,1.231,1.835,-5.159,0.159,-5.415,-0.588,-3.094,4.098,-2.5,-3.002,0.502
Mason Plumlee,203486,9580,9600,35.0,-0.046,-0.54,0.494,1.292,1.175,1.749,-2.579,2.487,-2.843,1.763,-2.934,3.922,3.112,-0.838,3.95
Josh Green,1630182,8556,8593,24.0,0.391,-0.1,0.491,1.27,1.164,1.725,-2.098,2.881,-2.382,2.182,-2.889,3.872,0.709,-0.31,1.019
Cody Martin,1628998,5649,5683,29.0,0.524,0.037,0.486,1.45,1.302,1.949,-2.318,3.365,-2.515,2.589,-3.334,4.307,0.787,0.071,0.716
Ron Harper Jr.,1631199,103,101,25.0,0.388,-0.086,0.474,2.331,1.856,2.98,-4.18,4.957,-3.724,3.553,-5.366,6.315,0.502,-0.204,0.706
KZ Okpala,1629644,987,1021,,-0.782,-1.256,0.474,2.026,1.685,2.635,-4.753,3.19,-4.558,2.046,-4.691,5.639,-0.782,-1.256,0.474
Anthony Lamb,1630237,2553,2547,,-0.021,-0.49,0.469,1.748,1.515,2.312,-3.447,3.406,-3.459,2.479,-4.061,5.0,-0.021,-0.49,0.469
Cole Anthony,1630175,10999,11006,25.0,0.37,-0.092,0.461,1.268,1.154,1.715,-2.116,2.855,-2.353,2.17,-2.901,3.823,0.483,-0.209,0.693
Ausar Thompson,1641709,3263,3309,22.0,-0.753,-1.207,0.454,1.681,1.464,2.227,-4.049,2.542,-4.076,1.662,-3.912,4.819,0.278,-1.678,1.957
Bones Hyland,1630538,6307,6304,24.0,1.482,1.027,0.454,1.378,1.248,1.859,-1.219,4.183,-1.419,3.473,-3.19,4.098,1.799,0.817,0.983
Jules Bernard,1631262,317,315,25.0,0.065,-0.38,0.445,2.251,1.814,2.891,-4.346,4.476,-3.936,3.176,-5.221,6.111,0.179,-0.498,0.677
Jordan Ford,1630259,41,42,27.0,0.385,-0.056,0.441,2.358,1.869,3.009,-4.236,5.006,-3.719,3.608,-5.457,6.338,0.385,-0.056,0.441
Paolo Banchero,1631094,10695,10686,22.0,0.86,0.42,0.44,1.384,1.234,1.852,-1.853,3.573,-1.999,2.839,-3.19,4.071,1.892,-0.051,1.943
Rodney Hood,203918,1434,1444,,0.081,-0.352,0.433,1.929,1.629,2.524,-3.7,3.862,-3.545,2.842,-4.514,5.379,0.081,-0.352,0.433
Ochai Agbaji,1630534,5934,5961,25.0,0.35,-0.079,0.428,1.439,1.29,1.932,-2.47,3.17,-2.608,2.45,-3.358,4.215,0.463,-0.196,0.66
Jaden McDaniels,1630183,13390,13385,24.0,-0.423,-0.851,0.428,1.204,1.109,1.638,-2.783,1.936,-3.024,1.322,-2.782,3.637,-0.106,-1.062,0.956
Drew Peterson,1641809,47,49,25.0,0.482,0.056,0.427,2.355,1.868,3.006,-4.134,5.099,-3.605,3.716,-5.465,6.318,0.596,-0.062,0.658
Jared Harper,1629607,82,79,,0.889,0.463,0.426,2.34,1.861,2.99,-3.698,5.475,-3.185,4.111,-5.435,6.286,0.889,0.463,0.426
Devin Cannady,1629962,294,299,,0.326,-0.097,0.423,2.258,1.817,2.899,-4.1,4.753,-3.658,3.465,-5.259,6.105,0.326,-0.097,0.423
Sekou Doumbouya,1629635,36,35,,-0.09,-0.512,0.421,2.36,1.871,3.012,-4.716,4.535,-4.179,3.155,-5.481,6.324,-0.09,-0.512,0.421
Trevelin Queen,1630243,619,618,28.0,-0.056,-0.473,0.418,2.137,1.753,2.765,-4.245,4.133,-3.91,2.963,-5.001,5.836,0.03,-0.447,0.477
Lonzo Ball,1628366,2499,2491,,-0.78,-1.186,0.406,1.769,1.527,2.337,-4.246,2.687,-4.179,1.807,-4.174,4.986,-0.78,-1.186,0.406
Mark Williams,1631109,2791,2787,23.0,-0.572,-0.971,0.399,1.755,1.513,2.317,-4.012,2.867,-3.937,1.995,-4.143,4.941,0.051,-1.299,1.35
Nate Williams,1631466,551,553,26.0,0.507,0.117,0.39,2.166,1.768,2.796,-3.739,4.752,-3.348,3.582,-5.09,5.87,0.515,0.069,0.446
Rodney McGruder,203585,2652,2656,,-0.157,-0.545,0.388,1.72,1.496,2.281,-3.529,3.215,-3.477,2.387,-4.082,4.858,-0.157,-0.545,0.388
Cameron McGriff,1630787,91,90,,0.488,0.103,0.385,2.336,1.859,2.985,-4.09,5.067,-3.539,3.746,-5.466,6.236,0.488,0.103,0.385
Gabe York,1628221,168,161,,0.455,0.075,0.38,2.303,1.843,2.95,-4.058,4.969,-3.538,3.688,-5.401,6.162,0.455,0.075,0.38
Duop Reath,1641871,2438,2441,29.0,1.098,0.724,0.374,1.807,1.548,2.379,-2.445,4.641,-2.31,3.758,-4.289,5.037,1.361,0.758,0.604
Willy Hernangomez,1626195,2714,2730,,0.67,0.297,0.373,1.733,1.499,2.293,-2.727,4.067,-2.641,3.236,-4.121,4.868,0.67,0.297,0.373
Dennis Schroder,203471,13573,13568,31.0,-0.672,-1.032,0.36,1.044,0.98,1.429,-2.718,1.374,-2.952,0.889,-2.441,3.161,0.215,-1.041,1.256
Aaron Nesmith,1630174,9289,9304,25.0,0.571,0.214,0.357,1.303,1.185,1.762,-1.982,3.124,-2.109,2.538,-3.097,3.81,0.685,0.097,0.588
Jalen McDaniels,1629667,7150,7186,27.0,-0.452,-0.804,0.352,1.304,1.193,1.767,-3.008,2.104,-3.142,1.534,-3.111,3.816,-0.452,-0.804,0.352
Jason Preston,1630554,408,404,25.0,0.444,0.105,0.339,2.217,1.796,2.852,-3.901,4.789,-3.415,3.626,-5.251,5.929,0.558,-0.012,0.57
CJ McCollum,203468,14935,14871,33.0,1.418,1.087,0.331,1.2,1.098,1.63,-0.935,3.77,-1.065,3.238,-2.863,3.525,3.274,0.965,2.309
Grayson Allen,1628960,13996,13947,29.0,-0.148,-0.479,0.331,1.157,1.068,1.577,-2.416,2.12,-2.573,1.614,-2.761,3.423,0.115,-0.446,0.561
Jerome Robinson,1629010,165,168,28.0,-0.242,-0.569,0.326,2.307,1.843,2.953,-4.764,4.28,-4.18,3.043,-5.461,6.114,-0.157,-0.542,0.385
Amari Bailey,1641735,125,123,21.0,0.414,0.09,0.324,2.323,1.852,2.971,-4.138,4.967,-3.54,3.721,-5.499,6.147,1.962,-0.551,2.512
Rui Hachimura,1629060,9743,9741,27.0,-0.058,-0.382,0.324,1.202,1.112,1.639,-2.414,2.297,-2.562,1.798,-2.889,3.536,-0.058,-0.382,0.324
Jarron Cumberland,1629600,25,25,,0.311,-0.003,0.314,2.365,1.873,3.017,-4.324,4.946,-3.674,3.668,-5.599,6.227,0.311,-0.003,0.314
Gabriel Lundberg,1630994,96,95,,0.368,0.057,0.312,2.334,1.858,2.983,-4.207,4.944,-3.584,3.698,-5.536,6.159,0.368,0.057,0.312
Patrick Beverley,201976,10156,10208,36.0,-1.226,-1.536,0.31,1.152,1.07,1.571,-3.484,1.032,-3.634,0.562,-2.769,3.388,2.703,-1.945,4.648
Oscar Tshiebwe,1631131,94,92,25.0,-0.017,-0.323,0.306,2.335,1.858,2.984,-4.594,4.559,-3.965,3.319,-5.543,6.155,0.096,-0.441,0.537
Armoni Brooks,1629717,1961,1955,27.0,0.543,0.24,0.303,1.821,1.564,2.401,-3.026,4.113,-2.826,3.306,-4.402,5.009,0.543,0.24,0.303
Wes Iwundu,1628411,163,162,,0.375,0.089,0.285,2.306,1.843,2.952,-4.145,4.894,-3.524,3.703,-5.501,6.072,0.375,0.089,0.285
Nate Hinton,1630207,171,174,26.0,0.144,-0.135,0.279,2.303,1.841,2.949,-4.37,4.658,-3.743,3.473,-5.5,6.058,0.152,-0.183,0.335
Jalen Duren,1631105,7043,7034,21.0,-0.237,-0.51,0.273,1.444,1.288,1.934,-3.067,2.592,-3.034,2.013,-3.517,4.064,1.31,-1.151,2.462
P.J. Washington,1629023,13354,13360,26.0,-0.283,-0.554,0.271,1.152,1.065,1.568,-2.54,1.975,-2.641,1.533,-2.802,3.345,-0.274,-0.602,0.328
Markus Howard,1630210,354,351,,0.73,0.464,0.266,2.234,1.806,2.873,-3.649,5.108,-3.076,4.003,-5.364,5.896,0.73,0.464,0.266
Jalen Wilson,1630592,1309,1299,24.0,0.568,0.304,0.264,1.97,1.655,2.573,-3.293,4.429,-2.941,3.549,-4.779,5.307,0.886,0.093,0.792
Cat Barber,1627760,27,27,,0.21,-0.047,0.257,2.364,1.873,3.016,-4.423,4.844,-3.718,3.623,-5.654,6.168,0.21,-0.047,0.257
Ashton Hagans,1630204,614,607,25.0,-0.11,-0.366,0.256,2.151,1.761,2.78,-4.326,4.106,-3.818,3.085,-5.192,5.705,0.004,-0.484,0.488
Javin DeLaurier,1629602,6,7,,0.243,-0.01,0.253,2.374,1.877,3.026,-4.409,4.896,-3.689,3.67,-5.679,6.184,0.243,-0.01,0.253
Donovan Williams,1631495,9,9,,0.133,-0.119,0.252,2.372,1.877,3.025,-4.517,4.782,-3.797,3.559,-5.677,6.18,0.133,-0.119,0.252
Henri Drell,1630929,64,64,25.0,0.295,0.05,0.245,2.348,1.865,2.998,-4.307,4.897,-3.604,3.705,-5.632,6.122,0.409,-0.067,0.476
RaiQuan Gray,1630564,152,153,25.0,0.59,0.349,0.241,2.312,1.846,2.959,-3.942,5.122,-3.269,3.968,-5.558,6.04,0.704,0.232,0.472
Lester Quinones,1631311,845,844,24.0,-0.689,-0.929,0.24,2.082,1.721,2.701,-4.77,3.392,-4.302,2.443,-5.053,5.534,-0.371,-1.14,0.769
Jarred Vanderbilt,1629020,9876,9941,26.0,0.411,0.177,0.234,1.222,1.123,1.658,-1.983,2.805,-2.023,2.378,-3.016,3.483,0.42,0.13,0.29
Eric Gordon,201569,11796,11792,36.0,0.222,-0.007,0.229,1.119,1.044,1.525,-1.971,2.415,-2.054,2.04,-2.76,3.218,4.151,-0.416,4.567
Vince Williams Jr.,1631246,3117,3112,24.0,-0.747,-0.972,0.225,1.686,1.471,2.237,-4.051,2.557,-3.856,1.912,-4.159,4.609,-0.429,-1.182,0.753
Cameron Oliver,1628419,87,88,,0.413,0.19,0.223,2.338,1.859,2.987,-4.169,4.996,-3.454,3.835,-5.632,6.078,0.413,0.19,0.223
Carlik Jones,1630637,165,170,,-0.002,-0.224,0.222,2.304,1.841,2.949,-4.518,4.515,-3.833,3.385,-5.559,6.003,-0.002,-0.224,0.222
Daniel Theis,1628464,4706,4704,33.0,-1.063,-1.281,0.218,1.477,1.325,1.984,-3.958,1.833,-3.878,1.317,-3.671,4.107,0.794,-1.402,2.196
LaMarcus Aldridge,200746,2175,2167,,-0.007,-0.222,0.215,1.837,1.57,2.416,-3.608,3.594,-3.299,2.854,-4.521,4.952,-0.007,-0.222,0.215
Craig Porter Jr.,1641854,1279,1280,25.0,0.994,0.793,0.202,1.983,1.661,2.586,-2.892,4.881,-2.463,4.049,-4.868,5.271,1.108,0.675,0.433
Ryan Rollins,1631157,296,295,22.0,-0.834,-1.03,0.197,2.254,1.816,2.894,-5.251,3.584,-4.59,2.529,-5.476,5.87,0.198,-1.501,1.7
Jarrell Brantley,1629714,80,79,,-0.1,-0.293,0.193,2.34,1.861,2.99,-4.687,4.487,-3.94,3.355,-5.668,6.053,-0.1,-0.293,0.193
Deonte Burton,1629126,14,14,,0.272,0.083,0.189,2.37,1.876,3.022,-4.374,4.917,-3.593,3.759,-5.735,6.112,0.272,0.083,0.189
Chandler Hutchison,1628990,50,49,,-0.088,-0.277,0.189,2.354,1.868,3.005,-4.701,4.525,-3.937,3.384,-5.7,6.078,-0.088,-0.277,0.189
Andrew Funk,1641847,25,26,25.0,0.125,-0.047,0.172,2.365,1.873,3.017,-4.511,4.76,-3.718,3.624,-5.741,6.085,0.239,-0.165,0.403
Trey Murphy III,1630530,10774,10732,25.0,0.037,-0.134,0.17,1.254,1.15,1.703,-2.421,2.495,-2.388,2.121,-3.167,3.508,0.151,-0.251,0.402
Reggie Bullock Jr.,203493,10625,10609,34.0,-0.328,-0.496,0.168,1.241,1.14,1.687,-2.76,2.104,-2.731,1.739,-3.138,3.475,2.139,-0.698,2.836
Leonard Miller,1631159,114,114,21.0,-0.025,-0.189,0.164,2.328,1.854,2.976,-4.589,4.538,-3.823,3.445,-5.67,5.997,1.522,-0.83,2.352
Greg Monroe,202328,412,413,,0.245,0.084,0.161,2.207,1.791,2.842,-4.081,4.571,-3.427,3.595,-5.41,5.732,0.245,0.084,0.161
Sasha Vezenkov,1628426,1085,1088,29.0,0.17,0.01,0.159,2.015,1.682,2.624,-3.779,4.119,-3.286,3.306,-4.984,5.303,0.433,0.044,0.389
Markquis Nowell,1641806,7,6,25.0,0.042,-0.109,0.151,2.373,1.877,3.026,-4.61,4.693,-3.789,3.57,-5.78,6.082,0.155,-0.227,0.382
Gui Santos,1630611,397,400,23.0,0.104,-0.046,0.15,2.222,1.798,2.858,-4.251,4.459,-3.57,3.477,-5.451,5.752,0.727,-0.374,1.101
Jamorko Pickett,1630691,369,367,,0.122,-0.028,0.15,2.229,1.803,2.868,-4.248,4.492,-3.563,3.506,-5.47,5.771,0.122,-0.028,0.15
Shaquille Harrison,1627885,369,369,31.0,-0.004,-0.151,0.147,2.23,1.803,2.867,-4.374,4.366,-3.684,3.382,-5.472,5.767,0.883,-0.16,1.044
Izaiah Brockington,1631167,8,9,25.0,0.132,-0.011,0.143,2.373,1.877,3.025,-4.519,4.782,-3.69,3.667,-5.786,6.073,0.245,-0.129,0.374
Malik Monk,1628370,12315,12209,27.0,0.559,0.417,0.142,1.159,1.071,1.577,-1.712,2.83,-1.682,2.515,-2.949,3.234,0.559,0.417,0.142
Tre Scott,1630286,24,24,,-0.005,-0.147,0.142,2.366,1.873,3.018,-4.642,4.631,-3.819,3.524,-5.772,6.056,-0.005,-0.147,0.142
Quinndary Weatherspoon,1629683,149,149,,0.579,0.44,0.14,2.311,1.846,2.958,-3.95,5.109,-3.178,4.057,-5.657,5.937,0.579,0.44,0.14
Malcolm Cazalon,1630608,6,5,23.0,0.162,0.024,0.138,2.374,1.878,3.027,-4.49,4.814,-3.656,3.705,-5.794,6.07,0.785,-0.304,1.088
Filip Petrusev,1630196,17,19,25.0,0.028,-0.103,0.131,2.369,1.874,3.021,-4.615,4.67,-3.777,3.571,-5.79,6.051,0.141,-0.221,0.362
Bismack Biyombo,202687,4753,4760,32.0,-0.288,-0.418,0.131,1.492,1.332,2.0,-3.212,2.637,-3.029,2.192,-3.789,4.051,1.042,-0.475,1.517
AJ Griffin,1631100,3283,3293,21.0,-0.047,-0.161,0.113,1.647,1.446,2.19,-3.276,3.181,-2.994,2.673,-4.179,4.405,1.5,-0.802,2.302
DeAndre' Bembry,1627761,2087,2117,,-0.006,-0.116,0.11,1.828,1.563,2.405,-3.589,3.577,-3.179,2.947,-4.604,4.823,-0.006,-0.116,0.11
Jordan Schakel,1630648,72,73,,-0.11,-0.22,0.11,2.344,1.862,2.994,-4.704,4.484,-3.87,3.43,-5.757,5.978,-0.11,-0.22,0.11
Robert Woodard II,1630218,88,83,,-0.083,-0.193,0.109,2.338,1.86,2.988,-4.666,4.499,-3.839,3.454,-5.747,5.966,-0.083,-0.193,0.109
Kevin Porter Jr.,1629645,8132,8126,,0.012,-0.09,0.102,1.419,1.272,1.905,-2.769,2.793,-2.584,2.404,-3.632,3.837,0.012,-0.09,0.102
Matt Thomas,1629744,941,937,,-0.172,-0.27,0.099,2.06,1.708,2.676,-4.21,3.867,-3.618,3.078,-5.145,5.343,-0.172,-0.27,0.099
Olivier Sarr,1630846,1302,1304,26.0,-1.03,-1.128,0.098,1.98,1.659,2.584,-4.91,2.85,-4.38,2.124,-4.966,5.162,-1.021,-1.176,0.155
Caris LeVert,1627747,12465,12449,30.0,0.081,-0.015,0.096,1.132,1.055,1.549,-2.138,2.3,-2.082,2.052,-2.941,3.132,0.612,0.007,0.605
Jaden Springer,1630531,1273,1279,22.0,0.219,0.124,0.095,1.965,1.652,2.565,-3.632,4.069,-3.113,3.362,-4.933,5.122,1.251,-0.347,1.597
Colby Jones,1641732,388,388,23.0,-0.666,-0.751,0.086,2.219,1.798,2.856,-5.016,3.684,-4.275,2.772,-5.512,5.684,-0.043,-1.079,1.037
Willie Cauley-Stein,1626161,380,378,,-0.753,-0.831,0.079,2.221,1.799,2.859,-5.107,3.601,-4.358,2.695,-5.524,5.682,-0.753,-0.831,0.079
Craig Sword,1628591,34,36,,-0.108,-0.185,0.078,2.361,1.871,3.012,-4.735,4.519,-3.852,3.481,-5.826,5.981,-0.108,-0.185,0.078
Raul Neto,203526,3748,3765,,0.143,0.065,0.078,1.587,1.403,2.119,-2.967,3.254,-2.684,2.814,-4.075,4.232,0.143,0.065,0.078
Ahmad Caver,1629958,2,2,,0.066,-0.01,0.076,2.376,1.878,3.028,-4.59,4.723,-3.691,3.672,-5.86,6.012,0.066,-0.01,0.076
Jordan Bell,1628395,4,4,,0.136,0.06,0.076,2.375,1.878,3.027,-4.518,4.79,-3.621,3.741,-5.858,6.01,0.136,0.06,0.076
Adam Flagler,1641745,30,31,25.0,0.042,-0.033,0.075,2.363,1.872,3.014,-4.589,4.673,-3.702,3.636,-5.833,5.983,0.156,-0.151,0.307
Petr Cornelie,1627822,83,81,,-0.053,-0.124,0.071,2.339,1.861,2.989,-4.638,4.532,-3.77,3.523,-5.788,5.929,-0.053,-0.124,0.071
Orlando Robinson,1631115,1432,1439,24.0,-0.234,-0.301,0.067,1.941,1.635,2.538,-4.039,3.57,-3.507,2.904,-4.907,5.041,0.083,-0.512,0.595
Scottie Barnes,1630567,15213,15206,23.0,-0.583,-0.648,0.064,1.208,1.11,1.641,-2.952,1.785,-2.823,1.528,-3.152,3.281,0.039,-0.976,1.015
Damyean Dotson,1628422,38,38,,0.07,0.01,0.06,2.359,1.87,3.01,-4.553,4.694,-3.655,3.676,-5.84,5.96,0.07,0.01,0.06
Luka Samanic,1629677,1194,1205,25.0,-0.861,-0.92,0.059,1.998,1.669,2.603,-4.777,3.055,-4.191,2.352,-5.044,5.161,-0.747,-1.037,0.29
Matt Ryan,1630346,1506,1510,28.0,-0.774,-0.83,0.056,1.907,1.616,2.499,-4.512,2.963,-3.998,2.338,-4.843,4.954,-0.689,-0.803,0.114
Jaylen Morris,1628537,35,32,,0.013,-0.041,0.055,2.361,1.871,3.012,-4.613,4.64,-3.709,3.627,-5.85,5.959,0.013,-0.041,0.055
Jalen Crutcher,1630622,5,5,25.0,0.032,-0.022,0.054,2.374,1.878,3.027,-4.621,4.686,-3.702,3.658,-5.879,5.987,0.146,-0.139,0.286
Tyrese Martin,1631213,127,124,,0.046,-0.003,0.048,2.321,1.852,2.969,-4.504,4.596,-3.632,3.626,-5.772,5.868,0.046,-0.003,0.048
Paris Bass,1628238,18,17,,-0.061,-0.084,0.023,2.368,1.875,3.021,-4.702,4.581,-3.758,3.591,-5.897,5.943,-0.061,-0.084,0.023
Trevor Hudgins,1631309,55,55,,-0.123,-0.144,0.021,2.352,1.866,3.002,-4.733,4.486,-3.802,3.514,-5.864,5.906,-0.123,-0.144,0.021
Cory Joseph,202709,6325,6325,33.0,-0.353,-0.371,0.018,1.411,1.268,1.898,-3.119,2.413,-2.856,2.115,-3.702,3.737,1.504,-0.492,1.996
Jalen Slawson,1641771,69,72,25.0,0.089,0.074,0.014,2.346,1.863,2.995,-4.509,4.686,-3.577,3.725,-5.856,5.885,0.202,-0.043,0.246
Tyler Dorsey,1628416,16,15,,-0.092,-0.106,0.014,2.369,1.875,3.021,-4.735,4.552,-3.781,3.57,-5.908,5.936,-0.092,-0.106,0.014
Keldon Johnson,1629640,13625,13630,25.0,0.589,0.576,0.013,1.207,1.106,1.642,-1.776,2.955,-1.592,2.744,-3.204,3.231,0.703,0.458,0.245
Cade Cunningham,1630595,9381,9358,23.0,-0.273,-0.281,0.008,1.318,1.196,1.779,-2.857,2.311,-2.626,2.064,-3.478,3.494,0.35,-0.609,0.959
Derrick Walton Jr.,1628476,221,215,,-0.512,-0.515,0.002,2.288,1.834,2.932,-4.997,3.972,-4.11,3.08,-5.745,5.75,-0.512,-0.515,0.002
Ade Murkey,1630278,2,2,,-0.054,-0.051,-0.003,2.376,1.878,3.028,-4.71,4.602,-3.733,3.63,-5.939,5.933,-0.054,-0.051,-0.003
James Ennis III,203516,116,114,,0.134,0.139,-0.005,2.325,1.853,2.973,-4.423,4.691,-3.494,3.771,-5.832,5.823,0.134,0.139,-0.005
Darius Days,1630620,52,50,,-0.043,-0.035,-0.008,2.353,1.867,3.004,-4.655,4.569,-3.695,3.625,-5.896,5.88,-0.043,-0.035,-0.008
Gary Harris,203914,8691,8676,30.0,0.425,0.434,-0.009,1.32,1.202,1.787,-2.162,3.012,-1.921,2.789,-3.512,3.493,0.956,0.456,0.501
Hunter Tyson,1641816,107,101,25.0,-0.328,-0.316,-0.012,2.33,1.857,2.98,-4.896,4.24,-3.955,3.323,-5.852,5.828,-0.214,-0.434,0.22
Deandre Ayton,1629028,12607,12595,26.0,-0.462,-0.444,-0.018,1.26,1.141,1.703,-2.931,2.006,-2.68,1.791,-3.356,3.32,-0.454,-0.492,0.038
Tyrell Terry,1630179,7,8,,0.068,0.1,-0.032,2.373,1.877,3.026,-4.583,4.72,-3.578,3.779,-5.963,5.898,0.068,0.1,-0.032
JD Davison,1631120,210,212,22.0,-0.322,-0.286,-0.036,2.287,1.833,2.931,-4.804,4.16,-3.879,3.306,-5.78,5.708,0.71,-0.757,1.467
Gary Clark,1629109,765,771,,0.03,0.065,-0.036,2.097,1.729,2.718,-4.081,4.14,-3.324,3.455,-5.363,5.292,0.03,0.065,-0.036
Dmytro Skapintsev,1631376,4,4,27.0,-0.065,-0.029,-0.036,2.375,1.878,3.027,-4.719,4.589,-3.71,3.652,-5.97,5.898,-0.065,-0.029,-0.036
Ricky Council IV,1641741,579,583,23.0,0.067,0.108,-0.041,2.157,1.762,2.785,-4.16,4.293,-3.346,3.562,-5.5,5.418,0.69,-0.22,0.91
Frank Kaminsky,1626163,873,864,,-0.777,-0.727,-0.05,2.063,1.712,2.681,-4.82,3.266,-4.083,2.628,-5.304,5.205,-0.777,-0.727,-0.05
Julian Phillips,1641763,657,654,21.0,-0.118,-0.064,-0.054,2.129,1.749,2.755,-4.29,4.054,-3.491,3.364,-5.453,5.345,1.43,-0.705,2.134
Scottie Lewis,1630575,15,14,,-0.042,0.013,-0.055,2.369,1.876,3.022,-4.687,4.602,-3.663,3.689,-5.978,5.868,-0.042,0.013,-0.055
Rayjon Tucker,1629730,197,193,,-0.022,0.041,-0.063,2.293,1.837,2.938,-4.516,4.471,-3.56,3.641,-5.821,5.695,-0.022,0.041,-0.063
Malik Newman,1629005,12,11,,-0.102,-0.038,-0.065,2.371,1.876,3.023,-4.749,4.544,-3.715,3.64,-5.991,5.861,-0.102,-0.038,-0.065
Tyler Johnson,204020,189,185,,0.18,0.245,-0.065,2.294,1.838,2.939,-4.315,4.676,-3.357,3.847,-5.825,5.696,0.18,0.245,-0.065
Maxi Kleber,1628467,7391,7379,33.0,-1.718,-1.653,-0.066,1.348,1.226,1.823,-4.36,0.924,-4.055,0.75,-3.64,3.508,0.139,-1.774,1.912
Jaime Echenique,1630693,4,4,,-0.126,-0.059,-0.066,2.375,1.878,3.027,-4.78,4.529,-3.74,3.621,-6.0,5.867,-0.126,-0.059,-0.066
AJ Green,1631260,1950,1942,25.0,0.324,0.391,-0.068,1.825,1.567,2.405,-3.253,3.9,-2.679,3.462,-4.781,4.645,0.437,0.274,0.164
Jon Teske,1630257,16,17,,-0.121,-0.052,-0.069,2.369,1.875,3.021,-4.764,4.523,-3.727,3.623,-5.99,5.853,-0.121,-0.052,-0.069
Maozinha Pereira,1641970,251,253,24.0,-0.818,-0.743,-0.076,2.273,1.825,2.915,-5.273,3.637,-4.32,2.835,-5.789,5.638,-0.501,-0.953,0.453
Feron Hunt,1630624,17,16,,-0.22,-0.144,-0.076,2.369,1.875,3.021,-4.862,4.423,-3.819,3.532,-5.997,5.845,-0.22,-0.144,-0.076
Jay Huff,1630643,362,360,27.0,-0.629,-0.547,-0.082,2.235,1.805,2.873,-5.009,3.75,-4.085,2.991,-5.713,5.548,-0.629,-0.547,-0.082
Jay Scrubb,1630206,328,331,,-0.335,-0.251,-0.084,2.242,1.809,2.881,-4.728,4.058,-3.797,3.295,-5.73,5.562,-0.335,-0.251,-0.084
Joel Ayayi,1630555,37,36,,-0.26,-0.163,-0.097,2.36,1.871,3.011,-4.884,4.365,-3.829,3.504,-5.999,5.805,-0.26,-0.163,-0.097
Scotty Hopson,203816,35,34,,-0.208,-0.104,-0.104,2.36,1.871,3.012,-4.834,4.418,-3.771,3.563,-6.007,5.8,-0.208,-0.104,-0.104
Sam Dekker,1626155,1,2,,-0.044,0.064,-0.108,2.376,1.878,3.029,-4.701,4.613,-3.617,3.746,-6.044,5.828,-0.044,0.064,-0.108
David Johnson,1630525,5,4,,-0.101,0.008,-0.109,2.374,1.878,3.027,-4.755,4.552,-3.673,3.689,-6.042,5.824,-0.101,0.008,-0.109
Michael Foster Jr.,1630701,2,1,,-0.091,0.022,-0.113,2.376,1.879,3.029,-4.747,4.565,-3.66,3.704,-6.049,5.823,-0.091,0.022,-0.113
Damion Lee,1627814,6067,6051,,-1.029,-0.914,-0.115,1.395,1.261,1.881,-3.763,1.704,-3.385,1.557,-3.803,3.572,-1.029,-0.914,-0.115
Matt Mooney,1629760,4,4,,-0.102,0.016,-0.118,2.375,1.878,3.027,-4.756,4.552,-3.665,3.697,-6.052,5.816,-0.102,0.016,-0.118
Tyler Hall,1629788,4,4,,-0.102,0.016,-0.118,2.375,1.878,3.027,-4.756,4.552,-3.665,3.697,-6.052,5.816,-0.102,0.016,-0.118
E.J. Liddell,1630604,47,46,24.0,-0.033,0.088,-0.121,2.355,1.868,3.006,-4.649,4.582,-3.574,3.75,-6.013,5.77,0.284,-0.123,0.407
Isaiah Jackson,1630543,5006,4990,23.0,0.095,0.216,-0.121,1.52,1.35,2.034,-2.884,3.074,-2.429,2.862,-4.107,3.865,0.718,-0.112,0.829
Joe Johnson,2207,4,4,,-0.015,0.109,-0.124,2.375,1.878,3.027,-4.669,4.639,-3.572,3.79,-6.058,5.81,-0.015,0.109,-0.124
Jett Howard,1641724,141,137,21.0,-0.577,-0.453,-0.124,2.316,1.849,2.963,-5.115,3.962,-4.076,3.171,-5.932,5.684,0.971,-1.094,2.065
CJ Miles,101139,4,4,,-0.015,0.109,-0.124,2.375,1.878,3.027,-4.669,4.639,-3.572,3.79,-6.058,5.81,-0.015,0.109,-0.124
Landry Shamet,1629013,6918,6934,28.0,-1.361,-1.233,-0.128,1.328,1.211,1.798,-3.964,1.241,-3.606,1.14,-3.652,3.395,-1.276,-1.206,-0.069
Isaiah Mobley,1630600,304,300,25.0,-0.616,-0.487,-0.13,2.253,1.816,2.894,-5.032,3.799,-4.046,3.073,-5.801,5.542,-0.503,-0.604,0.102
Devon Dotson,1629653,272,274,,-0.015,0.117,-0.132,2.261,1.819,2.902,-4.446,4.416,-3.449,3.683,-5.82,5.556,-0.015,0.117,-0.132
Collin Gillespie,1631221,455,456,26.0,-0.275,-0.142,-0.133,2.195,1.785,2.829,-4.578,4.028,-3.64,3.356,-5.678,5.413,-0.266,-0.19,-0.076
Cody Zeller,203469,2183,2200,32.0,-0.194,-0.059,-0.135,1.776,1.532,2.347,-3.676,3.288,-3.062,2.943,-4.734,4.464,1.136,-0.116,1.251
Furkan Korkmaz,1627788,4372,4380,27.0,-1.069,-0.931,-0.138,1.533,1.365,2.054,-4.073,1.935,-3.605,1.744,-4.164,3.887,-1.069,-0.931,-0.138
Isaiah Wong,1631209,9,9,24.0,-0.129,0.009,-0.139,2.372,1.877,3.025,-4.779,4.52,-3.669,3.688,-6.068,5.79,0.188,-0.201,0.389
BJ Johnson,1629168,128,126,,0.045,0.192,-0.147,2.321,1.851,2.969,-4.505,4.594,-3.437,3.82,-5.966,5.672,0.045,0.192,-0.147
Kaiser Gates,1629232,16,17,28.0,-0.258,-0.105,-0.153,2.369,1.875,3.021,-4.901,4.386,-3.78,3.57,-6.074,5.769,-0.172,-0.078,-0.094
Jamal Cain,1631288,1023,1031,26.0,-0.935,-0.778,-0.157,2.021,1.686,2.632,-4.897,3.027,-4.081,2.526,-5.316,5.001,-0.926,-0.825,-0.101
Aaron Wiggins,1630598,7723,7795,26.0,0.115,0.273,-0.158,1.288,1.179,1.748,-2.409,2.64,-2.039,2.585,-3.584,3.268,0.124,0.225,-0.101
Brandon Knight,202688,136,133,,-0.379,-0.218,-0.161,2.316,1.849,2.964,-4.919,4.161,-3.842,3.406,-5.97,5.648,-0.379,-0.218,-0.161
Marques Bolden,1629716,242,247,27.0,-0.119,0.049,-0.168,2.275,1.826,2.917,-4.578,4.34,-3.53,3.628,-5.886,5.549,-0.119,0.049,-0.168
MJ Walker,1630640,20,19,,-0.261,-0.091,-0.17,2.367,1.874,3.02,-4.901,4.379,-3.765,3.583,-6.088,5.749,-0.261,-0.091,-0.17
Jae'Sean Tate,1630256,7791,7829,29.0,-2.239,-2.069,-0.17,1.336,1.214,1.807,-4.857,0.379,-4.448,0.31,-3.713,3.372,-1.976,-2.035,0.059
Justin Anderson,1626147,636,642,,0.755,0.926,-0.171,2.139,1.753,2.765,-3.437,4.947,-2.51,4.361,-5.591,5.25,0.755,0.926,-0.171
Patty Mills,201988,7075,7041,36.0,-0.021,0.151,-0.172,1.375,1.241,1.855,-2.715,2.673,-2.281,2.583,-3.809,3.465,3.908,-0.258,4.166
Tacko Fall,1629605,120,109,,-0.27,-0.097,-0.172,2.323,1.854,2.973,-4.824,4.284,-3.732,3.537,-5.999,5.654,-0.27,-0.097,-0.172
Shaq Buchanan,1629783,22,22,,-0.102,0.077,-0.179,2.366,1.874,3.018,-4.74,4.535,-3.596,3.749,-6.095,5.737,-0.102,0.077,-0.179
JaQuori McLaughlin,1630605,25,25,,-0.016,0.163,-0.18,2.365,1.873,3.017,-4.651,4.619,-3.508,3.834,-6.092,5.733,-0.016,0.163,-0.18
Moses Wright,1630589,29,30,,-0.043,0.138,-0.181,2.363,1.872,3.015,-4.675,4.588,-3.531,3.807,-6.09,5.727,-0.043,0.138,-0.181
Jalen Suggs,1630591,9487,9499,24.0,-1.622,-1.44,-0.182,1.303,1.186,1.764,-4.176,0.931,-3.765,0.885,-3.64,3.275,-1.305,-1.651,0.346
Duncan Robinson,1629130,10409,10377,31.0,0.068,0.25,-0.182,1.227,1.127,1.669,-2.336,2.473,-1.959,2.459,-3.453,3.09,0.956,0.241,0.715
D.J. Wilson,1628391,148,148,29.0,-0.026,0.16,-0.186,2.312,1.846,2.959,-4.558,4.506,-3.459,3.779,-5.986,5.614,0.237,0.194,0.044
Evan Mobley,1630596,13691,13702,24.0,-2.8,-2.612,-0.188,1.245,1.136,1.687,-5.24,-0.36,-4.839,-0.386,-3.495,3.119,-2.482,-2.823,0.341
Julian Champagnie,1630577,3725,3747,24.0,0.243,0.433,-0.19,1.655,1.443,2.196,-3.0,3.487,-2.395,3.262,-4.494,4.114,0.561,0.223,0.338
Daniel Gafford,1629655,10070,10099,26.0,0.461,0.651,-0.19,1.241,1.139,1.685,-1.972,2.894,-1.582,2.883,-3.492,3.113,0.469,0.603,-0.133
Mason Jones,1630222,153,154,26.0,-0.557,-0.342,-0.214,2.309,1.845,2.956,-5.083,3.97,-3.958,3.273,-6.007,5.579,-0.548,-0.39,-0.158
Hamidou Diallo,1628977,4672,4689,26.0,-2.154,-1.937,-0.217,1.506,1.345,2.02,-5.105,0.797,-4.574,0.699,-4.176,3.742,-2.146,-1.985,-0.161
Kai Jones,1630539,1269,1267,,-0.869,-0.65,-0.219,1.985,1.663,2.589,-4.76,3.021,-3.91,2.609,-5.294,4.855,-0.869,-0.65,-0.219
Emmanuel Mudiay,1626144,24,24,,-0.243,-0.023,-0.22,2.365,1.873,3.017,-4.879,4.393,-3.695,3.649,-6.134,5.694,-0.243,-0.023,-0.22
Brodric Thomas,1630271,130,124,,-0.234,-0.011,-0.223,2.319,1.851,2.967,-4.778,4.311,-3.639,3.618,-6.038,5.592,-0.234,-0.011,-0.223
Cam Whitmore,1641715,1845,1842,20.0,-0.361,-0.123,-0.238,1.888,1.601,2.475,-4.062,3.339,-3.262,3.016,-5.089,4.613,1.811,-0.962,2.774
Cassius Winston,1630216,77,78,,-0.151,0.09,-0.241,2.342,1.861,2.991,-4.741,4.438,-3.558,3.738,-6.104,5.621,-0.151,0.09,-0.241
Jaylin Williams,1631119,3861,3871,23.0,-0.253,-0.01,-0.244,1.618,1.421,2.154,-3.425,2.918,-2.795,2.775,-4.465,3.978,0.369,-0.338,0.707
Sam Merrill,1630241,2383,2340,29.0,-0.812,-0.563,-0.249,1.778,1.536,2.348,-4.297,2.672,-3.575,2.448,-4.852,4.354,-0.549,-0.53,-0.019
Dexter Dennis,1641926,71,73,26.0,-0.455,-0.199,-0.256,2.345,1.863,2.995,-5.052,4.141,-3.85,3.451,-6.126,5.614,-0.446,-0.247,-0.199
Chima Moneke,1631320,15,17,,-0.183,0.08,-0.263,2.369,1.875,3.021,-4.827,4.461,-3.595,3.754,-6.185,5.659,-0.183,0.08,-0.263
Carsen Edwards,1629035,163,165,,-0.07,0.193,-0.263,2.308,1.843,2.954,-4.593,4.454,-3.42,3.806,-6.052,5.527,-0.07,0.193,-0.263
Buddy Hield,1627741,14914,14851,32.0,0.605,0.873,-0.268,1.105,1.028,1.511,-1.56,2.77,-1.142,2.887,-3.23,2.694,1.935,0.816,1.119
Matt Hurt,1630562,231,226,25.0,-0.808,-0.538,-0.27,2.279,1.83,2.923,-5.274,3.658,-4.125,3.049,-5.998,5.458,-0.694,-0.656,-0.039
Jaylen Nowell,1629669,5383,5392,25.0,0.613,0.885,-0.271,1.441,1.297,1.938,-2.211,3.438,-1.657,3.426,-4.07,3.527,0.727,0.767,-0.04
Jordan Hawkins,1641722,2376,2348,23.0,0.951,1.222,-0.271,1.786,1.539,2.357,-2.55,4.451,-1.794,4.238,-4.89,4.347,1.573,0.894,0.679
Danuel House Jr.,1627863,4461,4483,32.0,-1.263,-0.978,-0.285,1.486,1.332,1.996,-4.176,1.65,-3.588,1.632,-4.196,3.627,0.067,-1.035,1.102
Nic Claxton,1629651,11236,11325,26.0,-1.057,-0.763,-0.293,1.243,1.133,1.681,-3.493,1.379,-2.984,1.457,-3.588,3.001,-1.048,-0.811,-0.237
Malik Fitts,1630238,157,155,,-0.585,-0.291,-0.294,2.308,1.844,2.954,-5.108,3.938,-3.906,3.324,-6.084,5.497,-0.585,-0.291,-0.294
Anfernee Simons,1629014,10896,10916,26.0,1.267,1.563,-0.296,1.253,1.141,1.696,-1.189,3.723,-0.675,3.8,-3.621,3.029,1.275,1.515,-0.24
Devontae Cacok,1629719,260,253,,-0.43,-0.129,-0.301,2.268,1.825,2.911,-4.876,4.016,-3.705,3.448,-6.007,5.405,-0.43,-0.129,-0.301
Collin Sexton,1629012,7326,7350,26.0,1.61,1.921,-0.311,1.369,1.238,1.846,-1.073,4.294,-0.506,4.348,-3.929,3.308,1.619,1.874,-0.254
Meyers Leonard,203086,243,243,,0.211,0.522,-0.311,2.274,1.827,2.917,-4.246,4.668,-3.058,4.101,-6.027,5.406,0.211,0.522,-0.311
Isaiah Thomas,202738,746,747,36.0,-0.48,-0.147,-0.333,2.097,1.731,2.719,-4.59,3.63,-3.539,3.245,-5.662,4.996,3.449,-0.556,4.005
De'Andre Hunter,1629631,12206,12216,27.0,-0.075,0.261,-0.336,1.273,1.162,1.725,-2.571,2.421,-2.016,2.538,-3.716,3.045,-0.075,0.261,-0.336
Joe Wieskamp,1630580,523,526,,-0.86,-0.522,-0.339,2.172,1.771,2.802,-5.117,3.396,-3.993,2.95,-5.831,5.154,-0.86,-0.522,-0.339
Leaky Black,1641778,577,570,26.0,-0.48,-0.134,-0.346,2.16,1.766,2.79,-4.713,3.753,-3.594,3.327,-5.814,5.121,-0.471,-0.181,-0.29
Khem Birch,203920,2418,2424,,0.067,0.413,-0.346,1.758,1.522,2.326,-3.379,3.514,-2.57,3.396,-4.905,4.213,0.067,0.413,-0.346
Shake Milton,1629003,7135,7140,28.0,-0.699,-0.351,-0.348,1.34,1.219,1.812,-3.327,1.928,-2.74,2.037,-3.899,3.203,-0.614,-0.325,-0.289
Arnoldas Kulboka,1629083,11,12,,-0.24,0.112,-0.351,2.371,1.876,3.024,-4.887,4.408,-3.565,3.789,-6.278,5.575,-0.24,0.112,-0.351
Malcolm Hill,1630792,461,466,,-0.186,0.169,-0.354,2.193,1.782,2.824,-4.484,4.113,-3.325,3.662,-5.889,5.181,-0.186,0.169,-0.354
Juancho Hernangomez,1627823,2235,2220,,0.661,1.018,-0.357,1.761,1.527,2.33,-2.79,4.112,-1.974,4.01,-4.925,4.21,0.661,1.018,-0.357
Rob Edwards,1630306,20,20,,-0.46,-0.097,-0.363,2.367,1.874,3.019,-5.099,4.18,-3.77,3.577,-6.281,5.555,-0.46,-0.097,-0.363
Luka Garza,1630568,1599,1590,26.0,0.4,0.764,-0.364,1.894,1.608,2.485,-3.312,4.113,-2.388,3.917,-5.234,4.506,0.409,0.716,-0.307
1630492,1630492,38,35,,-0.599,-0.229,-0.37,2.359,1.871,3.011,-5.224,4.025,-3.896,3.438,-6.272,5.532,-0.599,-0.229,-0.37
Jordan Miller,1641757,58,58,25.0,-0.195,0.195,-0.391,2.35,1.866,3.001,-4.802,4.411,-3.461,3.852,-6.272,5.491,-0.082,0.078,-0.159
Danilo Gallinari,201568,5070,5056,36.0,0.597,0.99,-0.393,1.497,1.336,2.006,-2.336,3.53,-1.628,3.609,-4.325,3.538,4.526,0.582,3.945
Russell Westbrook,201566,13585,13599,36.0,-0.194,0.203,-0.397,1.123,1.038,1.53,-2.396,2.008,-1.832,2.238,-3.397,2.602,3.735,-0.206,3.94
Mfiondu Kabengele,1629662,68,71,,-0.28,0.12,-0.4,2.346,1.863,2.995,-4.878,4.318,-3.531,3.772,-6.271,5.471,-0.28,0.12,-0.4
Jalen Pickett,1629618,246,244,25.0,-0.674,-0.273,-0.401,2.274,1.827,2.917,-5.131,3.783,-3.853,3.307,-6.118,5.316,-0.56,-0.39,-0.17
Chimezie Metu,1629002,5841,5864,28.0,-1.479,-1.074,-0.405,1.387,1.256,1.871,-4.199,1.24,-3.536,1.387,-4.073,3.263,-1.394,-1.048,-0.346
Jordan Poole,1629673,16735,16703,26.0,-0.821,-0.404,-0.417,1.063,0.989,1.453,-2.905,1.263,-2.342,1.534,-3.265,2.431,-0.812,-0.451,-0.361
Kelly Oubre Jr.,1626162,11661,11719,29.0,-0.044,0.376,-0.42,1.14,1.059,1.554,-2.278,2.19,-1.699,2.451,-3.466,2.626,0.22,0.41,-0.19
Jaysean Paige,1629873,16,15,,-0.41,0.012,-0.422,2.369,1.875,3.021,-5.053,4.234,-3.663,3.688,-6.344,5.5,-0.41,0.012,-0.422
Langston Galloway,204038,223,223,,-1.2,-0.776,-0.423,2.28,1.83,2.923,-5.668,3.269,-4.362,2.81,-6.152,5.306,-1.2,-0.776,-0.423
Jemerrio Jones,1629203,30,30,,-0.29,0.137,-0.427,2.363,1.872,3.014,-4.92,4.341,-3.531,3.806,-6.335,5.481,-0.29,0.137,-0.427
Trayvon Palmer,1629309,33,34,,-0.5,-0.068,-0.432,2.361,1.871,3.013,-5.128,4.128,-3.735,3.599,-6.337,5.473,-0.5,-0.068,-0.432
Tyrone Wallace,1627820,151,155,,0.05,0.483,-0.433,2.31,1.845,2.956,-4.477,4.578,-3.132,4.099,-6.227,5.361,0.05,0.483,-0.433
Isaiah Stewart,1630191,9519,9536,24.0,-1.622,-1.188,-0.434,1.351,1.219,1.822,-4.27,1.026,-3.577,1.2,-4.006,3.139,-1.304,-1.399,0.095
Tremont Waters,1629682,105,108,,-0.09,0.343,-0.434,2.331,1.855,2.979,-4.659,4.478,-3.293,3.98,-6.273,5.405,-0.09,0.343,-0.434
Aaron Henry,1630565,31,36,,-0.251,0.189,-0.439,2.362,1.871,3.013,-4.88,4.379,-3.478,3.855,-6.345,5.467,-0.251,0.189,-0.439
Seth Curry,203552,8387,8346,34.0,-0.642,-0.201,-0.441,1.244,1.147,1.69,-3.08,1.795,-2.449,2.047,-3.753,2.871,1.825,-0.403,2.227
Dakota Mathias,1629751,34,34,,-0.505,-0.048,-0.457,2.361,1.871,3.012,-5.132,4.122,-3.715,3.619,-6.361,5.447,-0.505,-0.048,-0.457
Goran Dragic,201609,3081,3066,,0.043,0.507,-0.465,1.646,1.448,2.193,-3.184,3.269,-2.332,3.346,-4.763,3.833,0.043,0.507,-0.465
Terry Rozier,1626179,13909,13876,31.0,0.098,0.565,-0.467,1.186,1.09,1.611,-2.226,2.422,-1.572,2.702,-3.625,2.691,0.985,0.556,0.429
Noah Vonleh,203943,347,351,,0.073,0.546,-0.473,2.232,1.804,2.87,-4.302,4.448,-2.989,4.082,-6.098,5.152,0.073,0.546,-0.473
Pat Spencer,1630311,53,54,28.0,-0.446,0.038,-0.484,2.353,1.867,3.004,-5.058,4.166,-3.621,3.697,-6.371,5.403,-0.36,0.065,-0.425
Ousmane Dieng,1631172,1946,1951,22.0,-1.062,-0.576,-0.487,1.822,1.564,2.402,-4.634,2.51,-3.642,2.49,-5.194,4.22,-0.031,-1.047,1.016
Zylan Cheatham,1629597,10,10,,-0.391,0.103,-0.494,2.372,1.876,3.024,-5.04,4.257,-3.575,3.781,-6.422,5.434,-0.391,0.103,-0.494
Jontay Porter,1629007,756,758,25.0,-0.473,0.023,-0.496,2.101,1.732,2.723,-4.591,3.645,-3.371,3.418,-5.833,4.841,-0.359,-0.094,-0.265
Jabari Parker,203953,225,225,,-0.563,-0.062,-0.501,2.279,1.83,2.923,-5.031,3.904,-3.648,3.524,-6.23,5.227,-0.563,-0.062,-0.501
Wayne Selden,1627782,39,40,,-0.374,0.135,-0.509,2.358,1.87,3.01,-4.996,4.249,-3.53,3.799,-6.407,5.39,-0.374,0.135,-0.509
Killian Tillie,1629681,935,936,,-0.713,-0.202,-0.511,2.046,1.701,2.661,-4.723,3.297,-3.536,3.132,-5.726,4.704,-0.713,-0.202,-0.511
JT Thor,1630550,4141,4164,22.0,-1.699,-1.184,-0.515,1.556,1.377,2.078,-4.749,1.351,-3.883,1.515,-4.587,3.558,-0.667,-1.655,0.988
Quenton Jackson,1631245,320,318,26.0,-0.741,-0.222,-0.519,2.251,1.814,2.891,-5.153,3.671,-3.777,3.333,-6.185,5.147,-0.733,-0.27,-0.463
Dariq Whitehead,1641727,53,52,20.0,-0.009,0.517,-0.527,2.353,1.867,3.003,-4.62,4.602,-3.142,4.177,-6.413,5.36,2.163,-0.322,2.485
Freddie Gillespie,1630273,236,236,,-0.617,-0.085,-0.531,2.277,1.828,2.92,-5.079,3.846,-3.668,3.497,-6.254,5.192,-0.617,-0.085,-0.531
Denzel Valentine,1627756,451,446,,-0.654,-0.118,-0.536,2.198,1.787,2.833,-4.963,3.655,-3.621,3.384,-6.088,5.016,-0.654,-0.118,-0.536
Nathan Knight,1630233,1201,1197,,-0.959,-0.421,-0.538,1.99,1.666,2.596,-4.858,2.941,-3.687,2.846,-5.626,4.55,-0.959,-0.421,-0.538
Keyontae Johnson,1641749,136,132,25.0,-0.513,0.029,-0.542,2.316,1.849,2.964,-5.053,4.026,-3.596,3.654,-6.352,5.267,-0.4,-0.089,-0.311
Lindy Waters III,1630322,2728,2688,27.0,-0.628,-0.082,-0.546,1.708,1.491,2.269,-3.976,2.72,-3.005,2.841,-4.993,3.901,-0.628,-0.082,-0.546
Seth Lundy,1641754,103,106,25.0,-0.327,0.22,-0.547,2.33,1.855,2.978,-4.894,4.24,-3.416,3.855,-6.384,5.291,-0.213,0.102,-0.315
Terquavion Smith,1631173,191,191,22.0,-0.017,0.53,-0.547,2.296,1.838,2.941,-4.518,4.483,-3.072,4.132,-6.312,5.217,1.014,0.059,0.955
Chris Livingston,1641753,188,188,21.0,-0.357,0.191,-0.548,2.296,1.838,2.941,-4.857,4.144,-3.411,3.794,-6.312,5.216,1.191,-0.45,1.641
Lou Williams,101150,1612,1611,,-0.247,0.301,-0.548,1.931,1.629,2.527,-4.031,3.537,-2.891,3.494,-5.5,4.404,-0.247,0.301,-0.548
Darren Collison,201954,84,84,,-0.386,0.163,-0.549,2.339,1.86,2.988,-4.97,4.197,-3.483,3.808,-6.405,5.308,-0.386,0.163,-0.549
Bryn Forbes,1627854,3365,3336,,-0.416,0.137,-0.553,1.623,1.432,2.164,-3.598,2.766,-2.669,2.944,-4.795,3.688,-0.416,0.137,-0.553
Kelly Olynyk,203482,9288,9250,34.0,0.646,1.204,-0.558,1.272,1.161,1.724,-1.848,3.139,-1.072,3.48,-3.937,2.821,3.112,1.002,2.11
Myles Powell,1629619,106,110,,-0.155,0.406,-0.561,2.329,1.854,2.977,-4.72,4.409,-3.228,4.04,-6.396,5.273,-0.155,0.406,-0.561
Moussa Diabate,1631217,520,522,23.0,-0.027,0.539,-0.567,2.178,1.774,2.809,-4.295,4.241,-2.937,4.016,-6.072,4.938,0.596,0.211,0.384
Ivica Zubac,1627826,12113,12108,28.0,-1.048,-0.481,-0.567,1.305,1.182,1.764,-3.606,1.509,-2.798,1.836,-4.024,2.889,-0.963,-0.454,-0.508
Jermaine Samuels Jr.,1631257,128,131,26.0,-0.188,0.383,-0.571,2.322,1.85,2.969,-4.739,4.363,-3.244,4.01,-6.39,5.248,-0.179,0.335,-0.515
Cassius Stanley,1630199,314,313,,-0.703,-0.128,-0.574,2.249,1.813,2.889,-5.11,3.705,-3.682,3.426,-6.237,5.088,-0.703,-0.128,-0.574
Juwan Morgan,1629752,87,89,,-0.312,0.262,-0.575,2.338,1.859,2.987,-4.895,4.271,-3.382,3.906,-6.43,5.281,-0.312,0.262,-0.575
Chaundee Brown Jr.,1630602,213,213,,-0.652,-0.077,-0.576,2.286,1.833,2.93,-5.132,3.827,-3.669,3.515,-6.318,5.166,-0.652,-0.077,-0.576
Patrick Williams,1630172,8287,8318,23.0,-0.462,0.115,-0.577,1.334,1.214,1.802,-3.077,2.153,-2.265,2.495,-4.109,2.956,0.161,-0.213,0.374
Trevor Keels,1631211,17,19,,-0.416,0.173,-0.589,2.369,1.874,3.021,-5.058,4.226,-3.501,3.847,-6.509,5.331,-0.416,0.173,-0.589
Kendrick Nunn,1629134,2005,2011,,-0.533,0.065,-0.598,1.817,1.559,2.394,-4.094,3.028,-2.99,3.121,-5.29,4.094,-0.533,0.065,-0.598
Daniel Oturu,1630187,56,57,,-0.305,0.296,-0.601,2.352,1.866,3.002,-4.914,4.304,-3.362,3.954,-6.485,5.283,-0.305,0.296,-0.601
Alize Johnson,1628993,388,399,,-0.31,0.298,-0.608,2.216,1.794,2.851,-4.653,4.032,-3.218,3.814,-6.195,4.98,-0.31,0.298,-0.608
Peyton Watson,1631212,3405,3464,22.0,-1.246,-0.633,-0.613,1.715,1.48,2.263,-4.608,2.115,-3.533,2.267,-5.049,3.823,-0.214,-1.104,0.89
Justin Champagnie,1630551,1153,1151,24.0,0.172,0.787,-0.615,1.989,1.668,2.595,-3.727,4.07,-2.482,4.056,-5.702,4.471,0.489,0.576,-0.087
George King,1628994,39,42,,-0.266,0.352,-0.618,2.359,1.869,3.009,-4.889,4.356,-3.312,4.015,-6.517,5.28,-0.266,0.352,-0.618
Jake Layman,1627774,486,487,,-0.273,0.345,-0.618,2.194,1.783,2.827,-4.574,4.028,-3.149,3.839,-6.159,4.923,-0.273,0.345,-0.618
Aleem Ford,1630758,137,142,,-0.296,0.328,-0.624,2.317,1.848,2.963,-4.837,4.246,-3.294,3.949,-6.432,5.185,-0.296,0.328,-0.624
Bruce Brown,1628971,13619,13644,28.0,0.253,0.88,-0.627,1.054,0.987,1.443,-1.814,2.319,-1.055,2.814,-3.455,2.201,0.338,0.906,-0.568
JaVale McGee,201580,4143,4132,37.0,-1.516,-0.888,-0.628,1.558,1.381,2.082,-4.57,1.539,-3.595,1.819,-4.708,3.452,3.263,-1.422,4.685
James Johnson,201949,2851,2869,38.0,-1.72,-1.091,-0.629,1.697,1.479,2.251,-5.045,1.606,-3.989,1.808,-5.04,3.783,3.985,-1.765,5.75
Joshua Primo,1630563,2240,2260,22.0,-0.665,-0.025,-0.64,1.782,1.536,2.353,-4.158,2.829,-3.036,2.986,-5.253,3.973,0.367,-0.496,0.863
Taze Moore,1631386,88,89,27.0,-0.376,0.264,-0.64,2.337,1.859,2.987,-4.958,4.205,-3.38,3.908,-6.494,5.213,-0.376,0.264,-0.64
Chris Silva,1629735,194,195,,-0.281,0.36,-0.641,2.293,1.836,2.937,-4.775,4.213,-3.238,3.959,-6.398,5.116,-0.281,0.36,-0.641
Gabriel Deck,1630466,114,114,,-0.36,0.283,-0.644,2.326,1.853,2.974,-4.918,4.198,-3.349,3.916,-6.472,5.185,-0.36,0.283,-0.644
Tristan Thompson,202684,3040,3036,34.0,0.062,0.707,-0.645,1.654,1.451,2.2,-3.18,3.304,-2.137,3.55,-4.957,3.667,2.529,0.505,2.024
Devonte' Graham,1628984,7897,7878,30.0,-0.502,0.148,-0.65,1.308,1.191,1.77,-3.066,2.062,-2.187,2.483,-4.119,2.818,0.029,0.169,-0.14
AJ Lawson,1630639,899,906,24.0,-1.176,-0.522,-0.653,2.075,1.714,2.691,-5.243,2.892,-3.881,2.837,-5.928,4.621,-0.858,-0.733,-0.125
Leandro Bolmaro,1630195,650,651,,-1.502,-0.84,-0.662,2.131,1.749,2.757,-5.68,2.676,-4.268,2.588,-6.067,4.742,-1.502,-0.84,-0.662
Bol Bol,1629626,4205,4219,25.0,-1.416,-0.749,-0.667,1.522,1.358,2.039,-4.4,1.568,-3.411,1.913,-4.663,3.33,-1.302,-0.867,-0.435
Abdel Nader,1627846,319,319,,-1.412,-0.741,-0.671,2.247,1.812,2.886,-5.815,2.991,-4.292,2.811,-6.329,4.986,-1.412,-0.741,-0.671
Oshae Brissett,1629052,6681,6709,27.0,0.629,1.309,-0.68,1.34,1.219,1.811,-1.998,3.255,-1.08,3.698,-4.23,2.87,0.629,1.309,-0.68
Cole Swider,1631306,263,257,26.0,-0.481,0.211,-0.692,2.265,1.823,2.907,-4.92,3.958,-3.362,3.783,-6.389,5.006,-0.472,0.163,-0.635
Quentin Grimes,1629656,8257,8310,25.0,-2.16,-1.455,-0.705,1.349,1.221,1.818,-4.803,0.483,-3.848,0.937,-4.269,2.859,-2.046,-1.573,-0.474
Kris Murray,1631200,2731,2733,24.0,-1.63,-0.911,-0.719,1.781,1.528,2.346,-5.121,1.861,-3.906,2.084,-5.318,3.88,-1.313,-1.122,-0.191
Jared Butler,1630215,2094,2083,24.0,-0.388,0.335,-0.723,1.814,1.556,2.389,-3.943,3.166,-2.715,3.384,-5.405,3.96,-0.071,0.124,-0.195
Danny Green,201980,3722,3720,38.0,-1.22,-0.494,-0.726,1.595,1.411,2.131,-4.346,1.907,-3.26,2.272,-4.903,3.451,4.485,-1.168,5.653
Michael Carter-Williams,203487,88,86,,-0.281,0.448,-0.73,2.337,1.86,2.987,-4.862,4.3,-3.197,4.093,-6.584,5.125,-0.281,0.448,-0.73
Precious Achiuwa,1630173,9189,9202,25.0,-1.226,-0.496,-0.73,1.253,1.151,1.699,-3.683,1.231,-2.751,1.759,-4.061,2.601,-1.112,-0.614,-0.499
Blake Griffin,201933,3218,3201,,-1.077,-0.344,-0.733,1.641,1.443,2.186,-4.292,2.139,-3.172,2.485,-5.017,3.551,-1.077,-0.344,-0.733
Caleb Houstan,1631216,3264,3261,22.0,-0.507,0.235,-0.742,1.638,1.439,2.18,-3.716,2.703,-2.587,3.056,-5.014,3.53,0.525,-0.236,0.761
Mamadi Diakite,1629603,751,750,28.0,-1.82,-1.077,-0.743,2.098,1.731,2.72,-5.933,2.293,-4.47,2.316,-6.074,4.588,-1.735,-1.05,-0.684
Christian Braun,1631128,6241,6286,24.0,-2.352,-1.604,-0.747,1.453,1.296,1.947,-5.199,0.496,-4.144,0.935,-4.563,3.068,-2.034,-1.815,-0.219
Malik Beasley,1627736,13988,13965,28.0,-0.784,-0.03,-0.755,1.082,1.009,1.482,-2.905,1.336,-2.008,1.949,-3.659,2.149,-0.699,-0.003,-0.696
Harrison Barnes,203084,16330,16324,33.0,0.288,1.052,-0.765,1.267,1.147,1.711,-2.195,2.77,-1.195,3.3,-4.118,2.589,2.144,0.931,1.213
RJ Nembhard Jr.,1630612,121,117,,-1.167,-0.4,-0.766,2.323,1.853,2.971,-5.719,3.386,-4.032,3.231,-6.59,5.057,-1.167,-0.4,-0.766
Pete Nance,1631250,49,48,25.0,-0.786,-0.007,-0.78,2.354,1.868,3.006,-5.401,3.829,-3.668,3.655,-6.67,5.111,-0.672,-0.124,-0.548
Vlatko Cancar,1628427,2195,2198,,-1.164,-0.378,-0.785,1.794,1.545,2.367,-4.681,2.353,-3.406,2.649,-5.424,3.853,-1.164,-0.378,-0.785
Jacob Toppin,1631210,73,73,25.0,-0.47,0.316,-0.786,2.343,1.862,2.993,-5.063,4.123,-3.334,3.966,-6.653,5.08,-0.356,0.198,-0.555
DaQuan Jeffries,1629610,119,124,27.0,-0.976,-0.181,-0.794,2.323,1.851,2.971,-5.529,3.578,-3.81,3.447,-6.617,5.028,-0.976,-0.181,-0.794
Moses Moody,1630541,5896,5890,23.0,-1.084,-0.289,-0.796,1.389,1.26,1.875,-3.806,1.637,-2.758,2.181,-4.472,2.88,-0.462,-0.616,0.155
Isaac Bonga,1629067,146,153,,-1.004,-0.192,-0.812,2.312,1.845,2.958,-5.535,3.528,-3.808,3.424,-6.609,4.986,-1.004,-0.192,-0.812
Alondes Williams,1631214,49,46,26.0,-0.779,0.04,-0.819,2.354,1.868,3.005,-5.393,3.835,-3.622,3.702,-6.71,5.071,-0.771,-0.008,-0.763
Naz Reid,1629675,9382,9390,25.0,-2.452,-1.631,-0.821,1.271,1.161,1.72,-4.944,0.039,-3.906,0.644,-4.193,2.55,-2.339,-1.749,-0.59
Stanley Umude,1630649,646,652,26.0,-0.864,-0.043,-0.822,2.136,1.751,2.762,-5.05,3.322,-3.474,3.389,-6.234,4.591,-0.856,-0.09,-0.765
Chance Comanche,1628435,41,42,,-0.25,0.582,-0.832,2.358,1.869,3.009,-4.872,4.371,-3.082,4.246,-6.73,5.066,-0.25,0.582,-0.832
Brad Wanamaker,202954,641,644,,-0.767,0.068,-0.835,2.138,1.752,2.765,-4.958,3.423,-3.367,3.502,-6.254,4.583,-0.767,0.068,-0.835
Dario Saric,203967,3950,3941,31.0,0.158,0.994,-0.835,1.55,1.379,2.071,-2.879,3.195,-1.708,3.695,-4.895,3.225,1.046,0.985,0.061
Grant Williams,1629684,13973,14043,26.0,-0.396,0.439,-0.835,1.064,0.996,1.459,-2.481,1.689,-1.513,2.391,-3.694,2.024,-0.387,0.391,-0.778
Emanuel Terry,1629150,40,38,,-0.786,0.061,-0.847,2.358,1.87,3.01,-5.408,3.835,-3.605,3.726,-6.746,5.052,-0.786,0.061,-0.847
Jeff Dowtin Jr.,1630288,1015,1018,28.0,-0.643,0.206,-0.849,2.019,1.686,2.63,-4.601,3.315,-3.098,3.509,-6.004,4.306,-0.558,0.233,-0.79
Andrew Nembhard,1629614,7844,7863,25.0,-0.978,-0.126,-0.852,1.408,1.265,1.893,-3.738,1.782,-2.606,2.354,-4.562,2.859,-0.864,-0.244,-0.62
Miye Oni,1629671,94,89,,-0.67,0.182,-0.852,2.335,1.859,2.985,-5.246,3.907,-3.461,3.826,-6.702,4.998,-0.67,0.182,-0.852
DeJon Jarreau,1630610,309,317,27.0,-0.957,-0.096,-0.861,2.251,1.813,2.891,-5.37,3.455,-3.65,3.457,-6.526,4.805,-0.957,-0.096,-0.861
Anthony Black,1641710,2376,2379,21.0,-2.031,-1.161,-0.87,1.793,1.54,2.362,-5.544,1.483,-4.179,1.857,-5.499,3.759,-0.483,-1.802,1.319
Zach Collins,1628380,7341,7321,27.0,-1.427,-0.541,-0.885,1.393,1.253,1.876,-4.158,1.304,-2.998,1.915,-4.563,2.792,-1.427,-0.541,-0.885
Jordan Goodwin,1630692,4409,4395,26.0,-2.203,-1.303,-0.9,1.506,1.346,2.016,-5.154,0.748,-3.94,1.334,-4.852,3.052,-2.194,-1.351,-0.844
Marvin Bagley III,1628963,6481,6485,26.0,-0.61,0.291,-0.901,1.342,1.222,1.815,-3.241,2.022,-2.104,2.686,-4.458,2.657,-0.601,0.243,-0.844
Klay Thompson,202691,14177,14118,35.0,0.195,1.1,-0.905,1.196,1.101,1.628,-2.149,2.538,-1.058,3.258,-4.096,2.285,3.353,0.802,2.55
Donte DiVincenzo,1628978,11351,11324,28.0,-0.459,0.452,-0.91,1.15,1.066,1.567,-2.713,1.795,-1.638,2.542,-3.982,2.161,-0.373,0.479,-0.852
Kessler Edwards,1630556,3402,3450,24.0,-0.09,0.821,-0.911,1.61,1.417,2.146,-3.246,3.066,-1.957,3.599,-5.117,3.295,0.228,0.611,-0.383
Cheick Diallo,1627767,67,69,,-0.635,0.282,-0.917,2.346,1.863,2.996,-5.233,3.964,-3.37,3.934,-6.789,4.955,-0.635,0.282,-0.917
Louis King,1629663,287,288,,-0.429,0.496,-0.925,2.257,1.817,2.897,-4.852,3.994,-3.065,4.058,-6.604,4.754,-0.429,0.496,-0.925
Josh Richardson,1626196,8692,8701,31.0,-0.918,0.012,-0.929,1.2,1.111,1.635,-3.269,1.433,-2.166,2.189,-4.133,2.275,-0.03,0.003,-0.033
Nikola Vucevic,202696,16243,16211,34.0,-0.379,0.558,-0.937,1.4,1.236,1.87,-3.123,2.364,-1.864,2.979,-4.601,2.728,2.087,0.356,1.732
Sterling Brown,1628425,1392,1393,,-1.888,-0.943,-0.945,1.949,1.641,2.548,-5.707,1.931,-4.159,2.273,-5.938,4.048,-1.888,-0.943,-0.945
Trayce Jackson-Davis,1631218,2339,2339,25.0,-0.195,0.752,-0.947,1.8,1.546,2.372,-3.722,3.333,-2.278,3.782,-5.595,3.702,-0.081,0.635,-0.715
Kennedy Chandler,1631113,587,574,,-0.643,0.312,-0.955,2.157,1.765,2.787,-4.871,3.585,-3.148,3.772,-6.418,4.508,-0.643,0.312,-0.955
Trent Forrest,1630235,2865,2882,27.0,-0.883,0.076,-0.959,1.681,1.467,2.232,-4.177,2.412,-2.799,2.952,-5.333,3.415,-0.883,0.076,-0.959
Jack White,1631298,253,257,27.0,-1.026,-0.06,-0.966,2.271,1.824,2.912,-5.477,3.425,-3.635,3.515,-6.674,4.742,-1.026,-0.06,-0.966
Kendall Brown,1631112,225,222,22.0,-1.585,-0.617,-0.968,2.281,1.831,2.925,-6.056,2.886,-4.205,2.971,-6.7,4.765,-0.553,-1.088,0.535
Dwight Howard,2730,1988,2000,,-0.148,0.826,-0.975,1.839,1.573,2.421,-3.753,3.456,-2.257,3.909,-5.719,3.77,-0.148,0.826,-0.975
Harry Giles III,1628385,205,205,27.0,-0.094,0.882,-0.976,2.288,1.834,2.932,-4.579,4.39,-2.713,4.476,-6.723,4.771,-0.094,0.882,-0.976
Keifer Sykes,1626208,1126,1127,,-0.704,0.272,-0.976,2.015,1.681,2.625,-4.654,3.246,-3.022,3.567,-6.12,4.168,-0.704,0.272,-0.976
Norvel Pelle,203658,37,37,,-0.928,0.059,-0.986,2.359,1.87,3.011,-5.552,3.697,-3.607,3.725,-6.887,4.914,-0.928,0.059,-0.986
DJ Carton,1630618,79,77,24.0,-0.855,0.134,-0.989,2.341,1.861,2.991,-5.442,3.733,-3.514,3.782,-6.85,4.873,-0.537,-0.077,-0.46
Maurice Harkless,203090,1753,1785,,-1.573,-0.584,-0.989,1.878,1.595,2.464,-5.253,2.108,-3.71,2.542,-5.818,3.841,-1.573,-0.584,-0.989
Lamar Stevens,1630205,5340,5388,27.0,-1.109,-0.115,-0.994,1.422,1.283,1.914,-3.895,1.678,-2.63,2.4,-4.746,2.758,-1.109,-0.115,-0.994
Yves Pons,1630582,149,150,,-1.139,-0.123,-1.015,2.312,1.846,2.958,-5.67,3.393,-3.741,3.495,-6.814,4.783,-1.139,-0.123,-1.015
Dāvis Bertāns,202722,4369,4350,32.0,-0.926,0.097,-1.023,1.496,1.342,2.011,-3.859,2.007,-2.535,2.728,-4.963,2.918,0.404,0.04,0.364
Davon Reed,1628432,2032,2054,,-1.09,-0.058,-1.032,1.818,1.558,2.395,-4.654,2.474,-3.113,2.996,-5.726,3.662,-1.09,-0.058,-1.032
D'Moi Hodge,1641793,82,84,26.0,-0.564,0.476,-1.039,2.34,1.86,2.989,-5.15,4.023,-3.17,4.121,-6.898,4.82,-0.555,0.428,-0.983
Jerami Grant,203924,11240,11237,31.0,-1.36,-0.32,-1.04,1.227,1.122,1.662,-3.764,1.044,-2.519,1.879,-4.298,2.217,-0.473,-0.329,-0.144
Deividas Sirvydis,1629686,58,61,,-0.902,0.143,-1.045,2.35,1.865,3.0,-5.509,3.704,-3.513,3.798,-6.926,4.836,-0.902,0.143,-1.045
Dominick Barlow,1631230,1711,1723,22.0,0.225,1.282,-1.057,1.897,1.606,2.486,-3.495,3.944,-1.866,4.43,-5.93,3.815,1.256,0.811,0.445
Paul Millsap,200794,784,772,,-1.03,0.035,-1.064,2.089,1.728,2.711,-5.124,3.065,-3.352,3.421,-6.378,4.249,-1.03,0.035,-1.064
Reggie Jackson,202704,12003,11996,35.0,-2.557,-1.492,-1.065,1.193,1.096,1.622,-4.896,-0.219,-3.64,0.656,-4.244,2.113,0.601,-1.79,2.39
Malik Williams,1642013,216,219,26.0,-0.991,0.075,-1.066,2.285,1.832,2.929,-5.471,3.488,-3.516,3.665,-6.807,4.675,-0.983,0.027,-1.01
Charlie Brown Jr.,1629718,437,443,28.0,-1.635,-0.567,-1.068,2.199,1.786,2.832,-5.944,2.674,-4.066,2.933,-6.62,4.483,-1.549,-0.54,-1.009
Xavier Tillman,1630214,6533,6557,26.0,-2.255,-1.184,-1.071,1.393,1.253,1.875,-4.985,0.475,-3.64,1.272,-4.746,2.604,-2.246,-1.232,-1.015
Markelle Fultz,1628365,6291,6282,27.0,-1.357,-0.287,-1.071,1.475,1.313,1.975,-4.248,1.534,-2.86,2.287,-4.941,2.8,-1.357,-0.287,-1.071
Eric Bledsoe,202339,2779,2789,,-2.49,-1.413,-1.077,1.724,1.497,2.285,-5.87,0.89,-4.347,1.521,-5.556,3.402,-2.49,-1.413,-1.077
Jericho Sims,1630579,3811,3833,26.0,-1.362,-0.285,-1.077,1.602,1.408,2.133,-4.502,1.777,-3.044,2.475,-5.259,3.104,-1.354,-0.333,-1.021
Garrison Mathews,1629726,7060,7070,28.0,-0.097,0.99,-1.086,1.326,1.209,1.794,-2.696,2.502,-1.379,3.358,-4.603,2.43,-0.011,1.016,-1.028
Keita Bates-Diop,1628966,6297,6303,29.0,-1.426,-0.336,-1.09,1.344,1.226,1.82,-4.06,1.208,-2.739,2.068,-4.658,2.478,-1.163,-0.302,-0.86
Jonathan Kuminga,1630228,9808,9838,22.0,-0.756,0.337,-1.092,1.229,1.129,1.669,-3.165,1.653,-1.876,2.549,-4.364,2.179,0.276,-0.134,0.41
Eric Paschall,1629672,1525,1521,,-0.58,0.52,-1.1,1.927,1.628,2.523,-4.356,3.196,-2.67,3.711,-6.044,3.844,-0.58,0.52,-1.1
Trey Burke,203504,953,963,,-1.398,-0.298,-1.1,2.054,1.702,2.668,-5.424,2.628,-3.635,3.038,-6.329,4.129,-1.398,-0.298,-1.1
Moses Brown,1629650,1718,1719,25.0,-0.853,0.275,-1.128,1.855,1.585,2.44,-4.488,2.783,-2.832,3.381,-5.909,3.654,-0.739,0.157,-0.896
Onuralp Bitim,1641931,521,523,26.0,-0.846,0.286,-1.132,2.172,1.772,2.803,-5.103,3.412,-3.187,3.759,-6.626,4.362,-0.837,0.238,-1.075
John Butler Jr.,1631219,469,470,,-0.777,0.358,-1.135,2.201,1.786,2.835,-5.091,3.537,-3.144,3.859,-6.691,4.422,-0.777,0.358,-1.135
Dewayne Dedmon,203473,3271,3293,,-2.096,-0.946,-1.15,1.695,1.47,2.244,-5.419,1.226,-3.826,1.934,-5.55,3.249,-2.096,-0.946,-1.15
Ed Davis,202334,393,390,,-1.776,-0.604,-1.171,2.218,1.797,2.855,-6.122,2.571,-4.127,2.919,-6.766,4.423,-1.776,-0.604,-1.171
Reggie Perry,1629617,382,388,,-0.792,0.384,-1.176,2.228,1.8,2.864,-5.158,3.575,-3.145,3.913,-6.79,4.438,-0.792,0.384,-1.176
Ty Jerome,1629660,3333,3324,27.0,-1.631,-0.449,-1.182,1.623,1.43,2.163,-4.813,1.551,-3.252,2.354,-5.422,3.058,-1.631,-0.449,-1.182
Tyler Cook,1629076,408,408,,-0.738,0.45,-1.187,2.215,1.795,2.851,-5.08,3.604,-3.069,3.968,-6.776,4.401,-0.738,0.45,-1.187
Jordan Hall,1631160,174,169,,-1.043,0.146,-1.188,2.301,1.842,2.948,-5.554,3.468,-3.464,3.755,-6.966,4.589,-1.043,0.146,-1.188
Markieff Morris,202693,1831,1830,35.0,-1.152,0.043,-1.195,1.831,1.57,2.413,-4.74,2.437,-3.035,3.121,-5.923,3.534,2.006,-0.255,2.261
Jalen Johnson,1630552,6573,6600,23.0,-2.472,-1.274,-1.198,1.418,1.276,1.907,-5.25,0.307,-3.774,1.226,-4.935,2.539,-1.849,-1.602,-0.247
David Nwaba,1628021,1283,1280,,-0.41,0.789,-1.199,1.967,1.654,2.57,-4.265,3.445,-2.453,4.03,-6.236,3.838,-0.41,0.789,-1.199
Georges Niang,1627777,10984,10958,32.0,-0.769,0.441,-1.21,1.189,1.094,1.615,-3.099,1.561,-1.704,2.586,-4.376,1.956,0.56,0.384,0.176
Jeremy Sochan,1631110,7618,7651,22.0,-0.907,0.302,-1.21,1.409,1.267,1.895,-3.668,1.854,-2.181,2.786,-4.924,2.504,0.124,-0.169,0.293
Devin Vassell,1630170,11265,11286,24.0,-1.339,-0.128,-1.212,1.236,1.134,1.679,-3.761,1.082,-2.35,2.095,-4.503,2.079,-1.022,-0.338,-0.684
Jarrett Culver,1629633,1044,1041,,-1.194,0.025,-1.219,2.02,1.686,2.631,-5.153,2.765,-3.28,3.329,-6.375,3.938,-1.194,0.025,-1.219
Xavier Sneed,1630270,175,176,,-1.228,-0.008,-1.22,2.3,1.84,2.946,-5.737,3.281,-3.615,3.598,-6.994,4.554,-1.228,-0.008,-1.22
Omer Yurtseven,1630209,2799,2787,27.0,-0.531,0.692,-1.223,1.7,1.481,2.255,-3.863,2.801,-2.211,3.596,-5.642,3.197,-0.531,0.692,-1.223
Colin Castleton,1630658,117,116,25.0,-0.863,0.361,-1.224,2.325,1.853,2.974,-5.421,3.695,-3.272,3.993,-7.052,4.605,-0.749,0.243,-0.992
Javonte Smart,1630606,410,404,26.0,-1.125,0.105,-1.23,2.212,1.795,2.848,-5.46,3.209,-3.413,3.623,-6.812,4.352,-1.117,0.057,-1.174
Trey Jemison,1641998,1155,1159,25.0,-0.826,0.406,-1.232,2.023,1.683,2.632,-4.792,3.139,-2.892,3.704,-6.391,3.926,-0.713,0.288,-1.001
Taylor Hendricks,1641707,1779,1787,21.0,-1.075,0.16,-1.236,1.908,1.612,2.498,-4.815,2.665,-2.999,3.32,-6.132,3.66,0.472,-0.481,0.953
Lance Stephenson,202362,1659,1657,,0.361,1.598,-1.237,1.908,1.614,2.499,-3.378,4.1,-1.566,4.762,-6.134,3.66,0.361,1.598,-1.237
Amir Coffey,1629599,7511,7543,28.0,0.239,1.479,-1.24,1.31,1.195,1.775,-2.328,2.806,-0.863,3.822,-4.719,2.239,0.325,1.506,-1.181
Thaddeus Young,201152,4367,4352,37.0,-0.991,0.25,-1.241,1.495,1.342,2.01,-3.921,1.939,-2.38,2.88,-5.18,2.698,3.787,-0.284,4.072
Saddiq Bey,1630180,14595,14590,26.0,0.852,2.094,-1.241,1.111,1.03,1.513,-1.326,3.031,0.075,4.112,-4.207,1.725,0.861,2.046,-1.185
Davion Mitchell,1630558,9781,9853,26.0,-2.496,-1.243,-1.253,1.254,1.141,1.695,-4.953,-0.039,-3.48,0.994,-4.576,2.07,-2.487,-1.291,-1.196
Alex Fudge,1641788,82,85,22.0,-0.834,0.426,-1.259,2.34,1.86,2.989,-5.419,3.752,-3.219,4.07,-7.117,4.598,0.198,-0.045,0.243
Talen Horton-Tucker,1629659,7943,7954,24.0,-1.638,-0.377,-1.261,1.289,1.178,1.748,-4.164,0.888,-2.685,1.932,-4.688,2.166,-1.32,-0.587,-0.733
Kevin Pangos,1630698,331,329,,-0.52,0.747,-1.268,2.241,1.81,2.88,-4.913,3.872,-2.799,4.294,-6.913,4.378,-0.52,0.747,-1.268
Julian Strawther,1631124,1130,1139,23.0,-0.212,1.058,-1.27,2.018,1.682,2.627,-4.168,3.744,-2.238,4.355,-6.419,3.879,0.411,0.73,-0.32
Paul Watson,1628778,320,324,,-0.752,0.531,-1.283,2.246,1.811,2.885,-5.154,3.65,-3.019,4.08,-6.938,4.372,-0.752,0.531,-1.283
Simone Fontecchio,1631323,5070,5064,29.0,-1.254,0.03,-1.284,1.476,1.323,1.98,-4.147,1.639,-2.563,2.623,-5.165,2.597,-0.991,0.064,-1.054
Sandro Mamukelashvili,1630572,3129,3123,26.0,-1.442,-0.159,-1.284,1.659,1.453,2.205,-4.694,1.809,-3.007,2.69,-5.606,3.038,-1.434,-0.207,-1.227
Max Christie,1631108,3185,3175,22.0,-2.286,-1.002,-1.284,1.633,1.438,2.176,-5.486,0.915,-3.821,1.817,-5.548,2.981,-1.254,-1.473,0.219
Sharife Cooper,1630536,76,82,,-1.241,0.049,-1.29,2.342,1.86,2.991,-5.831,3.35,-3.597,3.695,-7.152,4.573,-1.241,0.049,-1.29
Troy Brown Jr.,1628972,8061,8073,25.0,-0.713,0.583,-1.296,1.24,1.142,1.686,-3.145,1.718,-1.656,2.821,-4.6,2.009,-0.6,0.465,-1.065
Nassir Little,1629642,5080,5108,25.0,-0.717,0.579,-1.296,1.461,1.31,1.963,-3.58,2.146,-1.989,3.148,-5.143,2.551,-0.603,0.462,-1.065
GG Jackson II,1641713,2504,2513,20.0,-1.985,-0.686,-1.3,1.789,1.533,2.355,-5.491,1.521,-3.69,2.319,-5.916,3.317,0.187,-1.525,1.712
Bojan Bogdanovic,202711,11582,11578,36.0,0.985,2.292,-1.306,1.218,1.116,1.653,-1.401,3.372,0.105,4.479,-4.547,1.934,4.915,1.883,3.032
Alfonzo McKinnie,1628035,408,412,,-0.3,1.017,-1.317,2.211,1.792,2.846,-4.634,4.033,-2.497,4.53,-6.896,4.262,-0.3,1.017,-1.317
Jahmi'us Ramsey,1630186,536,530,24.0,-0.463,0.868,-1.331,2.169,1.771,2.8,-4.714,3.787,-2.603,4.339,-6.819,4.156,-0.146,0.657,-0.803
Kelan Martin,1629103,893,906,,-1.577,-0.247,-1.331,2.065,1.71,2.681,-5.624,2.469,-3.597,3.104,-6.585,3.923,-1.577,-0.247,-1.331
Rayan Rupert,1641712,1295,1286,21.0,-0.953,0.383,-1.335,2.003,1.672,2.609,-4.878,2.973,-2.894,3.66,-6.449,3.779,0.595,-0.258,0.853
Mychal Mulder,1628539,493,500,,-1.017,0.354,-1.371,2.184,1.777,2.813,-5.297,3.263,-3.13,3.837,-6.884,4.142,-1.017,0.354,-1.371
Scotty Pippen Jr.,1630590,1149,1144,24.0,-1.377,0.0,-1.377,2.015,1.68,2.624,-5.326,2.572,-3.293,3.294,-6.52,3.765,-1.059,-0.21,-0.849
Kobi Simmons,1628424,195,192,27.0,-1.095,0.295,-1.39,2.293,1.837,2.938,-5.589,3.399,-3.305,3.896,-7.149,4.368,-1.095,0.295,-1.39
Kobe Bufkin,1641723,405,403,21.0,-1.994,-0.6,-1.394,2.216,1.796,2.852,-6.338,2.349,-4.12,2.92,-6.985,4.196,-0.447,-1.241,0.794
KJ Martin,1630231,9698,9706,24.0,-0.163,1.24,-1.403,1.273,1.161,1.725,-2.659,2.333,-1.035,3.515,-4.784,1.978,0.155,1.03,-0.875
Xavier Moon,1629875,580,574,30.0,-1.456,-0.042,-1.414,2.161,1.766,2.791,-5.691,2.78,-3.504,3.42,-6.884,4.057,-0.924,-0.021,-0.904
Matthew Dellavedova,203521,440,455,,-1.641,-0.215,-1.426,2.202,1.785,2.834,-5.956,2.674,-3.714,3.284,-6.981,4.129,-1.641,-0.215,-1.426
Trevor Ariza,2772,921,925,,-1.171,0.26,-1.431,2.054,1.705,2.67,-5.197,2.854,-3.083,3.602,-6.663,3.801,-1.171,0.26,-1.431
Thomas Bryant,1628418,4016,4009,27.0,-0.859,0.579,-1.438,1.541,1.372,2.064,-3.879,2.162,-2.111,3.268,-5.483,2.608,-0.859,0.579,-1.438
Kenneth Lofton Jr.,1631254,789,791,22.0,-0.728,0.711,-1.439,2.093,1.727,2.713,-4.829,3.373,-2.674,4.096,-6.757,3.879,0.304,0.24,0.064
Isaiah Livers,1630587,4125,4134,26.0,-0.012,1.432,-1.444,1.552,1.379,2.077,-3.054,3.03,-1.271,4.136,-5.516,2.627,-0.003,1.385,-1.388
Johnny Juzang,1630548,1221,1225,24.0,-0.863,0.59,-1.452,1.987,1.664,2.592,-4.757,3.032,-2.672,3.851,-6.532,3.628,-0.545,0.379,-0.924
Kyle Guy,1629657,385,386,,-1.316,0.145,-1.462,2.22,1.798,2.857,-5.667,3.035,-3.378,3.669,-7.061,4.137,-1.316,0.145,-1.462
David Duke Jr.,1630561,1274,1281,25.0,-1.118,0.346,-1.464,1.968,1.653,2.57,-4.974,2.739,-2.894,3.587,-6.501,3.573,-1.004,0.229,-1.233
Derrick Rose,201565,2822,2803,36.0,-2.676,-1.204,-1.472,1.69,1.478,2.246,-5.987,0.636,-4.101,1.693,-5.873,2.93,1.254,-1.613,2.866
Marcus Morris Sr.,202694,8751,8734,35.0,-0.23,1.256,-1.486,1.287,1.179,1.748,-2.752,2.293,-1.055,3.567,-4.912,1.94,2.928,0.959,1.97
Josh Giddey,1630581,12792,12766,22.0,-0.878,0.623,-1.501,1.28,1.163,1.732,-3.386,1.63,-1.656,2.902,-4.894,1.893,0.154,0.152,0.002
Yuta Watanabe,1629139,3802,3800,30.0,-1.043,0.474,-1.517,1.553,1.381,2.076,-4.086,2.0,-2.233,3.18,-5.585,2.552,-0.512,0.495,-1.007
Juan Toscano-Anderson,1629308,3658,3697,32.0,-1.998,-0.478,-1.52,1.578,1.395,2.107,-5.091,1.095,-3.213,2.257,-5.649,2.609,-0.669,-0.535,-0.134
Carmelo Anthony,2546,3710,3685,,-0.915,0.606,-1.521,1.644,1.442,2.188,-4.138,2.308,-2.221,3.433,-5.81,2.767,-0.915,0.606,-1.521
Charles Bassey,1629646,1864,1851,24.0,-1.491,0.046,-1.537,1.839,1.575,2.422,-5.095,2.113,-3.042,3.134,-6.284,3.21,-1.174,-0.165,-1.009
Duane Washington Jr.,1630613,2861,2845,,-0.769,0.773,-1.541,1.706,1.484,2.262,-4.113,2.576,-2.136,3.681,-5.975,2.892,-0.769,0.773,-1.541
Chris Chiozza,1629185,735,727,,-1.485,0.066,-1.551,2.113,1.739,2.737,-5.626,2.656,-3.343,3.475,-6.915,3.813,-1.485,0.066,-1.551
Daishen Nix,1630227,2527,2539,23.0,-1.651,-0.087,-1.564,1.773,1.527,2.34,-5.126,1.824,-3.08,2.906,-6.151,3.023,-1.028,-0.415,-0.613
Noah Clowney,1641730,739,747,20.0,-1.791,-0.224,-1.568,2.116,1.739,2.739,-5.939,2.356,-3.631,3.184,-6.935,3.8,0.381,-1.063,1.444
Chris Duarte,1630537,6422,6441,28.0,-2.185,-0.612,-1.573,1.362,1.236,1.841,-4.855,0.484,-3.035,1.811,-5.181,2.034,-2.1,-0.585,-1.515
Gary Trent Jr.,1629018,13675,13657,26.0,0.236,1.841,-1.605,1.19,1.098,1.622,-2.098,2.569,-0.312,3.993,-4.784,1.574,0.244,1.793,-1.549
Tosan Evbuomwan,1641787,742,746,24.0,-0.99,0.63,-1.62,2.109,1.736,2.73,-5.124,3.144,-2.773,4.032,-6.971,3.732,-0.672,0.419,-1.091
Jaxson Hayes,1629637,6240,6247,25.0,-1.747,-0.125,-1.622,1.366,1.24,1.845,-4.425,0.931,-2.556,2.306,-5.237,1.994,-1.633,-0.243,-1.39
Theo Pinson,1629033,979,981,,-1.143,0.49,-1.633,2.049,1.7,2.662,-5.158,2.873,-2.842,3.822,-6.85,3.585,-1.143,0.49,-1.633
TyTy Washington Jr.,1631102,1005,1005,23.0,-2.01,-0.35,-1.66,2.037,1.695,2.65,-6.002,1.982,-3.673,2.972,-6.853,3.534,-1.387,-0.678,-0.709
Isaiah Todd,1630225,281,275,,-1.936,-0.274,-1.662,2.26,1.82,2.902,-6.365,2.493,-3.841,3.293,-7.349,4.025,-1.936,-0.274,-1.662
Zeke Nnaji,1630192,4044,4071,24.0,-2.646,-0.975,-1.671,1.588,1.396,2.116,-5.759,0.466,-3.712,1.761,-5.818,2.476,-2.329,-1.186,-1.143
Vernon Carey Jr.,1630176,148,148,,-1.317,0.356,-1.672,2.311,1.846,2.957,-5.845,3.212,-3.262,3.973,-7.468,4.124,-1.317,0.356,-1.672
Marquese Chriss,1627737,765,766,,-1.451,0.221,-1.672,2.103,1.732,2.725,-5.573,2.671,-3.175,3.616,-7.012,3.669,-1.451,0.221,-1.672
John Collins,1628381,12362,12367,27.0,-1.159,0.542,-1.701,1.194,1.096,1.621,-3.499,1.182,-1.606,2.69,-4.878,1.477,-1.159,0.542,-1.701
Timothe Luwawu-Cabarrot,1627789,1526,1519,,-1.086,0.617,-1.702,1.916,1.624,2.512,-4.841,2.67,-2.566,3.799,-6.625,3.22,-1.086,0.617,-1.702
Jalen Hood-Schifino,1641720,227,221,22.0,-1.497,0.209,-1.706,2.281,1.831,2.925,-5.968,2.974,-3.38,3.798,-7.44,4.027,-0.465,-0.262,-0.203
Micah Potter,1630695,566,565,27.0,-1.815,-0.093,-1.723,2.161,1.765,2.791,-6.051,2.421,-3.553,3.368,-7.192,3.747,-1.815,-0.093,-1.723
Timmy Allen,1641851,256,257,25.0,-1.554,0.174,-1.728,2.275,1.826,2.917,-6.013,2.906,-3.405,3.753,-7.446,3.99,-1.44,0.057,-1.497
JaMychal Green,203210,4123,4172,,-1.499,0.232,-1.731,1.564,1.381,2.084,-4.564,1.566,-2.474,2.938,-5.815,2.353,-1.499,0.232,-1.731
Tim Frazier,204025,407,412,,-1.861,-0.13,-1.731,2.213,1.793,2.848,-6.199,2.476,-3.644,3.385,-7.314,3.851,-1.861,-0.13,-1.731
Mouhamed Gueye,1631243,159,158,22.0,-1.451,0.29,-1.742,2.307,1.844,2.953,-5.973,3.071,-3.324,3.905,-7.53,4.047,-0.419,-0.181,-0.239
Ryan Arcidiacono,1627853,605,607,31.0,-3.132,-1.365,-1.766,2.144,1.756,2.772,-7.334,1.071,-4.808,2.077,-7.199,3.666,-2.244,-1.374,-0.87
Lonnie Walker IV,1629022,8441,8481,26.0,-0.758,1.012,-1.769,1.22,1.127,1.66,-3.15,1.634,-1.197,3.22,-5.024,1.485,-0.749,0.964,-1.713
Kobe Brown,1641738,790,800,25.0,-1.117,0.66,-1.777,2.099,1.729,2.719,-5.231,2.997,-2.728,4.049,-7.106,3.552,-1.003,0.543,-1.546
Justin Minaya,1631303,945,948,26.0,-2.155,-0.365,-1.79,2.058,1.706,2.673,-6.189,1.878,-3.709,2.978,-7.03,3.449,-2.147,-0.413,-1.734
Austin Rivers,203085,5404,5448,,-0.711,1.079,-1.79,1.447,1.298,1.946,-3.547,2.125,-1.465,3.623,-5.604,2.024,-0.711,1.079,-1.79
Jamaree Bouyea,1631123,329,327,26.0,-1.497,0.293,-1.79,2.238,1.808,2.878,-5.884,2.891,-3.251,3.837,-7.43,3.851,-1.488,0.245,-1.733
Cedi Osman,1626224,8962,8976,30.0,-0.674,1.128,-1.802,1.235,1.136,1.68,-3.095,1.747,-1.099,3.356,-5.095,1.491,-0.142,1.15,-1.292
Tre Mann,1630544,7233,7207,24.0,-1.856,-0.053,-1.803,1.339,1.217,1.809,-4.479,0.768,-2.439,2.333,-5.349,1.744,-1.538,-0.264,-1.274
Jabari Smith Jr.,1631095,9978,9976,22.0,-0.969,0.85,-1.819,1.344,1.215,1.81,-3.602,1.664,-1.531,3.231,-5.366,1.728,0.063,0.379,-0.316
Brandon Goodwin,1629164,978,988,,-0.724,1.099,-1.823,2.048,1.699,2.661,-4.738,3.289,-2.231,4.43,-7.039,3.392,-0.724,1.099,-1.823
Haywood Highsmith,1629312,5467,5533,28.0,-2.42,-0.592,-1.828,1.42,1.281,1.912,-5.204,0.364,-3.103,1.918,-5.575,1.92,-2.334,-0.566,-1.769
Elfrid Payton,203901,1162,1154,,-2.252,-0.401,-1.85,1.998,1.673,2.606,-6.168,1.665,-3.68,2.878,-6.959,3.258,-2.252,-0.401,-1.85
Santi Aldama,1630583,7725,7732,24.0,-1.436,0.415,-1.851,1.311,1.196,1.774,-4.006,1.134,-1.929,2.759,-5.328,1.626,-1.118,0.204,-1.323
Terry Taylor,1630678,2413,2409,25.0,-0.483,1.381,-1.863,1.756,1.519,2.323,-3.925,2.96,-1.597,4.359,-6.416,2.69,-0.369,1.263,-1.632
Nerlens Noel,203457,1549,1553,,-1.844,0.047,-1.891,1.911,1.618,2.504,-5.589,1.901,-3.124,3.218,-6.799,3.017,-1.844,0.047,-1.891
Dru Smith,1630696,579,593,27.0,-2.175,-0.279,-1.895,2.149,1.757,2.776,-6.387,2.038,-3.724,3.165,-7.336,3.546,-2.175,-0.279,-1.895
Romeo Langford,1629641,3310,3347,,-2.888,-0.99,-1.898,1.608,1.419,2.145,-6.04,0.264,-3.77,1.791,-6.102,2.306,-2.888,-0.99,-1.898
Victor Oladipo,203506,3403,3411,,-1.764,0.143,-1.907,1.616,1.426,2.155,-4.932,1.404,-2.652,2.939,-6.132,2.317,-1.764,0.143,-1.907
Vit Krejci,1630249,2806,2797,25.0,0.084,2.005,-1.92,1.716,1.49,2.272,-3.278,3.447,-0.916,4.925,-6.373,2.532,0.198,1.887,-1.689
Wendell Moore Jr.,1631111,513,518,23.0,-1.723,0.198,-1.921,2.183,1.776,2.814,-6.003,2.556,-3.282,3.678,-7.437,3.595,-1.101,-0.13,-0.97
Mo Bamba,1628964,6773,6790,27.0,-2.233,-0.306,-1.927,1.38,1.247,1.859,-4.938,0.473,-2.75,2.138,-5.571,1.717,-2.233,-0.306,-1.927
Patrick Baldwin Jr.,1631116,1547,1541,22.0,-1.818,0.127,-1.945,1.914,1.621,2.508,-5.569,1.933,-3.05,3.304,-6.86,2.97,-0.786,-0.344,-0.442
Kemba Walker,202689,2193,2198,,-1.335,0.635,-1.971,1.84,1.571,2.419,-4.941,2.27,-2.444,3.714,-6.712,2.771,-1.335,0.635,-1.971
Dylan Windler,1629685,1141,1139,28.0,-2.234,-0.259,-1.975,1.989,1.668,2.596,-6.133,1.665,-3.529,3.01,-7.063,3.114,-2.149,-0.232,-1.916
Christian Wood,1626174,9589,9549,29.0,-0.693,1.287,-1.98,1.232,1.131,1.67,-3.107,1.721,-0.93,3.503,-5.254,1.294,-0.43,1.32,-1.75
Corey Kispert,1630557,12326,12286,26.0,0.637,2.629,-1.992,1.167,1.08,1.592,-1.651,2.925,0.514,4.745,-5.113,1.128,0.646,2.582,-1.936
Lindell Wigginton,1629623,613,621,27.0,-0.475,1.527,-2.002,2.151,1.758,2.778,-4.69,3.74,-1.919,4.972,-7.446,3.442,-0.475,1.527,-2.002
James Bouknight,1630547,1874,1893,24.0,-1.541,0.471,-2.013,1.848,1.577,2.429,-5.162,2.08,-2.619,3.562,-6.774,2.749,-1.223,0.261,-1.484
Didi Louzada,1629712,265,267,,-2.131,-0.107,-2.024,2.27,1.823,2.912,-6.58,2.318,-3.681,3.467,-7.731,3.682,-2.131,-0.107,-2.024
Marcus Sasser,1631204,2806,2813,24.0,-1.479,0.548,-2.027,1.724,1.495,2.28,-4.858,1.899,-2.382,3.478,-6.496,2.442,-1.162,0.337,-1.499
Udonis Haslem,2617,331,331,,-1.781,0.275,-2.055,2.238,1.808,2.877,-6.167,2.606,-3.269,3.818,-7.694,3.584,-1.781,0.275,-2.055
Jaylen Hoard,1629658,488,489,,-1.201,0.859,-2.06,2.214,1.791,2.848,-5.54,3.138,-2.651,4.368,-7.641,3.522,-1.201,0.859,-2.06
Javon Freeman-Liberty,1631241,839,846,25.0,-1.608,0.496,-2.103,2.089,1.723,2.708,-5.702,2.487,-2.882,3.873,-7.411,3.205,-1.494,0.378,-1.872
Eugene Omoruyi,1630647,2203,2202,28.0,-1.37,0.76,-2.129,1.777,1.534,2.347,-4.852,2.113,-2.246,3.765,-6.729,2.471,-1.284,0.786,-2.07
Kyle Kuzma,1628398,13855,13878,29.0,-1.448,0.684,-2.132,1.211,1.108,1.645,-3.821,0.926,-1.487,2.855,-5.356,1.092,-1.185,0.718,-1.902
Saben Lee,1630240,2394,2400,26.0,-2.836,-0.7,-2.136,1.75,1.514,2.314,-6.266,0.594,-3.668,2.268,-6.672,2.399,-2.827,-0.748,-2.08
Norman Powell,1626181,10836,10788,32.0,-0.729,1.432,-2.161,1.19,1.099,1.62,-3.062,1.604,-0.723,3.586,-5.336,1.014,0.601,1.375,-0.774
Mouhamadou Gueye,1631338,246,249,26.0,-2.313,-0.132,-2.181,2.276,1.826,2.918,-6.773,2.147,-3.712,3.448,-7.9,3.538,-2.304,-0.18,-2.124
Wayne Ellington,201961,1644,1636,,-1.438,0.756,-2.194,1.891,1.608,2.484,-5.145,2.269,-2.396,3.909,-7.062,2.673,-1.438,0.756,-2.194
Evan Fournier,203095,6836,6838,32.0,-2.88,-0.678,-2.203,1.445,1.29,1.939,-5.713,-0.048,-3.205,1.85,-6.003,1.598,-1.551,-0.734,-0.816
Justin Holiday,203200,7427,7445,36.0,-1.6,0.603,-2.203,1.288,1.179,1.748,-4.125,0.925,-1.709,2.914,-5.628,1.222,2.329,0.194,2.135
Taurean Prince,1627752,10062,10083,31.0,-0.62,1.616,-2.236,1.194,1.104,1.622,-2.96,1.72,-0.548,3.78,-5.416,0.944,0.267,1.607,-1.34
Serge Ibaka,201586,2229,2235,,-2.705,-0.461,-2.244,1.772,1.53,2.341,-6.178,0.768,-3.46,2.539,-6.832,2.344,-2.705,-0.461,-2.244
Olivier-Maxence Prosper,1641765,710,708,22.0,-2.031,0.216,-2.247,2.131,1.747,2.755,-6.207,2.145,-3.207,3.64,-7.647,3.153,-0.999,-0.255,-0.744
RJ Barrett,1629628,14341,14355,25.0,-0.76,1.496,-2.255,1.179,1.085,1.603,-3.07,1.55,-0.63,3.621,-5.397,0.886,-0.646,1.378,-2.024
Melvin Frazier Jr.,1628982,243,244,,-1.415,0.884,-2.299,2.288,1.832,2.931,-5.899,3.068,-2.706,4.474,-8.043,3.445,-1.415,0.884,-2.299
Kent Bazemore,203145,1132,1150,,-2.798,-0.492,-2.306,2.002,1.672,2.609,-6.721,1.125,-3.769,2.785,-7.419,2.807,-2.798,-0.492,-2.306
Jake LaRavia,1631222,2479,2503,23.0,-1.588,0.721,-2.309,1.75,1.512,2.312,-5.018,1.843,-2.242,3.685,-6.841,2.223,-0.965,0.393,-1.358
Pat Connaughton,1626192,10831,10850,32.0,-1.192,1.183,-2.375,1.204,1.112,1.641,-3.551,1.167,-0.997,3.363,-5.591,0.841,0.138,1.126,-0.989
Jacob Gilyard,1631367,1477,1486,26.0,-0.923,1.457,-2.38,1.93,1.63,2.526,-4.706,2.861,-1.737,4.651,-7.331,2.572,-0.914,1.409,-2.323
Jeff Green,201145,9513,9548,38.0,-1.646,0.77,-2.416,1.233,1.132,1.674,-4.063,0.77,-1.449,2.988,-5.697,0.865,4.059,0.095,3.963
Ayo Dosunmu,1630245,13351,13378,25.0,-2.719,-0.285,-2.434,1.201,1.105,1.635,-5.073,-0.364,-2.451,1.881,-5.638,0.771,-2.605,-0.403,-2.203
Derrick Favors,202324,1318,1328,,-3.33,-0.875,-2.455,1.964,1.651,2.566,-7.18,0.52,-4.111,2.361,-7.484,2.574,-3.33,-0.875,-2.455
Maxwell Lewis,1641721,212,207,22.0,-2.493,-0.032,-2.461,2.289,1.835,2.934,-6.979,1.994,-3.628,3.564,-8.211,3.289,-1.461,-0.503,-0.958
Jalen Green,1630224,15183,15171,23.0,-0.487,1.977,-2.463,1.3,1.168,1.752,-3.034,2.061,-0.313,4.266,-5.897,0.97,0.136,1.649,-1.513
Robin Lopez,201577,2011,2003,37.0,-2.806,-0.298,-2.508,1.811,1.557,2.389,-6.356,0.745,-3.35,2.754,-7.189,2.174,1.973,-0.832,2.805
PJ Dozier,1628408,857,866,,-2.944,-0.426,-2.518,2.072,1.714,2.69,-7.005,1.117,-3.786,2.934,-7.79,2.754,-2.944,-0.426,-2.518
Justin Robinson,1629620,627,633,,-2.521,0.001,-2.522,2.14,1.753,2.766,-6.716,1.673,-3.435,3.437,-7.943,2.899,-2.521,0.001,-2.522
Emoni Bates,1641734,259,260,21.0,-1.57,0.98,-2.55,2.269,1.824,2.911,-6.018,2.877,-2.595,4.555,-8.256,3.156,-0.023,0.339,-0.362
Bennedict Mathurin,1631097,8021,8012,23.0,-1.4,1.152,-2.552,1.357,1.229,1.83,-4.059,1.26,-1.257,3.561,-6.138,1.034,-0.777,0.824,-1.601
McKinley Wright IV,1630593,720,719,,-1.436,1.118,-2.555,2.114,1.739,2.738,-5.58,2.707,-2.291,4.528,-7.921,2.811,-1.436,1.118,-2.555
Joe Harris,203925,4462,4434,33.0,-2.106,0.449,-2.555,1.529,1.364,2.049,-5.103,0.892,-2.224,3.123,-6.571,1.461,-0.249,0.328,-0.577
Ibou Badji,1630641,459,459,22.0,-2.364,0.194,-2.558,2.196,1.785,2.829,-6.668,1.939,-3.304,3.692,-8.104,2.987,-1.332,-0.277,-1.056
Brice Sensabaugh,1641729,1198,1203,21.0,-0.39,2.18,-2.57,2.003,1.672,2.609,-4.316,3.535,-1.098,5.458,-7.684,2.544,1.157,1.539,-0.382
Shaedon Sharpe,1631101,5812,5838,22.0,-1.116,1.515,-2.631,1.453,1.3,1.95,-3.964,1.733,-1.033,4.063,-6.452,1.191,-0.084,1.044,-1.128
Ignas Brazdeikis,1629649,1106,1117,,-1.309,1.333,-2.642,2.025,1.684,2.634,-5.279,2.66,-1.969,4.634,-7.805,2.521,-1.309,1.333,-2.642
MarJon Beauchamp,1630699,2742,2737,24.0,-1.811,0.885,-2.696,1.704,1.485,2.259,-5.15,1.528,-2.025,3.796,-7.123,1.731,-1.493,0.675,-2.168
Frank Jackson,1628402,2421,2433,,-2.632,0.089,-2.722,1.775,1.53,2.343,-6.111,0.846,-2.909,3.088,-7.314,1.871,-2.632,0.089,-2.722
Usman Garuba,1630586,2541,2570,23.0,-1.663,1.064,-2.728,1.796,1.537,2.365,-5.183,1.857,-1.949,4.078,-7.362,1.907,-1.04,0.736,-1.777
Jabari Walker,1631133,4695,4717,22.0,-1.665,1.069,-2.735,1.535,1.36,2.051,-4.674,1.344,-1.596,3.735,-6.755,1.286,-0.633,0.598,-1.232
D.J. Augustin,201571,1825,1815,,-1.081,1.673,-2.754,1.851,1.583,2.434,-4.708,2.547,-1.429,4.775,-7.523,2.016,-1.081,1.673,-2.754
Josh Jackson,1628367,1704,1704,,-2.112,0.656,-2.768,1.886,1.603,2.476,-5.809,1.585,-2.487,3.798,-7.621,2.086,-2.112,0.656,-2.768
Andre Jackson Jr.,1641748,1180,1188,23.0,-0.825,1.947,-2.773,1.987,1.665,2.592,-4.719,3.068,-1.316,5.211,-7.853,2.307,-0.203,1.62,-1.822
Jaden Ivey,1631093,9337,9321,23.0,-1.041,1.794,-2.835,1.359,1.221,1.827,-3.704,1.622,-0.6,4.187,-6.415,0.746,-0.418,1.466,-1.884
Avery Bradley,202340,2876,2900,,-2.816,0.051,-2.867,1.735,1.502,2.296,-6.217,0.585,-2.893,2.994,-7.367,1.633,-2.816,0.051,-2.867
Ziaire Williams,1630533,6530,6560,23.0,-2.487,0.387,-2.874,1.363,1.238,1.843,-5.16,0.185,-2.04,2.813,-6.487,0.739,-1.864,0.059,-1.923
Tomas Satoransky,203107,1823,1838,,-2.359,0.516,-2.875,1.85,1.58,2.432,-5.986,1.268,-2.581,3.613,-7.642,1.891,-2.359,0.516,-2.875
Bruno Fernando,1628981,2541,2546,26.0,-2.595,0.296,-2.891,1.752,1.513,2.314,-6.029,0.84,-2.669,3.262,-7.427,1.645,-2.586,0.249,-2.835
Richaun Holmes,1626158,4104,4106,31.0,-2.534,0.363,-2.896,1.557,1.379,2.08,-5.585,0.518,-2.341,3.066,-6.973,1.18,-1.646,0.354,-2.0
Nick Richards,1630208,6814,6829,27.0,-2.117,0.789,-2.906,1.403,1.258,1.884,-4.866,0.632,-1.678,3.255,-6.599,0.788,-2.117,0.789,-2.906
Tony Snell,203503,1673,1672,,-1.939,0.968,-2.907,1.873,1.597,2.462,-5.611,1.733,-2.163,4.099,-7.733,1.919,-1.939,0.968,-2.907
Facundo Campazzo,1630267,2527,2543,,-3.216,-0.305,-2.911,1.769,1.524,2.336,-6.684,0.252,-3.291,2.682,-7.489,1.667,-3.216,-0.305,-2.911
Justin Jackson,1628382,288,295,30.0,-2.882,0.047,-2.929,2.256,1.816,2.896,-7.304,1.54,-3.512,3.606,-8.606,2.748,-2.351,0.069,-2.419
Blake Wesley,1631104,3274,3281,22.0,-3.044,-0.033,-3.011,1.672,1.457,2.218,-6.32,0.233,-2.889,2.824,-7.358,1.336,-2.012,-0.504,-1.508
Dalano Banton,1630625,4097,4095,25.0,-3.03,-0.017,-3.013,1.543,1.372,2.063,-6.054,-0.006,-2.705,2.672,-7.057,1.03,-2.916,-0.134,-2.782
Rajon Rondo,200765,1522,1535,,-3.404,-0.387,-3.017,1.908,1.616,2.501,-7.143,0.336,-3.555,2.781,-7.919,1.885,-3.404,-0.387,-3.017
Aleksej Pokusevski,1630197,4786,4769,23.0,-2.97,0.092,-3.062,1.484,1.331,1.993,-5.879,-0.061,-2.516,2.7,-6.968,0.845,-2.347,-0.236,-2.111
Drew Eubanks,1629234,8159,8175,28.0,-2.008,1.074,-3.082,1.288,1.172,1.741,-4.533,0.517,-1.222,3.371,-6.495,0.33,-1.923,1.101,-3.023
Georgios Kalaitzakis,1630686,432,441,,-1.741,1.343,-3.084,2.228,1.797,2.862,-6.108,2.625,-2.18,4.865,-8.694,2.526,-1.741,1.343,-3.084
Udoka Azubuike,1628962,1397,1396,25.0,-2.469,0.615,-3.084,1.933,1.633,2.53,-6.257,1.32,-2.585,3.816,-8.042,1.875,-2.355,0.498,-2.852
Jaden Hardy,1630702,3525,3512,22.0,-1.449,1.669,-3.118,1.612,1.421,2.147,-4.608,1.711,-1.115,4.454,-7.327,1.091,-0.417,1.198,-1.615
Jeremiah Robinson-Earl,1630526,4605,4641,24.0,-2.732,0.458,-3.19,1.51,1.346,2.023,-5.691,0.227,-2.18,3.096,-7.156,0.776,-2.414,0.248,-2.662
Doug McDermott,203926,7316,7238,33.0,0.128,3.328,-3.2,1.309,1.201,1.778,-2.437,2.693,0.974,5.682,-6.684,0.284,1.985,3.207,-1.222
Terrence Ross,203082,5892,5862,,-1.028,2.181,-3.208,1.402,1.271,1.892,-3.776,1.721,-0.31,4.671,-6.917,0.501,-1.028,2.181,-3.208
David Roddy,1631223,5184,5208,24.0,-2.514,0.711,-3.225,1.453,1.306,1.953,-5.362,0.334,-1.849,3.271,-7.053,0.602,-2.197,0.5,-2.697
Zavier Simpson,1630285,686,687,28.0,-2.536,0.712,-3.248,2.149,1.755,2.775,-6.748,1.677,-2.727,4.151,-8.686,2.191,-2.45,0.739,-3.189
Malachi Flynn,1630201,4322,4329,27.0,-1.892,1.383,-3.275,1.518,1.355,2.033,-4.867,1.082,-1.273,4.038,-7.259,0.709,-1.892,1.383,-3.275
Greg Brown III,1630535,1611,1619,23.0,-3.097,0.225,-3.322,1.924,1.623,2.518,-6.868,0.675,-2.956,3.406,-8.257,1.613,-2.474,-0.103,-2.371
John Wall,202322,1589,1591,,-3.444,-0.101,-3.342,1.901,1.613,2.493,-7.169,0.282,-3.264,3.061,-8.228,1.543,-3.444,-0.101,-3.342
Skylar Mays,1630219,1748,1747,27.0,-1.344,2.088,-3.432,1.863,1.589,2.449,-4.995,2.307,-1.026,5.203,-8.232,1.368,-1.344,2.088,-3.432
Brandon Miller,1641706,4814,4835,22.0,-1.742,1.708,-3.45,1.58,1.389,2.1,-4.838,1.354,-1.014,4.431,-7.565,0.665,-0.71,1.237,-1.947
Malaki Branham,1631103,6610,6638,22.0,-1.683,1.81,-3.493,1.404,1.264,1.89,-4.435,1.069,-0.668,4.289,-7.197,0.211,-0.651,1.339,-1.99
CJ Elleby,1629604,2399,2395,,-2.217,1.285,-3.502,1.798,1.543,2.369,-5.741,1.307,-1.739,4.309,-8.146,1.142,-2.217,1.285,-3.502
Kevin Knox II,1628995,3686,3668,25.0,-2.266,1.237,-3.504,1.574,1.397,2.105,-5.352,0.82,-1.501,3.976,-7.629,0.622,-2.153,1.12,-3.272
Keljin Blevins,1629833,710,721,,-1.569,1.938,-3.508,2.125,1.743,2.749,-5.735,2.596,-1.478,5.355,-8.896,1.88,-1.569,1.938,-3.508
Nathan Mensah,1641877,613,611,27.0,-2.982,0.608,-3.59,2.153,1.76,2.781,-7.201,1.238,-2.843,4.058,-9.04,1.861,-2.982,0.608,-3.59
Gorgui Dieng,203476,1515,1522,,-2.937,0.695,-3.633,1.907,1.616,2.5,-6.675,0.801,-2.472,3.863,-8.533,1.268,-2.937,0.695,-3.633
Keyonte George,1641718,4184,4179,21.0,-2.643,0.991,-3.634,1.618,1.418,2.149,-5.815,0.529,-1.788,3.769,-7.846,0.579,-1.096,0.35,-1.445
DeAndre Jordan,201599,3354,3394,36.0,-2.714,0.95,-3.664,1.628,1.427,2.166,-5.904,0.477,-1.848,3.748,-7.909,0.582,1.216,0.541,0.674
Trendon Watford,1630570,5934,5945,24.0,-1.577,2.089,-3.666,1.403,1.264,1.89,-4.327,1.172,-0.389,4.566,-7.37,0.039,-1.26,1.878,-3.138
Admiral Schofield,1629678,2041,2043,28.0,-2.785,0.897,-3.681,1.811,1.555,2.388,-6.335,0.765,-2.152,3.945,-8.362,0.999,-2.699,0.924,-3.623
Isaiah Roby,1629676,2957,2964,,-3.034,0.655,-3.689,1.68,1.467,2.232,-6.328,0.26,-2.22,3.53,-8.063,0.685,-3.034,0.655,-3.689
Kira Lewis Jr.,1630184,1763,1764,24.0,-3.905,-0.12,-3.784,1.856,1.585,2.441,-7.543,-0.267,-3.227,2.987,-8.569,1.001,-3.587,-0.331,-3.256
Nick Smith Jr.,1641733,1434,1442,21.0,-3.022,0.853,-3.875,1.944,1.637,2.541,-6.833,0.789,-2.355,4.061,-8.855,1.106,-1.474,0.212,-1.686
Cam Thomas,1630560,8627,8593,23.0,-1.673,2.205,-3.878,1.268,1.163,1.721,-4.158,0.812,-0.073,4.484,-7.252,-0.504,-1.05,1.877,-2.927
Semi Ojeleye,1628400,816,823,,-2.943,0.966,-3.909,2.083,1.721,2.702,-7.026,1.139,-2.407,4.338,-9.205,1.387,-2.943,0.966,-3.909
Brandon Boston Jr.,1630527,2777,2792,23.0,-3.995,0.013,-4.008,1.715,1.489,2.272,-7.357,-0.633,-2.905,2.931,-8.461,0.445,-3.372,-0.315,-3.057
Elijah Hughes,1630190,906,909,,-2.145,1.898,-4.044,2.066,1.711,2.681,-6.194,1.903,-1.455,5.251,-9.299,1.211,-2.145,1.898,-4.044
Killian Hayes,1630165,9821,9825,23.0,-3.551,0.568,-4.12,1.283,1.166,1.737,-6.066,-1.037,-1.718,2.854,-7.525,-0.714,-2.929,0.24,-3.169
Theo Maledon,1630177,4113,4104,24.0,-2.138,2.063,-4.202,1.56,1.381,2.086,-5.197,0.92,-0.645,4.771,-8.29,-0.113,-1.821,1.853,-3.673
Scoot Henderson,1630703,3605,3608,21.0,-1.753,2.477,-4.23,1.681,1.462,2.227,-5.048,1.541,-0.389,5.342,-8.595,0.136,-0.206,1.835,-2.041
Bryce McGowens,1631121,3451,3446,22.0,-3.542,0.709,-4.251,1.636,1.436,2.176,-6.748,-0.335,-2.106,3.524,-8.516,0.015,-2.51,0.238,-2.748
Johnny Davis,1631098,2204,2205,23.0,-4.239,0.052,-4.292,1.799,1.546,2.372,-7.765,-0.714,-2.978,3.082,-8.94,0.357,-3.617,-0.276,-3.341
Torrey Craig,1628470,9790,9867,34.0,-1.612,2.734,-4.346,1.179,1.091,1.603,-3.924,0.699,0.596,4.872,-7.489,-1.204,0.854,2.532,-1.678
Will Barton,203115,7006,6992,,-4.259,0.184,-4.443,1.439,1.289,1.93,-7.08,-1.438,-2.343,2.711,-8.225,-0.66,-4.259,0.184,-4.443
Ish Smith,202397,4660,4666,36.0,-3.332,1.162,-4.494,1.48,1.326,1.986,-6.232,-0.432,-1.437,3.762,-8.387,-0.601,0.598,0.754,-0.156
Ben McLemore,203463,2608,2610,,-3.286,1.262,-4.548,1.751,1.513,2.315,-6.719,0.147,-1.704,4.228,-9.086,-0.011,-3.286,1.262,-4.548
Thanasis Antetokounmpo,203648,1764,1772,32.0,-2.798,1.825,-4.624,1.882,1.596,2.467,-6.487,0.89,-1.303,4.954,-9.46,0.212,-1.468,1.769,-3.237
Damian Jones,1627745,3584,3577,30.0,-4.081,0.721,-4.802,1.599,1.411,2.133,-7.214,-0.948,-2.046,3.487,-8.981,-0.622,-3.55,0.742,-4.292
Brandon Williams,1630314,1565,1552,25.0,-3.063,1.774,-4.838,1.943,1.636,2.541,-6.872,0.745,-1.432,4.98,-9.817,0.142,-2.95,1.657,-4.606
Bilal Coulibaly,1641731,3638,3635,20.0,-3.38,1.468,-4.848,1.638,1.438,2.177,-6.589,-0.17,-1.349,4.286,-9.115,-0.581,-1.207,0.629,-1.836
Keon Johnson,1630553,2393,2418,23.0,-2.341,2.739,-5.08,1.776,1.528,2.345,-5.823,1.141,-0.255,5.733,-9.675,-0.484,-1.718,2.411,-4.129
Jordan Nwora,1629670,6526,6542,26.0,-2.464,2.651,-5.115,1.335,1.215,1.803,-5.081,0.152,0.269,5.032,-8.65,-1.58,-2.456,2.603,-5.059
Cam Reddish,1629629,6262,6268,25.0,-3.925,1.303,-5.228,1.336,1.22,1.807,-6.543,-1.308,-1.088,3.694,-8.77,-1.687,-3.812,1.185,-4.997
Chuma Okeke,1629643,5518,5516,26.0,-5.309,-0.006,-5.303,1.454,1.304,1.955,-8.159,-2.458,-2.562,2.551,-9.135,-1.471,-5.3,-0.053,-5.247
Gradey Dick,1641711,2636,2646,21.0,-3.019,2.325,-5.344,1.74,1.507,2.3,-6.43,0.392,-0.629,5.278,-9.851,-0.836,-1.471,1.684,-3.155
James Wiseman,1630164,4052,4077,24.0,-2.29,3.117,-5.407,1.592,1.398,2.117,-5.41,0.83,0.378,5.857,-9.557,-1.257,-1.972,2.907,-4.879
R.J. Hampton,1630181,4563,4554,24.0,-3.593,2.003,-5.596,1.518,1.353,2.033,-6.568,-0.618,-0.648,4.654,-9.58,-1.612,-3.275,1.792,-5.068
Darius Bazley,1629647,5497,5550,25.0,-4.548,1.094,-5.641,1.472,1.315,1.975,-7.434,-1.662,-1.484,3.672,-9.512,-1.771,-4.434,0.976,-5.41
Josh Christopher,1630528,4402,4398,,-2.599,3.242,-5.841,1.556,1.379,2.08,-5.648,0.45,0.54,5.945,-9.919,-1.764,-2.599,3.242,-5.841
Garrett Temple,202066,3177,3176,39.0,-4.984,1.734,-6.718,1.659,1.453,2.205,-8.235,-1.732,-1.114,4.582,-11.039,-2.396,1.723,0.906,0.817
