PLAYER_ID,Name,N_Seasons,First_Season,Last_Season,First_Age,Last_Age,Has_Prime_Season,Total_Poss,Career_Wmean_RAPM,Career_Wmean_Off,Career_Wmean_Def,Career_Wmean_RAPM_at_Ref,Career_Wmean_Off_at_Ref,Career_Wmean_Def_at_Ref
2544,LeBron James,21,2004,2024,19,39,True,263925.0,8.80261522023302,6.756917093871366,-2.045744703987875,10.711857672077667,8.284838490710596,-2.427108982170574
1495,Tim Duncan,19,1998,2016,22,40,True,212026.0,7.72799586843123,4.046271344080443,-3.681552573740956,9.70746521288085,5.6622279535159805,-4.045113509991648
708,Kevin Garnett,20,1997,2016,21,40,True,200643.0,7.4940286279611055,4.258882632337037,-3.2352730670893073,9.074860817344598,5.54044266399928,-3.534582605877923
201939,Stephen Curry,14,2010,2024,22,36,True,158249.0,7.444105744744043,5.527030881711734,-1.9170913307509057,8.543870055498113,6.426238405877188,-2.117674266966789
1717,Dirk Nowitzki,21,1999,2019,21,41,True,220009.0,7.340437254839576,5.59279309028267,-1.7477582871609798,9.280040787747046,7.172007755303325,-2.108194077645112
406,Shaquille O'Neal,15,1997,2011,25,39,True,142519.0,7.340095474989299,5.273011233589907,-2.0669804236628093,8.890633247806782,6.565330063453264,-2.3252381481995927
1938,Manu Ginobili,16,2003,2018,25,40,True,126967.0,6.82093533752865,3.752624335457245,-3.0682441815589874,8.936366763422127,5.500038702569747,-3.4363140037139193
1628369,Jayson Tatum,7,2018,2024,20,26,True,85415.0,6.804863478311772,4.562789697359949,-2.2422061581689396,8.024078808339533,5.455185796312752,-2.5690472696958766
202695,Kawhi Leonard,11,2012,2024,21,33,True,105512.0,6.685345211919024,3.6483043445295325,-3.037427704905603,7.470281253456901,4.260390371768368,-3.210294197456992
101108,Chris Paul,19,2006,2024,21,39,True,189621.0,6.545473987585765,4.212370380917725,-2.3329648140237635,8.3919569153263,5.713501069867299,-2.678361158323987
201935,James Harden,15,2010,2024,20,34,True,171920.0,6.413290530479293,5.6710194450907405,-0.74217788506282,7.32088350046319,6.387055875854259,-0.9337538140635242
252,Karl Malone,8,1997,2004,33,40,True,92944.0,6.348849672921328,5.255040368393871,-1.0936841323807884,10.81889832955329,8.931473044684628,-1.8874116824386062
977,Kobe Bryant,19,1997,2016,18,37,True,220365.0,6.241745009416196,5.192008154652506,-1.0497619540308125,7.594485365121815,6.259023504236868,-1.3355157189274083
201142,Kevin Durant,16,2008,2024,19,35,True,183709.0,6.2063828554942875,4.774490318928305,-1.4321292315564291,7.5621648277038265,5.830637371425371,-1.7317920082943357
304,John Stockton,7,1997,2003,35,41,False,67949.0,6.167530265346069,3.524383199164079,-2.6428815729444137,11.999738431444683,8.293229119419676,-3.7063890992547037
203110,Draymond Green,12,2013,2024,23,34,True,119740.0,6.1455454985802564,2.3717686320360776,-3.773814782027727,6.751999194645114,2.872827762572692,-3.8792238414022213
1884,Baron Davis,13,2000,2012,21,33,True,117440.0,6.135390403610356,4.245671670640327,-1.8896457595367848,6.84366146786197,4.795391813260929,-2.048211292886466
203081,Damian Lillard,12,2013,2024,22,33,True,132974.0,6.12395038879781,5.435903612736324,-0.6877627280521004,6.7542234424387715,5.934259272697074,-0.8196938428397117
467,Jason Kidd,17,1997,2013,24,40,True,193085.0,6.115049009503587,3.8801032705803142,-2.234973881969081,8.332825301980524,5.709723377784138,-2.623185249751763
951,Ray Allen,18,1997,2014,21,38,True,196500.0,5.8950744173028,5.0495806870229005,-0.8453854351145037,7.519484679999092,6.37249955279945,-1.1469155031939084
203999,Nikola Jokic,9,2016,2024,21,29,True,94836.0,5.846771131215994,4.281652832257792,-1.564859610274579,6.386081155332443,4.67823083429155,-1.7076016889446068
739,Rasheed Wallace,14,1997,2010,22,35,True,146588.0,5.843822291047017,2.7825904917182847,-3.06091607089257,6.713487247062425,3.49443279755273,-3.2187591813245433
203954,Joel Embiid,8,2017,2024,23,30,True,63872.0,5.842056895040081,2.4313121868737473,-3.410579471442886,6.0964737991034,2.627141681475175,-3.4691721669828706
1718,Paul Pierce,18,1999,2016,21,38,True,197088.0,5.819396848108458,3.923857079071277,-1.8955360448124696,7.236174337243652,5.077276299352502,-2.158927965480191
1883,Steve Francis,8,2000,2007,23,30,True,81671.0,5.814215951806639,4.793244419683854,-1.0211647096276524,6.120187959861632,5.0208158599102575,-1.0995712991712159
202331,Paul George,13,2011,2024,21,34,True,132412.0,5.794069684016554,3.190974254599281,-2.603266448660242,6.608608513460988,3.8411209087902134,-2.7676766530983876
397,Reggie Miller,9,1997,2005,31,39,True,99142.0,5.787204333178671,4.516529240886809,-1.2706750922918641,9.111600113295562,7.269264316931032,-1.8424189522077679
764,David Robinson,6,1998,2003,32,37,True,55743.0,5.785675636402777,2.1337145112390794,-3.651961125163698,8.670783383773504,4.536347805506026,-4.134507848526784
959,Steve Nash,17,1997,2013,23,39,True,165069.0,5.741148119877143,4.55532290133217,-1.1857902028848541,7.664407185126446,6.149698603433241,-1.514721447082392
203507,Giannis Antetokounmpo,11,2014,2024,19,29,True,117349.0,5.65061747437132,3.3641536527793168,-2.2863964584274257,6.751452858839074,4.180480650596034,-2.5709246591437274
224,Eddie Jones,12,1997,2008,25,36,True,115222.0,5.511833642880699,2.9479979170644492,-2.5640591466907363,6.481186461171158,3.76335048600646,-2.71808355153857
56,Gary Payton,11,1997,2007,28,38,True,128348.0,5.475430314457569,4.133031336678405,-1.3423153068220777,7.510910792133869,5.834960142072919,-1.6759180880601074
96,Detlef Schrempf,5,1997,2001,34,38,True,36848.0,5.470202887537993,3.109783760312636,-2.3605727854971774,9.055417049254759,6.080280847932423,-2.975379573718849
201950,Jrue Holiday,15,2010,2024,20,34,True,140332.0,5.406724318045777,3.2148820938916285,-2.1918038579939,6.457894420276948,4.049279781842612,-2.408598857436436
1503,Tracy McGrady,15,1998,2012,19,33,True,122859.0,5.368546268486639,4.153227219821097,-1.215268071529151,6.311426818202342,4.867923117009659,-1.4434708700866805
2548,Dwyane Wade,16,2004,2019,22,37,True,161817.0,5.3177596915033645,3.9079150892675054,-1.4095340106416507,6.5351181776900304,4.901041494224494,-1.6337950415422415
1713,Vince Carter,22,1999,2020,22,43,True,188554.0,5.264382808108022,3.431981702854354,-1.8323137509678924,7.532766371088969,5.283407112669774,-2.2493273931052356
202710,Jimmy Butler,12,2013,2024,23,34,True,122355.0,5.237220048220343,3.0323788402599,-2.204841207960443,5.949194603074694,3.618743568253089,-2.3304679386805973
947,Allen Iverson,14,1997,2010,22,35,True,158426.0,5.153244006665574,4.863824990847462,-0.2890963162612198,5.966745976286016,5.524452761121068,-0.4419892787769367
896,Tim Hardaway,6,1997,2002,30,35,True,55724.0,5.093841863469959,3.2456592491565575,-1.8483988586605413,6.527763940882028,4.464778419064736,-2.0632379052599505
2736,Luol Deng,14,2005,2019,20,34,True,127714.0,5.034907472947367,2.552283821664031,-2.4825530873670854,5.8703111374759676,3.1942150927937334,-2.676042102234963
2547,Chris Bosh,13,2004,2016,20,32,True,132019.0,5.009866269249122,3.1856001711874806,-1.824299199357668,5.849134919665449,3.8256221304079947,-2.0235622259674324
1905,Andrei Kirilenko,12,2002,2014,21,33,True,96126.0,4.928387761895845,2.6638013128602043,-2.2646961279986684,5.667741429841093,3.2332254968265817,-2.434640670407957
1897,Metta World Peace,15,2000,2016,20,36,True,129445.0,4.913052941403686,2.0462651550851714,-2.8666424118351426,5.915449016300983,2.837746907984763,-3.0775779899433178
2572,Josh Howard,9,2004,2012,24,32,True,65634.0,4.878283542066612,2.502211247219429,-2.375804979126672,5.138016122763398,2.710268992955228,-2.427485652886496
1740,Rashard Lewis,15,2000,2014,20,34,True,137080.0,4.874423037642253,3.482588991829589,-1.3915537642252698,5.712430706732025,4.130628737368842,-1.581538685130919
201933,Blake Griffin,13,2011,2023,22,34,True,104586.0,4.829595978429236,3.1386649360335026,-1.6909641060945062,5.4758399486988605,3.6429666530562748,-1.8329201220727154
203076,Anthony Davis,12,2013,2024,20,31,True,111855.0,4.826464708774752,2.453138053730276,-2.3731433194761076,5.637974147593215,3.0683156875318915,-2.5694907946319545
2203,Shane Battier,13,2002,2014,23,35,True,124186.0,4.80419767928752,2.211786690931345,-2.5921617090493294,5.616819776076729,2.8817665020219403,-2.7348234194322694
1885,Lamar Odom,14,2000,2013,20,33,True,136126.0,4.747863001924687,2.2029964958935104,-2.544974002027533,5.5752371178259175,2.8458181475105144,-2.7295431864314526
124,Vlade Divac,8,1997,2004,29,36,True,79849.0,4.736029731117483,1.689324249520971,-3.047116720309584,6.559807633062292,3.224594947925978,-3.3356697751712785
1629029,Luka Doncic,6,2019,2024,20,25,True,60703.0,4.732854834192709,4.131659143699652,-0.6007300133436568,6.1310420711490305,5.156937721275543,-0.9736638182824591
201566,Russell Westbrook,16,2009,2024,20,35,True,176539.0,4.69229019650049,3.3841485960609274,-1.3081092336537536,5.794429083646408,4.256852436078435,-1.5375680068483646
200768,Kyle Lowry,17,2008,2024,22,38,True,158664.0,4.659184307719459,2.7404724638229214,-1.9188679725709679,6.257542321226751,4.056069122682267,-2.201668285326861
200746,LaMarcus Aldridge,16,2007,2022,21,36,True,147675.0,4.653179244963603,2.6920582495344507,-1.96100614863721,5.609705644581716,3.464040580510642,-2.145572075765146
1889,Andre Miller,17,2000,2016,24,40,True,159937.0,4.630775805473405,3.7388112006602596,-0.8918177594928003,6.297271199351634,5.119246743338739,-1.1779190267452235
950,Stephon Marbury,13,1997,2009,20,32,True,125638.0,4.618389348763909,4.663609465289163,0.04533694423661631,5.416338563891583,5.264066328357422,-0.1521705013158474
978,Peja Stojakovic,13,1999,2011,22,34,True,116654.0,4.611080734479743,3.6307169664134964,-0.9803457661117492,5.2157544141831576,4.118388716918727,-1.0973614758406827
202681,Kyrie Irving,13,2012,2024,20,32,True,111098.0,4.610706025310986,3.884252173756503,-0.7266353669733028,5.46050594470753,4.533641269169113,-0.9270629970469276
200750,Brandon Roy,5,2007,2011,22,26,True,42947.0,4.6074773790951635,3.628262393182294,-0.9790460800521574,5.3150668317908085,4.132677886689109,-1.1822329237349218
203497,Rudy Gobert,11,2014,2024,22,32,True,98828.0,4.603775549439431,1.3118243109240295,-3.292244019913385,5.0640737461089405,1.685000096425907,-3.3793768513321685
717,Arvydas Sabonis,6,1997,2003,32,38,True,40654.0,4.594919712697398,1.1333486249815516,-3.4615710877158463,7.44744766860346,3.508521275652237,-3.9389978293760874
200794,Paul Millsap,16,2007,2022,22,37,True,132532.0,4.588179609452811,2.4616754896930555,-2.1264488048169503,5.616561784041599,3.305581045962423,-2.31094996156854
84,Latrell Sprewell,9,1997,2005,26,34,True,95541.0,4.581976889502936,3.64243746663736,-0.9395194000481468,5.430010634762596,4.3684590261794245,-1.0615529666709134
2200,Pau Gasol,18,2002,2019,21,38,True,176168.0,4.56018778098179,3.2653789961854596,-1.2947637255347169,5.892370089698491,4.344946096622711,-1.5474100184391144
210,Terrell Brandon,6,1997,2002,27,32,True,47494.0,4.509324356760854,2.940386764643955,-1.5687764770286774,4.920299330345567,3.305783986216956,-1.614364808921673
101114,Deron Williams,12,2006,2017,22,33,True,121722.0,4.506137000706528,3.6994543878674357,-0.806697277402606,5.127923306958271,4.191145170087423,-0.936806352179073
203114,Khris Middleton,12,2013,2024,21,32,True,104593.0,4.492073781228189,3.000132551891618,-1.491955436788313,5.017931258654634,3.4081451183464395,-1.6098112373462525
297,Alonzo Mourning,9,1997,2008,27,38,True,62434.0,4.44359499631611,1.1844185059422747,-3.259296136720377,5.895996877096557,2.399922512879722,-3.496230540158948
2738,Andre Iguodala,18,2005,2022,21,38,True,174440.0,4.399805486127035,1.8379333123136896,-2.561848412061454,5.656120207678189,2.8492837866844276,-2.8068415617334463
1627832,Fred VanVleet,7,2018,2024,24,30,True,64776.0,4.381849898110412,2.5131504723971845,-1.8687106490058047,4.596492685673551,2.6867916071712057,-1.909717106668522
1628401,Derrick White,6,2019,2024,24,29,True,52044.0,4.373005437706556,1.6964055414649144,-2.676599896241642,4.542069531060491,1.826540776119933,-2.7155322648898315
202691,Klay Thompson,11,2012,2024,22,34,True,129398.0,4.310116771511152,2.906113216587583,-1.4040014606099012,5.012141422837139,3.466984756498915,-1.5451704311921723
1749,Cuttino Mobley,10,1999,2008,23,32,True,106488.0,4.289234289309594,3.6231289065434598,-0.666004160093156,4.709339872302802,3.9678624019305246,-0.7413859651243189
1627783,Pascal Siakam,8,2017,2024,23,30,True,76442.0,4.283694578896418,2.7703199419167475,-1.5134346301771278,4.53576102687745,2.9673910845664304,-1.5684353049734183
1626164,Devin Booker,9,2016,2024,19,27,True,91200.0,4.280070975877193,4.075758706140351,-0.20452207236842107,5.624896458523286,5.067571019682931,-0.5575591101922264
1882,Elton Brand,15,2000,2015,21,36,True,134414.0,4.26417812876635,3.319852344249855,-0.9441766036275984,5.2986634454783355,4.140712215798851,-1.1578248663823383
1802,Brad Miller,13,1999,2011,23,35,True,99234.0,4.259916177922889,2.12311611947518,-2.1368759598524703,5.054973861232708,2.792707513862825,-2.262361906570478
201980,Danny Green,11,2012,2022,25,35,True,97422.0,4.2467809324382575,1.9110654164357133,-2.3357713760752192,5.149233855941491,2.6738909346794086,-2.47542134527331
2240,Gilbert Arenas,9,2002,2011,20,29,True,78606.0,4.242849693407628,4.461576202834389,0.21908043915222752,5.257280291199893,5.206290674890312,-0.05065420054759111
201144,Mike Conley,16,2008,2024,20,36,True,143486.0,4.23756027765775,2.4275275636647478,-1.8099205148934392,5.564504346682069,3.4851220838991654,-2.079299731167187
389,Toni Kukoc,10,1997,2006,28,37,True,65566.0,4.223790028368361,2.117265747491077,-2.1066595644083823,5.800506582821533,3.4451109033911127,-2.355570656438397
469,Jamal Mashburn,8,1997,2004,24,31,True,67381.0,4.211533978421217,2.2676534334604708,-1.9437756489218028,4.467745977066968,2.4768791393074014,-1.9907677492714007
448,Bo Outlaw,9,1997,2007,26,36,True,64306.0,4.200694320903181,1.1148394706559264,-3.085664945728237,4.816342997262284,1.6439891995714302,-3.1721794399015146
87,Dikembe Mutombo,12,1997,2008,31,42,True,90642.0,4.160567121202091,0.4636583813243309,-3.6972408706780526,7.710534341268363,3.394770722434161,-4.316184414158571
1628378,Donovan Mitchell,7,2018,2024,21,27,True,71480.0,4.131966116396194,2.623435814213766,-1.508554113038612,5.025880749638559,3.272641203967363,-1.7532795425428052
203496,Robert Covington,10,2015,2024,24,33,True,74534.0,4.12937423189417,1.5218841602490136,-2.6077017066036974,4.498973162586684,1.8296863730424753,-2.669507193201837
202689,Kemba Walker,11,2012,2022,22,32,True,101280.0,4.127506467219589,3.05344439178515,-1.0740417160347548,4.585504937138016,3.4096559056032887,-1.1758382595541816
1497,Chauncey Billups,15,1998,2013,21,36,True,140458.0,4.109991470759943,2.764147517407339,-1.3457554642668987,4.999599462222846,3.4928160943876767,-1.5067155749443983
203078,Bradley Beal,12,2013,2024,20,31,True,111799.0,4.097633950214224,3.312868710811367,-0.7848945965527419,4.894866440619939,3.911065048168328,-0.9839458310232915
1890,Shawn Marion,16,2000,2015,22,37,True,170796.0,4.082166496873463,2.2843760743811328,-1.7976834703388838,5.164499933706659,3.1705679075550126,-1.9938510008322219
57,Doug Christie,9,1997,2005,27,35,True,96522.0,4.080901545761588,2.417526822900479,-1.6634693541368806,5.175752135058728,3.3500787481030314,-1.825795645849953
2397,Yao Ming,7,2003,2009,22,28,True,62092.0,4.069882496940025,1.447693164980996,-2.622305772080139,4.592253133059412,1.8245982652528936,-2.767780926559918
937,Scottie Pippen,8,1997,2004,31,38,True,69496.0,4.054341573615748,2.3502377546909177,-1.703872827213077,6.531366566967585,4.419437663242162,-2.111760018050134
2045,Hedo Turkoglu,14,2001,2015,22,36,True,112274.0,4.005169157596594,2.4747818016637875,-1.5304855442934246,4.733557407543912,3.0708487333480736,-1.662823845441613
255,Grant Hill,15,1997,2013,24,40,True,114376.0,3.990655583339162,2.4486411222634126,-1.5421607854794712,6.433501146900144,4.45175309424679,-1.9819548050402829
2225,Tony Parker,18,2002,2019,20,37,True,174156.0,3.9600265164565105,1.9055646661613728,-2.0544905487034613,5.25655662235394,2.9349211346359385,-2.3216926583575153
1626157,Karl-Anthony Towns,9,2016,2024,20,28,True,81557.0,3.9571075321554243,3.6867571637014604,-0.27035036845396465,5.099696700618194,4.527903441408113,-0.5718138376620086
302,Mookie Blaylock,6,1997,2002,30,35,True,51983.0,3.9495567974145387,2.1068388319258218,-1.842519458284439,5.31581182723891,3.2712972753797405,-2.044350492728738
1628973,Jalen Brunson,6,2019,2024,22,27,True,52283.0,3.891154505288526,3.205091463764512,-0.6859386798768242,4.316948071373174,3.5059081088110853,-0.8109232976281198
185,Chris Webber,11,1997,2007,24,34,True,111242.0,3.858256962298412,2.06407748871829,-1.7940833498139188,4.516440375203217,2.614557377885779,-1.9018029200991697
2207,Joe Johnson,17,2002,2018,21,37,True,182884.0,3.8292927265370396,3.231073478270379,-0.5981459996500513,5.080939634307569,4.247593436976202,-0.8333023162370188
1628983,Shai Gilgeous-Alexander,6,2019,2024,20,25,True,55088.0,3.8140344902701133,2.9871324063316873,-0.8268102127505084,5.249123047178562,4.040940354787379,-1.2081165662831272
201951,Ty Lawson,8,2010,2017,22,29,True,67802.0,3.8027163358013034,3.4803802690186134,-0.32251025043509035,4.2184379404775685,3.7819264887869593,-0.4366934144732902
2730,Dwight Howard,17,2005,2022,19,36,True,167125.0,3.790592311144353,1.9422565983545252,-1.8484155811518324,5.129299280041123,2.9805749275637927,-2.1488313932293055
2072,Michael Redd,10,2002,2012,22,32,True,78023.0,3.77709977827051,4.294239801084296,0.51733149199595,4.2105846568797975,4.615430080031966,0.40502842565277664
2202,Jason Richardson,13,2002,2015,21,34,True,118727.0,3.7542879041835477,3.137119273627735,-0.6171641833786754,4.439527725363916,3.6626124179014234,-0.7769246310494022
1112,Ben Wallace,15,1998,2012,23,37,True,135474.0,3.745091464044761,0.3475581661425808,-3.3975007898194494,4.72094578136401,1.1632692840370185,-3.5576680876056535
1891,Jason Terry,19,2000,2018,22,40,True,175765.0,3.733053349642989,3.0077873524308028,-0.7254314567746707,5.340370728158483,4.321027886607693,-1.0195472620939516
782,Mitch Richmond,6,1997,2002,32,37,True,45700.0,3.732701028446389,2.4975759956236323,-1.2347644857768052,6.088636651582205,4.471143721761771,-1.6171914618929115
1888,Richard Hamilton,14,2000,2013,22,35,True,127249.0,3.729217337660807,2.236784061171404,-1.4926951645985431,4.36001945324586,2.7477442911131806,-1.6125515478537535
714,Michael Finley,14,1997,2010,24,37,True,146902.0,3.6981686294264207,3.364717178799472,-0.33341301684115937,4.792237522417833,4.276936889728586,-0.5152892749059206
1887,Wally Szczerbiak,10,2000,2009,23,32,True,81443.0,3.695824945053596,2.8667564308780373,-0.8288444065174416,4.148281353156148,3.2244011393962375,-0.9236659974509402
203490,Otto Porter Jr.,7,2015,2022,22,29,True,55335.0,3.6880095599530134,1.846968049155146,-1.8411678865094423,4.252372521375588,2.255297501423746,-1.997211911773035
1712,Antawn Jamison,15,1999,2013,23,37,True,151810.0,3.686845141953757,4.155153303471445,0.46825616889532967,4.880237225361937,5.147558303905964,0.2672396237298088
208,Sam Cassell,11,1997,2008,27,38,True,104089.0,3.672283958919771,2.708018954932798,-0.9643872935660827,5.644361937021307,4.357063431108413,-1.2874702950354446
101122,Danny Granger,9,2006,2015,23,32,True,75643.0,3.6387503800748258,2.5932867813280804,-1.0454025752548153,3.9704863822506185,2.846641806743,-1.1237904240222254
201588,George Hill,15,2009,2023,23,37,True,111616.0,3.604948331780389,1.3616997921444953,-2.2432467477780964,4.6349173831801185,2.2132814586378746,-2.421659234581363
2546,Carmelo Anthony,18,2004,2022,20,38,True,182159.0,3.60090261255277,3.19420836741528,-0.4067847759375052,5.165986165241317,4.444292950063148,-0.7218190517992138
201567,Kevin Love,16,2009,2024,20,35,True,117795.0,3.596495275690819,2.298726219279256,-1.297647896769812,4.633337187914896,3.1121794091999244,-1.521058528502132
1627750,Jamal Murray,7,2017,2024,20,27,True,65805.0,3.5918037079249294,2.9036860117012386,-0.6881176962236912,4.77859176921814,3.7746250331857207,-1.0039880953127451
202738,Isaiah Thomas,8,2012,2020,23,31,True,64064.0,3.569569664710289,3.3795913149350656,-0.18972057629870126,3.861847173018128,3.598713241257073,-0.2628820277388479
1627732,Ben Simmons,6,2018,2024,21,27,True,49790.0,3.558030226953203,1.6621837115886726,-1.8958465153645312,4.823654037886934,2.587264976123557,-2.236412022946976
202322,John Wall,11,2011,2023,20,32,True,95773.0,3.550264698819083,2.4248297223643402,-1.1255302642707234,4.509250612574507,3.136125705665138,-1.3732379306090978
270,Horace Grant,7,1997,2004,31,38,True,60890.0,3.539060256199704,1.5306567416652979,-2.0082266874692065,6.057844501774103,3.6343273894154358,-2.4234034240819766
203468,CJ McCollum,11,2014,2024,22,32,True,104817.0,3.531416983886202,3.101353883434939,-0.4300631004512627,3.9598776722229543,3.446578619984142,-0.51330868971367
201188,Marc Gasol,13,2009,2021,24,36,True,121778.0,3.483025456157926,1.233082716089934,-2.2498465322143573,4.446372523548822,2.0376558388292882,-2.408644248074789
935,Bryon Russell,9,1997,2005,26,34,True,73808.0,3.4794165673097766,1.7693539182744416,-1.7099162692391068,3.980809560960594,2.201953455601843,-1.7787223926809705
358,Anfernee Hardaway,8,1997,2005,25,33,True,58679.0,3.4687391230252733,0.9544037730704342,-2.514295403807154,3.979352507538821,1.3904401932966584,-2.588885038107755
2419,Tayshaun Prince,14,2003,2016,23,36,True,132835.0,3.464640117438927,1.5279309218203034,-1.9368856400797985,4.332424985191339,2.2450282501212806,-2.087594249039496
136,P.J. Brown,12,1997,2008,27,38,True,107944.0,3.382783693396576,1.3985358611872825,-1.984188393982065,5.100660495822567,2.838983711401285,-2.26166050558392
109,Robert Horry,12,1997,2008,26,37,True,84218.0,3.362365396946021,0.16572389512930727,-3.196553230900758,4.643621371348163,1.2454054749776875,-3.398159826747539
1515,Anthony Parker,6,2007,2012,32,37,True,54030.0,3.3522559689061633,1.5507665741254857,-1.8014893947806774,6.038003694297472,3.792228700155731,-2.2458422949483907
1747,Rafer Alston,9,2002,2010,25,33,True,76566.0,3.351110375362433,1.0795700572055482,-2.271678891413943,3.8945920751879175,1.5520362045066702,-2.3427082220258346
1628969,Mikal Bridges,6,2019,2024,22,27,True,68558.0,3.344637358149304,2.5557254733218593,-0.7890847165903323,3.8607369198431454,2.9223711246422006,-0.9385479903340803
203506,Victor Oladipo,10,2014,2023,22,31,True,68742.0,3.3386692706060344,1.0721730092228916,-2.266567324197725,3.907756064394655,1.4933965427896483,-2.4144415623173763
201609,Goran Dragic,15,2009,2023,23,37,True,107527.0,3.31131904544905,2.3073761752862074,-1.0038494331656236,4.348273540961287,3.173276842812591,-1.1749288640817803
166,Ron Harper,5,1997,2001,33,37,True,37559.0,3.2594620197555852,0.4156363055459411,-2.8436032641976623,6.3630291421811105,2.996515444733065,-3.366368961284693
1629636,Darius Garland,5,2020,2024,20,24,True,42734.0,3.2588763981841153,2.1889529180512004,-1.0697555342350353,4.871283638217758,3.374529716692924,-1.4966150315727365
203484,Kentavious Caldwell-Pope,11,2014,2024,21,31,True,106497.0,3.246696967989709,2.1379590504896853,-1.108781355343343,3.8612043895592914,2.608130604181511,-1.2531295146979
275,Allan Houston,9,1997,2005,26,34,True,89563.0,3.2287827786027714,1.979310295546152,-1.249418800174179,3.7766784256557746,2.453477628364886,-1.3231609835256473
201942,DeMar DeRozan,15,2010,2024,20,34,True,160831.0,3.225936958670903,2.917103736220007,-0.30879442396055484,4.199874594424315,3.6900420653543016,-0.5098148161129821
202330,Gordon Hayward,13,2011,2024,21,34,True,104523.0,3.224590549448447,2.0087562833060666,-1.2159340719267528,4.016517125482581,2.635479169252868,-1.381155049738026
2403,Nene,15,2003,2019,20,36,True,106085.0,3.221924070320969,0.4887273695621435,-2.7331711740585383,4.394592472031678,1.4196286030306668,-2.9749636436247906
2216,Zach Randolph,16,2003,2018,21,36,True,136863.0,3.2135176782622037,2.2772760716921296,-0.9365005224202305,4.3521262500066955,3.201917917658891,-1.1504936953156555
1536,Stephen Jackson,12,2001,2013,23,35,True,114132.0,3.212973600742999,1.8954762993726562,-1.3174894157642028,3.9628019187874286,2.523586721235757,-1.4392256355784128
345,Terry Porter,6,1997,2002,34,39,True,38235.0,3.2103650058846607,0.6223464103570028,-2.588018595527658,7.747162069404116,4.356140574213272,-3.3911348204129017
201586,Serge Ibaka,13,2010,2022,20,32,True,114935.0,3.201323200069604,1.3844072388741462,-1.81702469221734,3.972925453672202,1.9667578513382353,-2.0062911490960125
468,Jon Barry,9,1997,2005,27,35,True,43386.0,3.1926232194717192,1.1081299036555572,-2.084733001429033,4.548828091108192,2.2581888167496253,-2.29091311885356
1627827,Dorian Finney-Smith,8,2017,2024,24,31,True,63051.0,3.1912485765491425,1.9160675167721366,-1.2751810597770057,3.4618109900108687,2.1460268557815354,-1.3157906224081144
299,Glenn Robinson,8,1997,2004,24,31,True,75815.0,3.1771867572380135,3.0546584712787705,-0.12246200619930091,3.438947071964974,3.2666025033042234,-0.17228417111507285
201568,Danilo Gallinari,14,2009,2024,20,35,True,95313.0,3.176818450788455,1.9874508723888662,-1.1893277831985145,4.18493400749063,2.781912684278712,-1.4030029423824835
965,Derek Fisher,18,1997,2014,22,39,True,152671.0,3.165015045424475,1.0220386124411316,-2.14313337176019,4.96456432099821,2.5056527908384494,-2.459112723305464
2760,Anderson Varejao,12,2005,2016,22,33,True,62386.0,3.156991167890231,0.4282486936171577,-2.728742474273074,3.6502158832275473,0.8158825523610851,-2.8343440186269415
2399,Mike Dunleavy,15,2003,2017,22,36,True,110674.0,3.113078753817517,1.4726081735547643,-1.6402431736451204,4.083466607232653,2.2617625443022247,-1.8214994388596353
201565,Derrick Rose,13,2009,2024,20,35,True,91172.0,3.0995019194489544,1.9332412363444924,-1.166281533804238,4.378462435206674,2.9129305308777727,-1.4655777027031696
1629027,Trae Young,6,2019,2024,20,25,True,63161.0,3.0956545653172047,4.163278779626669,1.0678032805053752,4.534675849465726,5.219105290292885,0.6845826239449191
203932,Aaron Gordon,10,2015,2024,19,28,True,84944.0,3.0909147909210772,1.6308949896402334,-1.4601625776982483,4.113951791938051,2.384619032819509,-1.7294938885494102
1710,Mike Bibby,14,1999,2012,21,34,True,144628.0,3.0857019180241725,2.5023850844926296,-0.5833720925408633,3.8256751396473585,3.087004517749058,-0.738741861678519
1477,Bruce Bowen,12,1998,2009,27,38,True,104198.0,3.0740643390468145,-0.17705396456745812,-3.2511317875583026,5.466992189397949,1.8173954560096512,-3.6496702106297803
204001,Kristaps Porzingis,8,2016,2024,20,28,True,58599.0,3.0620750866055735,1.1639144012696463,-1.8981456509496748,4.085844209622075,1.919171467272989,-2.1666761018835183
243,Aaron McKie,9,1997,2005,24,32,True,67049.0,3.0490431475488076,-0.05872187504660768,-3.10787603096243,3.4049986828150893,0.24131929786312323,-3.1637989348123634
201583,Ryan Anderson,10,2009,2018,21,30,True,67248.0,3.03415905305734,2.634152524982156,-0.40022678741375217,3.562622799193358,3.0335353931562654,-0.5293179563543994
201937,Ricky Rubio,12,2012,2023,21,32,True,84989.0,3.0268048688653826,0.8142592923790137,-2.212500111779171,3.6048838182426732,1.2560168474012448,-2.3488330366370076
203935,Marcus Smart,10,2015,2024,21,30,True,87871.0,3.0124340226013135,1.090124807957119,-1.9222759385917993,3.6020037334524777,1.526835102413433,-2.0751464352826243
2222,Gerald Wallace,12,2002,2014,19,31,True,93479.0,3.005358679489511,0.8139654574824293,-2.191339488013351,3.575033377744257,1.2472887259788359,-2.3277020260230197
979,Jermaine O'Neal,17,1997,2014,18,35,True,110467.0,2.96126577167842,0.5876451881557389,-2.373948201725402,3.8963812524511927,1.3145161432875245,-2.582212094122219
1507,Derek Anderson,10,1998,2007,23,32,True,67494.0,2.9363899605890893,1.0619209855690876,-1.8741781788010785,3.3028160010001457,1.3528207414164581,-1.9497125127491974
952,Antoine Walker,12,1997,2008,20,31,True,130877.0,2.923268465811411,2.9058653468523876,-0.017470762624448927,3.7354515556593353,3.5129672999809207,-0.22256702248215457
2746,Josh Smith,12,2005,2016,19,30,True,119115.0,2.9121209923183478,0.9270341770557865,-1.9854426310708135,3.9711942192992638,1.715506355882196,-2.2560628572620107
2594,Kyle Korver,17,2004,2020,23,39,True,135207.0,2.9080037941822536,1.5544651682235386,-1.3534702936978116,4.806753848028607,3.119482927751462,-1.6872494975007477
165,Hakeem Olajuwon,6,1997,2002,34,39,True,42467.0,2.895888148444674,0.20953787646878774,-2.6862225963689452,7.022792289946359,3.613394907031602,-3.4093728329091375
201143,Al Horford,17,2008,2024,22,38,True,155398.0,2.894438750820474,1.074748973603264,-1.8196822417276926,4.511022783629195,2.397350274404796,-2.1137039898658454
202703,Nikola Mirotic,5,2015,2019,24,28,True,35068.0,2.8867342306376185,1.594590196190259,-1.292125556062507,3.0698831168189877,1.7221822543247378,-1.3476857664115058
2561,David West,15,2004,2018,23,37,True,121571.0,2.8803302761349334,1.3474802625626179,-1.5327898841006493,3.9912271907639765,2.2753083936949765,-1.7158861772220377
120,Steven Smith,9,1997,2005,28,36,True,70801.0,2.878929633762235,1.9894981991779772,-0.8894532845581277,3.9667873112779795,2.9184529189075525,-1.0483837524619535
168,Chris Mills,6,1997,2002,27,32,True,33913.0,2.878144575826379,0.40279621384129977,-2.475507091675758,3.169894802564132,0.662667830553102,-2.507393246249992
204060,Joe Ingles,10,2015,2024,27,36,True,75404.0,2.872090631796722,1.1153580446660654,-1.7567526921648722,4.0575374368970065,2.1231000524773114,-1.934487406147189
101109,Raymond Felton,13,2006,2019,22,35,True,113458.0,2.8576108075234887,1.9638743059105568,-0.8938150416894358,3.604090566599621,2.558566486712552,-1.045619307452603
1626220,Royce O'Neale,7,2018,2024,25,31,True,61800.0,2.851296148867314,1.0920559546925563,-1.759394061488673,3.09857705522225,1.308438219796971,-1.7902988828146855
353,Darrell Armstrong,12,1997,2008,29,40,True,80753.0,2.843212920882196,1.3538818124404048,-1.489387539781804,5.609135304962899,3.6523993334397216,-1.9568616480809873
1628389,Bam Adebayo,7,2018,2024,20,26,True,68209.0,2.8131344837191574,0.6196409711328417,-2.1933474614786905,3.8735520291022247,1.3920219273713748,-2.481403145379127
105,Dan Majerle,6,1997,2002,31,36,True,39556.0,2.8041492314693093,0.3429780817069471,-2.46104396298918,4.929131326281312,2.1285809859814004,-2.800476486905003
203460,Andre Roberson,5,2014,2018,22,26,True,29320.0,2.7945806957708053,-0.6112426671214186,-3.405468894952251,3.31291143110136,-0.24797219606825494,-3.560538552842536
727,Eric Snow,11,1997,2007,24,34,True,92996.0,2.7870401522646135,0.4798972643984688,-2.307242752376446,3.498299190646931,1.085456704413897,-2.412960117615976
765,Hersey Hawkins,5,1997,2001,30,34,True,38062.0,2.773288030056224,1.076478876569807,-1.696809153486417,3.8036039574969815,1.965165458679576,-1.8384645899104457
201152,Thaddeus Young,17,2008,2024,20,36,True,135634.0,2.7627525915330966,1.3798835026615746,-1.382672943362284,3.756018136404623,2.1639027838947023,-1.591940431992064
202718,Chandler Parsons,8,2012,2019,23,30,True,53881.0,2.7598284738590597,1.719845121656985,-1.0397696590634917,3.1101763457264533,1.970057425167349,-1.139911808193507
201976,Patrick Beverley,11,2013,2024,24,35,True,77511.0,2.7257978093431903,0.6301659635406588,-2.09578057307995,3.6214788489993155,1.3805216187250464,-2.241128112163687
89,Nick Van Exel,10,1997,2006,25,34,True,86061.0,2.7244377360244476,2.7222753279650482,-0.001988066603920478,3.2560776001323837,3.173857624869212,-0.08205880943298827
147,Jalen Rose,10,1997,2006,24,33,True,96925.0,2.713710466855816,2.5654238741294817,-0.14856211503740005,3.203593201568393,2.9835036325778295,-0.22037721130372062
2246,Mehmet Okur,9,2003,2012,24,33,True,75137.0,2.7121727111809095,1.9097447196454473,-0.8021691576719858,3.007481991479865,2.158136100968002,-0.8490941052305601
213,Antonio Davis,10,1997,2006,28,37,True,85683.0,2.706606783142514,0.7079722932203587,-1.998771634980101,4.391564545446924,2.126531187647877,-2.265212886978344
202339,Eric Bledsoe,12,2011,2022,21,32,True,90211.0,2.6811225460309713,0.9201428761459245,-1.7611059294321092,3.2591934212392095,1.3757558184879897,-1.8835760437597997
1629130,Duncan Robinson,5,2020,2024,26,30,True,41351.0,2.6769105221155476,1.7365994050929845,-0.9400411598268482,2.8067162533549914,1.8513826551121761,-0.9550669000314256
2229,Mike James,8,2003,2013,28,38,True,54346.0,2.6747345894822065,1.1350036985242706,-1.5397308909579361,3.850113927409946,2.134085874155256,-1.71605774296383
1628404,Josh Hart,7,2018,2024,23,29,True,55791.0,2.666774515602875,1.315787331289993,-1.3507533473140827,2.9331404602107076,1.5156937693609904,-1.4172181434535684
201960,DeMarre Carroll,9,2010,2019,23,32,True,59439.0,2.6654175541311256,0.8764504281700567,-1.78883485590269,3.0902201318119475,1.2403120916403452,-1.8497861870231103
1628384,OG Anunoby,7,2018,2024,20,26,True,53056.0,2.6495990274427017,0.6297387854342582,-2.0198602420084444,3.8339802913504992,1.495790944230058,-2.338210624474242
2564,Boris Diaw,14,2004,2017,22,35,True,122725.0,2.6483383336728457,0.9933434426563456,-1.654856638826645,3.457379877615768,1.6520295886575156,-1.8052309078584459
2210,Richard Jefferson,16,2002,2017,22,37,True,144730.0,2.6407171975402473,1.4891155530988738,-1.1517373523112,3.77147846304208,2.407009341540733,-1.3646314926411411
1627759,Jaylen Brown,8,2017,2024,20,27,True,79677.0,2.628761926277345,1.0277593910413292,-1.6009018035317597,3.59023152620386,1.7294457022055754,-1.8607023798197047
200755,JJ Redick,14,2007,2021,23,37,True,105925.0,2.625476837384942,1.5333964691999056,-1.092243190936984,4.05141495656866,2.726360134914188,-1.3252531960220693
121,Patrick Ewing,6,1997,2002,34,39,True,42990.0,2.6176140265177943,-0.16395322167946033,-2.781754012561061,6.917244667533514,3.3792808242275227,-3.5382580483122408
2555,Nick Collison,12,2005,2016,24,35,True,76773.0,2.616404478136845,0.6687995910020449,-1.9476220676539933,3.333543385770969,1.2696439759184626,-2.0639342012791566
201988,Patty Mills,13,2011,2024,22,35,True,77596.0,2.6000769885045623,1.4075816279189648,-1.1925179261817622,3.3370383164485418,2.025056778744766,-1.3120220042462993
101115,Andrew Bynum,7,2007,2014,19,26,True,46340.0,2.5922025032369445,0.2675578549848942,-2.32500608545533,4.407786385391124,1.6098550454308067,-2.7983250719253387
201599,DeAndre Jordan,16,2009,2024,20,35,True,114590.0,2.5798597172528144,1.59547758966751,-0.9847031503621608,3.2757899866855955,2.139622070241538,-1.1365035941732569
2754,Tony Allen,13,2005,2017,23,35,True,75587.0,2.577992088586662,-0.557681810364216,-3.1359189807771175,3.6307116387708316,0.3201262258878693,-3.310856242163975
202697,Iman Shumpert,7,2012,2019,22,29,True,49285.0,2.5762164553109463,0.7617011261032769,-1.8143367556051533,3.047055552075638,1.103570787122914,-1.943314978381068
203952,Andrew Wiggins,10,2015,2024,20,29,True,103699.0,2.569551644663883,2.1040920163164545,-0.46545962834742866,3.554537087526539,2.8312513536372412,-0.7233036058647427
1628368,De'Aaron Fox,7,2018,2024,20,26,True,65839.0,2.5677081517033975,2.3793884171995323,-0.1884512067315725,3.738247490801219,3.23580185907299,-0.502598104130462
201572,Brook Lopez,15,2009,2024,21,36,True,133097.0,2.5436684222784884,1.2464260276339814,-1.2970699865511621,3.880701926837944,2.3299031040686353,-1.550657336193647
2550,Kirk Hinrich,13,2004,2016,23,35,True,110723.0,2.535183096556271,0.9038594149363729,-1.6311573476152197,3.254375739697324,1.4893020164841773,-1.7649242258835334
1627749,Dejounte Murray,7,2017,2024,20,27,True,58707.0,2.5237449878208733,2.1031175157987976,-0.4206274720220758,3.1594197272925544,2.56212778451922,-0.5973033594114093
201593,Nikola Pekovic,5,2011,2015,25,29,True,25891.0,2.522385616623537,0.881478660538411,-1.6407699972963579,2.604685060857833,0.947220591517797,-1.65732931954913
2747,JR Smith,14,2005,2018,19,32,True,115623.0,2.5126889286733607,1.9133496103716385,-0.5994836840421022,3.441834059389241,2.6323238697915583,-0.809672948661328
101161,Amir Johnson,12,2008,2019,21,32,True,72892.0,2.4958791362563795,0.3703841299456731,-2.1256405366844104,2.985794712998605,0.7516384336131405,-2.234311967219314
101162,Marcin Gortat,11,2009,2019,25,35,True,87484.0,2.4931505418133604,0.5765316743633121,-1.9164430524438754,3.418521257911543,1.364203903816655,-2.0541647946234556
201168,Tiago Splitter,6,2011,2016,26,31,True,31157.0,2.4920742690246174,-0.43459354238212916,-2.9263643803960586,2.6760021429290353,-0.26554419806177976,-2.9412477376658117
202083,Wesley Matthews,15,2010,2024,23,37,True,120049.0,2.484459004239935,1.1765258269539935,-1.3076082016509922,3.403857671080572,1.9332646578662902,-1.4702901487251554
202699,Tobias Harris,13,2012,2024,19,31,True,121514.0,2.4734950376088354,1.4384481294336455,-1.0351002435933307,3.1986658330429143,1.9901204260121934,-1.2086127722286044
203992,Bogdan Bogdanovic,7,2018,2024,25,31,True,56791.0,2.460666637319293,1.7492164603546336,-0.7111831276082479,2.7373338831608915,1.9858138947507706,-0.7512596940301772
361,Clifford Robinson,11,1997,2007,30,40,True,105303.0,2.4532952717396466,1.5531140233421645,-0.9002123871114784,5.640782404344734,4.191960789064211,-1.448932483479104
699,Brent Barry,13,1997,2009,25,37,True,88756.0,2.4500351976204424,1.597377326603272,-0.8527084478795799,3.6327957620666926,2.5933368047526306,-1.0395391950457025
201569,Eric Gordon,15,2009,2024,20,35,True,119396.0,2.4491926278937313,1.6217751264698983,-0.8271750561157828,3.6506292262338884,2.578861275959868,-1.0715516249031458
317,John Starks,6,1997,2002,31,36,True,40638.0,2.443715364929377,1.2985098430040847,-1.1452909838082583,4.440990452507564,2.979497162577658,-1.461628907926946
201587,Nicolas Batum,16,2009,2024,20,35,True,130050.0,2.43717046520569,1.459498377547097,-0.9778598923490965,3.410677124115259,2.2330713986694586,-1.1778149002041975
2030,Kenyon Martin,13,2001,2014,23,36,True,102497.0,2.427375015854123,-0.1133944993512005,-2.540921480628701,3.212563257782878,0.5252023099238535,-2.6875313442226907
201149,Joakim Noah,11,2008,2019,23,34,True,78195.0,2.39629398299124,0.4280723319905365,-1.9681215806637256,2.8287886555003894,0.7777585992042096,-2.0509398164965438
1627763,Malcolm Brogdon,8,2017,2024,24,31,True,57156.0,2.395307264329204,0.8068587024984254,-1.5885605010847503,2.670992921420484,1.0292623590926593,-1.6418486942481527
202326,DeMarcus Cousins,11,2011,2022,20,31,True,78755.0,2.388117287791251,1.170353996571646,-1.2176208113770552,3.394052914129971,1.9155473986861433,-1.4783815014091142
1496,Keith Van Horn,9,1998,2006,22,30,True,75148.0,2.3821277479107894,1.8755658434023523,-0.5062704396657265,2.813804509450076,2.1949230499306958,-0.6185982624447354
1628415,Dillon Brooks,6,2018,2024,22,28,True,51838.0,2.3810095875612483,0.7386584937690497,-1.6423510937921988,2.8170461546470116,1.0532163009102482,-1.7638378698129944
1628366,Lonzo Ball,5,2018,2022,20,24,True,34405.0,2.377549542217701,-0.06794303153611388,-2.4456697282371747,4.113780663690538,1.211576106807586,-2.9024129410439654
1626172,Kevon Looney,7,2017,2024,21,28,True,43392.0,2.372194874631268,0.9624472252949852,-1.409747649336283,2.886925848934218,1.3352051187354814,-1.5517301299537967
203500,Steven Adams,10,2014,2023,20,29,True,83917.0,2.3690928536530143,0.7866884302346365,-1.5821162458143165,3.2143384711463443,1.407121562415332,-1.8069441157875599
1629001,De'Anthony Melton,6,2019,2024,21,26,True,35414.0,2.3683463601965324,0.5795182696108883,-1.7892177105099678,3.182358196001243,1.16520889424211,-2.017553661834984
1627936,Alex Caruso,7,2018,2024,24,30,True,37034.0,2.367164767510936,-1.1754755089917373,-3.542926121941999,2.568792974636649,-1.0047723360391825,-3.5738559380897525
101145,Monta Ellis,12,2006,2017,20,31,True,121278.0,2.3602386335526635,2.3184010043041607,-0.041731501179109246,3.0630669937668418,2.8529358693573346,-0.21003864202534217
757,Damon Stoudamire,12,1997,2008,23,34,True,103411.0,2.351887719875062,2.2506790186730616,-0.10131901828625582,2.9368743163093547,2.7233416512069657,-0.2136563489981394
369,Charlie Ward,8,1997,2004,26,33,True,53726.0,2.3513415106280013,0.09494162975095854,-2.2568480251647247,2.7949262366107663,0.4798413785548054,-2.315544241319457
2199,Tyson Chandler,18,2002,2019,19,36,True,129019.0,2.3494902456227376,0.23790475821390653,-2.111610522481185,3.583337323338088,1.2142736860891292,-2.3691151312075993
200752,Rudy Gay,17,2007,2023,20,36,True,137945.0,2.346937656312298,1.4888132299104715,-0.8582844394505057,3.501460193992915,2.393723538730791,-1.1079211489019876
1627742,Brandon Ingram,8,2017,2024,19,26,True,66450.0,2.3468480662151996,1.290745357411588,-1.0558573212942064,3.9832908401083293,2.5002443538756105,-1.4828300973492592
193,Anthony Mason,6,1997,2003,30,36,True,70476.0,2.3437395141608492,2.191151569328566,-0.15235613542198762,4.330341493889447,3.8612349881166583,-0.4689246018270256
1739,Ruben Patterson,8,2000,2007,24,31,True,59599.0,2.342279031527375,1.4124515176429135,-0.929970049833051,2.6708121297614777,1.6810299152102919,-0.9899322877612272
101135,David Lee,12,2006,2017,23,34,True,97822.0,2.329697573143056,1.6191573163501056,-0.7105427511193801,2.886866960582803,2.0813210314717225,-0.8055617543232689
202340,Avery Bradley,11,2012,2022,21,31,True,76934.0,2.3259906153326226,0.5128012062287156,-1.8130818363792338,2.9282246824092377,0.9633079344937792,-1.9648207999831875
1513,Scot Pollard,7,2000,2006,25,31,True,30940.0,2.3105241758241757,-0.46872782805429863,-2.7792853264382678,2.5123911172437,-0.30351365501552974,-2.815942778277775
1723,Matt Harpring,10,1999,2009,23,33,True,69620.0,2.3025119505889116,1.5878678397012351,-0.7147307670209709,2.758331089266629,1.9695828445230867,-0.7888458104900411
1629652,Luguentz Dort,5,2020,2024,21,25,True,36410.0,2.300968580060423,0.926404257072233,-1.3745501785223841,3.2246741114417885,1.5924592137609273,-1.6322175337182647
203109,Jae Crowder,12,2013,2024,22,33,True,94675.0,2.2981934724055977,0.7454783205703723,-1.552816149986797,2.778734555984263,1.130695204541162,-1.648151017842782
445,Wesley Person,9,1997,2005,26,34,True,63854.0,2.2789663294390325,1.6409258934444202,-0.6382622545181195,2.8377042926965923,2.1211890122581885,-0.7167511808808102
201600,Ömer Aşik,7,2011,2017,24,30,True,37921.0,2.267285092692703,-0.43180823290525033,-2.699373908915904,2.431904410645372,-0.305522686906412,-2.7377111237002603
954,Kerry Kittles,7,1997,2004,23,30,True,70994.0,2.261365749218244,1.3119830971631405,-0.9492782629517985,2.6535974449178905,1.6139119038478114,-1.0395892299749399
711,Jerry Stackhouse,14,1997,2013,22,38,True,112727.0,2.260286222466668,1.4035302633796696,-0.8570491896351362,3.0690932207940995,2.0475122646848067,-1.0218923217024676
2772,Trevor Ariza,18,2005,2022,20,37,True,142962.0,2.233271155971517,0.6445966340705922,-1.5888339558763869,3.3987303611683286,1.5881875730426678,-1.810728786061378
202349,Greivis Vasquez,6,2011,2016,24,29,True,37090.0,2.2313422485845242,1.7200730115934215,-0.5114129145322189,2.369432866866203,1.818777668512788,-0.550801523610825
2732,Ben Gordon,10,2005,2015,22,32,True,81056.0,2.226934613106988,1.9108401105408608,-0.3157895035530991,2.7346558434958808,2.290440138244669,-0.44392069100351444
101112,Channing Frye,12,2006,2018,23,35,True,78412.0,2.217843034229454,1.287114956894353,-0.9307741927256031,3.029723174700939,1.95813709103203,-1.07165168626603
2734,Devin Harris,15,2005,2019,22,36,True,98137.0,2.216508146774407,1.0013341349338172,-1.215410864403844,3.165673945907536,1.7737302899869167,-1.3922028584794985
201162,Jared Dudley,13,2008,2020,22,34,True,81544.0,2.206656909153341,0.8012608039831258,-1.405264384871971,2.785759947530901,1.2647433414597313,-1.5208978096043577
203991,Clint Capela,9,2016,2024,22,30,True,74286.0,2.1987564682443526,0.35610131114880333,-1.8425992111568803,2.6180020817621186,0.6708523205109094,-1.9471020628843798
201596,Mario Chalmers,9,2009,2018,23,32,True,76018.0,2.189703241337578,0.5306834302402064,-1.658826001736431,2.5704984179964496,0.8275886045409367,-1.7427241132873457
1005,Walt Williams,7,1997,2003,27,33,True,43390.0,2.1895631481908273,0.5812935238534224,-1.6084393639087349,2.738979388062281,1.0602465510384183,-1.6789165840825362
1902,Jeff Foster,10,2001,2011,24,34,True,61410.0,2.187691011235955,-0.4326106822992998,-2.6203159257449924,2.737096463614262,0.029815563160391242,-2.7073085471843386
101236,Chuck Hayes,9,2006,2014,23,31,True,45864.0,2.185520386359672,-0.757550431711146,-2.943004535147392,2.478104733784813,-0.5281505800713536,-3.0061953099089234
64,Sam Perkins,5,1997,2001,36,40,False,30355.0,2.172816076428924,0.30261545050238847,-1.870200625926536,7.872541623112203,4.968295369597534,-2.9043883697314974
966,Jerome Williams,8,1998,2005,25,32,True,48983.0,2.163094543004716,0.3435642365718719,-1.8191136312598248,2.5157912511738916,0.6491436410254466,-1.8662397444406218
200782,P.J. Tucker,12,2013,2024,28,39,True,112228.0,2.15098347114802,0.9086937038885126,-1.2422058755390812,4.497324512502042,2.8637861740071053,-1.6335132882494738
1629632,Coby White,5,2020,2024,20,24,True,42140.0,2.135480920740389,2.291077195064072,0.15525075937351687,3.710664957090941,3.4489252550559044,-0.2621135734853926
258,Brian Grant,9,1997,2005,25,33,True,65584.0,2.1305631556477187,0.7309195230544036,-1.3998893175164673,2.6624338896703135,1.1911436101669586,-1.4715493767495829
1517,Bobby Jackson,12,1998,2009,25,36,True,68521.0,2.1302987989083637,0.22831737715444905,-1.9020216721880883,3.2918860523409075,1.202471725460266,-2.089483585656836
72,Kenny Anderson,9,1997,2005,26,34,True,58959.0,2.1137907868179577,0.6708606150036466,-1.442995166132397,2.6595782487404263,1.1398735286783699,-1.5197834500654714
2209,Vladimir Radmanovic,11,2002,2012,21,31,True,65140.0,2.0987875805956397,0.8236065244089654,-1.2752537457783235,2.7565185285425207,1.31429695500676,-1.4423068519758429
200765,Rajon Rondo,16,2007,2022,21,36,True,129682.0,2.0803613223115005,0.5975851930105952,-1.4827219968846872,3.0822075640951314,1.392228908480867,-1.6899466523175073
2073,Brian Cardinal,6,2004,2011,27,34,True,20871.0,2.06595122418667,0.6897274208231517,-1.3761051219395333,2.6557430044944232,1.1968965728300311,-1.4587427169138083
2034,Mike Miller,16,2001,2016,21,36,True,111369.0,2.061693496394867,1.575143989799675,-0.4863306755021595,2.995999826870554,2.3141869365800196,-0.6816144398755464
2405,Amar'e Stoudemire,13,2003,2016,20,33,True,111716.0,2.048626714168069,2.0060248576748188,-0.04272430985713777,2.9514561856206085,2.693218413213673,-0.25837774508862377
431,Shawn Kemp,7,1997,2003,27,33,True,54119.0,2.048162863319721,0.6469209150206028,-1.4012285518948986,2.547156993383063,1.0829124886676367,-1.4642438586431081
2755,Kevin Martin,12,2005,2016,22,33,True,87412.0,2.019260639271496,2.2030431634100585,0.18392523909760672,2.5599996226069326,2.637163872036895,0.07729483799466194
1627734,Domantas Sabonis,8,2017,2024,21,28,True,73760.0,2.017722071583514,1.2383204853579173,-0.7795317922993492,2.6027422843783867,1.6640675959082496,-0.9388155917281884
203994,Jusuf Nurkic,10,2015,2024,20,29,True,56256.0,2.0116307771615474,-0.6396791453356085,-2.65099482721843,2.7811506594806303,-0.06934458593291794,-2.850194355764331
296,Rick Fox,8,1997,2004,27,34,True,68954.0,2.005465281201961,0.5061189198596165,-1.4992755460161846,2.7644405546958235,1.1607264067565892,-1.603662579426954
2049,Speedy Claxton,6,2002,2007,24,29,True,33470.0,2.002248760083657,-0.27744314311323587,-2.279794173887063,2.1694454718468577,-0.15295845800379462,-2.3225095359108283
283,Lindsey Hunter,11,1997,2007,26,36,True,71690.0,2.0021228623238945,0.646101422792579,-1.3560366717812806,2.7668777878602877,1.2950793248841446,-1.471832940005438
689,Theo Ratliff,12,1997,2010,24,37,True,73450.0,1.9995683458134783,-0.7913640027229407,-2.7906597685500345,2.8970019154504403,-0.04471802921411402,-2.9414694352645
2215,Jason Collins,9,2002,2011,23,32,True,59670.0,1.9978591754650579,-2.1917446287916875,-4.189705463381934,2.3282070689351078,-1.943970669263181,-4.272286082616711
436,Juwan Howard,14,1997,2011,24,38,True,117883.0,1.977565526835931,1.770282025398064,-0.20731360756003833,3.0140324455906504,2.630104424729447,-0.3839836091036224
201584,Courtney Lee,11,2009,2019,23,33,True,88527.0,1.9768453692093937,1.3992374529804468,-0.5776315587334937,2.494875291250737,1.8217990995683542,-0.6731117045884666
2440,Matt Barnes,14,2004,2017,24,37,True,94985.0,1.9764581460230561,1.1202035479286203,-0.8563469916302575,3.681126939445814,2.5428644656721326,-1.138397493911664
1628449,Chris Boucher,5,2020,2024,27,31,True,25765.0,1.9696608189404232,0.7421091791189598,-1.2275516398214632,2.2232400390998754,0.9758495691610133,-1.247397164399144
1628989,Kevin Huerter,6,2019,2024,20,25,True,53200.0,1.9652446052631578,1.2895025,-0.6757421052631579,3.416053577777783,2.3540320851285896,-1.0620476034338024
1501,Tim Thomas,12,1998,2009,21,32,True,86078.0,1.9506363530751178,0.8494430284160878,-1.1010918004600478,2.5717491675415003,1.3296560767128829,-1.2420043010845836
133,David Wesley,10,1997,2006,26,35,True,104958.0,1.9505522399435966,1.0502019665008862,-0.9005431601211915,2.916668423055265,1.8706100555154903,-1.0462755656081
696,Travis Best,9,1997,2005,24,32,True,58112.0,1.9484995181718063,0.364790938188326,-1.5834916024229073,2.2966280502783607,0.6521736127227412,-1.6442455982411321
53,Mario Elie,5,1997,2001,33,37,True,42120.0,1.947680365622032,-0.023831481481481506,-1.9718394586894585,5.009587115123328,2.5230106205029816,-2.4869807797655286
2749,Jameer Nelson,14,2005,2018,23,36,True,99645.0,1.9442100456621005,0.8702679411912289,-1.0739918611069297,2.919379958979473,1.6762374309965296,-1.2432159331926753
2443,Darius Songaila,7,2004,2010,26,32,True,36133.0,1.9399325547283646,0.3854016826723495,-1.5545308720560156,2.3584056235327933,0.7519182322721064,-1.6064980340853665
203471,Dennis Schroder,11,2014,2024,20,30,True,91329.0,1.939314949249417,0.8289750572107436,-1.1103958435984187,2.5931306171597703,1.3185723235380769,-1.2746266690485828
203925,Joe Harris,8,2015,2023,23,31,True,52879.0,1.9364596720815448,1.3289385767506947,-0.6078454774106923,2.16337471427241,1.5196929356878797,-0.6440115167842587
2060,Marko Jaric,7,2003,2009,24,30,True,42355.0,1.9307139180734272,0.19191202927635456,-1.7390179907921144,2.118280323412336,0.3376687328137618,-1.7808316677549463
1952,Raja Bell,10,2002,2012,25,35,True,81938.0,1.9269989260172324,0.4276274622275379,-1.4992739510361492,2.6461791650327258,1.0438196362482943,-1.6022801443457992
2406,Caron Butler,13,2003,2015,23,35,True,114480.0,1.918651327742837,1.3681597658979732,-0.5505890111809923,2.7030992803236162,2.0111902213490103,-0.6920251350294468
915,Rodney Rogers,9,1997,2005,26,34,True,68319.0,1.918519152797904,1.3071071736998494,-0.6112690759525169,2.585228977223819,1.8790766661446379,-0.7060262193119067
101106,Andrew Bogut,11,2006,2017,21,32,True,78589.0,1.9104366132664872,-0.9284401379327896,-2.8389035742915674,2.7206702603567408,-0.3105532472275928,-3.03126635152723
201627,Anthony Morrow,8,2009,2017,23,31,True,47210.0,1.9024793687778014,1.5334866977335309,-0.3689999788180471,2.3006504312279414,1.8382208964845792,-0.46244505545949205
2059,Eduardo Najera,9,2001,2010,24,33,True,44219.0,1.9006947466021393,0.1869294873244533,-1.71385784391325,2.3137336436428053,0.5367759304522594,-1.7770603595276147
1733,Al Harrington,14,2000,2014,20,34,True,111362.0,1.8929650598947574,0.9753052387708554,-0.9178635620768304,2.603511959161833,1.526954359508987,-1.076775933754639
1719,Bonzi Wells,9,2000,2008,23,31,True,60743.0,1.890455624516405,0.5835963650132528,-1.3067926839306587,2.2191521487811285,0.837960630555123,-1.381131886084293
2250,Bobby Simmons,7,2004,2012,24,32,True,41266.0,1.8839760093054814,0.6647476130470604,-1.219071196626763,2.140557990660418,0.8611882285457045,-1.2792179882694183
1628374,Lauri Markkanen,7,2018,2024,21,27,True,51305.0,1.8837440015593023,1.013608498197057,-0.8700035863950882,2.674969689105126,1.5873005321329112,-1.0875515441812902
905,Dale Davis,10,1997,2007,28,38,True,76808.0,1.8794172742422661,0.46880737683574625,-1.410616224872409,3.395323804672776,1.7480534843261823,-1.6473148182695987
202704,Reggie Jackson,13,2012,2024,22,34,True,93328.0,1.865705790330876,0.5989840455168867,-1.2669297638436485,2.6211106550769325,1.2173739007641409,-1.4039625371858149
363,Christian Laettner,9,1997,2005,27,35,True,60025.0,1.8630240066638903,0.36244304872969596,-1.5005547188671389,2.7197982515996726,1.0951332956696713,-1.6246603807145785
101129,Luther Head,6,2006,2011,23,28,True,30131.0,1.8621952806080118,0.25971159271182503,-1.6023053001891743,2.3601513141653143,0.6122441570903251,-1.7477378963254597
731,Greg Ostertag,10,1997,2006,24,33,True,57346.0,1.8517359885606668,-1.2310977400341783,-3.083046263034911,2.2923904203379486,-0.8668586293012396,-3.1594719735323173
2037,Jamal Crawford,19,2001,2019,21,39,True,159040.0,1.8490660525653926,2.2070741951710264,0.35769105256539235,3.5957586566767206,3.6385018410219505,0.04238356100650789
1899,James Posey,12,2000,2011,23,34,True,94231.0,1.844918604280969,0.3498280289925821,-1.4949017839139986,2.4665626484006156,0.859213455568489,-1.6071749586536144
2430,Carlos Boozer,13,2003,2015,21,33,True,114387.0,1.8432431307753505,1.4198076617098099,-0.4234908949443556,2.5729242183840477,1.9963744103221397,-0.5766208354541456
1627741,Buddy Hield,8,2017,2024,24,31,True,75759.0,1.8418955371639012,1.9767566493749915,0.13474108686756692,2.1235844935934827,2.210237662068029,0.08652657523992294
1626196,Josh Richardson,9,2016,2024,22,30,True,65846.0,1.8396841873462322,0.6211767761139629,-1.2185977128451237,2.26621384461312,0.9360303956752362,-1.3302819569964972
1628386,Jarrett Allen,7,2018,2024,20,26,True,57531.0,1.8376887069579877,0.665531209261094,-1.1723174983921711,2.983212213130643,1.5027194392720111,-1.4806733622113373
2046,Desmond Mason,9,2001,2009,23,31,True,76356.0,1.833198334119126,1.2924788097857405,-0.5405007465032218,2.136352192566606,1.5270310460094885,-0.6091087450759765
422,Avery Johnson,8,1997,2004,32,39,True,53875.0,1.8286071832946635,0.6757346821345708,-1.152949716937355,4.784248127024139,3.1339481329134666,-1.6504512062553824
2590,Mo Williams,13,2004,2016,21,33,True,96376.0,1.8262832966713702,1.0270385988212831,-0.799396239727733,2.4466914759826652,1.513238558194672,-0.9336176550908752
949,Shareef Abdur-Rahim,11,1997,2007,20,30,True,110077.0,1.825487994767299,2.0420886561225324,0.2165299563033149,2.7068161169555487,2.6969241479814747,-0.009978915792305655
202355,Hassan Whiteside,8,2015,2022,26,33,True,52081.0,1.824858508861197,0.5057878304948062,-1.319154067702233,2.276150384784411,0.8997546992005553,-1.3764905656935684
703,Kurt Thomas,14,1999,2012,26,39,True,99506.0,1.8186152593813438,-0.24934836090286022,-2.0677639639820713,3.5124246970863013,1.164701715598571,-2.347565813905443
393,Rod Strickland,8,1997,2004,30,37,True,60230.0,1.8112599203054955,1.2416467043001824,-0.5695655487298689,3.716732416521245,2.843917250486129,-0.8728153848523564
201155,Rodney Stuckey,10,2008,2017,22,31,True,69283.0,1.8008176320309457,0.9183691381724232,-0.8823219548807066,2.256713670309365,1.2620614088352557,-0.9945347691653955
200789,Daniel Gibson,7,2007,2013,21,27,True,38299.0,1.7937609598161832,0.3801624324394892,-1.4133106347424214,2.703672888662401,1.0398698353061513,-1.6635316674086
913,Larry Johnson,5,1997,2001,28,32,True,46925.0,1.7729863399041021,0.36753604688332464,-1.4056737133724029,2.276374001082834,0.8145204201994906,-1.4620899649734698
948,Marcus Camby,16,1997,2012,23,38,True,117449.0,1.772689252356342,-0.3354797912285333,-2.108209129068787,3.511793212811286,1.1010026111652156,-2.4108735153169425
198,Danny Ferry,7,1997,2003,30,36,True,35717.0,1.768321023602206,0.29695593134921744,-1.4712596242685554,3.497744252897324,1.7571174529960514,-1.7405648306480639
1628984,Devonte' Graham,5,2019,2023,24,28,True,32726.0,1.7502583572694494,1.1142394426449918,-0.6360189146244576,1.8883711769515936,1.2091474685080892,-0.6792262424485487
779,Glen Rice,7,1997,2003,30,36,True,60420.0,1.7486195465077787,2.214920920225091,0.4663480966567362,3.3297029706294303,3.553967868982809,0.22427181813050606
1894,Corey Maggette,13,2000,2012,20,32,True,91135.0,1.7419470126735062,1.3391684533933177,-0.40268259175947774,2.488293747445323,1.9090532036707686,-0.5791592162627803
1711,Raef LaFrentz,6,2000,2006,24,30,True,54611.0,1.7418152569995058,0.6705681639230192,-1.0714498544249327,1.9942280929592735,0.864862330332346,-1.1295738420812347
101150,Lou Williams,16,2007,2022,20,35,True,115552.0,1.7410222064525063,2.1352752700083077,0.3941842633619496,2.7892209811022495,2.976807055820193,0.18749394847968476
203501,Tim Hardaway Jr.,11,2014,2024,22,32,True,83835.0,1.731630440746705,1.3690702928371208,-0.36276497882745873,2.2651129427143357,1.7944461339521032,-0.4708833082307429
330,Danny Manning,6,1997,2002,31,36,True,32084.0,1.7301623862361302,-0.009461943647924178,-1.739207611270415,3.608266232397954,1.574325505841864,-2.0335711955370024
202694,Marcus Morris Sr.,12,2013,2024,23,34,True,96193.0,1.7272132587610327,1.1137752331250714,-0.6135056397035127,2.3090990529858755,1.5940423595365716,-0.7151380948917692
1721,Keon Clark,5,1999,2003,24,28,True,32254.0,1.7250579463012339,-0.21620416072425122,-1.9409926210702548,1.836467427700054,-0.13823068905042446,-1.974430723316994
891,Charles Oakley,7,1997,2003,33,39,True,57968.0,1.7247386834115377,-0.38677860198730335,-2.111517285398841,5.326443051340602,2.594366673660804,-2.7321664707861726
934,Derrick Coleman,8,1997,2004,30,37,True,53221.0,1.7204293605907444,-0.47216392025704146,-2.1921306627083292,3.884968435605675,1.3416653552231925,-2.542894800975482
202329,Al-Farouq Aminu,11,2011,2021,20,30,True,74141.0,1.7188791626765216,-0.08576370699073385,-1.8044662062826238,2.4893450432116353,0.48192138709482496,-2.0072610529375807
201936,Tyreke Evans,10,2010,2019,20,29,True,71751.0,1.7114316455519785,1.0252773201767222,-0.6860537135370935,2.819853944043165,1.8445242825291368,-0.9752491373153395
200758,Ronnie Brewer,7,2007,2013,22,28,True,47087.0,1.709491770552382,-0.16187038885467325,-1.8712214836366727,2.1817242724482244,0.17340883402210258,-2.008183391219271
101187,Alan Anderson,5,2006,2015,23,32,True,24417.0,1.6960175697260105,-0.04023037228160712,-1.7362479420076176,2.5228600466467985,0.6680952048228385,-1.8547852514877334
2224,Jamaal Tinsley,10,2002,2013,24,35,True,58830.0,1.6920595444501105,-0.3096329083800783,-2.0014366989631136,2.2933805623873416,0.17848081242608063,-2.114658172376868
203095,Evan Fournier,12,2013,2024,20,31,True,81281.0,1.6907867275254982,1.0673372005757802,-0.6237502737417108,2.3356060264585046,1.5466718541333395,-0.7892470652392917
1626167,Myles Turner,9,2016,2024,20,28,True,69351.0,1.6888839526466812,-0.3064946864500872,-1.9951765511672506,2.7150876279580856,0.4482309939046123,-2.2666730944339197
101126,Nate Robinson,10,2006,2015,22,31,True,54990.0,1.6823158574286237,0.9079078014184399,-0.7744296053827969,2.153858588545559,1.2639794844485477,-0.8899100182503578
1629611,Terance Mann,5,2020,2024,23,27,True,33525.0,1.6817082475764356,1.1127245637583894,-0.5689836838180462,1.9327716483884811,1.283442678510747,-0.6493334576042296
686,Antonio McDyess,13,1997,2011,22,36,True,104209.0,1.676967296490706,0.4821171779788693,-1.19499403122571,2.9507747380417864,1.5159159191343043,-1.4350325827966925
2050,Morris Peterson,10,2001,2010,23,32,True,76036.0,1.6650966647377556,0.9411906991425115,-0.7239559156189174,2.016802770801137,1.2171013250693206,-0.7997589642443022
923,Donyell Marshall,11,1997,2007,24,34,True,84949.0,1.657958563373318,1.0877050465573461,-0.5700609189042838,2.3452084083025273,1.6679807104154332,-0.677052063609669
1626159,Justise Winslow,7,2016,2023,20,27,True,36052.0,1.6570938089426386,-0.5621736658160436,-2.2191768279152337,3.19553692227533,0.5732611146571853,-2.6222127075332735
1559,Adrian Griffin,6,2000,2007,25,32,True,30229.0,1.6504029905058057,-0.35246763042111884,-2.0028706209269242,2.01379637400305,-0.04609391828611288,-2.0598990907754198
1729,Ricky Davis,11,1999,2010,19,30,True,85367.0,1.6485753277027422,1.7479362165708061,0.09925392716154961,2.2424879497695445,2.1833341401713184,-0.05927164873062264
2032,Darius Miles,6,2001,2006,19,24,True,43076.0,1.644894558454824,-0.3434774352307549,-1.9882618627542024,3.87267436299655,1.310909438367791,-2.5616942920946406
1800,Damon Jones,9,2000,2008,23,31,True,53925.0,1.642819286045433,1.3152173018080668,-0.3274672044506258,1.924489986844706,1.5457257538521265,-0.37863582985135363
1626153,Delon Wright,8,2017,2024,25,32,True,44072.0,1.640822517698312,0.39390608549646033,-1.246656970412053,1.947652253037934,0.6620086672113483,-1.2853918533414268
203914,Gary Harris,10,2015,2024,20,29,True,68124.0,1.6398347131701017,0.5930774176501671,-1.0466773530620632,2.5185836873159926,1.2389220788130328,-1.279597710218082
201959,Taj Gibson,14,2010,2023,25,38,True,92656.0,1.632699209981005,-0.03796605724399928,-1.6706859998273185,2.947487531284384,1.0619530209955639,-1.885588067240812
203084,Harrison Barnes,12,2013,2024,21,32,True,126257.0,1.628280491378696,0.8057544452980826,-0.8227006661016815,2.322149970727713,1.3443172261041048,-0.9780216555324457
202722,Dāvis Bertāns,8,2017,2024,24,31,True,37969.0,1.6223725144196584,0.9852078801127238,-0.6370685559272038,1.8287397976069908,1.1501923182743121,-0.6784559882774804
2248,Earl Watson,12,2002,2013,23,34,True,74818.0,1.6196045203026008,0.3311254510946564,-1.288658504637921,2.197434508881006,0.8124824135337223,-1.3851453837068008
693,Joe Smith,14,1997,2010,21,34,True,96136.0,1.6176847694932184,0.21746888782558044,-1.3999541690937838,2.504074927311523,0.9090066752012969,-1.594825027774375
201943,Brandon Jennings,8,2010,2017,20,27,True,67159.0,1.6109210976935333,1.1787802975029407,-0.432069000431811,2.8804785709284255,2.110998312520016,-0.7694312705349682
2768,Chris Duhon,9,2005,2013,22,30,True,62644.0,1.603259977012962,0.24183291296852058,-1.361661723389311,2.1154664226465782,0.6170123243749531,-1.498698417971031
1727,Pat Garrity,7,1999,2006,22,29,True,42370.0,1.60155586499882,1.3415117063960351,-0.259662331838565,2.006396836850558,1.6308688445666344,-0.37515367361931184
2365,Chris Andersen,12,2003,2016,24,37,True,50004.0,1.5952387409007283,-0.636455623550116,-2.231590232781377,3.0799366425835553,0.5982358294700041,-2.4816334805575155
677,Eric Williams,8,1997,2005,24,32,True,55525.0,1.5818044484466456,-0.5343336334984242,-2.1160533993696533,2.010478666412185,-0.1723390628032839,-2.1827433330773145
980,Zydrunas Ilgauskas,12,1998,2011,23,36,True,92682.0,1.5714733497334974,-0.1567632226322263,-1.728132755011761,2.7427830425984507,0.8240560242840084,-1.9186520447277575
203077,Michael Kidd-Gilchrist,6,2013,2019,19,25,True,41342.0,1.5691301823811137,-0.6478078467418124,-2.216714914614678,3.4384505616180268,0.736488214906503,-2.7017722812294602
1716,Larry Hughes,12,1999,2010,20,31,True,92581.0,1.563136745120489,0.726886607403247,-0.8364466899255788,2.3152136451183494,1.2927759383385742,-1.0226485376185852
1629639,Tyler Herro,5,2020,2024,20,24,True,41501.0,1.558332594395316,1.2529968193537506,-0.3053834606395026,3.269692171005141,2.5136503841775406,-0.7561202620723285
754,Jim Jackson,10,1997,2006,26,35,True,81494.0,1.5527225562618108,0.5429027535769505,-1.0100475249711633,2.423933701443954,1.2834015533872953,-1.1407817780198821
201978,Chase Budinger,7,2010,2016,22,28,True,31434.0,1.5461324998409363,0.6900029267671949,-0.8564099064707004,2.1693658216521796,1.1405054043871636,-1.0291521983532121
203933,T.J. Warren,7,2015,2023,21,29,True,42738.0,1.5343554214048385,0.8534585614675463,-0.6812282746033974,2.203762516886785,1.3361316040160596,-0.8679745973532645
201952,Jeff Teague,12,2010,2021,22,33,True,96466.0,1.5266751808927497,0.5938243111562623,-0.9327532809487281,1.989297191714398,0.9675507155868749,-1.0216593449319205
1904,Devean George,10,2000,2010,22,32,True,49067.0,1.5181883546986774,-0.6374663419406118,-2.155837161432327,1.9378591130674068,-0.3105524013648723,-2.2486029383673265
2588,Matt Bonner,11,2005,2015,25,35,True,53917.0,1.5151180703674165,0.6310043770981323,-0.8839495335422964,2.363237864245169,1.3475690806092804,-1.015525762592762
1627751,Jakob Poeltl,8,2017,2024,21,28,True,49315.0,1.4997732535739632,0.41579369360235224,-1.083924526006286,2.0562325765354217,0.8178516051968598,-1.2383360869688729
202335,Patrick Patterson,11,2011,2021,22,32,True,62776.0,1.49975538422327,0.7421129890403977,-0.7576424429718364,1.9078647585040365,1.0562640005834607,-0.8516092629787281
1628379,Luke Kennard,7,2018,2024,22,28,True,39111.0,1.4996088312750888,0.8913321060571194,-0.6084260438239881,1.9980839955794534,1.249034302282707,-0.7492081263882335
203957,Dante Exum,5,2015,2024,19,28,True,21116.0,1.495285233945823,-0.3820340973669255,-1.877413667361243,3.502307948618805,1.1181685700733293,-2.3842690920155283
203083,Andre Drummond,12,2013,2024,19,30,True,94774.0,1.4906908856859478,1.0508354717538566,-0.43985790406651615,2.6585406670708274,1.9175495320076428,-0.7410147685322144
201574,Jason Thompson,8,2009,2016,22,29,True,58247.0,1.489999038577094,0.9159868834446409,-0.5737219770975328,2.0044169738324555,1.2884537038223256,-0.7156825931003751
1629026,Kenrich Williams,6,2019,2024,24,29,True,27512.0,1.486993093922652,-0.079585635359116,-1.566706600756034,1.666013093774004,0.053290929740599194,-1.6128536065235182
21,Greg Anthony,6,1997,2002,29,34,True,30340.0,1.4852859591298613,-0.18357926829268287,-1.6689463414634147,2.606970912729286,0.7775679700817881,-1.8295124204822004
203915,Spencer Dinwiddie,8,2015,2024,22,31,True,63163.0,1.4844431075154758,0.9584646866044996,-0.5258215094279879,1.84387810705106,1.2523568953045368,-0.5913724927516055
2047,Quentin Richardson,12,2001,2012,21,32,True,83169.0,1.4823664706801816,0.2540221476752155,-1.22819965371713,2.094442507059116,0.7219824550821726,-1.3723276709625825
762,Shawn Bradley,9,1997,2005,25,33,True,52718.0,1.4787676315489966,-2.052419401342995,-3.531209909328882,1.892524132101634,-1.7011745452257707,-3.5937317246972267
203087,Jeremy Lamb,9,2014,2022,22,30,True,47472.0,1.4754886038085606,0.38225749915739804,-1.0934314543309742,1.882441614793355,0.6848735232672036,-1.1977762770058555
203552,Seth Curry,8,2016,2024,25,33,True,49668.0,1.4659592292824355,0.5173943384070225,-0.9485478779093179,1.9632583017674918,0.9481141346732823,-1.0151396597231634
201177,Josh McRoberts,6,2010,2016,23,29,True,29445.0,1.4639844455764988,0.7404162336559688,-0.7238858210222449,1.7219891431457686,0.9239669439946475,-0.7983446333710493
722,Corliss Williamson,10,1997,2007,23,33,True,72523.0,1.4628303158997835,0.04273345007790625,-1.4198530397253286,1.9419060930653287,0.4252153199475283,-1.516457617584587
702,Voshon Lenard,8,1997,2006,24,33,True,59078.0,1.4587834557703376,0.7970722265479536,-0.662027742983852,1.855406770608721,1.122141852875782,-0.7335906004421796
383,Kendall Gill,8,1997,2004,29,36,True,61059.0,1.4457773792561295,0.40537015018261,-1.0404925563798948,2.9354500181273093,1.6654935507920294,-1.2700793366896255
2757,Beno Udrih,13,2005,2017,22,34,True,72461.0,1.4417133492499412,0.34204254702529635,-1.0999457777287092,1.9835783352701413,0.7792024543232918,-1.2046631227037674
2731,Emeka Okafor,10,2005,2018,22,35,True,72566.0,1.4356828817903702,-0.13301269189427556,-1.5685288427087067,1.9356682494891468,0.24511495393874996,-1.690396623543862
201954,Darren Collison,10,2010,2019,22,31,True,85778.0,1.4279887150551425,1.015867576767936,-0.41243036676070793,1.9306620166717359,1.4037625952467194,-0.5272189906928841
1725,Rasho Nesterovic,11,2000,2010,24,34,True,71853.0,1.4172420636577456,-1.1879337118839854,-2.604975923065147,1.9094089147602906,-0.7759818493638162,-2.6852028243981665
203521,Matthew Dellavedova,7,2014,2020,23,29,True,38159.0,1.4138004926753847,-0.22271686889069417,-1.6368664011111405,1.7363761339762886,0.006940496004171302,-1.7297907022529624
349,Mark Jackson,8,1997,2004,32,39,True,67172.0,1.4133776722443876,0.3045239534329781,-1.1088405287917584,4.689908200037429,3.0215603693600457,-1.6684166323456677
1763,Ryan Bowen,7,2000,2008,24,32,True,22657.0,1.4056566182636712,-1.2096448338261907,-2.6148578364302426,1.722433340088612,-0.9548553323570385,-2.6768522812341855
202711,Bojan Bogdanovic,10,2015,2024,26,35,True,90037.0,1.3911388651332228,1.2174200162155557,-0.17361962304385972,2.3114948519104064,2.0016729009626633,-0.3097459303391354
202362,Lance Stephenson,9,2012,2022,21,31,True,55464.0,1.3904294136737343,0.9418918758113369,-0.44881521347180164,2.1411858560691015,1.493276824729255,-0.6482007950092585
238,Tyrone Hill,7,1997,2003,29,35,True,51035.0,1.3865976682668755,-0.7794732438522582,-2.165656804154012,2.701145945364516,0.34018386462244504,-2.3605811371542296
1921,Gordan Giricek,6,2003,2008,26,31,True,35961.0,1.3855495397792053,-0.4288728900753594,-1.8141073106977004,1.5788594634074522,-0.2592105007925831,-1.8377597070919476
203944,Julius Randle,9,2016,2024,21,29,True,85040.0,1.384830961900282,1.4328274811853245,0.04812408278457188,2.0075641499181893,1.890126859309892,-0.11732122428403098
1628991,Jaren Jackson Jr.,6,2019,2024,19,24,True,42074.0,1.3816540856586015,0.00919567904168857,-1.3726592670057516,3.2415638923340393,1.3842173765472825,-1.8575804676345513
2744,Al Jefferson,14,2005,2018,20,33,True,102135.0,1.3740385372301365,1.14730812160376,-0.22673041562637686,2.079005578433665,1.6875431855718197,-0.3914764384332988
2753,Delonte West,8,2005,2012,21,28,True,50935.0,1.3738469029154803,-0.7734766270737216,-2.1474101109256893,2.07123921493494,-0.27073214762898407,-2.3420706593092806
1498,Antonio Daniels,12,1998,2009,23,34,True,80645.0,1.3641151218302432,1.1498406224812447,-0.21453373426746858,2.0795606694806335,1.7438896273039253,-0.33594741151549024
203079,Dion Waiters,7,2013,2019,21,27,True,47577.0,1.362631292431217,0.4292313723017425,-0.9328718498434118,2.2771799476018963,1.0919307162538276,-1.1847377636975327
1628420,Monte Morris,6,2019,2024,24,29,True,41532.0,1.3487404892612924,0.8929234806895888,-0.4556749012809399,1.5457177978576853,1.0327295692743075,-0.5128498366895038
1629028,Deandre Ayton,6,2019,2024,20,25,True,50934.0,1.33418449365846,0.10923422468292293,-1.2251084148113245,2.760041277034367,1.1550898995393764,-1.6051351742796356
203482,Kelly Olynyk,11,2014,2024,23,33,True,73007.0,1.323217157258893,0.7727465174572299,-0.5508195515498514,1.8951538153365939,1.2438112050610972,-0.6517049801627789
2617,Udonis Haslem,12,2004,2015,24,35,True,89920.0,1.2934913701067619,-0.2852386009786476,-1.5789390124555156,1.9248085327700253,0.23877045867558724,-1.6862624211149149
101141,Ersan Ilyasova,12,2007,2020,20,33,True,78860.0,1.2841332995181336,0.4227902358610195,-0.861310626426579,1.950593916745223,0.9578019464794677,-0.9927741612184481
2581,Steve Blake,13,2004,2016,24,36,True,82978.0,1.2780454457808095,0.4348924172672273,-0.8431319506375182,2.2646441811060414,1.2622182290874204,-1.0024293916915195
1088,Chucky Atkins,10,2000,2010,25,35,True,68161.0,1.2778859465090007,0.8475177154091051,-0.4303441264065962,1.8009439724364078,1.2925769554353852,-0.5083559291079053
2551,T.J. Ford,7,2004,2011,21,28,True,47085.0,1.2691977062758841,-0.3073911224381438,-1.576739619836466,1.9084930625122896,0.1532498712095283,-1.7554055913187665
983,Moochie Norris,6,2000,2006,26,32,True,25802.0,1.2676175490272075,0.5338438880706923,-0.7337148283078833,1.446973200113868,0.6973263068543987,-0.7495927563087602
202327,Ekpe Udoh,5,2011,2018,24,31,True,20665.0,1.2658992983305106,-1.2680195015727076,-2.533918799903218,1.5846747488390562,-1.0279737506736328,-2.6126551413032653
1510,Brevin Knight,12,1998,2009,22,33,True,71120.0,1.2616321006749156,-0.6379401856017998,-1.8996253796400449,1.9602729639612892,-0.08251919017842511,-2.0428604754487174
202324,Derrick Favors,12,2011,2022,19,30,True,77959.0,1.2542389717672109,0.03583609333111003,-1.218402878436101,2.3457407700231045,0.8464644721277433,-1.4992959900024616
101139,CJ Miles,12,2008,2019,21,32,True,68438.0,1.2537661094713464,0.08193122242029277,-1.1717056752096788,1.8916658765806358,0.5775793718334826,-1.313970475665049
1000,Shandon Anderson,10,1997,2006,23,32,True,64803.0,1.250799268552382,0.5618365044828173,-0.6888994028054257,1.6097309293294397,0.8487018178816924,-0.7609736970114416
202696,Nikola Vucevic,13,2012,2024,21,33,True,115200.0,1.248255138888889,0.24650140625,-1.0018315711805554,1.986023260609189,0.8391236601815911,-1.1469938542520042
248,George Lynch,9,1997,2005,26,34,True,57454.0,1.2407186444808023,-1.403204737703206,-2.6440437567445256,1.9176111340829123,-0.818408341773009,-2.7361570172979524
1629023,P.J. Washington,5,2020,2024,21,25,True,41774.0,1.217277110164217,0.1856668741322354,-1.0316102360319817,2.2581748679928024,0.9400395561811711,-1.318154204929357
1541,Alvin Williams,7,1998,2004,23,29,True,49781.0,1.2162211084550332,0.6628844539081176,-0.5532904521805508,1.4078947490962086,0.8060531404366863,-0.6017991942710956
1626156,D'Angelo Russell,9,2016,2024,20,28,True,75800.0,1.2140436939313985,1.0349051583113456,-0.1789959234828496,2.121536230331654,1.7033297934156482,-0.41808018667108277
2449,Luis Scola,10,2008,2017,28,37,True,77283.0,1.2069170580852193,0.20013208596974758,-1.0068114591824853,2.668219636779913,1.4346289370166971,-1.233654007810944
202328,Greg Monroe,9,2011,2019,21,29,True,68585.0,1.1989449150688927,1.0120008602464092,-0.18707599329299415,1.922665696183158,1.5383631147900352,-0.3844477361089165
201564,O.J. Mayo,8,2009,2016,21,28,True,67394.0,1.1984592396949283,1.3839063418108437,0.18520608659524587,2.0987897409720775,2.0400157117936564,-0.05903139288759615
1628978,Donte DiVincenzo,6,2019,2024,22,27,True,39772.0,1.1813988987227197,0.5299769687217138,-0.6514219300010058,1.590667138826521,0.8184336076632908,-0.7722409574465559
201601,Luc Mbah a Moute,10,2009,2018,22,31,True,64708.0,1.175355566545095,-1.1406601965753846,-2.3159910830191013,1.7344790611488086,-0.7096830458800278,-2.444148862571449
1629628,RJ Barrett,5,2020,2024,20,24,True,46331.0,1.1751948155662515,0.9737366989704518,-0.2013065981740087,2.809368884796149,2.1756987902429086,-0.6335480358100786
339,Tom Gugliotta,9,1997,2005,27,35,True,49243.0,1.1727142741100258,-0.11460016652112989,-1.2870663444550494,1.8998354130773705,0.5086726033313165,-1.3909331433789192
202702,Kenneth Faried,8,2012,2019,22,29,True,48237.0,1.1697639778593196,1.1919560296038312,0.022540725998714633,1.6860137083831586,1.5626744727078528,-0.12300009055911834
682,Bob Sura,9,1997,2005,24,32,True,55737.0,1.1656468952401458,0.20481812799397162,-0.9606188348852648,1.5947606737754343,0.5634829043529684,-1.031078074553611
200757,Thabo Sefolosha,14,2007,2020,23,36,True,82372.0,1.1655887801680183,-1.3071717452532414,-2.4729222308551453,1.9277948486619039,-0.6748642795883842,-2.6028392933155873
1628970,Miles Bridges,5,2019,2024,21,26,True,45134.0,1.1606103159480656,1.9336715114990917,0.7729073647361191,2.116227962111916,2.626225459802413,0.5098263363766127
1626149,Montrezl Harrell,8,2016,2023,22,29,True,45695.0,1.1605214137214137,0.3805009300798774,-0.780205864974286,1.4641386496488236,0.5983037214132085,-0.8660259818147696
201163,Wilson Chandler,11,2008,2020,21,33,True,82095.0,1.1597585358426212,0.2559343687191668,-0.9034747183141484,1.912091869565215,0.844353790269091,-1.067404449851279
202693,Markieff Morris,11,2012,2023,22,33,True,75491.0,1.1551902478441138,-0.06479784345153734,-1.2200710018412793,1.5973325998285604,0.27559088082080385,-1.321833786080182
1506,Austin Croshere,9,2000,2008,25,33,True,45727.0,1.1528250049205064,0.0146323834933409,-1.1380612767074159,1.5444748601190696,0.3436792208231818,-1.200673782343613
2568,Carlos Delfino,8,2005,2013,22,30,True,46313.0,1.1502430850948977,0.10992645693433804,-1.040151123874506,1.4769417604147688,0.3630751310881657,-1.113707898852525
202391,Jeremy Lin,7,2012,2019,23,30,True,50113.0,1.1428154570670284,-0.10761918065172715,-1.2503605850777244,1.4554610550598148,0.1219183310598796,-1.3334748022665468
375,Isaiah Rider,5,1997,2001,26,30,True,40781.0,1.1282308427944387,0.9627330619651308,-0.1657510605428999,1.2393651844559246,1.0615730867121689,-0.17804817503335124
446,Lucious Harris,9,1997,2005,26,34,True,48957.0,1.1215254202667646,-0.25903368261944165,-1.3805591028862063,2.012167932921357,0.5060912699988575,-1.506099168684728
201229,Anthony Tolliver,11,2010,2020,25,35,True,55962.0,1.108047550123298,0.13577699152996683,-0.9723281512454879,2.046471451785496,0.9280162308282475,-1.1185362230801916
1627788,Furkan Korkmaz,5,2019,2023,21,25,True,22308.0,1.099093329747176,-0.08168060785368479,-1.1806373498296574,2.2613893924426147,0.7628125602656598,-1.4984614037435184
203937,Kyle Anderson,9,2016,2024,22,30,True,60852.0,1.0987661868139094,-0.9044125583382635,-2.003226155261947,1.4989673528489535,-0.5998448633450468,-2.098867631837621
201167,Arron Afflalo,11,2008,2018,22,32,True,82903.0,1.0911525276527991,0.6790774760865109,-0.4122558894129282,1.4966788896086105,0.9992767979029137,-0.4975916553414543
203200,Justin Holiday,10,2015,2024,26,35,True,64488.0,1.0811290627713683,0.2395437910929165,-0.841330200967622,1.9887845016637573,1.0180665432458598,-0.9704858488339895
2571,Leandro Barbosa,13,2004,2017,21,34,True,80343.0,1.078140883462156,1.1599595608827156,0.08160270340913332,1.9129618718058574,1.8078885116913777,-0.10530694639702655
697,Fred Hoiberg,8,1997,2005,24,32,True,38378.0,1.07780580019803,0.18253507217676782,-0.8952919902027204,1.5273928293431331,0.569789720280087,-0.9576355163067835
202685,Jonas Valanciunas,12,2013,2024,21,32,True,94193.0,1.0750290255114499,0.46229495822407185,-0.6124761924983809,1.7641930854617751,0.9995955176049892,-0.764354012438547
2407,Jared Jeffries,9,2004,2012,22,30,True,52004.0,1.0636861395277286,-1.007339454657334,-2.0710626297977077,1.6120466172555237,-0.6048380322337285,-2.2169320418136
2217,Brendan Haywood,11,2002,2013,22,33,True,73742.0,1.0599839440210466,-1.5140885655393126,-2.574080212090803,1.6423553899173557,-1.0502908009798753,-2.692666746508431
2592,James Jones,11,2005,2017,24,36,True,46788.0,1.0508338676583742,0.01961402496366592,-1.031382277507053,1.7713544956249043,0.609146618678552,-1.1623875882542725
2748,Dorell Wright,8,2007,2015,21,29,True,47190.0,1.0464596948506035,0.011195189658826165,-1.0352645051917777,1.5738727365666818,0.3940731899896117,-1.1798091814673013
203939,Dwight Powell,9,2016,2024,24,32,True,48173.0,1.0442832499532932,0.286329126274054,-0.7580952400722395,1.4074983986769536,0.5900992590855343,-0.8175489125783735
324,Anthony Peeler,9,1997,2005,27,35,True,60293.0,1.0388589222629494,0.23824243278655893,-0.8004241454231833,2.042920232417429,1.0963647150408038,-0.9463885352967195
2223,Samuel Dalembert,12,2004,2015,24,35,True,83791.0,1.0345736892983735,-0.9307234309174016,-1.9651466147915648,1.6766042741883618,-0.39435388399758775,-2.070823308705663
203493,Reggie Bullock Jr.,10,2014,2024,23,33,True,52287.0,1.034367892592805,-0.3497361676898655,-1.3839086771090325,1.5990909815275436,0.13703940773270865,-1.461870286490546
203469,Cody Zeller,9,2014,2023,21,30,True,44629.0,1.0282322032758966,-0.5329999103721795,-1.5611970691702706,1.8107766068967113,0.039484867367537035,-1.7712710717933686
2427,Roger Mason Jr.,6,2007,2013,26,32,True,31539.0,1.0276151748628684,0.550186213893909,-0.4774364437680332,1.3215425139547938,0.8106184566114405,-0.5109391003216786
452,Vin Baker,8,1997,2004,25,32,True,63495.0,1.0139902354516102,0.997709756673754,-0.016387967556500484,1.302057523534428,1.2396377568296628,-0.062534179827354
1715,Jason Williams,11,1999,2010,23,34,True,96271.0,1.000541689605385,0.7940152174590478,-0.2064363515492724,1.5905112844157094,1.27274216994034,-0.3176926267724966
203901,Elfrid Payton,8,2015,2022,21,28,True,54369.0,1.0000097849877687,0.7031872390516655,-0.2968225459361033,1.933914923613178,1.3834063727718988,-0.5505255101138175
1944,Eddie Robinson,5,2000,2004,24,28,True,21593.0,0.9856693372852313,0.06699791599129341,-0.9188576853609967,1.1849386278510265,0.20611418838491935,-0.9790143875367439
1629661,Cameron Johnson,5,2020,2024,24,28,True,33028.0,0.9488303257841831,-0.2963625408744096,-1.245161741552622,1.1236949312731745,-0.17538676373329692,-1.2990537861726354
1629680,Matisse Thybulle,5,2020,2024,23,27,True,30005.0,0.9482983169471755,-0.989006065655724,-1.9373043826028997,1.3257682620421927,-0.7258436463185866,-2.0516187449168215
203487,Michael Carter-Williams,8,2014,2021,22,29,True,41148.0,0.9475839895013124,-0.6690359920287742,-1.6163390201224848,1.6760574150562184,-0.13887714208288773,-1.814667080826523
1629013,Landry Shamet,6,2019,2024,22,27,True,35917.0,0.9470067099145253,0.22333363031433584,-0.7232889996380544,1.6635504274989115,0.7369208102174718,-0.9262585867921309
1909,Scott Padgett,6,2000,2006,24,30,True,20739.0,0.9456574087468054,-0.625963643377212,-1.5717461786971407,1.1092545275311176,-0.49072911481600706,-1.6001125261837377
203524,Solomon Hill,6,2015,2021,24,30,True,38233.0,0.9410834096199617,0.4474916956555856,-0.4933268642272382,1.2269695942391652,0.667811080338332,-0.5588996821217601
201579,Roy Hibbert,9,2009,2017,22,30,True,69559.0,0.9402624822093475,-0.8026107620868617,-1.7429403096651763,1.3085126203542248,-0.5314978039034692,-1.840084556981321
1628398,Kyle Kuzma,7,2018,2024,22,28,True,64369.0,0.9361280430020662,0.36980001242834276,-0.5663280305737234,1.4504009634952815,0.7405316346308154,-0.7098787768128758
1627814,Damion Lee,6,2018,2023,25,30,True,25851.0,0.9178329658427139,-0.15043429654558813,-1.0684838497543614,1.0974136757134243,0.01159148988609001,-1.0860433675274554
201166,Aaron Brooks,9,2008,2017,23,32,True,53892.0,0.9090532546574631,0.9478263935277964,0.03869179098938619,1.3447533691388078,1.2952336686154597,-0.04961072650270607
1628467,Maxi Kleber,7,2018,2024,26,32,True,40443.0,0.9087907178003609,-1.0129101204163886,-1.9217008382167498,1.2210711881242158,-0.7358891882115578,-1.9569683818309094
1627736,Malik Beasley,7,2018,2024,21,27,True,49216.0,0.9039453226592978,0.4743831680754226,-0.4293297911248374,1.509192048405839,0.9093303927303864,-0.5996402548416241
1626174,Christian Wood,5,2020,2024,24,28,True,30017.0,0.9021509811107038,0.2755012159776126,-0.6264229936369391,1.0759086295991014,0.39423491185936066,-0.6814500962580889
1629003,Shake Milton,5,2020,2024,23,27,True,24461.0,0.8848951392011776,0.12818605126527932,-0.756709087935898,1.2616632947855726,0.3893276256210478,-0.8723424705937693
1626204,Larry Nance Jr.,9,2016,2024,23,31,True,50859.0,0.8796465915570499,-0.8187702078294894,-1.6982791443009106,1.2376477656899125,-0.5388889032665642,-1.7764066662935907
1627747,Caris LeVert,8,2017,2024,22,29,True,55344.0,0.8775339512864989,0.34973429820757446,-0.5280300484244,1.2847739826494562,0.6506543483803577,-0.634357792211195
101181,Jose Calderon,14,2006,2019,24,37,True,93157.0,0.87537230696566,0.7261133784900758,-0.14921341391414492,1.8910227033843885,1.574066486216046,-0.3169358371447069
202692,Alec Burks,13,2012,2024,20,32,True,67480.0,0.8600119442797866,0.06964469472436276,-0.7903816538233551,1.6816399004984517,0.7076914438073386,-0.9739794062646209
203897,Zach LaVine,10,2015,2024,20,29,True,76978.0,0.8553427083062695,1.3064902699472576,0.4513661955363871,1.7029988668040474,1.9327156069205784,0.22992001146651908
1628976,Wendell Carter Jr.,6,2019,2024,20,25,True,35479.0,0.8386729332844782,-1.4732794610896585,-2.3120991008765746,2.162096908939549,-0.504958627253248,-2.667226089705318
201147,Corey Brewer,11,2008,2019,22,33,True,78739.0,0.8377917677389858,0.15954422840015753,-0.6781810919620519,1.3318372091320647,0.5566582722714009,-0.7751234419503089
182,Billy Owens,5,1997,2001,28,32,True,26555.0,0.8330877424213895,-1.0598674072679346,-1.8927334965166636,1.2394712346489385,-0.6954419870026032,-1.9347021142155634
202709,Cory Joseph,11,2013,2023,21,31,True,72726.0,0.8311721117619557,-0.11343806891620602,-0.9445918378571627,1.2905424400000558,0.236348256415866,-1.0541850652926459
101107,Marvin Williams,15,2006,2020,20,34,True,121136.0,0.826812731145159,0.10898163221503109,-0.7178695598335756,1.8776561300119348,0.9341117805608705,-0.9436048921817112
2575,Luke Walton,8,2004,2013,24,33,True,39578.0,0.8136916216079639,-0.7216964980544748,-1.5350949012077417,1.1114194519556204,-0.4755146937580947,-1.586647987734512
1628381,John Collins,7,2018,2024,20,26,True,55483.0,0.8090610457257178,0.32695324694050426,-0.4825638664095308,1.990373718141927,1.1908529299346666,-0.799998065831178
203107,Tomas Satoransky,6,2017,2022,25,30,True,35413.0,0.8020323892355913,-0.18904758139666222,-0.9910596955920143,0.9195495105353004,-0.08815887894878464,-1.0076909478128195
1500,Ron Mercer,7,1998,2004,22,28,True,50619.0,0.7929951401647606,0.3175930776980976,-0.47540206246666267,1.3866658516786632,0.7426872632617968,-0.6439894037265909
976,Jeff McInnis,10,1999,2008,24,33,True,59300.0,0.7858794772344014,0.9410951096121415,0.15530490725126478,1.168504303310486,1.267838900015455,0.09941439236911125
2605,Marquis Daniels,10,2004,2013,23,32,True,48125.0,0.7851005506493508,-1.0142936935064935,-1.7994573298701297,1.2015041992718973,-0.6857737289170057,-1.8873500959449598
384,Calbert Cheaney,9,1997,2006,25,34,True,58697.0,0.7722989079510026,-0.13842934051144015,-0.9104565309981771,1.3467642737051642,0.3450723463662396,-1.0014343106901624
202357,Nemanja Bjelica,7,2016,2022,28,34,True,38363.0,0.7704277298438599,-0.024552146599588126,-0.7948588744363057,1.7416590662885816,0.8115040630576839,-0.9300586090977575
1627863,Danuel House Jr.,7,2018,2024,25,31,True,28358.0,0.7604898793991112,-0.4390175611820298,-1.1991519500670005,0.9273013984219814,-0.2941865519276234,-1.221136588303722
672,Matt Bullard,5,1997,2001,30,34,True,18162.0,0.7562410527474948,0.5435364497302061,-0.21248546415593,2.0788777012463378,1.6726106186790517,-0.40608130377642615
2294,Charlie Bell,5,2006,2010,27,31,True,35691.0,0.755841584713233,0.12085817152783618,-0.634502787817657,1.025677878525046,0.36735564679123667,-0.6578486886681323
228,Adam Keefe,5,1997,2001,27,31,True,20113.0,0.754368567593099,-0.21043837319146824,-0.9648069407845672,0.9744733680921754,-0.008001765843495195,-0.9824809482778453
1761,Greg Buckner,10,2000,2009,23,32,True,44038.0,0.7505456196920842,-0.7070560425087425,-1.4577703347109314,1.1281147526644952,-0.3999046449708815,-1.528196630207545
1626179,Terry Rozier,9,2016,2024,22,30,True,72972.0,0.743029477059694,0.49730003288932745,-0.2456784657128762,1.0626959726080623,0.7409007796614295,-0.32175070666932437
201973,Jonas Jerebko,9,2010,2019,23,32,True,46136.0,0.7354692647823824,-0.06555800242760543,-0.8010272672099877,1.2569771439833524,0.35808856396411154,-0.8989003907895281
201975,Jodie Meeks,8,2010,2018,22,30,True,48122.0,0.7128659448900712,0.7351355928681268,0.021995615311084363,1.1587318510178284,1.0612804481239106,-0.09773395189473896
202688,Brandon Knight,8,2012,2020,20,28,True,51307.0,0.7123388036720135,0.29332058003781164,-0.41911277213635567,2.114021933155507,1.3243940456268786,-0.7897476728194255
1628988,Aaron Holiday,6,2019,2024,22,27,True,27814.0,0.6946734737901776,-0.28535187315740274,-0.9803419500970734,1.2473147506392883,0.1080029156700941,-1.1396385037678451
203903,Jordan Clarkson,10,2015,2024,23,32,True,84131.0,0.6875666044620887,1.1178331411726952,0.4302484577622992,1.110740193901192,1.4597441262466515,0.34897628910997197
201977,Marcus Thornton,8,2010,2017,23,30,True,44700.0,0.6852510738255033,0.06214832214765098,-0.6232082326621923,1.0283866152197485,0.3131277357102336,-0.7153709737279601
202389,Timofey Mozgov,7,2011,2018,24,31,True,33843.0,0.6664390863694116,-1.3312180953225188,-1.9980952338740654,0.8612412692174316,-1.1632363994243857,-2.024920429129684
202684,Tristan Thompson,12,2012,2024,21,33,True,88080.0,0.6609488646684833,0.25256126248864674,-0.4085051203451407,1.3164939032277212,0.7455448735551494,-0.5710793897202299
2420,Nenad Krstic,7,2005,2011,21,27,True,42771.0,0.659108671763578,-1.108823595426808,-1.7680364265507003,1.6076898507542656,-0.4170726472443131,-2.024883826050527
1628971,Bruce Brown,6,2019,2024,22,27,True,46846.0,0.6586733552491143,0.5658149681936557,-0.09240043973871843,1.1436437859205786,0.9098717253451266,-0.23332290207180367
1626171,Bobby Portis,9,2016,2024,21,29,True,59777.0,0.6435643140338257,0.7463127289760276,0.10267664820917743,1.1504065187963377,1.1210725302805338,-0.029415255394042415
692,Andrew DeClercq,8,1997,2004,24,31,True,37427.0,0.6141805113955167,-1.4548972132417775,-2.0689321078365883,0.9001005160606126,-1.221969744329015,-2.121931181093648
15,Eric Piatkowski,9,1997,2005,26,34,True,46789.0,0.6121072901750412,0.19073769475731475,-0.42130321229348777,1.2541628926976771,0.7457397635699843,-0.5083730305479379
101132,Linas Kleiza,6,2006,2012,21,27,True,32875.0,0.6076218707224335,-0.13818883650190117,-0.7458756806083651,1.448955167953654,0.469634758247308,-0.9794007101874731
203504,Trey Burke,9,2014,2022,21,29,True,41319.0,0.6036685302161233,0.5484980275418089,-0.05501086667150707,1.59293712866914,1.2751386460350203,-0.31765690313154926
1626145,Tyus Jones,9,2016,2024,20,28,True,52797.0,0.5953191090402865,0.10509741083773702,-0.49050296418357087,1.2525466684691875,0.5852869124040824,-0.6675529724209341
1626166,Cameron Payne,8,2016,2024,21,29,True,32172.0,0.5914861370135523,-0.5795318910854158,-1.1712051784160138,1.065992585706465,-0.22503025074389188,-1.2912189403349317
1629631,De'Andre Hunter,5,2020,2024,22,26,True,36339.0,0.5901839346157022,-0.010906326536228314,-0.6012938991166514,1.2456427245665753,0.45614096841113766,-0.789717283091405
2733,Shaun Livingston,13,2005,2019,19,33,True,75432.0,0.5788069784706755,-0.6971822170961927,-1.2760274419344573,1.6171122243323723,0.12100242377548422,-1.496169234294075
1629673,Jordan Poole,5,2020,2024,21,25,True,43181.0,0.5704608739955075,0.18829309186910925,-0.38216778212639824,1.48813145397864,0.8495731031544291,-0.6385750275198884
2585,Zaza Pachulia,16,2004,2019,20,35,True,89223.0,0.5645053629669479,-0.836109153469397,-1.4006601773085416,1.6514358088768368,0.029013542544004883,-1.6224917544042203
2567,Brian Cook,6,2004,2011,23,30,True,20351.0,0.5629684536386417,-0.8800924770281559,-1.4431533585573189,0.8986287323763753,-0.6414804205159862,-1.5402079084727809
200826,J.J. Barea,13,2008,2020,24,36,True,66378.0,0.5589247792943445,0.09309329898460339,-0.46580486004399047,1.4464333298158853,0.8381981142552136,-0.6082306196323484
735,Bryant Reeves,5,1997,2001,24,28,True,36231.0,0.5577968590433605,-0.512962325080732,-1.070564847782286,0.7997850524416094,-0.3435779233135138,-1.143173115787413
202708,Norris Cole,5,2012,2016,23,27,True,33808.0,0.5513468114055844,0.0640003845243729,-0.48767061050638905,0.9174518061207693,0.3178707941741369,-0.5999118065270883
202730,Lavoy Allen,6,2012,2017,23,28,True,27910.0,0.5508620566105339,-1.1017171981368685,-1.652271694733071,0.8459219361888466,-0.8940181810001187,-1.7396379748592445
1629011,Mitchell Robinson,6,2019,2024,21,26,True,32525.0,0.5508406764027671,-0.4978822136817832,-1.0487296233666412,1.5024212002061634,0.191083813987853,-1.3113613474440093
201175,Glen Davis,8,2008,2015,22,29,True,47242.0,0.5498823716184751,-0.8800878667287584,-1.4299074763981203,0.9896098394761611,-0.5608576141840194,-1.5504129221762932
2422,John Salmons,12,2003,2014,23,34,True,91987.0,0.5485482839966517,-0.25058313674758403,-0.7989959233369934,1.2116373931993578,0.30874204531159105,-0.9027761377978369
203967,Dario Saric,7,2017,2024,23,30,True,46863.0,0.5404731664639483,0.3800472014168961,-0.16047993086230078,0.9687645607437526,0.6920254097228994,-0.2768013460144381
2740,Andris Biedrins,8,2006,2013,20,27,True,44346.0,0.5376505660036979,-0.9743861678618138,-1.5119116718531544,1.8945574041376687,0.021410162633982814,-1.8730466401250498
203486,Mason Plumlee,11,2014,2024,24,34,True,74228.0,0.5366190116937005,0.08685830144958777,-0.4496819394298647,1.1611333046721712,0.6106516358548006,-0.5504181688295215
203526,Raul Neto,8,2016,2023,24,31,True,28685.0,0.5249668816454592,-0.9185504967753181,-1.4434138051246297,0.843809930867602,-0.6557391308822038,-1.4994528012160517
101110,Martell Webster,8,2006,2014,19,27,True,52324.0,0.5229307201284304,0.6004475001911169,0.07751678006268632,1.770592809095993,1.5214378040258976,-0.24917713743447995
1908,Jumaine Jones,6,2001,2006,22,27,True,38265.0,0.5141103358160198,0.5895154579903307,0.07517909316607865,1.0745858308180805,0.989766783382738,-0.08505528782404082
203082,Terrence Ross,11,2013,2023,22,32,True,75099.0,0.5115165581432509,0.6296615401004008,0.11810346342827467,1.0407357075579713,1.0443715511194256,0.003583051241302574
2408,Melvin Ely,5,2003,2008,25,30,True,18811.0,0.5101808516293658,-0.6923441071713359,-1.2025249588007014,0.6287984992130345,-0.5943450194425975,-1.2231462578206036
1626181,Norman Powell,9,2016,2024,23,31,True,59566.0,0.5071848201994427,-0.05036567840714499,-0.557656162911728,0.8429530909882709,0.22300627810538118,-0.6200600662599774
204456,T.J. McConnell,9,2016,2024,24,32,True,57542.0,0.5061862813249453,0.18820840429599248,-0.3176885753015189,0.877666457891028,0.49283010372631014,-0.38455570346812373
1626192,Pat Connaughton,7,2018,2024,25,31,True,49555.0,0.49165537281808097,-0.023804722026031736,-0.5155813136918574,0.7403039004588166,0.1910907557909073,-0.5493404913365793
203115,Will Barton,11,2013,2023,22,32,True,71141.0,0.48812248914128276,-0.1203837309006059,-0.6084084002192828,0.911101630813589,0.2234232773149144,-0.687590091526774
1607,Troy Hudson,9,1999,2007,23,31,True,44483.0,0.4879264213294966,0.17573825955983183,-0.3120428253490098,0.7451202414277848,0.3744367866135593,-0.3705435336865079
1629638,Nickeil Alexander-Walker,5,2020,2024,21,25,True,24990.0,0.47878279311724686,-0.5470449779911964,-1.0258791516606642,1.3784648236986932,0.10114201193640407,-1.2773905357469892
1629018,Gary Trent Jr.,5,2020,2024,21,25,True,41033.0,0.47784921892135596,0.7911971827553432,0.3133049009333951,1.525351824849019,1.5501671382767286,0.024753216604657156
145,Tracy Murray,6,1997,2002,25,30,True,29605.0,0.4767179192703935,0.34143435230535385,-0.1350766424590441,0.6117822044772124,0.44442394864183155,-0.16715417275228708
911,Ervin Johnson,8,1997,2004,29,36,True,56512.0,0.4762247310305777,-1.3555857516987542,-1.8316322197055492,2.0046516477923113,-0.062223874631138834,-2.066735756059847
204038,Langston Galloway,7,2015,2021,23,29,True,39114.0,0.47549245794344736,0.15068704300250554,-0.3246637776755126,0.7917167846134902,0.37800580231797265,-0.41357528068627064
201956,Omri Casspi,10,2010,2019,22,31,True,48056.0,0.46557455884801063,-0.2727385342100882,-0.7384756117862494,1.01053039506967,0.1358594808743265,-0.8748440324977078
203085,Austin Rivers,11,2013,2023,20,30,True,73088.0,0.4538871360551664,0.2957245101795096,-0.1580541538966725,1.2156794868505496,0.8608671453108578,-0.3547179690394008
1630,Mikki Moore,8,2000,2010,24,34,True,38414.0,0.45322304368199096,-0.7665775498516165,-1.2197461602540742,1.3918486305266857,0.030431651583794347,-1.3613858404262948
1628960,Grayson Allen,6,2019,2024,23,28,True,38714.0,0.4510462106731415,-0.4207026140414319,-0.872156687503229,0.6090451489082245,-0.3078459597020929,-0.9173019506185568
201945,Gerald Henderson,7,2011,2017,23,29,True,53203.0,0.4489855647237938,-0.3682592335018702,-0.817244798225664,0.7196809442022738,-0.17126718699241056,-0.8909533165325965
1627739,Kris Dunn,6,2017,2024,23,30,True,29990.0,0.44821137045681886,-0.4870856618872958,-0.9349498832944315,0.8909688572818177,-0.1580714385770871,-1.0487019107457392
1629006,Josh Okogie,6,2019,2024,20,25,True,31612.0,0.44653058964950015,-0.740640073389852,-1.187475578894091,2.096329392779708,0.47536777361026655,-1.6212960955235676
201228,C.J. Watson,9,2009,2017,25,33,True,49112.0,0.4374151938426454,-0.635907252809904,-1.0735695553021662,0.8771675014753947,-0.263283035444154,-1.1407084503116243
203953,Jabari Parker,6,2015,2020,20,25,True,33996.0,0.4233848982233203,0.152184580538887,-0.27103829862336737,1.8729809480137052,1.2155082691814116,-0.6573368064334121
1628464,Daniel Theis,6,2018,2024,26,32,True,31275.0,0.4224220943245404,-1.4461871462829738,-1.8689870823341328,0.7126325325250678,-1.1881304236224344,-1.901148259845379
2735,Josh Childress,6,2005,2012,22,29,True,39911.0,0.4216222845831978,1.651130390118013,1.2295009646463382,1.1669075904417299,2.189770501214708,1.022842043945283
990,Malik Rose,13,1997,2009,22,34,True,56324.0,0.4149277217527161,-1.2264908209644203,-1.6417140828066186,0.8996161354533361,-0.828864445030946,-1.7287873785446872
1627826,Ivica Zubac,8,2017,2024,20,27,True,47502.0,0.411450507347059,-0.92627912508947,-1.3376337627889352,1.0931064641097472,-0.4345216063800044,-1.5275444743649285
201148,Brandan Wright,7,2008,2017,20,29,True,23847.0,0.40713410491885776,-0.7406003270851679,-1.1477344320040257,1.0147587526660868,-0.29570749615300707,-1.3104772107455518
45,George McCloud,6,1997,2002,30,35,True,38978.0,0.4035626250705526,0.4948725434860691,0.09152532197649961,2.1740014583977727,1.9904887632831354,-0.18334179973507772
278,Stacey Augmon,9,1997,2005,28,36,True,37884.0,0.40175665188470067,-1.6344788037166087,-2.036235455601309,1.9404110703884956,-0.3352065952040354,-2.275656408490475
2557,Luke Ridnour,12,2004,2015,23,34,True,84963.0,0.3817482786624765,0.4858510645810529,0.10415524404740888,0.9806360061229134,0.9770750720353342,-0.003522532799733819
101142,Ronny Turiaf,7,2007,2014,24,31,True,31372.0,0.3680329912023461,-1.2587950720387604,-1.626828063241107,0.624049757300028,-1.0620090084614806,-1.6860642033864854
2404,Chris Wilcox,11,2003,2013,20,30,True,48083.0,0.36304174032402303,-0.2665781461223303,-0.6297434020339828,1.1596207964891958,0.31957065817367963,-0.8401883829291503
201971,DeJuan Blair,5,2010,2014,21,25,True,27581.0,0.3611565570501431,-0.3701212428845944,-0.7310549653747145,1.5746128744749144,0.5141520388962524,-1.0602600217081466
2436,Flip Murray,7,2004,2010,24,30,True,45390.0,0.358996519057061,-0.30738263934787396,-0.6661725930821767,0.5940021367700782,-0.12127400329542265,-0.7150746876588745
101154,Andray Blatche,8,2007,2014,20,27,True,48374.0,0.3577522636126846,-0.28665694381279194,-0.644230888493819,1.3391862130590118,0.4291071739965074,-0.909918442150096
221,Clar. Weatherspoon,9,1997,2005,26,34,True,60807.0,0.3556873550742513,-0.8097600440738731,-1.1651973128093807,0.8824534863732596,-0.35596241321140376,-1.2381790834868052
1509,Kelvin Cato,8,1998,2005,23,30,True,39284.0,0.35352593931371556,-2.2843468587720195,-2.6376968231341005,0.6371277563624173,-2.0609306980641335,-2.6978885258127954
201577,Robin Lopez,14,2009,2022,21,34,True,84714.0,0.351127771088604,-0.8634731685435701,-1.2146414406119415,0.9839639283412186,-0.35192083513979977,-1.3359395514090382
271,Johnny Newman,6,1997,2002,33,38,True,36913.0,0.3491926150678625,-0.5763456776745319,-0.9253245198168665,3.820470461845961,2.3002377974745283,-1.520105751764725
956,Erick Dampier,15,1997,2011,21,35,True,95249.0,0.3480774496320171,-1.2971918970277903,-1.6452276349357997,1.2847732850722535,-0.5389846248040687,-1.8237374767921724
2570,Kendrick Perkins,12,2005,2016,20,31,True,78076.0,0.34787590296634047,-2.050601900712126,-2.398393219427225,0.9972691086329355,-1.566429480988205,-2.56362631753523
2553,Jarvis Hayes,7,2004,2010,22,28,True,38671.0,0.33897879547981696,-0.37898562230094907,-0.7178634377181866,0.899421272543075,0.025296985920196156,-0.8740335618904395
200751,Randy Foye,11,2007,2017,23,33,True,76635.0,0.3241727278658576,0.09075085796307167,-0.23343597572910552,0.862403828100139,0.532135256692957,-0.33029519964781073
2586,Keith Bogans,9,2004,2013,24,33,True,57165.0,0.31874367182716706,-0.6299395784133648,-0.9487034024315578,0.7533975944681872,-0.2701626112344567,-1.0235906652098077
202700,Donatas Motiejunas,5,2013,2017,22,26,True,18733.0,0.3120928308332888,-1.3159756045481237,-1.6283828537874339,0.9855993885631715,-0.8378408475440396,-1.8237669287978209
1626178,Rondae Hollis-Jefferson,5,2016,2020,21,25,True,28170.0,0.30856283280085195,-0.7313873269435569,-1.0398411075612355,1.3509935492225222,0.02316584312459462,-1.3277376407017207
70,Steve Kerr,6,1997,2003,31,37,True,26541.0,0.29979186918352735,-0.6280991673260239,-0.9276388983082776,2.514953597875525,1.226658062456511,-1.2880989892332302
2554,Mickael Pietrus,9,2004,2012,22,30,True,50958.0,0.29786971623690106,-1.103318831194317,-1.4011716315396996,0.653866065305755,-0.8364774645732422,-1.4903336319969431
2039,Keyon Dooling,11,2001,2012,21,32,True,54325.0,0.29732622181316154,-0.8972071606074553,-1.194600368154625,0.8556756300408233,-0.4553833474068892,-1.3111378189221572
111,LaPhonso Ellis,7,1997,2003,27,33,True,40755.0,0.29560608514292724,-0.14895058275058268,-0.4445947736474052,0.8286606992373531,0.31693303698138636,-0.5117793746688377
101138,Brandon Bass,10,2008,2017,23,32,True,66513.0,0.2880260550569062,-0.6124710056680649,-0.9005371882188444,0.6486601210722205,-0.32145509829008395,-0.9701633859315714
203894,Shabazz Napier,6,2015,2020,23,28,True,24457.0,0.2831875536656172,-1.0359227623993128,-1.3187018031647382,0.5414350287159513,-0.8512021710410924,-1.3922334913992416
251,Sean Elliott,5,1997,2001,29,33,True,23884.0,0.2794406297102663,-2.0799325908558033,-2.3593273321051753,1.1559961507787517,-1.319689828963081,-2.47566235679532
423,Chris Gatling,6,1997,2002,29,34,True,30108.0,0.2785502524246048,-0.31891427527567423,-0.5972520260395907,1.3956646668589587,0.6397053011078547,-0.7557751092449118
281,Scott Williams,7,1997,2004,29,36,True,29274.0,0.2775053289608527,-2.435175753228121,-2.7126433012229287,1.9247837925176943,-1.0438436428861513,-2.96863110410035
164,Chris Childs,6,1997,2002,29,34,True,44032.0,0.2767561773255814,-1.9894357285610467,-2.2663771121002907,1.3919355200971455,-1.033236941243522,-2.4253858682080516
1629060,Rui Hachimura,5,2020,2024,22,26,True,34273.0,0.25846196714615,-0.6670756280454002,-0.9258793510926968,0.9246636457681858,-0.19196414201879894,-1.116981648078791
203924,Jerami Grant,10,2015,2024,21,30,True,79413.0,0.2582094745192853,-0.2812324052736959,-0.5393497034490575,0.8225301341789149,0.13982025041582138,-0.6826284860933495
2624,Quinton Ross,6,2005,2010,24,29,True,31756.0,0.2559013099886635,-1.6663841163874542,-1.9222957236427762,0.4529617789548621,-1.5269116744436744,-1.9798874684917014
43,Chris Whitney,7,1997,2003,25,31,True,34902.0,0.25004260500830894,-0.28233909231562654,-0.5322553435333218,0.5315047008068883,-0.03672607770875327,-0.5681114308094772
1629684,Grant Williams,5,2020,2024,21,25,True,37891.0,0.24774859465308377,-0.05038637143384974,-0.2981349660869335,1.202215390177662,0.6386225325841871,-0.5636102014108717
202683,Enes Freedom,11,2012,2022,20,30,True,67749.0,0.23992091396182968,0.7705865474029135,0.5306097211766964,0.9752982610593975,1.3136324880617871,0.3382647336809562
200761,Shawne Williams,6,2007,2015,21,29,True,20766.0,0.23685524414908982,-0.8122075508041992,-1.0487920639506885,0.8805252819541057,-0.33359036541134235,-1.2138569700093065
1903,Kenny Thomas,8,2000,2007,22,29,True,65477.0,0.23107799685385716,-0.9606693953602027,-1.1916365746750768,0.6451230535296272,-0.6594697798370524,-1.3044897640121318
365,Derrick McKey,6,1997,2002,30,35,True,23219.0,0.22884146604074246,-1.2792702958783757,-1.5084016107498168,1.7155962770184174,-0.016854361992284614,-1.7327779421386709
960,Tony Delk,10,1997,2006,23,32,True,49439.0,0.2285932361091445,-0.6301957361597121,-0.8583940209146627,0.5817626398480026,-0.3450977288654215,-0.9264733137130526
1626161,Willie Cauley-Stein,6,2016,2021,22,27,True,37216.0,0.22484208404987102,-0.9562866777730009,-1.1811287618228719,0.812483864091762,-0.5385606070546373,-1.351055148012733
970,Othella Harrington,10,1997,2006,23,32,True,52273.0,0.2093662120023721,-1.431918198687659,-1.6415882578003942,0.5579571141412087,-1.1484886386479798,-1.7067575368325683
1629655,Daniel Gafford,5,2020,2024,21,25,True,26695.0,0.1809652743959543,-0.43073481925454205,-0.611918561528376,1.055226627095038,0.19817015656668382,-0.8572908233463583
201156,Nick Young,11,2008,2018,23,33,True,65884.0,0.17853536518729884,-0.09589697043288202,-0.2745114898913241,0.7362681147449893,0.36066438324204525,-0.37569591400032376
202390,Gary Neal,6,2011,2016,26,31,True,32319.0,0.1718475509762059,0.4606278659611993,0.28874098827315203,0.36694396766510895,0.6342362391764514,0.2672479741329781
1863,Earl Boykins,9,2002,2011,26,35,True,48710.0,0.16617959351262557,0.5351426811742969,0.3689046191747074,0.8815443044534378,1.1495135431684074,0.267892635129891
203141,Mirza Teletovic,5,2013,2017,27,31,True,23105.0,0.16326267041765852,0.253111750703311,0.09011603549015358,0.4915404240431664,0.5513228943105091,0.060040851313428435
101177,Fabricio Oberto,5,2006,2010,31,35,True,20949.0,0.16099279201871214,-1.242617070027209,-1.4032582939519787,1.9315609797017406,0.2555828591314338,-1.6756710433244042
203118,Mike Scott,8,2013,2021,24,32,True,39804.0,0.14816578735805444,-0.5816870917495729,-0.7298528791076274,0.5375540862100805,-0.25332239031396264,-0.7908858811180064
203476,Gorgui Dieng,9,2014,2022,24,32,True,49405.0,0.145676166379921,-0.9236469588098372,-1.069463920655804,0.3798110654157556,-0.7354779511976908,-1.1154351000202427
201145,Jeff Green,16,2008,2024,21,37,True,139857.0,0.14335692171289247,-0.020176737667760642,-0.16365469014779377,1.4575923774900446,1.0393216219416803,-0.41842204455764176
203918,Rodney Hood,8,2015,2022,22,29,True,46209.0,0.13541799216602823,-0.24049172239174182,-0.3760790538639659,0.6277000259395765,0.11322473537593059,-0.5146537299677166
203463,Ben McLemore,8,2014,2022,21,29,True,50956.0,0.13017277651307016,-0.061981748959887006,-0.1924069393201979,1.043876961310338,0.6117263020310095,-0.43241988331737735
2574,Jason Kapono,7,2004,2010,23,29,True,34133.0,0.12851844256291575,-0.629387249875487,-0.7578574986083849,0.33512380786985946,-0.4770275914652969,-0.8121072451997771
201962,Toney Douglas,7,2010,2017,24,31,True,29668.0,0.12646899015774582,0.11978475124713493,-0.006233450182014298,0.4081837172376533,0.33772133806390336,-0.07001760934641475
202714,Shelvin Mack,8,2012,2019,22,29,True,33950.0,0.12469917525773218,-0.7103505154639176,-0.8348938144329896,0.4778620706198845,-0.4498671776534058,-0.9275801296642188
1627777,Georges Niang,6,2019,2024,26,31,True,33900.0,0.11929772861356931,0.15601766961651914,0.03694053097345126,0.4361586033197244,0.4410491052748102,0.005102893053285523
202323,Evan Turner,9,2011,2019,22,30,True,79630.0,0.11647153083008913,-0.5711440788647495,-0.6877472937335175,0.5434621565887747,-0.252609566451713,-0.7962117305953995
201196,Ramon Sessions,11,2008,2018,22,32,True,65590.0,0.11166604665345328,0.23290469583778012,0.12111134319255988,0.519273134323678,0.5475517093941235,0.028142781793541388
101155,Ryan Gomes,7,2006,2012,23,29,True,51708.0,0.09241933549934257,0.08171058636961394,-0.010708749129728428,0.36014042662250917,0.2716426674925734,-0.08850273575624927
1628975,Jevon Carter,6,2019,2024,23,28,True,25295.0,0.09153706266060493,-1.234404348685511,-1.3263648942478752,0.3194163414282039,-1.0730919113974613,-1.3929359486837045
201158,Marco Belinelli,12,2009,2020,23,34,True,81271.0,0.08609711951372565,0.2725671641791044,0.18621721155147591,0.74844732358768,0.8248889953674649,0.07617283475996443
200770,Jordan Farmar,9,2007,2016,20,29,True,42450.0,0.082272320376914,-0.919424640753828,-1.0017965842167256,1.323369195514313,-0.005669832168042624,-1.3291611059988329
1628373,Frank Ntilikina,5,2018,2023,19,24,True,21138.0,0.07510932917021476,-1.5143425584255843,-1.5899540164632413,2.6436743993948792,0.4004186813537634,-2.24380301087874
137,Vernon Maxwell,5,1997,2001,31,35,True,21111.0,0.0721020321159584,-0.9921298375254608,-1.0642318696414192,1.7438223469624674,0.42374392079992673,-1.3201204706399683
202325,Wesley Johnson,9,2011,2019,23,31,True,54729.0,0.07082117341811467,-0.723121270258912,-0.79417190155128,0.4111721955045882,-0.4627894451758794,-0.8741980867701774
219,Vinny Del Negro,5,1997,2001,30,34,True,28123.0,0.06756050208014795,0.3563431355118585,0.28904348753689146,1.2155082558616257,1.3417009553958912,0.12642453709317775
1626163,Frank Kaminsky,6,2016,2021,23,28,True,32102.0,0.0658425331755031,0.09980032396735414,0.03418902249081053,0.5033353361145481,0.40868377967636293,-0.09442833962178854
1626168,Trey Lyles,8,2016,2024,20,28,True,41889.0,0.059799804244551114,-0.553665091074029,-0.6133325455370146,1.0759706744692072,0.19479763316099213,-0.8810590096804323
201967,Dante Cunningham,10,2010,2019,23,32,True,58911.0,0.059781670655734996,-0.4748685474699123,-0.5345411553020659,0.4421363927177939,-0.16095702275584456,-0.6029931744946744
2260,Jarron Collins,7,2002,2008,23,29,True,29934.0,0.05740936727467092,-2.18086550410904,-2.2384818266853745,0.3581265579035492,-1.962892931461534,-2.321232137979318
1629014,Anfernee Simons,5,2020,2024,21,25,True,33098.0,0.05328645235361659,0.6946326968396882,0.6411559610852621,1.1149893117235934,1.4645761881784558,0.3493773276427021
1065,Erick Strickland,9,1997,2005,23,31,True,40155.0,0.029940505541028617,-1.4067086041588845,-1.436649109699913,0.34087813682197615,-1.1619687885768788,-1.502853623632926
209,Dell Curry,6,1997,2002,33,38,True,27596.0,0.029018335990723326,-0.4476276271923467,-0.47693082330772574,3.4509771117660564,2.3884484056735804,-1.062899188458561
2230,Maurice Evans,7,2005,2011,26,32,True,43538.0,0.02409672010657364,-0.42897597501033574,-0.4530726951169094,0.42540376827296955,-0.07517558746077008,-0.500589608012721
201563,Michael Beasley,10,2009,2018,20,29,True,54666.0,0.012699026817400278,-0.4293495042622471,-0.44197695093842604,1.2888745569703475,0.5174686830664379,-0.7713574757836684
203459,Allen Crabbe,6,2015,2020,23,28,True,38457.0,0.008137764256182175,0.1615693371817874,0.15375003250383548,0.3070710822988546,0.36827123776087545,0.06151319656913152
101127,Jarrett Jack,12,2006,2018,22,34,True,94572.0,0.005637958380916043,-0.17294901239267438,-0.1783715793258047,0.6423900803303533,0.33510769506139765,-0.30708115160383903
1628365,Markelle Fultz,5,2019,2024,21,26,True,23259.0,-0.003160926953007447,-0.8089435917279332,-0.8057826647749259,0.8920599473670145,-0.1611568883208193,-1.0532330468049802
2035,DerMarr Johnson,5,2001,2007,21,27,True,22455.0,-0.004787129815185963,-1.5010514362057448,-1.4962629703852148,1.0380748019480524,-0.7393412891642176,-1.7774335905255132
1499,Tony Battie,12,1998,2011,22,35,True,68505.0,-0.01041637836654253,-2.000335070432815,-1.9901314356616309,0.5999913158710777,-1.5104447553428284,-2.11066246670426
2211,Troy Murphy,11,2002,2012,22,32,True,77788.0,-0.011413161413071388,0.07258834267496271,0.08422806859669871,0.4449223035377008,0.42776626868638334,-0.01693900517615345
761,Matt Geiger,5,1997,2001,27,31,True,25817.0,-0.012755509935313875,-0.906983886586358,-0.8944766626641361,0.22166122196577112,-0.690137403939224,-0.912053118678471
920,A.C. Green,5,1997,2001,33,37,True,36701.0,-0.01278777145036919,-1.8432864772077053,-1.8305484046756222,3.0754981457895876,0.7249874194527077,-2.350637756382494
200745,Andrea Bargnani,10,2007,2016,21,30,True,61439.0,-0.01865809990396978,0.5547194941323914,0.5731532902553752,0.7466640085786268,1.1152160737384247,0.3683136056835732
953,Lorenzen Wright,11,1997,2007,21,31,True,70092.0,-0.020799477829138865,-1.0565566255778118,-1.035824787422245,0.6417629817340774,-0.5536062258412239,-1.1954497444194747
1626158,Richaun Holmes,8,2016,2024,22,30,True,34893.0,-0.021896770125813144,-1.0171434958301093,-0.995246725704296,0.3755701623624272,-0.7265843850992038,-1.102162069525918
101133,Ian Mahinmi,10,2011,2020,24,33,True,42914.0,-0.030848860511721244,-2.140056065619611,-2.1091118982150348,0.38583835363203084,-1.7881624084354528,-2.1739156197999376
201171,Carl Landry,8,2008,2016,24,32,True,46196.0,-0.03330125984933765,-0.19995443328426707,-0.16671949952376827,0.23474315492589445,0.01886433634050481,-0.21595134438007724
203585,Rodney McGruder,5,2017,2023,25,31,True,23243.0,-0.035836122703609655,-0.5673381663296476,-0.531502043626038,0.19020937161129636,-0.38402918068168157,-0.5742437165344891
441,Lamond Murray,9,1997,2006,24,33,True,54790.0,-0.04000383281620729,-0.24790662529658697,-0.2076452454827523,0.30317797024882315,0.03183816628921449,-0.27109023707113195
2756,Sasha Vujacic,9,2005,2017,21,33,True,37905.0,-0.04595966231367895,-0.17347605856747128,-0.1274496240601504,0.7266455150575797,0.4083340416773801,-0.31826010940383215
101128,Francisco Garcia,9,2006,2014,24,32,True,46689.0,-0.05035430186981939,-0.8348504572811583,-0.7845590396024759,0.3082003030425056,-0.5411400831085564,-0.8494116207594112
1629004,Svi Mykhailiuk,6,2019,2024,22,27,True,19027.0,-0.058511431124191916,-0.8100292216324171,-0.7514305460661166,0.5720329172706581,-0.3616263603971753,-0.9335835288400622
2038,Joel Przybilla,10,2002,2012,22,32,True,41148.0,-0.07244886750267339,-2.3784775930786433,-2.30627367065228,0.3487417788517378,-2.0478365876683062,-2.396832189225544
203488,Mike Muscala,10,2015,2024,23,33,True,34296.0,-0.07358942733846517,-1.0997422148355493,-1.0261176522043387,0.3595543988282012,-0.7504079074079605,-1.109937036901479
2679,Matt Carroll,7,2005,2012,24,31,True,28282.0,-0.07925058340994284,-0.2506673856162932,-0.1714346580864154,0.11907406805675809,-0.09682019042650765,-0.21591641143826265
2306,Carlos Arroyo,7,2004,2011,24,31,True,38047.0,-0.08257436854416908,-1.054496990564302,-0.9712412542381793,0.24132908872745057,-0.7972889569226379,-1.0379438323652845
1901,Dion Glover,5,2000,2004,21,25,True,23391.0,-0.0873225172074729,-1.4767648240776368,-1.3894423068701638,0.7600385214059017,-0.868326411319885,-1.6283803390844072
2048,Jamaal Magloire,8,2001,2009,23,31,True,53095.0,-0.08744544684056875,-1.0382088143893022,-0.9507158112816648,0.199586203031776,-0.8231434220291043,-1.0226878477005332
201949,James Johnson,13,2010,2022,23,35,True,61648.0,-0.09029929600311451,-1.3063354853361016,-1.2159804211004412,0.7906864687677515,-0.5712848221793199,-1.361937019144294
101179,Ronnie Price,9,2007,2016,24,33,True,26563.0,-0.09325648458381963,-1.9937295109739113,-1.9004730263900915,0.5557213339818243,-1.4508893096665398,-2.0066264673729712
202734,E'Twaun Moore,9,2013,2021,24,32,True,50985.0,-0.09443632440913992,-0.5638228106305776,-0.46918623124448366,0.22488528628911864,-0.297243820652208,-0.5219363513339111
203516,James Ennis III,6,2015,2021,24,30,True,32339.0,-0.09991848851232267,-0.5034460867682983,-0.40333291072698596,0.07856370963971937,-0.3564543484077516,-0.43482743041033695
202336,Larry Sanders,5,2011,2015,22,26,True,18338.0,-0.10121354564292712,-3.024108845021267,-2.9228952993783404,0.597895854636667,-2.526320410065856,-3.124228996005352
2067,Eddie House,11,2001,2011,23,33,True,49347.0,-0.11718434757938678,-0.8544539688329584,-0.7370841591180821,0.44082968563002844,-0.3896515652773225,-0.8303091022811666
201589,Darrell Arthur,8,2009,2017,21,29,True,35840.0,-0.11726174665178582,-2.375990904017857,-2.2584501953125002,0.5549400183950368,-1.880659663795168,-2.435333107682109
2549,Chris Kaman,12,2004,2015,22,33,True,75815.0,-0.12399100441865067,-1.6161285365692806,-1.4921375321506296,0.4932388449742657,-1.1322645303024388,-1.6255166489541917
2400,Drew Gooden,12,2003,2015,21,33,True,79783.0,-0.12575829437348812,-0.58319139415665,-0.45721301530401215,0.639851157805514,-0.004831613770588234,-0.6444777769355409
1731,Tyronn Lue,9,2001,2009,24,32,True,46075.0,-0.12795813347802504,-0.170187303309821,-0.042006771568095486,0.12115359410391643,0.03755120900083774,-0.08338588157202925
962,Walter McCarty,8,1998,2005,24,31,True,41115.0,-0.13493919494101908,-0.9891135352061291,-0.8546472090477928,0.21297558517247242,-0.7043534044881656,-0.9178097810981778
203382,Aron Baynes,8,2014,2021,27,34,True,35889.0,-0.14056008804926304,-1.9815945554348124,-1.8411628075454873,0.7205131807483084,-1.239669635845697,-1.9603329940439422
344,Dana Barros,6,1997,2002,30,35,True,24799.0,-0.1491856526472842,-1.0048432194846566,-0.8556575668373724,1.3717373814491216,0.28704860351717326,-1.0847270711632837
2205,DeSagana Diop,6,2003,2009,21,27,True,28078.0,-0.15238271956692082,-2.0922347033264477,-1.9402013676187766,0.5000037424270061,-1.623069818098824,-2.123434704308726
1504,Danny Fortson,6,1998,2005,22,29,True,31162.0,-0.1539929080290097,-0.5500037224825107,-0.39608834477889737,0.4687804637475251,-0.09429906760202207,-0.5631686710446767
202397,Ish Smith,13,2011,2024,22,35,True,63098.0,-0.15690294462582013,-0.5465472122729721,-0.3897148879520746,0.5289949444966763,0.030605006945882595,-0.49847735931576215
101111,Charlie Villanueva,9,2006,2016,21,31,True,50953.0,-0.1635563362314291,0.5528260553843738,0.7168177928679371,0.6858664887711394,1.18148086864457,0.49603384789010724
202066,Garrett Temple,10,2013,2022,27,36,True,58154.0,-0.16635074113560538,-1.3119203666127868,-1.1459301337827146,1.380686062212078,-0.006111562941769057,-1.3871970531853584
203920,Khem Birch,5,2018,2022,25,29,True,19842.0,-0.16703608507206938,-1.0570238383227495,-0.8901969055538757,-0.07438368864624594,-0.9777694549817012,-0.9035971136872162
2804,Andres Nocioni,7,2005,2011,25,31,True,49052.0,-0.17600477044768822,-0.36643733181113897,-0.19043988012721194,0.028204296321759015,-0.19478430232099325,-0.22300077501364138
1563,Kevin Ollie,8,1998,2009,25,36,True,35104.0,-0.20214927073837732,-1.6435672572926163,-1.4413481369644485,0.865007983082169,-0.7363969856222592,-1.601362029633253
203148,Brian Roberts,5,2013,2017,27,31,True,19885.0,-0.20903957757103347,-0.7623821976364095,-0.5533426200653758,-0.04032151773679172,-0.6041337972116491,-0.5638168000639814
101131,Jason Maxiell,9,2007,2015,24,32,True,43702.0,-0.2240424236877031,-0.7339081048922246,-0.5100291062193949,0.10890416543194925,-0.4607474270402141,-0.5698227496464409
1629012,Collin Sexton,5,2019,2024,20,25,True,41083.0,-0.22785524426161682,1.825863933987294,2.0536019521456566,1.4653986707560704,3.075530343565358,1.6099841527009202
1627854,Bryn Forbes,5,2018,2022,24,28,True,35194.0,-0.23165749843723363,0.05103287492186168,0.2826903733590953,-0.037883799471902145,0.1846130174365649,0.22249327111484735
201202,Joel Anthony,7,2008,2015,25,32,True,28847.0,-0.2330700939439109,-2.1389462335771485,-1.9061363746663431,-0.052406326790261436,-1.9799843398368653,-1.9278427886474025
203090,Maurice Harkless,10,2013,2022,20,29,True,59486.0,-0.24353567225901893,-0.8332988266146654,-0.5897343240426319,0.7489462756818905,-0.10221205481992125,-0.8511474239314973
1627752,Taurean Prince,8,2017,2024,23,30,True,53197.0,-0.25219745474368843,-0.35533208639584946,-0.10303791567193638,0.08648310007125883,-0.09654891468288304,-0.18294226904076555
2198,Kwame Brown,10,2002,2011,20,29,True,50228.0,-0.26540551087043085,-1.530862447240583,-1.2655052759417058,0.7000022332065052,-0.8185485250453196,-1.518616762993083
146,Jud Buechler,6,1997,2002,29,34,True,18388.0,-0.2657000761366109,-1.5695121818577331,-1.3039747117685447,0.8426957682550268,-0.6185057830376943,-1.4613921894409456
2742,Sebastian Telfair,9,2005,2013,20,28,True,45299.0,-0.26726404556391975,-0.8320190511931831,-0.5646359963796111,0.8716637997975271,0.004111016785478585,-0.8674543328556479
1628963,Marvin Bagley III,5,2019,2024,20,25,True,24286.0,-0.26734917236267813,-0.8734945235938402,-0.6061453512311621,1.195151953447839,0.20108144856112345,-0.9940966971856073
202344,Trevor Booker,8,2011,2018,23,30,True,43118.0,-0.2678268240641959,-0.7075938587132984,-0.43995690894753925,0.009926681014091067,-0.49176325964861917,-0.5018856247607044
2566,Travis Outlaw,10,2005,2014,20,29,True,49392.0,-0.26798837868480724,-0.3594049036281179,-0.09147584629089732,0.6040692647529129,0.2794553370439168,-0.324689147283171
201585,Kosta Koufos,10,2009,2019,20,30,True,44785.0,-0.2711571285028469,-1.5605876744445686,-1.2891921178966173,0.1922883996160627,-1.2154937089213673,-1.4075524642741277
201571,D.J. Augustin,14,2009,2022,21,34,True,91558.0,-0.2788969287227769,-0.4006969025098845,-0.12181586535310955,0.5616771365470608,0.2654378851988163,-0.29627334580471026
203210,JaMychal Green,8,2016,2023,26,33,True,46679.0,-0.2819739497418539,-0.6371771888857946,-0.3549124017224019,0.17143413651682626,-0.24308461380292123,-0.41423940813283644
2501,Reggie Evans,12,2003,2015,23,35,True,60230.0,-0.2841796945043997,-1.7803149593225964,-1.495935513863523,0.5450159364997764,-1.1012869392029927,-1.6461228546552047
3,Grant Long,7,1997,2003,31,37,True,31548.0,-0.28555337897806526,-2.6663515595283376,-2.380963611005452,2.343581254322788,-0.47205765010196493,-2.815870236090268
2410,Fred Jones,6,2004,2009,25,30,True,40556.0,-0.2886698638919026,-0.8759946247164415,-0.5872876516421737,-0.13365160109675436,-0.7477295638286752,-0.6140444499494971
458,Howard Eisley,10,1997,2006,24,33,True,58929.0,-0.2913479441361639,-0.5448238049177824,-0.2536985015866551,0.10572405756868333,-0.21308954814858747,-0.3190457455843209
201961,Wayne Ellington,13,2010,2022,22,34,True,64548.0,-0.30913737063890434,-0.8825156472702484,-0.5731560234244283,0.3879279942267814,-0.3183524532680988,-0.7060740084250899
101123,Gerald Green,10,2007,2019,21,33,True,51772.0,-0.32872427180715436,-0.5899193965850266,-0.26119259445259985,0.4681748615472783,0.06009001738274152,-0.40810017429479656
201,Chris Dudley,5,1997,2001,32,36,True,18191.0,-0.33069952174152056,-2.612213292287395,-2.2815137705458746,1.8133425678574222,-0.8103953890101865,-2.6237917573141836
202713,Kyle Singler,5,2013,2017,25,29,True,30515.0,-0.34002290676716374,-0.8187821399311813,-0.47875923316401775,-0.22944847073548982,-0.7423651809123967,-0.5129187847550261
1629162,Jordan McLaughlin,5,2020,2024,24,28,True,16414.0,-0.35453247227976115,-1.622174302424759,-1.2679843426343365,-0.1783162244730519,-1.5012359165496933,-1.3232654188902155
2446,Rasual Butler,13,2003,2016,24,37,True,66553.0,-0.36280607936531784,-1.30444229411146,-0.9416364701816596,0.5636826785296603,-0.5303855354922731,-1.0940913957985516
1714,Robert Traylor,7,1999,2005,22,28,True,24327.0,-0.3643201792247297,-1.2532179882435155,-0.8889619764048178,0.055848689516626096,-0.9503272750710351,-1.0062478838535882
179,Bryant Stith,6,1997,2002,26,31,True,28826.0,-0.365349545549157,-1.334822347880386,-0.9694728023312287,-0.10952496840363023,-1.1077527647231482,-0.998234301878626
1628372,Dennis Smith Jr.,7,2018,2024,20,26,True,30942.0,-0.36554340378773187,-1.921087906405533,-1.5554124167797814,1.1634788371977831,-0.7929336578998678,-1.9563076742548706
201161,Daequan Cook,6,2008,2013,21,26,True,24330.0,-0.38725495273325117,-0.9891427455815865,-0.6017646937936704,0.7984799642391414,-0.1244104974316943,-0.9227888523991782
178,Olden Polynice,5,1997,2001,32,36,True,36180.0,-0.39868651188501936,-1.5798455500276398,-1.1816380873410726,2.0223494437948166,0.44711623841538434,-1.5757729624203058
2457,Jannero Pargo,9,2003,2013,23,33,True,29198.0,-0.40107709432152894,-1.582217823138571,-1.1811199054729773,0.014080414030923121,-1.2418112700262571,-1.2558805459430125
201946,Tyler Hansbrough,6,2010,2015,24,29,True,28823.0,-0.40152950768483514,-1.285781147000659,-0.8846288033861847,-0.2533217569607101,-1.176643065622503,-0.9237014279124506
1032,Darvin Ham,6,1998,2004,24,30,True,18837.0,-0.40224197058979666,-2.7163621064925416,-2.3142558793863146,-0.22030321429063618,-2.5665113379847386,-2.346347996075383
1628370,Malik Monk,7,2018,2024,20,26,True,41669.0,-0.40936235570808055,0.05600657563176471,0.4658724951402721,0.5733404479687385,0.7706732666243874,0.19781872933344494
203145,Kent Bazemore,9,2014,2022,24,32,True,58013.0,-0.4151716856566632,-1.6122159171220245,-1.1969340320273039,-0.12641185526642368,-1.3712917245729377,-1.2447765075582669
1628977,Hamidou Diallo,5,2019,2023,20,24,True,20431.0,-0.4219902598991729,-1.614052273505947,-1.192615192599481,1.0791682873956014,-0.5130777490195609,-1.5928263477335238
203503,Tony Snell,9,2014,2022,22,30,True,54235.0,-0.4249537936756707,-1.0073737254540427,-0.5826440490458191,-0.02278824273853321,-0.7110871795072772,-0.6885307626805894
1629048,Goga Bitadze,5,2020,2024,20,24,True,13194.0,-0.4325488100651812,-1.3370353190844322,-0.9049668030923147,1.1170637226919446,-0.1986878141112794,-1.3162597530816007
922,Elden Campbell,9,1997,2005,28,36,True,60985.0,-0.44111411002705586,-1.4142698040501764,-0.9733941461015003,0.6560086145267598,-0.4771651929819431,-1.133439997108922
1627823,Juancho Hernangomez,6,2017,2023,21,27,True,20787.0,-0.44496877856352524,-0.8122838312406794,-0.3670140472410642,0.3418272070471958,-0.24429238401571504,-0.5858328360404915
958,Vitaly Potapenko,7,1997,2004,22,29,True,39685.0,-0.45604147662844907,-2.0445831926420563,-1.588739221368275,0.006865073470960606,-1.7097473117697375,-1.716818515795578
2743,Kris Humphries,12,2005,2017,20,32,True,53774.0,-0.4589630118644697,-1.071639175066017,-0.6126084538996541,0.18018067208456173,-0.5749545555754348,-0.7550804008863866
201580,JaVale McGee,11,2009,2022,21,34,True,57068.0,-0.46558801780332243,-0.46165725099880844,0.0039417186514334,0.6209471998677684,0.40067049942113986,-0.2202895751096956
1627761,DeAndre' Bembry,5,2018,2022,23,27,True,22219.0,-0.46684256717224004,-1.2283611773707188,-0.7615186101984787,-0.11590812816612117,-0.9854223503947716,-0.86952056935727
63,Michael Smith,5,1997,2001,25,29,True,28117.0,-0.46731265782266956,-0.7766635843084254,-0.309127574065512,-0.32178144643817985,-0.6652985008502756,-0.34329675358579814
200748,Tyrus Thomas,6,2007,2012,20,25,True,30605.0,-0.47729933017480813,-2.1161410553831073,-1.639144682241464,1.0429242434241763,-0.9995157113024558,-2.0427703144902765
1505,Tariq Abdul-Wahad,5,1998,2002,23,27,True,18912.0,-0.4869006450930626,-1.6360777813028766,-1.1488899111675128,-0.03469040629592628,-1.3207797396977001,-1.2858103102274983
2562,Sasha Pavlovic,9,2004,2013,20,29,True,35191.0,-0.4906104970020745,-2.3766282003921457,-1.8861011622289792,0.5562454188598571,-1.608420044737764,-2.1647678910925467
93,Hubert Davis,6,1997,2002,27,32,True,34673.0,-0.5191076918639864,0.17177299339543733,0.6908806852594238,-0.0780195618397666,0.5644643760278923,0.6424725581993188
201573,Jerryd Bayless,10,2009,2019,20,30,True,49784.0,-0.520491824682629,-0.4860822151695324,0.03419793507954369,0.27043914170023914,0.09712470374578797,-0.17354066954414946
1425,Aaron Williams,9,1997,2006,25,34,True,45040.0,-0.54243756660746,-1.5707746003552396,-1.0284047291296625,0.033763962318915534,-1.0710877490967596,-1.1049339918153525
1628021,David Nwaba,5,2017,2022,24,29,True,17668.0,-0.5431453475209419,-0.8000590332805072,-0.25627982793751414,-0.3436191489662193,-0.6562857363723825,-0.3120366087595402
203124,Kyle O'Quinn,7,2013,2019,23,29,True,25263.0,-0.5606873688793887,-1.1894259589122433,-0.6288987847840718,-0.2969115083652724,-0.9980455621172806,-0.7012992701725351
1533,Anthony Johnson,13,1998,2010,23,35,True,64020.0,-0.5643161668228679,-1.5564704779756326,-0.991792658544205,0.3818269482806055,-0.7725805442123915,-1.1540685064512277
1720,Michael Doleac,9,1999,2007,22,30,True,33585.0,-0.5708983772517496,-1.7866623492630638,-1.2159105850826262,-0.0981401036434375,-1.4378603634578042,-1.3398759182644298
204020,Tyler Johnson,7,2015,2021,23,29,True,35843.0,-0.5755957648634323,-1.4106518148592473,-0.8354731746784588,-0.3557537188070418,-1.2544504855250307,-0.8991180262554122
202334,Ed Davis,9,2011,2019,22,30,True,51826.0,-0.5781822830239648,-1.0627520549531124,-0.48473623277891403,-0.11118336474697735,-0.7120518049845483,-0.6010440416573553
1853,Anthony Carter,10,2000,2011,25,36,True,48270.0,-0.5897794489330848,-2.0341203646157027,-1.4442957737725293,0.6383595561791854,-1.0115567949022835,-1.6499016449596382
417,Sam Mitchell,6,1997,2002,33,38,True,34439.0,-0.5950798513313396,-0.7588062661517465,-0.16364156915125294,2.6217586672271675,1.9125590027341055,-0.7091953371991817
2239,Trenton Hassell,9,2002,2010,23,31,True,62868.0,-0.6003906597951263,-1.5217016447159126,-0.9213924253992493,-0.2507540157206184,-1.2571426256493852,-1.0064771636713283
1626195,Willy Hernangomez,7,2017,2023,23,29,True,21257.0,-0.602653761113986,-0.9421772592557747,-0.33916935597685466,-0.22917306008943808,-0.6704502703532883,-0.4409301331976652
1626162,Kelly Oubre Jr.,9,2016,2024,20,28,True,66459.0,-0.6112611986337442,-0.7629194841932619,-0.15163294662874852,0.21538320491512394,-0.15859800952312034,-0.3739708781725611
200769,Shannon Brown,5,2009,2013,23,27,True,28006.0,-0.6133590302078126,-1.306598443190745,-0.693238413197172,-0.28043648715030695,-1.0765712146309667,-0.796139735529728
690,Don Reid,6,1997,2002,23,28,True,16938.0,-0.6319592041563348,-2.2854070138150906,-1.6536638328019835,-0.33776071232111865,-2.0775069205782275,-1.7399676647111286
2584,Willie Green,11,2004,2015,22,33,True,57310.0,-0.6373927586808587,-1.576855295759902,-0.9396380910835805,-0.13388036653709126,-1.1693111142306654,-1.0356177063053276
201575,Brandon Rush,7,2009,2017,23,31,True,41375.0,-0.6375920966767371,-0.42373943202416914,0.21333875528700913,-0.14204088847371046,-0.052277194288426095,0.08923980125504874
2243,Brian Scalabrine,8,2003,2010,25,32,True,24986.0,-0.64163523573201,-2.0314416073000885,-1.3899198751300728,-0.3536343534042328,-1.7846187572487178,-1.4311050036349304
1924,Lee Nailon,5,2001,2005,26,30,True,21272.0,-0.6537530086498684,-1.336633508837909,-0.6828086686724332,-0.4699524472975996,-1.1693324863343362,-0.6993129845837548
1531,Marc Jackson,7,2001,2007,26,32,True,29738.0,-0.6571760710202434,-1.4791230075997042,-0.8218189185553838,-0.24379196509313653,-1.1170632715826823,-0.8731537755138004
2429,Dan Gadzuric,9,2003,2011,25,33,True,30246.0,-0.6598311842888316,-1.9929064008463928,-1.3331418369371155,-0.304614091039106,-1.690629918323806,-1.3860912178698679
2484,Devin Brown,7,2004,2010,25,31,True,34657.0,-0.6874104509911417,-1.6902182531667485,-1.0031889661540239,-0.47433059303377767,-1.5040428242706054,-1.0300987052787691
1629642,Nassir Little,5,2020,2024,20,24,True,15257.0,-0.7060250376876188,-1.1801121452448058,-0.47391446549124994,0.934127949134251,0.026115681810926265,-0.9078692132956918
2416,Kareem Rush,5,2003,2008,22,27,True,23740.0,-0.7090807919123843,-1.1877458719460825,-0.47857005054759894,-0.09087492617931292,-0.7447706695618271,-0.6538119992323225
1626224,Cedi Osman,7,2018,2024,23,29,True,44614.0,-0.7157212085892322,-0.0835062760568431,0.6326111534495897,-0.4414071634069783,0.11534407422167217,0.5571422043018401
203926,Doug McDermott,9,2016,2024,24,32,True,53993.0,-0.7308162169170077,-0.18015281610579154,0.5505659807752857,-0.3716255671116314,0.11463747131950505,0.48615728336347075
202337,Luke Babbitt,7,2012,2018,23,29,True,20375.0,-0.7340247852760736,-1.2464649815950921,-0.5127501349693251,-0.4864517009149562,-1.0624261335898928,-0.5762892272161889
203473,Dewayne Dedmon,9,2014,2023,24,33,True,35923.0,-0.7353378893744954,-1.993473123068786,-1.258263285360354,-0.34623961890247085,-1.6623080942253148,-1.3162060966141895
2063,Jake Voskuhl,6,2002,2008,24,30,True,22422.0,-0.752970832218357,-2.5078139773436803,-1.7550254660601194,-0.5311161000679706,-2.3395025436888117,-1.808573345906875
1627884,Derrick Jones Jr.,7,2017,2024,20,27,True,33500.0,-0.7622444477611939,-2.039230328358209,-1.2770963880597015,-0.03219743663513266,-1.510569348119912,-1.4784956001278657
200811,Lou Amundson,5,2009,2015,26,32,True,19083.0,-0.7624306450767699,-2.2399103914478857,-1.4777603626264213,-0.47651725315848215,-1.993619434833948,-1.5173899680164165
201160,Jason Smith,9,2008,2017,22,31,True,37763.0,-0.7632670338691313,-1.1961140799194978,-0.43282067102719585,-0.3057468220954256,-0.8314839499742016,-0.5257205997441252
1628380,Zach Collins,5,2018,2024,20,26,True,25640.0,-0.7662254290171605,-1.330057488299532,-0.5640054602184087,0.45673560617558157,-0.4310444947206601,-0.8879752785826324
202348,Jordan Crawford,5,2011,2017,22,28,True,26917.0,-0.7666505925623213,-0.32299784522792285,0.4439358769550841,-0.06915778579458629,0.1754405037847595,0.24486866277784633
2413,Juan Dixon,7,2003,2009,24,30,True,33441.0,-0.7751766992613858,-0.9462714930773601,-0.1710956012080978,-0.6147907803917501,-0.8203613989222458,-0.20557488521190073
203092,Tyler Zeller,6,2013,2018,23,28,True,29448.0,-0.7982138005976638,-1.5580319206737299,-0.759905358598207,-0.37970140046499007,-1.2606441958505459,-0.8810377410049673
718,Gary Trent,6,1997,2004,22,29,True,31134.0,-0.8083771118391468,-0.7091782295882315,0.09952071690113701,-0.14590744140635328,-0.22039747176373178,-0.07418063093575611
1628425,Sterling Brown,5,2018,2022,23,27,True,19383.0,-0.8098635918072538,-1.7993378218026106,-0.9894742299953567,-0.4367662625511626,-1.540105831457541,-1.1033463122370437
2031,Stromile Swift,8,2001,2008,21,28,True,40950.0,-0.8203789499389499,-1.7514998778998778,-0.9310681074481073,-0.02484958139942642,-1.1735130920162866,-1.1486251646675785
202720,Jon Leuer,6,2012,2019,23,30,True,22517.0,-0.8264495714349157,-1.6708619265443887,-0.8447545410134565,-0.645293962206801,-1.5311104863264782,-0.8861624419078927
2054,Jake Tsakalidis,5,2001,2006,22,27,True,16925.0,-0.8537666765140323,-3.1004922895125557,-2.2467256129985227,-0.03973777606011181,-2.5136017028403534,-2.473878811694635
201150,Spencer Hawes,10,2008,2017,20,29,True,62854.0,-0.8611082508670886,-1.2653599770897637,-0.4043931969325739,0.026394669300174648,-0.6137352453808571,-0.6402874880032107
101121,Joey Graham,5,2006,2011,24,29,True,22960.0,-0.8844950783972124,-1.7482834494773518,-0.8640485627177701,-0.650402654683237,-1.5795858816482085,-0.9294479037317146
203943,Noah Vonleh,5,2016,2020,20,24,True,22422.0,-0.8924667291053427,-1.9761818303451968,-1.0839593702613504,0.8880783902223699,-0.6632703373352593,-1.5516250251760642
1742,Shammond Williams,6,2000,2007,25,32,True,21368.0,-0.9174007394234369,-1.8351381973043803,-0.9176361849494571,-0.7369149714270871,-1.6831049980893455,-0.9460930944443974
1744,Jerome James,5,2002,2006,26,30,True,17669.0,-0.968059595902428,-3.6460039617409024,-2.6777308280038485,-0.8442420235998358,-3.5324360659583967,-2.6879837130110196
1134,Ike Austin,5,1997,2001,27,31,True,29331.0,-0.9807336265384747,-1.733935938085984,-0.7530567999727251,-0.7797089748144185,-1.548469376112382,-0.7686202064729001
203086,Meyers Leonard,7,2013,2020,21,28,True,28719.0,-0.9869272258783385,-1.6080214840349594,-0.621164385946586,-0.26338856060855176,-1.0806971302427772,-0.8173918934898904
1627789,Timothe Luwawu-Cabarrot,6,2017,2022,22,27,True,22840.0,-0.9903526269702277,-1.7089179509632224,-0.7187615586690018,-0.37767215068614174,-1.2705811790007346,-0.8931163924988751
969,Travis Knight,5,1997,2002,22,27,True,16211.0,-0.9915491333045463,-1.8647621368206773,-0.8734308802664859,-0.07152142666195387,-1.2003013464159238,-1.1290146180357712
42,Monty Williams,5,1997,2002,25,30,True,26247.0,-0.9961545319465078,-1.7544307920905249,-0.7580740656074979,-0.8016215821860325,-1.5899945254530297,-0.7881753663968746
1629675,Naz Reid,5,2020,2024,20,24,True,26591.0,-0.9984499266669173,-2.0042930314768155,-1.0062635854236397,0.4095322378808175,-0.9736073870982407,-1.3835855677596136
1629022,Lonnie Walker IV,5,2020,2024,21,25,True,27286.0,-1.012461445429891,-0.6832901854430844,0.32909231840504294,0.08759393526854035,0.11492560486607693,0.027232725065583246
2052,DeShawn Stevenson,12,2002,2013,21,32,True,71227.0,-1.0349622053434793,-1.1941923708705966,-0.15902515899869432,-0.46282583973327573,-0.7559484247233706,-0.2929291910192345
1628972,Troy Brown Jr.,6,2019,2024,19,24,True,28930.0,-1.0380302454199792,-0.5305466297960595,0.507515036294504,0.9418925111232274,0.9352684476053528,-0.006627883920535702
679,Jason Caffey,6,1997,2003,24,30,True,33214.0,-1.03894914794966,-1.5428239898837839,-0.503874841934124,-0.8357960710555989,-1.3901481951324424,-0.5543562561747593
2078,Jason Hart,5,2004,2008,26,30,True,18792.0,-1.0665527884206043,-2.5579560451255854,-1.4913588229033632,-0.9612673362050296,-2.4618330301413596,-1.5005239865446756
1548,Mark Blount,8,2001,2008,25,32,True,53812.0,-1.0708949676652049,-1.8781726009068613,-0.8071994722366758,-0.6684970817007644,-1.5256013131097272,-0.8570362558636521
2058,Mark Madsen,7,2001,2007,25,31,True,20711.0,-1.0869605523634784,-2.2781941963207957,-1.1913889237603206,-0.8942162209295614,-2.1122104531436343,-1.2181542240887773
1626169,Stanley Johnson,7,2016,2023,20,27,True,35698.0,-1.1068338842512186,-1.8371258053672472,-0.7303458176928679,0.3419229631175531,-0.7697973183420486,-1.1118001541786289
1629021,Moritz Wagner,6,2019,2024,22,27,True,23031.0,-1.1112446268073466,-1.4279273153575613,-0.3167413051973427,-0.6903744986801187,-1.130323509098642,-0.440015256322942
2545,Darko Milicic,7,2006,2012,21,27,True,32198.0,-1.1236664699670789,-2.6199807130877697,-1.4967241754146223,-0.2545568800857929,-1.9910422780394852,-1.7369111117625273
2411,Bostjan Nachbar,5,2004,2008,23,27,True,22059.0,-1.1246734212792964,-1.7642809737522103,-0.6399237499433339,-0.865134381693144,-1.5853820080787517,-0.7205684897855006
203457,Nerlens Noel,8,2015,2022,21,28,True,41417.0,-1.12531173189753,-2.3820389453606006,-1.256996619745515,-0.173811109080804,-1.6856960096519222,-1.512171554372064
1913,Michael Ruffin,6,2000,2008,23,31,True,21322.0,-1.1400070818872525,-2.2857965950661288,-1.1459403902072975,-0.7489817284006303,-1.9782399448849597,-1.2294173761477265
916,Corie Blount,8,1997,2004,28,35,True,30959.0,-1.1434421008430506,-2.3807014761458705,-1.2371329177299009,0.1722668908494209,-1.263260667264692,-1.4354342803921891
1444,Lawrence Funderburke,5,1998,2002,27,31,True,17939.0,-1.1526373822398126,-0.7851863537543899,0.3672415407770778,-0.9021332709202461,-0.556361448786276,0.3455557620743091
788,Kevin Willis,8,1997,2004,34,41,True,45049.0,-1.1871930786476947,-1.7671045306222113,-0.5796871406690493,3.44923609772421,2.0446517986460644,-1.404475705644984
901,Otis Thorpe,5,1997,2001,34,38,True,30074.0,-1.1892323934295403,-1.136706590410321,0.05205203830551309,2.344427101887009,1.791860957619646,-0.5531283303214687
202087,Alonzo Gee,6,2011,2016,24,29,True,34347.0,-1.2095744024223367,-1.3147763705709379,-0.105201968148601,-1.0267910046714583,-1.1807589439855453,-0.1539715599163224
1629637,Jaxson Hayes,5,2020,2024,20,24,True,21243.0,-1.213762745374947,-2.0196231229110766,-0.8058603775361295,0.5561586225686187,-0.714438520707346,-1.270628962712798
1922,Francisco Elson,7,2004,2011,28,35,True,28583.0,-1.219954903264178,-2.8119568274848685,-1.5919461568064932,-0.305235502495514,-2.023907410819256,-1.7186393504829622
200783,Craig Smith,6,2007,2012,23,28,True,25923.0,-1.225122555259808,-1.483342630096825,-0.2581346680553948,-0.8033782681072186,-1.1869381728608333,-0.3834821915906197
2201,Eddy Curry,7,2002,2008,19,25,True,48941.0,-1.2379719253795387,-0.9254156637584029,0.3125931223309699,0.3934307913566852,0.27717486150893633,-0.11624816791476168
1626144,Emmanuel Mudiay,5,2016,2020,20,24,True,29593.0,-1.25665981820025,-0.9307639982428277,0.3258958199574224,0.6025898209943586,0.4423931241411245,-0.16023004529895368
216,Brian Shaw,6,1997,2003,31,37,True,35211.0,-1.2734541762517395,-1.5152429354463093,-0.2416046689954844,1.251016103102266,0.5928941744578515,-0.6580011343085175
201578,Marreese Speights,10,2009,2018,21,30,True,44040.0,-1.2790268619436875,-1.7334068801089915,-0.4543800181653044,-0.6706815808839268,-1.280156954390198,-0.609486868855209
200771,Sergio Rodriguez,5,2007,2017,21,31,True,20378.0,-1.2836249877318677,-1.4129864559819414,-0.12952031602708805,-0.17733211556410455,-0.5722989701539084,-0.39514754377890027
203922,Glenn Robinson III,5,2016,2021,22,27,True,19478.0,-1.2851494506622854,-1.014217578806859,0.27093187185542666,-0.7580660068385259,-0.6395879842255637,0.11846846875687198
1628470,Torrey Craig,7,2018,2024,27,33,True,39497.0,-1.2876950654480088,-0.7420544345140136,0.545718408993088,-0.6025964945149274,-0.14558577575183299,0.4570710471559769
1508,Maurice Taylor,8,1998,2006,21,29,True,49925.0,-1.287773620430646,-1.5530130996494742,-0.26512352528793187,-0.5706181070047766,-1.0259222224152669,-0.455201406009007
1628966,Keita Bates-Diop,5,2019,2024,23,28,True,17898.0,-1.2949021678399821,-1.9392504749133983,-0.6440103363504301,-1.0566554802147206,-1.7698155064325398,-0.7128264596605913
201941,Jordan Hill,7,2010,2016,22,28,True,30993.0,-1.2953241054431646,-1.9035135675797763,-0.6082896460491077,-0.9451974439765821,-1.6506935925266417,-0.705602807397147
101198,Will Bynum,6,2009,2014,26,31,True,24306.0,-1.3167617872130337,-1.0240222990208179,0.29273948819221585,-1.0642655167301198,-0.7992821468581056,0.2649769034423911
1737,Nazr Mohammed,13,2001,2014,23,36,True,61287.0,-1.3273408879533994,-2.2490423417690537,-0.9215615057026776,-0.47533976362658403,-1.5501682545084263,-1.0747089495601998
902,Bimbo Coles,7,1997,2003,29,35,True,30637.0,-1.3476235271077457,-2.3820088455135946,-1.0344689427816038,-0.1572462186556031,-1.364073446961489,-1.206940929622892
2563,Dahntay Jones,8,2005,2013,24,32,True,37857.0,-1.348322054045487,-1.6097752066988933,-0.26142689595055074,-0.9756558152837007,-1.2951558013839404,-0.3194827237201547
123,Robert Pack,5,1997,2003,28,34,True,18409.0,-1.3766250746917268,-2.166716062795372,-0.790090988103645,-0.616758318859307,-1.5094402423639248,-0.8927012398293999
1051,Dean Garrett,5,1997,2001,30,34,True,26576.0,-1.3986311709813364,-1.6333164509331726,-0.23477494732089105,-0.32444079056416936,-0.7084161015263639,-0.3840921607496389
1521,Jacque Vaughn,10,1998,2008,23,33,True,49009.0,-1.4056549409292167,-2.28917613091473,-0.8834455712216124,-0.9284627717716503,-1.884946771679963,-0.956420069086241
2124,Malik Allen,8,2003,2010,25,32,True,27248.0,-1.4182566793893128,-2.3306591676453317,-0.9124024882560188,-1.0925050058427437,-2.061409064219188,-0.9689117292799437
203458,Alex Len,9,2015,2024,22,31,True,45812.0,-1.4232610451410113,-2.280130140574522,-0.8570351436304896,-0.8822451017518351,-1.8839870520557238,-1.0019182336772914
2033,Marcus Fizer,5,2001,2005,22,26,True,22740.0,-1.4355182058047493,-1.5271058487247142,-0.09176222515391382,-0.5877679522135552,-0.9174599454862172,-0.3298820375555065
399,Sean Rooks,7,1997,2004,27,34,True,24579.0,-1.4389372635176367,-2.6423708450303103,-1.2038241588347778,-0.44463751067253615,-1.7898207389258385,-1.3455989301756877
1709,Michael Olowokandi,8,1999,2006,24,31,True,48899.0,-1.441320988159267,-2.685349741303503,-1.244149287306489,-1.21000571683872,-2.5030303804649816,-1.2931502630420528
203101,Miles Plumlee,5,2014,2018,25,29,True,21630.0,-1.4930476652797045,-2.7148713361072585,-1.221674479889043,-1.347628482200977,-2.6086913394514446,-1.2609165658353305
1956,Ira Newble,5,2002,2008,27,33,True,26395.0,-1.4931351013449516,-2.595878878575488,-1.1025676453873838,-1.151876458602468,-2.2917018247409153,-1.139658078915355
203112,Quincy Acy,5,2014,2018,23,27,True,19666.0,-1.5030755618834535,-2.036436794467609,-0.5333612325841555,-1.137972204473474,-1.7811973846076568,-0.6432318088180219
202682,Derrick Williams,6,2012,2017,21,26,True,35008.0,-1.509464379570384,-1.222507455438757,0.28716204867458867,-0.47780939928362265,-0.47401066900223443,0.003985133180258697
203089,John Henson,7,2013,2020,22,29,True,34383.0,-1.5365482069627432,-2.3918288980019193,-0.8554099118750547,-1.0458559579166362,-2.038626344778524,-0.9929086666612535
202498,Lance Thomas,7,2012,2019,24,31,True,27950.0,-1.5381399642218245,-2.3475120572450803,-0.8093720930232559,-1.2587561678372772,-2.1081362960271703,-0.8493868913739013
2556,Marcus Banks,5,2004,2008,22,26,True,20471.0,-1.541458502271506,-2.789919105075473,-1.2483320795271362,-0.6900969071644114,-2.1782045657361375,-1.487994666761567
753,Randy Brown,5,1997,2001,29,33,True,24118.0,-1.5491894850319265,-3.3998278464217595,-1.8506383613898332,-0.6267854464140828,-2.601354771282724,-1.974592726957403
203917,Nik Stauskas,5,2015,2019,21,25,True,26957.0,-1.5627921504618465,-0.9753924398115518,0.5869928033534889,-0.3582331284111868,-0.09860515027775561,0.2591991591494564
1502,Adonal Foyle,11,1998,2008,23,33,True,50647.0,-1.6022454439552196,-3.3800257468359427,-1.777591387446443,-1.1506262038730133,-3.006291158722856,-1.8554866917689445
1730,Brian Skinner,10,2000,2009,24,33,True,41195.0,-1.6748733826920743,-2.9103519359145524,-1.2351792207792207,-1.191245188380424,-2.500318303821115,-1.3087856459060252
688,Michael Curry,8,1997,2004,28,35,True,47642.0,-1.694080874018723,-3.3329171319424034,-1.6388362579236808,-0.42891645622916774,-2.2560730051463733,-1.8271884754774064
201581,JJ Hickson,8,2009,2016,20,27,True,46739.0,-1.6984949613812876,-1.8075143670168379,-0.10901940563555058,-0.6533121972711119,-1.0462446429794023,-0.3929513010759643
201189,Aaron Gray,5,2008,2013,23,28,True,12466.0,-1.7177911118241618,-2.6413763837638378,-0.9235852719396759,-1.3766013953607688,-2.397837871943847,-1.0212427837530182
202687,Bismack Biyombo,13,2012,2024,19,31,True,66748.0,-1.7192147330257084,-2.318789671600647,-0.5992868400551328,-0.469046628905208,-1.3827579047791085,-0.9134459919788096
673,Alan Henderson,10,1997,2007,24,34,True,48169.0,-1.7273103033071064,-1.6975296144823433,0.02966177417010941,-1.3013685168526385,-1.3439728655573526,-0.04273350584412142
200797,Ryan Hollins,9,2008,2016,23,31,True,24238.0,-1.7906939929037047,-2.6248249443023353,-0.8342363643865004,-1.485321184992303,-2.39052356437581,-0.9053141741578056
1628367,Josh Jackson,5,2018,2022,21,25,True,28024.0,-1.8297619897230946,-1.9955647302312303,-0.16603943048815303,-0.494497887774858,-1.0193326979378876,-0.5250956974715778
200749,Shelden Williams,6,2007,2012,23,28,True,21531.0,-1.8465433096465558,-2.553079281036645,-0.7063673308253217,-1.464832113971906,-2.2787296219620075,-0.8137359609491703
203584,Troy Daniels,6,2015,2020,23,28,True,20492.0,-1.8611016006246341,-1.3725363068514542,0.4885652937731797,-1.6436673905883996,-1.222703655410291,0.42095979815812
1628418,Thomas Bryant,5,2019,2024,21,26,True,19174.0,-1.869159121727339,-1.9248326901011785,-0.05576577657244185,-0.6270871905984192,-1.0162247931585675,-0.38925224280917853
1628964,Mo Bamba,6,2019,2024,21,26,True,23209.0,-1.8807545779654447,-2.534598130035762,-0.6536553923047095,-0.9914637786556054,-1.8928466134568809,-0.9012107997261687
203477,Isaiah Canaan,5,2015,2019,24,28,True,18548.0,-1.8974151930127237,-2.4012835885270647,-0.5040580655596291,-1.6582331119493963,-2.2375440033444787,-0.5795049074762482
2212,Steven Hunter,6,2002,2007,20,25,True,23020.0,-1.9257981320590791,-3.392972589052997,-1.4669543440486534,-0.8636265679867076,-2.621566509854691,-1.7577389949230309
2041,Etan Thomas,6,2002,2007,24,29,True,25452.0,-1.9743835062077633,-2.5612708628005656,-0.5868873565928021,-1.8375037595802621,-2.455644799974948,-0.6181439150758717
202338,Kevin Seraphin,7,2011,2017,21,27,True,25228.0,-2.004822102425876,-2.7975262406849533,-0.7929014586966862,-1.143839383564994,-2.174907695412512,-1.031281275275427
2863,Damien Wilkins,9,2005,2013,25,33,True,42564.0,-2.0144431679353447,-1.6432746687341417,0.3716443003477117,-1.5809013068455149,-1.2712740316974076,0.3100922264364134
1960,Milt Palacio,6,2001,2006,23,28,True,30308.0,-2.0205851260393297,-3.175209812590735,-1.1541284479345386,-1.737571376240769,-2.9753367920767757,-1.2372743887009443
1916,Calvin Booth,5,2001,2007,25,31,True,14232.0,-2.075704047217538,-4.013399943788646,-1.9381000562113548,-1.875606012656004,-3.848028387016234,-1.9728311824390463
1626209,Mario Hezonja,5,2016,2020,21,25,True,25195.0,-2.076060448501687,-1.6150379837269297,0.4612204802540187,-0.9210487929680851,-0.7750282554960682,0.14619758831595223
685,Cherokee Parks,6,1997,2003,24,30,True,23786.0,-2.1114539645169423,-2.1897011687547296,-0.07815038257798707,-1.8881760832421115,-2.0259266556800997,-0.13765818656580991
1629629,Cam Reddish,5,2020,2024,20,24,True,22704.0,-2.1874863019732205,-2.3719259601832277,-0.18443965821000705,-0.3784190922581748,-1.0365038982546184,-0.6581172354862711
2767,Royal Ivey,6,2005,2013,23,31,True,20520.0,-2.4296214424951272,-2.906911208576998,-0.4773740253411306,-2.0259248446277356,-2.6072916187801773,-0.5814590885013153
1628400,Semi Ojeleye,5,2018,2022,23,27,True,18183.0,-2.4449109607875488,-3.151492108012979,-0.7062780619259749,-1.9818363613116923,-2.826723675424527,-0.8445926303284589
203080,Thomas Robinson,5,2013,2017,22,26,True,17062.0,-2.451279041144063,-1.8993057672019693,0.5517877740007033,-1.6856480544014434,-1.3510023276963463,0.3344462860445494
2036,Chris Mihm,6,2001,2006,21,26,True,32204.0,-2.4566461619674573,-3.651223139982611,-1.1945313004595703,-1.589513701871079,-3.024651487740093,-1.4351077968827315
961,John Wallace,6,1997,2002,23,28,True,22468.0,-2.5754232241410002,-1.9272035784226458,0.6478604237137262,-2.1532940991152993,-1.6305338748249163,0.5223932779828266
201576,Anthony Randolph,5,2009,2014,19,24,True,14471.0,-2.615523391610808,-3.154055006564854,-0.5382086241448414,0.019549305189708367,-1.1887250284866382,-1.2079976702592792
376,Eric Montross,5,1997,2002,25,30,True,16935.0,-2.728134868615294,-3.6056817832890466,-0.8775469146737528,-2.5193054627089904,-3.4446458920476366,-0.9253448944821213
763,Tony Massenburg,8,1997,2005,29,37,True,31925.0,-2.7532091464369617,-2.7538539702427567,-0.0005921378230226666,-0.9255187745289618,-1.2195944155009346,-0.29406891597869816
101124,Hakim Warrick,8,2006,2013,23,30,True,41266.0,-2.8423311927494788,-2.1439809043764844,0.698802379683032,-2.569245962000177,-1.946192725953405,0.6235000818814411
1627737,Marquese Chriss,5,2017,2022,19,24,True,22210.0,-2.8497945970283656,-2.128692300765421,0.7217239981990095,-0.06349818834494003,-0.04876869525311963,0.015302215912144073
955,Samaki Walker,8,1997,2004,21,28,True,29881.0,-3.0747704226766173,-3.474609618152003,-0.3996273217094476,-2.5085069646340115,-3.0667076652685634,-0.5579990889241533
101130,Johan Petro,8,2006,2013,20,27,True,28728.0,-3.099791144527986,-4.024881822612086,-0.9254603174603173,-1.6912290517017312,-2.98764961173672,-1.2968154564491159
1627745,Damian Jones,5,2019,2023,24,28,True,13896.0,-3.1222137305699476,-2.873577792170409,0.2490710995970063,-2.9644296109887724,-2.7650266637416636,0.1998352209165986
323,Greg Foster,6,1997,2003,28,34,True,19688.0,-3.1711241873222265,-3.3538445245835025,-0.18262378098334012,-2.580158501267515,-2.8367302413360935,-0.25649032926872695
1628995,Kevin Knox II,5,2019,2024,19,24,True,22115.0,-3.588145692968574,-2.6008019443816415,0.9874501921772553,-0.8551540296129839,-0.5602340827117324,0.2949785458625108
201947,Earl Clark,5,2010,2014,22,26,True,14485.0,-3.8172970659302723,-3.8186977562996196,-0.001290162236796687,-3.3108623155095405,-3.4629392677577795,-0.15197557331574138
2694,Josh Powell,6,2006,2011,23,28,True,15979.0,-3.9584387633769325,-3.354722573377558,0.6037161899993743,-3.706240436885749,-3.178103836781932,0.5281319724859482
