PLAYER_ID,Name,Peak_RAPM_at_Ref,Peak_Season,Peak_Age,Raw_RAPM_at_Peak,Peak_Off_at_Ref,Peak_Def_at_Ref,Peak_Poss,Seasons_Played
1717,Dirk Nowitzki,15.030142556634527,2011,33,13.231,10.331613986562017,-4.699573752106296,12594,21
2548,Dwyane Wade,13.882956788387395,2006,24,13.318,9.969295382633778,-3.9126717196100667,14595,16
708,Kevin Garnett,13.431000000000001,2003,27,13.431,10.087,-3.344,13747,20
1495,Tim Duncan,13.115129072428058,2002,26,13.043,8.510825584765364,-4.604304584705707,13813,19
1938,Manu Ginobili,13.055142556634529,2011,33,11.256,8.907613986562017,-4.146573752106296,10167,16
1884,Baron Davis,12.738075820608897,2002,23,11.745,10.09142623322564,-2.6466678387759455,13972,13
1713,Vince Carter,12.390075820608898,2000,23,11.397,10.90842623322564,-1.4816678387759452,12618,22
406,Shaquille O'Neal,12.338388939501924,2000,28,12.299,9.982254130423634,-2.3561361418551385,16012,15
2544,LeBron James,11.98,2012,27,11.98,8.426,-3.5529999999999995,12488,21
893,Michael Jordan,11.753839211524923,1997,34,9.31,8.403923456496466,-3.350977012966446,14625,4
1905,Andrei Kirilenko,11.609075820608897,2004,23,10.616,8.763426233225637,-2.8466678387759456,10543,13
959,Steve Nash,11.58614255663453,2007,33,9.787,9.477613986562016,-2.1075737521062967,12275,18
202331,Paul George,11.53499569875034,2019,29,11.348,6.9510345822826185,-4.5839662532682075,12921,14
201935,James Harden,11.516238914722866,2015,25,11.257,10.515356518189103,-0.9998869587156727,14671,15
201950,Jrue Holiday,11.504995698750339,2019,29,11.318,8.337034582282618,-3.167966253268208,10328,15
56,Gary Payton,11.43145990862938,2000,31,10.637,9.140293401241752,-2.2911867294315016,14154,11
203110,Draymond Green,11.409129072428058,2016,26,11.337,6.533825584765363,-4.875304584705708,15256,12
201939,Stephen Curry,11.365,2015,27,11.365,7.668999999999999,-3.696,14107,15
201933,Blake Griffin,11.282075820608897,2012,23,10.289,8.406426233225638,-2.8756678387759456,10244,13
2594,Kyle Korver,11.241839211524923,2015,34,8.798,7.924923456496466,-3.316977012966446,11556,17
201142,Kevin Durant,11.107238914722867,2014,25,10.848,9.130356518189103,-1.9778869587156724,15644,16
203081,Damian Lillard,10.960388939501923,2019,28,10.921,8.158254130423634,-2.801136141855138,14260,12
1897,Metta World Peace,10.909129072428058,2006,26,10.837,5.569825584765362,-5.339304584705708,9096,17
208,Sam Cassell,10.756839211524923,2004,34,8.313,7.605923456496467,-3.150977012966446,12492,12
951,Ray Allen,10.637238914722866,2001,25,10.378,8.998356518189102,-1.638886958715673,14991,18
397,Reggie Miller,10.613839211524922,2000,34,8.17,9.013923456496466,-1.5999770129664463,15058,9
1890,Shawn Marion,10.606075820608897,2001,23,9.613,5.3954262332256375,-5.210667838775946,11616,16
947,Allen Iverson,10.528142556634528,2008,33,8.729,10.223613986562016,-0.3045737521062961,14825,14
1718,Paul Pierce,10.433956788387393,2002,24,9.869,7.979295382633778,-2.454671719610067,15192,19
1885,Lamar Odom,10.408995698750338,2009,29,10.222,5.228034582282618,-5.180966253268209,11865,14
87,Dikembe Mutombo,10.13783921152492,2000,34,7.694,7.4389234564964655,-2.698977012966446,11314,13
467,Jason Kidd,10.038506393344605,2005,32,8.79,7.704983395445492,-2.3325544824420694,9865,17
977,Kobe Bryant,10.009956788387393,2003,24,9.445,8.99229538263378,-1.017671719610067,15089,20
2225,Tony Parker,9.996680240853532,2012,30,9.557,5.654855417116144,-4.3418362567604545,9296,18
121,Patrick Ewing,9.978839211524921,1997,34,7.535,4.765923456496466,-5.213977012966446,12288,6
202695,Kawhi Leonard,9.975956788387393,2015,24,9.411,5.087295382633778,-4.888671719610068,8880,12
252,Karl Malone,9.84183921152492,1998,34,7.398,8.214923456496466,-1.626977012966446,14242,8
203114,Khris Middleton,9.769075820608897,2015,23,8.776,4.759426233225638,-5.0086678387759465,10055,12
101108,Chris Paul,9.737129072428058,2011,26,9.665,6.7198255847653625,-3.0173045847057067,11524,19
201566,Russell Westbrook,9.664075820608897,2012,23,8.671,6.828426233225637,-2.834667838775945,12042,16
764,David Robinson,9.656142556634528,1999,33,7.857,5.4446139865620164,-4.211573752106297,7859,7
979,Jermaine O'Neal,9.599238914722866,2004,25,9.34,6.134356518189103,-3.4648869587156725,12312,18
2564,Boris Diaw,9.478956788387393,2006,24,8.914,5.887295382633779,-3.591671719610067,14472,14
84,Latrell Sprewell,9.40545990862938,2002,31,8.611,8.28129340124175,-1.1241867294315016,12454,9
1503,Tracy McGrady,9.339075820608898,2002,23,8.346,7.234426233225638,-2.1046678387759457,11831,15
1802,Brad Miller,9.316388939501923,2004,28,9.277,5.403254130423635,-3.913136141855138,11692,14
1883,Steve Francis,9.265956788387394,2001,24,8.701,7.963295382633778,-1.3026717196100672,12088,9
201565,Derrick Rose,9.209075820608897,2012,23,8.216,5.1904262332256375,-4.018667838775946,5310,15
2200,Pau Gasol,9.186680240853532,2011,30,8.747,6.253855417116144,-2.932836256760454,12749,18
2730,Dwight Howard,9.165238914722867,2011,25,8.906,4.7293565181891015,-4.435886958715672,11987,18
200768,Kyle Lowry,9.161142556634529,2019,33,7.362,6.037613986562016,-3.123573752106296,12682,18
224,Eddie Jones,9.060388939501925,2000,28,9.021,4.213254130423634,-4.847136141855138,11599,12
201144,Mike Conley,8.998075820608898,2011,23,8.005,6.711426233225638,-2.286667838775945,12698,17
201567,Kevin Love,8.990075820608897,2012,23,7.997,7.213426233225637,-1.7776678387759455,8323,16
165,Hakeem Olajuwon,8.97783921152492,1997,34,6.534,6.073923456496467,-2.903977012966446,13058,6
96,Detlef Schrempf,8.96683921152492,1997,34,6.523,5.157923456496467,-3.808977012966446,10023,5
101114,Deron Williams,8.942680240853532,2014,30,8.503,6.401855417116144,-2.5408362567604543,9406,12
2216,Zach Randolph,8.931142556634528,2015,33,7.132,4.487613986562017,-4.443573752106296,10150,17
915,Rodney Rogers,8.92699569875034,2000,29,8.74,5.161034582282618,-3.765966253268208,9902,9
1889,Andre Miller,8.918680240853531,2006,30,8.479,6.796855417116143,-2.121836256760454,12003,17
201609,Goran Dragic,8.873388939501924,2014,28,8.834,7.137254130423635,-1.7361361418551382,10623,15
739,Rasheed Wallace,8.849238914722866,2000,25,8.59,4.889356518189102,-3.9598869587156726,12847,15
1628369,Jayson Tatum,8.830956788387393,2022,24,8.266,5.9712953826337785,-2.859671719610067,14713,7
2754,Tony Allen,8.821142556634529,2015,33,7.022,3.1976139865620166,-5.623573752106296,7376,14
353,Darrell Armstrong,8.796142556634528,2001,33,6.997,7.214613986562016,-1.5815737521062962,11247,12
937,Scottie Pippen,8.795459908629379,1997,31,8.001,6.0652934012417505,-2.7291867294315013,14466,8
1515,Anthony Parker,8.736506393344605,2007,32,7.488,5.833983395445491,-2.9025544824420693,10273,9
1629029,Luka Doncic,8.736238914722867,2024,25,8.477,6.835356518189101,-1.9008869587156725,11097,6
201951,Ty Lawson,8.727129072428058,2014,26,8.655,7.154825584765363,-1.5723045847057069,9166,8
2547,Chris Bosh,8.717956788387394,2008,24,8.153,5.718295382633778,-2.9996717196100673,9715,13
57,Doug Christie,8.705142556634527,2003,33,6.906,5.264613986562017,-3.440573752106296,12363,11
2045,Hedo Turkoglu,8.664238914722866,2004,25,8.405,4.239356518189101,-4.423886958715672,8738,15
2202,Jason Richardson,8.660075820608897,2004,23,7.667,5.992426233225637,-2.666667838775945,10999,13
201980,Danny Green,8.642388939501924,2015,28,8.603,6.023254130423634,-2.6191361418551384,9637,15
1891,Jason Terry,8.59914255663453,2011,33,6.8,7.300613986562016,-1.2985737521062963,12259,19
201583,Ryan Anderson,8.560956788387394,2012,24,7.996,6.879295382633778,-1.6816717196100668,7907,12
200746,LaMarcus Aldridge,8.532506393344605,2018,32,7.284,5.401983395445493,-3.1305544824420695,10446,16
896,Tim Hardaway,8.479839211524922,2001,34,6.036,4.919923456496466,-3.5599770129664456,9580,7
202681,Kyrie Irving,8.476075820608898,2015,23,7.483,7.900426233225638,-0.5756678387759453,12280,13
2736,Luol Deng,8.43912907242806,2011,26,8.367,4.332825584765362,-4.106304584705708,14523,15
203497,Rudy Gobert,8.404995698750339,2021,29,8.218,3.9380345822826177,-4.466966253268208,10532,11
1628973,Jalen Brunson,8.376,2024,27,8.376,7.154,-1.222,11012,6
101122,Danny Granger,8.359995698750339,2012,29,8.173,4.910034582282618,-3.449966253268208,9286,10
201586,Serge Ibaka,8.356956788387393,2014,24,7.792,4.9712953826337785,-3.3856717196100674,12763,14
1627832,Fred VanVleet,8.336680240853532,2024,30,7.897,5.885855417116144,-2.4508362567604545,10889,8
203507,Giannis Antetokounmpo,8.294238914722866,2020,25,8.035,3.335356518189102,-4.958886958715672,9610,11
935,Bryon Russell,8.28499569875034,2000,29,8.098,6.147034582282618,-2.1369662532682083,12260,10
754,Jim Jackson,8.264142556634528,2004,33,6.465,3.868613986562017,-4.395573752106296,12296,10
965,Derek Fisher,8.227129072428058,2001,26,8.155,2.5388255847653625,-5.6883045847057065,4941,18
202689,Kemba Walker,8.219956788387394,2014,24,7.655,4.2212953826337785,-3.998671719610067,10469,12
389,Toni Kukoc,8.196506393344606,2001,32,6.948,5.137983395445492,-3.0585544824420694,6215,10
203954,Joel Embiid,8.170238914722866,2019,25,7.911,4.4103565181891025,-3.7598869587156725,10421,8
2399,Mike Dunleavy,8.162839211524922,2015,34,5.719,4.193923456496466,-3.967977012966446,8488,15
1882,Elton Brand,8.158075820608897,2002,23,7.165,7.853426233225638,-0.3046678387759454,11248,17
2240,Gilbert Arenas,8.139238914722865,2007,25,7.88,7.571356518189102,-0.5668869587156726,11720,11
448,Bo Outlaw,8.133995698750338,2000,29,7.947,3.5230345822826177,-4.6109662532682085,9279,12
1747,Rafer Alston,8.13068024085353,2007,30,7.691,4.452855417116144,-3.677836256760454,12687,11
202322,John Wall,8.124956788387392,2015,24,7.56,5.114295382633777,-3.0116717196100673,12086,11
204,Jeff Hornacek,8.11783921152492,1997,34,5.674,5.155923456496466,-2.962977012966446,12282,4
201937,Ricky Rubio,8.096075820608897,2014,23,7.103,5.708426233225638,-2.387667838775945,10740,12
201152,Thaddeus Young,8.08214255663453,2021,33,6.283,7.285613986562016,-0.7955737521062962,6668,17
255,Grant Hill,8.078,2000,27,8.078,6.959,-1.12,11376,16
2072,Michael Redd,8.069129072428058,2006,26,7.997,7.186825584765363,-0.8813045847057069,12623,12
297,Alonzo Mourning,8.067,1997,27,8.067,2.914,-5.152999999999999,10728,11
124,Vlade Divac,8.060995698750338,1997,29,7.874,3.981034582282618,-4.079966253268208,10874,9
202710,Jimmy Butler,8.057388939501925,2018,28,8.018,3.8982541304236342,-4.159136141855138,9029,13
1749,Cuttino Mobley,8.051238914722866,2001,25,7.792,6.737356518189102,-1.3138869587156727,11312,11
2546,Carmelo Anthony,8.03845990862938,2015,31,7.244,7.8922934012417505,-0.14718672943150124,5352,19
1497,Chauncey Billups,8.033680240853533,2007,30,7.594,6.076855417116143,-1.9578362567604544,11436,17
2738,Andre Iguodala,8.012680240853532,2014,30,7.573,3.467855417116142,-4.543836256760454,9088,19
2588,Matt Bonner,8.010506393344606,2012,32,6.762,6.075983395445492,-1.9345544824420693,5716,12
978,Peja Stojakovic,7.994956788387393,2001,24,7.43,6.074295382633778,-1.9196717196100672,12579,13
200794,Paul Millsap,7.9698392115249215,2019,34,5.526,5.230923456496466,-2.738977012966446,9390,16
469,Jamal Mashburn,7.966999999999999,2000,27,7.967,5.292,-2.675,12130,8
202691,Klay Thompson,7.956238914722865,2015,25,7.697,5.878356518189102,-2.077886958715673,13040,11
201188,Marc Gasol,7.943839211524922,2019,34,5.5,4.782923456496467,-3.1609770129664465,12443,13
2203,Shane Battier,7.943129072428059,2005,26,7.871,3.867825584765362,-4.0743045847057076,9821,13
787,Charles Barkley,7.909839211524923,1997,34,5.466,4.9049234564964665,-3.004977012966446,9864,4
2207,Joe Johnson,7.869,2008,27,7.869,7.823,-0.04600000000000004,13596,18
203496,Robert Covington,7.844999999999999,2018,27,7.845,3.1700000000000004,-4.674999999999999,11636,11
950,Stephon Marbury,7.837075820608899,2000,23,6.844,6.589426233225638,-1.2486678387759453,11347,13
1740,Rashard Lewis,7.82999569875034,2009,29,7.643,4.427034582282618,-3.401966253268208,14585,16
203078,Bradley Beal,7.807129072428058,2019,26,7.735,7.491825584765363,-0.316304584705707,12678,12
1628983,Shai Gilgeous-Alexander,7.783238914722867,2024,25,7.524,4.496356518189101,-3.2868869587156726,10721,6
1628378,Donovan Mitchell,7.760999999999999,2024,27,7.761,3.815,-3.946,8083,7
201599,DeAndre Jordan,7.754129072428059,2015,26,7.682,5.725825584765363,-2.028304584705707,12985,16
714,Michael Finley,7.752680240853531,2003,30,7.313,4.859855417116144,-2.8928362567604538,13365,14
136,P.J. Brown,7.731680240853532,2000,30,7.292,5.033855417116143,-2.6978362567604544,9685,12
302,Mookie Blaylock,7.670680240853532,1997,30,7.231,4.919855417116143,-2.7508362567604543,12601,6
1626157,Karl-Anthony Towns,7.6592389147228666,2021,25,7.4,5.653356518189101,-2.005886958715673,7014,9
193,Anthony Mason,7.633142556634528,2000,33,5.834,5.888613986562017,-1.744573752106296,12959,6
213,Antonio Davis,7.5965063933446055,2001,32,6.348,5.047983395445492,-2.548554482442069,12013,10
2210,Richard Jefferson,7.575956788387392,2004,24,7.011,5.804295382633779,-1.772671719610067,13473,17
2746,Josh Smith,7.54412907242806,2012,26,7.472,4.3288255847653625,-3.215304584705707,9364,13
952,Antoine Walker,7.501238914722867,2002,25,7.242,5.647356518189103,-1.8548869587156727,15760,12
1712,Antawn Jamison,7.494680240853532,2006,30,7.055,7.938855417116143,0.4441637432395459,13615,16
203490,Otto Porter Jr.,7.460238914722867,2018,25,7.201,4.180356518189102,-3.279886958715672,10331,11
200750,Brandon Roy,7.438956788387392,2009,24,6.874,5.541295382633779,-1.897671719610067,11290,6
203506,Victor Oladipo,7.376129072428059,2018,26,7.304,2.909825584765362,-4.466304584705707,11240,10
203999,Nikola Jokic,7.308388939501924,2023,28,7.269,5.603254130423634,-1.7041361418551382,12688,9
1112,Ben Wallace,7.29799569875034,2004,29,7.111,2.0780345822826174,-5.2199662532682085,14589,16
907,Malik Sealy,7.297680240853532,2000,30,6.858,4.755855417116143,-2.5418362567604538,9587,4
258,Brian Grant,7.288,1999,27,7.288,5.516,-1.7719999999999998,7207,10
201149,Joakim Noah,7.27199569875034,2014,29,7.085,4.800034582282619,-2.4719662532682083,11122,13
1507,Derek Anderson,7.267129072428059,2001,26,7.195,4.433825584765363,-2.8323045847057067,11510,11
200765,Rajon Rondo,7.240129072428058,2012,26,7.168,3.9318255847653623,-3.3073045847057068,10373,16
1629008,Michael Porter Jr.,7.236075820608898,2021,23,6.243,6.157426233225638,-1.0786678387759454,8905,5
2555,Nick Collison,7.216142556634528,2014,33,5.417,3.8896139865620167,-3.326573752106297,6090,14
717,Arvydas Sabonis,7.188142556634528,1998,33,5.389,4.003613986562017,-3.184573752106296,9160,6
203109,Jae Crowder,7.164075820608897,2014,23,6.171,2.615426233225638,-4.548667838775946,5250,12
201587,Nicolas Batum,7.140506393344606,2021,32,5.892,5.0419833954454925,-2.0995544824420693,9576,16
1627749,Dejounte Murray,7.129956788387394,2021,24,6.565,4.530295382633778,-2.599671719610067,8877,7
1496,Keith Van Horn,7.104238914722865,2001,25,6.845,6.733356518189101,-0.3698869587156728,6670,9
202330,Gordon Hayward,7.089238914722866,2015,25,6.83,4.3863565181891015,-2.7028869587156725,9939,14
363,Christian Laettner,7.065000000000001,1997,27,7.065,3.871,-3.1939999999999995,12676,9
1630178,Tyrese Maxey,7.060075820608898,2024,23,6.067,6.7654262332256385,-0.2946678387759454,10940,4
1627827,Dorian Finney-Smith,7.044388939501923,2021,28,7.005,5.220254130423633,-1.8241361418551378,8641,8
202362,Lance Stephenson,7.033075820608897,2014,23,6.04,5.245426233225637,-1.7876678387759453,13139,10
202738,Isaiah Thomas,7.027238914722867,2014,25,6.768,4.671356518189102,-2.3548869587156727,9889,12
1904,Devean George,7.001956788387394,2002,24,6.437,3.463295382633777,-3.538671719610067,8046,11
422,Avery Johnson,7.000839211524922,1999,34,4.557,4.686923456496467,-2.313977012966446,8574,8
247,Joe Dumars,6.989839211524921,1997,34,4.546,5.353923456496466,-1.6359770129664464,10941,3
201988,Patty Mills,6.984238914722866,2014,25,6.725,3.546356518189102,-3.4388869587156727,7401,15
2734,Devin Harris,6.978238914722867,2008,25,6.719,5.481356518189102,-1.4968869587156726,7756,15
275,Allan Houston,6.978142556634529,2004,33,5.179,4.459613986562017,-2.5195737521062966,6714,9
243,Aaron McKie,6.975388939501924,2001,28,6.936,3.7072541304236335,-3.269136141855138,12361,11
2572,Josh Howard,6.946238914722867,2005,25,6.687,3.841356518189102,-3.104886958715673,11180,10
166,Ron Harper,6.928839211524921,1998,34,4.485,3.388923456496466,-3.539977012966446,10421,5
2571,Leandro Barbosa,6.920956788387393,2007,24,6.356,5.9422953826337785,-0.9796717196100673,11724,14
201569,Eric Gordon,6.898995698750339,2018,29,6.712,4.7620345822826184,-2.135966253268208,11005,16
201568,Danilo Gallinari,6.856075820608897,2012,23,5.863,3.715426233225638,-3.1406678387759452,6108,14
1628401,Derrick White,6.84499569875034,2024,29,6.658,3.8610345822826178,-2.983966253268208,9837,7
2419,Tayshaun Prince,6.838129072428059,2006,26,6.766,3.1528255847653623,-3.685304584705707,13008,14
203076,Anthony Davis,6.8342389147228655,2018,25,6.575,3.2283565181891025,-3.6058869587156726,12788,12
371,Terry Mills,6.805995698750339,1997,29,6.619,3.7780345822826185,-3.0279662532682083,7608,5
1628384,OG Anunoby,6.798129072428058,2024,26,6.726,1.1778255847653627,-5.620304584705707,7012,7
445,Wesley Person,6.78145990862938,2002,31,5.987,6.3492934012417495,-0.43318672943150127,10513,9
2222,Gerald Wallace,6.776388939501924,2011,28,6.737,4.475254130423634,-2.301136141855138,10771,14
210,Terrell Brandon,6.758680240853531,2000,30,6.319,3.7048554171161423,-3.0538362567604542,10516,6
358,Anfernee Hardaway,6.753388939501924,2000,28,6.714,2.780254130423634,-3.9731361418551376,10309,11
201976,Patrick Beverley,6.751238914722867,2014,25,6.492,3.4013565181891026,-3.3498869587156723,7627,12
703,Kurt Thomas,6.729839211524921,2007,34,4.286,2.3649234564964656,-4.364977012966446,5535,17
198,Danny Ferry,6.7248392115249205,2001,34,4.281,2.9939234564964656,-3.730977012966446,7612,7
203484,Kentavious Caldwell-Pope,6.711459908629379,2024,31,5.917,4.20329340124175,-2.5081867294315012,9861,11
2199,Tyson Chandler,6.702388939501924,2011,28,6.663,2.7612541304236338,-3.9411361418551376,10315,19
1626164,Devin Booker,6.699956788387393,2021,24,6.135,5.304295382633779,-1.3956717196100672,12608,9
203925,Joe Harris,6.670995698750339,2021,29,6.484,4.865034582282618,-1.8059662532682077,10560,10
200755,JJ Redick,6.64945990862938,2015,31,5.855,3.0432934012417503,-3.6071867294315014,11737,15
1888,Richard Hamilton,6.625,2005,27,6.625,3.2690000000000006,-3.3569999999999998,14541,14
120,Steven Smith,6.623680240853533,1999,30,6.184,4.101855417116143,-2.521836256760454,5978,9
200826,J.J. Barea,6.6054599086293795,2015,31,5.811,5.180293401241751,-1.4251867294315013,5950,14
200782,P.J. Tucker,6.588142556634528,2018,33,4.789,4.6336139865620165,-1.954573752106296,11394,13
200757,Thabo Sefolosha,6.587459908629379,2015,31,5.793,2.0992934012417503,-4.488186729431501,3726,14
201143,Al Horford,6.583506393344607,2018,32,5.335,3.502983395445492,-3.080554482442069,11622,17
201588,George Hill,6.57945990862938,2017,31,5.785,2.6482934012417507,-3.930186729431501,6912,15
2397,Yao Ming,6.574388939501924,2009,28,6.535,3.216254130423634,-3.3581361418551374,10774,8
101145,Monta Ellis,6.55999569875034,2015,29,6.373,5.058034582282618,-1.5019662532682083,11583,12
1887,Wally Szczerbiak,6.549238914722865,2002,25,6.29,5.8493565181891025,-0.6998869587156726,12306,10
782,Mitch Richmond,6.536142556634529,1998,33,4.737,5.374613986562016,-1.1615737521062963,9925,6
202693,Markieff Morris,6.530238914722867,2015,25,6.271,2.3803565181891018,-4.149886958715673,10298,13
2760,Anderson Varejao,6.527999999999999,2010,27,6.528,3.8140000000000005,-2.714,9058,14
21,Greg Anthony,6.506506393344606,2000,32,5.258,2.917983395445493,-3.5885544824420688,6454,6
204060,Joe Ingles,6.50545990862938,2019,31,5.711,3.292293401241751,-3.213186729431502,11289,10
361,Clifford Robinson,6.502142556634528,2000,33,4.703,4.387613986562016,-2.113573752106296,12299,11
101161,Amir Johnson,6.482129072428059,2013,26,6.41,4.128825584765363,-2.353304584705707,8648,14
201959,Taj Gibson,6.481999999999999,2012,27,6.482,1.3009999999999997,-5.180999999999999,5204,15
1628368,De'Aaron Fox,6.475129072428057,2024,26,6.403,4.305825584765363,-2.169304584705707,11325,7
1626220,Royce O'Neale,6.453388939501924,2021,28,6.414,4.133254130423634,-2.320136141855138,10729,7
201942,DeMar DeRozan,6.452956788387393,2014,24,5.888,5.477295382633779,-0.9756717196100673,12312,15
202697,Iman Shumpert,6.444956788387392,2014,24,5.88,3.186295382633778,-3.2586717196100667,7321,10
2551,T.J. Ford,6.443075820608897,2006,23,5.45,4.384426233225638,-2.0586678387759454,10227,8
468,Jon Barry,6.437142556634528,2003,33,4.638,4.612613986562017,-1.8255737521062965,6046,10
201600,Ömer Aşik,6.423129072428058,2013,26,6.351,2.9058255847653625,-3.518304584705707,10640,8
147,Jalen Rose,6.418680240853531,2003,30,5.979,7.407855417116144,0.9891637432395459,13045,11
202704,Reggie Jackson,6.40845990862938,2021,31,5.614,5.13029340124175,-1.2781867294315015,8662,13
1627783,Pascal Siakam,6.405999999999999,2021,27,6.406,4.933,-1.4739999999999998,8224,8
1800,Damon Jones,6.405388939501924,2005,28,6.366,4.509254130423635,-1.896136141855138,11595,11
203521,Matthew Dellavedova,6.393075820608898,2014,23,5.4,3.433426233225638,-2.9606678387759455,4930,9
2246,Mehmet Okur,6.382,2006,27,6.382,6.151,-0.2310000000000001,10738,10
283,Lindsey Hunter,6.368388939501925,1999,28,6.329,4.905254130423634,-1.4621361418551382,6874,14
101112,Channing Frye,6.337459908629379,2014,31,5.543,5.103293401241751,-1.234186729431501,9193,13
299,Glenn Robinson,6.336129072428058,1999,26,6.264,6.223825584765362,-0.11230458470570703,6072,9
2059,Eduardo Najera,6.323238914722866,2002,25,6.064,2.7223565181891023,-3.6008869587156727,5766,12
202718,Chandler Parsons,6.323238914722866,2014,25,6.064,5.320356518189103,-1.0028869587156728,12010,9
202083,Wesley Matthews,6.322388939501925,2015,28,6.283,1.8092541304236338,-4.513136141855139,7906,15
980,Zydrunas Ilgauskas,6.319839211524921,2009,34,3.876,2.8599234564964657,-3.459977012966446,7948,13
727,Eric Snow,6.31945990862938,2004,31,5.525,4.81329340124175,-1.5061867294315012,10876,12
1628969,Mikal Bridges,6.316238914722867,2022,25,6.057,5.450356518189102,-0.8658869587156728,13746,6
2046,Desmond Mason,6.307129072428058,2004,26,6.235,5.058825584765363,-1.2483045847057066,10534,10
203932,Aaron Gordon,6.292,2023,27,6.292,3.387,-2.906,11268,10
686,Antonio McDyess,6.284506393344606,2007,32,5.036,1.9839833954454922,-4.3005544824420685,7556,14
2440,Matt Barnes,6.2758392115249215,2014,34,3.832,4.319923456496466,-1.9559770129664462,8637,14
689,Theo Ratliff,6.264388939501924,2001,28,6.225,0.9012541304236343,-5.363136141855138,6782,15
185,Chris Webber,6.263956788387393,1997,24,5.699,2.8292953826337777,-3.434671719610067,11050,12
1894,Corey Maggette,6.2631290724280575,2006,26,6.191,2.6878255847653625,-3.5753045847057066,4837,14
202324,Derrick Favors,6.252075820608898,2015,23,5.259,3.6114262332256377,-2.6406678387759452,8555,12
109,Robert Horry,6.248839211524921,2005,34,3.805,3.7359234564964656,-2.512977012966446,7401,12
317,John Starks,6.238839211524922,2000,34,3.795,4.254923456496466,-1.9839770129664462,4713,6
270,Horace Grant,6.238459908629379,1997,31,5.444,2.619293401241751,-3.619186729431501,9231,8
1630193,Immanuel Quickley,6.172075820608898,2022,23,5.179,3.3744262332256385,-2.7976678387759453,7084,4
2561,David West,6.168142556634528,2014,33,4.369,2.7026139865620165,-3.4655737521062964,11989,15
203897,Zach LaVine,6.164129072428057,2021,26,6.092,6.029825584765363,-0.13530458470570694,8396,10
1902,Jeff Foster,6.132839211524922,2011,34,3.689,2.7809234564964656,-3.3519770129664463,3961,13
2403,Nene,6.127388939501925,2011,28,6.088,2.1572541304236346,-3.9701361418551375,9644,17
1627732,Ben Simmons,6.117956788387394,2021,24,5.553,2.766295382633778,-3.3516717196100667,9319,6
1627742,Brandon Ingram,6.112075820608897,2021,23,5.119,4.475426233225638,-1.6366678387759455,8540,8
101162,Marcin Gortat,6.103459908629381,2015,31,5.309,2.901293401241751,-3.2011867294315017,10734,12
1517,Bobby Jackson,6.100839211524922,2007,34,3.657,2.8679234564964657,-3.233977012966446,5042,12
201627,Anthony Morrow,6.077995698750339,2015,29,5.891,4.463034582282617,-1.6159662532682082,7168,9
201978,Chase Budinger,6.072075820608898,2011,23,5.079,3.308426233225638,-2.7636678387759455,6860,7
2030,Kenyon Martin,6.066238914722867,2003,25,5.807,3.3953565181891023,-2.671886958715673,12990,15
281,Scott Williams,6.055142556634529,2001,33,4.256,1.8406139865620168,-4.213573752106297,6333,9
2550,Kirk Hinrich,6.031075820608898,2004,23,5.038,4.159426233225638,-1.8716678387759453,10339,13
2224,Jamaal Tinsley,6.029,2005,27,6.029,3.2419999999999995,-2.787,5751,11
2585,Zaza Pachulia,6.02745990862938,2015,31,5.233,2.51529340124175,-3.5121867294315017,7183,16
672,Matt Bullard,5.9938392115249215,2001,34,3.55,4.280923456496466,-1.7129770129664463,3755,6
2422,John Salmons,5.984142556634527,2013,33,4.185,4.5166139865620165,-1.467573752106296,8836,13
1710,Mike Bibby,5.982129072428059,2004,26,5.91,4.639825584765362,-1.342304584705707,13678,14
2229,Mike James,5.977459908629379,2006,31,5.183,5.468293401241751,-0.5091867294315013,10991,12
461,Popeye Jones,5.976506393344606,2002,32,4.728,4.683983395445493,-1.291554482442069,7045,8
184,Bobby Phills,5.953995698750338,1999,29,5.767,4.531034582282619,-1.4229662532682077,5955,4
101135,David Lee,5.9534599086293785,2014,31,5.159,2.1632934012417504,-3.790186729431502,10059,12
1629130,Duncan Robinson,5.953129072428059,2020,26,5.881,4.5678255847653615,-1.3843045847057067,11163,6
1536,Stephen Jackson,5.9519956987503395,2007,29,5.765,2.936034582282618,-3.015966253268208,11744,14
2209,Vladimir Radmanovic,5.9489567883873935,2005,24,5.384,4.568295382633778,-1.380671719610067,7378,12
202694,Marcus Morris Sr.,5.9489567883873935,2014,24,5.384,4.626295382633778,-1.3226717196100668,7213,13
203992,Bogdan Bogdanovic,5.939459908629379,2024,31,5.145,4.01629340124175,-1.923186729431501,10064,7
1630217,Desmond Bane,5.935956788387394,2022,24,5.371,3.505295382633778,-2.4316717196100672,11117,4
202340,Avery Bradley,5.9320758206088975,2014,23,4.939,3.0044262332256375,-2.927667838775945,7295,12
779,Glen Rice,5.9168392115249215,2001,34,3.473,4.180923456496466,-1.7349770129664466,8411,8
133,David Wesley,5.911839211524922,2005,34,3.468,3.9889234564964657,-1.9229770129664463,11221,11
101236,Chuck Hayes,5.909956788387392,2007,24,5.345,-0.5457046173662223,-6.455671719610068,7220,11
1630169,Tyrese Haliburton,5.901956788387393,2024,24,5.337,4.963295382633778,-0.9386717196100671,9615,4
1114,Jaren Jackson,5.900459908629379,1999,31,5.106,1.2492934012417503,-4.651186729431501,4564,6
948,Marcus Camby,5.894142556634527,2007,33,4.095,3.352613986562017,-2.541573752106296,10388,17
1628991,Jaren Jackson Jr.,5.874075820608898,2023,23,4.881,2.7754262332256383,-3.0996678387759458,8451,6
2748,Dorell Wright,5.873238914722867,2011,25,5.614,3.476356518189102,-2.3968869587156725,12515,11
202361,Landry Fields,5.866956788387393,2012,24,5.302,2.915295382633777,-2.9516717196100672,7823,5
1627741,Buddy Hield,5.857388939501924,2021,28,5.818,5.551254130423635,-0.30613614185513804,10133,8
1629636,Darius Garland,5.845075820608898,2023,23,4.852,4.573426233225638,-1.2716678387759452,10369,5
202711,Bojan Bogdanovic,5.844506393344607,2021,32,4.596,4.001983395445492,-1.8435544824420695,10615,10
2757,Beno Udrih,5.840995698750339,2012,29,5.654,3.1550345822826174,-2.685966253268208,4198,13
2365,Chris Andersen,5.840459908629379,2010,31,5.046,3.32929340124175,-2.5111867294315013,7197,15
101109,Raymond Felton,5.824995698750339,2013,29,5.638,4.696034582282618,-1.128966253268208,10250,14
699,Brent Barry,5.823680240853532,2002,30,5.384,5.592855417116143,-0.23083625676045405,11862,13
202326,DeMarcus Cousins,5.821956788387393,2015,24,5.257,1.8562953826337778,-3.964671719610067,8032,11
1627750,Jamal Murray,5.817075820608897,2020,23,4.824,3.870426233225638,-1.946667838775945,10452,7
89,Nick Van Exel,5.804388939501925,2000,28,5.765,5.291254130423635,-0.5131361418551381,11648,10
201936,Tyreke Evans,5.802388939501924,2018,28,5.763,3.168254130423634,-2.634136141855138,6288,10
2732,Ben Gordon,5.7969567883873925,2007,24,5.232,4.331295382633778,-1.465671719610067,12046,11
1628404,Josh Hart,5.786388939501924,2023,28,5.747,3.445254130423634,-2.341136141855138,11308,7
349,Mark Jackson,5.731839211524922,1999,34,3.288,4.237923456496467,-1.493977012966446,6661,8
203083,Andre Drummond,5.721238914722866,2019,25,5.462,4.485356518189102,-1.2358869587156724,11147,12
202339,Eric Bledsoe,5.674238914722865,2015,25,5.415,3.0663565181891017,-2.6078869587156728,11157,12
1729,Ricky Davis,5.673129072428058,2006,26,5.601,4.927825584765363,-0.7463045847057069,12218,12
1626196,Josh Richardson,5.6482389147228655,2019,25,5.389,2.873356518189102,-2.7758869587156725,10386,9
2406,Caron Butler,5.646388939501923,2008,28,5.607,4.883254130423634,-0.7631361418551381,9523,14
1501,Tim Thomas,5.631680240853532,2007,30,5.192,2.5058554171161425,-3.1258362567604534,7796,13
2749,Jameer Nelson,5.617956788387394,2006,24,5.053,3.5122953826337775,-2.105671719610067,6582,14
202349,Greivis Vasquez,5.615,2014,27,5.615,1.991,-3.6250000000000004,7339,7
203468,CJ McCollum,5.599956788387393,2016,24,5.035,3.8952953826337775,-1.7046717196100674,12886,11
2037,Jamal Crawford,5.588142556634528,2013,33,3.789,3.695613986562017,-1.893573752106296,9122,20
201952,Jeff Teague,5.555956788387393,2012,24,4.991,4.623295382633778,-0.9326717196100671,8842,12
1763,Ryan Bowen,5.548129072428058,2002,26,5.476,2.0808255847653623,-3.4663045847057066,6377,10
203200,Justin Holiday,5.5449956987503395,2018,29,5.358,2.920034582282618,-2.624966253268208,9256,11
201572,Brook Lopez,5.5394599086293805,2019,31,4.745,2.9132934012417504,-2.625186729431501,11733,16
393,Rod Strickland,5.53145990862938,1998,31,4.737,4.472293401241751,-1.0591867294315012,11521,9
2747,JR Smith,5.530238914722867,2011,25,5.271,5.3703565181891015,-0.1588869587156727,8178,16
1899,James Posey,5.525,2004,27,5.525,2.898,-2.627,9614,12
2744,Al Jefferson,5.518000000000001,2012,27,5.518,5.241,-0.27700000000000014,8343,14
2772,Trevor Ariza,5.504388939501924,2014,28,5.465,2.959254130423634,-2.5441361418551383,12011,18
101106,Andrew Bogut,5.499129072428058,2011,26,5.427,1.6058255847653626,-3.893304584705707,8449,14
436,Juwan Howard,5.498388939501924,2001,28,5.459,3.9542541304236343,-1.545136141855138,13043,17
2034,Mike Miller,5.492238914722867,2005,25,5.233,4.248356518189102,-1.2438869587156725,8941,17
2753,Delonte West,5.484238914722866,2009,25,5.225,1.567356518189102,-3.9168869587156725,10094,8
203991,Clint Capela,5.477,2021,27,5.477,1.6329999999999996,-3.844,9979,10
324,Anthony Peeler,5.455839211524922,2004,34,3.012,1.9289234564964657,-3.525977012966446,6252,9
2405,Amar'e Stoudemire,5.455238914722866,2008,25,5.196,5.820356518189103,0.3651130412843273,11454,14
168,Chris Mills,5.449999999999999,1997,27,5.45,2.179,-3.2709999999999995,10896,7
923,Donyell Marshall,5.43745990862938,2004,31,4.643,5.654293401241751,0.21681327056849864,10886,13
1952,Raja Bell,5.4256802408535325,2007,30,4.986,2.4948554171161432,-2.930836256760454,13318,12
1723,Matt Harpring,5.424388939501924,2004,28,5.385,3.5822541304236335,-1.842136141855138,4099,11
2617,Udonis Haslem,5.4172389147228674,2005,25,5.158,2.6703565181891027,-2.7478869587156725,11940,20
697,Fred Hoiberg,5.401506393344605,2005,32,4.153,4.371983395445492,-1.0285544824420692,4717,9
72,Kenny Anderson,5.396129072428058,1997,26,5.324,3.6238255847653624,-1.7723045847057066,12290,9
1477,Bruce Bowen,5.393839211524922,2005,34,2.95,2.5049234564964658,-2.8889770129664463,12441,13
2430,Carlos Boozer,5.393075820608898,2005,23,4.4,4.200426233225638,-1.1936678387759454,6668,13
202684,Tristan Thompson,5.385956788387393,2015,24,4.821,3.854295382633777,-1.530671719610067,10992,12
1630529,Herbert Jones,5.369238914722866,2024,25,5.11,2.508356518189102,-2.8598869587156726,9634,3
913,Larry Johnson,5.363680240853531,1999,30,4.924,1.7138554171161426,-3.6498362567604543,8341,5
1630559,Austin Reaves,5.353238914722867,2023,25,5.094,2.8713565181891023,-2.4818869587156724,10108,3
201593,Nikola Pekovic,5.346388939501924,2014,28,5.307,1.8242541304236344,-3.522136141855138,6760,6
203501,Tim Hardaway Jr.,5.3284599086293785,2023,31,4.534,3.6122934012417502,-1.7161867294315012,8503,11
200081,Jamario Moon,5.320388939501923,2008,28,5.281,4.057254130423635,-1.262136141855138,8477,5
201229,Anthony Tolliver,5.3056802408535315,2015,30,4.866,3.8198554171161425,-1.485836256760454,5605,13
1628415,Dillon Brooks,5.3022389147228655,2021,25,5.043,3.6163565181891024,-1.6858869587156726,9359,7
203482,Kelly Olynyk,5.301956788387393,2015,24,4.737,3.288295382633778,-2.014671719610067,5852,11
1627759,Jaylen Brown,5.298238914722866,2022,25,5.039,2.0603565181891024,-3.2378869587156722,12448,8
202327,Ekpe Udoh,5.287238914722865,2012,25,5.028,0.9573565181891022,-4.329886958715672,4942,7
339,Tom Gugliotta,5.285680240853532,2000,30,4.846,3.0888554171161426,-2.196836256760454,6905,9
101150,Lou Williams,5.284388939501925,2015,28,5.245,4.825254130423634,-0.45913614185513807,8165,17
202703,Nikola Mirotic,5.282956788387393,2015,24,4.718,3.596295382633778,-1.687671719610067,6951,5
949,Shareef Abdur-Rahim,5.2700758206088985,2000,23,4.277,4.280426233225637,-0.9906678387759453,12288,12
1628389,Bam Adebayo,5.250956788387393,2022,24,4.686,1.1382953826337778,-4.112671719610068,9548,7
203994,Jusuf Nurkic,5.243995698750339,2024,29,5.057,2.370034582282618,-2.8739662532682084,8628,10
1626159,Justise Winslow,5.239075820608898,2019,23,4.246,1.9774262332256383,-3.2616678387759457,8005,8
203500,Steven Adams,5.225956788387393,2018,24,4.661,3.104295382633777,-2.120671719610067,10803,10
711,Jerry Stackhouse,5.222129072428059,2001,26,5.15,4.889825584765362,-0.332304584705707,12758,17
296,Rick Fox,5.212506393344607,2002,32,3.964,3.0879833954454927,-2.1245544824420692,11398,8
203471,Dennis Schroder,5.20499569875034,2023,29,5.018,2.4660345822826173,-2.7379662532682083,9977,11
201960,DeMarre Carroll,5.2010000000000005,2014,27,5.201,2.6920000000000006,-2.508,10121,11
201596,Mario Chalmers,5.183,2013,27,5.183,2.579,-2.604,10184,9
202391,Jeremy Lin,5.180075820608899,2012,23,4.187,1.8504262332256376,-3.328667838775945,3711,9
204001,Kristaps Porzingis,5.173956788387393,2020,24,4.609,3.1512953826337777,-2.022671719610067,7892,8
2215,Jason Collins,5.1701290724280575,2005,26,5.098,-0.8041744152346375,-5.974304584705708,9861,13
101139,CJ Miles,5.166388939501923,2015,28,5.127,1.8092541304236338,-3.357136141855138,7222,16
202355,Hassan Whiteside,5.164142556634529,2022,33,3.365,3.789613986562017,-1.374573752106296,4924,10
200752,Rudy Gay,5.157680240853532,2017,30,4.718,1.2948554171161426,-3.8628362567604535,3954,17
1629001,De'Anthony Melton,5.143075820608898,2021,23,4.15,2.2514262332256374,-2.8916678387759456,4756,6
3,Grant Long,5.138839211524922,2000,34,2.695,1.260923456496466,-3.877977012966446,3517,7
203,Nate McMillan,5.119506393344607,1997,32,3.871,0.6339833954454921,-4.485554482442069,3073,2
1627734,Domantas Sabonis,5.116388939501924,2024,28,5.077,4.657254130423635,-0.45913614185513807,12251,8
2449,Luis Scola,5.1155063933446066,2012,32,3.867,2.9169833954454925,-2.198554482442069,7826,10
203903,Jordan Clarkson,5.1116802408535325,2022,30,4.672,3.4688554171161425,-1.642836256760454,9246,10
203493,Reggie Bullock Jr.,5.1004599086293805,2022,31,4.306,1.8792934012417506,-3.2211867294315013,10188,11
204456,T.J. McConnell,5.0915063933446065,2024,32,3.843,3.596983395445492,-1.4945544824420693,5512,9
2400,Drew Gooden,5.090075820608899,2005,23,4.097,3.255426233225638,-1.8336678387759455,9329,14
1630200,Tre Jones,5.088956788387394,2024,24,4.524,2.739295382633778,-2.349671719610067,8880,4
105,Dan Majerle,5.088506393344606,1998,32,3.84,1.8939833954454923,-3.1945544824420686,7243,6
1628381,John Collins,5.067075820608897,2021,23,4.074,3.883426233225638,-1.1836678387759454,9913,7
1629630,Ja Morant,5.0620758206088965,2023,23,4.069,2.3444262332256374,-2.7166678387759458,8992,5
431,Shawn Kemp,5.058995698750339,1999,29,4.872,3.875034582282618,-1.1839662532682078,5426,7
202696,Nikola Vucevic,5.050388939501923,2019,28,5.011,2.286254130423634,-2.764136141855138,10742,13
1628374,Lauri Markkanen,5.050000000000001,2024,27,5.05,3.456,-1.5939999999999999,7586,7
2755,Kevin Martin,5.044680240853532,2013,30,4.605,4.405855417116143,-0.638836256760454,9609,12
1629632,Coby White,5.026956788387393,2024,24,4.462,5.847295382633778,0.8203282803899329,11645,5
757,Damon Stoudamire,5.026,2001,27,5.026,3.1060000000000003,-1.92,10413,12
960,Tony Delk,5.021129072428058,2000,26,4.949,2.5848255847653627,-2.4373045847057067,3144,10
101115,Andrew Bynum,5.008956788387392,2012,24,4.444,2.7362953826337777,-2.2736717196100673,9598,8
177,Muggsy Bogues,5.002506393344606,1997,32,3.754,3.079983395445492,-1.9225544824420693,7118,5
696,Travis Best,5.001999999999999,2000,27,5.002,2.6429999999999993,-2.359,8145,9
101129,Luther Head,5.000075820608897,2006,23,4.007,2.093426233225638,-2.9066678387759453,8433,6
765,Hersey Hawkins,4.996506393344607,1999,32,3.748,3.3669833954454926,-1.6295544824420691,6129,5
2443,Darius Songaila,4.981,2005,27,4.981,3.496,-1.4849999999999999,6665,8
1739,Ruben Patterson,4.979238914722865,2001,25,4.72,3.1703565181891027,-1.8088869587156728,7895,10
203957,Dante Exum,4.975388939501924,2024,28,4.936,2.1192541304236343,-2.8561361418551385,4572,7
731,Greg Ostertag,4.951680240853532,2003,30,4.512,-1.0961445828838574,-6.047836256760454,7612,10
1626166,Cameron Payne,4.94812907242806,2021,26,4.876,3.858825584765362,-1.0893045847057068,5975,9
201163,Wilson Chandler,4.914956788387393,2011,24,4.35,0.9152953826337775,-3.9996717196100673,10050,12
1631114,Jalen Williams,4.914075820608897,2024,23,3.921,1.6744262332256379,-3.2396678387759454,9361,2
1498,Antonio Daniels,4.9105063933446065,2007,32,3.662,3.4909833954454923,-1.4205544824420695,7411,13
1630631,Jose Alvarado,4.905129072428059,2024,26,4.833,1.4428255847653624,-3.462304584705707,4389,3
934,Derrick Coleman,4.903680240853532,1997,30,4.464,1.1798554171161428,-3.723836256760454,8377,9
1628978,Donte DiVincenzo,4.899075820608898,2020,23,3.906,1.734426233225638,-3.1646678387759453,7293,6
1533,Anthony Johnson,4.8924599086293785,2006,31,4.098,2.1822934012417505,-2.710186729431501,8247,13
202329,Al-Farouq Aminu,4.8899567883873925,2015,24,4.325,1.0422953826337777,-3.847671719610067,6059,11
956,Erick Dampier,4.864680240853533,2006,30,4.425,2.834855417116143,-2.029836256760454,8634,16
22,Rik Smits,4.86445990862938,1998,31,4.07,2.7452934012417503,-2.1181867294315015,9358,4
101187,Alan Anderson,4.859506393344607,2015,32,3.611,1.3349833954454922,-3.5245544824420687,7354,8
1725,Rasho Nesterovic,4.850995698750339,2005,29,4.664,0.1620345822826179,-4.689966253268207,6999,12
201177,Josh McRoberts,4.834,2014,27,4.834,3.983,-0.8519999999999999,9352,11
1629673,Jordan Poole,4.8230758206088975,2022,23,3.83,3.620426233225638,-1.2026678387759453,11790,5
134,Kevin Johnson,4.801459908629379,1997,31,4.007,4.9562934012417506,0.1538132705684987,11151,3
369,Charlie Ward,4.797506393344606,2003,32,3.549,2.449983395445492,-2.347554482442069,5616,9
2248,Earl Watson,4.7972389147228665,2004,25,4.538,1.5223565181891021,-3.2758869587156725,6505,13
103,Todd Day,4.787680240853531,2000,30,4.348,2.137855417116143,-2.6498362567604543,4023,4
905,Dale Davis,4.776459908629379,2000,31,3.982,2.2372934012417502,-2.539186729431501,10977,11
1715,Jason Williams,4.772839211524922,2010,34,2.329,3.5499234564964657,-1.2229770129664461,7273,12
2250,Bobby Simmons,4.762238914722866,2005,25,4.503,3.2603565181891025,-1.5018869587156725,10372,10
904,Chris Mullin,4.7598392115249215,1998,34,2.316,1.9849234564964657,-2.773977012966446,9579,5
1733,Al Harrington,4.758506393344606,2012,32,3.51,3.378983395445492,-1.3805544824420695,7404,16
1719,Bonzi Wells,4.754956788387394,2001,24,4.19,3.333295382633778,-1.421671719610067,7421,10
2067,Eddie House,4.750680240853532,2008,30,4.311,1.7728554171161428,-2.9778362567604537,6264,11
271,Johnny Newman,4.742142556634528,1997,33,2.943,2.432613986562017,-2.309573752106296,7697,6
1630,Mikki Moore,4.741459908629379,2007,31,3.947,2.3812934012417504,-2.3601867294315015,9257,13
49,Gheorghe Muresan,4.738129072428059,1997,26,4.666,0.7438255847653625,-3.994304584705707,7184,3
722,Corliss Williamson,4.732142556634528,2007,33,2.933,0.8986139865620166,-3.8335737521062967,5174,11
1521,Jacque Vaughn,4.7245063933446065,2007,32,3.476,1.2419833954454922,-3.482554482442069,3577,12
762,Shawn Bradley,4.709142556634529,2005,33,2.91,2.0506139865620168,-2.6575737521062965,3530,9
1513,Scot Pollard,4.705129072428058,2001,26,4.633,-0.1791744152346375,-4.884304584705708,6760,11
1628970,Miles Bridges,4.704956788387394,2022,24,4.14,4.359295382633778,-0.34567171961006715,11791,5
101119,Rashad McCants,4.691075820608898,2008,23,3.698,4.198426233225638,-0.49266783877594533,7756,4
1088,Chucky Atkins,4.682680240853532,2005,30,4.243,5.7708554171161435,1.088163743239546,11192,11
682,Bob Sura,4.6765063933446065,2005,32,3.428,2.2119833954454924,-2.4655544824420694,7890,9
201155,Rodney Stuckey,4.671238914722865,2011,25,4.412,4.452356518189102,-0.21888695871567254,7999,10
1629057,Robert Williams III,4.670956788387393,2022,24,4.106,0.09029538263377779,-4.580671719610068,8624,6
1005,Walt Williams,4.657680240853532,2000,30,4.218,2.4878554171161427,-2.170836256760454,7365,7
202389,Timofey Mozgov,4.653388939501925,2015,28,4.614,0.5112541304236342,-4.142136141855138,9959,8
203952,Andrew Wiggins,4.651956788387393,2019,24,4.087,3.304295382633778,-1.3476717196100672,10587,10
1631170,Jaime Jaquez Jr.,4.651075820608897,2024,23,3.658,3.197426233225638,-1.4536678387759456,8825,1
1630166,Deni Avdija,4.651075820608897,2024,23,3.658,2.530426233225638,-2.1206678387759457,9663,4
2073,Brian Cardinal,4.643000000000001,2004,27,4.643,4.014999999999999,-0.6280000000000001,6039,12
677,Eric Williams,4.632459908629379,2004,31,3.838,1.6952934012417504,-2.9371867294315015,7156,11
383,Kendall Gill,4.629995698750339,1997,29,4.443,3.4690345822826174,-1.1609662532682081,12432,9
1023,Emanual Davis,4.623506393344607,2001,32,3.375,2.0269833954454923,-2.596554482442069,4893,6
2060,Marko Jaric,4.604129072428059,2005,26,4.532,2.412825584765362,-2.192304584705707,6127,7
203095,Evan Fournier,4.598238914722867,2018,25,4.339,3.053356518189102,-1.5448869587156726,7668,12
2568,Carlos Delfino,4.586680240853532,2013,30,4.147,2.871855417116142,-1.714836256760454,7183,8
201975,Jodie Meeks,4.580075820608897,2011,23,3.587,2.5154262332256376,-2.0646678387759456,8317,10
201162,Jared Dudley,4.577956788387393,2010,24,4.013,3.2492953826337776,-1.328671719610067,9240,14
1627826,Ivica Zubac,4.562075820608897,2020,23,3.569,1.370426233225638,-3.1916678387759454,6809,8
73,Hot Rod Williams,4.561839211524922,1997,34,2.118,2.6019234564964657,-1.9599770129664462,8609,3
53,Mario Elie,4.559142556634528,1997,33,2.76,3.2076139865620164,-1.3525737521062962,12440,5
101177,Fabricio Oberto,4.558506393344607,2007,32,3.31,2.4279833954454926,-2.1305544824420695,6621,6
203460,Andre Roberson,4.556075820608898,2015,23,3.563,-0.01157376677436206,-4.567667838775946,5162,7
201580,JaVale McGee,4.554995698750339,2017,29,4.368,3.8260345822826185,-0.728966253268208,3800,16
203118,Mike Scott,4.545459908629379,2020,31,3.751,2.27129340124175,-2.2741867294315012,5037,9
895,Tyrone Corbin,4.540839211524921,1997,34,2.097,1.180923456496466,-3.3609770129664467,9586,5
2590,Mo Williams,4.523129072428059,2009,26,4.451,3.2998255847653626,-1.2233045847057071,12260,13
446,Lucious Harris,4.508142556634528,2004,33,2.709,2.2226139865620165,-2.2855737521062958,6242,9
891,Charles Oakley,4.482142556634528,1997,33,2.683,1.1906139865620164,-3.291573752106297,12140,8
2047,Quentin Richardson,4.471956788387393,2004,24,3.907,3.247295382633778,-1.224671719610067,9075,13
101141,Ersan Ilyasova,4.4649567883873935,2011,24,3.9,2.3902953826337776,-2.074671719610067,5645,13
65,Greg Minor,4.443,1999,27,4.443,1.2120000000000002,-3.2310000000000003,2975,3
201954,Darren Collison,4.440000000000001,2015,27,4.44,1.0770000000000004,-3.363,6207,11
202714,Shelvin Mack,4.438956788387394,2014,24,3.874,2.723295382633778,-1.715671719610067,6239,8
201,Chris Dudley,4.420142556634529,1998,33,2.621,-0.6433860134379832,-5.063573752106297,3320,7
2217,Brendan Haywood,4.4172389147228674,2005,25,4.158,-1.2856434818108977,-5.702886958715672,8465,13
916,Corie Blount,4.414839211524922,2003,34,1.971,1.4079234564964658,-3.0069770129664466,3123,8
203918,Rodney Hood,4.409075820608898,2016,23,3.416,3.830426233225638,-0.5796678387759453,9346,8
202709,Cory Joseph,4.4080758206088975,2015,23,3.415,1.132426233225638,-3.2746678387759456,5598,13
203084,Harrison Barnes,4.387075820608898,2015,23,3.394,1.347426233225638,-3.0396678387759453,12175,12
203915,Spencer Dinwiddie,4.38645990862938,2024,31,3.592,3.95529340124175,-0.4301867294315014,8901,10
2223,Samuel Dalembert,4.381,2007,27,4.381,2.661,-1.7200000000000002,9391,13
2404,Chris Wilcox,4.380956788387394,2007,24,3.816,4.425295382633777,0.04432828038993286,9963,11
101127,Jarrett Jack,4.373839211524921,2018,34,1.93,3.2009234564964655,-1.1729770129664463,6173,13
201145,Jeff Green,4.359839211524922,2021,34,1.916,2.800923456496466,-1.5589770129664464,8164,16
15,Eric Piatkowski,4.351506393344606,2003,32,3.103,2.902983395445492,-1.448554482442069,5225,12
2731,Emeka Okafor,4.349388939501923,2011,28,4.31,0.686254130423634,-3.663136141855138,9037,10
1727,Pat Garrity,4.3452389147228665,2002,25,4.086,3.8633565181891023,-0.48088695871567255,9740,10
1627788,Furkan Korkmaz,4.335075820608898,2021,23,3.342,1.9484262332256383,-2.3866678387759457,5146,7
1628395,Jordan Bell,4.312075820608897,2018,23,3.319,1.7734262332256376,-2.538667838775945,4025,5
203944,Julius Randle,4.303129072428058,2021,26,4.231,2.2708255847653627,-2.031304584705707,11272,10
202335,Patrick Patterson,4.283000000000001,2016,27,4.283,3.836,-0.44700000000000006,9828,11
911,Ervin Johnson,4.277142556634528,2001,33,2.478,0.6226139865620164,-3.6545737521062964,9579,10
1000,Shandon Anderson,4.2674599086293785,2005,31,3.473,1.7612934012417503,-2.5061867294315014,4756,10
2039,Keyon Dooling,4.26545990862938,2011,31,3.471,1.8152934012417505,-2.4501867294315014,6535,13
202699,Tobias Harris,4.261956788387394,2017,24,3.697,2.647295382633778,-1.614671719610067,10164,13
1506,Austin Croshere,4.261238914722865,2000,25,4.002,2.147356518189102,-2.1138869587156726,9173,12
201147,Corey Brewer,4.258388939501925,2014,28,4.219,2.780254130423634,-1.4781361418551382,10775,13
1629651,Nic Claxton,4.256956788387393,2023,24,3.692,1.9362953826337779,-2.321671719610067,9655,5
2230,Maurice Evans,4.254388939501924,2007,28,4.215,3.4582541304236347,-0.7961361418551383,6811,9
202722,Dāvis Bertāns,4.254129072428059,2019,26,4.182,3.577825584765362,-0.6763045847057071,7094,8
1628371,Jonathan Isaac,4.2531290724280595,2024,26,4.181,-0.7851744152346374,-5.038304584705708,3766,5
1627763,Malcolm Brogdon,4.250129072428059,2019,26,4.178,2.4268255847653624,-1.8233045847057068,8548,8
203935,Marcus Smart,4.250075820608897,2017,23,3.257,2.0254262332256383,-2.2246678387759458,11850,10
238,Tyrone Hill,4.249142556634529,2001,33,2.45,2.5506139865620163,-1.6975737521062964,11548,8
420,Jayson Williams,4.2416802408535315,1998,30,3.802,1.9978554171161425,-2.2438362567604537,9267,3
1628984,Devonte' Graham,4.237129072428058,2021,26,4.165,1.247825584765362,-2.9893045847057067,6746,6
203967,Dario Saric,4.237,2021,27,4.237,2.108,-2.13,4127,7
1628386,Jarrett Allen,4.235238914722867,2023,25,3.976,1.6713565181891021,-2.5638869587156727,9426,7
1629056,Terence Davis,4.213075820608898,2020,23,3.22,2.6614262332256375,-1.5516678387759455,5404,4
204038,Langston Galloway,4.212075820608897,2015,23,3.219,2.3874262332256384,-1.8236678387759453,5540,8
1510,Brevin Knight,4.210956788387394,2000,24,3.646,1.2552953826337778,-2.9556717196100672,7232,12
201564,O.J. Mayo,4.193075820608898,2011,23,3.2,4.401426233225638,0.20733216122405462,8468,8
201584,Courtney Lee,4.190129072428059,2012,26,4.118,2.669825584765362,-1.519304584705707,6581,12
95,Mark Bryant,4.188142556634528,1998,33,2.389,1.6966139865620167,-2.491573752106296,4542,7
2049,Speedy Claxton,4.186388939501924,2006,28,4.147,2.6812541304236337,-1.5061361418551382,7361,7
201973,Jonas Jerebko,4.183388939501924,2015,28,4.144,1.0792541304236343,-3.104136141855138,5015,9
1627863,Danuel House Jr.,4.175129072428058,2019,26,4.103,2.239825584765362,-1.9343045847057065,4530,8
202683,Enes Freedom,4.1749956987503385,2021,29,3.988,4.046034582282617,-0.1289662532682081,7307,11
202397,Ish Smith,4.171506393344607,2021,32,2.923,1.6669833954454925,-2.504554482442069,4668,14
2208,Kedrick Brown,4.169075820608898,2004,23,3.176,1.926426233225638,-2.2426678387759456,3645,4
990,Malik Rose,4.164,2002,27,4.164,1.214,-2.951,7583,13
2137,Ime Udoka,4.161680240853531,2008,30,3.722,0.8158554171161425,-3.3448362567604537,5812,7
693,Joe Smith,4.151129072428059,2002,26,4.079,1.0848255847653627,-3.066304584705706,7424,15
330,Danny Manning,4.145506393344607,1998,32,2.897,0.7509833954454921,-3.3945544824420697,6729,7
248,George Lynch,4.142506393344607,2003,32,2.894,0.7329833954454923,-3.4095544824420694,6209,9
45,George McCloud,4.141142556634529,2000,33,2.342,4.865613986562017,0.7244262478937038,8333,6
1629611,Terance Mann,4.140956788387394,2021,24,3.576,2.9012953826337777,-1.239671719610067,6587,5
1629027,Trae Young,4.139075820608897,2022,23,3.146,5.577426233225638,1.4383321612240547,11962,6
202730,Lavoy Allen,4.13412907242806,2015,26,4.062,1.5458255847653621,-2.587304584705707,4105,6
1921,Gordan Giricek,4.129,2004,27,4.129,3.0179999999999993,-1.1099999999999999,7736,6
1631246,Vince Williams Jr.,4.119075820608897,2024,23,3.126,1.7384262332256375,-2.3806678387759455,5802,2
203079,Dion Waiters,4.103238914722866,2017,25,3.844,1.3823565181891024,-2.7208869587156728,5508,8
2470,Smush Parker,4.103238914722866,2006,25,3.844,1.926356518189102,-2.1768869587156727,11598,5
1626181,Norman Powell,4.08845990862938,2024,31,3.294,2.9242934012417505,-1.1641867294315016,8290,9
1629023,P.J. Washington,4.0810758206088975,2022,23,3.088,2.567426233225638,-1.5136678387759452,7417,5
1627780,Gary Payton II,4.0784599086293785,2024,31,3.284,0.7882934012417504,-3.290186729431502,2839,8
202328,Greg Monroe,4.071238914722866,2015,25,3.812,1.5053565181891018,-2.5658869587156725,8185,10
1628989,Kevin Huerter,4.068075820608898,2022,23,3.075,2.6214262332256384,-1.446667838775945,9859,6
1629652,Luguentz Dort,4.059956788387394,2023,24,3.495,2.429295382633778,-1.630671719610067,9807,5
203090,Maurice Harkless,4.054956788387393,2017,24,3.49,3.0952953826337777,-0.9586717196100671,9299,10
2743,Kris Humphries,4.051,2012,27,4.051,4.244,0.19300000000000006,8130,13
1630202,Payton Pritchard,4.026129072428059,2024,26,3.954,4.330825584765363,0.304695415294293,7297,4
1627936,Alex Caruso,4.021129072428058,2020,26,3.949,0.13482558476536255,-3.8863045847057065,7003,7
101126,Nate Robinson,4.019680240853532,2014,30,3.58,1.2088554171161427,-2.810836256760454,3428,11
966,Jerome Williams,4.01,2000,27,4.01,1.77,-2.239,8645,9
1626174,Christian Wood,4.0099567883873934,2020,24,3.445,2.3202953826337773,-1.6896717196100668,5311,8
203115,Will Barton,4.005680240853533,2021,30,3.566,2.2908554171161426,-1.714836256760454,7186,11
202692,Alec Burks,3.9966802408535327,2022,30,3.557,2.1888554171161423,-1.807836256760454,9168,13
1630230,Naji Marshall,3.993129072428058,2024,26,3.921,1.1878255847653625,-2.8043045847057066,5244,4
203527,Ryan Kelly,3.992075820608898,2014,23,2.999,3.207426233225638,-0.7846678387759454,5447,4
203914,Gary Harris,3.984075820608897,2018,23,2.991,2.205426233225638,-1.7786678387759454,9270,10
101138,Brandon Bass,3.9830000000000005,2012,27,3.983,1.7419999999999995,-2.24,9215,12
2624,Quinton Ross,3.9802389147228667,2006,25,3.721,0.2223565181891023,-3.758886958715673,6849,7
384,Calbert Cheaney,3.9764599086293795,2003,31,3.182,2.6842934012417503,-1.2911867294315014,9090,10
1629052,Oshae Brissett,3.9700758206088977,2021,23,2.977,2.5444262332256384,-1.4256678387759452,2551,5
2745,Kirk Snyder,3.9700758206088977,2006,23,2.977,1.5824262332256378,-2.387667838775945,4768,4
201168,Tiago Splitter,3.9636802408535323,2015,30,3.524,0.47085541711614276,-3.491836256760454,4486,7
2198,Kwame Brown,3.9532389147228666,2007,25,3.694,2.022356518189102,-1.9308869587156727,4764,12
1626172,Kevon Looney,3.941075820608898,2019,23,2.948,2.098426233225638,-1.8426678387759454,7930,9
1627777,Georges Niang,3.9273889395019244,2021,28,3.888,1.8412541304236338,-2.086136141855138,5334,8
201945,Gerald Henderson,3.926,2015,27,3.926,1.3750000000000004,-2.551,8841,8
201949,James Johnson,3.9143889395019245,2015,28,3.875,1.3582541304236342,-2.557136141855138,5335,15
203544,Pero Antic,3.9044599086293785,2014,31,3.11,-0.12270659875824963,-4.027186729431501,4265,2
1626156,D'Angelo Russell,3.8971290724280587,2022,26,3.825,2.7458255847653623,-1.151304584705707,9661,9
1628379,Luke Kennard,3.885,2023,27,3.885,2.342,-1.544,5797,7
1630573,Sam Hauser,3.869129072428059,2024,26,3.797,1.3388255847653623,-2.530304584705707,7060,3
954,Kerry Kittles,3.8591290724280585,2000,26,3.787,1.377825584765362,-2.480304584705707,7411,8
202337,Luke Babbitt,3.851238914722867,2014,25,3.592,2.0843565181891024,-1.7678869587156725,1775,8
1626204,Larry Nance Jr.,3.8496802408535324,2023,30,3.41,1.4748554171161428,-2.3738362567604545,5533,9
278,Stacey Augmon,3.848142556634528,2002,33,2.049,1.2526139865620167,-2.5955737521062963,5474,10
1628398,Kyle Kuzma,3.8360758206088974,2019,23,2.843,2.835426233225638,-1.0006678387759453,9919,7
2768,Chris Duhon,3.8339567883873937,2007,24,3.269,0.5522953826337775,-3.2826717196100677,8110,9
673,Alan Henderson,3.8128392115249214,2007,34,1.369,0.981923456496466,-2.8309770129664464,1583,11
1722,Michael Dickerson,3.8059567883873933,1999,24,3.241,1.6202953826337771,-2.1856717196100672,6138,5
1626179,Terry Rozier,3.798,2021,27,3.798,4.132999999999999,0.33499999999999996,9909,9
201574,Jason Thompson,3.793,2014,27,3.793,1.677,-2.116,7859,8
1628366,Lonzo Ball,3.774075820608898,2021,23,2.781,1.7544262332256375,-2.0196678387759457,7213,5
1626167,Myles Turner,3.764388939501924,2024,28,3.725,2.0632541304236343,-1.701136141855138,8879,9
201958,Rodrigue Beaubois,3.7609567883873933,2012,24,3.196,1.6882953826337777,-2.073671719610067,4472,4
1628449,Chris Boucher,3.7369956987503388,2022,29,3.55,0.649034582282618,-3.087966253268209,7219,7
1628408,PJ Dozier,3.735956788387393,2021,24,3.171,-0.34070461736622226,-4.077671719610068,4330,6
201961,Wayne Ellington,3.7349999999999994,2015,27,3.735,0.6430000000000002,-3.092,6450,13
203552,Seth Curry,3.733680240853533,2021,30,3.294,2.1548554171161425,-1.5798362567604542,8198,10
201611,Henry Walker,3.7320758206088973,2011,23,2.739,1.023426233225638,-2.7076678387759454,3467,5
1629731,Dean Wade,3.729,2024,27,3.729,-1.066,-4.795,4481,5
1716,Larry Hughes,3.7279999999999998,2006,27,3.728,2.3699999999999997,-1.358,6037,13
98,Nick Anderson,3.726995698750339,1997,29,3.54,1.2030345822826174,-2.523966253268208,8567,6
345,Terry Porter,3.7258392115249217,1997,34,1.282,0.5849234564964659,-3.140977012966446,6186,6
2592,James Jones,3.725238914722867,2006,25,3.466,3.583356518189102,-0.14188695871567258,8301,14
1627812,Yogi Ferrell,3.7222389147228667,2018,25,3.463,0.5313565181891025,-3.1908869587156725,8997,5
202688,Brandon Knight,3.721075820608897,2015,23,2.728,2.006426233225638,-1.7146678387759453,8028,9
1626153,Delon Wright,3.714459908629379,2023,31,2.92,1.6092934012417501,-2.1051867294315016,4937,9
2581,Steve Blake,3.708995698750339,2009,29,3.522,2.332034582282618,-1.3769662532682083,8634,13
201167,Arron Afflalo,3.7062389147228667,2011,25,3.447,2.298356518189103,-1.4078869587156726,9532,11
1425,Aaron Williams,3.695388939501925,2000,28,3.656,2.645254130423634,-1.0511361418551382,5991,12
202685,Jonas Valanciunas,3.694995698750339,2021,29,3.508,2.231034582282618,-1.4629662532682077,8218,12
216,Brian Shaw,3.6928392115249222,2000,34,1.249,3.169923456496466,-0.5219770129664463,6482,7
1731,Tyronn Lue,3.6911290724280583,2003,26,3.619,3.4408255847653626,-0.25030458470570693,7297,11
203096,Jared Sullinger,3.6770758206088976,2015,23,2.684,1.8584262332256376,-1.8186678387759454,6495,5
201156,Nick Young,3.6765063933446065,2017,32,2.428,2.906983395445492,-0.7695544824420694,6400,12
1629622,Max Strus,3.6563889395019245,2024,28,3.617,1.738254130423634,-1.919136141855138,9228,5
203488,Mike Muscala,3.6544599086293785,2023,31,2.86,1.6522934012417503,-2.0031867294315013,4054,11
2562,Sasha Pavlovic,3.643075820608898,2007,23,2.65,-0.578573766774362,-4.221667838775946,7955,10
101179,Ronnie Price,3.6415063933446064,2015,32,2.393,1.593983395445492,-2.0475544824420693,3864,12
2436,Flip Murray,3.635995698750339,2009,29,3.449,2.2880345822826182,-1.347966253268208,8656,8
203489,Nate Wolters,3.635075820608897,2014,23,2.642,0.185426233225638,-3.4496678387759454,5027,3
201164,Rudy Fernandez,3.6319567883873938,2009,24,3.067,1.8962953826337778,-1.735671719610067,7808,4
1629639,Tyler Herro,3.6080758206088976,2023,23,2.615,2.5654262332256375,-1.0426678387759454,9624,5
692,Andrew DeClercq,3.606680240853532,2003,30,3.167,0.6348554171161429,-2.970836256760454,5450,9
1628976,Wendell Carter Jr.,3.604075820608898,2022,23,2.611,0.0874262332256377,-3.5166678387759456,7604,6
1629656,Quentin Grimes,3.601075820608898,2023,23,2.608,2.0254262332256383,-1.5766678387759454,9382,3
1915,Evan Eschmeyer,3.600129072428059,2001,26,3.528,0.4968255847653622,-3.1023045847057067,5150,4
2735,Josh Childress,3.597956788387393,2007,24,3.033,2.458295382633778,-1.139671719610067,7566,8
202333,Xavier Henry,3.5950758206088977,2014,23,2.602,0.4334262332256378,-3.161667838775945,3770,5
1908,Jumaine Jones,3.5830758206088973,2002,23,2.59,3.324426233225638,-0.25866783877594535,8041,8
1630175,Cole Anthony,3.577075820608897,2023,23,2.584,2.5784262332256382,-0.9986678387759453,6334,4
1629638,Nickeil Alexander-Walker,3.574238914722866,2024,25,3.315,1.2313565181891026,-2.3438869587156725,7910,5
203503,Tony Snell,3.570956788387394,2016,24,3.006,-1.4237046173662224,-4.995671719610067,5137,9
1630167,Obi Toppin,3.568129072428059,2024,26,3.496,3.5168255847653622,-0.05130458470570687,7542,4
203933,T.J. Warren,3.5621290724280588,2020,26,3.49,2.0198255847653623,-1.542304584705707,9575,9
1711,Raef LaFrentz,3.560238914722867,2001,25,3.301,1.838356518189102,-1.7218869587156727,9519,10
702,Voshon Lenard,3.5592389147228665,1998,25,3.3,2.2043565181891016,-1.3548869587156727,10359,10
202702,Kenneth Faried,3.547238914722867,2015,25,3.288,2.9703565181891016,-0.5758869587156727,8251,8
2742,Sebastian Telfair,3.5359567883873937,2009,24,2.971,2.958295382633778,-0.5776717196100671,8017,10
1762,Tremaine Fowlkes,3.535,2003,27,3.535,0.45699999999999985,-3.078,2212,4
201579,Roy Hibbert,3.531238914722867,2012,25,3.272,2.5663565181891017,-0.9658869587156726,8461,9
201585,Kosta Koufos,3.523129072428059,2015,26,3.451,0.002825584765362432,-3.520304584705707,5630,11
1519,John Thomas,3.5020758206088978,1999,23,2.509,0.013426233225637851,-3.488667838775945,2213,5
43,Chris Whitney,3.5016802408535317,2002,30,3.062,3.403855417116142,-0.09783625676045404,8072,8
2306,Carlos Arroyo,3.5009567883873935,2004,24,2.936,2.213295382633777,-1.2866717196100672,7189,9
1720,Michael Doleac,3.4990758206088977,2000,23,2.506,0.9004262332256379,-2.5996678387759458,5427,10
201166,Aaron Brooks,3.494680240853532,2015,30,3.055,3.1228554171161433,-0.37183625676045406,7715,10
203121,Darius Miller,3.480956788387394,2014,24,2.916,0.13929538263377772,-3.3426717196100673,2786,6
1944,Eddie Robinson,3.4669567883873937,2000,24,2.902,2.1102953826337774,-1.356671719610067,4626,5
200779,Steve Novak,3.465995698750339,2012,29,3.279,2.319034582282618,-1.146966253268208,4263,11
200758,Ronnie Brewer,3.463075820608898,2008,23,2.47,1.6424262332256379,-1.8196678387759453,9430,8
101118,Sean May,3.452075820608897,2007,23,2.459,1.7004262332256381,-1.7506678387759453,3211,4
2050,Morris Peterson,3.4403889395019243,2006,28,3.401,4.410254130423635,0.9698638581448619,11847,11
1629028,Deandre Ayton,3.439075820608897,2022,23,2.446,1.8534262332256377,-1.5866678387759456,8599,6
101181,Jose Calderon,3.436506393344607,2014,32,2.188,3.487983395445492,0.05144551755793059,10389,14
1626192,Pat Connaughton,3.4223889395019245,2021,28,3.383,1.7102541304236336,-1.7121361418551382,8828,9
1630198,Isaiah Joe,3.4179567883873934,2024,24,2.853,0.7982953826337775,-2.619671719610067,6031,4
1628392,Isaiah Hartenstein,3.411129072428059,2024,26,3.339,1.1988255847653626,-2.212304584705707,7695,6
994,Jamie Feick,3.408956788387393,1999,24,2.844,3.1242953826337776,-0.2856717196100671,3281,5
1631165,Keon Ellis,3.4019567883873933,2024,24,2.837,-0.5167046173662224,-3.918671719610067,4211,2
101128,Francisco Garcia,3.3892389147228665,2007,25,3.13,0.5993565181891021,-2.7908869587156726,5653,10
1761,Greg Buckner,3.3819567883873938,2001,24,2.817,0.8662953826337776,-2.5156717196100673,3355,10
265,Harvey Grant,3.364142556634528,1999,33,1.565,0.9846139865620165,-2.3805737521062964,3005,3
1629003,Shake Milton,3.358129072428058,2023,26,3.286,2.1668255847653617,-1.191304584705707,6519,6
899,Mark Price,3.3551425566345285,1997,33,1.556,2.3936139865620167,-0.9615737521062961,7351,2
1629011,Mitchell Robinson,3.345238914722867,2023,25,3.086,0.9273565181891024,-2.417886958715673,7402,6
2427,Roger Mason Jr.,3.3373889395019245,2009,28,3.298,2.3752541304236345,-0.9621361418551382,9462,10
203937,Kyle Anderson,3.3309567883873936,2018,24,2.766,0.6992953826337778,-2.631671719610067,8101,10
1628370,Malik Monk,3.329956788387394,2022,24,2.765,3.830295382633778,0.5013282803899329,8736,7
375,Isaiah Rider,3.327995698750339,2000,29,3.141,2.2910345822826184,-1.036966253268208,8092,6
2410,Fred Jones,3.3232389147228667,2004,25,3.064,1.1453565181891023,-2.1778869587156726,6397,7
1626149,Montrezl Harrell,3.318129072428059,2020,26,3.246,1.5928255847653618,-1.7263045847057068,8471,8
1629014,Anfernee Simons,3.314075820608897,2022,23,2.321,2.5094262332256383,-0.8046678387759454,6707,6
970,Othella Harrington,3.3064599086293796,2005,31,2.512,0.49829340124175037,-2.808186729431501,5264,12
976,Jeff McInnis,3.300680240853533,2005,30,2.861,3.1178554171161426,-0.182836256760454,9781,11
137,Vernon Maxwell,3.2961425566345284,1999,33,1.497,2.3456139865620167,-0.9505737521062962,4345,5
901,Otis Thorpe,3.2918392115249215,1997,34,0.848,2.1309234564964656,-1.1609770129664463,9805,5
179,Bryant Stith,3.2809956987503384,2000,29,3.094,0.5630345822826177,-2.717966253268208,2686,6
1628971,Bruce Brown,3.280956788387394,2021,24,2.716,2.8152953826337774,-0.46467171961006715,6996,6
203210,JaMychal Green,3.275459908629379,2021,31,2.481,2.1742934012417505,-1.1011867294315012,5187,9
203924,Jerami Grant,3.2729999999999997,2021,27,3.273,1.017,-2.256,7381,10
200751,Randy Foye,3.2725063933446066,2016,32,2.024,1.1079833954454923,-2.1645544824420693,7284,11
2205,DeSagana Diop,3.270956788387393,2006,24,2.706,0.12229538263377782,-3.1486717196100673,6962,12
2204,Eddie Griffin,3.2640758206088973,2005,23,2.271,2.7334262332256385,-0.5306678387759454,5545,5
2421,Frank Williams,3.2639567883873934,2004,24,2.699,0.8822953826337776,-2.381671719610067,2871,3
203939,Dwight Powell,3.2623889395019243,2020,28,3.223,1.203254130423634,-2.059136141855138,4307,10
1903,Kenny Thomas,3.2531290724280586,2004,26,3.181,2.1048255847653623,-1.148304584705707,9883,11
201967,Dante Cunningham,3.252,2014,27,3.252,2.3780000000000006,-0.8740000000000001,6497,10
2570,Kendrick Perkins,3.2462389147228667,2010,25,2.987,0.5873565181891021,-2.6588869587156725,10309,14
1499,Tony Battie,3.245,2003,27,3.245,0.04800000000000004,-3.1969999999999996,7081,14
400,Derek Strong,3.2426802408535322,1998,30,2.803,1.1878554171161428,-2.0548362567604537,5998,5
1563,Kevin Ollie,3.241680240853532,2003,30,2.802,1.7158554171161424,-1.524836256760454,6966,13
201601,Luc Mbah a Moute,3.2372389147228664,2012,25,2.978,-0.5536434818108975,-3.790886958715673,3976,12
690,Don Reid,3.2342389147228663,1999,25,2.975,0.2173565181891024,-3.0168869587156726,3460,7
202357,Nemanja Bjelica,3.2275063933446066,2020,32,1.979,2.8099833954454922,-0.4175544824420695,8185,7
200816,Jorge Garbajosa,3.2259956987503386,2007,29,3.039,0.8070345822826179,-2.4189662532682084,7345,2
164,Chris Childs,3.2234599086293794,1999,31,2.429,1.7962934012417504,-1.4271867294315015,6425,7
1724,Bryce Drew,3.2162389147228665,2000,25,2.957,2.040356518189102,-1.1758869587156728,5042,6
1631106,Tari Eason,3.2160758206088973,2024,23,2.223,-0.947573766774362,-4.163667838775946,1960,2
2557,Luke Ridnour,3.211459908629379,2012,31,2.417,3.34529340124175,0.13381327056849868,6696,12
1626171,Bobby Portis,3.202,2022,27,3.202,1.339,-1.863,9586,9
365,Derrick McKey,3.1985063933446067,1999,32,1.95,-0.08101660455450777,-3.2795544824420695,1699,6
201571,D.J. Augustin,3.196506393344607,2020,32,1.948,0.6669833954454925,-2.5295544824420695,6323,14
399,Sean Rooks,3.190459908629379,2001,31,2.396,1.2402934012417504,-1.9501867294315012,5685,8
1627736,Malik Beasley,3.185956788387394,2021,24,2.621,1.6702953826337779,-1.5156717196100673,5048,8
1721,Keon Clark,3.1723889395019245,2003,28,3.133,-0.4077458695763658,-3.580136141855138,7636,6
1630557,Corey Kispert,3.1720758206088977,2022,23,2.179,3.7304262332256384,0.5583321612240546,7256,3
1629020,Jarred Vanderbilt,3.1710758206088974,2022,23,2.178,1.6504262332256379,-1.5206678387759454,8442,6
1541,Alvin Williams,3.1690000000000005,2002,27,3.169,1.9599999999999995,-1.209,11631,9
202066,Garrett Temple,3.167142556634529,2019,33,1.368,1.4256139865620168,-1.7425737521062963,8535,14
200789,Daniel Gibson,3.154075820608897,2009,23,2.161,1.785426233225638,-1.3686678387759457,7267,7
1627751,Jakob Poeltl,3.153956788387394,2020,24,2.589,2.755295382633778,-0.3996717196100672,4923,8
101154,Andray Blatche,3.1369567883873937,2011,24,2.572,1.7362953826337777,-1.400671719610067,8400,9
101155,Ryan Gomes,3.1282389147228664,2008,25,2.869,2.5953565181891016,-0.5328869587156726,9343,8
178,Olden Polynice,3.1215063933446068,1997,32,1.873,2.2599833954454924,-0.8625544824420693,10887,6
452,Vin Baker,3.1213889395019243,2000,28,3.082,1.6222541304236344,-1.499136141855138,11603,10
1108,Tony Farmer,3.1186802408535326,2000,30,2.679,3.4608554171161425,0.3421637432395459,4913,2
203458,Alex Len,3.113459908629379,2024,31,2.319,0.48129340124175046,-2.632186729431501,1881,11
228,Adam Keefe,3.1033889395019245,1998,28,3.064,1.464254130423634,-1.6391361418551382,8175,5
28,Doug West,3.1031425566345288,2000,33,1.304,-0.6993860134379832,-3.8035737521062964,2230,5
203087,Jeremy Lamb,3.0969567883873936,2016,24,2.532,-0.6507046173662223,-3.7476717196100675,4946,10
203469,Cody Zeller,3.094956788387393,2017,24,2.53,0.2442953826337777,-2.8506717196100673,6780,11
221,Clar. Weatherspoon,3.0919956987503383,2000,29,2.905,-0.8979654177173821,-3.989966253268208,6548,9
2605,Marquis Daniels,3.0893889395019243,2009,28,3.05,0.005254130423633985,-3.0841361418551383,6806,10
1928,Todd MacCulloch,3.086129072428058,2002,26,3.014,0.43082558476536237,-2.656304584705707,7365,4
203085,Austin Rivers,3.085238914722867,2018,25,2.826,2.9783565181891025,-0.10688695871567266,8259,11
1901,Dion Glover,3.0809567883873936,2003,24,2.516,0.34329538263377746,-2.7376717196100673,7213,6
203998,Bruno Caboclo,3.0780758206088974,2019,23,2.085,1.3324262332256378,-1.7466678387759453,3211,7
2038,Joel Przybilla,3.0659956987503385,2009,29,2.879,-0.5219654177173823,-3.587966253268209,7601,13
202708,Norris Cole,3.063238914722867,2014,25,2.804,1.6433565181891026,-1.420886958715673,8960,6
2567,Brian Cook,3.0511290724280586,2007,26,2.979,1.2828255847653622,-1.768304584705707,4063,9
1626168,Trey Lyles,3.046388939501924,2024,28,3.007,0.7982541304236341,-2.248136141855138,4864,9
203962,Josh Huestis,3.0451290724280584,2018,26,2.973,0.4498255847653625,-2.595304584705707,3960,3
1629026,Kenrich Williams,3.042129072428059,2021,26,2.97,2.656825584765362,-0.38530458470570694,5974,6
2211,Troy Murphy,3.0415063933446067,2012,32,1.793,1.8689833954454924,-1.1725544824420693,3620,12
202325,Wesley Johnson,3.037075820608898,2011,23,2.044,2.5154262332256376,-0.5216678387759452,8357,9
101131,Jason Maxiell,3.0302389147228666,2008,25,2.771,2.5253565181891022,-0.5058869587156727,7839,10
2733,Shaun Livingston,3.0246802408535323,2016,30,2.585,1.791855417116143,-1.2328362567604538,8115,14
1627739,Kris Dunn,3.021680240853532,2024,30,2.582,2.280855417116143,-0.739836256760454,5199,8
201956,Omri Casspi,3.011388939501924,2016,28,2.972,1.5982541304236344,-1.4131361418551383,7873,10
2501,Reggie Evans,3.008142556634528,2013,33,1.209,1.8306139865620166,-1.1775737521062963,7923,13
203901,Elfrid Payton,3.008075820608898,2017,23,2.015,2.630426233225638,-0.37766783877594534,9727,8
201196,Ramon Sessions,2.9990758206088977,2009,23,2.006,2.3424262332256376,-0.6566678387759455,8476,11
1629723,John Konchar,2.995,2023,27,2.995,1.0749999999999997,-1.92,6443,5
203943,Noah Vonleh,2.9880758206088975,2019,23,1.995,1.5914262332256381,-1.3966678387759452,7106,8
1629018,Gary Trent Jr.,2.9560758206088975,2022,23,1.963,2.864426233225638,-0.09266783877594542,10480,6
1365,Xavier McDaniel,2.9408392115249216,1997,34,0.497,1.0159234564964659,-1.924977012966446,4623,2
417,Sam Mitchell,2.9378392115249214,1998,34,0.494,2.478923456496466,-0.45897701296644633,9213,6
1559,Adrian Griffin,2.935459908629379,2006,31,2.141,-0.2327065987582495,-3.1681867294315014,5845,9
203082,Terrence Ross,2.9189567883873937,2015,24,2.354,4.064295382633778,1.145328280389933,8400,11
1629680,Matisse Thybulle,2.916956788387394,2021,24,2.352,0.9082953826337774,-2.008671719610067,6214,5
1838,Tyrone Nesby,2.9160758206088975,1999,23,1.923,3.1714262332256373,0.25533216122405467,4795,4
348,Mitchell Butler,2.9131425566345284,2004,33,1.114,0.40861398656201664,-2.504573752106296,2164,5
203476,Gorgui Dieng,2.908129072428059,2016,26,2.836,1.813825584765362,-1.0943045847057067,8750,10
201943,Brandon Jennings,2.9022389147228664,2015,25,2.643,0.15035651818910223,-2.7518869587156725,4598,9
203516,James Ennis III,2.8996802408535323,2021,30,2.46,1.2778554171161427,-1.621836256760454,4013,8
2586,Keith Bogans,2.886,2007,27,2.886,-0.1389999999999998,-3.025,3726,11
1863,Earl Boykins,2.8629999999999995,2003,27,2.863,2.033,-0.8300000000000001,5167,13
1500,Ron Mercer,2.861956788387394,2000,24,2.297,1.910295382633778,-0.9516717196100672,9393,8
202347,Quincy Pondexter,2.8599567883873935,2012,24,2.295,0.6642953826337776,-2.195671719610067,4196,7
1509,Kelvin Cato,2.8576802408535324,2005,30,2.418,-0.7971445828838573,-3.6548362567604533,6002,10
1630530,Trey Murphy III,2.855956788387394,2024,24,2.291,0.9762953826337775,-1.8796717196100672,7127,3
1628997,Caleb Martin,2.854,2023,27,2.854,1.1279999999999997,-1.726,11218,5
203524,Solomon Hill,2.853238914722866,2016,25,2.594,1.2493565181891024,-1.6028869587156724,4201,9
1630191,Isaiah Stewart,2.8490758206088973,2024,23,1.856,0.5054262332256378,-2.3436678387759455,5908,4
1630256,Jae'Sean Tate,2.8282389147228666,2021,25,2.569,2.8983565181891024,0.07011304128432738,8574,4
201977,Marcus Thornton,2.8249567883873934,2011,24,2.26,0.7612953826337776,-2.0636717196100673,6850,8
201171,Carl Landry,2.8199567883873935,2008,24,2.255,0.3702953826337776,-2.450671719610067,3064,9
201602,Kyle Weaver,2.8170758206088973,2009,23,1.824,1.089426233225638,-1.728667838775945,4657,3
202334,Ed Davis,2.8146802408535323,2019,30,2.375,-0.12614458288385721,-2.940836256760454,6157,12
203526,Raul Neto,2.810129072428058,2018,26,2.738,-1.1851744152346377,-3.9953045847057065,2330,8
2756,Sasha Vujacic,2.807956788387394,2008,24,2.243,3.7012953826337776,0.893328280389933,6693,10
423,Chris Gatling,2.8071425566345285,2001,33,1.008,2.9336139865620163,0.12742624789370383,6398,6
101107,Marvin Williams,2.779680240853532,2016,30,2.34,2.1918554171161424,-0.5878362567604543,10031,15
1626257,Salah Mejri,2.7775063933446065,2018,32,1.529,-0.19901660455450765,-2.975554482442069,2847,4
202336,Larry Sanders,2.772956788387394,2013,24,2.208,-1.2337046173662223,-4.0066717196100665,7989,6
1629684,Grant Williams,2.7719567883873935,2023,24,2.207,1.4012953826337777,-1.3706717196100668,9279,5
1442,Zeljko Rebraca,2.745142556634528,2005,33,0.946,-0.2543860134379834,-2.998573752106296,3416,5
2052,DeShawn Stevenson,2.734,2008,27,2.734,1.153,-1.581,10258,13
201953,Eric Maynor,2.733956788387394,2011,24,2.169,1.0252953826337774,-1.708671719610067,5469,5
2407,Jared Jeffries,2.7309956987503394,2011,29,2.544,1.1770345822826176,-1.553966253268208,2637,11
1051,Dean Garrett,2.728680240853532,1997,30,2.289,1.0378554171161425,-1.6918362567604543,6724,6
1631099,Keegan Murray,2.7280758206088978,2024,23,1.735,0.9724262332256379,-1.7556678387759452,10831,2
203463,Ben McLemore,2.724,2020,27,2.724,3.118,0.393,7440,9
1909,Scott Padgett,2.7199956987503384,2005,29,2.533,0.15303458228261801,-2.5679662532682084,3876,8
983,Moochie Norris,2.7071290724280583,2000,26,2.635,0.07582558476536239,-2.631304584705707,1990,9
1065,Erick Strickland,2.702075820608897,1997,23,1.709,-1.251573766774362,-3.953667838775945,2829,9
1627747,Caris LeVert,2.701129072428058,2021,26,2.629,1.2658255847653619,-1.4353045847057069,6303,8
2584,Willie Green,2.696506393344607,2014,32,1.448,-0.40901660455450783,-3.1065544824420694,3551,12
200761,Shawne Williams,2.6803889395019245,2014,28,2.641,-1.164745869576366,-3.8451361418551375,3049,7
1628467,Maxi Kleber,2.67,2019,27,2.67,0.43100000000000005,-2.239,6154,7
1629060,Rui Hachimura,2.667075820608897,2021,23,1.674,0.193426233225638,-2.4736678387759454,8655,5
1737,Nazr Mohammed,2.6581425566345285,2011,33,0.859,0.9416139865620168,-1.7165737521062965,5407,18
1630598,Aaron Wiggins,2.651238914722866,2024,25,2.392,0.777356518189102,-1.8738869587156723,5020,3
101132,Linas Kleiza,2.6360758206088972,2008,23,1.643,2.5954262332256377,-0.040667838775945375,8316,7
1629675,Naz Reid,2.634956788387394,2024,24,2.07,-0.05970461736622257,-2.695671719610067,8027,5
202341,James Anderson,2.6339567883873936,2013,24,2.069,1.0922953826337776,-1.541671719610067,1699,5
101110,Martell Webster,2.6310758206088973,2010,23,1.638,1.351426233225638,-1.2796678387759453,7939,10
1628462,Milos Teodosic,2.629459908629379,2018,31,1.835,1.0222934012417504,-1.6071867294315012,4722,2
1629216,Gabe Vincent,2.6259999999999994,2023,27,2.626,0.8000000000000003,-1.826,9834,5
203956,Mitch McGary,2.612075820608897,2015,23,1.619,-0.2145737667743619,-2.8256678387759457,1996,2
2048,Jamaal Magloire,2.6019567883873935,2002,24,2.037,0.3642953826337778,-2.2376717196100673,6463,12
2549,Chris Kaman,2.6016802408535322,2012,30,2.162,0.46585541711614287,-2.135836256760454,5050,13
203124,Kyle O'Quinn,2.586956788387394,2014,24,2.022,0.4732953826337778,-2.113671719610067,4683,8
1629004,Svi Mykhailiuk,2.5680758206088976,2020,23,1.575,0.8244262332256378,-1.7436678387759457,5124,6
201228,C.J. Watson,2.555129072428059,2010,26,2.483,0.7788255847653622,-1.776304584705707,7511,10
201175,Glen Davis,2.5540758206088974,2009,23,1.561,1.7174262332256376,-0.8366678387759454,7784,8
180,John Crotty,2.550506393344606,2002,32,1.302,0.6459833954454921,-1.9045544824420695,3019,7
101133,Ian Mahinmi,2.530459908629379,2018,31,1.736,0.7022934012417501,-1.8281867294315013,4816,12
201158,Marco Belinelli,2.529839211524922,2020,34,0.086,1.7699234564964659,-0.7599770129664463,3719,13
2032,Darius Miles,2.521075820608898,2005,23,1.528,0.3084262332256378,-2.2126678387759453,6473,7
906,Haywoode Workman,2.516142556634528,1999,33,0.717,0.5096139865620168,-2.0065737521062967,3129,3
1629013,Landry Shamet,2.5119567883873937,2021,24,1.947,2.059295382633777,-0.45267171961006714,6631,6
203515,Phil Pressey,2.5090758206088974,2014,23,1.516,1.157426233225638,-1.3526678387759457,4387,3
1548,Mark Blount,2.5053889395019246,2004,28,2.466,1.0592541304236338,-1.4461361418551382,9920,9
2804,Andres Nocioni,2.502995698750339,2009,29,2.316,2.939034582282618,0.43603374673179207,7657,8
1629750,Javonte Green,2.4913889395019244,2022,28,2.452,0.985254130423634,-1.5061361418551382,6548,5
1629627,Zion Williamson,2.4900758206088973,2024,23,1.497,1.395426233225638,-1.0946678387759452,9246,4
2563,Dahntay Jones,2.477129072428058,2007,26,2.405,2.5528255847653627,0.07569541529429302,6399,13
1626224,Cedi Osman,2.460388939501924,2023,28,2.421,1.5072541304236342,-0.9531361418551381,6506,7
902,Bimbo Coles,2.4524599086293786,1999,31,1.658,0.8852934012417504,-1.5671867294315012,4828,8
203093,Terrence Jones,2.447075820608897,2015,23,1.454,-0.7605737667743622,-3.206667838775945,5264,6
1629111,Jock Landale,2.447,2023,27,2.447,0.4089999999999998,-2.039,4475,3
1627814,Damion Lee,2.441,2020,27,2.441,0.7559999999999998,-1.685,5922,6
1630534,Ochai Agbaji,2.4380758206088977,2023,23,1.445,1.7364262332256377,-0.7026678387759453,5102,2
201161,Daequan Cook,2.4319567883873936,2011,24,1.867,0.45429538263377767,-1.9766717196100672,2995,6
1630591,Jalen Suggs,2.4300758206088977,2024,23,1.437,1.4544262332256377,-0.9746678387759453,8383,3
202407,Elijah Millsap,2.423,2015,27,2.423,-1.473,-3.8959999999999995,3482,3
1626145,Tyus Jones,2.4201290724280584,2022,26,2.348,0.3218255847653624,-2.0983045847057067,7500,9
200797,Ryan Hollins,2.417995698750339,2014,29,2.231,0.6980345822826179,-1.718966253268208,1972,10
70,Steve Kerr,2.411459908629379,1997,31,1.617,1.0222934012417504,-1.3881867294315013,8351,7
1037,Stojko Vrankovic,2.3948392115249217,1998,34,-0.049,0.3289234564964659,-2.065977012966446,3865,3
201589,Darrell Arthur,2.3911290724280585,2014,26,2.319,-1.0261744152346377,-3.417304584705707,4755,9
203512,Lucas Nogueira,2.3809567883873934,2017,24,1.816,-0.1307046173662223,-2.5116717196100673,4359,4
203486,Mason Plumlee,2.3804599086293794,2021,31,1.586,2.0142934012417504,-0.3661867294315013,5987,11
200745,Andrea Bargnani,2.371129072428058,2012,26,2.299,1.1738255847653623,-1.1973045847057069,3799,10
101144,Von Wafer,2.3710758206088975,2009,23,1.378,0.8374262332256377,-1.5336678387759453,5406,6
101123,Gerald Green,2.3491425566345283,2019,33,0.55,2.7206139865620163,0.3714262478937038,6418,12
364,Rex Chapman,2.3484599086293794,1999,31,1.554,1.0922934012417502,-1.2561867294315012,4706,4
2033,Marcus Fizer,2.348075820608898,2002,23,1.355,2.3604262332256374,0.011332161224054671,7340,6
201962,Toney Douglas,2.3469999999999995,2013,27,2.347,1.9919999999999995,-0.355,5181,8
781,Will Perdue,2.3435063933446063,1998,32,1.095,-0.6430166045545078,-2.9855544824420694,6255,5
1628420,Monte Morris,2.3323889395019246,2023,28,2.293,2.374254130423634,0.04186385814486193,6969,7
1628988,Aaron Holiday,2.3280758206088974,2020,23,1.335,1.5384262332256378,-0.7896678387759455,6918,6
203107,Tomas Satoransky,2.3263889395019244,2020,28,2.287,1.8742541304236342,-0.4521361418551382,7756,6
101249,John Lucas III,2.3259956987503383,2012,29,2.139,-1.243965417717382,-3.569966253268208,2990,8
1504,Danny Fortson,2.323129072428058,2002,26,2.251,0.3218255847653624,-2.0013045847057067,8883,10
1629631,De'Andre Hunter,2.3230758206088975,2021,23,1.33,-1.604573766774362,-3.927667838775945,3419,5
1538,Cedric Henderson,2.3170758206088973,1998,23,1.324,0.5914262332256381,-1.7256678387759454,10117,5
202344,Trevor Booker,2.312956788387394,2012,24,1.748,1.734295382633778,-0.578671719610067,4843,8
288,Armen Gilliam,2.3028392115249217,1998,34,-0.141,1.5419234564964657,-0.7609770129664464,7909,4
958,Vitaly Potapenko,2.2909567883873936,1999,24,1.726,1.532295382633778,-0.7596717196100671,5193,11
2221,Raul Lopez,2.284238914722867,2005,25,2.025,-1.7326434818108978,-4.016886958715672,1934,2
1628396,Tony Bradley,2.2829567883873936,2022,24,1.718,0.5902953826337778,-1.692671719610067,2304,6
920,A.C. Green,2.2798392115249215,1998,34,-0.164,1.5499234564964657,-0.7299770129664462,9799,5
111,LaPhonso Ellis,2.2780000000000005,1997,27,2.278,3.47,1.192,7661,7
2553,Jarvis Hayes,2.276075820608897,2005,23,1.283,1.3134262332256377,-0.9626678387759455,6096,7
197,Scott Burrell,2.2729956987503392,2000,29,2.086,0.08703458228261773,-2.186966253268208,5205,5
1627752,Taurean Prince,2.2721290724280587,2020,26,2.2,0.3838255847653622,-1.8883045847057072,7728,8
201577,Robin Lopez,2.2709956987503386,2017,29,2.084,1.0140345822826178,-1.2569662532682082,9578,16
1626163,Frank Kaminsky,2.2699567883873937,2017,24,1.705,2.5182953826337777,0.24832828038993293,7710,8
101142,Ronny Turiaf,2.2689567883873933,2007,24,1.704,0.4032953826337775,-1.865671719610067,4455,10
1629162,Jordan McLaughlin,2.2683889395019246,2024,28,2.229,-0.897745869576366,-3.1671361418551385,2550,5
202725,Josh Harrellson,2.266075820608897,2012,23,1.273,-1.165573766774362,-3.4316678387759456,2220,3
200796,Leon Powe,2.252238914722867,2009,25,1.993,-0.6886434818108977,-2.9398869587156726,4601,5
1853,Anthony Carter,2.248839211524922,2009,34,-0.195,1.4049234564964657,-0.8439770129664463,8002,13
1628464,Daniel Theis,2.244506393344607,2024,32,0.996,0.6679833954454923,-1.5775544824420695,4136,7
146,Jud Buechler,2.2424599086293795,1999,31,1.448,0.2902934012417502,-1.9521867294315014,4093,6
251,Sean Elliott,2.234142556634528,2001,33,0.435,-2.3023860134379834,-4.536573752106296,5483,5
1626158,Richaun Holmes,2.2341290724280585,2020,26,2.162,0.20682558476536217,-2.027304584705707,4978,9
203894,Shabazz Napier,2.234075820608897,2015,23,1.241,-0.1685737667743621,-2.4016678387759454,3770,6
344,Dana Barros,2.2305063933446068,1999,32,0.982,1.3079833954454925,-0.9225544824420694,4381,7
101121,Joey Graham,2.228238914722867,2007,25,1.969,0.6243565181891024,-1.6038869587156728,5611,6
761,Matt Geiger,2.2229956987503385,1999,29,2.036,0.030034582282617794,-2.1929662532682084,6579,6
209,Dell Curry,2.2221425566345285,1997,33,0.423,1.3606139865620168,-0.8625737521062962,7861,6
202323,Evan Turner,2.2160758206088973,2012,23,1.223,1.827426233225638,-0.38866783877594546,8085,10
2575,Luke Walton,2.192995698750339,2009,29,2.006,-0.8599654177173821,-3.053966253268208,5841,10
2554,Mickael Pietrus,2.191680240853532,2012,30,1.752,-0.6381445828838572,-2.829836256760454,4876,10
2035,DerMarr Johnson,2.177238914722867,2005,25,1.918,-0.06864348181089763,-2.244886958715673,5140,7
428,Sherman Douglas,2.175839211524922,2001,34,-0.268,-0.4350765435035341,-2.6109770129664467,4126,5
202970,Gustavo Ayon,2.175,2012,27,2.175,-0.2530000000000001,-2.428,3996,3
1630174,Aaron Nesmith,2.163956788387394,2024,24,1.599,1.5572953826337774,-0.606671719610067,8509,4
2574,Jason Kapono,2.1631290724280587,2007,26,2.091,1.3878255847653627,-0.7753045847057068,6860,9
1502,Adonal Foyle,2.1583889395019242,2003,28,2.119,0.10425413042363418,-2.054136141855138,7010,12
1626273,Marcelo Huertas,2.1451425566345286,2016,33,0.346,0.7836139865620169,-1.3625737521062964,3415,2
202687,Bismack Biyombo,2.137459908629379,2024,31,1.343,0.39929340124175017,-1.7381867294315014,3241,13
1630194,Paul Reed,2.127238914722867,2024,25,1.868,0.7553565181891022,-1.3718869587156726,6449,4
173,Keith Askins,2.125995698750339,1997,29,1.939,0.7070345822826178,-1.4179662532682078,6965,3
201160,Jason Smith,2.1171290724280585,2012,26,2.045,-0.9331744152346375,-3.050304584705706,3479,11
1629661,Cameron Johnson,2.0999999999999996,2023,27,2.1,-0.8119999999999998,-2.912,5414,5
1629048,Goga Bitadze,2.0939567883873935,2024,24,1.529,-0.20170461736622247,-2.296671719610067,3778,5
1074,Matt Maloney,2.0882389147228664,1997,25,1.829,1.1003565181891024,-0.9868869587156728,11141,6
2566,Travis Outlaw,2.0830758206088973,2008,23,1.09,2.726426233225638,0.6433321612240547,7979,11
2418,Casey Jacobsen,2.0759567883873937,2005,24,1.511,0.05929538263377765,-2.016671719610067,6781,4
101153,Mickael Gelabale,2.0759567883873937,2007,24,1.511,0.3852953826337777,-1.691671719610067,4731,3
2484,Devin Brown,2.072388939501924,2007,28,2.033,0.09425413042363395,-1.9781361418551382,6256,8
1626170,Jerian Grant,2.0679567883873937,2017,24,1.503,-0.14170461736622242,-2.208671719610067,4262,5
426,Terry Davis,2.066506393344606,1999,32,0.818,-0.6910166045545076,-2.7575544824420692,2132,3
202348,Jordan Crawford,2.0622389147228666,2014,25,1.803,1.4853565181891022,-0.5758869587156727,7621,6
1628470,Torrey Craig,2.054388939501925,2019,28,2.015,1.9542541304236343,-0.0991361418551382,7332,7
201178,Kyrylo Fesenko,2.053075820608898,2010,23,1.06,-0.2895737667743621,-2.342667838775945,2293,5
201590,Donte Greene,2.0470758206088977,2011,23,1.054,-0.09557376677436213,-2.142667838775946,4459,4
2457,Jannero Pargo,2.044506393344607,2012,32,0.796,0.07098339544549237,-1.972554482442069,2716,11
273,Duane Ferrell,2.0415063933446067,1997,32,0.793,0.3989833954454922,-1.642554482442069,4184,3
201202,Joel Anthony,2.0339956987503385,2012,29,1.847,0.015034582282618114,-2.018966253268208,6329,10
724,Cory Alexander,2.031129072428058,1999,26,1.959,0.07082558476536249,-1.9603045847057068,2962,6
1629634,Brandon Clarke,2.0242389147228663,2022,25,1.765,0.26135651818910244,-1.763886958715673,6577,5
2411,Bostjan Nachbar,2.0200758206088976,2004,23,1.027,0.13542623322563774,-1.8846678387759457,2009,6
441,Lamond Murray,2.010506393344607,2005,32,0.762,0.20998339544549216,-1.8005544824420694,3522,9
203613,Jonathon Simmons,2.01,2017,27,2.01,-0.839,-2.849,6644,4
788,Kevin Willis,2.0078392115249217,1997,34,-0.436,1.438923456496466,-0.5689770129664462,8523,10
2243,Brian Scalabrine,2.0024599086293793,2009,31,1.208,-0.2277065987582496,-2.231186729431501,2836,11
1628372,Dennis Smith Jr.,1.9951290724280586,2024,26,1.923,-0.03217441523463771,-2.027304584705707,4204,7
1626155,Sam Dekker,1.9929567883873935,2018,24,1.428,0.43629538263377743,-1.5566717196100668,3682,5
1626161,Willie Cauley-Stein,1.9882389147228667,2019,25,1.729,0.7093565181891024,-1.2788869587156726,9482,7
1630540,Miles McBride,1.9860758206088978,2024,23,0.993,-0.37057376677436205,-2.3576678387759458,5274,3
202700,Donatas Motiejunas,1.9859567883873939,2015,24,1.421,0.03929538263377763,-1.9466717196100674,8044,6
2294,Charlie Bell,1.9836802408535328,2009,30,1.544,0.4088554171161425,-1.5748362567604544,6952,7
1641739,Toumani Camara,1.9789567883873933,2024,24,1.414,-0.7897046173662223,-2.768671719610067,6989,1
101111,Charlie Villanueva,1.9689567883873935,2009,24,1.404,2.080295382633778,0.11232828038993281,8232,11
953,Lorenzen Wright,1.9676802408535328,2006,30,1.528,-1.0971445828838573,-3.0648362567604535,6216,13
962,Walter McCarty,1.9612389147228666,1999,25,1.702,-0.6696434818108976,-2.6308869587156725,2571,10
1730,Brian Skinner,1.9599567883873932,2000,24,1.395,-1.4177046173662224,-3.3776717196100665,3042,14
182,Billy Owens,1.9574599086293794,2000,31,1.163,-1.6247065987582499,-3.582186729431502,5155,5
202734,E'Twaun Moore,1.9569956987503385,2018,29,1.77,1.322034582282618,-0.6349662532682079,11854,10
2740,Andris Biedrins,1.9540758206088977,2009,23,0.961,0.290426233225638,-1.6636678387759456,7581,10
239,Darrick Martin,1.9510000000000005,1998,27,1.951,0.7829999999999999,-1.1679999999999997,8869,11
203077,Michael Kidd-Gilchrist,1.948956788387394,2018,24,1.384,0.20829538263377767,-1.740671719610067,7561,8
1922,Francisco Elson,1.9464599086293792,2007,31,1.152,-1.0957065987582497,-3.0431867294315014,5838,9
1626246,Boban Marjanovic,1.940459908629379,2020,31,1.146,2.18629340124175,0.24581327056849867,2075,9
2044,Jason Collier,1.9321290724280589,2004,26,1.86,-1.1091744152346377,-3.0413045847057067,2075,5
192,Dennis Scott,1.926388939501925,1997,28,1.887,0.388254130423634,-1.5381361418551383,8277,4
922,Elden Campbell,1.9254599086293793,2000,31,1.131,0.5232934012417503,-1.4021867294315011,10361,9
1630171,Isaac Okoro,1.9250758206088978,2024,23,0.932,-0.10257376677436181,-2.0276678387759457,7625,4
1607,Troy Hudson,1.923,2003,27,1.923,1.9209999999999998,-0.0020000000000000018,10868,11
1629645,Kevin Porter Jr.,1.9210758206088974,2023,23,0.928,1.1964262332256377,-0.7246678387759453,8285,4
29,Jim McIlvaine,1.9179567883873934,1997,24,1.353,-1.0827046173662225,-3.000671719610067,5774,5
735,Bryant Reeves,1.9139567883873938,1997,24,1.349,1.7192953826337773,-0.19467171961006713,10304,5
201573,Jerryd Bayless,1.9002389147228667,2014,25,1.641,2.618356518189102,0.7181130412843274,6428,11
201148,Brandan Wright,1.8982389147228669,2013,25,1.639,0.5313565181891025,-1.3668869587156727,4493,10
202498,Lance Thomas,1.8933889395019246,2016,28,1.854,0.1412541304236341,-1.7521361418551378,5105,9
200811,Lou Amundson,1.8865063933446065,2015,32,0.638,-1.2990166045545077,-3.185554482442069,3557,10
201578,Marreese Speights,1.8766802408535326,2018,30,1.437,-0.2231445828838572,-2.0998362567604545,2735,10
1631132,Christian Koloko,1.851075820608897,2023,23,0.858,-1.190573766774362,-3.041667838775945,3268,1
203917,Nik Stauskas,1.8460758206088972,2017,23,0.853,2.3214262332256377,0.47433216122405464,8855,6
129,129,1.8416802408535324,1997,30,1.402,-1.2851445828838572,-3.1268362567604537,3359,1
1630235,Trent Forrest,1.8409567883873934,2022,24,1.276,0.8102953826337775,-1.030671719610067,3012,4
2260,Jarron Collins,1.8369999999999997,2006,27,1.837,-1.655,-3.4919999999999995,6248,10
201979,Nick Calathes,1.8321290724280583,2015,26,1.76,-2.2161744152346374,-4.049304584705707,3650,2
1630587,Isaiah Livers,1.8300758206088972,2022,23,0.837,0.009426233225637848,-1.8206678387759456,1543,3
203089,John Henson,1.827,2018,27,1.827,-0.19300000000000006,-2.02,8134,8
1629628,RJ Barrett,1.8189567883873932,2024,24,1.254,1.391295382633778,-0.4276717196100672,7649,5
77,Doug Overton,1.8128392115249214,2004,34,-0.631,0.9559234564964659,-0.8569770129664462,3895,7
2416,Kareem Rush,1.8120758206088974,2004,23,0.819,0.6724262332256381,-1.1386678387759452,5881,7
2751,Viktor Khryapa,1.8060758206088972,2006,23,0.813,2.3024262332256376,0.49733216122405466,5399,4
1073,Reggie Slater,1.8036802408535322,2001,30,1.364,1.2198554171161429,-0.5838362567604543,2827,6
2499,Richie Frahm,1.7981290724280585,2004,26,1.726,0.7678255847653626,-1.031304584705707,1829,4
1630688,Ish Wainright,1.7803889395019241,2023,28,1.741,0.07225413042363416,-1.7081361418551382,3839,3
2413,Juan Dixon,1.7649956987503392,2008,29,1.578,-0.28796541771738227,-2.053966253268208,2574,7
1629134,Kendrick Nunn,1.7592389147228666,2021,25,1.5,1.1343565181891022,-0.6248869587156727,6995,3
203141,Mirza Teletovic,1.7484599086293788,2017,31,0.954,0.3032934012417501,-1.4451867294315013,4547,6
203920,Khem Birch,1.7423889395019247,2021,28,1.703,0.5892541304236341,-1.153136141855138,6224,6
1125,1125,1.7313889395019246,1997,28,1.692,0.5422541304236344,-1.189136141855138,3842,1
2054,Jake Tsakalidis,1.7300758206088975,2002,23,0.737,-1.8115737667743619,-3.541667838775946,6045,7
244,Dee Brown,1.7276802408535326,1999,30,1.288,2.4208554171161425,0.6921637432395459,5233,6
1628960,Grayson Allen,1.7253889395019244,2024,28,1.686,1.634254130423634,-0.09113614185513819,10368,6
1630180,Saddiq Bey,1.722956788387393,2023,24,1.158,2.8262953826337776,1.1023282803899328,9531,4
679,Jason Caffey,1.7099567883873932,1997,24,1.145,1.4952953826337771,-0.21467171961006715,5991,7
1630170,Devin Vassell,1.7010758206088976,2024,23,0.708,0.4454262332256378,-1.2566678387759453,9420,4
2412,Jiri Welsch,1.6939567883873932,2004,24,1.129,0.9702953826337777,-0.7226717196100672,8928,4
1505,Tariq Abdul-Wahad,1.6902389147228667,2000,25,1.431,0.12135651818910231,-1.5688869587156726,6518,6
1627819,Isaiah Taylor,1.6850758206088976,2018,23,0.692,0.5704262332256378,-1.1146678387759452,4798,2
203459,Allen Crabbe,1.6811290724280585,2018,26,1.609,1.4078255847653622,-0.27330458470570707,8983,7
1444,Lawrence Funderburke,1.678995698750339,2000,29,1.492,1.391034582282618,-0.2879662532682079,4264,7
203142,Chris Copeland,1.674459908629379,2015,31,0.88,-0.047706598758249896,-1.7221867294315014,3175,4
1626203,Treveon Graham,1.6672389147228661,2019,25,1.408,0.23735651818910242,-1.4308869587156727,3394,4
1629308,Juan Toscano-Anderson,1.6553889395019241,2021,28,1.616,-0.7537458695763659,-2.4091361418551385,4943,5
1631323,Simone Fontecchio,1.6543889395019247,2024,28,1.615,-0.6517458695763656,-2.307136141855138,6859,2
26,Luc Longley,1.6539956987503395,1998,29,1.467,-0.9769654177173821,-2.630966253268208,7836,5
1630537,Chris Duarte,1.6532389147228668,2022,25,1.394,-0.9956434818108977,-2.6488869587156727,6194,3
2000,Dedric Willoughby,1.6491290724280585,2000,26,1.577,-0.9621744152346379,-2.611304584705707,1997,1
753,Randy Brown,1.6471425566345284,2001,33,-0.152,-2.0783860134379832,-3.725573752106296,4658,7
76,Cedric Ceballos,1.6470000000000002,1997,27,1.647,1.0719999999999996,-0.575,5932,5
1628436,Luke Kornet,1.6463889395019247,2024,28,1.607,0.5322541304236341,-1.1131361418551384,3884,7
202954,Brad Wanamaker,1.6416802408535323,2020,30,1.202,0.8478554171161425,-0.7938362567604542,6773,4
1629655,Daniel Gafford,1.6402389147228669,2024,25,1.381,-0.0196434818108977,-1.6598869587156728,7762,5
2679,Matt Carroll,1.6399999999999997,2008,27,1.64,2.8240000000000003,1.183,7704,10
201946,Tyler Hansbrough,1.6279956987503388,2015,29,1.441,0.3080345822826178,-1.3209662532682083,4211,7
145,Tracy Murray,1.6263889395019242,2000,28,1.587,1.3052541304236343,-0.32113614185513817,7131,8
1594,Rick Brunson,1.6191425566345283,2005,33,-0.18,-0.1403860134379833,-1.7585737521062963,7223,9
1627885,Shaquille Harrison,1.6179567883873935,2018,24,1.053,-0.7397046173662223,-2.3586717196100673,1626,7
203382,Aron Baynes,1.6143889395019246,2015,28,1.575,-1.3997458695763658,-3.0151361418551375,4606,9
201563,Michael Beasley,1.5870758206088977,2012,23,0.594,-0.36057376677436204,-1.9476678387759454,4239,11
203953,Jabari Parker,1.5849567883873932,2019,24,1.02,0.8322953826337778,-0.752671719610067,7178,8
203148,Brian Roberts,1.583388939501925,2014,28,1.544,0.20225413042363405,-1.3811361418551382,6366,5
457,Andrew Lang,1.5824599086293794,1997,31,0.788,-1.3677065987582497,-2.9511867294315017,4462,4
202130,Reggie Williams,1.5749567883873934,2011,24,1.01,1.2822953826337775,-0.292671719610067,6363,7
938,Rony Seikaly,1.5705063933446066,1997,32,0.322,2.7039833954454924,1.1334455175579308,9870,3
203145,Kent Bazemore,1.570459908629379,2021,31,0.776,-0.9327065987582497,-2.5031867294315013,5840,10
203092,Tyler Zeller,1.5602389147228668,2015,25,1.301,0.3343565181891024,-1.2268869587156725,7244,8
200810,Allan Ray,1.5590758206088973,2007,23,0.566,-1.110573766774362,-2.669667838775945,2728,1
219,Vinny Del Negro,1.552459908629379,1998,31,0.758,0.5832934012417503,-0.9681867294315014,7336,6
1629185,Chris Chiozza,1.549956788387394,2020,24,0.985,-1.0527046173662225,-2.602671719610067,1992,4
93,Hubert Davis,1.5464599086293789,2001,31,0.752,0.9022934012417503,-0.6441867294315013,6554,8
1531,Marc Jackson,1.5446802408535327,2005,30,1.105,0.1478554171161428,-1.3968362567604544,8019,7
101120,Antoine Wright,1.5432389147228665,2009,25,1.284,1.3903565181891024,-0.1528869587156727,6553,6
2446,Rasual Butler,1.5372389147228671,2004,25,1.278,-0.9976434818108977,-2.534886958715673,2717,13
1627855,Okaro White,1.5359567883873937,2017,24,0.971,-0.15770461736622243,-1.6936717196100672,1844,3
2863,Damien Wilkins,1.5335063933446067,2012,32,0.285,-0.7440166045545078,-2.2775544824420693,3426,10
202390,Gary Neal,1.5331290724280588,2011,26,1.461,2.244825584765363,0.711695415294293,6940,7
1628402,Frank Jackson,1.5300758206088974,2021,23,0.537,-0.064573766774362,-1.5946678387759456,2998,5
2206,Rodney White,1.5159567883873932,2004,24,0.951,-0.002704617366222184,-1.5186717196100674,3923,4
203487,Michael Carter-Williams,1.512956788387394,2016,24,0.948,-0.7297046173662225,-2.242671719610067,6491,9
1744,Jerome James,1.504129072428059,2002,26,1.432,-1.3201744152346377,-2.8233045847057068,3773,9
101180,Sarunas Jasikevicius,1.4996802408535328,2006,30,1.06,-0.7601445828838573,-2.2598362567604537,6237,2
1532,Jerald Honeycutt,1.4770758206088974,1998,23,0.484,-0.25957376677436184,-1.736667838775945,2087,2
1735,Vladimir Stepania,1.4693889395019242,2004,28,1.43,-1.4097458695763658,-2.8801361418551377,1625,6
203585,Rodney McGruder,1.4682389147228663,2017,25,1.209,1.0863565181891022,-0.3818869587156726,7716,7
101235,Kelenna Azubuike,1.4642389147228667,2009,25,1.205,0.5473565181891025,-0.9168869587156725,9711,5
1956,Ira Newble,1.4559999999999995,2002,27,1.456,-1.746,-3.2020000000000004,4875,8
898,Blue Edwards,1.4555063933446064,1998,32,0.207,2.156983395445492,0.7014455175579306,7419,3
458,Howard Eisley,1.4463889395019245,2001,28,1.407,1.6192541304236343,0.17286385814486194,10072,10
203995,Vasilije Micic,1.4356802408535327,2024,30,0.996,0.20885541711614275,-1.226836256760454,4712,1
2063,Jake Voskuhl,1.4311290724280585,2004,26,1.359,-1.0701744152346377,-2.5013045847057067,6215,9
200760,Rodney Carney,1.4269567883873937,2008,24,0.862,0.020295382633777503,-1.4066717196100673,4334,5
386,Elliot Perry,1.4245063933446067,2001,32,0.176,0.6919833954454924,-0.7315544824420696,2060,6
1626178,Rondae Hollis-Jefferson,1.4230758206088971,2018,23,0.43,1.253426233225638,-0.16866783877594538,7902,6
2239,Trenton Hassell,1.4192389147228668,2004,25,1.16,-0.6836434818108978,-2.1028869587156724,10210,9
1728,Roshown McLeod,1.4172389147228661,2001,25,1.158,-1.7706434818108978,-3.1888869587156727,3451,3
1627746,Skal Labissiere,1.4139567883873938,2020,24,0.849,-1.1657046173662224,-2.5806717196100672,2384,4
203477,Isaiah Canaan,1.4130000000000003,2018,27,1.413,-1.065,-2.477,1683,6
201972,Jon Brockman,1.4109567883873937,2011,24,0.846,0.044295382633777525,-1.3666717196100673,2580,3
203187,Chris Johnson,1.3972389147228665,2015,25,1.138,-0.6856434818108976,-2.0838869587156728,2111,4
1629012,Collin Sexton,1.3912389147228663,2024,25,1.132,4.132356518189102,2.7411130412843274,8569,6
101137,Daniel Ewing,1.387956788387394,2007,24,0.823,-1.9707046173662226,-3.3586717196100673,2658,2
716,716,1.385680240853532,1997,30,0.946,0.1478554171161428,-1.2378362567604542,2026,1
1629103,Kelan Martin,1.3782389147228664,2021,25,1.119,-0.02064348181089759,-1.3978869587156724,1558,3
971,Mark Hendrickson,1.3682389147228666,1999,25,1.109,-0.42664348181089773,-1.7948869587156726,1509,4
280,Felton Spencer,1.3649956987503389,1997,29,1.178,-0.6679654177173822,-2.0329662532682082,5942,6
1627854,Bryn Forbes,1.3362389147228666,2019,25,1.077,1.240356518189102,-0.09588695871567254,10075,7
718,Gary Trent,1.3359567883873935,1999,24,0.771,1.3842953826337774,0.048328280389932865,5091,8
202682,Derrick Williams,1.3330758206088973,2014,23,0.34,0.7284262332256377,-0.6036678387759453,7181,7
1629599,Amir Coffey,1.332238914722867,2022,25,1.073,1.144356518189102,-0.18888695871567274,6390,5
1683,Larry Robinson,1.3241425566345284,2001,33,-0.475,-0.6513860134379832,-1.975573752106296,2445,3
183,Bison Dele,1.319995698750339,1998,29,1.133,0.24703458228261788,-1.0719662532682077,9539,3
200776,Mardy Collins,1.3169567883873934,2009,24,0.752,-1.3207046173662225,-2.638671719610067,3364,4
203105,Festus Ezeli,1.3081290724280583,2016,26,1.236,-1.6181744152346376,-2.926304584705707,4032,3
1629140,Johnathan Williams,1.3009567883873934,2019,24,0.736,-1.2327046173662224,-2.533671719610067,1523,2
1630579,Jericho Sims,1.2970758206088977,2022,23,0.304,-0.927573766774362,-2.2246678387759458,2222,3
1626195,Willy Hernangomez,1.295,2021,27,1.295,1.2639999999999998,-0.030000000000000027,3545,7
202713,Kyle Singler,1.2922389147228661,2013,25,1.033,0.5073565181891024,-0.7848869587156726,8687,6
204028,Tarik Black,1.2862389147228668,2017,25,1.027,-1.2866434818108978,-2.5728869587156726,4472,4
1629022,Lonnie Walker IV,1.2782389147228668,2024,25,1.019,0.08535651818910228,-1.1918869587156729,4118,6
1508,Maurice Taylor,1.2720758206088973,2000,23,0.279,0.927426233225638,-0.3446678387759454,8822,9
1629667,Jalen McDaniels,1.2622389147228668,2023,25,1.003,0.8633565181891023,-0.3988869587156727,8312,5
1628400,Semi Ojeleye,1.2589567883873936,2019,24,0.694,-0.6737046173662224,-1.9326717196100671,2605,5
1628367,Josh Jackson,1.258075820608897,2020,23,0.265,-1.1355737667743622,-2.392667838775945,1645,5
203492,Ray McCallum,1.2550758206088979,2014,23,0.262,0.1954262332256378,-1.0596678387759455,3474,3
1630173,Precious Achiuwa,1.2490758206088977,2023,23,0.256,0.9204262332256379,-0.3276678387759453,4620,4
201189,Aaron Gray,1.2481290724280587,2011,26,1.176,0.24382558476536254,-1.0043045847057068,2242,7
203928,Cory Jefferson,1.2479567883873934,2015,24,0.683,-1.5377046173662223,-2.784671719610067,2053,2
1630577,Julian Champagnie,1.247075820608897,2024,23,0.254,0.9084262332256379,-0.3386678387759454,6130,2
200770,Jordan Farmar,1.2410758206088977,2010,23,0.248,-0.22557376677436203,-1.4666678387759455,6822,10
42,Monty Williams,1.240388939501925,2000,28,1.201,1.3332541304236338,0.09286385814486187,6243,7
1629744,Matt Thomas,1.2402389147228665,2020,25,0.981,-0.9996434818108977,-2.240886958715673,2235,3
2031,Stromile Swift,1.2379567883873936,2004,24,0.673,-0.6387046173662223,-1.876671719610067,6188,9
1627761,DeAndre' Bembry,1.2311290724280584,2021,26,1.159,-0.6771744152346377,-1.9083045847057067,4003,6
1627098,Malcolm Delaney,1.2123889395019245,2017,28,1.173,-0.9747458695763658,-2.187136141855138,4985,2
1630544,Tre Mann,1.2110758206088974,2024,23,0.218,-0.38757376677436217,-1.5986678387759452,3913,3
2058,Mark Madsen,1.210995698750339,2005,29,1.024,-1.0589654177173822,-2.2699662532682083,2262,9
1629726,Garrison Mathews,1.2002389147228665,2022,25,0.941,2.333356518189102,1.1331130412843273,7147,5
1630592,Jalen Wilson,1.1980758206088975,2024,23,0.205,0.14342623322563774,-1.0546678387759454,2608,1
1628021,David Nwaba,1.1933889395019244,2021,28,1.154,-1.0147458695763658,-2.2071361418551385,2878,6
203504,Trey Burke,1.1811290724280585,2019,26,1.109,0.3558255847653622,-0.824304584705707,4640,9
201985,AJ Price,1.178075820608897,2010,23,0.185,-0.6865737667743621,-1.8646678387759452,3538,6
1626162,Kelly Oubre Jr.,1.1719567883873938,2020,24,0.607,-0.07370461736622236,-1.2456717196100668,8139,9
201153,Julian Wright,1.169956788387394,2011,24,0.605,-0.9627046173662224,-2.131671719610067,2966,4
201575,Brandon Rush,1.1661290724280589,2012,26,1.094,2.3958255847653627,1.2296954152942932,6657,9
203138,Hollis Thompson,1.1639567883873938,2015,24,0.599,0.9962953826337775,-0.1676717196100671,7076,4
2556,Marcus Banks,1.162075820608897,2005,23,0.169,-1.826573766774362,-2.9876678387759457,4878,8
201941,Jordan Hill,1.1563889395019245,2016,28,1.117,-0.5237458695763659,-1.681136141855138,6013,8
200777,Joel Freeland,1.1533889395019243,2015,28,1.114,-1.146745869576366,-2.3001361418551385,2429,3
1629614,Andrew Nembhard,1.150956788387394,2024,24,0.586,-1.0377046173662223,-2.188671719610067,7060,2
201603,Sonny Weems,1.146075820608897,2010,23,0.153,0.7964262332256378,-0.3496678387759453,5367,4
777,Rex Walters,1.1439956987503388,1999,29,0.957,-1.0289654177173821,-2.172966253268208,1870,4
1709,Michael Olowokandi,1.1429956987503385,2004,29,0.956,-2.064965417717382,-3.2089662532682084,4166,9
2061,Dan Langhi,1.1332389147228663,2003,25,0.874,-0.2896434818108977,-1.4228869587156727,2048,4
2424,Dan Dickau,1.1331290724280585,2005,26,1.061,1.0568255847653623,-0.076304584705707,7523,6
201150,Spencer Hawes,1.130238914722867,2013,25,0.871,-0.36764348181089757,-1.497886958715673,8497,10
2408,Melvin Ely,1.1280000000000001,2005,27,1.128,0.6670000000000003,-0.4610000000000001,6256,9
1628373,Frank Ntilikina,1.125075820608897,2022,23,0.132,-1.271573766774362,-2.3966678387759455,3260,7
1629021,Moritz Wagner,1.125,2024,27,1.125,1.1229999999999998,-0.0020000000000000018,5758,6
200814,Tarence Kinsey,1.1210758206088975,2007,23,0.128,-0.4045737667743621,-1.5256678387759457,3866,3
2078,Jason Hart,1.1181290724280588,2004,26,1.046,-1.7301744152346377,-2.8483045847057067,2688,9
201858,Cartier Martin,1.1151290724280587,2011,26,1.043,0.28982558476536235,-0.826304584705707,2094,7
1032,Darvin Ham,1.1121290724280586,2000,26,1.04,-3.9701744152346374,-5.082304584705707,3614,8
203086,Meyers Leonard,1.1120758206088972,2015,23,0.119,-1.931573766774362,-3.044667838775945,3732,10
1627835,Paul Zipser,1.1100758206088974,2017,23,0.117,-0.973573766774362,-2.0826678387759454,3847,2
786,Gerald Wilkins,1.1091425566345285,1997,33,-0.69,1.6406139865620166,0.5304262478937039,8671,3
1628382,Justin Jackson,1.0999567883873937,2019,24,0.535,0.45429538263377767,-0.6456717196100672,6836,7
432,Pete Chilcutt,1.098680240853532,1999,30,0.659,0.43785541711614284,-0.6608362567604542,2579,4
1628975,Jevon Carter,1.0979999999999999,2023,27,1.098,-0.9129999999999998,-2.012,7723,6
200821,Yakhouba Diawara,1.097956788387394,2007,24,0.533,-0.8017046173662223,-1.900671719610067,4823,4
203088,Kendall Marshall,1.093075820608897,2015,23,0.1,-0.0035737667743620527,-1.0966678387759454,1593,4
1627884,Derrick Jones Jr.,1.0921290724280581,2023,26,1.02,-0.8501744152346378,-1.9433045847057069,3702,8
85,Brent Price,1.0916802408535324,1999,30,0.652,0.5948554171161429,-0.4978362567604542,3437,6
1913,Michael Ruffin,1.081956788387394,2001,24,0.517,-1.1197046173662224,-2.202671719610067,3217,9
456,Chuck Person,1.0798392115249218,1998,34,-1.364,0.09092345649646594,-0.9889770129664461,6089,3
713,Chris Carr,1.0670758206088973,1997,23,0.074,-0.5025737667743622,-1.5696678387759453,3117,5
202087,Alonzo Gee,1.066238914722867,2012,25,0.807,0.38635651818910244,-0.6798869587156726,6869,8
2212,Steven Hunter,1.0600758206088976,2005,23,0.067,-1.0935737667743621,-2.153667838775945,5025,8
201604,Chris Douglas-Roberts,1.0430000000000001,2014,27,1.043,-1.081,-2.124,4127,6
1628964,Mo Bamba,1.0332389147228667,2023,25,0.774,-0.45064348181089775,-1.4838869587156727,3156,6
359,Chucky Brown,1.0324599086293786,1999,31,0.238,0.5432934012417503,-0.4891867294315013,4463,6
1630188,Jalen Smith,1.0319567883873932,2024,24,0.467,0.8432953826337775,-0.18867171961006712,4397,4
1628995,Kevin Knox II,1.0269567883873933,2024,24,0.462,-0.9917046173662223,-2.017671719610067,2354,6
1627774,Jake Layman,1.0251290724280588,2020,26,0.953,-2.4051744152346375,-3.430304584705707,2257,6
1630572,Sandro Mamukelashvili,1.0202389147228668,2024,25,0.761,-2.022643481810898,-3.042886958715673,1911,3
201971,DeJuan Blair,1.0100758206088978,2012,23,0.017,0.6664262332256379,-0.3436678387759453,5618,7
1629006,Josh Okogie,1.004956788387394,2023,24,0.44,-0.6817046173662225,-1.6866717196100671,6294,6
1630249,Vit Krejci,1.0029567883873933,2024,24,0.438,-0.1257046173662224,-1.127671719610067,2091,3
356,Chris Morris,1.0011425566345284,1999,33,-0.798,-0.4073860134379834,-1.4085737521062962,2052,3
2429,Dan Gadzuric,0.9991290724280582,2004,26,0.927,-0.37317441523463746,-1.3733045847057066,4846,10
123,Robert Pack,0.9985063933446066,2001,32,-0.25,0.13498339544549243,-0.8635544824420694,5092,8
1629002,Chimezie Metu,0.9901290724280587,2023,26,0.918,-0.6861744152346376,-1.6763045847057065,2946,6
1627820,Tyrone Wallace,0.9879567883873936,2018,24,0.423,-1.1957046173662225,-2.184671719610067,3599,4
203926,Doug McDermott,0.9733889395019246,2020,28,0.934,0.24225413042363408,-0.730136141855138,5940,10
203499,Shane Larkin,0.9692389147228666,2018,25,0.71,-2.154643481810898,-3.1238869587156732,3637,4
1629671,Miye Oni,0.9690758206088974,2021,23,-0.024,-0.5165737667743622,-1.4856678387759457,2291,3
680,John Amaechi,0.9639956987503391,2000,29,0.777,-0.6719654177173822,-1.6359662532682078,6751,4
1628998,Cody Martin,0.9522389147228663,2021,25,0.693,-0.5436434818108977,-1.4958869587156727,3467,5
200748,Tyrus Thomas,0.9520758206088975,2010,23,-0.041,-1.6225737667743623,-2.573667838775945,5009,8
1628972,Troy Brown Jr.,0.9500758206088973,2023,23,-0.043,0.4654262332256378,-0.4846678387759453,8226,6
707,Mark Davis,0.9489999999999998,2000,27,0.949,-2.61,-3.5589999999999997,1894,4
1714,Robert Traylor,0.9459999999999997,2004,27,0.946,1.1990000000000003,0.253,3670,7
1630558,Davion Mitchell,0.9449567883873935,2023,24,0.38,-0.14570461736622242,-1.090671719610067,6553,3
203584,Troy Daniels,0.9392389147228664,2017,25,0.68,-0.03864348181089783,-0.9778869587156727,4776,7
203900,Markel Brown,0.9380758206088973,2015,23,-0.055,0.21642623322563814,-0.7216678387759454,3107,3
694,Sam Mack,0.936995698750339,1999,29,0.75,-0.45596541771738197,-1.3929662532682079,4411,5
204020,Tyler Johnson,0.931995698750339,2021,29,0.745,0.08603458228261784,-0.845966253268208,3080,8
2693,Keith McLeod,0.9312389147228664,2005,25,0.672,-1.8206434818108979,-2.7518869587156725,5159,4
1641871,Duop Reath,0.9273889395019244,2024,28,0.888,0.4952541304236342,-0.43313614185513805,4879,1
1627756,Denzel Valentine,0.8990758206088976,2017,23,-0.094,-0.7975737667743621,-1.696667838775945,3950,5
234,Khalid Reeves,0.8962389147228671,1998,25,0.637,-0.11664348181089768,-1.0128869587156726,7259,4
1630692,Jordan Goodwin,0.8942389147228664,2024,25,0.635,-1.2376434818108977,-2.131886958715673,4223,3
785,Eric Murdock,0.8876802408535327,1998,30,0.448,-1.2851445828838572,-2.172836256760454,5530,4
390,390,0.8870000000000005,1997,27,0.887,-1.663,-2.55,6461,1
1742,Shammond Williams,0.8861290724280586,2001,26,0.814,0.2308255847653622,-0.655304584705707,4707,7
695,Eldridge Recasner,0.8814599086293788,1999,31,0.087,-0.17070659875824967,-1.0511867294315012,2685,6
1630183,Jaden McDaniels,0.8770758206088973,2024,23,-0.116,-0.3155737667743621,-1.1926678387759455,8538,4
2098,Slava Medvedenko,0.8710758206088975,2002,23,-0.122,-0.5255737667743621,-1.3966678387759452,2908,7
442,Pervis Ellison,0.8684599086293789,1998,31,0.074,-2.0417065987582497,-2.9101867294315014,1761,4
1886,Jonathan Bender,0.8540758206088972,2004,23,-0.139,-1.084573766774362,-1.938667838775945,1703,8
202332,Cole Aldrich,0.8449999999999998,2016,27,0.845,-1.052,-1.8969999999999998,3428,8
1919,Laron Profit,0.8370758206088973,2001,23,-0.156,-0.06057376677436199,-0.8966678387759452,2391,4
1631128,Christian Braun,0.8230758206088975,2024,23,-0.17,-0.6345737667743621,-1.4576678387759452,6761,2
1630214,Xavier Tillman,0.816238914722867,2024,25,0.557,-1.7306434818108978,-2.546886958715673,3904,4
1627823,Juancho Hernangomez,0.8099567883873937,2020,24,0.245,0.029295382633777844,-0.780671719610067,3588,7
2420,Nenad Krstic,0.7990758206088975,2007,23,-0.194,-1.492573766774362,-2.291667838775945,3254,7
63,Michael Smith,0.7962389147228666,1997,25,0.537,0.09735651818910229,-0.6988869587156725,9482,5
2669,Linton Johnson,0.7880000000000003,2007,27,0.788,-1.271,-2.059,2734,6
1628407,Dwayne Bacon,0.7870758206088975,2019,23,-0.206,-0.051573766774362095,-0.8386678387759454,3035,4
1627853,Ryan Arcidiacono,0.7732389147228669,2019,25,0.514,1.0653565181891023,0.29311304128432736,7906,7
101160,Lawrence Roberts,0.7689567883873933,2007,24,0.204,-1.4407046173662224,-2.210671719610067,3739,2
203473,Dewayne Dedmon,0.7610000000000001,2017,27,0.761,-1.733,-2.494,5526,10
1626144,Emmanuel Mudiay,0.7600758206088973,2019,23,-0.233,0.822426233225638,0.062332161224054605,6621,6
1629640,Keldon Johnson,0.7530758206088972,2023,23,-0.24,1.6504262332256379,0.8963321612240547,8587,5
355,Vincent Askew,0.7524599086293793,1997,31,-0.042,-1.1627065987582497,-1.915186729431501,3110,2
1629669,Jaylen Nowell,0.7490758206088977,2023,23,-0.244,0.2994262332256379,-0.4496678387759454,5676,5
203518,Alex Abrines,0.7480758206088973,2017,23,-0.245,0.278426233225638,-0.4686678387759453,4642,3
201154,Al Thornton,0.7450000000000001,2011,27,0.745,-0.7269999999999999,-1.472,5359,4
1892,Trajan Langdon,0.7432389147228666,2001,25,0.484,-0.20164348181089764,-0.9448869587156725,4236,3
2124,Malik Allen,0.736680240853532,2008,30,0.297,-0.5901445828838572,-1.3268362567604541,4108,10
1631200,Kris Murray,0.7340758206088975,2024,23,-0.259,-0.7835737667743621,-1.5176678387759457,5464,1
200792,Alexander Johnson,0.7299567883873936,2007,24,0.165,-0.17770461736622245,-0.9076717196100672,2899,2
1002,Reggie Geary,0.7279567883873939,1998,24,0.163,-1.7137046173662225,-2.441671719610067,2698,2
1630267,Facundo Campazzo,0.7246802408535324,2021,30,0.285,-0.8251445828838573,-1.548836256760454,6802,3
203898,Tyler Ennis,0.7240758206088973,2018,23,-0.269,-1.948573766774362,-2.671667838775945,2765,4
1626169,Stanley Johnson,0.7181290724280585,2022,26,0.646,1.3208255847653625,0.602695415294293,4495,8
932,Oliver Miller,0.6829999999999998,1997,27,0.683,-0.7680000000000002,-1.451,4393,5
203934,Lamar Patterson,0.6719567883873938,2016,24,0.107,-0.43470461736622257,-1.106671719610067,1676,2
1511,Johnny Taylor,0.6712389147228666,1999,25,0.412,0.04035651818910235,-0.6308869587156727,2753,3
1627758,Ron Baker,0.6582389147228667,2018,25,0.399,-1.4386434818108977,-2.0968869587156727,1529,3
51,Mahmoud Abdul-Rauf,0.6535063933446068,2001,32,-0.595,-0.19201660455450775,-0.8455544824420694,1872,3
202388,Donald Sloan,0.6520000000000001,2015,27,0.652,-1.245,-1.8969999999999998,4250,5
1630241,Sam Merrill,0.6423889395019242,2024,28,0.603,-0.922745869576366,-1.5661361418551378,4247,4
721,Tyus Edney,0.6399567883873938,1997,24,0.075,-0.7997046173662223,-1.4406717196100671,5315,3
2434,Juan Carlos Navarro,0.6333889395019248,2008,28,0.594,2.416254130423634,1.782863858144862,8481,1
203481,Jeff Withey,0.6291290724280589,2016,26,0.557,-1.5761744152346377,-2.204304584705707,2479,5
1628411,Wes Iwundu,0.6269567883873939,2019,24,0.062,-1.7607046173662222,-2.387671719610067,5304,5
1628963,Marvin Bagley III,0.6092389147228663,2024,25,0.35,-0.9416434818108979,-1.5508869587156728,4420,6
1960,Milt Palacio,0.6050758206088975,2001,23,-0.388,-2.7315737667743623,-3.336667838775946,4419,7
201934,Hasheem Thabeet,0.5911290724280587,2013,26,0.519,-1.6461744152346376,-2.237304584705707,3104,5
1630245,Ayo Dosunmu,0.5890758206088975,2023,23,-0.404,-1.6875737667743622,-2.275667838775946,8645,3
1630596,Evan Mobley,0.5850758206088975,2024,23,-0.408,-2.032573766774362,-2.6176678387759456,6431,3
200771,Sergio Rodriguez,0.5699567883873935,2010,24,0.005,0.09429538263377779,-0.47567171961006705,4169,5
1629010,Jerome Robinson,0.5640758206088976,2020,23,-0.429,-0.947573766774362,-1.5116678387759455,4283,4
2201,Eddy Curry,0.5639567883873933,2007,24,-0.001,1.4352953826337775,0.8713282803899329,10580,11
1630264,Anthony Gill,0.5609956987503386,2022,29,0.374,-0.463965417717382,-1.024966253268208,1890,4
202720,Jon Leuer,0.5570758206088975,2012,23,-0.436,-0.810573766774362,-1.3676678387759453,2169,8
2454,Junior Harrington,0.5551290724280582,2007,26,0.483,-2.9901744152346375,-3.545304584705707,2165,3
203144,Alexey Shved,0.5409567883873936,2013,24,-0.024,0.2562953826337777,-0.2836717196100671,7129,3
1628977,Hamidou Diallo,0.5219567883873935,2023,24,-0.043,-1.1137046173662224,-1.6356717196100674,4123,6
200769,Shannon Brown,0.5120758206088976,2009,23,-0.481,-0.4085737667743621,-0.9206678387759453,2868,9
1626148,Anthony Brown,0.5050758206088974,2016,23,-0.488,-2.479573766774362,-2.9846678387759455,2388,3
1629659,Talen Horton-Tucker,0.5010758206088974,2024,23,-0.492,0.431426233225638,-0.0686678387759454,4132,5
2128,David Vanterpool,0.4993889395019244,2001,28,0.46,-2.1027458695763657,-2.602136141855138,1626,1
674,Reggie Jordan,0.49768024085353213,1998,30,0.058,-0.06514458288385727,-0.5628362567604541,2041,4
1631218,Trayce Jackson-Davis,0.4819567883873934,2024,24,-0.083,-0.3467046173662225,-0.828671719610067,4678,1
200835,Walter Herrmann,0.48138893950192463,2007,28,0.442,-1.033745869576366,-1.5151361418551381,3571,3
1630168,Onyeka Okongwu,0.4770758206088974,2024,23,-0.516,1.508426233225638,1.0303321612240546,5885,4
203930,Sean Kilpatrick,0.47499999999999964,2017,27,0.475,0.633,0.15900000000000003,7355,4
1628391,D.J. Wilson,0.4680758206088975,2019,23,-0.525,-1.126573766774362,-1.5946678387759456,3933,6
1924,Lee Nailon,0.46699999999999964,2002,27,0.467,-0.43400000000000016,-0.901,7846,6
1629312,Haywood Highsmith,0.46699999999999964,2024,27,0.467,-1.366,-1.8329999999999997,5723,4
1918,Obinna Ekezie,0.46299569875033875,2005,29,0.276,-1.9769654177173819,-2.4399662532682083,2762,4
203485,Lorenzo Brown,0.4599567883873936,2015,24,-0.105,-0.5557046173662221,-1.015671719610067,2074,5
2366,Mike Wilks,0.4513889395019244,2007,28,0.412,-1.2847458695763658,-1.7361361418551382,2015,7
201948,Austin Daye,0.4432389147228668,2013,25,0.184,-0.29264348181089783,-0.7358869587156727,2668,6
204014,Damjan Rudez,0.43699569875033895,2015,29,0.25,-0.5739654177173819,-1.0109662532682078,4079,3
203457,Nerlens Noel,0.4320758206088975,2017,23,-0.561,-1.092573766774362,-1.5256678387759457,4204,9
1629151,Ryan Broekhoff,0.4133889395019241,2019,28,0.374,-0.8747458695763659,-1.2881361418551383,1853,2
1565,Michael Stewart,0.40907582060889736,1998,23,-0.584,-0.711573766774362,-1.1216678387759453,6754,8
1630209,Omer Yurtseven,0.4029567883873937,2022,24,-0.162,0.2362953826337777,-0.1666717196100671,2978,3
1732,Felipe Lopez,0.3991290724280585,2001,26,0.327,-1.6251744152346377,-2.024304584705707,6315,4
766,David Wingate,0.38714255663452857,1997,33,-1.412,0.027613986562016635,-0.3595737521062963,4178,5
1627789,Timothe Luwawu-Cabarrot,0.38223891472286686,2020,25,0.123,-0.9926434818108978,-1.3748869587156727,4186,6
202690,Jimmer Fredette,0.37395678838739377,2013,24,-0.191,1.846295382633778,1.4733282803899328,3764,6
1628966,Keita Bates-Diop,0.3711290724280589,2022,26,0.299,-1.7051744152346378,-2.076304584705707,3950,6
1626199,Darrun Hilliard,0.3570758206088973,2016,23,-0.636,-1.259573766774362,-1.6166678387759454,1508,3
961,John Wallace,0.35623891472286706,1999,25,0.097,-0.1356434818108978,-0.4918869587156727,3016,7
1628463,Tyler Cavanaugh,0.35395678838739375,2018,24,-0.211,-1.1777046173662225,-1.5316717196100673,2096,2
1628422,Damyean Dotson,0.35323891472286695,2019,25,0.094,0.3583565181891024,0.005113041284327324,8249,5
2040,Jerome Moiso,0.3512389147228663,2003,25,0.092,-1.6406434818108977,-1.9918869587156727,2566,5
769,B.J. Armstrong,0.34750639334460676,2000,32,-0.901,-3.463016604554508,-3.810554482442069,2181,4
1630590,Scotty Pippen Jr.,0.3440758206088974,2024,23,-0.649,-1.302573766774362,-1.6466678387759452,2166,2
195,Lee Mayberry,0.3423889395019244,1998,28,0.303,0.6932541304236342,0.3518638581448619,6960,3
924,Anthony Goldwire,0.34023891472286705,1997,25,0.081,-2.420643481810898,-2.760886958715673,4498,7
203133,Robbie Hummel,0.33723891472286693,2014,25,0.078,-0.6266434818108979,-0.9638869587156726,2550,2
341,Joe Wolf,0.33714255663452875,1998,33,-1.462,-1.5893860134379834,-1.9265737521062964,2303,3
203498,Shabazz Muhammad,0.3279567883873935,2017,24,-0.237,-0.02970461736622232,-0.35767171961006716,5985,5
203111,Orlando Johnson,0.3249567883873934,2013,24,-0.24,-0.9987046173662224,-1.3236717196100671,2436,3
128,David Benoit,0.3206802408535325,1998,30,-0.119,-0.7911445828838573,-1.1118362567604543,4296,2
688,Michael Curry,0.3183889395019244,1997,28,0.279,-2.1267458695763657,-2.445136141855138,4433,9
200764,Renaldo Balkman,0.3070758206088975,2008,23,-0.686,-1.118573766774362,-1.4256678387759452,3609,6
1914,Chris Herren,0.30423891472286657,2001,25,0.045,-1.6346434818108977,-1.9388869587156727,1587,2
200809,Chris Quinn,0.2919567883873935,2008,24,-0.273,0.9342953826337776,0.6423282803899328,4913,6
201965,Jeff Ayres,0.2851290724280586,2013,26,0.213,-0.47317441523463755,-0.7583045847057069,1714,6
323,Greg Foster,0.279459908629379,2000,31,-0.515,-1.2557065987582496,-1.5351867294315011,3035,7
1626245,Cristiano Felicio,0.2779567883873937,2017,24,-0.287,-1.2227046173662224,-1.501671719610067,4432,6
1628425,Sterling Brown,0.24912907242805815,2021,26,0.177,-0.7531744152346378,-1.002304584705707,5142,6
1631260,AJ Green,0.24395678838739343,2024,24,-0.321,-0.9457046173662225,-1.1906717196100671,2456,2
1628380,Zach Collins,0.2362389147228665,2023,25,-0.023,-0.32864348181089786,-0.5648869587156726,6102,6
236,Kevin Edwards,0.23450639334460632,1998,32,-1.014,-0.9430166045545079,-1.1765544824420693,1876,3
1629660,Ty Jerome,0.23007582060889753,2021,23,-0.763,-0.578573766774362,-0.8086678387759454,3318,5
71,Pooh Richardson,0.22645990862937904,1997,31,-0.568,-2.4137065987582496,-2.6391867294315015,4093,3
2351,Oscar Torres,0.2232389147228666,2002,25,-0.036,-0.23664348181089778,-0.45988695871567264,3977,2
1630322,Lindy Waters III,0.2032389147228666,2023,25,-0.056,-1.6766434818108977,-1.880886958715673,2314,3
2043,Mateen Cleaves,0.1930758206088976,2001,23,-0.8,-2.534573766774362,-2.7266678387759455,5194,6
1128,Stephen Howard,0.18712907242805876,1997,26,0.115,-0.8661744152346378,-1.0533045847057068,1651,2
2091,Daniel Santiago,0.1783889395019247,2004,28,0.139,-1.5727458695763659,-1.7511361418551383,2727,4
201187,Dominic McGuire,0.1770758206088976,2009,23,-0.816,1.1994262332256378,1.0233321612240547,7928,6
955,Samaki Walker,0.1719567883873938,2000,24,-0.393,-0.30170461736622256,-0.47267171961006715,4220,10
203961,Eric Moreland,0.1671290724280583,2018,26,0.095,-2.3581744152346378,-2.5253045847057067,3143,4
202379,Jeremy Evans,0.16707582060889736,2011,23,-0.826,-1.180573766774362,-1.3476678387759453,1760,7
1734,Sam Jacobson,0.1639567883873938,2000,24,-0.401,0.5882953826337776,0.42532828038993287,2789,3
201957,Byron Mullens,0.14707582060889735,2012,23,-0.846,1.129426233225638,0.9823321612240545,5491,5
1630237,Anthony Lamb,0.14123891472286676,2023,25,-0.118,-0.6566434818108977,-0.7978869587156727,5068,3
685,Cherokee Parks,0.13595678838739378,1997,24,-0.429,-0.44870461736622236,-0.5836717196100671,3718,8
1630846,Olivier Sarr,0.13207582060889766,2022,23,-0.861,-2.043573766774362,-2.174667838775945,1736,3
1629610,DaQuan Jeffries,0.13207582060889766,2021,23,-0.861,-1.1295737667743622,-1.2606678387759453,2111,4
203094,Andrew Nicholson,0.12412907242805815,2016,26,0.052,-2.204174415234638,-2.327304584705707,3239,5
1629139,Yuta Watanabe,0.12038893950192486,2023,28,0.081,-0.2637458695763657,-0.3841361418551381,3831,6
203101,Miles Plumlee,0.11812907242805881,2015,26,0.046,-0.7131744152346378,-0.830304584705707,4757,7
1626210,Alan Williams,0.10595678838739353,2017,24,-0.459,-1.4037046173662224,-1.5106717196100674,2977,4
462,J.R. Reid,0.10568024085353223,1998,30,-0.334,-0.8911445828838573,-0.9968362567604541,4629,4
203135,Robert Sacre,0.10512907242805891,2015,26,0.033,-1.5251744152346376,-1.6303045847057072,4390,4
200783,Craig Smith,0.10512907242805891,2010,26,0.033,-0.7541744152346377,-0.8593045847057069,4620,6
1934,Rodney Buford,0.10207582060889742,2001,23,-0.891,-0.425573766774362,-0.5286678387759454,2423,5
1628990,Chandler Hutchison,0.09707582060889752,2019,23,-0.896,-1.403573766774362,-1.5006678387759453,3693,4
202396,Samardo Samuels,0.09207582060889763,2012,23,-0.901,-2.446573766774362,-2.5376678387759455,3088,3
292,Anthony Miller,0.08338893950192405,2000,28,0.044,-2.2477458695763657,-2.331136141855138,1902,6
2069,Hanno Mottola,0.0822389147228666,2002,25,-0.177,0.43535651818910237,0.3531130412843273,5252,2
1542,Predrag Drobnjak,0.08012907242805856,2002,26,0.008,-0.9671744152346378,-1.0483045847057069,4470,4
112,Dontonio Wingfield,0.07907582060889728,1997,23,-0.914,-1.035573766774362,-1.1136678387759453,2193,2
202779,Dwight Buycks,0.07699569875033907,2018,29,-0.11,-2.748965417717382,-2.8259662532682084,1693,3
203922,Glenn Robinson III,0.07507582060889728,2017,23,-0.918,-1.1135737667743622,-1.1886678387759455,5890,7
2774,Bernard Robinson,0.07223891472286681,2006,25,-0.187,-1.4966434818108978,-1.5688869587156726,5157,3
82,Bill Wennington,0.049839211524921545,1997,34,-2.394,-0.25007654350353403,-0.2999770129664463,2962,4
67,Tom Hammonds,0.03950639334460648,1999,32,-1.209,-1.3850166045545076,-1.424554482442069,2735,5
1628455,Mike James,0.030999999999999694,2018,27,0.031,-2.238,-2.269,2967,2
1628416,Tyler Dorsey,0.02407582060889757,2019,23,-0.969,-0.5595737667743621,-0.5836678387759453,2936,3
1133,Corey Beck,-0.004999999999999893,1998,27,-0.005,-2.147,-2.142,2846,2
200749,Shelden Williams,-0.007870927571941522,2010,26,-0.08,-1.6491744152346377,-1.6413045847057068,2474,6
957,Todd Fuller,-0.00892417939110235,1998,23,-1.002,-1.8325737667743622,-1.8236678387759453,2447,5
1630583,Santi Aldama,-0.010924179391102573,2024,23,-1.004,0.10442623322563804,0.11533216122405465,6497,3
2857,Andre Barrett,-0.01792417939110269,2005,23,-1.011,-1.559573766774362,-1.5416678387759453,1825,4
998,Mark Pope,-0.027611060498075712,2001,28,-0.067,-1.7097458695763659,-1.6821361418551384,3880,6
982,Martin Muursepp,-0.03292417939110237,1998,23,-1.026,-1.3245737667743622,-1.2916678387759453,2372,2
1917,Wang Zhi-zhi,-0.04304321161260649,2002,24,-0.608,-1.2417046173662223,-1.1986717196100671,2503,5
1628443,Kadeem Allen,-0.043870927571941554,2019,26,-0.116,-0.8271744152346376,-0.782304584705707,1700,3
1628365,Markelle Fultz,-0.04576108527713352,2023,25,-0.305,-1.0486434818108978,-1.0028869587156728,7324,7
202698,Chris Singleton,-0.0559241793911025,2013,23,-1.049,-1.439573766774362,-1.3846678387759457,3513,3
1628394,Anzejs Pasecniks,-0.05604321161260639,2020,24,-0.621,-1.4317046173662225,-1.3756717196100672,1849,2
2560,Zarko Cabarkapa,-0.06304321161260651,2005,24,-0.628,-1.6367046173662225,-1.5736717196100671,1871,3
101124,Hakim Warrick,-0.07587092757194158,2009,26,-0.148,-0.3971744152346375,-0.3213045847057069,7654,8
246,Greg Anderson,-0.07716078847507823,1998,34,-2.521,0.8389234564964659,0.9160229870335537,1625,2
1629234,Drew Eubanks,-0.07787092757194136,2023,26,-0.15,-0.35217441523463755,-0.27430458470570696,6493,6
1626209,Mario Hezonja,-0.07892417939110263,2018,23,-1.072,1.141426233225638,1.2203321612240547,6724,5
201970,Sam Young,-0.07987092757194159,2011,26,-0.152,-1.4451744152346377,-1.3653045847057066,6972,4
204025,Tim Frazier,-0.08076108527713322,2016,25,-0.34,-0.4996434818108977,-0.4188869587156727,2948,8
1628539,Mychal Mulder,-0.08499999999999996,2021,27,-0.085,0.06700000000000017,0.15200000000000002,3417,3
1134,Ike Austin,-0.08899999999999997,1997,27,-0.089,-0.13099999999999978,-0.040999999999999925,7799,6
1631311,Lester Quinones,-0.09092417939110264,2024,23,-1.084,-2.244573766774362,-2.153667838775945,1610,2
380,Tony Smith,-0.09700430124966086,1997,29,-0.284,-1.361965417717382,-1.2639662532682079,4860,3
969,Travis Knight,-0.10676108527713346,2000,25,-0.366,-1.0226434818108978,-0.9148869587156727,1885,7
203909,KJ McDaniels,-0.11004321161260622,2017,24,-0.675,-0.9877046173662223,-0.877671719610067,2059,3
1916,Calvin Booth,-0.12254009137062072,2007,31,-0.917,-2.9547065987582495,-2.8331867294315014,1568,10
1630231,KJ Martin,-0.13192417939110257,2024,23,-1.125,-0.9365737667743621,-0.8046678387759454,3009,4
202686,Jan Vesely,-0.13492417939110268,2013,23,-1.128,-0.26257376677436195,-0.12766783877594534,2283,3
2431,David Andersen,-0.14431975914646777,2010,30,-0.584,-1.3741445828838572,-1.2298362567604542,3473,2
202399,Jeff Adrien,-0.1486110604980757,2014,28,-0.188,-0.809745869576366,-0.661136141855138,3744,5
101113,Ike Diogu,-0.1589241793911027,2007,23,-1.152,-2.512573766774362,-2.3536678387759453,2976,6
1628410,Edmond Sumner,-0.16176108527713318,2021,25,-0.421,-0.22564348181089766,-0.06388695871567263,3766,5
1630182,Josh Green,-0.1649241793911025,2024,23,-1.158,1.452426233225638,1.6183321612240547,6294,4
1627851,Mindaugas Kuzminskas,-0.16500000000000004,2017,27,-0.165,-0.685,-0.52,4042,2
1751,Jahidi White,-0.16904321161260638,2000,24,-0.734,-1.3887046173662223,-1.219671719610067,5915,7
101182,Donell Taylor,-0.17092417939110227,2006,23,-1.164,-1.5135737667743623,-1.3426678387759454,1789,2
101198,Will Bynum,-0.17554009137062065,2014,31,-0.97,-1.2857065987582497,-1.1101867294315013,4185,8
201581,JJ Hickson,-0.1929241793911025,2012,23,-1.186,0.25642623322563773,0.4493321612240546,4771,8
203186,Willie Reed,-0.21399999999999997,2017,27,-0.214,-1.335,-1.121,4129,3
2580,Travis Hansen,-0.22387092757194127,2004,26,-0.296,-0.8181744152346377,-0.594304584705707,1953,1
203156,Henry Sims,-0.22404321161260654,2014,24,-0.789,-2.3337046173662226,-2.109671719610067,3494,4
200767,Josh Boone,-0.22404321161260654,2009,24,-0.789,-1.2417046173662223,-1.017671719610067,3620,4
376,Eric Montross,-0.22776108527713346,1997,25,-0.487,-2.3016434818108977,-2.0738869587156725,6912,6
1630205,Lamar Stevens,-0.2298709275719415,2024,26,-0.302,-2.4631744152346378,-2.233304584705707,2237,4
1629685,Dylan Windler,-0.23704321161260644,2021,24,-0.802,-1.3797046173662224,-1.142671719610067,2111,4
1738,Ansu Sesay,-0.2469999999999999,2004,27,-0.247,-2.237,-1.9899999999999998,2218,4
2056,Primoz Brezec,-0.25276108527713337,2005,25,-0.512,-0.08364348181089776,0.16911304128432736,8836,8
203112,Quincy Acy,-0.25404321161260635,2015,24,-0.819,-2.6907046173662224,-2.436671719610067,4892,7
1630215,Jared Butler,-0.2559241793911027,2024,23,-1.249,-1.134573766774362,-0.8786678387759455,2371,3
101136,Salim Stoudamire,-0.26904321161260647,2007,24,-0.834,-1.2687046173662224,-1.0006717196100672,3954,3
201146,Yi Jianlian,-0.2779241793911025,2011,23,-1.271,-0.794573766774362,-0.5176678387759452,4291,5
2041,Etan Thomas,-0.28204321161260637,2002,24,-0.847,-1.0507046173662224,-0.768671719610067,2335,9
763,Tony Massenburg,-0.2888574433654716,2001,33,-2.088,-2.3473860134379834,-2.0585737521062963,3101,9
2417,Qyntel Woods,-0.2997610852771335,2006,25,-0.559,-1.3336434818108978,-1.0338869587156725,3798,4
1631223,David Roddy,-0.3039241793911023,2024,23,-1.297,-0.989573766774362,-0.6856678387759454,4850,2
1629633,Jarrett Culver,-0.3049241793911026,2022,23,-1.298,-1.163573766774362,-0.8586678387759454,1512,4
2552,Michael Sweetney,-0.3069241793911024,2006,23,-1.3,-3.175573766774362,-2.868667838775945,5165,4
1629626,Bol Bol,-0.3130432116126065,2024,24,-0.878,-2.2897046173662225,-1.977671719610067,1911,5
712,Mario Bennett,-0.3190432116126063,1998,24,-0.884,-0.2327046173662226,0.0863282803899329,1514,3
201623,Semih Erden,-0.34104321161260653,2011,24,-0.906,-1.9837046173662225,-1.642671719610067,2235,2
202719,Jeremy Tyler,-0.3519241793911023,2014,23,-1.345,-0.23357376677436203,0.11833216122405465,1540,3
1629019,Allonzo Trier,-0.35692417939110266,2019,23,-1.35,-0.5105737667743622,-0.15466783877594537,6014,2
201880,Greg Stiemsma,-0.359,2013,27,-0.359,-2.33,-1.971,4707,4
1629109,Gary Clark,-0.3799999999999999,2022,27,-0.38,-0.94,-0.56,1536,4
2036,Chris Mihm,-0.38392417939110235,2003,23,-1.377,-1.4905737667743622,-1.1066678387759452,3182,8
201582,Alexis Ajinca,-0.3860000000000001,2015,27,-0.386,-0.9620000000000002,-0.575,3605,7
200762,Oleksiy Pecherov,-0.39204321161260625,2010,24,-0.957,-2.2557046173662223,-1.8626717196100668,1814,3
201974,Derrick Brown,-0.39492417939110247,2011,23,-1.388,-1.488573766774362,-1.0926678387759454,2193,3
1626147,Justin Anderson,-0.39504321161260636,2018,24,-0.96,-2.1337046173662224,-1.7376717196100668,2220,6
1907,Vonteego Cummings,-0.4010432116126066,2000,24,-0.966,-0.41570461736622244,-0.01467171961006708,7147,3
1628515,Isaiah Briscoe,-0.4139241793911026,2019,23,-1.407,-2.2555737667743623,-1.8416678387759455,2262,1
201944,Terrence Williams,-0.4149241793911025,2010,23,-1.408,-0.729573766774362,-0.3146678387759454,6758,4
202732,DeAndre Liggins,-0.42600430124966104,2017,29,-0.613,-1.670965417717382,-1.2449662532682078,3085,5
1900,Quincy Lewis,-0.4320432116126063,2001,24,-0.997,-2.9747046173662226,-2.542671719610067,1505,4
2696,Lynn Greer,-0.43699999999999983,2007,27,-0.437,-1.487,-1.0500000000000003,1658,1
2130,Mike Penberthy,-0.4428709275719416,2001,26,-0.515,-0.9571744152346375,-0.514304584705707,3281,2
1628418,Thomas Bryant,-0.44587092757194124,2024,26,-0.518,-1.5451744152346376,-1.0993045847057066,1785,7
1626143,Jahlil Okafor,-0.4459241793911026,2019,23,-1.439,-0.9305737667743621,-0.48366783877594544,3973,6
1544,Chris Crawford,-0.4460432116126065,1999,24,-1.011,-2.3747046173662225,-1.9286717196100671,3239,7
201595,Joey Dorsey,-0.4595400913706209,2015,31,-1.254,-1.6807065987582495,-1.221186729431501,3502,4
440,Zan Tabak,-0.4805400913706208,2001,31,-1.275,-2.2877065987582497,-1.8071867294315014,2960,4
1629117,Wenyen Gabriel,-0.48987092757194173,2023,26,-0.562,-1.1571744152346377,-0.6683045847057071,4379,5
203080,Thomas Robinson,-0.5029241793911026,2014,23,-1.496,0.09142623322563814,0.5943321612240546,3941,5
203960,JaKarr Sampson,-0.5099999999999998,2020,27,-0.51,-2.139,-1.629,2169,6
1601,Rusty LaRue,-0.5117610852771333,1999,25,-0.771,-0.9696434818108977,-0.45788695871567264,2704,5
101143,Travis Diener,-0.5220000000000002,2009,27,-0.522,-1.044,-0.522,2919,5
1631204,Marcus Sasser,-0.5229241793911026,2024,23,-1.516,0.0734262332256379,0.5963321612240546,5619,1
1628412,Frank Mason III,-0.5270432116126065,2018,24,-1.092,-1.1197046173662224,-0.592671719610067,3776,4
2545,Darko Milicic,-0.5370432116126067,2009,24,-1.102,-2.5687046173662225,-2.0316717196100673,3888,10
2758,David Harrison,-0.5707610852771334,2008,25,-0.83,-2.066643481810898,-1.4958869587156727,2881,4
1628035,Alfonzo McKinnie,-0.5788709275719413,2019,26,-0.651,-0.6111744152346379,-0.03330458470570696,5199,5
203895,Jordan McRae,-0.5850043012496613,2020,29,-0.772,-0.8009654177173822,-0.21596625326820806,3333,4
1512,Chris Anstey,-0.5937610852771331,2000,25,-0.853,-1.6596434818108978,-1.0658869587156725,3766,3
1096,Ivano Newbill,-0.5948709275719413,1997,26,-0.667,-0.7541744152346377,-0.15930458470570696,3247,2
2767,Royal Ivey,-0.6249241793911029,2005,23,-1.618,-2.446573766774362,-1.821667838775945,3191,10
201814,Gary Forbes,-0.6268709275719413,2011,26,-0.699,-0.2921744152346375,0.33469541529429303,3262,2
1641854,Craig Porter Jr.,-0.6300432116126067,2024,24,-1.195,-0.5047046173662224,0.12632828038993282,2559,1
201274,Ivan Johnson,-0.6406110604980757,2012,28,-0.68,-1.9177458695763658,-1.2771361418551381,3728,2
202338,Kevin Seraphin,-0.6467610852771335,2015,25,-0.906,-1.1986434818108977,-0.5528869587156726,4924,7
201181,Chris Richard,-0.6479241793911026,2008,23,-1.641,-1.709573766774362,-1.0616678387759453,2140,2
200786,David Noel,-0.6509241793911027,2007,23,-1.644,0.33342623322563814,0.9843321612240545,3059,1
1562,Gerard King,-0.653,2000,27,-0.653,-2.197,-1.544,4080,3
1627775,Patrick McCaw,-0.6530432116126064,2020,24,-1.218,-2.5867046173662223,-1.933671719610067,3765,5
1869,Charles R. Jones,-0.6549241793911023,1999,23,-1.648,-1.793573766774362,-1.1386678387759452,1754,2
1038,Juaquin Hawkins,-0.6580043012496608,2003,29,-0.845,-2.052965417717382,-1.3949662532682081,2528,1
202376,Luke Harangody,-0.6599241793911026,2011,23,-1.653,-1.802573766774362,-1.1426678387759452,2477,2
289,Ledell Eackles,-0.664540091370621,1998,31,-1.459,-3.42670659875825,-2.7621867294315017,2123,1
2437,Lonny Baxter,-0.6859999999999999,2006,27,-0.686,-1.549,-0.863,1513,4
203648,Thanasis Antetokounmpo,-0.6926110604980757,2021,28,-0.732,-1.922745869576366,-1.2301361418551384,2530,6
2084,Chris Porter,-0.7039241793911026,2001,23,-1.697,-0.7895737667743621,-0.0856678387759453,4512,1
1628432,Davon Reed,-0.7069999999999999,2022,27,-0.707,-0.8919999999999999,-0.18599999999999994,2685,4
2648,Ronald Dupree,-0.7320432116126061,2005,24,-1.297,-1.7917046173662223,-1.0596717196100671,1836,6
32,Clifford Rozier,-0.7380432116126063,1997,24,-1.303,-2.4277046173662225,-1.6886717196100673,2774,2
1766,Maceo Baston,-0.7455400913706209,2007,31,-1.54,-1.55170659875825,-0.8061867294315013,1597,4
1752,Sean Marks,-0.7628574433654713,2009,33,-2.562,-2.4663860134379836,-1.7035737521062961,3392,11
1898,Cal Bowdler,-0.7747610852771332,2002,25,-1.034,-1.7266434818108978,-0.9518869587156726,2256,3
1626188,Quinn Cook,-0.7777610852771333,2018,25,-1.037,-1.4206434818108977,-0.6438869587156728,3717,5
1629670,Jordan Nwora,-0.7859241793911025,2022,23,-1.779,0.15842623322563787,0.9443321612240547,5039,4
1627858,Kyle Collinsworth,-0.8048709275719412,2018,26,-0.877,-1.2351744152346376,-0.4303045847057071,1861,1
203546,Ian Clark,-0.8058709275719416,2017,26,-0.878,-1.2361744152346377,-0.4303045847057071,5535,6
1629033,Theo Pinson,-0.8130432116126065,2020,24,-1.378,-3.119704617366222,-2.307671719610067,1532,5
203464,Brandon Paul,-0.8159999999999998,2018,27,-0.816,-2.055,-1.2390000000000003,2349,1
1569,Keith Closs,-0.8230432116126063,2000,24,-1.388,-0.5727046173662225,0.24932828038993282,3304,3
200756,Hilton Armstrong,-0.8549241793911024,2008,23,-1.848,-1.3925737667743623,-0.5376678387759453,3003,6
203123,Kostas Papanikolaou,-0.8550432116126063,2015,24,-1.42,-2.6797046173662222,-1.824671719610067,3273,2
101211,Stephen Graham,-0.8769999999999998,2009,27,-0.877,-2.58,-1.702,2791,6
201805,Chris Hunter,-0.8797610852771336,2010,25,-1.139,-1.2056434818108976,-0.32588695871567275,3272,1
203197,Diante Garrett,-0.8817610852771334,2014,25,-1.141,-1.6926434818108977,-0.8108869587156726,3971,2
1630208,Nick Richards,-0.8827610852771333,2023,25,-1.142,-0.9576434818108976,-0.07488695871567264,5073,4
1629717,Armoni Brooks,-0.8870432116126064,2022,24,-1.452,-1.1687046173662223,-0.2816717196100671,3499,3
101130,Johan Petro,-0.8950432116126064,2010,24,-1.46,-1.7447046173662222,-0.8496717196100672,1874,8
2042,Courtney Alexander,-0.8988709275719415,2003,26,-0.971,-2.3961744152346376,-1.4973045847057072,5263,3
1630284,Kevon Harris,-0.9008709275719413,2023,26,-0.973,-2.2301744152346377,-1.329304584705707,1884,2
202345,Damion James,-0.9089241793911027,2011,23,-1.902,-4.227573766774363,-3.3196678387759455,1546,4
1629681,Killian Tillie,-0.9210432116126062,2022,24,-1.486,-1.9657046173662223,-1.045671719610067,1871,2
1630699,MarJon Beauchamp,-0.9289241793911023,2024,23,-1.922,-1.7475737667743623,-0.8196678387759453,2552,2
1641998,Trey Jemison,-0.9290432116126062,2024,24,-1.494,-1.8827046173662225,-0.9526717196100671,2314,1
54,Dickey Simpkins,-0.9468709275719416,1998,26,-1.019,-2.4641744152346376,-1.5173045847057067,1890,5
1629642,Nassir Little,-0.9489241793911027,2023,23,-1.942,-0.49957376677436205,0.4493321612240546,3954,5
1753,Toby Bailey,-0.9500432116126061,2000,24,-1.515,-1.9937046173662223,-1.043671719610067,1868,2
1630613,Duane Washington Jr.,-0.9539241793911026,2023,23,-1.947,-2.954573766774362,-2.001667838775946,1650,2
1518,Rodrick Rhodes,-0.9700432116126065,1998,24,-1.535,-2.9717046173662225,-2.001671719610067,4117,3
201591,DJ White,-0.9820432116126061,2011,24,-1.547,-1.4577046173662225,-0.47567171961006705,2527,6
1629007,Jontay Porter,-0.9840432116126063,2024,24,-1.549,-2.6027046173662223,-1.618671719610067,1514,2
1626185,Jarell Martin,-0.9860432116126066,2018,24,-1.551,-1.0147046173662224,-0.028671719610067092,6569,4
988,Randy Livingston,-0.997761085277133,2000,25,-1.257,-1.9766434818108976,-0.9798869587156727,4476,11
1630271,Brodric Thomas,-1.0060432116126061,2021,24,-1.571,-1.8797046173662224,-0.873671719610067,1631,2
1629121,Jaylen Adams,-1.0089241793911023,2019,23,-2.002,-1.8335737667743621,-0.8246678387759454,1862,2
1627767,Cheick Diallo,-1.0099241793911027,2020,23,-2.003,-2.238573766774362,-1.2286678387759453,1978,5
1629637,Jaxson Hayes,-1.0130432116126067,2024,24,-1.578,-1.1027046173662225,-0.08967171961006715,3750,5
1630538,Bones Hyland,-1.0159241793911025,2024,23,-2.009,-2.804573766774362,-1.7886678387759456,2195,3
1630647,Eugene Omoruyi,-1.0178709275719413,2023,26,-1.09,-1.5081744152346377,-0.4903045847057069,2612,3
203902,Semaj Christon,-1.0180432116126066,2017,24,-1.583,-0.9867046173662224,0.03032828038993296,3849,1
1626202,Joe Young,-1.0250432116126063,2016,24,-1.59,-1.2807046173662224,-0.2546717196100672,1595,3
1628426,Sasha Vezenkov,-1.0266110604980754,2024,28,-1.066,-1.6737458695763658,-0.6471361418551382,2173,1
202706,Jordan Hamilton,-1.0399241793911025,2014,23,-2.033,-1.984573766774362,-0.9456678387759454,4138,5
967,Brian Evans,-1.0500432116126066,1998,24,-1.615,-1.1187046173662223,-0.06867171961006713,3417,3
1629677,Luka Samanic,-1.0530432116126067,2024,24,-1.618,-2.405704617366222,-1.352671719610067,1701,4
1630346,Matt Ryan,-1.0659999999999998,2024,27,-1.066,-3.306,-2.24,1656,3
226,Antonio Lang,-1.0687610852771336,1997,25,-1.328,-2.7786434818108976,-1.7098869587156726,2956,4
1626150,Andrew Harrison,-1.0789241793911026,2018,23,-2.072,-1.422573766774362,-0.3436678387759453,5127,3
435,Carlos Rogers,-1.0818709275719414,1997,26,-1.154,-2.3311744152346376,-1.249304584705707,5417,6
1627745,Damian Jones,-1.083043211612606,2019,24,-1.648,-2.7347046173662224,-1.6516717196100674,1721,8
1629741,Marko Guduric,-1.0897610852771336,2020,25,-1.349,-1.9396434818108976,-0.8498869587156728,2058,1
203199,DeQuan Jones,-1.1069241793911027,2013,23,-2.1,-0.39057376677436206,0.7163321612240546,3123,1
1630570,Trendon Watford,-1.1109241793911027,2024,23,-2.104,-1.052573766774362,0.059332161224054714,3443,3
1628417,Jaron Blossomgame,-1.1167610852771332,2019,25,-1.376,-2.9426434818108977,-1.8268869587156726,1757,1
202705,MarShon Brooks,-1.1353197591464679,2019,30,-1.575,-2.514144582883857,-1.379836256760454,1525,5
997,Chris Robinson,-1.1409241793911025,1997,23,-2.134,-1.108573766774362,0.03233216122405458,2518,2
1736,Corey Benjamin,-1.1429241793911027,2001,23,-2.136,-1.605573766774362,-0.4636678387759454,3228,4
1629076,Tyler Cook,-1.1429241793911027,2021,23,-2.136,-1.277573766774362,-0.13466783877594535,1777,3
1110,Mark Strickland,-1.157,1998,27,-1.157,-1.105,0.052000000000000046,3275,7
101261,Andre Owens,-1.177,2008,27,-1.177,-4.014,-2.837,1559,2
381,James Robinson,-1.1776110604980756,1999,28,-1.217,-2.371745869576366,-1.194136141855138,1947,4
931,Don MacLean,-1.1799999999999997,1997,27,-1.18,-1.369,-0.18900000000000006,2919,5
1629676,Isaiah Roby,-1.2020432116126063,2022,24,-1.767,-1.3107046173662225,-0.10867171961006705,3921,4
1629629,Cam Reddish,-1.2030432116126062,2024,24,-1.768,-3.0537046173662223,-1.8506717196100673,4291,5
203530,Joffrey Lauvergne,-1.2037610852771334,2017,25,-1.463,-1.2616434818108977,-0.05788695871567262,3997,4
2214,Michael Bradley,-1.2100432116126063,2003,24,-1.775,0.6892953826337775,1.8993282803899327,4898,5
143,Terry Dehere,-1.2177610852771337,1997,25,-1.477,-1.6096434818108978,-0.3928869587156727,3927,3
201964,Victor Claver,-1.2520432116126066,2013,24,-1.817,-1.9717046173662225,-0.719671719610067,3101,3
203948,Johnny O'Bryant III,-1.2579241793911025,2016,23,-2.251,-1.241573766774362,0.016332161224054564,3306,4
1627782,Wayne Selden,-1.2719241793911027,2018,23,-2.265,-1.9825737667743621,-0.7106678387759453,2817,4
201446,Mike Taylor,-1.2739241793911025,2009,23,-2.267,-2.053573766774362,-0.7796678387759453,2936,1
101189,James Singleton,-1.2796110604980755,2010,28,-1.319,-2.3727458695763657,-1.093136141855138,3682,5
2782,Matt Freije,-1.2919241793911027,2005,23,-2.285,-4.2905737667743615,-2.998667838775946,1553,2
1629641,Romeo Langford,-1.2919241793911027,2023,23,-2.285,-1.992573766774362,-0.7006678387759453,3585,4
2761,Jackson Vroman,-1.2960432116126062,2005,24,-1.861,-3.0277046173662225,-1.731671719610067,2675,2
240,Brooks Thompson,-1.2968709275719412,1997,26,-1.369,0.12382558476536243,1.420695415294293,4107,2
203106,Jeffery Taylor,-1.3080432116126066,2013,24,-1.873,-1.8847046173662223,-0.5756717196100671,5775,3
201986,Nando De Colo,-1.3108709275719415,2013,26,-1.383,-2.2981744152346377,-0.987304584705707,3713,2
310,Bobby Hurley,-1.3158709275719414,1997,26,-1.388,-2.3361744152346375,-1.019304584705707,2498,2
200780,Solomon Jones,-1.3188709275719415,2011,26,-1.391,-3.2721744152346375,-1.9533045847057067,2093,8
706,706,-1.3200432116126062,1997,24,-1.885,-0.9437046173662225,0.37632828038993293,3629,1
1627988,Myke Henry,-1.3207610852771334,2018,25,-1.58,-2.235643481810898,-0.9158869587156726,1528,1
203798,PJ Hairston,-1.3339241793911025,2016,23,-2.327,-1.3685737667743623,-0.03466783877594537,5234,2
2253,Sean Lampley,-1.3449241793911026,2003,23,-2.338,-3.3585737667743625,-2.0136678387759455,1796,2
35,Eric Riley,-1.3596110604980756,1998,28,-1.399,-2.520745869576366,-1.162136141855138,2048,2
2737,Rafael Araujo,-1.3650432116126061,2005,24,-1.93,-3.135704617366222,-1.7706717196100672,2909,3
2694,Josh Powell,-1.3699241793911026,2006,23,-2.363,-1.3735737667743622,-0.0036678387759453424,1667,7
1631367,Jacob Gilyard,-1.3787610852771333,2024,25,-1.638,-1.5396434818108977,-0.1598869587156726,2787,2
140,Donald Royal,-1.397540091370621,1997,31,-2.192,-2.3257065987582495,-0.9281867294315014,3333,2
201605,Nathan Jawai,-1.4029241793911025,2010,23,-2.396,-2.940573766774362,-1.5376678387759453,1677,2
203475,Erick Green,-1.4060432116126065,2015,24,-1.971,-0.9187046173662223,0.4873282803899329,1637,2
203561,Brandon Davies,-1.4069241793911025,2015,23,-2.4,-1.8975737667743622,-0.49066783877594533,1705,2
2357,Tierre Brown,-1.4248709275719413,2005,26,-1.497,-1.1311744152346377,0.2936954152942931,3960,4
61,Carl Herrera,-1.4293197591464675,1997,30,-1.869,-2.4381445828838575,-1.008836256760454,6637,3
1628981,Bruno Fernando,-1.4297610852771334,2024,25,-1.689,-2.6726434818108977,-1.2438869587156725,2800,5
1630201,Malachi Flynn,-1.4320432116126063,2022,24,-1.997,-1.1867046173662223,0.24532828038993282,2325,4
1628414,Sindarius Thornwell,-1.4339241793911026,2018,23,-2.427,-3.6725737667743616,-2.238667838775945,4765,4
201151,Acie Law,-1.4429241793911025,2008,23,-2.436,-3.465573766774362,-2.022667838775946,3521,4
1631241,Javon Freeman-Liberty,-1.4510432116126064,2024,24,-2.016,-2.8997046173662224,-1.4486717196100671,1685,1
1630568,Luka Garza,-1.4519241793911024,2022,23,-2.445,-1.414573766774362,0.037332161224054694,1597,3
202724,Charles Jenkins,-1.4720432116126063,2013,24,-2.037,-2.9917046173662225,-1.5196717196100669,1755,2
203099,Jared Cunningham,-1.4807610852771336,2016,25,-1.74,-1.9646434818108975,-0.48388695871567267,1606,4
1630240,Saben Lee,-1.4909241793911026,2022,23,-2.484,-1.826573766774362,-0.3356678387759453,2483,4
914,Stanley Roberts,-1.4936110604980755,1998,28,-1.533,-4.784745869576366,-3.2921361418551385,5125,4
964,Roy Rogers,-1.4979241793911027,1997,23,-2.491,0.15742623322563798,1.6553321612240546,6858,3
203710,C.J. Williams,-1.5096110604980755,2018,28,-1.549,-2.635745869576366,-1.1271361418551378,2878,2
1629647,Darius Bazley,-1.5119241793911025,2023,23,-2.505,-3.157573766774362,-1.6456678387759454,2541,5
333,333,-1.5325400913706209,1997,31,-2.327,-1.5307065987582495,0.0008132705684986696,3641,1
1629065,Ky Bowman,-1.5429241793911026,2020,23,-2.536,-3.097573766774362,-1.555667838775945,4224,1
1628413,Jonah Bolden,-1.5429241793911026,2019,23,-2.536,-2.121573766774362,-0.5786678387759454,3110,2
101134,Wayne Simien,-1.5769241793911024,2006,23,-2.57,-3.173573766774362,-1.5976678387759453,1623,2
154,Adrian Caldwell,-1.5813197591464676,1997,30,-2.021,-2.3151445828838573,-0.7338362567604542,2293,2
1741,Jelani McCoy,-1.5819241793911027,2001,23,-2.575,-4.059573766774362,-2.477667838775945,4311,8
2471,Mike Batiste,-1.6037610852771333,2003,25,-1.863,-1.8696434818108978,-0.2658869587156727,4752,1
2051,Donnell Harvey,-1.6419241793911024,2004,23,-2.635,-2.663573766774362,-1.0216678387759452,3053,5
200801,Hassan Adams,-1.6429241793911027,2007,23,-2.636,-2.861573766774362,-1.2186678387759453,1956,2
1629740,Nicolo Melli,-1.6533197591464677,2021,30,-2.093,-2.9701445828838575,-1.3168362567604543,2277,2
204037,Travis Wear,-1.6630432116126066,2015,24,-2.228,-2.6167046173662225,-0.9526717196100671,2535,2
2599,Brandon Hunter,-1.6689241793911025,2004,23,-2.662,-3.042573766774362,-1.3726678387759452,1642,2
709,709,-1.6700432116126063,1997,24,-2.235,-1.5377046173662223,0.13232828038993283,3144,1
919,Loy Vaught,-1.7068574433654713,2001,33,-3.506,-1.6033860134379831,0.1034262478937038,2111,5
203098,John Jenkins,-1.7217610852771332,2016,25,-1.981,-2.2006434818108978,-0.47988695871567266,2011,6
101158,Orien Greene,-1.7220432116126063,2006,24,-2.287,-4.863704617366222,-3.141671719610067,4738,4
2226,Will Solomon,-1.7269241793911028,2002,23,-2.72,-2.260573766774362,-0.5336678387759453,3368,2
1080,Henry James,-1.7385400913706208,1997,31,-2.533,-0.37470659875824963,1.3638132705684987,3673,2
1628427,Vlatko Cancar,-1.7638709275719417,2023,26,-1.836,-2.0941744152346375,-0.330304584705707,3631,4
1540,Eric Washington,-1.7737610852771333,1999,25,-2.033,-2.997643481810898,-1.2238869587156729,2868,2
1629672,Eric Paschall,-1.8170432116126065,2021,24,-2.382,-2.2457046173662225,-0.4286717196100671,2906,3
1629678,Admiral Schofield,-1.8199241793911027,2020,23,-2.813,-2.498573766774362,-0.6786678387759453,1535,4
202178,Sundiata Gaines,-1.8318709275719414,2012,26,-1.904,-2.0501744152346375,-0.2183045847057069,3008,3
2109,Eddie Gill,-1.8598709275719414,2005,26,-1.932,-2.2151744152346375,-0.3553045847057069,3860,7
1626208,Keifer Sykes,-1.8646110604980755,2022,28,-1.904,-2.554745869576366,-0.691136141855138,2253,1
55,Marty Conlon,-1.883004301249661,1997,29,-2.07,-1.031965417717382,0.851033746731792,6469,4
681,Donny Marshall,-1.8830432116126063,1997,24,-2.448,-1.8707046173662225,0.012328280389932944,2021,4
2565,Zoran Planinic,-1.9029241793911025,2006,23,-2.896,-3.6295737667743624,-1.7266678387759453,2222,3
1629643,Chuma Okeke,-1.9079241793911024,2022,23,-2.901,-2.796573766774362,-0.8886678387759452,7273,4
1630273,Freddie Gillespie,-1.9100432116126065,2021,24,-2.475,-3.2347046173662224,-1.325671719610067,1612,2
200766,Marcus Williams,-1.9450432116126062,2010,24,-2.51,-1.9437046173662225,0.0013282803899328233,3454,4
335,335,-1.9493197591464675,1997,30,-2.389,-2.6931445828838574,-0.743836256760454,1553,1
1609,Art Long,-1.9520043012496608,2002,29,-2.139,-3.046965417717382,-1.0949662532682083,3669,3
1043,Amal McCaskill,-1.9753197591464677,2004,30,-2.415,-2.501144582883857,-0.525836256760454,2322,4
1630625,Dalano Banton,-1.9760432116126063,2024,24,-2.541,-2.0717046173662226,-0.09567171961006715,4182,3
203949,James Michael McAdoo,-1.9880432116126063,2017,24,-2.553,-2.9157046173662224,-0.9276717196100672,2077,4
203128,Furkan Aldemir,-1.9959241793911024,2015,23,-2.989,-1.4815737667743623,0.5143321612240547,2122,1
1628962,Udoka Azubuike,-2.0129241793911024,2023,23,-3.006,-2.349573766774362,-0.3366678387759454,1536,4
202951,Jeremy Pargo,-2.02,2013,27,-2.02,-3.148,-1.1279999999999997,2413,3
200817,Pooh Jeter,-2.023,2011,27,-2.023,-2.605,-0.5819999999999999,3489,1
2763,Lionel Chalmers,-2.0380432116126066,2005,24,-2.603,-3.030704617366222,-0.9926717196100672,1530,1
2452,J.R. Bremer,-2.0769241793911024,2004,23,-3.07,-3.638573766774362,-1.5616678387759453,1625,2
2242,Terence Morris,-2.0870432116126065,2003,24,-2.652,-2.2457046173662225,-0.1586717196100671,2309,3
2062,A.J. Guyton,-2.1030432116126065,2002,24,-2.668,-2.6417046173662224,-0.538671719610067,2279,3
734,Lawrence Moten,-2.1237610852771334,1997,25,-2.383,-1.9536434818108979,0.16911304128432736,4538,2
201966,Jermaine Taylor,-2.1510432116126066,2011,24,-2.716,-1.8367046173662223,0.3143282803899329,1972,2
181,181,-2.1514936066553934,1997,32,-3.4,-1.6670166045545076,0.48544551755793064,2982,1
203940,Adreian Payne,-2.173761085277133,2016,25,-2.433,-1.5846434818108976,0.5891130412843274,1901,4
1626184,Chasson Randle,-2.2128709275719416,2019,26,-2.285,-2.4551744152346378,-0.24230458470570693,3135,4
1629164,Brandon Goodwin,-2.2167610852771333,2021,25,-2.476,-2.8746434818108977,-0.6578869587156726,2482,4
202726,Andrew Goudelock,-2.2209241793911025,2012,23,-3.214,-3.262573766774362,-1.0416678387759453,1579,3
1628980,Jacob Evans,-2.2229241793911028,2020,23,-3.216,-3.092573766774362,-0.8696678387759453,1760,2
201938,Jonny Flynn,-2.2849241793911026,2012,23,-3.278,-0.9185737667743621,1.3663321612240547,1586,3
678,George Zidek,-2.2849241793911026,1997,23,-3.278,-1.3075737667743619,0.9773321612240546,1504,2
201616,Darnell Jackson,-2.2929241793911026,2009,23,-3.286,-1.484573766774362,0.8083321612240546,1679,3
101146,Roko Ukic,-2.3020432116126064,2009,24,-2.867,-3.968704617366223,-1.6676717196100674,3494,2
2254,Loren Woods,-2.3078709275719413,2004,26,-2.38,-3.829174415234638,-1.5223045847057066,1748,6
47,47,-2.3238574433654717,1997,33,-4.123,-2.0053860134379833,0.3184262478937038,3148,1
138,Anthony Avent,-2.3353197591464676,2000,30,-2.775,-1.9451445828838572,0.38916374323954583,1511,2
704,Shawn Respert,-2.3468709275719415,1998,26,-2.419,-1.9051744152346377,0.441695415294293,3557,3
768,768,-2.351,1997,27,-2.351,-3.748,-1.3969999999999998,1891,1
1063,Carl Thomas,-2.3686110604980755,1998,28,-2.408,-2.611745869576366,-0.2431361418551381,1713,2
1641738,Kobe Brown,-2.3720432116126062,2024,24,-2.937,-2.147704617366222,0.2233282803899329,1590,1
2423,Chris Jefferies,-2.375924179391103,2003,23,-3.369,-3.3695737667743617,-0.9936678387759452,2558,2
2370,Mengke Bateer,-2.3878709275719414,2002,26,-2.46,-4.523174415234637,-2.135304584705707,1548,3
202386,Ben Uzoh,-2.3959241793911024,2011,23,-3.389,-3.6135737667743624,-1.2176678387759454,1632,2
1627737,Marquese Chriss,-2.4020432116126065,2022,24,-2.967,-2.6787046173662223,-0.2756717196100671,1531,6
2414,Curtis Borchardt,-2.4390432116126064,2005,24,-3.004,-2.7507046173662224,-0.3116717196100671,3123,2
2853,Earl Barron,-2.4408709275719414,2008,26,-2.513,-4.793174415234638,-2.3523045847057067,3306,8
101204,Dwayne Jones,-2.4457610852771334,2008,25,-2.705,-2.2386434818108976,0.20811304128432728,1868,5
203108,Bernard James,-2.4516110604980756,2013,28,-2.491,-2.113745869576366,0.338863858144862,1841,3
1631303,Justin Minaya,-2.492761085277133,2024,25,-2.752,-4.296643481810897,-1.803886958715673,1514,2
1757,Cory Carr,-2.5099241793911027,1999,23,-3.503,-3.192573766774362,-0.6826678387759453,2325,1
201947,Earl Clark,-2.5209241793911024,2011,23,-3.514,-4.405573766774362,-1.8846678387759457,1834,6
1627846,Abdel Nader,-2.547,2021,27,-2.547,-4.225,-1.6789999999999998,1576,5
1627852,Nicolas Brussino,-2.5840432116126064,2017,24,-3.149,-1.4657046173662225,1.1183282803899328,1985,2
1630192,Zeke Nnaji,-2.6089241793911024,2024,23,-3.602,-2.0215737667743623,0.5873321612240546,2324,4
101214,Jawad Williams,-2.631,2010,27,-2.631,-2.635,-0.0040000000000000036,2875,3
1528,Bubba Wells,-2.6329241793911025,1998,23,-3.626,-1.718573766774362,0.9133321612240546,1504,1
2415,Ryan Humphrey,-2.6909241793911027,2003,23,-3.684,-4.816573766774361,-2.1246678387759452,1729,3
2766,Antonio Burks,-2.7008709275719416,2006,26,-2.773,-4.0861744152346375,-1.385304584705707,2082,2
200763,Quincy Douby,-2.7200432116126065,2008,24,-3.285,-3.5237046173662225,-0.8036717196100671,3523,3
1136,1136,-2.723004301249661,1997,29,-2.91,-3.222965417717382,-0.4999662532682081,2743,1
710,David Vaughn,-2.7337610852771332,1998,25,-2.993,-3.8536434818108978,-1.1198869587156728,1925,3
2770,Justin Reed,-2.7440432116126066,2006,24,-3.309,-3.8927046173662223,-1.148671719610067,3844,3
1627748,Thon Maker,-2.750924179391103,2020,23,-3.744,-2.156573766774362,0.5933321612240546,3047,5
1600,Kornel David,-2.7586110604980756,2000,28,-2.798,-3.555745869576366,-0.7971361418551381,1850,3
203120,Justin Hamilton,-2.766761085277133,2015,25,-3.026,-4.129643481810898,-1.3628869587156727,2722,3
1545,DeJuan Wheat,-2.7757610852771335,1999,25,-3.035,-2.452643481810898,0.3231130412843273,2144,2
203119,Kim English,-2.7800432116126066,2013,24,-3.345,-2.2167046173662226,0.5633282803899329,1593,1
200747,Adam Morrison,-2.8030432116126063,2009,24,-3.368,-2.6767046173662226,0.12632828038993282,2629,3
1077,1077,-2.812043211612606,1997,24,-3.377,-3.2187046173662224,-0.4066717196100671,2272,1
1630164,James Wiseman,-2.8649241793911027,2024,23,-3.858,-1.173573766774362,1.6913321612240546,4540,3
200778,James White,-2.958319759146468,2013,30,-3.398,-2.260144582883857,0.6971637432395459,1711,3
203921,Cleanthony Early,-2.9680432116126063,2015,24,-3.533,-4.996704617366222,-2.027671719610067,2521,2
1520,Charles Smith,-2.9798709275719415,2002,26,-3.052,-3.6871744152346375,-0.707304584705707,4435,5
190,Duane Causwell,-2.982004301249661,1997,29,-3.169,-3.325965417717382,-0.34396625326820796,2156,5
203545,Miroslav Raduljica,-3.0208709275719414,2014,26,-3.093,-3.1591744152346375,-0.13830458470570706,1794,2
202701,Nolan Smith,-3.026924179391102,2012,23,-4.02,-2.460573766774362,0.5663321612240546,2100,2
1629649,Ignas Brazdeikis,-3.0499241793911027,2022,23,-4.043,-1.676573766774362,1.3723321612240547,2223,3
1985,Zendon Hamilton,-3.129,2002,27,-3.129,-2.345,0.784,3223,6
202351,Lazar Hayward,-3.1420432116126062,2011,24,-3.707,-2.2397046173662223,0.903328280389933,1723,3
2220,Brandon Armstrong,-3.3980432116126065,2004,24,-3.963,-2.2157046173662223,1.1823282803899329,1679,3
412,Sharone Wright,-3.4140432116126065,1997,24,-3.979,-5.017704617366222,-1.6046717196100668,3712,2
684,Loren Meyer,-3.5290432116126067,1997,24,-4.094,-4.525704617366222,-0.9966717196100672,2804,2
201628,Bobby Brown,-3.5317610852771333,2010,25,-3.791,-3.872643481810898,-0.34188695871567276,1975,4
200784,Bobby Jones,-3.599043211612606,2008,24,-4.164,-5.118704617366222,-1.5186717196100674,2076,2
1983,Jermaine Jackson,-3.6,2003,27,-3.6,-4.021,-0.42100000000000004,2093,5
2074,Jabari Smith,-3.6776110604980756,2005,28,-3.717,-4.022745869576365,-0.3451361418551382,2452,4
1629126,Deonte Burton,-3.7108709275719414,2020,26,-3.783,-4.3521744152346376,-0.641304584705707,1516,3
1489,1489,-3.7256110604980757,1997,28,-3.765,-3.7227458695763658,0.002863858144861897,1938,1
1630219,Skylar Mays,-3.7668709275719414,2024,26,-3.839,-3.7581744152346377,0.008695415294293074,1747,4
2219,Jeryl Sasser,-3.8190432116126067,2003,24,-4.384,-4.011704617366222,-0.19267171961006713,3998,2
203103,Perry Jones III,-3.8289241793911026,2015,23,-4.822,-3.6515737667743617,0.1773321612240546,2514,3
2604,Theron Smith,-3.854043211612606,2005,24,-4.419,-4.830704617366222,-0.9766717196100672,1943,2
201633,Rob Kurz,-3.8840432116126062,2009,24,-4.449,-5.1567046173662225,-1.272671719610067,1810,1
1516,Ed Gray,-3.991924179391103,1999,23,-4.985,-4.8195737667743614,-0.8286678387759454,1527,2
1522,Keith Booth,-4.189043211612606,1999,24,-4.754,-4.541704617366222,-0.35167171961006716,1618,2
202809,Cory Higgins,-4.2699241793911025,2012,23,-5.263,-4.859573766774362,-0.5896678387759453,1510,2
202343,Elliot Williams,-4.9577610852771326,2014,25,-5.217,-4.375643481810898,0.5821130412843274,4816,4
1630190,Elijah Hughes,-5.063043211612607,2022,24,-5.628,-3.1487046173662225,1.9143282803899329,1815,2
1434,Dragan Tarlac,-5.164611060498075,2001,28,-5.204,-5.003745869576365,0.15986385814486193,2266,1
202366,Jerome Jordan,-5.257611060498075,2015,28,-5.297,-4.880745869576366,0.3768638581448619,1520,2
2776,Pape Sow,-5.422043211612607,2006,24,-5.987,-5.883704617366222,-0.46267171961006714,2252,3
201576,Anthony Randolph,-5.526043211612606,2014,24,-6.091,-5.657704617366222,-0.13167171961006707,2206,6
203543,Vitor Faverani,-5.8268709275719415,2014,26,-5.899,-6.5171744152346385,-0.6903045847057069,1886,1
2469,Pat Burke,-7.564004301249661,2003,29,-7.751,-7.697965417717382,-0.133966253268208,3251,3
