draw,challenger_minus_control_rmse
0,0.0002197315643970521
1,-0.0006020595024101682
2,-0.0004703858441641895
3,0.0005923743933146763
4,1.6596703975579885e-07
5,0.0006139499797564341
6,0.00051913624055413
7,0.0016102374299096223
8,0.0007215044838260187
9,-0.00011530873726339763
10,-0.0005102495003462381
11,0.00023745386935873912
12,0.0019506311515936846
13,-0.0009819902978513318
14,0.0013238381118636732
15,-0.00041080153031745057
16,0.00020799855421020917
17,0.0011696566481709247
18,9.341231008759276e-05
19,-0.0005791478300748887
20,-0.0004825960884552227
21,0.0016428447080857778
22,-0.00019531023667376246
23,-0.0002742280637986649
24,-0.000842703989011695
25,0.0002941844867696775
26,0.00022116352469718769
27,-0.00046137586942520683
28,-0.0002824435630085054
29,0.0003134117289302907
30,0.000773018085849686
31,0.0007751596434178998
32,0.0006685629968960161
33,0.0015728380321190284
34,4.635162170099072e-05
35,-0.00010290763107825284
36,-0.00029109925596331187
37,0.0003857269986087264
38,-0.0004895483833742276
39,0.0008189987200741377
40,0.0001493079005720821
41,0.00015225244469032617
42,0.00036552053008822585
43,0.0023755239737965894
44,0.0005374425053778387
45,-0.0004650558360365986
46,-0.0002692366652180311
47,0.0007106440881843312
48,-0.0001187594704903816
49,0.00023994977818144747
50,0.0018511655634872559
51,-9.983098930661516e-05
52,-4.423021613095823e-05
53,-0.000157348563451154
54,-0.0006208177870534071
55,0.0018794679774345902
56,-3.2827926866652034e-06
57,4.600783107724382e-05
58,3.561894717283298e-05
59,-0.00044514769525163536
60,-0.00026298499773886875
61,8.881850626387688e-05
62,5.9916296070050556e-05
63,-0.00020352076913066064
64,0.00018197031713076405
65,0.0006159446436824645
66,0.00016107825483968607
67,-0.0009057333447707982
68,-0.0005632009075968059
69,0.0001808074835710105
70,-0.0004939810394859467
71,-0.00036101193177600076
72,-0.00013618307104168448
73,-0.000506919389926086
74,0.001672906273255892
75,0.0018579080150896265
76,0.00031236170767721114
77,6.400890115876301e-06
78,-3.3459499996935096e-05
79,-0.0003959350658616634
80,0.0005317264083708917
81,-0.0005618314379873812
82,-0.0001619715264390642
83,-0.00018599433482195947
84,0.00016894710572084025
85,0.0003181453681812219
86,0.00020649672155110822
87,0.0007899987622727478
88,0.0006478154554423688
89,-0.0007549283207689994
90,-8.929692921180176e-05
91,2.307109649384298e-05
92,0.0009292050408363561
93,-0.0001783875066654339
94,0.0011354833426250987
95,0.0021177876711893084
96,-9.628297264661079e-05
97,0.00013095237639340062
98,0.000150514259184642
99,-0.0001174373067729606
100,-0.000463191741808866
101,0.0012561789665388012
102,-0.0009476926416019937
103,0.0008242720663693027
104,-0.0008180433660479158
105,-8.502020071214922e-05
106,-7.043596336102631e-05
107,-0.0006281783363365045
108,-0.00016354375928147037
109,-0.0005191174120918074
110,0.0008345892341157235
111,-9.700711599307521e-05
112,-0.0002640897327236269
113,0.0005883768342926698
114,1.7284144621454446e-05
115,0.0001114401118030628
116,-0.0005385230606187897
117,-0.0004533380140964827
118,0.00033966585794500406
119,0.00035447466262952256
120,0.0008000502334345238
121,-8.261382227614522e-05
122,-9.803689313241382e-05
123,-1.3584790609599829e-05
124,-0.00027314884148861297
125,-0.00027944630459331155
126,-5.793161526963519e-05
127,-0.0008046866945055964
128,-0.0005774270741766951
129,-0.00020185933070520078
130,-0.000527510542694487
131,0.0003471719690556041
132,0.001825878218928856
133,0.0008352414842082822
134,0.0016657799991074197
135,-0.00011967241366042102
136,-0.00047263873199747674
137,0.00043001601242322887
138,0.00022689507538777853
139,-0.0001988658664905385
140,0.0007108799725786374
141,1.0024767020455628e-05
142,-0.0003765878797681088
143,0.00047299385089265565
144,0.0006674858427072827
145,-0.0003304428738678977
146,-0.0001302049898460389
147,9.920777798886338e-05
148,0.0004177348538811909
149,4.506144262101941e-05
150,-0.0007450468736211801
151,-0.0005087518751172749
152,0.0018313402568820524
153,-0.000179589982309869
154,-0.000454601831681023
155,0.0003793450785319674
156,0.0010461337848667984
157,0.00031332790896643203
158,-0.0002069843385620551
159,0.0006919050673003912
160,-3.976762893154184e-05
161,-7.55006588251117e-05
162,0.0012132694808643762
163,6.442938540487386e-05
164,-0.0006743298045738477
165,-0.000587494263830668
166,0.0006896319800504758
167,-0.0007930441478143591
168,-0.0008511471352646404
169,0.00090145078438435
170,-0.0002845590378983909
171,0.0009884756660864635
172,5.609298377118321e-06
173,-0.00016258441736307638
174,0.0003567434057960117
175,0.00011490026004867815
176,0.0011804475554496152
177,-0.000991351871156798
178,-0.0003254796632805146
179,-0.0005725744538847444
180,-0.0005920054089198379
181,0.00021362961054209871
182,0.0003471623653409139
183,0.00019316911309648078
184,0.0018980915365916396
185,-0.0003929449780373462
186,0.0006997032217755494
187,0.001218810328398079
188,-0.0010167570416127702
189,-0.00033918209557390886
190,0.0014063702446556192
191,0.0009898513602216053
192,0.0009489388548066469
193,-0.00019033402383086261
194,0.0008894143839820901
195,0.00019943535470217099
196,-0.0002445078902850506
197,0.0005712754962474698
198,-4.427236162092285e-05
199,-0.0002626170447947329
200,8.156280960287532e-05
201,0.0010405167285365336
202,0.00017392512787168802
203,0.0003405515028747974
204,-0.00042407568747502287
205,0.00039482128228454096
206,-0.0004817159729042286
207,0.0006309971550770177
208,0.002016807011613997
209,-0.0005670717342325382
210,0.0005343449769561692
211,0.0008057037771810327
212,0.0002670430941148494
213,-0.0012968451880014387
214,0.000808593105954114
215,-0.0002739532889099561
216,0.0009202889037101869
217,-0.0007299272885087138
218,-0.00028085989345889574
219,-0.0008852805486084137
220,-0.0003113894804844364
221,-0.0006129647705829022
222,0.00014007683690320238
223,0.001190689416054025
224,0.0011986303286416699
225,-0.0010699038346497548
226,-0.0004264985332763205
227,-0.00045611593732439724
228,-0.00043287828718698853
229,-0.0004092103222214538
230,-0.0009982351718879957
231,-0.00036255311764707974
232,0.00030167405473247033
233,-0.0003220247378170393
234,-0.0006094350084857592
235,3.148813493623059e-05
236,6.418220569963662e-05
237,-0.0006586821592946101
238,0.0007890085994279872
239,0.00028604225995469966
240,1.3204354841889198e-05
241,0.0001484597985043523
242,0.000697793874078978
243,0.00027545267522925964
244,0.0004947488261642929
245,-0.0003013908753231709
246,-0.00024790085279919883
247,0.00023549486504648165
248,0.0002916561700431641
249,0.0008404600850129285
250,-0.0006507147709434946
251,-0.0007727047948397736
252,0.0005178356883961621
253,0.00028921168164144364
254,0.0003559948342365171
255,-0.0007432398407809515
256,-1.4615139942031341e-05
257,0.0007324733593831346
258,0.0014283644839683252
259,-0.0002393949954491159
260,0.0007634149796584388
261,-2.8565647034484166e-05
262,-0.0002210681820970839
263,-8.101108406917134e-05
264,-0.0004899008155258899
265,-0.0003350250926496434
266,-0.00048716014018410634
267,0.0006194802117498677
268,-0.0002227832583896694
269,-6.365275185467034e-05
270,0.0015161775324906922
271,-0.0004569770089336789
272,-0.0003560263296635835
273,-0.000775369615818855
274,-9.134449000887112e-05
275,-0.00010894348363457151
276,0.0026141909528527353
277,-0.00047602342873753756
278,9.010173737573623e-05
279,0.00034537039588384834
280,0.00041252252854837577
281,0.0006795851613488946
282,-0.0003844806173101123
283,0.00015695499636507736
284,0.0005651475462616018
285,0.0016686019498582283
286,0.0012187592532252544
287,-0.0003992377122427504
288,-0.0008824736284481105
289,0.0009653584273373817
290,-0.00041531964930716645
291,-0.00018001906675386704
292,-0.00019277626844647067
293,-0.0006619908876553726
294,0.0015843406688712757
295,0.0014562599158596922
296,0.00036128564880282265
297,0.0003711435287736764
298,0.0008860537757074738
299,0.00168531998753092
300,-8.966247292707674e-05
301,-0.0007117668959875312
302,-8.905698151548958e-05
303,0.00017001070147262264
304,-0.0008881761310218561
305,0.00045409848424959876
306,-0.00020864681209058488
307,3.4395549306265315e-05
308,0.0004231957218816973
309,0.000218109786367493
310,-0.00038458167534867195
311,8.072455420904401e-05
312,0.0007544752074829964
313,0.0013427238319984492
314,0.000790087931932626
315,-0.0002492338888810064
316,0.0002216641880524506
317,-0.00014561944042681407
318,4.4885410360628875e-05
319,0.0006044786198823981
320,8.912539420142806e-05
321,-0.0009158033112498298
322,-0.00041713524780107036
323,-0.0002477260541163151
324,-0.00023908171196220795
325,0.0006849010962036495
326,0.0003508505211410995
327,0.0011154168932307807
328,0.0011038053102101707
329,0.00010479257569044887
330,-0.0002912591162241629
331,-0.00037132352661746194
332,0.0004041783285276157
333,0.0005562280795225804
334,0.0014235108525819217
335,0.0007349424187873099
336,-0.0006152639998981746
337,0.0013338788766911636
338,-0.0004984260289408349
339,-0.00017018085031799134
340,0.0014769794145157889
341,0.0002671506502297305
342,0.0012720178270860583
343,0.0003552273036831588
344,0.0007330203509812617
345,0.00013192363908491876
346,0.00013646786470355998
347,0.001516541107975522
348,-0.000542959460989989
349,-0.0002408747475424189
350,-0.0004463961850514009
351,-0.000818064850394129
352,0.001306236253420856
353,0.0011083540350586897
354,-0.0006717626521514974
355,0.0014855914351081356
356,0.0006452559728932661
357,0.00022179418229719693
358,0.0006034889962248213
359,0.0002390857668084445
360,0.0001794943834567908
361,0.001094529732893945
362,1.0779090200374598e-05
363,0.0009399992094121012
364,-0.0001857472900659296
365,0.0010411587520401167
366,0.00036101764887077616
367,-0.00019763888828283616
368,-0.000570249635072817
369,-0.0005655840359976239
370,-0.0002894432899579913
371,0.0002512725183708042
372,0.0003134765462111222
373,0.00012895228776979017
374,0.0004286543343472671
375,-0.0005455837673231878
376,-0.00013640366751639378
377,0.00012880847404213026
378,0.0004943062418451882
379,-0.00023152848184420093
380,0.000836737634953355
381,0.0003894803538913694
382,-0.0003167849993868543
383,0.0002632202334594158
384,-0.00044058491692962055
385,-0.00016222995081676127
386,0.0006223388263486118
387,-0.000638131688481458
388,0.00024887136370557175
389,-0.0003610386338576355
390,-0.0008145215658596384
391,0.0023391654842627395
392,-0.00032057113685692864
393,0.001275929146370669
394,0.0007141761592464269
395,-0.0005878748945528312
396,-0.0005602831204311043
397,-7.817861568528705e-05
398,0.0009418253256214592
399,-0.00032797595149940405
400,0.00023632319552948644
401,0.0001627486932535449
402,-5.3634706705185665e-05
403,0.0008510213102144615
404,-0.0007691418950436457
405,0.00032545289200802685
406,-0.00024558464286088543
407,0.0005178205934253111
408,-0.00013858988123491845
409,-9.859009625623471e-06
410,-0.0004872508305691969
411,0.0008189807810727201
412,0.00057716036801585
413,0.00043023697560859995
414,0.0004887325719388214
415,0.001644560387264682
416,0.0008991060801702532
417,0.0005589735247892635
418,-1.0106397255160715e-05
419,-0.0003529755046093097
420,0.0009464954007868398
421,0.0005612535312927713
422,0.0002300545149962252
423,-0.0006018386548192645
424,0.0014854765860602415
425,0.0005017211488314687
426,0.0006559818620807567
427,-9.534305761904616e-05
428,0.001138950316393772
429,0.0002521843975610505
430,0.0013783771288506275
431,0.0005131713243683889
432,0.0007730459616230422
433,-0.00047015418122442476
434,0.0009648201217355989
435,0.0011400642136049077
436,-6.494443052880161e-05
437,0.0007978507065894647
438,0.0006215071245284198
439,-0.00011247707471264689
440,0.0008085195629557562
441,0.0005938075561939593
442,0.0002588940559680175
443,0.0010415060903419926
444,-3.176575889580757e-05
445,0.0010005351968382704
446,0.001311989884580611
447,-0.0004508702059630609
448,0.0008646238136833073
449,0.00042789533975085003
450,-0.0003453189998946282
451,0.0007732482380654826
452,-0.0008097615704810712
453,-0.0004174371972875734
454,-0.000740285833817711
455,-0.00043696306588940635
456,-0.0004997188110103856
457,-0.0004640868395812348
458,0.0007873196866817978
459,0.0009577225723581106
460,0.0004885184839727996
461,-0.0001755459618887789
462,0.00031386489674003484
463,-8.756881732032706e-05
464,0.00017380303151000033
465,0.00019648549237516466
466,-0.00033587011909375075
467,-0.00038988502261434467
468,0.0010366876782572643
469,-0.0006986935308648023
470,0.0005017459725000784
471,-4.589833782073782e-05
472,0.0005515768335298433
473,0.0006294426249322749
474,-0.0003940929290527029
475,0.00023424985879496595
476,0.001161056850962905
477,-0.00016142279616497833
478,-8.90629037282542e-05
479,-0.0006047086877343233
480,0.0007799777932032681
481,0.00016941942946484544
482,-9.506758384980607e-05
483,0.00036912507140520747
484,-0.0006407188765290561
485,-0.0009646652133356914
486,0.0006497419989568209
487,-0.0004116322363112657
488,2.102087489164184e-05
489,-0.00021620022577220065
490,-0.0005347934599101434
491,0.0004680449759390415
492,0.00029008881619991823
493,0.0002373584230541681
494,-7.754488223210565e-06
495,-0.00016360263729418013
496,-0.0001848332399595476
497,7.256636781161063e-05
498,0.0006413027051094921
499,0.0005082124467844729
500,-0.0013912100021437278
501,0.0005117861061504803
502,-0.0003856845535535669
503,0.00031799483673915495
504,-0.00018087565042796961
505,0.0004808891185449804
506,0.00042178805336208215
507,-9.547115844199539e-05
508,0.0005407578556459791
509,-0.000286960683244164
510,0.0006329007695609734
511,0.0004445227919719796
512,-0.00015006113889119986
513,-0.000561048734444225
514,-0.000342523802948258
515,-4.182356773057006e-05
516,-8.800444124026363e-05
517,0.0006287844508297668
518,0.0008247964732196467
519,-0.0004648447108042353
520,0.0006609642373945901
521,-0.0001373518269647489
522,0.00024317609784842986
523,0.0009550243450938245
524,0.0004181837285747392
525,-0.0008251439223116331
526,0.0009975955083588283
527,7.636884689106171e-05
528,6.392952693108356e-05
529,-0.0005653767429252499
530,0.0002608728633341384
531,-0.0005004908003453989
532,3.864635234711589e-05
533,-0.0005840060271892433
534,0.0014212142456749178
535,0.000845070354700339
536,-0.0010905796589206096
537,-0.00045966006131616945
538,0.00012364148175256773
539,0.0007888634095128078
540,-0.0004639698570108486
541,0.0005395876829269675
542,-0.00046389549691567834
543,0.00025365742260206046
544,-0.0006372618240723105
545,-8.662285764113876e-05
546,-0.00037908234340879867
547,-0.00010349696716291935
548,0.0003332711509525188
549,-0.0006923871132267001
550,-0.0004260077447383326
551,-0.00015486699601163778
552,-0.0014733067205282336
553,-0.0005304301303051151
554,-0.0004917340327111885
555,-0.00030611734181844595
556,-0.00021921537000215707
557,-0.000537908927629438
558,0.0009700506557591915
559,0.0009283742087379254
560,0.0003702408989898487
561,0.002315252900796061
562,0.0004054353543064382
563,-0.0005798251803211807
564,-0.00037318933300161116
565,0.0004300446933437341
566,-0.0010966541425419419
567,0.00047637197377574657
568,-0.0003994215602040496
569,-0.00020577051400774148
570,0.00016277188545561484
571,0.0006571714130380046
572,3.480610494774883e-05
573,-0.0006829968638721207
574,-0.00029388560465792857
575,0.00024690919042149597
576,0.00038211021944498655
577,2.9777167337097232e-05
578,5.1728068558953846e-05
579,0.0003479110607893965
580,-0.0002961055217609143
581,-0.0002895703463401178
582,0.0006377887091995494
583,-0.00020527526280385012
584,-0.00013393557805214674
585,-0.0006747563438933568
586,0.00047014787456620686
587,-0.00019644693371736465
588,-9.055116449130374e-05
589,0.0001773977850852093
590,0.0010690823190521836
591,7.387486906245133e-05
592,0.0010417902812760893
593,-0.0006334741344682149
594,-0.00025049520462201437
595,0.0008837796143841281
596,-0.0003246375374934329
597,0.00037418974766161294
598,0.00015632379942198682
599,0.00011497967819231735
600,-0.0004312045016090282
601,-0.00036418347851530086
602,0.00022537683422454435
603,-0.0006305933530415641
604,0.0003093939133615553
605,0.00014031181829770033
606,0.0007212785195490401
607,-0.000776627927634932
608,-0.0008343023728619059
609,-0.00035705563865031655
610,0.0016044294158732875
611,-0.0003480005956840282
612,-0.0010795460577788685
613,-0.0006813284641451034
614,0.0006157209304872069
615,0.00025910148406955714
616,0.000879784815428053
617,-6.006808275245134e-05
618,0.00028470455943283566
619,-7.974454614789739e-05
620,0.0009001516835585255
621,9.257026563025406e-05
622,0.00019276333489011145
623,0.0003554784371741393
624,0.0013748634127100478
625,-0.0013707749276218538
626,-0.00020260062264636501
627,0.0005789804225603046
628,-0.00021122175487273687
629,0.0010082290905430336
630,-3.918334483559161e-05
631,0.00047091106745558167
632,-0.0002641384090883214
633,0.00023281742416980666
634,0.00011088145822557571
635,-0.0007009606299864357
636,-0.0006231227320210309
637,-0.0011665331216156095
638,-0.0005370488005762341
639,0.0005384587382152972
640,0.0007605877997051813
641,0.0007973165984381803
642,0.00019248875436523872
643,-0.0003283633522890961
644,-1.2909078872813674e-05
645,0.0006201300857566316
646,0.0007197827620565089
647,-0.0003141309222090882
648,0.0006082823596323505
649,0.0006712086921206728
650,-0.0005486242419968868
651,-0.0014667659899584296
652,6.990125077455111e-06
653,-0.00018264468574082925
654,-0.00046307616773728634
655,-0.00043620664975110304
656,-0.0005772521609689995
657,0.00026374682818659513
658,0.00025530793718115953
659,0.00020833326906268823
660,-0.0006705316550522422
661,-0.0005449487905686556
662,0.00021286975536471964
663,-0.0005132138311606082
664,-0.00017949078475483217
665,0.00012036247723063997
666,-0.0007449841989530803
667,0.00014879017352622536
668,-0.0008101476546447551
669,0.0007772243590680183
670,-0.0006591238273130129
671,4.291682070718394e-05
672,-0.0003964558443747768
673,-0.0005839829929499496
674,-0.00029366369912955383
675,0.001377478572291535
676,-3.093217515399704e-05
677,0.0008366026292814909
678,-0.0004599368108596069
679,0.00010807004120603204
680,0.00018352352652730718
681,0.0001820981528438903
682,-0.00019799857781395148
683,0.0007462106007485092
684,0.0008205754496944495
685,3.454702088923067e-05
686,-0.00016767460123792154
687,0.0008661255546482894
688,0.0014032018242295275
689,-0.000688484120173416
690,-0.0009457722784105505
691,0.0001376176618271163
692,-0.0006295580632384113
693,0.00035127236937180226
694,0.0006362196052198899
695,0.00044756097554661257
696,9.092707290851987e-05
697,-8.400830595380881e-05
698,-0.00023645801001213052
699,0.0017604184570906734
700,-0.0008700052730802321
701,0.00023624815526239739
702,-0.0005740266629627788
703,7.932753783441715e-05
704,-0.0005217762160503403
705,-0.001064319759240173
706,-0.0008811747086272081
707,0.0002875730876917837
708,-0.0007177443873498835
709,-0.0003807136665406219
710,0.0006559072846079817
711,-0.0001657577526744891
712,-0.0013215278713647027
713,0.0003279749910604313
714,0.0002761377556538713
715,6.537005664066786e-05
716,-0.00011050875236719992
717,0.0017513803148431872
718,0.0008547939642204571
719,-0.0005727719161252365
720,-0.00015353990370519098
721,0.00034646156423783213
722,-0.00019129850148180694
723,0.00010349205425468355
724,-0.00010794523984467564
725,0.0009728660987176063
726,-0.0008668745315189242
727,-0.00026583685597336704
728,0.0002198099849859636
729,0.0006677391906253716
730,-0.0007828372497930003
731,0.0004909979244511975
732,-0.00043301176183736524
733,-3.670282475225495e-05
734,0.00039022080314805586
735,0.0004303434694281183
736,-0.00043690113622076867
737,-0.0006348732542583058
738,0.0008871498925298926
739,0.0003151327445716223
740,-0.0001897651038968551
741,-0.0005022711706108351
742,-0.00025291243308607215
743,-0.00039366627774748417
744,-0.0003507355973603632
745,0.0003681134580670209
746,-8.616908727143713e-05
747,0.0009651285696387734
748,0.0003641415800334391
749,-8.716257911880465e-05
750,0.0006908862278075078
751,-1.4878638558379898e-05
752,8.909237378873502e-05
753,-0.00017601622920024874
754,2.8924510742900368e-05
755,0.0010084928896418655
756,-0.0002790765004026641
757,-0.00029850753880051873
758,0.00033620809429912857
759,0.0004565639762793117
760,-0.0008737773882363964
761,0.0019371662664455114
762,0.00045736545865107117
763,-0.0013186839885776847
764,6.557314676653991e-05
765,0.001401583789826999
766,-0.0006281079965228198
767,0.000726701475996605
768,-0.0003468592031354412
769,0.00035389948188062624
770,-0.00020702000954575528
771,2.1581532652903412e-05
772,-0.00022309780502192123
773,0.00011307130152276024
774,-5.595791017294349e-05
775,-0.0006193046570478478
776,-0.0004954906478768839
777,0.0014023181503281634
778,0.0001561985362313445
779,-0.00034491126854701014
780,-0.0008082959588229466
781,-0.00025580577871973096
782,0.0002229191573928535
783,-0.0007103709535468905
784,0.0007050484483999587
785,0.0010083628781232701
786,0.0012991187908002466
787,0.0007467070779899609
788,0.0012922879567921486
789,-0.0008608432707877034
790,0.0010212454658931724
791,-3.6146236347311957e-05
792,-0.00018323912291624557
793,-0.0004582016027308899
794,0.0002882665731734679
795,0.0008151521361252856
796,0.0008757688530453445
797,0.00169147517502235
798,-7.117039592368091e-05
799,-0.0005503846343251073
800,0.00014042520328860775
801,-0.0005968592617479507
802,0.0006582210499490148
803,2.781029794824974e-05
804,-0.0012793623184958803
805,-5.8958989004143095e-05
806,-0.0013679465502420384
807,0.001790652283582972
808,0.000996501819495843
809,0.00034160869988493215
810,-0.0002966037299862334
811,0.0009991519489728207
812,-0.000639396356189259
813,-0.00024281150854517098
814,0.0008857562361196392
815,8.028855568165127e-05
816,-0.0004214173655433306
817,-0.00011916027603651181
818,-0.0005713068848439695
819,0.0005307640910665379
820,-0.0005478294727695676
821,2.4121537548582593e-05
822,-0.0006376372489896642
823,0.0005638430807404449
824,0.0005212317341216855
825,0.0007458607549629237
826,-0.00020057388170429124
827,0.0006763175828377932
828,0.0015375564585250467
829,0.00022854496760427168
830,-0.00019098021331593885
831,0.0007388586886124315
832,-0.00014984787922278642
833,-0.00023792674519675927
834,0.0005035719511109927
835,0.0002706637065628792
836,0.001006347789532125
837,5.9891647089682645e-05
838,0.00039990636042941397
839,-0.00031549143702995773
840,0.0005641331367709501
841,9.80525591251169e-05
842,0.00018063276227733293
843,0.0007576566946403629
844,-0.0001732828137901432
845,0.0011584382066659681
846,0.0002855196446312824
847,-4.948514777860513e-05
848,0.0008369814880729409
849,0.001189336710122424
850,-0.0005895176270216851
851,-5.887392840777661e-05
852,7.622254821313402e-05
853,0.0010302490233835115
854,0.00012169339275254209
855,-5.8144658809622386e-05
856,0.0009576136152973369
857,0.0002038827000782506
858,1.682160978526692e-05
859,0.0004887908940241825
860,-4.254362518834043e-05
861,-0.0005592096617574426
862,0.0007873232124802065
863,0.00016719377990415119
864,0.00025318039232176127
865,-4.453182219599228e-05
866,4.517149709843959e-05
867,-0.0013440734839006208
868,-0.0006908605411626078
869,0.0005795237114705198
870,7.359682057697103e-05
871,0.00047282342271952603
872,-0.0008731570542917621
873,0.0010890379308499565
874,-0.00036928664703410606
875,0.0008077968315498785
876,-0.00013712689413056812
877,1.617149710655408e-05
878,5.1595331141274235e-05
879,0.0001760929670464817
880,0.00020622654467234992
881,0.0006208405641902947
882,-0.0005965954469333123
883,-0.000255121108507006
884,-7.288285395909977e-05
885,-0.0006738002894261186
886,-0.0005942572082628051
887,0.0002472466170505783
888,-0.00035816941026365343
889,-0.00041526677319652093
890,0.000751897181458383
891,-0.0008111792456608757
892,7.85365615843192e-05
893,0.0002542451156262615
894,8.06436481649575e-05
895,-0.0004418769580430748
896,-0.0007924793877503334
897,-0.0005356367406925244
898,0.00026349964002194695
899,0.0002714612777631853
900,-7.666864033457621e-05
901,-0.0004399543777753756
902,0.0011558232155639558
903,-0.0006200022048866271
904,-0.00022200329730894807
905,-4.6605003733568574e-05
906,-0.0002643938814629987
907,0.0005467479413352905
908,0.0004676546975277196
909,-0.0003103187852979028
910,-0.00034594098493134773
911,-8.347111977773381e-05
912,0.000165474190340964
913,-0.00022436327845705152
914,-6.913960746590675e-06
915,-0.0007348189999299537
916,-0.000494239792532225
917,-0.0011514604060614219
918,-0.0001282534483685094
919,-0.0003208362340130888
920,-0.0006655344241721428
921,0.0002381313030360266
922,-0.00016101351937372054
923,8.250156583011758e-05
924,-0.0005705517447030184
925,-0.0005020822666637725
926,0.0003538637414117529
927,0.00028667227047678433
928,-0.0006995010767529397
929,-0.0006751715542168135
930,0.0004844938619987582
931,0.00019792079097651348
932,-0.00014324402634964263
933,0.0006306398527893498
934,0.00045649436610191164
935,0.0004955116849492347
936,0.0003723029618999174
937,-0.0002729472166013602
938,-0.0009446858200637287
939,-0.0006049054211054283
940,0.0005154876430211841
941,-0.0007539394491184348
942,0.0008983480235497998
943,-0.0001069733612824697
944,-0.00042165092997294986
945,0.0021130900351888247
946,-0.0003849799142015442
947,-0.0007284985404964362
948,0.00015435425506453714
949,-0.00019542604658147057
950,0.0006451844025775922
951,-0.001042197238587339
952,5.7070187201402336e-05
953,0.0015528632005594955
954,0.001217044943889123
955,0.0011026565131263988
956,1.589499967515895e-05
957,0.00042019528540020444
958,0.001080632348336641
959,0.0009052752646687923
960,-0.0005195252213761492
961,0.0006483528992260457
962,0.000626992789476355
963,-0.000178418392829216
964,0.0008800071352553562
965,-0.0004069625593144721
966,-0.00045652269768414744
967,0.0003838060365283447
968,0.0009829526768463603
969,8.296260964939517e-05
970,0.0003906226440751448
971,0.00019525318827853244
972,-0.0004176352705523412
973,-0.0003503432086545688
974,-0.0005699389209578686
975,-0.00026985825791343566
976,0.0004302812803146372
977,-4.2251981579477516e-05
978,-0.0001378799270875586
979,0.0010328786845885008
980,0.0006560964844752659
981,0.0006977433793928567
982,0.0019732721254266837
983,-0.0007990380976354849
984,0.0005284599341020213
985,-0.0010007612247741938
986,-0.00019284642054617773
987,-0.0008623018517383008
988,4.051910869040665e-05
989,-0.0009936605667724586
990,-0.00016030671211795245
991,0.001450606560618839
992,0.0016924707445005183
993,0.001453547721099735
994,-0.0002800621832221184
995,-0.0010044991771797074
996,-0.00037309489822057174
997,0.0007808188410650896
998,-0.00018273139979141373
999,-0.00042652753308198844
1000,0.00022088242623690134
1001,0.0001807928713896123
1002,-0.0006309616472826018
1003,-0.00032863828176306066
1004,0.001010338825058499
1005,0.00044721894160253405
1006,-0.0006804112717502031
1007,-0.0002596810160321317
1008,0.00029680873798336725
1009,-3.8556938609657365e-06
1010,0.0008193412543515243
1011,5.358317375505628e-05
1012,0.0011598225336340473
1013,0.00021172730687790686
1014,0.0005246229461255414
1015,0.0008600334983907443
1016,0.00017840358899976483
1017,-0.000974030403651982
1018,-0.00019030311417247425
1019,-0.00010928313860369965
1020,0.001379391738182023
1021,0.00023679561611871235
1022,0.0010947532155150875
1023,-0.00019152469356891187
1024,-0.00017943405342590868
1025,-0.0003636509841376423
1026,-0.0006590745919315743
1027,-0.0005279599518567268
1028,-0.0003639851966152907
1029,-0.00015586433901215724
1030,-0.0006438091811850954
1031,-0.00026180321541895423
1032,3.423420058279447e-06
1033,-0.0003132548386020506
1034,-0.0011557937248245277
1035,0.0006125100034597875
1036,0.001083716272461266
1037,-0.0003883963325360451
1038,0.00016435470456022117
1039,-0.00035587354858299667
1040,-0.0008696220175453906
1041,-3.470915069543334e-05
1042,8.411966534667137e-05
1043,-0.000446321652340842
1044,-0.0005227789943308636
1045,-0.000593366979914145
1046,-4.639214850448159e-05
1047,-0.000542094575191654
1048,0.0003036436942672749
1049,-0.0005483473506098458
1050,7.902759407762972e-07
1051,-0.00024030139575696995
1052,-0.00020699317096335436
1053,-0.0003853641282467013
1054,0.0004960409578607106
1055,0.0014897810827118052
1056,-0.0007326907990195863
1057,2.981857123924847e-05
1058,0.0006428894096359051
1059,-0.0009205799455193509
1060,-0.0009079916970167856
1061,-9.956751253412666e-05
1062,0.0001752264549107041
1063,-0.00030689307312812273
1064,-0.0004997274680223595
1065,0.00015617963497396303
1066,0.0007057479504491093
1067,-0.00022274862308462317
1068,-0.0001285579690723404
1069,-0.00018348059258974648
1070,-0.000430875022633348
1071,-8.313679052642797e-05
1072,-0.00030330133109162104
1073,-0.0008102503952603701
1074,5.236497372385074e-06
1075,0.00046295071440740634
1076,-0.00022993369775672345
1077,0.0002578705729109787
1078,-0.00014502470410504564
1079,-0.0009730463214311369
1080,0.0008543639925208346
1081,0.00033330165544005476
1082,-0.0008158993688154759
1083,-0.0005183765011520958
1084,-0.0012238039008659607
1085,0.00022855995441999343
1086,-0.0008171380476411638
1087,0.0006481948148589822
1088,0.0011350881102511145
1089,-0.0004119789989059042
1090,-0.0008426387254025558
1091,0.0005803497250248535
1092,0.0013382741572454781
1093,0.0005061153035187171
1094,0.001291424783207562
1095,0.00023090407995420836
1096,-0.00013314729328077756
1097,-0.00041144617643955604
1098,-0.00016300517348961653
1099,5.636299093947361e-05
1100,0.000327032734113164
1101,-3.813105156340591e-05
1102,0.0002608943395712826
1103,0.000495913696968997
1104,-0.000388908283139644
1105,-7.859396733700397e-05
1106,-0.001176774697566274
1107,0.0004513947869917878
1108,-0.000612009414906467
1109,0.00017241397299176952
1110,-0.0005792827083858753
1111,0.0010703618153353523
1112,0.00014624350794281148
1113,-0.0006731227547013497
1114,0.0001282985127276426
1115,0.0004977160445864603
1116,-0.00017995564762172123
1117,-3.914486085210278e-05
1118,-0.00033888292536055076
1119,0.00031397063463061147
1120,-0.0004702584574566293
1121,-0.0004021504320654623
1122,-0.0007377568783182742
1123,0.0006199232914293251
1124,-1.959794613235477e-05
1125,8.475772793465896e-05
1126,0.000400399526301376
1127,-0.00021947263626271863
1128,-0.0005439238374902233
1129,-0.00031926986741925845
1130,3.9302319757794635e-05
1131,0.0007580464457046965
1132,0.0004685405996002867
1133,0.00040524220527844436
1134,0.00044901534565493505
1135,-0.0009110514775003909
1136,-0.00010491417393214686
1137,-0.00038742481590974264
1138,-0.00017712713603512675
1139,2.7378989728066296e-05
1140,0.00041005229260446805
1141,0.0008172528408827873
1142,-0.00012559611174798314
1143,0.0002624639358589587
1144,0.00040185331949835754
1145,-0.0005956412588635108
1146,0.0005355467095430333
1147,0.00026570665458649503
1148,0.0005301994462469706
1149,0.0008440529773833694
1150,0.0019691362999031403
1151,-0.0003765321121971921
1152,0.0001711018238914397
1153,0.00023989475744592425
1154,-8.208866872321252e-05
1155,0.0004977977649762266
1156,-1.2746141773911646e-05
1157,0.0008785865127403536
1158,-4.274561587918058e-05
1159,0.00015120161324604363
1160,0.0003723724637473058
1161,0.0001961541933251043
1162,0.0007938202428825925
1163,5.562684135840268e-05
1164,-0.0004949166028936248
1165,0.0011761612558795597
1166,0.0001645956922928349
1167,7.753103106076243e-05
1168,-0.0006310076936829167
1169,-8.37896269674232e-05
1170,0.0002450099187006671
1171,7.757295835395528e-05
1172,0.0007904437345392478
1173,-0.00030265152477808587
1174,0.0002902413176869567
1175,2.35395549613715e-05
1176,0.00010824876612793854
1177,0.0005528199262367694
1178,-5.7701849577807e-05
1179,0.0013418861337876065
1180,-0.00010709996735598359
1181,-6.837459327457829e-05
1182,0.0008140428314286297
1183,0.001645603586085609
1184,-0.0006089676097929431
1185,0.0003904957571700063
1186,0.0003651011514803626
1187,-0.0004075003461310622
1188,0.00012154395387897754
1189,0.0002100933180951836
1190,-0.0006989773385265297
1191,0.0004449045301818666
1192,0.0003368046168729766
1193,-0.000570581052666519
1194,-0.001091591922928914
1195,-0.0002966552372066555
1196,-0.0003205566284022465
1197,-0.00022077228502908052
1198,-1.95558296042897e-05
1199,-0.00032880116383862126
1200,0.00033147986816590703
1201,-0.0007328725484966991
1202,3.880421023525482e-05
1203,0.0005945926691244719
1204,0.0007890526649049434
1205,0.00032807743193792317
1206,-0.0003552522613038844
1207,0.001227629530292451
1208,-0.0008826162864510767
1209,0.0006017677922670161
1210,0.00014166189567252908
1211,0.000952645825129439
1212,9.335507484573569e-05
1213,-0.00039658829937418984
1214,-0.0008348561978865909
1215,-0.0003801001386060765
1216,0.00010747338468739543
1217,-3.358769230090708e-05
1218,-0.00023016444147023752
1219,3.2290637326037876e-05
1220,0.0004940613188902487
1221,0.002255221629981219
1222,6.982846392442621e-05
1223,-0.0007207212814390295
1224,0.00019811948734091978
1225,2.611145943749449e-05
1226,0.00042663335713943873
1227,0.0006918376722749198
1228,0.0005213671822889898
1229,-0.00010491622387034382
1230,0.0005019351256129844
1231,-0.0005854876992469338
1232,0.0001995337592494817
1233,0.0009641740011913536
1234,0.0006296541115001552
1235,0.0010698563164532882
1236,0.0009282365941293946
1237,-0.0005405102197624023
1238,0.000367036302178958
1239,-0.0007689445615206569
1240,-0.0004620647504777864
1241,-0.00012160697325960256
1242,0.00033524060708223224
1243,0.0013037976485797964
1244,0.00023716772608257665
1245,0.0017461198591737447
1246,-0.0005779412022749453
1247,-0.0005798006778358511
1248,2.6104047774433426e-05
1249,-0.0006823354878554122
1250,-0.0006624091516680419
1251,0.00035756079080193624
1252,0.0005619779534658198
1253,-0.0011339676258785181
1254,-0.0005256334322285561
1255,-0.00027253101260007464
1256,0.0009220460490571236
1257,1.3489911108233166e-05
1258,-0.0006970375825222863
1259,0.0001299933121641672
1260,-0.00036247482701152746
1261,-1.4477633863108074e-05
1262,3.269812626349733e-06
1263,0.00033476757319550465
1264,0.0014708157649562237
1265,-0.0006048473108754892
1266,2.159377623229819e-05
1267,-0.0006464300437623472
1268,-0.0005208134311804003
1269,0.0001340759426073923
1270,0.00044633024444291626
1271,0.0004197380837149156
1272,-0.00039286022903501917
1273,0.00023631846482023987
1274,0.0006760778354628627
1275,0.0003612894374022124
1276,0.0005150921674968556
1277,0.0007570103976197506
1278,0.0008918337928977893
1279,0.0012872834176685278
1280,0.0001590704601690307
1281,8.078995637308405e-05
1282,0.0006638477737830328
1283,0.0005173328402098498
1284,0.0002921101856113273
1285,0.0001963064395422709
1286,0.0008684171874087321
1287,0.000650019533828261
1288,0.0007313574501830455
1289,0.0003731675957712177
1290,0.0003825616425169098
1291,0.0002574942211172493
1292,-0.0002422519435320458
1293,0.0002356981336873787
1294,-0.0011465488770443732
1295,-7.488346653128364e-05
1296,4.0685098735426804e-05
1297,-0.0001815852739563084
1298,-5.679505803328766e-05
1299,-0.0002635143588923583
1300,-0.00026183238483699076
1301,-0.0001137818264390189
1302,-0.00046457394913923533
1303,0.0002551460838196018
1304,0.0006474648362352564
1305,-0.000190287809455425
1306,2.633952405821649e-05
1307,-0.0004412599682063423
1308,-0.0006232022187298902
1309,-0.00014205948058811923
1310,-0.001163023501042426
1311,0.0006567614820957469
1312,-0.00037271269408194473
1313,0.000881580932417303
1314,-0.00010935231728541606
1315,-0.0003123045869189545
1316,-0.0011786427612799244
1317,-0.00016057951108234826
1318,-0.00016384509949705084
1319,-0.00014894080971947777
1320,-0.0003104439965817329
1321,0.0004922457341382192
1322,-0.0005361720620754351
1323,0.0007376070392876244
1324,0.00034929639566232406
1325,-0.0007344533400102105
1326,0.000802712557720886
1327,0.00026579898502328004
1328,-0.0005154535145475592
1329,6.501488993260196e-05
1330,-0.0004107384670775982
1331,-0.0003589137302002721
1332,0.0016692716674441056
1333,-0.00028717098401034315
1334,-0.000122632124406441
1335,-6.050996251847351e-05
1336,0.00018700738123411664
1337,-0.0007103209800897626
1338,0.0009178856505025923
1339,0.00017967113817340952
1340,-0.00017134052830276582
1341,2.1679602101265517e-05
1342,0.0014716920056166982
1343,-0.0008282053470611839
1344,-0.0007414536738715727
1345,0.0009288130083351387
1346,0.0002484032322572327
1347,-0.00041385835526785986
1348,-0.00031633100918275757
1349,-0.0005947140708271847
1350,5.486796676328343e-05
1351,0.0016531256628459668
1352,0.00021998490226935453
1353,-0.00011679318476289779
1354,-0.00028449272566331005
1355,0.0006367494365739246
1356,-0.0008434525024946016
1357,-0.0008206941375236588
1358,-5.163951299236302e-07
1359,0.0007488210559846387
1360,0.0006695655086262686
1361,-0.00025167854461853877
1362,-0.0007786297196517022
1363,-0.0003891606299321282
1364,0.00043401401395850583
1365,-0.0002175808508068533
1366,-0.00015628061340435817
1367,-0.00016428628816949064
1368,-0.00042199327249503593
1369,-0.0003630410094813019
1370,1.578972412743518e-05
1371,0.0006858819630689794
1372,-0.0005243003776670196
1373,0.0006110339884703109
1374,-0.0008084508151868341
1375,-0.0005137067320382327
1376,-0.0005003952025808056
1377,0.0009982402540845703
1378,2.0069454038673663e-05
1379,-0.0007606463267299413
1380,0.0005281077530657318
1381,0.0005959535114214542
1382,0.000648586501613746
1383,9.566777045983965e-05
1384,0.00015303614807276044
1385,0.0003441016526292362
1386,-0.00027105811696708225
1387,-0.0006633556620673886
1388,0.0007701108455811845
1389,-0.00015572356757169724
1390,0.0003019065070265281
1391,0.0006615230996583454
1392,-0.0006253702490146562
1393,-0.0004630917679548263
1394,0.0004009363745552497
1395,-0.0010160602297440758
1396,-0.0005331899570063747
1397,-7.078252515397842e-05
1398,-0.0003459429755553023
1399,-7.513750112311257e-05
1400,0.002172164544439603
1401,0.00012097470106000596
1402,-0.0009220351406296956
1403,0.0007655967616524206
1404,0.0008921084139983604
1405,0.000209677028508648
1406,9.347591755684003e-05
1407,-0.0008197130206694991
1408,0.0006909938906887403
1409,-0.0007905255401601252
1410,-0.0008923423164153954
1411,0.0013595053159113578
1412,0.0002329660486861007
1413,4.9567322464572075e-05
1414,0.0006216348385197801
1415,-0.0006145567499145522
1416,-0.0005775220242116407
1417,0.00047093592431941557
1418,-0.0006264957909422719
1419,0.00013395160307778654
1420,-0.00015050346989524676
1421,-0.0005618912715391388
1422,0.0006571984964002464
1423,0.0005349030231148078
1424,-0.0002451113213290945
1425,0.00022420534363136734
1426,0.0010831215762274083
1427,-0.00010497496874446454
1428,-0.0008254077785538438
1429,-0.0008774357715422232
1430,-0.0007173517662733442
1431,0.001897939842843277
1432,-0.0004541789706977273
1433,0.0005732408486396112
1434,0.0013665575360616079
1435,0.0016816582517318768
1436,-0.00042789524149016155
1437,0.0006300649396768331
1438,-0.0001570400692971985
1439,-0.0007243021460052957
1440,0.00031307493412955354
1441,-0.0007048716547578771
1442,0.0008558720795310171
1443,0.0005274143175662438
1444,-1.0835853420809726e-05
1445,0.00044470676651644505
1446,-0.00048752899737838364
1447,0.0007482706214120727
1448,0.00029786927201527205
1449,0.00036561792669382865
1450,-0.0003554103108312612
1451,-0.0008814671600157586
1452,-0.0003394852072644561
1453,5.750886864031024e-06
1454,0.00014252542017358926
1455,-2.3877333866928473e-05
1456,0.0006645843318439981
1457,-0.00012216523886738885
1458,0.0005797410046336271
1459,0.00036263225503569975
1460,-0.0007721928449808902
1461,-7.1010359476542105e-06
1462,0.00032555124308775163
1463,0.001356590142267944
1464,0.0007398677041728253
1465,0.0003822132733434902
1466,0.0001811124031830591
1467,4.139541109782208e-06
1468,0.0015611756977738534
1469,0.00039813245360595937
1470,-0.00017103774331854725
1471,-0.0005212612600935307
1472,4.627557796903492e-05
1473,0.0004718253847594056
1474,0.000597762287521264
1475,-8.159063831878477e-05
1476,0.0005748133420838908
1477,0.00014478234732011596
1478,0.0004494523469173339
1479,0.000834037774514429
1480,-0.00035218165833532654
1481,0.0010514309967797563
1482,-0.0001349160086685064
1483,0.001271376213195241
1484,0.0008200088607525746
1485,-0.0007000781080049423
1486,-0.0007170113796827638
1487,1.1092922167588171e-05
1488,-6.06096022530922e-05
1489,0.0005359414329931811
1490,-0.000167741915386177
1491,-0.0010870088779856735
1492,0.0008546841826864826
1493,0.001164637619845288
1494,-0.00016449657396298001
1495,-0.000549137292637969
1496,-0.00105896466605091
1497,0.0001544416909675217
1498,0.0014958897211319044
1499,0.000359306521349434
1500,0.0004026634755595726
1501,-0.0002958807162632304
1502,-0.0006872697412722229
1503,-0.0006225901778415422
1504,-0.00032736468492959857
1505,0.0008388382545743589
1506,0.0009804815764618447
1507,0.00023052245033858832
1508,-0.0004600246506674788
1509,-0.0003353500473072035
1510,0.00024563583505654574
1511,0.0002981021722517463
1512,0.0003982004837843389
1513,-6.261530328772746e-05
1514,0.00013637521693634635
1515,2.9002336762218305e-05
1516,0.000524748449658663
1517,0.00045550451735505427
1518,-0.00013147240357682665
1519,-2.1629173829240677e-05
1520,8.587429250042077e-05
1521,-0.00047918898266139374
1522,-0.000602013599998985
1523,-0.0008152790342283555
1524,0.00022868184075570676
1525,-0.0007681772462482028
1526,-0.00019582731646177186
1527,-0.00012786921855139076
1528,-0.00024904160526224574
1529,0.0009239592367617844
1530,-0.00044257512108760724
1531,-0.0009868301917744793
1532,0.00029999564036680136
1533,0.00017964869605360256
1534,-4.128829097089781e-05
1535,-3.8647220063836583e-05
1536,-0.000324627247808662
1537,-0.0006439835638150538
1538,7.316331059972203e-05
1539,-0.0003876451739752929
1540,-0.00026865177454844514
1541,-0.0001913312811585577
1542,-0.000497413415374659
1543,-0.000658466875446595
1544,0.00019153198108792235
1545,-0.0003921425451488991
1546,-0.00039889865536664183
1547,-0.0010648855343341258
1548,-0.0010694321989642708
1549,-0.0001078994126891386
1550,-0.0011646085430050412
1551,-0.0001393931640849333
1552,0.00039368888943096535
1553,-0.0005724519184727939
1554,-6.536527188532038e-05
1555,-0.00035842485393320354
1556,0.0001237998269048468
1557,0.00023988906412386601
1558,0.00010149356909370245
1559,0.00020545221721077756
1560,-0.00014563291307385652
1561,-0.0004609144770213458
1562,-0.00034222779780368473
1563,-0.0004468100437425182
1564,-0.0006152085817524355
1565,-4.8632983356400314e-05
1566,0.0002859752352638578
1567,-0.00015527701361202074
1568,0.0005390598631690669
1569,0.0010213519047625797
1570,2.9796781621338474e-05
1571,7.903015060826136e-05
1572,0.0010376508301002119
1573,-0.0008334644778819067
1574,-0.0006091179186461293
1575,-0.00010490426069433844
1576,-0.00012086260555117523
1577,0.0004325027978806295
1578,-0.0008618803368624528
1579,0.0002073476556334386
1580,-0.0009360200078054381
1581,-0.0002778651463348325
1582,0.0002476210355012665
1583,0.0004591242134948326
1584,-0.00021717083718828523
1585,-0.0003978042327653419
1586,1.4447092787461812e-05
1587,6.303739278747943e-05
1588,0.0013438431503124625
1589,-0.0008479346904220586
1590,-0.000587627111241229
1591,0.00020016471799479962
1592,-0.00014660618492421396
1593,-0.0009666173355850737
1594,0.0001882794009622435
1595,-7.061359640927466e-05
1596,-0.0001179053943179742
1597,-0.000366800214677232
1598,-0.0003383810551588873
1599,-0.0009148236791157061
1600,-0.0006316294528124544
1601,-0.000396771765458781
1602,0.0009779525197288086
1603,-0.0004309282352188637
1604,0.0009345916489880812
1605,0.000713488359009884
1606,1.6898388118824494e-05
1607,0.0012984166599613323
1608,-0.0005056203862158215
1609,-0.0007644445692058577
1610,-0.0003927218432847157
1611,-0.0012218962100808862
1612,0.0002951843539991117
1613,-0.0004130834793311555
1614,0.001155086320861498
1615,-1.1854033312497236e-05
1616,0.0008486135565419995
1617,0.00028517357724298085
1618,0.0006266872819409519
1619,-0.0006633043756738566
1620,0.0005543727731289972
1621,-8.243578869777668e-05
1622,-0.0007382481882062697
1623,-0.0003566035221039154
1624,0.0005504417084853275
1625,-5.871005172746191e-05
1626,0.0008822476090556864
1627,0.0006610472622899044
1628,0.0004452276149867762
1629,-0.0006773898250369559
1630,-0.0003738262185218888
1631,0.0009365996536710109
1632,-0.00020125936340698036
1633,0.0003410313519339292
1634,-0.00033726786046670563
1635,0.0006326401989396047
1636,-0.00027906170395937125
1637,0.0007864981901307023
1638,-0.0008665982347926038
1639,-0.00036376232664696583
1640,-0.0003446211015253331
1641,5.0608955346409526e-05
1642,-1.431781754881456e-05
1643,0.0005550276519117548
1644,-0.00034051795989493706
1645,0.00016476014313322463
1646,0.0002993606322754694
1647,0.0005611750169710383
1648,0.0004627452712207436
1649,-0.0005800912292456495
1650,0.0015522138399470364
1651,0.00026232067157563323
1652,-0.0010063899478408357
1653,4.7552986322751956e-05
1654,0.0008549744131879811
1655,-0.0006098997996936805
1656,-0.0005514688839783899
1657,0.0006628992455157912
1658,-0.0004036756538008168
1659,-0.0004498918116991213
1660,0.0017209442588198565
1661,-0.00038893347980355485
1662,0.0002337254165139191
1663,-0.0003849954687975332
1664,0.0002903481036622635
1665,0.0004935589877203883
1666,0.0019529599209310744
1667,0.00016571440315062968
1668,0.000170281027638719
1669,-0.0006471718071060284
1670,-0.0003629664367958751
1671,-0.00041701354703567174
1672,0.0014281510594303492
1673,0.0024032658909279416
1674,0.0003128093828039358
1675,0.0008768350535343084
1676,0.000367942417686562
1677,-0.0009238777288376632
1678,-1.3979934549612772e-05
1679,0.0005959327740619136
1680,0.0006370493330206672
1681,0.0005598663688586525
1682,-0.001329207748614425
1683,-0.0004444031624676992
1684,0.0016157724426742349
1685,-0.0010306196198616613
1686,-0.0001761324330376013
1687,0.00035768862444780504
1688,-0.0005325016684950556
1689,0.000668174921310749
1690,0.0009083077712921384
1691,0.00017516888397601794
1692,0.00037113720742742995
1693,6.106691974641087e-05
1694,-0.0008658478673167158
1695,-0.0004218440776425192
1696,0.0003894588546276445
1697,0.00011906426761196798
1698,-9.111440844840057e-05
1699,-0.000338685504321079
1700,0.00026929950156244774
1701,1.837344785877715e-05
1702,0.0003350592313647649
1703,-0.0005909805388125688
1704,-0.0009689497258370316
1705,0.0008157910194425799
1706,0.0005477835430650835
1707,0.0007753451189286941
1708,0.0016571325085340094
1709,-0.00018973494599106022
1710,6.028733340637249e-05
1711,0.0007249073084122148
1712,-0.00042324576470846863
1713,-0.00016961782128301905
1714,0.00020587811254024757
1715,8.471342327058818e-05
1716,0.001002326901326267
1717,-0.0006044608069608159
1718,0.0006167616327573233
1719,0.00010356920506888745
1720,-0.000320103722520404
1721,0.0009841173758688537
1722,-0.00031904782136678024
1723,0.00039262283237135877
1724,0.0001883617612036481
1725,0.0009153887847375807
1726,-0.0005433274013816547
1727,0.002262589865035869
1728,0.0008781479009389414
1729,-5.57247396184346e-05
1730,-0.0002776679710020824
1731,0.0003051914741918127
1732,0.000581534484272006
1733,-0.00013554397360577842
1734,0.00109737310961886
1735,-0.0007031982258159486
1736,-0.00024447043072106656
1737,0.0008650377601571613
1738,-0.0004719995244267139
1739,-0.0007431499095203131
1740,0.0004951102970493393
1741,0.0001896692843802228
1742,6.923836843739651e-05
1743,0.0005556025083078397
1744,-0.00011607719452271237
1745,0.001266940238925307
1746,0.001137680113711781
1747,0.0006011257522587022
1748,0.00029092693186754114
1749,0.0006529561059133604
1750,0.0008582306482395996
1751,0.0009064353069032638
1752,-0.0006472330699651696
1753,-0.00037469489569335045
1754,0.0003578140574243438
1755,1.2533997450625555e-05
1756,-0.0008423557168726114
1757,0.000405809520373368
1758,0.00028957432040368494
1759,-0.00028646774277618636
1760,-0.00039237458722274354
1761,0.0007506173015795259
1762,0.0011265350203357727
1763,-0.0003741347678836604
1764,-0.00020383705811306553
1765,0.0004790697499764018
1766,-0.000569786406757089
1767,0.00010837778894250416
1768,-0.0003691837502793893
1769,0.0009699740157921077
1770,0.0013323558697394323
1771,-6.748457169771793e-05
1772,0.001157091240302144
1773,0.00042359545932868503
1774,5.8564528057436506e-05
1775,0.00032279877980081475
1776,-0.00037948657642885577
1777,-0.0007705892517362977
1778,-0.0008436471922747657
1779,0.0004613919937200839
1780,-0.000613678602717993
1781,-0.00011048759311127476
1782,-0.001180399865784465
1783,-0.00047274725508443803
1784,0.0010212012207387211
1785,-0.0004653680270813476
1786,-0.0006704453117576614
1787,-0.0003463685320344911
1788,-0.00016627578388879184
1789,-0.0002953421095176267
1790,-0.00034045191406155694
1791,0.0012918246071103924
1792,-0.00019830653750634307
1793,0.0018109858540928281
1794,0.00032059682499692156
1795,0.001205168242368293
1796,-0.0005317063721031135
1797,-5.887986952270996e-05
1798,-0.00036124003774447023
1799,0.0006492982537402714
1800,-0.00010850269801225832
1801,-0.00017946895570044585
1802,0.00032797077314181686
1803,-0.00066919075055758
1804,-0.0003087972247057591
1805,-2.7081411524454423e-05
1806,0.001029242678832709
1807,3.8410931834098605e-06
1808,-0.0007312610670410225
1809,0.0003563484232576686
1810,-0.0003924800101661852
1811,6.246366596391883e-05
1812,-0.0009740530869874142
1813,0.000209685876850485
1814,0.0009085803521705404
1815,0.00022500315385709513
1816,-0.0005809872336533628
1817,-0.0008727838840686842
1818,0.0006880922309417725
1819,-0.0002378057001979128
1820,-0.0007459820385585569
1821,0.0015265798215165383
1822,0.0001600193832951291
1823,0.0001397635962958832
1824,0.00014433615206088657
1825,0.000125834057009766
1826,0.00015768215484326386
1827,0.0001784250637362872
1828,8.47600748778543e-05
1829,0.00032028429239625564
1830,-0.0014722469610233269
1831,0.00023414148895808395
1832,4.062272285689783e-05
1833,0.0006612129107308684
1834,-0.00012990502896177426
1835,0.0010507858483592258
1836,-0.00015195450685017152
1837,0.0014973184271147577
1838,-0.0003837266590769772
1839,-0.00045146792069123977
1840,-0.0005642922450051824
1841,0.00018739230661273253
1842,-0.00015497070627357168
1843,-0.0001552738399072773
1844,-0.0004127668927294659
1845,0.0004472412482451338
1846,3.12175859239483e-05
1847,-0.0003861943921224853
1848,0.0016452700669481236
1849,0.0004280446386041081
1850,-0.00012762628105882355
1851,-3.1718894898080664e-05
1852,-0.0004361617460812317
1853,0.00022090050833385445
1854,-0.0004015254416661618
1855,-0.00039414082946203076
1856,-0.000586612272373821
1857,-0.0007539708115378296
1858,-0.00036311804879383123
1859,0.0016230632761511598
1860,0.0007773537182097945
1861,0.000315011283548805
1862,0.00031687313624439994
1863,-0.00015216896412661995
1864,0.000629770810634378
1865,-0.0004219202531021038
1866,-0.00027490229283013703
1867,-0.00016002967202046747
1868,-0.00046908318929044234
1869,0.0005099063085235445
1870,-0.00012869857358448477
1871,-0.00015967123939002458
1872,-7.685279910027987e-05
1873,0.00014855959881452386
1874,0.0006288372091597827
1875,0.0005229309233113933
1876,-0.0005056676058537324
1877,-0.0005719756806532139
1878,0.0013305580448708999
1879,0.0009139843773965817
1880,-0.0005761693930043998
1881,7.551825432388082e-05
1882,0.0003972028746862755
1883,-0.00019743971417833793
1884,-0.0002434048244640774
1885,0.00030610791758338695
1886,6.236303655726694e-05
1887,-0.00016034028247877697
1888,-0.0010132497896507165
1889,0.0008615513743162051
1890,0.0008329094757267841
1891,0.0007994716858013672
1892,-0.0009017526552741017
1893,0.0005454443296146749
1894,-0.00012218580905793975
1895,-0.00019600525771195086
1896,-6.503750281272591e-05
1897,0.00032353579783219735
1898,3.712662872947803e-05
1899,-0.00033090833146565135
1900,-0.0002879107173804574
1901,0.00041075174338289777
1902,-0.00046783796467917413
1903,0.00010907775688746568
1904,0.00017284876496228562
1905,-0.00053623080594829
1906,-0.00026275155299892994
1907,0.000993520746465637
1908,-0.00032072257866815334
1909,0.0001591481902520453
1910,-0.00034804580703171604
1911,-0.001013007423432155
1912,0.0005672092721426214
1913,-4.1841765563321864e-05
1914,0.000315858890324594
1915,0.000386061327520193
1916,-0.0004263027002084474
1917,-0.0002036727906071345
1918,0.00017774596873267878
1919,0.002174814167601702
1920,-0.00027004484560804175
1921,-0.0006383534060349083
1922,-0.0007294775760996464
1923,0.0008193919507841318
1924,0.00040026272427833297
1925,0.0004355967743008282
1926,-0.0007944595101780471
1927,-0.00046937416295667056
1928,-0.0005196739584300003
1929,-0.00018426471830756963
1930,0.0004712403935295706
1931,0.000598262611244027
1932,-1.4702843768699126e-06
1933,0.002180780738453936
1934,-8.846270227902409e-05
1935,0.0004349214261255563
1936,0.0005138785829276848
1937,-0.00015104434723522964
1938,-0.000900535238339839
1939,-0.001429670125760274
1940,-3.1760384849421895e-06
1941,0.00016882219886016347
1942,0.0010346487056614561
1943,0.00031155277947521044
1944,-0.0004518076795519743
1945,0.0004926779986443641
1946,0.00013290874904936523
1947,0.0005077667619418413
1948,0.0009814286361591984
1949,0.00041794484081769667
1950,-0.0004818284154422869
1951,0.00044274612329322507
1952,-0.0002742312853629025
1953,0.0008698650199280733
1954,8.306297031841492e-05
1955,-0.00047026289418934387
1956,0.00027295835675065214
1957,-0.00042398461019517165
1958,-0.0007382846991229597
1959,-0.000143161082758958
1960,-0.0005788940380648588
1961,-0.00026778847051824874
1962,0.0002910349130525791
1963,-0.0007311831116178169
1964,0.0004559862853952934
1965,-0.00023808696711504762
1966,0.0005328693372933291
1967,-0.0013758573029509335
1968,-0.00016620123434705203
1969,0.0003178464443689633
1970,0.0008171964134885412
1971,0.0003497886919349824
1972,-0.0005713126361571508
1973,0.0009934024566109923
1974,3.0183864157784514e-05
1975,-0.0003845536676761574
1976,-0.0008596159669664649
1977,0.00019869243103585177
1978,-5.903235268469587e-05
1979,0.0010456754737576013
1980,-0.0004892406450948573
1981,-0.0008181580054499538
1982,-0.0005288211936713249
1983,-0.0004361493088898882
1984,-0.0004977790223502643
1985,-0.00011345098970407807
1986,-0.0001723917074164971
1987,0.001527394287547268
1988,-0.00034670120971154185
1989,0.00014925513803965007
1990,-0.0005141589025097426
1991,-0.0010250054724446178
1992,-0.0005200395042765482
1993,0.000366835613993044
1994,-0.00037660929505989316
1995,-0.0007042650320195021
1996,0.00032179643052638874
1997,0.00021844968636266504
1998,0.0008440931036224564
1999,0.0004042026891136308
2000,-0.00035240323789753614
2001,0.00027081064122511653
2002,0.0006519241093300599
2003,0.0006337445796050333
2004,-0.000799085822120138
2005,-0.0003852940484711409
2006,-0.00016050731943328955
2007,-5.1612499011333136e-05
2008,-0.0007399547244696381
2009,-0.0008150724005475674
2010,0.001611643281286712
2011,0.0012294817441418139
2012,0.00016632617166729703
2013,0.0011768287313570936
2014,-0.0008196409489180656
2015,0.00022383751301955357
2016,-0.0007769392379583407
2017,-0.0006509071340734529
2018,5.813630467244035e-05
2019,-0.00035222764803042315
2020,0.0003528544760726948
2021,-0.00020993499931079018
2022,0.0007124400095202654
2023,-4.902614956425744e-06
2024,-0.00023002010593085043
2025,-0.0008264101112606337
2026,0.0003089782116927342
2027,0.0010729911793712077
2028,0.0001855186492194294
2029,0.0002764206895193855
2030,0.0004886575997135268
2031,0.0009327576002024829
2032,-0.0003173574934487
2033,-0.00014361345397055912
2034,-0.0003923096914258073
2035,-0.00012758701479040902
2036,-0.00024820179102771347
2037,0.00020377508915159215
2038,-0.00021740153612117563
2039,-0.00014220593819411765
2040,0.0006498612228150513
2041,0.001281030252439108
2042,-0.0007298726590707849
2043,0.0011580127574021936
2044,-0.0004542094758227089
2045,0.0005381446966699066
2046,0.0007133850281292098
2047,-0.0007276241756439151
2048,-0.0004979026156107569
2049,0.0006844649004428494
2050,0.00033940586123981653
2051,-6.422117009705631e-05
2052,0.00015476572948625034
2053,0.00045891606857502155
2054,3.924774733787828e-06
2055,-0.000616592632453794
2056,0.000529414228238445
2057,0.0013152233894867305
2058,0.000644793382669584
2059,0.0005491730458835997
2060,4.699727653425523e-05
2061,-0.0002310656499510344
2062,-0.0006004544363097386
2063,-0.00016283745959213558
2064,0.0005054531173322774
2065,0.0002952202377706881
2066,0.0003439026578220705
2067,0.0001863187603344585
2068,0.0005093312003923156
2069,0.0002761262235769335
2070,0.00034557503772438827
2071,-0.0002974721419279458
2072,-0.0007381781735817273
2073,-0.00048193792175170723
2074,0.00045268555474173853
2075,0.00032633733231903774
2076,0.00045050837462219385
2077,-0.00025876540088176636
2078,-0.0006143143040330257
2079,0.0004999184700210213
2080,0.00045888521082986243
2081,0.00016410884669018077
2082,0.000903050180728604
2083,-0.0002854743959011197
2084,0.0002799479888816236
2085,0.0009242290568589384
2086,0.00038996274074845074
2087,0.0007944096849813231
2088,0.0004649117085083754
2089,0.0004095557472596267
2090,-0.0012112839425078236
2091,-0.0008147819231889786
2092,0.0009118867133816932
2093,-0.0004434999199743661
2094,-0.0002524709853245488
2095,-8.746763140539126e-05
2096,2.720640402813501e-05
2097,0.0001278627644908381
2098,0.0007045740725047933
2099,0.0014747853297406577
2100,-8.179992346004638e-05
2101,0.0001439846477247153
2102,-0.00047669475963874053
2103,2.4562238808489845e-05
2104,-0.000632746553744612
2105,-0.0012649891155786408
2106,0.00010036701714137841
2107,0.0008747328296963674
2108,9.288339409345703e-05
2109,0.0010643405273939477
2110,-0.0010030969095738084
2111,8.257883820210754e-05
2112,0.0008009622837622743
2113,-0.00010340847072065618
2114,-0.0005084138847058605
2115,-0.00011355748419670242
2116,0.00010024294661323819
2117,-0.00035588916883828593
2118,6.074914797538078e-05
2119,-0.0010467631756204243
2120,0.002009700859739749
2121,0.0005344667746018938
2122,-0.0005761781580879477
2123,0.00021694694024774198
2124,0.0001088390803154704
2125,0.0006824434456202289
2126,0.0005663906598187607
2127,-0.00022511351126459634
2128,-0.000201362383018977
2129,-0.0004774693522237694
2130,-0.00031652119630400934
2131,0.0003361020444405449
2132,0.0011890651899214121
2133,-0.0004917316424019935
2134,0.00020731486267628886
2135,0.0001542758800033406
2136,-0.00012293906334033268
2137,0.0007752394772308824
2138,0.00013797791123415504
2139,0.0018876725228975876
2140,0.0011107620651553906
2141,-0.00026342152609495353
2142,-0.0005518170484230866
2143,-0.00016420938538068696
2144,-0.00034938972959237536
2145,-0.0005841747148335408
2146,0.00037358392024653406
2147,-0.0003736750320005866
2148,0.000635246042542148
2149,0.0004427411897991895
2150,-8.159528367741586e-05
2151,0.0005702611405656866
2152,-0.0006992554236407988
2153,5.6735531859319896e-05
2154,-0.00036282927711730475
2155,0.00045183367829511046
2156,-0.0005082207539328865
2157,-0.0006813760259279045
2158,-0.0004838936501050828
2159,-0.0001985981216527266
2160,-0.00013717185818158396
2161,0.00022986215649709597
2162,0.0006382503605168344
2163,0.0002836128598645571
2164,-0.00012958347476392794
2165,0.00010686546453380075
2166,0.002171118095984004
2167,-0.0003883148830733374
2168,0.0002694102566145329
2169,0.000518288643323972
2170,-0.0006751287262232397
2171,-0.0008669642949425515
2172,-0.0005102046618715939
2173,0.0005639202590751902
2174,0.00037008908026026077
2175,0.0013379446221090552
2176,0.00022607366220761538
2177,-0.0004348819805014781
2178,-0.0005638473654857368
2179,0.0006195839258474667
2180,-0.0006552683315479646
2181,-0.00026729764417441346
2182,3.837289621069218e-05
2183,-0.0006755735187669254
2184,0.00045496866892218434
2185,-0.0018345408042576671
2186,-0.0006963548438256196
2187,0.000906357147065684
2188,0.0013983579892105746
2189,-0.00042766911875868896
2190,0.0002948697874328943
2191,0.0004109629121482383
2192,0.0006199994539684228
2193,0.000772379558322167
2194,-4.68489796445537e-05
2195,0.0003459605112051012
2196,-0.0004073111603273283
2197,-0.00012769001942694035
2198,0.0008656031237285422
2199,0.0002608448276770092
2200,0.0009306567630287477
2201,0.00039570167379774366
2202,-0.0004839922478995895
2203,0.00017590137480982815
2204,6.486592531012026e-05
2205,-0.0001431788228678066
2206,-0.0005306544135701196
2207,0.000471810053496835
2208,-0.0004385988833992327
2209,3.503438769139056e-05
2210,4.172741312702399e-06
2211,0.0005523435081286054
2212,0.00021028620983529756
2213,-0.0007331277576654527
2214,-0.0004500157620181966
2215,0.00027678248472018385
2216,0.0009238303024719397
2217,-0.0005842548654716451
2218,0.0017375198692959337
2219,-0.00047790519365513705
2220,0.0003786791714787352
2221,-0.0003198190600148365
2222,-0.0004419145038910166
2223,0.0007685531709390458
2224,0.001652633455792607
2225,0.0004856471908464721
2226,0.0006059273927426556
2227,-0.00031670858240964164
2228,8.971551022567415e-05
2229,-0.00037045317619111007
2230,0.0003150955052858784
2231,-0.000847882742582673
2232,-0.0004174244574142616
2233,0.0005627954284638914
2234,-0.0005499561199029612
2235,0.0007647230067235666
2236,0.000140410821824144
2237,0.0005650139851027358
2238,-0.0007427379929775491
2239,0.0008748882853938822
2240,-0.0006814989282716066
2241,6.713731248444432e-05
2242,0.00041350547812306625
2243,0.0014679927761826138
2244,0.00193113042738291
2245,-0.0013854388917545312
2246,0.0008900100275682999
2247,0.0009757715585956506
2248,0.0004251454390763687
2249,-1.6818084873926332e-05
2250,3.471182081373758e-05
2251,-8.794955454374253e-05
2252,-0.0005747093888667232
2253,-0.0004286032406239482
2254,-0.0006199005382895972
2255,-0.0006093168028462826
2256,-0.0006320934377497256
2257,0.00034549141499828906
2258,7.14140146230502e-05
2259,0.0011184513156071052
2260,-0.00020080932096206984
2261,-0.0010425374333187909
2262,0.0002646409921338577
2263,-4.377624161353566e-05
2264,-0.0002364703038925331
2265,0.0006562084091032983
2266,-0.0007894263469718776
2267,-0.0009577347816597914
2268,-0.00048339313573757535
2269,0.0009129446107940531
2270,0.0021546721416281444
2271,0.00014690046643168754
2272,0.0007032299091793481
2273,-0.0008763634269273179
2274,-0.0005233772529635861
2275,0.0006157353213190441
2276,0.00017237764643482923
2277,-0.0006011386255661666
2278,-0.0003273050639936548
2279,9.225147818303636e-05
2280,-0.0002563195924076167
2281,-0.00035960533567225283
2282,0.0009104444073264384
2283,-0.0003673134335840489
2284,-0.0009389289309987836
2285,-0.0004215345011332916
2286,-0.0017128605426544262
2287,-3.6660654813713836e-05
2288,-0.00021695521046067868
2289,0.00024058707593601624
2290,0.0002333096048974026
2291,-1.3274432227250443e-05
2292,-0.0006520279644517402
2293,0.00046369635331402483
2294,0.000395785127443915
2295,6.446657750061035e-05
2296,9.151328408121273e-05
2297,-0.0005704579563653889
2298,0.0019511459248511942
2299,0.0010628054924078033
2300,-0.00043339064394176674
2301,0.0007273523251234204
2302,0.00031368188959399743
2303,0.0002914943380812218
2304,-0.0009760703410670146
2305,0.00018702057503867665
2306,-0.00037713101424239335
2307,-0.0005696949466626799
2308,0.0004222115482699351
2309,-0.00036989446690482986
2310,-0.00026524956962312716
2311,-0.00027098273592764956
2312,0.0007111594246775211
2313,-0.0003343191138313939
2314,-0.0001328783942053491
2315,0.000917036346781197
2316,-0.0002394901358938828
2317,-0.00018794246138178483
2318,-0.000265118532286146
2319,-0.0003906884598893656
2320,-0.0002901366686282714
2321,-0.00043327407916535774
2322,-0.0005345411482613249
2323,-0.0010719172141089306
2324,0.0006601226486208977
2325,-4.467761071744736e-05
2326,-0.00043478041173656835
2327,0.0006492440843101743
2328,-0.0003383027743261158
2329,0.00046050595448041685
2330,2.0039819868866714e-06
2331,-0.001056469009835248
2332,6.778274887364599e-05
2333,-0.0009414288900422951
2334,0.0005813579817684599
2335,0.00013133316226399128
2336,0.0003357939992212122
2337,-0.0002853216123268387
2338,0.0001594857005493999
2339,0.0008398011437468434
2340,0.0007450287620818008
2341,0.0006099582360594935
2342,4.9306385192116056e-05
2343,-0.00043328803574578246
2344,-9.102419906208415e-05
2345,0.0005639021181197857
2346,-0.0007656445545466406
2347,-0.0006652146485332411
2348,-0.00041936867417657897
2349,0.0010817668669749869
2350,0.0006435793719589799
2351,-4.791437595248471e-05
2352,-0.00017769510917491348
2353,-0.00029567195096300567
2354,0.0005460919907118944
2355,-0.0008042980011586431
2356,-0.0005991225201636086
2357,0.0013398180730135102
2358,0.0005296143956715627
2359,0.0011051977365693411
2360,-0.00012166034933587255
2361,0.00027771141947845467
2362,-0.000821544340281255
2363,0.00010992116595329727
2364,0.00012553380607116527
2365,-0.0005966259992794987
2366,-0.0003152545421275521
2367,-0.0005033791971255308
2368,-6.431965254147798e-05
2369,0.0006304125616846123
2370,0.00016373370308648828
2371,0.0005513745335787856
2372,-0.0004533884808744615
2373,0.0003153262689432168
2374,0.0004738212429023614
2375,0.00027288370140485794
2376,-0.0011731451294750618
2377,-0.0009579388254878252
2378,0.0008373789440521584
2379,0.0006514638799743234
2380,0.001532889472714727
2381,0.0016539236854231864
2382,0.0011559114833725515
2383,0.0007824745286981738
2384,-7.187201303398006e-05
2385,-0.0013657955866043458
2386,0.0004144036335928636
2387,0.0005030265906760478
2388,0.0005074900626712786
2389,-0.0006166023278392884
2390,-0.00016968451960739373
2391,-0.0002923649247982496
2392,-0.0001605752075377609
2393,-0.001004520595288505
2394,0.00029429704327175175
2395,0.0013105719413092354
2396,0.00036200113930098257
2397,-0.00010002145028342735
2398,-0.0009467715264056542
2399,0.0003265008584481865
2400,-0.0007458057224439596
2401,0.0013644732261594238
2402,-0.0007189013872135996
2403,0.0009411952610556051
2404,0.00012548900330160427
2405,-0.00024886559803516395
2406,4.317473452848386e-05
2407,0.00040977977971385916
2408,-0.0003122224777429183
2409,-0.00046727875315157876
2410,-0.0004569982867389744
2411,-0.00012427154890901627
2412,-0.0005080779876027952
2413,-0.0002634661900769109
2414,0.0003444141551578461
2415,-0.0002852429675803014
2416,-0.0005051266860156556
2417,0.001191925196883692
2418,-0.0007221187152930408
2419,-5.153323972284518e-05
2420,0.00010240810258403954
2421,0.0008341420228580754
2422,0.00018416755731924804
2423,-0.0002966661061043929
2424,-0.00037006922812548025
2425,-0.001020335370547798
2426,-0.0010438941050647799
2427,2.135748662952519e-05
2428,0.0008360033492389007
2429,-0.0001664898859925046
2430,0.0008213357422687251
2431,0.00013386051998427463
2432,-0.00024144631431144425
2433,0.00014315644773055247
2434,-0.00036645765539149443
2435,-0.0002698597303026906
2436,0.0009173450613419564
2437,0.00024625949149945645
2438,0.0010847912598202613
2439,6.19267167802251e-05
2440,-0.00012073875832561143
2441,0.0005501036924593583
2442,0.0004261518993947222
2443,-0.0003959655208818802
2444,0.0006473722204118016
2445,-0.0008321741788171799
2446,-0.0007792850000779783
2447,0.0013560429797201845
2448,-7.511604544374606e-06
2449,0.0032512613214910947
2450,0.00018173647954433658
2451,0.0002585022091082578
2452,-0.0010801354961974985
2453,-0.0001864699454027674
2454,-0.00017735968399017475
2455,0.0008161140466633077
2456,0.00010223208528921112
2457,-0.0011477485565571266
2458,-0.00044418899597087336
2459,0.0005539932085914856
2460,0.00015818462810364143
2461,-9.803092862867847e-05
2462,0.0005852533995233556
2463,0.0005694351277701459
2464,-0.00024838426618825073
2465,5.071208137001904e-05
2466,0.00017732634546718806
2467,0.00038020258953332944
2468,-0.0001862638823768137
2469,0.0017134264958391875
2470,-0.000690072910521633
2471,0.00022784798478254765
2472,-0.00040132056545205685
2473,6.56331963529766e-05
2474,0.001021316805295891
2475,-6.030231738951564e-06
2476,-0.0006170234543848129
2477,-0.00015682072563762972
2478,-0.0006148319661797297
2479,0.00032001120565234854
2480,0.0010292596232871043
2481,0.00014180081184174133
2482,-0.00014082574397891178
2483,0.00016422251427163914
2484,1.6536142657153084e-05
2485,0.0008272590609359254
2486,0.00030953423140969163
2487,0.0008287077026110535
2488,-0.0002461983134141255
2489,0.0003091485261238036
2490,3.3839701451321424e-05
2491,-0.0016745211396652416
2492,-0.0003140575577422533
2493,0.00036700247883014736
2494,0.0005913597816754823
2495,-0.0005287709411431641
2496,0.00023909460502282708
2497,0.0007420386312992245
2498,0.00025646525940337117
2499,-0.00024792698737639005
2500,-0.0004018406782422268
2501,1.132143696498389e-05
2502,8.484814243356898e-05
2503,-0.0004547527725811129
2504,-0.00028161080834252503
2505,-0.00010086929871699901
2506,-0.0009275628880440756
2507,0.001282572075606514
2508,0.00017507631331175054
2509,-8.097850662800444e-05
2510,0.0011636025372282477
2511,-0.0006991621432308692
2512,-0.0002002152585460104
2513,-0.0003277776887543604
2514,0.000396483257517799
2515,-0.0004886110858502545
2516,0.0005835702467133386
2517,0.000578753323793757
2518,-5.4597122457678e-05
2519,0.0008068254234330219
2520,-0.0006094458344329645
2521,0.0003023497705132661
2522,0.0004492885592281448
2523,0.0007413259270471206
2524,-0.00018963465206689456
2525,0.00040457856570157434
2526,-0.000262867853186366
2527,0.00038497256828631257
2528,0.0007090290738962724
2529,-0.00019577636392034136
2530,0.0003746116748904571
2531,-0.0002994082555912936
2532,-0.0005960253593400022
2533,0.0006068707709472986
2534,-0.0003406740713419509
2535,-0.00015909808732934573
2536,0.0006837572154295479
2537,-0.0005932612412144822
2538,0.0010609754384751425
2539,-0.0004915891020551344
2540,-0.0008940876281954724
2541,0.001132251505221582
2542,-0.0002818381199446884
2543,-0.0007030643301684458
2544,0.0008525337017451839
2545,-8.369337000238008e-05
2546,0.0005506596401616993
2547,0.00014826657650379715
2548,0.0006335228455104147
2549,-9.745068692201819e-05
2550,0.0005980135420552646
2551,-9.363093357412921e-05
2552,0.00012379326776528198
2553,0.0011417468670439136
2554,0.0008840956840223014
2555,-0.0006934445494575225
2556,0.00037628469492048124
2557,-0.0002605686359593129
2558,-0.0009820504986253198
2559,-4.611654968558199e-05
2560,-0.00039198701285625415
2561,-0.00024102252601254648
2562,-0.00011991752660840404
2563,-0.0005934279700667399
2564,9.880701841402662e-05
2565,0.00017716142054089446
2566,0.0009582778021697047
2567,-0.000989270310020851
2568,-0.0002820581893218099
2569,0.00015981795416626366
2570,-0.00032628737931181815
2571,0.001684830139440896
2572,-0.00013532753268865604
2573,2.533837676810258e-06
2574,0.0018120062418074845
2575,0.00125690739690707
2576,6.856511910735552e-05
2577,-0.00015150367157008572
2578,-0.00014527356614524312
2579,-0.0004753096118105038
2580,-0.00040483741583654533
2581,0.0001977885350123776
2582,0.0005006851205116902
2583,-0.0004246175669217145
2584,-0.0008411676600338814
2585,0.0016134975342620983
2586,0.0008923645574938632
2587,-0.00011635793055682075
2588,-0.00011772416452098256
2589,-0.0010054502489391215
2590,-0.00010089738180203422
2591,-0.0010028583445236493
2592,4.046613507495689e-05
2593,0.0018681510086738574
2594,0.0011217543958046195
2595,0.000509969518858755
2596,0.001109485170494162
2597,0.0005211103533223849
2598,0.00016450784591752753
2599,-0.0001740507084140308
2600,0.0002939930636244981
2601,-0.001102806627559305
2602,-0.00033581266845501557
2603,0.0011439754664120505
2604,-0.00020763693702294806
2605,5.036345091022909e-05
2606,0.0006203864641531442
2607,-0.0005939527564789993
2608,0.0011816909174759526
2609,0.00015930997720929873
2610,-0.0008097564519435662
2611,0.0006564233204058078
2612,-0.000488613339273547
2613,-0.00048242336472696933
2614,0.00013198432198515686
2615,-0.00033856115157817614
2616,-0.0002197414141450471
2617,0.0008585579377746067
2618,-0.000906592177845833
2619,0.0001347073787041131
2620,-0.0008355330522934468
2621,-0.00021602837004568441
2622,-0.0007845377102571494
2623,-0.00026852210452446015
2624,5.56214943661093e-06
2625,0.0007321494062629164
2626,0.00013174676911795747
2627,0.00011570601440009653
2628,0.00045921654846441394
2629,0.0005589792313279718
2630,0.00039997923394581304
2631,0.0006904469277348557
2632,0.0008722468617353929
2633,0.001217395899574436
2634,0.0019653420115519405
2635,-0.0004386702364303385
2636,0.00014982000666288186
2637,0.0009903961636972048
2638,0.0007736415675010155
2639,-0.0005573538717763115
2640,-1.1740224977896396e-05
2641,0.00014060489901754903
2642,0.000652740088639181
2643,-4.8639795492211314e-05
2644,0.0008782361706291209
2645,-0.0003891935183448547
2646,0.0007268175585466663
2647,-4.032986657311888e-05
2648,-0.00031175110560779375
2649,0.0006740049746106313
2650,-1.6927045484615988e-05
2651,0.0008164106344648037
2652,0.0007233651292601007
2653,-9.842993041189185e-05
2654,3.231434467143579e-05
2655,0.001355563475627486
2656,0.0009365983000362066
2657,-0.0005145913144296354
2658,-0.0005562361968049379
2659,-0.00023518517751635047
2660,0.0015979733016756148
2661,-0.00027000539767159105
2662,-0.0010275894283089172
2663,0.0007469444797517877
2664,-0.0008798759309098791
2665,-2.785934730598072e-05
2666,7.329318050683931e-05
2667,-0.0001808534758779068
2668,-6.620500729885848e-05
2669,0.0002481937666903633
2670,-0.000675754464168099
2671,-0.0005694302567849086
2672,0.00016936282304693683
2673,-0.00019402846108065308
2674,0.00036634110898101644
2675,5.1057415122857106e-05
2676,-0.00021081633272446165
2677,0.0001415572567658785
2678,-0.0009359739319489302
2679,-0.0006155339306076702
2680,0.0007480839744636425
2681,-0.0004999309082895697
2682,0.0011080156920825646
2683,0.00030564472236644936
2684,-0.0002827771997523154
2685,-0.000387733951183189
2686,-6.203370274258103e-05
2687,0.00012570614754812138
2688,-9.84278386463755e-05
2689,-0.0005399489259085621
2690,-0.000439976819593646
2691,0.0001912293185333702
2692,-0.00037931886989526207
2693,0.0004323593335961995
2694,2.0462489705996845e-06
2695,-6.938033644012797e-05
2696,-0.0006203552557759951
2697,-0.0006444805835417843
2698,-0.0001178748450652023
2699,-0.0006348600562191553
2700,0.0005280943923840597
2701,0.0001464350040131901
2702,0.0006207349046066124
2703,-0.00028984851860207604
2704,0.0002487384031139461
2705,0.0011966423303026775
2706,-0.0011630848892035806
2707,0.0008417874915989332
2708,-0.0013105700009333533
2709,0.000391274312516221
2710,-0.0010989684376691456
2711,1.046670811775119e-05
2712,-0.0004855654428164824
2713,-0.00021125140059534696
2714,-0.00023072544676092655
2715,0.000814045256523066
2716,-0.00015367256651435123
2717,0.00035636466947832626
2718,-5.06565251224167e-05
2719,-0.00035304960555635476
2720,-0.00043437996488902007
2721,0.0010994053554437056
2722,6.716086369391583e-05
2723,-0.0007492289537639029
2724,0.0011050369038846154
2725,0.00010226477475494544
2726,-0.0006050473099400433
2727,-0.00010469558947383551
2728,0.0005659759399995856
2729,0.00036623695996571557
2730,8.724490044227373e-05
2731,-0.0009293583593999122
2732,0.00045335281189406995
2733,-9.151032428758032e-05
2734,0.0011349040995663807
2735,-0.00048677405816695
2736,0.000583820510568267
2737,0.0009120723327000535
2738,0.0006137160422661659
2739,-0.0002390599216943956
2740,-0.0011797672855696551
2741,0.00029583530509538216
2742,0.00040577223260604975
2743,-0.00020190499779233485
2744,-3.7735781103087616e-05
2745,0.0004850912461308976
2746,0.00028995749008098315
2747,-0.0007846614615302228
2748,9.417666411559722e-05
2749,0.0004987677762901433
2750,0.0015486620042207688
2751,-0.0002373749021178817
2752,0.0008726830271127417
2753,-0.00032227619685620823
2754,-0.0006695123380444645
2755,-0.00019537348899023588
2756,0.000168724565149847
2757,0.0009596352468461244
2758,-0.000700832868205703
2759,-0.0003660287587092581
2760,0.00045833787326776676
2761,-8.471623826706853e-05
2762,-0.00022354775111359525
2763,0.00036912545997576097
2764,0.0004605901477699126
2765,0.00018374175200257524
2766,4.141721873378579e-05
2767,-0.0013253174077106245
2768,-0.00014868038846038711
2769,0.0009081751853726505
2770,-0.0005966766749803565
2771,1.2546240691047039e-05
2772,0.00023850700546856896
2773,0.00016634173371739004
2774,-0.00041258998178581583
2775,-0.0001736677557868216
2776,0.0006821125983505593
2777,-6.944727283932916e-05
2778,0.0005204003624192044
2779,-4.081921156158241e-05
2780,0.0010784705627583159
2781,0.00017909525859947096
2782,-0.00037513654082566017
2783,0.00041219578727593744
2784,-0.0001751667311650662
2785,0.0004337617557568452
2786,-0.00022231541658788157
2787,0.00022263599100735831
2788,0.0003026414171772629
2789,-0.0007761206450327407
2790,-0.0006832871833267306
2791,0.0008988232548561515
2792,0.0011713098183097515
2793,0.0006685993757323371
2794,0.0004834459841807304
2795,-0.0007264408044732162
2796,-0.0007864254560076223
2797,-0.0006831295852204322
2798,0.0004482847355651076
2799,-0.00031198616285081914
2800,0.00018135983239802033
2801,-0.00018529935541899967
2802,0.00030168967732007167
2803,-0.00038526648855794485
2804,0.0009677970822520976
2805,-0.0005278669362140276
2806,-7.45015229808521e-05
2807,0.0011950538786516195
2808,-2.8348588764437466e-05
2809,-0.0007671806380014301
2810,-0.0009568208010258816
2811,-2.7544447421434804e-05
2812,0.00015473706060586956
2813,-0.0001058400200655285
2814,-0.0007944076929205402
2815,-8.147168416032802e-05
2816,-6.193099744091767e-05
2817,-0.00030370077257773075
2818,-0.00018224191575193504
2819,-0.0004701126645358045
2820,-0.0005279361146753425
2821,-0.0003371945385716391
2822,0.00026782696141620655
2823,-0.00035470443481262494
2824,3.561724804497235e-05
2825,0.00045973964266943224
2826,-0.0006375562467944018
2827,-0.0006333144751774933
2828,0.00027153859058366426
2829,-9.910656031715259e-05
2830,0.0005156254442297836
2831,0.0004535318809898214
2832,4.10774948629733e-05
2833,0.00048443057229901053
2834,-1.6014978694522952e-05
2835,-0.00025065194350091244
2836,0.00015969347941571232
2837,0.0005676738069060328
2838,-3.877643348431104e-05
2839,0.00013376554359489923
2840,0.0013001267091751422
2841,8.90411707209715e-05
2842,0.00029935379848344823
2843,0.00015878336880104094
2844,-3.861899853827566e-05
2845,-8.182597142725179e-06
2846,0.0002896546784339149
2847,0.0001197067603391444
2848,2.2306325837773145e-06
2849,-0.0011980877145092218
2850,0.0014349566493145449
2851,0.00094159333177406
2852,-0.0008094456977532749
2853,0.0007693145718675742
2854,0.0009096610291331019
2855,0.00040796103695754925
2856,-0.000696266729857431
2857,-0.001015724621625913
2858,-0.0002121002694645213
2859,-0.0005334806761188249
2860,0.0005383419958427949
2861,0.00028413331758536664
2862,0.000276524366263553
2863,-0.00051434542937292
2864,9.227207780151402e-05
2865,0.000642524366744257
2866,0.0002849717508280669
2867,-8.272111908103064e-05
2868,0.0002720109278342875
2869,0.000964938276089744
2870,7.344627489103139e-06
2871,-0.0006078280975272854
2872,-0.0001799176017506454
2873,0.0006594901495767358
2874,0.0004750896028083762
2875,-0.00012835285654586582
2876,0.0007107929870813434
2877,0.0004829819418225023
2878,0.0009484220521636777
2879,0.0010004130728160643
2880,-0.0009151662482546508
2881,0.0008565331329523751
2882,-0.0006138783145666959
2883,0.0005200304226264274
2884,0.0020857192769107025
2885,0.00014799579866446865
2886,0.0008537717056070537
2887,0.0003768646088015304
2888,0.001213435899114268
2889,0.000330707145752096
2890,0.0005127296304926699
2891,0.00027888606943782257
2892,0.0004693801181508972
2893,-0.0005578417095532196
2894,0.0002449075615319485
2895,-0.0005451134061060792
2896,0.0013169705761296503
2897,-0.0009154099166871043
2898,-0.0005956946607186042
2899,-0.000606154268959691
2900,0.0011372013726527852
2901,0.0006152659030547846
2902,-0.0004376779083420157
2903,-0.0003257679404526259
2904,-0.00020079632900273924
2905,-0.000567762773179159
2906,0.0003266631412238041
2907,-0.0005104905767155943
2908,0.0005764092502944518
2909,0.0008766619177940305
2910,0.0006806124307351169
2911,-0.0010041183230540484
2912,-0.0007507841807063542
2913,-0.0007021398921205791
2914,0.0013086312916870569
2915,-4.967482798330369e-05
2916,-0.0003109372331189242
2917,0.00045124441107387004
2918,0.0002456616903793174
2919,0.0010343468827405777
2920,-0.0014121297531394018
2921,0.0006721377574993248
2922,-0.0002449890693952961
2923,0.00021720376875966618
2924,0.0012441832358327742
2925,0.0006871864729829591
2926,-0.00019331406563460884
2927,0.0005935595171825181
2928,0.0001225911901336918
2929,0.0002996314532406341
2930,0.0005494146710330883
2931,0.00058192249498914
2932,0.000991090485134527
2933,-0.0005842831209105892
2934,-0.0002959024549044065
2935,-0.0005139397407352364
2936,-0.0006555033661410414
2937,-0.00031541246221222785
2938,-8.889860668575e-05
2939,-0.00016020113447836603
2940,-0.0006192262782318992
2941,0.0013490957314837848
2942,0.00032401057196624895
2943,0.0013625333252974103
2944,-0.00010720532122980853
2945,0.00038030573307867854
2946,-0.000651468355932594
2947,-0.0002296892492709368
2948,-0.0010325856921288735
2949,0.0008787002518249488
2950,0.00034981996860339315
2951,0.0008182502819870319
2952,0.0007974824072358056
2953,-0.00027456733712551975
2954,0.00025147283658815133
2955,0.00017059261688976424
2956,-0.0004122874719606484
2957,0.000616825198917792
2958,0.0011167777019111646
2959,-0.001200337488131553
2960,-0.00010741690818854011
2961,9.60185631608379e-05
2962,0.0010749117825438192
2963,0.0005127608958126028
2964,5.273173711941581e-05
2965,0.0007510214187264497
2966,-0.000569871819262624
2967,0.0006592641245355191
2968,0.000383770399474459
2969,-0.00041207380127872284
2970,-0.0004848570876645475
2971,-0.001085828065832306
2972,-0.000337835516258167
2973,0.0008569869598628266
2974,0.0006207265081693336
2975,0.00015249911563115505
2976,-0.00026549846901566807
2977,-0.0005721781689091543
2978,-0.0003406122271493839
2979,-0.00012015141439298826
2980,0.0005628062808299639
2981,0.0007379322675093336
2982,8.605607138925108e-05
2983,-0.00022418860447328547
2984,-0.00018052238925194696
2985,-0.0004967042380681352
2986,0.0011376370504078582
2987,-0.0008485222181323415
2988,0.000617119300460689
2989,0.0008933380453132189
2990,-0.00033475407843024384
2991,0.0007335049610386113
2992,8.981574790976055e-05
2993,-0.0008886809760793257
2994,0.0013252610373147623
2995,0.00045441012888547405
2996,-0.00011140852089686071
2997,0.0009201084017743888
2998,-0.00022707533064296735
2999,-0.0002751743559816333
3000,-0.00044090182704215053
3001,0.0007829123222474532
3002,-0.0003401507675537374
3003,-6.622584551443377e-05
3004,-0.00014505522209569134
3005,0.00029002241720303966
3006,0.0004570079991482734
3007,-0.00017917266768632256
3008,0.0011203837712300934
3009,-0.0006146750402410861
3010,-7.41005995181343e-05
3011,-4.03089067966711e-05
3012,0.0004220915879628473
3013,-0.0004554539139959068
3014,3.05810838181042e-05
3015,-0.00021432328553061541
3016,-0.0004540910287327282
3017,-0.00016170106904449532
3018,0.0008368938200201236
3019,0.00021935420969554364
3020,0.00039534450337499474
3021,0.0013565727035252495
3022,0.0008655282414713917
3023,-0.0004931106100601434
3024,0.0014504641120245854
3025,-0.0009257282528554844
3026,-0.00013899659975853408
3027,-0.0006290994934347704
3028,-0.0005934667654012626
3029,0.00022550580091587057
3030,0.0002094771524856487
3031,8.64012836196526e-05
3032,-0.00026020457560007595
3033,-0.00023234254626729455
3034,0.00040473780884753285
3035,0.00020189620330142156
3036,-0.0005131486793312102
3037,-0.0002535760454903446
3038,9.608802754070833e-05
3039,-6.9427068902006e-05
3040,-8.23656388431182e-06
3041,0.0003160406198945198
3042,-0.0006174619428278794
3043,-0.00012754750250487668
3044,-0.0006473363701620771
3045,0.0008842295202554195
3046,0.0004453967209947729
3047,0.0007610297914333097
3048,-4.708252853646844e-05
3049,0.0012225555098245966
3050,0.0007228601024138248
3051,-5.830923458358672e-05
3052,0.00036468723620870503
3053,-0.00010183031650299324
3054,-0.0001846476390979346
3055,-0.00014324461304979775
3056,0.0006811061973039268
3057,-0.0004612754681994957
3058,0.00020159812431139735
3059,-0.0011763229982189704
3060,0.0012903629067545497
3061,-0.0010744800627351836
3062,0.0008867518234420447
3063,0.0003261885301470979
3064,0.0001956778255921998
3065,0.00025275911148523453
3066,-0.0005624423544755563
3067,-0.0003280945506994204
3068,-0.0007423040234295408
3069,-1.7784845150359274e-05
3070,-0.00041295443459550275
3071,0.0008211576100337625
3072,-0.00010219049865218821
3073,8.229113174873515e-05
3074,0.00011264166743767401
3075,-0.0006628031067916096
3076,-0.00022392076685640028
3077,0.0006850215696205808
3078,-0.0006933655276203821
3079,-0.0007470751122393259
3080,-0.0006219878946529756
3081,-0.0006845375264203479
3082,-0.0007268353603986366
3083,0.0008769922006450325
3084,0.0011548143800623524
3085,0.001037339645657953
3086,0.0005710390925834918
3087,0.0010163746495501335
3088,0.0009728103025454348
3089,7.430218229365071e-05
3090,-0.0004936783308046256
3091,-0.0011944660559541687
3092,0.00035485866320159596
3093,0.0005098089702214814
3094,0.0005871549635010798
3095,0.0001880336476661748
3096,-0.0002461683973418838
3097,0.0004811254825022093
3098,0.00030902396477479056
3099,-2.5616483055279638e-05
3100,4.330795072093885e-05
3101,-0.0004040799196843192
3102,0.0002227492292313338
3103,0.000960691036363115
3104,-0.0005846819397778757
3105,-0.00022206345584541154
3106,-0.00023663601915442368
3107,0.0014022193047430686
3108,0.0006034002180569153
3109,-0.0008935889058979685
3110,0.0004949234554103343
3111,0.00031848630659949697
3112,0.00011105364761292425
3113,0.0002910477549792123
3114,0.0006500326512107746
3115,0.0012571535919635667
3116,-0.00011130683907194517
3117,0.001806061346467902
3118,-0.00048372892668364643
3119,-0.00048025990459810153
3120,-9.293993258716605e-05
3121,0.0003226686316714522
3122,-0.000275493408723837
3123,-0.0010314404258761512
3124,-0.00041676291530621243
3125,0.00011478479973383581
3126,0.00046830172266600913
3127,0.001203703385991406
3128,-0.00015729794749097525
3129,0.0004455806682442054
3130,-0.0005183337216911665
3131,9.672447278648022e-05
3132,0.0007117107549905021
3133,-0.000760204942699172
3134,-0.00032443657868708176
3135,0.0003239837572976523
3136,-0.001247949685231431
3137,0.0012190271015047438
3138,0.0005404272636849062
3139,0.001370580197922977
3140,-0.0006155835670415665
3141,-5.760773369036798e-05
3142,0.00038319257319547885
3143,-0.00021373141447358356
3144,0.00013305249607793447
3145,-0.000430696613353021
3146,0.00015444998120579535
3147,5.969774022398511e-05
3148,0.0008653451639889509
3149,-0.00021632122363226535
3150,0.0002224205935043466
3151,0.000283676692569812
3152,-0.0007685874464840925
3153,0.0008553548399465427
3154,-4.8008878939342917e-05
3155,-0.0005535023532762029
3156,0.00010013539832025576
3157,-0.00026455945737182687
3158,0.0009201724870216088
3159,4.438222859741714e-05
3160,0.0002385206682340879
3161,-2.6552556530368142e-05
3162,0.000487399312287895
3163,0.0009516459004547118
3164,0.00019592949406599391
3165,-0.0007861676073050106
3166,0.0006225236058652994
3167,0.0007231952052880519
3168,0.0008422796799444576
3169,-0.00024190053274972812
3170,0.000129125679878217
3171,-4.919761421786628e-05
3172,5.547419754525773e-05
3173,-9.94928159615327e-05
3174,0.0013784180151673153
3175,-0.000954566300898052
3176,3.3914054948169794e-05
3177,6.599965099685079e-05
3178,-0.0012899058790166063
3179,0.001012445224429226
3180,-6.650288589009623e-05
3181,0.0006242865456139279
3182,-0.0009264034907825236
3183,0.0008308134885376628
3184,-0.000175428473153616
3185,-0.0006181818450964993
3186,0.00023057013718110752
3187,-0.0005394889174685114
3188,0.00015508377408111063
3189,0.00022878244242381386
3190,-0.0005288411514743352
3191,-0.0005170753104940973
3192,0.00013706613652475497
3193,5.567478727259711e-05
3194,2.5410786876922665e-05
3195,0.00038310723315981843
3196,0.0004050206508296794
3197,0.0001530516606718546
3198,0.0010470183248214137
3199,0.0005317843038592507
3200,-0.0006630973567608222
3201,-0.0004176222247029626
3202,0.00027884667159827625
3203,2.0911434118264794e-05
3204,7.537247604540997e-05
3205,-8.581009664740958e-05
3206,-0.0003867821695644702
3207,0.00011008156974985361
3208,0.0008816629003135957
3209,0.00017045174122918283
3210,-3.087118914688602e-05
3211,0.0004449902452328569
3212,0.00046609104289021543
3213,0.0008307162805147206
3214,-0.001055019633307941
3215,-0.00011293065778021916
3216,-0.00019004937955935386
3217,-0.0005768019216673359
3218,0.00032827306341409734
3219,0.00018158863271711123
3220,0.00018907855612571023
3221,-0.0004446944557229271
3222,0.0001464038353199859
3223,-0.00044075122177040794
3224,-0.0005975180822045178
3225,0.0015971260985524482
3226,0.0007357073632160871
3227,-0.000978325439756178
3228,0.0013802927654531284
3229,-0.0009749162897273233
3230,0.0008082948214655827
3231,0.000801738529919982
3232,0.00033618127252401655
3233,8.043139540165889e-05
3234,-0.0005059335115814801
3235,0.00027489748154905234
3236,-0.00034037332846792445
3237,0.00017098979238494572
3238,-0.000630641388205877
3239,0.0002358966332774326
3240,-0.0001291794621230302
3241,-0.0006220775126422273
3242,0.00016641344410883718
3243,0.0004662391397724175
3244,-0.000704777194741757
3245,0.0002246483842172964
3246,0.00037368626848730544
3247,0.0003624900728543823
3248,-8.03858054110318e-06
3249,0.00017308695522959549
3250,9.011121202371353e-05
3251,0.0004883106555918948
3252,0.000230413489798198
3253,-0.0003404922710242619
3254,0.0005896233385242588
3255,5.117420668525608e-05
3256,-0.0004643017878981803
3257,-0.0008218052120236407
3258,-0.0007465502306146732
3259,0.0009267060446442432
3260,0.0002620839210346171
3261,0.0003543262961419158
3262,5.103853316845708e-05
3263,0.0005350955468022223
3264,-0.00038948361540680487
3265,-9.544060279558231e-05
3266,-0.00010962829109770756
3267,-0.0006590412939604606
3268,-0.0008477360419646418
3269,-0.00037787110765516994
3270,0.00025424752742064793
3271,0.0006200246733675918
3272,-0.0006964142796491047
3273,-0.0004614631274024505
3274,0.0007313615232242609
3275,-0.00062051044050353
3276,-0.0005319320599356913
3277,0.00037143968669623996
3278,0.00011203522034275437
3279,0.0008665159007817502
3280,0.0003472310144697399
3281,-0.0002889715806954962
3282,-0.0006371675358458173
3283,-0.0002352109428978233
3284,-3.01796213971528e-05
3285,0.0008104466181685588
3286,-0.00046356464492629533
3287,-0.00047789052512536845
3288,-0.00013625521566758004
3289,0.0004383694012848327
3290,0.0008070201591139581
3291,7.463855389744367e-06
3292,0.0005897918261141832
3293,-0.0008849480367629115
3294,0.0010531474829585496
3295,0.00020571064524006478
3296,-0.0002841768313912141
3297,0.00023174474752707397
3298,0.0004889401324817966
3299,0.0008213310186764966
3300,-0.00030689739487046455
3301,-0.0009644585186707744
3302,0.0009700134212049071
3303,-0.0003395257447933897
3304,-0.0005254624069557012
3305,-0.0010320641263737774
3306,0.0006208976864002791
3307,-0.0004430313882687775
3308,0.00030339525593934267
3309,0.00030478422125099767
3310,-0.00020684369669869972
3311,-0.0012103851049970916
3312,0.0004766905062332016
3313,-0.0003548179308151322
3314,5.086845463893041e-05
3315,0.000504847133091424
3316,0.000565209207801054
3317,-0.00032858448290453703
3318,0.0001131601471070276
3319,0.000371053035140001
3320,0.0004127357794140085
3321,0.0012761443995993327
3322,0.00046656430098364067
3323,-0.0004550265997897984
3324,0.0003363350870756898
3325,-0.0006507664800393664
3326,0.00014446324602597206
3327,0.0006915069593133704
3328,-9.093700934057481e-05
3329,-0.0005196519749294248
3330,1.0640498332747939e-05
3331,0.0016279884677676826
3332,0.0011826145675649657
3333,0.0011746130816930212
3334,0.00010264249442069052
3335,-0.0003268335021992419
3336,-0.00022952784019656392
3337,0.0005581906348149035
3338,0.0011382682070721017
3339,0.00015007444380623624
3340,0.00017991341900378544
3341,0.0008353332515485201
3342,-3.689913763160746e-05
3343,-0.00029304444833282427
3344,-7.513661978610919e-05
3345,0.0006918552715540649
3346,0.0005587622343325771
3347,-0.00029717748382489527
3348,0.00038032936021157313
3349,0.0006216123303167453
3350,0.001023804159371533
3351,6.654941286341476e-05
3352,-0.0006391184973569608
3353,-0.00012164682818029959
3354,7.651237694152879e-05
3355,-4.343845104686217e-05
3356,-0.0009506918720474155
3357,-0.0001177629964443927
3358,0.00020195645823111174
3359,-0.000765374834245236
3360,-0.0011656731486638038
3361,-0.0008721631835637789
3362,-0.00019085420412190413
3363,0.0008960407424571937
3364,-6.032976055994066e-05
3365,-0.0001596947019870676
3366,-0.0005666254745985144
3367,0.001016093363505588
3368,-0.0007532246496437578
3369,-0.00018180391198812095
3370,-0.0002538124110478268
3371,0.0005065460409613643
3372,0.00027745182374554477
3373,-0.0006092325682086841
3374,-0.0002794667480170432
3375,-4.636982355110675e-05
3376,-0.0005151314074865355
3377,6.594961588244353e-05
3378,-0.0007709863623519553
3379,0.0002739508102533872
3380,-0.00019554511097850114
3381,7.41528160233651e-05
3382,0.0005530017607857651
3383,0.0009913521838336825
3384,-0.0007175716672642052
3385,0.0012306255391172582
3386,-0.0004340994813072374
3387,0.0013542403043288243
3388,0.0002822940815701225
3389,0.0002121150888502843
3390,0.0004994643502862717
3391,-0.00010940947492992237
3392,0.0003977508528982598
3393,0.0012280138725084377
3394,-8.107805759560716e-05
3395,-0.00025415172175700105
3396,-0.0005195607197241881
3397,-0.0008169020644317237
3398,0.0007111090080864413
3399,0.00020887780563425551
3400,-0.0006416273017135543
3401,0.00029336598374836155
3402,0.0013168486567383785
3403,-8.012179236629446e-05
3404,0.0007346999901877149
3405,-0.0003489475165767919
3406,0.0004556649364762189
3407,-9.435361135408104e-05
3408,0.00040683512711925385
3409,-0.0003038533584628578
3410,-0.0007598505040957493
3411,0.000869173469381579
3412,-0.00017478606231837723
3413,-0.00031179232029878714
3414,2.832088182245229e-05
3415,0.00019107755775173984
3416,0.0006075970409461951
3417,0.00017343439670949312
3418,0.00034600489208602703
3419,0.0007310023344832661
3420,-0.00030800304913023433
3421,-0.00019646925833840533
3422,0.0010738450328334538
3423,-3.236210318346977e-06
3424,-0.00038835663604990244
3425,-0.0002630445292990835
3426,0.0007697337954226224
3427,0.0009479791388711467
3428,3.7387910778896584e-06
3429,0.0001671518855335563
3430,-0.0003836030122717826
3431,-0.0003555734194474969
3432,0.0006730364680345823
3433,-0.0006983308040532377
3434,0.0004786891611709088
3435,0.0004167149865764275
3436,-0.0009350764140104051
3437,0.0007303068684493486
3438,0.00022911059826318246
3439,0.0004357448896641136
3440,-0.0004057813262842602
3441,0.0001762960160690996
3442,-0.0006242173472989166
3443,-0.00010930225743506216
3444,-8.601242774974872e-06
3445,-0.0007158247855941768
3446,-0.00020092363567998374
3447,0.0004467725048239668
3448,0.001012740532298695
3449,0.00029915554496202646
3450,0.000654476471985066
3451,-0.00010478836629672639
3452,-0.00020148772699408736
3453,0.0002484855847074474
3454,-0.00017058909974112523
3455,-0.0007473900218576413
3456,1.4314888733002463e-05
3457,0.000918732919618881
3458,0.0016344546697212748
3459,-0.00024073589306010667
3460,0.0003999791779108586
3461,-0.0008053139088047389
3462,0.00048618769827735164
3463,0.0006019316965840904
3464,-0.0004726092810600102
3465,-0.0007662354212689459
3466,-0.0007757474734885195
3467,0.0007084006423462741
3468,0.0004065562848082127
3469,-0.000830604127069079
3470,-0.001254161223116057
3471,0.00041763878583052084
3472,-7.557180221096083e-06
3473,-0.001131143242291932
3474,0.001751089647175985
3475,0.00039063762781452736
3476,-0.00022249363724915482
3477,-0.0008513795589711659
3478,0.00028648819887466814
3479,-0.000164291526085103
3480,-0.0005337486605294428
3481,-0.0005037187345884985
3482,-0.0006639493773086036
3483,0.0005689739960945018
3484,0.001105387864609897
3485,-0.0008752662860407768
3486,0.0007204683817401359
3487,-0.00032011321397411584
3488,0.0005614959128456664
3489,-0.00011599389527596759
3490,0.0007390749062077707
3491,-0.00035582504487772224
3492,0.000313720577269283
3493,0.0005910408135893164
3494,-0.0008482352495505329
3495,-0.0007362142640493285
3496,0.00027609534963894954
3497,0.0013251596545980292
3498,0.00019625578026636337
3499,-0.0009029773464661828
3500,0.0007676692290877086
3501,-0.0004090654933488036
3502,-0.00044319785736519625
3503,0.0004840874021344144
3504,-0.0011017775440271382
3505,0.0002064584129207958
3506,-7.05099675745613e-05
3507,0.00024947733227163036
3508,0.0022502158623971978
3509,-0.00011598322592902832
3510,-0.0003117340880775421
3511,0.0010031934265443577
3512,0.0006560534483736946
3513,-0.0010886402374398418
3514,0.0003735017513562422
3515,-0.00040267016803683384
3516,3.0509223838759426e-05
3517,-0.00048538776743802805
3518,1.1813591860754257e-06
3519,-0.0005269121670140375
3520,-0.001138426432559525
3521,-0.0003793895019064131
3522,-8.555722936984811e-05
3523,-0.0007079330464454303
3524,9.453344791745532e-05
3525,0.0007175221823741973
3526,0.0002090351512930022
3527,0.00012366546500406362
3528,9.030241374399228e-05
3529,-0.0006722903863807473
3530,0.0008550793409542789
3531,7.125338012461401e-05
3532,0.0006252875393618184
3533,0.00020798900764731342
3534,0.000765223969264306
3535,-0.000930215447512528
3536,-2.7586674419333158e-05
3537,0.00019818122907668822
3538,-0.00024680914868597804
3539,-0.00044532540874073765
3540,-0.0007744489417235601
3541,-0.0008365932159372091
3542,0.001124382511238986
3543,0.001108461236526037
3544,-0.0002508367518793131
3545,0.0006506605301876522
3546,0.0006333754813416581
3547,-0.00038025423159568914
3548,-0.0003623915036888636
3549,-0.0003490635704775924
3550,0.0004521907070925035
3551,-0.0003399941452608468
3552,-0.00017857254778508302
3553,-0.0005175496152226122
3554,1.389348089950726e-05
3555,-0.000725192043978784
3556,0.0007961842313316314
3557,0.00016184360059701142
3558,-0.00019524226491147713
3559,0.00047668685286981203
3560,-0.00040648771840285925
3561,0.00019578038549172838
3562,0.0005930890558824897
3563,-0.00015222374472341206
3564,-0.0003336598695237392
3565,-0.00028865891067477725
3566,-0.00031168900348894636
3567,-0.00017833660684898333
3568,0.00030954886192151586
3569,0.0002329160505791572
3570,0.0006120109828090525
3571,-0.0005652679127222671
3572,0.0005373923255514556
3573,0.0004154680528779986
3574,0.0010697237312981445
3575,0.000996226201424677
3576,-0.00013534723477603983
3577,-0.0006122559490149948
3578,4.009171600318773e-05
3579,-0.0009474547174748382
3580,-0.0003786449935710534
3581,0.00029753261744920324
3582,-0.0011389728905107476
3583,-0.0007933852661778706
3584,0.0009730147348743001
3585,0.00024930301754511053
3586,6.88264920776005e-05
3587,0.00038078958077740753
3588,-0.0005881758142294524
3589,0.00018955471545911706
3590,-0.000493075741415816
3591,-0.001117898363691694
3592,0.002129199541233073
3593,-0.00011235616149307681
3594,0.001144590896468678
3595,-0.00034811072616829363
3596,-0.0003767808246399884
3597,-0.0006906361450149223
3598,-9.81015611846603e-05
3599,0.0001661277151526086
3600,-0.0001606701818141154
3601,-0.00015174851858847926
3602,0.0001154977323464701
3603,0.0012946054276190334
3604,0.0001107450053175807
3605,-0.00026552501424996765
3606,0.00015020072541280794
3607,0.0003948704959575888
3608,0.00016110285702397587
3609,0.0009231785503618362
3610,-0.0005279709360307639
3611,0.00015507385050761435
3612,0.0012506044551547468
3613,0.0012437685763250438
3614,-0.0005912949824515401
3615,-2.1529502683304003e-05
3616,0.00012618676566160668
3617,0.0009949477087063618
3618,-0.0005714332352364293
3619,0.0008707345107334952
3620,-9.309298470965288e-05
3621,-0.000547853604681281
3622,0.00037935809112479293
3623,-9.709116467127021e-05
3624,-0.00011992461937331278
3625,-0.0007629168363455507
3626,-0.0006224218653279934
3627,0.0012236074075601788
3628,0.0003421154079286115
3629,-0.0007714856917678814
3630,-0.0007965875701112068
3631,-0.00032870531252289227
3632,0.00017714950287881504
3633,-2.6004744953467274e-05
3634,0.0007053698091425087
3635,0.0008494251055266355
3636,-0.00036952231330704687
3637,0.000323571736458228
3638,0.0006857408445904323
3639,-0.0004867629203141988
3640,0.0003353021355669172
3641,0.0004291449594044927
3642,-0.00028895945185314353
3643,0.00041930529986291545
3644,0.0006545589699611609
3645,1.6431574690378702e-05
3646,-8.550944228993273e-05
3647,0.0003327649574420777
3648,-0.0008938570788739941
3649,0.0015609511529579346
3650,-0.0005871976685141389
3651,-0.00033154415535745495
3652,-0.00010180834313384679
3653,-0.0002323149214598752
3654,0.00101094953654155
3655,-0.0006511817301181555
3656,-5.61307788739196e-05
3657,-0.0007481620620542806
3658,0.000874985921583149
3659,0.0006185571551190927
3660,-0.00038615750018713426
3661,0.0004374007903515942
3662,-0.0003590680263674706
3663,-0.0008885388091792068
3664,2.9856690048224443e-05
3665,-0.0009395273434239737
3666,-0.0006834180363330944
3667,0.0006837322989360128
3668,-0.0004157147304171049
3669,-0.0004904571863795449
3670,0.000599974974260653
3671,0.00019568752150918024
3672,-0.001188494102893567
3673,-9.887401025614473e-05
3674,-0.0005092081955921923
3675,0.0005819811419022658
3676,-0.0005726131990306582
3677,0.00010172906480965249
3678,0.002084074831669902
3679,0.0003075930959278494
3680,-0.00010182546724140096
3681,0.0009597020400023526
3682,8.177593463720711e-07
3683,-0.0006508044951443858
3684,0.0008398877308861908
3685,0.00025697361462209136
3686,-0.0006067812179085585
3687,0.0009139097733546819
3688,0.0003172934364383373
3689,0.00040433037469655986
3690,-0.00011246904020898452
3691,0.0008850507891919213
3692,0.00018642792823959643
3693,0.0008669252652006687
3694,-0.00030612026558098917
3695,0.00017567312028030636
3696,0.0017490288375711983
3697,0.000853698950847881
3698,0.0001703262513360393
3699,-8.106437939714439e-05
3700,-0.00014140238136124418
3701,0.0010733665600640486
3702,0.0001688480018651628
3703,3.3253716101055984e-05
3704,0.0008780990120101695
3705,0.00022998956179807185
3706,-0.0003708346239168492
3707,-0.00036020850612146217
3708,0.0011389001891668916
3709,0.0004835140457756015
3710,0.0009705240189261444
3711,-0.00022126044469743532
3712,-0.0006094201133072463
3713,-0.0009130738786982118
3714,0.0015333304415879212
3715,-0.0003377333477723843
3716,-0.0006367184806814752
3717,0.00014431242183834402
3718,0.0009716438314920417
3719,-0.0008083422183585709
3720,0.00012722195419636594
3721,0.0006433622360033864
3722,-0.00032136227018020325
3723,0.00011847440252898966
3724,-0.0011020809320678947
3725,0.0005284053763113139
3726,0.0005126591996265306
3727,-5.324871152574406e-05
3728,0.0004859371108608679
3729,5.646861809107673e-05
3730,0.0007809363410523851
3731,0.000445159117409033
3732,0.00014676531900608135
3733,4.437479548047296e-05
3734,-0.000649735332093515
3735,0.000812844976063154
3736,0.00010823174140393022
3737,-0.00048510861842652184
3738,0.0001062731333346667
3739,0.00023818725170370313
3740,1.6228864871536965e-05
3741,-0.0006886415950821511
3742,-0.00016835667738974714
3743,0.0022873446145326827
3744,-0.00029775303244496956
3745,0.0008714444176341818
3746,-0.0002631008044112315
3747,-0.0008645845944511788
3748,0.000467492187720131
3749,0.0015140982709065608
3750,-0.0003120235717982256
3751,-0.0012457608043712875
3752,-0.00035170258588681504
3753,0.0010668981096722651
3754,-0.00011111890232011757
3755,0.0005828355819415432
3756,-0.0007120238287517289
3757,8.978012545839409e-05
3758,0.0003730489671317283
3759,-0.0006770237828383152
3760,-0.0012594131217106065
3761,0.0001334266426019193
3762,0.0005069988280409943
3763,-0.0002341585373437649
3764,0.0008183409531591801
3765,-0.00015199220070893915
3766,0.0006139465176701498
3767,0.0009117040039163582
3768,0.0006905677402889943
3769,0.0007513778673094329
3770,-0.0004441947494689735
3771,0.0008328906886061471
3772,-0.0006310534711535531
3773,-6.046776643273688e-05
3774,0.0011759494190495046
3775,0.0005592344322030484
3776,0.00021204252577742278
3777,-5.006828970373078e-05
3778,-0.0007226868377855578
3779,0.0007575424236118122
3780,-0.00041676665382608393
3781,-0.0005565780955189892
3782,-8.289805577283982e-05
3783,-0.0004693624874716251
3784,-8.555543937351917e-05
3785,-7.039795703485119e-05
3786,-0.00012656461723055125
3787,-0.0007089739018103947
3788,0.0016191951941999516
3789,3.7227741500101e-05
3790,-0.0005250741037550188
3791,0.00013123324144190818
3792,0.0008415168250153204
3793,0.00011772317060554371
3794,-0.0005562306612244994
3795,-0.00012207606550667104
3796,-0.0002027940488969815
3797,7.009489936227187e-05
3798,0.00016444663595196473
3799,1.767716264968744e-05
3800,-0.0003585325684208662
3801,7.909922331217345e-06
3802,-0.00030502664057869834
3803,0.0011054153270628974
3804,0.00017804303384643115
3805,-0.0011572442864782983
3806,-0.0005397372672233836
3807,-0.00030766641578241496
3808,0.001577878906078456
3809,9.562861558243263e-05
3810,0.001328151795460153
3811,0.0003914485841072901
3812,-0.0006401337062170275
3813,-8.70697470643389e-05
3814,0.00010891668944637
3815,-0.00034106845966195285
3816,0.00010460163869006057
3817,-0.0006019825288646307
3818,0.00041998669242888643
3819,-0.00023758863293681375
3820,-0.00044996804601618037
3821,0.0015676782458096117
3822,0.0009843949245921912
3823,0.0005042165222891359
3824,-0.0007308357187405301
3825,0.0006084739217196766
3826,0.001795567482968985
3827,-0.0004522178904433183
3828,0.0014522928347367793
3829,0.0010242568630780325
3830,0.0008063949501490475
3831,-0.00020087456049986408
3832,0.00031313488632778164
3833,0.002480321942768993
3834,0.000498112422830066
3835,-0.0004874858302107876
3836,0.00020356625950650463
3837,-0.0009323096417892085
3838,-0.0007968658931979622
3839,-0.0005430513168971807
3840,-0.0006934041082569565
3841,0.00014981030671128436
3842,-8.392386716111755e-05
3843,0.0002532471251970758
3844,-0.001343299530478137
3845,0.0010053463609825952
3846,5.881101462039684e-05
3847,0.0013298948875380967
3848,-0.0003535070111147398
3849,1.2556296461418982e-05
3850,0.0004568977650009964
3851,-0.0007479810038637736
3852,0.0007664559259644044
3853,0.0002242354620355602
3854,0.0002460514232052624
3855,0.0003840776629719045
3856,-0.00036767651051161643
3857,0.00012008965145042794
3858,0.0003389514333868249
3859,0.0001105610155005099
3860,-0.0003762971750343347
3861,0.0009704971439946864
3862,4.2760775058248156e-05
3863,0.0005127230771442947
3864,5.9533553577240106e-05
3865,-0.0003055202057445694
3866,-0.0006880695501900958
3867,-0.00036953607575553884
3868,0.001363373031717119
3869,-0.00025352625302244025
3870,-0.00010947924311190959
3871,0.0004441835529205962
3872,0.0009173637986343852
3873,-0.0008687826428328327
3874,0.002175390415346423
3875,-0.00030848919007626653
3876,-0.00027388612671563894
3877,0.0010313608749154212
3878,0.0009406156862337811
3879,0.0001933558221231646
3880,7.727383877687011e-05
3881,-0.0003446920096136008
3882,-0.0005257185257790508
3883,0.0008445410383410845
3884,-9.004794088436352e-05
3885,0.0006866846230233259
3886,-0.0003461681866443023
3887,-0.0003866374291942254
3888,-0.0007550460487492528
3889,0.00027428413022954066
3890,0.00018169139096377852
3891,-0.00014150112884476763
3892,0.0006889888770288399
3893,-0.0003424723146087993
3894,0.0013438287621766686
3895,0.000510557155022684
3896,-0.00038475270805180537
3897,0.00015431179702547483
3898,0.0001323059836907614
3899,-0.0006943516206644907
3900,-0.00029611960214506185
3901,0.000734148733019846
3902,0.00023868907227153624
3903,0.0005100706178812198
3904,-0.0008251804262287665
3905,-0.0004597915818320697
3906,0.0012913716038289945
3907,0.0001679809460001458
3908,0.0019453725948195722
3909,-0.00017597141946577022
3910,-0.0003407480472862323
3911,0.0001468718073887265
3912,0.0008589051487846389
3913,0.0002769146855950089
3914,0.00030503482199615293
3915,0.0005561134216847119
3916,0.0007202868598620516
3917,0.0010419211361511805
3918,7.062331422265089e-05
3919,-8.367834088707227e-06
3920,3.981873478875464e-05
3921,0.0005378813894817202
3922,0.0002600845255551043
3923,0.0009529399919911529
3924,0.0006123312316376861
3925,7.06894635015498e-05
3926,-8.728568607554443e-05
3927,0.0007260570050935833
3928,9.791318158105521e-05
3929,0.0002969478181217289
3930,0.00027382726879163764
3931,0.0005154984569374577
3932,0.00012293114211092693
3933,-0.0005171771768640143
3934,-0.0002095525919197483
3935,-9.890438427726523e-05
3936,-0.0002751076327548452
3937,3.1061169003088196e-05
3938,0.0008306952636437659
3939,0.0011411015612127207
3940,-0.0003653863686889691
3941,-0.0003106455701799016
3942,-0.0011203075449362388
3943,-0.0008708736062757128
3944,-0.0009373362605279212
3945,0.0005389821527613358
3946,0.0008693846006488481
3947,0.00030730115472059615
3948,0.000289469800341724
3949,-0.0008312039654120529
3950,-0.0001547417885267688
3951,-0.0004643712453901827
3952,-0.0014304194504838551
3953,-0.00032985571287620364
3954,0.0007368072254539726
3955,0.0011120484999215697
3956,0.0005637215481241631
3957,0.00021984748271683952
3958,-0.00017051876678297884
3959,-0.00023437216069253087
3960,0.0008054886125735461
3961,-6.856516721032158e-06
3962,-0.0001331251049258908
3963,-0.00012151783295641927
3964,-0.0004139664621953365
3965,-0.001232984698434314
3966,-7.717649979346319e-05
3967,-0.0007466781876543038
3968,-0.0004972536376876668
3969,0.00027098555612601325
3970,8.39567959104226e-05
3971,0.00035677210939959457
3972,-0.0010091310259750185
3973,0.00071937122040866
3974,0.0002780369974236807
3975,0.0010771719995054552
3976,3.531590701244536e-05
3977,-0.00047820815216281787
3978,-9.255884419221428e-05
3979,-0.0007881612216008582
3980,0.0011721791590211471
3981,0.0007893686394283339
3982,-0.00012192096306256062
3983,0.0017102055808403626
3984,0.0002801951209467246
3985,0.00013401379520197043
3986,0.00029712297717081614
3987,0.00033781543755724287
3988,0.0006747295803345877
3989,-0.00018954650046079102
3990,0.0007405648973478396
3991,-0.00021251756348459328
3992,-0.0007763902097668752
3993,0.0005496069611505616
3994,-3.417350740164693e-05
3995,4.1076211336865676e-05
3996,0.0006661116394804268
3997,-0.0005379305475160967
3998,-0.0005953616661628746
3999,-5.9318331449387254e-05
4000,0.0003721060869388282
4001,-0.0002521603905066394
4002,0.0016203898296944352
4003,-0.0001834133979041086
4004,0.0016109173597008918
4005,-0.0007674678875281948
4006,0.000564264586535268
4007,-0.00033880704857616186
4008,-0.0002748316641710602
4009,-0.0004892996646492342
4010,-0.000540275185974215
4011,-0.0005782271917004645
4012,-0.000417431264284196
4013,-0.00022922296308571787
4014,-0.0008673057555191654
4015,-0.0007080852828812656
4016,4.714480770355856e-05
4017,-0.0002641233366327711
4018,0.0012767380971296705
4019,0.00014747947873228195
4020,0.0008082329845104264
4021,0.0013169692115198694
4022,0.0014725859402488384
4023,-0.0002618069455936567
4024,0.0010431806306256508
4025,-0.0008080205464971347
4026,0.000417858745170685
4027,8.531757302574495e-05
4028,0.0005546543708522478
4029,-0.00024375757435031177
4030,-0.0005207500089188022
4031,-0.0004436027286017774
4032,-0.0004401314536108147
4033,0.0007102068654067928
4034,-9.814058200681152e-05
4035,-0.0006768834062846896
4036,-0.00030563371994989373
4037,-0.0003608391362979413
4038,-0.0009499780269049962
4039,8.711914408752187e-05
4040,0.00016767154989698606
4041,-0.00016085950088733368
4042,-0.0001215794668446124
4043,-0.0002543306212512642
4044,-0.0006454403716796176
4045,0.001419731272197433
4046,0.0005924081561186956
4047,-0.00018648588096641382
4048,0.001324411336281761
4049,-0.00032456775603626473
4050,-0.00018172115313557223
4051,-0.0007662840421754247
4052,0.0006638101156703601
4053,-0.00037182411288307906
4054,0.0003086968420176639
4055,-0.0004179698982914815
4056,-9.193320647493675e-05
4057,0.0006085145474542086
4058,-0.0007361771458145982
4059,-3.471820238791779e-05
4060,-0.0003457641960769919
4061,-0.00025088128852888134
4062,0.0004196159210826389
4063,-0.0009223717891645667
4064,0.0006422630993056621
4065,0.0008577130414603396
4066,1.9491383419945054e-06
4067,0.00027726264224212647
4068,0.00038606746939133795
4069,4.046344092749621e-05
4070,-0.0008685428488754754
4071,0.0007377288435075791
4072,-0.000518748204584285
4073,-0.00022680976157218868
4074,9.48675921690345e-06
4075,-0.00021435295770864116
4076,0.0007551611820151738
4077,0.000618708798212686
4078,0.0006784019438857314
4079,-0.0007015027496365845
4080,0.0004866878744615999
4081,0.0012083263301918112
4082,-0.0003230175136408553
4083,-0.0008230229453105364
4084,0.000538246582872226
4085,3.225549276895112e-05
4086,0.0004318606649205359
4087,0.0003656732909608662
4088,-3.4017689653986774e-05
4089,-0.0005343777024010343
4090,-0.0007988314199264268
4091,-0.0006179306294173736
4092,0.0005021703679110922
4093,0.00023619090084923134
4094,-0.0005845045719844677
4095,-5.404072639692004e-06
4096,-0.00036037733946348016
4097,8.971972646982795e-05
4098,0.0006656660603334919
4099,0.0007532773192622466
4100,-0.0007377887483615453
4101,-0.0005575596903931279
4102,0.00013932394678526361
4103,2.856545335916394e-06
4104,0.0009621502947783523
4105,0.0008384360169273908
4106,-0.000605926102027321
4107,7.249759787590904e-05
4108,-0.0005127851057743938
4109,-0.0007032912959423099
4110,3.740387698252246e-05
4111,-0.0006715259924358064
4112,0.0007748289945816112
4113,0.0009907424497168859
4114,0.0005776052185231028
4115,0.0003350864381856944
4116,2.239849218319545e-05
4117,-7.750956906944495e-05
4118,-0.0004806346716795584
4119,0.00023621585481596873
4120,-0.0006788058698444343
4121,-0.0001904352917541763
4122,0.001162778621292504
4123,-0.00011952146960287901
4124,-0.0006311193543170779
4125,-6.65959737959243e-05
4126,-9.758028589899049e-05
4127,-0.00014041976303427183
4128,0.0005582891126308054
4129,-0.00024684875333775836
4130,0.0005632578136338662
4131,-0.00038462197656863317
4132,0.0004831616884304557
4133,-0.000565524087531566
4134,-0.0007681929900881457
4135,-0.00037917311226156605
4136,-0.0001485118418464326
4137,0.00011791312305151625
4138,-0.00035338667435398375
4139,0.00023502874759966373
4140,-0.00024412773925845953
4141,-0.00024094715307718673
4142,0.0010452629054919838
4143,-0.0007714688372047806
4144,0.0010461165757986723
4145,0.0001133243932581074
4146,0.00014821530113624527
4147,0.0003167784059852741
4148,0.0002451943870928064
4149,-0.0001287590309045683
4150,-0.00013014241398909832
4151,0.0007073434388188415
4152,0.0004683958688341594
4153,-0.00020802669424082598
4154,-0.000888452391215555
4155,-9.095587147138762e-05
4156,0.0003502499694413963
4157,-0.0008078311161137108
4158,0.00015671976646454145
4159,-0.00030169461318529933
4160,-0.001002639955040152
4161,-0.00031289116721275876
4162,-0.0004552507074544909
4163,0.0005788723293397747
4164,0.00014829225466661544
4165,6.341463207923948e-05
4166,-0.00042472875196619686
4167,-0.000186266280579761
4168,-0.000629127798619633
4169,-0.0002453717044395232
4170,-0.00019544382999623356
4171,0.0013091952404282957
4172,0.0022113443629392603
4173,0.0008759821937154522
4174,-0.00022591488991399177
4175,-0.0002848940497787611
4176,-5.950910411449684e-05
4177,-8.341318899152128e-07
4178,-0.0008594463615849035
4179,-0.0004182454325088347
4180,-0.00023289544651072802
4181,0.0010913458944728394
4182,0.0005033602184768115
4183,0.00027527540946430394
4184,0.00034147293595618853
4185,0.0006070603671219921
4186,-0.0005699382022206878
4187,0.0009075101297000953
4188,4.3876206165593953e-05
4189,-0.0007724985138834572
4190,-0.0009122046927062755
4191,-6.891619198809985e-05
4192,0.002249503791612373
4193,4.449961528425472e-05
4194,0.0009941051314035665
4195,0.0017620695183165002
4196,0.0014008340761708204
4197,0.0014215103836714427
4198,0.000993501691829457
4199,-4.422083038679858e-06
4200,0.00033143596332882994
4201,0.00033417875016290567
4202,-0.0002472665035249122
4203,-0.0008018221526623793
4204,-0.0013103342670267581
4205,0.0008438639298905759
4206,-0.0002574905929854987
4207,-0.00011652763428902091
4208,-0.00048755406949754223
4209,-0.0003202505294008784
4210,-0.0004368395681066506
4211,4.8067626806314045e-05
4212,-0.0002777459740554322
4213,-0.00014880664213048344
4214,7.352601674681658e-06
4215,-0.00047456698575800706
4216,-0.00011886585853730925
4217,-0.0006861213171262426
4218,-0.00031852491449799734
4219,0.0010332189229024457
4220,0.0001009941661586744
4221,0.0002732188737344599
4222,-0.0007638982428815222
4223,0.00013571965226273354
4224,-0.00045400076384467526
4225,-0.0002978480086405444
4226,0.0005908843521887919
4227,0.00020859200176015502
4228,-0.00015634028834483616
4229,-0.0013156205031915834
4230,-0.0009807864580340109
4231,0.000601282812079229
4232,-0.00016245145502515878
4233,-0.00057259631305695
4234,-0.0004890964058650304
4235,0.0009414574110501173
4236,0.0003555485362505495
4237,-0.0005510386200204386
4238,0.0019112003310131965
4239,0.00019415310202199886
4240,-0.0008473350104674538
4241,0.00014730891450871476
4242,-0.0009907904394138578
4243,-0.0004911238548516606
4244,0.0008315528521315007
4245,-0.00015512629869698368
4246,0.0004088559583447449
4247,-0.0001362301761238305
4248,-0.0003212818657005734
4249,-0.00026944726002489097
4250,-0.0006377858938623193
4251,0.0004008934701280831
4252,-0.00013311585448434472
4253,0.0005527323096616188
4254,-0.0006242248981050303
4255,0.0003505112041061631
4256,0.0003209942756078332
4257,0.00025577854068143947
4258,0.0005717831802366735
4259,0.000293691383408734
4260,0.0013206595448462366
4261,0.0006785251194149966
4262,0.0006471578250921483
4263,0.00011459554969848185
4264,-0.00019570467465330755
4265,0.00027292191337509043
4266,-0.0005611790896392632
4267,-0.00026910966463093987
4268,-0.00018914623368382344
4269,0.00043215248686752085
4270,-0.0001712343144203432
4271,-0.0010438347072609933
4272,-0.00042631825658159264
4273,0.0010392783732230183
4274,1.019308587113521e-05
4275,-0.0008591906905495606
4276,0.0008067025860968747
4277,-0.0005367953776817203
4278,-1.676488453543623e-05
4279,0.0007047101519028764
4280,-0.0007622989639924471
4281,-0.0001022225907782559
4282,-0.0001739469274380845
4283,-0.000867900919607223
4284,0.0008032568150746489
4285,0.0017717236022071424
4286,-0.0004011405139614066
4287,0.0009416423340607105
4288,0.0005916331076721848
4289,-0.0005207152488871491
4290,0.0005681082782490021
4291,-0.001003853311280345
4292,0.0005748300108073589
4293,0.000835188363524475
4294,-0.0004705335403637267
4295,-0.000504754389686557
4296,-0.0011126180703356025
4297,0.0012720547488934252
4298,0.00036890206256987577
4299,-0.0009483032648875511
4300,-0.0006210493181951771
4301,0.00019492406313046385
4302,3.404779804163649e-05
4303,1.7939287014345774e-05
4304,-2.741918168835955e-05
4305,4.912257326004088e-05
4306,0.001825839283210695
4307,-0.00031061496385094146
4308,7.221266688588468e-05
4309,0.0005901589289097897
4310,0.0002201106566514399
4311,-0.00015908024186399582
4312,-0.00036704341749040916
4313,-0.0003130802305198577
4314,0.0005945707680686141
4315,-0.00028927237238822733
4316,0.0014835391532730612
4317,0.0009821737753372916
4318,0.0001722144953772764
4319,-8.885428844684906e-05
4320,-0.00019207289410165805
4321,0.0011156637481954056
4322,-0.0008286199682306262
4323,-0.0011735762670009198
4324,-4.998176432429169e-05
4325,0.00014054184215228638
4326,0.00015877013043226197
4327,-0.00032371531303021506
4328,-0.0007678173453447457
4329,-5.998346608886429e-05
4330,0.00019050978934949115
4331,0.00015603863494728643
4332,-0.0005255102834132996
4333,0.0016686538345765055
4334,0.0006736899271553076
4335,0.0006943698709336532
4336,0.0013562020518624208
4337,0.0013739860660145764
4338,-0.0007148036007450953
4339,-0.0008037619889579295
4340,0.00149788077560169
4341,-0.0007978183623809532
4342,-0.0013359467531214309
4343,0.00111900245580534
4344,0.0014049461724065404
4345,-0.0010515323784918706
4346,-0.0003813685917121834
4347,-7.877286207511603e-05
4348,-0.0006545082618552688
4349,0.0013860471748150306
4350,0.00041399550756946455
4351,0.00022705338143687027
4352,-0.0002423411130512365
4353,0.0003258691239865552
4354,-3.804120776162989e-08
4355,-0.00031722068725374973
4356,-0.00022950500167158162
4357,0.001433208032191291
4358,-0.0005582253728371844
4359,-0.0004428718129158904
4360,-2.7597119748423715e-05
4361,0.0012610649551031416
4362,-0.0004911861706232701
4363,-0.0005014540986839844
4364,0.0008530371213332666
4365,-0.0003629990306875053
4366,0.000519253348093307
4367,-0.0006003221713691165
4368,-0.00024103732190234873
4369,0.000454769843276126
4370,5.551525486939824e-05
4371,0.0002933398146854227
4372,-0.0006795513970695444
4373,0.0006585712040852343
4374,-0.00044909969725663855
4375,0.00010398136331051245
4376,-0.0002498009152974934
4377,0.0015855932605766342
4378,7.956542994100869e-05
4379,0.0023378819709809263
4380,0.0011530524718444735
4381,0.0001581146829173541
4382,-0.0008683216257015403
4383,0.00028249058303277954
4384,-0.0011360156565768831
4385,-0.000940391263303697
4386,0.0006158534404527849
4387,-0.0008338991587792943
4388,0.0004392720744297307
4389,1.488945333718572e-05
4390,-0.0009386041234522802
4391,-8.74651864775533e-05
4392,0.0007099878583677998
4393,-0.00029750442754463704
4394,-0.0007342989770666053
4395,-0.0004236403344601847
4396,-0.0004995841856936245
4397,-0.00044583350283387
4398,0.0007963104612648042
4399,0.0012644343526090561
4400,0.0008084967897283857
4401,-0.0004999466418875498
4402,0.0012448329302133798
4403,0.00022408965807840797
4404,-0.0007937477174465801
4405,-0.000426417920561728
4406,1.5248394144617982e-05
4407,0.0008926176435102295
4408,0.0002210830099840466
4409,-0.0005122782951330063
4410,-0.0004834464053183218
4411,-0.00018650376253812607
4412,0.0006289024794180031
4413,-0.0006423914494237514
4414,0.0003809910047226639
4415,-0.0003578616771509058
4416,0.0016631558696438952
4417,0.0006823698461961625
4418,0.0004931587302937857
4419,7.607234046027588e-05
4420,-0.00019146783084453834
4421,0.0013047586794394217
4422,-0.00012684500268020927
4423,-8.304557988250138e-05
4424,-5.164182075838575e-05
4425,-0.000521646263410136
4426,0.00028649723125213634
4427,-0.0005409729432531929
4428,0.0011949056438845585
4429,-0.0005221010429442563
4430,0.0020167840563490858
4431,0.0005042285403089152
4432,-9.990196277629427e-05
4433,0.00039837540510898604
4434,0.0005433261549390167
4435,0.00047437252218747173
4436,-0.0003440903482949453
4437,0.0004027596843303227
4438,0.0004227151173833432
4439,0.0008744171386295907
4440,0.0007633624220925838
4441,0.00044366774084525495
4442,0.0019039505325153083
4443,-5.908578426401245e-05
4444,7.114007405080169e-05
4445,-1.3740373243709137e-05
4446,4.6954803308030255e-05
4447,-0.00044709845232417946
4448,0.00016641185890367005
4449,-0.0007502436007081447
4450,0.0005967307747726025
4451,-0.0001679495583517321
4452,-0.0002122736404888137
4453,0.0013107930221248898
4454,-0.00037746564105447524
4455,0.0001510790585997679
4456,-0.0003104202631591058
4457,-0.0011107049789921496
4458,-2.704544496157091e-06
4459,0.0002879698124909069
4460,-5.197226467561489e-05
4461,0.001026406745172248
4462,0.0011442670318753123
4463,-0.0010786290312666757
4464,-0.0004255661824137835
4465,0.0006918086402027734
4466,5.204163356042901e-05
4467,-0.000491741206880758
4468,-0.0007332497401124849
4469,-0.0006593152946562375
4470,-9.983045267347723e-05
4471,0.00014013048258385564
4472,1.3001155956815502e-05
4473,0.0010168471676677004
4474,-7.962022452363548e-05
4475,-0.00013354278999815338
4476,0.0011770623523540192
4477,-0.0005670929662905388
4478,0.0007234623153890673
4479,-0.0003733522666746092
4480,-0.0003550610024424028
4481,0.00028581135291312344
4482,-0.0006915036295775057
4483,0.0015098438314385732
4484,0.0006115962426263888
4485,0.0005691544672883353
4486,0.0010524493705023508
4487,-0.0008105156065713048
4488,0.0007247406547672641
4489,-0.00019507211543612346
4490,0.00025669342509990754
4491,0.00048096611011063663
4492,6.639175707050527e-05
4493,0.0001479488620122149
4494,-0.00042552238488737795
4495,0.00019815755412007087
4496,8.482169793211369e-07
4497,0.000599462686900698
4498,0.0001876640047371314
4499,0.0008763834466583465
4500,0.0015175409056205514
4501,0.0001541539962647054
4502,-0.0005894208767645237
4503,-0.0009415646360016794
4504,-0.0005207682972743876
4505,-0.00034465690972325104
4506,8.620941780821401e-05
4507,-0.0011979949194207862
4508,0.0013898574015532628
4509,-0.0004337006371164298
4510,0.00035985395021449486
4511,0.00036529454394187424
4512,-0.0007412338261759466
4513,-0.0006873678843095643
4514,0.0013813037355750568
4515,-0.0006703424385016143
4516,0.0007088216833062155
4517,-3.164174778127471e-05
4518,0.00026597898556164347
4519,-0.0005874849997060894
4520,-0.0006611433346130236
4521,-0.0004913054939545524
4522,-2.1991291233369735e-06
4523,-0.00040252519585459723
4524,-4.1761648703086963e-05
4525,-0.0009473913629558295
4526,-9.660265928808087e-05
4527,0.0008028670230476598
4528,-0.0006401414774282798
4529,-0.0007992709480233229
4530,0.0016437930876418648
4531,-0.00015550803660613344
4532,0.0005463543827986417
4533,0.00036513629396541793
4534,-0.00012223822948556062
4535,0.0001414308688062693
4536,-0.00045415233700405453
4537,0.00030092521119156056
4538,-0.000823750283514002
4539,-0.0006325035593959027
4540,-0.00042753450516421767
4541,0.00012259392586158046
4542,-9.018727098524249e-05
4543,0.00017348836970778602
4544,-5.8411930623769595e-05
4545,-0.0008696149715974766
4546,0.0007170271806198558
4547,-0.00017559941801135182
4548,0.0006380235469075624
4549,-0.00037869569063779805
4550,-0.0007294176116383166
4551,0.0012591189004947934
4552,0.0002359366171667654
4553,0.0019886724545868486
4554,-0.00045074934484301554
4555,0.0002758429851514199
4556,0.0004711114873409583
4557,-0.0008290244186668572
4558,0.0004977607274245565
4559,-0.00012074978163760797
4560,-0.00016072081131555117
4561,0.0004434037694192927
4562,-0.0004444040443668973
4563,-0.001202036599299916
4564,0.0008871113654023377
4565,0.0003107562844011591
4566,-0.00049642043398741
4567,-0.00011912442225163744
4568,0.002293625199798832
4569,2.215259023972127e-05
4570,0.00012802762411794343
4571,5.23356927342844e-05
4572,-0.0002173330837611731
4573,0.00022241091253516476
4574,0.0003889390691549366
4575,-0.0005225440255708147
4576,-0.00048730629552498075
4577,-0.00032906282681661737
4578,0.0006453834510780964
4579,-0.0004556877507756685
4580,-0.0002927804671444045
4581,-0.0010753381854886168
4582,0.0012348659378366821
4583,0.00035200865937330407
4584,0.00157439822503449
4585,-0.0006705518198248494
4586,-0.0008440515356404222
4587,-0.0005276379548020627
4588,0.00042156096828795955
4589,0.001272224600073857
4590,-0.00021314099923888107
4591,-0.0002931846342601352
4592,-0.00010728798487060764
4593,0.00019984577394889237
4594,0.0007782923438415911
4595,-6.0393325621133085e-06
4596,0.0014081097066318549
4597,-0.0007986444009642435
4598,0.001206155330722125
4599,-0.0002766324496295214
4600,-0.0001842901554913734
4601,-0.00021556396615223238
4602,-0.00025799654349152324
4603,0.0004650030528283944
4604,0.0007484529358140257
4605,-0.00014791153377231582
4606,0.0008220895884754498
4607,-0.0010235153443243882
4608,-0.0004321843656228452
4609,-0.00016740702480748658
4610,0.0002261493299128281
4611,-0.0012688999156007298
4612,-0.0001885828903488651
4613,-1.2169943388684601e-05
4614,0.00023438050715496317
4615,8.361222534738477e-05
4616,9.490135054430748e-05
4617,-0.0002445273745542265
4618,0.00042151074126195454
4619,0.0006532799528448097
4620,0.00043850494994925884
4621,0.00020806336590770692
4622,-0.0002239054810223795
4623,0.00010815010025333471
4624,-0.0002017309915961496
4625,0.0014144232350141507
4626,0.0013342146940797939
4627,-5.559330224140791e-05
4628,-7.757637676109042e-05
4629,-0.00030110835579144624
4630,-0.0005691597677678795
4631,-7.250531285367679e-05
4632,0.00019514320709950183
4633,-0.00034475549960677476
4634,0.000810762291330569
4635,-0.000553878535314034
4636,3.808487415370987e-05
4637,0.0007841125616348199
4638,0.001991828915829319
4639,0.00018299069883027653
4640,-0.00030097442282646104
4641,0.00020632128177053844
4642,0.0005570535126443677
4643,0.0001397578562010393
4644,-0.0016707666285505018
4645,-0.00021768676177935653
4646,0.0012315344150979346
4647,0.000515447960958193
4648,0.00042868112262492983
4649,-0.00034737152053918583
4650,-0.0005066014280683317
4651,-0.0004121508920762906
4652,0.000605039233361393
4653,0.0006434114062831453
4654,0.0006920393043973405
4655,0.0001536719243464546
4656,0.002191587108010684
4657,-0.0002474352485951625
4658,-0.0006652275699150056
4659,0.0008060005837999595
4660,0.0009568587859114297
4661,-0.000793710075357712
4662,-0.0001458685604347254
4663,-0.0002909688005393596
4664,0.0007606814521105454
4665,0.0005053301576927183
4666,4.72367533064233e-06
4667,0.0009399254681915492
4668,0.0007088238180922079
4669,0.0003116299890327578
4670,0.0007291394307109789
4671,-0.00021302110540348805
4672,0.0005656705920798144
4673,-0.0002167811231563954
4674,-0.00029292680990178344
4675,-0.00025949911718006204
4676,-6.978543884421651e-05
4677,0.00062085299004353
4678,-0.00013663286679426178
4679,0.001282788085606179
4680,-0.00020376095864724775
4681,-0.0007238112941319486
4682,-0.0006521430148991314
4683,-0.001105849005241244
4684,-0.00012310389147103252
4685,-0.0005487260558435514
4686,0.0013753599672977623
4687,-0.0002455158083624953
4688,0.00016719718609625733
4689,-0.0005257054798715854
4690,0.0001255039626178789
4691,-0.0001368182551168662
4692,-0.0003683895793714642
4693,-0.0003220544859231289
4694,0.00034589572832681713
4695,0.0013661198027613785
4696,-0.0006547232838574502
4697,-0.00019815977389918692
4698,-0.0005490911697648482
4699,1.6751036435946887e-05
4700,-0.0001458091271421047
4701,9.808555460293356e-05
4702,-0.0003042013210532435
4703,0.0003702466502127688
4704,4.012171469092163e-05
4705,-2.3287418893125356e-05
4706,0.0011085194396105002
4707,-0.0005197499413221562
4708,0.0004334175248845051
4709,-0.0004176202207738955
4710,0.00036271445954090266
4711,-0.000207129246250215
4712,0.0007957697418024435
4713,-0.0002863663576960107
4714,0.0003120017322299828
4715,-0.0012895728325694744
4716,-0.00010807360343829675
4717,-0.0009661780809297138
4718,-0.0004941054694045599
4719,0.00039744571376261196
4720,-3.1437998758510056e-05
4721,-0.0007984219679849191
4722,8.780933252796607e-05
4723,0.0010267703752394163
4724,-0.001000857972735747
4725,-0.0005444429934354123
4726,0.0008793569375965093
4727,-6.743547185863452e-05
4728,0.00035442743860012447
4729,0.00043328915637725897
4730,0.00025422151345235735
4731,-0.0003820805464380017
4732,-0.00014216047649620033
4733,-0.0003886508151309531
4734,0.0007270804265446573
4735,-9.768682123763028e-05
4736,0.0014425737795450866
4737,8.863006454393752e-05
4738,-0.000616117163328389
4739,-0.0002447109635018707
4740,0.00026000044914009646
4741,0.0005499905558868923
4742,0.0003558528027536978
4743,-0.0008396148058610776
4744,0.00046906819864449555
4745,0.00016850892075628287
4746,0.0001399373831793227
4747,0.0013249683110882148
4748,0.00014798849566348692
4749,0.000890348459005419
4750,-0.0009391310507836703
4751,-0.0001902838963105946
4752,0.00060810502941544
4753,0.0003130606283215487
4754,-0.0008922136154519312
4755,-0.0005034877879405153
4756,-4.24723893664769e-05
4757,-0.0006585801807168056
4758,0.00014345108073035017
4759,-0.00042850791719002413
4760,0.000634167595846602
4761,0.0001563921088999498
4762,-0.0006027569510881792
4763,-1.0049976329074006e-05
4764,-1.0626599529905966e-05
4765,0.0002169316008064248
4766,-6.562889495924651e-05
4767,0.0003206440509867958
4768,0.0015751171778183748
4769,0.00149372849702194
4770,0.0004249476766601479
4771,-0.0004698922391686011
4772,-0.0002961718818642378
4773,-0.0008395930025996146
4774,-0.001116549929523547
4775,-0.0007356181310076204
4776,-0.0008483059510665969
4777,0.00047510611583254645
4778,-0.00044092535170272564
4779,0.0005581986846472375
4780,-0.0006843354494629583
4781,-0.0003818712017644721
4782,-0.0003495256709747707
4783,-0.00037295531902667987
4784,-3.5183236206193234e-05
4785,-0.0002772954922930504
4786,-0.00032079713381176765
4787,0.0008821154031993129
4788,0.00030516518784546865
4789,-0.0001588436231462431
4790,-5.4158038670815145e-05
4791,-0.0004183735448517245
4792,0.0014896983077650416
4793,2.4052174606414843e-05
4794,0.001667966000675447
4795,0.0013838916723593274
4796,-0.00012962715913162893
4797,-0.000806238671919024
4798,-0.0004986517902979104
4799,-0.0009490918546884774
4800,-0.00026321280777081847
4801,-0.0006926048899983384
4802,0.0007779447208805523
4803,-0.0006659241298990093
4804,-0.0004061401524806385
4805,-0.0006294923807104614
4806,-0.0011227354910622101
4807,-0.00020286149229016283
4808,-0.0001891393898044935
4809,-0.0005706676742895711
4810,-0.0006519672502338425
4811,0.00011845960887293394
4812,3.952423614259626e-05
4813,4.239836809569741e-05
4814,0.00041161368526831943
4815,0.00021012870984280508
4816,0.00020096648115868198
4817,-0.0006580767884005967
4818,0.0009166867964308434
4819,0.0002535519995813251
4820,-0.0005869406640636177
4821,0.0004443072707488893
4822,0.00011406219960437003
4823,-9.658633121223392e-05
4824,-0.0004688533205566392
4825,-0.0002775184946715914
4826,-0.000731422205896326
4827,0.001332397919495354
4828,-0.0003521654177109257
4829,-0.00019436759426985084
4830,-0.0004760498707193195
4831,-6.830266301871557e-05
4832,-0.0005861515083225077
4833,0.0005665045221470377
4834,-0.0015389047369192888
4835,-0.0006905779223668862
4836,0.00017494373335498193
4837,0.0003543975569033853
4838,-0.0003978417605404516
4839,-0.00045755936999836155
4840,0.0006797365292923851
4841,8.583932408225969e-05
4842,0.0013560079340618758
4843,0.00010800316282599809
4844,-0.0006890346301185568
4845,-0.000622353818908472
4846,0.0004491385292895389
4847,-0.00021350410079021832
4848,0.00042313591964271424
4849,-0.0005921228232478315
4850,-0.00018564924540598327
4851,0.0010528129075082493
4852,-0.0002558679557298271
4853,0.0001216289661584602
4854,0.0004817654682450323
4855,0.0006929543983942965
4856,0.0010618023016028654
4857,0.0004002113522344919
4858,-0.00015279912695116417
4859,-0.00024273200746984802
4860,0.001278928418164771
4861,-0.000482388047367821
4862,0.00010277428863949555
4863,-6.662196816553667e-06
4864,0.00010081320861410337
4865,-0.0002196640209490619
4866,0.00035353558407134054
4867,4.843861594376886e-05
4868,0.00022933774070301726
4869,0.0001976628081992615
4870,0.0005023827184291952
4871,0.0007543971666884141
4872,-0.0009723125922427745
4873,0.00011646614780764785
4874,-0.0002885998168964399
4875,-0.0006830247158480685
4876,0.00027221804169417216
4877,-6.393254548646699e-05
4878,-0.0005734243141400696
4879,-0.0005977120230494792
4880,0.000274524283407418
4881,4.822937977435604e-05
4882,4.887221497935634e-05
4883,0.0002974462646359699
4884,-0.00038955898433341575
4885,0.0010405328577259843
4886,0.0006422688794731179
4887,-0.000575535325708354
4888,0.00039793049752794295
4889,-0.0006240380338593976
4890,0.0007408495489101385
4891,-0.0005906786780710104
4892,-0.0004447957846998252
4893,0.00038836805314224065
4894,0.00018068575224692296
4895,-0.0004977662801971539
4896,-0.0006209197599136296
4897,4.28665586664545e-05
4898,-0.0005803023814391573
4899,-0.0009765744278303235
4900,-0.00045084393786203324
4901,-9.123251122584719e-05
4902,-0.0006852875900286825
4903,5.8279073005707005e-05
4904,-0.000976962197166431
4905,0.001024534052237147
4906,-0.00030609006326398625
4907,-0.0006690877693234399
4908,0.0010295094530757166
4909,0.00021378716052253833
4910,0.0006503708405743769
4911,-0.0006571116724774617
4912,8.55191641984554e-05
4913,0.0004612203322065245
4914,-0.0005100716139300188
4915,0.002064613321036135
4916,0.00011234831012600921
4917,-0.0004499310139606916
4918,-0.0006633433695217405
4919,0.001531689867396957
4920,0.00045455902198014985
4921,0.0007476655919650855
4922,6.1351113495145e-05
4923,-0.0012380562717402067
4924,0.0003072450900362345
4925,0.001137686559491824
4926,-0.00019058194120171734
4927,0.0014450305458777013
4928,0.00013737116840470965
4929,-8.398174248052115e-05
4930,-5.4847814347946944e-05
4931,-0.0006955537919010491
4932,0.00018553389776390094
4933,0.0008387498349429646
4934,0.00024998581171302713
4935,-8.046488006681063e-05
4936,-0.0003215055429011349
4937,4.179880070993569e-05
4938,-0.0005289171233660905
4939,-0.0002779743898232212
4940,-0.0007151966285315892
4941,0.0006447249437276481
4942,0.0007015349728835219
4943,0.00018326583891079551
4944,-0.000454285287258438
4945,0.0005367833405539368
4946,-0.0005248454450914375
4947,-0.0006594929250071102
4948,-0.0007397873166219204
4949,0.0004619744073359744
4950,0.00016265133966981705
4951,0.0001913276737588454
4952,0.0008909216424596745
4953,-0.00028671120251422266
4954,-0.0007035038236864244
4955,-0.0004972034265616765
4956,0.0003836928591204769
4957,-0.00036376302865803734
4958,4.4003724571606285e-05
4959,0.0004166021162591127
4960,-0.0006481849999131484
4961,0.0006166273986289328
4962,0.0001806049644571095
4963,0.0005678911454074953
4964,0.00027766486297791103
4965,0.00017424254178572963
4966,0.0009692404058316173
4967,-0.0007895247663610494
4968,0.00014357507889255493
4969,0.00024206830757709242
4970,-0.00010014006985423763
4971,-0.00014037834594915477
4972,0.0008162281664015891
4973,0.0007490663630174366
4974,0.000710737879339618
4975,-0.00012881756132769872
4976,0.0005785784404307437
4977,0.00013255422958389219
4978,0.001797058212465319
4979,0.00011247292398652853
4980,0.0009491385547941933
4981,2.3948070175316972e-05
4982,0.00014533175392656973
4983,-7.53208575957176e-05
4984,-0.0003746520138024456
4985,0.00041915797381160137
4986,-0.00014182156021431692
4987,0.0005542449238383984
4988,0.00024915993120069315
4989,-4.025950883730367e-05
4990,0.00025576390549317816
4991,0.00010175406178420942
4992,-0.0007071362312875973
4993,-7.329591067866126e-05
4994,0.00043216867041897535
4995,9.096879860273077e-05
4996,0.000426483553298973
4997,-0.0006867335853124379
4998,-0.0006743198337499257
4999,0.000589014725536674
