phase,side,arm,learner,feature,folds_retained
diagnostic,defense,audited_all,ridge,AST_p100,5
diagnostic,defense,audited_all,ridge,BLK_p100,5
diagnostic,defense,audited_all,ridge,DREB_p100,5
diagnostic,defense,audited_all,ridge,FG2A_p100,5
diagnostic,defense,audited_all,ridge,FG2M_p100,5
diagnostic,defense,audited_all,ridge,FG3A_p100,5
diagnostic,defense,audited_all,ridge,FG3M_p100,5
diagnostic,defense,audited_all,ridge,FTA_p100,5
diagnostic,defense,audited_all,ridge,FTM_p100,5
diagnostic,defense,audited_all,ridge,OREB_p100,5
diagnostic,defense,audited_all,ridge,PFD_p100,5
diagnostic,defense,audited_all,ridge,PF_p100,5
diagnostic,defense,audited_all,ridge,PTS_p100,5
diagnostic,defense,audited_all,ridge,STL_p100,5
diagnostic,defense,audited_all,ridge,TOV_p100,5
diagnostic,defense,audited_all,ridge,avg_dribbles_per_touch,5
diagnostic,defense,audited_all,ridge,charges_drawn_p100,5
diagnostic,defense,audited_all,ridge,contested_2pt_p100,5
diagnostic,defense,audited_all,ridge,def_loose_balls_recovered_p100,5
diagnostic,defense,audited_all,ridge,dfg_attempts_p100,5
diagnostic,defense,audited_all,ridge,dfg_diff_pct_eb,5
diagnostic,defense,audited_all,ridge,dreb_chances_p100,5
diagnostic,defense,audited_all,ridge,dreb_contests_p100,5
diagnostic,defense,audited_all,ridge,dreb_conversion_above_expected_eb,5
diagnostic,defense,audited_all,ridge,drive_assists_p100,5
diagnostic,defense,audited_all,ridge,drive_assists_per_drive,5
diagnostic,defense,audited_all,ridge,drive_fta_p100,5
diagnostic,defense,audited_all,ridge,drive_fta_per_drive,5
diagnostic,defense,audited_all,ridge,drive_points_p100,5
diagnostic,defense,audited_all,ridge,drive_points_per_drive,5
diagnostic,defense,audited_all,ridge,drives_p100,5
diagnostic,defense,audited_all,ridge,elbow_points_per_touch,5
diagnostic,defense,audited_all,ridge,elbow_touches_p100,5
diagnostic,defense,audited_all,ridge,fg2_pct,5
diagnostic,defense,audited_all,ridge,fg3_pct,5
diagnostic,defense,audited_all,ridge,foul_adjusted_activity_residual,5
diagnostic,defense,audited_all,ridge,front_court_touches_p100,5
diagnostic,defense,audited_all,ridge,ft_pct,5
diagnostic,defense,audited_all,ridge,matchup_assists_suppressed_vs_scorer_p100_eb,5
diagnostic,defense,audited_all,ridge,matchup_blocks_p100,5
diagnostic,defense,audited_all,ridge,matchup_fga_suppressed_vs_scorer_p100_eb,5
diagnostic,defense,audited_all,ridge,matchup_opponent_adjusted_points_saved_p100_eb,5
diagnostic,defense,audited_all,ridge,matchup_shooting_fouls_prevented_vs_scorer_p100_eb,5
diagnostic,defense,audited_all,ridge,matchup_shotmaking_points_saved_vs_scorer_p100_eb,5
diagnostic,defense,audited_all,ridge,matchup_three_pa_suppressed_vs_scorer_p100_eb,5
diagnostic,defense,audited_all,ridge,matchup_turnovers_forced_vs_scorer_p100_eb,5
diagnostic,defense,audited_all,ridge,paint_points_per_touch,5
diagnostic,defense,audited_all,ridge,paint_touches_p100,5
diagnostic,defense,audited_all,ridge,passes_made_p100,2
diagnostic,defense,audited_all,ridge,passes_per_touch,5
diagnostic,defense,audited_all,ridge,passes_received_p100,5
diagnostic,defense,audited_all,ridge,post_points_per_touch,5
diagnostic,defense,audited_all,ridge,post_touches_p100,5
diagnostic,defense,audited_all,ridge,potential_assists_p100,5
diagnostic,defense,audited_all,ridge,potential_assists_per_touch,5
diagnostic,defense,audited_all,ridge,rebound_chances_p100,5
diagnostic,defense,audited_all,ridge,rebound_contests_p100,5
diagnostic,defense,audited_all,ridge,recovered_blocks_p100,5
diagnostic,defense,audited_all,ridge,rim_dfga_p100,5
diagnostic,defense,audited_all,ridge,rim_diff_pct_eb,5
diagnostic,defense,audited_all,ridge,rim_protection_workload_value,5
diagnostic,defense,audited_all,ridge,secondary_assists_p100,5
diagnostic,defense,audited_all,ridge,time_of_possession_p100,5
diagnostic,defense,audited_all,ridge,touches_p100,5
diagnostic,defense,audited_all,ridge,true_shooting_pct,5
diagnostic,defense,audited_all,ridge,usage_events_p100,5
diagnostic,defense,audited_all,ridge,workload_adjusted_shot_suppression_residual,5
diagnostic,defense,box15,extra_trees,AST_p100,5
diagnostic,defense,box15,extra_trees,BLK_p100,5
diagnostic,defense,box15,extra_trees,DREB_p100,5
diagnostic,defense,box15,extra_trees,FG2A_p100,5
diagnostic,defense,box15,extra_trees,FG2M_p100,5
diagnostic,defense,box15,extra_trees,FG3A_p100,5
diagnostic,defense,box15,extra_trees,FG3M_p100,5
diagnostic,defense,box15,extra_trees,FTA_p100,5
diagnostic,defense,box15,extra_trees,FTM_p100,5
diagnostic,defense,box15,extra_trees,OREB_p100,5
diagnostic,defense,box15,extra_trees,PFD_p100,5
diagnostic,defense,box15,extra_trees,PF_p100,5
diagnostic,defense,box15,extra_trees,PTS_p100,5
diagnostic,defense,box15,extra_trees,STL_p100,5
diagnostic,defense,box15,extra_trees,TOV_p100,5
diagnostic,defense,box15,ridge,AST_p100,5
diagnostic,defense,box15,ridge,BLK_p100,5
diagnostic,defense,box15,ridge,DREB_p100,5
diagnostic,defense,box15,ridge,FG2A_p100,5
diagnostic,defense,box15,ridge,FG2M_p100,5
diagnostic,defense,box15,ridge,FG3A_p100,5
diagnostic,defense,box15,ridge,FG3M_p100,5
diagnostic,defense,box15,ridge,FTA_p100,5
diagnostic,defense,box15,ridge,FTM_p100,5
diagnostic,defense,box15,ridge,OREB_p100,5
diagnostic,defense,box15,ridge,PFD_p100,5
diagnostic,defense,box15,ridge,PF_p100,5
diagnostic,defense,box15,ridge,PTS_p100,5
diagnostic,defense,box15,ridge,STL_p100,5
diagnostic,defense,box15,ridge,TOV_p100,5
diagnostic,offense,audited_all,elastic_net,AST_p100,5
diagnostic,offense,audited_all,elastic_net,BLK_p100,5
diagnostic,offense,audited_all,elastic_net,DREB_p100,5
diagnostic,offense,audited_all,elastic_net,FG2A_p100,5
diagnostic,offense,audited_all,elastic_net,FG2M_p100,5
diagnostic,offense,audited_all,elastic_net,FG3A_p100,5
diagnostic,offense,audited_all,elastic_net,FG3M_p100,5
diagnostic,offense,audited_all,elastic_net,FTA_p100,5
diagnostic,offense,audited_all,elastic_net,FTM_p100,5
diagnostic,offense,audited_all,elastic_net,OREB_p100,5
diagnostic,offense,audited_all,elastic_net,PFD_p100,5
diagnostic,offense,audited_all,elastic_net,PF_p100,5
diagnostic,offense,audited_all,elastic_net,PTS_p100,5
diagnostic,offense,audited_all,elastic_net,STL_p100,5
diagnostic,offense,audited_all,elastic_net,TOV_p100,5
diagnostic,offense,audited_all,elastic_net,arc3_accuracy,5
diagnostic,offense,audited_all,elastic_net,arc3_accuracy_eb,5
diagnostic,offense,audited_all,elastic_net,arc3_fga_p100,5
diagnostic,offense,audited_all,elastic_net,arc3_frequency,5
diagnostic,offense,audited_all,elastic_net,arc3_frequency_eb,5
diagnostic,offense,audited_all,elastic_net,arc3_frequency_relative,5
diagnostic,offense,audited_all,elastic_net,assist_to_load_2017_eb,5
diagnostic,offense,audited_all,elastic_net,at_rim_accuracy,5
diagnostic,offense,audited_all,elastic_net,at_rim_fga_p100,5
diagnostic,offense,audited_all,elastic_net,at_rim_frequency,5
diagnostic,offense,audited_all,elastic_net,at_rim_frequency_eb,5
diagnostic,offense,audited_all,elastic_net,bad_pass_turnover_share,5
diagnostic,offense,audited_all,elastic_net,bad_pass_turnover_share_eb,5
diagnostic,offense,audited_all,elastic_net,bad_pass_turnovers_p100,5
diagnostic,offense,audited_all,elastic_net,behavioral_passer_score_v1,5
diagnostic,offense,audited_all,elastic_net,box_creation_2017_eb_p100,5
diagnostic,offense,audited_all,elastic_net,catch_shoot_3_accuracy,5
diagnostic,offense,audited_all,elastic_net,catch_shoot_3_accuracy_eb,5
diagnostic,offense,audited_all,elastic_net,catch_shoot_accuracy,5
diagnostic,offense,audited_all,elastic_net,catch_shoot_accuracy_eb,5
diagnostic,offense,audited_all,elastic_net,catch_shoot_fga_p100,5
diagnostic,offense,audited_all,elastic_net,corner3_accuracy,5
diagnostic,offense,audited_all,elastic_net,corner3_accuracy_eb,5
diagnostic,offense,audited_all,elastic_net,corner3_fga_p100,5
diagnostic,offense,audited_all,elastic_net,corner3_frequency,5
diagnostic,offense,audited_all,elastic_net,corner3_frequency_eb,5
diagnostic,offense,audited_all,elastic_net,crafted_spacing_stable_v1,5
diagnostic,offense,audited_all,elastic_net,creation_to_load_2017_eb,5
diagnostic,offense,audited_all,elastic_net,dreb_chances_p100,5
diagnostic,offense,audited_all,elastic_net,dreb_contests_p100,5
diagnostic,offense,audited_all,elastic_net,drive_assists_per_drive_eb,5
diagnostic,offense,audited_all,elastic_net,drive_fta_per_drive_eb,5
diagnostic,offense,audited_all,elastic_net,drive_turnovers_p100,5
diagnostic,offense,audited_all,elastic_net,drive_turnovers_per_drive,5
diagnostic,offense,audited_all,elastic_net,drive_turnovers_per_drive_eb,5
diagnostic,offense,audited_all,elastic_net,drives_p100_relative,5
diagnostic,offense,audited_all,elastic_net,fg2_pct,5
diagnostic,offense,audited_all,elastic_net,fg3_pct,5
diagnostic,offense,audited_all,elastic_net,fg3_pct_eb,5
diagnostic,offense,audited_all,elastic_net,ft_pct,5
diagnostic,offense,audited_all,elastic_net,ft_pct_eb,5
diagnostic,offense,audited_all,elastic_net,live_ball_turnover_share,5
diagnostic,offense,audited_all,elastic_net,live_ball_turnover_share_eb,5
diagnostic,offense,audited_all,elastic_net,live_ball_turnovers_p100,5
diagnostic,offense,audited_all,elastic_net,load_adjusted_creation_residual,5
diagnostic,offense,audited_all,elastic_net,load_adjusted_shot_quality_residual,5
diagnostic,offense,audited_all,elastic_net,long_mid_accuracy,5
diagnostic,offense,audited_all,elastic_net,long_mid_accuracy_eb,5
diagnostic,offense,audited_all,elastic_net,long_mid_fga_p100,5
diagnostic,offense,audited_all,elastic_net,lost_ball_turnover_share,5
diagnostic,offense,audited_all,elastic_net,lost_ball_turnover_share_eb,5
diagnostic,offense,audited_all,elastic_net,lost_ball_turnovers_p100,5
diagnostic,offense,audited_all,elastic_net,offensive_fouls_p100,5
diagnostic,offense,audited_all,elastic_net,offensive_load_2017_eb_p100,5
diagnostic,offense,audited_all,elastic_net,open_3_accuracy,5
diagnostic,offense,audited_all,elastic_net,open_3_accuracy_eb,5
diagnostic,offense,audited_all,elastic_net,open_accuracy,5
diagnostic,offense,audited_all,elastic_net,open_accuracy_eb,5
diagnostic,offense,audited_all,elastic_net,open_fga_p100,5
diagnostic,offense,audited_all,elastic_net,passes_per_touch_eb,5
diagnostic,offense,audited_all,elastic_net,potential_assists_p100_relative,5
diagnostic,offense,audited_all,elastic_net,potential_assists_per_touch_eb,5
diagnostic,offense,audited_all,elastic_net,pull_up_3_accuracy,5
diagnostic,offense,audited_all,elastic_net,pull_up_3_accuracy_eb,5
diagnostic,offense,audited_all,elastic_net,pull_up_accuracy,5
diagnostic,offense,audited_all,elastic_net,pull_up_accuracy_eb,5
diagnostic,offense,audited_all,elastic_net,pull_up_fga_p100,5
diagnostic,offense,audited_all,elastic_net,rebound_chances_p100,5
diagnostic,offense,audited_all,elastic_net,rebound_contests_p100,5
diagnostic,offense,audited_all,elastic_net,recovered_blocks_p100,5
diagnostic,offense,audited_all,elastic_net,shooting_fouls_drawn_p100,5
diagnostic,offense,audited_all,elastic_net,shooting_proficiency_2017_eb,5
diagnostic,offense,audited_all,elastic_net,short_mid_accuracy,5
diagnostic,offense,audited_all,elastic_net,short_mid_fga_p100,5
diagnostic,offense,audited_all,elastic_net,short_mid_frequency,5
diagnostic,offense,audited_all,elastic_net,short_mid_frequency_eb,5
diagnostic,offense,audited_all,elastic_net,shot_quality_average,4
diagnostic,offense,audited_all,elastic_net,shot_quality_average_relative,1
diagnostic,offense,audited_all,elastic_net,spacing_creation_interaction,5
diagnostic,offense,audited_all,elastic_net,tight_3_accuracy,5
diagnostic,offense,audited_all,elastic_net,tight_3_accuracy_eb,5
diagnostic,offense,audited_all,elastic_net,tight_accuracy,5
diagnostic,offense,audited_all,elastic_net,tight_accuracy_eb,5
diagnostic,offense,audited_all,elastic_net,tight_fga_p100,5
diagnostic,offense,audited_all,elastic_net,travels_p100,5
diagnostic,offense,audited_all,elastic_net,true_shooting_pct,5
diagnostic,offense,audited_all,elastic_net,true_shooting_pct_relative,5
diagnostic,offense,audited_all,elastic_net,turnover_to_load_2017_eb,5
diagnostic,offense,audited_all,elastic_net,usage_events_p100,5
diagnostic,offense,audited_all,elastic_net,very_tight_3_accuracy,5
diagnostic,offense,audited_all,elastic_net,very_tight_accuracy,5
diagnostic,offense,audited_all,elastic_net,very_tight_fga_p100,5
diagnostic,offense,audited_all,elastic_net,wide_open_3_accuracy,5
diagnostic,offense,audited_all,elastic_net,wide_open_3_accuracy_eb,5
diagnostic,offense,audited_all,elastic_net,wide_open_accuracy,5
diagnostic,offense,audited_all,elastic_net,wide_open_accuracy_eb,5
diagnostic,offense,audited_all,elastic_net,wide_open_fga_p100,5
diagnostic,offense,audited_all,elastic_net,zts_pct_points,5
diagnostic,offense,box15,extra_trees,AST_p100,5
diagnostic,offense,box15,extra_trees,BLK_p100,5
diagnostic,offense,box15,extra_trees,DREB_p100,5
diagnostic,offense,box15,extra_trees,FG2A_p100,5
diagnostic,offense,box15,extra_trees,FG2M_p100,5
diagnostic,offense,box15,extra_trees,FG3A_p100,5
diagnostic,offense,box15,extra_trees,FG3M_p100,5
diagnostic,offense,box15,extra_trees,FTA_p100,5
diagnostic,offense,box15,extra_trees,FTM_p100,5
diagnostic,offense,box15,extra_trees,OREB_p100,5
diagnostic,offense,box15,extra_trees,PFD_p100,5
diagnostic,offense,box15,extra_trees,PF_p100,5
diagnostic,offense,box15,extra_trees,PTS_p100,5
diagnostic,offense,box15,extra_trees,STL_p100,5
diagnostic,offense,box15,extra_trees,TOV_p100,5
diagnostic,offense,box15,ridge,AST_p100,5
diagnostic,offense,box15,ridge,BLK_p100,5
diagnostic,offense,box15,ridge,DREB_p100,5
diagnostic,offense,box15,ridge,FG2A_p100,5
diagnostic,offense,box15,ridge,FG2M_p100,5
diagnostic,offense,box15,ridge,FG3A_p100,5
diagnostic,offense,box15,ridge,FG3M_p100,5
diagnostic,offense,box15,ridge,FTA_p100,5
diagnostic,offense,box15,ridge,FTM_p100,5
diagnostic,offense,box15,ridge,OREB_p100,5
diagnostic,offense,box15,ridge,PFD_p100,5
diagnostic,offense,box15,ridge,PF_p100,5
diagnostic,offense,box15,ridge,PTS_p100,5
diagnostic,offense,box15,ridge,STL_p100,5
diagnostic,offense,box15,ridge,TOV_p100,5
feature_selection,defense,audited_all,ridge,AST_p100,4
feature_selection,defense,audited_all,ridge,BLK_p100,4
feature_selection,defense,audited_all,ridge,DREB_p100,4
feature_selection,defense,audited_all,ridge,FG2A_p100,4
feature_selection,defense,audited_all,ridge,FG2M_p100,4
feature_selection,defense,audited_all,ridge,FG3A_p100,4
feature_selection,defense,audited_all,ridge,FG3M_p100,4
feature_selection,defense,audited_all,ridge,FTA_p100,4
feature_selection,defense,audited_all,ridge,FTM_p100,4
feature_selection,defense,audited_all,ridge,OREB_p100,4
feature_selection,defense,audited_all,ridge,PFD_p100,4
feature_selection,defense,audited_all,ridge,PF_p100,4
feature_selection,defense,audited_all,ridge,PTS_p100,4
feature_selection,defense,audited_all,ridge,STL_p100,4
feature_selection,defense,audited_all,ridge,TOV_p100,4
feature_selection,defense,audited_all,ridge,avg_dribbles_per_touch,4
feature_selection,defense,audited_all,ridge,charges_drawn_p100,3
feature_selection,defense,audited_all,ridge,contested_2pt_p100,3
feature_selection,defense,audited_all,ridge,def_loose_balls_recovered_p100,3
feature_selection,defense,audited_all,ridge,dfg_attempts_p100,4
feature_selection,defense,audited_all,ridge,dfg_diff_pct_eb,4
feature_selection,defense,audited_all,ridge,dreb_chances_p100,4
feature_selection,defense,audited_all,ridge,dreb_contests_p100,4
feature_selection,defense,audited_all,ridge,dreb_conversion_above_expected_eb,4
feature_selection,defense,audited_all,ridge,drive_assists_p100,4
feature_selection,defense,audited_all,ridge,drive_assists_per_drive,4
feature_selection,defense,audited_all,ridge,drive_fta_p100,4
feature_selection,defense,audited_all,ridge,drive_fta_per_drive,4
feature_selection,defense,audited_all,ridge,drive_points_p100,4
feature_selection,defense,audited_all,ridge,drive_points_per_drive,4
feature_selection,defense,audited_all,ridge,drives_p100,4
feature_selection,defense,audited_all,ridge,elbow_points_per_touch,4
feature_selection,defense,audited_all,ridge,elbow_touches_p100,4
feature_selection,defense,audited_all,ridge,fg2_pct,4
feature_selection,defense,audited_all,ridge,fg3_pct,4
feature_selection,defense,audited_all,ridge,foul_adjusted_activity_residual,3
feature_selection,defense,audited_all,ridge,front_court_touches_p100,4
feature_selection,defense,audited_all,ridge,ft_pct,4
feature_selection,defense,audited_all,ridge,matchup_assists_suppressed_vs_scorer_p100_eb,3
feature_selection,defense,audited_all,ridge,matchup_blocks_p100,3
feature_selection,defense,audited_all,ridge,matchup_fga_suppressed_vs_scorer_p100_eb,3
feature_selection,defense,audited_all,ridge,matchup_opponent_adjusted_points_saved_p100_eb,3
feature_selection,defense,audited_all,ridge,matchup_shooting_fouls_prevented_vs_scorer_p100_eb,3
feature_selection,defense,audited_all,ridge,matchup_shotmaking_points_saved_vs_scorer_p100_eb,3
feature_selection,defense,audited_all,ridge,matchup_three_pa_suppressed_vs_scorer_p100_eb,3
feature_selection,defense,audited_all,ridge,matchup_turnovers_forced_vs_scorer_p100_eb,3
feature_selection,defense,audited_all,ridge,paint_points_per_touch,4
feature_selection,defense,audited_all,ridge,paint_touches_p100,4
feature_selection,defense,audited_all,ridge,passes_made_p100,1
feature_selection,defense,audited_all,ridge,passes_per_touch,4
feature_selection,defense,audited_all,ridge,passes_received_p100,4
feature_selection,defense,audited_all,ridge,post_points_per_touch,4
feature_selection,defense,audited_all,ridge,post_touches_p100,4
feature_selection,defense,audited_all,ridge,potential_assists_p100,4
feature_selection,defense,audited_all,ridge,potential_assists_per_touch,4
feature_selection,defense,audited_all,ridge,rebound_chances_p100,4
feature_selection,defense,audited_all,ridge,rebound_contests_p100,4
feature_selection,defense,audited_all,ridge,recovered_blocks_p100,4
feature_selection,defense,audited_all,ridge,rim_dfga_p100,4
feature_selection,defense,audited_all,ridge,rim_diff_pct_eb,4
feature_selection,defense,audited_all,ridge,rim_protection_workload_value,4
feature_selection,defense,audited_all,ridge,secondary_assists_p100,4
feature_selection,defense,audited_all,ridge,time_of_possession_p100,4
feature_selection,defense,audited_all,ridge,touches_p100,3
feature_selection,defense,audited_all,ridge,true_shooting_pct,4
feature_selection,defense,audited_all,ridge,usage_events_p100,4
feature_selection,defense,audited_all,ridge,workload_adjusted_shot_suppression_residual,3
feature_selection,defense,box15,ridge,AST_p100,4
feature_selection,defense,box15,ridge,BLK_p100,4
feature_selection,defense,box15,ridge,DREB_p100,4
feature_selection,defense,box15,ridge,FG2A_p100,4
feature_selection,defense,box15,ridge,FG2M_p100,4
feature_selection,defense,box15,ridge,FG3A_p100,4
feature_selection,defense,box15,ridge,FG3M_p100,4
feature_selection,defense,box15,ridge,FTA_p100,4
feature_selection,defense,box15,ridge,FTM_p100,4
feature_selection,defense,box15,ridge,OREB_p100,4
feature_selection,defense,box15,ridge,PFD_p100,4
feature_selection,defense,box15,ridge,PF_p100,4
feature_selection,defense,box15,ridge,PTS_p100,4
feature_selection,defense,box15,ridge,STL_p100,4
feature_selection,defense,box15,ridge,TOV_p100,4
feature_selection,defense,box15_plus_creation_passing,ridge,AST_p100,4
feature_selection,defense,box15_plus_creation_passing,ridge,BLK_p100,4
feature_selection,defense,box15_plus_creation_passing,ridge,DREB_p100,4
feature_selection,defense,box15_plus_creation_passing,ridge,FG2A_p100,4
feature_selection,defense,box15_plus_creation_passing,ridge,FG2M_p100,4
feature_selection,defense,box15_plus_creation_passing,ridge,FG3A_p100,4
feature_selection,defense,box15_plus_creation_passing,ridge,FG3M_p100,4
feature_selection,defense,box15_plus_creation_passing,ridge,FTA_p100,4
feature_selection,defense,box15_plus_creation_passing,ridge,FTM_p100,4
feature_selection,defense,box15_plus_creation_passing,ridge,OREB_p100,4
feature_selection,defense,box15_plus_creation_passing,ridge,PFD_p100,4
feature_selection,defense,box15_plus_creation_passing,ridge,PF_p100,4
feature_selection,defense,box15_plus_creation_passing,ridge,PTS_p100,4
feature_selection,defense,box15_plus_creation_passing,ridge,STL_p100,4
feature_selection,defense,box15_plus_creation_passing,ridge,TOV_p100,4
feature_selection,defense,box15_plus_creation_passing,ridge,avg_dribbles_per_touch,4
feature_selection,defense,box15_plus_creation_passing,ridge,drive_assists_p100,4
feature_selection,defense,box15_plus_creation_passing,ridge,drive_assists_per_drive,4
feature_selection,defense,box15_plus_creation_passing,ridge,drive_fta_p100,4
feature_selection,defense,box15_plus_creation_passing,ridge,drive_fta_per_drive,4
feature_selection,defense,box15_plus_creation_passing,ridge,drive_points_p100,4
feature_selection,defense,box15_plus_creation_passing,ridge,drive_points_per_drive,4
feature_selection,defense,box15_plus_creation_passing,ridge,drives_p100,4
feature_selection,defense,box15_plus_creation_passing,ridge,elbow_points_per_touch,4
feature_selection,defense,box15_plus_creation_passing,ridge,elbow_touches_p100,4
feature_selection,defense,box15_plus_creation_passing,ridge,front_court_touches_p100,4
feature_selection,defense,box15_plus_creation_passing,ridge,matchup_assists_suppressed_vs_scorer_p100_eb,3
feature_selection,defense,box15_plus_creation_passing,ridge,paint_points_per_touch,4
feature_selection,defense,box15_plus_creation_passing,ridge,paint_touches_p100,4
feature_selection,defense,box15_plus_creation_passing,ridge,passes_made_p100,1
feature_selection,defense,box15_plus_creation_passing,ridge,passes_per_touch,4
feature_selection,defense,box15_plus_creation_passing,ridge,passes_received_p100,4
feature_selection,defense,box15_plus_creation_passing,ridge,post_points_per_touch,4
feature_selection,defense,box15_plus_creation_passing,ridge,post_touches_p100,4
feature_selection,defense,box15_plus_creation_passing,ridge,potential_assists_p100,4
feature_selection,defense,box15_plus_creation_passing,ridge,potential_assists_per_touch,4
feature_selection,defense,box15_plus_creation_passing,ridge,secondary_assists_p100,4
feature_selection,defense,box15_plus_creation_passing,ridge,touches_p100,3
feature_selection,defense,box15_plus_disruption,ridge,AST_p100,4
feature_selection,defense,box15_plus_disruption,ridge,BLK_p100,4
feature_selection,defense,box15_plus_disruption,ridge,DREB_p100,4
feature_selection,defense,box15_plus_disruption,ridge,FG2A_p100,4
feature_selection,defense,box15_plus_disruption,ridge,FG2M_p100,4
feature_selection,defense,box15_plus_disruption,ridge,FG3A_p100,4
feature_selection,defense,box15_plus_disruption,ridge,FG3M_p100,4
feature_selection,defense,box15_plus_disruption,ridge,FTA_p100,4
feature_selection,defense,box15_plus_disruption,ridge,FTM_p100,4
feature_selection,defense,box15_plus_disruption,ridge,OREB_p100,4
feature_selection,defense,box15_plus_disruption,ridge,PFD_p100,4
feature_selection,defense,box15_plus_disruption,ridge,PF_p100,4
feature_selection,defense,box15_plus_disruption,ridge,PTS_p100,4
feature_selection,defense,box15_plus_disruption,ridge,STL_p100,4
feature_selection,defense,box15_plus_disruption,ridge,TOV_p100,4
feature_selection,defense,box15_plus_disruption,ridge,charges_drawn_p100,3
feature_selection,defense,box15_plus_disruption,ridge,def_loose_balls_recovered_p100,3
feature_selection,defense,box15_plus_disruption,ridge,matchup_blocks_p100,3
feature_selection,defense,box15_plus_disruption,ridge,recovered_blocks_p100,4
feature_selection,defense,box15_plus_fouls_free_throws,ridge,AST_p100,4
feature_selection,defense,box15_plus_fouls_free_throws,ridge,BLK_p100,4
feature_selection,defense,box15_plus_fouls_free_throws,ridge,DREB_p100,4
feature_selection,defense,box15_plus_fouls_free_throws,ridge,FG2A_p100,4
feature_selection,defense,box15_plus_fouls_free_throws,ridge,FG2M_p100,4
feature_selection,defense,box15_plus_fouls_free_throws,ridge,FG3A_p100,4
feature_selection,defense,box15_plus_fouls_free_throws,ridge,FG3M_p100,4
feature_selection,defense,box15_plus_fouls_free_throws,ridge,FTA_p100,4
feature_selection,defense,box15_plus_fouls_free_throws,ridge,FTM_p100,4
feature_selection,defense,box15_plus_fouls_free_throws,ridge,OREB_p100,4
feature_selection,defense,box15_plus_fouls_free_throws,ridge,PFD_p100,4
feature_selection,defense,box15_plus_fouls_free_throws,ridge,PF_p100,4
feature_selection,defense,box15_plus_fouls_free_throws,ridge,PTS_p100,4
feature_selection,defense,box15_plus_fouls_free_throws,ridge,STL_p100,4
feature_selection,defense,box15_plus_fouls_free_throws,ridge,TOV_p100,4
feature_selection,defense,box15_plus_fouls_free_throws,ridge,foul_adjusted_activity_residual,3
feature_selection,defense,box15_plus_general_box_or_rate,ridge,AST_p100,4
feature_selection,defense,box15_plus_general_box_or_rate,ridge,BLK_p100,4
feature_selection,defense,box15_plus_general_box_or_rate,ridge,DREB_p100,4
feature_selection,defense,box15_plus_general_box_or_rate,ridge,FG2A_p100,4
feature_selection,defense,box15_plus_general_box_or_rate,ridge,FG2M_p100,4
feature_selection,defense,box15_plus_general_box_or_rate,ridge,FG3A_p100,4
feature_selection,defense,box15_plus_general_box_or_rate,ridge,FG3M_p100,4
feature_selection,defense,box15_plus_general_box_or_rate,ridge,FTA_p100,4
feature_selection,defense,box15_plus_general_box_or_rate,ridge,FTM_p100,4
feature_selection,defense,box15_plus_general_box_or_rate,ridge,OREB_p100,4
feature_selection,defense,box15_plus_general_box_or_rate,ridge,PFD_p100,4
feature_selection,defense,box15_plus_general_box_or_rate,ridge,PF_p100,4
feature_selection,defense,box15_plus_general_box_or_rate,ridge,PTS_p100,4
feature_selection,defense,box15_plus_general_box_or_rate,ridge,STL_p100,4
feature_selection,defense,box15_plus_general_box_or_rate,ridge,TOV_p100,4
feature_selection,defense,box15_plus_general_box_or_rate,ridge,contested_2pt_p100,3
feature_selection,defense,box15_plus_general_box_or_rate,ridge,ft_pct,4
feature_selection,defense,box15_plus_general_box_or_rate,ridge,time_of_possession_p100,4
feature_selection,defense,box15_plus_general_box_or_rate,ridge,usage_events_p100,4
feature_selection,defense,box15_plus_matchup_shot_defense,ridge,AST_p100,4
feature_selection,defense,box15_plus_matchup_shot_defense,ridge,BLK_p100,4
feature_selection,defense,box15_plus_matchup_shot_defense,ridge,DREB_p100,4
feature_selection,defense,box15_plus_matchup_shot_defense,ridge,FG2A_p100,4
feature_selection,defense,box15_plus_matchup_shot_defense,ridge,FG2M_p100,4
feature_selection,defense,box15_plus_matchup_shot_defense,ridge,FG3A_p100,4
feature_selection,defense,box15_plus_matchup_shot_defense,ridge,FG3M_p100,4
feature_selection,defense,box15_plus_matchup_shot_defense,ridge,FTA_p100,4
feature_selection,defense,box15_plus_matchup_shot_defense,ridge,FTM_p100,4
feature_selection,defense,box15_plus_matchup_shot_defense,ridge,OREB_p100,4
feature_selection,defense,box15_plus_matchup_shot_defense,ridge,PFD_p100,4
feature_selection,defense,box15_plus_matchup_shot_defense,ridge,PF_p100,4
feature_selection,defense,box15_plus_matchup_shot_defense,ridge,PTS_p100,4
feature_selection,defense,box15_plus_matchup_shot_defense,ridge,STL_p100,4
feature_selection,defense,box15_plus_matchup_shot_defense,ridge,TOV_p100,4
feature_selection,defense,box15_plus_matchup_shot_defense,ridge,dfg_attempts_p100,4
feature_selection,defense,box15_plus_matchup_shot_defense,ridge,dfg_diff_pct_eb,4
feature_selection,defense,box15_plus_matchup_shot_defense,ridge,matchup_fga_suppressed_vs_scorer_p100_eb,3
feature_selection,defense,box15_plus_matchup_shot_defense,ridge,matchup_opponent_adjusted_points_saved_p100_eb,3
feature_selection,defense,box15_plus_rebounding,ridge,AST_p100,4
feature_selection,defense,box15_plus_rebounding,ridge,BLK_p100,4
feature_selection,defense,box15_plus_rebounding,ridge,DREB_p100,4
feature_selection,defense,box15_plus_rebounding,ridge,FG2A_p100,4
feature_selection,defense,box15_plus_rebounding,ridge,FG2M_p100,4
feature_selection,defense,box15_plus_rebounding,ridge,FG3A_p100,4
feature_selection,defense,box15_plus_rebounding,ridge,FG3M_p100,4
feature_selection,defense,box15_plus_rebounding,ridge,FTA_p100,4
feature_selection,defense,box15_plus_rebounding,ridge,FTM_p100,4
feature_selection,defense,box15_plus_rebounding,ridge,OREB_p100,4
feature_selection,defense,box15_plus_rebounding,ridge,PFD_p100,4
feature_selection,defense,box15_plus_rebounding,ridge,PF_p100,4
feature_selection,defense,box15_plus_rebounding,ridge,PTS_p100,4
feature_selection,defense,box15_plus_rebounding,ridge,STL_p100,4
feature_selection,defense,box15_plus_rebounding,ridge,TOV_p100,4
feature_selection,defense,box15_plus_rebounding,ridge,dreb_chances_p100,4
feature_selection,defense,box15_plus_rebounding,ridge,dreb_contests_p100,4
feature_selection,defense,box15_plus_rebounding,ridge,dreb_conversion_above_expected_eb,4
feature_selection,defense,box15_plus_rebounding,ridge,rebound_chances_p100,4
feature_selection,defense,box15_plus_rebounding,ridge,rebound_contests_p100,4
feature_selection,defense,box15_plus_rim_interior,ridge,AST_p100,4
feature_selection,defense,box15_plus_rim_interior,ridge,BLK_p100,4
feature_selection,defense,box15_plus_rim_interior,ridge,DREB_p100,4
feature_selection,defense,box15_plus_rim_interior,ridge,FG2A_p100,4
feature_selection,defense,box15_plus_rim_interior,ridge,FG2M_p100,4
feature_selection,defense,box15_plus_rim_interior,ridge,FG3A_p100,4
feature_selection,defense,box15_plus_rim_interior,ridge,FG3M_p100,4
feature_selection,defense,box15_plus_rim_interior,ridge,FTA_p100,4
feature_selection,defense,box15_plus_rim_interior,ridge,FTM_p100,4
feature_selection,defense,box15_plus_rim_interior,ridge,OREB_p100,4
feature_selection,defense,box15_plus_rim_interior,ridge,PFD_p100,4
feature_selection,defense,box15_plus_rim_interior,ridge,PF_p100,4
feature_selection,defense,box15_plus_rim_interior,ridge,PTS_p100,4
feature_selection,defense,box15_plus_rim_interior,ridge,STL_p100,4
feature_selection,defense,box15_plus_rim_interior,ridge,TOV_p100,4
feature_selection,defense,box15_plus_rim_interior,ridge,rim_dfga_p100,4
feature_selection,defense,box15_plus_rim_interior,ridge,rim_diff_pct_eb,4
feature_selection,defense,box15_plus_rim_interior,ridge,rim_protection_workload_value,4
feature_selection,defense,box15_plus_shooting,ridge,AST_p100,4
feature_selection,defense,box15_plus_shooting,ridge,BLK_p100,4
feature_selection,defense,box15_plus_shooting,ridge,DREB_p100,4
feature_selection,defense,box15_plus_shooting,ridge,FG2A_p100,4
feature_selection,defense,box15_plus_shooting,ridge,FG2M_p100,4
feature_selection,defense,box15_plus_shooting,ridge,FG3A_p100,4
feature_selection,defense,box15_plus_shooting,ridge,FG3M_p100,4
feature_selection,defense,box15_plus_shooting,ridge,FTA_p100,4
feature_selection,defense,box15_plus_shooting,ridge,FTM_p100,4
feature_selection,defense,box15_plus_shooting,ridge,OREB_p100,4
feature_selection,defense,box15_plus_shooting,ridge,PFD_p100,4
feature_selection,defense,box15_plus_shooting,ridge,PF_p100,4
feature_selection,defense,box15_plus_shooting,ridge,PTS_p100,4
feature_selection,defense,box15_plus_shooting,ridge,STL_p100,4
feature_selection,defense,box15_plus_shooting,ridge,TOV_p100,4
feature_selection,defense,box15_plus_shooting,ridge,fg2_pct,4
feature_selection,defense,box15_plus_shooting,ridge,matchup_shooting_fouls_prevented_vs_scorer_p100_eb,3
feature_selection,defense,box15_plus_shooting,ridge,matchup_shotmaking_points_saved_vs_scorer_p100_eb,3
feature_selection,defense,box15_plus_shooting,ridge,true_shooting_pct,4
feature_selection,defense,box15_plus_shooting,ridge,workload_adjusted_shot_suppression_residual,3
feature_selection,defense,box15_plus_three_spacing,ridge,AST_p100,4
feature_selection,defense,box15_plus_three_spacing,ridge,BLK_p100,4
feature_selection,defense,box15_plus_three_spacing,ridge,DREB_p100,4
feature_selection,defense,box15_plus_three_spacing,ridge,FG2A_p100,4
feature_selection,defense,box15_plus_three_spacing,ridge,FG2M_p100,4
feature_selection,defense,box15_plus_three_spacing,ridge,FG3A_p100,4
feature_selection,defense,box15_plus_three_spacing,ridge,FG3M_p100,4
feature_selection,defense,box15_plus_three_spacing,ridge,FTA_p100,4
feature_selection,defense,box15_plus_three_spacing,ridge,FTM_p100,4
feature_selection,defense,box15_plus_three_spacing,ridge,OREB_p100,4
feature_selection,defense,box15_plus_three_spacing,ridge,PFD_p100,4
feature_selection,defense,box15_plus_three_spacing,ridge,PF_p100,4
feature_selection,defense,box15_plus_three_spacing,ridge,PTS_p100,4
feature_selection,defense,box15_plus_three_spacing,ridge,STL_p100,4
feature_selection,defense,box15_plus_three_spacing,ridge,TOV_p100,4
feature_selection,defense,box15_plus_three_spacing,ridge,fg3_pct,4
feature_selection,defense,box15_plus_three_spacing,ridge,matchup_three_pa_suppressed_vs_scorer_p100_eb,3
feature_selection,defense,box15_plus_turnovers,ridge,AST_p100,4
feature_selection,defense,box15_plus_turnovers,ridge,BLK_p100,4
feature_selection,defense,box15_plus_turnovers,ridge,DREB_p100,4
feature_selection,defense,box15_plus_turnovers,ridge,FG2A_p100,4
feature_selection,defense,box15_plus_turnovers,ridge,FG2M_p100,4
feature_selection,defense,box15_plus_turnovers,ridge,FG3A_p100,4
feature_selection,defense,box15_plus_turnovers,ridge,FG3M_p100,4
feature_selection,defense,box15_plus_turnovers,ridge,FTA_p100,4
feature_selection,defense,box15_plus_turnovers,ridge,FTM_p100,4
feature_selection,defense,box15_plus_turnovers,ridge,OREB_p100,4
feature_selection,defense,box15_plus_turnovers,ridge,PFD_p100,4
feature_selection,defense,box15_plus_turnovers,ridge,PF_p100,4
feature_selection,defense,box15_plus_turnovers,ridge,PTS_p100,4
feature_selection,defense,box15_plus_turnovers,ridge,STL_p100,4
feature_selection,defense,box15_plus_turnovers,ridge,TOV_p100,4
feature_selection,defense,box15_plus_turnovers,ridge,matchup_turnovers_forced_vs_scorer_p100_eb,3
feature_selection,offense,audited_all,elastic_net,AST_p100,4
feature_selection,offense,audited_all,elastic_net,BLK_p100,4
feature_selection,offense,audited_all,elastic_net,DREB_p100,4
feature_selection,offense,audited_all,elastic_net,FG2A_p100,4
feature_selection,offense,audited_all,elastic_net,FG2M_p100,4
feature_selection,offense,audited_all,elastic_net,FG3A_p100,4
feature_selection,offense,audited_all,elastic_net,FG3M_p100,4
feature_selection,offense,audited_all,elastic_net,FTA_p100,4
feature_selection,offense,audited_all,elastic_net,FTM_p100,4
feature_selection,offense,audited_all,elastic_net,OREB_p100,4
feature_selection,offense,audited_all,elastic_net,PFD_p100,4
feature_selection,offense,audited_all,elastic_net,PF_p100,4
feature_selection,offense,audited_all,elastic_net,PTS_p100,4
feature_selection,offense,audited_all,elastic_net,STL_p100,4
feature_selection,offense,audited_all,elastic_net,TOV_p100,4
feature_selection,offense,audited_all,elastic_net,arc3_accuracy,4
feature_selection,offense,audited_all,elastic_net,arc3_accuracy_eb,4
feature_selection,offense,audited_all,elastic_net,arc3_fga_p100,3
feature_selection,offense,audited_all,elastic_net,arc3_frequency,4
feature_selection,offense,audited_all,elastic_net,arc3_frequency_eb,4
feature_selection,offense,audited_all,elastic_net,arc3_frequency_relative,3
feature_selection,offense,audited_all,elastic_net,assist_to_load_2017_eb,4
feature_selection,offense,audited_all,elastic_net,at_rim_accuracy,4
feature_selection,offense,audited_all,elastic_net,at_rim_fga_p100,4
feature_selection,offense,audited_all,elastic_net,at_rim_frequency,4
feature_selection,offense,audited_all,elastic_net,at_rim_frequency_eb,4
feature_selection,offense,audited_all,elastic_net,bad_pass_turnover_share,4
feature_selection,offense,audited_all,elastic_net,bad_pass_turnover_share_eb,4
feature_selection,offense,audited_all,elastic_net,bad_pass_turnovers_p100,4
feature_selection,offense,audited_all,elastic_net,behavioral_passer_score_v1,4
feature_selection,offense,audited_all,elastic_net,box_creation_2017_eb_p100,4
feature_selection,offense,audited_all,elastic_net,catch_shoot_3_accuracy,4
feature_selection,offense,audited_all,elastic_net,catch_shoot_3_accuracy_eb,4
feature_selection,offense,audited_all,elastic_net,catch_shoot_accuracy,4
feature_selection,offense,audited_all,elastic_net,catch_shoot_accuracy_eb,4
feature_selection,offense,audited_all,elastic_net,catch_shoot_fga_p100,4
feature_selection,offense,audited_all,elastic_net,corner3_accuracy,4
feature_selection,offense,audited_all,elastic_net,corner3_accuracy_eb,4
feature_selection,offense,audited_all,elastic_net,corner3_fga_p100,4
feature_selection,offense,audited_all,elastic_net,corner3_frequency,4
feature_selection,offense,audited_all,elastic_net,corner3_frequency_eb,4
feature_selection,offense,audited_all,elastic_net,crafted_spacing_stable_v1,4
feature_selection,offense,audited_all,elastic_net,creation_to_load_2017_eb,4
feature_selection,offense,audited_all,elastic_net,dreb_chances_p100,4
feature_selection,offense,audited_all,elastic_net,dreb_contests_p100,4
feature_selection,offense,audited_all,elastic_net,drive_assists_per_drive_eb,4
feature_selection,offense,audited_all,elastic_net,drive_fta_per_drive_eb,4
feature_selection,offense,audited_all,elastic_net,drive_turnovers_p100,4
feature_selection,offense,audited_all,elastic_net,drive_turnovers_per_drive,4
feature_selection,offense,audited_all,elastic_net,drive_turnovers_per_drive_eb,4
feature_selection,offense,audited_all,elastic_net,drives_p100_relative,4
feature_selection,offense,audited_all,elastic_net,fg2_pct,4
feature_selection,offense,audited_all,elastic_net,fg3_pct,4
feature_selection,offense,audited_all,elastic_net,fg3_pct_eb,4
feature_selection,offense,audited_all,elastic_net,ft_pct,4
feature_selection,offense,audited_all,elastic_net,ft_pct_eb,4
feature_selection,offense,audited_all,elastic_net,live_ball_turnover_share,4
feature_selection,offense,audited_all,elastic_net,live_ball_turnover_share_eb,4
feature_selection,offense,audited_all,elastic_net,live_ball_turnovers_p100,4
feature_selection,offense,audited_all,elastic_net,load_adjusted_creation_residual,4
feature_selection,offense,audited_all,elastic_net,load_adjusted_shot_quality_residual,4
feature_selection,offense,audited_all,elastic_net,long_mid_accuracy,4
feature_selection,offense,audited_all,elastic_net,long_mid_accuracy_eb,4
feature_selection,offense,audited_all,elastic_net,long_mid_fga_p100,4
feature_selection,offense,audited_all,elastic_net,lost_ball_turnover_share,4
feature_selection,offense,audited_all,elastic_net,lost_ball_turnover_share_eb,4
feature_selection,offense,audited_all,elastic_net,lost_ball_turnovers_p100,4
feature_selection,offense,audited_all,elastic_net,offensive_fouls_p100,4
feature_selection,offense,audited_all,elastic_net,offensive_load_2017_eb_p100,4
feature_selection,offense,audited_all,elastic_net,open_3_accuracy,4
feature_selection,offense,audited_all,elastic_net,open_3_accuracy_eb,4
feature_selection,offense,audited_all,elastic_net,open_accuracy,4
feature_selection,offense,audited_all,elastic_net,open_accuracy_eb,4
feature_selection,offense,audited_all,elastic_net,open_fga_p100,4
feature_selection,offense,audited_all,elastic_net,passes_per_touch_eb,4
feature_selection,offense,audited_all,elastic_net,potential_assists_p100_relative,4
feature_selection,offense,audited_all,elastic_net,potential_assists_per_touch_eb,4
feature_selection,offense,audited_all,elastic_net,pull_up_3_accuracy,4
feature_selection,offense,audited_all,elastic_net,pull_up_3_accuracy_eb,4
feature_selection,offense,audited_all,elastic_net,pull_up_accuracy,4
feature_selection,offense,audited_all,elastic_net,pull_up_accuracy_eb,4
feature_selection,offense,audited_all,elastic_net,pull_up_fga_p100,4
feature_selection,offense,audited_all,elastic_net,rebound_chances_p100,4
feature_selection,offense,audited_all,elastic_net,rebound_contests_p100,4
feature_selection,offense,audited_all,elastic_net,recovered_blocks_p100,4
feature_selection,offense,audited_all,elastic_net,shooting_fouls_drawn_p100,4
feature_selection,offense,audited_all,elastic_net,shooting_proficiency_2017_eb,4
feature_selection,offense,audited_all,elastic_net,short_mid_accuracy,4
feature_selection,offense,audited_all,elastic_net,short_mid_fga_p100,4
feature_selection,offense,audited_all,elastic_net,short_mid_frequency,4
feature_selection,offense,audited_all,elastic_net,short_mid_frequency_eb,4
feature_selection,offense,audited_all,elastic_net,shot_quality_average_relative,4
feature_selection,offense,audited_all,elastic_net,spacing_creation_interaction,4
feature_selection,offense,audited_all,elastic_net,tight_3_accuracy,4
feature_selection,offense,audited_all,elastic_net,tight_3_accuracy_eb,4
feature_selection,offense,audited_all,elastic_net,tight_accuracy,4
feature_selection,offense,audited_all,elastic_net,tight_accuracy_eb,4
feature_selection,offense,audited_all,elastic_net,tight_fga_p100,4
feature_selection,offense,audited_all,elastic_net,travels_p100,4
feature_selection,offense,audited_all,elastic_net,true_shooting_pct,4
feature_selection,offense,audited_all,elastic_net,turnover_to_load_2017_eb,4
feature_selection,offense,audited_all,elastic_net,usage_events_p100,4
feature_selection,offense,audited_all,elastic_net,very_tight_3_accuracy,4
feature_selection,offense,audited_all,elastic_net,very_tight_accuracy,4
feature_selection,offense,audited_all,elastic_net,very_tight_fga_p100,4
feature_selection,offense,audited_all,elastic_net,wide_open_3_accuracy,4
feature_selection,offense,audited_all,elastic_net,wide_open_3_accuracy_eb,4
feature_selection,offense,audited_all,elastic_net,wide_open_accuracy,4
feature_selection,offense,audited_all,elastic_net,wide_open_accuracy_eb,4
feature_selection,offense,audited_all,elastic_net,wide_open_fga_p100,4
feature_selection,offense,audited_all,elastic_net,zts_pct_points,4
feature_selection,offense,box15,elastic_net,AST_p100,4
feature_selection,offense,box15,elastic_net,BLK_p100,4
feature_selection,offense,box15,elastic_net,DREB_p100,4
feature_selection,offense,box15,elastic_net,FG2A_p100,4
feature_selection,offense,box15,elastic_net,FG2M_p100,4
feature_selection,offense,box15,elastic_net,FG3A_p100,4
feature_selection,offense,box15,elastic_net,FG3M_p100,4
feature_selection,offense,box15,elastic_net,FTA_p100,4
feature_selection,offense,box15,elastic_net,FTM_p100,4
feature_selection,offense,box15,elastic_net,OREB_p100,4
feature_selection,offense,box15,elastic_net,PFD_p100,4
feature_selection,offense,box15,elastic_net,PF_p100,4
feature_selection,offense,box15,elastic_net,PTS_p100,4
feature_selection,offense,box15,elastic_net,STL_p100,4
feature_selection,offense,box15,elastic_net,TOV_p100,4
feature_selection,offense,box15_plus_creation_passing,elastic_net,AST_p100,4
feature_selection,offense,box15_plus_creation_passing,elastic_net,BLK_p100,4
feature_selection,offense,box15_plus_creation_passing,elastic_net,DREB_p100,4
feature_selection,offense,box15_plus_creation_passing,elastic_net,FG2A_p100,4
feature_selection,offense,box15_plus_creation_passing,elastic_net,FG2M_p100,4
feature_selection,offense,box15_plus_creation_passing,elastic_net,FG3A_p100,4
feature_selection,offense,box15_plus_creation_passing,elastic_net,FG3M_p100,4
feature_selection,offense,box15_plus_creation_passing,elastic_net,FTA_p100,4
feature_selection,offense,box15_plus_creation_passing,elastic_net,FTM_p100,4
feature_selection,offense,box15_plus_creation_passing,elastic_net,OREB_p100,4
feature_selection,offense,box15_plus_creation_passing,elastic_net,PFD_p100,4
feature_selection,offense,box15_plus_creation_passing,elastic_net,PF_p100,4
feature_selection,offense,box15_plus_creation_passing,elastic_net,PTS_p100,4
feature_selection,offense,box15_plus_creation_passing,elastic_net,STL_p100,4
feature_selection,offense,box15_plus_creation_passing,elastic_net,TOV_p100,4
feature_selection,offense,box15_plus_creation_passing,elastic_net,assist_to_load_2017_eb,4
feature_selection,offense,box15_plus_creation_passing,elastic_net,bad_pass_turnover_share,4
feature_selection,offense,box15_plus_creation_passing,elastic_net,bad_pass_turnover_share_eb,4
feature_selection,offense,box15_plus_creation_passing,elastic_net,bad_pass_turnovers_p100,4
feature_selection,offense,box15_plus_creation_passing,elastic_net,behavioral_passer_score_v1,4
feature_selection,offense,box15_plus_creation_passing,elastic_net,box_creation_2017_eb_p100,4
feature_selection,offense,box15_plus_creation_passing,elastic_net,creation_to_load_2017_eb,4
feature_selection,offense,box15_plus_creation_passing,elastic_net,drive_assists_per_drive_eb,4
feature_selection,offense,box15_plus_creation_passing,elastic_net,drive_fta_per_drive_eb,4
feature_selection,offense,box15_plus_creation_passing,elastic_net,drive_turnovers_p100,4
feature_selection,offense,box15_plus_creation_passing,elastic_net,drive_turnovers_per_drive,4
feature_selection,offense,box15_plus_creation_passing,elastic_net,drive_turnovers_per_drive_eb,4
feature_selection,offense,box15_plus_creation_passing,elastic_net,drives_p100_relative,4
feature_selection,offense,box15_plus_creation_passing,elastic_net,load_adjusted_creation_residual,4
feature_selection,offense,box15_plus_creation_passing,elastic_net,passes_per_touch_eb,4
feature_selection,offense,box15_plus_creation_passing,elastic_net,potential_assists_p100_relative,4
feature_selection,offense,box15_plus_creation_passing,elastic_net,potential_assists_per_touch_eb,4
feature_selection,offense,box15_plus_creation_passing,elastic_net,spacing_creation_interaction,4
feature_selection,offense,box15_plus_disruption,elastic_net,AST_p100,4
feature_selection,offense,box15_plus_disruption,elastic_net,BLK_p100,4
feature_selection,offense,box15_plus_disruption,elastic_net,DREB_p100,4
feature_selection,offense,box15_plus_disruption,elastic_net,FG2A_p100,4
feature_selection,offense,box15_plus_disruption,elastic_net,FG2M_p100,4
feature_selection,offense,box15_plus_disruption,elastic_net,FG3A_p100,4
feature_selection,offense,box15_plus_disruption,elastic_net,FG3M_p100,4
feature_selection,offense,box15_plus_disruption,elastic_net,FTA_p100,4
feature_selection,offense,box15_plus_disruption,elastic_net,FTM_p100,4
feature_selection,offense,box15_plus_disruption,elastic_net,OREB_p100,4
feature_selection,offense,box15_plus_disruption,elastic_net,PFD_p100,4
feature_selection,offense,box15_plus_disruption,elastic_net,PF_p100,4
feature_selection,offense,box15_plus_disruption,elastic_net,PTS_p100,4
feature_selection,offense,box15_plus_disruption,elastic_net,STL_p100,4
feature_selection,offense,box15_plus_disruption,elastic_net,TOV_p100,4
feature_selection,offense,box15_plus_disruption,elastic_net,recovered_blocks_p100,4
feature_selection,offense,box15_plus_fouls_free_throws,elastic_net,AST_p100,4
feature_selection,offense,box15_plus_fouls_free_throws,elastic_net,BLK_p100,4
feature_selection,offense,box15_plus_fouls_free_throws,elastic_net,DREB_p100,4
feature_selection,offense,box15_plus_fouls_free_throws,elastic_net,FG2A_p100,4
feature_selection,offense,box15_plus_fouls_free_throws,elastic_net,FG2M_p100,4
feature_selection,offense,box15_plus_fouls_free_throws,elastic_net,FG3A_p100,4
feature_selection,offense,box15_plus_fouls_free_throws,elastic_net,FG3M_p100,4
feature_selection,offense,box15_plus_fouls_free_throws,elastic_net,FTA_p100,4
feature_selection,offense,box15_plus_fouls_free_throws,elastic_net,FTM_p100,4
feature_selection,offense,box15_plus_fouls_free_throws,elastic_net,OREB_p100,4
feature_selection,offense,box15_plus_fouls_free_throws,elastic_net,PFD_p100,4
feature_selection,offense,box15_plus_fouls_free_throws,elastic_net,PF_p100,4
feature_selection,offense,box15_plus_fouls_free_throws,elastic_net,PTS_p100,4
feature_selection,offense,box15_plus_fouls_free_throws,elastic_net,STL_p100,4
feature_selection,offense,box15_plus_fouls_free_throws,elastic_net,TOV_p100,4
feature_selection,offense,box15_plus_fouls_free_throws,elastic_net,offensive_fouls_p100,4
feature_selection,offense,box15_plus_general_box_or_rate,elastic_net,AST_p100,4
feature_selection,offense,box15_plus_general_box_or_rate,elastic_net,BLK_p100,4
feature_selection,offense,box15_plus_general_box_or_rate,elastic_net,DREB_p100,4
feature_selection,offense,box15_plus_general_box_or_rate,elastic_net,FG2A_p100,4
feature_selection,offense,box15_plus_general_box_or_rate,elastic_net,FG2M_p100,4
feature_selection,offense,box15_plus_general_box_or_rate,elastic_net,FG3A_p100,4
feature_selection,offense,box15_plus_general_box_or_rate,elastic_net,FG3M_p100,4
feature_selection,offense,box15_plus_general_box_or_rate,elastic_net,FTA_p100,4
feature_selection,offense,box15_plus_general_box_or_rate,elastic_net,FTM_p100,4
feature_selection,offense,box15_plus_general_box_or_rate,elastic_net,OREB_p100,4
feature_selection,offense,box15_plus_general_box_or_rate,elastic_net,PFD_p100,4
feature_selection,offense,box15_plus_general_box_or_rate,elastic_net,PF_p100,4
feature_selection,offense,box15_plus_general_box_or_rate,elastic_net,PTS_p100,4
feature_selection,offense,box15_plus_general_box_or_rate,elastic_net,STL_p100,4
feature_selection,offense,box15_plus_general_box_or_rate,elastic_net,TOV_p100,4
feature_selection,offense,box15_plus_general_box_or_rate,elastic_net,ft_pct,4
feature_selection,offense,box15_plus_general_box_or_rate,elastic_net,ft_pct_eb,4
feature_selection,offense,box15_plus_general_box_or_rate,elastic_net,long_mid_fga_p100,4
feature_selection,offense,box15_plus_general_box_or_rate,elastic_net,offensive_load_2017_eb_p100,4
feature_selection,offense,box15_plus_general_box_or_rate,elastic_net,open_fga_p100,4
feature_selection,offense,box15_plus_general_box_or_rate,elastic_net,pull_up_fga_p100,4
feature_selection,offense,box15_plus_general_box_or_rate,elastic_net,short_mid_fga_p100,4
feature_selection,offense,box15_plus_general_box_or_rate,elastic_net,short_mid_frequency,4
feature_selection,offense,box15_plus_general_box_or_rate,elastic_net,short_mid_frequency_eb,4
feature_selection,offense,box15_plus_general_box_or_rate,elastic_net,tight_fga_p100,4
feature_selection,offense,box15_plus_general_box_or_rate,elastic_net,usage_events_p100,4
feature_selection,offense,box15_plus_general_box_or_rate,elastic_net,very_tight_fga_p100,4
feature_selection,offense,box15_plus_general_box_or_rate,elastic_net,wide_open_fga_p100,4
feature_selection,offense,box15_plus_rebounding,elastic_net,AST_p100,4
feature_selection,offense,box15_plus_rebounding,elastic_net,BLK_p100,4
feature_selection,offense,box15_plus_rebounding,elastic_net,DREB_p100,4
feature_selection,offense,box15_plus_rebounding,elastic_net,FG2A_p100,4
feature_selection,offense,box15_plus_rebounding,elastic_net,FG2M_p100,4
feature_selection,offense,box15_plus_rebounding,elastic_net,FG3A_p100,4
feature_selection,offense,box15_plus_rebounding,elastic_net,FG3M_p100,4
feature_selection,offense,box15_plus_rebounding,elastic_net,FTA_p100,4
feature_selection,offense,box15_plus_rebounding,elastic_net,FTM_p100,4
feature_selection,offense,box15_plus_rebounding,elastic_net,OREB_p100,4
feature_selection,offense,box15_plus_rebounding,elastic_net,PFD_p100,4
feature_selection,offense,box15_plus_rebounding,elastic_net,PF_p100,4
feature_selection,offense,box15_plus_rebounding,elastic_net,PTS_p100,4
feature_selection,offense,box15_plus_rebounding,elastic_net,STL_p100,4
feature_selection,offense,box15_plus_rebounding,elastic_net,TOV_p100,4
feature_selection,offense,box15_plus_rebounding,elastic_net,dreb_chances_p100,4
feature_selection,offense,box15_plus_rebounding,elastic_net,dreb_contests_p100,4
feature_selection,offense,box15_plus_rebounding,elastic_net,rebound_chances_p100,4
feature_selection,offense,box15_plus_rebounding,elastic_net,rebound_contests_p100,4
feature_selection,offense,box15_plus_rim_interior,elastic_net,AST_p100,4
feature_selection,offense,box15_plus_rim_interior,elastic_net,BLK_p100,4
feature_selection,offense,box15_plus_rim_interior,elastic_net,DREB_p100,4
feature_selection,offense,box15_plus_rim_interior,elastic_net,FG2A_p100,4
feature_selection,offense,box15_plus_rim_interior,elastic_net,FG2M_p100,4
feature_selection,offense,box15_plus_rim_interior,elastic_net,FG3A_p100,4
feature_selection,offense,box15_plus_rim_interior,elastic_net,FG3M_p100,4
feature_selection,offense,box15_plus_rim_interior,elastic_net,FTA_p100,4
feature_selection,offense,box15_plus_rim_interior,elastic_net,FTM_p100,4
feature_selection,offense,box15_plus_rim_interior,elastic_net,OREB_p100,4
feature_selection,offense,box15_plus_rim_interior,elastic_net,PFD_p100,4
feature_selection,offense,box15_plus_rim_interior,elastic_net,PF_p100,4
feature_selection,offense,box15_plus_rim_interior,elastic_net,PTS_p100,4
feature_selection,offense,box15_plus_rim_interior,elastic_net,STL_p100,4
feature_selection,offense,box15_plus_rim_interior,elastic_net,TOV_p100,4
feature_selection,offense,box15_plus_rim_interior,elastic_net,at_rim_accuracy,4
feature_selection,offense,box15_plus_rim_interior,elastic_net,at_rim_fga_p100,4
feature_selection,offense,box15_plus_rim_interior,elastic_net,at_rim_frequency,4
feature_selection,offense,box15_plus_rim_interior,elastic_net,at_rim_frequency_eb,4
feature_selection,offense,box15_plus_shooting,elastic_net,AST_p100,4
feature_selection,offense,box15_plus_shooting,elastic_net,BLK_p100,4
feature_selection,offense,box15_plus_shooting,elastic_net,DREB_p100,4
feature_selection,offense,box15_plus_shooting,elastic_net,FG2A_p100,4
feature_selection,offense,box15_plus_shooting,elastic_net,FG2M_p100,4
feature_selection,offense,box15_plus_shooting,elastic_net,FG3A_p100,4
feature_selection,offense,box15_plus_shooting,elastic_net,FG3M_p100,4
feature_selection,offense,box15_plus_shooting,elastic_net,FTA_p100,4
feature_selection,offense,box15_plus_shooting,elastic_net,FTM_p100,4
feature_selection,offense,box15_plus_shooting,elastic_net,OREB_p100,4
feature_selection,offense,box15_plus_shooting,elastic_net,PFD_p100,4
feature_selection,offense,box15_plus_shooting,elastic_net,PF_p100,4
feature_selection,offense,box15_plus_shooting,elastic_net,PTS_p100,4
feature_selection,offense,box15_plus_shooting,elastic_net,STL_p100,4
feature_selection,offense,box15_plus_shooting,elastic_net,TOV_p100,4
feature_selection,offense,box15_plus_shooting,elastic_net,catch_shoot_3_accuracy,4
feature_selection,offense,box15_plus_shooting,elastic_net,catch_shoot_3_accuracy_eb,4
feature_selection,offense,box15_plus_shooting,elastic_net,catch_shoot_accuracy,4
feature_selection,offense,box15_plus_shooting,elastic_net,catch_shoot_accuracy_eb,4
feature_selection,offense,box15_plus_shooting,elastic_net,catch_shoot_fga_p100,4
feature_selection,offense,box15_plus_shooting,elastic_net,fg2_pct,4
feature_selection,offense,box15_plus_shooting,elastic_net,load_adjusted_shot_quality_residual,4
feature_selection,offense,box15_plus_shooting,elastic_net,long_mid_accuracy,4
feature_selection,offense,box15_plus_shooting,elastic_net,long_mid_accuracy_eb,4
feature_selection,offense,box15_plus_shooting,elastic_net,open_3_accuracy,4
feature_selection,offense,box15_plus_shooting,elastic_net,open_3_accuracy_eb,4
feature_selection,offense,box15_plus_shooting,elastic_net,open_accuracy,4
feature_selection,offense,box15_plus_shooting,elastic_net,open_accuracy_eb,4
feature_selection,offense,box15_plus_shooting,elastic_net,pull_up_3_accuracy,4
feature_selection,offense,box15_plus_shooting,elastic_net,pull_up_3_accuracy_eb,4
feature_selection,offense,box15_plus_shooting,elastic_net,pull_up_accuracy,4
feature_selection,offense,box15_plus_shooting,elastic_net,pull_up_accuracy_eb,4
feature_selection,offense,box15_plus_shooting,elastic_net,shooting_fouls_drawn_p100,4
feature_selection,offense,box15_plus_shooting,elastic_net,shooting_proficiency_2017_eb,4
feature_selection,offense,box15_plus_shooting,elastic_net,short_mid_accuracy,4
feature_selection,offense,box15_plus_shooting,elastic_net,shot_quality_average_relative,4
feature_selection,offense,box15_plus_shooting,elastic_net,tight_3_accuracy,4
feature_selection,offense,box15_plus_shooting,elastic_net,tight_3_accuracy_eb,4
feature_selection,offense,box15_plus_shooting,elastic_net,tight_accuracy,4
feature_selection,offense,box15_plus_shooting,elastic_net,tight_accuracy_eb,4
feature_selection,offense,box15_plus_shooting,elastic_net,true_shooting_pct,4
feature_selection,offense,box15_plus_shooting,elastic_net,very_tight_3_accuracy,4
feature_selection,offense,box15_plus_shooting,elastic_net,very_tight_accuracy,4
feature_selection,offense,box15_plus_shooting,elastic_net,wide_open_3_accuracy,4
feature_selection,offense,box15_plus_shooting,elastic_net,wide_open_3_accuracy_eb,4
feature_selection,offense,box15_plus_shooting,elastic_net,wide_open_accuracy,4
feature_selection,offense,box15_plus_shooting,elastic_net,wide_open_accuracy_eb,4
feature_selection,offense,box15_plus_shooting,elastic_net,zts_pct_points,4
feature_selection,offense,box15_plus_three_spacing,elastic_net,AST_p100,4
feature_selection,offense,box15_plus_three_spacing,elastic_net,BLK_p100,4
feature_selection,offense,box15_plus_three_spacing,elastic_net,DREB_p100,4
feature_selection,offense,box15_plus_three_spacing,elastic_net,FG2A_p100,4
feature_selection,offense,box15_plus_three_spacing,elastic_net,FG2M_p100,4
feature_selection,offense,box15_plus_three_spacing,elastic_net,FG3A_p100,4
feature_selection,offense,box15_plus_three_spacing,elastic_net,FG3M_p100,4
feature_selection,offense,box15_plus_three_spacing,elastic_net,FTA_p100,4
feature_selection,offense,box15_plus_three_spacing,elastic_net,FTM_p100,4
feature_selection,offense,box15_plus_three_spacing,elastic_net,OREB_p100,4
feature_selection,offense,box15_plus_three_spacing,elastic_net,PFD_p100,4
feature_selection,offense,box15_plus_three_spacing,elastic_net,PF_p100,4
feature_selection,offense,box15_plus_three_spacing,elastic_net,PTS_p100,4
feature_selection,offense,box15_plus_three_spacing,elastic_net,STL_p100,4
feature_selection,offense,box15_plus_three_spacing,elastic_net,TOV_p100,4
feature_selection,offense,box15_plus_three_spacing,elastic_net,arc3_accuracy,4
feature_selection,offense,box15_plus_three_spacing,elastic_net,arc3_accuracy_eb,4
feature_selection,offense,box15_plus_three_spacing,elastic_net,arc3_fga_p100,3
feature_selection,offense,box15_plus_three_spacing,elastic_net,arc3_frequency,4
feature_selection,offense,box15_plus_three_spacing,elastic_net,arc3_frequency_eb,4
feature_selection,offense,box15_plus_three_spacing,elastic_net,arc3_frequency_relative,3
feature_selection,offense,box15_plus_three_spacing,elastic_net,corner3_accuracy,4
feature_selection,offense,box15_plus_three_spacing,elastic_net,corner3_accuracy_eb,4
feature_selection,offense,box15_plus_three_spacing,elastic_net,corner3_fga_p100,4
feature_selection,offense,box15_plus_three_spacing,elastic_net,corner3_frequency,4
feature_selection,offense,box15_plus_three_spacing,elastic_net,corner3_frequency_eb,4
feature_selection,offense,box15_plus_three_spacing,elastic_net,crafted_spacing_stable_v1,4
feature_selection,offense,box15_plus_three_spacing,elastic_net,fg3_pct,4
feature_selection,offense,box15_plus_three_spacing,elastic_net,fg3_pct_eb,4
feature_selection,offense,box15_plus_turnovers,elastic_net,AST_p100,4
feature_selection,offense,box15_plus_turnovers,elastic_net,BLK_p100,4
feature_selection,offense,box15_plus_turnovers,elastic_net,DREB_p100,4
feature_selection,offense,box15_plus_turnovers,elastic_net,FG2A_p100,4
feature_selection,offense,box15_plus_turnovers,elastic_net,FG2M_p100,4
feature_selection,offense,box15_plus_turnovers,elastic_net,FG3A_p100,4
feature_selection,offense,box15_plus_turnovers,elastic_net,FG3M_p100,4
feature_selection,offense,box15_plus_turnovers,elastic_net,FTA_p100,4
feature_selection,offense,box15_plus_turnovers,elastic_net,FTM_p100,4
feature_selection,offense,box15_plus_turnovers,elastic_net,OREB_p100,4
feature_selection,offense,box15_plus_turnovers,elastic_net,PFD_p100,4
feature_selection,offense,box15_plus_turnovers,elastic_net,PF_p100,4
feature_selection,offense,box15_plus_turnovers,elastic_net,PTS_p100,4
feature_selection,offense,box15_plus_turnovers,elastic_net,STL_p100,4
feature_selection,offense,box15_plus_turnovers,elastic_net,TOV_p100,4
feature_selection,offense,box15_plus_turnovers,elastic_net,live_ball_turnover_share,4
feature_selection,offense,box15_plus_turnovers,elastic_net,live_ball_turnover_share_eb,4
feature_selection,offense,box15_plus_turnovers,elastic_net,live_ball_turnovers_p100,4
feature_selection,offense,box15_plus_turnovers,elastic_net,lost_ball_turnover_share,4
feature_selection,offense,box15_plus_turnovers,elastic_net,lost_ball_turnover_share_eb,4
feature_selection,offense,box15_plus_turnovers,elastic_net,lost_ball_turnovers_p100,4
feature_selection,offense,box15_plus_turnovers,elastic_net,travels_p100,4
feature_selection,offense,box15_plus_turnovers,elastic_net,turnover_to_load_2017_eb,4
learner_selection,defense,audited_all,additive_spline_ridge,AST_p100,4
learner_selection,defense,audited_all,additive_spline_ridge,BLK_p100,4
learner_selection,defense,audited_all,additive_spline_ridge,DREB_p100,4
learner_selection,defense,audited_all,additive_spline_ridge,FG2A_p100,4
learner_selection,defense,audited_all,additive_spline_ridge,FG2M_p100,4
learner_selection,defense,audited_all,additive_spline_ridge,FG3A_p100,4
learner_selection,defense,audited_all,additive_spline_ridge,FG3M_p100,4
learner_selection,defense,audited_all,additive_spline_ridge,FTA_p100,4
learner_selection,defense,audited_all,additive_spline_ridge,FTM_p100,4
learner_selection,defense,audited_all,additive_spline_ridge,OREB_p100,4
learner_selection,defense,audited_all,additive_spline_ridge,PFD_p100,4
learner_selection,defense,audited_all,additive_spline_ridge,PF_p100,4
learner_selection,defense,audited_all,additive_spline_ridge,PTS_p100,4
learner_selection,defense,audited_all,additive_spline_ridge,STL_p100,4
learner_selection,defense,audited_all,additive_spline_ridge,TOV_p100,4
learner_selection,defense,audited_all,additive_spline_ridge,avg_dribbles_per_touch,4
learner_selection,defense,audited_all,additive_spline_ridge,charges_drawn_p100,3
learner_selection,defense,audited_all,additive_spline_ridge,contested_2pt_p100,3
learner_selection,defense,audited_all,additive_spline_ridge,def_loose_balls_recovered_p100,3
learner_selection,defense,audited_all,additive_spline_ridge,dfg_attempts_p100,4
learner_selection,defense,audited_all,additive_spline_ridge,dfg_diff_pct_eb,4
learner_selection,defense,audited_all,additive_spline_ridge,dreb_chances_p100,4
learner_selection,defense,audited_all,additive_spline_ridge,dreb_contests_p100,4
learner_selection,defense,audited_all,additive_spline_ridge,dreb_conversion_above_expected_eb,4
learner_selection,defense,audited_all,additive_spline_ridge,drive_assists_p100,4
learner_selection,defense,audited_all,additive_spline_ridge,drive_assists_per_drive,4
learner_selection,defense,audited_all,additive_spline_ridge,drive_fta_p100,4
learner_selection,defense,audited_all,additive_spline_ridge,drive_fta_per_drive,4
learner_selection,defense,audited_all,additive_spline_ridge,drive_points_p100,4
learner_selection,defense,audited_all,additive_spline_ridge,drive_points_per_drive,4
learner_selection,defense,audited_all,additive_spline_ridge,drives_p100,4
learner_selection,defense,audited_all,additive_spline_ridge,elbow_points_per_touch,4
learner_selection,defense,audited_all,additive_spline_ridge,elbow_touches_p100,4
learner_selection,defense,audited_all,additive_spline_ridge,fg2_pct,4
learner_selection,defense,audited_all,additive_spline_ridge,fg3_pct,4
learner_selection,defense,audited_all,additive_spline_ridge,foul_adjusted_activity_residual,3
learner_selection,defense,audited_all,additive_spline_ridge,front_court_touches_p100,4
learner_selection,defense,audited_all,additive_spline_ridge,ft_pct,4
learner_selection,defense,audited_all,additive_spline_ridge,matchup_assists_suppressed_vs_scorer_p100_eb,3
learner_selection,defense,audited_all,additive_spline_ridge,matchup_blocks_p100,3
learner_selection,defense,audited_all,additive_spline_ridge,matchup_fga_suppressed_vs_scorer_p100_eb,3
learner_selection,defense,audited_all,additive_spline_ridge,matchup_opponent_adjusted_points_saved_p100_eb,3
learner_selection,defense,audited_all,additive_spline_ridge,matchup_shooting_fouls_prevented_vs_scorer_p100_eb,3
learner_selection,defense,audited_all,additive_spline_ridge,matchup_shotmaking_points_saved_vs_scorer_p100_eb,3
learner_selection,defense,audited_all,additive_spline_ridge,matchup_three_pa_suppressed_vs_scorer_p100_eb,3
learner_selection,defense,audited_all,additive_spline_ridge,matchup_turnovers_forced_vs_scorer_p100_eb,3
learner_selection,defense,audited_all,additive_spline_ridge,paint_points_per_touch,4
learner_selection,defense,audited_all,additive_spline_ridge,paint_touches_p100,4
learner_selection,defense,audited_all,additive_spline_ridge,passes_made_p100,1
learner_selection,defense,audited_all,additive_spline_ridge,passes_per_touch,4
learner_selection,defense,audited_all,additive_spline_ridge,passes_received_p100,4
learner_selection,defense,audited_all,additive_spline_ridge,post_points_per_touch,4
learner_selection,defense,audited_all,additive_spline_ridge,post_touches_p100,4
learner_selection,defense,audited_all,additive_spline_ridge,potential_assists_p100,4
learner_selection,defense,audited_all,additive_spline_ridge,potential_assists_per_touch,4
learner_selection,defense,audited_all,additive_spline_ridge,rebound_chances_p100,4
learner_selection,defense,audited_all,additive_spline_ridge,rebound_contests_p100,4
learner_selection,defense,audited_all,additive_spline_ridge,recovered_blocks_p100,4
learner_selection,defense,audited_all,additive_spline_ridge,rim_dfga_p100,4
learner_selection,defense,audited_all,additive_spline_ridge,rim_diff_pct_eb,4
learner_selection,defense,audited_all,additive_spline_ridge,rim_protection_workload_value,4
learner_selection,defense,audited_all,additive_spline_ridge,secondary_assists_p100,4
learner_selection,defense,audited_all,additive_spline_ridge,time_of_possession_p100,4
learner_selection,defense,audited_all,additive_spline_ridge,touches_p100,3
learner_selection,defense,audited_all,additive_spline_ridge,true_shooting_pct,4
learner_selection,defense,audited_all,additive_spline_ridge,usage_events_p100,4
learner_selection,defense,audited_all,additive_spline_ridge,workload_adjusted_shot_suppression_residual,3
learner_selection,defense,audited_all,elastic_net,AST_p100,4
learner_selection,defense,audited_all,elastic_net,BLK_p100,4
learner_selection,defense,audited_all,elastic_net,DREB_p100,4
learner_selection,defense,audited_all,elastic_net,FG2A_p100,4
learner_selection,defense,audited_all,elastic_net,FG2M_p100,4
learner_selection,defense,audited_all,elastic_net,FG3A_p100,4
learner_selection,defense,audited_all,elastic_net,FG3M_p100,4
learner_selection,defense,audited_all,elastic_net,FTA_p100,4
learner_selection,defense,audited_all,elastic_net,FTM_p100,4
learner_selection,defense,audited_all,elastic_net,OREB_p100,4
learner_selection,defense,audited_all,elastic_net,PFD_p100,4
learner_selection,defense,audited_all,elastic_net,PF_p100,4
learner_selection,defense,audited_all,elastic_net,PTS_p100,4
learner_selection,defense,audited_all,elastic_net,STL_p100,4
learner_selection,defense,audited_all,elastic_net,TOV_p100,4
learner_selection,defense,audited_all,elastic_net,avg_dribbles_per_touch,4
learner_selection,defense,audited_all,elastic_net,charges_drawn_p100,3
learner_selection,defense,audited_all,elastic_net,contested_2pt_p100,3
learner_selection,defense,audited_all,elastic_net,def_loose_balls_recovered_p100,3
learner_selection,defense,audited_all,elastic_net,dfg_attempts_p100,4
learner_selection,defense,audited_all,elastic_net,dfg_diff_pct_eb,4
learner_selection,defense,audited_all,elastic_net,dreb_chances_p100,4
learner_selection,defense,audited_all,elastic_net,dreb_contests_p100,4
learner_selection,defense,audited_all,elastic_net,dreb_conversion_above_expected_eb,4
learner_selection,defense,audited_all,elastic_net,drive_assists_p100,4
learner_selection,defense,audited_all,elastic_net,drive_assists_per_drive,4
learner_selection,defense,audited_all,elastic_net,drive_fta_p100,4
learner_selection,defense,audited_all,elastic_net,drive_fta_per_drive,4
learner_selection,defense,audited_all,elastic_net,drive_points_p100,4
learner_selection,defense,audited_all,elastic_net,drive_points_per_drive,4
learner_selection,defense,audited_all,elastic_net,drives_p100,4
learner_selection,defense,audited_all,elastic_net,elbow_points_per_touch,4
learner_selection,defense,audited_all,elastic_net,elbow_touches_p100,4
learner_selection,defense,audited_all,elastic_net,fg2_pct,4
learner_selection,defense,audited_all,elastic_net,fg3_pct,4
learner_selection,defense,audited_all,elastic_net,foul_adjusted_activity_residual,3
learner_selection,defense,audited_all,elastic_net,front_court_touches_p100,4
learner_selection,defense,audited_all,elastic_net,ft_pct,4
learner_selection,defense,audited_all,elastic_net,matchup_assists_suppressed_vs_scorer_p100_eb,3
learner_selection,defense,audited_all,elastic_net,matchup_blocks_p100,3
learner_selection,defense,audited_all,elastic_net,matchup_fga_suppressed_vs_scorer_p100_eb,3
learner_selection,defense,audited_all,elastic_net,matchup_opponent_adjusted_points_saved_p100_eb,3
learner_selection,defense,audited_all,elastic_net,matchup_shooting_fouls_prevented_vs_scorer_p100_eb,3
learner_selection,defense,audited_all,elastic_net,matchup_shotmaking_points_saved_vs_scorer_p100_eb,3
learner_selection,defense,audited_all,elastic_net,matchup_three_pa_suppressed_vs_scorer_p100_eb,3
learner_selection,defense,audited_all,elastic_net,matchup_turnovers_forced_vs_scorer_p100_eb,3
learner_selection,defense,audited_all,elastic_net,paint_points_per_touch,4
learner_selection,defense,audited_all,elastic_net,paint_touches_p100,4
learner_selection,defense,audited_all,elastic_net,passes_made_p100,1
learner_selection,defense,audited_all,elastic_net,passes_per_touch,4
learner_selection,defense,audited_all,elastic_net,passes_received_p100,4
learner_selection,defense,audited_all,elastic_net,post_points_per_touch,4
learner_selection,defense,audited_all,elastic_net,post_touches_p100,4
learner_selection,defense,audited_all,elastic_net,potential_assists_p100,4
learner_selection,defense,audited_all,elastic_net,potential_assists_per_touch,4
learner_selection,defense,audited_all,elastic_net,rebound_chances_p100,4
learner_selection,defense,audited_all,elastic_net,rebound_contests_p100,4
learner_selection,defense,audited_all,elastic_net,recovered_blocks_p100,4
learner_selection,defense,audited_all,elastic_net,rim_dfga_p100,4
learner_selection,defense,audited_all,elastic_net,rim_diff_pct_eb,4
learner_selection,defense,audited_all,elastic_net,rim_protection_workload_value,4
learner_selection,defense,audited_all,elastic_net,secondary_assists_p100,4
learner_selection,defense,audited_all,elastic_net,time_of_possession_p100,4
learner_selection,defense,audited_all,elastic_net,touches_p100,3
learner_selection,defense,audited_all,elastic_net,true_shooting_pct,4
learner_selection,defense,audited_all,elastic_net,usage_events_p100,4
learner_selection,defense,audited_all,elastic_net,workload_adjusted_shot_suppression_residual,3
learner_selection,defense,audited_all,extra_trees,AST_p100,4
learner_selection,defense,audited_all,extra_trees,BLK_p100,4
learner_selection,defense,audited_all,extra_trees,DREB_p100,4
learner_selection,defense,audited_all,extra_trees,FG2A_p100,4
learner_selection,defense,audited_all,extra_trees,FG2M_p100,4
learner_selection,defense,audited_all,extra_trees,FG3A_p100,4
learner_selection,defense,audited_all,extra_trees,FG3M_p100,4
learner_selection,defense,audited_all,extra_trees,FTA_p100,4
learner_selection,defense,audited_all,extra_trees,FTM_p100,4
learner_selection,defense,audited_all,extra_trees,OREB_p100,4
learner_selection,defense,audited_all,extra_trees,PFD_p100,4
learner_selection,defense,audited_all,extra_trees,PF_p100,4
learner_selection,defense,audited_all,extra_trees,PTS_p100,4
learner_selection,defense,audited_all,extra_trees,STL_p100,4
learner_selection,defense,audited_all,extra_trees,TOV_p100,4
learner_selection,defense,audited_all,extra_trees,avg_dribbles_per_touch,4
learner_selection,defense,audited_all,extra_trees,charges_drawn_p100,3
learner_selection,defense,audited_all,extra_trees,contested_2pt_p100,3
learner_selection,defense,audited_all,extra_trees,def_loose_balls_recovered_p100,3
learner_selection,defense,audited_all,extra_trees,dfg_attempts_p100,4
learner_selection,defense,audited_all,extra_trees,dfg_diff_pct_eb,4
learner_selection,defense,audited_all,extra_trees,dreb_chances_p100,4
learner_selection,defense,audited_all,extra_trees,dreb_contests_p100,4
learner_selection,defense,audited_all,extra_trees,dreb_conversion_above_expected_eb,4
learner_selection,defense,audited_all,extra_trees,drive_assists_p100,4
learner_selection,defense,audited_all,extra_trees,drive_assists_per_drive,4
learner_selection,defense,audited_all,extra_trees,drive_fta_p100,4
learner_selection,defense,audited_all,extra_trees,drive_fta_per_drive,4
learner_selection,defense,audited_all,extra_trees,drive_points_p100,4
learner_selection,defense,audited_all,extra_trees,drive_points_per_drive,4
learner_selection,defense,audited_all,extra_trees,drives_p100,4
learner_selection,defense,audited_all,extra_trees,elbow_points_per_touch,4
learner_selection,defense,audited_all,extra_trees,elbow_touches_p100,4
learner_selection,defense,audited_all,extra_trees,fg2_pct,4
learner_selection,defense,audited_all,extra_trees,fg3_pct,4
learner_selection,defense,audited_all,extra_trees,foul_adjusted_activity_residual,3
learner_selection,defense,audited_all,extra_trees,front_court_touches_p100,4
learner_selection,defense,audited_all,extra_trees,ft_pct,4
learner_selection,defense,audited_all,extra_trees,matchup_assists_suppressed_vs_scorer_p100_eb,3
learner_selection,defense,audited_all,extra_trees,matchup_blocks_p100,3
learner_selection,defense,audited_all,extra_trees,matchup_fga_suppressed_vs_scorer_p100_eb,3
learner_selection,defense,audited_all,extra_trees,matchup_opponent_adjusted_points_saved_p100_eb,3
learner_selection,defense,audited_all,extra_trees,matchup_shooting_fouls_prevented_vs_scorer_p100_eb,3
learner_selection,defense,audited_all,extra_trees,matchup_shotmaking_points_saved_vs_scorer_p100_eb,3
learner_selection,defense,audited_all,extra_trees,matchup_three_pa_suppressed_vs_scorer_p100_eb,3
learner_selection,defense,audited_all,extra_trees,matchup_turnovers_forced_vs_scorer_p100_eb,3
learner_selection,defense,audited_all,extra_trees,paint_points_per_touch,4
learner_selection,defense,audited_all,extra_trees,paint_touches_p100,4
learner_selection,defense,audited_all,extra_trees,passes_made_p100,1
learner_selection,defense,audited_all,extra_trees,passes_per_touch,4
learner_selection,defense,audited_all,extra_trees,passes_received_p100,4
learner_selection,defense,audited_all,extra_trees,post_points_per_touch,4
learner_selection,defense,audited_all,extra_trees,post_touches_p100,4
learner_selection,defense,audited_all,extra_trees,potential_assists_p100,4
learner_selection,defense,audited_all,extra_trees,potential_assists_per_touch,4
learner_selection,defense,audited_all,extra_trees,rebound_chances_p100,4
learner_selection,defense,audited_all,extra_trees,rebound_contests_p100,4
learner_selection,defense,audited_all,extra_trees,recovered_blocks_p100,4
learner_selection,defense,audited_all,extra_trees,rim_dfga_p100,4
learner_selection,defense,audited_all,extra_trees,rim_diff_pct_eb,4
learner_selection,defense,audited_all,extra_trees,rim_protection_workload_value,4
learner_selection,defense,audited_all,extra_trees,secondary_assists_p100,4
learner_selection,defense,audited_all,extra_trees,time_of_possession_p100,4
learner_selection,defense,audited_all,extra_trees,touches_p100,3
learner_selection,defense,audited_all,extra_trees,true_shooting_pct,4
learner_selection,defense,audited_all,extra_trees,usage_events_p100,4
learner_selection,defense,audited_all,extra_trees,workload_adjusted_shot_suppression_residual,3
learner_selection,defense,audited_all,histogram_gbm,AST_p100,4
learner_selection,defense,audited_all,histogram_gbm,BLK_p100,4
learner_selection,defense,audited_all,histogram_gbm,DREB_p100,4
learner_selection,defense,audited_all,histogram_gbm,FG2A_p100,4
learner_selection,defense,audited_all,histogram_gbm,FG2M_p100,4
learner_selection,defense,audited_all,histogram_gbm,FG3A_p100,4
learner_selection,defense,audited_all,histogram_gbm,FG3M_p100,4
learner_selection,defense,audited_all,histogram_gbm,FTA_p100,4
learner_selection,defense,audited_all,histogram_gbm,FTM_p100,4
learner_selection,defense,audited_all,histogram_gbm,OREB_p100,4
learner_selection,defense,audited_all,histogram_gbm,PFD_p100,4
learner_selection,defense,audited_all,histogram_gbm,PF_p100,4
learner_selection,defense,audited_all,histogram_gbm,PTS_p100,4
learner_selection,defense,audited_all,histogram_gbm,STL_p100,4
learner_selection,defense,audited_all,histogram_gbm,TOV_p100,4
learner_selection,defense,audited_all,histogram_gbm,avg_dribbles_per_touch,4
learner_selection,defense,audited_all,histogram_gbm,charges_drawn_p100,3
learner_selection,defense,audited_all,histogram_gbm,contested_2pt_p100,3
learner_selection,defense,audited_all,histogram_gbm,def_loose_balls_recovered_p100,3
learner_selection,defense,audited_all,histogram_gbm,dfg_attempts_p100,4
learner_selection,defense,audited_all,histogram_gbm,dfg_diff_pct_eb,4
learner_selection,defense,audited_all,histogram_gbm,dreb_chances_p100,4
learner_selection,defense,audited_all,histogram_gbm,dreb_contests_p100,4
learner_selection,defense,audited_all,histogram_gbm,dreb_conversion_above_expected_eb,4
learner_selection,defense,audited_all,histogram_gbm,drive_assists_p100,4
learner_selection,defense,audited_all,histogram_gbm,drive_assists_per_drive,4
learner_selection,defense,audited_all,histogram_gbm,drive_fta_p100,4
learner_selection,defense,audited_all,histogram_gbm,drive_fta_per_drive,4
learner_selection,defense,audited_all,histogram_gbm,drive_points_p100,4
learner_selection,defense,audited_all,histogram_gbm,drive_points_per_drive,4
learner_selection,defense,audited_all,histogram_gbm,drives_p100,4
learner_selection,defense,audited_all,histogram_gbm,elbow_points_per_touch,4
learner_selection,defense,audited_all,histogram_gbm,elbow_touches_p100,4
learner_selection,defense,audited_all,histogram_gbm,fg2_pct,4
learner_selection,defense,audited_all,histogram_gbm,fg3_pct,4
learner_selection,defense,audited_all,histogram_gbm,foul_adjusted_activity_residual,3
learner_selection,defense,audited_all,histogram_gbm,front_court_touches_p100,4
learner_selection,defense,audited_all,histogram_gbm,ft_pct,4
learner_selection,defense,audited_all,histogram_gbm,matchup_assists_suppressed_vs_scorer_p100_eb,3
learner_selection,defense,audited_all,histogram_gbm,matchup_blocks_p100,3
learner_selection,defense,audited_all,histogram_gbm,matchup_fga_suppressed_vs_scorer_p100_eb,3
learner_selection,defense,audited_all,histogram_gbm,matchup_opponent_adjusted_points_saved_p100_eb,3
learner_selection,defense,audited_all,histogram_gbm,matchup_shooting_fouls_prevented_vs_scorer_p100_eb,3
learner_selection,defense,audited_all,histogram_gbm,matchup_shotmaking_points_saved_vs_scorer_p100_eb,3
learner_selection,defense,audited_all,histogram_gbm,matchup_three_pa_suppressed_vs_scorer_p100_eb,3
learner_selection,defense,audited_all,histogram_gbm,matchup_turnovers_forced_vs_scorer_p100_eb,3
learner_selection,defense,audited_all,histogram_gbm,paint_points_per_touch,4
learner_selection,defense,audited_all,histogram_gbm,paint_touches_p100,4
learner_selection,defense,audited_all,histogram_gbm,passes_made_p100,1
learner_selection,defense,audited_all,histogram_gbm,passes_per_touch,4
learner_selection,defense,audited_all,histogram_gbm,passes_received_p100,4
learner_selection,defense,audited_all,histogram_gbm,post_points_per_touch,4
learner_selection,defense,audited_all,histogram_gbm,post_touches_p100,4
learner_selection,defense,audited_all,histogram_gbm,potential_assists_p100,4
learner_selection,defense,audited_all,histogram_gbm,potential_assists_per_touch,4
learner_selection,defense,audited_all,histogram_gbm,rebound_chances_p100,4
learner_selection,defense,audited_all,histogram_gbm,rebound_contests_p100,4
learner_selection,defense,audited_all,histogram_gbm,recovered_blocks_p100,4
learner_selection,defense,audited_all,histogram_gbm,rim_dfga_p100,4
learner_selection,defense,audited_all,histogram_gbm,rim_diff_pct_eb,4
learner_selection,defense,audited_all,histogram_gbm,rim_protection_workload_value,4
learner_selection,defense,audited_all,histogram_gbm,secondary_assists_p100,4
learner_selection,defense,audited_all,histogram_gbm,time_of_possession_p100,4
learner_selection,defense,audited_all,histogram_gbm,touches_p100,3
learner_selection,defense,audited_all,histogram_gbm,true_shooting_pct,4
learner_selection,defense,audited_all,histogram_gbm,usage_events_p100,4
learner_selection,defense,audited_all,histogram_gbm,workload_adjusted_shot_suppression_residual,3
learner_selection,defense,audited_all,ridge,AST_p100,4
learner_selection,defense,audited_all,ridge,BLK_p100,4
learner_selection,defense,audited_all,ridge,DREB_p100,4
learner_selection,defense,audited_all,ridge,FG2A_p100,4
learner_selection,defense,audited_all,ridge,FG2M_p100,4
learner_selection,defense,audited_all,ridge,FG3A_p100,4
learner_selection,defense,audited_all,ridge,FG3M_p100,4
learner_selection,defense,audited_all,ridge,FTA_p100,4
learner_selection,defense,audited_all,ridge,FTM_p100,4
learner_selection,defense,audited_all,ridge,OREB_p100,4
learner_selection,defense,audited_all,ridge,PFD_p100,4
learner_selection,defense,audited_all,ridge,PF_p100,4
learner_selection,defense,audited_all,ridge,PTS_p100,4
learner_selection,defense,audited_all,ridge,STL_p100,4
learner_selection,defense,audited_all,ridge,TOV_p100,4
learner_selection,defense,audited_all,ridge,avg_dribbles_per_touch,4
learner_selection,defense,audited_all,ridge,charges_drawn_p100,3
learner_selection,defense,audited_all,ridge,contested_2pt_p100,3
learner_selection,defense,audited_all,ridge,def_loose_balls_recovered_p100,3
learner_selection,defense,audited_all,ridge,dfg_attempts_p100,4
learner_selection,defense,audited_all,ridge,dfg_diff_pct_eb,4
learner_selection,defense,audited_all,ridge,dreb_chances_p100,4
learner_selection,defense,audited_all,ridge,dreb_contests_p100,4
learner_selection,defense,audited_all,ridge,dreb_conversion_above_expected_eb,4
learner_selection,defense,audited_all,ridge,drive_assists_p100,4
learner_selection,defense,audited_all,ridge,drive_assists_per_drive,4
learner_selection,defense,audited_all,ridge,drive_fta_p100,4
learner_selection,defense,audited_all,ridge,drive_fta_per_drive,4
learner_selection,defense,audited_all,ridge,drive_points_p100,4
learner_selection,defense,audited_all,ridge,drive_points_per_drive,4
learner_selection,defense,audited_all,ridge,drives_p100,4
learner_selection,defense,audited_all,ridge,elbow_points_per_touch,4
learner_selection,defense,audited_all,ridge,elbow_touches_p100,4
learner_selection,defense,audited_all,ridge,fg2_pct,4
learner_selection,defense,audited_all,ridge,fg3_pct,4
learner_selection,defense,audited_all,ridge,foul_adjusted_activity_residual,3
learner_selection,defense,audited_all,ridge,front_court_touches_p100,4
learner_selection,defense,audited_all,ridge,ft_pct,4
learner_selection,defense,audited_all,ridge,matchup_assists_suppressed_vs_scorer_p100_eb,3
learner_selection,defense,audited_all,ridge,matchup_blocks_p100,3
learner_selection,defense,audited_all,ridge,matchup_fga_suppressed_vs_scorer_p100_eb,3
learner_selection,defense,audited_all,ridge,matchup_opponent_adjusted_points_saved_p100_eb,3
learner_selection,defense,audited_all,ridge,matchup_shooting_fouls_prevented_vs_scorer_p100_eb,3
learner_selection,defense,audited_all,ridge,matchup_shotmaking_points_saved_vs_scorer_p100_eb,3
learner_selection,defense,audited_all,ridge,matchup_three_pa_suppressed_vs_scorer_p100_eb,3
learner_selection,defense,audited_all,ridge,matchup_turnovers_forced_vs_scorer_p100_eb,3
learner_selection,defense,audited_all,ridge,paint_points_per_touch,4
learner_selection,defense,audited_all,ridge,paint_touches_p100,4
learner_selection,defense,audited_all,ridge,passes_made_p100,1
learner_selection,defense,audited_all,ridge,passes_per_touch,4
learner_selection,defense,audited_all,ridge,passes_received_p100,4
learner_selection,defense,audited_all,ridge,post_points_per_touch,4
learner_selection,defense,audited_all,ridge,post_touches_p100,4
learner_selection,defense,audited_all,ridge,potential_assists_p100,4
learner_selection,defense,audited_all,ridge,potential_assists_per_touch,4
learner_selection,defense,audited_all,ridge,rebound_chances_p100,4
learner_selection,defense,audited_all,ridge,rebound_contests_p100,4
learner_selection,defense,audited_all,ridge,recovered_blocks_p100,4
learner_selection,defense,audited_all,ridge,rim_dfga_p100,4
learner_selection,defense,audited_all,ridge,rim_diff_pct_eb,4
learner_selection,defense,audited_all,ridge,rim_protection_workload_value,4
learner_selection,defense,audited_all,ridge,secondary_assists_p100,4
learner_selection,defense,audited_all,ridge,time_of_possession_p100,4
learner_selection,defense,audited_all,ridge,touches_p100,3
learner_selection,defense,audited_all,ridge,true_shooting_pct,4
learner_selection,defense,audited_all,ridge,usage_events_p100,4
learner_selection,defense,audited_all,ridge,workload_adjusted_shot_suppression_residual,3
learner_selection,defense,box15,additive_spline_ridge,AST_p100,4
learner_selection,defense,box15,additive_spline_ridge,BLK_p100,4
learner_selection,defense,box15,additive_spline_ridge,DREB_p100,4
learner_selection,defense,box15,additive_spline_ridge,FG2A_p100,4
learner_selection,defense,box15,additive_spline_ridge,FG2M_p100,4
learner_selection,defense,box15,additive_spline_ridge,FG3A_p100,4
learner_selection,defense,box15,additive_spline_ridge,FG3M_p100,4
learner_selection,defense,box15,additive_spline_ridge,FTA_p100,4
learner_selection,defense,box15,additive_spline_ridge,FTM_p100,4
learner_selection,defense,box15,additive_spline_ridge,OREB_p100,4
learner_selection,defense,box15,additive_spline_ridge,PFD_p100,4
learner_selection,defense,box15,additive_spline_ridge,PF_p100,4
learner_selection,defense,box15,additive_spline_ridge,PTS_p100,4
learner_selection,defense,box15,additive_spline_ridge,STL_p100,4
learner_selection,defense,box15,additive_spline_ridge,TOV_p100,4
learner_selection,defense,box15,elastic_net,AST_p100,4
learner_selection,defense,box15,elastic_net,BLK_p100,4
learner_selection,defense,box15,elastic_net,DREB_p100,4
learner_selection,defense,box15,elastic_net,FG2A_p100,4
learner_selection,defense,box15,elastic_net,FG2M_p100,4
learner_selection,defense,box15,elastic_net,FG3A_p100,4
learner_selection,defense,box15,elastic_net,FG3M_p100,4
learner_selection,defense,box15,elastic_net,FTA_p100,4
learner_selection,defense,box15,elastic_net,FTM_p100,4
learner_selection,defense,box15,elastic_net,OREB_p100,4
learner_selection,defense,box15,elastic_net,PFD_p100,4
learner_selection,defense,box15,elastic_net,PF_p100,4
learner_selection,defense,box15,elastic_net,PTS_p100,4
learner_selection,defense,box15,elastic_net,STL_p100,4
learner_selection,defense,box15,elastic_net,TOV_p100,4
learner_selection,defense,box15,extra_trees,AST_p100,4
learner_selection,defense,box15,extra_trees,BLK_p100,4
learner_selection,defense,box15,extra_trees,DREB_p100,4
learner_selection,defense,box15,extra_trees,FG2A_p100,4
learner_selection,defense,box15,extra_trees,FG2M_p100,4
learner_selection,defense,box15,extra_trees,FG3A_p100,4
learner_selection,defense,box15,extra_trees,FG3M_p100,4
learner_selection,defense,box15,extra_trees,FTA_p100,4
learner_selection,defense,box15,extra_trees,FTM_p100,4
learner_selection,defense,box15,extra_trees,OREB_p100,4
learner_selection,defense,box15,extra_trees,PFD_p100,4
learner_selection,defense,box15,extra_trees,PF_p100,4
learner_selection,defense,box15,extra_trees,PTS_p100,4
learner_selection,defense,box15,extra_trees,STL_p100,4
learner_selection,defense,box15,extra_trees,TOV_p100,4
learner_selection,defense,box15,histogram_gbm,AST_p100,4
learner_selection,defense,box15,histogram_gbm,BLK_p100,4
learner_selection,defense,box15,histogram_gbm,DREB_p100,4
learner_selection,defense,box15,histogram_gbm,FG2A_p100,4
learner_selection,defense,box15,histogram_gbm,FG2M_p100,4
learner_selection,defense,box15,histogram_gbm,FG3A_p100,4
learner_selection,defense,box15,histogram_gbm,FG3M_p100,4
learner_selection,defense,box15,histogram_gbm,FTA_p100,4
learner_selection,defense,box15,histogram_gbm,FTM_p100,4
learner_selection,defense,box15,histogram_gbm,OREB_p100,4
learner_selection,defense,box15,histogram_gbm,PFD_p100,4
learner_selection,defense,box15,histogram_gbm,PF_p100,4
learner_selection,defense,box15,histogram_gbm,PTS_p100,4
learner_selection,defense,box15,histogram_gbm,STL_p100,4
learner_selection,defense,box15,histogram_gbm,TOV_p100,4
learner_selection,defense,box15,ridge,AST_p100,4
learner_selection,defense,box15,ridge,BLK_p100,4
learner_selection,defense,box15,ridge,DREB_p100,4
learner_selection,defense,box15,ridge,FG2A_p100,4
learner_selection,defense,box15,ridge,FG2M_p100,4
learner_selection,defense,box15,ridge,FG3A_p100,4
learner_selection,defense,box15,ridge,FG3M_p100,4
learner_selection,defense,box15,ridge,FTA_p100,4
learner_selection,defense,box15,ridge,FTM_p100,4
learner_selection,defense,box15,ridge,OREB_p100,4
learner_selection,defense,box15,ridge,PFD_p100,4
learner_selection,defense,box15,ridge,PF_p100,4
learner_selection,defense,box15,ridge,PTS_p100,4
learner_selection,defense,box15,ridge,STL_p100,4
learner_selection,defense,box15,ridge,TOV_p100,4
learner_selection,offense,audited_all,additive_spline_ridge,AST_p100,4
learner_selection,offense,audited_all,additive_spline_ridge,BLK_p100,4
learner_selection,offense,audited_all,additive_spline_ridge,DREB_p100,4
learner_selection,offense,audited_all,additive_spline_ridge,FG2A_p100,4
learner_selection,offense,audited_all,additive_spline_ridge,FG2M_p100,4
learner_selection,offense,audited_all,additive_spline_ridge,FG3A_p100,4
learner_selection,offense,audited_all,additive_spline_ridge,FG3M_p100,4
learner_selection,offense,audited_all,additive_spline_ridge,FTA_p100,4
learner_selection,offense,audited_all,additive_spline_ridge,FTM_p100,4
learner_selection,offense,audited_all,additive_spline_ridge,OREB_p100,4
learner_selection,offense,audited_all,additive_spline_ridge,PFD_p100,4
learner_selection,offense,audited_all,additive_spline_ridge,PF_p100,4
learner_selection,offense,audited_all,additive_spline_ridge,PTS_p100,4
learner_selection,offense,audited_all,additive_spline_ridge,STL_p100,4
learner_selection,offense,audited_all,additive_spline_ridge,TOV_p100,4
learner_selection,offense,audited_all,additive_spline_ridge,arc3_accuracy,4
learner_selection,offense,audited_all,additive_spline_ridge,arc3_accuracy_eb,4
learner_selection,offense,audited_all,additive_spline_ridge,arc3_fga_p100,3
learner_selection,offense,audited_all,additive_spline_ridge,arc3_frequency,4
learner_selection,offense,audited_all,additive_spline_ridge,arc3_frequency_eb,4
learner_selection,offense,audited_all,additive_spline_ridge,arc3_frequency_relative,3
learner_selection,offense,audited_all,additive_spline_ridge,assist_to_load_2017_eb,4
learner_selection,offense,audited_all,additive_spline_ridge,at_rim_accuracy,4
learner_selection,offense,audited_all,additive_spline_ridge,at_rim_fga_p100,4
learner_selection,offense,audited_all,additive_spline_ridge,at_rim_frequency,4
learner_selection,offense,audited_all,additive_spline_ridge,at_rim_frequency_eb,4
learner_selection,offense,audited_all,additive_spline_ridge,bad_pass_turnover_share,4
learner_selection,offense,audited_all,additive_spline_ridge,bad_pass_turnover_share_eb,4
learner_selection,offense,audited_all,additive_spline_ridge,bad_pass_turnovers_p100,4
learner_selection,offense,audited_all,additive_spline_ridge,behavioral_passer_score_v1,4
learner_selection,offense,audited_all,additive_spline_ridge,box_creation_2017_eb_p100,4
learner_selection,offense,audited_all,additive_spline_ridge,catch_shoot_3_accuracy,4
learner_selection,offense,audited_all,additive_spline_ridge,catch_shoot_3_accuracy_eb,4
learner_selection,offense,audited_all,additive_spline_ridge,catch_shoot_accuracy,4
learner_selection,offense,audited_all,additive_spline_ridge,catch_shoot_accuracy_eb,4
learner_selection,offense,audited_all,additive_spline_ridge,catch_shoot_fga_p100,4
learner_selection,offense,audited_all,additive_spline_ridge,corner3_accuracy,4
learner_selection,offense,audited_all,additive_spline_ridge,corner3_accuracy_eb,4
learner_selection,offense,audited_all,additive_spline_ridge,corner3_fga_p100,4
learner_selection,offense,audited_all,additive_spline_ridge,corner3_frequency,4
learner_selection,offense,audited_all,additive_spline_ridge,corner3_frequency_eb,4
learner_selection,offense,audited_all,additive_spline_ridge,crafted_spacing_stable_v1,4
learner_selection,offense,audited_all,additive_spline_ridge,creation_to_load_2017_eb,4
learner_selection,offense,audited_all,additive_spline_ridge,dreb_chances_p100,4
learner_selection,offense,audited_all,additive_spline_ridge,dreb_contests_p100,4
learner_selection,offense,audited_all,additive_spline_ridge,drive_assists_per_drive_eb,4
learner_selection,offense,audited_all,additive_spline_ridge,drive_fta_per_drive_eb,4
learner_selection,offense,audited_all,additive_spline_ridge,drive_turnovers_p100,4
learner_selection,offense,audited_all,additive_spline_ridge,drive_turnovers_per_drive,4
learner_selection,offense,audited_all,additive_spline_ridge,drive_turnovers_per_drive_eb,4
learner_selection,offense,audited_all,additive_spline_ridge,drives_p100_relative,4
learner_selection,offense,audited_all,additive_spline_ridge,fg2_pct,4
learner_selection,offense,audited_all,additive_spline_ridge,fg3_pct,4
learner_selection,offense,audited_all,additive_spline_ridge,fg3_pct_eb,4
learner_selection,offense,audited_all,additive_spline_ridge,ft_pct,4
learner_selection,offense,audited_all,additive_spline_ridge,ft_pct_eb,4
learner_selection,offense,audited_all,additive_spline_ridge,live_ball_turnover_share,4
learner_selection,offense,audited_all,additive_spline_ridge,live_ball_turnover_share_eb,4
learner_selection,offense,audited_all,additive_spline_ridge,live_ball_turnovers_p100,4
learner_selection,offense,audited_all,additive_spline_ridge,load_adjusted_creation_residual,4
learner_selection,offense,audited_all,additive_spline_ridge,load_adjusted_shot_quality_residual,4
learner_selection,offense,audited_all,additive_spline_ridge,long_mid_accuracy,4
learner_selection,offense,audited_all,additive_spline_ridge,long_mid_accuracy_eb,4
learner_selection,offense,audited_all,additive_spline_ridge,long_mid_fga_p100,4
learner_selection,offense,audited_all,additive_spline_ridge,lost_ball_turnover_share,4
learner_selection,offense,audited_all,additive_spline_ridge,lost_ball_turnover_share_eb,4
learner_selection,offense,audited_all,additive_spline_ridge,lost_ball_turnovers_p100,4
learner_selection,offense,audited_all,additive_spline_ridge,offensive_fouls_p100,4
learner_selection,offense,audited_all,additive_spline_ridge,offensive_load_2017_eb_p100,4
learner_selection,offense,audited_all,additive_spline_ridge,open_3_accuracy,4
learner_selection,offense,audited_all,additive_spline_ridge,open_3_accuracy_eb,4
learner_selection,offense,audited_all,additive_spline_ridge,open_accuracy,4
learner_selection,offense,audited_all,additive_spline_ridge,open_accuracy_eb,4
learner_selection,offense,audited_all,additive_spline_ridge,open_fga_p100,4
learner_selection,offense,audited_all,additive_spline_ridge,passes_per_touch_eb,4
learner_selection,offense,audited_all,additive_spline_ridge,potential_assists_p100_relative,4
learner_selection,offense,audited_all,additive_spline_ridge,potential_assists_per_touch_eb,4
learner_selection,offense,audited_all,additive_spline_ridge,pull_up_3_accuracy,4
learner_selection,offense,audited_all,additive_spline_ridge,pull_up_3_accuracy_eb,4
learner_selection,offense,audited_all,additive_spline_ridge,pull_up_accuracy,4
learner_selection,offense,audited_all,additive_spline_ridge,pull_up_accuracy_eb,4
learner_selection,offense,audited_all,additive_spline_ridge,pull_up_fga_p100,4
learner_selection,offense,audited_all,additive_spline_ridge,rebound_chances_p100,4
learner_selection,offense,audited_all,additive_spline_ridge,rebound_contests_p100,4
learner_selection,offense,audited_all,additive_spline_ridge,recovered_blocks_p100,4
learner_selection,offense,audited_all,additive_spline_ridge,shooting_fouls_drawn_p100,4
learner_selection,offense,audited_all,additive_spline_ridge,shooting_proficiency_2017_eb,4
learner_selection,offense,audited_all,additive_spline_ridge,short_mid_accuracy,4
learner_selection,offense,audited_all,additive_spline_ridge,short_mid_fga_p100,4
learner_selection,offense,audited_all,additive_spline_ridge,short_mid_frequency,4
learner_selection,offense,audited_all,additive_spline_ridge,short_mid_frequency_eb,4
learner_selection,offense,audited_all,additive_spline_ridge,shot_quality_average_relative,4
learner_selection,offense,audited_all,additive_spline_ridge,spacing_creation_interaction,4
learner_selection,offense,audited_all,additive_spline_ridge,tight_3_accuracy,4
learner_selection,offense,audited_all,additive_spline_ridge,tight_3_accuracy_eb,4
learner_selection,offense,audited_all,additive_spline_ridge,tight_accuracy,4
learner_selection,offense,audited_all,additive_spline_ridge,tight_accuracy_eb,4
learner_selection,offense,audited_all,additive_spline_ridge,tight_fga_p100,4
learner_selection,offense,audited_all,additive_spline_ridge,travels_p100,4
learner_selection,offense,audited_all,additive_spline_ridge,true_shooting_pct,4
learner_selection,offense,audited_all,additive_spline_ridge,turnover_to_load_2017_eb,4
learner_selection,offense,audited_all,additive_spline_ridge,usage_events_p100,4
learner_selection,offense,audited_all,additive_spline_ridge,very_tight_3_accuracy,4
learner_selection,offense,audited_all,additive_spline_ridge,very_tight_accuracy,4
learner_selection,offense,audited_all,additive_spline_ridge,very_tight_fga_p100,4
learner_selection,offense,audited_all,additive_spline_ridge,wide_open_3_accuracy,4
learner_selection,offense,audited_all,additive_spline_ridge,wide_open_3_accuracy_eb,4
learner_selection,offense,audited_all,additive_spline_ridge,wide_open_accuracy,4
learner_selection,offense,audited_all,additive_spline_ridge,wide_open_accuracy_eb,4
learner_selection,offense,audited_all,additive_spline_ridge,wide_open_fga_p100,4
learner_selection,offense,audited_all,additive_spline_ridge,zts_pct_points,4
learner_selection,offense,audited_all,elastic_net,AST_p100,4
learner_selection,offense,audited_all,elastic_net,BLK_p100,4
learner_selection,offense,audited_all,elastic_net,DREB_p100,4
learner_selection,offense,audited_all,elastic_net,FG2A_p100,4
learner_selection,offense,audited_all,elastic_net,FG2M_p100,4
learner_selection,offense,audited_all,elastic_net,FG3A_p100,4
learner_selection,offense,audited_all,elastic_net,FG3M_p100,4
learner_selection,offense,audited_all,elastic_net,FTA_p100,4
learner_selection,offense,audited_all,elastic_net,FTM_p100,4
learner_selection,offense,audited_all,elastic_net,OREB_p100,4
learner_selection,offense,audited_all,elastic_net,PFD_p100,4
learner_selection,offense,audited_all,elastic_net,PF_p100,4
learner_selection,offense,audited_all,elastic_net,PTS_p100,4
learner_selection,offense,audited_all,elastic_net,STL_p100,4
learner_selection,offense,audited_all,elastic_net,TOV_p100,4
learner_selection,offense,audited_all,elastic_net,arc3_accuracy,4
learner_selection,offense,audited_all,elastic_net,arc3_accuracy_eb,4
learner_selection,offense,audited_all,elastic_net,arc3_fga_p100,3
learner_selection,offense,audited_all,elastic_net,arc3_frequency,4
learner_selection,offense,audited_all,elastic_net,arc3_frequency_eb,4
learner_selection,offense,audited_all,elastic_net,arc3_frequency_relative,3
learner_selection,offense,audited_all,elastic_net,assist_to_load_2017_eb,4
learner_selection,offense,audited_all,elastic_net,at_rim_accuracy,4
learner_selection,offense,audited_all,elastic_net,at_rim_fga_p100,4
learner_selection,offense,audited_all,elastic_net,at_rim_frequency,4
learner_selection,offense,audited_all,elastic_net,at_rim_frequency_eb,4
learner_selection,offense,audited_all,elastic_net,bad_pass_turnover_share,4
learner_selection,offense,audited_all,elastic_net,bad_pass_turnover_share_eb,4
learner_selection,offense,audited_all,elastic_net,bad_pass_turnovers_p100,4
learner_selection,offense,audited_all,elastic_net,behavioral_passer_score_v1,4
learner_selection,offense,audited_all,elastic_net,box_creation_2017_eb_p100,4
learner_selection,offense,audited_all,elastic_net,catch_shoot_3_accuracy,4
learner_selection,offense,audited_all,elastic_net,catch_shoot_3_accuracy_eb,4
learner_selection,offense,audited_all,elastic_net,catch_shoot_accuracy,4
learner_selection,offense,audited_all,elastic_net,catch_shoot_accuracy_eb,4
learner_selection,offense,audited_all,elastic_net,catch_shoot_fga_p100,4
learner_selection,offense,audited_all,elastic_net,corner3_accuracy,4
learner_selection,offense,audited_all,elastic_net,corner3_accuracy_eb,4
learner_selection,offense,audited_all,elastic_net,corner3_fga_p100,4
learner_selection,offense,audited_all,elastic_net,corner3_frequency,4
learner_selection,offense,audited_all,elastic_net,corner3_frequency_eb,4
learner_selection,offense,audited_all,elastic_net,crafted_spacing_stable_v1,4
learner_selection,offense,audited_all,elastic_net,creation_to_load_2017_eb,4
learner_selection,offense,audited_all,elastic_net,dreb_chances_p100,4
learner_selection,offense,audited_all,elastic_net,dreb_contests_p100,4
learner_selection,offense,audited_all,elastic_net,drive_assists_per_drive_eb,4
learner_selection,offense,audited_all,elastic_net,drive_fta_per_drive_eb,4
learner_selection,offense,audited_all,elastic_net,drive_turnovers_p100,4
learner_selection,offense,audited_all,elastic_net,drive_turnovers_per_drive,4
learner_selection,offense,audited_all,elastic_net,drive_turnovers_per_drive_eb,4
learner_selection,offense,audited_all,elastic_net,drives_p100_relative,4
learner_selection,offense,audited_all,elastic_net,fg2_pct,4
learner_selection,offense,audited_all,elastic_net,fg3_pct,4
learner_selection,offense,audited_all,elastic_net,fg3_pct_eb,4
learner_selection,offense,audited_all,elastic_net,ft_pct,4
learner_selection,offense,audited_all,elastic_net,ft_pct_eb,4
learner_selection,offense,audited_all,elastic_net,live_ball_turnover_share,4
learner_selection,offense,audited_all,elastic_net,live_ball_turnover_share_eb,4
learner_selection,offense,audited_all,elastic_net,live_ball_turnovers_p100,4
learner_selection,offense,audited_all,elastic_net,load_adjusted_creation_residual,4
learner_selection,offense,audited_all,elastic_net,load_adjusted_shot_quality_residual,4
learner_selection,offense,audited_all,elastic_net,long_mid_accuracy,4
learner_selection,offense,audited_all,elastic_net,long_mid_accuracy_eb,4
learner_selection,offense,audited_all,elastic_net,long_mid_fga_p100,4
learner_selection,offense,audited_all,elastic_net,lost_ball_turnover_share,4
learner_selection,offense,audited_all,elastic_net,lost_ball_turnover_share_eb,4
learner_selection,offense,audited_all,elastic_net,lost_ball_turnovers_p100,4
learner_selection,offense,audited_all,elastic_net,offensive_fouls_p100,4
learner_selection,offense,audited_all,elastic_net,offensive_load_2017_eb_p100,4
learner_selection,offense,audited_all,elastic_net,open_3_accuracy,4
learner_selection,offense,audited_all,elastic_net,open_3_accuracy_eb,4
learner_selection,offense,audited_all,elastic_net,open_accuracy,4
learner_selection,offense,audited_all,elastic_net,open_accuracy_eb,4
learner_selection,offense,audited_all,elastic_net,open_fga_p100,4
learner_selection,offense,audited_all,elastic_net,passes_per_touch_eb,4
learner_selection,offense,audited_all,elastic_net,potential_assists_p100_relative,4
learner_selection,offense,audited_all,elastic_net,potential_assists_per_touch_eb,4
learner_selection,offense,audited_all,elastic_net,pull_up_3_accuracy,4
learner_selection,offense,audited_all,elastic_net,pull_up_3_accuracy_eb,4
learner_selection,offense,audited_all,elastic_net,pull_up_accuracy,4
learner_selection,offense,audited_all,elastic_net,pull_up_accuracy_eb,4
learner_selection,offense,audited_all,elastic_net,pull_up_fga_p100,4
learner_selection,offense,audited_all,elastic_net,rebound_chances_p100,4
learner_selection,offense,audited_all,elastic_net,rebound_contests_p100,4
learner_selection,offense,audited_all,elastic_net,recovered_blocks_p100,4
learner_selection,offense,audited_all,elastic_net,shooting_fouls_drawn_p100,4
learner_selection,offense,audited_all,elastic_net,shooting_proficiency_2017_eb,4
learner_selection,offense,audited_all,elastic_net,short_mid_accuracy,4
learner_selection,offense,audited_all,elastic_net,short_mid_fga_p100,4
learner_selection,offense,audited_all,elastic_net,short_mid_frequency,4
learner_selection,offense,audited_all,elastic_net,short_mid_frequency_eb,4
learner_selection,offense,audited_all,elastic_net,shot_quality_average_relative,4
learner_selection,offense,audited_all,elastic_net,spacing_creation_interaction,4
learner_selection,offense,audited_all,elastic_net,tight_3_accuracy,4
learner_selection,offense,audited_all,elastic_net,tight_3_accuracy_eb,4
learner_selection,offense,audited_all,elastic_net,tight_accuracy,4
learner_selection,offense,audited_all,elastic_net,tight_accuracy_eb,4
learner_selection,offense,audited_all,elastic_net,tight_fga_p100,4
learner_selection,offense,audited_all,elastic_net,travels_p100,4
learner_selection,offense,audited_all,elastic_net,true_shooting_pct,4
learner_selection,offense,audited_all,elastic_net,turnover_to_load_2017_eb,4
learner_selection,offense,audited_all,elastic_net,usage_events_p100,4
learner_selection,offense,audited_all,elastic_net,very_tight_3_accuracy,4
learner_selection,offense,audited_all,elastic_net,very_tight_accuracy,4
learner_selection,offense,audited_all,elastic_net,very_tight_fga_p100,4
learner_selection,offense,audited_all,elastic_net,wide_open_3_accuracy,4
learner_selection,offense,audited_all,elastic_net,wide_open_3_accuracy_eb,4
learner_selection,offense,audited_all,elastic_net,wide_open_accuracy,4
learner_selection,offense,audited_all,elastic_net,wide_open_accuracy_eb,4
learner_selection,offense,audited_all,elastic_net,wide_open_fga_p100,4
learner_selection,offense,audited_all,elastic_net,zts_pct_points,4
learner_selection,offense,audited_all,extra_trees,AST_p100,4
learner_selection,offense,audited_all,extra_trees,BLK_p100,4
learner_selection,offense,audited_all,extra_trees,DREB_p100,4
learner_selection,offense,audited_all,extra_trees,FG2A_p100,4
learner_selection,offense,audited_all,extra_trees,FG2M_p100,4
learner_selection,offense,audited_all,extra_trees,FG3A_p100,4
learner_selection,offense,audited_all,extra_trees,FG3M_p100,4
learner_selection,offense,audited_all,extra_trees,FTA_p100,4
learner_selection,offense,audited_all,extra_trees,FTM_p100,4
learner_selection,offense,audited_all,extra_trees,OREB_p100,4
learner_selection,offense,audited_all,extra_trees,PFD_p100,4
learner_selection,offense,audited_all,extra_trees,PF_p100,4
learner_selection,offense,audited_all,extra_trees,PTS_p100,4
learner_selection,offense,audited_all,extra_trees,STL_p100,4
learner_selection,offense,audited_all,extra_trees,TOV_p100,4
learner_selection,offense,audited_all,extra_trees,arc3_accuracy,4
learner_selection,offense,audited_all,extra_trees,arc3_accuracy_eb,4
learner_selection,offense,audited_all,extra_trees,arc3_fga_p100,3
learner_selection,offense,audited_all,extra_trees,arc3_frequency,4
learner_selection,offense,audited_all,extra_trees,arc3_frequency_eb,4
learner_selection,offense,audited_all,extra_trees,arc3_frequency_relative,3
learner_selection,offense,audited_all,extra_trees,assist_to_load_2017_eb,4
learner_selection,offense,audited_all,extra_trees,at_rim_accuracy,4
learner_selection,offense,audited_all,extra_trees,at_rim_fga_p100,4
learner_selection,offense,audited_all,extra_trees,at_rim_frequency,4
learner_selection,offense,audited_all,extra_trees,at_rim_frequency_eb,4
learner_selection,offense,audited_all,extra_trees,bad_pass_turnover_share,4
learner_selection,offense,audited_all,extra_trees,bad_pass_turnover_share_eb,4
learner_selection,offense,audited_all,extra_trees,bad_pass_turnovers_p100,4
learner_selection,offense,audited_all,extra_trees,behavioral_passer_score_v1,4
learner_selection,offense,audited_all,extra_trees,box_creation_2017_eb_p100,4
learner_selection,offense,audited_all,extra_trees,catch_shoot_3_accuracy,4
learner_selection,offense,audited_all,extra_trees,catch_shoot_3_accuracy_eb,4
learner_selection,offense,audited_all,extra_trees,catch_shoot_accuracy,4
learner_selection,offense,audited_all,extra_trees,catch_shoot_accuracy_eb,4
learner_selection,offense,audited_all,extra_trees,catch_shoot_fga_p100,4
learner_selection,offense,audited_all,extra_trees,corner3_accuracy,4
learner_selection,offense,audited_all,extra_trees,corner3_accuracy_eb,4
learner_selection,offense,audited_all,extra_trees,corner3_fga_p100,4
learner_selection,offense,audited_all,extra_trees,corner3_frequency,4
learner_selection,offense,audited_all,extra_trees,corner3_frequency_eb,4
learner_selection,offense,audited_all,extra_trees,crafted_spacing_stable_v1,4
learner_selection,offense,audited_all,extra_trees,creation_to_load_2017_eb,4
learner_selection,offense,audited_all,extra_trees,dreb_chances_p100,4
learner_selection,offense,audited_all,extra_trees,dreb_contests_p100,4
learner_selection,offense,audited_all,extra_trees,drive_assists_per_drive_eb,4
learner_selection,offense,audited_all,extra_trees,drive_fta_per_drive_eb,4
learner_selection,offense,audited_all,extra_trees,drive_turnovers_p100,4
learner_selection,offense,audited_all,extra_trees,drive_turnovers_per_drive,4
learner_selection,offense,audited_all,extra_trees,drive_turnovers_per_drive_eb,4
learner_selection,offense,audited_all,extra_trees,drives_p100_relative,4
learner_selection,offense,audited_all,extra_trees,fg2_pct,4
learner_selection,offense,audited_all,extra_trees,fg3_pct,4
learner_selection,offense,audited_all,extra_trees,fg3_pct_eb,4
learner_selection,offense,audited_all,extra_trees,ft_pct,4
learner_selection,offense,audited_all,extra_trees,ft_pct_eb,4
learner_selection,offense,audited_all,extra_trees,live_ball_turnover_share,4
learner_selection,offense,audited_all,extra_trees,live_ball_turnover_share_eb,4
learner_selection,offense,audited_all,extra_trees,live_ball_turnovers_p100,4
learner_selection,offense,audited_all,extra_trees,load_adjusted_creation_residual,4
learner_selection,offense,audited_all,extra_trees,load_adjusted_shot_quality_residual,4
learner_selection,offense,audited_all,extra_trees,long_mid_accuracy,4
learner_selection,offense,audited_all,extra_trees,long_mid_accuracy_eb,4
learner_selection,offense,audited_all,extra_trees,long_mid_fga_p100,4
learner_selection,offense,audited_all,extra_trees,lost_ball_turnover_share,4
learner_selection,offense,audited_all,extra_trees,lost_ball_turnover_share_eb,4
learner_selection,offense,audited_all,extra_trees,lost_ball_turnovers_p100,4
learner_selection,offense,audited_all,extra_trees,offensive_fouls_p100,4
learner_selection,offense,audited_all,extra_trees,offensive_load_2017_eb_p100,4
learner_selection,offense,audited_all,extra_trees,open_3_accuracy,4
learner_selection,offense,audited_all,extra_trees,open_3_accuracy_eb,4
learner_selection,offense,audited_all,extra_trees,open_accuracy,4
learner_selection,offense,audited_all,extra_trees,open_accuracy_eb,4
learner_selection,offense,audited_all,extra_trees,open_fga_p100,4
learner_selection,offense,audited_all,extra_trees,passes_per_touch_eb,4
learner_selection,offense,audited_all,extra_trees,potential_assists_p100_relative,4
learner_selection,offense,audited_all,extra_trees,potential_assists_per_touch_eb,4
learner_selection,offense,audited_all,extra_trees,pull_up_3_accuracy,4
learner_selection,offense,audited_all,extra_trees,pull_up_3_accuracy_eb,4
learner_selection,offense,audited_all,extra_trees,pull_up_accuracy,4
learner_selection,offense,audited_all,extra_trees,pull_up_accuracy_eb,4
learner_selection,offense,audited_all,extra_trees,pull_up_fga_p100,4
learner_selection,offense,audited_all,extra_trees,rebound_chances_p100,4
learner_selection,offense,audited_all,extra_trees,rebound_contests_p100,4
learner_selection,offense,audited_all,extra_trees,recovered_blocks_p100,4
learner_selection,offense,audited_all,extra_trees,shooting_fouls_drawn_p100,4
learner_selection,offense,audited_all,extra_trees,shooting_proficiency_2017_eb,4
learner_selection,offense,audited_all,extra_trees,short_mid_accuracy,4
learner_selection,offense,audited_all,extra_trees,short_mid_fga_p100,4
learner_selection,offense,audited_all,extra_trees,short_mid_frequency,4
learner_selection,offense,audited_all,extra_trees,short_mid_frequency_eb,4
learner_selection,offense,audited_all,extra_trees,shot_quality_average_relative,4
learner_selection,offense,audited_all,extra_trees,spacing_creation_interaction,4
learner_selection,offense,audited_all,extra_trees,tight_3_accuracy,4
learner_selection,offense,audited_all,extra_trees,tight_3_accuracy_eb,4
learner_selection,offense,audited_all,extra_trees,tight_accuracy,4
learner_selection,offense,audited_all,extra_trees,tight_accuracy_eb,4
learner_selection,offense,audited_all,extra_trees,tight_fga_p100,4
learner_selection,offense,audited_all,extra_trees,travels_p100,4
learner_selection,offense,audited_all,extra_trees,true_shooting_pct,4
learner_selection,offense,audited_all,extra_trees,turnover_to_load_2017_eb,4
learner_selection,offense,audited_all,extra_trees,usage_events_p100,4
learner_selection,offense,audited_all,extra_trees,very_tight_3_accuracy,4
learner_selection,offense,audited_all,extra_trees,very_tight_accuracy,4
learner_selection,offense,audited_all,extra_trees,very_tight_fga_p100,4
learner_selection,offense,audited_all,extra_trees,wide_open_3_accuracy,4
learner_selection,offense,audited_all,extra_trees,wide_open_3_accuracy_eb,4
learner_selection,offense,audited_all,extra_trees,wide_open_accuracy,4
learner_selection,offense,audited_all,extra_trees,wide_open_accuracy_eb,4
learner_selection,offense,audited_all,extra_trees,wide_open_fga_p100,4
learner_selection,offense,audited_all,extra_trees,zts_pct_points,4
learner_selection,offense,audited_all,histogram_gbm,AST_p100,4
learner_selection,offense,audited_all,histogram_gbm,BLK_p100,4
learner_selection,offense,audited_all,histogram_gbm,DREB_p100,4
learner_selection,offense,audited_all,histogram_gbm,FG2A_p100,4
learner_selection,offense,audited_all,histogram_gbm,FG2M_p100,4
learner_selection,offense,audited_all,histogram_gbm,FG3A_p100,4
learner_selection,offense,audited_all,histogram_gbm,FG3M_p100,4
learner_selection,offense,audited_all,histogram_gbm,FTA_p100,4
learner_selection,offense,audited_all,histogram_gbm,FTM_p100,4
learner_selection,offense,audited_all,histogram_gbm,OREB_p100,4
learner_selection,offense,audited_all,histogram_gbm,PFD_p100,4
learner_selection,offense,audited_all,histogram_gbm,PF_p100,4
learner_selection,offense,audited_all,histogram_gbm,PTS_p100,4
learner_selection,offense,audited_all,histogram_gbm,STL_p100,4
learner_selection,offense,audited_all,histogram_gbm,TOV_p100,4
learner_selection,offense,audited_all,histogram_gbm,arc3_accuracy,4
learner_selection,offense,audited_all,histogram_gbm,arc3_accuracy_eb,4
learner_selection,offense,audited_all,histogram_gbm,arc3_fga_p100,3
learner_selection,offense,audited_all,histogram_gbm,arc3_frequency,4
learner_selection,offense,audited_all,histogram_gbm,arc3_frequency_eb,4
learner_selection,offense,audited_all,histogram_gbm,arc3_frequency_relative,3
learner_selection,offense,audited_all,histogram_gbm,assist_to_load_2017_eb,4
learner_selection,offense,audited_all,histogram_gbm,at_rim_accuracy,4
learner_selection,offense,audited_all,histogram_gbm,at_rim_fga_p100,4
learner_selection,offense,audited_all,histogram_gbm,at_rim_frequency,4
learner_selection,offense,audited_all,histogram_gbm,at_rim_frequency_eb,4
learner_selection,offense,audited_all,histogram_gbm,bad_pass_turnover_share,4
learner_selection,offense,audited_all,histogram_gbm,bad_pass_turnover_share_eb,4
learner_selection,offense,audited_all,histogram_gbm,bad_pass_turnovers_p100,4
learner_selection,offense,audited_all,histogram_gbm,behavioral_passer_score_v1,4
learner_selection,offense,audited_all,histogram_gbm,box_creation_2017_eb_p100,4
learner_selection,offense,audited_all,histogram_gbm,catch_shoot_3_accuracy,4
learner_selection,offense,audited_all,histogram_gbm,catch_shoot_3_accuracy_eb,4
learner_selection,offense,audited_all,histogram_gbm,catch_shoot_accuracy,4
learner_selection,offense,audited_all,histogram_gbm,catch_shoot_accuracy_eb,4
learner_selection,offense,audited_all,histogram_gbm,catch_shoot_fga_p100,4
learner_selection,offense,audited_all,histogram_gbm,corner3_accuracy,4
learner_selection,offense,audited_all,histogram_gbm,corner3_accuracy_eb,4
learner_selection,offense,audited_all,histogram_gbm,corner3_fga_p100,4
learner_selection,offense,audited_all,histogram_gbm,corner3_frequency,4
learner_selection,offense,audited_all,histogram_gbm,corner3_frequency_eb,4
learner_selection,offense,audited_all,histogram_gbm,crafted_spacing_stable_v1,4
learner_selection,offense,audited_all,histogram_gbm,creation_to_load_2017_eb,4
learner_selection,offense,audited_all,histogram_gbm,dreb_chances_p100,4
learner_selection,offense,audited_all,histogram_gbm,dreb_contests_p100,4
learner_selection,offense,audited_all,histogram_gbm,drive_assists_per_drive_eb,4
learner_selection,offense,audited_all,histogram_gbm,drive_fta_per_drive_eb,4
learner_selection,offense,audited_all,histogram_gbm,drive_turnovers_p100,4
learner_selection,offense,audited_all,histogram_gbm,drive_turnovers_per_drive,4
learner_selection,offense,audited_all,histogram_gbm,drive_turnovers_per_drive_eb,4
learner_selection,offense,audited_all,histogram_gbm,drives_p100_relative,4
learner_selection,offense,audited_all,histogram_gbm,fg2_pct,4
learner_selection,offense,audited_all,histogram_gbm,fg3_pct,4
learner_selection,offense,audited_all,histogram_gbm,fg3_pct_eb,4
learner_selection,offense,audited_all,histogram_gbm,ft_pct,4
learner_selection,offense,audited_all,histogram_gbm,ft_pct_eb,4
learner_selection,offense,audited_all,histogram_gbm,live_ball_turnover_share,4
learner_selection,offense,audited_all,histogram_gbm,live_ball_turnover_share_eb,4
learner_selection,offense,audited_all,histogram_gbm,live_ball_turnovers_p100,4
learner_selection,offense,audited_all,histogram_gbm,load_adjusted_creation_residual,4
learner_selection,offense,audited_all,histogram_gbm,load_adjusted_shot_quality_residual,4
learner_selection,offense,audited_all,histogram_gbm,long_mid_accuracy,4
learner_selection,offense,audited_all,histogram_gbm,long_mid_accuracy_eb,4
learner_selection,offense,audited_all,histogram_gbm,long_mid_fga_p100,4
learner_selection,offense,audited_all,histogram_gbm,lost_ball_turnover_share,4
learner_selection,offense,audited_all,histogram_gbm,lost_ball_turnover_share_eb,4
learner_selection,offense,audited_all,histogram_gbm,lost_ball_turnovers_p100,4
learner_selection,offense,audited_all,histogram_gbm,offensive_fouls_p100,4
learner_selection,offense,audited_all,histogram_gbm,offensive_load_2017_eb_p100,4
learner_selection,offense,audited_all,histogram_gbm,open_3_accuracy,4
learner_selection,offense,audited_all,histogram_gbm,open_3_accuracy_eb,4
learner_selection,offense,audited_all,histogram_gbm,open_accuracy,4
learner_selection,offense,audited_all,histogram_gbm,open_accuracy_eb,4
learner_selection,offense,audited_all,histogram_gbm,open_fga_p100,4
learner_selection,offense,audited_all,histogram_gbm,passes_per_touch_eb,4
learner_selection,offense,audited_all,histogram_gbm,potential_assists_p100_relative,4
learner_selection,offense,audited_all,histogram_gbm,potential_assists_per_touch_eb,4
learner_selection,offense,audited_all,histogram_gbm,pull_up_3_accuracy,4
learner_selection,offense,audited_all,histogram_gbm,pull_up_3_accuracy_eb,4
learner_selection,offense,audited_all,histogram_gbm,pull_up_accuracy,4
learner_selection,offense,audited_all,histogram_gbm,pull_up_accuracy_eb,4
learner_selection,offense,audited_all,histogram_gbm,pull_up_fga_p100,4
learner_selection,offense,audited_all,histogram_gbm,rebound_chances_p100,4
learner_selection,offense,audited_all,histogram_gbm,rebound_contests_p100,4
learner_selection,offense,audited_all,histogram_gbm,recovered_blocks_p100,4
learner_selection,offense,audited_all,histogram_gbm,shooting_fouls_drawn_p100,4
learner_selection,offense,audited_all,histogram_gbm,shooting_proficiency_2017_eb,4
learner_selection,offense,audited_all,histogram_gbm,short_mid_accuracy,4
learner_selection,offense,audited_all,histogram_gbm,short_mid_fga_p100,4
learner_selection,offense,audited_all,histogram_gbm,short_mid_frequency,4
learner_selection,offense,audited_all,histogram_gbm,short_mid_frequency_eb,4
learner_selection,offense,audited_all,histogram_gbm,shot_quality_average_relative,4
learner_selection,offense,audited_all,histogram_gbm,spacing_creation_interaction,4
learner_selection,offense,audited_all,histogram_gbm,tight_3_accuracy,4
learner_selection,offense,audited_all,histogram_gbm,tight_3_accuracy_eb,4
learner_selection,offense,audited_all,histogram_gbm,tight_accuracy,4
learner_selection,offense,audited_all,histogram_gbm,tight_accuracy_eb,4
learner_selection,offense,audited_all,histogram_gbm,tight_fga_p100,4
learner_selection,offense,audited_all,histogram_gbm,travels_p100,4
learner_selection,offense,audited_all,histogram_gbm,true_shooting_pct,4
learner_selection,offense,audited_all,histogram_gbm,turnover_to_load_2017_eb,4
learner_selection,offense,audited_all,histogram_gbm,usage_events_p100,4
learner_selection,offense,audited_all,histogram_gbm,very_tight_3_accuracy,4
learner_selection,offense,audited_all,histogram_gbm,very_tight_accuracy,4
learner_selection,offense,audited_all,histogram_gbm,very_tight_fga_p100,4
learner_selection,offense,audited_all,histogram_gbm,wide_open_3_accuracy,4
learner_selection,offense,audited_all,histogram_gbm,wide_open_3_accuracy_eb,4
learner_selection,offense,audited_all,histogram_gbm,wide_open_accuracy,4
learner_selection,offense,audited_all,histogram_gbm,wide_open_accuracy_eb,4
learner_selection,offense,audited_all,histogram_gbm,wide_open_fga_p100,4
learner_selection,offense,audited_all,histogram_gbm,zts_pct_points,4
learner_selection,offense,audited_all,ridge,AST_p100,4
learner_selection,offense,audited_all,ridge,BLK_p100,4
learner_selection,offense,audited_all,ridge,DREB_p100,4
learner_selection,offense,audited_all,ridge,FG2A_p100,4
learner_selection,offense,audited_all,ridge,FG2M_p100,4
learner_selection,offense,audited_all,ridge,FG3A_p100,4
learner_selection,offense,audited_all,ridge,FG3M_p100,4
learner_selection,offense,audited_all,ridge,FTA_p100,4
learner_selection,offense,audited_all,ridge,FTM_p100,4
learner_selection,offense,audited_all,ridge,OREB_p100,4
learner_selection,offense,audited_all,ridge,PFD_p100,4
learner_selection,offense,audited_all,ridge,PF_p100,4
learner_selection,offense,audited_all,ridge,PTS_p100,4
learner_selection,offense,audited_all,ridge,STL_p100,4
learner_selection,offense,audited_all,ridge,TOV_p100,4
learner_selection,offense,audited_all,ridge,arc3_accuracy,4
learner_selection,offense,audited_all,ridge,arc3_accuracy_eb,4
learner_selection,offense,audited_all,ridge,arc3_fga_p100,3
learner_selection,offense,audited_all,ridge,arc3_frequency,4
learner_selection,offense,audited_all,ridge,arc3_frequency_eb,4
learner_selection,offense,audited_all,ridge,arc3_frequency_relative,3
learner_selection,offense,audited_all,ridge,assist_to_load_2017_eb,4
learner_selection,offense,audited_all,ridge,at_rim_accuracy,4
learner_selection,offense,audited_all,ridge,at_rim_fga_p100,4
learner_selection,offense,audited_all,ridge,at_rim_frequency,4
learner_selection,offense,audited_all,ridge,at_rim_frequency_eb,4
learner_selection,offense,audited_all,ridge,bad_pass_turnover_share,4
learner_selection,offense,audited_all,ridge,bad_pass_turnover_share_eb,4
learner_selection,offense,audited_all,ridge,bad_pass_turnovers_p100,4
learner_selection,offense,audited_all,ridge,behavioral_passer_score_v1,4
learner_selection,offense,audited_all,ridge,box_creation_2017_eb_p100,4
learner_selection,offense,audited_all,ridge,catch_shoot_3_accuracy,4
learner_selection,offense,audited_all,ridge,catch_shoot_3_accuracy_eb,4
learner_selection,offense,audited_all,ridge,catch_shoot_accuracy,4
learner_selection,offense,audited_all,ridge,catch_shoot_accuracy_eb,4
learner_selection,offense,audited_all,ridge,catch_shoot_fga_p100,4
learner_selection,offense,audited_all,ridge,corner3_accuracy,4
learner_selection,offense,audited_all,ridge,corner3_accuracy_eb,4
learner_selection,offense,audited_all,ridge,corner3_fga_p100,4
learner_selection,offense,audited_all,ridge,corner3_frequency,4
learner_selection,offense,audited_all,ridge,corner3_frequency_eb,4
learner_selection,offense,audited_all,ridge,crafted_spacing_stable_v1,4
learner_selection,offense,audited_all,ridge,creation_to_load_2017_eb,4
learner_selection,offense,audited_all,ridge,dreb_chances_p100,4
learner_selection,offense,audited_all,ridge,dreb_contests_p100,4
learner_selection,offense,audited_all,ridge,drive_assists_per_drive_eb,4
learner_selection,offense,audited_all,ridge,drive_fta_per_drive_eb,4
learner_selection,offense,audited_all,ridge,drive_turnovers_p100,4
learner_selection,offense,audited_all,ridge,drive_turnovers_per_drive,4
learner_selection,offense,audited_all,ridge,drive_turnovers_per_drive_eb,4
learner_selection,offense,audited_all,ridge,drives_p100_relative,4
learner_selection,offense,audited_all,ridge,fg2_pct,4
learner_selection,offense,audited_all,ridge,fg3_pct,4
learner_selection,offense,audited_all,ridge,fg3_pct_eb,4
learner_selection,offense,audited_all,ridge,ft_pct,4
learner_selection,offense,audited_all,ridge,ft_pct_eb,4
learner_selection,offense,audited_all,ridge,live_ball_turnover_share,4
learner_selection,offense,audited_all,ridge,live_ball_turnover_share_eb,4
learner_selection,offense,audited_all,ridge,live_ball_turnovers_p100,4
learner_selection,offense,audited_all,ridge,load_adjusted_creation_residual,4
learner_selection,offense,audited_all,ridge,load_adjusted_shot_quality_residual,4
learner_selection,offense,audited_all,ridge,long_mid_accuracy,4
learner_selection,offense,audited_all,ridge,long_mid_accuracy_eb,4
learner_selection,offense,audited_all,ridge,long_mid_fga_p100,4
learner_selection,offense,audited_all,ridge,lost_ball_turnover_share,4
learner_selection,offense,audited_all,ridge,lost_ball_turnover_share_eb,4
learner_selection,offense,audited_all,ridge,lost_ball_turnovers_p100,4
learner_selection,offense,audited_all,ridge,offensive_fouls_p100,4
learner_selection,offense,audited_all,ridge,offensive_load_2017_eb_p100,4
learner_selection,offense,audited_all,ridge,open_3_accuracy,4
learner_selection,offense,audited_all,ridge,open_3_accuracy_eb,4
learner_selection,offense,audited_all,ridge,open_accuracy,4
learner_selection,offense,audited_all,ridge,open_accuracy_eb,4
learner_selection,offense,audited_all,ridge,open_fga_p100,4
learner_selection,offense,audited_all,ridge,passes_per_touch_eb,4
learner_selection,offense,audited_all,ridge,potential_assists_p100_relative,4
learner_selection,offense,audited_all,ridge,potential_assists_per_touch_eb,4
learner_selection,offense,audited_all,ridge,pull_up_3_accuracy,4
learner_selection,offense,audited_all,ridge,pull_up_3_accuracy_eb,4
learner_selection,offense,audited_all,ridge,pull_up_accuracy,4
learner_selection,offense,audited_all,ridge,pull_up_accuracy_eb,4
learner_selection,offense,audited_all,ridge,pull_up_fga_p100,4
learner_selection,offense,audited_all,ridge,rebound_chances_p100,4
learner_selection,offense,audited_all,ridge,rebound_contests_p100,4
learner_selection,offense,audited_all,ridge,recovered_blocks_p100,4
learner_selection,offense,audited_all,ridge,shooting_fouls_drawn_p100,4
learner_selection,offense,audited_all,ridge,shooting_proficiency_2017_eb,4
learner_selection,offense,audited_all,ridge,short_mid_accuracy,4
learner_selection,offense,audited_all,ridge,short_mid_fga_p100,4
learner_selection,offense,audited_all,ridge,short_mid_frequency,4
learner_selection,offense,audited_all,ridge,short_mid_frequency_eb,4
learner_selection,offense,audited_all,ridge,shot_quality_average_relative,4
learner_selection,offense,audited_all,ridge,spacing_creation_interaction,4
learner_selection,offense,audited_all,ridge,tight_3_accuracy,4
learner_selection,offense,audited_all,ridge,tight_3_accuracy_eb,4
learner_selection,offense,audited_all,ridge,tight_accuracy,4
learner_selection,offense,audited_all,ridge,tight_accuracy_eb,4
learner_selection,offense,audited_all,ridge,tight_fga_p100,4
learner_selection,offense,audited_all,ridge,travels_p100,4
learner_selection,offense,audited_all,ridge,true_shooting_pct,4
learner_selection,offense,audited_all,ridge,turnover_to_load_2017_eb,4
learner_selection,offense,audited_all,ridge,usage_events_p100,4
learner_selection,offense,audited_all,ridge,very_tight_3_accuracy,4
learner_selection,offense,audited_all,ridge,very_tight_accuracy,4
learner_selection,offense,audited_all,ridge,very_tight_fga_p100,4
learner_selection,offense,audited_all,ridge,wide_open_3_accuracy,4
learner_selection,offense,audited_all,ridge,wide_open_3_accuracy_eb,4
learner_selection,offense,audited_all,ridge,wide_open_accuracy,4
learner_selection,offense,audited_all,ridge,wide_open_accuracy_eb,4
learner_selection,offense,audited_all,ridge,wide_open_fga_p100,4
learner_selection,offense,audited_all,ridge,zts_pct_points,4
learner_selection,offense,box15,additive_spline_ridge,AST_p100,4
learner_selection,offense,box15,additive_spline_ridge,BLK_p100,4
learner_selection,offense,box15,additive_spline_ridge,DREB_p100,4
learner_selection,offense,box15,additive_spline_ridge,FG2A_p100,4
learner_selection,offense,box15,additive_spline_ridge,FG2M_p100,4
learner_selection,offense,box15,additive_spline_ridge,FG3A_p100,4
learner_selection,offense,box15,additive_spline_ridge,FG3M_p100,4
learner_selection,offense,box15,additive_spline_ridge,FTA_p100,4
learner_selection,offense,box15,additive_spline_ridge,FTM_p100,4
learner_selection,offense,box15,additive_spline_ridge,OREB_p100,4
learner_selection,offense,box15,additive_spline_ridge,PFD_p100,4
learner_selection,offense,box15,additive_spline_ridge,PF_p100,4
learner_selection,offense,box15,additive_spline_ridge,PTS_p100,4
learner_selection,offense,box15,additive_spline_ridge,STL_p100,4
learner_selection,offense,box15,additive_spline_ridge,TOV_p100,4
learner_selection,offense,box15,elastic_net,AST_p100,4
learner_selection,offense,box15,elastic_net,BLK_p100,4
learner_selection,offense,box15,elastic_net,DREB_p100,4
learner_selection,offense,box15,elastic_net,FG2A_p100,4
learner_selection,offense,box15,elastic_net,FG2M_p100,4
learner_selection,offense,box15,elastic_net,FG3A_p100,4
learner_selection,offense,box15,elastic_net,FG3M_p100,4
learner_selection,offense,box15,elastic_net,FTA_p100,4
learner_selection,offense,box15,elastic_net,FTM_p100,4
learner_selection,offense,box15,elastic_net,OREB_p100,4
learner_selection,offense,box15,elastic_net,PFD_p100,4
learner_selection,offense,box15,elastic_net,PF_p100,4
learner_selection,offense,box15,elastic_net,PTS_p100,4
learner_selection,offense,box15,elastic_net,STL_p100,4
learner_selection,offense,box15,elastic_net,TOV_p100,4
learner_selection,offense,box15,extra_trees,AST_p100,4
learner_selection,offense,box15,extra_trees,BLK_p100,4
learner_selection,offense,box15,extra_trees,DREB_p100,4
learner_selection,offense,box15,extra_trees,FG2A_p100,4
learner_selection,offense,box15,extra_trees,FG2M_p100,4
learner_selection,offense,box15,extra_trees,FG3A_p100,4
learner_selection,offense,box15,extra_trees,FG3M_p100,4
learner_selection,offense,box15,extra_trees,FTA_p100,4
learner_selection,offense,box15,extra_trees,FTM_p100,4
learner_selection,offense,box15,extra_trees,OREB_p100,4
learner_selection,offense,box15,extra_trees,PFD_p100,4
learner_selection,offense,box15,extra_trees,PF_p100,4
learner_selection,offense,box15,extra_trees,PTS_p100,4
learner_selection,offense,box15,extra_trees,STL_p100,4
learner_selection,offense,box15,extra_trees,TOV_p100,4
learner_selection,offense,box15,histogram_gbm,AST_p100,4
learner_selection,offense,box15,histogram_gbm,BLK_p100,4
learner_selection,offense,box15,histogram_gbm,DREB_p100,4
learner_selection,offense,box15,histogram_gbm,FG2A_p100,4
learner_selection,offense,box15,histogram_gbm,FG2M_p100,4
learner_selection,offense,box15,histogram_gbm,FG3A_p100,4
learner_selection,offense,box15,histogram_gbm,FG3M_p100,4
learner_selection,offense,box15,histogram_gbm,FTA_p100,4
learner_selection,offense,box15,histogram_gbm,FTM_p100,4
learner_selection,offense,box15,histogram_gbm,OREB_p100,4
learner_selection,offense,box15,histogram_gbm,PFD_p100,4
learner_selection,offense,box15,histogram_gbm,PF_p100,4
learner_selection,offense,box15,histogram_gbm,PTS_p100,4
learner_selection,offense,box15,histogram_gbm,STL_p100,4
learner_selection,offense,box15,histogram_gbm,TOV_p100,4
learner_selection,offense,box15,ridge,AST_p100,4
learner_selection,offense,box15,ridge,BLK_p100,4
learner_selection,offense,box15,ridge,DREB_p100,4
learner_selection,offense,box15,ridge,FG2A_p100,4
learner_selection,offense,box15,ridge,FG2M_p100,4
learner_selection,offense,box15,ridge,FG3A_p100,4
learner_selection,offense,box15,ridge,FG3M_p100,4
learner_selection,offense,box15,ridge,FTA_p100,4
learner_selection,offense,box15,ridge,FTM_p100,4
learner_selection,offense,box15,ridge,OREB_p100,4
learner_selection,offense,box15,ridge,PFD_p100,4
learner_selection,offense,box15,ridge,PF_p100,4
learner_selection,offense,box15,ridge,PTS_p100,4
learner_selection,offense,box15,ridge,STL_p100,4
learner_selection,offense,box15,ridge,TOV_p100,4
