PLAYER_ID,PLAYER,DFGM,DFGA,DFG%,FG%,DIFF%,year
201591,DJ White,2.0,2.0,100.0,0.642,99.358,2014
203548,Elias Harris,1.0,1.0,100.0,0.565,99.435,2014
203130,Darius Johnson-Odom,2.0,3.0,66.66666666666667,0.575,66.09166666666667,2014
203816,Scotty Hopson,1.0,1.0,100.0,0.574,99.426,2014
202197,Shane Edwards,1.0,1.0,100.0,0.745,99.255,2014
203552,Seth Curry,0.0,1.0,0.0,0.581,-0.581,2014
202620,Arinze Onuaku,2.0,2.0,100.0,0.612,99.388,2014
2740,Andris Biedrins,5.0,8.0,62.5,0.588,61.912,2014
2694,Josh Powell,2.0,4.0,50.0,0.525,49.475,2014
2756,Sasha Vujacic,1.0,1.0,100.0,0.505,99.495,2014
203505,Vander Blue,1.0,1.0,100.0,0.554,99.446,2014
2408,Melvin Ely,4.0,5.0,80.0,0.62,79.38,2014
101155,Ryan Gomes,2.0,2.0,100.0,0.54,99.46,2014
202498,Lance Thomas,3.0,3.0,100.0,0.576,99.424,2014
202345,Damion James,6.0,6.0,100.0,0.594,99.406,2014
203513,Erik Murphy,6.0,12.0,50.0,0.575,49.425,2014
202380,Hamady Ndiaye,10.0,14.0,71.42857142857143,0.606,70.82257142857144,2014
200758,Ronnie Brewer,5.0,7.0,71.42857142857143,0.636,70.79257142857143,2014
201785,Othyus Jeffers,2.0,4.0,50.0,0.617,49.383,2014
2224,Jamaal Tinsley,6.0,9.0,66.66666666666667,0.591,66.07566666666668,2014
2229,Mike James,3.0,5.0,60.0,0.612,59.388,2014
2586,Keith Bogans,1.0,3.0,33.333333333333336,0.611,32.72233333333334,2014
2248,Earl Watson,5.0,13.0,38.46153846153846,0.527,37.93453846153846,2014
203480,James Southerland,1.0,5.0,20.0,0.618,19.382,2014
203519,Adonis Thomas,1.0,2.0,50.0,0.61,49.39,2014
200780,Solomon Jones,7.0,13.0,53.84615384615385,0.637,53.209153846153846,2014
202952,Malcolm Thomas,5.0,9.0,55.55555555555556,0.621,54.934555555555555,2014
203136,Ognjen Kuzmic,15.0,22.0,68.18181818181819,0.562,67.61981818181819,2014
1536,Stephen Jackson,1.0,6.0,16.666666666666668,0.573,16.093666666666667,2014
203496,Robert Covington,1.0,1.0,100.0,0.493,99.507,2014
202933,Julyan Stone,9.0,14.0,64.28571428571429,0.584,63.70171428571429,2014
203495,Ricky Ledo,3.0,4.0,75.0,0.645,74.355,2014
203467,Carrick Felix,2.0,3.0,66.66666666666667,0.559,66.10766666666667,2014
203139,Viacheslav Kravtsov,4.0,6.0,66.66666666666667,0.596,66.07066666666667,2014
101183,Shavlik Randolph,8.0,19.0,42.10526315789474,0.546,41.55926315789474,2014
203502,Tony Mitchell,13.0,17.0,76.47058823529412,0.578,75.89258823529411,2014
203569,Chris Babb,4.0,7.0,57.142857142857146,0.6130000000000001,56.529857142857146,2014
203517,Nemanja Nedovic,4.0,11.0,36.36363636363637,0.554,35.809636363636365,2014
200756,Hilton Armstrong,10.0,22.0,45.45454545454545,0.592,44.862545454545455,2014
2215,Jason Collins,28.0,40.0,70.0,0.606,69.394,2014
203120,Justin Hamilton,8.0,13.0,61.53846153846154,0.582,60.95646153846154,2014
203099,Jared Cunningham,6.0,10.0,60.0,0.581,59.419,2014
203129,Tornike Shengelia,7.0,12.0,58.333333333333336,0.551,57.782333333333334,2014
201934,Hasheem Thabeet,16.0,29.0,55.172413793103445,0.6079999999999999,54.56441379310345,2014
203108,Bernard James,19.0,33.0,57.57575757575758,0.587,56.988757575757575,2014
201202,Joel Anthony,22.0,35.0,62.857142857142854,0.598,62.259142857142855,2014
203318,Glen Rice,5.0,8.0,62.5,0.618,61.882,2014
203459,Allen Crabbe,5.0,6.0,83.33333333333333,0.532,82.80133333333333,2014
201580,JaVale McGee,11.0,16.0,68.75,0.627,68.123,2014
203102,Arnett Moultrie,16.0,31.0,51.61290322580645,0.59,51.022903225806445,2014
203508,Sergey Karasev,7.0,14.0,50.0,0.602,49.398,2014
202962,Greg Smith,10.0,15.0,66.66666666666667,0.598,66.06866666666667,2014
200811,Lou Amundson,15.0,21.0,71.42857142857143,0.586,70.84257142857143,2014
203479,Jamaal Franklin,9.0,15.0,60.0,0.596,59.404,2014
203263,James Nunnally,11.0,16.0,68.75,0.595,68.155,2014
203098,John Jenkins,10.0,14.0,71.42857142857143,0.5729999999999998,70.85557142857144,2014
203584,Troy Daniels,7.0,10.0,70.0,0.606,69.394,2014
202779,Dwight Buycks,3.0,7.0,42.857142857142854,0.559,42.29814285714286,2014
201985,AJ Price,3.0,4.0,75.0,0.558,74.442,2014
201964,Victor Claver,13.0,24.0,54.166666666666664,0.622,53.544666666666664,2014
203524,Solomon Hill,13.0,18.0,72.22222222222223,0.592,71.63022222222223,2014
203810,Casper Ware,5.0,6.0,83.33333333333333,0.57,82.76333333333334,2014
202874,Chris Wright,6.0,13.0,46.15384615384615,0.568,45.585846153846155,2014
203491,Peyton Siva,6.0,10.0,60.0,0.552,59.448,2014
202361,Landry Fields,15.0,32.0,46.875,0.619,46.256,2014
201189,Aaron Gray,35.0,50.0,70.0,0.594,69.406,2014
203268,Jorge Gutierrez,17.0,24.0,70.83333333333333,0.554,70.27933333333333,2014
200769,Shannon Brown,13.0,20.0,65.0,0.606,64.394,2014
203485,Lorenzo Brown,9.0,18.0,50.0,0.578,49.422,2014
202350,Daniel Orton,21.0,39.0,53.84615384615385,0.577,53.26915384615385,2014
201948,Austin Daye,15.0,20.0,75.0,0.586,74.414,2014
201141,Greg Oden,16.0,38.0,42.10526315789474,0.575,41.53026315789474,2014
203546,Ian Clark,9.0,11.0,81.81818181818181,0.554,81.26418181818181,2014
202091,Dionte Christmas,12.0,17.0,70.58823529411765,0.589,69.99923529411765,2014
1497,Chauncey Billups,11.0,15.0,73.33333333333333,0.583,72.75033333333333,2014
202412,Manny Harris,10.0,12.0,83.33333333333333,0.596,82.73733333333332,2014
203539,Gal Mekel,7.0,9.0,77.77777777777777,0.554,77.22377777777777,2014
2427,Roger Mason Jr.,10.0,13.0,76.92307692307692,0.602,76.32107692307692,2014
101179,Ronnie Price,9.0,14.0,64.28571428571429,0.553,63.732714285714295,2014
202698,Chris Singleton,23.0,32.0,71.875,0.565,71.31,2014
203460,Andre Roberson,29.0,46.0,63.04347826086956,0.592,62.451478260869564,2014
203488,Mike Muscala,37.0,54.0,68.51851851851852,0.6,67.91851851851852,2014
201171,Carl Landry,27.0,41.0,65.85365853658537,0.589,65.26465853658537,2014
203490,Otto Porter Jr.,11.0,17.0,64.70588235294117,0.593,64.11288235294117,2014
201575,Brandon Rush,31.0,45.0,68.88888888888889,0.571,68.31788888888889,2014
201953,Eric Maynor,24.0,28.0,85.71428571428571,0.6,85.11428571428571,2014
977,Kobe Bryant,12.0,21.0,57.142857142857146,0.623,56.51985714285715,2014
203540,Gigi Datome,19.0,24.0,79.16666666666667,0.612,78.55466666666668,2014
200839,Mike Harris,22.0,39.0,56.41025641025641,0.567,55.84325641025641,2014
1712,Antawn Jamison,30.0,52.0,57.69230769230769,0.576,57.11630769230769,2014
203116,Tyshawn Taylor,10.0,19.0,52.63157894736842,0.569,52.062578947368415,2014
203458,Alex Len,51.0,81.0,62.96296296296296,0.601,62.36196296296296,2014
101111,Charlie Villanueva,23.0,35.0,65.71428571428571,0.581,65.1332857142857,2014
202332,Cole Aldrich,35.0,86.0,40.69767441860465,0.581,40.116674418604646,2014
202725,Josh Harrellson,26.0,63.0,41.26984126984127,0.5929999999999999,40.676841269841276,2014
202347,Quincy Pondexter,9.0,11.0,81.81818181818181,0.586,81.23218181818181,2014
2592,James Jones,16.0,23.0,69.56521739130434,0.566,68.99921739130434,2014
203473,Dewayne Dedmon,54.0,87.0,62.06896551724138,0.603,61.46596551724138,2014
203086,Meyers Leonard,49.0,70.0,70.0,0.583,69.417,2014
2732,Ben Gordon,9.0,14.0,64.28571428571429,0.602,63.683714285714295,2014
202363,Jarvis Varnado,49.0,84.0,58.333333333333336,0.591,57.742333333333335,2014
203111,Orlando Johnson,21.0,33.0,63.63636363636363,0.588,63.04836363636363,2014
203477,Isaiah Canaan,9.0,13.0,69.23076923076923,0.604,68.62676923076923,2014
959,Steve Nash,14.0,14.0,100.0,0.61,99.39,2014
203497,Rudy Gobert,55.0,110.0,50.0,0.584,49.416,2014
202721,Darius Morris,9.0,15.0,60.0,0.573,59.427,2014
203104,Marquis Teague,18.0,30.0,60.0,0.561,59.439,2014
202970,Gustavo Ayon,53.0,92.0,57.608695652173914,0.594,57.01469565217391,2014
101131,Jason Maxiell,43.0,75.0,57.333333333333336,0.604,56.72933333333334,2014
202388,Donald Sloan,15.0,23.0,65.21739130434783,0.579,64.63839130434783,2014
2045,Hedo Turkoglu,29.0,52.0,55.76923076923077,0.588,55.181230769230766,2014
203493,Reggie Bullock Jr.,18.0,37.0,48.648648648648646,0.558,48.090648648648646,2014
1737,Nazr Mohammed,46.0,96.0,47.916666666666664,0.589,47.327666666666666,2014
101236,Chuck Hayes,73.0,117.0,62.39316239316239,0.589,61.80416239316239,2014
203499,Shane Larkin,17.0,25.0,68.0,0.585,67.415,2014
2457,Jannero Pargo,8.0,13.0,61.53846153846154,0.557,60.98146153846154,2014
2446,Rasual Butler,18.0,34.0,52.94117647058823,0.59,52.35117647058823,2014
2030,Kenyon Martin,49.0,84.0,58.333333333333336,0.59,57.74333333333333,2014
202066,Garrett Temple,29.0,55.0,52.72727272727273,0.571,52.15627272727273,2014
1897,Metta World Peace,28.0,51.0,54.90196078431372,0.584,54.31796078431372,2014
203315,Toure' Murry,10.0,21.0,47.61904761904762,0.565,47.05404761904762,2014
200797,Ryan Hollins,39.0,89.0,43.82022471910113,0.568,43.25222471910113,2014
203498,Shabazz Muhammad,9.0,23.0,39.130434782608695,0.603,38.527434782608694,2014
203561,Brandon Davies,51.0,82.0,62.19512195121951,0.602,61.593121951219516,2014
202327,Ekpe Udoh,98.0,169.0,57.98816568047337,0.593,57.39516568047337,2014
201961,Wayne Ellington,25.0,32.0,78.125,0.588,77.537,2014
202719,Jeremy Tyler,39.0,72.0,54.166666666666664,0.571,53.595666666666666,2014
101142,Ronny Turiaf,71.0,149.0,47.651006711409394,0.597,47.05400671140939,2014
2571,Leandro Barbosa,8.0,15.0,53.333333333333336,0.571,52.76233333333334,2014
203142,Chris Copeland,24.0,39.0,61.53846153846154,0.574,60.96446153846154,2014
1891,Jason Terry,17.0,26.0,65.38461538461539,0.603,64.78161538461539,2014
201565,Derrick Rose,16.0,27.0,59.25925925925926,0.574,58.68525925925926,2014
202705,MarShon Brooks,17.0,25.0,68.0,0.585,67.415,2014
101249,John Lucas III,31.0,40.0,77.5,0.605,76.895,2014
201880,Greg Stiemsma,122.0,207.0,58.93719806763285,0.6,58.33719806763285,2014
203382,Aron Baynes,53.0,94.0,56.38297872340426,0.58,55.80297872340426,2014
203543,Vitor Faverani,61.0,117.0,52.136752136752136,0.583,51.55375213675214,2014
203115,Will Barton,18.0,37.0,48.648648648648646,0.599,48.04964864864865,2014
202337,Luke Babbitt,45.0,68.0,66.17647058823529,0.601,65.57547058823529,2014
203112,Quincy Acy,66.0,125.0,52.8,0.596,52.204,2014
2617,Udonis Haslem,54.0,84.0,64.28571428571429,0.6,63.68571428571429,2014
202336,Larry Sanders,55.0,112.0,49.107142857142854,0.603,48.50414285714285,2014
200777,Joel Freeland,86.0,165.0,52.121212121212125,0.586,51.535212121212126,2014
203471,Dennis Schröder,26.0,43.0,60.46511627906977,0.551,59.914116279069766,2014
201986,Nando De Colo,16.0,32.0,50.0,0.573,49.427,2014
200779,Steve Novak,36.0,62.0,58.064516129032256,0.595,57.46951612903226,2014
2400,Drew Gooden,45.0,72.0,62.5,0.59,61.91,2014
203545,Miroslav Raduljica,37.0,89.0,41.57303370786517,0.587,40.98603370786517,2014
203133,Robbie Hummel,48.0,72.0,66.66666666666667,0.6,66.06666666666668,2014
201957,Byron Mullens,63.0,86.0,73.25581395348837,0.59,72.66581395348837,2014
203481,Jeff Withey,73.0,144.0,50.69444444444444,0.592,50.102444444444444,2014
203117,Doron Lamb,27.0,33.0,81.81818181818181,0.595,81.22318181818181,2014
203462,Archie Goodwin,30.0,58.0,51.724137931034484,0.559,51.16513793103449,2014
2588,Matt Bonner,54.0,99.0,54.54545454545455,0.59,53.95545454545454,2014
202686,Jan Vesely,68.0,120.0,56.666666666666664,0.589,56.077666666666666,2014
2757,Beno Udrih,38.0,66.0,57.57575757575758,0.59,56.985757575757575,2014
203121,Darius Miller,42.0,57.0,73.6842105263158,0.6099999999999999,73.0742105263158,2014
203468,CJ McCollum,20.0,33.0,60.60606060606061,0.605,60.00106060606061,2014
201962,Toney Douglas,26.0,35.0,74.28571428571429,0.59,73.69571428571429,2014
200761,Shawne Williams,78.0,139.0,56.115107913669064,0.588,55.52710791366906,2014
201576,Anthony Randolph,44.0,85.0,51.76470588235294,0.579,51.18570588235294,2014
203106,Jeffery Taylor,17.0,34.0,50.0,0.577,49.423,2014
2570,Kendrick Perkins,82.0,163.0,50.306748466257666,0.598,49.70874846625767,2014
203515,Phil Pressey,44.0,61.0,72.1311475409836,0.595,71.5361475409836,2014
2501,Reggie Evans,101.0,146.0,69.17808219178082,0.595,68.58308219178082,2014
203103,Perry Jones III,45.0,79.0,56.962025316455694,0.597,56.36502531645569,2014
1733,Al Harrington,36.0,54.0,66.66666666666667,0.596,66.07066666666667,2014
203461,Anthony Bennett,49.0,75.0,65.33333333333333,0.593,64.74033333333333,2014
1905,Andrei Kirilenko,57.0,89.0,64.04494382022472,0.588,63.456943820224716,2014
202687,Bismack Biyombo,87.0,214.0,40.654205607476634,0.583,40.071205607476635,2014
201601,Luc Mbah a Moute,79.0,115.0,68.69565217391305,0.6099999999999999,68.08565217391305,2014
101115,Andrew Bynum,42.0,84.0,50.0,0.592,49.408,2014
201965,Jeff Ayres,93.0,163.0,57.05521472392638,0.59,56.46521472392638,2014
203197,Diante Garrett,53.0,70.0,75.71428571428571,0.587,75.1272857142857,2014
202338,Kevin Seraphin,52.0,114.0,45.6140350877193,0.59,45.0240350877193,2014
203144,Alexey Shved,33.0,50.0,66.0,0.585,65.415,2014
203187,Chris Johnson,45.0,63.0,71.42857142857143,0.597,70.83157142857144,2014
203143,Pablo Prigioni,48.0,65.0,73.84615384615384,0.593,73.25315384615384,2014
201947,Earl Clark,64.0,98.0,65.3061224489796,0.596,64.71012244897959,2014
203113,Quincy Miller,64.0,113.0,56.63716814159292,0.6130000000000001,56.024168141592924,2014
202087,Alonzo Gee,45.0,60.0,75.0,0.59,74.41,2014
202397,Ish Smith,54.0,84.0,64.28571428571429,0.569,63.71671428571429,2014
203500,Steven Adams,130.0,232.0,56.03448275862069,0.599,55.435482758620694,2014
1740,Rashard Lewis,85.0,123.0,69.10569105691057,0.589,68.51669105691057,2014
201973,Jonas Jerebko,69.0,95.0,72.63157894736842,0.593,72.03857894736842,2014
101133,Ian Mahinmi,132.0,291.0,45.36082474226804,0.588,44.77282474226804,2014
202690,Jimmer Fredette,28.0,40.0,70.0,0.568,69.432,2014
2584,Willie Green,34.0,71.0,47.88732394366197,0.586,47.30132394366197,2014
201978,Chase Budinger,43.0,62.0,69.35483870967742,0.598,68.75683870967742,2014
1889,Andre Miller,35.0,52.0,67.3076923076923,0.579,66.72869230769231,2014
203492,Ray McCallum,53.0,89.0,59.550561797752806,0.596,58.95456179775281,2014
201600,Omer Asik,104.0,210.0,49.523809523809526,0.599,48.92480952380953,2014
203476,Gorgui Dieng,128.0,216.0,59.25925925925926,0.6,58.65925925925926,2014
2222,Gerald Wallace,61.0,105.0,58.095238095238095,0.601,57.494238095238096,2014
2203,Shane Battier,155.0,267.0,58.052434456928836,0.598,57.45443445692884,2014
201160,Jason Smith,111.0,169.0,65.68047337278107,0.605,65.07547337278106,2014
202720,Jon Leuer,48.0,79.0,60.75949367088607,0.586,60.173493670886074,2014
2557,Luke Ridnour,43.0,58.0,74.13793103448276,0.59,73.54793103448276,2014
202730,Lavoy Allen,109.0,186.0,58.60215053763441,0.577,58.02515053763441,2014
201946,Tyler Hansbrough,83.0,136.0,61.029411764705884,0.589,60.440411764705885,2014
2734,Devin Harris,33.0,43.0,76.74418604651163,0.585,76.15918604651164,2014
101128,Francisco Garcia,75.0,111.0,67.56756756756756,0.598,66.96956756756757,2014
201582,Alexis Ajinca,111.0,184.0,60.32608695652174,0.601,59.72508695652174,2014
201858,Cartier Martin,51.0,72.0,70.83333333333333,0.595,70.23833333333333,2014
201604,Chris Douglas-Roberts,43.0,72.0,59.72222222222222,0.584,59.13822222222222,2014
101122,Danny Granger,27.0,53.0,50.943396226415096,0.596,50.3473962264151,2014
2555,Nick Collison,100.0,191.0,52.35602094240838,0.591,51.76502094240838,2014
203080,Thomas Robinson,74.0,120.0,61.666666666666664,0.591,61.07566666666666,2014
203521,Matthew Dellavedova,60.0,88.0,68.18181818181819,0.587,67.59481818181818,2014
708,Kevin Garnett,98.0,185.0,52.972972972972975,0.592,52.38097297297298,2014
979,Jermaine O'Neal,82.0,174.0,47.12643678160919,0.598,46.528436781609194,2014
203544,Pero Antic,90.0,157.0,57.32484076433121,0.6,56.72484076433121,2014
202700,Donatas Motiejunas,78.0,136.0,57.35294117647059,0.585,56.767941176470586,2014
202709,Cory Joseph,48.0,74.0,64.86486486486487,0.586,64.27886486486487,2014
2748,Dorell Wright,84.0,149.0,56.375838926174495,0.593,55.78283892617449,2014
2566,Travis Outlaw,79.0,114.0,69.29824561403508,0.601,68.69724561403508,2014
203503,Tony Snell,53.0,87.0,60.91954022988506,0.599,60.32054022988506,2014
201979,Nick Calathes,34.0,58.0,58.62068965517241,0.587,58.03368965517241,2014
203156,Henry Sims,96.0,162.0,59.25925925925926,0.6,58.65925925925926,2014
200765,Rajon Rondo,44.0,56.0,78.57142857142857,0.609,77.96242857142857,2014
203135,Robert Sacre,146.0,266.0,54.88721804511278,0.588,54.29921804511278,2014
201572,Brook Lopez,50.0,112.0,44.642857142857146,0.5889999999999999,44.05385714285715,2014
203109,Jae Crowder,61.0,92.0,66.30434782608695,0.603,65.70134782608696,2014
202334,Ed Davis,72.0,145.0,49.6551724137931,0.598,49.057172413793104,2014
202399,Jeff Adrien,112.0,180.0,62.22222222222222,0.588,61.63422222222222,2014
2581,Steve Blake,76.0,103.0,73.7864077669903,0.584,73.20240776699029,2014
200757,Thabo Sefolosha,88.0,140.0,62.857142857142854,0.607,62.250142857142855,2014
201949,James Johnson,60.0,103.0,58.25242718446602,0.595,57.65742718446602,2014
201229,Anthony Tolliver,68.0,118.0,57.6271186440678,0.612,57.0151186440678,2014
203092,Tyler Zeller,96.0,180.0,53.333333333333336,0.596,52.73733333333334,2014
2422,John Salmons,76.0,122.0,62.295081967213115,0.6,61.69508196721311,2014
201589,Darrell Arthur,96.0,178.0,53.93258426966292,0.589,53.34358426966292,2014
202379,Jeremy Evans,112.0,189.0,59.25925925925926,0.597,58.66225925925926,2014
2585,Zaza Pachulia,144.0,233.0,61.802575107296136,0.596,61.20657510729614,2014
203145,Kent Bazemore,51.0,86.0,59.30232558139535,0.59,58.71232558139535,2014
2549,Chris Kaman,84.0,193.0,43.523316062176164,0.599,42.92431606217617,2014
202706,Jordan Hamilton,2400.0,3904.0,61.47540983606557,0.599606557377049,60.87580327868852,2014
202343,Elliot Williams,39.0,54.0,72.22222222222223,0.592,71.63022222222223,2014
203489,Nate Wolters,65.0,99.0,65.65656565656566,0.576,65.08056565656567,2014
1882,Elton Brand,150.0,285.0,52.63157894736842,0.587,52.044578947368414,2014
201228,C.J. Watson,31.0,49.0,63.265306122448976,0.588,62.677306122448975,2014
200770,Jordan Farmar,52.0,71.0,73.2394366197183,0.602,72.6374366197183,2014
965,Derek Fisher,45.0,62.0,72.58064516129032,0.604,71.97664516129032,2014
203124,Kyle O'Quinn,115.0,208.0,55.28846153846154,0.582,54.70646153846154,2014
203088,Kendall Marshall,76.0,98.0,77.55102040816327,0.605,76.94602040816326,2014
202333,Xavier Henry,49.0,77.0,63.63636363636363,0.617,63.019363636363636,2014
203094,Andrew Nicholson,107.0,184.0,58.15217391304348,0.599,57.55317391304348,2014
201583,Ryan Anderson,73.0,111.0,65.76576576576576,0.594,65.17176576576577,2014
201563,Michael Beasley,65.0,123.0,52.84552845528455,0.593,52.25252845528455,2014
203077,Michael Kidd-Gilchrist,86.0,162.0,53.08641975308642,0.598,52.48841975308642,2014
2419,Tayshaun Prince,109.0,175.0,62.285714285714285,0.603,61.68271428571428,2014
101126,Nate Robinson,19.0,29.0,65.51724137931035,0.573,64.94424137931036,2014
203138,Hollis Thompson,96.0,147.0,65.3061224489796,0.608,64.69812244897959,2014
203484,Kentavious Caldwell-Pope,66.0,97.0,68.04123711340206,0.592,67.44923711340206,2014
203527,Ryan Kelly,126.0,186.0,67.74193548387096,0.602,67.13993548387096,2014
2365,Chris Andersen,155.0,296.0,52.36486486486486,0.59,51.77486486486486,2014
2199,Tyson Chandler,180.0,309.0,58.25242718446602,0.595,57.65742718446602,2014
201168,Tiago Splitter,88.0,198.0,44.44444444444444,0.591,43.85344444444444,2014
203469,Cody Zeller,115.0,184.0,62.5,0.593,61.907,2014
101198,Will Bynum,39.0,56.0,69.64285714285714,0.574,69.06885714285714,2014
101106,Andrew Bogut,181.0,363.0,49.862258953168045,0.601,49.261258953168046,2014
201950,Jrue Holiday,50.0,78.0,64.1025641025641,0.585,63.5175641025641,2014
201956,Omri Casspi,101.0,176.0,57.38636363636363,0.59,56.79636363636363,2014
202344,Trevor Booker,114.0,173.0,65.89595375722543,0.597,65.29895375722543,2014
2754,Tony Allen,24.0,51.0,47.05882352941177,0.594,46.46482352941177,2014
202697,Iman Shumpert,106.0,152.0,69.73684210526316,0.606,69.13084210526317,2014
201971,DeJuan Blair,130.0,228.0,57.01754385964912,0.602,56.41554385964913,2014
202734,E'Twaun Moore,62.0,103.0,60.19417475728155,0.598,59.59617475728155,2014
203110,Draymond Green,150.0,259.0,57.915057915057915,0.586,57.329057915057916,2014
101139,CJ Miles,40.0,55.0,72.72727272727273,0.596,72.13127272727273,2014
201578,Marreese Speights,97.0,167.0,58.08383233532934,0.59,57.49383233532934,2014
201967,Dante Cunningham,182.0,296.0,61.486486486486484,0.593,60.89348648648648,2014
201162,Jared Dudley,122.0,206.0,59.22330097087379,0.596,58.62730097087379,2014
201585,Kosta Koufos,137.0,280.0,48.92857142857143,0.603,48.32557142857143,2014
203486,Mason Plumlee,158.0,265.0,59.62264150943396,0.595,59.02764150943396,2014
203507,Giannis Antetokounmpo,116.0,228.0,50.87719298245614,0.592,50.28519298245614,2014
201148,Brandan Wright,113.0,192.0,58.854166666666664,0.597,58.25716666666666,2014
202714,Shelvin Mack,71.0,110.0,64.54545454545455,0.59,63.95545454545454,2014
202708,Norris Cole,77.0,109.0,70.64220183486239,0.582,70.0602018348624,2014
2223,Samuel Dalembert,181.0,340.0,53.23529411764706,0.608,52.62729411764706,2014
203085,Austin Rivers,64.0,103.0,62.13592233009709,0.586,61.54992233009709,2014
200755,JJ Redick,40.0,67.0,59.701492537313435,0.599,59.10249253731344,2014
202335,Patrick Patterson,133.0,239.0,55.64853556485355,0.603,55.04553556485355,2014
201143,Al Horford,76.0,156.0,48.717948717948715,0.595,48.12294871794872,2014
202390,Gary Neal,43.0,59.0,72.88135593220339,0.585,72.2963559322034,2014
2760,Anderson Varejao,152.0,276.0,55.072463768115945,0.584,54.48846376811594,2014
101187,Alan Anderson,80.0,121.0,66.11570247933884,0.589,65.52670247933884,2014
200745,Andrea Bargnani,108.0,178.0,60.674157303370784,0.605,60.06915730337079,2014
202329,Al-Farouq Aminu,161.0,244.0,65.98360655737704,0.607,65.37660655737704,2014
201976,Patrick Beverley,77.0,137.0,56.2043795620438,0.591,55.6133795620438,2014
2406,Caron Butler,75.0,122.0,61.47540983606557,0.5919999999999999,60.883409836065574,2014
201574,Jason Thompson,166.0,289.0,57.43944636678201,0.607,56.83244636678201,2014
2743,Kris Humphries,165.0,300.0,55.0,0.596,54.404,2014
2034,Mike Miller,67.0,107.0,62.61682242990654,0.602,62.014822429906545,2014
2738,Andre Iguodala,97.0,146.0,66.43835616438356,0.603,65.83535616438357,2014
201564,O.J. Mayo,57.0,95.0,60.0,0.591,59.409,2014
203090,Maurice Harkless,108.0,157.0,68.78980891719745,0.61,68.17980891719745,2014
101107,Marvin Williams,130.0,212.0,61.320754716981135,0.602,60.71875471698114,2014
101141,Ersan Ilyasova,166.0,259.0,64.0926640926641,0.594,63.49866409266409,2014
203482,Kelly Olynyk,149.0,239.0,62.34309623430963,0.586,61.75709623430963,2014
203141,Mirza Teletovic,115.0,202.0,56.93069306930693,0.586,56.344693069306935,2014
101150,Lou Williams,46.0,68.0,67.6470588235294,0.597,67.05005882352941,2014
201980,Danny Green,127.0,204.0,62.254901960784316,0.604,61.65090196078432,2014
202682,Derrick Williams,112.0,175.0,64.0,0.604,63.396,2014
2733,Shaun Livingston,70.0,131.0,53.43511450381679,0.597,52.83811450381679,2014
2440,Matt Barnes,116.0,167.0,69.46107784431138,0.606,68.85507784431138,2014
2449,Luis Scola,99.0,168.0,58.92857142857143,0.599,58.329571428571434,2014
101109,Raymond Felton,106.0,172.0,61.627906976744185,0.589,61.03890697674419,2014
201627,Anthony Morrow,59.0,87.0,67.816091954023,0.599,67.21709195402299,2014
203095,Evan Fournier,91.0,131.0,69.46564885496183,0.588,68.87764885496183,2014
201175,Glen Davis,157.0,285.0,55.08771929824562,0.583,54.50471929824562,2014
201166,Aaron Brooks,76.0,113.0,67.2566371681416,0.597,66.6596371681416,2014
203101,Miles Plumlee,266.0,495.0,53.73737373737374,0.599,53.13837373737374,2014
201177,Josh McRoberts,169.0,278.0,60.79136690647482,0.598,60.19336690647482,2014
200826,J.J. Barea,54.0,78.0,69.23076923076923,0.574,68.65676923076923,2014
203087,Jeremy Lamb,60.0,99.0,60.60606060606061,0.574,60.03206060606061,2014
201573,Jerryd Bayless,98.0,132.0,74.24242424242425,0.593,73.64942424242425,2014
2550,Kirk Hinrich,88.0,157.0,56.05095541401274,0.58,55.47095541401274,2014
203148,Brian Roberts,82.0,115.0,71.30434782608695,0.582,70.72234782608696,2014
201977,Marcus Thornton,88.0,124.0,70.96774193548387,0.587,70.38074193548387,2014
201941,Jordan Hill,185.0,353.0,52.40793201133145,0.593,51.81493201133145,2014
951,Ray Allen,108.0,137.0,78.83211678832117,0.599,78.23311678832117,2014
202325,Wesley Johnson,196.0,297.0,65.993265993266,0.605,65.38826599326599,2014
201596,Mario Chalmers,90.0,149.0,60.40268456375839,0.588,59.81468456375839,2014
203463,Ben McLemore,118.0,188.0,62.765957446808514,0.6,62.16595744680851,2014
2564,Boris Diaw,167.0,283.0,59.01060070671378,0.592,58.41860070671378,2014
2590,Mo Williams,77.0,121.0,63.63636363636363,0.568,63.068363636363635,2014
203084,Harrison Barnes,111.0,178.0,62.359550561797754,0.598,61.761550561797755,2014
203118,Mike Scott,101.0,156.0,64.74358974358974,0.591,64.15258974358974,2014
202349,Greivis Vasquez,78.0,118.0,66.10169491525424,0.592,65.50969491525424,2014
101110,Martell Webster,72.0,116.0,62.06896551724138,0.603,61.46596551724138,2014
2403,Nene,135.0,216.0,62.5,0.594,61.906,2014
101127,Jarrett Jack,87.0,139.0,62.589928057553955,0.594,61.995928057553954,2014
200782,P.J. Tucker,101.0,165.0,61.21212121212121,0.611,60.601121212121214,2014
201584,Courtney Lee,87.0,126.0,69.04761904761905,0.599,68.44861904761905,2014
202339,Eric Bledsoe,75.0,125.0,60.0,0.583,59.417,2014
203089,John Henson,189.0,332.0,56.9277108433735,0.595,56.3327108433735,2014
202389,Timofey Mozgov,197.0,397.0,49.622166246851386,0.591,49.031166246851384,2014
2405,Amar'e Stoudemire,143.0,249.0,57.429718875502004,0.594,56.835718875502,2014
201588,George Hill,98.0,161.0,60.869565217391305,0.585,60.284565217391304,2014
201937,Ricky Rubio,142.0,201.0,70.64676616915423,0.598,70.04876616915423,2014
202713,Kyle Singler,175.0,291.0,60.13745704467354,0.6,59.53745704467354,2014
101161,Amir Johnson,229.0,418.0,54.78468899521531,0.597,54.18768899521531,2014
1890,Shawn Marion,144.0,240.0,60.0,0.604,59.396,2014
202694,Marcus Morris Sr.,127.0,204.0,62.254901960784316,0.586,61.66890196078432,2014
101154,Andray Blatche,175.0,290.0,60.3448275862069,0.596,59.7488275862069,2014
202341,James Anderson,145.0,206.0,70.3883495145631,0.604,69.7843495145631,2014
201960,DeMarre Carroll,131.0,204.0,64.2156862745098,0.601,63.61468627450981,2014
202696,Nikola Vučević,177.0,303.0,58.415841584158414,0.6,57.81584158415841,2014
201581,JJ Hickson,203.0,326.0,62.26993865030675,0.596,61.67393865030675,2014
2749,Jameer Nelson,81.0,106.0,76.41509433962264,0.604,75.81109433962264,2014
203501,Tim Hardaway Jr.,97.0,143.0,67.83216783216783,0.586,67.24616783216783,2014
201988,Patty Mills,42.0,70.0,60.0,0.581,59.419,2014
2210,Richard Jefferson,111.0,165.0,67.27272727272727,0.605,66.66772727272726,2014
1938,Manu Ginobili,45.0,72.0,62.5,0.595,61.905,2014
202695,Kawhi Leonard,94.0,162.0,58.02469135802469,0.605,57.41969135802469,2014
201163,Wilson Chandler,127.0,226.0,56.19469026548673,0.6,55.594690265486726,2014
2594,Kyle Korver,120.0,199.0,60.301507537688444,0.588,59.71350753768844,2014
201599,DeAndre Jordan,350.0,621.0,56.36070853462158,0.6,55.76070853462158,2014
201188,Marc Gasol,169.0,302.0,55.96026490066225,0.608,55.352264900662256,2014
201579,Roy Hibbert,237.0,544.0,43.56617647058823,0.595,42.97117647058823,2014
203082,Terrence Ross,115.0,191.0,60.20942408376963,0.598,59.611424083769634,2014
202710,Jimmy Butler III,115.0,207.0,55.55555555555556,0.597,54.958555555555556,2014
202348,Jordan Crawford,66.0,95.0,69.47368421052632,0.588,68.88568421052632,2014
202391,Jeremy Lin,125.0,220.0,56.81818181818182,0.59,56.22818181818182,2014
202340,Avery Bradley,97.0,138.0,70.28985507246377,0.603,69.68685507246377,2014
202699,Tobias Harris,133.0,211.0,63.03317535545024,0.599,62.43417535545024,2014
203504,Trey Burke,113.0,161.0,70.1863354037267,0.583,69.6033354037267,2014
201577,Robin Lopez,300.0,642.0,46.728971962616825,0.594,46.134971962616824,2014
202685,Jonas Valančiūnas,260.0,495.0,52.525252525252526,0.597,51.928252525252525,2014
101112,Channing Frye,261.0,439.0,59.453302961275625,0.595,58.858302961275626,2014
201158,Marco Belinelli,100.0,153.0,65.359477124183,0.6,64.75947712418301,2014
201954,Darren Collison,103.0,148.0,69.5945945945946,0.589,69.0055945945946,2014
101138,Brandon Bass,198.0,338.0,58.57988165680474,0.59,57.989881656804734,2014
101114,Deron Williams,87.0,138.0,63.04347826086956,0.583,62.460478260869564,2014
203093,Terrence Jones,244.0,407.0,59.95085995085995,0.598,59.35285995085995,2014
101181,Jose Calderon,142.0,192.0,73.95833333333333,0.585,73.37333333333333,2014
201571,D.J. Augustin,70.0,95.0,73.6842105263158,0.582,73.1022105263158,2014
2399,Mike Dunleavy,111.0,166.0,66.86746987951807,0.598,66.26946987951807,2014
203100,Tony Wroten,69.0,101.0,68.31683168316832,0.583,67.73383168316832,2014
201593,Nikola Pekovic,170.0,285.0,59.64912280701754,0.604,59.04512280701754,2014
202684,Tristan Thompson,193.0,301.0,64.11960132890366,0.605,63.51460132890366,2014
1713,Vince Carter,125.0,192.0,65.10416666666667,0.597,64.50716666666668,2014
202324,Derrick Favors,249.0,463.0,53.779697624190064,0.597,53.18269762419006,2014
203096,Jared Sullinger,234.0,398.0,58.79396984924623,0.588,58.20596984924623,2014
203114,Khris Middleton,131.0,207.0,63.28502415458937,0.604,62.68102415458937,2014
202683,Enes Freedom,226.0,399.0,56.64160401002506,0.601,56.04060401002506,2014
201569,Eric Gordon,84.0,108.0,77.77777777777777,0.593,77.18477777777777,2014
1718,Paul Pierce,145.0,245.0,59.183673469387756,0.605,58.57867346938776,2014
201147,Corey Brewer,102.0,138.0,73.91304347826087,0.607,73.30604347826088,2014
201566,Russell Westbrook,44.0,69.0,63.768115942028984,0.615,63.15311594202898,2014
201149,Joakim Noah,231.0,451.0,51.21951219512195,0.598,50.62151219512195,2014
2736,Luol Deng,110.0,178.0,61.79775280898876,0.597,61.20075280898876,2014
201155,Rodney Stuckey,93.0,132.0,70.45454545454545,0.602,69.85254545454545,2014
201196,Ramon Sessions,61.0,84.0,72.61904761904762,0.566,72.05304761904762,2014
2548,Dwyane Wade,70.0,113.0,61.94690265486726,0.603,61.34390265486726,2014
2200,Pau Gasol,272.0,455.0,59.78021978021978,0.603,59.17721978021978,2014
201936,Tyreke Evans,126.0,195.0,64.61538461538461,0.596,64.01938461538461,2014
2430,Carlos Boozer,147.0,240.0,61.25,0.586,60.664,2014
202704,Reggie Jackson,120.0,195.0,61.53846153846154,0.586,60.95246153846154,2014
201150,Spencer Hawes,330.0,585.0,56.41025641025641,0.598,55.81225641025641,2014
101162,Marcin Gortat,326.0,604.0,53.973509933774835,0.597,53.376509933774834,2014
201945,Gerald Henderson,65.0,109.0,59.63302752293578,0.605,59.02802752293578,2014
200751,Randy Foye,149.0,210.0,70.95238095238095,0.594,70.35838095238095,2014
201959,Taj Gibson,167.0,326.0,51.22699386503067,0.588,50.63899386503067,2014
201587,Nicolas Batum,178.0,285.0,62.45614035087719,0.598,61.85814035087719,2014
2747,JR Smith,105.0,160.0,65.625,0.61,65.015,2014
202362,Lance Stephenson,70.0,126.0,55.55555555555556,0.6,54.955555555555556,2014
202692,Alec Burks,155.0,222.0,69.81981981981981,0.595,69.22481981981981,2014
201951,Ty Lawson,74.0,104.0,71.15384615384616,0.591,70.56284615384617,2014
203083,Andre Drummond,303.0,541.0,56.00739371534196,0.59,55.41739371534196,2014
202702,Kenneth Faried,191.0,345.0,55.36231884057971,0.6,54.76231884057971,2014
2772,Trevor Ariza,108.0,148.0,72.97297297297297,0.602,72.37097297297296,2014
203506,Victor Oladipo,134.0,227.0,59.030837004405285,0.599,58.43183700440529,2014
203079,Dion Waiters,88.0,134.0,65.67164179104478,0.601,65.07064179104478,2014
202693,Markieff Morris,211.0,322.0,65.527950310559,0.599,64.928950310559,2014
2561,David West,133.0,248.0,53.62903225806452,0.595,53.03403225806452,2014
1495,Tim Duncan,253.0,490.0,51.63265306122449,0.603,51.02965306122449,2014
202323,Evan Turner,157.0,232.0,67.67241379310344,0.6079999999999999,67.06441379310344,2014
2225,Tony Parker,58.0,84.0,69.04761904761905,0.582,68.46561904761906,2014
201156,Nick Young,85.0,126.0,67.46031746031746,0.613,66.84731746031746,2014
203487,Michael Carter-Williams,111.0,187.0,59.35828877005348,0.589,58.76928877005348,2014
101108,Chris Paul,105.0,145.0,72.41379310344827,0.603,71.81079310344828,2014
201975,Jodie Meeks,116.0,159.0,72.95597484276729,0.6,72.3559748427673,2014
2207,Joe Johnson,90.0,133.0,67.66917293233082,0.596,67.07317293233082,2014
202718,Chandler Parsons,129.0,187.0,68.98395721925134,0.604,68.37995721925134,2014
201586,Serge Ibaka,303.0,621.0,48.792270531400966,0.599,48.19327053140097,2014
203078,Bradley Beal,112.0,175.0,64.0,0.587,63.413,2014
201943,Brandon Jennings,101.0,134.0,75.3731343283582,0.575,74.7981343283582,2014
101135,David Lee,157.0,272.0,57.720588235294116,0.606,57.114588235294114,2014
202330,Gordon Hayward,120.0,197.0,60.91370558375635,0.592,60.32170558375635,2014
202328,Greg Monroe,264.0,451.0,58.53658536585366,0.592,57.94458536585366,2014
201144,Mike Conley,109.0,155.0,70.3225806451613,0.593,69.72958064516129,2014
2746,Josh Smith,232.0,429.0,54.07925407925408,0.598,53.48125407925408,2014
202689,Kemba Walker,120.0,184.0,65.21739130434783,0.593,64.62439130434782,2014
2547,Chris Bosh,253.0,429.0,58.97435897435897,0.592,58.38235897435897,2014
2037,Jamal Crawford,72.0,103.0,69.90291262135922,0.608,69.29491262135922,2014
201952,Jeff Teague,81.0,120.0,67.5,0.583,66.917,2014
202688,Brandon Knight,103.0,157.0,65.60509554140127,0.581,65.02409554140127,2014
101123,Gerald Green,119.0,193.0,61.6580310880829,0.596,61.062031088082904,2014
2730,Dwight Howard,236.0,425.0,55.529411764705884,0.604,54.925411764705885,2014
2755,Kevin Martin,74.0,99.0,74.74747474747475,0.6,74.14747474747476,2014
200794,Paul Millsap,275.0,479.0,57.41127348643006,0.596,56.815273486430065,2014
201167,Arron Afflalo,102.0,138.0,73.91304347826087,0.597,73.31604347826088,2014
202083,Wesley Matthews,87.0,148.0,58.78378378378378,0.599,58.184783783783786,2014
2216,Zach Randolph,228.0,378.0,60.317460317460316,0.605,59.71246031746032,2014
201145,Jeff Green,156.0,260.0,60.0,0.603,59.397,2014
203076,Anthony Davis,197.0,372.0,52.956989247311824,0.6,52.35698924731182,2014
200768,Kyle Lowry,119.0,189.0,62.96296296296296,0.589,62.37396296296296,2014
201152,Thaddeus Young,227.0,352.0,64.48863636363636,0.592,63.89663636363636,2014
200752,Rudy Gay,127.0,209.0,60.76555023923445,0.604,60.16155023923445,2014
202738,Isaiah Thomas,98.0,149.0,65.77181208053692,0.588,65.18381208053692,2014
202691,Klay Thompson,99.0,181.0,54.69613259668508,0.6,54.09613259668508,2014
202681,Kyrie Irving,108.0,157.0,68.78980891719745,0.589,68.20080891719745,2014
201609,Goran Dragic,112.0,188.0,59.57446808510638,0.582,58.99246808510638,2014
202322,John Wall,116.0,168.0,69.04761904761905,0.585,68.46261904761906,2014
101145,Monta Ellis,138.0,199.0,69.34673366834171,0.605,68.74173366834171,2014
2744,Al Jefferson,260.0,434.0,59.90783410138249,0.593,59.31483410138249,2014
202326,DeMarcus Cousins,215.0,394.0,54.568527918781726,0.601,53.96752791878173,2014
200746,LaMarcus Aldridge,222.0,405.0,54.81481481481482,0.6,54.214814814814815,2014
203081,Damian Lillard,134.0,222.0,60.36036036036036,0.587,59.77336036036036,2014
1717,Dirk Nowitzki,247.0,422.0,58.53080568720379,0.604,57.92680568720379,2014
202331,Paul George,113.0,202.0,55.94059405940594,0.6,55.34059405940594,2014
201942,DeMar DeRozan,137.0,196.0,69.89795918367346,0.606,69.29195918367347,2014
201939,Stephen Curry,104.0,147.0,70.74829931972789,0.6,70.1482993197279,2014
201935,James Harden,121.0,196.0,61.734693877551024,0.599,61.13569387755103,2014
201933,Blake Griffin,213.0,365.0,58.35616438356164,0.599,57.757164383561644,2014
201567,Kevin Love,349.0,542.0,64.39114391143912,0.601,63.79014391143912,2014
2544,LeBron James,127.0,212.0,59.905660377358494,0.589,59.316660377358495,2014
2546,Carmelo Anthony,152.0,249.0,61.04417670682731,0.596,60.44817670682731,2014
201142,Kevin Durant,120.0,216.0,55.55555555555556,0.605,54.95055555555556,2014
203564,Kalin Lucas,1.0,1.0,100.0,0.622,99.378,2015
203552,Seth Curry,0.0,1.0,0.0,0.589,-0.589,2015
101142,Ronny Turiaf,3.0,3.0,100.0,0.554,99.446,2015
203961,Eric Moreland,1.0,1.0,100.0,0.653,99.347,2015
203121,Darius Miller,3.0,3.0,100.0,0.622,99.378,2015
203479,Jamaal Franklin,3.0,4.0,75.0,0.495,74.505,2015
203958,Andre Dawkins,1.0,3.0,33.333333333333336,0.591,32.742333333333335,2015
1905,Andrei Kirilenko,2.0,5.0,40.0,0.582,39.418,2015
203945,Alex Kirk,1.0,1.0,100.0,0.705,99.295,2015
203315,Toure' Murry,2.0,3.0,66.66666666666667,0.63,66.03666666666668,2015
203512,Lucas Nogueira,5.0,5.0,100.0,0.601,99.399,2015
203565,Patrick Christopher,1.0,1.0,100.0,0.543,99.457,2015
203539,Gal Mekel,3.0,4.0,75.0,0.601,74.399,2015
203545,Miroslav Raduljica,6.0,7.0,85.71428571428571,0.604,85.11028571428571,2015
204065,David Stockton,3.0,5.0,60.0,0.553,59.447,2015
203998,Bruno Caboclo,4.0,5.0,80.0,0.546,79.454,2015
203946,Cameron Bairstow,5.0,10.0,50.0,0.609,49.391,2015
203318,Glen Rice,2.0,2.0,100.0,0.573,99.427,2015
201880,Greg Stiemsma,5.0,10.0,50.0,0.563,49.437,2015
203805,Will Cherry,4.0,7.0,57.142857142857146,0.6,56.542857142857144,2015
203511,Grant Jerrett,4.0,5.0,80.0,0.602,79.398,2015
204079,Drew Gordon,4.0,8.0,50.0,0.574,49.426,2015
201991,Lester Hudson,3.0,4.0,75.0,0.549,74.451,2015
201604,Chris Douglas-Roberts,5.0,6.0,83.33333333333333,0.608,82.72533333333332,2015
203136,Ognjen Kuzmic,11.0,16.0,68.75,0.618,68.132,2015
202333,Xavier Henry,4.0,4.0,100.0,0.57,99.43,2015
200769,Shannon Brown,2.0,4.0,50.0,0.612,49.388,2015
2030,Kenyon Martin,5.0,11.0,45.45454545454545,0.622,44.83254545454545,2015
2563,Dahntay Jones,3.0,7.0,42.857142857142854,0.6,42.25714285714285,2015
101198,Will Bynum,1.0,2.0,50.0,0.537,49.463,2015
203930,Sean Kilpatrick,4.0,4.0,100.0,0.62,99.38,2015
203505,Vander Blue,2.0,5.0,40.0,0.446,39.554,2015
201964,Victor Claver,4.0,9.0,44.44444444444444,0.56,43.88444444444444,2015
101183,Shavlik Randolph,12.0,20.0,60.0,0.54,59.46,2015
202620,Arinze Onuaku,6.0,8.0,75.0,0.588,74.412,2015
204022,Jack Cooley,10.0,15.0,66.66666666666667,0.6,66.06666666666668,2015
201947,Earl Clark,5.0,18.0,27.77777777777778,0.59,27.18777777777778,2015
1737,Nazr Mohammed,17.0,31.0,54.83870967741935,0.578,54.26070967741935,2015
204054,Zoran Dragic,1.0,1.0,100.0,0.611,99.389,2015
203113,Quincy Miller,5.0,16.0,31.25,0.561,30.689,2015
202327,Ekpe Udoh,7.0,13.0,53.84615384615385,0.582,53.264153846153846,2015
203893,Russ Smith,2.0,3.0,66.66666666666667,0.538,66.12866666666667,2015
201575,Brandon Rush,25.0,36.0,69.44444444444444,0.609,68.83544444444445,2015
203991,Clint Capela,10.0,26.0,38.46153846153846,0.561,37.90053846153846,2015
2853,Earl Barron,13.0,21.0,61.904761904761905,0.603,61.301761904761904,2015
203099,Jared Cunningham,3.0,4.0,75.0,0.569,74.431,2015
2217,Brendan Haywood,14.0,25.0,56.0,0.598,55.402,2015
2222,Gerald Wallace,26.0,41.0,63.41463414634146,0.567,62.84763414634146,2015
201858,Cartier Martin,12.0,16.0,75.0,0.589,74.411,2015
202130,Reggie Williams,6.0,8.0,75.0,0.532,74.468,2015
202343,Elliot Williams,2.0,3.0,66.66666666666667,0.527,66.13966666666667,2015
203906,Devyn Marble,11.0,19.0,57.89473684210526,0.583,57.31173684210526,2015
202706,Jordan Hamilton,9.0,13.0,69.23076923076923,0.556,68.67476923076923,2015
2457,Jannero Pargo,1.0,2.0,50.0,0.55,49.45,2015
203912,C.J. Wilcox,6.0,8.0,75.0,0.533,74.467,2015
203489,Nate Wolters,7.0,14.0,50.0,0.574,49.426,2015
2422,John Salmons,16.0,23.0,69.56521739130434,0.607,68.95821739130434,2015
203108,Bernard James,12.0,28.0,42.857142857142854,0.582,42.27514285714285,2015
202952,Malcolm Thomas,28.0,43.0,65.11627906976744,0.574,64.54227906976745,2015
101128,Francisco Garcia,12.0,19.0,63.1578947368421,0.608,62.549894736842106,2015
202361,Landry Fields,9.0,17.0,52.94117647058823,0.593,52.34817647058823,2015
203580,Larry Drew II,11.0,17.0,64.70588235294117,0.626,64.07988235294117,2015
101236,Chuck Hayes,27.0,43.0,62.7906976744186,0.584,62.2066976744186,2015
201962,Toney Douglas,8.0,16.0,50.0,0.59,49.41,2015
202779,Dwight Buycks,10.0,11.0,90.9090909090909,0.565,90.34409090909091,2015
202331,Paul George,2.0,5.0,40.0,0.561,39.439,2015
203268,Jorge Gutierrez,10.0,14.0,71.42857142857143,0.574,70.85457142857143,2015
201971,DeJuan Blair,13.0,20.0,65.0,0.571,64.429,2015
203963,Shayne Whittington,16.0,19.0,84.21052631578948,0.591,83.61952631578949,2015
203950,Jarnell Stokes,14.0,22.0,63.63636363636363,0.599,63.03736363636364,2015
203546,Ian Clark,4.0,11.0,36.36363636363637,0.605,35.75863636363637,2015
204025,Tim Frazier,14.0,15.0,93.33333333333333,0.584,92.74933333333333,2015
202399,Jeff Adrien,24.0,44.0,54.54545454545455,0.59,53.95545454545454,2015
203949,James Michael McAdoo,14.0,24.0,58.333333333333336,0.587,57.74633333333333,2015
203210,JaMychal Green,11.0,17.0,64.70588235294117,0.622,64.08388235294117,2015
200779,Steve Novak,15.0,24.0,62.5,0.585,61.915,2015
203493,Reggie Bullock Jr.,14.0,26.0,53.84615384615385,0.588,53.258153846153846,2015
201177,Josh McRoberts,19.0,30.0,63.333333333333336,0.593,62.74033333333334,2015
203922,Glenn Robinson III,21.0,29.0,72.41379310344827,0.564,71.84979310344828,2015
203910,Nick Johnson,19.0,31.0,61.29032258064516,0.611,60.67932258064516,2015
203937,Kyle Anderson,18.0,29.0,62.06896551724138,0.587,61.48196551724138,2015
203955,Bryce Cotton,11.0,15.0,73.33333333333333,0.589,72.74433333333333,2015
202962,Greg Smith,42.0,73.0,57.534246575342465,0.577,56.95724657534247,2015
203943,Noah Vonleh,15.0,32.0,46.875,0.579,46.296,2015
202721,Darius Morris,11.0,13.0,84.61538461538461,0.568,84.04738461538462,2015
201202,Joel Anthony,57.0,117.0,48.717948717948715,0.578,48.13994871794871,2015
203939,Dwight Powell,20.0,34.0,58.8235294117647,0.569,58.2545294117647,2015
203495,Ricky Ledo,10.0,14.0,71.42857142857143,0.588,70.84057142857144,2015
202379,Jeremy Evans,29.0,55.0,52.72727272727273,0.578,52.149272727272724,2015
203530,Joffrey Lauvergne,31.0,54.0,57.407407407407405,0.576,56.831407407407404,2015
203128,Furkan Aldemir,58.0,97.0,59.79381443298969,0.594,59.19981443298969,2015
203919,Jordan Adams,17.0,27.0,62.96296296296296,0.565,62.397962962962964,2015
1882,Elton Brand,53.0,105.0,50.476190476190474,0.569,49.90719047619047,2015
203481,Jeff Withey,31.0,70.0,44.285714285714285,0.584,43.70171428571428,2015
101249,John Lucas III,6.0,7.0,85.71428571428571,0.584,85.1302857142857,2015
203948,Johnny O'Bryant III,25.0,36.0,69.44444444444444,0.587,68.85744444444444,2015
2034,Mike Miller,21.0,39.0,53.84615384615385,0.604,53.24215384615385,2015
203540,Gigi Datome,10.0,15.0,66.66666666666667,0.586,66.08066666666667,2015
203923,James Young,15.0,24.0,62.5,0.595,61.905,2015
201580,JaVale McGee,33.0,58.0,56.89655172413793,0.57,56.32655172413793,2015
101110,Martell Webster,10.0,12.0,83.33333333333333,0.603,82.73033333333333,2015
101109,Raymond Felton,8.0,20.0,40.0,0.607,39.393,2015
203926,Doug McDermott,12.0,17.0,70.58823529411765,0.565,70.02323529411765,2015
203088,Kendall Marshall,15.0,22.0,68.18181818181819,0.579,67.6028181818182,2015
203898,Tyler Ennis,12.0,21.0,57.142857142857146,0.551,56.591857142857144,2015
203485,Lorenzo Brown,28.0,40.0,70.0,0.588,69.412,2015
203106,Jeffery Taylor,22.0,33.0,66.66666666666667,0.597,66.06966666666668,2015
2223,Samuel Dalembert,68.0,144.0,47.22222222222222,0.594,46.62822222222222,2015
201948,Austin Daye,23.0,37.0,62.16216216216216,0.572,61.59016216216216,2015
201985,AJ Price,11.0,15.0,73.33333333333333,0.584,72.74933333333333,2015
2742,Sebastian Telfair,14.0,18.0,77.77777777777777,0.569,77.20877777777777,2015
203098,John Jenkins,10.0,15.0,66.66666666666667,0.567,66.09966666666668,2015
203925,Joe Harris,35.0,52.0,67.3076923076923,0.582,66.72569230769231,2015
201965,Jeff Ayres,51.0,76.0,67.10526315789474,0.584,66.52126315789474,2015
200797,Ryan Hollins,53.0,98.0,54.08163265306123,0.596,53.48563265306123,2015
202366,Jerome Jordan,42.0,89.0,47.19101123595506,0.589,46.60201123595506,2015
203561,Brandon Davies,44.0,67.0,65.67164179104478,0.603,65.06864179104478,2015
203915,Spencer Dinwiddie,9.0,18.0,50.0,0.554,49.446,2015
203475,Erick Green,16.0,21.0,76.19047619047619,0.573,75.6174761904762,2015
202734,E'Twaun Moore,23.0,42.0,54.76190476190476,0.572,54.18990476190476,2015
203508,Sergey Karasev,15.0,26.0,57.69230769230769,0.577,57.115307692307695,2015
203090,Maurice Harkless,47.0,69.0,68.1159420289855,0.596,67.5199420289855,2015
203187,Chris Johnson,25.0,44.0,56.81818181818182,0.588,56.23018181818182,2015
200770,Jordan Farmar,28.0,43.0,65.11627906976744,0.586,64.53027906976745,2015
203459,Allen Crabbe,34.0,53.0,64.15094339622641,0.583,63.56794339622641,2015
203123,Kostas Papanikolaou,76.0,125.0,60.8,0.591,60.208999999999996,2015
200777,Joel Freeland,61.0,128.0,47.65625,0.584,47.07225,2015
2202,Jason Richardson,30.0,42.0,71.42857142857143,0.569,70.85957142857143,2015
203584,Troy Daniels,26.0,37.0,70.27027027027027,0.576,69.69427027027028,2015
201611,Henry Walker,50.0,79.0,63.29113924050633,0.589,62.702139240506334,2015
2501,Reggie Evans,97.0,135.0,71.85185185185185,0.61,71.24185185185185,2015
203515,Phil Pressey,30.0,35.0,85.71428571428571,0.571,85.14328571428571,2015
202690,Jimmer Fredette,28.0,37.0,75.67567567567568,0.572,75.10367567567567,2015
101122,Danny Granger,20.0,39.0,51.282051282051285,0.595,50.687051282051286,2015
203928,Cory Jefferson,49.0,87.0,56.32183908045977,0.576,55.74583908045977,2015
203103,Perry Jones III,37.0,55.0,67.27272727272727,0.605,66.66772727272726,2015
201595,Joey Dorsey,102.0,174.0,58.62068965517241,0.595,58.025689655172414,2015
204037,Travis Wear,40.0,72.0,55.55555555555556,0.578,54.977555555555554,2015
2557,Luke Ridnour,22.0,32.0,68.75,0.571,68.179,2015
203914,Gary Harris,42.0,65.0,64.61538461538461,0.583,64.03238461538461,2015
204020,Tyler Johnson,40.0,59.0,67.79661016949153,0.578,67.21861016949153,2015
203133,Robbie Hummel,66.0,105.0,62.857142857142854,0.59,62.26714285714285,2015
203094,Andrew Nicholson,40.0,76.0,52.63157894736842,0.576,52.05557894736842,2015
202336,Larry Sanders,68.0,130.0,52.30769230769231,0.594,51.713692307692305,2015
203488,Mike Muscala,50.0,98.0,51.02040816326531,0.57,50.45040816326531,2015
203956,Mitch McGary,74.0,118.0,62.71186440677966,0.599,62.112864406779664,2015
203105,Festus Ezeli,67.0,123.0,54.47154471544715,0.588,53.88354471544715,2015
101131,Jason Maxiell,73.0,136.0,53.6764705882353,0.588,53.088470588235296,2015
202066,Garrett Temple,19.0,40.0,47.5,0.556,46.944,2015
203921,Cleanthony Early,39.0,57.0,68.42105263157895,0.601,67.82005263157895,2015
201563,Michael Beasley,42.0,78.0,53.84615384615385,0.589,53.25715384615385,2015
203940,Adreian Payne,97.0,138.0,70.28985507246377,0.605,69.68485507246376,2015
203900,Markel Brown,34.0,52.0,65.38461538461539,0.553,64.83161538461539,2015
203473,Dewayne Dedmon,72.0,154.0,46.753246753246756,0.584,46.16924675324675,2015
2748,Dorell Wright,42.0,69.0,60.869565217391305,0.59,60.2795652173913,2015
203120,Justin Hamilton,108.0,191.0,56.544502617801044,0.596,55.94850261780105,2015
101179,Ronnie Price,28.0,37.0,75.67567567567568,0.593,75.08267567567567,2015
201937,Ricky Rubio,38.0,59.0,64.40677966101696,0.599,63.80777966101696,2015
203913,Jabari Brown,17.0,32.0,53.125,0.591,52.534,2015
203460,Andre Roberson,71.0,135.0,52.592592592592595,0.59,52.00259259259259,2015
203462,Archie Goodwin,33.0,52.0,63.46153846153846,0.568,62.89353846153846,2015
2045,Hedo Turkoglu,31.0,63.0,49.20634920634921,0.588,48.61834920634921,2015
101126,Nate Robinson,16.0,25.0,64.0,0.575,63.425,2015
202087,Alonzo Gee,25.0,39.0,64.1025641025641,0.59,63.5125641025641,2015
203932,Aaron Gordon,46.0,85.0,54.11764705882353,0.593,53.52464705882353,2015
201979,Nick Calathes,22.0,41.0,53.65853658536585,0.581,53.07753658536585,2015
203933,T.J. Warren,25.0,44.0,56.81818181818182,0.607,56.21118181818182,2015
2570,Kendrick Perkins,100.0,188.0,53.191489361702125,0.568,52.62348936170213,2015
202407,Elijah Millsap,39.0,69.0,56.52173913043478,0.599,55.922739130434785,2015
2592,James Jones,50.0,72.0,69.44444444444444,0.578,68.86644444444444,2015
200811,Lou Amundson,124.0,226.0,54.86725663716814,0.599,54.26825663716814,2015
203200,Justin Holiday,29.0,54.0,53.7037037037037,0.579,53.1247037037037,2015
203798,PJ Hairston,32.0,50.0,64.0,0.583,63.417,2015
2760,Anderson Varejao,79.0,127.0,62.20472440944882,0.596,61.608724409448826,2015
2617,Udonis Haslem,93.0,140.0,66.42857142857143,0.586,65.84257142857143,2015
202337,Luke Babbitt,70.0,111.0,63.06306306306306,0.598,62.46506306306306,2015
203894,Shabazz Napier,49.0,58.0,84.48275862068965,0.601,83.88175862068965,2015
2588,Matt Bonner,59.0,139.0,42.44604316546763,0.577,41.86904316546763,2015
101133,Ian Mahinmi,135.0,263.0,51.330798479087456,0.573,50.757798479087455,2015
201946,Tyler Hansbrough,102.0,171.0,59.64912280701754,0.583,59.06612280701754,2015
2555,Nick Collison,98.0,178.0,55.056179775280896,0.586,54.4701797752809,2015
1890,Shawn Marion,55.0,88.0,62.5,0.592,61.908,2015
203143,Pablo Prigioni,47.0,75.0,62.666666666666664,0.595,62.071666666666665,2015
2400,Drew Gooden,59.0,94.0,62.765957446808514,0.581,62.18495744680851,2015
200757,Thabo Sefolosha,24.0,53.0,45.283018867924525,0.594,44.689018867924524,2015
202720,Jon Leuer,65.0,120.0,54.166666666666664,0.586,53.580666666666666,2015
203124,Kyle O'Quinn,82.0,145.0,56.55172413793103,0.602,55.949724137931035,2015
201175,Glen Davis,75.0,126.0,59.523809523809526,0.594,58.929809523809524,2015
203101,Miles Plumlee,194.0,348.0,55.747126436781606,0.584,55.1631264367816,2015
203087,Jeremy Lamb,33.0,55.0,60.0,0.6,59.4,2015
203461,Anthony Bennett,82.0,117.0,70.08547008547009,0.601,69.4844700854701,2015
202714,Shelvin Mack,29.0,43.0,67.44186046511628,0.575,66.86686046511628,2015
202687,Bismack Biyombo,122.0,223.0,54.7085201793722,0.585,54.1235201793722,2015
2584,Willie Green,34.0,63.0,53.96825396825397,0.591,53.37725396825397,2015
203135,Robert Sacre,120.0,216.0,55.55555555555556,0.597,54.958555555555556,2015
203953,Jabari Parker,59.0,90.0,65.55555555555556,0.588,64.96755555555556,2015
203080,Thomas Robinson,60.0,118.0,50.847457627118644,0.578,50.26945762711864,2015
2365,Chris Andersen,153.0,262.0,58.396946564885496,0.592,57.8049465648855,2015
203142,Chris Copeland,44.0,72.0,61.111111111111114,0.598,60.513111111111115,2015
203516,James Ennis III,63.0,105.0,60.0,0.58,59.42,2015
202730,Lavoy Allen,104.0,187.0,55.61497326203209,0.58,55.03497326203209,2015
203917,Nik Stauskas,68.0,106.0,64.15094339622641,0.576,63.57494339622641,2015
203521,Matthew Dellavedova,65.0,104.0,62.5,0.585,61.915,2015
708,Kevin Garnett,87.0,141.0,61.702127659574465,0.585,61.117127659574464,2015
204014,Damjan Rudez,48.0,64.0,75.0,0.579,74.421,2015
203086,Meyers Leonard,78.0,164.0,47.5609756097561,0.583,46.9779756097561,2015
203527,Ryan Kelly,63.0,105.0,60.0,0.599,59.401,2015
202332,Cole Aldrich,143.0,261.0,54.78927203065134,0.591,54.19827203065134,2015
200761,Shawne Williams,84.0,145.0,57.93103448275862,0.589,57.34203448275862,2015
202397,Ish Smith,47.0,72.0,65.27777777777777,0.587,64.69077777777777,2015
203141,Mirza Teletovic,81.0,151.0,53.64238410596027,0.586,53.05638410596027,2015
201967,Dante Cunningham,128.0,207.0,61.83574879227053,0.599,61.23674879227053,2015
2732,Ben Gordon,24.0,29.0,82.75862068965517,0.586,82.17262068965518,2015
2581,Steve Blake,57.0,102.0,55.88235294117647,0.577,55.30535294117647,2015
201988,Patty Mills,27.0,42.0,64.28571428571429,0.565,63.720714285714294,2015
1889,Andre Miller,47.0,77.0,61.03896103896104,0.572,60.46696103896104,2015
203544,Pero Antic,86.0,174.0,49.42528735632184,0.591,48.83428735632184,2015
204028,Tarik Black,134.0,218.0,61.46788990825688,0.593,60.874889908256876,2015
101181,Jose Calderon,50.0,68.0,73.52941176470588,0.573,72.95641176470589,2015
202692,Alec Burks,57.0,81.0,70.37037037037037,0.602,69.76837037037036,2015
201593,Nikola Pekovic,86.0,142.0,60.563380281690144,0.578,59.98538028169014,2015
2550,Kirk Hinrich,61.0,106.0,57.54716981132076,0.569,56.978169811320754,2015
201977,Marcus Thornton,27.0,40.0,67.5,0.61,66.89,2015
201589,Darrell Arthur,79.0,145.0,54.48275862068966,0.584,53.898758620689655,2015
1713,Vince Carter,31.0,67.0,46.26865671641791,0.586,45.68265671641791,2015
203093,Terrence Jones,100.0,191.0,52.35602094240838,0.588,51.76802094240838,2015
203960,JaKarr Sampson,79.0,139.0,56.83453237410072,0.585,56.24953237410072,2015
101135,David Lee,86.0,150.0,57.333333333333336,0.585,56.748333333333335,2015
203145,Kent Bazemore,60.0,108.0,55.55555555555556,0.573,54.98255555555556,2015
202388,Donald Sloan,53.0,84.0,63.095238095238095,0.581,62.51423809523809,2015
203957,Danté Exum,75.0,109.0,68.80733944954129,0.587,68.22033944954129,2015
204060,Joe Ingles,60.0,88.0,68.18181818181819,0.601,67.58081818181819,2015
203115,Will Barton,38.0,76.0,50.0,0.586,49.414,2015
203112,Quincy Acy,65.0,128.0,50.78125,0.587,50.19425,2015
201196,Ramon Sessions,55.0,71.0,77.46478873239437,0.582,76.88278873239437,2015
101111,Charlie Villanueva,71.0,114.0,62.280701754385966,0.596,61.68470175438597,2015
203924,Jerami Grant,85.0,165.0,51.515151515151516,0.586,50.92915151515152,2015
202329,Al-Farouq Aminu,81.0,158.0,51.265822784810126,0.589,50.67682278481013,2015
201585,Kosta Koufos,120.0,243.0,49.382716049382715,0.591,48.791716049382714,2015
101106,Andrew Bogut,158.0,355.0,44.50704225352113,0.594,43.91304225352113,2015
203468,CJ McCollum,40.0,70.0,57.142857142857146,0.573,56.569857142857146,2015
201150,Spencer Hawes,130.0,230.0,56.52173913043478,0.579,55.94273913043478,2015
203994,Jusuf Nurkić,150.0,277.0,54.151624548736464,0.586,53.565624548736466,2015
203477,Isaiah Canaan,36.0,48.0,75.0,0.58,74.42,2015
201168,Tiago Splitter,113.0,201.0,56.21890547263681,0.599,55.619905472636816,2015
200745,Andrea Bargnani,65.0,107.0,60.74766355140187,0.589,60.15866355140187,2015
2210,Richard Jefferson,79.0,124.0,63.70967741935484,0.601,63.10867741935484,2015
203458,Alex Len,217.0,417.0,52.038369304556355,0.59,51.44836930455635,2015
203918,Rodney Hood,52.0,77.0,67.53246753246754,0.596,66.93646753246753,2015
203144,Alexey Shved,39.0,54.0,72.22222222222223,0.588,71.63422222222223,2015
2419,Tayshaun Prince,84.0,141.0,59.57446808510638,0.585,58.98946808510638,2015
200751,Randy Foye,47.0,64.0,73.4375,0.591,72.8465,2015
203503,Tony Snell,60.0,92.0,65.21739130434783,0.599,64.61839130434782,2015
202498,Lance Thomas,52.0,85.0,61.1764705882353,0.591,60.585470588235296,2015
201582,Alexis Ajinca,139.0,258.0,53.87596899224806,0.585,53.29096899224806,2015
203490,Otto Porter Jr.,62.0,99.0,62.62626262626262,0.572,62.05426262626262,2015
201973,Jonas Jerebko,87.0,151.0,57.615894039735096,0.585,57.030894039735095,2015
201978,Chase Budinger,74.0,107.0,69.1588785046729,0.59,68.5688785046729,2015
2406,Caron Butler,86.0,114.0,75.43859649122807,0.599,74.83959649122806,2015
203382,Aron Baynes,109.0,212.0,51.41509433962264,0.583,50.83209433962264,2015
2733,Shaun Livingston,78.0,120.0,65.0,0.587,64.413,2015
203089,John Henson,182.0,342.0,53.21637426900585,0.583,52.63337426900585,2015
2571,Leandro Barbosa,40.0,52.0,76.92307692307692,0.584,76.33907692307692,2015
203499,Shane Larkin,83.0,116.0,71.55172413793103,0.585,70.96672413793104,2015
203469,Cody Zeller,117.0,228.0,51.31578947368421,0.586,50.729789473684214,2015
203148,Brian Roberts,44.0,73.0,60.273972602739725,0.579,59.694972602739725,2015
202713,Kyle Singler,118.0,194.0,60.824742268041234,0.589,60.235742268041236,2015
201229,Anthony Tolliver,121.0,206.0,58.737864077669904,0.585,58.1528640776699,2015
201149,Joakim Noah,165.0,309.0,53.398058252427184,0.597,52.80105825242718,2015
203909,KJ McDaniels,72.0,166.0,43.373493975903614,0.588,42.78549397590361,2015
201574,Jason Thompson,172.0,297.0,57.91245791245791,0.598,57.31445791245791,2015
202697,Iman Shumpert,74.0,113.0,65.48672566371681,0.5870000000000001,64.89972566371681,2015
202362,Lance Stephenson,59.0,87.0,67.816091954023,0.585,67.231091954023,2015
203498,Shabazz Muhammad,44.0,64.0,68.75,0.594,68.156,2015
201171,Carl Landry,80.0,139.0,57.55395683453237,0.595,56.95895683453237,2015
203492,Ray McCallum,83.0,111.0,74.77477477477477,0.572,74.20277477477477,2015
203100,Tony Wroten,34.0,52.0,65.38461538461539,0.585,64.7996153846154,2015
2743,Kris Humphries,94.0,187.0,50.26737967914438,0.586,49.681379679144385,2015
201162,Jared Dudley,101.0,187.0,54.01069518716577,0.576,53.43469518716577,2015
202338,Kevin Seraphin,127.0,243.0,52.26337448559671,0.578,51.685374485596704,2015
2749,Jameer Nelson,48.0,65.0,73.84615384615384,0.597,73.24915384615385,2015
203935,Marcus Smart,69.0,103.0,66.99029126213593,0.58,66.41029126213593,2015
204038,Langston Galloway,57.0,95.0,60.0,0.581,59.419,2015
203118,Mike Scott,63.0,107.0,58.87850467289719,0.586,58.292504672897195,2015
203085,Austin Rivers,65.0,104.0,62.5,0.588,61.912,2015
1891,Jason Terry,65.0,95.0,68.42105263157895,0.587,67.83405263157894,2015
202709,Cory Joseph,71.0,111.0,63.96396396396396,0.563,63.40096396396396,2015
203500,Steven Adams,196.0,357.0,54.90196078431372,0.595,54.30696078431372,2015
202347,Quincy Pondexter,3008.0,4384.0,68.61313868613139,0.5943430656934308,68.01879562043796,2015
2754,Tony Allen,58.0,106.0,54.716981132075475,0.589,54.127981132075476,2015
202390,Gary Neal,51.0,77.0,66.23376623376623,0.583,65.65076623376623,2015
201148,Brandan Wright,173.0,323.0,53.56037151702786,0.584,52.97637151702786,2015
101187,Alan Anderson,88.0,125.0,70.4,0.595,69.805,2015
101112,Channing Frye,224.0,352.0,63.63636363636363,0.593,63.04336363636364,2015
201581,JJ Hickson,135.0,230.0,58.69565217391305,0.5910000000000001,58.104652173913045,2015
201949,James Johnson,84.0,147.0,57.142857142857146,0.572,56.57085714285714,2015
201600,Omer Asik,283.0,476.0,59.45378151260504,0.601,58.85278151260504,2015
201156,Nick Young,29.0,44.0,65.9090909090909,0.599,65.3100909090909,2015
202355,Hassan Whiteside,130.0,263.0,49.42965779467681,0.578,48.851657794676804,2015
202708,Norris Cole,56.0,92.0,60.869565217391305,0.579,60.290565217391304,2015
201577,Robin Lopez,199.0,371.0,53.6388140161725,0.593,53.0458140161725,2015
202344,Trevor Booker,69.0,131.0,52.67175572519084,0.59,52.08175572519084,2015
201158,Marco Belinelli,64.0,93.0,68.81720430107526,0.584,68.23320430107526,2015
201976,Patrick Beverley,96.0,149.0,64.42953020134229,0.591,63.83853020134229,2015
201228,C.J. Watson,42.0,77.0,54.54545454545455,0.586,53.95945454545455,2015
101107,Marvin Williams,123.0,221.0,55.65610859728507,0.578,55.078108597285066,2015
200826,J.J. Barea,42.0,70.0,60.0,0.577,59.423,2015
2446,Rasual Butler,93.0,132.0,70.45454545454545,0.569,69.88554545454545,2015
203156,Henry Sims,132.0,221.0,59.72850678733032,0.5960000000000001,59.132506787330314,2015
201950,Jrue Holiday,59.0,99.0,59.5959595959596,0.592,59.0039595959596,2015
201956,Omri Casspi,95.0,143.0,66.43356643356644,0.584,65.84956643356644,2015
201573,Jerryd Bayless,75.0,119.0,63.02521008403362,0.588,62.437210084033616,2015
2585,Zaza Pachulia,176.0,323.0,54.4891640866873,0.594,53.8951640866873,2015
2399,Mike Dunleavy,63.0,110.0,57.27272727272727,0.586,56.686727272727275,2015
203077,Michael Kidd-Gilchrist,69.0,141.0,48.93617021276596,0.576,48.36017021276596,2015
2738,Andre Iguodala,86.0,125.0,68.8,0.592,68.208,2015
2757,Beno Udrih,73.0,103.0,70.87378640776699,0.584,70.28978640776698,2015
200765,Rajon Rondo,88.0,124.0,70.96774193548387,0.603,70.36474193548388,2015
202682,Derrick Williams,84.0,128.0,65.625,0.594,65.031,2015
2730,Dwight Howard,115.0,217.0,52.995391705069125,0.58,52.415391705069126,2015
203138,Hollis Thompson,81.0,126.0,64.28571428571429,0.582,63.70371428571429,2015
203109,Jae Crowder,103.0,146.0,70.54794520547945,0.588,69.95994520547946,2015
201943,Brandon Jennings,39.0,56.0,69.64285714285714,0.595,69.04785714285714,2015
2549,Chris Kaman,193.0,334.0,57.78443113772455,0.59,57.19443113772455,2015
201959,Taj Gibson,116.0,242.0,47.93388429752066,0.591,47.34288429752066,2015
202335,Patrick Patterson,178.0,326.0,54.60122699386503,0.579,54.02222699386503,2015
201961,Wayne Ellington,51.0,80.0,63.75,0.591,63.159,2015
203482,Kelly Olynyk,149.0,266.0,56.015037593984964,0.582,55.43303759398496,2015
201160,Jason Smith,143.0,249.0,57.429718875502004,0.584,56.845718875502,2015
202334,Ed Davis,208.0,379.0,54.88126649076517,0.586,54.29526649076517,2015
201601,Luc Mbah a Moute,143.0,257.0,55.6420233463035,0.589,55.053023346303505,2015
201975,Jodie Meeks,43.0,67.0,64.17910447761194,0.575,63.60410447761194,2015
201587,Nicolas Batum,119.0,203.0,58.62068965517241,0.595,58.025689655172414,2015
2734,Devin Harris,67.0,105.0,63.80952380952381,0.589,63.22052380952381,2015
101141,Ersan Ilyasova,105.0,186.0,56.45161290322581,0.592,55.85961290322581,2015
2405,Amar'e Stoudemire,141.0,269.0,52.41635687732342,0.595,51.821356877323424,2015
201142,Kevin Durant,32.0,61.0,52.459016393442624,0.604,51.855016393442625,2015
203497,Rudy Gobert,261.0,546.0,47.8021978021978,0.59,47.2121978021978,2015
202684,Tristan Thompson,218.0,385.0,56.62337662337662,0.589,56.03437662337662,2015
201588,George Hill,46.0,84.0,54.76190476190476,0.566,54.19590476190476,2015
101161,Amir Johnson,212.0,387.0,54.78036175710594,0.589,54.191361757105945,2015
203095,Evan Fournier,63.0,82.0,76.82926829268293,0.589,76.24026829268293,2015
202711,Bojan Bogdanovic,95.0,148.0,64.1891891891892,0.585,63.60418918918919,2015
203476,Gorgui Dieng,318.0,522.0,60.91954022988506,0.588,60.33154022988506,2015
203903,Jordan Clarkson,94.0,133.0,70.67669172932331,0.586,70.09069172932331,2015
2564,Boris Diaw,183.0,303.0,60.396039603960396,0.588,59.808039603960395,2015
200782,P.J. Tucker,139.0,218.0,63.76146788990825,0.587,63.17446788990825,2015
203486,Mason Plumlee,231.0,404.0,57.17821782178218,0.596,56.58221782178218,2015
201954,Darren Collison,67.0,98.0,68.36734693877551,0.601,67.76634693877551,2015
203524,Solomon Hill,115.0,182.0,63.18681318681319,0.591,62.59581318681319,2015
203901,Elfrid Payton,128.0,197.0,64.9746192893401,0.575,64.3996192893401,2015
201568,Danilo Gallinari,106.0,158.0,67.0886075949367,0.585,66.50360759493671,2015
2403,Nene,109.0,206.0,52.9126213592233,0.587,52.3256213592233,2015
1938,Manu Ginobili,44.0,77.0,57.142857142857146,0.597,56.545857142857145,2015
203457,Nerlens Noel,254.0,497.0,51.10663983903421,0.596,50.51063983903421,2015
202325,Wesley Johnson,130.0,196.0,66.3265306122449,0.597,65.7295306122449,2015
2449,Luis Scola,91.0,173.0,52.60115606936416,0.586,52.01515606936416,2015
2440,Matt Barnes,127.0,203.0,62.5615763546798,0.586,61.9755763546798,2015
2755,Kevin Martin,45.0,67.0,67.16417910447761,0.583,66.58117910447761,2015
203471,Dennis Schröder,49.0,72.0,68.05555555555556,0.571,67.48455555555556,2015
2561,David West,116.0,198.0,58.58585858585859,0.585,58.00085858585859,2015
203096,Jared Sullinger,148.0,260.0,56.92307692307692,0.583,56.34007692307692,2015
203897,Zach LaVine,100.0,142.0,70.4225352112676,0.585,69.8375352112676,2015
2199,Tyson Chandler,316.0,561.0,56.327985739750446,0.593,55.73498573975044,2015
202349,Greivis Vasquez,88.0,124.0,70.96774193548387,0.575,70.39274193548387,2015
201571,D.J. Augustin,79.0,104.0,75.96153846153847,0.583,75.37853846153847,2015
201584,Courtney Lee,99.0,129.0,76.74418604651163,0.588,76.15618604651164,2015
202323,Evan Turner,150.0,238.0,63.02521008403362,0.586,62.43921008403362,2015
977,Kobe Bryant,49.0,73.0,67.12328767123287,0.591,66.53228767123288,2015
201564,O.J. Mayo,54.0,91.0,59.34065934065934,0.586,58.754659340659344,2015
202389,Timofey Mozgov,257.0,489.0,52.556237218813905,0.59,51.9662372188139,2015
201627,Anthony Morrow,84.0,131.0,64.12213740458016,0.585,63.53713740458016,2015
201578,Marreese Speights,164.0,288.0,56.94444444444444,0.592,56.352444444444444,2015
203501,Tim Hardaway Jr.,85.0,137.0,62.043795620437955,0.596,61.44779562043796,2015
201579,Roy Hibbert,196.0,425.0,46.11764705882353,0.586,45.53164705882353,2015
203082,Terrence Ross,113.0,174.0,64.94252873563218,0.581,64.36152873563218,2015
201596,Mario Chalmers,96.0,148.0,64.86486486486487,0.585,64.27986486486488,2015
201569,Eric Gordon,71.0,107.0,66.35514018691589,0.593,65.76214018691589,2015
203084,Harrison Barnes,134.0,227.0,59.030837004405285,0.5900000000000001,58.44083700440528,2015
202391,Jeremy Lin,120.0,209.0,57.41626794258373,0.575,56.84126794258373,2015
202703,Nikola Mirotic,147.0,241.0,60.995850622406635,0.585,60.410850622406635,2015
201583,Ryan Anderson,170.0,276.0,61.594202898550726,0.595,60.99920289855073,2015
203092,Tyler Zeller,219.0,416.0,52.64423076923077,0.588,52.056230769230766,2015
2430,Carlos Boozer,121.0,194.0,62.371134020618555,0.594,61.777134020618554,2015
201941,Jordan Hill,290.0,454.0,63.87665198237885,0.6,63.27665198237885,2015
202694,Marcus Morris Sr.,144.0,232.0,62.06896551724138,0.591,61.47796551724138,2015
202700,Donatas Motiejunas,182.0,343.0,53.06122448979592,0.593,52.468224489795915,2015
2747,JR Smith,78.0,112.0,69.64285714285714,0.588,69.05485714285714,2015
101138,Brandon Bass,132.0,209.0,63.1578947368421,0.577,62.580894736842104,2015
1718,Paul Pierce,86.0,147.0,58.50340136054422,0.581,57.922401360544214,2015
201960,DeMarre Carroll,135.0,196.0,68.87755102040816,0.594,68.28355102040817,2015
101123,Gerald Green,66.0,92.0,71.73913043478261,0.594,71.14513043478262,2015
101114,Deron Williams,87.0,131.0,66.41221374045801,0.583,65.82921374045802,2015
201155,Rodney Stuckey,67.0,106.0,63.20754716981132,0.588,62.61954716981132,2015
201147,Corey Brewer,96.0,134.0,71.64179104477611,0.589,71.05279104477611,2015
201565,Derrick Rose,80.0,125.0,64.0,0.578,63.422,2015
2594,Kyle Korver,156.0,256.0,60.9375,0.59,60.3475,2015
201586,Serge Ibaka,197.0,433.0,45.49653579676674,0.59,44.90653579676674,2015
203110,Draymond Green,187.0,357.0,52.38095238095238,0.583,51.79795238095238,2015
2547,Chris Bosh,144.0,234.0,61.53846153846154,0.599,60.93946153846154,2015
203079,Dion Waiters,110.0,169.0,65.08875739644971,0.598,64.49075739644971,2015
2546,Carmelo Anthony,56.0,80.0,70.0,0.597,69.403,2015
101139,CJ Miles,58.0,96.0,60.416666666666664,0.6,59.81666666666666,2015
203496,Robert Covington,113.0,194.0,58.24742268041237,0.586,57.66142268041237,2015
202702,Kenneth Faried,185.0,310.0,59.67741935483871,0.589,59.08841935483871,2015
201980,Danny Green,132.0,241.0,54.77178423236514,0.582,54.18978423236514,2015
201599,DeAndre Jordan,294.0,533.0,55.15947467166979,0.595,54.56447467166979,2015
201166,Aaron Brooks,65.0,97.0,67.01030927835052,0.573,66.43730927835053,2015
202083,Wesley Matthews,70.0,107.0,65.42056074766356,0.585,64.83556074766356,2015
101127,Jarrett Jack,91.0,145.0,62.758620689655174,0.569,62.18962068965517,2015
2590,Mo Williams,83.0,118.0,70.33898305084746,0.592,69.74698305084746,2015
203078,Bradley Beal,91.0,136.0,66.91176470588235,0.586,66.32576470588235,2015
202685,Jonas Valančiūnas,250.0,465.0,53.763440860215056,0.589,53.17444086021506,2015
203487,Michael Carter-Williams,110.0,171.0,64.32748538011695,0.586,63.741485380116956,2015
201945,Gerald Henderson,56.0,111.0,50.450450450450454,0.581,49.86945045045045,2015
203504,Trey Burke,93.0,127.0,73.22834645669292,0.581,72.64734645669292,2015
2225,Tony Parker,69.0,99.0,69.6969696969697,0.595,69.1019696969697,2015
2736,Luol Deng,148.0,222.0,66.66666666666667,0.598,66.06866666666667,2015
203463,Ben McLemore,149.0,229.0,65.06550218340611,0.588,64.47750218340612,2015
101162,Marcin Gortat,259.0,499.0,51.90380761523046,0.592,51.311807615230464,2015
2037,Jamal Crawford,46.0,64.0,71.875,0.611,71.264,2015
203507,Giannis Antetokounmpo,165.0,299.0,55.18394648829432,0.587,54.596946488294314,2015
2746,Josh Smith,216.0,446.0,48.4304932735426,0.594,47.8364932735426,2015
2772,Trevor Ariza,145.0,211.0,68.72037914691943,0.593,68.12737914691942,2015
201167,Arron Afflalo,83.0,127.0,65.35433070866142,0.587,64.76733070866142,2015
202718,Chandler Parsons,92.0,129.0,71.31782945736434,0.582,70.73582945736435,2015
203114,Khris Middleton,104.0,172.0,60.46511627906977,0.593,59.87211627906977,2015
203484,Kentavious Caldwell-Pope,122.0,171.0,71.34502923976608,0.59,70.75502923976607,2015
202688,Brandon Knight,83.0,114.0,72.80701754385964,0.579,72.22801754385965,2015
202695,Kawhi Leonard,92.0,162.0,56.79012345679013,0.591,56.199123456790126,2015
201152,Thaddeus Young,211.0,318.0,66.35220125786164,0.589,65.76320125786164,2015
1495,Tim Duncan,269.0,515.0,52.23300970873787,0.595,51.63800970873787,2015
202340,Avery Bradley,109.0,151.0,72.18543046357615,0.58,71.60543046357616,2015
202689,Kemba Walker,93.0,152.0,61.18421052631579,0.586,60.59821052631579,2015
2744,Al Jefferson,205.0,328.0,62.5,0.595,61.905,2015
201163,Wilson Chandler,152.0,243.0,62.55144032921811,0.596,61.95544032921811,2015
202328,Greg Monroe,216.0,369.0,58.53658536585366,0.592,57.94458536585366,2015
202738,Isaiah Thomas,46.0,73.0,63.013698630136986,0.571,62.44269863013699,2015
201144,Mike Conley,97.0,140.0,69.28571428571429,0.577,68.7087142857143,2015
202704,Reggie Jackson,130.0,196.0,66.3265306122449,0.592,65.7345306122449,2015
203083,Andre Drummond,276.0,512.0,53.90625,0.588,53.31825,2015
2216,Zach Randolph,207.0,334.0,61.97604790419162,0.591,61.385047904191616,2015
201951,Ty Lawson,102.0,141.0,72.34042553191489,0.584,71.75642553191489,2015
2207,Joe Johnson,129.0,173.0,74.56647398843931,0.583,73.98347398843931,2015
201143,Al Horford,207.0,395.0,52.40506329113924,0.581,51.82406329113924,2015
201952,Jeff Teague,54.0,84.0,64.28571428571429,0.574,63.711714285714294,2015
202683,Enes Freedom,220.0,356.0,61.79775280898876,0.595,61.20275280898876,2015
202699,Tobias Harris,118.0,193.0,61.13989637305699,0.596,60.543896373056995,2015
201145,Jeff Green,130.0,200.0,65.0,0.598,64.402,2015
202324,Derrick Favors,189.0,414.0,45.65217391304348,0.591,45.061173913043476,2015
201942,DeMar DeRozan,95.0,131.0,72.51908396946565,0.587,71.93208396946565,2015
201567,Kevin Love,232.0,414.0,56.03864734299517,0.589,55.44964734299517,2015
200794,Paul Millsap,274.0,461.0,59.43600867678959,0.5859999999999999,58.85000867678959,2015
201572,Brook Lopez,268.0,483.0,55.48654244306418,0.593,54.89354244306418,2015
101150,Lou Williams,93.0,120.0,77.5,0.57,76.93,2015
200768,Kyle Lowry,117.0,192.0,60.9375,0.592,60.3455,2015
202693,Markieff Morris,210.0,347.0,60.518731988472624,0.591,59.92773198847262,2015
201609,Goran Dragic,123.0,190.0,64.73684210526316,0.574,64.16284210526317,2015
200755,JJ Redick,96.0,157.0,61.146496815286625,0.591,60.555496815286624,2015
203506,Victor Oladipo,139.0,196.0,70.91836734693878,0.591,70.32736734693879,2015
2548,Dwyane Wade,72.0,121.0,59.50413223140496,0.581,58.923132231404956,2015
202710,Jimmy Butler III,124.0,196.0,63.265306122448976,0.593,62.67230612244897,2015
201936,Tyreke Evans,145.0,226.0,64.15929203539822,0.591,63.56829203539822,2015
1717,Dirk Nowitzki,200.0,321.0,62.30529595015577,0.592,61.71329595015577,2015
203952,Andrew Wiggins,188.0,266.0,70.67669172932331,0.592,70.08469172932331,2015
202339,Eric Bledsoe,147.0,259.0,56.75675675675676,0.571,56.18575675675676,2015
202322,John Wall,99.0,160.0,61.875,0.579,61.296,2015
201188,Marc Gasol,270.0,496.0,54.435483870967744,0.59,53.84548387096774,2015
202326,DeMarcus Cousins,238.0,442.0,53.84615384615385,0.593,53.25315384615385,2015
202696,Nikola Vučević,246.0,408.0,60.294117647058826,0.587,59.70711764705882,2015
200752,Rudy Gay,123.0,190.0,64.73684210526316,0.597,64.13984210526317,2015
2200,Pau Gasol,298.0,584.0,51.02739726027397,0.592,50.43539726027397,2015
202330,Gordon Hayward,115.0,178.0,64.6067415730337,0.588,64.01874157303371,2015
201933,Blake Griffin,182.0,307.0,59.28338762214984,0.604,58.67938762214984,2015
101145,Monta Ellis,102.0,166.0,61.44578313253012,0.579,60.86678313253012,2015
101108,Chris Paul,86.0,134.0,64.17910447761194,0.599,63.58010447761195,2015
202681,Kyrie Irving,135.0,197.0,68.52791878172589,0.584,67.94391878172588,2015
203076,Anthony Davis,228.0,415.0,54.93975903614458,0.595,54.34475903614458,2015
200746,LaMarcus Aldridge,197.0,364.0,54.120879120879124,0.592,53.528879120879125,2015
202691,Klay Thompson,76.0,138.0,55.072463768115945,0.587,54.48546376811594,2015
2544,LeBron James,97.0,152.0,63.81578947368421,0.587,63.22878947368421,2015
203081,Damian Lillard,131.0,171.0,76.60818713450293,0.583,76.02518713450293,2015
201566,Russell Westbrook,79.0,115.0,68.69565217391305,0.589,68.10665217391305,2015
201939,Stephen Curry,84.0,129.0,65.11627906976744,0.582,64.53427906976745,2015
201935,James Harden,167.0,266.0,62.78195488721804,0.591,62.19095488721804,2015
101126,Nate Robinson,0.0,1.0,0.0,0.566,-0.566,2016
203925,Joe Harris,3.0,3.0,100.0,0.613,99.387,2016
203998,Bruno Caboclo,5.0,6.0,83.33333333333333,0.568,82.76533333333333,2016
101236,Chuck Hayes,5.0,10.0,50.0,0.618,49.382,2016
1626183,Branden Dawson,5.0,6.0,83.33333333333333,0.594,82.73933333333333,2016
1626251,Duje Dukan,3.0,3.0,100.0,0.627,99.373,2016
203919,Jordan Adams,1.0,1.0,100.0,0.559,99.441,2016
203950,Jarnell Stokes,2.0,5.0,40.0,0.595,39.405,2016
1737,Nazr Mohammed,3.0,5.0,60.0,0.531,59.469,2016
203955,Bryce Cotton,4.0,5.0,80.0,0.646,79.354,2016
202343,Elliot Williams,1.0,1.0,100.0,0.641,99.359,2016
203961,Eric Moreland,6.0,12.0,50.0,0.565,49.435,2016
202690,Jimmer Fredette,1.0,1.0,100.0,0.488,99.512,2016
1626172,Kevon Looney,2.0,3.0,66.66666666666667,0.566,66.10066666666667,2016
1626146,Cliff Alexander,2.0,3.0,66.66666666666667,0.633,66.03366666666668,2016
203963,Shayne Whittington,3.0,5.0,60.0,0.587,59.413,2016
202712,Justin Harper,0.0,3.0,0.0,0.602,-0.602,2016
2563,Dahntay Jones,1.0,3.0,33.333333333333336,0.511,32.82233333333333,2016
203475,Erick Green,1.0,2.0,50.0,0.54,49.46,2016
1626242,Luis Montero,2.0,2.0,100.0,0.541,99.459,2016
203962,Josh Huestis,3.0,8.0,37.5,0.596,36.904,2016
1626151,Aaron Harrison,2.0,5.0,40.0,0.607,39.393,2016
201202,Joel Anthony,16.0,24.0,66.66666666666667,0.584,66.08266666666667,2016
203485,Lorenzo Brown,5.0,7.0,71.42857142857143,0.579,70.84957142857144,2016
1626175,Jordan Mickey,6.0,11.0,54.54545454545455,0.627,53.918454545454544,2016
201975,Jodie Meeks,1.0,2.0,50.0,0.606,49.394,2016
202726,Andrew Goudelock,4.0,5.0,80.0,0.592,79.408,2016
203928,Cory Jefferson,7.0,13.0,53.84615384615385,0.605,53.24115384615385,2016
203268,Jorge Gutierrez,5.0,8.0,62.5,0.561,61.939,2016
1627293,Alex Stepheson,8.0,21.0,38.095238095238095,0.622,37.473238095238095,2016
203893,Russ Smith,3.0,3.0,100.0,0.633,99.367,2016
201619,Sasha Kaun,6.0,16.0,37.5,0.546,36.954,2016
200779,Steve Novak,4.0,8.0,50.0,0.549,49.451,2016
202353,Tibor Pleiss,10.0,15.0,66.66666666666667,0.628,66.03866666666667,2016
204002,Edy Tavares,9.0,17.0,52.94117647058823,0.586,52.35517647058823,2016
203956,Mitch McGary,8.0,13.0,61.53846153846154,0.589,60.94946153846154,2016
203111,Orlando Johnson,6.0,11.0,54.54545454545455,0.593,53.95245454545454,2016
203461,Anthony Bennett,8.0,8.0,100.0,0.629,99.371,2016
1626210,Alan Williams,8.0,21.0,38.095238095238095,0.579,37.516238095238094,2016
203923,James Young,11.0,18.0,61.111111111111114,0.61,60.501111111111115,2016
201965,Jeff Ayres,16.0,22.0,72.72727272727273,0.553,72.17427272727274,2016
203921,Cleanthony Early,7.0,14.0,50.0,0.592,49.408,2016
1627362,Briante Weber,9.0,12.0,75.0,0.598,74.402,2016
203946,Cameron Bairstow,3.0,11.0,27.272727272727273,0.561,26.711727272727273,2016
1626192,Pat Connaughton,2.0,4.0,50.0,0.563,49.437,2016
203996,Damien Inglis,10.0,20.0,50.0,0.609,49.391,2016
202407,Elijah Millsap,11.0,18.0,61.111111111111114,0.601,60.510111111111115,2016
202962,Greg Smith,30.0,44.0,68.18181818181819,0.605,67.57681818181818,2016
2549,Chris Kaman,7.0,13.0,53.84615384615385,0.597,53.249153846153845,2016
203142,Chris Copeland,12.0,24.0,50.0,0.594,49.406,2016
200811,Lou Amundson,19.0,39.0,48.717948717948715,0.592,48.12594871794872,2016
201593,Nikola Pekovic,21.0,32.0,65.625,0.579,65.046,2016
203915,Spencer Dinwiddie,3.0,5.0,60.0,0.569,59.431,2016
2617,Udonis Haslem,18.0,26.0,69.23076923076923,0.576,68.65476923076923,2016
203906,Devyn Marble,15.0,21.0,71.42857142857143,0.605,70.82357142857143,2016
1626174,Christian Wood,14.0,30.0,46.666666666666664,0.551,46.11566666666666,2016
201971,DeJuan Blair,20.0,33.0,60.60606060606061,0.583,60.02306060606061,2016
204067,Jarell Eddie,5.0,10.0,50.0,0.605,49.395,2016
2406,Caron Butler,9.0,15.0,60.0,0.606,59.394,2016
2034,Mike Miller,29.0,44.0,65.9090909090909,0.58,65.32909090909091,2016
101187,Alan Anderson,12.0,15.0,80.0,0.576,79.424,2016
203512,Lucas Nogueira,30.0,65.0,46.15384615384615,0.589,45.564846153846155,2016
203100,Tony Wroten,3.0,3.0,100.0,0.58,99.42,2016
203123,Kostas Papanikolaou,20.0,30.0,66.66666666666667,0.619,66.04766666666667,2016
203912,C.J. Wilcox,7.0,12.0,58.333333333333336,0.577,57.75633333333334,2016
1882,Elton Brand,26.0,39.0,66.66666666666667,0.584,66.08266666666667,2016
1626179,Terry Rozier,15.0,23.0,65.21739130434783,0.582,64.63539130434783,2016
202379,Jeremy Evans,22.0,35.0,62.857142857142854,0.617,62.24014285714286,2016
204014,Damjan Rudez,16.0,26.0,61.53846153846154,0.586,60.95246153846154,2016
2588,Matt Bonner,18.0,36.0,50.0,0.571,49.429,2016
1626253,Axel Toupane,19.0,26.0,73.07692307692308,0.604,72.47292307692308,2016
203515,Phil Pressey,13.0,15.0,86.66666666666667,0.594,86.07266666666668,2016
1626214,Bryce Dejean-Jones,12.0,26.0,46.15384615384615,0.585,45.56884615384615,2016
204098,Xavier Munford,12.0,14.0,85.71428571428571,0.612,85.10228571428571,2016
2400,Drew Gooden,24.0,38.0,63.1578947368421,0.582,62.5758947368421,2016
201148,Brandan Wright,19.0,41.0,46.34146341463415,0.575,45.766463414634146,2016
203934,Lamar Patterson,23.0,30.0,76.66666666666667,0.607,76.05966666666667,2016
203135,Robert Sacre,37.0,67.0,55.223880597014926,0.6,54.623880597014924,2016
203077,Michael Kidd-Gilchrist,12.0,22.0,54.54545454545455,0.616,53.92945454545455,2016
203909,KJ McDaniels,16.0,27.0,59.25925925925926,0.588,58.67125925925926,2016
203156,Henry Sims,58.0,76.0,76.3157894736842,0.609,75.70678947368421,2016
2570,Kendrick Perkins,59.0,93.0,63.44086021505376,0.609,62.83186021505376,2016
1626154,RJ Hunter,14.0,20.0,70.0,0.607,69.393,2016
203508,Sergey Karasev,28.0,42.0,66.66666666666667,0.626,66.04066666666667,2016
203895,Jordan McRae,6.0,13.0,46.15384615384615,0.558,45.59584615384615,2016
1626153,Delon Wright,9.0,17.0,52.94117647058823,0.581,52.36017647058823,2016
201946,Tyler Hansbrough,25.0,47.0,53.191489361702125,0.607,52.584489361702126,2016
1626245,Cristiano Felicio,23.0,60.0,38.333333333333336,0.58,37.75333333333334,2016
2365,Chris Andersen,47.0,75.0,62.666666666666664,0.594,62.07266666666666,2016
201603,Sonny Weems,23.0,24.0,95.83333333333333,0.6,95.23333333333333,2016
200770,Jordan Farmar,9.0,15.0,60.0,0.6,59.4,2016
203088,Kendall Marshall,16.0,23.0,69.56521739130434,0.584,68.98121739130434,2016
1626191,Chris McCullough,38.0,60.0,63.333333333333336,0.603,62.730333333333334,2016
1626148,Anthony Brown,40.0,56.0,71.42857142857143,0.6049999999999999,70.82357142857143,2016
203949,James Michael McAdoo,34.0,46.0,73.91304347826087,0.599,73.31404347826087,2016
203099,Jared Cunningham,21.0,31.0,67.74193548387096,0.58,67.16193548387096,2016
203493,Reggie Bullock Jr.,20.0,30.0,66.66666666666667,0.593,66.07366666666667,2016
708,Kevin Garnett,59.0,96.0,61.458333333333336,0.592,60.86633333333334,2016
2555,Nick Collison,57.0,113.0,50.442477876106196,0.583,49.8594778761062,2016
2446,Rasual Butler,20.0,46.0,43.47826086956522,0.597,42.88126086956522,2016
200797,Ryan Hollins,46.0,87.0,52.87356321839081,0.605,52.26856321839081,2016
201149,Joakim Noah,64.0,101.0,63.366336633663366,0.585,62.781336633663365,2016
202706,Jordan Hamilton,29.0,38.0,76.3157894736842,0.593,75.7227894736842,2016
1626257,Salah Mejri,45.0,105.0,42.857142857142854,0.597,42.26014285714285,2016
202349,Greivis Vasquez,23.0,36.0,63.888888888888886,0.603,63.285888888888884,2016
203940,Adreian Payne,52.0,76.0,68.42105263157895,0.606,67.81505263157895,2016
204028,Tarik Black,58.0,101.0,57.42574257425743,0.608,56.81774257425743,2016
203492,Ray McCallum,16.0,29.0,55.172413793103445,0.585,54.587413793103444,2016
2550,Kirk Hinrich,37.0,51.0,72.54901960784314,0.588,71.96101960784314,2016
2760,Anderson Varejao,66.0,100.0,66.0,0.59,65.41,2016
1626149,Montrezl Harrell,29.0,47.0,61.702127659574465,0.581,61.12112765957446,2016
201228,C.J. Watson,32.0,44.0,72.72727272727273,0.597,72.13027272727274,2016
1889,Andre Miller,20.0,25.0,80.0,0.599,79.401,2016
203143,Pablo Prigioni,50.0,63.0,79.36507936507937,0.59,78.77507936507936,2016
201574,Jason Thompson,50.0,91.0,54.94505494505494,0.58,54.36505494505494,2016
201177,Josh McRoberts,42.0,74.0,56.75675675675676,0.593,56.163756756756754,2016
1626199,Darrun Hilliard,8.0,15.0,53.333333333333336,0.593,52.74033333333334,2016
203527,Ryan Kelly,44.0,65.0,67.6923076923077,0.612,67.0803076923077,2016
1626185,Jarell Martin,27.0,50.0,54.0,0.597,53.403,2016
1626202,Joe Young,25.0,37.0,67.56756756756756,0.562,67.00556756756757,2016
1626145,Tyus Jones,35.0,46.0,76.08695652173913,0.604,75.48295652173913,2016
203516,James Ennis III,12.0,15.0,80.0,0.583,79.417,2016
1626178,Rondae Hollis-Jefferson,53.0,93.0,56.98924731182796,0.614,56.37524731182796,2016
203922,Glenn Robinson III,31.0,49.0,63.265306122448976,0.596,62.66930612244898,2016
201580,JaVale McGee,52.0,86.0,60.46511627906977,0.587,59.878116279069765,2016
202341,James Anderson,39.0,65.0,60.0,0.591,59.409,2016
1897,Metta World Peace,31.0,50.0,62.0,0.599,61.401,2016
2592,James Jones,29.0,43.0,67.44186046511628,0.593,66.84886046511627,2016
203098,John Jenkins,28.0,38.0,73.6842105263158,0.606,73.0782105263158,2016
203186,Willie Reed,59.0,101.0,58.415841584158414,0.589,57.826841584158416,2016
202338,Kevin Seraphin,60.0,121.0,49.586776859504134,0.597,48.98977685950413,2016
203488,Mike Muscala,80.0,151.0,52.980132450331126,0.598,52.38213245033113,2016
203948,Johnny O'Bryant III,61.0,95.0,64.21052631578948,0.595,63.61552631578948,2016
201168,Tiago Splitter,58.0,103.0,56.310679611650485,0.593,55.71767961165048,2016
203894,Shabazz Napier,24.0,29.0,82.75862068965517,0.601,82.15762068965518,2016
203148,Brian Roberts,18.0,28.0,64.28571428571429,0.607,63.67871428571429,2016
2757,Beno Udrih,29.0,51.0,56.86274509803921,0.57,56.29274509803921,2016
203187,Chris Johnson,52.0,89.0,58.42696629213483,0.599,57.82796629213483,2016
201581,JJ Hickson,36.0,73.0,49.31506849315068,0.579,48.73606849315068,2016
203898,Tyler Ennis,30.0,44.0,68.18181818181819,0.572,67.60981818181818,2016
1626147,Justin Anderson,29.0,55.0,52.72727272727273,0.588,52.139272727272726,2016
203481,Jeff Withey,86.0,185.0,46.486486486486484,0.594,45.89248648648648,2016
1626173,Rashad Vaughn,57.0,83.0,68.67469879518072,0.596,68.07869879518071,2016
2419,Tayshaun Prince,68.0,120.0,56.666666666666664,0.596,56.07066666666667,2016
2399,Mike Dunleavy,39.0,62.0,62.903225806451616,0.617,62.28622580645162,2016
202700,Donatas Motiejunas,62.0,95.0,65.26315789473684,0.598,64.66515789473684,2016
202713,Kyle Singler,89.0,134.0,66.41791044776119,0.596,65.82191044776118,2016
201601,Luc Mbah a Moute,63.0,105.0,60.0,0.599,59.401,2016
203546,Ian Clark,37.0,53.0,69.81132075471699,0.598,69.21332075471699,2016
1626162,Kelly Oubre Jr.,53.0,79.0,67.0886075949367,0.614,66.4746075949367,2016
1626273,Marcelo Huertas,42.0,56.0,75.0,0.5729999999999998,74.427,2016
203200,Justin Holiday,59.0,111.0,53.153153153153156,0.598,52.55515315315316,2016
203584,Troy Daniels,20.0,26.0,76.92307692307692,0.568,76.35507692307692,2016
203524,Solomon Hill,59.0,93.0,63.44086021505376,0.592,62.84886021505376,2016
2581,Steve Blake,41.0,67.0,61.19402985074627,0.586,60.60802985074627,2016
201563,Michael Beasley,33.0,65.0,50.76923076923077,0.596,50.17323076923077,2016
203473,Dewayne Dedmon,87.0,162.0,53.7037037037037,0.6,53.1037037037037,2016
204025,Tim Frazier,25.0,39.0,64.1025641025641,0.599,63.503564102564106,2016
203994,Jusuf Nurkić,74.0,117.0,63.24786324786325,0.59,62.65786324786325,2016
201600,Omer Asik,150.0,262.0,57.25190839694657,0.604,56.64790839694657,2016
201978,Chase Budinger,39.0,62.0,62.903225806451616,0.598,62.30522580645162,2016
1626181,Norman Powell,28.0,51.0,54.90196078431372,0.59,54.31196078431372,2016
1626166,Cameron Payne,41.0,60.0,68.33333333333333,0.574,67.75933333333333,2016
203943,Noah Vonleh,96.0,165.0,58.18181818181818,0.596,57.58581818181818,2016
201949,James Johnson,39.0,70.0,55.714285714285715,0.608,55.10628571428572,2016
201960,DeMarre Carroll,43.0,63.0,68.25396825396825,0.602,67.65196825396825,2016
1626158,Richaun Holmes,69.0,129.0,53.48837209302326,0.593,52.895372093023255,2016
203552,Seth Curry,31.0,45.0,68.88888888888889,0.608,68.28088888888888,2016
2756,Sasha Vujacic,53.0,82.0,64.63414634146342,0.601,64.03314634146342,2016
1626246,Boban Marjanovic,57.0,113.0,50.442477876106196,0.596,49.8464778761062,2016
2749,Jameer Nelson,41.0,54.0,75.92592592592592,0.597,75.32892592592593,2016
2405,Amar'e Stoudemire,82.0,155.0,52.903225806451616,0.588,52.315225806451615,2016
200745,Andrea Bargnani,66.0,91.0,72.52747252747253,0.594,71.93347252747253,2016
203112,Quincy Acy,74.0,133.0,55.6390977443609,0.595,55.044097744360904,2016
201575,Brandon Rush,74.0,118.0,62.71186440677966,0.6,62.11186440677966,2016
203080,Thomas Robinson,106.0,195.0,54.35897435897436,0.596,53.76297435897436,2016
202357,Nemanja Bjelica,120.0,195.0,61.53846153846154,0.587,60.95146153846154,2016
203124,Kyle O'Quinn,103.0,198.0,52.02020202020202,0.585,51.43520202020202,2016
202697,Iman Shumpert,57.0,84.0,67.85714285714286,0.611,67.24614285714286,2016
204020,Tyler Johnson,43.0,82.0,52.4390243902439,0.584,51.8550243902439,2016
203101,Miles Plumlee,119.0,217.0,54.83870967741935,0.611,54.227709677419355,2016
101111,Charlie Villanueva,56.0,87.0,64.36781609195403,0.594,63.773816091954025,2016
203105,Festus Ezeli,109.0,212.0,51.41509433962264,0.59,50.82509433962264,2016
201564,O.J. Mayo,48.0,69.0,69.56521739130434,0.598,68.96721739130435,2016
202087,Alonzo Gee,80.0,121.0,66.11570247933884,0.593,65.52270247933883,2016
203501,Tim Hardaway Jr.,29.0,43.0,67.44186046511628,0.601,66.84086046511628,2016
202337,Luke Babbitt,70.0,103.0,67.96116504854369,0.598,67.36316504854369,2016
202332,Cole Aldrich,135.0,233.0,57.93991416309013,0.59,57.349914163090126,2016
203613,Jonathon Simmons,37.0,50.0,74.0,0.603,73.397,2016
101179,Ronnie Price,37.0,55.0,67.27272727272727,0.587,66.68572727272726,2016
201943,Brandon Jennings,34.0,53.0,64.15094339622641,0.58,63.57094339622641,2016
2746,Josh Smith,87.0,162.0,53.7037037037037,0.605,53.098703703703706,2016
201973,Jonas Jerebko,83.0,138.0,60.14492753623188,0.587,59.55792753623188,2016
203460,Andre Roberson,93.0,157.0,59.23566878980892,0.594,58.64166878980892,2016
2590,Mo Williams,25.0,39.0,64.1025641025641,0.573,63.5295641025641,2016
203503,Tony Snell,61.0,113.0,53.982300884955755,0.598,53.384300884955756,2016
201150,Spencer Hawes,103.0,178.0,57.86516853932584,0.588,57.27716853932584,2016
1626196,Josh Richardson,64.0,107.0,59.81308411214953,0.584,59.22908411214953,2016
204060,Joe Ingles,57.0,81.0,70.37037037037037,0.601,69.76937037037037,2016
2743,Kris Humphries,81.0,146.0,55.47945205479452,0.602,54.877452054794524,2016
203930,Sean Kilpatrick,35.0,45.0,77.77777777777777,0.592,77.18577777777777,2016
1626204,Larry Nance Jr.,99.0,156.0,63.46153846153846,0.61,62.85153846153846,2016
203937,Kyle Anderson,58.0,92.0,63.04347826086956,0.585,62.45847826086956,2016
201171,Carl Landry,63.0,102.0,61.76470588235294,0.593,61.17170588235294,2016
201582,Alexis Ajinca,97.0,173.0,56.06936416184971,0.595,55.474364161849714,2016
203092,Tyler Zeller,91.0,170.0,53.529411764705884,0.594,52.93541176470588,2016
203900,Markel Brown,65.0,102.0,63.72549019607843,0.601,63.12449019607843,2016
201951,Ty Lawson,83.0,111.0,74.77477477477477,0.598,74.17677477477477,2016
203960,JaKarr Sampson,73.0,124.0,58.87096774193548,0.591,58.27996774193548,2016
101106,Andrew Bogut,175.0,343.0,51.02040816326531,0.6,50.42040816326531,2016
201936,Tyreke Evans,44.0,67.0,65.67164179104478,0.602,65.06964179104477,2016
201627,Anthony Morrow,47.0,69.0,68.1159420289855,0.574,67.5419420289855,2016
201229,Anthony Tolliver,94.0,159.0,59.119496855345915,0.604,58.515496855345916,2016
203094,Andrew Nicholson,78.0,132.0,59.09090909090909,0.596,58.4949090909091,2016
202390,Gary Neal,39.0,53.0,73.58490566037736,0.595,72.98990566037736,2016
201156,Nick Young,63.0,90.0,70.0,0.599,69.401,2016
1713,Vince Carter,54.0,76.0,71.05263157894737,0.596,70.45663157894737,2016
203089,John Henson,117.0,253.0,46.24505928853755,0.594,45.651059288537546,2016
203939,Dwight Powell,101.0,180.0,56.111111111111114,0.598,55.513111111111115,2016
203798,PJ Hairston,46.0,86.0,53.48837209302326,0.594,52.89437209302326,2016
2210,Richard Jefferson,55.0,83.0,66.26506024096386,0.591,65.67406024096387,2016
101127,Jarrett Jack,49.0,77.0,63.63636363636363,0.601,63.035363636363634,2016
202692,Alec Burks,47.0,65.0,72.3076923076923,0.607,71.70069230769231,2016
1718,Paul Pierce,91.0,152.0,59.86842105263158,0.6,59.26842105263158,2016
1891,Jason Terry,69.0,86.0,80.23255813953489,0.603,79.6295581395349,2016
101112,Channing Frye,114.0,196.0,58.16326530612245,0.601,57.56226530612245,2016
202388,Donald Sloan,92.0,122.0,75.40983606557377,0.58,74.82983606557377,2016
101135,David Lee,94.0,161.0,58.38509316770186,0.586,57.79909316770186,2016
1626170,Jerian Grant,78.0,113.0,69.02654867256638,0.593,68.43354867256637,2016
202730,Lavoy Allen,128.0,224.0,57.142857142857146,0.598,56.54485714285715,2016
2571,Leandro Barbosa,34.0,49.0,69.38775510204081,0.599,68.78875510204081,2016
203093,Terrence Jones,103.0,176.0,58.52272727272727,0.59,57.93272727272727,2016
1626171,Bobby Portis,95.0,163.0,58.282208588957054,0.591,57.69120858895705,2016
202734,E'Twaun Moore,64.0,119.0,53.78151260504202,0.591,53.19051260504202,2016
202687,Bismack Biyombo,201.0,418.0,48.08612440191388,0.591,47.49512440191388,2016
202714,Shelvin Mack,52.0,77.0,67.53246753246754,0.597,66.93546753246754,2016
1626161,Willie Cauley-Stein,118.0,206.0,57.28155339805825,0.591,56.69055339805825,2016
2738,Andre Iguodala,81.0,124.0,65.3225806451613,0.608,64.71458064516129,2016
202344,Trevor Booker,116.0,181.0,64.08839779005525,0.596,63.49239779005526,2016
203118,Mike Scott,66.0,117.0,56.41025641025641,0.588,55.82225641025641,2016
203530,Joffrey Lauvergne,100.0,171.0,58.47953216374269,0.592,57.88753216374269,2016
201571,D.J. Augustin,58.0,73.0,79.45205479452055,0.594,78.85805479452056,2016
2199,Tyson Chandler,177.0,288.0,61.458333333333336,0.61,60.848333333333336,2016
101138,Brandon Bass,131.0,206.0,63.592233009708735,0.589,63.00323300970874,2016
200751,Randy Foye,62.0,103.0,60.19417475728155,0.586,59.60817475728155,2016
202389,Timofey Mozgov,162.0,310.0,52.25806451612903,0.602,51.656064516129035,2016
203526,Raul Neto,65.0,112.0,58.035714285714285,0.585,57.450714285714284,2016
202708,Norris Cole,53.0,72.0,73.61111111111111,0.592,73.01911111111112,2016
1626209,Mario Hezonja,84.0,129.0,65.11627906976744,0.594,64.52227906976745,2016
200757,Thabo Sefolosha,86.0,133.0,64.66165413533835,0.606,64.05565413533836,2016
201579,Roy Hibbert,251.0,428.0,58.64485981308411,0.603,58.04185981308411,2016
202498,Lance Thomas,48.0,81.0,59.25925925925926,0.61,58.64925925925926,2016
201967,Dante Cunningham,126.0,191.0,65.96858638743456,0.606,65.36258638743456,2016
2564,Boris Diaw,117.0,202.0,57.92079207920792,0.59,57.33079207920792,2016
2734,Devin Harris,60.0,82.0,73.17073170731707,0.576,72.59473170731708,2016
1626168,Trey Lyles,110.0,183.0,60.10928961748634,0.586,59.52328961748634,2016
2733,Shaun Livingston,91.0,138.0,65.94202898550725,0.597,65.34502898550726,2016
201166,Aaron Brooks,47.0,72.0,65.27777777777777,0.577,64.70077777777777,2016
204456,T.J. McConnell,90.0,132.0,68.18181818181819,0.583,67.59881818181819,2016
203090,Maurice Harkless,80.0,131.0,61.06870229007634,0.581,60.487702290076335,2016
1626159,Justise Winslow,128.0,217.0,58.986175115207374,0.591,58.39517511520737,2016
203462,Archie Goodwin,75.0,104.0,72.11538461538461,0.587,71.52838461538461,2016
203086,Meyers Leonard,115.0,198.0,58.08080808080808,0.603,57.47780808080808,2016
201578,Marreese Speights,109.0,190.0,57.36842105263158,0.598,56.77042105263158,2016
2755,Kevin Martin,48.0,57.0,84.21052631578948,0.602,83.60852631578948,2016
203382,Aron Baynes,161.0,296.0,54.391891891891895,0.591,53.800891891891894,2016
203933,T.J. Warren,56.0,82.0,68.29268292682927,0.612,67.68068292682928,2016
201155,Rodney Stuckey,42.0,69.0,60.869565217391305,0.596,60.27356521739131,2016
203463,Ben McLemore,89.0,131.0,67.93893129770993,0.595,67.34393129770993,2016
201585,Kosta Koufos,169.0,318.0,53.144654088050316,0.598,52.54665408805032,2016
1495,Tim Duncan,159.0,321.0,49.532710280373834,0.593,48.93971028037383,2016
2403,Nene,121.0,205.0,59.02439024390244,0.588,58.43639024390244,2016
202334,Ed Davis,180.0,361.0,49.86149584487535,0.594,49.26749584487535,2016
201589,Darrell Arthur,134.0,238.0,56.30252100840336,0.6029999999999999,55.69952100840336,2016
201160,Jason Smith,126.0,233.0,54.07725321888412,0.593,53.48425321888412,2016
201962,Toney Douglas,54.0,69.0,78.26086956521739,0.603,77.6578695652174,2016
202335,Patrick Patterson,118.0,209.0,56.45933014354067,0.588,55.87133014354067,2016
2754,Tony Allen,60.0,91.0,65.93406593406593,0.594,65.34006593406593,2016
201573,Jerryd Bayless,55.0,91.0,60.43956043956044,0.596,59.84356043956044,2016
203991,Clint Capela,201.0,376.0,53.45744680851064,0.592,52.86544680851064,2016
101181,Jose Calderon,132.0,182.0,72.52747252747253,0.598,71.92947252747253,2016
202325,Wesley Johnson,118.0,202.0,58.415841584158414,0.592,57.823841584158416,2016
2561,David West,143.0,256.0,55.859375,0.588,55.271375,2016
1938,Manu Ginobili,36.0,53.0,67.9245283018868,0.595,67.3295283018868,2016
203497,Rudy Gobert,185.0,377.0,49.07161803713528,0.595,48.47661803713528,2016
203935,Marcus Smart,50.0,86.0,58.13953488372093,0.595,57.54453488372093,2016
2744,Al Jefferson,102.0,160.0,63.75,0.599,63.151,2016
203499,Shane Larkin,99.0,151.0,65.56291390728477,0.583,64.97991390728477,2016
202720,Jon Leuer,149.0,254.0,58.661417322834644,0.591,58.07041732283464,2016
203521,Matthew Dellavedova,93.0,140.0,66.42857142857143,0.583,65.84557142857143,2016
201980,Danny Green,126.0,227.0,55.50660792951542,0.592,54.91460792951542,2016
202362,Lance Stephenson,46.0,62.0,74.19354838709677,0.592,73.60154838709677,2016
101161,Amir Johnson,193.0,365.0,52.87671232876713,0.596,52.28071232876713,2016
203210,JaMychal Green,90.0,171.0,52.63157894736842,0.594,52.03757894736842,2016
203087,Jeremy Lamb,56.0,90.0,62.22222222222222,0.597,61.62522222222222,2016
202066,Garrett Temple,90.0,158.0,56.962025316455694,0.591,56.37102531645569,2016
201961,Wayne Ellington,89.0,119.0,74.78991596638656,0.6029999999999999,74.18691596638656,2016
201977,Marcus Thornton,51.0,79.0,64.55696202531645,0.601,63.95596202531645,2016
201147,Corey Brewer,103.0,149.0,69.12751677852349,0.595,68.53251677852349,2016
203085,Austin Rivers,46.0,90.0,51.111111111111114,0.589,50.522111111111116,2016
1626169,Stanley Johnson,64.0,111.0,57.65765765765766,0.5990000000000001,57.05865765765766,2016
1626163,Frank Kaminsky,151.0,263.0,57.41444866920152,0.591,56.82344866920152,2016
101123,Gerald Green,61.0,109.0,55.96330275229358,0.59,55.373302752293576,2016
203917,Nik Stauskas,95.0,162.0,58.641975308641975,0.592,58.049975308641976,2016
1626167,Myles Turner,184.0,354.0,51.9774011299435,0.594,51.3834011299435,2016
203487,Michael Carter-Williams,93.0,153.0,60.78431372549019,0.595,60.189313725490194,2016
201945,Gerald Henderson,40.0,83.0,48.19277108433735,0.594,47.59877108433735,2016
204038,Langston Galloway,104.0,172.0,60.46511627906977,0.58,59.88511627906977,2016
201959,Taj Gibson,153.0,294.0,52.04081632653061,0.599,51.44181632653061,2016
201596,Mario Chalmers,51.0,76.0,67.10526315789474,0.578,66.52726315789474,2016
202339,Eric Bledsoe,61.0,94.0,64.8936170212766,0.584,64.3096170212766,2016
203500,Steven Adams,234.0,432.0,54.166666666666664,0.601,53.565666666666665,2016
203469,Cody Zeller,174.0,314.0,55.4140127388535,0.6,54.8140127388535,2016
201162,Jared Dudley,174.0,284.0,61.267605633802816,0.595,60.67260563380282,2016
202684,Tristan Thompson,232.0,413.0,56.17433414043583,0.594,55.58033414043583,2016
201941,Jordan Hill,195.0,336.0,58.035714285714285,0.594,57.44171428571428,2016
2585,Zaza Pachulia,258.0,430.0,60.0,0.593,59.407,2016
200782,P.J. Tucker,105.0,175.0,60.0,0.597,59.403,2016
2449,Luis Scola,104.0,178.0,58.42696629213483,0.606,57.82096629213483,2016
202709,Cory Joseph,101.0,179.0,56.42458100558659,0.585,55.83958100558659,2016
101133,Ian Mahinmi,206.0,363.0,56.74931129476584,0.598,56.15131129476584,2016
203482,Kelly Olynyk,139.0,229.0,60.698689956331876,0.589,60.10968995633188,2016
203504,Trey Burke,51.0,76.0,67.10526315789474,0.588,66.51726315789475,2016
201569,Eric Gordon,53.0,82.0,64.63414634146342,0.585,64.04914634146343,2016
201988,Patty Mills,74.0,96.0,77.08333333333333,0.584,76.49933333333333,2016
201158,Marco Belinelli,88.0,121.0,72.72727272727273,0.605,72.12227272727273,2016
201976,Patrick Beverley,106.0,176.0,60.22727272727273,0.6,59.627272727272725,2016
203458,Alex Len,211.0,368.0,57.33695652173913,0.597,56.73995652173913,2016
203082,Terrence Ross,71.0,122.0,58.19672131147541,0.598,57.59872131147541,2016
203932,Aaron Gordon,128.0,228.0,56.14035087719298,0.59,55.550350877192976,2016
2594,Kyle Korver,158.0,252.0,62.698412698412696,0.595,62.1034126984127,2016
202682,Derrick Williams,66.0,97.0,68.04123711340206,0.593,67.44823711340206,2016
203457,Nerlens Noel,223.0,431.0,51.74013921113689,0.603,51.13713921113689,2016
201933,Blake Griffin,95.0,159.0,59.74842767295598,0.594,59.154427672955975,2016
203924,Jerami Grant,166.0,306.0,54.248366013071895,0.599,53.6493660130719,2016
203486,Mason Plumlee,264.0,480.0,55.0,0.605,54.395,2016
101139,CJ Miles,78.0,145.0,53.793103448275865,0.596,53.19710344827587,2016
202685,Jonas Valančiūnas,192.0,344.0,55.81395348837209,0.598,55.215953488372094,2016
203138,Hollis Thompson,119.0,183.0,65.02732240437159,0.601,64.42632240437159,2016
2440,Matt Barnes,131.0,199.0,65.82914572864321,0.596,65.23314572864321,2016
201584,Courtney Lee,94.0,144.0,65.27777777777777,0.594,64.68377777777778,2016
203079,Dion Waiters,90.0,160.0,56.25,0.588,55.662,2016
101109,Raymond Felton,91.0,139.0,65.46762589928058,0.594,64.87362589928058,2016
203926,Doug McDermott,105.0,143.0,73.42657342657343,0.594,72.83257342657343,2016
202693,Markieff Morris,129.0,213.0,60.563380281690144,0.601,59.962380281690145,2016
201937,Ricky Rubio,132.0,181.0,72.92817679558011,0.597,72.33117679558012,2016
101141,Ersan Ilyasova,172.0,273.0,63.00366300366301,0.594,62.409663003663006,2016
203084,Harrison Barnes,110.0,181.0,60.773480662983424,0.611,60.16248066298343,2016
203901,Elfrid Payton,129.0,196.0,65.81632653061224,0.589,65.22732653061225,2016
202703,Nikola Mirotic,148.0,233.0,63.51931330472103,0.598,62.92131330472103,2016
203999,Nikola Jokić,195.0,371.0,52.56064690026954,0.601,51.95964690026954,2016
200826,J.J. Barea,50.0,69.0,72.46376811594203,0.586,71.87776811594203,2016
201196,Ramon Sessions,66.0,96.0,68.75,0.586,68.164,2016
201956,Omri Casspi,143.0,210.0,68.0952380952381,0.603,67.49223809523811,2016
203476,Gorgui Dieng,261.0,438.0,59.58904109589041,0.598,58.99104109589041,2016
203096,Jared Sullinger,199.0,348.0,57.18390804597701,0.6,56.58390804597701,2016
203459,Allen Crabbe,72.0,119.0,60.50420168067227,0.6,59.904201680672266,2016
202702,Kenneth Faried,179.0,282.0,63.47517730496454,0.595,62.88017730496454,2016
202718,Chandler Parsons,69.0,109.0,63.30275229357798,0.589,62.71375229357798,2016
202329,Al-Farouq Aminu,138.0,238.0,57.983193277310924,0.607,57.376193277310925,2016
201577,Robin Lopez,259.0,528.0,49.053030303030305,0.599,48.45403030303031,2016
203477,Isaiah Canaan,88.0,128.0,68.75,0.58,68.17,2016
202323,Evan Turner,140.0,221.0,63.34841628959276,0.602,62.746416289592766,2016
200765,Rajon Rondo,102.0,139.0,73.38129496402878,0.591,72.79029496402879,2016
201144,Mike Conley,74.0,128.0,57.8125,0.586,57.2265,2016
2225,Tony Parker,66.0,101.0,65.34653465346534,0.589,64.75753465346534,2016
203496,Robert Covington,122.0,190.0,64.21052631578948,0.605,63.60552631578948,2016
201188,Marc Gasol,168.0,318.0,52.83018867924528,0.601,52.22918867924528,2016
203498,Shabazz Muhammad,81.0,131.0,61.83206106870229,0.587,61.245061068702285,2016
203490,Otto Porter Jr.,112.0,166.0,67.46987951807229,0.597,66.8728795180723,2016
1626144,Emmanuel Mudiay,124.0,196.0,63.265306122448976,0.595,62.67030612244898,2016
203145,Kent Bazemore,78.0,134.0,58.208955223880594,0.601,57.607955223880595,2016
203471,Dennis Schröder,60.0,107.0,56.074766355140184,0.5990000000000001,55.47576635514019,2016
202711,Bojan Bogdanovic,158.0,206.0,76.69902912621359,0.606,76.0930291262136,2016
201588,George Hill,108.0,158.0,68.35443037974683,0.589,67.76543037974683,2016
201167,Arron Afflalo,78.0,111.0,70.27027027027027,0.596,69.67427027027027,2016
2736,Luol Deng,175.0,270.0,64.81481481481481,0.6,64.21481481481482,2016
202391,Jeremy Lin,81.0,154.0,52.5974025974026,0.591,52.0064025974026,2016
101114,Deron Williams,96.0,131.0,73.2824427480916,0.581,72.7014427480916,2016
203944,Julius Randle,236.0,361.0,65.37396121883657,0.599,64.77496121883657,2016
1626143,Jahlil Okafor,189.0,345.0,54.78260869565217,0.597,54.18560869565217,2016
203914,Gary Harris,98.0,150.0,65.33333333333333,0.605,64.72833333333332,2016
201145,Jeff Green,140.0,245.0,57.142857142857146,0.5889999999999999,56.55385714285715,2016
101107,Marvin Williams,180.0,324.0,55.55555555555556,0.6,54.955555555555556,2016
2747,JR Smith,74.0,117.0,63.24786324786325,0.599,62.648863247863254,2016
203078,Bradley Beal,75.0,107.0,70.09345794392523,0.594,69.49945794392524,2016
203141,Mirza Teletovic,168.0,255.0,65.88235294117646,0.594,65.28835294117647,2016
202397,Ish Smith,151.0,220.0,68.63636363636364,0.588,68.04836363636365,2016
2730,Dwight Howard,228.0,387.0,58.91472868217054,0.596,58.318728682170544,2016
202083,Wesley Matthews,96.0,135.0,71.11111111111111,0.594,70.51711111111112,2016
201599,DeAndre Jordan,250.0,482.0,51.86721991701245,0.592,51.27521991701245,2016
201586,Serge Ibaka,291.0,539.0,53.98886827458256,0.593,53.395868274582554,2016
2207,Joe Johnson,137.0,188.0,72.87234042553192,0.599,72.27334042553191,2016
2547,Chris Bosh,126.0,212.0,59.43396226415094,0.6,58.83396226415094,2016
101162,Marcin Gortat,272.0,495.0,54.94949494949495,0.603,54.34649494949495,2016
202324,Derrick Favors,190.0,376.0,50.53191489361702,0.602,49.929914893617024,2016
202688,Brandon Knight,79.0,110.0,71.81818181818181,0.595,71.22318181818181,2016
203109,Jae Crowder,127.0,187.0,67.9144385026738,0.595,67.3194385026738,2016
201609,Goran Dragic,104.0,168.0,61.904761904761905,0.596,61.30876190476191,2016
201954,Darren Collison,70.0,93.0,75.26881720430107,0.602,74.66681720430107,2016
2772,Trevor Ariza,135.0,199.0,67.8391959798995,0.599,67.2401959798995,2016
101150,Lou Williams,90.0,130.0,69.23076923076923,0.594,68.63676923076923,2016
204001,Kristaps Porziņģis,222.0,437.0,50.80091533180778,0.6,50.20091533180778,2016
201568,Danilo Gallinari,87.0,130.0,66.92307692307692,0.598,66.32507692307692,2016
202683,Enes Freedom,198.0,347.0,57.06051873198847,0.597,56.46351873198847,2016
2216,Zach Randolph,201.0,304.0,66.11842105263158,0.596,65.52242105263157,2016
202355,Hassan Whiteside,284.0,557.0,50.987432675044886,0.597,50.390432675044885,2016
202681,Kyrie Irving,80.0,122.0,65.57377049180327,0.586,64.98777049180327,2016
201587,Nicolas Batum,113.0,174.0,64.94252873563218,0.602,64.34052873563218,2016
1626164,Devin Booker,121.0,190.0,63.68421052631579,0.591,63.09321052631579,2016
1626156,D'Angelo Russell,171.0,232.0,73.70689655172414,0.595,73.11189655172414,2016
203953,Jabari Parker,197.0,287.0,68.6411149825784,0.599,68.0421149825784,2016
201565,Derrick Rose,105.0,149.0,70.46979865771812,0.591,69.87879865771812,2016
201950,Jrue Holiday,102.0,140.0,72.85714285714286,0.594,72.26314285714287,2016
202699,Tobias Harris,148.0,244.0,60.65573770491803,0.601,60.05473770491803,2016
201152,Thaddeus Young,212.0,338.0,62.72189349112426,0.599,62.122893491124266,2016
203484,Kentavious Caldwell-Pope,95.0,159.0,59.74842767295598,0.597,59.151427672955975,2016
2037,Jamal Crawford,69.0,103.0,66.99029126213593,0.594,66.39629126213593,2016
101145,Monta Ellis,90.0,132.0,68.18181818181819,0.591,67.5908181818182,2016
201583,Ryan Anderson,167.0,272.0,61.39705882352941,0.593,60.80405882352942,2016
203506,Victor Oladipo,136.0,214.0,63.55140186915888,0.598,62.95340186915888,2016
203110,Draymond Green,234.0,455.0,51.42857142857143,0.597,50.83157142857143,2016
202694,Marcus Morris Sr.,131.0,205.0,63.90243902439025,0.599,63.30343902439025,2016
202340,Avery Bradley,82.0,128.0,64.0625,0.596,63.4665,2016
203918,Rodney Hood,122.0,188.0,64.8936170212766,0.597,64.2966170212766,2016
203897,Zach LaVine,101.0,135.0,74.81481481481481,0.597,74.21781481481482,2016
977,Kobe Bryant,77.0,108.0,71.29629629629629,0.6089999999999999,70.6872962962963,2016
202696,Nikola Vučević,228.0,395.0,57.721518987341774,0.6,57.12151898734177,2016
203115,Will Barton,147.0,246.0,59.75609756097561,0.596,59.160097560975615,2016
200752,Rudy Gay,165.0,249.0,66.26506024096386,0.602,65.66306024096386,2016
2200,Pau Gasol,267.0,534.0,50.0,0.608,49.392,2016
203095,Evan Fournier,111.0,164.0,67.6829268292683,0.602,67.0809268292683,2016
202328,Greg Monroe,279.0,473.0,58.985200845665965,0.6,58.38520084566596,2016
203903,Jordan Clarkson,155.0,214.0,72.42990654205607,0.6,71.82990654205608,2016
200755,JJ Redick,85.0,124.0,68.54838709677419,0.597,67.9513870967742,2016
201567,Kevin Love,247.0,391.0,63.171355498721226,0.599,62.57235549872123,2016
201952,Jeff Teague,68.0,101.0,67.32673267326733,0.596,66.73073267326733,2016
201143,Al Horford,276.0,519.0,53.179190751445084,0.595,52.584190751445085,2016
203083,Andre Drummond,307.0,543.0,56.537753222836095,0.602,55.9357532228361,2016
200746,LaMarcus Aldridge,189.0,327.0,57.79816513761468,0.596,57.202165137614685,2016
203507,Giannis Antetokounmpo,209.0,389.0,53.72750642673522,0.6,53.127506426735216,2016
1717,Dirk Nowitzki,220.0,393.0,55.979643765903305,0.593,55.3866437659033,2016
200794,Paul Millsap,259.0,473.0,54.756871035940804,0.603,54.1538710359408,2016
202710,Jimmy Butler III,141.0,233.0,60.51502145922747,0.6,59.91502145922747,2016
2548,Dwyane Wade,82.0,135.0,60.74074074074074,0.602,60.138740740740744,2016
203114,Khris Middleton,120.0,176.0,68.18181818181819,0.603,67.57881818181819,2016
101108,Chris Paul,108.0,156.0,69.23076923076923,0.592,68.63876923076923,2016
203076,Anthony Davis,183.0,328.0,55.792682926829265,0.597,55.195682926829264,2016
202704,Reggie Jackson,156.0,218.0,71.55963302752293,0.588,70.97163302752294,2016
201572,Brook Lopez,300.0,576.0,52.083333333333336,0.603,51.480333333333334,2016
1626157,Karl-Anthony Towns,315.0,560.0,56.25,0.601,55.649,2016
202695,Kawhi Leonard,100.0,196.0,51.02040816326531,0.598,50.42240816326531,2016
202322,John Wall,118.0,189.0,62.43386243386244,0.594,61.839862433862436,2016
2546,Carmelo Anthony,122.0,184.0,66.30434782608695,0.602,65.70234782608695,2016
202330,Gordon Hayward,91.0,154.0,59.09090909090909,0.594,58.49690909090909,2016
200768,Kyle Lowry,143.0,207.0,69.08212560386474,0.597,68.48512560386474,2016
203468,CJ McCollum,104.0,166.0,62.65060240963855,0.592,62.05860240963855,2016
203952,Andrew Wiggins,176.0,284.0,61.971830985915496,0.595,61.3768309859155,2016
202689,Kemba Walker,132.0,191.0,69.10994764397905,0.592,68.51794764397906,2016
202326,DeMarcus Cousins,247.0,457.0,54.048140043763674,0.595,53.453140043763675,2016
202691,Klay Thompson,148.0,233.0,63.51931330472103,0.6,62.91931330472103,2016
202738,Isaiah Thomas,90.0,126.0,71.42857142857143,0.597,70.83157142857144,2016
201942,DeMar DeRozan,101.0,151.0,66.88741721854305,0.608,66.27941721854305,2016
202331,Paul George,160.0,251.0,63.745019920318725,0.601,63.144019920318726,2016
201566,Russell Westbrook,109.0,167.0,65.26946107784431,0.599,64.67046107784431,2016
203081,Damian Lillard,109.0,164.0,66.46341463414635,0.591,65.87241463414635,2016
2544,LeBron James,88.0,173.0,50.86705202312139,0.594,50.27305202312139,2016
201142,Kevin Durant,137.0,235.0,58.297872340425535,0.601,57.696872340425536,2016
201939,Stephen Curry,99.0,151.0,65.56291390728477,0.591,64.97191390728477,2016
201935,James Harden,214.0,316.0,67.72151898734177,0.601,67.12051898734177,2016
1627791,Ben Bentil,1.0,2.0,50.0,0.661,49.339,2017
1627868,Patricio Garino,1.0,1.0,100.0,0.663,99.337,2017
1626151,Aaron Harrison,3.0,5.0,60.0,0.43200000000000005,59.568,2017
1627861,Mike Tobey,0.0,4.0,0.0,0.557,-0.557,2017
202407,Elijah Millsap,2.0,2.0,100.0,0.612,99.388,2017
1627819,Isaiah Taylor,3.0,4.0,75.0,0.59,74.41,2017
1627744,Brice Johnson,3.0,5.0,60.0,0.673,59.327,2017
202336,Larry Sanders,1.0,2.0,50.0,0.486,49.514,2017
202390,Gary Neal,2.0,2.0,100.0,0.638,99.362,2017
202620,Arinze Onuaku,4.0,5.0,80.0,0.612,79.388,2017
1627771,Michael Gbinije,1.0,1.0,100.0,0.644,99.356,2017
200779,Steve Novak,2.0,2.0,100.0,0.706,99.294,2017
101127,Jarrett Jack,2.0,2.0,100.0,0.529,99.471,2017
203098,John Jenkins,2.0,2.0,100.0,0.571,99.429,2017
202349,Greivis Vasquez,0.0,1.0,0.0,0.555,-0.555,2017
202412,Manny Harris,2.0,2.0,100.0,0.604,99.396,2017
204002,Edy Tavares,6.0,13.0,46.15384615384615,0.52,45.63384615384615,2017
203934,Lamar Patterson,3.0,5.0,60.0,0.608,59.392,2017
1627743,Demetrius Jackson,1.0,2.0,50.0,0.605,49.395,2017
1627754,Diamond Stone,3.0,5.0,60.0,0.532,59.468,2017
1626253,Axel Toupane,1.0,3.0,33.333333333333336,0.625,32.708333333333336,2017
202087,Alonzo Gee,2.0,4.0,50.0,0.57,49.43,2017
202712,Justin Harper,3.0,6.0,50.0,0.583,49.417,2017
200770,Jordan Farmar,1.0,1.0,100.0,0.538,99.462,2017
201941,Jordan Hill,7.0,11.0,63.63636363636363,0.548,63.08836363636363,2017
1627787,Kyle Wiltjer,3.0,7.0,42.857142857142854,0.569,42.28814285714285,2017
203962,Josh Huestis,3.0,5.0,60.0,0.573,59.427,2017
203998,Bruno Caboclo,0.0,1.0,0.0,0.714,-0.714,2017
1627875,Marcus Georges-Hunt,3.0,3.0,100.0,0.629,99.371,2017
1627778,Chinanu Onuaku,8.0,9.0,88.88888888888889,0.647,88.24188888888888,2017
101179,Ronnie Price,5.0,8.0,62.5,0.62,61.88,2017
2760,Anderson Varejao,13.0,22.0,59.09090909090909,0.586,58.504909090909095,2017
1627745,Damian Jones,7.0,16.0,43.75,0.62,43.13,2017
1627777,Georges Niang,3.0,5.0,60.0,0.574,59.426,2017
1627780,Gary Payton II,5.0,10.0,50.0,0.652,49.348,2017
203912,C.J. Wilcox,13.0,18.0,72.22222222222223,0.624,71.59822222222223,2017
1627762,Joel Bolomboy,5.0,10.0,50.0,0.637,49.363,2017
1627757,Stephen Zimmerman,22.0,32.0,68.75,0.625,68.125,2017
204067,Jarell Eddie,3.0,6.0,50.0,0.595,49.405,2017
1627849,Daniel Ochefu,10.0,14.0,71.42857142857143,0.6209999999999999,70.80757142857144,2017
203527,Ryan Kelly,12.0,18.0,66.66666666666667,0.609,66.05766666666668,2017
201202,Joel Anthony,14.0,26.0,53.84615384615385,0.578,53.268153846153844,2017
202130,Reggie Williams,5.0,8.0,62.5,0.631,61.869,2017
2365,Chris Andersen,18.0,33.0,54.54545454545455,0.629,53.91645454545455,2017
2034,Mike Miller,3.0,5.0,60.0,0.67,59.33,2017
1627817,Tim Quarterman,2.0,4.0,50.0,0.583,49.417,2017
2617,Udonis Haslem,15.0,21.0,71.42857142857143,0.598,70.83057142857143,2017
201573,Jerryd Bayless,4.0,5.0,80.0,0.599,79.401,2017
2555,Nick Collison,13.0,25.0,52.0,0.593,51.407,2017
203510,Pierre Jackson,3.0,3.0,100.0,0.643,99.357,2017
1626174,Christian Wood,10.0,12.0,83.33333333333333,0.604,82.72933333333333,2017
1626191,Chris McCullough,8.0,13.0,61.53846153846154,0.539,60.99946153846154,2017
203096,Jared Sullinger,5.0,13.0,38.46153846153846,0.572,37.88953846153846,2017
203948,Johnny O'Bryant III,10.0,14.0,71.42857142857143,0.631,70.79757142857143,2017
1626175,Jordan Mickey,21.0,29.0,72.41379310344827,0.603,71.81079310344828,2017
201168,Tiago Splitter,8.0,15.0,53.333333333333336,0.583,52.75033333333334,2017
1627784,Jarrod Uthoff,5.0,6.0,83.33333333333333,0.59,82.74333333333333,2017
1627850,Marshall Plumlee,30.0,46.0,65.21739130434783,0.591,64.62639130434783,2017
202708,Norris Cole,8.0,9.0,88.88888888888889,0.619,88.26988888888889,2017
1626148,Anthony Brown,10.0,15.0,66.66666666666667,0.575,66.09166666666667,2017
203118,Mike Scott,7.0,14.0,50.0,0.571,49.429,2017
1627773,AJ Hammons,17.0,35.0,48.57142857142857,0.609,47.96242857142857,2017
1897,Metta World Peace,17.0,22.0,77.27272727272727,0.65,76.62272727272726,2017
1626203,Treveon Graham,9.0,11.0,81.81818181818181,0.588,81.23018181818182,2017
1627738,Deyonta Davis,20.0,48.0,41.666666666666664,0.598,41.068666666666665,2017
1627879,Nicolas Laprovittola,14.0,19.0,73.6842105263158,0.612,73.0722105263158,2017
1626176,Rakeem Christmas,32.0,51.0,62.745098039215684,0.621,62.12409803921568,2017
1627740,Henry Ellenson,9.0,18.0,50.0,0.586,49.414,2017
201628,Bobby Brown,6.0,7.0,85.71428571428571,0.622,85.09228571428571,2017
1627362,Briante Weber,10.0,12.0,83.33333333333333,0.58,82.75333333333333,2017
203940,Adreian Payne,13.0,22.0,59.09090909090909,0.591,58.49990909090909,2017
1626202,Joe Young,8.0,8.0,100.0,0.618,99.382,2017
1626273,Marcelo Huertas,25.0,29.0,86.20689655172414,0.588,85.61889655172415,2017
1627816,Alex Poythress,6.0,11.0,54.54545454545455,0.621,53.924454545454545,2017
203923,James Young,16.0,24.0,66.66666666666667,0.591,66.07566666666668,2017
1627782,Wayne Selden,9.0,16.0,56.25,0.576,55.674,2017
1627774,Jake Layman,13.0,22.0,59.09090909090909,0.592,58.498909090909095,2017
1627736,Malik Beasley,8.0,10.0,80.0,0.64,79.36,2017
1626188,Quinn Cook,6.0,7.0,85.71428571428571,0.6529999999999999,85.0612857142857,2017
1627781,Malachi Richardson,11.0,13.0,84.61538461538461,0.6180000000000001,83.99738461538462,2017
101106,Andrew Bogut,62.0,107.0,57.94392523364486,0.6149999999999999,57.32892523364486,2017
1718,Paul Pierce,20.0,29.0,68.96551724137932,0.619,68.34651724137932,2017
204014,Damjan Rudez,24.0,30.0,80.0,0.624,79.376,2017
201600,Omer Asik,63.0,103.0,61.16504854368932,0.607,60.558048543689324,2017
101187,Alan Anderson,19.0,22.0,86.36363636363636,0.611,85.75263636363636,2017
1627767,Cheick Diallo,28.0,36.0,77.77777777777777,0.618,77.15977777777778,2017
202713,Kyle Singler,26.0,42.0,61.904761904761905,0.622,61.282761904761905,2017
1627815,Sheldon Mac,16.0,25.0,64.0,0.594,63.406,2017
1627854,Bryn Forbes,14.0,21.0,66.66666666666667,0.589,66.07766666666667,2017
1626192,Pat Connaughton,17.0,29.0,58.62068965517241,0.625,57.99568965517241,2017
1626254,Maurice Ndour,29.0,50.0,58.0,0.594,57.406,2017
1627855,Okaro White,46.0,73.0,63.013698630136986,0.607,62.40669863013699,2017
203094,Andrew Nicholson,39.0,63.0,61.904761904761905,0.588,61.316761904761904,2017
203526,Raul Neto,17.0,29.0,58.62068965517241,0.585,58.03568965517241,2017
1627761,DeAndre' Bembry,17.0,27.0,62.96296296296296,0.611,62.351962962962965,2017
202332,Cole Aldrich,83.0,129.0,64.34108527131782,0.611,63.730085271317826,2017
1626780,Jonathan Gibson,12.0,15.0,80.0,0.564,79.436,2017
1627735,Wade Baldwin IV,25.0,41.0,60.97560975609756,0.578,60.39760975609756,2017
203461,Anthony Bennett,22.0,29.0,75.86206896551724,0.6090000000000001,75.25306896551724,2017
1627832,Fred VanVleet,13.0,19.0,68.42105263157895,0.561,67.86005263157894,2017
201177,Josh McRoberts,38.0,59.0,64.40677966101696,0.603,63.803779661016954,2017
203462,Archie Goodwin,10.0,18.0,55.55555555555556,0.59,54.965555555555554,2017
203101,Miles Plumlee,54.0,99.0,54.54545454545455,0.608,53.93745454545455,2017
201962,Toney Douglas,11.0,18.0,61.111111111111114,0.597,60.51411111111111,2017
1628021,David Nwaba,30.0,43.0,69.76744186046511,0.63,69.13744186046512,2017
202362,Lance Stephenson,7.0,15.0,46.666666666666664,0.584,46.08266666666666,2017
1627834,Georgios Papagiannis,46.0,77.0,59.74025974025974,0.618,59.122259740259736,2017
2756,Sasha Vujacic,29.0,43.0,67.44186046511628,0.591,66.85086046511628,2017
1626199,Darrun Hilliard,17.0,27.0,62.96296296296296,0.592,62.37096296296296,2017
1627749,Dejounte Murray,26.0,37.0,70.27027027027027,0.603,69.66727027027028,2017
2592,James Jones,33.0,62.0,53.225806451612904,0.595,52.630806451612905,2017
1626172,Kevon Looney,40.0,74.0,54.054054054054056,0.585,53.469054054054055,2017
1627733,Dragan Bender,47.0,77.0,61.03896103896104,0.609,60.42996103896104,2017
1626184,Chasson Randle,18.0,28.0,64.28571428571429,0.594,63.69171428571429,2017
203493,Reggie Bullock Jr.,15.0,24.0,62.5,0.579,61.921,2017
101181,Jose Calderon,35.0,42.0,83.33333333333333,0.613,82.72033333333333,2017
203148,Brian Roberts,19.0,26.0,73.07692307692308,0.587,72.48992307692308,2017
1626173,Rashad Vaughn,32.0,54.0,59.25925925925926,0.594,58.66525925925926,2017
203481,Jeff Withey,79.0,140.0,56.42857142857143,0.613,55.81557142857143,2017
203949,James Michael McAdoo,63.0,110.0,57.27272727272727,0.591,56.68172727272727,2017
1627848,Shawn Long,37.0,61.0,60.65573770491803,0.609,60.04673770491803,2017
1626153,Delon Wright,25.0,41.0,60.97560975609756,0.59,60.38560975609756,2017
202700,Donatas Motiejunas,54.0,78.0,69.23076923076923,0.61,68.62076923076923,2017
1627852,Nicolas Brussino,37.0,59.0,62.71186440677966,0.615,62.09686440677966,2017
202732,DeAndre Liggins,51.0,73.0,69.86301369863014,0.599,69.26401369863014,2017
203107,Tomas Satoransky,45.0,84.0,53.57142857142857,0.58,52.99142857142857,2017
1626166,Cameron Payne,27.0,37.0,72.97297297297297,0.582,72.39097297297297,2017
203895,Jordan McRae,24.0,39.0,61.53846153846154,0.584,60.95446153846154,2017
1626185,Jarell Martin,42.0,69.0,60.869565217391305,0.59,60.2795652173913,2017
1627751,Jakob Poeltl,73.0,129.0,56.58914728682171,0.596,55.99314728682171,2017
1627770,Kay Felder,13.0,21.0,61.904761904761905,0.555,61.349761904761905,2017
1627884,Derrick Jones Jr.,39.0,61.0,63.9344262295082,0.601,63.3334262295082,2017
101133,Ian Mahinmi,66.0,123.0,53.65853658536585,0.599,53.059536585365855,2017
2449,Luis Scola,42.0,69.0,60.869565217391305,0.613,60.256565217391305,2017
202730,Lavoy Allen,62.0,115.0,53.91304347826087,0.612,53.301043478260866,2017
203092,Tyler Zeller,60.0,109.0,55.04587155963303,0.612,54.433871559633026,2017
203477,Isaiah Canaan,22.0,31.0,70.96774193548387,0.581,70.38674193548387,2017
203902,Semaj Christon,60.0,88.0,68.18181818181819,0.577,67.60481818181819,2017
1627786,Troy Williams,23.0,44.0,52.27272727272727,0.616,51.656727272727274,2017
201956,Omri Casspi,50.0,73.0,68.4931506849315,0.616,67.87715068493151,2017
202325,Wesley Johnson,72.0,119.0,60.50420168067227,0.588,59.916201680672266,2017
201148,Brandan Wright,38.0,71.0,53.521126760563384,0.585,52.93612676056338,2017
1626246,Boban Marjanovic,23.0,54.0,42.592592592592595,0.585,42.007592592592594,2017
1626159,Justise Winslow,40.0,66.0,60.60606060606061,0.621,59.98506060606061,2017
201575,Brandon Rush,53.0,87.0,60.91954022988506,0.61,60.30954022988506,2017
202334,Ed Davis,72.0,136.0,52.94117647058823,0.603,52.33817647058823,2017
203138,Hollis Thompson,38.0,57.0,66.66666666666667,0.622,66.04466666666667,2017
203909,KJ McDaniels,25.0,42.0,59.523809523809526,0.6,58.923809523809524,2017
201582,Alexis Ajinca,81.0,126.0,64.28571428571429,0.608,63.677714285714295,2017
1626145,Tyus Jones,32.0,38.0,84.21052631578948,0.595,83.61552631578948,2017
1626257,Salah Mejri,120.0,224.0,53.57142857142857,0.606,52.96542857142857,2017
202718,Chandler Parsons,29.0,42.0,69.04761904761905,0.604,68.44361904761905,2017
1627758,Ron Baker,48.0,90.0,53.333333333333336,0.592,52.74133333333334,2017
203894,Shabazz Napier,12.0,17.0,70.58823529411765,0.603,69.98523529411766,2017
201977,Marcus Thornton,14.0,25.0,56.0,0.61,55.39,2017
1627783,Pascal Siakam,88.0,159.0,55.34591194968554,0.601,54.74491194968554,2017
201579,Roy Hibbert,68.0,142.0,47.88732394366197,0.6,47.28732394366197,2017
203112,Quincy Acy,42.0,70.0,60.0,0.605,59.395,2017
202338,Kevin Seraphin,41.0,85.0,48.23529411764706,0.622,47.61329411764706,2017
1627748,Thon Maker,86.0,154.0,55.84415584415584,0.63,55.21415584415584,2017
2757,Beno Udrih,22.0,31.0,70.96774193548387,0.567,70.40074193548388,2017
203898,Tyler Ennis,28.0,43.0,65.11627906976744,0.602,64.51427906976744,2017
201149,Joakim Noah,125.0,204.0,61.27450980392157,0.618,60.656509803921566,2017
1627835,Paul Zipser,67.0,104.0,64.42307692307692,0.594,63.82907692307692,2017
203080,Thomas Robinson,60.0,94.0,63.829787234042556,0.621,63.20878723404255,2017
203937,Kyle Anderson,56.0,101.0,55.445544554455445,0.591,54.854544554455444,2017
203512,Lucas Nogueira,125.0,229.0,54.585152838427945,0.605,53.98015283842795,2017
2743,Kris Humphries,69.0,127.0,54.330708661417326,0.598,53.73270866141733,2017
101123,Gerald Green,36.0,48.0,75.0,0.601,74.399,2017
201589,Darrell Arthur,56.0,97.0,57.7319587628866,0.588,57.1439587628866,2017
202348,Jordan Crawford,26.0,34.0,76.47058823529412,0.603,75.86758823529412,2017
201627,Anthony Morrow,32.0,53.0,60.37735849056604,0.608,59.76935849056604,2017
2399,Mike Dunleavy,33.0,60.0,55.0,0.608,54.392,2017
202498,Lance Thomas,36.0,59.0,61.016949152542374,0.612,60.40494915254237,2017
201155,Rodney Stuckey,27.0,41.0,65.85365853658537,0.611,65.24265853658537,2017
201228,C.J. Watson,45.0,54.0,83.33333333333333,0.612,82.72133333333333,2017
1627775,Patrick McCaw,82.0,119.0,68.90756302521008,0.61,68.29756302521008,2017
202692,Alec Burks,31.0,50.0,62.0,0.61,61.39,2017
1627826,Ivica Zubac,114.0,202.0,56.43564356435643,0.621,55.81464356435643,2017
203504,Trey Burke,34.0,46.0,73.91304347826087,0.596,73.31704347826087,2017
1627746,Skal Labissiere,74.0,114.0,64.91228070175438,0.6099999999999999,64.30228070175438,2017
1627756,Denzel Valentine,46.0,80.0,57.5,0.605,56.895,2017
101138,Brandon Bass,47.0,68.0,69.11764705882354,0.606,68.51164705882354,2017
1627739,Kris Dunn,74.0,131.0,56.48854961832061,0.603,55.88554961832061,2017
203487,Michael Carter-Williams,38.0,79.0,48.10126582278481,0.603,47.49826582278481,2017
201973,Jonas Jerebko,104.0,172.0,60.46511627906977,0.608,59.85711627906977,2017
1627823,Juancho Hernangomez,70.0,112.0,62.5,0.623,61.877,2017
202722,Dāvis Bertāns,79.0,136.0,58.088235294117645,0.595,57.493235294117646,2017
202682,Derrick Williams,51.0,72.0,70.83333333333333,0.613,70.22033333333333,2017
1891,Jason Terry,46.0,66.0,69.6969696969697,0.597,69.09996969696971,2017
201166,Aaron Brooks,45.0,61.0,73.77049180327869,0.607,73.16349180327869,2017
201196,Ramon Sessions,22.0,37.0,59.45945945945946,0.575,58.88445945945946,2017
2561,David West,98.0,180.0,54.44444444444444,0.606,53.83844444444444,2017
1626245,Cristiano Felicio,140.0,231.0,60.60606060606061,0.594,60.01206060606061,2017
1626209,Mario Hezonja,44.0,78.0,56.41025641025641,0.624,55.78625641025641,2017
202337,Luke Babbitt,90.0,146.0,61.64383561643836,0.606,61.03783561643836,2017
201975,Jodie Meeks,29.0,47.0,61.702127659574465,0.6,61.102127659574464,2017
203943,Noah Vonleh,101.0,200.0,50.5,0.606,49.894,2017
1627752,Taurean Prince,60.0,104.0,57.69230769230769,0.611,57.081307692307696,2017
201150,Spencer Hawes,96.0,158.0,60.75949367088607,0.608,60.151493670886076,2017
2564,Boris Diaw,104.0,165.0,63.03030303030303,0.603,62.42730303030303,2017
1626169,Stanley Johnson,37.0,70.0,52.857142857142854,0.603,52.25414285714285,2017
1626210,Alan Williams,89.0,174.0,51.14942528735632,0.608,50.541425287356326,2017
1627827,Dorian Finney-Smith,101.0,153.0,66.01307189542484,0.598,65.41507189542484,2017
2747,JR Smith,52.0,75.0,69.33333333333333,0.608,68.72533333333332,2017
200751,Randy Foye,62.0,104.0,59.61538461538461,0.613,59.002384615384614,2017
203382,Aron Baynes,111.0,218.0,50.91743119266055,0.61,50.30743119266055,2017
1626170,Jerian Grant,54.0,88.0,61.36363636363637,0.609,60.754636363636365,2017
201147,Corey Brewer,78.0,107.0,72.89719626168224,0.606,72.29119626168224,2017
203186,Willie Reed,112.0,208.0,53.84615384615385,0.608,53.23815384615385,2017
203530,Joffrey Lauvergne,85.0,127.0,66.92913385826772,0.609,66.32013385826772,2017
2199,Tyson Chandler,139.0,225.0,61.77777777777778,0.617,61.16077777777778,2017
200826,J.J. Barea,24.0,32.0,75.0,0.62,74.38,2017
204028,Tarik Black,132.0,230.0,57.391304347826086,0.617,56.77430434782609,2017
203473,Dewayne Dedmon,107.0,223.0,47.98206278026906,0.601,47.38106278026906,2017
2733,Shaun Livingston,65.0,100.0,65.0,0.602,64.398,2017
1627098,Malcolm Delaney,53.0,68.0,77.94117647058823,0.603,77.33817647058824,2017
203089,John Henson,154.0,254.0,60.62992125984252,0.611,60.01892125984252,2017
202389,Timofey Mozgov,120.0,215.0,55.81395348837209,0.6029999999999999,55.21095348837209,2017
203086,Meyers Leonard,129.0,232.0,55.60344827586207,0.602,55.001448275862074,2017
202357,Nemanja Bjelica,109.0,193.0,56.476683937823836,0.602,55.87468393782384,2017
203518,Alex Abrines,66.0,111.0,59.45945945945946,0.605,58.85445945945946,2017
1626179,Terry Rozier,56.0,83.0,67.46987951807229,0.597,66.8728795180723,2017
201936,Tyreke Evans,51.0,76.0,67.10526315789474,0.597,66.50826315789475,2017
203922,Glenn Robinson III,71.0,133.0,53.38345864661654,0.599,52.78445864661654,2017
203957,Danté Exum,50.0,86.0,58.13953488372093,0.595,57.54453488372093,2017
2571,Leandro Barbosa,33.0,49.0,67.34693877551021,0.614,66.7329387755102,2017
203915,Spencer Dinwiddie,51.0,83.0,61.44578313253012,0.595,60.85078313253012,2017
201160,Jason Smith,118.0,204.0,57.84313725490196,0.605,57.238137254901964,2017
203925,Joe Harris,83.0,123.0,67.47967479674797,0.618,66.86167479674798,2017
1627851,Mindaugas Kuzminskas,55.0,81.0,67.90123456790124,0.611,67.29023456790124,2017
1626150,Andrew Harrison,71.0,111.0,63.96396396396396,0.58,63.383963963963964,2017
2736,Luol Deng,112.0,164.0,68.29268292682927,0.605,67.68768292682927,2017
203114,Khris Middleton,46.0,70.0,65.71428571428571,0.597,65.11728571428571,2017
2585,Zaza Pachulia,189.0,292.0,64.72602739726027,0.61,64.11602739726027,2017
203516,James Ennis III,83.0,130.0,63.84615384615385,0.613,63.23315384615385,2017
202714,Shelvin Mack,54.0,85.0,63.529411764705884,0.605,62.92441176470589,2017
201162,Jared Dudley,101.0,189.0,53.439153439153436,0.606,52.833153439153435,2017
2734,Devin Harris,43.0,59.0,72.88135593220339,0.614,72.26735593220339,2017
203488,Mike Muscala,111.0,218.0,50.91743119266055,0.607,50.31043119266055,2017
201967,Dante Cunningham,126.0,208.0,60.57692307692308,0.609,59.96792307692308,2017
1627755,Tyler Ulis,37.0,53.0,69.81132075471699,0.608,69.20332075471698,2017
1626171,Bobby Portis,91.0,147.0,61.904761904761905,0.602,61.30276190476191,2017
203120,Justin Hamilton,166.0,276.0,60.14492753623188,0.617,59.527927536231886,2017
203924,Jerami Grant,99.0,188.0,52.659574468085104,0.609,52.0505744680851,2017
1626168,Trey Lyles,99.0,177.0,55.932203389830505,0.604,55.328203389830506,2017
200757,Thabo Sefolosha,83.0,124.0,66.93548387096774,0.621,66.31448387096775,2017
203457,Nerlens Noel,135.0,252.0,53.57142857142857,0.621,52.95042857142857,2017
1627789,Timothe Luwawu-Cabarrot,73.0,122.0,59.83606557377049,0.602,59.23406557377049,2017
202335,Patrick Patterson,99.0,179.0,55.3072625698324,0.607,54.700262569832404,2017
2210,Richard Jefferson,98.0,147.0,66.66666666666667,0.59,66.07666666666667,2017
1626204,Larry Nance Jr.,151.0,221.0,68.32579185520362,0.607,67.71879185520362,2017
203141,Mirza Teletovic,88.0,139.0,63.30935251798561,0.6,62.70935251798561,2017
201229,Anthony Tolliver,126.0,205.0,61.46341463414634,0.609,60.85441463414634,2017
1627812,Yogi Ferrell,55.0,72.0,76.38888888888889,0.601,75.78788888888889,2017
204025,Tim Frazier,78.0,114.0,68.42105263157895,0.597,67.82405263157895,2017
1627747,Caris LeVert,58.0,96.0,60.416666666666664,0.612,59.80466666666666,2017
201585,Kosta Koufos,138.0,244.0,56.557377049180324,0.621,55.93637704918032,2017
201580,JaVale McGee,107.0,206.0,51.94174757281554,0.594,51.347747572815535,2017
202324,Derrick Favors,117.0,207.0,56.52173913043478,0.605,55.916739130434784,2017
203613,Jonathon Simmons,76.0,111.0,68.46846846846847,0.597,67.87146846846848,2017
1627734,Domantas Sabonis,143.0,263.0,54.372623574144484,0.602,53.77062357414449,2017
202687,Bismack Biyombo,224.0,392.0,57.142857142857146,0.605,56.53785714285715,2017
201601,Luc Mbah a Moute,103.0,164.0,62.80487804878049,0.605,62.19987804878049,2017
201980,Danny Green,132.0,216.0,61.111111111111114,0.608,60.50311111111112,2017
203463,Ben McLemore,57.0,88.0,64.77272727272727,0.603,64.16972727272727,2017
203124,Kyle O'Quinn,149.0,296.0,50.33783783783784,0.603,49.73483783783784,2017
203585,Rodney McGruder,113.0,167.0,67.66467065868264,0.607,67.05767065868264,2017
1938,Manu Ginobili,43.0,72.0,59.72222222222222,0.608,59.114222222222224,2017
1626162,Kelly Oubre Jr.,96.0,145.0,66.20689655172414,0.61,65.59689655172414,2017
1626155,Sam Dekker,106.0,185.0,57.2972972972973,0.608,56.6892972972973,2017
203939,Dwight Powell,145.0,218.0,66.5137614678899,0.605,65.9087614678899,2017
202066,Garrett Temple,92.0,135.0,68.14814814814815,0.602,67.54614814814815,2017
202391,Jeremy Lin,55.0,98.0,56.12244897959184,0.597,55.525448979591836,2017
1627759,Jaylen Brown,59.0,101.0,58.415841584158414,0.607,57.808841584158415,2017
201167,Arron Afflalo,66.0,88.0,75.0,0.614,74.386,2017
101161,Amir Johnson,185.0,356.0,51.96629213483146,0.61,51.35629213483146,2017
203460,Andre Roberson,189.0,326.0,57.97546012269939,0.607,57.36846012269939,2017
1626149,Montrezl Harrell,124.0,197.0,62.944162436548226,0.61,62.334162436548226,2017
203546,Ian Clark,56.0,69.0,81.15942028985508,0.6,80.55942028985508,2017
2440,Matt Barnes,134.0,184.0,72.82608695652173,0.613,72.21308695652174,2017
201563,Michael Beasley,63.0,106.0,59.43396226415094,0.601,58.83296226415094,2017
200771,Sergio Rodriguez,55.0,68.0,80.88235294117646,0.565,80.31735294117647,2017
2744,Al Jefferson,82.0,132.0,62.121212121212125,0.607,61.514212121212125,2017
200782,P.J. Tucker,111.0,170.0,65.29411764705883,0.608,64.68611764705882,2017
1626147,Justin Anderson,67.0,108.0,62.03703703703704,0.6019999999999999,61.43503703703704,2017
202329,Al-Farouq Aminu,145.0,260.0,55.76923076923077,0.607,55.16223076923077,2017
101109,Raymond Felton,78.0,115.0,67.82608695652173,0.595,67.23108695652174,2017
200765,Rajon Rondo,100.0,134.0,74.6268656716418,0.605,74.02186567164179,2017
1626196,Josh Richardson,74.0,139.0,53.23741007194245,0.586,52.65141007194245,2017
1627785,Isaiah Whitehead,93.0,160.0,58.125,0.591,57.534,2017
203584,Troy Daniels,64.0,103.0,62.13592233009709,0.608,61.52792233009709,2017
204456,T.J. McConnell,91.0,132.0,68.93939393939394,0.588,68.35139393939394,2017
1626158,Richaun Holmes,152.0,265.0,57.35849056603774,0.609,56.749490566037736,2017
200752,Rudy Gay,53.0,94.0,56.38297872340426,0.602,55.78097872340426,2017
203524,Solomon Hill,148.0,230.0,64.34782608695652,0.611,63.73682608695652,2017
202697,Iman Shumpert,91.0,145.0,62.758620689655174,0.6,62.15862068965517,2017
202702,Kenneth Faried,109.0,166.0,65.66265060240964,0.604,65.05865060240964,2017
101135,David Lee,122.0,222.0,54.95495495495496,0.604,54.35095495495496,2017
2738,Andre Iguodala,101.0,162.0,62.34567901234568,0.606,61.739679012345675,2017
201943,Brandon Jennings,77.0,102.0,75.49019607843137,0.597,74.89319607843137,2017
203521,Matthew Dellavedova,89.0,138.0,64.4927536231884,0.596,63.89675362318841,2017
204060,Joe Ingles,67.0,106.0,63.20754716981132,0.615,62.59254716981132,2017
203093,Terrence Jones,130.0,215.0,60.46511627906977,0.6029999999999999,59.86211627906977,2017
204038,Langston Galloway,56.0,89.0,62.92134831460674,0.602,62.31934831460674,2017
202323,Evan Turner,81.0,140.0,57.857142857142854,0.609,57.24814285714285,2017
1713,Vince Carter,75.0,128.0,58.59375,0.611,57.98275,2017
1626195,Willy Hernangomez,202.0,347.0,58.21325648414986,0.608,57.60525648414986,2017
1626143,Jahlil Okafor,142.0,254.0,55.90551181102362,0.604,55.30151181102362,2017
202688,Brandon Knight,57.0,82.0,69.51219512195122,0.592,68.92019512195122,2017
203926,Doug McDermott,96.0,152.0,63.1578947368421,0.607,62.5508947368421,2017
1626144,Emmanuel Mudiay,82.0,109.0,75.22935779816514,0.586,74.64335779816514,2017
203458,Alex Len,210.0,400.0,52.5,0.613,51.887,2017
203087,Jeremy Lamb,76.0,106.0,71.69811320754717,0.61,71.08811320754717,2017
2403,Nene,175.0,261.0,67.04980842911877,0.604,66.44580842911877,2017
1626161,Willie Cauley-Stein,144.0,237.0,60.75949367088607,0.616,60.14349367088607,2017
1626181,Norman Powell,67.0,92.0,72.82608695652173,0.602,72.22408695652173,2017
201571,D.J. Augustin,65.0,93.0,69.89247311827957,0.596,69.29647311827956,2017
101145,Monta Ellis,76.0,108.0,70.37037037037037,0.6089999999999999,69.76137037037037,2017
201960,DeMarre Carroll,117.0,194.0,60.30927835051546,0.616,59.69327835051546,2017
2225,Tony Parker,63.0,96.0,65.625,0.589,65.036,2017
203954,Joel Embiid,86.0,197.0,43.65482233502538,0.611,43.04382233502538,2017
203200,Justin Holiday,98.0,148.0,66.21621621621621,0.61,65.60621621621621,2017
202684,Tristan Thompson,239.0,456.0,52.41228070175438,0.605,51.80728070175439,2017
201145,Jeff Green,119.0,176.0,67.61363636363636,0.614,66.99963636363636,2017
203469,Cody Zeller,170.0,293.0,58.02047781569966,0.61,57.41047781569966,2017
201976,Patrick Beverley,153.0,222.0,68.91891891891892,0.6,68.31891891891892,2017
2754,Tony Allen,83.0,130.0,63.84615384615385,0.623,63.22315384615385,2017
201961,Wayne Ellington,71.0,110.0,64.54545454545455,0.603,63.942454545454545,2017
1626178,Rondae Hollis-Jefferson,156.0,251.0,62.15139442231076,0.614,61.53739442231076,2017
203994,Jusuf Nurkić,194.0,349.0,55.587392550143264,0.61,54.977392550143264,2017
201945,Gerald Henderson,80.0,118.0,67.79661016949153,0.6070000000000001,67.18961016949153,2017
101112,Channing Frye,182.0,304.0,59.86842105263158,0.609,59.25942105263158,2017
2749,Jameer Nelson,70.0,94.0,74.46808510638297,0.617,73.85108510638297,2017
203482,Kelly Olynyk,173.0,277.0,62.454873646209386,0.602,61.85287364620939,2017
101114,Deron Williams,75.0,106.0,70.75471698113208,0.603,70.15171698113208,2017
2594,Kyle Korver,112.0,171.0,65.49707602339181,0.62,64.87707602339181,2017
201951,Ty Lawson,63.0,89.0,70.78651685393258,0.591,70.19551685393259,2017
203503,Tony Snell,101.0,162.0,62.34567901234568,0.599,61.74667901234568,2017
203210,JaMychal Green,105.0,191.0,54.973821989528794,0.613,54.360821989528795,2017
202344,Trevor Booker,123.0,214.0,57.47663551401869,0.614,56.86263551401869,2017
202734,E'Twaun Moore,115.0,180.0,63.888888888888886,0.614,63.27488888888889,2017
201578,Marreese Speights,181.0,283.0,63.957597173144876,0.614,63.34359717314488,2017
2207,Joe Johnson,79.0,119.0,66.38655462184875,0.599,65.78755462184874,2017
203079,Dion Waiters,70.0,124.0,56.45161290322581,0.602,55.84961290322581,2017
202709,Cory Joseph,105.0,163.0,64.41717791411043,0.589,63.82817791411043,2017
1627737,Marquese Chriss,142.0,230.0,61.73913043478261,0.609,61.13013043478261,2017
1627742,Brandon Ingram,121.0,182.0,66.48351648351648,0.618,65.86551648351649,2017
203077,Michael Kidd-Gilchrist,153.0,269.0,56.87732342007435,0.608,56.26932342007435,2017
202703,Nikola Mirotic,122.0,230.0,53.04347826086956,0.601,52.442478260869564,2017
203918,Rodney Hood,70.0,111.0,63.06306306306306,0.591,62.47206306306306,2017
1717,Dirk Nowitzki,140.0,239.0,58.57740585774059,0.619,57.95840585774059,2017
202704,Reggie Jackson,61.0,101.0,60.396039603960396,0.593,59.8030396039604,2017
203917,Nik Stauskas,127.0,181.0,70.1657458563536,0.607,69.5587458563536,2017
202397,Ish Smith,102.0,158.0,64.55696202531645,0.594,63.96296202531645,2017
201988,Patty Mills,67.0,91.0,73.62637362637362,0.598,73.02837362637362,2017
202720,Jon Leuer,163.0,264.0,61.74242424242424,0.6,61.14242424242424,2017
1627763,Malcolm Brogdon,124.0,180.0,68.88888888888889,0.599,68.28988888888888,2017
203498,Shabazz Muhammad,50.0,82.0,60.97560975609756,0.634,60.34160975609756,2017
203090,Maurice Harkless,108.0,212.0,50.943396226415096,0.613,50.3303962264151,2017
203110,Draymond Green,226.0,463.0,48.81209503239741,0.604,48.20809503239741,2017
201158,Marco Belinelli,75.0,94.0,79.7872340425532,0.617,79.17023404255319,2017
2200,Pau Gasol,191.0,343.0,55.68513119533527,0.612,55.07313119533527,2017
201156,Nick Young,88.0,114.0,77.19298245614036,0.601,76.59198245614036,2017
101139,CJ Miles,60.0,92.0,65.21739130434783,0.622,64.59539130434783,2017
203145,Kent Bazemore,78.0,146.0,53.42465753424658,0.6,52.824657534246576,2017
1627750,Jamal Murray,95.0,138.0,68.84057971014492,0.602,68.23857971014492,2017
201152,Thaddeus Young,130.0,210.0,61.904761904761905,0.603,61.301761904761904,2017
203115,Will Barton,89.0,143.0,62.23776223776224,0.602,61.63576223776224,2017
203476,Gorgui Dieng,315.0,528.0,59.65909090909091,0.602,59.05709090909091,2017
203991,Clint Capela,241.0,422.0,57.10900473933649,0.609,56.50000473933649,2017
201588,George Hill,68.0,101.0,67.32673267326733,0.607,66.71973267326733,2017
203914,Gary Harris,58.0,84.0,69.04761904761905,0.597,68.45061904761906,2017
203935,Marcus Smart,100.0,165.0,60.60606060606061,0.609,59.99706060606061,2017
201584,Courtney Lee,126.0,174.0,72.41379310344827,0.612,71.80179310344828,2017
201937,Ricky Rubio,120.0,173.0,69.36416184971098,0.612,68.75216184971099,2017
201577,Robin Lopez,328.0,618.0,53.07443365695793,0.612,52.46243365695793,2017
203486,Mason Plumlee,236.0,453.0,52.09713024282561,0.6130000000000001,51.48413024282561,2017
203459,Allen Crabbe,79.0,108.0,73.14814814814815,0.5949999999999999,72.55314814814815,2017
201959,Taj Gibson,137.0,260.0,52.69230769230769,0.609,52.08330769230769,2017
101107,Marvin Williams,157.0,265.0,59.24528301886792,0.607,58.638283018867924,2017
203082,Terrence Ross,118.0,163.0,72.39263803680981,0.6,71.79263803680982,2017
203496,Robert Covington,126.0,208.0,60.57692307692308,0.601,59.97592307692308,2017
1627741,Buddy Hield,142.0,197.0,72.08121827411168,0.606,71.47521827411168,2017
1626163,Frank Kaminsky,191.0,299.0,63.87959866220736,0.611,63.26859866220736,2017
101162,Marcin Gortat,328.0,542.0,60.51660516605166,0.608,59.908605166051665,2017
203552,Seth Curry,79.0,114.0,69.29824561403508,0.608,68.69024561403508,2017
203897,Zach LaVine,66.0,90.0,73.33333333333333,0.613,72.72033333333333,2017
203085,Austin Rivers,83.0,137.0,60.583941605839414,0.604,59.979941605839414,2017
202340,Avery Bradley,103.0,145.0,71.03448275862068,0.603,70.43148275862069,2017
201954,Darren Collison,54.0,77.0,70.12987012987013,0.593,69.53687012987012,2017
203500,Steven Adams,260.0,428.0,60.74766355140187,0.607,60.14066355140187,2017
203930,Sean Kilpatrick,99.0,134.0,73.88059701492537,0.609,73.27159701492538,2017
203933,T.J. Warren,96.0,149.0,64.42953020134229,0.614,63.81553020134229,2017
2772,Trevor Ariza,163.0,238.0,68.4873949579832,0.614,67.8733949579832,2017
202685,Jonas Valančiūnas,232.0,407.0,57.002457002457,0.615,56.387457002457,2017
202328,Greg Monroe,226.0,339.0,66.66666666666667,0.604,66.06266666666667,2017
201143,Al Horford,223.0,386.0,57.7720207253886,0.604,57.1680207253886,2017
202083,Wesley Matthews,82.0,117.0,70.08547008547009,0.614,69.47147008547009,2017
201949,James Johnson,138.0,261.0,52.87356321839081,0.605,52.26856321839081,2017
203944,Julius Randle,218.0,352.0,61.93181818181818,0.613,61.31881818181818,2017
201583,Ryan Anderson,184.0,278.0,66.18705035971223,0.608,65.57905035971223,2017
1626156,D'Angelo Russell,98.0,131.0,74.80916030534351,0.613,74.19616030534351,2017
203109,Jae Crowder,102.0,157.0,64.96815286624204,0.615,64.35315286624204,2017
204020,Tyler Johnson,122.0,218.0,55.96330275229358,0.577,55.38630275229358,2017
2730,Dwight Howard,143.0,270.0,52.96296296296296,0.608,52.354962962962965,2017
2037,Jamal Crawford,84.0,121.0,69.42148760330579,0.593,68.82848760330579,2017
203932,Aaron Gordon,134.0,220.0,60.90909090909091,0.61,60.29909090909091,2017
203953,Jabari Parker,81.0,142.0,57.04225352112676,0.614,56.42825352112676,2017
2216,Zach Randolph,159.0,246.0,64.63414634146342,0.607,64.02714634146342,2017
201950,Jrue Holiday,101.0,155.0,65.16129032258064,0.603,64.55829032258065,2017
201599,DeAndre Jordan,245.0,441.0,55.55555555555556,0.612,54.943555555555555,2017
202683,Enes Freedom,181.0,323.0,56.037151702786375,0.604,55.433151702786375,2017
203967,Dario Šarić,190.0,326.0,58.282208588957054,0.603,57.67920858895705,2017
203901,Elfrid Payton,150.0,227.0,66.07929515418502,0.587,65.49229515418502,2017
203484,Kentavious Caldwell-Pope,93.0,132.0,70.45454545454545,0.598,69.85654545454545,2017
202693,Markieff Morris,194.0,329.0,58.96656534954408,0.606,58.360565349544075,2017
203506,Victor Oladipo,136.0,211.0,64.45497630331754,0.601,63.85397630331754,2017
101141,Ersan Ilyasova,177.0,285.0,62.10526315789474,0.609,61.49626315789474,2017
203490,Otto Porter Jr.,162.0,250.0,64.8,0.609,64.191,2017
2548,Dwyane Wade,80.0,114.0,70.17543859649123,0.6030000000000001,69.57243859649124,2017
202696,Nikola Vučević,251.0,422.0,59.47867298578199,0.602,58.876672985781994,2017
201163,Wilson Chandler,119.0,230.0,51.73913043478261,0.611,51.12813043478261,2017
101108,Chris Paul,106.0,141.0,75.177304964539,0.614,74.563304964539,2017
203083,Andre Drummond,252.0,413.0,61.016949152542374,0.609,60.40794915254237,2017
202694,Marcus Morris Sr.,107.0,181.0,59.11602209944751,0.615,58.50102209944751,2017
202711,Bojan Bogdanovic,119.0,186.0,63.97849462365591,0.606,63.37249462365591,2017
201568,Danilo Gallinari,120.0,172.0,69.76744186046511,0.599,69.16844186046511,2017
203497,Rudy Gobert,303.0,651.0,46.54377880184332,0.61,45.93377880184332,2017
201567,Kevin Love,194.0,305.0,63.60655737704918,0.608,62.99855737704918,2017
203501,Tim Hardaway Jr.,73.0,122.0,59.83606557377049,0.595,59.24106557377049,2017
201565,Derrick Rose,104.0,155.0,67.09677419354838,0.613,66.48377419354838,2017
1626167,Myles Turner,325.0,618.0,52.58899676375405,0.608,51.98099676375405,2017
201587,Nicolas Batum,113.0,186.0,60.75268817204301,0.61,60.14268817204301,2017
203095,Evan Fournier,98.0,162.0,60.49382716049383,0.608,59.88582716049383,2017
200755,JJ Redick,107.0,145.0,73.79310344827586,0.609,73.18410344827586,2017
201586,Serge Ibaka,251.0,432.0,58.101851851851855,0.605,57.49685185185186,2017
204001,Kristaps Porziņģis,248.0,480.0,51.666666666666664,0.613,51.053666666666665,2017
203999,Nikola Jokić,307.0,493.0,62.27180527383367,0.621,61.65080527383367,2017
203903,Jordan Clarkson,114.0,153.0,74.50980392156863,0.608,73.90180392156863,2017
201569,Eric Gordon,103.0,156.0,66.02564102564102,0.611,65.41464102564102,2017
200746,LaMarcus Aldridge,134.0,301.0,44.51827242524917,0.607,43.91127242524917,2017
201952,Jeff Teague,116.0,169.0,68.63905325443787,0.596,68.04305325443787,2017
200794,Paul Millsap,249.0,407.0,61.17936117936118,0.61,60.56936117936118,2017
202355,Hassan Whiteside,260.0,500.0,52.0,0.608,51.392,2017
201933,Blake Griffin,137.0,211.0,64.92890995260663,0.6149999999999999,64.31390995260664,2017
200768,Kyle Lowry,108.0,156.0,69.23076923076923,0.596,68.63476923076922,2017
202699,Tobias Harris,183.0,286.0,63.98601398601399,0.611,63.37501398601399,2017
202339,Eric Bledsoe,138.0,211.0,65.40284360189574,0.594,64.80884360189575,2017
203471,Dennis Schröder,82.0,140.0,58.57142857142857,0.597,57.97442857142857,2017
201144,Mike Conley,134.0,192.0,69.79166666666667,0.598,69.19366666666667,2017
101150,Lou Williams,99.0,139.0,71.22302158273381,0.599,70.6240215827338,2017
201188,Marc Gasol,210.0,391.0,53.70843989769821,0.612,53.09643989769821,2017
201609,Goran Dragic,122.0,206.0,59.22330097087379,0.582,58.641300970873786,2017
203084,Harrison Barnes,162.0,229.0,70.74235807860262,0.608,70.13435807860262,2017
201572,Brook Lopez,194.0,351.0,55.27065527065527,0.611,54.65965527065527,2017
201142,Kevin Durant,154.0,283.0,54.41696113074205,0.607,53.80996113074205,2017
202330,Gordon Hayward,97.0,159.0,61.0062893081761,0.596,60.410289308176104,2017
1626164,Devin Booker,128.0,212.0,60.37735849056604,0.602,59.77535849056604,2017
2546,Carmelo Anthony,132.0,211.0,62.55924170616114,0.618,61.94124170616114,2017
202691,Klay Thompson,141.0,228.0,61.8421052631579,0.601,61.2411052631579,2017
202331,Paul George,148.0,223.0,66.3677130044843,0.62,65.7477130044843,2017
203078,Bradley Beal,132.0,189.0,69.84126984126983,0.605,69.23626984126983,2017
202322,John Wall,100.0,171.0,58.47953216374269,0.593,57.886532163742686,2017
202681,Kyrie Irving,140.0,200.0,70.0,0.604,69.396,2017
202710,Jimmy Butler III,141.0,219.0,64.38356164383562,0.6090000000000001,63.77456164383562,2017
202689,Kemba Walker,114.0,173.0,65.89595375722543,0.594,65.30195375722543,2017
203507,Giannis Antetokounmpo,190.0,375.0,50.666666666666664,0.614,50.05266666666667,2017
203468,CJ McCollum,116.0,205.0,56.58536585365854,0.588,55.997365853658536,2017
202695,Kawhi Leonard,121.0,193.0,62.69430051813472,0.609,62.085300518134716,2017
203952,Andrew Wiggins,232.0,334.0,69.46107784431138,0.618,68.84307784431138,2017
202326,DeMarcus Cousins,228.0,430.0,53.02325581395349,0.618,52.40525581395349,2017
2544,LeBron James,162.0,273.0,59.34065934065934,0.607,58.733659340659344,2017
201939,Stephen Curry,97.0,139.0,69.7841726618705,0.592,69.1921726618705,2017
201942,DeMar DeRozan,102.0,148.0,68.91891891891892,0.602,68.31691891891892,2017
203081,Damian Lillard,125.0,192.0,65.10416666666667,0.593,64.51116666666667,2017
1626157,Karl-Anthony Towns,314.0,519.0,60.5009633911368,0.608,59.8929633911368,2017
203076,Anthony Davis,230.0,425.0,54.11764705882353,0.619,53.49864705882353,2017
202738,Isaiah Thomas,101.0,137.0,73.72262773722628,0.599,73.12362773722627,2017
201935,James Harden,225.0,328.0,68.59756097560975,0.609,67.98856097560976,2017
201566,Russell Westbrook,120.0,177.0,67.79661016949153,0.604,67.19261016949153,2017
1628500,Ben Moore,1.0,1.0,100.0,0.453,99.547,2018
1627852,Nicolas Brussino,1.0,1.0,100.0,0.677,99.323,2018
1628399,Tyler Lydon,0.0,1.0,0.0,0.58,-0.58,2018
202918,Xavier Silas,1.0,2.0,50.0,0.581,49.419,2018
203816,Scotty Hopson,1.0,1.0,100.0,0.679,99.321,2018
202330,Gordon Hayward,1.0,1.0,100.0,0.621,99.379,2018
1626643,Jacob Pullen,1.0,1.0,100.0,0.479,99.521,2018
202379,Jeremy Evans,1.0,1.0,100.0,0.538,99.462,2018
2736,Luol Deng,2.0,5.0,40.0,0.597,39.403,2018
1628408,PJ Dozier,1.0,2.0,50.0,0.63,49.37,2018
203505,Vander Blue,1.0,4.0,25.0,0.58,24.42,2018
2570,Kendrick Perkins,1.0,1.0,100.0,0.581,99.419,2018
204098,Xavier Munford,4.0,4.0,100.0,0.546,99.454,2018
1627856,Matt Costello,2.0,6.0,33.333333333333336,0.594,32.739333333333335,2018
1628451,Jacob Wiley,1.0,5.0,20.0,0.568,19.432,2018
1627778,Chinanu Onuaku,2.0,2.0,100.0,0.551,99.449,2018
1627817,Tim Quarterman,1.0,3.0,33.333333333333336,0.381,32.952333333333335,2018
203900,Markel Brown,5.0,10.0,50.0,0.641,49.359,2018
1628475,Matt Williams Jr.,0.0,1.0,0.0,0.642,-0.642,2018
1628429,Charles Cooke,4.0,6.0,66.66666666666667,0.599,66.06766666666667,2018
1626205,Vincent Hunter,0.0,1.0,0.0,0.543,-0.543,2018
1628506,London Perrantes,5.0,6.0,83.33333333333333,0.567,82.76633333333334,2018
1628396,Tony Bradley,1.0,5.0,20.0,0.586,19.414,2018
1628935,Aaron Jackson,4.0,5.0,80.0,0.586,79.414,2018
2617,Udonis Haslem,5.0,9.0,55.55555555555556,0.582,54.973555555555556,2018
203949,James Michael McAdoo,4.0,6.0,66.66666666666667,0.536,66.13066666666667,2018
1628493,Mangok Mathiang,3.0,3.0,100.0,0.564,99.436,2018
1627777,Georges Niang,3.0,3.0,100.0,0.57,99.43,2018
1627762,Joel Bolomboy,3.0,4.0,75.0,0.59,74.41,2018
204065,David Stockton,1.0,1.0,100.0,0.677,99.323,2018
1628420,Monté Morris,1.0,2.0,50.0,0.584,49.416,2018
203104,Marquis Teague,8.0,14.0,57.142857142857146,0.562,56.58085714285715,2018
201149,Joakim Noah,4.0,7.0,57.142857142857146,0.602,56.54085714285715,2018
202332,Cole Aldrich,7.0,8.0,87.5,0.56,86.94,2018
1627772,Daniel Hamilton,1.0,1.0,100.0,0.543,99.457,2018
1627779,Marcus Paige,2.0,2.0,100.0,0.82,99.18,2018
1628387,Ike Anigbogu,9.0,13.0,69.23076923076923,0.558,68.67276923076922,2018
1627850,Marshall Plumlee,11.0,17.0,64.70588235294117,0.616,64.08988235294117,2018
202713,Kyle Singler,3.0,4.0,75.0,0.648,74.352,2018
203481,Jeff Withey,2.0,7.0,28.571428571428573,0.643,27.928428571428572,2018
1627743,Demetrius Jackson,10.0,16.0,62.5,0.577,61.923,2018
1626199,Darrun Hilliard,9.0,10.0,90.0,0.597,89.403,2018
1627821,James Webb III,15.0,21.0,71.42857142857143,0.605,70.82357142857143,2018
1627215,Walt Lemon Jr.,3.0,6.0,50.0,0.579,49.421,2018
203923,James Young,2.0,6.0,33.333333333333336,0.553,32.78033333333334,2018
203580,Larry Drew II,4.0,10.0,40.0,0.542,39.458,2018
1627866,Jameel Warney,1.0,2.0,50.0,0.617,49.383,2018
202391,Jeremy Lin,8.0,9.0,88.88888888888889,0.607,88.28188888888889,2018
1626154,RJ Hunter,4.0,6.0,66.66666666666667,0.564,66.10266666666668,2018
1628443,Kadeem Allen,7.0,11.0,63.63636363636363,0.59,63.04636363636363,2018
202933,Julyan Stone,12.0,15.0,80.0,0.595,79.405,2018
1628492,Gian Clavell,4.0,7.0,57.142857142857146,0.6209999999999999,56.521857142857144,2018
1626210,Alan Williams,8.0,18.0,44.44444444444444,0.64,43.80444444444444,2018
1627855,Okaro White,7.0,14.0,50.0,0.599,49.401,2018
203940,Adreian Payne,6.0,8.0,75.0,0.651,74.349,2018
1628035,Alfonzo McKinnie,4.0,9.0,44.44444444444444,0.567,43.87744444444444,2018
1628391,D.J. Wilson,12.0,17.0,70.58823529411765,0.584,70.00423529411765,2018
1628418,Thomas Bryant,12.0,17.0,70.58823529411765,0.668,69.92023529411765,2018
204179,Omari Johnson,2.0,4.0,50.0,0.617,49.383,2018
1627753,Zhou Qi,10.0,28.0,35.714285714285715,0.562,35.15228571428572,2018
201600,Omer Asik,29.0,46.0,63.04347826086956,0.598,62.445478260869564,2018
1627788,Furkan Korkmaz,5.0,5.0,100.0,0.568,99.432,2018
1628499,Antonius Cleveland,7.0,13.0,53.84615384615385,0.566,53.280153846153844,2018
201281,Andre Ingram,3.0,5.0,60.0,0.622,59.378,2018
1627745,Damian Jones,12.0,24.0,50.0,0.591,49.409,2018
2555,Nick Collison,10.0,12.0,83.33333333333333,0.609,82.72433333333333,2018
1627816,Alex Poythress,5.0,8.0,62.5,0.594,61.906,2018
203998,Bruno Caboclo,12.0,18.0,66.66666666666667,0.615,66.05166666666668,2018
1628502,Nigel Hayes-Davis,8.0,13.0,61.53846153846154,0.6,60.93846153846154,2018
1628537,Jaylen Morris,8.0,12.0,66.66666666666667,0.602,66.06466666666667,2018
1628504,Xavier Rathan-Mayes,11.0,14.0,78.57142857142857,0.6290000000000001,77.94242857142856,2018
1628476,Derrick Walton Jr.,13.0,21.0,61.904761904761905,0.583,61.32176190476191,2018
203524,Solomon Hill,26.0,35.0,74.28571428571429,0.626,73.65971428571429,2018
2210,Richard Jefferson,7.0,15.0,46.666666666666664,0.604,46.062666666666665,2018
1627982,Josh Gray,7.0,10.0,70.0,0.595,69.405,2018
203485,Lorenzo Brown,9.0,12.0,75.0,0.581,74.419,2018
202348,Jordan Crawford,7.0,8.0,87.5,0.622,86.878,2018
2863,Damien Wilkins,10.0,16.0,62.5,0.596,61.904,2018
1626780,Jonathan Gibson,2.0,3.0,66.66666666666667,0.463,66.20366666666668,2018
1628495,Milton Doyle,8.0,11.0,72.72727272727273,0.565,72.16227272727274,2018
1627774,Jake Layman,8.0,11.0,72.72727272727273,0.652,72.07527272727273,2018
1627834,Georgios Papagiannis,28.0,36.0,77.77777777777777,0.615,77.16277777777778,2018
101106,Andrew Bogut,20.0,36.0,55.55555555555556,0.613,54.94255555555556,2018
1627735,Wade Baldwin IV,4.0,8.0,50.0,0.608,49.392,2018
1626259,Malcolm Miller,12.0,18.0,66.66666666666667,0.611,66.05566666666667,2018
1628444,Jabari Bird,2.0,5.0,40.0,0.571,39.429,2018
204022,Jack Cooley,7.0,12.0,58.333333333333336,0.639,57.69433333333333,2018
1627744,Brice Johnson,8.0,17.0,47.05882352941177,0.621,46.437823529411766,2018
202720,Jon Leuer,19.0,31.0,61.29032258064516,0.605,60.68532258064516,2018
202347,Quincy Pondexter,10.0,16.0,62.5,0.612,61.888,2018
1626191,Chris McCullough,9.0,13.0,69.23076923076923,0.603,68.62776923076923,2018
203705,Josh Magette,15.0,28.0,53.57142857142857,0.543,53.02842857142857,2018
1627853,Ryan Arcidiacono,16.0,31.0,51.61290322580645,0.584,51.028903225806445,2018
201628,Bobby Brown,8.0,11.0,72.72727272727273,0.579,72.14827272727274,2018
1627362,Briante Weber,40.0,58.0,68.96551724137932,0.582,68.38351724137932,2018
1628401,Derrick White,12.0,21.0,57.142857142857146,0.598,56.54485714285715,2018
201589,Darrell Arthur,20.0,33.0,60.60606060606061,0.622,59.98406060606061,2018
1626177,Dakari Johnson,22.0,33.0,66.66666666666667,0.626,66.04066666666667,2018
204066,John Holland,19.0,32.0,59.375,0.574,58.801,2018
1627770,Kay Felder,9.0,13.0,69.23076923076923,0.613,68.61776923076923,2018
1627875,Marcus Georges-Hunt,12.0,16.0,75.0,0.641,74.359,2018
1626151,Aaron Harrison,14.0,18.0,77.77777777777777,0.603,77.17477777777778,2018
1627758,Ron Baker,24.0,46.0,52.17391304347826,0.595,51.57891304347826,2018
1628403,Caleb Swanigan,13.0,23.0,56.52173913043478,0.607,55.91473913043478,2018
1627884,Derrick Jones Jr.,17.0,32.0,53.125,0.605,52.52,2018
202697,Iman Shumpert,24.0,38.0,63.1578947368421,0.579,62.5788947368421,2018
1628432,Davon Reed,21.0,30.0,70.0,0.6010000000000001,69.399,2018
1626173,Rashad Vaughn,15.0,30.0,50.0,0.6,49.4,2018
203141,Mirza Teletovic,10.0,15.0,66.66666666666667,0.59,66.07666666666667,2018
1628510,Andrew White III,9.0,15.0,60.0,0.6169999999999999,59.383,2018
1627780,Gary Payton II,25.0,40.0,62.5,0.607,61.893,2018
201943,Brandon Jennings,24.0,32.0,75.0,0.598,74.402,2018
1627883,Jalen Jones,15.0,22.0,68.18181818181819,0.609,67.57281818181819,2018
201166,Aaron Brooks,9.0,13.0,69.23076923076923,0.58,68.65076923076923,2018
204037,Travis Wear,24.0,39.0,61.53846153846154,0.622,60.91646153846154,2018
1628503,Jamel Artis,14.0,26.0,53.84615384615385,0.598,53.24815384615385,2018
1627824,Guerschon Yabusele,24.0,42.0,57.142857142857146,0.582,56.560857142857145,2018
1628439,Isaiah Hicks,23.0,40.0,57.5,0.6,56.9,2018
1628409,Alec Peters,16.0,33.0,48.484848484848484,0.573,47.911848484848484,2018
1627823,Juancho Hernangomez,30.0,52.0,57.69230769230769,0.594,57.09830769230769,2018
1627785,Isaiah Whitehead,17.0,27.0,62.96296296296296,0.593,62.36996296296296,2018
1627781,Malachi Richardson,14.0,21.0,66.66666666666667,0.612,66.05466666666668,2018
203585,Rodney McGruder,12.0,24.0,50.0,0.571,49.429,2018
1626175,Jordan Mickey,41.0,75.0,54.666666666666664,0.624,54.04266666666666,2018
203922,Glenn Robinson III,26.0,46.0,56.52173913043478,0.622,55.89973913043478,2018
1628405,Johnathan Motley,17.0,27.0,62.96296296296296,0.591,62.37196296296296,2018
1628681,Rodney Purvis,10.0,20.0,50.0,0.574,49.426,2018
1628365,Markelle Fultz,19.0,38.0,50.0,0.578,49.422,2018
1627858,Kyle Collinsworth,38.0,70.0,54.285714285714285,0.594,53.69171428571428,2018
202732,DeAndre Liggins,55.0,93.0,59.13978494623656,0.582,58.55778494623656,2018
2754,Tony Allen,19.0,26.0,73.07692307692308,0.622,72.45492307692308,2018
203960,JaKarr Sampson,24.0,61.0,39.34426229508197,0.622,38.72226229508197,2018
203966,Jamil Wilson,25.0,39.0,64.1025641025641,0.611,63.491564102564105,2018
1627988,Myke Henry,30.0,46.0,65.21739130434783,0.597,64.62039130434783,2018
203086,Meyers Leonard,26.0,45.0,57.77777777777778,0.604,57.17377777777778,2018
201160,Jason Smith,32.0,50.0,64.0,0.591,63.409,2018
203957,Danté Exum,12.0,25.0,48.0,0.595,47.405,2018
2731,Emeka Okafor,47.0,81.0,58.02469135802469,0.621,57.40369135802469,2018
1627790,Ante Zizic,26.0,51.0,50.98039215686274,0.603,50.37739215686274,2018
203512,Lucas Nogueira,62.0,119.0,52.10084033613445,0.599,51.50184033613446,2018
1627827,Dorian Finney-Smith,29.0,59.0,49.152542372881356,0.624,48.528542372881354,2018
202389,Timofey Mozgov,23.0,53.0,43.39622641509434,0.607,42.78922641509434,2018
203457,Nerlens Noel,58.0,89.0,65.1685393258427,0.626,64.5425393258427,2018
1627786,Troy Williams,17.0,42.0,40.476190476190474,0.597,39.87919047619047,2018
1628436,Luke Kornet,48.0,85.0,56.470588235294116,0.633,55.83758823529411,2018
201976,Patrick Beverley,17.0,32.0,53.125,0.604,52.521,2018
1627936,Alex Caruso,52.0,88.0,59.09090909090909,0.586,58.504909090909095,2018
201196,Ramon Sessions,27.0,45.0,60.0,0.574,59.426,2018
1627761,DeAndre' Bembry,33.0,51.0,64.70588235294117,0.595,64.11088235294118,2018
201148,Brandan Wright,37.0,64.0,57.8125,0.605,57.2075,2018
202705,MarShon Brooks,16.0,18.0,88.88888888888889,0.592,88.29688888888889,2018
203961,Eric Moreland,114.0,195.0,58.46153846153846,0.617,57.84453846153846,2018
1628371,Jonathan Isaac,72.0,119.0,60.50420168067227,0.608,59.89620168067227,2018
202695,Kawhi Leonard,16.0,28.0,57.142857142857146,0.595,56.54785714285715,2018
1627846,Abdel Nader,33.0,58.0,56.89655172413793,0.572,56.324551724137926,2018
203464,Brandon Paul,42.0,66.0,63.63636363636363,0.576,63.06036363636363,2018
1628469,Antonio Blakeney,21.0,36.0,58.333333333333336,0.58,57.75333333333334,2018
1627740,Henry Ellenson,42.0,64.0,65.625,0.601,65.024,2018
1627885,Shaquille Harrison,29.0,49.0,59.183673469387756,0.585,58.598673469387755,2018
1627863,Danuel House Jr.,26.0,43.0,60.46511627906977,0.612,59.853116279069766,2018
201162,Jared Dudley,61.0,93.0,65.59139784946237,0.609,64.98239784946237,2018
1628388,T.J. Leaf,39.0,66.0,59.09090909090909,0.587,58.50390909090909,2018
203521,Matthew Dellavedova,61.0,92.0,66.30434782608695,0.599,65.70534782608695,2018
203962,Josh Huestis,82.0,146.0,56.16438356164384,0.605,55.55938356164384,2018
1627814,Damion Lee,29.0,55.0,52.72727272727273,0.6150000000000001,52.112272727272725,2018
1627826,Ivica Zubac,57.0,108.0,52.77777777777778,0.619,52.15877777777778,2018
202327,Ekpe Udoh,89.0,181.0,49.171270718232044,0.603,48.56827071823204,2018
1628470,Torrey Craig,45.0,75.0,60.0,0.594,59.406,2018
1891,Jason Terry,65.0,98.0,66.3265306122449,0.599,65.72753061224489,2018
203948,Johnny O'Bryant III,45.0,67.0,67.16417910447761,0.626,66.5381791044776,2018
203477,Isaiah Canaan,33.0,47.0,70.2127659574468,0.595,69.6177659574468,2018
1628407,Dwayne Bacon,44.0,70.0,62.857142857142854,0.597,62.26014285714285,2018
1626143,Jahlil Okafor,41.0,75.0,54.666666666666664,0.609,54.05766666666666,2018
204025,Tim Frazier,75.0,109.0,68.80733944954129,0.592,68.21533944954129,2018
203920,Khem Birch,69.0,123.0,56.09756097560975,0.606,55.49156097560975,2018
201167,Arron Afflalo,37.0,65.0,56.92307692307692,0.591,56.33207692307692,2018
204028,Tarik Black,66.0,131.0,50.38167938931298,0.602,49.77967938931298,2018
203917,Nik Stauskas,51.0,80.0,63.75,0.594,63.156,2018
203460,Andre Roberson,80.0,140.0,57.142857142857146,0.599,56.54385714285715,2018
1628422,Damyean Dotson,25.0,46.0,54.34782608695652,0.6,53.74782608695652,2018
203526,Raul Neto,37.0,66.0,56.06060606060606,0.569,55.49160606060606,2018
1628463,Tyler Cavanaugh,62.0,93.0,66.66666666666667,0.609,66.05766666666668,2018
1628390,Terrance Ferguson,51.0,93.0,54.83870967741935,0.597,54.24170967741935,2018
202702,Kenneth Faried,58.0,83.0,69.87951807228916,0.607,69.27251807228916,2018
203186,Willie Reed,44.0,79.0,55.69620253164557,0.621,55.075202531645566,2018
1628400,Semi Ojeleye,84.0,134.0,62.6865671641791,0.603,62.0835671641791,2018
1627736,Malik Beasley,28.0,54.0,51.851851851851855,0.593,51.25885185185186,2018
1628424,Kobi Simmons,52.0,73.0,71.23287671232876,0.588,70.64487671232877,2018
1628397,Ivan Rabb,65.0,108.0,60.18518518518518,0.617,59.568185185185186,2018
201144,Mike Conley,24.0,41.0,58.53658536585366,0.612,57.92458536585366,2018
1626202,Joe Young,40.0,57.0,70.17543859649123,0.57,69.60543859649124,2018
201565,Derrick Rose,41.0,63.0,65.07936507936508,0.601,64.47836507936508,2018
203082,Terrence Ross,48.0,84.0,57.142857142857146,0.592,56.55085714285715,2018
203710,C.J. Williams,55.0,81.0,67.90123456790124,0.601,67.30023456790124,2018
203498,Shabazz Muhammad,29.0,37.0,78.37837837837837,0.606,77.77237837837838,2018
1626257,Salah Mejri,100.0,185.0,54.054054054054056,0.61,53.44405405405406,2018
202779,Dwight Buycks,25.0,50.0,50.0,0.598,49.402,2018
1628425,Sterling Brown,80.0,125.0,64.0,0.606,63.394,2018
1627835,Paul Zipser,97.0,159.0,61.0062893081761,0.611,60.3952893081761,2018
1626166,Cameron Payne,40.0,61.0,65.57377049180327,0.584,64.98977049180327,2018
203898,Tyler Ennis,53.0,83.0,63.855421686746986,0.583,63.27242168674699,2018
203530,Joffrey Lauvergne,81.0,116.0,69.82758620689656,0.618,69.20958620689656,2018
1627775,Patrick McCaw,82.0,130.0,63.07692307692308,0.596,62.480923076923084,2018
1628411,Wes Iwundu,75.0,115.0,65.21739130434783,0.587,64.63039130434782,2018
1626147,Justin Anderson,20.0,45.0,44.44444444444444,0.594,43.85044444444444,2018
203499,Shane Larkin,65.0,104.0,62.5,0.593,61.907,2018
1628393,Jawun Evans,50.0,78.0,64.1025641025641,0.567,63.5355641025641,2018
203469,Cody Zeller,64.0,107.0,59.81308411214953,0.603,59.21008411214953,2018
1626246,Boban Marjanovic,31.0,64.0,48.4375,0.618,47.8195,2018
203101,Miles Plumlee,109.0,202.0,53.960396039603964,0.615,53.34539603960396,2018
1626224,Cedi Osman,51.0,82.0,62.19512195121951,0.586,61.609121951219514,2018
203487,Michael Carter-Williams,64.0,113.0,56.63716814159292,0.59,56.04716814159292,2018
1626195,Willy Hernangomez,72.0,119.0,60.50420168067227,0.591,59.913201680672266,2018
2749,Jameer Nelson,56.0,95.0,58.94736842105263,0.579,58.36836842105263,2018
202337,Luke Babbitt,70.0,117.0,59.82905982905983,0.596,59.23305982905983,2018
2744,Al Jefferson,68.0,103.0,66.01941747572816,0.618,65.40141747572817,2018
1627767,Cheick Diallo,80.0,138.0,57.971014492753625,0.604,57.367014492753626,2018
101181,Jose Calderon,84.0,132.0,63.63636363636363,0.583,63.053363636363635,2018
1628395,Jordan Bell,113.0,231.0,48.917748917748916,0.606,48.311748917748915,2018
101112,Channing Frye,84.0,125.0,67.2,0.593,66.607,2018
203943,Noah Vonleh,90.0,144.0,62.5,0.602,61.898,2018
1626172,Kevon Looney,94.0,178.0,52.80898876404494,0.609,52.19998876404494,2018
1626203,Treveon Graham,70.0,106.0,66.0377358490566,0.581,65.4567358490566,2018
1628414,Sindarius Thornwell,105.0,168.0,62.5,0.6,61.9,2018
202718,Chandler Parsons,34.0,48.0,70.83333333333333,0.61,70.22333333333333,2018
1627820,Tyrone Wallace,64.0,111.0,57.65765765765766,0.5990000000000001,57.05865765765766,2018
1628380,Zach Collins,82.0,167.0,49.10179640718563,0.589,48.51279640718563,2018
202498,Lance Thomas,75.0,127.0,59.05511811023622,0.612,58.44311811023622,2018
1627789,Timothe Luwawu-Cabarrot,49.0,92.0,53.26086956521739,0.584,52.67686956521739,2018
202335,Patrick Patterson,108.0,191.0,56.544502617801044,0.613,55.931502617801044,2018
201956,Omri Casspi,55.0,109.0,50.45871559633027,0.586,49.87271559633027,2018
2199,Tyson Chandler,111.0,195.0,56.92307692307692,0.615,56.30807692307692,2018
1626155,Sam Dekker,64.0,121.0,52.892561983471076,0.604,52.28856198347108,2018
201573,Jerryd Bayless,46.0,86.0,53.48837209302326,0.586,52.90237209302326,2018
202684,Tristan Thompson,119.0,196.0,60.714285714285715,0.604,60.110285714285716,2018
1626245,Cristiano Felicio,105.0,160.0,65.625,0.619,65.006,2018
1626158,Richaun Holmes,65.0,132.0,49.24242424242424,0.615,48.62742424242424,2018
201580,JaVale McGee,81.0,153.0,52.94117647058823,0.604,52.33717647058823,2018
1626188,Quinn Cook,43.0,73.0,58.9041095890411,0.581,58.323109589041096,2018
200757,Thabo Sefolosha,68.0,121.0,56.19834710743802,0.616,55.58234710743802,2018
1713,Vince Carter,64.0,113.0,56.63716814159292,0.616,56.02116814159292,2018
201568,Danilo Gallinari,53.0,95.0,55.78947368421053,0.606,55.183473684210526,2018
1627782,Wayne Selden,53.0,66.0,80.3030303030303,0.593,79.7100303030303,2018
1628464,Daniel Theis,104.0,198.0,52.525252525252526,0.608,51.91725252525253,2018
203930,Sean Kilpatrick,40.0,56.0,71.42857142857143,0.596,70.83257142857143,2018
1627098,Malcolm Delaney,68.0,101.0,67.32673267326733,0.589,66.73773267326733,2018
1628455,Mike James,59.0,98.0,60.204081632653065,0.591,59.61308163265306,2018
2403,Nene,66.0,120.0,55.0,0.596,54.404,2018
101161,Amir Johnson,144.0,281.0,51.245551601423486,0.603,50.642551601423484,2018
1626220,Royce O'Neale,74.0,131.0,56.48854961832061,0.599,55.889549618320615,2018
203518,Alex Abrines,81.0,135.0,60.0,0.607,59.393,2018
1627748,Thon Maker,221.0,378.0,58.46560846560847,0.612,57.85360846560847,2018
204038,Langston Galloway,55.0,101.0,54.45544554455446,0.593,53.86244554455446,2018
1627738,Deyonta Davis,113.0,190.0,59.473684210526315,0.611,58.86268421052632,2018
101133,Ian Mahinmi,134.0,231.0,58.00865800865801,0.607,57.40165800865801,2018
2207,Joe Johnson,98.0,158.0,62.0253164556962,0.608,61.4173164556962,2018
2585,Zaza Pachulia,167.0,280.0,59.642857142857146,0.613,59.029857142857146,2018
201147,Corey Brewer,2592.0,4352.0,59.55882352941177,0.609375,58.94944852941177,2018
2738,Andre Iguodala,124.0,207.0,59.90338164251208,0.605,59.29838164251208,2018
1626181,Norman Powell,75.0,131.0,57.25190839694657,0.595,56.65690839694657,2018
203090,Maurice Harkless,69.0,136.0,50.73529411764706,0.615,50.120294117647056,2018
1628467,Maxi Kleber,120.0,207.0,57.971014492753625,0.613,57.358014492753625,2018
203953,Jabari Parker,77.0,132.0,58.333333333333336,0.615,57.718333333333334,2018
2733,Shaun Livingston,87.0,149.0,58.38926174496644,0.595,57.79426174496644,2018
203112,Quincy Acy,110.0,193.0,56.994818652849744,0.615,56.37981865284974,2018
203897,Zach LaVine,39.0,64.0,60.9375,0.62,60.3175,2018
201578,Marreese Speights,87.0,151.0,57.615894039735096,0.604,57.0118940397351,2018
202325,Wesley Johnson,126.0,206.0,61.16504854368932,0.61,60.555048543689324,2018
1628416,Tyler Dorsey,59.0,102.0,57.84313725490196,0.598,57.24513725490196,2018
203488,Mike Muscala,118.0,201.0,58.70646766169154,0.609,58.09746766169154,2018
1628412,Frank Mason III,68.0,99.0,68.68686868686869,0.579,68.1078686868687,2018
202334,Ed Davis,167.0,309.0,54.045307443365694,0.612,53.43330744336569,2018
1626145,Tyus Jones,126.0,185.0,68.10810810810811,0.577,67.53110810810811,2018
201967,Dante Cunningham,159.0,257.0,61.86770428015564,0.61,61.25770428015564,2018
203092,Tyler Zeller,137.0,221.0,61.990950226244344,0.617,61.37395022624435,2018
1628370,Malik Monk,79.0,108.0,73.14814814814815,0.58,72.56814814814815,2018
2225,Tony Parker,56.0,84.0,66.66666666666667,0.608,66.05866666666667,2018
203463,Ben McLemore,82.0,141.0,58.156028368794324,0.604,57.552028368794325,2018
202344,Trevor Booker,84.0,148.0,56.75675675675676,0.603,56.153756756756756,2018
203079,Dion Waiters,63.0,110.0,57.27272727272727,0.6,56.67272727272727,2018
201973,Jonas Jerebko,74.0,138.0,53.6231884057971,0.609,53.0141884057971,2018
1628462,Milos Teodosic,116.0,175.0,66.28571428571429,0.594,65.6917142857143,2018
1628384,OG Anunoby,107.0,177.0,60.451977401129945,0.613,59.838977401129945,2018
1626192,Pat Connaughton,76.0,143.0,53.14685314685315,0.594,52.552853146853145,2018
1627819,Isaiah Taylor,57.0,102.0,55.88235294117647,0.577,55.30535294117647,2018
1628382,Justin Jackson,113.0,174.0,64.94252873563218,0.603,64.33952873563219,2018
202357,Nemanja Bjelica,134.0,221.0,60.633484162895925,0.598,60.035484162895926,2018
101127,Jarrett Jack,103.0,182.0,56.59340659340659,0.603,55.99040659340659,2018
202722,Dāvis Bertāns,106.0,198.0,53.535353535353536,0.6,52.935353535353535,2018
201601,Luc Mbah a Moute,119.0,208.0,57.21153846153846,0.602,56.60953846153846,2018
203504,Trey Burke,51.0,84.0,60.714285714285715,0.577,60.13728571428572,2018
203382,Aron Baynes,176.0,313.0,56.23003194888179,0.607,55.62303194888179,2018
1628373,Frank Ntilikina,128.0,206.0,62.13592233009709,0.592,61.54392233009709,2018
204456,T.J. McConnell,113.0,200.0,56.5,0.583,55.917,2018
202687,Bismack Biyombo,185.0,336.0,55.05952380952381,0.602,54.45752380952381,2018
203476,Gorgui Dieng,181.0,290.0,62.41379310344828,0.61,61.80379310344828,2018
202714,Shelvin Mack,114.0,177.0,64.40677966101696,0.592,63.814779661016956,2018
1628389,Bam Adebayo,107.0,197.0,54.31472081218274,0.609,53.70572081218274,2018
201585,Kosta Koufos,143.0,269.0,53.15985130111524,0.62,52.53985130111524,2018
202738,Isaiah Thomas,80.0,115.0,69.56521739130434,0.598,68.96721739130435,2018
201975,Jodie Meeks,84.0,139.0,60.431654676258994,0.592,59.839654676258995,2018
202692,Alec Burks,54.0,89.0,60.674157303370784,0.591,60.08315730337078,2018
2561,David West,114.0,221.0,51.58371040723982,0.6040000000000001,50.97971040723982,2018
1628404,Josh Hart,142.0,232.0,61.206896551724135,0.605,60.60189655172414,2018
101123,Gerald Green,72.0,109.0,66.05504587155963,0.585,65.47004587155963,2018
200782,P.J. Tucker,199.0,317.0,62.77602523659306,0.606,62.170025236593055,2018
203503,Tony Snell,145.0,233.0,62.23175965665236,0.597,61.634759656652356,2018
201596,Mario Chalmers,109.0,154.0,70.77922077922078,0.591,70.18822077922079,2018
203516,James Ennis III,114.0,176.0,64.77272727272727,0.612,64.16072727272727,2018
1626159,Justise Winslow,138.0,244.0,56.557377049180324,0.602,55.95537704918033,2018
202328,Greg Monroe,143.0,257.0,55.6420233463035,0.608,55.034023346303506,2018
1627746,Skal Labissiere,128.0,221.0,57.918552036199095,0.616,57.302552036199096,2018
203486,Mason Plumlee,177.0,333.0,53.153153153153156,0.617,52.53615315315316,2018
203107,Tomas Satoransky,129.0,212.0,60.84905660377358,0.592,60.257056603773584,2018
203935,Marcus Smart,83.0,128.0,64.84375,0.601,64.24275,2018
1628366,Lonzo Ball,153.0,261.0,58.62068965517241,0.603,58.01768965517241,2018
1627733,Dragan Bender,196.0,369.0,53.116531165311656,0.61,52.50653116531166,2018
1626150,Andrew Harrison,97.0,165.0,58.78787878787879,0.59,58.197878787878786,2018
200765,Rajon Rondo,120.0,197.0,60.91370558375635,0.592,60.32170558375635,2018
203124,Kyle O'Quinn,170.0,299.0,56.8561872909699,0.617,56.2391872909699,2018
101109,Raymond Felton,96.0,168.0,57.142857142857146,0.584,56.55885714285714,2018
202066,Garrett Temple,116.0,188.0,61.702127659574465,0.598,61.104127659574466,2018
203546,Ian Clark,106.0,168.0,63.095238095238095,0.576,62.519238095238094,2018
1626144,Emmanuel Mudiay,99.0,161.0,61.49068322981366,0.591,60.89968322981366,2018
1627755,Tyler Ulis,133.0,204.0,65.19607843137256,0.593,64.60307843137255,2018
200794,Paul Millsap,121.0,237.0,51.0548523206751,0.613,50.4418523206751,2018
1626153,Delon Wright,113.0,209.0,54.066985645933016,0.588,53.478985645933015,2018
1627854,Bryn Forbes,98.0,142.0,69.01408450704226,0.592,68.42208450704226,2018
1628021,David Nwaba,147.0,217.0,67.74193548387096,0.597,67.14493548387097,2018
1627737,Marquese Chriss,149.0,272.0,54.779411764705884,0.609,54.17041176470588,2018
1628379,Luke Kennard,111.0,181.0,61.32596685082873,0.586,60.73996685082873,2018
1626185,Jarell Martin,144.0,262.0,54.961832061068705,0.599,54.36283206106871,2018
1627751,Jakob Poeltl,234.0,461.0,50.759219088937094,0.599,50.1602190889371,2018
203210,JaMychal Green,107.0,171.0,62.57309941520468,0.619,61.95409941520468,2018
1626204,Larry Nance Jr.,178.0,276.0,64.4927536231884,0.622,63.870753623188406,2018
1938,Manu Ginobili,64.0,117.0,54.7008547008547,0.598,54.1028547008547,2018
201156,Nick Young,101.0,160.0,63.125,0.592,62.533,2018
1628386,Jarrett Allen,206.0,393.0,52.41730279898219,0.616,51.80130279898219,2018
203937,Kyle Anderson,137.0,232.0,59.05172413793103,0.618,58.43372413793103,2018
203458,Alex Len,181.0,358.0,50.55865921787709,0.616,49.94265921787709,2018
1627783,Pascal Siakam,144.0,265.0,54.339622641509436,0.6,53.739622641509435,2018
2734,Devin Harris,85.0,132.0,64.39393939393939,0.599,63.794939393939394,2018
1626169,Stanley Johnson,117.0,198.0,59.09090909090909,0.614,58.476909090909096,2018
201980,Danny Green,186.0,305.0,60.98360655737705,0.607,60.37660655737705,2018
1627763,Malcolm Brogdon,100.0,170.0,58.8235294117647,0.598,58.225529411764704,2018
203473,Dewayne Dedmon,137.0,252.0,54.36507936507937,0.615,53.750079365079365,2018
201583,Ryan Anderson,131.0,234.0,55.98290598290598,0.596,55.386905982905986,2018
203926,Doug McDermott,99.0,170.0,58.23529411764706,0.605,57.63029411764706,2018
1626170,Jerian Grant,122.0,200.0,61.0,0.593,60.407,2018
203121,Darius Miller,119.0,203.0,58.62068965517241,0.598,58.022689655172414,2018
203894,Shabazz Napier,112.0,183.0,61.202185792349724,0.586,60.616185792349725,2018
202329,Al-Farouq Aminu,184.0,346.0,53.179190751445084,0.624,52.55519075144508,2018
202323,Evan Turner,125.0,235.0,53.191489361702125,0.598,52.593489361702126,2018
202709,Cory Joseph,171.0,269.0,63.56877323420074,0.59,62.97877323420074,2018
1627749,Dejounte Murray,160.0,267.0,59.9250936329588,0.603,59.3220936329588,2018
200752,Rudy Gay,102.0,179.0,56.98324022346369,0.602,56.38124022346369,2018
202704,Reggie Jackson,74.0,123.0,60.16260162601626,0.597,59.56560162601626,2018
202340,Avery Bradley,87.0,136.0,63.970588235294116,0.604,63.36658823529412,2018
1627832,Fred VanVleet,106.0,206.0,51.45631067961165,0.586,50.87031067961165,2018
2747,JR Smith,204.0,300.0,68.0,0.609,67.391,2018
203089,John Henson,281.0,492.0,57.113821138211385,0.613,56.500821138211386,2018
201588,George Hill,117.0,191.0,61.2565445026178,0.608,60.6485445026178,2018
203118,Mike Scott,96.0,160.0,60.0,0.6,59.4,2018
203939,Dwight Powell,139.0,221.0,62.89592760180995,0.617,62.278927601809954,2018
2594,Kyle Korver,152.0,236.0,64.40677966101696,0.591,63.815779661016954,2018
203924,Jerami Grant,150.0,285.0,52.63157894736842,0.608,52.02357894736842,2018
203077,Michael Kidd-Gilchrist,160.0,265.0,60.37735849056604,0.611,59.76635849056604,2018
101162,Marcin Gortat,275.0,472.0,58.26271186440678,0.617,57.645711864406785,2018
203493,Reggie Bullock Jr.,113.0,187.0,60.42780748663102,0.599,59.82880748663102,2018
101139,CJ Miles,70.0,115.0,60.869565217391305,0.6,60.2695652173913,2018
1627739,Kris Dunn,144.0,211.0,68.24644549763033,0.594,67.65244549763034,2018
202694,Marcus Morris Sr.,103.0,157.0,65.60509554140127,0.609,64.99609554140127,2018
203584,Troy Daniels,124.0,191.0,64.92146596858639,0.598,64.32346596858639,2018
201229,Anthony Tolliver,140.0,268.0,52.23880597014925,0.61,51.62880597014925,2018
1626209,Mario Hezonja,146.0,239.0,61.08786610878661,0.605,60.48286610878662,2018
1626168,Trey Lyles,135.0,238.0,56.72268907563025,0.599,56.12368907563025,2018
201163,Wilson Chandler,134.0,239.0,56.06694560669456,0.614,55.45294560669456,2018
201587,Nicolas Batum,120.0,196.0,61.224489795918366,0.606,60.618489795918364,2018
1626156,D'Angelo Russell,116.0,195.0,59.48717948717949,0.596,58.89117948717949,2018
101107,Marvin Williams,163.0,264.0,61.74242424242424,0.611,61.131424242424245,2018
101141,Ersan Ilyasova,145.0,261.0,55.55555555555556,0.61,54.94555555555556,2018
202355,Hassan Whiteside,169.0,310.0,54.516129032258064,0.627,53.88912903225806,2018
201577,Robin Lopez,203.0,364.0,55.76923076923077,0.613,55.15623076923077,2018
203497,Rudy Gobert,206.0,407.0,50.614250614250615,0.61,50.004250614250616,2018
202362,Lance Stephenson,91.0,136.0,66.91176470588235,0.593,66.31876470588234,2018
1628381,John Collins,229.0,419.0,54.653937947494036,0.615,54.038937947494034,2018
2548,Dwyane Wade,109.0,178.0,61.235955056179776,0.6,60.635955056179775,2018
201571,D.J. Augustin,133.0,199.0,66.83417085427136,0.593,66.24117085427136,2018
201949,James Johnson,127.0,245.0,51.83673469387755,0.613,51.22373469387755,2018
203109,Jae Crowder,167.0,282.0,59.219858156028366,0.606,58.613858156028364,2018
203110,Draymond Green,222.0,400.0,55.5,0.611,54.889,2018
2200,Pau Gasol,204.0,389.0,52.44215938303342,0.603,51.83915938303342,2018
2772,Trevor Ariza,184.0,265.0,69.43396226415095,0.61,68.82396226415095,2018
1627756,Denzel Valentine,147.0,220.0,66.81818181818181,0.607,66.21118181818181,2018
202322,John Wall,112.0,189.0,59.25925925925926,0.596,58.66325925925926,2018
203901,Elfrid Payton,170.0,282.0,60.283687943262414,0.595,59.688687943262416,2018
200826,J.J. Barea,115.0,175.0,65.71428571428571,0.597,65.11728571428571,2018
202083,Wesley Matthews,109.0,160.0,68.125,0.609,67.516,2018
203145,Kent Bazemore,129.0,230.0,56.08695652173913,0.609,55.47795652173913,2018
201988,Patty Mills,133.0,217.0,61.29032258064516,0.6,60.69032258064516,2018
2037,Jamal Crawford,77.0,109.0,70.64220183486239,0.5950000000000001,70.04720183486239,2018
204020,Tyler Johnson,158.0,267.0,59.176029962546814,0.593,58.58302996254682,2018
1627747,Caris LeVert,146.0,241.0,60.58091286307054,0.5989999999999999,59.98191286307054,2018
1626167,Myles Turner,282.0,527.0,53.51043643263757,0.613,52.89743643263757,2018
1626149,Montrezl Harrell,130.0,227.0,57.268722466960355,0.61,56.658722466960356,2018
1627812,Yogi Ferrell,161.0,241.0,66.80497925311204,0.597,66.20797925311204,2018
203925,Joe Harris,126.0,212.0,59.43396226415094,0.603,58.83096226415094,2018
202693,Markieff Morris,185.0,308.0,60.064935064935064,0.612,59.45293506493506,2018
1628368,De'Aaron Fox,159.0,252.0,63.095238095238095,0.586,62.509238095238096,2018
201145,Jeff Green,175.0,280.0,62.5,0.606,61.894,2018
201954,Darren Collison,140.0,207.0,67.6328502415459,0.594,67.0388502415459,2018
201961,Wayne Ellington,112.0,175.0,64.0,0.6,63.4,2018
2216,Zach Randolph,175.0,266.0,65.78947368421052,0.617,65.17247368421052,2018
202703,Nikola Mirotic,165.0,271.0,60.88560885608856,0.612,60.27360885608856,2018
203482,Kelly Olynyk,221.0,359.0,61.559888579387184,0.609,60.95088857938718,2018
1627734,Domantas Sabonis,228.0,387.0,58.91472868217054,0.607,58.30772868217054,2018
1626163,Frank Kaminsky,158.0,252.0,62.698412698412696,0.603,62.095412698412694,2018
203200,Justin Holiday,171.0,274.0,62.40875912408759,0.609,61.799759124087586,2018
201143,Al Horford,232.0,425.0,54.588235294117645,0.61,53.978235294117646,2018
203918,Rodney Hood,102.0,155.0,65.80645161290323,0.61,65.19645161290323,2018
1626179,Terry Rozier,146.0,214.0,68.22429906542057,0.601,67.62329906542057,2018
201584,Courtney Lee,161.0,232.0,69.39655172413794,0.6079999999999999,68.78855172413793,2018
202397,Ish Smith,153.0,264.0,57.95454545454545,0.594,57.36054545454545,2018
1628415,Dillon Brooks,205.0,313.0,65.49520766773163,0.604,64.89120766773163,2018
1626178,Rondae Hollis-Jefferson,193.0,315.0,61.26984126984127,0.613,60.65684126984127,2018
203992,Bogdan Bogdanović,125.0,213.0,58.68544600938967,0.6050000000000001,58.080446009389675,2018
203085,Austin Rivers,145.0,246.0,58.94308943089431,0.604,58.33908943089431,2018
1717,Dirk Nowitzki,203.0,338.0,60.05917159763314,0.62,59.43917159763314,2018
201599,DeAndre Jordan,222.0,395.0,56.20253164556962,0.618,55.58453164556962,2018
1626161,Willie Cauley-Stein,188.0,314.0,59.87261146496815,0.622,59.25061146496815,2018
202696,Nikola Vučević,227.0,402.0,56.46766169154229,0.614,55.85366169154229,2018
204060,Joe Ingles,176.0,267.0,65.91760299625469,0.608,65.30960299625468,2018
202324,Derrick Favors,216.0,423.0,51.06382978723404,0.613,50.45082978723404,2018
201563,Michael Beasley,122.0,220.0,55.45454545454545,0.61,54.844545454545454,2018
1627742,Brandon Ingram,142.0,251.0,56.57370517928287,0.609,55.964705179282866,2018
1626162,Kelly Oubre Jr.,182.0,282.0,64.53900709219859,0.594,63.94500709219859,2018
201152,Thaddeus Young,240.0,376.0,63.829787234042556,0.618,63.21178723404255,2018
201586,Serge Ibaka,193.0,353.0,54.67422096317281,0.608,54.06622096317281,2018
1627759,Jaylen Brown,144.0,235.0,61.276595744680854,0.609,60.66759574468085,2018
201572,Brook Lopez,219.0,398.0,55.02512562814071,0.613,54.41212562814071,2018
203613,Jonathon Simmons,158.0,262.0,60.30534351145038,0.596,59.709343511450385,2018
203459,Allen Crabbe,129.0,224.0,57.589285714285715,0.595,56.994285714285716,2018
1626171,Bobby Portis,154.0,243.0,63.37448559670782,0.609,62.76548559670782,2018
201158,Marco Belinelli,126.0,178.0,70.78651685393258,0.605,70.18151685393258,2018
201960,DeMarre Carroll,194.0,348.0,55.747126436781606,0.617,55.13012643678161,2018
202685,Jonas Valančiūnas,235.0,445.0,52.80898876404494,0.612,52.19698876404494,2018
203915,Spencer Dinwiddie,155.0,261.0,59.38697318007663,0.593,58.793973180076634,2018
202683,Enes Freedom,226.0,398.0,56.78391959798995,0.616,56.16791959798995,2018
203484,Kentavious Caldwell-Pope,231.0,349.0,66.189111747851,0.604,65.585111747851,2018
201952,Jeff Teague,188.0,281.0,66.90391459074733,0.588,66.31591459074734,2018
203501,Tim Hardaway Jr.,136.0,226.0,60.176991150442475,0.614,59.56299115044248,2018
201959,Taj Gibson,257.0,437.0,58.81006864988559,0.613,58.19706864988559,2018
203496,Robert Covington,202.0,337.0,59.9406528189911,0.607,59.3336528189911,2018
201937,Ricky Rubio,173.0,288.0,60.06944444444444,0.593,59.47644444444444,2018
201936,Tyreke Evans,83.0,138.0,60.14492753623188,0.599,59.545927536231886,2018
1628367,Josh Jackson,183.0,301.0,60.79734219269103,0.605,60.19234219269104,2018
203095,Evan Fournier,156.0,235.0,66.38297872340425,0.608,65.77497872340425,2018
203932,Aaron Gordon,174.0,301.0,57.80730897009967,0.607,57.20030897009967,2018
202734,E'Twaun Moore,167.0,279.0,59.85663082437276,0.598,59.25863082437276,2018
203991,Clint Capela,301.0,538.0,55.94795539033457,0.609,55.33895539033457,2018
203087,Jeremy Lamb,137.0,208.0,65.86538461538461,0.585,65.28038461538462,2018
1628374,Lauri Markkanen,187.0,306.0,61.111111111111114,0.612,60.49911111111111,2018
201567,Kevin Love,205.0,327.0,62.691131498470945,0.621,62.07013149847094,2018
1626196,Josh Richardson,187.0,328.0,57.01219512195122,0.595,56.417195121951224,2018
203500,Steven Adams,301.0,516.0,58.333333333333336,0.617,57.71633333333334,2018
1628372,Dennis Smith Jr.,153.0,231.0,66.23376623376623,0.597,65.63676623376624,2018
1628369,Jayson Tatum,139.0,241.0,57.67634854771784,0.6,57.07634854771784,2018
1627741,Buddy Hield,177.0,276.0,64.1304347826087,0.596,63.534434782608706,2018
101108,Chris Paul,178.0,297.0,59.93265993265993,0.602,59.330659932659934,2018
204001,Kristaps Porziņģis,148.0,292.0,50.68493150684932,0.615,50.069931506849315,2018
203903,Jordan Clarkson,155.0,252.0,61.507936507936506,0.5929999999999999,60.91493650793651,2018
203967,Dario Šarić,197.0,360.0,54.72222222222222,0.61,54.11222222222222,2018
203994,Jusuf Nurkić,280.0,519.0,53.94990366088632,0.616,53.33390366088632,2018
203490,Otto Porter Jr.,195.0,328.0,59.451219512195124,0.605,58.84621951219513,2018
202711,Bojan Bogdanovic,199.0,301.0,66.11295681063123,0.605,65.50795681063123,2018
1627752,Taurean Prince,200.0,338.0,59.171597633136095,0.616,58.555597633136095,2018
203914,Gary Harris,126.0,195.0,64.61538461538461,0.6,64.01538461538462,2018
203083,Andre Drummond,331.0,553.0,59.85533453887884,0.62,59.235334538878845,2018
200755,JJ Redick,110.0,185.0,59.45945945945946,0.602,58.85745945945946,2018
202326,DeMarcus Cousins,211.0,365.0,57.80821917808219,0.609,57.19921917808219,2018
2546,Carmelo Anthony,204.0,312.0,65.38461538461539,0.618,64.76661538461539,2018
201933,Blake Griffin,168.0,285.0,58.94736842105263,0.612,58.33536842105263,2018
1628398,Kyle Kuzma,187.0,334.0,55.98802395209581,0.602,55.38602395209581,2018
201569,Eric Gordon,132.0,203.0,65.02463054187191,0.599,64.42563054187191,2018
201188,Marc Gasol,258.0,463.0,55.72354211663067,0.615,55.108542116630666,2018
1627732,Ben Simmons,157.0,313.0,50.159744408945684,0.608,49.55174440894569,2018
200768,Kyle Lowry,199.0,346.0,57.51445086705202,0.592,56.92245086705202,2018
203115,Will Barton,201.0,326.0,61.65644171779141,0.6,61.05644171779141,2018
203933,T.J. Warren,123.0,214.0,57.47663551401869,0.604,56.87263551401869,2018
201609,Goran Dragic,148.0,283.0,52.29681978798587,0.587,51.709819787985865,2018
203471,Dennis Schröder,166.0,265.0,62.64150943396226,0.594,62.04750943396226,2018
202710,Jimmy Butler III,167.0,268.0,62.3134328358209,0.605,61.7084328358209,2018
202339,Eric Bledsoe,200.0,335.0,59.701492537313435,0.589,59.112492537313436,2018
203944,Julius Randle,217.0,393.0,55.216284987277355,0.615,54.60128498727735,2018
201939,Stephen Curry,135.0,203.0,66.50246305418719,0.587,65.91546305418719,2018
1626164,Devin Booker,144.0,224.0,64.28571428571429,0.5889999999999999,63.69671428571429,2018
2730,Dwight Howard,209.0,373.0,56.03217158176944,0.616,55.41617158176944,2018
1627750,Jamal Murray,230.0,351.0,65.52706552706553,0.595,64.93206552706553,2018
203999,Nikola Jokić,382.0,596.0,64.09395973154362,0.617,63.47695973154362,2018
202681,Kyrie Irving,144.0,224.0,64.28571428571429,0.5970000000000001,63.68871428571429,2018
203954,Joel Embiid,219.0,433.0,50.57736720554273,0.611,49.96636720554273,2018
203084,Harrison Barnes,141.0,239.0,58.99581589958159,0.612,58.383815899581585,2018
203952,Andrew Wiggins,242.0,382.0,63.35078534031414,0.605,62.74578534031414,2018
202691,Klay Thompson,178.0,293.0,60.75085324232082,0.595,60.15585324232082,2018
202699,Tobias Harris,250.0,409.0,61.12469437652812,0.614,60.51069437652812,2018
201950,Jrue Holiday,249.0,397.0,62.72040302267003,0.597,62.123403022670026,2018
1628378,Donovan Mitchell,145.0,248.0,58.46774193548387,0.6,57.86774193548387,2018
203114,Khris Middleton,233.0,358.0,65.08379888268156,0.612,64.47179888268157,2018
202331,Paul George,260.0,396.0,65.65656565656566,0.614,65.04256565656566,2018
203468,CJ McCollum,168.0,298.0,56.375838926174495,0.594,55.781838926174494,2018
200746,LaMarcus Aldridge,201.0,387.0,51.93798449612403,0.611,51.326984496124034,2018
203506,Victor Oladipo,183.0,325.0,56.30769230769231,0.598,55.70969230769231,2018
1626157,Karl-Anthony Towns,359.0,588.0,61.054421768707485,0.616,60.438421768707485,2018
202689,Kemba Walker,232.0,372.0,62.365591397849464,0.596,61.76959139784947,2018
101150,Lou Williams,164.0,264.0,62.121212121212125,0.599,61.52221212121213,2018
201142,Kevin Durant,172.0,303.0,56.76567656765677,0.611,56.15467656765677,2018
201942,DeMar DeRozan,146.0,255.0,57.254901960784316,0.597,56.657901960784315,2018
203078,Bradley Beal,213.0,341.0,62.4633431085044,0.601,61.8623431085044,2018
203081,Damian Lillard,138.0,258.0,53.48837209302326,0.582,52.90637209302326,2018
201566,Russell Westbrook,190.0,305.0,62.295081967213115,0.608,61.68708196721312,2018
203507,Giannis Antetokounmpo,196.0,373.0,52.54691689008043,0.609,51.93791689008043,2018
203076,Anthony Davis,259.0,501.0,51.69660678642715,0.609,51.087606786427145,2018
201935,James Harden,227.0,363.0,62.53443526170799,0.603,61.93143526170799,2018
2544,LeBron James,184.0,354.0,51.9774011299435,0.607,51.3704011299435,2018
201281,Andre Ingram,0.0,1.0,0.0,0.58,-0.58,2019
1628994,George King,2.0,2.0,100.0,0.607,99.393,2019
1628387,Ike Anigbogu,4.0,4.0,100.0,0.636,99.364,2019
203474,DJ Stephens,0.0,1.0,0.0,0.737,-0.737,2019
1628961,Kostas Antetokounmpo,0.0,1.0,0.0,0.542,-0.542,2019
203093,Terrence Jones,1.0,1.0,100.0,0.5,99.5,2019
1628999,Yante Maten,3.0,3.0,100.0,0.63,99.37,2019
1629053,Vincent Edwards,0.0,1.0,0.0,0.506,-0.506,2019
1628769,Tahjere McCall,0.0,1.0,0.0,0.662,-0.662,2019
1628383,Justin Patton,5.0,5.0,100.0,0.729,99.271,2019
1628979,Trevon Duval,1.0,2.0,50.0,0.659,49.341,2019
1629185,Chris Chiozza,1.0,2.0,50.0,0.59,49.41,2019
1628393,Jawun Evans,4.0,7.0,57.142857142857146,0.599,56.54385714285715,2019
202700,Donatas Motiejunas,0.0,1.0,0.0,0.565,-0.565,2019
1629122,J.P. Macura,3.0,5.0,60.0,0.668,59.332,2019
203961,Eric Moreland,7.0,11.0,63.63636363636363,0.571,63.065363636363635,2019
1629152,DeVaughn Akoon-Purcell,4.0,6.0,66.66666666666667,0.579,66.08766666666668,2019
1628605,Dusty Hannahs,1.0,4.0,25.0,0.595,24.405,2019
201156,Nick Young,3.0,3.0,100.0,0.598,99.402,2019
1628463,Tyler Cavanaugh,3.0,7.0,42.857142857142854,0.542,42.31514285714285,2019
1629312,Haywood Highsmith,2.0,6.0,33.333333333333336,0.472,32.861333333333334,2019
1628537,Jaylen Morris,0.0,1.0,0.0,0.618,-0.618,2019
1629150,Emanuel Terry,5.0,6.0,83.33333333333333,0.575,82.75833333333333,2019
203159,Scott Machado,0.0,2.0,0.0,0.543,-0.543,2019
1627780,Gary Payton II,1.0,2.0,50.0,0.576,49.424,2019
1628439,Isaiah Hicks,2.0,7.0,28.571428571428573,0.553,28.018428571428572,2019
1628432,Davon Reed,4.0,7.0,57.142857142857146,0.522,56.62085714285715,2019
1628993,Alize Johnson,7.0,16.0,43.75,0.6,43.15,2019
1627758,Ron Baker,19.0,27.0,70.37037037037037,0.574,69.79637037037037,2019
1628982,Melvin Frazier Jr.,4.0,6.0,66.66666666666667,0.579,66.08766666666668,2019
1629353,Isaac Humphries,7.0,12.0,58.333333333333336,0.635,57.69833333333334,2019
1628513,Naz Mitrou-Long,7.0,14.0,50.0,0.568,49.432,2019
1626154,RJ Hunter,2.0,5.0,40.0,0.632,39.368,2019
1628396,Tony Bradley,5.0,8.0,62.5,0.615,61.885,2019
203112,Quincy Acy,10.0,21.0,47.61904761904762,0.579,47.04004761904762,2019
1626210,Alan Williams,1.0,4.0,25.0,0.602,24.398,2019
1629118,Thomas Welsh,4.0,4.0,100.0,0.571,99.429,2019
1629058,Dzanan Musa,3.0,5.0,60.0,0.49399999999999994,59.506,2019
1628408,PJ Dozier,9.0,9.0,100.0,0.642,99.358,2019
1629067,Isaac Bonga,12.0,17.0,70.58823529411765,0.614,69.97423529411765,2019
201601,Luc Mbah a Moute,6.0,8.0,75.0,0.626,74.374,2019
1628249,Mitchell Creek,3.0,6.0,50.0,0.585,49.415,2019
1627743,Demetrius Jackson,1.0,3.0,33.333333333333336,0.492,32.84133333333334,2019
202690,Jimmer Fredette,8.0,11.0,72.72727272727273,0.589,72.13827272727274,2019
1629168,BJ Johnson,6.0,8.0,75.0,0.602,74.398,2019
1629164,Brandon Goodwin,3.0,4.0,75.0,0.552,74.448,2019
1628399,Tyler Lydon,11.0,15.0,73.33333333333333,0.59,72.74333333333333,2019
1629020,Jarred Vanderbilt,10.0,17.0,58.8235294117647,0.608,58.215529411764706,2019
2617,Udonis Haslem,7.0,15.0,46.666666666666664,0.561,46.105666666666664,2019
1628656,Billy Garrett,7.0,8.0,87.5,0.582,86.918,2019
1628518,Amile Jefferson,11.0,15.0,73.33333333333333,0.6010000000000001,72.73233333333333,2019
1629203,Jemerrio Jones,18.0,32.0,56.25,0.594,55.656,2019
1628070,Jordan Loyd,7.0,12.0,58.333333333333336,0.574,57.75933333333334,2019
1629133,Daryl Macon,6.0,9.0,66.66666666666667,0.661,66.00566666666667,2019
1627735,Wade Baldwin IV,7.0,12.0,58.333333333333336,0.534,57.79933333333334,2019
1627781,Malachi Richardson,6.0,9.0,66.66666666666667,0.623,66.04366666666667,2019
1629123,Jared Terrell,4.0,9.0,44.44444444444444,0.531,43.913444444444444,2019
1629061,Deng Adel,18.0,30.0,60.0,0.6010000000000001,59.399,2019
1629541,Dairis Bertans,11.0,19.0,57.89473684210526,0.587,57.30773684210526,2019
1626259,Malcolm Miller,6.0,11.0,54.54545454545455,0.533,54.012454545454545,2019
203263,James Nunnally,8.0,12.0,66.66666666666667,0.614,66.05266666666667,2019
1627738,Deyonta Davis,12.0,32.0,37.5,0.632,36.868,2019
1628959,Rawle Alkins,10.0,20.0,50.0,0.578,49.422,2019
1629045,Bonzie Colson,12.0,18.0,66.66666666666667,0.583,66.08366666666667,2019
203710,C.J. Williams,10.0,18.0,55.55555555555556,0.584,54.971555555555554,2019
101106,Andrew Bogut,18.0,34.0,52.94117647058823,0.582,52.35917647058823,2019
1629139,Yuta Watanabe,10.0,21.0,47.61904761904762,0.607,47.01204761904762,2019
1629018,Gary Trent Jr.,11.0,17.0,64.70588235294117,0.593,64.11288235294117,2019
1629015,Zhaire Smith,7.0,14.0,50.0,0.599,49.401,2019
1628980,Jacob Evans,20.0,33.0,60.60606060606061,0.613,59.99306060606061,2019
1627395,Julian Washburn,23.0,37.0,62.16216216216216,0.615,61.54716216216216,2019
1629234,Drew Eubanks,16.0,23.0,69.56521739130434,0.619,68.94621739130434,2019
1628403,Caleb Swanigan,23.0,35.0,65.71428571428571,0.625,65.08928571428571,2019
1629022,Lonnie Walker IV,8.0,14.0,57.142857142857146,0.6130000000000001,56.529857142857146,2019
1629094,Marcus Derrickson,8.0,14.0,57.142857142857146,0.595,56.54785714285715,2019
203092,Tyler Zeller,9.0,20.0,45.0,0.625,44.375,2019
1628421,Devin Robinson,6.0,9.0,66.66666666666667,0.639,66.02766666666668,2019
1628462,Milos Teodosic,15.0,19.0,78.94736842105263,0.567,78.38036842105264,2019
1629130,Duncan Robinson,12.0,22.0,54.54545454545455,0.577,53.96845454545455,2019
201975,Jodie Meeks,7.0,10.0,70.0,0.543,69.457,2019
1629002,Chimezie Metu,12.0,17.0,70.58823529411765,0.596,69.99223529411765,2019
1628392,Isaiah Hartenstein,18.0,49.0,36.734693877551024,0.608,36.12669387755103,2019
1629034,Ray Spalding,28.0,43.0,65.11627906976744,0.629,64.48727906976744,2019
1626150,Andrew Harrison,14.0,27.0,51.851851851851855,0.583,51.268851851851856,2019
203485,Lorenzo Brown,15.0,32.0,46.875,0.591,46.284,2019
1627772,Daniel Hamilton,18.0,32.0,56.25,0.61,55.64,2019
1629017,Khyri Thomas,12.0,17.0,70.58823529411765,0.632,69.95623529411765,2019
1628414,Sindarius Thornwell,29.0,40.0,72.5,0.59,71.91,2019
201583,Ryan Anderson,22.0,40.0,55.0,0.614,54.386,2019
201160,Jason Smith,27.0,43.0,62.7906976744186,0.61,62.1806976744186,2019
1628410,Edmond Sumner,24.0,28.0,85.71428571428571,0.603,85.11128571428571,2019
1627746,Skal Labissiere,28.0,42.0,66.66666666666667,0.621,66.04566666666668,2019
1629102,Brandon Sampson,9.0,20.0,45.0,0.568,44.432,2019
2747,JR Smith,18.0,20.0,90.0,0.582,89.418,2019
1627775,Patrick McCaw,30.0,50.0,60.0,0.577,59.423,2019
1629014,Anfernee Simons,13.0,21.0,61.904761904761905,0.615,61.2897619047619,2019
203463,Ben McLemore,18.0,26.0,69.23076923076923,0.626,68.60476923076922,2019
203089,John Henson,7.0,23.0,30.434782608695652,0.596,29.838782608695652,2019
203960,JaKarr Sampson,10.0,17.0,58.8235294117647,0.617,58.206529411764706,2019
203101,Miles Plumlee,35.0,51.0,68.62745098039215,0.619,68.00845098039215,2019
1629033,Theo Pinson,11.0,25.0,44.0,0.598,43.402,2019
1627883,Jalen Jones,21.0,28.0,75.0,0.609,74.391,2019
1629057,Robert Williams III,39.0,87.0,44.827586206896555,0.617,44.21058620689656,2019
1629126,Deonte Burton,18.0,42.0,42.857142857142854,0.591,42.26614285714285,2019
1627215,Walt Lemon Jr.,15.0,22.0,68.18181818181819,0.608,67.57381818181818,2019
1629003,Shake Milton,16.0,34.0,47.05882352941177,0.59,46.468823529411765,2019
1628449,Chris Boucher,31.0,52.0,59.61538461538461,0.62,58.995384615384616,2019
1627824,Guerschon Yabusele,35.0,62.0,56.45161290322581,0.59,55.861612903225804,2019
1629244,Cam Reynolds,27.0,38.0,71.05263157894737,0.622,70.43063157894737,2019
202738,Isaiah Thomas,12.0,19.0,63.1578947368421,0.593,62.564894736842106,2019
202347,Quincy Pondexter,32.0,47.0,68.08510638297872,0.612,67.47310638297873,2019
1628405,Johnathan Motley,20.0,26.0,76.92307692307692,0.6159999999999999,76.30707692307692,2019
1627816,Alex Poythress,24.0,47.0,51.06382978723404,0.597,50.46682978723404,2019
1629121,Jaylen Adams,28.0,47.0,59.57446808510638,0.601,58.97346808510638,2019
1627786,Troy Williams,24.0,38.0,63.1578947368421,0.607,62.5508947368421,2019
1629010,Jerome Robinson,22.0,31.0,70.96774193548387,0.588,70.37974193548388,2019
101181,Jose Calderon,44.0,72.0,61.111111111111114,0.611,60.50011111111112,2019
1627740,Henry Ellenson,23.0,41.0,56.09756097560975,0.611,55.486560975609756,2019
1628417,Jaron Blossomgame,42.0,84.0,50.0,0.601,49.399,2019
2730,Dwight Howard,23.0,45.0,51.111111111111114,0.614,50.49711111111112,2019
1626185,Jarell Martin,37.0,60.0,61.666666666666664,0.606,61.06066666666666,2019
2200,Pau Gasol,42.0,80.0,52.5,0.633,51.867,2019
202327,Ekpe Udoh,52.0,97.0,53.608247422680414,0.595,53.013247422680415,2019
203098,John Jenkins,21.0,34.0,61.76470588235294,0.582,61.18270588235294,2019
202325,Wesley Johnson,46.0,74.0,62.16216216216216,0.592,61.57016216216216,2019
101112,Channing Frye,58.0,82.0,70.73170731707317,0.625,70.10670731707317,2019
1627745,Damian Jones,61.0,102.0,59.80392156862745,0.608,59.195921568627455,2019
1628978,Donte DiVincenzo,20.0,36.0,55.55555555555556,0.581,54.974555555555554,2019
1629004,Svi Mykhailiuk,29.0,49.0,59.183673469387756,0.594,58.589673469387755,2019
2546,Carmelo Anthony,31.0,45.0,68.88888888888889,0.585,68.30388888888889,2019
203487,Michael Carter-Williams,43.0,63.0,68.25396825396825,0.567,67.68696825396826,2019
1628415,Dillon Brooks,26.0,39.0,66.66666666666667,0.607,66.05966666666667,2019
201584,Courtney Lee,28.0,49.0,57.142857142857146,0.601,56.54185714285715,2019
1628515,Isaiah Briscoe,37.0,61.0,60.65573770491803,0.595,60.06073770491803,2019
101133,Ian Mahinmi,73.0,117.0,62.39316239316239,0.606,61.78716239316239,2019
202954,Brad Wanamaker,27.0,49.0,55.10204081632653,0.577,54.52504081632653,2019
1626257,Salah Mejri,79.0,139.0,56.83453237410072,0.607,56.22753237410072,2019
101109,Raymond Felton,34.0,58.0,58.62068965517241,0.6100000000000001,58.01068965517241,2019
1629109,Gary Clark,90.0,138.0,65.21739130434783,0.592,64.62539130434783,2019
201147,Corey Brewer,29.0,53.0,54.716981132075475,0.612,54.10498113207547,2019
1628966,Keita Bates-Diop,45.0,85.0,52.94117647058823,0.621,52.32017647058823,2019
2403,Nene,59.0,114.0,51.75438596491228,0.611,51.143385964912284,2019
1628365,Markelle Fultz,23.0,46.0,50.0,0.577,49.423,2019
203124,Kyle O'Quinn,49.0,84.0,58.333333333333336,0.602,57.73133333333334,2019
202720,Jon Leuer,61.0,93.0,65.59139784946237,0.619,64.97239784946237,2019
201585,Kosta Koufos,59.0,99.0,59.5959595959596,0.616,58.9799595959596,2019
1629140,Johnathan Williams,42.0,72.0,58.333333333333336,0.619,57.714333333333336,2019
2736,Luol Deng,29.0,54.0,53.7037037037037,0.621,53.0827037037037,2019
1627814,Damion Lee,38.0,57.0,66.66666666666667,0.602,66.06466666666667,2019
203895,Jordan McRae,39.0,62.0,62.903225806451616,0.601,62.30222580645162,2019
203518,Alex Abrines,45.0,69.0,65.21739130434783,0.603,64.61439130434783,2019
1629151,Ryan Broekhoff,25.0,44.0,56.81818181818182,0.612,56.20618181818182,2019
1626174,Christian Wood,25.0,42.0,59.523809523809526,0.594,58.929809523809524,2019
1628975,Jevon Carter,27.0,48.0,56.25,0.597,55.653,2019
2199,Tyson Chandler,139.0,232.0,59.91379310344828,0.629,59.28479310344828,2019
1626147,Justin Anderson,40.0,64.0,62.5,0.592,61.908,2019
201563,Michael Beasley,26.0,36.0,72.22222222222223,0.599,71.62322222222222,2019
203477,Isaiah Canaan,58.0,83.0,69.87951807228916,0.606,69.27351807228916,2019
1627737,Marquese Chriss,67.0,99.0,67.67676767676768,0.609,67.06776767676769,2019
1626203,Treveon Graham,55.0,93.0,59.13978494623656,0.614,58.52578494623656,2019
1628400,Semi Ojeleye,45.0,73.0,61.64383561643836,0.615,61.02883561643836,2019
202718,Chandler Parsons,29.0,42.0,69.04761904761905,0.613,68.43461904761905,2019
1628443,Kadeem Allen,29.0,50.0,58.0,0.582,57.418,2019
202705,MarShon Brooks,24.0,43.0,55.81395348837209,0.608,55.205953488372096,2019
1628977,Hamidou Diallo,40.0,63.0,63.492063492063494,0.613,62.879063492063494,2019
200757,Thabo Sefolosha,55.0,97.0,56.70103092783505,0.596,56.10503092783505,2019
203524,Solomon Hill,70.0,122.0,57.377049180327866,0.597,56.780049180327865,2019
201967,Dante Cunningham,80.0,126.0,63.492063492063494,0.627,62.86506349206349,2019
1628412,Frank Mason III,34.0,54.0,62.96296296296296,0.604,62.35896296296296,2019
203526,Raul Neto,38.0,69.0,55.072463768115945,0.577,54.49546376811595,2019
203922,Glenn Robinson III,53.0,81.0,65.4320987654321,0.602,64.8300987654321,2019
101161,Amir Johnson,73.0,127.0,57.48031496062992,0.611,56.86931496062992,2019
1628413,Jonah Bolden,71.0,127.0,55.90551181102362,0.612,55.29351181102362,2019
202498,Lance Thomas,77.0,113.0,68.14159292035399,0.624,67.51759292035399,2019
1629021,Moritz Wagner,44.0,71.0,61.971830985915496,0.628,61.343830985915496,2019
201573,Jerryd Bayless,51.0,76.0,67.10526315789474,0.597,66.50826315789475,2019
1628960,Grayson Allen,37.0,61.0,60.65573770491803,0.576,60.07973770491803,2019
1628984,Devonte' Graham,65.0,98.0,66.3265306122449,0.599,65.72753061224489,2019
1627820,Tyrone Wallace,42.0,63.0,66.66666666666667,0.603,66.06366666666668,2019
1628395,Jordan Bell,120.0,217.0,55.29953917050691,0.603,54.69653917050691,2019
1628388,T.J. Leaf,46.0,87.0,52.87356321839081,0.598,52.27556321839081,2019
201956,Omri Casspi,33.0,66.0,50.0,0.612,49.388,2019
1627936,Alex Caruso,45.0,73.0,61.64383561643836,0.595,61.04883561643836,2019
202335,Patrick Patterson,86.0,144.0,59.72222222222222,0.616,59.10622222222222,2019
1628990,Chandler Hutchison,80.0,130.0,61.53846153846154,0.601,60.93746153846154,2019
202328,Greg Monroe,77.0,134.0,57.46268656716418,0.599,56.86368656716418,2019
1627733,Dragan Bender,117.0,229.0,51.09170305676856,0.618,50.47370305676856,2019
1627789,Timothe Luwawu-Cabarrot,39.0,70.0,55.714285714285715,0.605,55.10928571428572,2019
101162,Marcin Gortat,111.0,194.0,57.21649484536083,0.615,56.601494845360826,2019
1627777,Georges Niang,35.0,60.0,58.333333333333336,0.613,57.720333333333336,2019
202687,Bismack Biyombo,96.0,164.0,58.53658536585366,0.616,57.92058536585366,2019
1627846,Abdel Nader,63.0,102.0,61.76470588235294,0.607,61.15770588235294,2019
203920,Khem Birch,75.0,140.0,53.57142857142857,0.607,52.96442857142857,2019
1626245,Cristiano Felicio,114.0,183.0,62.295081967213115,0.619,61.676081967213115,2019
1628373,Frank Ntilikina,80.0,132.0,60.60606060606061,0.604,60.00206060606061,2019
1626170,Jerian Grant,82.0,125.0,65.6,0.599,65.00099999999999,2019
1628972,Troy Brown Jr.,73.0,119.0,61.34453781512605,0.594,60.75053781512605,2019
1626166,Cameron Payne,58.0,82.0,70.73170731707317,0.603,70.12870731707318,2019
1629001,De'Anthony Melton,107.0,181.0,59.11602209944751,0.595,58.521022099447514,2019
2733,Shaun Livingston,71.0,122.0,58.19672131147541,0.588,57.608721311475406,2019
202688,Brandon Knight,64.0,87.0,73.5632183908046,0.593,72.97021839080459,2019
1626184,Chasson Randle,89.0,133.0,66.9172932330827,0.591,66.32629323308271,2019
2585,Zaza Pachulia,137.0,223.0,61.43497757847533,0.619,60.815977578475334,2019
1629016,Omari Spellman,51.0,104.0,49.03846153846154,0.61,48.42846153846154,2019
1628964,Mo Bamba,112.0,200.0,56.0,0.613,55.387,2019
1626155,Sam Dekker,78.0,120.0,65.0,0.6010000000000001,64.399,2019
1627788,Furkan Korkmaz,42.0,74.0,56.75675675675676,0.601,56.15575675675676,2019
1629026,Kenrich Williams,122.0,185.0,65.94594594594595,0.614,65.33194594594595,2019
1628391,D.J. Wilson,94.0,184.0,51.08695652173913,0.602,50.484956521739136,2019
203998,Bruno Caboclo,74.0,140.0,52.857142857142854,0.6,52.25714285714285,2019
203521,Matthew Dellavedova,90.0,138.0,65.21739130434783,0.602,64.61539130434782,2019
1628397,Ivan Rabb,91.0,142.0,64.08450704225352,0.61,63.47450704225352,2019
203382,Aron Baynes,117.0,232.0,50.43103448275862,0.603,49.82803448275862,2019
203957,Danté Exum,37.0,69.0,53.6231884057971,0.584,53.0391884057971,2019
201162,Jared Dudley,103.0,189.0,54.4973544973545,0.615,53.8823544973545,2019
1628988,Aaron Holiday,43.0,75.0,57.333333333333336,0.572,56.76133333333333,2019
1628416,Tyler Dorsey,61.0,92.0,66.30434782608695,0.608,65.69634782608695,2019
201149,Joakim Noah,73.0,137.0,53.284671532846716,0.619,52.665671532846716,2019
201163,Wilson Chandler,77.0,133.0,57.89473684210526,0.602,57.29273684210526,2019
1629059,Elie Okobo,90.0,144.0,62.5,0.593,61.907,2019
1628436,Luke Kornet,118.0,240.0,49.166666666666664,0.615,48.55166666666666,2019
204025,Tim Frazier,94.0,153.0,61.43790849673203,0.585,60.85290849673203,2019
1628407,Dwayne Bacon,60.0,91.0,65.93406593406593,0.61,65.32406593406593,2019
203584,Troy Daniels,55.0,87.0,63.2183908045977,0.615,62.6033908045977,2019
1628971,Bruce Brown,137.0,241.0,56.84647302904564,0.601,56.24547302904564,2019
1627748,Thon Maker,135.0,241.0,56.016597510373444,0.604,55.412597510373445,2019
201229,Anthony Tolliver,86.0,144.0,59.72222222222222,0.611,59.111222222222224,2019
1628021,David Nwaba,91.0,152.0,59.86842105263158,0.607,59.26142105263158,2019
1628035,Alfonzo McKinnie,100.0,151.0,66.2251655629139,0.612,65.6131655629139,2019
101139,CJ Miles,39.0,73.0,53.42465753424658,0.605,52.81965753424658,2019
1628411,Wes Iwundu,90.0,164.0,54.8780487804878,0.599,54.279048780487805,2019
203937,Kyle Anderson,86.0,149.0,57.718120805369125,0.613,57.105120805369125,2019
203613,Jonathon Simmons,73.0,125.0,58.4,0.603,57.797,2019
203086,Meyers Leonard,109.0,164.0,66.46341463414635,0.624,65.83941463414635,2019
1627863,Danuel House Jr.,102.0,156.0,65.38461538461539,0.617,64.76761538461538,2019
1628425,Sterling Brown,62.0,109.0,56.88073394495413,0.598,56.28273394495413,2019
1717,Dirk Nowitzki,104.0,164.0,63.41463414634146,0.617,62.797634146341466,2019
201567,Kevin Love,55.0,103.0,53.398058252427184,0.603,52.79505825242718,2019
1628464,Daniel Theis,133.0,224.0,59.375,0.611,58.764,2019
203457,Nerlens Noel,161.0,285.0,56.49122807017544,0.613,55.87822807017544,2019
202702,Kenneth Faried,89.0,131.0,67.93893129770993,0.622,67.31693129770993,2019
1627767,Cheick Diallo,122.0,224.0,54.464285714285715,0.614,53.85028571428572,2019
203516,James Ennis III,124.0,196.0,63.265306122448976,0.608,62.65730612244898,2019
2738,Andre Iguodala,117.0,196.0,59.69387755102041,0.611,59.08287755102041,2019
203917,Nik Stauskas,62.0,107.0,57.94392523364486,0.596,57.347925233644865,2019
203546,Ian Clark,83.0,120.0,69.16666666666667,0.593,68.57366666666667,2019
1626163,Frank Kaminsky,106.0,163.0,65.03067484662577,0.622,64.40867484662577,2019
1628385,Harry Giles III,95.0,161.0,59.006211180124225,0.619,58.387211180124226,2019
1627823,Juancho Hernangomez,118.0,215.0,54.883720930232556,0.608,54.27572093023256,2019
203459,Allen Crabbe,54.0,85.0,63.529411764705884,0.589,62.940411764705885,2019
200826,J.J. Barea,52.0,75.0,69.33333333333333,0.597,68.73633333333333,2019
1628469,Antonio Blakeney,64.0,98.0,65.3061224489796,0.595,64.7111224489796,2019
1627812,Yogi Ferrell,83.0,131.0,63.3587786259542,0.576,62.7827786259542,2019
1626195,Willy Hernangomez,146.0,216.0,67.5925925925926,0.621,66.9715925925926,2019
1626192,Pat Connaughton,79.0,139.0,56.83453237410072,0.598,56.23653237410072,2019
1626246,Boban Marjanovic,84.0,164.0,51.21951219512195,0.608,50.61151219512195,2019
1627884,Derrick Jones Jr.,79.0,158.0,50.0,0.604,49.396,2019
1627751,Jakob Poeltl,185.0,336.0,55.05952380952381,0.612,54.44752380952381,2019
200765,Rajon Rondo,133.0,196.0,67.85714285714286,0.611,67.24614285714286,2019
1626220,Royce O'Neale,126.0,210.0,60.0,0.594,59.406,2019
203077,Michael Kidd-Gilchrist,124.0,230.0,53.91304347826087,0.615,53.298043478260865,2019
2734,Devin Harris,67.0,97.0,69.0721649484536,0.603,68.46916494845361,2019
201949,James Johnson,71.0,125.0,56.8,0.62,56.18,2019
202714,Shelvin Mack,95.0,152.0,62.5,0.592,61.908,2019
1628470,Torrey Craig,115.0,205.0,56.09756097560975,0.611,55.486560975609756,2019
203488,Mike Muscala,153.0,276.0,55.43478260869565,0.607,54.82778260869565,2019
203503,Tony Snell,79.0,134.0,58.95522388059702,0.601,58.35422388059702,2019
203901,Elfrid Payton,107.0,190.0,56.31578947368421,0.584,55.73178947368421,2019
1628976,Wendell Carter Jr.,141.0,262.0,53.81679389312977,0.622,53.19479389312977,2019
101141,Ersan Ilyasova,139.0,235.0,59.148936170212764,0.612,58.53693617021276,2019
1626169,Stanley Johnson,95.0,148.0,64.1891891891892,0.611,63.578189189189196,2019
201588,George Hill,87.0,152.0,57.23684210526316,0.582,56.65484210526316,2019
1627790,Ante Zizic,127.0,218.0,58.25688073394495,0.617,57.639880733944956,2019
201973,Jonas Jerebko,104.0,167.0,62.275449101796404,0.606,61.6694491017964,2019
203118,Mike Scott,92.0,153.0,60.130718954248366,0.598,59.53271895424837,2019
203090,Maurice Harkless,136.0,217.0,62.672811059907836,0.601,62.07181105990784,2019
203496,Robert Covington,96.0,173.0,55.49132947976879,0.598,54.89332947976879,2019
1628366,Lonzo Ball,141.0,228.0,61.8421052631579,0.5930000000000001,61.249105263157894,2019
202697,Iman Shumpert,136.0,192.0,70.83333333333333,0.603,70.23033333333333,2019
1626145,Tyus Jones,127.0,202.0,62.87128712871287,0.589,62.28228712871287,2019
1628384,OG Anunoby,93.0,159.0,58.490566037735846,0.608,57.88256603773585,2019
202684,Tristan Thompson,116.0,209.0,55.50239234449761,0.613,54.88939234449761,2019
202334,Ed Davis,176.0,302.0,58.27814569536424,0.617,57.66114569536424,2019
1627885,Shaquille Harrison,126.0,209.0,60.28708133971292,0.596,59.69108133971292,2019
1629011,Mitchell Robinson,165.0,294.0,56.12244897959184,0.617,55.50544897959184,2019
204456,T.J. McConnell,124.0,203.0,61.083743842364534,0.587,60.49674384236453,2019
1626143,Jahlil Okafor,138.0,243.0,56.79012345679013,0.613,56.17712345679013,2019
203476,Gorgui Dieng,135.0,220.0,61.36363636363637,0.624,60.739636363636365,2019
1628467,Maxi Kleber,163.0,315.0,51.74603174603175,0.613,51.13303174603175,2019
203110,Draymond Green,206.0,351.0,58.68945868945869,0.609,58.08045868945869,2019
202326,DeMarcus Cousins,105.0,188.0,55.851063829787236,0.627,55.224063829787234,2019
202362,Lance Stephenson,70.0,109.0,64.22018348623853,0.609,63.611183486238524,2019
201609,Goran Dragic,69.0,121.0,57.02479338842975,0.593,56.43179338842975,2019
203115,Will Barton,86.0,141.0,60.99290780141844,0.608,60.38490780141844,2019
202323,Evan Turner,107.0,199.0,53.768844221105525,0.597,53.17184422110552,2019
1628402,Frank Jackson,87.0,131.0,66.41221374045801,0.604,65.80821374045802,2019
203469,Cody Zeller,182.0,316.0,57.59493670886076,0.611,56.98393670886076,2019
1626172,Kevon Looney,181.0,346.0,52.3121387283237,0.606,51.7061387283237,2019
202397,Ish Smith,96.0,167.0,57.48502994011976,0.596,56.88902994011976,2019
1628390,Terrance Ferguson,145.0,235.0,61.702127659574465,0.602,61.10012765957447,2019
203585,Rodney McGruder,92.0,174.0,52.87356321839081,0.598,52.27556321839081,2019
2037,Jamal Crawford,76.0,105.0,72.38095238095238,0.605,71.77595238095238,2019
1626188,Quinn Cook,102.0,151.0,67.54966887417218,0.585,66.96466887417219,2019
201952,Jeff Teague,102.0,144.0,70.83333333333333,0.609,70.22433333333333,2019
1626209,Mario Hezonja,121.0,194.0,62.371134020618555,0.625,61.746134020618555,2019
1628380,Zach Collins,159.0,298.0,53.355704697986575,0.611,52.74470469798658,2019
1627739,Kris Dunn,121.0,198.0,61.111111111111114,0.595,60.516111111111115,2019
1627782,Wayne Selden,91.0,147.0,61.904761904761905,0.611,61.29376190476191,2019
1626181,Norman Powell,75.0,124.0,60.483870967741936,0.601,59.88287096774194,2019
1627826,Ivica Zubac,193.0,349.0,55.30085959885387,0.619,54.68185959885387,2019
1628404,Josh Hart,167.0,294.0,56.802721088435376,0.6,56.202721088435375,2019
203079,Dion Waiters,72.0,120.0,60.0,0.6010000000000001,59.399,2019
1626178,Rondae Hollis-Jefferson,149.0,246.0,60.56910569105691,0.62,59.949105691056914,2019
203894,Shabazz Napier,97.0,145.0,66.89655172413794,0.598,66.29855172413794,2019
2225,Tony Parker,41.0,76.0,53.94736842105263,0.604,53.34336842105263,2019
1629066,Rodions Kurucs,115.0,225.0,51.111111111111114,0.6180000000000001,50.49311111111111,2019
202709,Cory Joseph,175.0,286.0,61.18881118881119,0.596,60.59281118881119,2019
1627853,Ryan Arcidiacono,154.0,244.0,63.114754098360656,0.5919999999999999,62.52275409836066,2019
1627774,Jake Layman,103.0,168.0,61.30952380952381,0.598,60.71152380952381,2019
201961,Wayne Ellington,89.0,156.0,57.05128205128205,0.608,56.443282051282054,2019
1626168,Trey Lyles,108.0,188.0,57.4468085106383,0.6,56.8468085106383,2019
1627747,Caris LeVert,92.0,137.0,67.15328467153284,0.598,66.55528467153285,2019
202693,Markieff Morris,129.0,216.0,59.72222222222222,0.607,59.11522222222222,2019
203943,Noah Vonleh,173.0,308.0,56.16883116883117,0.614,55.55483116883117,2019
202692,Alec Burks,139.0,213.0,65.25821596244131,0.6140000000000001,64.64421596244131,2019
1713,Vince Carter,94.0,161.0,58.38509316770186,0.607,57.77809316770186,2019
203926,Doug McDermott,97.0,157.0,61.78343949044586,0.601,61.18243949044586,2019
203121,Darius Miller,121.0,222.0,54.5045045045045,0.604,53.900504504504504,2019
1629006,Josh Okogie,170.0,291.0,58.419243986254294,0.608,57.8112439862543,2019
1626158,Richaun Holmes,149.0,273.0,54.57875457875458,0.614,53.96475457875458,2019
203552,Seth Curry,102.0,146.0,69.86301369863014,0.588,69.27501369863015,2019
1628382,Justin Jackson,151.0,234.0,64.52991452991454,0.605,63.92491452991454,2019
202066,Garrett Temple,166.0,282.0,58.86524822695036,0.596,58.26924822695036,2019
201976,Patrick Beverley,187.0,319.0,58.62068965517241,0.602,58.018689655172416,2019
2594,Kyle Korver,98.0,175.0,56.0,0.597,55.403,2019
1628970,Miles Bridges,178.0,279.0,63.799283154121866,0.613,63.18628315412187,2019
200782,P.J. Tucker,241.0,397.0,60.70528967254408,0.619,60.08628967254408,2019
202722,Dāvis Bertāns,158.0,271.0,58.30258302583026,0.613,57.68958302583026,2019
1627827,Dorian Finney-Smith,162.0,285.0,56.8421052631579,0.608,56.2341052631579,2019
203210,JaMychal Green,97.0,162.0,59.876543209876544,0.61,59.266543209876545,2019
1628379,Luke Kennard,89.0,136.0,65.44117647058823,0.592,64.84917647058823,2019
203085,Austin Rivers,188.0,287.0,65.50522648083624,0.597,64.90822648083625,2019
204020,Tyler Johnson,112.0,177.0,63.27683615819209,0.601,62.67583615819209,2019
202340,Avery Bradley,161.0,250.0,64.4,0.602,63.79800000000001,2019
1626204,Larry Nance Jr.,207.0,339.0,61.06194690265487,0.618,60.443946902654865,2019
203504,Trey Burke,86.0,147.0,58.50340136054422,0.59,57.91340136054421,2019
202734,E'Twaun Moore,111.0,164.0,67.6829268292683,0.603,67.0799268292683,2019
203486,Mason Plumlee,240.0,403.0,59.55334987593052,0.619,58.93434987593052,2019
1628370,Malik Monk,90.0,142.0,63.38028169014085,0.594,62.78628169014085,2019
1626153,Delon Wright,179.0,285.0,62.80701754385965,0.592,62.21501754385965,2019
202322,John Wall,90.0,140.0,64.28571428571429,0.594,63.69171428571429,2019
1628401,Derrick White,166.0,285.0,58.24561403508772,0.595,57.65061403508772,2019
204038,Langston Galloway,125.0,204.0,61.27450980392157,0.592,60.68250980392157,2019
203506,Victor Oladipo,89.0,147.0,60.54421768707483,0.598,59.94621768707483,2019
101123,Gerald Green,122.0,193.0,63.21243523316062,0.596,62.61643523316062,2019
1628973,Jalen Brunson,123.0,188.0,65.42553191489361,0.595,64.83053191489361,2019
1629019,Allonzo Trier,142.0,206.0,68.93203883495146,0.603,68.32903883495146,2019
1628969,Mikal Bridges,233.0,384.0,60.677083333333336,0.608,60.06908333333334,2019
1627761,DeAndre' Bembry,183.0,294.0,62.244897959183675,0.595,61.649897959183676,2019
201577,Robin Lopez,201.0,363.0,55.37190082644628,0.621,54.750900826446276,2019
203473,Dewayne Dedmon,192.0,337.0,56.97329376854599,0.612,56.36129376854599,2019
1626171,Bobby Portis,158.0,228.0,69.29824561403508,0.612,68.68624561403509,2019
203107,Tomas Satoransky,208.0,326.0,63.80368098159509,0.598,63.205680981595094,2019
202703,Nikola Mirotic,139.0,251.0,55.37848605577689,0.61,54.76848605577689,2019
201587,Nicolas Batum,184.0,320.0,57.5,0.612,56.888,2019
1627832,Fred VanVleet,157.0,250.0,62.8,0.588,62.211999999999996,2019
201936,Tyreke Evans,85.0,141.0,60.283687943262414,0.598,59.685687943262415,2019
202391,Jeremy Lin,146.0,244.0,59.83606557377049,0.587,59.24906557377049,2019
1626179,Terry Rozier,137.0,227.0,60.352422907488986,0.589,59.76342290748899,2019
203935,Marcus Smart,148.0,225.0,65.77777777777777,0.607,65.17077777777777,2019
1628371,Jonathan Isaac,154.0,280.0,55.0,0.613,54.387,2019
203493,Reggie Bullock Jr.,157.0,237.0,66.24472573839662,0.599,65.64572573839662,2019
1629013,Landry Shamet,145.0,222.0,65.31531531531532,0.598,64.71731531531532,2019
1628372,Dennis Smith Jr.,142.0,246.0,57.72357723577236,0.589,57.13457723577236,2019
1628989,Kevin Huerter,185.0,274.0,67.51824817518248,0.605,66.91324817518247,2019
1628389,Bam Adebayo,162.0,285.0,56.8421052631579,0.614,56.2281052631579,2019
203914,Gary Harris,102.0,153.0,66.66666666666667,0.62,66.04666666666667,2019
202357,Nemanja Bjelica,205.0,349.0,58.739255014326645,0.616,58.123255014326645,2019
1627752,Taurean Prince,110.0,159.0,69.18238993710692,0.608,68.57438993710691,2019
201960,DeMarre Carroll,129.0,221.0,58.3710407239819,0.624,57.7470407239819,2019
1628418,Thomas Bryant,258.0,439.0,58.76993166287016,0.62,58.14993166287016,2019
201959,Taj Gibson,188.0,289.0,65.05190311418686,0.625,64.42690311418686,2019
101107,Marvin Williams,185.0,324.0,57.098765432098766,0.617,56.48176543209877,2019
201599,DeAndre Jordan,181.0,309.0,58.57605177993528,0.624,57.952051779935275,2019
203490,Otto Porter Jr.,157.0,260.0,60.38461538461539,0.603,59.781615384615385,2019
202329,Al-Farouq Aminu,200.0,343.0,58.309037900874635,0.614,57.69503790087464,2019
202685,Jonas Valančiūnas,135.0,262.0,51.52671755725191,0.62,50.90671755725191,2019
1628422,Damyean Dotson,160.0,251.0,63.745019920318725,0.604,63.141019920318726,2019
203933,T.J. Warren,107.0,164.0,65.2439024390244,0.61,64.6339024390244,2019
203145,Kent Bazemore,172.0,288.0,59.72222222222222,0.588,59.13422222222222,2019
203482,Kelly Olynyk,170.0,296.0,57.432432432432435,0.609,56.82343243243243,2019
1628991,Jaren Jackson Jr.,153.0,293.0,52.218430034129696,0.619,51.599430034129696,2019
203918,Rodney Hood,140.0,208.0,67.3076923076923,0.595,66.71269230769231,2019
201988,Patty Mills,145.0,216.0,67.12962962962963,0.603,66.52662962962964,2019
203939,Dwight Powell,197.0,317.0,62.14511041009464,0.616,61.52911041009464,2019
201980,Danny Green,210.0,356.0,58.98876404494382,0.599,58.389764044943824,2019
202330,Gordon Hayward,116.0,200.0,58.0,0.598,57.402,2019
201158,Marco Belinelli,124.0,195.0,63.58974358974359,0.601,62.98874358974359,2019
1626159,Justise Winslow,149.0,275.0,54.18181818181818,0.603,53.57881818181818,2019
203200,Justin Holiday,196.0,337.0,58.160237388724035,0.61,57.550237388724035,2019
202083,Wesley Matthews,135.0,210.0,64.28571428571429,0.608,63.677714285714295,2019
1626144,Emmanuel Mudiay,133.0,206.0,64.5631067961165,0.607,63.9561067961165,2019
201937,Ricky Rubio,153.0,243.0,62.96296296296296,0.5949999999999999,62.36796296296296,2019
1628420,Monté Morris,132.0,212.0,62.264150943396224,0.596,61.66815094339623,2019
2772,Trevor Ariza,208.0,299.0,69.56521739130434,0.62,68.94521739130434,2019
201954,Darren Collison,143.0,232.0,61.63793103448276,0.594,61.04393103448276,2019
203458,Alex Len,216.0,377.0,57.294429708222815,0.613,56.681429708222815,2019
203967,Dario Šarić,181.0,320.0,56.5625,0.616,55.9465,2019
1628386,Jarrett Allen,349.0,611.0,57.11947626841244,0.625,56.49447626841244,2019
202324,Derrick Favors,215.0,424.0,50.70754716981132,0.6110000000000001,50.09654716981132,2019
200794,Paul Millsap,226.0,343.0,65.88921282798835,0.622,65.26721282798835,2019
202355,Hassan Whiteside,200.0,406.0,49.26108374384236,0.615,48.64608374384236,2019
1628983,Shai Gilgeous-Alexander,209.0,373.0,56.03217158176944,0.586,55.44617158176944,2019
201580,JaVale McGee,259.0,497.0,52.11267605633803,0.613,51.49967605633803,2019
101108,Chris Paul,174.0,270.0,64.44444444444444,0.607,63.83744444444444,2019
1628367,Josh Jackson,182.0,331.0,54.98489425981873,0.602,54.382894259818734,2019
202683,Enes Freedom,213.0,364.0,58.51648351648352,0.621,57.895483516483516,2019
201565,Derrick Rose,107.0,181.0,59.11602209944751,0.593,58.523022099447516,2019
1627736,Malik Beasley,142.0,212.0,66.98113207547169,0.604,66.37713207547169,2019
201571,D.J. Augustin,141.0,202.0,69.8019801980198,0.597,69.20498019801981,2019
1628963,Marvin Bagley III,166.0,263.0,63.11787072243346,0.627,62.490870722433456,2019
201143,Al Horford,265.0,480.0,55.208333333333336,0.611,54.59733333333334,2019
200768,Kyle Lowry,173.0,304.0,56.9078947368421,0.606,56.3018947368421,2019
203953,Jabari Parker,161.0,265.0,60.75471698113208,0.603,60.151716981132076,2019
203484,Kentavious Caldwell-Pope,177.0,268.0,66.04477611940298,0.597,65.44777611940299,2019
203109,Jae Crowder,130.0,250.0,52.0,0.604,51.396,2019
201145,Jeff Green,223.0,380.0,58.68421052631579,0.611,58.07321052631579,2019
200752,Rudy Gay,136.0,227.0,59.91189427312775,0.615,59.29689427312775,2019
1627742,Brandon Ingram,117.0,211.0,55.45023696682465,0.602,54.84823696682465,2019
1628995,Kevin Knox II,157.0,242.0,64.87603305785125,0.603,64.27303305785125,2019
1627759,Jaylen Brown,151.0,243.0,62.13991769547325,0.602,61.537917695473254,2019
1626161,Willie Cauley-Stein,273.0,424.0,64.38679245283019,0.626,63.760792452830195,2019
1628374,Lauri Markkanen,186.0,301.0,61.794019933554814,0.606,61.18801993355481,2019
1627854,Bryn Forbes,155.0,242.0,64.0495867768595,0.599,63.4505867768595,2019
1626167,Myles Turner,346.0,636.0,54.40251572327044,0.619,53.78351572327044,2019
204060,Joe Ingles,172.0,273.0,63.00366300366301,0.609,62.394663003663005,2019
203992,Bogdan Bogdanović,176.0,262.0,67.17557251908397,0.601,66.57457251908397,2019
1626224,Cedi Osman,214.0,321.0,66.66666666666667,0.605,66.06166666666667,2019
1627763,Malcolm Brogdon,103.0,188.0,54.787234042553195,0.596,54.1912340425532,2019
201572,Brook Lopez,275.0,536.0,51.30597014925373,0.619,50.68697014925373,2019
201152,Thaddeus Young,213.0,351.0,60.68376068376068,0.626,60.057760683760684,2019
203925,Joe Harris,173.0,286.0,60.48951048951049,0.607,59.88251048951049,2019
1627734,Domantas Sabonis,206.0,368.0,55.97826086956522,0.615,55.36326086956522,2019
202694,Marcus Morris Sr.,157.0,258.0,60.85271317829457,0.616,60.23671317829457,2019
1626162,Kelly Oubre Jr.,186.0,301.0,61.794019933554814,0.607,61.187019933554815,2019
201188,Marc Gasol,263.0,461.0,57.049891540130155,0.613,56.436891540130155,2019
203924,Jerami Grant,223.0,391.0,57.033248081841435,0.617,56.41624808184144,2019
2548,Dwyane Wade,122.0,208.0,58.65384615384615,0.605,58.048846153846156,2019
203500,Steven Adams,360.0,625.0,57.6,0.618,56.982,2019
201569,Eric Gordon,137.0,214.0,64.01869158878505,0.603,63.415691588785045,2019
201586,Serge Ibaka,246.0,469.0,52.45202558635395,0.611,51.84102558635395,2019
203991,Clint Capela,293.0,510.0,57.450980392156865,0.613,56.837980392156865,2019
203994,Jusuf Nurkić,266.0,491.0,54.175152749490834,0.624,53.55115274949083,2019
203915,Spencer Dinwiddie,111.0,184.0,60.32608695652174,0.6,59.72608695652174,2019
1629028,Deandre Ayton,332.0,528.0,62.878787878787875,0.624,62.25478787878787,2019
203501,Tim Hardaway Jr.,154.0,234.0,65.8119658119658,0.606,65.20596581196581,2019
1628381,John Collins,190.0,330.0,57.57575757575758,0.616,56.95975757575758,2019
203095,Evan Fournier,191.0,326.0,58.58895705521472,0.591,57.99795705521472,2019
203082,Terrence Ross,163.0,254.0,64.1732283464567,0.596,63.5772283464567,2019
202710,Jimmy Butler III,185.0,306.0,60.45751633986928,0.605,59.85251633986928,2019
203471,Dennis Schröder,219.0,363.0,60.33057851239669,0.595,59.73557851239669,2019
203087,Jeremy Lamb,216.0,329.0,65.65349544072949,0.606,65.04749544072949,2019
1626196,Josh Richardson,189.0,308.0,61.36363636363637,0.605,60.75863636363637,2019
203932,Aaron Gordon,199.0,342.0,58.187134502923975,0.608,57.57913450292398,2019
202339,Eric Bledsoe,141.0,242.0,58.264462809917354,0.582,57.682462809917354,2019
1628369,Jayson Tatum,179.0,303.0,59.07590759075907,0.607,58.46890759075907,2019
202704,Reggie Jackson,220.0,327.0,67.2782874617737,0.604,66.6742874617737,2019
203084,Harrison Barnes,183.0,279.0,65.59139784946237,0.625,64.96639784946237,2019
203497,Rudy Gobert,358.0,685.0,52.262773722627735,0.618,51.64477372262773,2019
1628398,Kyle Kuzma,179.0,320.0,55.9375,0.607,55.3305,2019
1627732,Ben Simmons,233.0,371.0,62.80323450134771,0.603,62.20023450134771,2019
203952,Andrew Wiggins,231.0,373.0,61.93029490616622,0.611,61.31929490616622,2019
201568,Danilo Gallinari,217.0,352.0,61.64772727272727,0.613,61.034727272727274,2019
200755,JJ Redick,147.0,235.0,62.5531914893617,0.586,61.9671914893617,2019
1627783,Pascal Siakam,236.0,416.0,56.73076923076923,0.613,56.117769230769234,2019
1626149,Montrezl Harrell,271.0,471.0,57.53715498938429,0.614,56.923154989384294,2019
203903,Jordan Clarkson,158.0,262.0,60.30534351145038,0.592,59.71334351145038,2019
1627750,Jamal Murray,157.0,265.0,59.24528301886792,0.6,58.64528301886792,2019
203083,Andre Drummond,363.0,623.0,58.26645264847512,0.625,57.64145264847512,2019
1629012,Collin Sexton,257.0,361.0,71.19113573407202,0.596,70.59513573407202,2019
1628368,De'Aaron Fox,239.0,380.0,62.89473684210526,0.596,62.298736842105264,2019
203114,Khris Middleton,141.0,226.0,62.389380530973455,0.607,61.782380530973455,2019
201950,Jrue Holiday,246.0,368.0,66.84782608695652,0.598,66.24982608695652,2019
203076,Anthony Davis,232.0,378.0,61.37566137566137,0.622,60.75366137566137,2019
202711,Bojan Bogdanovic,178.0,298.0,59.73154362416108,0.611,59.12054362416108,2019
203468,CJ McCollum,169.0,281.0,60.1423487544484,0.599,59.5433487544484,2019
203897,Zach LaVine,130.0,200.0,65.0,0.604,64.396,2019
201144,Mike Conley,164.0,272.0,60.294117647058826,0.59,59.70411764705882,2019
101150,Lou Williams,140.0,213.0,65.72769953051643,0.607,65.12069953051643,2019
2544,LeBron James,123.0,212.0,58.0188679245283,0.609,57.4098679245283,2019
1629029,Luka Dončić,218.0,351.0,62.10826210826211,0.608,61.50026210826211,2019
1629027,Trae Young,235.0,355.0,66.19718309859155,0.596,65.60118309859155,2019
203944,Julius Randle,210.0,365.0,57.534246575342465,0.615,56.91924657534246,2019
202695,Kawhi Leonard,125.0,223.0,56.053811659192824,0.614,55.43981165919283,2019
202681,Kyrie Irving,162.0,261.0,62.06896551724138,0.602,61.466965517241384,2019
203999,Nikola Jokić,365.0,640.0,57.03125,0.63,56.40125,2019
202696,Nikola Vučević,314.0,586.0,53.58361774744027,0.616,52.96761774744027,2019
201942,DeMar DeRozan,169.0,263.0,64.25855513307985,0.608,63.650555133079855,2019
202699,Tobias Harris,241.0,393.0,61.32315521628499,0.613,60.71015521628499,2019
201566,Russell Westbrook,153.0,264.0,57.95454545454545,0.606,57.34854545454545,2019
202691,Klay Thompson,175.0,305.0,57.377049180327866,0.594,56.783049180327865,2019
1627741,Buddy Hield,265.0,432.0,61.342592592592595,0.603,60.739592592592594,2019
1626164,Devin Booker,181.0,288.0,62.84722222222222,0.607,62.24022222222222,2019
1626156,D'Angelo Russell,190.0,293.0,64.84641638225256,0.607,64.23941638225256,2019
200746,LaMarcus Aldridge,266.0,489.0,54.396728016359916,0.618,53.77872801635991,2019
203954,Joel Embiid,275.0,551.0,49.90925589836661,0.61,49.29925589836661,2019
1628378,Donovan Mitchell,128.0,224.0,57.142857142857146,0.591,56.551857142857145,2019
201933,Blake Griffin,172.0,282.0,60.99290780141844,0.62,60.37290780141844,2019
1626157,Karl-Anthony Towns,323.0,559.0,57.78175313059034,0.623,57.15875313059034,2019
201939,Stephen Curry,153.0,225.0,68.0,0.593,67.407,2019
203507,Giannis Antetokounmpo,152.0,300.0,50.666666666666664,0.615,50.05166666666666,2019
201142,Kevin Durant,169.0,299.0,56.52173913043478,0.607,55.91473913043478,2019
203081,Damian Lillard,180.0,303.0,59.40594059405941,0.594,58.81194059405941,2019
203078,Bradley Beal,237.0,392.0,60.45918367346939,0.605,59.85418367346939,2019
202689,Kemba Walker,268.0,413.0,64.89104116222761,0.602,64.2890411622276,2019
202331,Paul George,258.0,463.0,55.72354211663067,0.6080000000000001,55.11554211663067,2019
201935,James Harden,292.0,472.0,61.86440677966102,0.613,61.25140677966102,2019
1629676,Isaiah Roby,1.0,2.0,50.0,0.699,49.301,2020
1629716,Marques Bolden,0.0,1.0,0.0,0.511,-0.511,2020
1629742,Stanton Kidd,1.0,4.0,25.0,0.606,24.394,2020
1629739,William Howard,1.0,1.0,100.0,0.726,99.274,2020
1629147,Joe Chealey,2.0,3.0,66.66666666666667,0.492,66.17466666666667,2020
1627740,Henry Ellenson,1.0,3.0,33.333333333333336,0.65,32.68333333333334,2020
1627982,Josh Gray,2.0,2.0,100.0,0.681,99.319,2020
1629734,Kyle Alexander,2.0,2.0,100.0,0.575,99.425,2020
1629005,Malik Newman,1.0,1.0,100.0,0.727,99.273,2020
1629760,Matt Mooney,2.0,2.0,100.0,0.494,99.506,2020
1629133,Daryl Macon,1.0,1.0,100.0,0.494,99.506,2020
1629657,Kyle Guy,0.0,1.0,0.0,0.549,-0.549,2020
1629745,Tariq Owens,3.0,4.0,75.0,0.706,74.294,2020
201147,Corey Brewer,2.0,2.0,100.0,0.565,99.435,2020
1626184,Chasson Randle,4.0,6.0,66.66666666666667,0.637,66.02966666666667,2020
201601,Luc Mbah a Moute,4.0,4.0,100.0,0.667,99.333,2020
201583,Ryan Anderson,1.0,1.0,100.0,0.68,99.32,2020
1628968,Brian Bowen II,1.0,5.0,20.0,0.625,19.375,2020
1629719,Devontae Cacok,4.0,5.0,80.0,0.679,79.321,2020
1628450,Eric Mika,2.0,2.0,100.0,0.666,99.334,2020
1629644,KZ Okpala,0.0,1.0,0.0,0.455,-0.455,2020
1628961,Kostas Antetokounmpo,3.0,3.0,100.0,0.626,99.374,2020
1629015,Zhaire Smith,4.0,6.0,66.66666666666667,0.622,66.04466666666667,2020
1629729,Josh Reaves,2.0,2.0,100.0,0.581,99.419,2020
1628383,Justin Patton,3.0,6.0,50.0,0.596,49.404,2020
1629044,Shamorie Ponds,1.0,1.0,100.0,0.6,99.4,2020
1629665,Jalen Lecque,1.0,2.0,50.0,0.366,49.634,2020
1629668,Zach Norvell Jr.,5.0,5.0,100.0,0.624,99.376,2020
1628413,Jonah Bolden,5.0,8.0,62.5,0.614,61.886,2020
1629650,Moses Brown,8.0,10.0,80.0,0.618,79.382,2020
1628499,Antonius Cleveland,2.0,4.0,50.0,0.713,49.287,2020
1629621,Marial Shayok,1.0,3.0,33.333333333333336,0.685,32.64833333333333,2020
203705,Josh Magette,4.0,7.0,57.142857142857146,0.6209999999999999,56.521857142857144,2020
2617,Udonis Haslem,7.0,8.0,87.5,0.649,86.851,2020
1629020,Jarred Vanderbilt,7.0,13.0,53.84615384615385,0.629,53.21715384615385,2020
1629597,Zylan Cheatham,3.0,6.0,50.0,0.646,49.354,2020
1629648,Jordan Bone,4.0,5.0,80.0,0.549,79.451,2020
1629683,Quinndary Weatherspoon,14.0,18.0,77.77777777777777,0.601,77.17677777777777,2020
1628605,Dusty Hannahs,1.0,2.0,50.0,0.565,49.435,2020
1629620,Justin Robinson,4.0,5.0,80.0,0.599,79.401,2020
1628513,Naz Mitrou-Long,5.0,9.0,55.55555555555556,0.575,54.980555555555554,2020
201149,Joakim Noah,9.0,16.0,56.25,0.551,55.699,2020
1628430,Nigel Williams-Goss,3.0,5.0,60.0,0.566,59.434,2020
202718,Chandler Parsons,3.0,5.0,60.0,0.595,59.405,2020
1629608,Dewan Hernandez,2.0,6.0,33.333333333333336,0.632,32.70133333333334,2020
1629724,Vic Law,5.0,7.0,71.42857142857143,0.666,70.76257142857143,2020
1628518,Amile Jefferson,3.0,8.0,37.5,0.659,36.841,2020
1628414,Sindarius Thornwell,3.0,6.0,50.0,0.53,49.47,2020
1629677,Luka Samanic,7.0,12.0,58.333333333333336,0.598,57.73533333333334,2020
1628427,Vlatko Čančar,1.0,4.0,25.0,0.565,24.435,2020
1628987,Kevin Hervey,5.0,10.0,50.0,0.661,49.339,2020
1629649,Ignas Brazdeikis,1.0,3.0,33.333333333333336,0.588,32.745333333333335,2020
1629017,Khyri Thomas,4.0,7.0,57.142857142857146,0.612,56.530857142857144,2020
2747,JR Smith,2.0,7.0,28.571428571428573,0.541,28.030428571428573,2020
1629625,Justin Wright-Foreman,7.0,8.0,87.5,0.575,86.925,2020
1627784,Jarrod Uthoff,8.0,11.0,72.72727272727273,0.612,72.11527272727274,2020
1629718,Charlie Brown Jr.,5.0,7.0,71.42857142857143,0.586,70.84257142857143,2020
1629663,Louis King,6.0,8.0,75.0,0.632,74.368,2020
1629731,Dean Wade,8.0,16.0,50.0,0.591,49.409,2020
1628985,Devon Hall,5.0,6.0,83.33333333333333,0.628,82.70533333333333,2020
203460,Andre Roberson,17.0,21.0,80.95238095238095,0.611,80.34138095238094,2020
1629216,Gabe Vincent,4.0,5.0,80.0,0.599,79.401,2020
1629605,Tacko Fall,2.0,3.0,66.66666666666667,0.619,66.04766666666667,2020
1629076,Tyler Cook,6.0,9.0,66.66666666666667,0.622,66.04466666666667,2020
1629714,Jarrell Brantley,11.0,19.0,57.89473684210526,0.598,57.29673684210526,2020
202498,Lance Thomas,7.0,10.0,70.0,0.609,69.391,2020
202951,Jeremy Pargo,2.0,2.0,100.0,0.527,99.473,2020
1626170,Jerian Grant,12.0,16.0,75.0,0.535,74.465,2020
1626187,Michael Frazier II,19.0,23.0,82.6086956521739,0.595,82.01369565217391,2020
1628405,Johnathan Motley,1.0,3.0,33.333333333333336,0.52,32.81333333333333,2020
1626147,Justin Anderson,8.0,13.0,61.53846153846154,0.625,60.91346153846154,2020
1629168,BJ Johnson,10.0,13.0,76.92307692307692,0.651,76.27207692307692,2020
1628778,Paul Watson,3.0,6.0,50.0,0.617,49.383,2020
1629690,Adam Mokoka,6.0,9.0,66.66666666666667,0.619,66.04766666666667,2020
1629659,Talen Horton-Tucker,8.0,16.0,50.0,0.647,49.353,2020
1628993,Alize Johnson,4.0,8.0,50.0,0.545,49.455,2020
2199,Tyson Chandler,35.0,46.0,76.08695652173913,0.628,75.45895652173913,2020
1629671,Miye Oni,9.0,16.0,56.25,0.586,55.664,2020
1626259,Malcolm Miller,7.0,16.0,43.75,0.591,43.159,2020
1629139,Yuta Watanabe,5.0,7.0,71.42857142857143,0.568,70.86057142857143,2020
1629752,Juwan Morgan,12.0,20.0,60.0,0.619,59.381,2020
1629052,Oshae Brissett,6.0,13.0,46.15384615384615,0.589,45.564846153846155,2020
1629658,Jaylen Hoard,8.0,14.0,57.142857142857146,0.586,56.55685714285715,2020
1629743,Donta Hall,18.0,31.0,58.064516129032256,0.614,57.45051612903226,2020
1629626,Bol Bol,10.0,18.0,55.55555555555556,0.627,54.928555555555555,2020
1629682,Tremont Waters,8.0,11.0,72.72727272727273,0.589,72.13827272727274,2020
1628982,Melvin Frazier Jr.,8.0,11.0,72.72727272727273,0.603,72.12427272727274,2020
1627820,Tyrone Wallace,8.0,10.0,80.0,0.593,79.407,2020
1629738,Vincent Poirier,15.0,39.0,38.46153846153846,0.616,37.84553846153846,2020
1629662,Mfiondu Kabengele,10.0,19.0,52.63157894736842,0.586,52.04557894736842,2020
1629140,Johnathan Williams,12.0,20.0,60.0,0.628,59.372,2020
1628443,Kadeem Allen,5.0,7.0,71.42857142857143,0.636,70.79257142857143,2020
1629610,DaQuan Jeffries,11.0,20.0,55.0,0.588,54.412,2020
202334,Ed Davis,39.0,59.0,66.10169491525424,0.631,65.47069491525424,2020
1628476,Derrick Walton Jr.,15.0,26.0,57.69230769230769,0.6,57.09230769230769,2020
1629723,John Konchar,10.0,30.0,33.333333333333336,0.568,32.76533333333334,2020
202697,Iman Shumpert,10.0,21.0,47.61904761904762,0.593,47.02604761904762,2020
203648,Thanasis Antetokounmpo,8.0,13.0,61.53846153846154,0.557,60.98146153846154,2020
1629669,Jaylen Nowell,15.0,23.0,65.21739130434783,0.602,64.61539130434782,2020
203658,Norvel Pelle,40.0,72.0,55.55555555555556,0.622,54.93355555555556,2020
1629002,Chimezie Metu,14.0,26.0,53.84615384615385,0.585,53.261153846153846,2020
1629599,Amir Coffey,10.0,16.0,62.5,0.587,61.913,2020
1629346,Alen Smailagic,19.0,38.0,50.0,0.658,49.342,2020
1626169,Stanley Johnson,14.0,28.0,50.0,0.607,49.393,2020
203077,Michael Kidd-Gilchrist,22.0,44.0,50.0,0.613,49.387,2020
1628412,Frank Mason III,8.0,18.0,44.44444444444444,0.577,43.867444444444445,2020
1629730,Rayjon Tucker,10.0,15.0,66.66666666666667,0.573,66.09366666666668,2020
202323,Evan Turner,26.0,45.0,57.77777777777778,0.576,57.20177777777778,2020
1629117,Wenyen Gabriel,16.0,30.0,53.333333333333336,0.614,52.71933333333334,2020
1629725,Jeremiah Martin,10.0,13.0,76.92307692307692,0.6319999999999999,76.29107692307691,2020
101139,CJ Miles,11.0,23.0,47.82608695652174,0.614,47.212086956521745,2020
1628403,Caleb Swanigan,38.0,59.0,64.40677966101696,0.627,63.77977966101695,2020
1629651,Nic Claxton,22.0,45.0,48.888888888888886,0.618,48.270888888888884,2020
1626172,Kevon Looney,29.0,50.0,58.0,0.613,57.387,2020
201162,Jared Dudley,33.0,68.0,48.529411764705884,0.615,47.91441176470588,2020
1629308,Juan Toscano-Anderson,25.0,47.0,53.191489361702125,0.635,52.55648936170213,2020
1629151,Ryan Broekhoff,17.0,32.0,53.125,0.597,52.528,2020
201587,Nicolas Batum,45.0,82.0,54.8780487804878,0.606,54.2720487804878,2020
1628539,Mychal Mulder,22.0,34.0,64.70588235294117,0.624,64.08188235294118,2020
1628380,Zach Collins,26.0,56.0,46.42857142857143,0.62,45.80857142857143,2020
202329,Al-Farouq Aminu,34.0,62.0,54.83870967741935,0.631,54.20770967741935,2020
1629641,Romeo Langford,24.0,46.0,52.17391304347826,0.593,51.58091304347826,2020
1628388,T.J. Leaf,34.0,59.0,57.6271186440678,0.586,57.0411186440678,2020
1626245,Cristiano Felicio,65.0,84.0,77.38095238095238,0.635,76.74595238095237,2020
1626166,Cameron Payne,14.0,23.0,60.869565217391305,0.548,60.3215652173913,2020
201960,DeMarre Carroll,32.0,53.0,60.37735849056604,0.588,59.78935849056604,2020
1629713,Justin James,9.0,19.0,47.36842105263158,0.559,46.809421052631585,2020
1629667,Jalen McDaniels,34.0,50.0,68.0,0.613,67.387,2020
203998,Bruno Caboclo,34.0,58.0,58.62068965517241,0.599,58.021689655172416,2020
200757,Thabo Sefolosha,62.0,100.0,62.0,0.606,61.394,2020
1628395,Jordan Bell,32.0,50.0,64.0,0.642,63.358,2020
2738,Andre Iguodala,28.0,53.0,52.83018867924528,0.619,52.21118867924528,2020
204025,Tim Frazier,30.0,46.0,65.21739130434783,0.583,64.63439130434783,2020
1627790,Ante Zizic,32.0,55.0,58.18181818181818,0.622,57.55981818181818,2020
1629726,Garrison Mathews,16.0,27.0,59.25925925925926,0.601,58.65825925925926,2020
1629611,Terance Mann,37.0,61.0,60.65573770491803,0.588,60.06773770491803,2020
1629678,Admiral Schofield,33.0,52.0,63.46153846153846,0.589,62.87253846153846,2020
203124,Kyle O'Quinn,43.0,69.0,62.31884057971015,0.623,61.69584057971015,2020
1629660,Ty Jerome,42.0,57.0,73.6842105263158,0.586,73.0982105263158,2020
201584,Courtney Lee,28.0,40.0,70.0,0.598,69.402,2020
201939,Stephen Curry,13.0,20.0,65.0,0.642,64.358,2020
1628021,David Nwaba,14.0,37.0,37.83783783783784,0.621,37.216837837837836,2020
1629126,Deonte Burton,30.0,49.0,61.224489795918366,0.593,60.63148979591837,2020
1628392,Isaiah Hartenstein,48.0,75.0,64.0,0.604,63.396,2020
1629234,Drew Eubanks,37.0,61.0,60.65573770491803,0.617,60.038737704918034,2020
1627733,Dragan Bender,50.0,73.0,68.4931506849315,0.646,67.8471506849315,2020
203079,Dion Waiters,15.0,20.0,75.0,0.634,74.366,2020
1628997,Caleb Martin,25.0,50.0,50.0,0.612,49.388,2020
1627780,Gary Payton II,53.0,77.0,68.83116883116882,0.606,68.22516883116883,2020
1629033,Theo Pinson,26.0,45.0,57.77777777777778,0.607,57.17077777777778,2020
1629035,Carsen Edwards,25.0,41.0,60.97560975609756,0.579,60.39660975609756,2020
1626159,Justise Winslow,18.0,33.0,54.54545454545455,0.603,53.942454545454545,2020
1628980,Jacob Evans,47.0,82.0,57.31707317073171,0.609,56.70807317073171,2020
1629735,Chris Silva,58.0,82.0,70.73170731707317,0.633,70.09870731707318,2020
203943,Noah Vonleh,47.0,81.0,58.02469135802469,0.607,57.41769135802469,2020
1628391,D.J. Wilson,39.0,75.0,52.0,0.607,51.393,2020
1629026,Kenrich Williams,79.0,134.0,58.95522388059702,0.606,58.349223880597016,2020
203994,Jusuf Nurkić,34.0,49.0,69.38775510204081,0.616,68.77175510204081,2020
1629185,Chris Chiozza,34.0,53.0,64.15094339622641,0.575,63.57594339622641,2020
1629057,Robert Williams III,43.0,70.0,61.42857142857143,0.621,60.80757142857143,2020
1628410,Edmond Sumner,19.0,41.0,46.34146341463415,0.596,45.74546341463415,2020
1629640,Keldon Johnson,34.0,51.0,66.66666666666667,0.579,66.08766666666668,2020
1629019,Allonzo Trier,29.0,44.0,65.9090909090909,0.583,65.32609090909091,2020
1628394,Anžejs Pasečņiks,62.0,110.0,56.36363636363637,0.604,55.75963636363637,2020
203960,JaKarr Sampson,50.0,92.0,54.34782608695652,0.599,53.74882608695653,2020
1629109,Gary Clark,58.0,103.0,56.310679611650485,0.611,55.69967961165049,2020
203957,Danté Exum,36.0,68.0,52.94117647058823,0.589,52.35217647058823,2020
1629598,Chris Clemons,25.0,36.0,69.44444444444444,0.58,68.86444444444444,2020
1629750,Javonte Green,34.0,63.0,53.96825396825397,0.608,53.36025396825397,2020
203490,Otto Porter Jr.,28.0,56.0,50.0,0.5970000000000001,49.403,2020
1627775,Patrick McCaw,74.0,134.0,55.223880597014926,0.587,54.63688059701492,2020
1628408,PJ Dozier,30.0,54.0,55.55555555555556,0.614,54.94155555555556,2020
1629048,Goga Bitadze,74.0,149.0,49.66442953020134,0.605,49.05942953020134,2020
1629642,Nassir Little,59.0,105.0,56.19047619047619,0.622,55.56847619047619,2020
203459,Allen Crabbe,53.0,70.0,75.71428571428571,0.615,75.09928571428571,2020
1629741,Marko Guduric,45.0,68.0,66.17647058823529,0.601,65.57547058823529,2020
203521,Matthew Dellavedova,73.0,122.0,59.83606557377049,0.606,59.23006557377049,2020
1628035,Alfonzo McKinnie,55.0,78.0,70.51282051282051,0.616,69.89682051282051,2020
202688,Brandon Knight,37.0,51.0,72.54901960784314,0.611,71.93801960784313,2020
201961,Wayne Ellington,31.0,48.0,64.58333333333333,0.597,63.98633333333333,2020
1628963,Marvin Bagley III,44.0,73.0,60.273972602739725,0.633,59.64097260273972,2020
1626195,Willy Hernangomez,54.0,90.0,60.0,0.621,59.379,2020
1628372,Dennis Smith Jr.,52.0,73.0,71.23287671232876,0.61,70.62287671232876,2020
203585,Rodney McGruder,58.0,97.0,59.79381443298969,0.597,59.19681443298969,2020
1627746,Skal Labissiere,87.0,176.0,49.43181818181818,0.62,48.81181818181818,2020
1629058,Dzanan Musa,30.0,58.0,51.724137931034484,0.598,51.126137931034485,2020
1629103,Kelan Martin,39.0,69.0,56.52173913043478,0.608,55.913739130434784,2020
1628367,Josh Jackson,40.0,58.0,68.96551724137932,0.604,68.36151724137932,2020
203584,Troy Daniels,30.0,54.0,55.55555555555556,0.587,54.968555555555554,2020
201229,Anthony Tolliver,86.0,158.0,54.43037974683544,0.632,53.798379746835444,2020
1629744,Matt Thomas,29.0,53.0,54.716981132075475,0.586,54.130981132075476,2020
201163,Wilson Chandler,44.0,83.0,53.01204819277108,0.612,52.40004819277108,2020
1629164,Brandon Goodwin,37.0,55.0,67.27272727272727,0.608,66.66472727272726,2020
1627885,Shaquille Harrison,37.0,73.0,50.68493150684932,0.599,50.08593150684932,2020
1627774,Jake Layman,45.0,80.0,56.25,0.595,55.655,2020
1629059,Elie Okobo,79.0,110.0,71.81818181818181,0.601,71.21718181818181,2020
203920,Khem Birch,96.0,152.0,63.1578947368421,0.625,62.5328947368421,2020
1628436,Luke Kornet,109.0,156.0,69.87179487179488,0.627,69.24479487179488,2020
1629066,Rodions Kurucs,60.0,106.0,56.60377358490566,0.6159999999999999,55.98777358490566,2020
1628990,Chandler Hutchison,68.0,94.0,72.34042553191489,0.62,71.72042553191488,2020
1627812,Yogi Ferrell,30.0,43.0,69.76744186046511,0.595,69.17244186046511,2020
1627767,Cheick Diallo,62.0,114.0,54.3859649122807,0.634,53.7519649122807,2020
1629655,Daniel Gafford,102.0,174.0,58.62068965517241,0.632,57.988689655172415,2020
1628390,Terrance Ferguson,85.0,152.0,55.921052631578945,0.607,55.314052631578946,2020
203089,John Henson,82.0,151.0,54.3046357615894,0.616,53.6886357615894,2020
200826,J.J. Barea,40.0,55.0,72.72727272727273,0.586,72.14127272727274,2020
1626188,Quinn Cook,47.0,74.0,63.513513513513516,0.589,62.92451351351352,2020
1628407,Dwayne Bacon,55.0,93.0,59.13978494623656,0.622,58.51778494623656,2020
203488,Mike Muscala,82.0,141.0,58.156028368794324,0.621,57.53502836879432,2020
1629162,Jordan McLaughlin,73.0,126.0,57.93650793650794,0.588,57.348507936507936,2020
203918,Rodney Hood,48.0,78.0,61.53846153846154,0.621,60.91746153846154,2020
203493,Reggie Bullock Jr.,51.0,73.0,69.86301369863014,0.622,69.24101369863014,2020
1628400,Semi Ojeleye,71.0,116.0,61.206896551724135,0.617,60.58989655172414,2020
1629684,Grant Williams,126.0,205.0,61.46341463414634,0.6,60.86341463414634,2020
1628998,Cody Martin,87.0,147.0,59.183673469387756,0.615,58.568673469387754,2020
1628981,Bruno Fernando,95.0,153.0,62.091503267973856,0.625,61.466503267973856,2020
1626143,Jahlil Okafor,69.0,130.0,53.07692307692308,0.616,52.46092307692308,2020
203504,Trey Burke,28.0,45.0,62.22222222222222,0.601,61.62122222222222,2020
1629635,Sekou Doumbouya,79.0,115.0,68.69565217391305,0.637,68.05865217391305,2020
1626203,Treveon Graham,63.0,126.0,50.0,0.601,49.399,2020
1629652,Luguentz Dort,54.0,103.0,52.42718446601942,0.607,51.82018446601942,2020
1627756,Denzel Valentine,44.0,74.0,59.45945945945946,0.611,58.84845945945946,2020
1627761,DeAndre' Bembry,84.0,150.0,56.0,0.596,55.404,2020
203473,Dewayne Dedmon,87.0,162.0,53.7037037037037,0.623,53.080703703703705,2020
1626209,Mario Hezonja,75.0,135.0,55.55555555555556,0.629,54.92655555555556,2020
1627853,Ryan Arcidiacono,66.0,102.0,64.70588235294117,0.601,64.10488235294117,2020
1628425,Sterling Brown,57.0,113.0,50.442477876106196,0.598,49.8444778761062,2020
1629638,Nickeil Alexander-Walker,69.0,111.0,62.16216216216216,0.59,61.57216216216216,2020
1629675,Naz Reid,88.0,145.0,60.689655172413794,0.617,60.072655172413796,2020
201933,Blake Griffin,37.0,61.0,60.65573770491803,0.616,60.03973770491803,2020
201949,James Johnson,52.0,93.0,55.913978494623656,0.596,55.31797849462366,2020
204020,Tyler Johnson,50.0,81.0,61.72839506172839,0.597,61.13139506172839,2020
203506,Victor Oladipo,41.0,71.0,57.74647887323944,0.625,57.12147887323944,2020
203526,Raul Neto,66.0,104.0,63.46153846153846,0.594,62.86753846153846,2020
1627748,Thon Maker,123.0,207.0,59.42028985507246,0.63,58.79028985507246,2020
101133,Ian Mahinmi,116.0,210.0,55.23809523809524,0.6159999999999999,54.62209523809524,2020
1628396,Tony Bradley,108.0,192.0,56.25,0.606,55.644,2020
1628975,Jevon Carter,69.0,117.0,58.97435897435897,0.5839999999999999,58.39035897435897,2020
1628966,Keita Bates-Diop,73.0,125.0,58.4,0.613,57.787,2020
1627823,Juancho Hernangomez,116.0,171.0,67.83625730994152,0.608,67.22825730994151,2020
1626246,Boban Marjanovic,45.0,76.0,59.21052631578947,0.641,58.569526315789474,2020
202335,Patrick Patterson,62.0,99.0,62.62626262626262,0.622,62.00426262626262,2020
1713,Vince Carter,56.0,109.0,51.37614678899082,0.615,50.76114678899082,2020
1628411,Wes Iwundu,83.0,146.0,56.84931506849315,0.609,56.240315068493146,2020
1629680,Matisse Thybulle,103.0,175.0,58.857142857142854,0.596,58.26114285714286,2020
1627745,Damian Jones,121.0,200.0,60.5,0.612,59.888,2020
203086,Meyers Leonard,129.0,196.0,65.81632653061224,0.634,65.18232653061224,2020
1628385,Harry Giles III,105.0,137.0,76.64233576642336,0.636,76.00633576642336,2020
1628470,Torrey Craig,102.0,165.0,61.81818181818182,0.63,61.18818181818182,2020
1628977,Hamidou Diallo,65.0,110.0,59.09090909090909,0.6150000000000001,58.47590909090909,2020
1629010,Jerome Robinson,87.0,142.0,61.267605633802816,0.599,60.66860563380282,2020
1628422,Damyean Dotson,56.0,87.0,64.36781609195403,0.617,63.75081609195403,2020
203487,Michael Carter-Williams,65.0,111.0,58.55855855855856,0.623,57.93555855855856,2020
203524,Solomon Hill,88.0,142.0,61.971830985915496,0.607,61.364830985915496,2020
101107,Marvin Williams,97.0,175.0,55.42857142857143,0.61,54.81857142857143,2020
201188,Marc Gasol,148.0,266.0,55.6390977443609,0.622,55.0170977443609,2020
1628960,Grayson Allen,66.0,101.0,65.34653465346534,0.604,64.74253465346534,2020
1629067,Isaac Bonga,118.0,199.0,59.2964824120603,0.611,58.6854824120603,2020
1628964,Mo Bamba,124.0,223.0,55.60538116591928,0.629,54.976381165919285,2020
1629065,Ky Bowman,115.0,199.0,57.78894472361809,0.603,57.185944723618086,2020
200765,Rajon Rondo,73.0,116.0,62.93103448275862,0.617,62.31403448275862,2020
1629647,Darius Bazley,128.0,217.0,58.986175115207374,0.6039999999999999,58.382175115207374,2020
1627846,Abdel Nader,55.0,98.0,56.12244897959184,0.6,55.522448979591836,2020
203110,Draymond Green,115.0,212.0,54.24528301886792,0.627,53.61828301886792,2020
1627936,Alex Caruso,122.0,198.0,61.61616161616162,0.602,61.01416161616162,2020
1626163,Frank Kaminsky,115.0,178.0,64.6067415730337,0.627,63.9797415730337,2020
201158,Marco Belinelli,61.0,89.0,68.53932584269663,0.608,67.93132584269662,2020
201577,Robin Lopez,112.0,258.0,43.41085271317829,0.61,42.800852713178294,2020
1628373,Frank Ntilikina,101.0,150.0,67.33333333333333,0.604,66.72933333333333,2020
203090,Maurice Harkless,126.0,213.0,59.15492957746479,0.61,58.54492957746479,2020
1628382,Justin Jackson,75.0,140.0,53.57142857142857,0.595,52.97642857142857,2020
1626192,Pat Connaughton,90.0,173.0,52.02312138728324,0.601,51.42212138728324,2020
1628402,Frank Jackson,59.0,86.0,68.6046511627907,0.586,68.0186511627907,2020
1627789,Timothe Luwawu-Cabarrot,57.0,92.0,61.95652173913044,0.599,61.35752173913044,2020
203939,Dwight Powell,128.0,227.0,56.38766519823788,0.631,55.75666519823788,2020
1627751,Jakob Poeltl,180.0,342.0,52.63157894736842,0.624,52.007578947368415,2020
202704,Reggie Jackson,75.0,112.0,66.96428571428571,0.601,66.36328571428571,2020
1629016,Omari Spellman,91.0,166.0,54.81927710843374,0.622,54.19727710843374,2020
1629022,Lonnie Walker IV,70.0,125.0,56.0,0.605,55.395,2020
1627739,Kris Dunn,114.0,178.0,64.04494382022472,0.618,63.426943820224714,2020
1629003,Shake Milton,55.0,83.0,66.26506024096386,0.602,65.66306024096386,2020
2594,Kyle Korver,64.0,122.0,52.459016393442624,0.617,51.84201639344263,2020
201959,Taj Gibson,100.0,166.0,60.24096385542169,0.615,59.62596385542169,2020
1626161,Willie Cauley-Stein,145.0,269.0,53.90334572490706,0.639,53.26434572490706,2020
203937,Kyle Anderson,96.0,182.0,52.747252747252745,0.617,52.13025274725275,2020
1627777,Georges Niang,71.0,114.0,62.280701754385966,0.599,61.68170175438597,2020
1629740,Nicolo Melli,132.0,224.0,58.92857142857143,0.624,58.30457142857143,2020
1629021,Moritz Wagner,110.0,184.0,59.78260869565217,0.618,59.16460869565217,2020
202687,Bismack Biyombo,133.0,236.0,56.355932203389834,0.6179999999999999,55.73793220338983,2020
1626144,Emmanuel Mudiay,55.0,93.0,59.13978494623656,0.59,58.54978494623656,2020
1626168,Trey Lyles,123.0,195.0,63.07692307692308,0.618,62.45892307692308,2020
2772,Trevor Ariza,116.0,179.0,64.80446927374301,0.623,64.181469273743,2020
1628371,Jonathan Isaac,78.0,160.0,48.75,0.611,48.139,2020
201976,Patrick Beverley,92.0,157.0,58.59872611464968,0.615,57.98372611464968,2020
203118,Mike Scott,60.0,90.0,66.66666666666667,0.613,66.05366666666667,2020
1628449,Chris Boucher,97.0,197.0,49.23857868020305,0.609,48.629578680203046,2020
101141,Ersan Ilyasova,74.0,148.0,50.0,0.602,49.398,2020
1626178,Rondae Hollis-Jefferson,114.0,196.0,58.16326530612245,0.605,57.55826530612245,2020
1628995,Kevin Knox II,85.0,137.0,62.043795620437955,0.607,61.436795620437955,2020
203458,Alex Len,127.0,250.0,50.8,0.618,50.181999999999995,2020
202340,Avery Bradley,77.0,140.0,55.0,0.598,54.402,2020
203895,Jordan McRae,65.0,106.0,61.320754716981135,0.613,60.707754716981135,2020
203210,JaMychal Green,124.0,213.0,58.21596244131455,0.617,57.598962441314555,2020
1628379,Luke Kennard,67.0,108.0,62.03703703703704,0.6089999999999999,61.428037037037036,2020
203486,Mason Plumlee,148.0,267.0,55.43071161048689,0.622,54.80871161048689,2020
201580,JaVale McGee,161.0,302.0,53.311258278145694,0.627,52.68425827814569,2020
203457,Nerlens Noel,189.0,326.0,57.97546012269939,0.638,57.33746012269939,2020
202324,Derrick Favors,147.0,271.0,54.24354243542435,0.626,53.617542435424355,2020
203901,Elfrid Payton,120.0,186.0,64.51612903225806,0.601,63.915129032258065,2020
1626220,Royce O'Neale,196.0,326.0,60.122699386503065,0.612,59.51069938650306,2020
201145,Jeff Green,91.0,151.0,60.264900662251655,0.626,59.63890066225166,2020
203516,James Ennis III,94.0,136.0,69.11764705882354,0.606,68.51164705882354,2020
202709,Cory Joseph,169.0,275.0,61.45454545454545,0.613,60.841545454545454,2020
1629001,De'Anthony Melton,134.0,214.0,62.61682242990654,0.613,62.00382242990654,2020
1628973,Jalen Brunson,86.0,138.0,62.31884057971015,0.594,61.72484057971015,2020
202734,E'Twaun Moore,67.0,122.0,54.91803278688525,0.606,54.31203278688525,2020
203503,Tony Snell,164.0,255.0,64.31372549019608,0.615,63.698725490196075,2020
203476,Gorgui Dieng,143.0,258.0,55.42635658914729,0.624,54.80235658914729,2020
204456,T.J. McConnell,117.0,187.0,62.5668449197861,0.602,61.9648449197861,2020
201599,DeAndre Jordan,104.0,196.0,53.06122448979592,0.616,52.44522448979592,2020
203382,Aron Baynes,123.0,203.0,60.59113300492611,0.632,59.95913300492611,2020
202683,Enes Freedom,115.0,209.0,55.02392344497608,0.6299999999999999,54.393923444976075,2020
1629637,Jaxson Hayes,145.0,239.0,60.66945606694561,0.627,60.042456066945604,2020
1626145,Tyus Jones,82.0,133.0,61.65413533834587,0.588,61.066135338345866,2020
1628976,Wendell Carter Jr.,160.0,282.0,56.737588652482266,0.632,56.10558865248227,2020
202954,Brad Wanamaker,108.0,169.0,63.905325443786985,0.605,63.30032544378699,2020
202738,Isaiah Thomas,78.0,114.0,68.42105263157895,0.585,67.83605263157895,2020
1627884,Derrick Jones Jr.,104.0,167.0,62.275449101796404,0.607,61.668449101796405,2020
1629013,Landry Shamet,103.0,177.0,58.19209039548023,0.603,57.58909039548023,2020
202083,Wesley Matthews,62.0,126.0,49.20634920634921,0.603,48.60334920634921,2020
1626153,Delon Wright,152.0,253.0,60.07905138339921,0.605,59.474051383399214,2020
1629661,Cameron Johnson,114.0,177.0,64.40677966101696,0.616,63.790779661016956,2020
1629645,Kevin Porter Jr.,127.0,198.0,64.14141414141415,0.598,63.54341414141415,2020
200782,P.J. Tucker,231.0,377.0,61.273209549071616,0.622,60.651209549071616,2020
1629673,Jordan Poole,102.0,169.0,60.35502958579882,0.606,59.749029585798816,2020
1629004,Svi Mykhailiuk,89.0,125.0,71.2,0.6,70.60000000000001,2020
1628971,Bruce Brown,165.0,269.0,61.33828996282528,0.603,60.73528996282528,2020
1629008,Michael Porter Jr.,105.0,168.0,62.5,0.621,61.879,2020
2730,Dwight Howard,154.0,245.0,62.857142857142854,0.621,62.23614285714285,2020
1629627,Zion Williamson,70.0,104.0,67.3076923076923,0.621,66.68669230769231,2020
1629018,Gary Trent Jr.,88.0,152.0,57.89473684210526,0.599,57.29573684210526,2020
201569,Eric Gordon,62.0,101.0,61.386138613861384,0.619,60.767138613861384,2020
203953,Jabari Parker,105.0,164.0,64.02439024390245,0.623,63.40139024390245,2020
1628370,Malik Monk,96.0,158.0,60.75949367088607,0.607,60.152493670886074,2020
1626158,Richaun Holmes,177.0,292.0,60.61643835616438,0.626,59.99043835616438,2020
1629006,Josh Okogie,146.0,229.0,63.75545851528384,0.605,63.150458515283844,2020
201588,George Hill,73.0,130.0,56.15384615384615,0.602,55.55184615384616,2020
1629056,Terence Davis,87.0,157.0,55.4140127388535,0.61,54.8040127388535,2020
203991,Clint Capela,178.0,284.0,62.67605633802817,0.636,62.040056338028165,2020
203482,Kelly Olynyk,136.0,212.0,64.15094339622641,0.6209999999999999,63.52994339622641,2020
202693,Markieff Morris,108.0,163.0,66.25766871165644,0.609,65.64866871165644,2020
201980,Danny Green,181.0,297.0,60.94276094276094,0.614,60.328760942760944,2020
202681,Kyrie Irving,51.0,78.0,65.38461538461539,0.592,64.79261538461539,2020
1627737,Marquese Chriss,142.0,248.0,57.25806451612903,0.629,56.629064516129034,2020
1626204,Larry Nance Jr.,142.0,225.0,63.111111111111114,0.624,62.48711111111111,2020
203087,Jeremy Lamb,134.0,224.0,59.82142857142857,0.608,59.21342857142857,2020
203894,Shabazz Napier,123.0,194.0,63.402061855670105,0.602,62.80006185567011,2020
1629014,Anfernee Simons,124.0,218.0,56.88073394495413,0.601,56.27973394495413,2020
1629633,Jarrett Culver,124.0,208.0,59.61538461538461,0.61,59.005384615384614,2020
203914,Gary Harris,104.0,168.0,61.904761904761905,0.615,61.2897619047619,2020
203145,Kent Bazemore,161.0,286.0,56.29370629370629,0.612,55.68170629370629,2020
1629011,Mitchell Robinson,152.0,274.0,55.47445255474452,0.62,54.854452554744526,2020
200794,Paul Millsap,135.0,216.0,62.5,0.629,61.871,2020
1627826,Ivica Zubac,168.0,346.0,48.554913294797686,0.633,47.92191329479768,2020
203085,Austin Rivers,143.0,229.0,62.44541484716157,0.609,61.83641484716157,2020
201571,D.J. Augustin,82.0,130.0,63.07692307692308,0.591,62.48592307692308,2020
1628464,Daniel Theis,231.0,423.0,54.60992907801418,0.622,53.98792907801418,2020
1628978,Donte DiVincenzo,105.0,203.0,51.724137931034484,0.594,51.13013793103448,2020
203200,Justin Holiday,178.0,304.0,58.55263157894737,0.609,57.94363157894737,2020
1628418,Thomas Bryant,167.0,271.0,61.62361623616236,0.61,61.01361623616236,2020
1629629,Cam Reddish,151.0,259.0,58.3011583011583,0.598,57.703158301158304,2020
1627736,Malik Beasley,92.0,144.0,63.888888888888886,0.605,63.28388888888889,2020
1627814,Damion Lee,130.0,185.0,70.27027027027027,0.62,69.65027027027027,2020
1628988,Aaron Holiday,162.0,249.0,65.06024096385542,0.604,64.45624096385542,2020
203469,Cody Zeller,210.0,349.0,60.17191977077364,0.629,59.54291977077364,2020
201952,Jeff Teague,122.0,186.0,65.59139784946237,0.602,64.98939784946236,2020
202066,Garrett Temple,146.0,235.0,62.12765957446808,0.6,61.52765957446808,2020
203107,Tomas Satoransky,175.0,262.0,66.79389312977099,0.61,66.183893129771,2020
203484,Kentavious Caldwell-Pope,141.0,215.0,65.5813953488372,0.601,64.9803953488372,2020
1629060,Rui Hachimura,170.0,257.0,66.147859922179,0.625,65.522859922179,2020
1628404,Josh Hart,204.0,343.0,59.475218658892125,0.618,58.85721865889212,2020
201152,Thaddeus Young,175.0,283.0,61.83745583038869,0.621,61.21645583038869,2020
1628420,Monté Morris,101.0,174.0,58.04597701149425,0.602,57.443977011494255,2020
1628467,Maxi Kleber,223.0,399.0,55.88972431077694,0.617,55.272724310776944,2020
1627863,Danuel House Jr.,190.0,296.0,64.1891891891892,0.606,63.58318918918919,2020
1628969,Mikal Bridges,215.0,352.0,61.07954545454545,0.617,60.462545454545456,2020
203109,Jae Crowder,158.0,245.0,64.48979591836735,0.613,63.87679591836735,2020
1626171,Bobby Portis,124.0,201.0,61.691542288557216,0.616,61.075542288557216,2020
1627827,Dorian Finney-Smith,190.0,329.0,57.75075987841945,0.621,57.12975987841945,2020
201144,Mike Conley,134.0,206.0,65.04854368932038,0.607,64.44154368932038,2020
204038,Langston Galloway,123.0,190.0,64.73684210526316,0.602,64.13484210526316,2020
203500,Steven Adams,209.0,376.0,55.58510638297872,0.629,54.956106382978724,2020
202684,Tristan Thompson,166.0,311.0,53.37620578778135,0.621,52.75520578778135,2020
1628989,Kevin Huerter,180.0,283.0,63.60424028268551,0.603,63.00124028268551,2020
203967,Dario Šarić,167.0,305.0,54.75409836065574,0.622,54.13209836065574,2020
1629028,Deandre Ayton,155.0,273.0,56.776556776556774,0.621,56.15555677655677,2020
1629634,Brandon Clarke,146.0,259.0,56.37065637065637,0.62,55.75065637065637,2020
1627749,Dejounte Murray,186.0,292.0,63.6986301369863,0.618,63.0806301369863,2020
1627788,Furkan Korkmaz,116.0,203.0,57.142857142857146,0.6,56.542857142857144,2020
1627854,Bryn Forbes,122.0,174.0,70.11494252873563,0.61,69.50494252873563,2020
1629023,P.J. Washington,218.0,354.0,61.5819209039548,0.614,60.967920903954806,2020
204060,Joe Ingles,167.0,247.0,67.61133603238866,0.607,67.00433603238866,2020
203926,Doug McDermott,125.0,204.0,61.27450980392157,0.601,60.67350980392157,2020
203463,Ben McLemore,172.0,253.0,67.98418972332016,0.603,67.38118972332016,2020
200752,Rudy Gay,126.0,238.0,52.94117647058823,0.6050000000000001,52.336176470588235,2020
1628972,Troy Brown Jr.,202.0,310.0,65.16129032258064,0.607,64.55429032258064,2020
1626224,Cedi Osman,180.0,267.0,67.41573033707866,0.605,66.81073033707865,2020
1628366,Lonzo Ball,219.0,369.0,59.34959349593496,0.606,58.74359349593496,2020
1628384,OG Anunoby,123.0,215.0,57.2093023255814,0.617,56.5923023255814,2020
203922,Glenn Robinson III,175.0,275.0,63.63636363636363,0.618,63.01836363636363,2020
1629636,Darius Garland,232.0,343.0,67.63848396501457,0.598,67.04048396501457,2020
1628374,Lauri Markkanen,177.0,296.0,59.7972972972973,0.62,59.1772972972973,2020
202397,Ish Smith,166.0,274.0,60.583941605839414,0.59,59.99394160583941,2020
201988,Patty Mills,76.0,142.0,53.521126760563384,0.6,52.92112676056338,2020
203552,Seth Curry,100.0,155.0,64.51612903225806,0.61,63.906129032258065,2020
1629639,Tyler Herro,159.0,230.0,69.1304347826087,0.613,68.5174347826087,2020
1626167,Myles Turner,258.0,453.0,56.95364238410596,0.636,56.31764238410596,2020
1626196,Josh Richardson,132.0,221.0,59.72850678733032,0.593,59.135506787330314,2020
1628401,Derrick White,197.0,307.0,64.16938110749186,0.615,63.55438110749186,2020
1627752,Taurean Prince,177.0,291.0,60.824742268041234,0.615,60.20974226804123,2020
1628386,Jarrett Allen,240.0,456.0,52.63157894736842,0.618,52.013578947368416,2020
203935,Marcus Smart,123.0,193.0,63.73056994818653,0.617,63.11356994818653,2020
1629631,De'Andre Hunter,205.0,318.0,64.46540880503144,0.614,63.85140880503145,2020
1628398,Kyle Kuzma,127.0,219.0,57.990867579908674,0.608,57.38286757990868,2020
201143,Al Horford,259.0,415.0,62.40963855421687,0.622,61.78763855421687,2020
1626181,Norman Powell,105.0,169.0,62.1301775147929,0.607,61.5231775147929,2020
1626174,Christian Wood,155.0,283.0,54.77031802120141,0.617,54.153318021201414,2020
201572,Brook Lopez,203.0,441.0,46.03174603174603,0.6259999999999999,45.405746031746034,2020
1629628,RJ Barrett,142.0,223.0,63.67713004484305,0.601,63.07613004484305,2020
202357,Nemanja Bjelica,264.0,418.0,63.1578947368421,0.627,62.5308947368421,2020
201937,Ricky Rubio,180.0,272.0,66.17647058823529,0.61,65.56647058823529,2020
201586,Serge Ibaka,178.0,356.0,50.0,0.612,49.388,2020
202722,Dāvis Bertāns,181.0,312.0,58.01282051282051,0.618,57.39482051282051,2020
1629672,Eric Paschall,126.0,202.0,62.37623762376238,0.615,61.761237623762376,2020
1628970,Miles Bridges,213.0,346.0,61.5606936416185,0.62,60.9406936416185,2020
1627747,Caris LeVert,95.0,144.0,65.97222222222223,0.604,65.36822222222223,2020
203924,Jerami Grant,124.0,220.0,56.36363636363637,0.63,55.733636363636364,2020
1629632,Coby White,163.0,247.0,65.9919028340081,0.602,65.3899028340081,2020
1628365,Markelle Fultz,165.0,269.0,61.33828996282528,0.6,60.73828996282528,2020
203496,Robert Covington,244.0,360.0,67.77777777777777,0.622,67.15577777777777,2020
203115,Will Barton,184.0,289.0,63.667820069204154,0.614,63.05382006920416,2020
2546,Carmelo Anthony,107.0,169.0,63.31360946745562,0.625,62.68860946745562,2020
201565,Derrick Rose,99.0,170.0,58.23529411764706,0.607,57.62829411764706,2020
1628381,John Collins,179.0,298.0,60.06711409395973,0.612,59.45511409395973,2020
202339,Eric Bledsoe,112.0,213.0,52.582159624413144,0.596,51.98615962441315,2020
1627763,Malcolm Brogdon,135.0,240.0,56.25,0.612,55.638,2020
203932,Aaron Gordon,168.0,310.0,54.193548387096776,0.624,53.56954838709677,2020
202330,Gordon Hayward,109.0,187.0,58.288770053475936,0.61,57.67877005347594,2020
203992,Bogdan Bogdanović,148.0,223.0,66.3677130044843,0.614,65.7537130044843,2020
200755,JJ Redick,112.0,170.0,65.88235294117646,0.613,65.26935294117646,2020
1626157,Karl-Anthony Towns,140.0,240.0,58.333333333333336,0.631,57.702333333333335,2020
201609,Goran Dragic,129.0,192.0,67.1875,0.593,66.5945,2020
1627732,Ben Simmons,157.0,266.0,59.02255639097744,0.61,58.41255639097744,2020
1627832,Fred VanVleet,155.0,265.0,58.490566037735846,0.606,57.884566037735844,2020
1629130,Duncan Robinson,164.0,259.0,63.32046332046332,0.6,62.72046332046332,2020
200746,LaMarcus Aldridge,169.0,305.0,55.40983606557377,0.627,54.78283606557377,2020
201567,Kevin Love,234.0,356.0,65.73033707865169,0.612,65.11833707865169,2020
203083,Andre Drummond,269.0,443.0,60.72234762979684,0.631,60.09134762979684,2020
1628991,Jaren Jackson Jr.,184.0,338.0,54.437869822485204,0.624,53.8138698224852,2020
202692,Alec Burks,137.0,242.0,56.611570247933884,0.611,56.00057024793389,2020
203925,Joe Harris,172.0,281.0,61.20996441281139,0.61,60.59996441281139,2020
1629134,Kendrick Nunn,159.0,238.0,66.80672268907563,0.606,66.20072268907563,2020
203082,Terrence Ross,141.0,235.0,60.0,0.608,59.392,2020
203497,Rudy Gobert,283.0,565.0,50.08849557522124,0.623,49.46549557522124,2020
1626162,Kelly Oubre Jr.,137.0,239.0,57.32217573221757,0.607,56.715175732217574,2020
202355,Hassan Whiteside,278.0,534.0,52.059925093632955,0.632,51.42792509363296,2020
202331,Paul George,111.0,193.0,57.512953367875646,0.622,56.890953367875646,2020
202694,Marcus Morris Sr.,133.0,215.0,61.86046511627907,0.623,61.237465116279076,2020
203084,Harrison Barnes,160.0,254.0,62.99212598425197,0.618,62.37412598425197,2020
1626156,D'Angelo Russell,146.0,234.0,62.39316239316239,0.6069999999999999,61.78616239316239,2020
202685,Jonas Valančiūnas,219.0,394.0,55.58375634517766,0.628,54.95575634517766,2020
1628368,De'Aaron Fox,151.0,214.0,70.5607476635514,0.605,69.95574766355139,2020
203903,Jordan Clarkson,122.0,200.0,61.0,0.604,60.396,2020
1627750,Jamal Murray,164.0,251.0,65.33864541832669,0.617,64.72164541832669,2020
200768,Kyle Lowry,156.0,267.0,58.42696629213483,0.608,57.81896629213483,2020
203501,Tim Hardaway Jr.,172.0,254.0,67.71653543307086,0.61,67.10653543307086,2020
204001,Kristaps Porziņģis,196.0,391.0,50.12787723785166,0.62,49.507877237851666,2020
1626179,Terry Rozier,191.0,287.0,66.55052264808363,0.606,65.94452264808363,2020
1628984,Devonte' Graham,163.0,268.0,60.82089552238806,0.597,60.223895522388055,2020
1628389,Bam Adebayo,216.0,377.0,57.294429708222815,0.624,56.67042970822281,2020
202689,Kemba Walker,170.0,290.0,58.62068965517241,0.6,58.02068965517241,2020
1627734,Domantas Sabonis,246.0,438.0,56.16438356164384,0.622,55.54238356164384,2020
201950,Jrue Holiday,221.0,355.0,62.25352112676056,0.613,61.64052112676056,2020
202710,Jimmy Butler III,127.0,205.0,61.951219512195124,0.614,61.33721951219513,2020
1627759,Jaylen Brown,152.0,257.0,59.143968871595334,0.615,58.52896887159533,2020
201568,Danilo Gallinari,151.0,239.0,63.17991631799163,0.622,62.55791631799163,2020
203954,Joel Embiid,203.0,353.0,57.507082152974505,0.627,56.8800821529745,2020
1626149,Montrezl Harrell,174.0,319.0,54.54545454545455,0.622,53.92345454545455,2020
203952,Andrew Wiggins,154.0,252.0,61.111111111111114,0.613,60.498111111111115,2020
1628415,Dillon Brooks,165.0,277.0,59.56678700361011,0.61,58.95678700361011,2020
101150,Lou Williams,143.0,225.0,63.55555555555556,0.593,62.962555555555554,2020
1629630,Ja Morant,177.0,285.0,62.10526315789474,0.595,61.51026315789474,2020
202696,Nikola Vučević,266.0,441.0,60.317460317460316,0.6259999999999999,59.69146031746032,2020
203095,Evan Fournier,189.0,294.0,64.28571428571429,0.611,63.674714285714295,2020
203471,Dennis Schröder,161.0,286.0,56.29370629370629,0.607,55.686706293706294,2020
101108,Chris Paul,182.0,269.0,67.65799256505576,0.613,67.04499256505576,2020
203944,Julius Randle,160.0,271.0,59.04059040590406,0.629,58.411590405904064,2020
202711,Bojan Bogdanovic,133.0,214.0,62.149532710280376,0.608,61.54153271028038,2020
203114,Khris Middleton,89.0,172.0,51.74418604651163,0.609,51.13518604651163,2020
203915,Spencer Dinwiddie,146.0,239.0,61.08786610878661,0.606,60.48186610878661,2020
203933,T.J. Warren,133.0,224.0,59.375,0.618,58.757,2020
1628983,Shai Gilgeous-Alexander,242.0,397.0,60.957178841309826,0.606,60.351178841309824,2020
1627783,Pascal Siakam,210.0,360.0,58.333333333333336,0.617,57.71633333333334,2020
1629012,Collin Sexton,228.0,312.0,73.07692307692308,0.606,72.47092307692309,2020
1627741,Buddy Hield,227.0,375.0,60.53333333333333,0.606,59.92733333333333,2020
202699,Tobias Harris,203.0,315.0,64.44444444444444,0.615,63.82944444444444,2020
1627742,Brandon Ingram,174.0,308.0,56.493506493506494,0.614,55.8795064935065,2020
203999,Nikola Jokić,347.0,569.0,60.984182776801404,0.643,60.3411827768014,2020
201942,DeMar DeRozan,161.0,251.0,64.14342629482071,0.629,63.514426294820716,2020
203897,Zach LaVine,150.0,254.0,59.05511811023622,0.602,58.453118110236225,2020
202695,Kawhi Leonard,155.0,244.0,63.52459016393443,0.632,62.89259016393443,2020
203468,CJ McCollum,201.0,354.0,56.779661016949156,0.606,56.173661016949154,2020
1628369,Jayson Tatum,165.0,284.0,58.098591549295776,0.605,57.49359154929578,2020
201566,Russell Westbrook,129.0,214.0,60.2803738317757,0.605,59.6753738317757,2020
203076,Anthony Davis,160.0,316.0,50.63291139240506,0.62,50.012911392405066,2020
1628378,Donovan Mitchell,140.0,219.0,63.926940639269404,0.61,63.316940639269404,2020
1629029,Luka Dončić,187.0,313.0,59.7444089456869,0.608,59.1364089456869,2020
2544,LeBron James,136.0,244.0,55.73770491803279,0.616,55.12170491803279,2020
203078,Bradley Beal,154.0,235.0,65.53191489361703,0.609,64.92291489361703,2020
1629027,Trae Young,220.0,324.0,67.90123456790124,0.591,67.31023456790125,2020
203507,Giannis Antetokounmpo,105.0,254.0,41.338582677165356,0.617,40.72158267716536,2020
1626164,Devin Booker,201.0,326.0,61.65644171779141,0.609,61.04744171779141,2020
203081,Damian Lillard,178.0,273.0,65.2014652014652,0.619,64.5824652014652,2020
201935,James Harden,273.0,440.0,62.04545454545455,0.617,61.42845454545455,2020
1628394,Anžejs Pasečņiks,3.0,3.0,100.0,0.578,99.422,2021
203943,Noah Vonleh,2.0,2.0,100.0,0.562,99.438,2021
202697,Iman Shumpert,1.0,3.0,33.333333333333336,0.629,32.70433333333334,2021
1629121,Jaylen Adams,2.0,2.0,100.0,0.591,99.409,2021
1628390,Terrance Ferguson,4.0,5.0,80.0,0.607,79.393,2021
1629033,Theo Pinson,4.0,6.0,66.66666666666667,0.57,66.09666666666668,2021
1628968,Brian Bowen II,1.0,2.0,50.0,0.495,49.505,2021
1629607,Jared Harper,2.0,2.0,100.0,0.665,99.335,2021
1630238,Malik Fitts,1.0,1.0,100.0,0.711,99.289,2021
1629034,Ray Spalding,3.0,6.0,50.0,0.626,49.374,2021
1629665,Jalen Lecque,1.0,3.0,33.333333333333336,0.638,32.69533333333334,2021
1627739,Kris Dunn,5.0,6.0,83.33333333333333,0.64,82.69333333333333,2021
1627775,Patrick McCaw,2.0,3.0,66.66666666666667,0.628,66.03866666666667,2021
203460,Andre Roberson,5.0,9.0,55.55555555555556,0.619,54.93655555555556,2021
201162,Jared Dudley,5.0,12.0,41.666666666666664,0.646,41.02066666666666,2021
204025,Tim Frazier,5.0,11.0,45.45454545454545,0.585,44.86954545454545,2021
1629712,Didi Louzada,6.0,8.0,75.0,0.603,74.397,2021
1629738,Vincent Poirier,6.0,10.0,60.0,0.544,59.456,2021
1630268,Nate Darling,2.0,3.0,66.66666666666667,0.588,66.07866666666668,2021
1630234,Ty-Shon Alexander,5.0,12.0,41.666666666666664,0.619,41.047666666666665,2021
203086,Meyers Leonard,3.0,4.0,75.0,0.637,74.363,2021
1630211,Karim Mane,11.0,15.0,73.33333333333333,0.603,72.73033333333333,2021
1630179,Tyrell Terry,3.0,6.0,50.0,0.63,49.37,2021
1628961,Kostas Antetokounmpo,6.0,12.0,50.0,0.587,49.413,2021
1629833,Keljin Blevins,3.0,5.0,60.0,0.628,59.372,2021
1628388,T.J. Leaf,2.0,6.0,33.333333333333336,0.613,32.720333333333336,2021
1628578,Amida Brimah,7.0,12.0,58.333333333333336,0.643,57.690333333333335,2021
2760,Anderson Varejao,11.0,18.0,61.111111111111114,0.61,60.501111111111115,2021
1627737,Marquese Chriss,5.0,8.0,62.5,0.599,61.901,2021
1626253,Axel Toupane,3.0,6.0,50.0,0.48,49.52,2021
1630208,Nick Richards,8.0,13.0,61.53846153846154,0.595,60.94346153846154,2021
1628395,Jordan Bell,11.0,19.0,57.89473684210526,0.622,57.27273684210526,2021
1629690,Adam Mokoka,3.0,5.0,60.0,0.642,59.358,2021
1629244,Cam Reynolds,4.0,10.0,40.0,0.607,39.393,2021
1627740,Henry Ellenson,5.0,6.0,83.33333333333333,0.593,82.74033333333333,2021
203263,James Nunnally,3.0,3.0,100.0,0.573,99.427,2021
1628962,Udoka Azubuike,6.0,8.0,75.0,0.595,74.405,2021
1629091,Elijah Bryant,6.0,7.0,85.71428571428571,0.704,85.01028571428571,2021
201229,Anthony Tolliver,7.0,12.0,58.333333333333336,0.615,57.718333333333334,2021
203998,Bruno Caboclo,9.0,17.0,52.94117647058823,0.617,52.324176470588235,2021
1630189,Tyler Bey,14.0,19.0,73.6842105263158,0.597,73.0872105263158,2021
1630203,Grant Riller,2.0,2.0,100.0,0.591,99.409,2021
203915,Spencer Dinwiddie,5.0,8.0,62.5,0.622,61.878,2021
203658,Norvel Pelle,6.0,12.0,50.0,0.646,49.354,2021
1630218,Robert Woodard II,3.0,7.0,42.857142857142854,0.648,42.20914285714285,2021
1629620,Justin Robinson,7.0,10.0,70.0,0.576,69.424,2021
1629725,Jeremiah Martin,9.0,15.0,60.0,0.533,59.467,2021
1629007,Jontay Porter,10.0,15.0,66.66666666666667,0.655,66.01166666666667,2021
1626245,Cristiano Felicio,5.0,10.0,50.0,0.606,49.394,2021
203957,Danté Exum,10.0,21.0,47.61904761904762,0.602,47.017047619047624,2021
1629653,Devon Dotson,0.0,3.0,0.0,0.653,-0.653,2021
202738,Isaiah Thomas,2.0,4.0,50.0,0.572,49.428,2021
1628412,Frank Mason III,4.0,4.0,100.0,0.688,99.312,2021
1627780,Gary Payton II,4.0,7.0,57.142857142857146,0.59,56.55285714285714,2021
1626178,Rondae Hollis-Jefferson,8.0,15.0,53.333333333333336,0.599,52.73433333333334,2021
1629346,Alen Smailagic,14.0,24.0,58.333333333333336,0.598,57.73533333333334,2021
1627748,Thon Maker,12.0,18.0,66.66666666666667,0.606,66.06066666666668,2021
1630190,Elijah Hughes,4.0,8.0,50.0,0.598,49.402,2021
1629066,Rodions Kurucs,12.0,22.0,54.54545454545455,0.648,53.89745454545454,2021
1629735,Chris Silva,11.0,22.0,50.0,0.621,49.379,2021
1629730,Rayjon Tucker,5.0,6.0,83.33333333333333,0.582,82.75133333333333,2021
1629962,Devin Cannady,4.0,8.0,50.0,0.634,49.366,2021
1630206,Jay Scrubb,9.0,12.0,75.0,0.597,74.403,2021
1629752,Juwan Morgan,10.0,20.0,50.0,0.636,49.364,2021
1630199,Cassius Stanley,6.0,11.0,54.54545454545455,0.617,53.92845454545455,2021
203521,Matthew Dellavedova,24.0,37.0,64.86486486486487,0.601,64.26386486486487,2021
1629719,Devontae Cacok,9.0,16.0,56.25,0.564,55.686,2021
1630253,Sean McDermott,19.0,25.0,76.0,0.606,75.394,2021
1630186,Jahmi'us Ramsey,7.0,15.0,46.666666666666664,0.619,46.047666666666665,2021
1629718,Charlie Brown Jr.,18.0,26.0,69.23076923076923,0.609,68.62176923076923,2021
1630207,Nate Hinton,11.0,15.0,73.33333333333333,0.608,72.72533333333332,2021
1630216,Cassius Winston,7.0,13.0,53.84615384615385,0.563,53.283153846153844,2021
1629686,Deividas Sirvydis,13.0,19.0,68.42105263157895,0.606,67.81505263157895,2021
1628414,Sindarius Thornwell,18.0,26.0,69.23076923076923,0.609,68.62176923076923,2021
1628419,Cameron Oliver,19.0,25.0,76.0,0.591,75.409,2021
1629606,Robert Franks,8.0,14.0,57.142857142857146,0.63,56.51285714285714,2021
1629663,Louis King,9.0,16.0,56.25,0.58,55.67,2021
1629603,Mamadi Diakite,8.0,20.0,40.0,0.613,39.387,2021
1630176,Vernon Carey Jr.,10.0,21.0,47.61904761904762,0.611,47.00804761904762,2021
1629683,Quinndary Weatherspoon,12.0,16.0,75.0,0.545,74.455,2021
1629605,Tacko Fall,15.0,31.0,48.38709677419355,0.602,47.785096774193555,2021
1629751,Dakota Mathias,17.0,33.0,51.515151515151516,0.606,50.909151515151514,2021
202334,Ed Davis,46.0,75.0,61.333333333333336,0.627,60.70633333333333,2021
1628981,Bruno Fernando,22.0,33.0,66.66666666666667,0.626,66.04066666666667,2021
1630188,Jalen Smith,18.0,24.0,75.0,0.627,74.373,2021
1630187,Daniel Oturu,14.0,28.0,50.0,0.5729999999999998,49.427,2021
1627812,Yogi Ferrell,9.0,13.0,69.23076923076923,0.624,68.60676923076923,2021
1629648,Jordan Bone,11.0,20.0,55.0,0.594,54.406,2021
1629641,Romeo Langford,13.0,30.0,43.333333333333336,0.615,42.718333333333334,2021
1629681,Killian Tillie,7.0,12.0,58.333333333333336,0.693,57.64033333333334,2021
203933,T.J. Warren,11.0,17.0,64.70588235294117,0.636,64.06988235294118,2021
1629714,Jarrell Brantley,14.0,23.0,60.869565217391305,0.589,60.280565217391306,2021
101141,Ersan Ilyasova,23.0,38.0,60.526315789473685,0.581,59.94531578947368,2021
1629604,CJ Elleby,7.0,20.0,35.0,0.585,34.415,2021
1629626,Bol Bol,17.0,25.0,68.0,0.629,67.371,2021
1628383,Justin Patton,38.0,67.0,56.71641791044776,0.614,56.10241791044776,2021
203953,Jabari Parker,16.0,28.0,57.142857142857146,0.6130000000000001,56.529857142857146,2021
1629117,Wenyen Gabriel,19.0,37.0,51.351351351351354,0.59,50.76135135135135,2021
1629743,Donta Hall,19.0,42.0,45.23809523809524,0.641,44.59709523809524,2021
203121,Darius Miller,11.0,22.0,50.0,0.626,49.374,2021
1627885,Shaquille Harrison,32.0,48.0,66.66666666666667,0.618,66.04866666666668,2021
1626188,Quinn Cook,18.0,34.0,52.94117647058823,0.572,52.36917647058823,2021
1629617,Reggie Perry,28.0,41.0,68.29268292682927,0.608,67.68468292682927,2021
1629067,Isaac Bonga,32.0,62.0,51.61290322580645,0.602,51.01090322580645,2021
1628966,Keita Bates-Diop,23.0,42.0,54.76190476190476,0.64,54.12190476190476,2021
1630264,Anthony Gill,12.0,25.0,48.0,0.589,47.411,2021
1629017,Khyri Thomas,12.0,21.0,57.142857142857146,0.605,56.53785714285715,2021
1629010,Jerome Robinson,28.0,42.0,66.66666666666667,0.602,66.06466666666667,2021
1630466,Gabriel Deck,24.0,37.0,64.86486486486487,0.641,64.22386486486486,2021
1628427,Vlatko Čančar,22.0,26.0,84.61538461538461,0.6319999999999999,83.98338461538461,2021
1630221,Josh Hall,31.0,49.0,63.265306122448976,0.588,62.677306122448975,2021
1629657,Kyle Guy,19.0,26.0,73.07692307692308,0.61,72.46692307692308,2021
1630194,Paul Reed,19.0,34.0,55.88235294117647,0.623,55.25935294117647,2021
1629185,Chris Chiozza,18.0,23.0,78.26086956521739,0.575,77.68586956521739,2021
1630235,Trent Forrest,33.0,47.0,70.2127659574468,0.612,69.60076595744681,2021
1630241,Sam Merrill,12.0,21.0,57.142857142857146,0.62,56.52285714285715,2021
1628373,Frank Ntilikina,26.0,40.0,65.0,0.619,64.381,2021
203585,Rodney McGruder,14.0,24.0,58.333333333333336,0.626,57.70733333333334,2021
1629649,Ignas Brazdeikis,25.0,38.0,65.78947368421052,0.599,65.19047368421052,2021
1629644,KZ Okpala,48.0,74.0,64.86486486486487,0.628,64.23686486486487,2021
1628993,Alize Johnson,12.0,18.0,66.66666666666667,0.59,66.07666666666667,2021
1630200,Tre Jones,20.0,29.0,68.96551724137932,0.594,68.37151724137932,2021
1629662,Mfiondu Kabengele,28.0,59.0,47.45762711864407,0.634,46.82362711864407,2021
1630223,Jalen Harris,14.0,21.0,66.66666666666667,0.637,66.02966666666667,2021
1629682,Tremont Waters,13.0,24.0,54.166666666666664,0.593,53.57366666666667,2021
1628411,Wes Iwundu,40.0,68.0,58.8235294117647,0.613,58.2105294117647,2021
1628455,Mike James,22.0,33.0,66.66666666666667,0.607,66.05966666666667,2021
1630182,Josh Green,34.0,45.0,75.55555555555556,0.612,74.94355555555556,2021
202329,Al-Farouq Aminu,27.0,50.0,54.0,0.624,53.376,2021
1628365,Markelle Fultz,16.0,22.0,72.72727272727273,0.603,72.12427272727274,2021
1630210,Markus Howard,23.0,30.0,76.66666666666667,0.627,76.03966666666668,2021
1629671,Miye Oni,28.0,46.0,60.869565217391305,0.624,60.2455652173913,2021
1628436,Luke Kornet,63.0,114.0,55.26315789473684,0.623,54.640157894736845,2021
1628990,Chandler Hutchison,45.0,67.0,67.16417910447761,0.605,66.55917910447761,2021
1628385,Harry Giles III,40.0,66.0,60.60606060606061,0.624,59.98206060606061,2021
1628778,Paul Watson,26.0,43.0,60.46511627906977,0.613,59.85211627906977,2021
1630273,Freddie Gillespie,60.0,101.0,59.40594059405941,0.63,58.775940594059406,2021
203473,Dewayne Dedmon,24.0,36.0,66.66666666666667,0.632,66.03466666666667,2021
1626168,Trey Lyles,36.0,69.0,52.17391304347826,0.601,51.57291304347826,2021
1629658,Jaylen Hoard,32.0,53.0,60.37735849056604,0.602,59.77535849056604,2021
1629109,Gary Clark,64.0,103.0,62.13592233009709,0.616,61.51992233009709,2021
203922,Glenn Robinson III,30.0,47.0,63.829787234042556,0.602,63.22778723404256,2021
1628035,Alfonzo McKinnie,26.0,41.0,63.41463414634146,0.609,62.80563414634146,2021
1629677,Luka Samanic,30.0,69.0,43.47826086956522,0.59,42.888260869565215,2021
1629035,Carsen Edwards,15.0,22.0,68.18181818181819,0.629,67.55281818181818,2021
1630185,Nico Mannion,38.0,49.0,77.55102040816327,0.597,76.95402040816327,2021
1630219,Skylar Mays,17.0,30.0,56.666666666666664,0.589,56.077666666666666,2021
1630233,Nathan Knight,17.0,40.0,42.5,0.618,41.882,2021
1630271,Brodric Thomas,45.0,77.0,58.44155844155844,0.602,57.839558441558445,2021
1629610,DaQuan Jeffries,31.0,48.0,64.58333333333333,0.633,63.950333333333326,2021
202734,E'Twaun Moore,35.0,52.0,67.3076923076923,0.606,66.70169230769231,2021
1630237,Anthony Lamb,59.0,83.0,71.08433734939759,0.611,70.47333734939758,2021
203960,JaKarr Sampson,51.0,94.0,54.255319148936174,0.622,53.633319148936174,2021
1629740,Nicolo Melli,49.0,84.0,58.333333333333336,0.612,57.721333333333334,2021
1630192,Zeke Nnaji,52.0,71.0,73.2394366197183,0.619,72.6204366197183,2021
1627853,Ryan Arcidiacono,28.0,48.0,58.333333333333336,0.59,57.74333333333333,2021
1629713,Justin James,17.0,34.0,50.0,0.601,49.399,2021
1629744,Matt Thomas,37.0,46.0,80.43478260869566,0.626,79.80878260869565,2021
1629599,Amir Coffey,19.0,34.0,55.88235294117647,0.605,55.277352941176474,2021
1628418,Thomas Bryant,34.0,53.0,64.15094339622641,0.63,63.52094339622641,2021
1626143,Jahlil Okafor,48.0,77.0,62.33766233766234,0.623,61.71466233766234,2021
1629750,Javonte Green,39.0,56.0,69.64285714285714,0.59,69.05285714285714,2021
1630198,Isaiah Joe,39.0,56.0,69.64285714285714,0.582,69.06085714285715,2021
1628372,Dennis Smith Jr.,42.0,71.0,59.15492957746479,0.601,58.55392957746479,2021
1626246,Boban Marjanovic,39.0,58.0,67.24137931034483,0.622,66.61937931034483,2021
1629076,Tyler Cook,38.0,63.0,60.317460317460316,0.623,59.69446031746032,2021
1629103,Kelan Martin,30.0,58.0,51.724137931034484,0.605,51.11913793103449,2021
1628991,Jaren Jackson Jr.,42.0,67.0,62.6865671641791,0.607,62.0795671641791,2021
1627846,Abdel Nader,28.0,49.0,57.142857142857146,0.587,56.55585714285714,2021
1629685,Dylan Windler,52.0,89.0,58.42696629213483,0.618,57.808966292134826,2021
1628972,Troy Brown Jr.,47.0,72.0,65.27777777777777,0.612,64.66577777777778,2021
1628995,Kevin Knox II,39.0,53.0,73.58490566037736,0.603,72.98190566037736,2021
1630205,Lamar Stevens,49.0,80.0,61.25,0.608,60.642,2021
203648,Thanasis Antetokounmpo,42.0,73.0,57.534246575342465,0.624,56.91024657534246,2021
1630222,Mason Jones,31.0,51.0,60.78431372549019,0.608,60.176313725490196,2021
1629670,Jordan Nwora,23.0,43.0,53.48837209302326,0.609,52.87937209302326,2021
202340,Avery Bradley,57.0,82.0,69.51219512195122,0.635,68.87719512195122,2021
1630165,Killian Hayes,59.0,99.0,59.5959595959596,0.601,58.9949595959596,2021
1626159,Justise Winslow,44.0,77.0,57.142857142857146,0.619,56.523857142857146,2021
1629633,Jarrett Culver,38.0,62.0,61.29032258064516,0.597,60.69332258064516,2021
1628391,D.J. Wilson,52.0,81.0,64.19753086419753,0.612,63.58553086419753,2021
1627745,Damian Jones,56.0,105.0,53.333333333333336,0.6269999999999999,52.70633333333333,2021
1629723,John Konchar,64.0,108.0,59.25925925925926,0.617,58.64225925925926,2021
204038,Langston Galloway,26.0,46.0,56.52173913043478,0.615,55.90673913043478,2021
200782,P.J. Tucker,110.0,175.0,62.857142857142854,0.619,62.238142857142854,2021
203090,Maurice Harkless,56.0,93.0,60.215053763440864,0.604,59.611053763440864,2021
202335,Patrick Patterson,52.0,83.0,62.65060240963855,0.624,62.02660240963855,2021
1628998,Cody Martin,87.0,140.0,62.142857142857146,0.607,61.53585714285715,2021
204020,Tyler Johnson,55.0,89.0,61.79775280898876,0.609,61.18875280898876,2021
1629651,Nic Claxton,75.0,126.0,59.523809523809526,0.612,58.911809523809524,2021
203118,Mike Scott,74.0,111.0,66.66666666666667,0.61,66.05666666666667,2021
1630174,Aaron Nesmith,51.0,82.0,62.19512195121951,0.616,61.57912195121951,2021
1629139,Yuta Watanabe,82.0,144.0,56.94444444444444,0.604,56.340444444444444,2021
1629642,Nassir Little,68.0,101.0,67.32673267326733,0.617,66.70973267326733,2021
1629717,Armoni Brooks,38.0,59.0,64.40677966101696,0.611,63.79577966101696,2021
1629002,Chimezie Metu,69.0,105.0,65.71428571428571,0.6159999999999999,65.09828571428571,2021
1630168,Onyeka Okongwu,81.0,130.0,62.30769230769231,0.627,61.680692307692304,2021
1629164,Brandon Goodwin,39.0,65.0,60.0,0.596,59.404,2021
1629052,Oshae Brissett,90.0,150.0,60.0,0.609,59.391,2021
1629048,Goga Bitadze,91.0,171.0,53.21637426900585,0.618,52.598374269005845,2021
1627774,Jake Layman,61.0,96.0,63.541666666666664,0.618,62.92366666666666,2021
1629622,Max Strus,45.0,60.0,75.0,0.628,74.372,2021
1628392,Isaiah Hartenstein,75.0,123.0,60.97560975609756,0.637,60.33860975609756,2021
201959,Taj Gibson,108.0,183.0,59.01639344262295,0.632,58.38439344262295,2021
202357,Nemanja Bjelica,71.0,114.0,62.280701754385966,0.625,61.655701754385966,2021
1629216,Gabe Vincent,29.0,60.0,48.333333333333336,0.6330000000000001,47.70033333333333,2021
200765,Rajon Rondo,56.0,83.0,67.46987951807229,0.605,66.86487951807229,2021
1628382,Justin Jackson,55.0,84.0,65.47619047619048,0.615,64.86119047619049,2021
1630230,Naji Marshall,47.0,83.0,56.626506024096386,0.601,56.02550602409639,2021
203918,Rodney Hood,72.0,115.0,62.608695652173914,0.615,61.99369565217391,2021
1628975,Jevon Carter,69.0,95.0,72.63157894736842,0.618,72.01357894736843,2021
203503,Tony Snell,82.0,130.0,63.07692307692308,0.62,62.45692307692308,2021
1626172,Kevon Looney,150.0,249.0,60.24096385542169,0.617,59.62396385542169,2021
1630167,Obi Toppin,45.0,87.0,51.724137931034484,0.632,51.092137931034486,2021
1629680,Matisse Thybulle,120.0,199.0,60.301507537688444,0.604,59.697507537688445,2021
1629011,Mitchell Robinson,88.0,151.0,58.27814569536424,0.63,57.648145695364235,2021
1629162,Jordan McLaughlin,67.0,131.0,51.14503816793893,0.586,50.55903816793893,2021
203476,Gorgui Dieng,82.0,124.0,66.12903225806451,0.642,65.48703225806452,2021
1628400,Semi Ojeleye,61.0,95.0,64.21052631578948,0.626,63.58452631578948,2021
201588,George Hill,41.0,69.0,59.42028985507246,0.604,58.81628985507246,2021
201188,Marc Gasol,165.0,253.0,65.21739130434783,0.622,64.59539130434783,2021
1628997,Caleb Martin,72.0,134.0,53.73134328358209,0.605,53.126343283582095,2021
1626184,Chasson Randle,59.0,95.0,62.10526315789474,0.591,61.51426315789474,2021
1630240,Saben Lee,68.0,107.0,63.55140186915888,0.592,62.95940186915888,2021
1626169,Stanley Johnson,80.0,132.0,60.60606060606061,0.62,59.98606060606061,2021
203490,Otto Porter Jr.,50.0,69.0,72.46376811594203,0.637,71.82676811594203,2021
203487,Michael Carter-Williams,60.0,102.0,58.8235294117647,0.618,58.2055294117647,2021
1628470,Torrey Craig,65.0,109.0,59.63302752293578,0.617,59.01602752293578,2021
2738,Andre Iguodala,99.0,155.0,63.87096774193548,0.629,63.24196774193548,2021
1628021,David Nwaba,65.0,118.0,55.08474576271186,0.612,54.47274576271186,2021
201976,Patrick Beverley,70.0,112.0,62.5,0.622,61.878,2021
202083,Wesley Matthews,71.0,119.0,59.66386554621849,0.622,59.04186554621849,2021
1626161,Willie Cauley-Stein,105.0,183.0,57.377049180327866,0.617,56.76004918032787,2021
2772,Trevor Ariza,71.0,108.0,65.74074074074075,0.614,65.12674074074074,2021
203085,Austin Rivers,49.0,75.0,65.33333333333333,0.592,64.74133333333333,2021
1629635,Sekou Doumbouya,78.0,125.0,62.4,0.616,61.784,2021
1629629,Cam Reddish,84.0,111.0,75.67567567567568,0.614,75.06167567567567,2021
202355,Hassan Whiteside,71.0,122.0,58.19672131147541,0.625,57.57172131147541,2021
1627761,DeAndre' Bembry,63.0,113.0,55.75221238938053,0.605,55.147212389380535,2021
1629684,Grant Williams,96.0,167.0,57.48502994011976,0.614,56.87102994011976,2021
202397,Ish Smith,59.0,95.0,62.10526315789474,0.617,61.48826315789474,2021
1628396,Tony Bradley,89.0,167.0,53.293413173652695,0.629,52.6644131736527,2021
1629308,Juan Toscano-Anderson,131.0,210.0,62.38095238095238,0.617,61.76395238095238,2021
1630173,Precious Achiuwa,97.0,174.0,55.747126436781606,0.625,55.122126436781606,2021
201567,Kevin Love,71.0,108.0,65.74074074074075,0.626,65.11474074074074,2021
1628422,Damyean Dotson,56.0,113.0,49.557522123893804,0.6130000000000001,48.944522123893805,2021
1626163,Frank Kaminsky,91.0,150.0,60.666666666666664,0.633,60.03366666666666,2021
1629021,Moritz Wagner,95.0,162.0,58.641975308641975,0.62,58.02197530864198,2021
1629234,Drew Eubanks,106.0,206.0,51.45631067961165,0.623,50.83331067961165,2021
1627863,Danuel House Jr.,61.0,112.0,54.464285714285715,0.609,53.85528571428571,2021
1629006,Josh Okogie,126.0,196.0,64.28571428571429,0.627,63.65871428571429,2021
203524,Solomon Hill,151.0,242.0,62.396694214876035,0.621,61.77569421487603,2021
203382,Aron Baynes,112.0,191.0,58.638743455497384,0.635,58.003743455497386,2021
203457,Nerlens Noel,222.0,393.0,56.48854961832061,0.626,55.862549618320614,2021
200755,JJ Redick,55.0,75.0,73.33333333333333,0.615,72.71833333333333,2021
1626204,Larry Nance Jr.,90.0,156.0,57.69230769230769,0.637,57.05530769230769,2021
202687,Bismack Biyombo,142.0,264.0,53.78787878787879,0.621,53.16687878787879,2021
202954,Brad Wanamaker,102.0,158.0,64.55696202531645,0.601,63.95596202531645,2021
201580,JaVale McGee,66.0,144.0,45.833333333333336,0.61,45.223333333333336,2021
1628539,Mychal Mulder,63.0,104.0,60.57692307692308,0.604,59.97292307692308,2021
203488,Mike Muscala,92.0,156.0,58.97435897435897,0.629,58.34535897435897,2021
1630170,Devin Vassell,97.0,165.0,58.78787878787879,0.608,58.17987878787879,2021
203939,Dwight Powell,112.0,186.0,60.215053763440864,0.623,59.592053763440866,2021
1630166,Deni Avdija,128.0,229.0,55.89519650655022,0.619,55.27619650655022,2021
1630184,Kira Lewis Jr.,58.0,86.0,67.44186046511628,0.583,66.85886046511628,2021
1629631,De'Andre Hunter,48.0,98.0,48.97959183673469,0.62,48.359591836734694,2021
1629020,Jarred Vanderbilt,159.0,276.0,57.608695652173914,0.631,56.977695652173914,2021
203516,James Ennis III,60.0,105.0,57.142857142857146,0.618,56.524857142857144,2021
1629667,Jalen McDaniels,101.0,162.0,62.34567901234568,0.604,61.74167901234568,2021
1629643,Chuma Okeke,112.0,184.0,60.869565217391305,0.624,60.2455652173913,2021
200746,LaMarcus Aldridge,79.0,144.0,54.861111111111114,0.618,54.24311111111111,2021
1629660,Ty Jerome,59.0,83.0,71.08433734939759,0.603,70.48133734939759,2021
1630201,Malachi Flynn,85.0,135.0,62.96296296296296,0.616,62.34696296296296,2021
1628467,Maxi Kleber,140.0,236.0,59.32203389830509,0.621,58.701033898305084,2021
1630181,R.J. Hampton,78.0,125.0,62.4,0.608,61.792,2021
1629726,Garrison Mathews,92.0,133.0,69.17293233082707,0.616,68.55693233082707,2021
203087,Jeremy Lamb,92.0,155.0,59.354838709677416,0.618,58.736838709677414,2021
1626195,Willy Hernangomez,136.0,204.0,66.66666666666667,0.629,66.03766666666667,2021
202326,DeMarcus Cousins,93.0,149.0,62.41610738255034,0.622,61.79410738255034,2021
1628964,Mo Bamba,99.0,165.0,60.0,0.63,59.37,2021
1630197,Aleksej Pokusevski,132.0,222.0,59.45945945945946,0.611,58.84845945945946,2021
201949,James Johnson,88.0,143.0,61.53846153846154,0.616,60.92246153846154,2021
202324,Derrick Favors,188.0,305.0,61.63934426229508,0.635,61.004344262295085,2021
1629650,Moses Brown,136.0,230.0,59.130434782608695,0.622,58.508434782608695,2021
1627789,Timothe Luwawu-Cabarrot,86.0,120.0,71.66666666666667,0.623,71.04366666666667,2021
1627936,Alex Caruso,88.0,160.0,55.0,0.594,54.406,2021
201952,Jeff Teague,82.0,144.0,56.94444444444444,0.612,56.33244444444444,2021
1627814,Damion Lee,107.0,188.0,56.91489361702128,0.618,56.296893617021276,2021
1627823,Juancho Hernangomez,83.0,130.0,63.84615384615385,0.627,63.219153846153844,2021
1629731,Dean Wade,133.0,219.0,60.730593607305934,0.614,60.11659360730594,2021
1629669,Jaylen Nowell,55.0,102.0,53.92156862745098,0.616,53.30556862745098,2021
1629655,Daniel Gafford,130.0,243.0,53.49794238683128,0.631,52.866942386831276,2021
1629672,Eric Paschall,65.0,117.0,55.55555555555556,0.617,54.93855555555556,2021
1628408,PJ Dozier,76.0,123.0,61.78861788617886,0.609,61.17961788617886,2021
203914,Gary Harris,65.0,97.0,67.01030927835052,0.619,66.39130927835052,2021
1627752,Taurean Prince,84.0,133.0,63.1578947368421,0.629,62.528894736842105,2021
1628402,Frank Jackson,43.0,80.0,53.75,0.593,53.157,2021
1630214,Xavier Tillman,154.0,262.0,58.778625954198475,0.63,58.14862595419847,2021
1627884,Derrick Jones Jr.,113.0,186.0,60.75268817204301,0.618,60.134688172043006,2021
1630267,Facundo Campazzo,118.0,182.0,64.83516483516483,0.607,64.22816483516483,2021
201143,Al Horford,85.0,131.0,64.8854961832061,0.634,64.2514961832061,2021
1628410,Edmond Sumner,72.0,109.0,66.05504587155963,0.618,65.43704587155963,2021
203463,Ben McLemore,73.0,112.0,65.17857142857143,0.614,64.56457142857143,2021
1627756,Denzel Valentine,78.0,122.0,63.9344262295082,0.616,63.3184262295082,2021
202693,Markieff Morris,111.0,167.0,66.46706586826348,0.621,65.84606586826348,2021
202684,Tristan Thompson,125.0,227.0,55.06607929515418,0.627,54.43907929515418,2021
203504,Trey Burke,44.0,79.0,55.69620253164557,0.546,55.15020253164557,2021
1628425,Sterling Brown,160.0,233.0,68.6695278969957,0.605,68.0645278969957,2021
1629057,Robert Williams III,102.0,169.0,60.35502958579882,0.621,59.734029585798815,2021
1630231,KJ Martin,71.0,140.0,50.714285714285715,0.626,50.08828571428572,2021
203458,Alex Len,145.0,257.0,56.42023346303502,0.634,55.78623346303502,2021
202066,Garrett Temple,138.0,227.0,60.79295154185022,0.604,60.18895154185022,2021
203994,Jusuf Nurkić,118.0,191.0,61.78010471204188,0.637,61.14310471204188,2021
201599,DeAndre Jordan,141.0,224.0,62.94642857142857,0.635,62.31142857142857,2021
1630183,Jaden McDaniels,149.0,276.0,53.98550724637681,0.615,53.37050724637681,2021
1629645,Kevin Porter Jr.,82.0,132.0,62.121212121212125,0.63,61.49121212121212,2021
1628404,Josh Hart,132.0,193.0,68.39378238341969,0.625,67.76878238341969,2021
203967,Dario Šarić,111.0,179.0,62.01117318435754,0.621,61.390173184357536,2021
201571,D.J. Augustin,71.0,104.0,68.26923076923077,0.606,67.66323076923078,2021
203500,Steven Adams,176.0,277.0,63.537906137184116,0.643,62.894906137184115,2021
201961,Wayne Ellington,62.0,105.0,59.04761904761905,0.605,58.442619047619054,2021
1626145,Tyus Jones,92.0,144.0,63.888888888888886,0.605,63.28388888888889,2021
203110,Draymond Green,161.0,321.0,50.15576323987539,0.629,49.52676323987539,2021
203107,Tomas Satoransky,100.0,166.0,60.24096385542169,0.608,59.63296385542169,2021
1630164,James Wiseman,132.0,207.0,63.768115942028984,0.625,63.143115942028984,2021
1629637,Jaxson Hayes,97.0,167.0,58.08383233532934,0.622,57.46183233532934,2021
203469,Cody Zeller,148.0,248.0,59.67741935483871,0.619,59.05841935483871,2021
201586,Serge Ibaka,142.0,238.0,59.66386554621849,0.627,59.036865546218486,2021
1626192,Pat Connaughton,125.0,205.0,60.97560975609756,0.615,60.36060975609756,2021
203210,JaMychal Green,85.0,133.0,63.909774436090224,0.62,63.28977443609023,2021
1629001,De'Anthony Melton,103.0,165.0,62.42424242424242,0.621,61.80324242424242,2021
1629611,Terance Mann,133.0,207.0,64.2512077294686,0.619,63.632207729468604,2021
1628988,Aaron Holiday,101.0,185.0,54.5945945945946,0.597,53.997594594594595,2021
201569,Eric Gordon,39.0,59.0,66.10169491525424,0.6179999999999999,65.48369491525425,2021
1628420,Monté Morris,87.0,146.0,59.58904109589041,0.618,58.971041095890406,2021
203145,Kent Bazemore,127.0,250.0,50.8,0.607,50.193,2021
2730,Dwight Howard,141.0,242.0,58.264462809917354,0.626,57.63846280991736,2021
203920,Khem Birch,180.0,311.0,57.87781350482315,0.611,57.266813504823155,2021
1630178,Tyrese Maxey,64.0,96.0,66.66666666666667,0.598,66.06866666666667,2021
1628370,Malik Monk,68.0,95.0,71.57894736842105,0.614,70.96494736842105,2021
1626220,Royce O'Neale,237.0,370.0,64.05405405405405,0.621,63.43305405405405,2021
1627777,Georges Niang,64.0,116.0,55.172413793103445,0.6079999999999999,54.56441379310345,2021
1627788,Furkan Korkmaz,74.0,109.0,67.88990825688073,0.626,67.26390825688073,2021
1629014,Anfernee Simons,87.0,135.0,64.44444444444444,0.612,63.83244444444444,2021
200794,Paul Millsap,121.0,196.0,61.734693877551024,0.627,61.10769387755102,2021
1626166,Cameron Payne,74.0,119.0,62.18487394957983,0.614,61.570873949579834,2021
201933,Blake Griffin,116.0,183.0,63.387978142076506,0.639,62.7489781420765,2021
1629638,Nickeil Alexander-Walker,88.0,136.0,64.70588235294117,0.617,64.08888235294117,2021
1630202,Payton Pritchard,112.0,162.0,69.1358024691358,0.602,68.5338024691358,2021
202709,Cory Joseph,133.0,219.0,60.730593607305934,0.606,60.12459360730593,2021
1628379,Luke Kennard,107.0,162.0,66.04938271604938,0.607,65.44238271604938,2021
1629026,Kenrich Williams,113.0,169.0,66.86390532544378,0.614,66.24990532544378,2021
1628960,Grayson Allen,92.0,148.0,62.16216216216216,0.611,61.551162162162164,2021
1629056,Terence Davis,91.0,141.0,64.53900709219859,0.615,63.924007092198586,2021
1629676,Isaiah Roby,197.0,299.0,65.88628762541806,0.638,65.24828762541806,2021
1630191,Isaiah Stewart,204.0,388.0,52.577319587628864,0.616,51.961319587628864,2021
201587,Nicolas Batum,180.0,299.0,60.20066889632107,0.62,59.58066889632107,2021
1628401,Derrick White,98.0,189.0,51.851851851851855,0.608,51.24385185185186,2021
203526,Raul Neto,118.0,200.0,59.0,0.605,58.395,2021
1629004,Svi Mykhailiuk,112.0,167.0,67.06586826347305,0.616,66.44986826347305,2021
1629013,Landry Shamet,129.0,204.0,63.23529411764706,0.608,62.62729411764706,2021
1629661,Cameron Johnson,111.0,176.0,63.06818181818182,0.616,62.45218181818182,2021
1628971,Bruce Brown,126.0,208.0,60.57692307692308,0.6180000000000001,59.95892307692308,2021
203486,Mason Plumlee,259.0,406.0,63.793103448275865,0.638,63.15510344827587,2021
201937,Ricky Rubio,136.0,214.0,63.55140186915888,0.6149999999999999,62.93640186915888,2021
1629659,Talen Horton-Tucker,113.0,190.0,59.473684210526315,0.608,58.86568421052632,2021
1627827,Dorian Finney-Smith,118.0,226.0,52.21238938053097,0.617,51.595389380530975,2021
1626167,Myles Turner,206.0,412.0,50.0,0.624,49.376,2021
1627751,Jakob Poeltl,282.0,534.0,52.80898876404494,0.625,52.18398876404494,2021
203496,Robert Covington,270.0,432.0,62.5,0.622,61.878,2021
204456,T.J. McConnell,152.0,234.0,64.95726495726495,0.599,64.35826495726495,2021
203109,Jae Crowder,132.0,229.0,57.64192139737991,0.616,57.02592139737991,2021
1628977,Hamidou Diallo,100.0,164.0,60.97560975609756,0.61,60.36560975609756,2021
1630175,Cole Anthony,110.0,180.0,61.111111111111114,0.597,60.51411111111111,2021
1628976,Wendell Carter Jr.,161.0,314.0,51.27388535031847,0.631,50.64288535031847,2021
1628963,Marvin Bagley III,137.0,206.0,66.50485436893204,0.618,65.88685436893205,2021
1629634,Brandon Clarke,124.0,232.0,53.44827586206897,0.628,52.82027586206897,2021
1629673,Jordan Poole,60.0,96.0,62.5,0.602,61.898,2021
1626224,Cedi Osman,88.0,142.0,61.971830985915496,0.602,61.3698309859155,2021
203932,Aaron Gordon,111.0,180.0,61.666666666666664,0.627,61.03966666666666,2021
202692,Alec Burks,70.0,139.0,50.35971223021583,0.603,49.756712230215825,2021
1630217,Desmond Bane,64.0,121.0,52.892561983471076,0.614,52.27856198347108,2021
203935,Marcus Smart,83.0,140.0,59.285714285714285,0.613,58.672714285714285,2021
1628464,Daniel Theis,211.0,374.0,56.41711229946524,0.626,55.79111229946524,2021
203901,Elfrid Payton,129.0,218.0,59.174311926605505,0.6079999999999999,58.56631192660551,2021
201577,Robin Lopez,183.0,345.0,53.04347826086956,0.624,52.41947826086956,2021
1626153,Delon Wright,167.0,264.0,63.25757575757576,0.617,62.64057575757576,2021
1630171,Isaac Okoro,204.0,309.0,66.01941747572816,0.615,65.40441747572817,2021
1627826,Ivica Zubac,188.0,350.0,53.714285714285715,0.639,53.07528571428571,2021
203506,Victor Oladipo,93.0,153.0,60.78431372549019,0.603,60.18131372549019,2021
203484,Kentavious Caldwell-Pope,136.0,217.0,62.672811059907836,0.609,62.063811059907835,2021
201980,Danny Green,190.0,332.0,57.2289156626506,0.616,56.6129156626506,2021
202722,Dāvis Bertāns,100.0,192.0,52.083333333333336,0.597,51.486333333333334,2021
1630172,Patrick Williams,178.0,299.0,59.531772575250834,0.627,58.90477257525083,2021
1630177,Theo Maledon,136.0,217.0,62.672811059907836,0.6060000000000001,62.066811059907835,2021
1629022,Lonnie Walker IV,122.0,204.0,59.80392156862745,0.611,59.192921568627455,2021
201609,Goran Dragic,90.0,145.0,62.06896551724138,0.598,61.47096551724138,2021
201568,Danilo Gallinari,135.0,213.0,63.38028169014085,0.619,62.76128169014085,2021
1628384,OG Anunoby,83.0,163.0,50.920245398773005,0.634,50.286245398773005,2021
203083,Andre Drummond,168.0,275.0,61.09090909090909,0.635,60.455909090909095,2021
1628978,Donte DiVincenzo,161.0,274.0,58.75912408759124,0.616,58.14312408759124,2021
1628374,Lauri Markkanen,149.0,247.0,60.32388663967611,0.616,59.70788663967611,2021
1627854,Bryn Forbes,91.0,137.0,66.42335766423358,0.613,65.81035766423358,2021
203493,Reggie Bullock Jr.,177.0,274.0,64.5985401459854,0.615,63.983540145985394,2021
203552,Seth Curry,109.0,161.0,67.70186335403727,0.6,67.10186335403728,2021
203115,Will Barton,128.0,204.0,62.745098039215684,0.622,62.123098039215684,2021
202704,Reggie Jackson,119.0,208.0,57.21153846153846,0.602,56.60953846153846,2021
1626196,Josh Richardson,115.0,184.0,62.5,0.604,61.896,2021
200752,Rudy Gay,116.0,202.0,57.42574257425743,0.624,56.801742574257425,2021
203082,Terrence Ross,94.0,160.0,58.75,0.616,58.134,2021
203095,Evan Fournier,126.0,207.0,60.869565217391305,0.612,60.2575652173913,2021
203992,Bogdan Bogdanović,109.0,185.0,58.91891891891892,0.605,58.31391891891892,2021
1627736,Malik Beasley,87.0,140.0,62.142857142857146,0.609,61.533857142857144,2021
1629652,Luguentz Dort,133.0,201.0,66.16915422885572,0.615,65.55415422885572,2021
1630193,Immanuel Quickley,74.0,131.0,56.48854961832061,0.612,55.87654961832061,2021
201565,Derrick Rose,100.0,177.0,56.49717514124294,0.606,55.89117514124294,2021
201988,Patty Mills,102.0,154.0,66.23376623376623,0.615,65.61876623376624,2021
101150,Lou Williams,79.0,125.0,63.2,0.611,62.589000000000006,2021
201145,Jeff Green,174.0,265.0,65.66037735849056,0.628,65.03237735849056,2021
1630169,Tyrese Haliburton,173.0,248.0,69.75806451612904,0.613,69.14506451612904,2021
1626171,Bobby Portis,149.0,272.0,54.779411764705884,0.626,54.153411764705886,2021
1629647,Darius Bazley,186.0,306.0,60.78431372549019,0.626,60.158313725490196,2021
203200,Justin Holiday,216.0,389.0,55.526992287917736,0.619,54.907992287917736,2021
202694,Marcus Morris Sr.,101.0,165.0,61.21212121212121,0.622,60.59012121212121,2021
1629675,Naz Reid,197.0,357.0,55.182072829131656,0.627,54.55507282913165,2021
203076,Anthony Davis,119.0,196.0,60.714285714285715,0.621,60.09328571428571,2021
1628407,Dwayne Bacon,153.0,242.0,63.22314049586777,0.613,62.61014049586777,2021
1629060,Rui Hachimura,136.0,237.0,57.38396624472574,0.627,56.75696624472574,2021
200768,Kyle Lowry,143.0,228.0,62.719298245614034,0.607,62.112298245614035,2021
1630256,Jae'Sean Tate,178.0,270.0,65.92592592592592,0.613,65.31292592592592,2021
1626156,D'Angelo Russell,118.0,179.0,65.92178770949721,0.607,65.31478770949721,2021
1628366,Lonzo Ball,131.0,207.0,63.28502415458937,0.599,62.686024154589376,2021
1630163,LaMelo Ball,117.0,194.0,60.30927835051546,0.605,59.704278350515466,2021
202683,Enes Freedom,279.0,453.0,61.58940397350993,0.631,60.95840397350993,2021
1628386,Jarrett Allen,249.0,466.0,53.433476394849784,0.627,52.80647639484978,2021
204060,Joe Ingles,105.0,156.0,67.3076923076923,0.617,66.6906923076923,2021
1629639,Tyler Herro,125.0,214.0,58.41121495327103,0.5990000000000001,57.81221495327103,2021
1629134,Kendrick Nunn,137.0,226.0,60.61946902654867,0.605,60.014469026548674,2021
1628984,Devonte' Graham,149.0,228.0,65.35087719298245,0.611,64.73987719298245,2021
1629003,Shake Milton,99.0,166.0,59.63855421686747,0.605,59.03355421686747,2021
1628449,Chris Boucher,204.0,349.0,58.45272206303725,0.623,57.82972206303725,2021
1628989,Kevin Huerter,177.0,293.0,60.40955631399317,0.603,59.80655631399317,2021
202322,John Wall,109.0,179.0,60.89385474860335,0.608,60.285854748603356,2021
201152,Thaddeus Young,193.0,307.0,62.86644951140065,0.617,62.249449511400655,2021
1629023,P.J. Washington,262.0,431.0,60.78886310904873,0.619,60.16986310904873,2021
201144,Mike Conley,93.0,174.0,53.44827586206897,0.602,52.84627586206897,2021
1628367,Josh Jackson,171.0,274.0,62.40875912408759,0.599,61.80975912408759,2021
202689,Kemba Walker,137.0,208.0,65.86538461538461,0.62,65.24538461538461,2021
1627732,Ben Simmons,145.0,248.0,58.46774193548387,0.616,57.85174193548387,2021
1628983,Shai Gilgeous-Alexander,107.0,180.0,59.44444444444444,0.615,58.82944444444444,2021
1628970,Miles Bridges,189.0,321.0,58.87850467289719,0.62,58.258504672897196,2021
1626162,Kelly Oubre Jr.,153.0,286.0,53.49650349650349,0.619,52.87750349650349,2021
203937,Kyle Anderson,153.0,270.0,56.666666666666664,0.62,56.04666666666667,2021
1628973,Jalen Brunson,98.0,161.0,60.869565217391305,0.597,60.2725652173913,2021
1630180,Saddiq Bey,137.0,227.0,60.352422907488986,0.6130000000000001,59.739422907488986,2021
201572,Brook Lopez,240.0,473.0,50.7399577167019,0.624,50.1159577167019,2021
1626174,Christian Wood,144.0,271.0,53.13653136531365,0.623,52.51353136531365,2021
202330,Gordon Hayward,98.0,165.0,59.39393939393939,0.626,58.76793939393939,2021
204001,Kristaps Porziņģis,183.0,322.0,56.83229813664596,0.625,56.20729813664596,2021
1626158,Richaun Holmes,229.0,414.0,55.31400966183575,0.628,54.68600966183575,2021
202339,Eric Bledsoe,168.0,263.0,63.87832699619772,0.609,63.26932699619772,2021
1628398,Kyle Kuzma,138.0,220.0,62.72727272727273,0.621,62.106272727272724,2021
1629640,Keldon Johnson,211.0,340.0,62.05882352941177,0.627,61.431823529411766,2021
1629018,Gary Trent Jr.,101.0,159.0,63.522012578616355,0.606,62.91601257861635,2021
203926,Doug McDermott,137.0,232.0,59.05172413793103,0.621,58.43072413793103,2021
2546,Carmelo Anthony,112.0,164.0,68.29268292682927,0.63,67.66268292682928,2021
1626149,Montrezl Harrell,165.0,278.0,59.35251798561151,0.625,58.72751798561151,2021
203084,Harrison Barnes,143.0,245.0,58.36734693877551,0.63,57.73734693877551,2021
1629636,Darius Garland,142.0,228.0,62.280701754385966,0.599,61.68170175438597,2021
203471,Dennis Schröder,206.0,292.0,70.54794520547945,0.613,69.93494520547945,2021
1629130,Duncan Robinson,194.0,299.0,64.88294314381271,0.612,64.27094314381272,2021
201142,Kevin Durant,75.0,140.0,53.57142857142857,0.623,52.94842857142857,2021
203482,Kelly Olynyk,259.0,413.0,62.71186440677966,0.624,62.08786440677966,2021
1627747,Caris LeVert,157.0,248.0,63.306451612903224,0.612,62.69445161290322,2021
203991,Clint Capela,226.0,427.0,52.92740046838407,0.625,52.30240046838407,2021
1628969,Mikal Bridges,236.0,380.0,62.10526315789474,0.626,61.47926315789474,2021
203925,Joe Harris,149.0,256.0,58.203125,0.617,57.586125,2021
1629028,Deandre Ayton,233.0,416.0,56.00961538461539,0.627,55.382615384615384,2021
203497,Rudy Gobert,291.0,590.0,49.32203389830509,0.63,48.692033898305084,2021
1627750,Jamal Murray,127.0,192.0,66.14583333333333,0.62,65.52583333333332,2021
1627832,Fred VanVleet,154.0,262.0,58.778625954198475,0.609,58.16962595419847,2021
1629632,Coby White,185.0,288.0,64.23611111111111,0.604,63.632111111111115,2021
201950,Jrue Holiday,120.0,236.0,50.847457627118644,0.625,50.222457627118644,2021
1627749,Dejounte Murray,236.0,365.0,64.65753424657534,0.618,64.03953424657534,2021
202685,Jonas Valančiūnas,240.0,410.0,58.53658536585366,0.6260000000000001,57.91058536585366,2021
201935,James Harden,113.0,179.0,63.12849162011173,0.626,62.50249162011173,2021
203468,CJ McCollum,115.0,184.0,62.5,0.606,61.894,2021
1628381,John Collins,213.0,344.0,61.91860465116279,0.623,61.29560465116279,2021
202710,Jimmy Butler III,119.0,189.0,62.96296296296296,0.61,62.35296296296296,2021
2544,LeBron James,84.0,157.0,53.503184713375795,0.612,52.89118471337579,2021
101108,Chris Paul,167.0,248.0,67.33870967741936,0.612,66.72670967741936,2021
1628415,Dillon Brooks,169.0,288.0,58.68055555555556,0.612,58.068555555555555,2021
1629008,Michael Porter Jr.,178.0,308.0,57.79220779220779,0.62,57.17220779220779,2021
203501,Tim Hardaway Jr.,125.0,198.0,63.13131313131313,0.608,62.52331313131313,2021
1627741,Buddy Hield,256.0,412.0,62.13592233009709,0.612,61.523922330097086,2021
1627763,Malcolm Brogdon,183.0,289.0,63.32179930795848,0.621,62.70079930795848,2021
1627783,Pascal Siakam,203.0,318.0,63.83647798742138,0.629,63.207477987421385,2021
1628389,Bam Adebayo,165.0,286.0,57.69230769230769,0.623,57.069307692307696,2021
1629630,Ja Morant,174.0,274.0,63.503649635036496,0.617,62.8866496350365,2021
203924,Jerami Grant,135.0,213.0,63.38028169014085,0.629,62.75128169014085,2021
202699,Tobias Harris,183.0,295.0,62.03389830508475,0.614,61.41989830508475,2021
202711,Bojan Bogdanovic,135.0,241.0,56.016597510373444,0.618,55.39859751037344,2021
1626157,Karl-Anthony Towns,206.0,333.0,61.86186186186186,0.639,61.22286186186186,2021
203903,Jordan Clarkson,121.0,194.0,62.371134020618555,0.608,61.76313402061856,2021
202331,Paul George,150.0,242.0,61.98347107438016,0.617,61.366471074380165,2021
1627734,Domantas Sabonis,296.0,528.0,56.06060606060606,0.625,55.43560606060606,2021
1629628,RJ Barrett,188.0,328.0,57.31707317073171,0.619,56.69807317073171,2021
1626181,Norman Powell,133.0,215.0,61.86046511627907,0.615,61.24546511627907,2021
202695,Kawhi Leonard,141.0,217.0,64.97695852534562,0.6239999999999999,64.35295852534563,2021
201942,DeMar DeRozan,134.0,206.0,65.04854368932038,0.615,64.43354368932039,2021
203952,Andrew Wiggins,209.0,376.0,55.58510638297872,0.616,54.96910638297872,2021
203114,Khris Middleton,169.0,267.0,63.29588014981273,0.624,62.67188014981273,2021
1630162,Anthony Edwards,180.0,298.0,60.40268456375839,0.609,59.79368456375839,2021
1628378,Donovan Mitchell,119.0,182.0,65.38461538461539,0.617,64.76761538461538,2021
1626179,Terry Rozier,209.0,324.0,64.50617283950618,0.604,63.90217283950618,2021
1627759,Jaylen Brown,148.0,253.0,58.49802371541502,0.616,57.88202371541502,2021
201566,Russell Westbrook,157.0,273.0,57.50915750915751,0.613,56.89615750915751,2021
1627742,Brandon Ingram,144.0,236.0,61.016949152542374,0.617,60.399949152542376,2021
203954,Joel Embiid,236.0,414.0,57.00483091787439,0.6230000000000001,56.381830917874396,2021
202681,Kyrie Irving,150.0,237.0,63.29113924050633,0.619,62.67213924050633,2021
1629012,Collin Sexton,153.0,240.0,63.75,0.61,63.14,2021
1628368,De'Aaron Fox,191.0,303.0,63.03630363036304,0.609,62.427303630363035,2021
203897,Zach LaVine,151.0,262.0,57.63358778625954,0.613,57.02058778625954,2021
1629027,Trae Young,165.0,256.0,64.453125,0.594,63.859125,2021
202696,Nikola Vučević,289.0,472.0,61.228813559322035,0.634,60.594813559322034,2021
1629627,Zion Williamson,166.0,282.0,58.86524822695036,0.624,58.241248226950354,2021
1628369,Jayson Tatum,159.0,253.0,62.84584980237154,0.618,62.22784980237154,2021
1626164,Devin Booker,198.0,313.0,63.25878594249201,0.623,62.635785942492014,2021
203944,Julius Randle,226.0,400.0,56.5,0.63,55.87,2021
203507,Giannis Antetokounmpo,116.0,223.0,52.01793721973094,0.631,51.38693721973094,2021
1629029,Luka Dončić,195.0,329.0,59.27051671732523,0.614,58.65651671732523,2021
203078,Bradley Beal,142.0,227.0,62.55506607929515,0.618,61.93706607929515,2021
203999,Nikola Jokić,335.0,547.0,61.24314442413163,0.629,60.61414442413163,2021
203081,Damian Lillard,157.0,242.0,64.87603305785125,0.611,64.26503305785124,2021
201939,Stephen Curry,115.0,186.0,61.82795698924731,0.604,61.22395698924731,2021
1630237,Anthony Lamb,1.0,2.0,50.0,0.687,49.313,2022
1629083,Arnoldas Kulboka,1.0,1.0,100.0,0.75,99.25,2022
1627760,Cat Barber,1.0,1.0,100.0,0.618,99.382,2022
1629610,DaQuan Jeffries,1.0,1.0,100.0,0.514,99.486,2022
1629751,Dakota Mathias,3.0,3.0,100.0,0.526,99.474,2022
1629150,Emanuel Terry,2.0,3.0,66.66666666666667,0.665,66.00166666666667,2022
1630605,JaQuori McLaughlin,2.0,3.0,66.66666666666667,0.623,66.04366666666667,2022
1629602,Javin DeLaurier,1.0,1.0,100.0,0.723,99.277,2022
1630643,Jay Huff,1.0,5.0,20.0,0.554,19.446,2022
1630257,Jon Teske,1.0,1.0,100.0,0.613,99.387,2022
1628395,Jordan Bell,2.0,2.0,100.0,0.639,99.361,2022
1626155,Sam Dekker,0.0,1.0,0.0,0.528,-0.528,2022
1629309,Trayvon Palmer,2.0,2.0,100.0,0.572,99.428,2022
1628994,George King,4.0,5.0,80.0,0.76,79.24,2022
1630575,Scottie Lewis,1.0,1.0,100.0,0.697,99.303,2022
1630565,Aaron Henry,1.0,5.0,20.0,0.44699999999999995,19.553,2022
1630531,Jaden Springer,1.0,3.0,33.333333333333336,0.19099999999999998,33.14233333333333,2022
1629600,Jarron Cumberland,0.0,2.0,0.0,0.598,-0.598,2022
1628537,Jaylen Morris,1.0,1.0,100.0,0.543,99.457,2022
1629686,Deividas Sirvydis,3.0,5.0,60.0,0.656,59.344,2022
1626144,Emmanuel Mudiay,1.0,2.0,50.0,0.557,49.443,2022
1630306,Rob Edwards,1.0,3.0,33.333333333333336,0.167,33.166333333333334,2022
1630637,Carlik Jones,0.0,1.0,0.0,0.592,-0.592,2022
1628990,Chandler Hutchison,2.0,2.0,100.0,0.603,99.397,2022
1628422,Damyean Dotson,0.0,1.0,0.0,0.532,-0.532,2022
201954,Darren Collison,1.0,2.0,50.0,0.644,49.356,2022
1629203,Jemerrio Jones,1.0,2.0,50.0,0.697,49.303,2022
203816,Scotty Hopson,0.0,1.0,0.0,0.502,-0.502,2022
1627885,Shaquille Harrison,3.0,4.0,75.0,0.619,74.381,2022
1630648,Jordan Schakel,0.0,1.0,0.0,0.556,-0.556,2022
1629752,Juwan Morgan,3.0,4.0,75.0,0.625,74.375,2022
1630593,McKinley Wright IV,2.0,2.0,100.0,0.541,99.459,2022
1629671,Miye Oni,3.0,5.0,60.0,0.59,59.41,2022
1630589,Moses Wright,2.0,2.0,100.0,0.646,99.354,2022
1627782,Wayne Selden,2.0,2.0,100.0,0.635,99.365,2022
1630270,Xavier Sneed,2.0,3.0,66.66666666666667,0.694,65.97266666666667,2022
203658,Norvel Pelle,4.0,4.0,100.0,0.61,99.39,2022
1630286,Trevon Scott,1.0,2.0,50.0,0.693,49.307,2022
1630647,Eugene Omoruyi,1.0,1.0,100.0,0.589,99.411,2022
1628382,Justin Jackson,2.0,4.0,50.0,0.602,49.398,2022
1630218,Robert Woodard II,5.0,10.0,50.0,0.603,49.397,2022
1630536,Sharife Cooper,5.0,5.0,100.0,0.61,99.39,2022
203524,Solomon Hill,19.0,28.0,67.85714285714286,0.644,67.21314285714286,2022
1630644,Mac McClung,5.0,6.0,83.33333333333333,0.638,82.69533333333332,2022
1630187,Daniel Oturu,1.0,4.0,25.0,0.676,24.324,2022
1629682,Tremont Waters,2.0,3.0,66.66666666666667,0.727,65.93966666666667,2022
1627767,Cheick Diallo,5.0,5.0,100.0,0.617,99.383,2022
1629067,Isaac Bonga,10.0,19.0,52.63157894736842,0.587,52.044578947368414,2022
1630695,Micah Potter,4.0,6.0,66.66666666666667,0.6709999999999999,65.99566666666666,2022
1629605,Tacko Fall,3.0,7.0,42.857142857142854,0.683,42.174142857142854,2022
1630585,Marcus Garrett,8.0,12.0,66.66666666666667,0.541,66.12566666666667,2022
1630994,Gabriel Lundberg,4.0,5.0,80.0,0.654,79.346,2022
1629619,Myles Powell,1.0,6.0,16.666666666666668,0.258,16.40866666666667,2022
1630582,Yves Pons,5.0,12.0,41.666666666666664,0.618,41.04866666666666,2022
204038,Langston Galloway,6.0,11.0,54.54545454545455,0.605,53.94045454545455,2022
1630758,Aleem Ford,8.0,11.0,72.72727272727273,0.556,72.17127272727274,2022
1630787,Cameron McGriff,3.0,4.0,75.0,0.66,74.34,2022
1630216,Cassius Winston,4.0,4.0,100.0,0.649,99.351,2022
1627822,Petr Cornelie,4.0,7.0,57.142857142857146,0.6,56.542857142857144,2022
1629635,Sekou Doumbouya,0.0,1.0,0.0,0.597,-0.597,2022
1627853,Ryan Arcidiacono,5.0,10.0,50.0,0.559,49.441,2022
204020,Tyler Johnson,11.0,13.0,84.61538461538461,0.613,84.00238461538461,2022
1630250,Marko Simonovic,3.0,9.0,33.333333333333336,0.611,32.72233333333334,2022
1627820,Tyrone Wallace,8.0,12.0,66.66666666666667,0.597,66.06966666666668,2022
1630466,Gabriel Deck,5.0,9.0,55.55555555555556,0.631,54.92455555555556,2022
203917,Nik Stauskas,4.0,4.0,100.0,0.601,99.399,2022
1628476,Derrick Walton Jr.,5.0,13.0,38.46153846153846,0.603,37.85853846153846,2022
1630288,Jeff Dowtin Jr.,7.0,13.0,53.84615384615385,0.576,53.270153846153846,2022
1630225,Isaiah Todd,8.0,10.0,80.0,0.601,79.399,2022
1630176,Vernon Carey Jr.,6.0,11.0,54.54545454545455,0.65,53.89545454545455,2022
1630273,Freddie Gillespie,20.0,36.0,55.55555555555556,0.622,54.93355555555556,2022
1630271,Brodric Thomas,3.0,5.0,60.0,0.55,59.45,2022
1630238,Malik Fitts,3.0,3.0,100.0,0.61,99.39,2022
1629730,Rayjon Tucker,10.0,10.0,100.0,0.6,99.4,2022
1630539,Kai Jones,5.0,8.0,62.5,0.443,62.057,2022
1628411,Wes Iwundu,10.0,13.0,76.92307692307692,0.671,76.25207692307691,2022
1628419,Cameron Oliver,5.0,9.0,55.55555555555556,0.695,54.86055555555556,2022
1629035,Carsen Edwards,7.0,8.0,87.5,0.675,86.825,2022
1630241,Sam Merrill,8.0,12.0,66.66666666666667,0.63,66.03666666666668,2022
1629735,Chris Silva,12.0,18.0,66.66666666666667,0.642,66.02466666666668,2022
1629168,BJ Johnson,6.0,13.0,46.15384615384615,0.586,45.567846153846155,2022
1630222,Mason Jones,1.0,2.0,50.0,0.582,49.418,2022
202334,Ed Davis,24.0,43.0,55.81395348837209,0.628,55.18595348837209,2022
1629653,Devon Dotson,6.0,9.0,66.66666666666667,0.58,66.08666666666667,2022
203516,James Ennis III,4.0,8.0,50.0,0.625,49.375,2022
1628436,Luke Kornet,11.0,23.0,47.82608695652174,0.633,47.19308695652174,2022
1629718,Charlie Brown Jr.,14.0,27.0,51.851851851851855,0.632,51.21985185185186,2022
1628391,D.J. Wilson,9.0,15.0,60.0,0.641,59.359,2022
1629683,Quinndary Weatherspoon,9.0,11.0,81.81818181818181,0.631,81.18718181818181,2022
1630602,Chaundee Brown Jr.,7.0,11.0,63.63636363636363,0.653,62.983363636363634,2022
1628778,Paul Watson,16.0,20.0,80.0,0.648,79.352,2022
2617,Udonis Haslem,8.0,8.0,100.0,0.582,99.418,2022
1628982,Melvin Frazier Jr.,8.0,11.0,72.72727272727273,0.623,72.10427272727273,2022
202688,Brandon Knight,4.0,5.0,80.0,0.632,79.368,2022
1629626,Bol Bol,7.0,9.0,77.77777777777777,0.679,77.09877777777777,2022
1627846,Abdel Nader,15.0,23.0,65.21739130434783,0.612,64.60539130434783,2022
1626161,Willie Cauley-Stein,31.0,45.0,68.88888888888889,0.654,68.23488888888889,2022
1629712,Didi Louzada,10.0,15.0,66.66666666666667,0.653,66.01366666666667,2022
1629607,Jared Harper,0.0,2.0,0.0,0.471,-0.471,2022
1630698,Kevin Pangos,11.0,20.0,55.0,0.612,54.388,2022
204025,Tim Frazier,16.0,27.0,59.25925925925926,0.592,58.66725925925926,2022
1628993,Alize Johnson,20.0,29.0,68.96551724137932,0.6,68.36551724137932,2022
1629312,Haywood Highsmith,10.0,19.0,52.63157894736842,0.64,51.99157894736842,2022
1630243,Trevelin Queen,5.0,8.0,62.5,0.551,61.949,2022
1630285,Zavier Simpson,13.0,19.0,68.42105263157895,0.644,67.77705263157894,2022
1629663,Louis King,13.0,24.0,54.166666666666664,0.624,53.54266666666666,2022
1629674,Neemias Queta,14.0,29.0,48.275862068965516,0.627,47.648862068965514,2022
1629719,Devontae Cacok,14.0,23.0,60.869565217391305,0.594,60.2755652173913,2022
1630206,Jay Scrubb,11.0,22.0,50.0,0.608,49.392,2022
1629033,Theo Pinson,16.0,25.0,64.0,0.6510000000000001,63.349,2022
1630586,Usman Garuba,28.0,39.0,71.7948717948718,0.635,71.15987179487179,2022
1629962,Devin Cannady,16.0,24.0,66.66666666666667,0.605,66.06166666666667,2022
1629755,Hassani Gravett,15.0,23.0,65.21739130434783,0.564,64.65339130434783,2022
1630691,Jamorko Pickett,23.0,39.0,58.97435897435897,0.65,58.32435897435897,2022
1630195,Leandro Bolmaro,22.0,38.0,57.89473684210526,0.61,57.28473684210526,2022
1630606,Javonte Smart,16.0,28.0,57.142857142857146,0.6049999999999999,56.53785714285715,2022
1630552,Jalen Johnson,8.0,17.0,47.05882352941177,0.612,46.446823529411766,2022
1630199,Cassius Stanley,7.0,14.0,50.0,0.572,49.428,2022
203953,Jabari Parker,13.0,21.0,61.904761904761905,0.637,61.267761904761905,2022
1629603,Mamadi Diakite,30.0,47.0,63.829787234042556,0.647,63.18278723404256,2022
1629875,Xavier Moon,12.0,25.0,48.0,0.617,47.383,2022
1628035,Alfonzo McKinnie,14.0,25.0,56.0,0.629,55.371,2022
1630186,Jahmi'us Ramsey,13.0,17.0,76.47058823529412,0.61,75.86058823529412,2022
1630580,Joe Wieskamp,14.0,17.0,82.3529411764706,0.649,81.7039411764706,2022
1628427,Vlatko Čančar,19.0,31.0,61.29032258064516,0.631,60.65932258064516,2022
1630573,Sam Hauser,3.0,12.0,25.0,0.631,24.369,2022
1629076,Tyler Cook,29.0,47.0,61.702127659574465,0.63,61.07212765957446,2022
1630550,JT Thor,31.0,51.0,60.78431372549019,0.611,60.173313725490196,2022
1629185,Chris Chiozza,31.0,50.0,62.0,0.607,61.393,2022
1629646,Charles Bassey,16.0,28.0,57.142857142857146,0.636,56.50685714285714,2022
1627756,Denzel Valentine,16.0,29.0,55.172413793103445,0.627,54.54541379310344,2022
1628539,Mychal Mulder,13.0,20.0,65.0,0.622,64.378,2022
1630792,Malcolm Hill,25.0,31.0,80.64516129032258,0.622,80.02316129032258,2022
1629657,Kyle Guy,18.0,27.0,66.66666666666667,0.647,66.01966666666667,2022
1629620,Justin Robinson,26.0,38.0,68.42105263157895,0.61,67.81105263157895,2022
202328,Greg Monroe,35.0,53.0,66.0377358490566,0.642,65.3957358490566,2022
1629644,KZ Okpala,20.0,35.0,57.142857142857146,0.613,56.529857142857146,2022
1630227,Daishen Nix,29.0,38.0,76.3157894736842,0.642,75.67378947368421,2022
1630296,Braxton Key,21.0,36.0,58.333333333333336,0.617,57.71633333333334,2022
1628962,Udoka Azubuike,27.0,50.0,54.0,0.6409999999999999,53.359,2022
1629623,Lindell Wigginton,16.0,23.0,69.56521739130434,0.617,68.94821739130434,2022
1630219,Skylar Mays,15.0,24.0,62.5,0.606,61.894,2022
1627774,Jake Layman,18.0,29.0,62.06896551724138,0.586,61.48296551724138,2022
1630551,Justin Champagnie,28.0,40.0,70.0,0.605,69.395,2022
202954,Brad Wanamaker,30.0,41.0,73.17073170731707,0.623,72.54773170731707,2022
203457,Nerlens Noel,73.0,132.0,55.303030303030305,0.656,54.647030303030306,2022
1630686,Georgios Kalaitzakis,15.0,23.0,65.21739130434783,0.613,64.60439130434783,2022
1628981,Bruno Fernando,23.0,44.0,52.27272727272727,0.609,51.66372727272727,2022
1629008,Michael Porter Jr.,31.0,38.0,81.57894736842105,0.655,80.92394736842105,2022
1630540,Miles McBride,37.0,52.0,71.15384615384616,0.608,70.54584615384616,2022
1630579,Jericho Sims,62.0,89.0,69.66292134831461,0.647,69.0159213483146,2022
1629109,Gary Clark,32.0,47.0,68.08510638297872,0.644,67.44110638297872,2022
1629617,Reggie Perry,26.0,37.0,70.27027027027027,0.608,69.66227027027027,2022
1628995,Kevin Knox II,17.0,21.0,80.95238095238095,0.592,80.36038095238095,2022
1626163,Frank Kaminsky,31.0,57.0,54.3859649122807,0.605,53.7809649122807,2022
1629833,Keljin Blevins,31.0,44.0,70.45454545454545,0.629,69.82554545454545,2022
2772,Trevor Ariza,45.0,64.0,70.3125,0.645,69.6675,2022
1628408,PJ Dozier,25.0,39.0,64.1025641025641,0.641,63.461564102564104,2022
1626246,Boban Marjanovic,19.0,30.0,63.333333333333336,0.599,62.73433333333334,2022
1628400,Semi Ojeleye,28.0,38.0,73.6842105263158,0.647,73.03721052631579,2022
203506,Victor Oladipo,10.0,20.0,50.0,0.654,49.346,2022
1626147,Justin Anderson,31.0,49.0,63.265306122448976,0.647,62.61830612244898,2022
1629658,Jaylen Hoard,19.0,32.0,59.375,0.61,58.765,2022
1630561,David Duke Jr.,26.0,39.0,66.66666666666667,0.64,66.02666666666667,2022
1630688,Ish Wainright,23.0,41.0,56.09756097560975,0.629,55.468560975609755,2022
1627739,Kris Dunn,40.0,64.0,62.5,0.601,61.899,2022
1629685,Dylan Windler,30.0,55.0,54.54545454545455,0.6139999999999999,53.93145454545455,2022
1629681,Killian Tillie,37.0,63.0,58.73015873015873,0.634,58.09615873015873,2022
200794,Paul Millsap,64.0,104.0,61.53846153846154,0.639,60.89946153846154,2022
1630194,Paul Reed,39.0,59.0,66.10169491525424,0.639,65.46269491525425,2022
2738,Andre Iguodala,47.0,82.0,57.31707317073171,0.626,56.69107317073171,2022
1630587,Isaiah Livers,35.0,59.0,59.32203389830509,0.615,58.707033898305085,2022
1630583,Santi Aldama,36.0,62.0,58.064516129032256,0.623,57.44151612903226,2022
1630210,Markus Howard,6.0,10.0,60.0,0.623,59.377,2022
1630190,Elijah Hughes,43.0,53.0,81.13207547169812,0.628,80.50407547169812,2022
1629633,Jarrett Culver,42.0,63.0,66.66666666666667,0.614,66.05266666666667,2022
202683,Enes Freedom,36.0,66.0,54.54545454545455,0.631,53.91445454545455,2022
202693,Markieff Morris,22.0,33.0,66.66666666666667,0.617,66.04966666666667,2022
1627823,Juancho Hernangomez,42.0,70.0,60.0,0.605,59.395,2022
203145,Kent Bazemore,57.0,101.0,56.43564356435643,0.623,55.812643564356435,2022
1629006,Josh Okogie,39.0,74.0,52.7027027027027,0.61,52.0927027027027,2022
1630233,Nathan Knight,32.0,52.0,61.53846153846154,0.621,60.91746153846154,2022
203469,Cody Zeller,59.0,87.0,67.816091954023,0.644,67.17209195402299,2022
1630184,Kira Lewis Jr.,26.0,43.0,60.46511627906977,0.626,59.83911627906977,2022
1629117,Wenyen Gabriel,49.0,75.0,65.33333333333333,0.618,64.71533333333333,2022
1630547,James Bouknight,33.0,42.0,78.57142857142857,0.594,77.97742857142858,2022
1630208,Nick Richards,51.0,90.0,56.666666666666664,0.642,56.02466666666666,2022
203901,Elfrid Payton,44.0,81.0,54.32098765432099,0.604,53.71698765432099,2022
1629678,Admiral Schofield,37.0,64.0,57.8125,0.633,57.1795,2022
1630846,Olivier Sarr,50.0,79.0,63.29113924050633,0.608,62.683139240506335,2022
1630172,Patrick Williams,34.0,58.0,58.62068965517241,0.6090000000000001,58.01168965517241,2022
1627737,Marquese Chriss,53.0,80.0,66.25,0.625,65.625,2022
203476,Gorgui Dieng,44.0,71.0,61.971830985915496,0.648,61.32383098591549,2022
1630572,Sandro Mamukelashvili,71.0,97.0,73.19587628865979,0.648,72.5478762886598,2022
201609,Goran Dragic,35.0,58.0,60.3448275862069,0.6,59.744827586206895,2022
203925,Joe Harris,35.0,58.0,60.3448275862069,0.634,59.7108275862069,2022
1628425,Sterling Brown,59.0,91.0,64.83516483516483,0.629,64.20616483516483,2022
201572,Brook Lopez,28.0,60.0,46.666666666666664,0.652,46.01466666666666,2022
1630215,Jared Butler,30.0,54.0,55.55555555555556,0.626,54.92955555555556,2022
1629744,Matt Thomas,38.0,66.0,57.57575757575758,0.615,56.960757575757576,2022
1629139,Yuta Watanabe,41.0,79.0,51.89873417721519,0.622,51.27673417721519,2022
1628396,Tony Bradley,63.0,139.0,45.32374100719424,0.632,44.691741007194246,2022
203918,Rodney Hood,61.0,91.0,67.03296703296704,0.616,66.41696703296704,2022
1629650,Moses Brown,51.0,89.0,57.30337078651685,0.66,56.643370786516854,2022
1629103,Kelan Martin,48.0,62.0,77.41935483870968,0.63,76.78935483870968,2022
203648,Thanasis Antetokounmpo,53.0,91.0,58.24175824175824,0.634,57.60775824175824,2022
1629164,Brandon Goodwin,35.0,59.0,59.32203389830509,0.6179999999999999,58.704033898305084,2022
1629012,Collin Sexton,20.0,31.0,64.51612903225806,0.624,63.89212903225806,2022
1630568,Luka Garza,74.0,108.0,68.51851851851852,0.649,67.86951851851852,2022
1630264,Anthony Gill,25.0,47.0,53.191489361702125,0.616,52.575489361702125,2022
1626208,Keifer Sykes,32.0,48.0,66.66666666666667,0.617,66.04966666666667,2022
202738,Isaiah Thomas,16.0,30.0,53.333333333333336,0.614,52.71933333333334,2022
200765,Rajon Rondo,64.0,96.0,66.66666666666667,0.623,66.04366666666667,2022
1630249,Vít Krejčí,76.0,109.0,69.72477064220183,0.631,69.09377064220183,2022
203503,Tony Snell,77.0,115.0,66.95652173913044,0.631,66.32552173913044,2022
1630201,Malachi Flynn,36.0,66.0,54.54545454545455,0.626,53.91945454545455,2022
1630240,Saben Lee,73.0,101.0,72.27722772277228,0.618,71.65922772277229,2022
1628365,Markelle Fultz,32.0,50.0,64.0,0.61,63.39,2022
1630235,Trent Forrest,69.0,107.0,64.48598130841121,0.6329999999999999,63.85298130841121,2022
1630174,Aaron Nesmith,47.0,79.0,59.49367088607595,0.581,58.912670886075944,2022
1630549,Day'Ron Sharpe,45.0,80.0,56.25,0.638,55.612,2022
1630198,Isaiah Joe,56.0,96.0,58.333333333333336,0.591,57.742333333333335,2022
203107,Tomas Satoransky,75.0,116.0,64.65517241379311,0.623,64.0321724137931,2022
1630322,Lindy Waters III,33.0,62.0,53.225806451612904,0.629,52.596806451612906,2022
1628418,Thomas Bryant,55.0,93.0,59.13978494623656,0.633,58.50678494623656,2022
1630625,Dalano Banton,52.0,89.0,58.42696629213483,0.602,57.82496629213483,2022
201599,DeAndre Jordan,70.0,115.0,60.869565217391305,0.624,60.2455652173913,2022
1628372,Dennis Smith Jr.,44.0,74.0,59.45945945945946,0.609,58.85045945945946,2022
202324,Derrick Favors,61.0,104.0,58.65384615384615,0.641,58.012846153846155,2022
203090,Maurice Harkless,73.0,112.0,65.17857142857143,0.6290000000000001,64.54957142857143,2022
1628432,Davon Reed,71.0,102.0,69.6078431372549,0.619,68.9888431372549,2022
202687,Bismack Biyombo,61.0,106.0,57.54716981132076,0.638,56.90916981132076,2022
1629649,Ignas Brazdeikis,27.0,52.0,51.92307692307692,0.624,51.29907692307692,2022
203504,Trey Burke,28.0,45.0,62.22222222222222,0.622,61.60022222222222,2022
1628380,Zach Collins,70.0,124.0,56.45161290322581,0.634,55.81761290322581,2022
1630541,Moses Moody,38.0,69.0,55.072463768115945,0.612,54.46046376811594,2022
1629641,Romeo Langford,38.0,76.0,50.0,0.625,49.375,2022
201959,Taj Gibson,82.0,138.0,59.42028985507246,0.63,58.79028985507246,2022
1630535,Greg Brown III,72.0,104.0,69.23076923076923,0.6340000000000001,68.59676923076923,2022
1627789,Timothe Luwawu-Cabarrot,44.0,73.0,60.273972602739725,0.618,59.65597260273972,2022
204456,T.J. McConnell,51.0,77.0,66.23376623376623,0.606,65.62776623376624,2022
1628021,David Nwaba,78.0,120.0,65.0,0.634,64.366,2022
1629162,Jordan McLaughlin,71.0,117.0,60.68376068376068,0.616,60.06776068376068,2022
203458,Alex Len,93.0,159.0,58.490566037735846,0.647,57.84356603773585,2022
1628373,Frank Ntilikina,53.0,91.0,58.24175824175824,0.627,57.61475824175824,2022
203920,Khem Birch,119.0,190.0,62.63157894736842,0.633,61.998578947368415,2022
1627863,Danuel House Jr.,50.0,80.0,62.5,0.634,61.866,2022
202083,Wesley Matthews,65.0,106.0,61.320754716981135,0.637,60.683754716981134,2022
1630214,Xavier Tillman,83.0,144.0,57.638888888888886,0.629,57.00988888888889,2022
201577,Robin Lopez,82.0,139.0,58.992805755395686,0.63,58.362805755395684,2022
1629004,Svi Mykhailiuk,48.0,82.0,58.53658536585366,0.631,57.90558536585366,2022
1629111,Jock Landale,73.0,141.0,51.773049645390074,0.632,51.141049645390076,2022
203585,Rodney McGruder,61.0,106.0,57.54716981132076,0.626,56.92116981132076,2022
1630553,Keon Johnson,80.0,120.0,66.66666666666667,0.627,66.03966666666668,2022
1629731,Dean Wade,84.0,156.0,53.84615384615385,0.63,53.216153846153844,2022
1630192,Zeke Nnaji,76.0,115.0,66.08695652173913,0.63,65.45695652173913,2022
1626159,Justise Winslow,74.0,130.0,56.92307692307692,0.628,56.29507692307692,2022
1629656,Quentin Grimes,53.0,82.0,64.63414634146342,0.627,64.00714634146343,2022
1628975,Jevon Carter,75.0,121.0,61.98347107438016,0.611,61.372471074380165,2022
1628972,Troy Brown Jr.,111.0,171.0,64.91228070175438,0.619,64.29328070175438,2022
1630556,Kessler Edwards,133.0,200.0,66.5,0.632,65.868,2022
1627761,DeAndre' Bembry,87.0,148.0,58.78378378378378,0.624,58.15978378378378,2022
1627884,Derrick Jones Jr.,83.0,136.0,61.029411764705884,0.64,60.38941176470588,2022
201961,Wayne Ellington,56.0,87.0,64.36781609195403,0.625,63.742816091954026,2022
1629717,Armoni Brooks,53.0,85.0,62.35294117647059,0.627,61.725941176470585,2022
1630563,Joshua Primo,98.0,169.0,57.98816568047337,0.625,57.36316568047337,2022
201571,D.J. Augustin,90.0,119.0,75.63025210084034,0.621,75.00925210084034,2022
1630543,Isaiah Jackson,95.0,151.0,62.913907284768214,0.631,62.282907284768214,2022
1629308,Juan Toscano-Anderson,93.0,151.0,61.58940397350993,0.631,60.95840397350993,2022
1630209,Omer Yurtseven,83.0,144.0,57.638888888888886,0.641,56.99788888888889,2022
1629056,Terence Davis,51.0,84.0,60.714285714285715,0.618,60.09628571428571,2022
202066,Garrett Temple,91.0,153.0,59.47712418300654,0.635,58.84212418300654,2022
1627936,Alex Caruso,100.0,149.0,67.11409395973155,0.615,66.49909395973155,2022
1630314,Brandon Williams,56.0,91.0,61.53846153846154,0.61,60.92846153846154,2022
201565,Derrick Rose,43.0,81.0,53.08641975308642,0.619,52.46741975308642,2022
202722,Dāvis Bertāns,79.0,122.0,64.75409836065573,0.622,64.13209836065573,2022
1630230,Naji Marshall,52.0,82.0,63.41463414634146,0.64,62.77463414634146,2022
1630678,Terry Taylor,73.0,114.0,64.03508771929825,0.639,63.396087719298244,2022
1630182,Josh Green,68.0,109.0,62.38532110091743,0.611,61.77432110091743,2022
1628367,Josh Jackson,78.0,126.0,61.904761904761905,0.63,61.2747619047619,2022
1626169,Stanley Johnson,144.0,218.0,66.05504587155963,0.62,65.43504587155962,2022
1626204,Larry Nance Jr.,114.0,158.0,72.15189873417721,0.632,71.5198987341772,2022
201152,Thaddeus Young,102.0,153.0,66.66666666666667,0.641,66.02566666666667,2022
204060,Joe Ingles,65.0,88.0,73.86363636363636,0.636,73.22763636363636,2022
1630631,Jose Alvarado,59.0,86.0,68.6046511627907,0.63,67.9746511627907,2022
1630267,Facundo Campazzo,77.0,131.0,58.778625954198475,0.607,58.171625954198475,2022
1630527,Brandon Boston,59.0,93.0,63.44086021505376,0.628,62.81286021505376,2022
1629667,Jalen McDaniels,99.0,169.0,58.57988165680474,0.632,57.94788165680474,2022
1629672,Eric Paschall,61.0,83.0,73.49397590361446,0.626,72.86797590361445,2022
1630530,Trey Murphy III,67.0,104.0,64.42307692307692,0.631,63.79207692307692,2022
201588,George Hill,87.0,140.0,62.142857142857146,0.616,61.526857142857146,2022
1628966,Keita Bates-Diop,91.0,155.0,58.70967741935484,0.621,58.08867741935484,2022
1629604,CJ Elleby,97.0,168.0,57.73809523809524,0.618,57.12009523809524,2022
1629660,Ty Jerome,53.0,81.0,65.4320987654321,0.615,64.8170987654321,2022
201949,James Johnson,89.0,159.0,55.9748427672956,0.635,55.3398427672956,2022
202684,Tristan Thompson,98.0,161.0,60.869565217391305,0.64,60.229565217391304,2022
1626153,Delon Wright,128.0,188.0,68.08510638297872,0.617,67.46810638297872,2022
203488,Mike Muscala,57.0,119.0,47.89915966386555,0.632,47.26715966386555,2022
203110,Draymond Green,97.0,176.0,55.11363636363637,0.639,54.474636363636364,2022
1629048,Goga Bitadze,121.0,187.0,64.70588235294117,0.646,64.05988235294117,2022
1629723,John Konchar,138.0,230.0,60.0,0.627,59.373,2022
101150,Lou Williams,60.0,92.0,65.21739130434783,0.614,64.60339130434782,2022
201586,Serge Ibaka,116.0,195.0,59.48717948717949,0.652,58.83517948717949,2022
201933,Blake Griffin,111.0,178.0,62.359550561797754,0.646,61.71355056179775,2022
1630177,Theo Maledon,95.0,159.0,59.74842767295598,0.619,59.12942767295598,2022
1629026,Kenrich Williams,69.0,124.0,55.645161290322584,0.628,55.01716129032258,2022
1630570,Trendon Watford,119.0,183.0,65.02732240437159,0.636,64.39132240437159,2022
203482,Kelly Olynyk,109.0,185.0,58.91891891891892,0.631,58.28791891891892,2022
1630526,Jeremiah Robinson-Earl,143.0,242.0,59.09090909090909,0.644,58.446909090909095,2022
201980,Danny Green,127.0,197.0,64.46700507614213,0.623,63.84400507614213,2022
2730,Dwight Howard,126.0,182.0,69.23076923076923,0.647,68.58376923076922,2022
1629680,Matisse Thybulle,135.0,229.0,58.951965065502186,0.613,58.33896506550219,2022
1628978,Donte DiVincenzo,95.0,150.0,63.333333333333336,0.628,62.705333333333336,2022
1630205,Lamar Stevens,86.0,146.0,58.9041095890411,0.63,58.274109589041096,2022
202362,Lance Stephenson,49.0,62.0,79.03225806451613,0.634,78.39825806451613,2022
1628464,Daniel Theis,139.0,220.0,63.18181818181818,0.644,62.53781818181818,2022
1630168,Onyeka Okongwu,122.0,215.0,56.74418604651163,0.6290000000000001,56.11518604651163,2022
202340,Avery Bradley,135.0,178.0,75.84269662921348,0.62,75.22269662921347,2022
1628988,Aaron Holiday,72.0,124.0,58.064516129032256,0.615,57.449516129032254,2022
203085,Austin Rivers,113.0,169.0,66.86390532544378,0.616,66.24790532544378,2022
202397,Ish Smith,87.0,130.0,66.92307692307692,0.615,66.30807692307692,2022
203087,Jeremy Lamb,103.0,150.0,68.66666666666667,0.631,68.03566666666667,2022
1629651,Nic Claxton,90.0,173.0,52.02312138728324,0.628,51.39512138728324,2022
1629642,Nassir Little,101.0,176.0,57.38636363636363,0.626,56.760363636363635,2022
1628467,Maxi Kleber,144.0,256.0,56.25,0.628,55.622,2022
1630200,Tre Jones,110.0,179.0,61.452513966480446,0.61,60.842513966480446,2022
1630598,Aaron Wiggins,121.0,185.0,65.4054054054054,0.633,64.77240540540541,2022
203473,Dewayne Dedmon,108.0,183.0,59.01639344262295,0.643,58.37339344262295,2022
202357,Nemanja Bjelica,194.0,312.0,62.17948717948718,0.626,61.553487179487185,2022
202326,DeMarcus Cousins,98.0,163.0,60.122699386503065,0.631,59.491699386503065,2022
202689,Kemba Walker,100.0,148.0,67.56756756756756,0.628,66.93956756756756,2022
203210,JaMychal Green,114.0,165.0,69.0909090909091,0.631,68.4599090909091,2022
1630202,Payton Pritchard,70.0,113.0,61.94690265486726,0.602,61.34490265486726,2022
1630559,Austin Reaves,160.0,259.0,61.77606177606177,0.611,61.165061776061776,2022
201937,Ricky Rubio,62.0,112.0,55.357142857142854,0.625,54.732142857142854,2022
1626158,Richaun Holmes,120.0,225.0,53.333333333333336,0.626,52.70733333333334,2022
200752,Rudy Gay,79.0,133.0,59.3984962406015,0.634,58.7644962406015,2022
1630165,Killian Hayes,154.0,247.0,62.34817813765182,0.621,61.72717813765182,2022
1629003,Shake Milton,75.0,128.0,58.59375,0.621,57.97275,2022
1630188,Jalen Smith,104.0,178.0,58.42696629213483,0.639,57.787966292134826,2022
1626195,Willy Hernangomez,141.0,213.0,66.19718309859155,0.655,65.54218309859155,2022
1629676,Isaiah Roby,149.0,237.0,62.869198312236286,0.647,62.22219831223629,2022
1627745,Damian Jones,138.0,233.0,59.227467811158796,0.635,58.5924678111588,2022
1628366,Lonzo Ball,113.0,204.0,55.3921568627451,0.615,54.777156862745095,2022
1627814,Damion Lee,110.0,169.0,65.08875739644971,0.618,64.47075739644971,2022
1630197,Aleksej Pokusevski,147.0,242.0,60.743801652892564,0.641,60.102801652892566,2022
1629750,Javonte Green,122.0,207.0,58.93719806763285,0.63,58.30719806763285,2022
203486,Mason Plumlee,276.0,455.0,60.65934065934066,0.647,60.01234065934066,2022
1630613,Duane Washington Jr.,94.0,142.0,66.19718309859155,0.619,65.57818309859155,2022
1629060,Rui Hachimura,78.0,119.0,65.54621848739495,0.642,64.90421848739496,2022
1626172,Kevon Looney,201.0,349.0,57.59312320916906,0.638,56.95512320916906,2022
1629670,Jordan Nwora,102.0,158.0,64.55696202531645,0.622,63.93496202531645,2022
1630533,Ziaire Williams,115.0,183.0,62.84153005464481,0.621,62.220530054644804,2022
1630181,R.J. Hampton,124.0,171.0,72.51461988304094,0.607,71.90761988304094,2022
201587,Nicolas Batum,147.0,244.0,60.24590163934426,0.641,59.60490163934426,2022
1629629,Cam Reddish,93.0,136.0,68.38235294117646,0.627,67.75535294117647,2022
1627780,Gary Payton II,104.0,170.0,61.1764705882353,0.629,60.5474705882353,2022
1627752,Taurean Prince,133.0,180.0,73.88888888888889,0.629,73.25988888888888,2022
1627788,Furkan Korkmaz,101.0,161.0,62.732919254658384,0.625,62.107919254658384,2022
203490,Otto Porter Jr.,141.0,226.0,62.389380530973455,0.6380000000000001,61.75138053097346,2022
1629020,Jarred Vanderbilt,178.0,297.0,59.93265993265993,0.648,59.28465993265993,2022
1628470,Torrey Craig,152.0,250.0,60.8,0.627,60.172999999999995,2022
203937,Kyle Anderson,140.0,239.0,58.57740585774059,0.637,57.940405857740586,2022
202709,Cory Joseph,158.0,256.0,61.71875,0.627,61.09175,2022
202339,Eric Bledsoe,110.0,177.0,62.14689265536723,0.621,61.52589265536723,2022
203526,Raul Neto,143.0,215.0,66.51162790697674,0.616,65.89562790697674,2022
203500,Steven Adams,266.0,440.0,60.45454545454545,0.644,59.810545454545455,2022
1629669,Jaylen Nowell,84.0,121.0,69.42148760330579,0.628,68.79348760330579,2022
1629002,Chimezie Metu,133.0,226.0,58.849557522123895,0.625,58.224557522123895,2022
1628998,Cody Martin,158.0,251.0,62.94820717131474,0.63,62.31820717131474,2022
201976,Patrick Beverley,139.0,216.0,64.35185185185185,0.636,63.715851851851845,2022
202355,Hassan Whiteside,170.0,291.0,58.419243986254294,0.639,57.78024398625429,2022
200782,P.J. Tucker,147.0,237.0,62.0253164556962,0.626,61.3993164556962,2022
1628963,Marvin Bagley III,106.0,170.0,62.35294117647059,0.651,61.701941176470584,2022
1626167,Myles Turner,158.0,284.0,55.63380281690141,0.647,54.98680281690141,2022
1629234,Drew Eubanks,177.0,288.0,61.458333333333336,0.631,60.827333333333335,2022
1628997,Caleb Martin,128.0,216.0,59.25925925925926,0.622,58.63725925925926,2022
1628402,Frank Jackson,86.0,137.0,62.77372262773723,0.619,62.15472262773723,2022
1628392,Isaiah Hartenstein,189.0,359.0,52.646239554317546,0.629,52.01723955431755,2022
1629021,Moritz Wagner,105.0,162.0,64.81481481481481,0.62,64.1948148148148,2022
1630591,Jalen Suggs,100.0,170.0,58.8235294117647,0.637,58.1865294117647,2022
1630560,Cam Thomas,125.0,193.0,64.76683937823834,0.62,64.14683937823834,2022
1626220,Royce O'Neale,206.0,342.0,60.23391812865497,0.628,59.60591812865497,2022
1628415,Dillon Brooks,73.0,125.0,58.4,0.613,57.787,2022
1629013,Landry Shamet,87.0,153.0,56.86274509803921,0.614,56.248745098039215,2022
203926,Doug McDermott,101.0,148.0,68.24324324324324,0.629,67.61424324324324,2022
203083,Andre Drummond,184.0,309.0,59.54692556634304,0.642,58.90492556634304,2022
1630191,Isaiah Stewart,195.0,367.0,53.13351498637602,0.644,52.48951498637602,2022
203493,Reggie Bullock Jr.,160.0,247.0,64.77732793522267,0.625,64.15232793522267,2022
1630528,Josh Christopher,151.0,216.0,69.9074074074074,0.6230000000000001,69.2844074074074,2022
1630171,Isaac Okoro,142.0,230.0,61.73913043478261,0.614,61.12513043478261,2022
1629216,Gabe Vincent,97.0,143.0,67.83216783216783,0.632,67.20016783216782,2022
1629659,Talen Horton-Tucker,133.0,212.0,62.735849056603776,0.626,62.10984905660378,2022
203501,Tim Hardaway Jr.,92.0,143.0,64.33566433566433,0.624,63.71166433566433,2022
1629057,Robert Williams III,127.0,245.0,51.83673469387755,0.631,51.20573469387755,2022
1629684,Grant Williams,177.0,287.0,61.67247386759582,0.629,61.04347386759582,2022
1629011,Mitchell Robinson,160.0,297.0,53.872053872053876,0.639,53.23305387205387,2022
203496,Robert Covington,193.0,324.0,59.5679012345679,0.635,58.9329012345679,2022
1629643,Chuma Okeke,172.0,272.0,63.23529411764706,0.629,62.60629411764706,2022
200746,LaMarcus Aldridge,108.0,194.0,55.670103092783506,0.634,55.036103092783506,2022
1629599,Amir Coffey,92.0,160.0,57.5,0.633,56.867,2022
1629052,Oshae Brissett,183.0,280.0,65.35714285714286,0.634,64.72314285714286,2022
1626166,Cameron Payne,102.0,149.0,68.45637583892618,0.629,67.82737583892617,2022
1626145,Tyus Jones,100.0,158.0,63.29113924050633,0.624,62.66713924050633,2022
1628977,Hamidou Diallo,99.0,169.0,58.57988165680474,0.64,57.93988165680474,2022
1630544,Tre Mann,115.0,186.0,61.82795698924731,0.621,61.20695698924731,2022
203082,Terrence Ross,97.0,145.0,66.89655172413794,0.632,66.26455172413793,2022
203109,Jae Crowder,175.0,268.0,65.29850746268657,0.631,64.66750746268657,2022
1630557,Corey Kispert,141.0,228.0,61.8421052631579,0.618,61.224105263157895,2022
1629675,Naz Reid,155.0,289.0,53.63321799307958,0.64,52.99321799307958,2022
1630228,Jonathan Kuminga,124.0,201.0,61.691542288557216,0.621,61.07054228855721,2022
1626192,Pat Connaughton,152.0,232.0,65.51724137931035,0.631,64.88624137931035,2022
1628971,Bruce Brown,161.0,284.0,56.690140845070424,0.634,56.05614084507042,2022
1630183,Jaden McDaniels,145.0,283.0,51.236749116607776,0.632,50.60474911660778,2022
1630167,Obi Toppin,81.0,142.0,57.04225352112676,0.63,56.41225352112676,2022
1629637,Jaxson Hayes,121.0,209.0,57.89473684210526,0.626,57.26873684210526,2022
1629726,Garrison Mathews,159.0,265.0,60.0,0.625,59.375,2022
202691,Klay Thompson,66.0,115.0,57.391304347826086,0.636,56.75530434782608,2022
1629634,Brandon Clarke,114.0,213.0,53.521126760563384,0.617,52.904126760563386,2022
203463,Ben McLemore,104.0,142.0,73.2394366197183,0.628,72.6114366197183,2022
1626196,Josh Richardson,125.0,206.0,60.679611650485434,0.609,60.07061165048543,2022
1627854,Bryn Forbes,84.0,130.0,64.61538461538461,0.622,63.99338461538461,2022
1630173,Precious Achiuwa,196.0,359.0,54.59610027855153,0.636,53.96010027855153,2022
1629023,P.J. Washington,198.0,317.0,62.46056782334385,0.636,61.82456782334385,2022
1630581,Josh Giddey,173.0,292.0,59.24657534246575,0.631,58.61557534246575,2022
1629655,Daniel Gafford,221.0,399.0,55.388471177944865,0.638,54.75047117794487,2022
203914,Gary Harris,110.0,171.0,64.32748538011695,0.622,63.705485380116954,2022
1630245,Ayo Dosunmu,192.0,310.0,61.935483870967744,0.613,61.322483870967744,2022
201580,JaVale McGee,159.0,307.0,51.79153094462541,0.627,51.164530944625405,2022
1629638,Nickeil Alexander-Walker,135.0,193.0,69.94818652849742,0.631,69.31718652849742,2022
1630166,Deni Avdija,222.0,391.0,56.77749360613811,0.628,56.14949360613811,2022
1627763,Malcolm Brogdon,93.0,155.0,60.0,0.622,59.378,2022
1630578,Alperen Sengun,251.0,409.0,61.36919315403423,0.633,60.736193154034225,2022
201143,Al Horford,182.0,332.0,54.81927710843374,0.631,54.18827710843374,2022
203081,Damian Lillard,77.0,115.0,66.95652173913044,0.63,66.32652173913044,2022
1630231,KJ Martin,130.0,217.0,59.90783410138249,0.623,59.28483410138249,2022
1630538,Bones Hyland,116.0,184.0,63.04347826086956,0.624,62.41947826086956,2022
1627777,Georges Niang,152.0,252.0,60.317460317460316,0.635,59.68246031746032,2022
1626224,Cedi Osman,92.0,144.0,63.888888888888886,0.619,63.269888888888886,2022
1629631,De'Andre Hunter,130.0,208.0,62.5,0.6329999999999999,61.867,2022
203939,Dwight Powell,256.0,403.0,63.52357320099256,0.6380000000000001,62.88557320099256,2022
1630537,Chris Duarte,147.0,244.0,60.24590163934426,0.628,59.61790163934426,2022
1629622,Max Strus,126.0,197.0,63.95939086294416,0.631,63.32839086294416,2022
1630529,Herbert Jones,179.0,295.0,60.67796610169491,0.634,60.04396610169491,2022
1628960,Grayson Allen,123.0,207.0,59.42028985507246,0.628,58.79228985507246,2022
1629647,Darius Bazley,248.0,381.0,65.09186351706036,0.642,64.44986351706036,2022
203200,Justin Holiday,180.0,271.0,66.42066420664207,0.627,65.79366420664208,2022
202330,Gordon Hayward,102.0,167.0,61.07784431137725,0.642,60.435844311377245,2022
202331,Paul George,92.0,161.0,57.142857142857146,0.626,56.51685714285715,2022
1628449,Chris Boucher,177.0,297.0,59.5959595959596,0.634,58.9619595959596,2022
1628964,Mo Bamba,232.0,402.0,57.711442786069654,0.638,57.073442786069656,2022
201569,Eric Gordon,91.0,142.0,64.08450704225352,0.625,63.45950704225352,2022
201568,Danilo Gallinari,152.0,228.0,66.66666666666667,0.633,66.03366666666668,2022
1629632,Coby White,159.0,253.0,62.84584980237154,0.623,62.22284980237154,2022
201145,Jeff Green,176.0,270.0,65.18518518518519,0.634,64.55118518518519,2022
1626168,Trey Lyles,198.0,310.0,63.87096774193548,0.635,63.23596774193548,2022
1627826,Ivica Zubac,246.0,434.0,56.68202764976959,0.6439999999999999,56.03802764976959,2022
1629001,De'Anthony Melton,206.0,319.0,64.57680250783699,0.628,63.94880250783699,2022
1628404,Josh Hart,164.0,246.0,66.66666666666667,0.636,66.03066666666668,2022
202681,Kyrie Irving,80.0,143.0,55.94405594405595,0.625,55.31905594405595,2022
1629661,Cameron Johnson,136.0,227.0,59.91189427312775,0.618,59.29389427312775,2022
202694,Marcus Morris Sr.,118.0,176.0,67.04545454545455,0.645,66.40045454545455,2022
203991,Clint Capela,255.0,420.0,60.714285714285715,0.648,60.06628571428571,2022
1628384,OG Anunoby,115.0,184.0,62.5,0.634,61.866,2022
1628379,Luke Kennard,151.0,256.0,58.984375,0.622,58.362375,2022
203994,Jusuf Nurkić,211.0,331.0,63.74622356495468,0.645,63.10122356495468,2022
1630558,Davion Mitchell,145.0,238.0,60.924369747899156,0.622,60.30236974789916,2022
200768,Kyle Lowry,171.0,259.0,66.02316602316603,0.625,65.39816602316603,2022
203471,Dennis Schröder,146.0,240.0,60.833333333333336,0.618,60.215333333333334,2022
203935,Marcus Smart,138.0,215.0,64.18604651162791,0.624,63.562046511627905,2022
1629022,Lonnie Walker IV,107.0,187.0,57.219251336898395,0.62,56.5992513368984,2022
1626181,Norman Powell,105.0,145.0,72.41379310344827,0.65,71.76379310344826,2022
1629130,Duncan Robinson,149.0,232.0,64.22413793103448,0.631,63.59313793103448,2022
1629611,Terance Mann,193.0,330.0,58.484848484848484,0.622,57.862848484848485,2022
1630193,Immanuel Quickley,128.0,230.0,55.65217391304348,0.607,55.04517391304348,2022
1630170,Devin Vassell,172.0,290.0,59.310344827586206,0.625,58.685344827586206,2022
1628381,John Collins,177.0,292.0,60.61643835616438,0.641,59.97543835616438,2022
1629652,Luguentz Dort,111.0,176.0,63.06818181818182,0.617,62.45118181818182,2022
1627827,Dorian Finney-Smith,217.0,361.0,60.11080332409972,0.633,59.47780332409972,2022
1628989,Kevin Huerter,188.0,291.0,64.60481099656357,0.617,63.987810996563574,2022
1628984,Devonte' Graham,150.0,217.0,69.12442396313364,0.621,68.50342396313364,2022
1628374,Lauri Markkanen,225.0,363.0,61.98347107438016,0.63,61.35347107438016,2022
203924,Jerami Grant,104.0,171.0,60.8187134502924,0.648,60.170713450292396,2022
1628386,Jarrett Allen,192.0,396.0,48.484848484848484,0.638,47.846848484848486,2022
1627751,Jakob Poeltl,322.0,583.0,55.23156089193825,0.637,54.59456089193825,2022
2546,Carmelo Anthony,172.0,266.0,64.66165413533835,0.632,64.02965413533835,2022
203915,Spencer Dinwiddie,151.0,228.0,66.2280701754386,0.624,65.60407017543861,2022
1630256,Jae'Sean Tate,188.0,312.0,60.256410256410255,0.633,59.62341025641025,2022
201988,Patty Mills,161.0,244.0,65.98360655737704,0.626,65.35760655737704,2022
203076,Anthony Davis,159.0,281.0,56.58362989323843,0.635,55.94862989323843,2022
203078,Bradley Beal,111.0,166.0,66.86746987951807,0.633,66.23446987951807,2022
1628976,Wendell Carter Jr.,174.0,328.0,53.048780487804876,0.643,52.405780487804876,2022
1626149,Montrezl Harrell,164.0,251.0,65.33864541832669,0.646,64.69264541832669,2022
202692,Alec Burks,180.0,271.0,66.42066420664207,0.636,65.78466420664208,2022
101108,Chris Paul,150.0,229.0,65.50218340611353,0.63,64.87218340611354,2022
1628420,Monté Morris,160.0,240.0,66.66666666666667,0.621,66.04566666666668,2022
1629645,Kevin Porter Jr.,223.0,317.0,70.34700315457414,0.631,69.71600315457414,2022
203992,Bogdan Bogdanović,164.0,252.0,65.07936507936508,0.627,64.45236507936508,2022
1627736,Malik Beasley,125.0,198.0,63.13131313131313,0.627,62.504313131313125,2022
203552,Seth Curry,136.0,211.0,64.45497630331754,0.621,63.833976303317534,2022
1627747,Caris LeVert,138.0,202.0,68.31683168316832,0.628,67.68883168316832,2022
201144,Mike Conley,138.0,226.0,61.06194690265487,0.619,60.44294690265487,2022
1629014,Anfernee Simons,159.0,214.0,74.29906542056075,0.632,73.66706542056075,2022
1628401,Derrick White,209.0,372.0,56.18279569892473,0.634,55.54879569892473,2022
1629028,Deandre Ayton,188.0,324.0,58.02469135802469,0.638,57.38669135802469,2022
201567,Kevin Love,161.0,287.0,56.09756097560975,0.63,55.46756097560975,2022
203484,Kentavious Caldwell-Pope,180.0,274.0,65.69343065693431,0.628,65.06543065693431,2022
203497,Rudy Gobert,239.0,472.0,50.63559322033898,0.638,49.997593220338985,2022
204001,Kristaps Porziņģis,177.0,310.0,57.096774193548384,0.639,56.45777419354838,2022
1630596,Evan Mobley,298.0,562.0,53.02491103202847,0.636,52.38891103202847,2022
203115,Will Barton,183.0,279.0,65.59139784946237,0.631,64.96039784946237,2022
1628370,Malik Monk,219.0,330.0,66.36363636363636,0.63,65.73363636363636,2022
1626171,Bobby Portis,213.0,366.0,58.19672131147541,0.642,57.554721311475404,2022
1630175,Cole Anthony,152.0,241.0,63.07053941908714,0.627,62.44353941908714,2022
1628389,Bam Adebayo,154.0,251.0,61.354581673306775,0.643,60.711581673306775,2022
203095,Evan Fournier,188.0,283.0,66.43109540636043,0.624,65.80709540636043,2022
1630595,Cade Cunningham,231.0,391.0,59.07928388746803,0.641,58.43828388746803,2022
203932,Aaron Gordon,190.0,315.0,60.317460317460316,0.628,59.689460317460316,2022
1626162,Kelly Oubre Jr.,184.0,290.0,63.44827586206897,0.632,62.81627586206897,2022
1628398,Kyle Kuzma,195.0,343.0,56.85131195335277,0.622,56.22931195335277,2022
1630567,Scottie Barnes,297.0,499.0,59.519038076152306,0.629,58.89003807615231,2022
1628969,Mikal Bridges,236.0,371.0,63.61185983827493,0.625,62.98685983827493,2022
1630224,Jalen Green,211.0,306.0,68.95424836601308,0.641,68.31324836601307,2022
1630169,Tyrese Haliburton,257.0,368.0,69.83695652173913,0.619,69.21795652173913,2022
1627734,Domantas Sabonis,251.0,405.0,61.97530864197531,0.639,61.33630864197531,2022
1626156,D'Angelo Russell,215.0,331.0,64.95468277945619,0.629,64.32568277945619,2022
1630532,Franz Wagner,168.0,308.0,54.54545454545455,0.63,53.915454545454544,2022
1627742,Brandon Ingram,134.0,204.0,65.68627450980392,0.634,65.05227450980392,2022
1626174,Christian Wood,229.0,376.0,60.90425531914894,0.636,60.268255319148935,2022
202710,Jimmy Butler III,120.0,181.0,66.29834254143647,0.643,65.65534254143647,2022
201950,Jrue Holiday,165.0,274.0,60.21897810218978,0.622,59.59697810218978,2022
203952,Andrew Wiggins,218.0,368.0,59.23913043478261,0.636,58.60313043478261,2022
1627741,Buddy Hield,300.0,460.0,65.21739130434783,0.628,64.58939130434783,2022
202704,Reggie Jackson,196.0,342.0,57.30994152046784,0.626,56.68394152046784,2022
202711,Bojan Bogdanovic,138.0,226.0,61.06194690265487,0.6369999999999999,60.42494690265487,2022
203084,Harrison Barnes,218.0,338.0,64.49704142011835,0.639,63.85804142011835,2022
202699,Tobias Harris,228.0,338.0,67.45562130177515,0.628,66.82762130177515,2022
1628991,Jaren Jackson Jr.,199.0,399.0,49.87468671679198,0.641,49.23368671679198,2022
203903,Jordan Clarkson,146.0,235.0,62.12765957446808,0.618,61.50965957446808,2022
1629640,Keldon Johnson,196.0,347.0,56.48414985590778,0.631,55.85314985590778,2022
1629018,Gary Trent Jr.,160.0,239.0,66.94560669456067,0.622,66.32360669456067,2022
1628973,Jalen Brunson,164.0,242.0,67.76859504132231,0.623,67.14559504132231,2022
202696,Nikola Vučević,391.0,616.0,63.47402597402598,0.64,62.83402597402598,2022
202685,Jonas Valančiūnas,269.0,416.0,64.66346153846153,0.652,64.01146153846153,2022
1630178,Tyrese Maxey,174.0,290.0,60.0,0.614,59.386,2022
1630180,Saddiq Bey,154.0,257.0,59.92217898832685,0.636,59.286178988326846,2022
1627832,Fred VanVleet,210.0,366.0,57.377049180327866,0.62,56.75704918032787,2022
203114,Khris Middleton,173.0,274.0,63.13868613138686,0.634,62.50468613138686,2022
1628368,De'Aaron Fox,197.0,296.0,66.55405405405405,0.619,65.93505405405405,2022
1629639,Tyler Herro,171.0,277.0,61.73285198555957,0.619,61.11385198555957,2022
203468,CJ McCollum,168.0,261.0,64.36781609195403,0.631,63.736816091954026,2022
1628983,Shai Gilgeous-Alexander,178.0,296.0,60.13513513513514,0.633,59.502135135135134,2022
1630217,Desmond Bane,165.0,283.0,58.303886925795055,0.63,57.67388692579505,2022
1629628,RJ Barrett,213.0,329.0,64.74164133738601,0.633,64.10864133738602,2022
1629673,Jordan Poole,140.0,223.0,62.780269058295964,0.621,62.15926905829596,2022
1626179,Terry Rozier,217.0,331.0,65.55891238670695,0.629,64.92991238670695,2022
203944,Julius Randle,188.0,321.0,58.56697819314642,0.642,57.924978193146416,2022
201935,James Harden,213.0,340.0,62.64705882352941,0.633,62.01405882352941,2022
1627749,Dejounte Murray,248.0,410.0,60.48780487804878,0.631,59.85680487804878,2022
201566,Russell Westbrook,204.0,300.0,68.0,0.631,67.369,2022
1629636,Darius Garland,176.0,265.0,66.41509433962264,0.614,65.80109433962264,2022
1630163,LaMelo Ball,193.0,311.0,62.057877813504824,0.632,61.425877813504826,2022
1630162,Anthony Edwards,218.0,349.0,62.46418338108882,0.635,61.829183381088825,2022
1629630,Ja Morant,155.0,284.0,54.57746478873239,0.629,53.948464788732394,2022
1627759,Jaylen Brown,172.0,279.0,61.64874551971326,0.629,61.01974551971326,2022
1627783,Pascal Siakam,257.0,446.0,57.62331838565022,0.6260000000000001,56.997318385650225,2022
1628970,Miles Bridges,270.0,442.0,61.085972850678736,0.6370000000000001,60.448972850678736,2022
201939,Stephen Curry,144.0,235.0,61.276595744680854,0.631,60.645595744680854,2022
203897,Zach LaVine,147.0,238.0,61.76470588235294,0.626,61.138705882352944,2022
201142,Kevin Durant,145.0,264.0,54.92424242424242,0.632,54.292242424242424,2022
2544,LeBron James,145.0,267.0,54.30711610486891,0.63,53.67711610486891,2022
1628378,Donovan Mitchell,151.0,216.0,69.9074074074074,0.636,69.27140740740741,2022
1626164,Devin Booker,188.0,327.0,57.49235474006116,0.628,56.86435474006116,2022
1626157,Karl-Anthony Towns,252.0,411.0,61.31386861313869,0.644,60.66986861313869,2022
1629029,Luka Dončić,225.0,359.0,62.674094707520894,0.63,62.04409470752089,2022
203507,Giannis Antetokounmpo,182.0,344.0,52.906976744186046,0.642,52.26497674418604,2022
203999,Nikola Jokić,383.0,623.0,61.476725521669344,0.641,60.835725521669346,2022
1628369,Jayson Tatum,192.0,343.0,55.97667638483965,0.625,55.35167638483965,2022
203954,Joel Embiid,325.0,565.0,57.52212389380531,0.641,56.88112389380531,2022
201942,DeMar DeRozan,209.0,322.0,64.90683229813665,0.631,64.27583229813665,2022
1629027,Trae Young,181.0,270.0,67.03703703703704,0.622,66.41503703703704,2022
1629126,Deonte Burton,1.0,1.0,100.0,0.592,99.408,2023
1628425,Sterling Brown,0.0,1.0,0.0,0.619,-0.619,2023
1631320,Chima Moneke,1.0,1.0,100.0,0.754,99.246,2023
1629653,Devon Dotson,3.0,3.0,100.0,0.631,99.369,2023
1631367,Jacob Gilyard,6.0,7.0,85.71428571428571,0.578,85.1362857142857,2023
1631220,Dereon Seabron,1.0,2.0,50.0,0.68,49.32,2023
1629685,Dylan Windler,1.0,1.0,100.0,0.561,99.439,2023
1628424,Kobi Simmons,3.0,5.0,60.0,0.552,59.448,2023
1630195,Leandro Bolmaro,3.0,7.0,42.857142857142854,0.62,42.23714285714286,2023
1630250,Marko Simonovic,2.0,3.0,66.66666666666667,0.607,66.05966666666667,2023
1629662,Mfiondu Kabengele,3.0,4.0,75.0,0.655,74.345,2023
1630176,Vernon Carey Jr.,0.0,3.0,0.0,0.53,-0.53,2023
1628993,Alize Johnson,0.0,5.0,0.0,0.545,-0.545,2023
1628435,Chance Comanche,1.0,1.0,100.0,0.692,99.308,2023
1629875,Xavier Moon,4.0,5.0,80.0,0.614,79.386,2023
1631112,Kendall Brown,5.0,6.0,83.33333333333333,0.621,82.71233333333333,2023
1630580,Joe Wieskamp,0.0,3.0,0.0,0.701,-0.701,2023
1630225,Isaiah Todd,3.0,8.0,37.5,0.617,36.883,2023
1631306,Cole Swider,5.0,5.0,100.0,0.618,99.382,2023
1631309,Trevor Hudgins,2.0,3.0,66.66666666666667,0.581,66.08566666666667,2023
1628416,Tyler Dorsey,2.0,2.0,100.0,0.596,99.404,2023
1630267,Facundo Campazzo,2.0,2.0,100.0,0.586,99.414,2023
1631303,Justin Minaya,13.0,20.0,65.0,0.622,64.378,2023
1631311,Lester Quinones,1.0,2.0,50.0,0.523,49.477,2023
1630551,Justin Champagnie,2.0,2.0,100.0,0.703,99.297,2023
2738,Andre Iguodala,13.0,20.0,65.0,0.612,64.388,2023
1629674,Neemias Queta,7.0,10.0,70.0,0.636,69.364,2023
1630206,Jay Scrubb,1.0,2.0,50.0,0.529,49.471,2023
1630590,Scotty Pippen Jr.,2.0,5.0,40.0,0.48200000000000004,39.518,2023
1631123,Jamaree Bouyea,8.0,9.0,88.88888888888889,0.615,88.27388888888889,2023
1630620,Darius Days,1.0,2.0,50.0,0.576,49.424,2023
1631205,Buddy Boeheim,12.0,14.0,85.71428571428571,0.658,85.0562857142857,2023
1630564,RaiQuan Gray,1.0,3.0,33.333333333333336,0.673,32.660333333333334,2023
1630270,Xavier Sneed,6.0,12.0,50.0,0.59,49.41,2023
203487,Michael Carter-Williams,4.0,4.0,100.0,0.533,99.467,2023
1630637,Carlik Jones,6.0,6.0,100.0,0.648,99.352,2023
1631120,JD Davison,4.0,6.0,66.66666666666667,0.649,66.01766666666667,2023
1628396,Tony Bradley,7.0,10.0,70.0,0.659,69.341,2023
1628382,Justin Jackson,5.0,13.0,38.46153846153846,0.598,37.86353846153846,2023
1629663,Louis King,3.0,6.0,50.0,0.607,49.393,2023
1631199,Ron Harper Jr.,3.0,6.0,50.0,0.574,49.426,2023
1631298,Jack White,5.0,10.0,50.0,0.693,49.307,2023
1631213,Tyrese Martin,6.0,8.0,75.0,0.663,74.337,2023
1630243,Trevelin Queen,5.0,8.0,62.5,0.616,61.884,2023
1628408,PJ Dozier,4.0,14.0,28.571428571428573,0.66,27.911428571428573,2023
1629714,Jarrell Brantley,1.0,6.0,16.666666666666668,0.648,16.018666666666668,2023
1631157,Ryan Rollins,4.0,5.0,80.0,0.559,79.441,2023
1630695,Micah Potter,12.0,15.0,80.0,0.625,79.375,2023
1628221,Gabe York,8.0,11.0,72.72727272727273,0.657,72.07027272727274,2023
1631165,Keon Ellis,6.0,11.0,54.54545454545455,0.638,53.90745454545455,2023
1630241,Sam Merrill,3.0,5.0,60.0,0.599,59.401,2023
203943,Noah Vonleh,17.0,31.0,54.83870967741935,0.645,54.19370967741935,2023
1630644,Mac McClung,2.0,3.0,66.66666666666667,0.629,66.03766666666667,2023
1627853,Ryan Arcidiacono,11.0,20.0,55.0,0.611,54.389,2023
2617,Udonis Haslem,8.0,14.0,57.142857142857146,0.651,56.49185714285714,2023
1631160,Jordan Hall,9.0,9.0,100.0,0.594,99.406,2023
1630535,Greg Brown III,2.0,7.0,28.571428571428573,0.611,27.960428571428572,2023
1630563,Joshua Primo,11.0,19.0,57.89473684210526,0.602,57.29273684210526,2023
1631246,Vince Williams Jr.,9.0,16.0,56.25,0.634,55.616,2023
1630600,Isaiah Mobley,7.0,12.0,58.333333333333336,0.6709999999999999,57.662333333333336,2023
1631219,John Butler Jr.,27.0,47.0,57.4468085106383,0.629,56.8178085106383,2023
1627885,Shaquille Harrison,12.0,18.0,66.66666666666667,0.616,66.05066666666667,2023
1628998,Cody Martin,9.0,13.0,69.23076923076923,0.6180000000000001,68.61276923076923,2023
203457,Nerlens Noel,37.0,53.0,69.81132075471699,0.651,69.16032075471699,2023
1630846,Olivier Sarr,11.0,18.0,61.111111111111114,0.66,60.45111111111112,2023
1630249,Vít Krejčí,11.0,20.0,55.0,0.59,54.41,2023
1630215,Jared Butler,3.0,5.0,60.0,0.625,59.375,2023
1631466,Nate Williams,14.0,21.0,66.66666666666667,0.621,66.04566666666668,2023
1641645,Xavier Cooks,18.0,29.0,62.06896551724138,0.663,61.405965517241384,2023
1630209,Omer Yurtseven,7.0,12.0,58.333333333333336,0.651,57.68233333333333,2023
1630554,Jason Preston,8.0,12.0,66.66666666666667,0.643,66.02366666666667,2023
1630531,Jaden Springer,7.0,12.0,58.333333333333336,0.635,57.69833333333334,2023
1631111,Wendell Moore Jr.,22.0,31.0,70.96774193548387,0.612,70.35574193548388,2023
203086,Meyers Leonard,19.0,26.0,73.07692307692308,0.628,72.44892307692308,2023
203458,Alex Len,19.0,37.0,51.351351351351354,0.664,50.68735135135135,2023
203920,Khem Birch,19.0,28.0,67.85714285714286,0.632,67.22514285714286,2023
1629633,Jarrett Culver,19.0,29.0,65.51724137931035,0.636,64.88124137931035,2023
203490,Otto Porter Jr.,21.0,31.0,67.74193548387096,0.618,67.12393548387097,2023
1630696,Dru Smith,18.0,30.0,60.0,0.625,59.375,2023
1631197,Jared Rhoden,8.0,20.0,40.0,0.584,39.416,2023
1631169,Josh Minott,9.0,20.0,45.0,0.571,44.429,2023
1629644,KZ Okpala,23.0,44.0,52.27272727272727,0.631,51.64172727272727,2023
203521,Matthew Dellavedova,13.0,20.0,65.0,0.617,64.383,2023
1628464,Daniel Theis,15.0,23.0,65.21739130434783,0.685,64.53239130434783,2023
1629623,Lindell Wigginton,7.0,12.0,58.333333333333336,0.628,57.705333333333336,2023
202066,Garrett Temple,18.0,31.0,58.064516129032256,0.621,57.443516129032254,2023
1630643,Jay Huff,14.0,24.0,58.333333333333336,0.659,57.67433333333334,2023
201949,James Johnson,10.0,13.0,76.92307692307692,0.651,76.27207692307692,2023
203648,Thanasis Antetokounmpo,26.0,39.0,66.66666666666667,0.628,66.03866666666667,2023
1630235,Trent Forrest,27.0,44.0,61.36363636363637,0.629,60.73463636363637,2023
1628371,Jonathan Isaac,9.0,14.0,64.28571428571429,0.617,63.668714285714294,2023
1630639,A.J. Lawson,11.0,14.0,78.57142857142857,0.631,77.94042857142857,2023
1631245,Quenton Jackson,18.0,26.0,69.23076923076923,0.624,68.60676923076923,2023
1629603,Mamadi Diakite,30.0,43.0,69.76744186046511,0.63,69.13744186046512,2023
1631217,Moussa Diabaté,29.0,47.0,61.702127659574465,0.637,61.065127659574465,2023
201980,Danny Green,13.0,16.0,81.25,0.636,80.614,2023
1630288,Jeff Dowtin Jr.,18.0,30.0,60.0,0.642,59.358,2023
201586,Serge Ibaka,18.0,34.0,52.94117647058823,0.624,52.31717647058823,2023
1629677,Luka Samanic,17.0,26.0,65.38461538461539,0.654,64.73061538461539,2023
202689,Kemba Walker,15.0,21.0,71.42857142857143,0.632,70.79657142857143,2023
1631212,Peyton Watson,25.0,39.0,64.1025641025641,0.634,63.4685641025641,2023
1631113,Kennedy Chandler,24.0,33.0,72.72727272727273,0.599,72.12827272727273,2023
1630219,Skylar Mays,23.0,31.0,74.19354838709677,0.624,73.56954838709677,2023
1631107,Nikola Jović,28.0,40.0,70.0,0.656,69.344,2023
1631207,Dalen Terry,17.0,26.0,65.38461538461539,0.6500000000000001,64.73461538461538,2023
1630561,David Duke Jr.,23.0,36.0,63.888888888888886,0.628,63.260888888888886,2023
1630548,Johnny Juzang,19.0,29.0,65.51724137931035,0.637,64.88024137931035,2023
1626163,Frank Kaminsky,39.0,56.0,69.64285714285714,0.651,68.99185714285714,2023
1630678,Terry Taylor,18.0,28.0,64.28571428571429,0.638,63.647714285714294,2023
1627854,Bryn Forbes,16.0,26.0,61.53846153846154,0.619,60.91946153846154,2023
1628432,Davon Reed,28.0,42.0,66.66666666666667,0.599,66.06766666666667,2023
1629033,Theo Pinson,44.0,59.0,74.57627118644068,0.621,73.95527118644068,2023
203469,Cody Zeller,33.0,48.0,68.75,0.662,68.088,2023
1631288,Jamal Cain,21.0,27.0,77.77777777777777,0.613,77.16477777777777,2023
1630556,Kessler Edwards,38.0,70.0,54.285714285714285,0.647,53.638714285714286,2023
1627780,Gary Payton II,34.0,56.0,60.714285714285715,0.643,60.071285714285715,2023
1631230,Dominick Barlow,61.0,110.0,55.45454545454545,0.644,54.810545454545455,2023
1626246,Boban Marjanovic,18.0,27.0,66.66666666666667,0.651,66.01566666666668,2023
1631222,Jake LaRavia,42.0,73.0,57.534246575342465,0.616,56.918246575342465,2023
202397,Ish Smith,37.0,48.0,77.08333333333333,0.614,76.46933333333332,2023
201577,Robin Lopez,55.0,87.0,63.2183908045977,0.652,62.5663908045977,2023
203476,Gorgui Dieng,59.0,90.0,65.55555555555556,0.636,64.91955555555556,2023
1630184,Kira Lewis Jr.,21.0,31.0,67.74193548387096,0.658,67.08393548387096,2023
1630593,McKinley Wright IV,37.0,59.0,62.71186440677966,0.62,62.09186440677966,2023
1631115,Orlando Robinson,56.0,91.0,61.53846153846154,0.64,60.89846153846154,2023
1630577,Julian Champagnie,37.0,60.0,61.666666666666664,0.627,61.03966666666666,2023
1631254,Kenneth Lofton Jr.,19.0,27.0,70.37037037037037,0.612,69.75837037037037,2023
1631116,Patrick Baldwin Jr.,30.0,41.0,73.17073170731707,0.628,72.54273170731707,2023
1630346,Matt Ryan,30.0,51.0,58.8235294117647,0.614,58.209529411764706,2023
1627823,Juancho Hernangomez,67.0,107.0,62.61682242990654,0.6350000000000001,61.98182242990654,2023
203109,Jae Crowder,35.0,64.0,54.6875,0.618,54.0695,2023
1628962,Udoka Azubuike,37.0,64.0,57.8125,0.651,57.1615,2023
1631108,Max Christie,40.0,76.0,52.63157894736842,0.627,52.004578947368415,2023
1629643,Chuma Okeke,56.0,87.0,64.36781609195403,0.641,63.72681609195403,2023
1626158,Richaun Holmes,39.0,64.0,60.9375,0.643,60.2945,2023
202693,Markieff Morris,42.0,67.0,62.6865671641791,0.625,62.0615671641791,2023
1628373,Frank Ntilikina,63.0,99.0,63.63636363636363,0.628,63.00836363636363,2023
1630233,Nathan Knight,25.0,44.0,56.81818181818182,0.639,56.17918181818182,2023
1627788,Furkan Korkmaz,32.0,48.0,66.66666666666667,0.605,66.06166666666667,2023
1630284,Kevon Harris,33.0,53.0,62.264150943396224,0.636,61.62815094339622,2023
1630625,Dalano Banton,28.0,44.0,63.63636363636363,0.644,62.992363636363635,2023
1627745,Damian Jones,45.0,85.0,52.94117647058823,0.646,52.29517647058823,2023
1630527,Brandon Boston,24.0,40.0,60.0,0.61,59.39,2023
1631102,TyTy Washington Jr.,40.0,57.0,70.17543859649123,0.611,69.56443859649123,2023
1630240,Saben Lee,32.0,47.0,68.08510638297872,0.614,67.47110638297872,2023
201565,Derrick Rose,26.0,47.0,55.319148936170215,0.61,54.709148936170216,2023
1628981,Bruno Fernando,54.0,90.0,60.0,0.641,59.359,2023
1631260,AJ Green,30.0,47.0,63.829787234042556,0.635,63.19478723404256,2023
1629650,Moses Brown,39.0,73.0,53.42465753424658,0.64,52.78465753424658,2023
1629678,Admiral Schofield,37.0,56.0,66.07142857142857,0.635,65.43642857142856,2023
1629308,Juan Toscano-Anderson,71.0,110.0,64.54545454545455,0.643,63.902454545454546,2023
1629162,Jordan McLaughlin,58.0,84.0,69.04761904761905,0.62,68.42761904761905,2023
203526,Raul Neto,37.0,61.0,60.65573770491803,0.608,60.047737704918035,2023
1630539,Kai Jones,43.0,95.0,45.26315789473684,0.631,44.63215789473684,2023
1631098,Johnny Davis,38.0,55.0,69.0909090909091,0.631,68.4599090909091,2023
203095,Evan Fournier,38.0,49.0,77.55102040816327,0.615,76.93602040816327,2023
1629750,Javonte Green,42.0,76.0,55.26315789473684,0.642,54.62115789473684,2023
1631104,Blake Wesley,53.0,88.0,60.22727272727273,0.608,59.61927272727273,2023
1629048,Goga Bitadze,50.0,89.0,56.17977528089887,0.655,55.52477528089887,2023
1629676,Isaiah Roby,56.0,90.0,62.22222222222222,0.638,61.58422222222222,2023
201959,Taj Gibson,62.0,87.0,71.26436781609195,0.649,70.61536781609195,2023
201933,Blake Griffin,66.0,98.0,67.34693877551021,0.635,66.7119387755102,2023
1626169,Stanley Johnson,36.0,69.0,52.17391304347826,0.619,51.55491304347826,2023
201937,Ricky Rubio,43.0,71.0,60.563380281690144,0.613,59.950380281690144,2023
1629599,Amir Coffey,47.0,70.0,67.14285714285714,0.624,66.51885714285714,2023
1630568,Luka Garza,43.0,63.0,68.25396825396825,0.651,67.60296825396826,2023
1630579,Jericho Sims,97.0,148.0,65.54054054054055,0.653,64.88754054054054,2023
202083,Wesley Matthews,64.0,91.0,70.32967032967034,0.643,69.68667032967033,2023
1631132,Christian Koloko,101.0,186.0,54.30107526881721,0.64,53.66107526881721,2023
203585,Rodney McGruder,42.0,56.0,75.0,0.641,74.359,2023
201580,JaVale McGee,69.0,107.0,64.48598130841121,0.643,63.84298130841121,2023
1630553,Keon Johnson,40.0,64.0,62.5,0.607,61.893,2023
1630547,James Bouknight,49.0,78.0,62.82051282051282,0.627,62.193512820512815,2023
1631172,Ousmane Dieng,53.0,100.0,53.0,0.61,52.39,2023
1631216,Caleb Houstan,53.0,98.0,54.08163265306123,0.637,53.44463265306123,2023
1630264,Anthony Gill,59.0,101.0,58.415841584158414,0.641,57.774841584158416,2023
1626159,Justise Winslow,54.0,93.0,58.064516129032256,0.642,57.42251612903225,2023
203473,Dewayne Dedmon,49.0,86.0,56.97674418604651,0.654,56.322744186046506,2023
1629646,Charles Bassey,67.0,118.0,56.779661016949156,0.645,56.13466101694915,2023
201599,DeAndre Jordan,73.0,113.0,64.60176991150442,0.648,63.953769911504416,2023
203200,Justin Holiday,77.0,118.0,65.2542372881356,0.6429999999999999,64.6112372881356,2023
202722,Dāvis Bertāns,51.0,90.0,56.666666666666664,0.633,56.03366666666666,2023
1629731,Dean Wade,84.0,141.0,59.57446808510638,0.632,58.942468085106384,2023
1631133,Jabari Walker,77.0,139.0,55.39568345323741,0.625,54.77068345323741,2023
1630533,Ziaire Williams,51.0,99.0,51.515151515151516,0.623,50.89215151515152,2023
1630322,Lindy Waters III,52.0,85.0,61.1764705882353,0.641,60.5354705882353,2023
1628467,Maxi Kleber,122.0,184.0,66.30434782608695,0.627,65.67734782608696,2023
1629004,Svi Mykhailiuk,43.0,65.0,66.15384615384616,0.622,65.53184615384616,2023
1630540,Miles McBride,62.0,114.0,54.3859649122807,0.618,53.767964912280696,2023
1629647,Darius Bazley,91.0,162.0,56.17283950617284,0.643,55.52983950617284,2023
1630586,Usman Garuba,132.0,206.0,64.07766990291262,0.638,63.43966990291262,2023
1630227,Daishen Nix,87.0,133.0,65.41353383458646,0.629,64.78453383458645,2023
1630549,Day'Ron Sharpe,71.0,119.0,59.66386554621849,0.6470000000000001,59.01686554621849,2023
1630700,Dyson Daniels,122.0,196.0,62.244897959183675,0.639,61.60589795918367,2023
201588,George Hill,58.0,101.0,57.42574257425743,0.609,56.816742574257425,2023
1629637,Jaxson Hayes,49.0,78.0,62.82051282051282,0.636,62.184512820512815,2023
1629312,Haywood Highsmith,75.0,131.0,57.25190839694657,0.622,56.62990839694657,2023
1630595,Cade Cunningham,45.0,71.0,63.38028169014085,0.655,62.72528169014085,2023
201152,Thaddeus Young,105.0,140.0,75.0,0.645,74.355,2023
1630572,Sandro Mamukelashvili,88.0,134.0,65.67164179104478,0.635,65.03664179104477,2023
1630613,Duane Washington Jr.,41.0,63.0,65.07936507936508,0.645,64.43436507936508,2023
201988,Patty Mills,43.0,59.0,72.88135593220339,0.633,72.2483559322034,2023
1630201,Malachi Flynn,55.0,82.0,67.07317073170732,0.63,66.44317073170733,2023
1631121,Bryce McGowens,57.0,96.0,59.375,0.606,58.769,2023
1628988,Aaron Holiday,79.0,111.0,71.17117117117117,0.622,70.54917117117117,2023
1630688,Ish Wainright,53.0,86.0,61.627906976744185,0.627,61.00090697674418,2023
203085,Austin Rivers,75.0,111.0,67.56756756756756,0.6199999999999999,66.94756756756756,2023
1629726,Garrison Mathews,56.0,77.0,72.72727272727273,0.634,72.09327272727273,2023
1628436,Luke Kornet,114.0,199.0,57.28643216080402,0.638,56.64843216080402,2023
1626195,Willy Hernangomez,85.0,124.0,68.54838709677419,0.649,67.89938709677419,2023
1630550,JT Thor,128.0,200.0,64.0,0.634,63.366,2023
202687,Bismack Biyombo,116.0,230.0,50.43478260869565,0.647,49.78778260869565,2023
1630699,MarJon Beauchamp,65.0,102.0,63.72549019607843,0.616,63.10949019607843,2023
200782,P.J. Tucker,131.0,200.0,65.5,0.645,64.855,2023
1629130,Duncan Robinson,51.0,75.0,68.0,0.631,67.369,2023
1627863,Danuel House Jr.,73.0,113.0,64.60176991150442,0.624,63.97776991150442,2023
1630202,Payton Pritchard,47.0,74.0,63.513513513513516,0.61,62.903513513513516,2023
1630197,Aleksej Pokusevski,127.0,213.0,59.624413145539904,0.649,58.9754131455399,2023
1630192,Zeke Nnaji,80.0,136.0,58.8235294117647,0.637,58.1865294117647,2023
1629641,Romeo Langford,59.0,89.0,66.29213483146067,0.631,65.66113483146067,2023
1630647,Eugene Omoruyi,43.0,84.0,51.19047619047619,0.637,50.55347619047619,2023
1629057,Robert Williams III,60.0,109.0,55.04587155963303,0.6290000000000001,54.41687155963303,2023
1630256,Jae'Sean Tate,40.0,83.0,48.19277108433735,0.621,47.57177108433735,2023
1630194,Paul Reed,116.0,193.0,60.10362694300518,0.632,59.471626943005184,2023
203496,Robert Covington,97.0,156.0,62.17948717948718,0.629,61.550487179487185,2023
1631119,Jaylin Williams,134.0,189.0,70.8994708994709,0.648,70.2514708994709,2023
1627739,Kris Dunn,50.0,75.0,66.66666666666667,0.633,66.03366666666668,2023
1630541,Moses Moody,82.0,131.0,62.595419847328245,0.623,61.97241984732825,2023
1627732,Ben Simmons,115.0,187.0,61.49732620320856,0.644,60.85332620320856,2023
1630526,Jeremiah Robinson-Earl,110.0,178.0,61.79775280898876,0.646,61.15175280898876,2023
200752,Rudy Gay,79.0,139.0,56.83453237410072,0.627,56.207532374100715,2023
1629680,Matisse Thybulle,100.0,155.0,64.51612903225806,0.626,63.890129032258066,2023
1630177,Theo Maledon,88.0,140.0,62.857142857142854,0.62,62.23714285714286,2023
1628427,Vlatko Čančar,79.0,110.0,71.81818181818181,0.6349999999999999,71.18318181818181,2023
1630181,R.J. Hampton,75.0,122.0,61.47540983606557,0.622,60.85340983606557,2023
1627884,Derrick Jones Jr.,86.0,138.0,62.31884057971015,0.631,61.68784057971015,2023
1629660,Ty Jerome,73.0,113.0,64.60176991150442,0.623,63.97876991150442,2023
203933,T.J. Warren,72.0,108.0,66.66666666666667,0.651,66.01566666666668,2023
204060,Joe Ingles,65.0,105.0,61.904761904761905,0.6230000000000001,61.28176190476191,2023
1626149,Montrezl Harrell,87.0,136.0,63.970588235294116,0.638,63.33258823529412,2023
1629002,Chimezie Metu,99.0,169.0,58.57988165680474,0.638,57.94188165680474,2023
1629139,Yuta Watanabe,123.0,196.0,62.755102040816325,0.624,62.13110204081632,2023
1628964,Mo Bamba,95.0,156.0,60.8974358974359,0.636,60.261435897435895,2023
1631323,Simone Fontecchio,60.0,86.0,69.76744186046511,0.629,69.13844186046511,2023
1630205,Lamar Stevens,91.0,159.0,57.23270440251572,0.631,56.60170440251572,2023
1630587,Isaiah Livers,113.0,205.0,55.1219512195122,0.624,54.497951219512196,2023
1629013,Landry Shamet,68.0,109.0,62.38532110091743,0.623,61.76232110091743,2023
1629638,Nickeil Alexander-Walker,80.0,144.0,55.55555555555556,0.624,54.931555555555555,2023
1629642,Nassir Little,96.0,152.0,63.1578947368421,0.626,62.531894736842105,2023
1631128,Christian Braun,109.0,168.0,64.88095238095238,0.641,64.23995238095237,2023
203500,Steven Adams,137.0,261.0,52.490421455938694,0.643,51.847421455938694,2023
203967,Dario Šarić,91.0,141.0,64.53900709219859,0.641,63.89800709219859,2023
201609,Goran Dragic,63.0,97.0,64.94845360824742,0.616,64.33245360824742,2023
1630537,Chris Duarte,107.0,169.0,63.31360946745562,0.62,62.69360946745562,2023
1629723,John Konchar,167.0,276.0,60.507246376811594,0.62,59.887246376811596,2023
203210,JaMychal Green,91.0,134.0,67.91044776119404,0.641,67.26944776119403,2023
1626153,Delon Wright,132.0,206.0,64.07766990291262,0.628,63.44966990291262,2023
1630528,Josh Christopher,75.0,114.0,65.78947368421052,0.6300000000000001,65.15947368421052,2023
1629117,Wenyen Gabriel,137.0,240.0,57.083333333333336,0.636,56.44733333333333,2023
1627936,Alex Caruso,148.0,243.0,60.90534979423868,0.625,60.28034979423868,2023
1628410,Edmond Sumner,55.0,81.0,67.90123456790124,0.637,67.26423456790124,2023
203115,Will Barton,85.0,120.0,70.83333333333333,0.64,70.19333333333333,2023
203488,Mike Muscala,128.0,210.0,60.95238095238095,0.643,60.30938095238095,2023
202322,John Wall,67.0,103.0,65.04854368932038,0.62,64.42854368932038,2023
1631109,Mark Williams,149.0,238.0,62.60504201680672,0.648,61.95704201680672,2023
1629629,Cam Reddish,93.0,144.0,64.58333333333333,0.633,63.950333333333326,2023
1628995,Kevin Knox II,70.0,112.0,62.5,0.6290000000000001,61.871,2023
1630552,Jalen Johnson,118.0,199.0,59.2964824120603,0.639,58.6574824120603,2023
203914,Gary Harris,73.0,111.0,65.76576576576576,0.6440000000000001,65.12176576576576,2023
1629052,Oshae Brissett,100.0,165.0,60.60606060606061,0.637,59.96906060606061,2023
203083,Andre Drummond,123.0,195.0,63.07692307692308,0.654,62.42292307692308,2023
1630237,Anthony Lamb,141.0,243.0,58.02469135802469,0.621,57.40369135802469,2023
1628392,Isaiah Hartenstein,192.0,332.0,57.83132530120482,0.641,57.19032530120482,2023
1630692,Jordan Goodwin,112.0,193.0,58.031088082901555,0.625,57.406088082901555,2023
201976,Patrick Beverley,191.0,274.0,69.7080291970803,0.64,69.06802919708029,2023
1630702,Jaden Hardy,65.0,92.0,70.65217391304348,0.628,70.02417391304348,2023
1629026,Kenrich Williams,101.0,165.0,61.21212121212121,0.626,60.58612121212121,2023
202709,Cory Joseph,119.0,176.0,67.61363636363636,0.621,66.99263636363636,2023
1630214,Xavier Tillman,147.0,265.0,55.471698113207545,0.631,54.840698113207544,2023
1629056,Terence Davis,87.0,134.0,64.92537313432835,0.62,64.30537313432835,2023
1629011,Mitchell Robinson,150.0,262.0,57.25190839694657,0.644,56.60790839694657,2023
201145,Jeff Green,99.0,155.0,63.87096774193548,0.63,63.24096774193548,2023
1626204,Larry Nance Jr.,154.0,226.0,68.14159292035399,0.652,67.48959292035399,2023
1630570,Trendon Watford,174.0,267.0,65.1685393258427,0.636,64.5325393258427,2023
203506,Victor Oladipo,93.0,133.0,69.92481203007519,0.62,69.30481203007518,2023
1630164,James Wiseman,134.0,199.0,67.33668341708542,0.649,66.68768341708542,2023
1630558,Davion Mitchell,134.0,197.0,68.02030456852792,0.616,67.40430456852792,2023
1630543,Isaiah Jackson,168.0,289.0,58.13148788927336,0.641,57.49048788927336,2023
1629111,Jock Landale,141.0,248.0,56.854838709677416,0.645,56.20983870967741,2023
1631223,David Roddy,106.0,187.0,56.68449197860963,0.622,56.06249197860963,2023
1626192,Pat Connaughton,109.0,199.0,54.77386934673367,0.6449999999999999,54.128869346733666,2023
1630534,Ochai Agbaji,88.0,147.0,59.863945578231295,0.624,59.23994557823129,2023
1628372,Dennis Smith Jr.,106.0,198.0,53.535353535353536,0.612,52.923353535353534,2023
1627752,Taurean Prince,92.0,152.0,60.526315789473685,0.622,59.904315789473685,2023
201587,Nicolas Batum,183.0,310.0,59.03225806451613,0.636,58.396258064516125,2023
1630598,Aaron Wiggins,150.0,247.0,60.72874493927125,0.622,60.10674493927125,2023
1630171,Isaac Okoro,99.0,180.0,55.0,0.628,54.372,2023
1626166,Cameron Payne,73.0,112.0,65.17857142857143,0.63,64.54857142857144,2023
1629234,Drew Eubanks,278.0,471.0,59.02335456475584,0.641,58.38235456475584,2023
1629134,Kendrick Nunn,92.0,145.0,63.44827586206897,0.626,62.82227586206897,2023
203114,Khris Middleton,60.0,89.0,67.41573033707866,0.62,66.79573033707865,2023
1630167,Obi Toppin,67.0,109.0,61.46788990825688,0.6339999999999999,60.83388990825688,2023
1628963,Marvin Bagley III,109.0,184.0,59.23913043478261,0.656,58.58313043478261,2023
1628977,Hamidou Diallo,87.0,149.0,58.38926174496644,0.644,57.74526174496644,2023
203939,Dwight Powell,214.0,344.0,62.2093023255814,0.642,61.567302325581394,2023
1630173,Precious Achiuwa,146.0,237.0,61.60337552742616,0.645,60.958375527426156,2023
201567,Kevin Love,135.0,209.0,64.5933014354067,0.644,63.9493014354067,2023
1630573,Sam Hauser,118.0,200.0,59.0,0.618,58.382,2023
1630544,Tre Mann,115.0,184.0,62.5,0.63,61.87,2023
203082,Terrence Ross,119.0,174.0,68.39080459770115,0.631,67.75980459770115,2023
1630591,Jalen Suggs,101.0,164.0,61.58536585365854,0.633,60.952365853658534,2023
1629006,Josh Okogie,125.0,210.0,59.523809523809526,0.629,58.89480952380953,2023
1630208,Nick Richards,188.0,324.0,58.02469135802469,0.657,57.367691358024686,2023
1628984,Devonte' Graham,122.0,169.0,72.18934911242603,0.628,71.56134911242603,2023
1628972,Troy Brown Jr.,207.0,309.0,66.99029126213593,0.633,66.35729126213593,2023
1629670,Jordan Nwora,104.0,160.0,65.0,0.626,64.374,2023
1628379,Luke Kennard,103.0,163.0,63.190184049079754,0.624,62.56618404907975,2023
1630182,Josh Green,118.0,168.0,70.23809523809524,0.625,69.61309523809524,2023
1630631,Jose Alvarado,100.0,146.0,68.4931506849315,0.631,67.8621506849315,2023
1627827,Dorian Finney-Smith,201.0,350.0,57.42857142857143,0.645,56.78357142857143,2023
1629634,Brandon Clarke,109.0,204.0,53.431372549019606,0.633,52.798372549019604,2023
1630191,Isaiah Stewart,158.0,260.0,60.76923076923077,0.654,60.11523076923076,2023
203552,Seth Curry,94.0,136.0,69.11764705882354,0.624,68.49364705882354,2023
203493,Reggie Bullock Jr.,195.0,309.0,63.10679611650485,0.637,62.46979611650485,2023
1626168,Trey Lyles,121.0,208.0,58.17307692307692,0.629,57.54407692307692,2023
203925,Joe Harris,120.0,188.0,63.829787234042556,0.641,63.18878723404256,2023
1626172,Kevon Looney,253.0,421.0,60.09501187648456,0.6430000000000001,59.45201187648456,2023
1628418,Thomas Bryant,181.0,263.0,68.8212927756654,0.646,68.1752927756654,2023
1626157,Karl-Anthony Towns,80.0,138.0,57.971014492753625,0.627,57.34401449275362,2023
1628470,Torrey Craig,169.0,293.0,57.67918088737201,0.636,57.04318088737201,2023
1628966,Keita Bates-Diop,147.0,234.0,62.82051282051282,0.642,62.178512820512815,2023
1629021,Moritz Wagner,160.0,220.0,72.72727272727273,0.653,72.07427272727273,2023
1631105,Jalen Duren,223.0,379.0,58.83905013192612,0.649,58.19005013192612,2023
1630560,Cam Thomas,90.0,149.0,60.40268456375839,0.632,59.770684563758394,2023
1627814,Damion Lee,144.0,223.0,64.57399103139014,0.63,63.943991031390134,2023
1631110,Jeremy Sochan,161.0,275.0,58.54545454545455,0.637,57.908454545454546,2023
203110,Draymond Green,204.0,387.0,52.713178294573645,0.642,52.07117829457364,2023
200768,Kyle Lowry,134.0,201.0,66.66666666666667,0.635,66.03166666666667,2023
201143,Al Horford,214.0,365.0,58.63013698630137,0.641,57.989136986301375,2023
203952,Andrew Wiggins,103.0,168.0,61.30952380952381,0.638,60.67152380952381,2023
1629020,Jarred Vanderbilt,228.0,362.0,62.98342541436464,0.642,62.341425414364636,2023
1629626,Bol Bol,156.0,238.0,65.54621848739495,0.644,64.90221848739495,2023
1628420,Monté Morris,153.0,238.0,64.28571428571429,0.626,63.659714285714294,2023
1627777,Georges Niang,133.0,200.0,66.5,0.631,65.869,2023
1629003,Shake Milton,97.0,147.0,65.98639455782313,0.62,65.36639455782313,2023
1631100,AJ Griffin,152.0,237.0,64.13502109704642,0.635,63.50002109704642,2023
203926,Doug McDermott,96.0,161.0,59.62732919254658,0.632,58.995329192546585,2023
203937,Kyle Anderson,173.0,295.0,58.644067796610166,0.63,58.01406779661016,2023
1629216,Gabe Vincent,116.0,172.0,67.44186046511628,0.622,66.81986046511628,2023
1629684,Grant Williams,167.0,259.0,64.47876447876448,0.633,63.84576447876447,2023
1630188,Jalen Smith,174.0,287.0,60.62717770034843,0.641,59.986177700348435,2023
1631103,Malaki Branham,129.0,200.0,64.5,0.635,63.865,2023
1626196,Josh Richardson,137.0,203.0,67.48768472906404,0.626,66.86168472906404,2023
202692,Alec Burks,100.0,165.0,60.60606060606061,0.63,59.97606060606061,2023
1630529,Herbert Jones,188.0,280.0,67.14285714285714,0.636,66.50685714285714,2023
1629661,Cameron Johnson,98.0,162.0,60.49382716049383,0.636,59.85782716049383,2023
204456,T.J. McConnell,109.0,178.0,61.235955056179776,0.623,60.61295505617978,2023
1628975,Jevon Carter,122.0,192.0,63.541666666666664,0.619,62.922666666666665,2023
1629022,Lonnie Walker IV,106.0,164.0,64.63414634146342,0.633,64.00114634146342,2023
1628978,Donte DiVincenzo,194.0,321.0,60.43613707165109,0.626,59.81013707165109,2023
1630538,Bones Hyland,109.0,166.0,65.66265060240964,0.614,65.04865060240964,2023
1630228,Jonathan Kuminga,142.0,241.0,58.92116182572614,0.636,58.285161825726135,2023
1626224,Cedi Osman,91.0,142.0,64.08450704225352,0.618,63.46650704225352,2023
1626220,Royce O'Neale,260.0,438.0,59.36073059360731,0.636,58.724730593607305,2023
1630245,Ayo Dosunmu,176.0,280.0,62.857142857142854,0.622,62.235142857142854,2023
1631117,Walker Kessler,256.0,497.0,51.50905432595574,0.646,50.86305432595574,2023
1628997,Caleb Martin,229.0,346.0,66.18497109826589,0.628,65.55697109826589,2023
1629012,Collin Sexton,80.0,127.0,62.99212598425197,0.621,62.37112598425197,2023
1630198,Isaiah Joe,125.0,198.0,63.13131313131313,0.63,62.501313131313125,2023
202704,Reggie Jackson,134.0,221.0,60.633484162895925,0.6209999999999999,60.01248416289592,2023
203994,Jusuf Nurkić,237.0,384.0,61.71875,0.653,61.06575,2023
1630583,Santi Aldama,239.0,386.0,61.917098445595855,0.632,61.28509844559586,2023
1630166,Deni Avdija,228.0,377.0,60.47745358090186,0.639,59.838453580901856,2023
1629659,Talen Horton-Tucker,112.0,182.0,61.53846153846154,0.627,60.91146153846154,2023
1630230,Naji Marshall,147.0,225.0,65.33333333333333,0.636,64.69733333333333,2023
1630170,Devin Vassell,111.0,175.0,63.42857142857143,0.63,62.79857142857143,2023
203935,Marcus Smart,129.0,192.0,67.1875,0.634,66.5535,2023
1629669,Jaylen Nowell,121.0,169.0,71.59763313609467,0.626,70.97163313609467,2023
1629655,Daniel Gafford,251.0,456.0,55.04385964912281,0.651,54.392859649122805,2023
1629632,Coby White,148.0,226.0,65.48672566371681,0.635,64.8517256637168,2023
1629060,Rui Hachimura,103.0,185.0,55.67567567567568,0.634,55.04167567567568,2023
1628380,Zach Collins,254.0,442.0,57.46606334841629,0.6459999999999999,56.82006334841629,2023
1629614,Andrew Nembhard,174.0,301.0,57.80730897009967,0.631,57.17630897009967,2023
1628449,Chris Boucher,139.0,229.0,60.698689956331876,0.637,60.061689956331875,2023
1629611,Terance Mann,184.0,274.0,67.15328467153284,0.633,66.52028467153285,2023
202694,Marcus Morris Sr.,162.0,251.0,64.54183266932272,0.634,63.907832669322715,2023
202330,Gordon Hayward,91.0,149.0,61.07382550335571,0.642,60.431825503355704,2023
1630174,Aaron Nesmith,199.0,317.0,62.77602523659306,0.646,62.130025236593056,2023
1628404,Josh Hart,256.0,398.0,64.321608040201,0.638,63.683608040201,2023
1628960,Grayson Allen,167.0,251.0,66.53386454183267,0.631,65.90286454183267,2023
1629627,Zion Williamson,69.0,114.0,60.526315789473685,0.631,59.895315789473685,2023
1629667,Jalen McDaniels,187.0,299.0,62.541806020066886,0.629,61.91280602006689,2023
203992,Bogdan Bogdanović,166.0,262.0,63.3587786259542,0.631,62.7277786259542,2023
1631106,Tari Eason,169.0,257.0,65.75875486381322,0.633,65.12575486381323,2023
201144,Mike Conley,184.0,293.0,62.79863481228669,0.63,62.16863481228669,2023
203991,Clint Capela,234.0,398.0,58.79396984924623,0.649,58.14496984924623,2023
1629001,De'Anthony Melton,213.0,335.0,63.582089552238806,0.623,62.95908955223881,2023
1629675,Naz Reid,215.0,345.0,62.31884057971015,0.639,61.679840579710145,2023
1630175,Cole Anthony,134.0,198.0,67.67676767676768,0.633,67.04376767676769,2023
1630165,Killian Hayes,235.0,361.0,65.09695290858726,0.636,64.46095290858726,2023
1631101,Shaedon Sharpe,175.0,273.0,64.1025641025641,0.627,63.4755641025641,2023
1630168,Onyeka Okongwu,274.0,458.0,59.82532751091703,0.6389999999999999,59.186327510917025,2023
1629656,Quentin Grimes,173.0,280.0,61.785714285714285,0.624,61.16171428571428,2023
1630200,Tre Jones,222.0,343.0,64.72303206997084,0.626,64.09703206997084,2023
1627826,Ivica Zubac,274.0,506.0,54.1501976284585,0.652,53.4981976284585,2023
101108,Chris Paul,149.0,248.0,60.08064516129032,0.634,59.44664516129032,2023
1630557,Corey Kispert,192.0,315.0,60.95238095238095,0.63,60.322380952380946,2023
203484,Kentavious Caldwell-Pope,176.0,249.0,70.68273092369478,0.62,70.06273092369477,2023
1626145,Tyus Jones,120.0,199.0,60.301507537688444,0.619,59.682507537688444,2023
1630172,Patrick Williams,218.0,357.0,61.06442577030813,0.637,60.427425770308126,2023
203471,Dennis Schröder,177.0,268.0,66.04477611940298,0.618,65.42677611940299,2023
1630559,Austin Reaves,187.0,304.0,61.51315789473684,0.623,60.890157894736845,2023
1628365,Markelle Fultz,148.0,212.0,69.81132075471699,0.63,69.18132075471699,2023
1630163,LaMelo Ball,119.0,187.0,63.63636363636363,0.625,63.01136363636363,2023
203482,Kelly Olynyk,285.0,470.0,60.638297872340424,0.641,59.997297872340425,2023
201569,Eric Gordon,116.0,163.0,71.16564417177914,0.628,70.53764417177914,2023
203486,Mason Plumlee,300.0,481.0,62.37006237006237,0.647,61.72306237006237,2023
1628976,Wendell Carter Jr.,211.0,351.0,60.11396011396011,0.64,59.47396011396011,2023
1627751,Jakob Poeltl,325.0,537.0,60.52141527001862,0.644,59.87741527001862,2023
1627747,Caris LeVert,182.0,309.0,58.89967637540453,0.627,58.27267637540453,2023
1629622,Max Strus,189.0,274.0,68.97810218978103,0.631,68.34710218978103,2023
1628971,Bruce Brown,222.0,351.0,63.24786324786325,0.626,62.62186324786325,2023
203497,Rudy Gobert,298.0,526.0,56.653992395437264,0.644,56.009992395437266,2023
1628381,John Collins,267.0,422.0,63.27014218009479,0.648,62.622142180094784,2023
1630183,Jaden McDaniels,226.0,404.0,55.94059405940594,0.631,55.30959405940594,2023
1629651,Nic Claxton,299.0,533.0,56.09756097560975,0.64,55.45756097560975,2023
1628386,Jarrett Allen,256.0,462.0,55.41125541125541,0.641,54.77025541125541,2023
1626162,Kelly Oubre Jr.,132.0,210.0,62.857142857142854,0.63,62.22714285714285,2023
1631099,Keegan Murray,201.0,320.0,62.8125,0.631,62.1815,2023
1626171,Bobby Portis,192.0,305.0,62.950819672131146,0.641,62.30981967213115,2023
1627763,Malcolm Brogdon,137.0,222.0,61.711711711711715,0.632,61.07971171171172,2023
1631095,Jabari Smith Jr.,298.0,473.0,63.00211416490486,0.644,62.35811416490486,2023
1629652,Luguentz Dort,185.0,284.0,65.14084507042253,0.628,64.51284507042253,2023
1628401,Derrick White,238.0,425.0,56.0,0.625,55.375,2023
1626181,Norman Powell,104.0,156.0,66.66666666666667,0.622,66.04466666666667,2023
203501,Tim Hardaway Jr.,175.0,272.0,64.33823529411765,0.631,63.70723529411765,2023
1627736,Malik Beasley,185.0,289.0,64.01384083044982,0.63,63.38384083044982,2023
1629631,De'Andre Hunter,186.0,299.0,62.207357859531776,0.638,61.56935785953178,2023
1630231,KJ Martin,151.0,240.0,62.916666666666664,0.648,62.26866666666666,2023
1628370,Malik Monk,129.0,214.0,60.2803738317757,0.627,59.653373831775696,2023
1630180,Saddiq Bey,166.0,225.0,73.77777777777777,0.64,73.13777777777777,2023
1628415,Dillon Brooks,174.0,299.0,58.19397993311037,0.627,57.56697993311037,2023
1631114,Jalen Williams,209.0,330.0,63.333333333333336,0.635,62.69833333333334,2023
1629008,Michael Porter Jr.,141.0,220.0,64.0909090909091,0.634,63.45690909090909,2023
202699,Tobias Harris,172.0,263.0,65.39923954372624,0.637,64.76223954372624,2023
203932,Aaron Gordon,175.0,286.0,61.18881118881119,0.636,60.552811188811184,2023
1630578,Alperen Sengun,338.0,549.0,61.56648451730419,0.648,60.91848451730419,2023
1627742,Brandon Ingram,108.0,175.0,61.714285714285715,0.639,61.07528571428571,2023
1626167,Myles Turner,299.0,512.0,58.3984375,0.65,57.7484375,2023
1626174,Christian Wood,200.0,359.0,55.710306406685234,0.631,55.079306406685234,2023
202685,Jonas Valančiūnas,304.0,463.0,65.65874730021598,0.653,65.00574730021597,2023
1628384,OG Anunoby,162.0,281.0,57.65124555160142,0.642,57.00924555160142,2023
1629645,Kevin Porter Jr.,212.0,297.0,71.38047138047138,0.636,70.74447138047138,2023
1628989,Kevin Huerter,234.0,352.0,66.47727272727273,0.634,65.84327272727273,2023
1629023,P.J. Washington,246.0,412.0,59.70873786407767,0.641,59.06773786407767,2023
1629018,Gary Trent Jr.,131.0,212.0,61.79245283018868,0.63,61.16245283018868,2023
1630530,Trey Murphy III,236.0,354.0,66.66666666666667,0.636,66.03066666666668,2023
201566,Russell Westbrook,161.0,258.0,62.4031007751938,0.631,61.7721007751938,2023
203078,Bradley Beal,105.0,174.0,60.3448275862069,0.636,59.708827586206894,2023
1630169,Tyrese Haliburton,150.0,233.0,64.37768240343348,0.631,63.74668240343348,2023
1628991,Jaren Jackson Jr.,210.0,411.0,51.09489051094891,0.64,50.45489051094891,2023
1630567,Scottie Barnes,325.0,523.0,62.1414913957935,0.64,61.5014913957935,2023
1631093,Jaden Ivey,246.0,360.0,68.33333333333333,0.629,67.70433333333332,2023
1629028,Deandre Ayton,214.0,348.0,61.49425287356322,0.644,60.85025287356322,2023
1630193,Immanuel Quickley,202.0,352.0,57.38636363636363,0.623,56.763363636363636,2023
201935,James Harden,168.0,248.0,67.74193548387096,0.634,67.10793548387096,2023
1630178,Tyrese Maxey,114.0,175.0,65.14285714285714,0.631,64.51185714285714,2023
203084,Harrison Barnes,249.0,405.0,61.48148148148148,0.643,60.83848148148148,2023
202695,Kawhi Leonard,129.0,228.0,56.578947368421055,0.641,55.93794736842106,2023
201572,Brook Lopez,325.0,629.0,51.669316375198726,0.649,51.020316375198725,2023
1630217,Desmond Bane,128.0,221.0,57.918552036199095,0.627,57.29155203619909,2023
202711,Bojan Bogdanovic,170.0,245.0,69.38775510204081,0.642,68.74575510204082,2023
1630581,Josh Giddey,269.0,446.0,60.31390134529148,0.642,59.671901345291474,2023
1626156,D'Angelo Russell,190.0,310.0,61.29032258064516,0.619,60.67132258064516,2023
203903,Jordan Clarkson,184.0,314.0,58.59872611464968,0.626,57.97272611464968,2023
1630596,Evan Mobley,367.0,638.0,57.523510971786834,0.637,56.886510971786834,2023
201950,Jrue Holiday,189.0,314.0,60.19108280254777,0.636,59.555082802547766,2023
203924,Jerami Grant,164.0,274.0,59.85401459854015,0.638,59.21601459854015,2023
1627750,Jamal Murray,197.0,286.0,68.88111888111888,0.624,68.25711888111888,2023
1631097,Bennedict Mathurin,210.0,355.0,59.15492957746479,0.636,58.51892957746479,2023
1629014,Anfernee Simons,234.0,350.0,66.85714285714286,0.632,66.22514285714286,2023
1626179,Terry Rozier,176.0,269.0,65.4275092936803,0.624,64.8035092936803,2023
202331,Paul George,190.0,297.0,63.97306397306397,0.639,63.33406397306397,2023
1627832,Fred VanVleet,254.0,403.0,63.0272952853598,0.63,62.397295285359796,2023
1629640,Keldon Johnson,206.0,325.0,63.38461538461539,0.64,62.744615384615386,2023
1627741,Buddy Hield,276.0,460.0,60.0,0.634,59.366,2023
1629639,Tyler Herro,193.0,298.0,64.76510067114094,0.63,64.13510067114095,2023
1628398,Kyle Kuzma,175.0,305.0,57.377049180327866,0.637,56.740049180327865,2023
201142,Kevin Durant,140.0,255.0,54.90196078431372,0.636,54.26596078431372,2023
203915,Spencer Dinwiddie,199.0,328.0,60.670731707317074,0.632,60.038731707317076,2023
1629628,RJ Barrett,185.0,328.0,56.40243902439025,0.619,55.78343902439025,2023
202696,Nikola Vučević,420.0,628.0,66.87898089171975,0.652,66.22698089171975,2023
1631094,Paolo Banchero,241.0,395.0,61.0126582278481,0.639,60.3736582278481,2023
203076,Anthony Davis,232.0,394.0,58.88324873096447,0.655,58.22824873096447,2023
202710,Jimmy Butler III,145.0,212.0,68.39622641509433,0.6340000000000001,67.76222641509433,2023
1626164,Devin Booker,147.0,226.0,65.04424778761062,0.633,64.41124778761062,2023
1630532,Franz Wagner,205.0,299.0,68.56187290969899,0.642,67.919872909699,2023
1629636,Darius Garland,165.0,259.0,63.706563706563706,0.625,63.081563706563706,2023
202691,Klay Thompson,156.0,228.0,68.42105263157895,0.639,67.78205263157895,2023
204001,Kristaps Porziņģis,281.0,524.0,53.62595419847328,0.645,52.98095419847328,2023
1627734,Domantas Sabonis,426.0,690.0,61.73913043478261,0.651,61.088130434782606,2023
1627749,Dejounte Murray,271.0,419.0,64.67780429594272,0.6300000000000001,64.04780429594273,2023
1628389,Bam Adebayo,254.0,379.0,67.01846965699208,0.654,66.36446965699209,2023
203468,CJ McCollum,239.0,338.0,70.71005917159763,0.634,70.07605917159763,2023
2544,LeBron James,142.0,242.0,58.67768595041322,0.643,58.03468595041322,2023
1629630,Ja Morant,167.0,292.0,57.19178082191781,0.628,56.56378082191781,2023
202681,Kyrie Irving,183.0,303.0,60.396039603960396,0.631,59.765039603960396,2023
201939,Stephen Curry,134.0,212.0,63.20754716981132,0.623,62.58454716981132,2023
1628973,Jalen Brunson,169.0,254.0,66.53543307086615,0.617,65.91843307086614,2023
1629673,Jordan Poole,168.0,260.0,64.61538461538461,0.629,63.986384615384615,2023
1628969,Mikal Bridges,8416.0,14080.0,59.77272727272727,0.6304909090909091,59.142236363636364,2023
1630224,Jalen Green,204.0,327.0,62.38532110091743,0.636,61.74932110091743,2023
203999,Nikola Jokić,388.0,595.0,65.21008403361344,0.647,64.56308403361344,2023
1628374,Lauri Markkanen,195.0,377.0,51.724137931034484,0.641,51.083137931034486,2023
1627783,Pascal Siakam,264.0,404.0,65.34653465346534,0.642,64.70453465346534,2023
1627759,Jaylen Brown,193.0,326.0,59.20245398773006,0.634,58.56845398773006,2023
201942,DeMar DeRozan,223.0,338.0,65.97633136094674,0.642,65.33433136094675,2023
1628368,De'Aaron Fox,223.0,323.0,69.04024767801857,0.631,68.40924767801857,2023
203081,Damian Lillard,180.0,264.0,68.18181818181819,0.629,67.55281818181818,2023
203897,Zach LaVine,184.0,306.0,60.130718954248366,0.631,59.499718954248365,2023
1630162,Anthony Edwards,237.0,375.0,63.2,0.625,62.575,2023
1629027,Trae Young,192.0,303.0,63.366336633663366,0.614,62.75233663366337,2023
1628378,Donovan Mitchell,168.0,249.0,67.46987951807229,0.625,66.84487951807229,2023
203944,Julius Randle,252.0,386.0,65.28497409326425,0.633,64.65197409326426,2023
203507,Giannis Antetokounmpo,141.0,294.0,47.95918367346939,0.646,47.31318367346939,2023
1628983,Shai Gilgeous-Alexander,240.0,389.0,61.696658097686374,0.63,61.06665809768637,2023
1629029,Luka Dončić,262.0,388.0,67.52577319587628,0.636,66.88977319587629,2023
203954,Joel Embiid,338.0,535.0,63.177570093457945,0.645,62.53257009345794,2023
1628369,Jayson Tatum,213.0,341.0,62.4633431085044,0.63,61.833343108504394,2023
1641847,Andrew Funk,1.0,2.0,50.0,0.61,49.39,2024
201980,Danny Green,2.0,2.0,100.0,0.649,99.351,2024
1629232,Kaiser Gates,1.0,2.0,50.0,0.622,49.378,2024
1627853,Ryan Arcidiacono,3.0,5.0,60.0,0.622,59.378,2024
1628977,Hamidou Diallo,1.0,1.0,100.0,0.61,99.39,2024
1630563,Joshua Primo,2.0,3.0,66.66666666666667,0.566,66.10066666666667,2024
1631245,Quenton Jackson,2.0,4.0,50.0,0.478,49.522,2024
1627885,Shaquille Harrison,2.0,2.0,100.0,0.584,99.416,2024
1641745,Adam Flagler,1.0,1.0,100.0,0.833,99.167,2024
1641727,Dariq Whitehead,5.0,6.0,83.33333333333333,0.7040000000000001,82.62933333333334,2024
1630196,Filip Petrusev,0.0,2.0,0.0,0.517,-0.517,2024
1631250,Pete Nance,1.0,2.0,50.0,0.572,49.428,2024
1630586,Usman Garuba,2.0,4.0,50.0,0.536,49.464,2024
1630604,E.J. Liddell,1.0,2.0,50.0,0.584,49.416,2024
1631167,Izaiah Brockington,1.0,2.0,50.0,0.642,49.358,2024
1630284,Kevon Harris,1.0,2.0,50.0,0.595,49.405,2024
1630311,Pat Spencer,3.0,7.0,42.857142857142854,0.604,42.253142857142855,2024
1629660,Ty Jerome,3.0,4.0,75.0,0.638,74.362,2024
1628373,Frank Ntilikina,1.0,4.0,25.0,0.613,24.387,2024
1629718,Charlie Brown Jr.,2.0,2.0,100.0,0.688,99.312,2024
1631298,Jack White,7.0,13.0,53.84615384615385,0.614,53.23215384615385,2024
1629308,Juan Toscano-Anderson,4.0,6.0,66.66666666666667,0.528,66.13866666666667,2024
1630222,Mason Jones,2.0,5.0,40.0,0.616,39.384,2024
1641721,Maxwell Lewis,13.0,18.0,72.22222222222223,0.636,71.58622222222223,2024
202738,Isaiah Thomas,1.0,2.0,50.0,0.584,49.416,2024
1641771,Jalen Slawson,4.0,8.0,50.0,0.618,49.382,2024
201949,James Johnson,4.0,6.0,66.66666666666667,0.463,66.20366666666668,2024
1630181,R.J. Hampton,11.0,15.0,73.33333333333333,0.638,72.69533333333332,2024
1628391,D.J. Wilson,2.0,4.0,50.0,0.642,49.358,2024
1630618,DJ Carton,6.0,12.0,50.0,0.615,49.385,2024
1641809,Drew Peterson,1.0,1.0,100.0,0.833,99.167,2024
1630929,Henri Drell,1.0,2.0,50.0,0.61,49.39,2024
1641749,Keyontae Johnson,4.0,5.0,80.0,0.553,79.447,2024
1630554,Jason Preston,6.0,10.0,60.0,0.544,59.456,2024
1630259,Jordan Ford,1.0,1.0,100.0,0.701,99.299,2024
1629603,Mamadi Diakite,2.0,3.0,66.66666666666667,0.546,66.12066666666666,2024
1641851,Timmy Allen,10.0,11.0,90.9090909090909,0.625,90.2840909090909,2024
1631210,Jacob Toppin,3.0,4.0,75.0,0.646,74.354,2024
1641757,Jordan Miller,5.0,7.0,71.42857142857143,0.648,70.78057142857143,2024
1641793,D'Moi Hodge,2.0,3.0,66.66666666666667,0.587,66.07966666666667,2024
1629610,DaQuan Jeffries,2.0,4.0,50.0,0.572,49.428,2024
1631220,Dereon Seabron,2.0,5.0,40.0,0.656,39.344,2024
1641754,Seth Lundy,9.0,13.0,69.23076923076923,0.553,68.67776923076923,2024
1631102,TyTy Washington Jr.,2.0,5.0,40.0,0.628,39.372,2024
1641775,Jordan Walsh,9.0,12.0,75.0,0.613,74.387,2024
1641788,Alex Fudge,2.0,3.0,66.66666666666667,0.6999999999999998,65.96666666666667,2024
1630535,Greg Brown III,3.0,5.0,60.0,0.523,59.477,2024
1631120,JD Davison,6.0,10.0,60.0,0.594,59.406,2024
1629117,Wenyen Gabriel,7.0,12.0,58.333333333333336,0.634,57.699333333333335,2024
1641816,Hunter Tyson,4.0,5.0,80.0,0.603,79.397,2024
1631111,Wendell Moore Jr.,4.0,6.0,66.66666666666667,0.571,66.09566666666667,2024
201577,Robin Lopez,8.0,13.0,61.53846153846154,0.6479999999999999,60.89046153846154,2024
1631386,Taze Moore,3.0,4.0,75.0,0.645,74.355,2024
1642013,Malik Williams,13.0,19.0,68.42105263157895,0.685,67.73605263157894,2024
1631257,Jermaine Samuels Jr.,4.0,9.0,44.44444444444444,0.581,43.86344444444444,2024
1628424,Kobi Simmons,4.0,9.0,44.44444444444444,0.613,43.83144444444444,2024
1631123,Jamaree Bouyea,9.0,18.0,50.0,0.579,49.421,2024
1630643,Jay Huff,5.0,8.0,62.5,0.607,61.893,2024
1631112,Kendall Brown,2.0,5.0,40.0,0.511,39.489,2024
1630296,Braxton Key,8.0,11.0,72.72727272727273,0.586,72.14127272727274,2024
1641926,Dexter Dennis,6.0,7.0,85.71428571428571,0.638,85.0762857142857,2024
1630600,Isaiah Mobley,5.0,6.0,83.33333333333333,0.573,82.76033333333334,2024
1641735,Amari Bailey,3.0,8.0,37.5,0.553,36.947,2024
1630688,Ish Wainright,0.0,2.0,0.0,0.586,-0.586,2024
1630564,RaiQuan Gray,1.0,4.0,25.0,0.572,24.428,2024
1631243,Mouhamed Gueye,7.0,9.0,77.77777777777777,0.653,77.12477777777777,2024
1630658,Colin Castleton,10.0,15.0,66.66666666666667,0.6,66.06666666666668,2024
1629678,Admiral Schofield,3.0,4.0,75.0,0.613,74.387,2024
1641753,Chris Livingston,5.0,10.0,50.0,0.614,49.386,2024
1631338,Mouhamadou Gueye,31.0,54.0,57.407407407407405,0.614,56.79340740740741,2024
1630561,David Duke Jr.,3.0,7.0,42.857142857142854,0.566,42.29114285714285,2024
1631131,Oscar Tshiebwe,7.0,9.0,77.77777777777777,0.61,77.16777777777777,2024
1630227,Daishen Nix,3.0,4.0,75.0,0.592,74.408,2024
1630553,Keon Johnson,4.0,5.0,80.0,0.654,79.346,2024
1641724,Jett Howard,6.0,7.0,85.71428571428571,0.61,85.10428571428571,2024
1631159,Leonard Miller,7.0,12.0,58.333333333333336,0.569,57.76433333333333,2024
1631217,Moussa Diabaté,6.0,12.0,50.0,0.614,49.386,2024
1629010,Jerome Robinson,3.0,9.0,33.333333333333336,0.522,32.81133333333334,2024
1630562,Matt Hurt,16.0,28.0,57.142857142857146,0.5970000000000001,56.545857142857145,2024
203648,Thanasis Antetokounmpo,7.0,16.0,43.75,0.568,43.182,2024
1630207,Nate Hinton,7.0,11.0,63.63636363636363,0.714,62.922363636363634,2024
1641720,Jalen Hood-Schifino,10.0,15.0,66.66666666666667,0.629,66.03766666666667,2024
1629875,Xavier Moon,20.0,26.0,76.92307692307692,0.594,76.32907692307693,2024
1641877,Nathan Mensah,48.0,72.0,66.66666666666667,0.629,66.03766666666667,2024
1631205,Buddy Boeheim,9.0,15.0,60.0,0.644,59.356,2024
1630846,Olivier Sarr,7.0,12.0,58.333333333333336,0.58,57.75333333333334,2024
201959,Taj Gibson,17.0,31.0,54.83870967741935,0.646,54.19270967741935,2024
1629216,Gabe Vincent,9.0,16.0,56.25,0.593,55.657,2024
1630641,Ibou Badji,35.0,56.0,62.5,0.65,61.85,2024
1628962,Udoka Azubuike,13.0,25.0,52.0,0.626,51.374,2024
1641766,Adama Sanogo,4.0,6.0,66.66666666666667,0.611,66.05566666666667,2024
1629716,Marques Bolden,19.0,32.0,59.375,0.637,58.738,2024
1630696,Dru Smith,15.0,20.0,75.0,0.639,74.361,2024
203925,Joe Harris,17.0,24.0,70.83333333333333,0.607,70.22633333333333,2024
203490,Otto Porter Jr.,11.0,22.0,50.0,0.635,49.365,2024
1630243,Trevelin Queen,11.0,34.0,32.35294117647059,0.621,31.73194117647059,2024
1629057,Robert Williams III,19.0,28.0,67.85714285714286,0.627,67.23014285714287,2024
203933,T.J. Warren,8.0,9.0,88.88888888888889,0.637,88.25188888888889,2024
1641734,Emoni Bates,10.0,13.0,76.92307692307692,0.622,76.30107692307692,2024
1631306,Cole Swider,7.0,14.0,50.0,0.587,49.413,2024
1629717,Armoni Brooks,9.0,12.0,75.0,0.624,74.376,2024
1629618,Jalen Pickett,11.0,15.0,73.33333333333333,0.576,72.75733333333334,2024
1630285,Zavier Simpson,14.0,24.0,58.333333333333336,0.622,57.711333333333336,2024
1629685,Dylan Windler,12.0,18.0,66.66666666666667,0.582,66.08466666666668,2024
1630610,DeJon Jarreau,9.0,17.0,52.94117647058823,0.648,52.29317647058823,2024
1631157,Ryan Rollins,5.0,13.0,38.46153846153846,0.568,37.89353846153846,2024
1626246,Boban Marjanovic,2.0,8.0,25.0,0.583,24.417,2024
1631321,Sidy Cissoko,14.0,18.0,77.77777777777777,0.652,77.12577777777777,2024
1630678,Terry Taylor,14.0,26.0,53.84615384615385,0.613,53.23315384615385,2024
1630186,Jahmi'us Ramsey,11.0,20.0,55.0,0.648,54.352,2024
1641970,Maozinha Pereira,9.0,19.0,47.36842105263158,0.655,46.71342105263158,2024
1629647,Darius Bazley,19.0,38.0,50.0,0.57,49.43,2024
1631100,AJ Griffin,26.0,33.0,78.78787878787878,0.598,78.18987878787878,2024
1630547,James Bouknight,4.0,9.0,44.44444444444444,0.693,43.751444444444445,2024
1631169,Josh Minott,12.0,13.0,92.3076923076923,0.597,91.71069230769231,2024
1630288,Jeff Dowtin Jr.,11.0,14.0,78.57142857142857,0.583,77.98842857142857,2024
1631173,Terquavion Smith,10.0,12.0,83.33333333333333,0.624,82.70933333333333,2024
200782,P.J. Tucker,38.0,61.0,62.295081967213115,0.626,61.66908196721312,2024
1630695,Micah Potter,23.0,46.0,50.0,0.637,49.363,2024
1630314,Brandon Williams,12.0,19.0,63.1578947368421,0.591,62.5668947368421,2024
1628385,Harry Giles III,18.0,25.0,72.0,0.605,71.395,2024
1630177,Theo Maledon,17.0,33.0,51.515151515151516,0.621,50.89415151515151,2024
202693,Markieff Morris,29.0,40.0,72.5,0.597,71.903,2024
1631303,Justin Minaya,32.0,59.0,54.23728813559322,0.617,53.62028813559322,2024
1631466,Nate Williams,10.0,18.0,55.55555555555556,0.602,54.95355555555556,2024
1629646,Charles Bassey,24.0,41.0,58.53658536585366,0.646,57.89058536585366,2024
202709,Cory Joseph,27.0,40.0,67.5,0.622,66.878,2024
1641732,Colby Jones,12.0,16.0,75.0,0.582,74.418,2024
1629634,Brandon Clarke,11.0,19.0,57.89473684210526,0.67,57.22473684210526,2024
1641778,Leaky Black,35.0,57.0,61.40350877192982,0.636,60.76750877192982,2024
1630240,Saben Lee,19.0,28.0,67.85714285714286,0.619,67.23814285714286,2024
1631262,Jules Bernard,20.0,27.0,74.07407407407408,0.637,73.43707407407408,2024
1641931,Onuralp Bitim,20.0,24.0,83.33333333333333,0.611,82.72233333333332,2024
203469,Cody Zeller,48.0,74.0,64.86486486486487,0.634,64.23086486486487,2024
1629650,Moses Brown,26.0,47.0,55.319148936170215,0.627,54.69214893617021,2024
1630204,Ashton Hagans,17.0,34.0,50.0,0.609,49.391,2024
1641723,Kobe Bufkin,23.0,40.0,57.5,0.61,56.89,2024
1629669,Jaylen Nowell,19.0,37.0,51.351351351351354,0.625,50.726351351351354,2024
1630611,Gui Santos,23.0,42.0,54.76190476190476,0.596,54.16590476190476,2024
1631197,Jared Rhoden,15.0,30.0,50.0,0.599,49.401,2024
1630235,Trent Forrest,37.0,62.0,59.67741935483871,0.603,59.07441935483871,2024
1641774,Tristan Vukcevic,21.0,40.0,52.5,0.631,51.869,2024
1631221,Collin Gillespie,21.0,35.0,60.0,0.574,59.426,2024
1630184,Kira Lewis Jr.,16.0,26.0,61.53846153846154,0.627,60.91146153846154,2024
202066,Garrett Temple,28.0,51.0,54.90196078431372,0.635,54.266960784313724,2024
1627788,Furkan Korkmaz,26.0,35.0,74.28571428571429,0.639,73.6467142857143,2024
1630551,Justin Champagnie,29.0,47.0,61.702127659574465,0.611,61.09112765957447,2024
1641763,Julian Phillips,30.0,46.0,65.21739130434783,0.631,64.58639130434783,2024
1641738,Kobe Brown,31.0,54.0,57.407407407407405,0.614,56.79340740740741,2024
1627732,Ben Simmons,38.0,49.0,77.55102040816327,0.643,76.90802040816327,2024
1630579,Jericho Sims,65.0,116.0,56.03448275862069,0.645,55.38948275862069,2024
1630556,Kessler Edwards,35.0,51.0,68.62745098039215,0.592,68.03545098039216,2024
1631254,Kenneth Lofton Jr.,19.0,35.0,54.285714285714285,0.585,53.700714285714284,2024
203493,Reggie Bullock Jr.,46.0,63.0,73.01587301587301,0.616,72.39987301587301,2024
1631288,Jamal Cain,25.0,39.0,64.1025641025641,0.591,63.5115641025641,2024
1630568,Luka Garza,18.0,27.0,66.66666666666667,0.636,66.03066666666668,2024
1631115,Orlando Robinson,41.0,68.0,60.294117647058826,0.657,59.63711764705883,2024
1641787,Tosan Evbuomwan,46.0,74.0,62.16216216216216,0.637,61.52516216216216,2024
1628984,Devonte' Graham,21.0,35.0,60.0,0.625,59.375,2024
1627745,Damian Jones,26.0,50.0,52.0,0.628,51.372,2024
1629643,Chuma Okeke,29.0,45.0,64.44444444444444,0.612,63.83244444444444,2024
1629750,Javonte Green,15.0,23.0,65.21739130434783,0.649,64.56839130434783,2024
202083,Wesley Matthews,33.0,64.0,51.5625,0.619,50.9435,2024
1630587,Isaiah Livers,39.0,62.0,62.903225806451616,0.642,62.26122580645161,2024
1630526,Jeremiah Robinson-Earl,53.0,78.0,67.94871794871794,0.615,67.33371794871795,2024
1629007,Jontay Porter,57.0,101.0,56.43564356435643,0.633,55.80264356435643,2024
1641730,Noah Clowney,42.0,81.0,51.851851851851855,0.599,51.25285185185186,2024
1629139,Yuta Watanabe,52.0,85.0,61.1764705882353,0.637,60.5394705882353,2024
1641716,Jarace Walker,37.0,59.0,62.71186440677966,0.6,62.11186440677966,2024
203458,Alex Len,50.0,98.0,51.02040816326531,0.596,50.42440816326531,2024
1641765,Olivier-Maxence Prosper,34.0,53.0,64.15094339622641,0.593,63.557943396226406,2024
1630649,Stanley Umude,26.0,41.0,63.41463414634146,0.611,62.803634146341466,2024
1631230,Dominick Barlow,82.0,130.0,63.07692307692308,0.632,62.44492307692308,2024
1641748,Andre Jackson Jr.,53.0,81.0,65.4320987654321,0.634,64.7980987654321,2024
201988,Patty Mills,28.0,39.0,71.7948717948718,0.605,71.18987179487179,2024
203496,Robert Covington,44.0,75.0,58.666666666666664,0.618,58.04866666666666,2024
1631172,Ousmane Dieng,32.0,54.0,59.25925925925926,0.599,58.66025925925926,2024
1630639,A.J. Lawson,30.0,47.0,63.829787234042556,0.601,63.22878723404256,2024
1630249,Vít Krejčí,43.0,67.0,64.17910447761194,0.633,63.54610447761194,2024
1630322,Lindy Waters III,20.0,37.0,54.054054054054056,0.602,53.45205405405406,2024
201152,Thaddeus Young,55.0,81.0,67.90123456790124,0.631,67.27023456790124,2024
1630197,Aleksej Pokusevski,54.0,81.0,66.66666666666667,0.613,66.05366666666667,2024
202397,Ish Smith,69.0,97.0,71.1340206185567,0.623,70.5110206185567,2024
201599,DeAndre Jordan,43.0,67.0,64.17910447761194,0.627,63.55210447761194,2024
1630548,Johnny Juzang,38.0,59.0,64.40677966101696,0.6070000000000001,63.799779661016956,2024
1627863,Danuel House Jr.,42.0,65.0,64.61538461538461,0.615,64.00038461538462,2024
1631241,Javon Freeman-Liberty,42.0,62.0,67.74193548387096,0.616,67.12593548387096,2024
1629020,Jarred Vanderbilt,50.0,74.0,67.56756756756756,0.637,66.93056756756756,2024
1630346,Matt Ryan,41.0,66.0,62.121212121212125,0.616,61.505212121212125,2024
1629642,Nassir Little,49.0,74.0,66.21621621621621,0.635,65.5812162162162,2024
1631098,Johnny Davis,60.0,89.0,67.41573033707866,0.63,66.78573033707866,2024
1629674,Neemias Queta,39.0,74.0,52.7027027027027,0.625,52.0777027027027,2024
1630219,Skylar Mays,37.0,58.0,63.793103448275865,0.637,63.156103448275864,2024
1641712,Rayan Rupert,52.0,81.0,64.19753086419753,0.615,63.58253086419753,2024
203488,Mike Muscala,89.0,144.0,61.80555555555556,0.631,61.17455555555556,2024
202684,Tristan Thompson,42.0,86.0,48.83720930232558,0.631,48.20620930232558,2024
1631311,Lester Quinones,38.0,61.0,62.295081967213115,0.607,61.688081967213115,2024
1629004,Svi Mykhailiuk,17.0,30.0,56.666666666666664,0.619,56.047666666666665,2024
1630531,Jaden Springer,43.0,73.0,58.9041095890411,0.598,58.3061095890411,2024
1628420,Monté Morris,39.0,67.0,58.208955223880594,0.615,57.59395522388059,2024
1629667,Jalen McDaniels,62.0,97.0,63.91752577319588,0.634,63.283525773195876,2024
1630527,Brandon Boston,48.0,64.0,75.0,0.614,74.386,2024
1631116,Patrick Baldwin Jr.,49.0,82.0,59.75609756097561,0.618,59.13809756097561,2024
1641741,Ricky Council IV,27.0,44.0,61.36363636363637,0.632,60.73163636363637,2024
1629677,Luka Samanic,42.0,60.0,70.0,0.62,69.38,2024
1641998,Trey Jemison III,68.0,105.0,64.76190476190476,0.659,64.10290476190475,2024
1631367,Jacob Gilyard,67.0,90.0,74.44444444444444,0.624,73.82044444444445,2024
1629011,Mitchell Robinson,104.0,148.0,70.27027027027027,0.648,69.62227027027028,2024
202687,Bismack Biyombo,106.0,184.0,57.608695652173914,0.629,56.979695652173916,2024
1631207,Dalen Terry,43.0,81.0,53.08641975308642,0.622,52.46441975308642,2024
1630192,Zeke Nnaji,68.0,148.0,45.945945945945944,0.612,45.33394594594594,2024
201580,JaVale McGee,38.0,72.0,52.77777777777778,0.635,52.14277777777778,2024
1630264,Anthony Gill,50.0,74.0,67.56756756756756,0.645,66.92256756756757,2024
1630572,Sandro Mamukelashvili,60.0,92.0,65.21739130434783,0.625,64.59239130434783,2024
201565,Derrick Rose,31.0,43.0,72.09302325581395,0.614,71.47902325581394,2024
1628467,Maxi Kleber,105.0,181.0,58.011049723756905,0.632,57.37904972375691,2024
1630550,JT Thor,96.0,141.0,68.08510638297872,0.633,67.45210638297873,2024
1629162,Jordan McLaughlin,40.0,66.0,60.60606060606061,0.614,59.99206060606061,2024
1628966,Keita Bates-Diop,64.0,111.0,57.65765765765766,0.626,57.03165765765766,2024
1626158,Richaun Holmes,70.0,101.0,69.3069306930693,0.635,68.6719306930693,2024
1629052,Oshae Brissett,46.0,84.0,54.76190476190476,0.606,54.15590476190476,2024
1630592,Jalen Wilson,39.0,61.0,63.9344262295082,0.612,63.322426229508196,2024
203939,Dwight Powell,113.0,196.0,57.6530612244898,0.63,57.023061224489794,2024
1630647,Eugene Omoruyi,36.0,59.0,61.016949152542374,0.642,60.37494915254237,2024
1629626,Bol Bol,34.0,76.0,44.73684210526316,0.622,44.11484210526316,2024
1626153,Delon Wright,70.0,109.0,64.22018348623853,0.614,63.60618348623853,2024
1630699,MarJon Beauchamp,52.0,89.0,58.42696629213483,0.6,57.82696629213483,2024
1628998,Cody Martin,66.0,101.0,65.34653465346534,0.626,64.72053465346534,2024
1631106,Tari Eason,32.0,59.0,54.23728813559322,0.613,53.62428813559322,2024
1629003,Shake Milton,45.0,70.0,64.28571428571429,0.622,63.66371428571429,2024
1628418,Thomas Bryant,73.0,112.0,65.17857142857143,0.6369999999999999,64.54157142857143,2024
203095,Evan Fournier,52.0,79.0,65.82278481012658,0.613,65.20978481012658,2024
1630209,Omer Yurtseven,78.0,116.0,67.24137931034483,0.627,66.61437931034483,2024
1628995,Kevin Knox II,44.0,69.0,63.768115942028984,0.621,63.14711594202898,2024
1630231,KJ Martin,58.0,88.0,65.9090909090909,0.628,65.2810909090909,2024
1628426,Sasha Vezenkov,49.0,90.0,54.44444444444444,0.625,53.81944444444444,2024
1641729,Brice Sensabaugh,49.0,74.0,66.21621621621621,0.621,65.59521621621622,2024
1629630,Ja Morant,41.0,63.0,65.07936507936508,0.621,64.45836507936508,2024
203552,Seth Curry,57.0,72.0,79.16666666666667,0.615,78.55166666666668,2024
1631124,Julian Strawther,36.0,64.0,56.25,0.6,55.65,2024
1630537,Chris Duarte,80.0,136.0,58.8235294117647,0.613,58.2105294117647,2024
203200,Justin Holiday,65.0,105.0,61.904761904761905,0.605,61.29976190476191,2024
1629723,John Konchar,128.0,214.0,59.81308411214953,0.622,59.19108411214953,2024
1627780,Gary Payton II,60.0,89.0,67.41573033707866,0.631,66.78473033707866,2024
1631109,Mark Williams,82.0,126.0,65.07936507936508,0.645,64.43436507936508,2024
203486,Mason Plumlee,123.0,211.0,58.29383886255924,0.645,57.64883886255924,2024
1630538,Bones Hyland,55.0,75.0,73.33333333333333,0.601,72.73233333333333,2024
1628972,Troy Brown Jr.,106.0,156.0,67.94871794871794,0.622,67.32671794871794,2024
1628964,Mo Bamba,116.0,185.0,62.7027027027027,0.643,62.0597027027027,2024
1630215,Jared Butler,41.0,71.0,57.74647887323944,0.601,57.14547887323944,2024
1629629,Cam Reddish,83.0,120.0,69.16666666666667,0.624,68.54266666666668,2024
1631260,AJ Green,43.0,70.0,61.42857142857143,0.625,60.80357142857143,2024
1641767,Ben Sheppard,77.0,115.0,66.95652173913044,0.634,66.32252173913044,2024
1631216,Caleb Houstan,46.0,76.0,60.526315789473685,0.625,59.901315789473685,2024
1631104,Blake Wesley,75.0,113.0,66.3716814159292,0.608,65.7636814159292,2024
1630256,Jae'Sean Tate,82.0,136.0,60.294117647058826,0.634,59.660117647058826,2024
1630590,Scotty Pippen Jr.,52.0,79.0,65.82278481012658,0.628,65.19478481012658,2024
1630205,Lamar Stevens,52.0,100.0,52.0,0.616,51.384,2024
1629111,Jock Landale,94.0,178.0,52.80898876404494,0.612,52.19698876404494,2024
1631119,Jaylin Williams,121.0,183.0,66.12021857923497,0.635,65.48521857923497,2024
1629006,Josh Okogie,83.0,134.0,61.940298507462686,0.634,61.306298507462685,2024
1631108,Max Christie,87.0,146.0,59.58904109589041,0.615,58.974041095890406,2024
202722,Dāvis Bertāns,59.0,95.0,62.10526315789474,0.617,61.48826315789474,2024
201568,Danilo Gallinari,80.0,122.0,65.57377049180327,0.638,64.93577049180327,2024
1628981,Bruno Fernando,97.0,155.0,62.58064516129032,0.631,61.94964516129032,2024
1630214,Xavier Tillman,124.0,227.0,54.62555066079295,0.633,53.99255066079295,2024
1641854,Craig Porter Jr.,65.0,105.0,61.904761904761905,0.605,61.29976190476191,2024
203935,Marcus Smart,28.0,46.0,60.869565217391305,0.631,60.238565217391304,2024
1630165,Killian Hayes,126.0,185.0,68.10810810810811,0.619,67.48910810810811,2024
1629731,Dean Wade,106.0,180.0,58.888888888888886,0.64,58.248888888888885,2024
1641707,Taylor Hendricks,110.0,183.0,60.10928961748634,0.63,59.47928961748634,2024
204060,Joe Ingles,68.0,97.0,70.10309278350516,0.615,69.48809278350517,2024
1628470,Torrey Craig,102.0,156.0,65.38461538461539,0.645,64.73961538461539,2024
1641733,Nick Smith Jr.,48.0,82.0,58.53658536585366,0.612,57.92458536585366,2024
1629637,Jaxson Hayes,119.0,182.0,65.38461538461539,0.629,64.75561538461538,2024
1631121,Bryce McGowens,74.0,122.0,60.65573770491803,0.63,60.02573770491803,2024
1628449,Chris Boucher,78.0,122.0,63.9344262295082,0.628,63.3064262295082,2024
1631165,Keon Ellis,102.0,168.0,60.714285714285715,0.615,60.09928571428571,2024
1629048,Goga Bitadze,144.0,231.0,62.33766233766234,0.64,61.69766233766234,2024
203109,Jae Crowder,72.0,127.0,56.69291338582677,0.624,56.06891338582677,2024
202694,Marcus Morris Sr.,73.0,113.0,64.60176991150442,0.626,63.97576991150442,2024
1641710,Anthony Black,89.0,163.0,54.60122699386503,0.619,53.982226993865034,2024
1628436,Luke Kornet,120.0,229.0,52.40174672489083,0.607,51.79474672489083,2024
201587,Nicolas Batum,129.0,217.0,59.44700460829493,0.627,58.82000460829493,2024
1629726,Garrison Mathews,73.0,114.0,64.03508771929825,0.615,63.420087719298245,2024
1629026,Kenrich Williams,94.0,140.0,67.14285714285714,0.625,66.51785714285714,2024
1629013,Landry Shamet,70.0,111.0,63.06306306306306,0.636,62.42706306306306,2024
1629002,Chimezie Metu,99.0,155.0,63.87096774193548,0.615,63.25596774193548,2024
1626172,Kevon Looney,154.0,253.0,60.869565217391305,0.638,60.23156521739131,2024
1628365,Markelle Fultz,70.0,93.0,75.26881720430107,0.612,74.65681720430108,2024
1629680,Matisse Thybulle,158.0,223.0,70.85201793721973,0.633,70.21901793721973,2024
1626174,Christian Wood,76.0,137.0,55.47445255474452,0.622,54.852452554744524,2024
1626204,Larry Nance Jr.,149.0,232.0,64.22413793103448,0.643,63.581137931034476,2024
1630700,Dyson Daniels,150.0,241.0,62.24066390041494,0.6260000000000001,61.61466390041494,2024
203926,Doug McDermott,78.0,128.0,60.9375,0.62,60.3175,2024
1631107,Nikola Jović,105.0,164.0,64.02439024390245,0.631,63.393390243902445,2024
1629670,Jordan Nwora,85.0,136.0,62.5,0.626,61.874,2024
1628372,Dennis Smith Jr.,79.0,130.0,60.76923076923077,0.628,60.141230769230766,2024
1628975,Jevon Carter,75.0,124.0,60.483870967741936,0.622,59.861870967741936,2024
1627739,Kris Dunn,100.0,169.0,59.171597633136095,0.632,58.5395976331361,2024
1629656,Quentin Grimes,84.0,123.0,68.29268292682927,0.617,67.67568292682927,2024
1630692,Jordan Goodwin,102.0,172.0,59.30232558139535,0.627,58.67532558139535,2024
1628464,Daniel Theis,154.0,255.0,60.3921568627451,0.629,59.7631568627451,2024
1631200,Kris Murray,98.0,175.0,56.0,0.621,55.379,2024
203914,Gary Harris,92.0,146.0,63.013698630136986,0.615,62.398698630136984,2024
1630201,Malachi Flynn,90.0,140.0,64.28571428571429,0.614,63.671714285714295,2024
1631222,Jake LaRavia,95.0,150.0,63.333333333333336,0.617,62.71633333333334,2024
1630558,Davion Mitchell,90.0,122.0,73.77049180327869,0.619,73.15149180327869,2024
1629234,Drew Eubanks,161.0,284.0,56.690140845070424,0.636,56.05414084507042,2024
1630544,Tre Mann,93.0,146.0,63.6986301369863,0.611,63.087630136986306,2024
1630543,Isaiah Jackson,102.0,190.0,53.68421052631579,0.633,53.051210526315785,2024
1630631,Jose Alvarado,72.0,120.0,60.0,0.627,59.373,2024
1628371,Jonathan Isaac,73.0,154.0,47.4025974025974,0.626,46.7765974025974,2024
1630549,Day'Ron Sharpe,141.0,222.0,63.513513513513516,0.633,62.88051351351351,2024
1629312,Haywood Highsmith,118.0,206.0,57.28155339805825,0.623,56.65855339805825,2024
203995,Vasilije Micic,94.0,137.0,68.61313868613139,0.622,67.99113868613139,2024
1630570,Trendon Watford,70.0,109.0,64.22018348623853,0.639,63.58118348623852,2024
1626168,Trey Lyles,126.0,209.0,60.28708133971292,0.6299999999999999,59.65708133971292,2024
1630533,Ziaire Williams,92.0,150.0,61.333333333333336,0.622,60.711333333333336,2024
1629001,De'Anthony Melton,107.0,171.0,62.57309941520468,0.626,61.94709941520468,2024
1631223,David Roddy,115.0,200.0,57.5,0.629,56.871,2024
1626196,Josh Richardson,85.0,132.0,64.39393939393939,0.622,63.77193939393939,2024
203957,Danté Exum,96.0,142.0,67.6056338028169,0.623,66.98263380281689,2024
1626192,Pat Connaughton,154.0,247.0,62.34817813765182,0.605,61.743178137651824,2024
1628379,Luke Kennard,105.0,153.0,68.62745098039215,0.628,67.99945098039215,2024
1630164,James Wiseman,132.0,234.0,56.41025641025641,0.635,55.77525641025641,2024
1630172,Patrick Williams,106.0,158.0,67.0886075949367,0.644,66.4446075949367,2024
1630534,Ochai Agbaji,138.0,252.0,54.76190476190476,0.62,54.14190476190476,2024
201976,Patrick Beverley,139.0,233.0,59.65665236051502,0.624,59.032652360515016,2024
1630230,Naji Marshall,108.0,171.0,63.1578947368421,0.624,62.5338947368421,2024
1630182,Josh Green,115.0,179.0,64.24581005586592,0.626,63.61981005586592,2024
1629599,Amir Coffey,102.0,164.0,62.19512195121951,0.614,61.581121951219515,2024
203110,Draymond Green,150.0,246.0,60.97560975609756,0.638,60.337609756097564,2024
1641726,Dereck Lively II,200.0,341.0,58.651026392961874,0.638,58.013026392961876,2024
201567,Kevin Love,110.0,178.0,61.79775280898876,0.642,61.15575280898876,2024
1630241,Sam Merrill,64.0,116.0,55.172413793103445,0.616,54.556413793103445,2024
203897,Zach LaVine,59.0,94.0,62.765957446808514,0.617,62.14895744680852,2024
1630577,Julian Champagnie,145.0,252.0,57.53968253968254,0.626,56.91368253968254,2024
200768,Kyle Lowry,158.0,231.0,68.3982683982684,0.631,67.7672683982684,2024
1626224,Cedi Osman,97.0,160.0,60.625,0.621,60.004,2024
1630191,Isaiah Stewart,112.0,214.0,52.33644859813084,0.644,51.692448598130845,2024
202330,Gordon Hayward,85.0,126.0,67.46031746031746,0.63,66.83031746031746,2024
1641711,Gradey Dick,127.0,178.0,71.34831460674157,0.634,70.71431460674157,2024
203937,Kyle Anderson,166.0,273.0,60.8058608058608,0.632,60.173860805860805,2024
201145,Jeff Green,107.0,181.0,59.11602209944751,0.625,58.49102209944751,2024
1631101,Shaedon Sharpe,108.0,160.0,67.5,0.624,66.876,2024
1631212,Peyton Watson,144.0,298.0,48.32214765100671,0.619,47.70314765100671,2024
1631117,Walker Kessler,205.0,402.0,50.995024875621894,0.629,50.366024875621896,2024
1641739,Toumani Camara,180.0,280.0,64.28571428571429,0.63,63.65571428571429,2024
1629659,Talen Horton-Tucker,86.0,136.0,63.23529411764706,0.616,62.61929411764706,2024
203967,Dario Šarić,164.0,289.0,56.74740484429066,0.634,56.113404844290656,2024
1628988,Aaron Holiday,104.0,159.0,65.40880503144655,0.612,64.79680503144655,2024
1641722,Jordan Hawkins,89.0,147.0,60.54421768707483,0.611,59.93321768707483,2024
1631246,Vince Williams Jr.,149.0,259.0,57.52895752895753,0.62,56.90895752895753,2024
1630702,Jaden Hardy,80.0,111.0,72.07207207207207,0.617,71.45507207207207,2024
101108,Chris Paul,130.0,206.0,63.10679611650485,0.626,62.480796116504855,2024
1630541,Moses Moody,85.0,157.0,54.140127388535035,0.628,53.512127388535035,2024
1630163,LaMelo Ball,60.0,86.0,69.76744186046511,0.64,69.12744186046511,2024
1631218,Trayce Jackson-Davis,169.0,310.0,54.516129032258064,0.629,53.887129032258066,2024
1630625,Dalano Banton,70.0,124.0,56.45161290322581,0.614,55.83761290322581,2024
1641731,Bilal Coulibaly,172.0,283.0,60.7773851590106,0.62,60.1573851590106,2024
1630598,Aaron Wiggins,123.0,233.0,52.78969957081545,0.625,52.16469957081545,2024
1641709,Ausar Thompson,153.0,262.0,58.396946564885496,0.624,57.772946564885494,2024
1629022,Lonnie Walker IV,72.0,123.0,58.53658536585366,0.609,57.92758536585366,2024
201143,Al Horford,197.0,311.0,63.344051446945336,0.624,62.720051446945334,2024
1627751,Jakob Poeltl,217.0,374.0,58.02139037433155,0.64,57.38139037433155,2024
1627827,Dorian Finney-Smith,194.0,334.0,58.08383233532934,0.627,57.45683233532934,2024
1630168,Onyeka Okongwu,176.0,294.0,59.863945578231295,0.631,59.232945578231295,2024
1641717,Cason Wallace,159.0,250.0,63.6,0.623,62.977000000000004,2024
1630540,Miles McBride,106.0,189.0,56.08465608465608,0.615,55.46965608465608,2024
1630173,Precious Achiuwa,232.0,394.0,58.88324873096447,0.631,58.25224873096447,2024
1626166,Cameron Payne,94.0,151.0,62.25165562913907,0.619,61.63265562913907,2024
1631204,Marcus Sasser,109.0,155.0,70.3225806451613,0.614,69.70858064516129,2024
1641715,Cam Whitmore,56.0,86.0,65.11627906976744,0.628,64.48827906976744,2024
1628392,Isaiah Hartenstein,248.0,467.0,53.104925053533194,0.643,52.46192505353319,2024
1628963,Marvin Bagley III,143.0,240.0,59.583333333333336,0.636,58.94733333333333,2024
1631128,Christian Braun,132.0,246.0,53.65853658536585,0.615,53.04353658536585,2024
1630194,Paul Reed,242.0,398.0,60.80402010050251,0.633,60.17102010050251,2024
1641708,Amen Thompson,104.0,181.0,57.4585635359116,0.623,56.835563535911604,2024
1626220,Royce O'Neale,191.0,313.0,61.022364217252395,0.627,60.39536421725239,2024
1630188,Jalen Smith,141.0,247.0,57.08502024291498,0.633,56.452020242914976,2024
1628976,Wendell Carter Jr.,152.0,255.0,59.6078431372549,0.642,58.9658431372549,2024
1627763,Malcolm Brogdon,96.0,142.0,67.6056338028169,0.64,66.9656338028169,2024
1641871,Duop Reath,190.0,309.0,61.48867313915858,0.629,60.85967313915858,2024
1629614,Andrew Nembhard,159.0,260.0,61.15384615384615,0.619,60.53484615384615,2024
1630198,Isaiah Joe,117.0,192.0,60.9375,0.633,60.3045,2024
1630208,Nick Richards,279.0,459.0,60.78431372549019,0.641,60.143313725490195,2024
1631133,Jabari Walker,163.0,263.0,61.97718631178707,0.633,61.34418631178707,2024
1628997,Caleb Martin,151.0,262.0,57.63358778625954,0.617,57.01658778625954,2024
1627884,Derrick Jones Jr.,147.0,261.0,56.32183908045977,0.622,55.69983908045977,2024
1630171,Isaac Okoro,112.0,171.0,65.49707602339181,0.632,64.86507602339181,2024
1629611,Terance Mann,141.0,220.0,64.0909090909091,0.62,63.470909090909096,2024
1630583,Santi Aldama,174.0,321.0,54.205607476635514,0.626,53.579607476635516,2024
1628989,Kevin Huerter,175.0,256.0,68.359375,0.622,67.737375,2024
1629638,Nickeil Alexander-Walker,144.0,255.0,56.470588235294116,0.613,55.857588235294116,2024
203083,Andre Drummond,153.0,250.0,61.2,0.644,60.556000000000004,2024
1631323,Simone Fontecchio,143.0,228.0,62.719298245614034,0.627,62.09229824561403,2024
1631103,Malaki Branham,111.0,179.0,62.01117318435754,0.616,61.39517318435754,2024
1641764,Brandin Podziemski,178.0,274.0,64.96350364963503,0.628,64.33550364963503,2024
1627752,Taurean Prince,176.0,294.0,59.863945578231295,0.635,59.2289455782313,2024
202692,Alec Burks,90.0,166.0,54.21686746987952,0.613,53.60386746987952,2024
1641713,GG Jackson,103.0,175.0,58.857142857142854,0.628,58.229142857142854,2024
1627936,Alex Caruso,174.0,299.0,58.19397993311037,0.637,57.55697993311037,2024
1630573,Sam Hauser,145.0,261.0,55.55555555555556,0.619,54.93655555555556,2024
1628971,Bruce Brown,231.0,349.0,66.189111747851,0.63,65.559111747851,2024
204456,T.J. McConnell,119.0,173.0,68.78612716763006,0.613,68.17312716763006,2024
1628384,OG Anunoby,138.0,238.0,57.983193277310924,0.634,57.349193277310924,2024
203482,Kelly Olynyk,251.0,383.0,65.53524804177546,0.636,64.89924804177546,2024
201569,Eric Gordon,120.0,181.0,66.29834254143647,0.628,65.67034254143647,2024
203484,Kentavious Caldwell-Pope,142.0,215.0,66.04651162790698,0.6290000000000001,65.41751162790698,2024
201566,Russell Westbrook,93.0,163.0,57.05521472392638,0.614,56.441214723926386,2024
1630183,Jaden McDaniels,176.0,320.0,55.0,0.618,54.382,2024
1629661,Cameron Johnson,116.0,212.0,54.716981132075475,0.62,54.09698113207548,2024
1628404,Josh Hart,237.0,397.0,59.69773299748111,0.636,59.06173299748111,2024
1630200,Tre Jones,167.0,251.0,66.53386454183267,0.616,65.91786454183267,2024
1628380,Zach Collins,254.0,425.0,59.76470588235294,0.635,59.129705882352944,2024
1627777,Georges Niang,193.0,317.0,60.88328075709779,0.632,60.251280757097796,2024
1629684,Grant Williams,209.0,314.0,66.56050955414013,0.63,65.93050955414013,2024
1630202,Payton Pritchard,124.0,188.0,65.95744680851064,0.613,65.34444680851064,2024
1627826,Ivica Zubac,232.0,448.0,51.785714285714285,0.633,51.15271428571428,2024
1630596,Evan Mobley,224.0,416.0,53.84615384615385,0.635,53.21115384615385,2024
203915,Spencer Dinwiddie,157.0,234.0,67.09401709401709,0.624,66.4700170940171,2024
1626145,Tyus Jones,180.0,261.0,68.96551724137932,0.616,68.34951724137932,2024
1629655,Daniel Gafford,316.0,540.0,58.51851851851852,0.644,57.87451851851852,2024
1629651,Nic Claxton,282.0,507.0,55.62130177514793,0.631,54.99030177514793,2024
203994,Jusuf Nurkić,281.0,512.0,54.8828125,0.635,54.2478125,2024
202704,Reggie Jackson,157.0,237.0,66.24472573839662,0.62,65.62472573839662,2024
1630529,Herbert Jones,181.0,289.0,62.62975778546713,0.63,61.999757785467125,2024
203114,Khris Middleton,128.0,208.0,61.53846153846154,0.624,60.91446153846154,2024
1630530,Trey Murphy III,127.0,206.0,61.650485436893206,0.6290000000000001,61.02148543689321,2024
1631105,Jalen Duren,222.0,351.0,63.24786324786325,0.646,62.60186324786325,2024
203991,Clint Capela,256.0,436.0,58.71559633027523,0.641,58.074596330275234,2024
1631110,Jeremy Sochan,257.0,409.0,62.836185819070906,0.6350000000000001,62.20118581907091,2024
1630167,Obi Toppin,122.0,216.0,56.48148148148148,0.632,55.84948148148148,2024
201950,Jrue Holiday,211.0,368.0,57.33695652173913,0.632,56.704956521739135,2024
1629622,Max Strus,190.0,342.0,55.55555555555556,0.624,54.931555555555555,2024
1630703,Scoot Henderson,220.0,299.0,73.57859531772576,0.624,72.95459531772576,2024
1631097,Bennedict Mathurin,162.0,236.0,68.64406779661017,0.628,68.01606779661017,2024
1629652,Luguentz Dort,163.0,271.0,60.14760147601476,0.631,59.51660147601476,2024
1630180,Saddiq Bey,151.0,225.0,67.11111111111111,0.629,66.48211111111111,2024
1629021,Moritz Wagner,157.0,246.0,63.82113821138211,0.631,63.19013821138211,2024
202711,Bojan Bogdanovic,141.0,186.0,75.80645161290323,0.635,75.17145161290323,2024
201144,Mike Conley,142.0,233.0,60.94420600858369,0.619,60.32520600858369,2024
1629639,Tyler Herro,126.0,209.0,60.28708133971292,0.628,59.65908133971292,2024
1629130,Duncan Robinson,135.0,213.0,63.38028169014085,0.6179999999999999,62.762281690140846,2024
1630174,Aaron Nesmith,186.0,354.0,52.54237288135593,0.637,51.90537288135593,2024
1631170,Jaime Jaquez Jr.,181.0,287.0,63.066202090592334,0.624,62.44220209059233,2024
1627736,Malik Beasley,181.0,265.0,68.30188679245283,0.627,67.67488679245284,2024
1629028,Deandre Ayton,220.0,353.0,62.32294617563739,0.637,61.68594617563739,2024
1629631,De'Andre Hunter,163.0,248.0,65.7258064516129,0.629,65.09680645161289,2024
1630552,Jalen Johnson,241.0,391.0,61.63682864450128,0.636,61.000828644501276,2024
1629060,Rui Hachimura,177.0,286.0,61.88811188811189,0.646,61.242111888111886,2024
1630245,Ayo Dosunmu,176.0,291.0,60.48109965635739,0.633,59.848099656357384,2024
1628415,Dillon Brooks,214.0,335.0,63.88059701492537,0.632,63.24859701492537,2024
203903,Jordan Clarkson,126.0,208.0,60.57692307692308,0.628,59.94892307692308,2024
203952,Andrew Wiggins,182.0,278.0,65.46762589928058,0.633,64.83462589928058,2024
1629023,P.J. Washington,249.0,408.0,61.029411764705884,0.632,60.397411764705886,2024
1630175,Cole Anthony,155.0,254.0,61.023622047244096,0.613,60.4106220472441,2024
203078,Bradley Beal,128.0,215.0,59.53488372093023,0.628,58.90688372093023,2024
1630591,Jalen Suggs,164.0,288.0,56.94444444444444,0.618,56.32644444444444,2024
1641718,Keyonte George,172.0,256.0,67.1875,0.624,66.5635,2024
1629018,Gary Trent Jr.,121.0,190.0,63.68421052631579,0.628,63.05621052631579,2024
1627747,Caris LeVert,138.0,254.0,54.330708661417326,0.627,53.70370866141732,2024
1630581,Josh Giddey,203.0,353.0,57.507082152974505,0.619,56.888082152974505,2024
203932,Aaron Gordon,175.0,296.0,59.12162162162162,0.637,58.48462162162162,2024
201572,Brook Lopez,375.0,673.0,55.72065378900446,0.639,55.081653789004456,2024
202685,Jonas Valančiūnas,269.0,418.0,64.35406698564593,0.642,63.712066985645926,2024
1627741,Buddy Hield,246.0,400.0,61.5,0.621,60.879,2024
1630217,Desmond Bane,99.0,157.0,63.05732484076433,0.635,62.42232484076433,2024
203084,Harrison Barnes,201.0,315.0,63.80952380952381,0.641,63.16852380952381,2024
1628960,Grayson Allen,248.0,394.0,62.944162436548226,0.628,62.316162436548225,2024
1628381,John Collins,221.0,355.0,62.25352112676056,0.639,61.61452112676056,2024
1629014,Anfernee Simons,179.0,247.0,72.46963562753037,0.63,71.83963562753037,2024
1629636,Darius Garland,122.0,178.0,68.53932584269663,0.622,67.91732584269663,2024
1626181,Norman Powell,141.0,225.0,62.666666666666664,0.627,62.03966666666666,2024
1626162,Kelly Oubre Jr.,193.0,322.0,59.93788819875776,0.622,59.31588819875776,2024
1631095,Jabari Smith Jr.,241.0,406.0,59.35960591133005,0.636,58.72360591133005,2024
203497,Rudy Gobert,292.0,591.0,49.407783417935704,0.628,48.779783417935704,2024
1629640,Keldon Johnson,193.0,298.0,64.76510067114094,0.625,64.14010067114094,2024
1630557,Corey Kispert,205.0,320.0,64.0625,0.62,63.4425,2024
1629675,Naz Reid,200.0,349.0,57.306590257879655,0.63,56.67659025787965,2024
1628401,Derrick White,219.0,382.0,57.32984293193717,0.625,56.70484293193717,2024
203944,Julius Randle,126.0,204.0,61.76470588235294,0.643,61.12170588235294,2024
1630166,Deni Avdija,331.0,544.0,60.845588235294116,0.628,60.217588235294116,2024
1628370,Malik Monk,133.0,233.0,57.081545064377686,0.617,56.46454506437769,2024
203471,Dennis Schröder,226.0,336.0,67.26190476190476,0.621,66.64090476190476,2024
203501,Tim Hardaway Jr.,175.0,269.0,65.05576208178438,0.624,64.43176208178438,2024
1630193,Immanuel Quickley,194.0,296.0,65.54054054054055,0.631,64.90954054054055,2024
1626171,Bobby Portis,231.0,357.0,64.70588235294117,0.629,64.07688235294117,2024
203924,Jerami Grant,161.0,234.0,68.80341880341881,0.645,68.15841880341881,2024
204001,Kristaps Porziņģis,221.0,445.0,49.662921348314605,0.633,49.0299213483146,2024
1630228,Jonathan Kuminga,169.0,279.0,60.57347670250896,0.632,59.941476702508965,2024
1631093,Jaden Ivey,201.0,344.0,58.43023255813954,0.62,57.81023255813954,2024
1629628,RJ Barrett,176.0,290.0,60.689655172413794,0.629,60.060655172413796,2024
1631099,Keegan Murray,236.0,403.0,58.56079404466501,0.628,57.93279404466501,2024
201935,James Harden,233.0,365.0,63.83561643835616,0.633,63.20261643835616,2024
1627750,Jamal Murray,185.0,289.0,64.01384083044982,0.63,63.38384083044982,2024
202699,Tobias Harris,209.0,337.0,62.017804154302674,0.638,61.379804154302676,2024
1630567,Scottie Barnes,279.0,446.0,62.55605381165919,0.632,61.92405381165919,2024
1626179,Terry Rozier,187.0,265.0,70.56603773584905,0.619,69.94703773584905,2024
202710,Jimmy Butler III,136.0,194.0,70.10309278350516,0.626,69.47709278350516,2024
1641706,Brandon Miller,310.0,492.0,63.00813008130081,0.627,62.38113008130081,2024
1628978,Donte DiVincenzo,224.0,337.0,66.46884272997033,0.631,65.83784272997033,2024
1627832,Fred VanVleet,207.0,343.0,60.349854227405245,0.622,59.727854227405246,2024
1628386,Jarrett Allen,358.0,630.0,56.82539682539682,0.643,56.18239682539682,2024
1628374,Lauri Markkanen,206.0,341.0,60.410557184750736,0.632,59.77855718475074,2024
1630559,Austin Reaves,264.0,421.0,62.70783847980998,0.6279999999999999,62.07983847980998,2024
1626167,Myles Turner,343.0,576.0,59.548611111111114,0.642,58.90661111111111,2024
203468,CJ McCollum,195.0,281.0,69.3950177935943,0.626,68.7690177935943,2024
1629008,Michael Porter Jr.,199.0,332.0,59.93975903614458,0.626,59.31375903614458,2024
1627742,Brandon Ingram,159.0,247.0,64.37246963562752,0.633,63.73946963562752,2024
1630170,Devin Vassell,173.0,257.0,67.31517509727627,0.623,66.69217509727626,2024
1630578,Alperen Sengun,314.0,527.0,59.58254269449716,0.643,58.939542694497156,2024
203992,Bogdan Bogdanović,226.0,369.0,61.24661246612466,0.624,60.62261246612466,2024
202691,Klay Thompson,182.0,293.0,62.1160409556314,0.632,61.4840409556314,2024
202696,Nikola Vučević,342.0,537.0,63.687150837988824,0.639,63.04815083798882,2024
1626157,Karl-Anthony Towns,166.0,263.0,63.11787072243346,0.627,62.490870722433456,2024
203954,Joel Embiid,188.0,351.0,53.56125356125356,0.641,52.92025356125356,2024
1631114,Jalen Williams,166.0,309.0,53.72168284789644,0.632,53.08968284789644,2024
1626156,D'Angelo Russell,228.0,343.0,66.47230320699708,0.627,65.84530320699709,2024
1629673,Jordan Poole,216.0,319.0,67.7115987460815,0.621,67.09059874608151,2024
1631096,Chet Holmgren,352.0,666.0,52.852852852852855,0.642,52.21085285285285,2024
1628389,Bam Adebayo,195.0,336.0,58.035714285714285,0.636,57.39971428571428,2024
1630595,Cade Cunningham,227.0,349.0,65.0429799426934,0.62,64.4229799426934,2024
1629027,Trae Young,188.0,279.0,67.38351254480287,0.627,66.75651254480287,2024
1630169,Tyrese Haliburton,225.0,319.0,70.53291536050156,0.623,69.90991536050156,2024
1630560,Cam Thomas,208.0,318.0,65.40880503144655,0.63,64.77880503144655,2024
1630532,Franz Wagner,182.0,306.0,59.47712418300654,0.629,58.84812418300654,2024
1628970,Miles Bridges,226.0,345.0,65.5072463768116,0.635,64.87224637681159,2024
1629012,Collin Sexton,152.0,230.0,66.08695652173913,0.628,65.45895652173913,2024
1628378,Donovan Mitchell,114.0,173.0,65.89595375722543,0.631,65.26495375722543,2024
202681,Kyrie Irving,157.0,219.0,71.68949771689498,0.6230000000000001,71.06649771689497,2024
1628991,Jaren Jackson Jr.,219.0,395.0,55.44303797468354,0.635,54.80803797468354,2024
1629632,Coby White,287.0,407.0,70.51597051597052,0.629,69.88697051597052,2024
1641705,Victor Wembanyama,315.0,587.0,53.66269165247019,0.643,53.019691652470186,2024
1628398,Kyle Kuzma,247.0,388.0,63.65979381443299,0.639,63.020793814432984,2024
1628969,Mikal Bridges,215.0,357.0,60.22408963585434,0.625,59.59908963585434,2024
1627759,Jaylen Brown,154.0,271.0,56.82656826568266,0.627,56.19956826568266,2024
1629627,Zion Williamson,172.0,277.0,62.09386281588448,0.631,61.46286281588448,2024
1627734,Domantas Sabonis,364.0,621.0,58.61513687600644,0.639,57.976136876006436,2024
202695,Kawhi Leonard,193.0,307.0,62.86644951140065,0.631,62.23544951140065,2024
1630224,Jalen Green,195.0,327.0,59.63302752293578,0.625,59.00802752293578,2024
202331,Paul George,235.0,417.0,56.354916067146284,0.6220000000000001,55.732916067146284,2024
1627783,Pascal Siakam,275.0,437.0,62.92906178489702,0.63,62.29906178489702,2024
1627749,Dejounte Murray,289.0,443.0,65.23702031602708,0.631,64.60602031602708,2024
203081,Damian Lillard,174.0,282.0,61.702127659574465,0.623,61.07912765957447,2024
1630178,Tyrese Maxey,173.0,280.0,61.785714285714285,0.63,61.15571428571428,2024
2544,LeBron James,150.0,244.0,61.47540983606557,0.621,60.85440983606557,2024
1631094,Paolo Banchero,297.0,493.0,60.24340770791075,0.636,59.607407707910745,2024
1626164,Devin Booker,204.0,322.0,63.35403726708075,0.623,62.73103726708075,2024
203076,Anthony Davis,325.0,576.0,56.423611111111114,0.638,55.785611111111116,2024
201942,DeMar DeRozan,235.0,383.0,61.35770234986945,0.63,60.727702349869446,2024
201939,Stephen Curry,174.0,261.0,66.66666666666667,0.635,66.03166666666667,2024
1628369,Jayson Tatum,177.0,283.0,62.54416961130742,0.632,61.91216961130742,2024
1628368,De'Aaron Fox,214.0,332.0,64.4578313253012,0.627,63.8308313253012,2024
201142,Kevin Durant,199.0,340.0,58.529411764705884,0.634,57.895411764705884,2024
203999,Nikola Jokić,425.0,657.0,64.68797564687975,0.643,64.04497564687975,2024
1630162,Anthony Edwards,170.0,288.0,59.02777777777778,0.627,58.400777777777776,2024
1628973,Jalen Brunson,218.0,321.0,67.91277258566979,0.631,67.28177258566978,2024
203507,Giannis Antetokounmpo,192.0,358.0,53.63128491620112,0.63,53.001284916201115,2024
1628983,Shai Gilgeous-Alexander,256.0,415.0,61.68674698795181,0.624,61.062746987951805,2024
1629029,Luka Dončić,268.0,424.0,63.20754716981132,0.631,62.57654716981132,2024
1626143,Jahlil Okafor,0.0,1.0,0.0,0.731,-0.731,2025
1629667,Jalen McDaniels,0.0,1.0,0.0,0.542,-0.542,2025
1642399,Jesse Edwards,1.0,1.0,100.0,0.669,99.331,2025
1630644,Mac McClung,1.0,1.0,100.0,0.578,99.422,2025
1629056,Terence Davis,1.0,2.0,50.0,0.619,49.381,2025
1642389,Zyon Pullin,1.0,2.0,50.0,0.601,49.399,2025
1642502,Malevy Leons,1.0,2.0,50.0,0.585,49.415,2025
1641879,Yuri Collins,2.0,2.0,100.0,0.75,99.25,2025
1630296,Braxton Key,1.0,1.0,100.0,0.568,99.432,2025
1642385,Cui Yongxi,2.0,3.0,66.66666666666667,0.577,66.08966666666667,2025
1630618,DJ Carton,2.0,5.0,40.0,0.647,39.353,2025
1642439,Quincy Olivari,1.0,1.0,100.0,0.713,99.287,2025
1641803,Tristen Newton,0.0,1.0,0.0,0.636,-0.636,2025
1631127,Harrison Ingram,1.0,2.0,50.0,0.665,49.335,2025
1631199,Ron Harper Jr.,0.0,2.0,0.0,0.473,-0.473,2025
1642279,Ulrich Chomche,8.0,9.0,88.88888888888889,0.583,88.30588888888889,2025
1630600,Isaiah Mobley,6.0,10.0,60.0,0.606,59.394,2025
1630164,James Wiseman,2.0,3.0,66.66666666666667,0.654,66.01266666666668,2025
1641755,Kevin McCullar Jr.,4.0,5.0,80.0,0.608,79.392,2025
1631386,Taze Moore,0.0,1.0,0.0,0.663,-0.663,2025
1642450,Daniss Jenkins,1.0,1.0,100.0,0.75,99.25,2025
1641936,Miles Norris,1.0,3.0,33.333333333333336,0.588,32.745333333333335,2025
1628408,PJ Dozier,3.0,4.0,75.0,0.586,74.414,2025
1641766,Adama Sanogo,3.0,6.0,50.0,0.612,49.388,2025
1641817,Anton Watson,4.0,4.0,100.0,0.595,99.405,2025
201949,James Johnson,2.0,6.0,33.333333333333336,0.613,32.720333333333336,2025
1630762,Phillip Wheeler,3.0,5.0,60.0,0.625,59.375,2025
1641779,Jalen Bridges,1.0,1.0,100.0,0.586,99.414,2025
1641857,Liam Robbins,3.0,4.0,75.0,0.649,74.351,2025
200782,P.J. Tucker,6.0,8.0,75.0,0.592,74.408,2025
1642443,Jahmir Young,3.0,3.0,100.0,0.659,99.341,2025
1642280,Trentyn Flowers,3.0,4.0,75.0,0.613,74.387,2025
1631247,Luke Travers,12.0,19.0,63.1578947368421,0.598,62.559894736842104,2025
1631121,Bryce McGowens,2.0,2.0,100.0,0.588,99.412,2025
1642384,Isaiah Crawford,1.0,6.0,16.666666666666668,0.607,16.05966666666667,2025
1642422,Armel Traore,5.0,11.0,45.45454545454545,0.652,44.80254545454545,2025
1629098,Jack McVeigh,4.0,7.0,57.142857142857146,0.611,56.53185714285715,2025
1641707,Taylor Hendricks,9.0,18.0,50.0,0.662,49.338,2025
1642449,Tolu Smith,2.0,5.0,40.0,0.562,39.438,2025
1630649,Stanley Umude,4.0,7.0,57.142857142857146,0.657,56.48585714285714,2025
204060,Joe Ingles,3.0,4.0,75.0,0.574,74.426,2025
1641752,Bobi Klintman,1.0,2.0,50.0,0.538,49.462,2025
1630561,David Duke Jr.,3.0,5.0,60.0,0.46299999999999997,59.537,2025
1630201,Malachi Flynn,1.0,2.0,50.0,0.557,49.443,2025
1631123,Jamaree Bouyea,5.0,7.0,71.42857142857143,0.6770000000000002,70.75157142857142,2025
1631303,Justin Minaya,18.0,24.0,75.0,0.635,74.365,2025
1642353,Cam Christie,5.0,8.0,62.5,0.682,61.818,2025
1631159,Leonard Miller,3.0,3.0,100.0,0.604,99.396,2025
1630604,E.J. Liddell,6.0,11.0,54.54545454545455,0.624,53.921454545454544,2025
1642050,Jackson Rowe,2.0,3.0,66.66666666666667,0.586,66.08066666666667,2025
203109,Jae Crowder,6.0,10.0,60.0,0.632,59.368,2025
1631210,Jacob Toppin,5.0,12.0,41.666666666666664,0.613,41.053666666666665,2025
1630222,Mason Jones,1.0,4.0,25.0,0.655,24.345,2025
1628427,Vlatko Čančar,10.0,17.0,58.8235294117647,0.61,58.2135294117647,2025
1641789,Jazian Gortman,8.0,12.0,66.66666666666667,0.633,66.03366666666668,2025
1642368,N'Faly Dante,5.0,11.0,45.45454545454545,0.628,44.82654545454545,2025
1642461,Spencer Jones,3.0,9.0,33.333333333333336,0.548,32.785333333333334,2025
1630528,Josh Christopher,3.0,4.0,75.0,0.63,74.37,2025
1630585,Marcus Garrett,2.0,9.0,22.22222222222222,0.623,21.59922222222222,2025
1630346,Matt Ryan,4.0,7.0,57.142857142857146,0.606,56.536857142857144,2025
1641753,Chris Livingston,15.0,24.0,62.5,0.62,61.88,2025
1642359,Pacôme Dadiet,13.0,19.0,68.42105263157895,0.602,67.81905263157894,2025
1642484,RayJ Dennis,4.0,7.0,57.142857142857146,0.608,56.53485714285715,2025
1631321,Sidy Cissoko,9.0,12.0,75.0,0.562,74.438,2025
1641725,Trey Alexander,10.0,14.0,71.42857142857143,0.6529999999999999,70.77557142857142,2025
1641989,Elijah Harkless,13.0,17.0,76.47058823529412,0.63,75.84058823529412,2025
1626196,Josh Richardson,18.0,19.0,94.73684210526316,0.629,94.10784210526316,2025
1631120,JD Davison,5.0,10.0,50.0,0.608,49.392,2025
1641790,PJ Hall,3.0,7.0,42.857142857142854,0.609,42.24814285714285,2025
1630283,Kylor Kelley,21.0,33.0,63.63636363636363,0.667,62.96936363636363,2025
1630214,Xavier Tillman,28.0,47.0,59.57446808510638,0.618,58.95646808510638,2025
1631102,TyTy Washington Jr.,6.0,8.0,75.0,0.611,74.389,2025
1630543,Isaiah Jackson,11.0,26.0,42.30769230769231,0.629,41.67869230769231,2025
1642530,Yuki Kawamura,13.0,17.0,76.47058823529412,0.614,75.85658823529411,2025
1642505,Alex Ducas,9.0,12.0,75.0,0.563,74.437,2025
1630537,Chris Duarte,12.0,23.0,52.17391304347826,0.644,51.52991304347826,2025
1641772,Nae'Qwan Tomlin,4.0,11.0,36.36363636363637,0.595,35.76863636363637,2025
1641734,Emoni Bates,6.0,13.0,46.15384615384615,0.596,45.55784615384616,2025
1631250,Pete Nance,23.0,31.0,74.19354838709677,0.66,73.53354838709677,2025
1631301,Jaylen Sims,5.0,7.0,71.42857142857143,0.6450000000000001,70.78357142857143,2025
1642352,Keshad Johnson,7.0,19.0,36.8421052631579,0.59,36.252105263157894,2025
1631342,Daeqwon Plowden,11.0,16.0,68.75,0.6,68.15,2025
1642402,Enrique Freeman,21.0,32.0,65.625,0.641,64.984,2025
1628995,Kevin Knox II,6.0,12.0,50.0,0.618,49.382,2025
1630574,Ariel Hukporti,32.0,60.0,53.333333333333336,0.628,52.705333333333336,2025
1629052,Oshae Brissett,15.0,20.0,75.0,0.608,74.392,2025
1631116,Patrick Baldwin Jr.,6.0,15.0,40.0,0.635,39.365,2025
1641723,Kobe Bufkin,7.0,15.0,46.666666666666664,0.6330000000000001,46.03366666666666,2025
1629643,Chuma Okeke,24.0,35.0,68.57142857142857,0.608,67.96342857142857,2025
202066,Garrett Temple,19.0,31.0,61.29032258064516,0.636,60.65432258064516,2025
1630165,Killian Hayes,17.0,25.0,68.0,0.631,67.369,2025
1641809,Drew Peterson,10.0,27.0,37.03703703703704,0.599,36.43803703703704,2025
1630623,Tyson Etienne,9.0,12.0,75.0,0.619,74.381,2025
202693,Markieff Morris,18.0,27.0,66.66666666666667,0.618,66.04866666666668,2025
203967,Dario Šarić,34.0,49.0,69.38775510204081,0.628,68.75975510204081,2025
1628981,Bruno Fernando,20.0,28.0,71.42857142857143,0.6369999999999999,70.79157142857143,2025
1631306,Cole Swider,21.0,33.0,63.63636363636363,0.569,63.06736363636363,2025
1628396,Tony Bradley,14.0,24.0,58.333333333333336,0.622,57.711333333333336,2025
1628365,Markelle Fultz,16.0,26.0,61.53846153846154,0.625,60.91346153846154,2025
1629001,De'Anthony Melton,8.0,12.0,66.66666666666667,0.621,66.04566666666668,2025
1642355,Bronny James,18.0,29.0,62.06896551724138,0.612,61.45696551724138,2025
1631466,Nate Williams,14.0,20.0,70.0,0.622,69.378,2025
1641745,Adam Flagler,14.0,25.0,56.0,0.586,55.414,2025
1641890,Tyler Smith,9.0,17.0,52.94117647058823,0.652,52.28917647058823,2025
1629669,Jaylen Nowell,19.0,27.0,70.37037037037037,0.625,69.74537037037037,2025
1630542,Marcus Bagley,22.0,41.0,53.65853658536585,0.614,53.044536585365854,2025
202684,Tristan Thompson,27.0,54.0,50.0,0.615,49.385,2025
1630550,JT Thor,18.0,29.0,62.06896551724138,0.634,61.43496551724138,2025
1630205,Lamar Stevens,16.0,23.0,69.56521739130434,0.653,68.91221739130434,2025
203458,Alex Len,54.0,77.0,70.12987012987013,0.624,69.50587012987013,2025
1629650,Moses Brown,22.0,38.0,57.89473684210526,0.64,57.25473684210526,2025
1642024,Alex Reese,44.0,68.0,64.70588235294117,0.627,64.07888235294118,2025
1641738,Kobe Brown,28.0,41.0,68.29268292682927,0.622,67.67068292682927,2025
1641798,Jaylen Martin,28.0,41.0,68.29268292682927,0.607,67.68568292682927,2025
1630699,MarJon Beauchamp,12.0,25.0,48.0,0.604,47.396,2025
1631098,Johnny Davis,10.0,26.0,38.46153846153846,0.6340000000000001,37.82753846153846,2025
1642278,Tyler Kolek,26.0,38.0,68.42105263157895,0.629,67.79205263157894,2025
1641775,Jordan Walsh,30.0,54.0,55.55555555555556,0.607,54.94855555555556,2025
1627814,Damion Lee,13.0,22.0,59.09090909090909,0.61,58.480909090909094,2025
203901,Elfrid Payton,39.0,67.0,58.208955223880594,0.619,57.589955223880594,2025
1631311,Lester Quinones,18.0,29.0,62.06896551724138,0.62,61.44896551724138,2025
1630696,Dru Smith,16.0,30.0,53.333333333333336,0.609,52.724333333333334,2025
1629011,Mitchell Robinson,41.0,59.0,69.49152542372882,0.649,68.84252542372882,2025
1631132,Christian Koloko,38.0,70.0,54.285714285714285,0.644,53.641714285714286,2025
1641736,Reece Beekman,41.0,51.0,80.3921568627451,0.619,79.7731568627451,2025
1641998,Trey Jemison III,39.0,68.0,57.35294117647059,0.632,56.72094117647059,2025
1630311,Pat Spencer,26.0,38.0,68.42105263157895,0.651,67.77005263157895,2025
1629162,Jordan McLaughlin,23.0,33.0,69.6969696969697,0.607,69.0899696969697,2025
1630579,Jericho Sims,53.0,105.0,50.476190476190474,0.625,49.851190476190474,2025
1642277,Johnny Furphy,34.0,54.0,62.96296296296296,0.613,62.34996296296296,2025
1628467,Maxi Kleber,77.0,120.0,64.16666666666667,0.629,63.537666666666674,2025
1629629,Cam Reddish,45.0,81.0,55.55555555555556,0.633,54.922555555555554,2025
1642285,Cam Spencer,24.0,30.0,80.0,0.616,79.384,2025
1641720,Jalen Hood-Schifino,30.0,55.0,54.54545454545455,0.596,53.94945454545455,2025
1631131,Oscar Tshiebwe,40.0,56.0,71.42857142857143,0.6450000000000001,70.78357142857143,2025
201959,Taj Gibson,35.0,73.0,47.945205479452056,0.616,47.32920547945206,2025
1628470,Torrey Craig,25.0,47.0,53.191489361702125,0.64,52.551489361702124,2025
1631166,Drew Timme,28.0,44.0,63.63636363636363,0.641,62.995363636363635,2025
1630531,Jaden Springer,24.0,28.0,85.71428571428571,0.638,85.0762857142857,2025
1641878,Damion Baugh,43.0,59.0,72.88135593220339,0.624,72.2573559322034,2025
201988,Patty Mills,28.0,41.0,68.29268292682927,0.623,67.66968292682927,2025
1629680,Matisse Thybulle,27.0,40.0,67.5,0.618,66.882,2025
1629723,John Konchar,58.0,99.0,58.58585858585859,0.622,57.96385858585859,2025
1631248,Baylor Scheierman,29.0,53.0,54.716981132075475,0.612,54.10498113207547,2025
1641727,Dariq Whitehead,20.0,27.0,74.07407407407408,0.5949999999999999,73.47907407407408,2025
203939,Dwight Powell,76.0,124.0,61.29032258064516,0.632,60.65832258064516,2025
1641721,Maxwell Lewis,32.0,45.0,71.11111111111111,0.642,70.46911111111112,2025
1629057,Robert Williams III,20.0,49.0,40.816326530612244,0.611,40.20532653061225,2025
1631197,Jared Rhoden,32.0,40.0,80.0,0.619,79.381,2025
1631169,Josh Minott,21.0,34.0,61.76470588235294,0.626,61.138705882352944,2025
1631209,Isaiah Wong,16.0,27.0,59.25925925925926,0.6410000000000001,58.61825925925926,2025
1642382,Branden Carlson,30.0,59.0,50.847457627118644,0.622,50.225457627118644,2025
201567,Kevin Love,33.0,53.0,62.264150943396224,0.646,61.61815094339622,2025
1630658,Colin Castleton,43.0,81.0,53.08641975308642,0.626,52.46041975308642,2025
1626153,Delon Wright,63.0,107.0,58.87850467289719,0.608,58.2705046728972,2025
1630264,Anthony Gill,26.0,40.0,65.0,0.631,64.369,2025
1642403,Isaac Jones,33.0,60.0,55.0,0.618,54.382,2025
1641816,Hunter Tyson,35.0,53.0,66.0377358490566,0.627,65.4107358490566,2025
1641794,Dillon Jones,37.0,67.0,55.223880597014926,0.624,54.59988059701492,2025
1628963,Marvin Bagley III,26.0,52.0,50.0,0.663,49.337,2025
202704,Reggie Jackson,28.0,38.0,73.6842105263158,0.626,73.05821052631579,2025
1630568,Luka Garza,34.0,49.0,69.38775510204081,0.639,68.74875510204082,2025
1630545,Terrence Shannon Jr.,20.0,33.0,60.60606060606061,0.625,59.98106060606061,2025
1642269,Devin Carter,27.0,36.0,75.0,0.605,74.395,2025
1628964,Mo Bamba,51.0,95.0,53.68421052631579,0.622,53.06221052631579,2025
200768,Kyle Lowry,54.0,84.0,64.28571428571429,0.635,63.650714285714294,2025
1631232,Keion Brooks Jr.,31.0,50.0,62.0,0.631,61.369,2025
1631172,Ousmane Dieng,37.0,63.0,58.73015873015873,0.618,58.112158730158725,2025
202687,Bismack Biyombo,68.0,118.0,57.6271186440678,0.645,56.982118644067796,2025
203914,Gary Harris,50.0,86.0,58.13953488372093,0.61,57.52953488372093,2025
203926,Doug McDermott,25.0,45.0,55.55555555555556,0.603,54.952555555555556,2025
1629020,Jarred Vanderbilt,62.0,103.0,60.19417475728155,0.626,59.568174757281554,2025
1631230,Dominick Barlow,48.0,82.0,58.53658536585366,0.622,57.91458536585366,2025
1630538,Bones Hyland,23.0,32.0,71.875,0.627,71.248,2025
1631111,Wendell Moore Jr.,48.0,74.0,64.86486486486487,0.636,64.22886486486487,2025
1641757,Jordan Miller,48.0,63.0,76.19047619047619,0.628,75.56247619047619,2025
1630243,Trevelin Queen,37.0,57.0,64.91228070175438,0.632,64.28028070175438,2025
1628975,Jevon Carter,35.0,48.0,72.91666666666667,0.608,72.30866666666667,2025
1631223,David Roddy,42.0,78.0,53.84615384615385,0.617,53.22915384615385,2025
1641712,Rayan Rupert,29.0,55.0,52.72727272727273,0.604,52.12327272727273,2025
1629646,Charles Bassey,56.0,97.0,57.7319587628866,0.637,57.0949587628866,2025
1641732,Colby Jones,53.0,84.0,63.095238095238095,0.615,62.48023809523809,2025
1630692,Jordan Goodwin,65.0,91.0,71.42857142857143,0.638,70.79057142857143,2025
1631245,Quenton Jackson,36.0,58.0,62.06896551724138,0.6090000000000001,61.45996551724138,2025
1628464,Daniel Theis,66.0,110.0,60.0,0.632,59.368,2025
1630695,Micah Potter,89.0,152.0,58.55263157894737,0.635,57.91763157894737,2025
1641740,Jaylen Clark,42.0,63.0,66.66666666666667,0.625,66.04166666666667,2025
1629684,Grant Williams,68.0,104.0,65.38461538461539,0.627,64.75761538461539,2025
1642281,Jaylon Tyson,49.0,70.0,70.0,0.611,69.389,2025
1630811,Keaton Wallace,29.0,47.0,61.702127659574465,0.635,61.06712765957447,2025
1630556,Kessler Edwards,84.0,151.0,55.629139072847686,0.629,55.00013907284769,2025
201145,Jeff Green,44.0,59.0,74.57627118644068,0.633,73.94327118644068,2025
203957,Danté Exum,39.0,61.0,63.9344262295082,0.618,63.316426229508195,2025
202709,Cory Joseph,61.0,88.0,69.31818181818181,0.628,68.69018181818181,2025
1631246,Vince Williams Jr.,46.0,69.0,66.66666666666667,0.635,66.03166666666667,2025
1630544,Tre Mann,25.0,42.0,59.523809523809526,0.596,58.92780952380953,2025
1630194,Paul Reed,56.0,107.0,52.33644859813084,0.636,51.70044859813084,2025
1630192,Zeke Nnaji,71.0,140.0,50.714285714285715,0.62,50.09428571428572,2025
1641854,Craig Porter Jr.,46.0,77.0,59.74025974025974,0.601,59.13925974025974,2025
1630256,Jae'Sean Tate,40.0,73.0,54.794520547945204,0.621,54.1735205479452,2025
1631221,Collin Gillespie,52.0,79.0,65.82278481012658,0.626,65.19678481012657,2025
1641871,Duop Reath,58.0,93.0,62.365591397849464,0.631,61.734591397849464,2025
1631288,Jamal Cain,52.0,81.0,64.19753086419753,0.623,63.574530864197534,2025
1631243,Mouhamed Gueye,49.0,90.0,54.44444444444444,0.628,53.81644444444444,2025
1630539,Kai Jones,70.0,119.0,58.8235294117647,0.634,58.1895294117647,2025
1629111,Jock Landale,81.0,128.0,63.28125,0.624,62.65725,2025
1629618,Jalen Pickett,31.0,57.0,54.3859649122807,0.622,53.7639649122807,2025
1641765,Olivier-Maxence Prosper,61.0,105.0,58.095238095238095,0.629,57.4662380952381,2025
1626204,Larry Nance Jr.,53.0,82.0,64.63414634146342,0.634,64.00014634146342,2025
1630529,Herbert Jones,57.0,88.0,64.77272727272727,0.606,64.16672727272727,2025
1641713,GG Jackson,33.0,54.0,61.111111111111114,0.63,60.48111111111111,2025
201599,DeAndre Jordan,58.0,101.0,57.42574257425743,0.626,56.79974257425743,2025
1626192,Pat Connaughton,56.0,93.0,60.215053763440864,0.632,59.583053763440866,2025
1631104,Blake Wesley,45.0,69.0,65.21739130434783,0.61,64.60739130434783,2025
1642265,Rob Dillingham,42.0,68.0,61.76470588235294,0.603,61.16170588235294,2025
1642358,AJ Johnson,67.0,102.0,65.68627450980392,0.608,65.07827450980392,2025
203500,Steven Adams,84.0,140.0,60.0,0.644,59.356,2025
1630611,Gui Santos,70.0,131.0,53.43511450381679,0.615,52.82011450381679,2025
1642263,Reed Sheppard,87.0,143.0,60.83916083916084,0.613,60.22616083916084,2025
1626158,Richaun Holmes,55.0,104.0,52.88461538461539,0.6329999999999999,52.251615384615384,2025
1641748,Andre Jackson Jr.,78.0,131.0,59.541984732824424,0.62,58.92198473282443,2025
1642262,Cody Williams,91.0,148.0,61.486486486486484,0.621,60.86548648648648,2025
1628420,Monté Morris,42.0,69.0,60.869565217391305,0.608,60.26156521739131,2025
1642349,Ajay Mitchell,36.0,61.0,59.01639344262295,0.605,58.41139344262295,2025
1631103,Malaki Branham,19.0,41.0,46.34146341463415,0.612,45.72946341463415,2025
1630639,A.J. Lawson,43.0,70.0,61.42857142857143,0.608,60.820571428571434,2025
1631216,Caleb Houstan,44.0,64.0,68.75,0.61,68.14,2025
1629626,Bol Bol,45.0,74.0,60.810810810810814,0.615,60.19581081081081,2025
1629022,Lonnie Walker IV,53.0,72.0,73.61111111111111,0.621,72.99011111111112,2025
1641796,Pelle Larsson,82.0,114.0,71.9298245614035,0.618,71.31182456140351,2025
1642345,Oso Ighodaro,127.0,210.0,60.476190476190474,0.63,59.84619047619047,2025
1630322,Lindy Waters III,76.0,118.0,64.40677966101696,0.624,63.78277966101695,2025
1627732,Ben Simmons,95.0,146.0,65.06849315068493,0.641,64.42749315068492,2025
201569,Eric Gordon,44.0,64.0,68.75,0.634,68.116,2025
1641787,Tosan Evbuomwan,54.0,97.0,55.670103092783506,0.631,55.039103092783506,2025
1641724,Jett Howard,49.0,76.0,64.47368421052632,0.606,63.86768421052631,2025
1628366,Lonzo Ball,67.0,107.0,62.61682242990654,0.63,61.98682242990654,2025
203995,Vasilije Micic,62.0,95.0,65.26315789473684,0.626,64.63715789473683,2025
1630231,KJ Martin,59.0,103.0,57.28155339805825,0.632,56.64955339805825,2025
1630314,Brandon Williams,57.0,80.0,71.25,0.624,70.626,2025
1631119,Jaylin Williams,91.0,150.0,60.666666666666664,0.628,60.038666666666664,2025
1629234,Drew Eubanks,99.0,172.0,57.55813953488372,0.638,56.920139534883724,2025
1642354,KJ Simpson,99.0,150.0,66.0,0.624,65.376,2025
1629006,Josh Okogie,62.0,86.0,72.09302325581395,0.635,71.45802325581394,2025
1630288,Jeff Dowtin Jr.,52.0,82.0,63.41463414634146,0.625,62.78963414634146,2025
1629013,Landry Shamet,61.0,90.0,67.77777777777777,0.62,67.15777777777777,2025
1631200,Kris Murray,88.0,169.0,52.071005917159766,0.623,51.44800591715977,2025
203083,Andre Drummond,100.0,143.0,69.93006993006993,0.638,69.29206993006993,2025
1631115,Orlando Robinson,121.0,203.0,59.60591133004926,0.626,58.97991133004926,2025
1627763,Malcolm Brogdon,54.0,75.0,72.0,0.624,71.376,2025
1641810,Antonio Reeves,51.0,79.0,64.55696202531645,0.625,63.93196202531645,2025
203935,Marcus Smart,32.0,58.0,55.172413793103445,0.617,54.55541379310345,2025
1629674,Neemias Queta,117.0,209.0,55.98086124401914,0.619,55.36186124401914,2025
1631133,Jabari Walker,77.0,129.0,59.689922480620154,0.623,59.06692248062016,2025
201587,Nicolas Batum,117.0,209.0,55.98086124401914,0.634,55.34686124401914,2025
1641726,Dereck Lively II,125.0,225.0,55.55555555555556,0.634,54.92155555555556,2025
1629003,Shake Milton,63.0,93.0,67.74193548387096,0.62,67.12193548387096,2025
1629610,DaQuan Jeffries,70.0,115.0,60.869565217391305,0.641,60.228565217391306,2025
1629731,Dean Wade,114.0,195.0,58.46153846153846,0.63,57.83153846153846,2025
1631255,Karlo Matković,104.0,169.0,61.53846153846154,0.635,60.90346153846154,2025
1631207,Dalen Terry,65.0,123.0,52.84552845528455,0.619,52.22652845528455,2025
1641774,Tristan Vukcevic,94.0,149.0,63.08724832214765,0.618,62.46924832214765,2025
1630200,Tre Jones,73.0,108.0,67.5925925925926,0.62,66.97259259259259,2025
1641767,Ben Sheppard,83.0,140.0,59.285714285714285,0.619,58.666714285714285,2025
203486,Mason Plumlee,187.0,299.0,62.541806020066886,0.643,61.898806020066885,2025
1629004,Svi Mykhailiuk,76.0,114.0,66.66666666666667,0.629,66.03766666666667,2025
1641737,Adem Bona,120.0,209.0,57.41626794258373,0.636,56.78026794258373,2025
1630171,Isaac Okoro,56.0,104.0,53.84615384615385,0.624,53.222153846153844,2025
1642366,Quinten Post,85.0,148.0,57.432432432432435,0.631,56.801432432432435,2025
1628988,Aaron Holiday,70.0,125.0,56.0,0.606,55.394,2025
1628971,Bruce Brown,81.0,127.0,63.77952755905512,0.63,63.149527559055116,2025
1626172,Kevon Looney,121.0,236.0,51.271186440677965,0.624,50.64718644067796,2025
1629750,Javonte Green,114.0,191.0,59.68586387434555,0.628,59.05786387434555,2025
1631157,Ryan Rollins,56.0,97.0,57.7319587628866,0.622,57.1099587628866,2025
1642272,Jared McCain,71.0,103.0,68.93203883495146,0.6340000000000001,68.29803883495146,2025
1629726,Garrison Mathews,63.0,95.0,66.3157894736842,0.629,65.6867894736842,2025
1642275,Tidjane Salaün,124.0,194.0,63.91752577319588,0.617,63.30052577319588,2025
202692,Alec Burks,61.0,99.0,61.61616161616162,0.62,60.99616161616162,2025
1628997,Caleb Martin,140.0,209.0,66.98564593301435,0.619,66.36664593301435,2025
203937,Kyle Anderson,98.0,155.0,63.225806451612904,0.638,62.587806451612906,2025
1628998,Cody Martin,114.0,187.0,60.962566844919785,0.632,60.33056684491979,2025
1641763,Julian Phillips,98.0,153.0,64.05228758169935,0.64,63.412287581699346,2025
1631204,Marcus Sasser,58.0,99.0,58.58585858585859,0.609,57.97685858585859,2025
1629659,Talen Horton-Tucker,56.0,87.0,64.36781609195403,0.608,63.75981609195403,2025
1630173,Precious Achiuwa,148.0,233.0,63.51931330472103,0.628,62.89131330472103,2025
1628371,Jonathan Isaac,94.0,181.0,51.93370165745856,0.636,51.29770165745856,2025
1627936,Alex Caruso,83.0,167.0,49.70059880239521,0.626,49.074598802395215,2025
1629637,Jaxson Hayes,111.0,207.0,53.6231884057971,0.628,52.9951884057971,2025
203482,Kelly Olynyk,107.0,179.0,59.77653631284916,0.628,59.14853631284916,2025
1630572,Sandro Mamukelashvili,92.0,142.0,64.78873239436619,0.625,64.16373239436619,2025
1629021,Moritz Wagner,55.0,89.0,61.79775280898876,0.643,61.15475280898876,2025
1642367,Jonathan Mogbo,169.0,270.0,62.592592592592595,0.623,61.9695925925926,2025
1630549,Day'Ron Sharpe,103.0,181.0,56.9060773480663,0.63,56.276077348066295,2025
1627742,Brandon Ingram,48.0,76.0,63.1578947368421,0.642,62.5158947368421,2025
1627780,Gary Payton II,74.0,129.0,57.36434108527132,0.613,56.75134108527132,2025
1631217,Moussa Diabaté,168.0,276.0,60.869565217391305,0.634,60.235565217391304,2025
1631218,Trayce Jackson-Davis,119.0,196.0,60.714285714285715,0.633,60.08128571428571,2025
1628380,Zach Collins,129.0,228.0,56.578947368421055,0.637,55.941947368421054,2025
1630249,Vít Krejčí,94.0,161.0,58.38509316770186,0.616,57.76909316770186,2025
1630526,Jeremiah Robinson-Earl,118.0,190.0,62.10526315789474,0.628,61.47726315789474,2025
1642419,Jamison Battle,87.0,148.0,58.78378378378378,0.616,58.16778378378378,2025
1641730,Noah Clowney,126.0,224.0,56.25,0.642,55.608,2025
1628418,Thomas Bryant,136.0,240.0,56.666666666666664,0.629,56.03766666666667,2025
1630191,Isaiah Stewart,152.0,289.0,52.59515570934256,0.633,51.96215570934256,2025
1629026,Kenrich Williams,74.0,122.0,60.65573770491803,0.622,60.03373770491803,2025
1642270,Donovan Clingan,156.0,307.0,50.814332247557005,0.636,50.178332247557,2025
1630643,Jay Huff,126.0,231.0,54.54545454545455,0.628,53.91745454545455,2025
203114,Khris Middleton,67.0,111.0,60.36036036036036,0.616,59.74436036036036,2025
1628436,Luke Kornet,160.0,317.0,50.473186119873816,0.623,49.85018611987382,2025
203552,Seth Curry,66.0,98.0,67.34693877551021,0.63,66.71693877551022,2025
1642348,Justin Edwards,130.0,194.0,67.01030927835052,0.624,66.38630927835052,2025
1631323,Simone Fontecchio,103.0,161.0,63.975155279503106,0.62,63.35515527950311,2025
1630527,Brandon Boston,108.0,158.0,68.35443037974683,0.622,67.73243037974683,2025
1642266,Ja'Kobe Walter,124.0,190.0,65.26315789473684,0.622,64.64115789473684,2025
1630570,Trendon Watford,91.0,151.0,60.264900662251655,0.629,59.63590066225166,2025
1626168,Trey Lyles,155.0,234.0,66.23931623931624,0.632,65.60731623931623,2025
203954,Joel Embiid,68.0,112.0,60.714285714285715,0.635,60.07928571428572,2025
203994,Jusuf Nurkić,111.0,200.0,55.5,0.6460000000000001,54.854,2025
1631222,Jake LaRavia,152.0,229.0,66.37554585152839,0.621,65.75454585152839,2025
1629216,Gabe Vincent,113.0,176.0,64.20454545454545,0.626,63.578545454545456,2025
1641716,Jarace Walker,117.0,155.0,75.48387096774194,0.615,74.86887096774194,2025
1629622,Max Strus,119.0,186.0,63.97849462365591,0.627,63.35149462365591,2025
1627739,Kris Dunn,111.0,175.0,63.42857142857143,0.631,62.79757142857143,2025
1641715,Cam Whitmore,52.0,84.0,61.904761904761905,0.621,61.2837619047619,2025
1629312,Haywood Highsmith,167.0,273.0,61.172161172161175,0.618,60.55416117216117,2025
1631096,Chet Holmgren,100.0,222.0,45.04504504504504,0.632,44.413045045045045,2025
203991,Clint Capela,118.0,217.0,54.3778801843318,0.6460000000000001,53.7318801843318,2025
1631107,Nikola Jović,117.0,193.0,60.62176165803109,0.622,59.99976165803109,2025
1630702,Jaden Hardy,65.0,110.0,59.09090909090909,0.617,58.473909090909096,2025
1626166,Cameron Payne,78.0,129.0,60.46511627906977,0.617,59.84811627906977,2025
1628449,Chris Boucher,80.0,129.0,62.01550387596899,0.631,61.38450387596899,2025
1629048,Goga Bitadze,176.0,289.0,60.89965397923876,0.642,60.25765397923875,2025
1630182,Josh Green,119.0,180.0,66.11111111111111,0.628,65.48311111111111,2025
1630241,Sam Merrill,91.0,157.0,57.961783439490446,0.618,57.343783439490444,2025
1642346,Ryan Dunn,125.0,214.0,58.41121495327103,0.627,57.784214953271025,2025
1629611,Terance Mann,123.0,199.0,61.80904522613066,0.622,61.18704522613066,2025
1641842,Ronald Holland II,99.0,152.0,65.13157894736842,0.619,64.51257894736843,2025
1631213,Tyrese Martin,112.0,184.0,60.869565217391305,0.625,60.244565217391305,2025
1630188,Jalen Smith,112.0,195.0,57.43589743589744,0.634,56.80189743589744,2025
1631093,Jaden Ivey,63.0,115.0,54.78260869565217,0.623,54.159608695652175,2025
1630208,Nick Richards,218.0,362.0,60.22099447513812,0.638,59.58299447513812,2025
1641741,Ricky Council IV,94.0,153.0,61.43790849673203,0.62,60.81790849673203,2025
1642347,Jamal Shead,122.0,184.0,66.30434782608695,0.611,65.69334782608695,2025
1641783,Tristan da Silva,115.0,207.0,55.55555555555556,0.634,54.92155555555556,2025
1629634,Brandon Clarke,110.0,211.0,52.132701421800945,0.627,51.50570142180094,2025
201143,Al Horford,154.0,259.0,59.45945945945946,0.638,58.82145945945946,2025
1630215,Jared Butler,78.0,141.0,55.319148936170215,0.626,54.69314893617022,2025
1630174,Aaron Nesmith,74.0,147.0,50.34013605442177,0.613,49.72713605442177,2025
1631260,AJ Green,150.0,237.0,63.29113924050633,0.618,62.67313924050633,2025
1627749,Dejounte Murray,125.0,190.0,65.78947368421052,0.628,65.16147368421052,2025
1630551,Justin Champagnie,125.0,232.0,53.87931034482759,0.63,53.249310344827585,2025
1627827,Dorian Finney-Smith,161.0,272.0,59.19117647058823,0.634,58.55717647058823,2025
1631212,Peyton Watson,161.0,291.0,55.32646048109966,0.629,54.69746048109966,2025
1630625,Dalano Banton,98.0,160.0,61.25,0.625,60.625,2025
1630193,Immanuel Quickley,69.0,108.0,63.888888888888886,0.624,63.26488888888888,2025
1630245,Ayo Dosunmu,111.0,173.0,64.16184971098266,0.616,63.545849710982665,2025
1630172,Patrick Williams,171.0,247.0,69.23076923076923,0.636,68.59476923076923,2025
1630591,Jalen Suggs,93.0,147.0,63.265306122448976,0.628,62.637306122448976,2025
1641706,Brandon Miller,76.0,139.0,54.67625899280576,0.631,54.045258992805756,2025
1641717,Cason Wallace,153.0,260.0,58.84615384615385,0.623,58.22315384615385,2025
1631170,Jaime Jaquez Jr.,110.0,195.0,56.41025641025641,0.631,55.77925641025641,2025
1630548,Johnny Juzang,137.0,213.0,64.31924882629107,0.634,63.68524882629107,2025
1629028,Deandre Ayton,104.0,177.0,58.75706214689266,0.649,58.10806214689266,2025
1628379,Luke Kennard,100.0,173.0,57.80346820809248,0.623,57.180468208092485,2025
1630631,Jose Alvarado,92.0,144.0,63.888888888888886,0.631,63.257888888888886,2025
201144,Mike Conley,123.0,202.0,60.89108910891089,0.623,60.26808910891089,2025
203992,Bogdan Bogdanović,107.0,184.0,58.15217391304348,0.629,57.52317391304348,2025
1631124,Julian Strawther,86.0,139.0,61.8705035971223,0.623,61.247503597122304,2025
1630558,Davion Mitchell,155.0,243.0,63.78600823045267,0.627,63.15900823045267,2025
1642273,Kyshawn George,180.0,319.0,56.426332288401255,0.632,55.79433228840126,2025
1641733,Nick Smith Jr.,114.0,167.0,68.26347305389221,0.628,67.63547305389221,2025
1641709,Ausar Thompson,96.0,178.0,53.93258426966292,0.633,53.299584269662915,2025
1642276,Kel'el Ware,206.0,330.0,62.42424242424242,0.64,61.78424242424242,2025
1630560,Cam Thomas,86.0,123.0,69.91869918699187,0.637,69.28169918699187,2025
203903,Jordan Clarkson,89.0,142.0,62.67605633802817,0.642,62.034056338028165,2025
1641722,Jordan Hawkins,149.0,233.0,63.94849785407725,0.626,63.322497854077255,2025
1630573,Sam Hauser,130.0,208.0,62.5,0.615,61.885,2025
1641744,Zach Edey,187.0,325.0,57.53846153846154,0.636,56.90246153846154,2025
1630540,Miles McBride,123.0,210.0,58.57142857142857,0.615,57.95642857142857,2025
203110,Draymond Green,172.0,316.0,54.43037974683544,0.632,53.798379746835444,2025
1642268,Isaiah Collier,150.0,216.0,69.44444444444444,0.6230000000000001,68.82144444444444,2025
1631110,Jeremy Sochan,158.0,269.0,58.7360594795539,0.622,58.1140594795539,2025
1628976,Wendell Carter Jr.,167.0,298.0,56.04026845637584,0.637,55.40326845637584,2025
1630175,Cole Anthony,105.0,178.0,58.98876404494382,0.626,58.36276404494382,2025
1630533,Ziaire Williams,154.0,238.0,64.70588235294117,0.623,64.08288235294117,2025
1628392,Isaiah Hartenstein,181.0,307.0,58.957654723127035,0.635,58.32265472312704,2025
1631117,Walker Kessler,234.0,438.0,53.42465753424658,0.6409999999999999,52.78365753424658,2025
1629614,Andrew Nembhard,159.0,261.0,60.91954022988506,0.619,60.30054022988506,2025
1627752,Taurean Prince,182.0,290.0,62.758620689655174,0.626,62.13262068965518,2025
202331,Paul George,116.0,188.0,61.702127659574465,0.632,61.07012765957447,2025
1642274,Yves Missi,312.0,490.0,63.673469387755105,0.643,63.030469387755105,2025
1631165,Keon Ellis,231.0,344.0,67.15116279069767,0.624,66.52716279069767,2025
1630534,Ochai Agbaji,146.0,244.0,59.83606557377049,0.628,59.20806557377049,2025
1631109,Mark Williams,180.0,275.0,65.45454545454545,0.651,64.80354545454546,2025
203484,Kentavious Caldwell-Pope,145.0,236.0,61.440677966101696,0.626,60.8146779661017,2025
203924,Jerami Grant,97.0,177.0,54.80225988700565,0.625,54.17725988700565,2025
1626179,Terry Rozier,119.0,189.0,62.96296296296296,0.627,62.33596296296296,2025
1626171,Bobby Portis,142.0,232.0,61.206896551724135,0.63,60.57689655172413,2025
1630552,Jalen Johnson,128.0,228.0,56.14035087719298,0.631,55.50935087719298,2025
1628960,Grayson Allen,114.0,187.0,60.962566844919785,0.624,60.33856684491978,2025
1626220,Royce O'Neale,174.0,275.0,63.27272727272727,0.632,62.640727272727275,2025
1628989,Kevin Huerter,148.0,247.0,59.91902834008097,0.628,59.29102834008097,2025
1631106,Tari Eason,124.0,206.0,60.19417475728155,0.636,59.55817475728155,2025
201950,Jrue Holiday,163.0,266.0,61.278195488721806,0.634,60.644195488721806,2025
1641824,Matas Buzelis,174.0,322.0,54.037267080745345,0.625,53.412267080745345,2025
1642271,Kyle Filipowski,244.0,363.0,67.21763085399449,0.631,66.58663085399449,2025
1629599,Amir Coffey,111.0,175.0,63.42857142857143,0.628,62.80057142857143,2025
1631095,Jabari Smith Jr.,152.0,265.0,57.35849056603774,0.623,56.73549056603774,2025
1629655,Daniel Gafford,177.0,364.0,48.62637362637363,0.629,47.99737362637363,2025
1630557,Corey Kispert,114.0,180.0,63.333333333333336,0.624,62.70933333333333,2025
1642261,Dalton Knecht,127.0,198.0,64.14141414141415,0.636,63.50541414141414,2025
1630228,Jonathan Kuminga,70.0,115.0,60.869565217391305,0.6400000000000001,60.229565217391304,2025
1629652,Luguentz Dort,130.0,230.0,56.52173913043478,0.6289999999999999,55.892739130434784,2025
204456,T.J. McConnell,110.0,177.0,62.14689265536723,0.601,61.54589265536723,2025
1628978,Donte DiVincenzo,129.0,211.0,61.13744075829384,0.621,60.51644075829384,2025
101108,Chris Paul,199.0,320.0,62.1875,0.63,61.5575,2025
1630541,Moses Moody,140.0,222.0,63.06306306306306,0.624,62.43906306306306,2025
1629651,Nic Claxton,227.0,380.0,59.73684210526316,0.643,59.09384210526316,2025
1641731,Bilal Coulibaly,157.0,263.0,59.6958174904943,0.628,59.0678174904943,2025
1626156,D'Angelo Russell,177.0,278.0,63.669064748201436,0.622,63.047064748201436,2025
1641710,Anthony Black,173.0,251.0,68.92430278884463,0.62,68.30430278884462,2025
1629627,Zion Williamson,56.0,98.0,57.142857142857146,0.626,56.51685714285715,2025
1641764,Brandin Podziemski,156.0,244.0,63.9344262295082,0.622,63.3124262295082,2025
203932,Aaron Gordon,142.0,217.0,65.43778801843318,0.6260000000000001,64.81178801843318,2025
1630592,Jalen Wilson,163.0,249.0,65.46184738955823,0.63,64.83184738955823,2025
1631108,Max Christie,215.0,346.0,62.138728323699425,0.623,61.51572832369943,2025
1630198,Isaiah Joe,127.0,197.0,64.46700507614213,0.624,63.84300507614213,2025
1628381,John Collins,112.0,178.0,62.92134831460674,0.633,62.288348314606736,2025
1627824,Guerschon Yabusele,238.0,372.0,63.97849462365591,0.636,63.34249462365591,2025
1629645,Kevin Porter Jr.,147.0,221.0,66.5158371040724,0.624,65.89183710407241,2025
1641729,Brice Sensabaugh,130.0,200.0,65.0,0.628,64.372,2025
1629638,Nickeil Alexander-Walker,200.0,328.0,60.97560975609756,0.616,60.35960975609756,2025
1629060,Rui Hachimura,145.0,235.0,61.702127659574465,0.63,61.07212765957446,2025
1627747,Caris LeVert,136.0,220.0,61.81818181818182,0.623,61.19518181818182,2025
1641711,Gradey Dick,137.0,205.0,66.82926829268293,0.634,66.19526829268293,2025
1630590,Scotty Pippen Jr.,129.0,211.0,61.13744075829384,0.6170000000000001,60.520440758293844,2025
1627884,Derrick Jones Jr.,152.0,215.0,70.69767441860465,0.634,70.06367441860465,2025
1627777,Georges Niang,164.0,261.0,62.83524904214559,0.624,62.21124904214559,2025
202695,Kawhi Leonard,81.0,128.0,63.28125,0.633,62.64825,2025
1642267,Bub Carrington,182.0,282.0,64.53900709219859,0.627,63.912007092198586,2025
1630583,Santi Aldama,183.0,306.0,59.80392156862745,0.635,59.168921568627454,2025
1630577,Julian Champagnie,215.0,348.0,61.7816091954023,0.622,61.1596091954023,2025
1629130,Duncan Robinson,143.0,201.0,71.14427860696517,0.625,70.51927860696517,2025
204001,Kristaps Porziņģis,123.0,258.0,47.674418604651166,0.632,47.04241860465117,2025
1642377,Jaylen Wells,156.0,258.0,60.46511627906977,0.626,59.83911627906977,2025
1627751,Jakob Poeltl,236.0,400.0,59.0,0.643,58.357,2025
1629018,Gary Trent Jr.,141.0,204.0,69.11764705882354,0.622,68.49564705882354,2025
1626145,Tyus Jones,166.0,233.0,71.24463519313305,0.622,70.62263519313305,2025
1630167,Obi Toppin,148.0,221.0,66.96832579185521,0.638,66.3303257918552,2025
1629023,P.J. Washington,204.0,336.0,60.714285714285715,0.634,60.080285714285715,2025
1630703,Scoot Henderson,177.0,268.0,66.04477611940298,0.624,65.42077611940299,2025
1630553,Keon Johnson,198.0,291.0,68.04123711340206,0.619,67.42223711340206,2025
202685,Jonas Valančiūnas,225.0,324.0,69.44444444444444,0.656,68.78844444444444,2025
1627832,Fred VanVleet,168.0,280.0,60.0,0.621,59.379,2025
203501,Tim Hardaway Jr.,144.0,227.0,63.436123348017624,0.631,62.805123348017624,2025
203497,Rudy Gobert,255.0,475.0,53.68421052631579,0.6339999999999999,53.05021052631579,2025
1642259,Alex Sarr,362.0,583.0,62.0926243567753,0.646,61.4466243567753,2025
203915,Spencer Dinwiddie,164.0,267.0,61.42322097378277,0.62,60.80322097378277,2025
1629660,Ty Jerome,108.0,167.0,64.67065868263474,0.621,64.04965868263474,2025
1641739,Toumani Camara,246.0,384.0,64.0625,0.635,63.4275,2025
1628374,Lauri Markkanen,118.0,192.0,61.458333333333336,0.633,60.82533333333333,2025
203078,Bradley Beal,147.0,223.0,65.91928251121077,0.623,65.29628251121076,2025
1626162,Kelly Oubre Jr.,215.0,344.0,62.5,0.635,61.865,2025
1627741,Buddy Hield,186.0,299.0,62.207357859531776,0.627,61.58035785953177,2025
1630598,Aaron Wiggins,191.0,290.0,65.86206896551724,0.62,65.24206896551723,2025
1630230,Naji Marshall,173.0,277.0,62.454873646209386,0.621,61.83387364620938,2025
1631105,Jalen Duren,253.0,402.0,62.93532338308458,0.642,62.29332338308458,2025
1642258,Zaccharie Risacher,195.0,317.0,61.51419558359621,0.63,60.88419558359621,2025
1631099,Keegan Murray,203.0,378.0,53.7037037037037,0.627,53.0767037037037,2025
202710,Jimmy Butler III,130.0,200.0,65.0,0.627,64.373,2025
1628398,Kyle Kuzma,128.0,204.0,62.745098039215684,0.632,62.113098039215686,2025
1641708,Amen Thompson,137.0,259.0,52.8957528957529,0.625,52.2707528957529,2025
1629640,Keldon Johnson,178.0,293.0,60.75085324232082,0.633,60.11785324232082,2025
203471,Dennis Schröder,182.0,294.0,61.904761904761905,0.624,61.2807619047619,2025
1630168,Onyeka Okongwu,257.0,393.0,65.39440203562341,0.649,64.74540203562341,2025
201566,Russell Westbrook,140.0,205.0,68.29268292682927,0.625,67.66768292682927,2025
1630183,Jaden McDaniels,231.0,396.0,58.333333333333336,0.624,57.70933333333333,2025
202699,Tobias Harris,189.0,308.0,61.36363636363637,0.631,60.73263636363637,2025
202691,Klay Thompson,126.0,217.0,58.064516129032256,0.623,57.44151612903226,2025
203084,Harrison Barnes,179.0,277.0,64.62093862815884,0.634,63.98693862815884,2025
1630581,Josh Giddey,249.0,401.0,62.094763092269325,0.626,61.46876309226933,2025
1630170,Devin Vassell,167.0,284.0,58.80281690140845,0.631,58.17181690140845,2025
201572,Brook Lopez,333.0,568.0,58.62676056338028,0.64,57.98676056338028,2025
1628404,Josh Hart,295.0,464.0,63.577586206896555,0.634,62.943586206896555,2025
1628415,Dillon Brooks,227.0,386.0,58.80829015544042,0.63,58.178290155440415,2025
1629661,Cameron Johnson,150.0,238.0,63.02521008403362,0.6449999999999999,62.380210084033614,2025
1630700,Dyson Daniels,268.0,442.0,60.633484162895925,0.627,60.00648416289592,2025
203952,Andrew Wiggins,153.0,262.0,58.396946564885496,0.632,57.7649465648855,2025
1629631,De'Andre Hunter,127.0,218.0,58.25688073394495,0.63,57.62688073394495,2025
1629656,Quentin Grimes,173.0,282.0,61.347517730496456,0.62,60.72751773049646,2025
1628386,Jarrett Allen,296.0,522.0,56.70498084291188,0.638,56.06698084291188,2025
1641705,Victor Wembanyama,184.0,362.0,50.828729281767956,0.642,50.18672928176795,2025
1628370,Malik Monk,159.0,258.0,61.627906976744185,0.629,60.99890697674419,2025
1626167,Myles Turner,289.0,522.0,55.3639846743295,0.636,54.7279846743295,2025
1630530,Trey Murphy III,210.0,312.0,67.3076923076923,0.632,66.6756923076923,2025
1641718,Keyonte George,206.0,298.0,69.12751677852349,0.629,68.49851677852348,2025
1629675,Naz Reid,224.0,379.0,59.10290237467019,0.633,58.469902374670184,2025
1630202,Payton Pritchard,139.0,232.0,59.91379310344828,0.616,59.29779310344828,2025
1631097,Bennedict Mathurin,229.0,340.0,67.3529411764706,0.617,66.73594117647059,2025
1629630,Ja Morant,119.0,186.0,63.97849462365591,0.627,63.35149462365591,2025
1629012,Collin Sexton,111.0,165.0,67.27272727272727,0.636,66.63672727272727,2025
203468,CJ McCollum,153.0,227.0,67.40088105726872,0.631,66.76988105726872,2025
1630163,LaMelo Ball,107.0,162.0,66.04938271604938,0.62,65.42938271604937,2025
1642264,Stephon Castle,207.0,319.0,64.89028213166144,0.628,64.26228213166144,2025
1631094,Paolo Banchero,136.0,230.0,59.130434782608695,0.634,58.496434782608695,2025
1631128,Christian Braun,174.0,297.0,58.58585858585859,0.626,57.95985858585859,2025
1630166,Deni Avdija,209.0,335.0,62.38805970149254,0.637,61.75105970149254,2025
1629628,RJ Barrett,148.0,248.0,59.67741935483871,0.63,59.04741935483871,2025
202681,Kyrie Irving,129.0,202.0,63.86138613861386,0.624,63.23738613861386,2025
1628401,Derrick White,231.0,394.0,58.629441624365484,0.62,58.009441624365486,2025
1630567,Scottie Barnes,219.0,390.0,56.15384615384615,0.628,55.52584615384615,2025
203076,Anthony Davis,172.0,331.0,51.963746223564954,0.644,51.319746223564955,2025
203944,Julius Randle,181.0,304.0,59.53947368421053,0.633,58.906473684210525,2025
1628970,Miles Bridges,148.0,262.0,56.48854961832061,0.637,55.85154961832061,2025
1626181,Norman Powell,109.0,152.0,71.71052631578948,0.624,71.08652631578948,2025
1630596,Evan Mobley,274.0,504.0,54.36507936507937,0.63,53.735079365079365,2025
1630217,Desmond Bane,138.0,246.0,56.09756097560975,0.623,55.474560975609755,2025
1628384,OG Anunoby,190.0,306.0,62.091503267973856,0.628,61.463503267973856,2025
1631101,Shaedon Sharpe,191.0,297.0,64.3097643097643,0.627,63.6827643097643,2025
1627736,Malik Beasley,139.0,229.0,60.698689956331876,0.622,60.076689956331876,2025
1627734,Domantas Sabonis,292.0,479.0,60.96033402922756,0.641,60.31933402922756,2025
1627826,Ivica Zubac,275.0,501.0,54.89021956087824,0.637,54.25321956087824,2025
1629014,Anfernee Simons,195.0,304.0,64.14473684210526,0.63,63.51473684210526,2025
202696,Nikola Vučević,340.0,531.0,64.030131826742,0.649,63.38113182674199,2025
1630169,Tyrese Haliburton,236.0,395.0,59.74683544303797,0.614,59.132835443037976,2025
1630178,Tyrese Maxey,138.0,212.0,65.09433962264151,0.627,64.46733962264152,2025
1629673,Jordan Poole,152.0,219.0,69.40639269406392,0.634,68.77239269406392,2025
1627759,Jaylen Brown,157.0,245.0,64.08163265306122,0.634,63.44763265306122,2025
1629008,Michael Porter Jr.,216.0,341.0,63.34310850439883,0.635,62.70810850439883,2025
1629029,Luka Dončić,159.0,263.0,60.456273764258555,0.632,59.82427376425856,2025
1628389,Bam Adebayo,240.0,359.0,66.85236768802228,0.643,66.20936768802228,2025
1627750,Jamal Murray,260.0,390.0,66.66666666666667,0.629,66.03766666666667,2025
1628969,Mikal Bridges,240.0,394.0,60.91370558375635,0.617,60.29670558375635,2025
203081,Damian Lillard,134.0,215.0,62.325581395348834,0.6209999999999999,61.70458139534883,2025
1630532,Franz Wagner,136.0,210.0,64.76190476190476,0.6340000000000001,64.12790476190476,2025
1630578,Alperen Sengun,354.0,603.0,58.70646766169154,0.633,58.07346766169154,2025
1628368,De'Aaron Fox,179.0,266.0,67.29323308270676,0.625,66.66823308270676,2025
1630559,Austin Reaves,282.0,427.0,66.04215456674473,0.6209999999999999,65.42115456674473,2025
1631114,Jalen Williams,155.0,301.0,51.49501661129568,0.623,50.872016611295685,2025
1629632,Coby White,205.0,301.0,68.10631229235881,0.62,67.4863122923588,2025
1629636,Darius Garland,166.0,270.0,61.48148148148148,0.625,60.85648148148148,2025
1627783,Pascal Siakam,247.0,420.0,58.80952380952381,0.629,58.18052380952381,2025
1628991,Jaren Jackson Jr.,172.0,346.0,49.71098265895954,0.635,49.07598265895954,2025
201142,Kevin Durant,126.0,225.0,56.0,0.628,55.372,2025
1628973,Jalen Brunson,196.0,300.0,65.33333333333333,0.617,64.71633333333332,2025
1628378,Donovan Mitchell,113.0,192.0,58.854166666666664,0.633,58.22116666666666,2025
2544,LeBron James,156.0,241.0,64.73029045643153,0.628,64.10229045643153,2025
201942,DeMar DeRozan,202.0,325.0,62.15384615384615,0.633,61.52084615384615,2025
201939,Stephen Curry,121.0,208.0,58.17307692307692,0.6340000000000001,57.53907692307692,2025
1630224,Jalen Green,225.0,365.0,61.64383561643836,0.624,61.01983561643836,2025
203897,Zach LaVine,211.0,302.0,69.86754966887418,0.63,69.23754966887418,2025
1626157,Karl-Anthony Towns,293.0,446.0,65.69506726457399,0.636,65.059067264574,2025
201935,James Harden,262.0,399.0,65.6641604010025,0.628,65.0361604010025,2025
1630595,Cade Cunningham,207.0,368.0,56.25,0.631,55.619,2025
1629639,Tyler Herro,224.0,367.0,61.03542234332425,0.619,60.41642234332425,2025
1629027,Trae Young,192.0,290.0,66.20689655172414,0.619,65.58789655172414,2025
1626164,Devin Booker,216.0,348.0,62.06896551724138,0.628,61.44096551724138,2025
1628369,Jayson Tatum,189.0,299.0,63.21070234113712,0.639,62.57170234113712,2025
203507,Giannis Antetokounmpo,164.0,289.0,56.74740484429066,0.643,56.104404844290656,2025
203999,Nikola Jokić,362.0,554.0,65.34296028880867,0.646,64.69696028880867,2025
1630162,Anthony Edwards,206.0,334.0,61.67664670658683,0.625,61.05164670658683,2025
1628983,Shai Gilgeous-Alexander,215.0,356.0,60.39325842696629,0.627,59.76625842696629,2025
1642935,Chucky Hepburn,2.0,2.0,100.0,0.614,99.386,2026
1642468,Darius Brown,1.0,1.0,100.0,0.614,99.386,2026
1641787,Tosan Evbuomwan,0.0,1.0,0.0,0.6,-0.6,2026
1643141,Jahmyl Telfort,1.0,3.0,33.333333333333336,0.626,32.70733333333334,2026
1641732,Colby Jones,1.0,1.0,100.0,0.69,99.31,2026
1642368,N'Faly Dante,1.0,3.0,33.333333333333336,0.608,32.72533333333334,2026
1628365,Markelle Fultz,5.0,7.0,71.42857142857143,0.591,70.83757142857144,2026
1630658,Colin Castleton,2.0,2.0,100.0,0.712,99.288,2026
203967,Dario Saric,8.0,11.0,72.72727272727273,0.608,72.11927272727273,2026
1641809,Drew Peterson,5.0,11.0,45.45454545454545,0.624,44.83054545454545,2026
1631205,Buddy Boeheim,2.0,3.0,66.66666666666667,0.642,66.02466666666668,2026
1643060,Hayden Gray,4.0,4.0,100.0,0.62,99.38,2026
1643024,Chris Mañon,10.0,15.0,66.66666666666667,0.599,66.06766666666667,2026
1628998,Cody Martin,5.0,9.0,55.55555555555556,0.608,54.94755555555556,2026
1642282,Hunter Sallis,4.0,5.0,80.0,0.616,79.384,2026
1642917,Max Shulga,3.0,4.0,75.0,0.588,74.412,2026
1631115,Orlando Robinson,9.0,10.0,90.0,0.595,89.405,2026
1642884,Vladislav Goldin,3.0,8.0,37.5,0.569,36.931,2026
1629634,Brandon Clarke,2.0,4.0,50.0,0.653,49.347,2026
1631210,Jacob Toppin,0.0,1.0,0.0,0.552,-0.552,2026
1631211,Trevor Keels,1.0,2.0,50.0,0.717,49.283,2026
1641753,Chris Livingston,1.0,1.0,100.0,0.623,99.377,2026
1641794,Dillon Jones,3.0,5.0,60.0,0.547,59.453,2026
1642403,Isaac Jones,4.0,6.0,66.66666666666667,0.604,66.06266666666667,2026
1641815,Isaiah Stevens,3.0,3.0,100.0,0.542,99.458,2026
1643257,Jayson Kent,3.0,5.0,60.0,0.681,59.319,2026
1641780,Johni Broome,11.0,15.0,73.33333333333333,0.612,72.72133333333333,2026
1628964,Mo Bamba,3.0,8.0,37.5,0.644,36.856,2026
1631111,Wendell Moore Jr.,4.0,10.0,40.0,0.612,39.388,2026
1631127,Harrison Ingram,1.0,1.0,100.0,0.5,99.5,2026
1643047,CJ Huntley,3.0,5.0,60.0,0.645,59.355,2026
1630625,Dalano Banton,2.0,8.0,25.0,0.605,24.395,2026
1630621,Hunter Dickinson,10.0,11.0,90.9090909090909,0.639,90.27009090909091,2026
1641803,Tristen Newton,4.0,4.0,100.0,0.535,99.465,2026
1642402,Enrique Freeman,6.0,9.0,66.66666666666667,0.562,66.10466666666667,2026
1630164,James Wiseman,6.0,11.0,54.54545454545455,0.637,53.908454545454546,2026
1642951,Sean Pedulla,1.0,2.0,50.0,0.682,49.318,2026
1627746,Skal Labissiere,8.0,10.0,80.0,0.631,79.369,2026
1641998,Trey Jemison III,6.0,6.0,100.0,0.609,99.391,2026
1643133,Lawson Lovering,10.0,15.0,66.66666666666667,0.64,66.02666666666667,2026
1630846,Olivier Sarr,3.0,5.0,60.0,0.592,59.408,2026
1642911,Rocco Zikarsky,8.0,12.0,66.66666666666667,0.628,66.03866666666667,2026
1641801,Emanuel Miller,4.0,6.0,66.66666666666667,0.628,66.03866666666667,2026
1642910,John Tonje,4.0,5.0,80.0,0.637,79.363,2026
1631338,Mouhamadou Gueye,6.0,8.0,75.0,0.672,74.328,2026
200768,Kyle Lowry,9.0,15.0,60.0,0.603,59.397,2026
202066,Garrett Temple,4.0,6.0,66.66666666666667,0.607,66.05966666666667,2026
1641761,Grant Nelson,1.0,9.0,11.11111111111111,0.597,10.514111111111111,2026
1642933,Keshon Gilbert,8.0,13.0,61.53846153846154,0.6180000000000001,60.92046153846154,2026
1641807,Norchad Omier,3.0,4.0,75.0,0.634,74.366,2026
1628420,Monte Morris,6.0,9.0,66.66666666666667,0.661,66.00566666666667,2026
1630828,Alex Antetokounmpo,0.0,2.0,0.0,0.59,-0.59,2026
1628449,Chris Boucher,11.0,23.0,47.82608695652174,0.636,47.19008695652174,2026
1631102,TyTy Washington Jr.,12.0,18.0,66.66666666666667,0.628,66.03866666666667,2026
1641752,Bobi Klintman,5.0,9.0,55.55555555555556,0.585,54.970555555555556,2026
1641813,Mark Sears,0.0,3.0,0.0,0.563,-0.563,2026
202687,Bismack Biyombo,21.0,26.0,80.76923076923077,0.631,80.13823076923077,2026
1631451,Javonte Cooke,12.0,18.0,66.66666666666667,0.639,66.02766666666668,2026
1642389,Zyon Pullin,11.0,20.0,55.0,0.581,54.419,2026
1642443,Jahmir Young,6.0,7.0,85.71428571428571,0.624,85.09028571428571,2026
1642490,Josh Oduro,10.0,14.0,71.42857142857143,0.664,70.76457142857143,2026
1642955,Kadary Richmond,3.0,6.0,50.0,0.624,49.376,2026
1643158,Andersson Garcia,12.0,24.0,50.0,0.623,49.377,2026
1641810,Antonio Reeves,2.0,3.0,66.66666666666667,0.559,66.10766666666667,2026
1631247,Luke Travers,11.0,18.0,61.111111111111114,0.642,60.46911111111111,2026
1642384,Isaiah Crawford,8.0,9.0,88.88888888888889,0.589,88.29988888888889,2026
1642938,Curtis Jones,5.0,8.0,62.5,0.634,61.866,2026
1641726,Dereck Lively II,18.0,28.0,64.28571428571429,0.6369999999999999,63.64871428571429,2026
1642873,Amari Williams,9.0,22.0,40.90909090909091,0.639,40.270090909090904,2026
203486,Mason Plumlee,20.0,29.0,68.96551724137932,0.638,68.32751724137931,2026
1629610,DaQuan Jeffries,2.0,5.0,40.0,0.642,39.358,2026
1642357,David Jones Garcia,6.0,14.0,42.857142857142854,0.584,42.27314285714285,2026
201569,Eric Gordon,2.0,5.0,40.0,0.604,39.396,2026
1631116,Patrick Baldwin Jr.,9.0,15.0,60.0,0.626,59.374,2026
1628502,Nigel Hayes-Davis,13.0,24.0,54.166666666666664,0.652,53.51466666666666,2026
1630209,Omer Yurtseven,18.0,27.0,66.66666666666667,0.643,66.02366666666667,2026
201959,Taj Gibson,17.0,28.0,60.714285714285715,0.618,60.09628571428571,2026
1642362,Payton Sandfort,3.0,5.0,60.0,0.652,59.348,2026
1642434,Riley Minix,5.0,9.0,55.55555555555556,0.579,54.97655555555556,2026
1642400,Tristan Enaruna,11.0,14.0,78.57142857142857,0.614,77.95742857142857,2026
1629312,Haywood Highsmith,5.0,9.0,55.55555555555556,0.609,54.946555555555555,2026
1631223,David Roddy,6.0,13.0,46.15384615384615,0.589,45.564846153846155,2026
204060,Joe Ingles,13.0,18.0,72.22222222222223,0.631,71.59122222222223,2026
1631216,Caleb Houstan,3.0,3.0,100.0,0.678,99.322,2026
1642939,Miles Kelly,12.0,18.0,66.66666666666667,0.625,66.04166666666667,2026
1630548,Johnny Juzang,7.0,11.0,63.63636363636363,0.643,62.99336363636363,2026
1630214,Xavier Tillman,20.0,34.0,58.8235294117647,0.642,58.1815294117647,2026
1631214,Alondes Williams,7.0,10.0,70.0,0.631,69.369,2026
1642886,Koby Brea,4.0,9.0,44.44444444444444,0.626,43.818444444444445,2026
1641723,Kobe Bufkin,15.0,19.0,78.94736842105263,0.657,78.29036842105263,2026
1641816,Hunter Tyson,16.0,25.0,64.0,0.631,63.369,2026
1641725,Trey Alexander,11.0,19.0,57.89473684210526,0.665,57.22973684210526,2026
203648,Thanasis Antetokounmpo,14.0,22.0,63.63636363636363,0.617,63.019363636363636,2026
1642876,Adou Thiero,17.0,24.0,70.83333333333333,0.643,70.19033333333333,2026
101108,Chris Paul,21.0,31.0,67.74193548387096,0.62,67.12193548387096,2026
1642359,Pacôme Dadiet,12.0,21.0,57.142857142857146,0.637,56.505857142857145,2026
1630286,Trevon Scott,28.0,38.0,73.6842105263158,0.705,72.9792105263158,2026
203078,Bradley Beal,7.0,9.0,77.77777777777777,0.651,77.12677777777778,2026
1641755,Kevin McCullar Jr.,17.0,23.0,73.91304347826087,0.633,73.28004347826088,2026
1642918,Alijah Martin,15.0,21.0,71.42857142857143,0.621,70.80757142857144,2026
1642260,Nikola Topić,14.0,21.0,66.66666666666667,0.643,66.02366666666667,2026
201599,DeAndre Jordan,18.0,33.0,54.54545454545455,0.671,53.87445454545455,2026
1642449,Tolu Smith,14.0,24.0,58.333333333333336,0.628,57.705333333333336,2026
1641890,Tyler Smith,12.0,23.0,52.17391304347826,0.604,51.56991304347826,2026
1626172,Kevon Looney,40.0,52.0,76.92307692307692,0.6660000000000001,76.25707692307692,2026
1643253,Toby Okani,33.0,43.0,76.74418604651163,0.625,76.11918604651163,2026
1642367,Jonathan Mogbo,30.0,53.0,56.60377358490566,0.609,55.99477358490566,2026
1642530,Yuki Kawamura,18.0,37.0,48.648648648648646,0.625,48.023648648648646,2026
1630587,Isaiah Livers,29.0,46.0,63.04347826086956,0.628,62.41547826086956,2026
1630644,Mac McClung,15.0,24.0,62.5,0.604,61.896,2026
201145,Jeff Green,15.0,20.0,75.0,0.614,74.386,2026
1642964,Brooks Barnhizer,29.0,46.0,63.04347826086956,0.619,62.42447826086956,2026
1631120,JD Davison,20.0,35.0,57.142857142857146,0.617,56.52585714285715,2026
203552,Seth Curry,12.0,14.0,85.71428571428571,0.652,85.06228571428571,2026
1642959,Chris Youngblood,10.0,18.0,55.55555555555556,0.634,54.92155555555556,2026
1631117,Walker Kessler,26.0,43.0,60.46511627906977,0.641,59.82411627906977,2026
1631351,Lucas Williamson,23.0,33.0,69.6969696969697,0.647,69.0499696969697,2026
1631132,Christian Koloko,54.0,93.0,58.064516129032256,0.636,57.42851612903225,2026
1642484,RayJ Dennis,18.0,24.0,75.0,0.613,74.387,2026
1629646,Charles Bassey,10.0,30.0,33.333333333333336,0.624,32.70933333333333,2026
1629726,Garrison Mathews,22.0,31.0,70.96774193548387,0.616,70.35174193548387,2026
1642404,Chaz Lanier,10.0,22.0,45.45454545454545,0.599,44.85554545454546,2026
1642380,Adama Bal,24.0,32.0,75.0,0.651,74.349,2026
1642502,Malevy Leons,27.0,50.0,54.0,0.634,53.366,2026
1641790,PJ Hall,27.0,51.0,52.94117647058823,0.64,52.30117647058823,2026
1628467,Maxi Kleber,61.0,92.0,66.30434782608695,0.634,65.67034782608695,2026
1630610,DeJon Jarreau,31.0,43.0,72.09302325581395,0.649,71.44402325581395,2026
1629162,Jordan McLaughlin,24.0,32.0,75.0,0.592,74.408,2026
1642950,Lachlan Olbrich,41.0,67.0,61.19402985074627,0.623,60.57102985074627,2026
1642354,KJ Simpson,25.0,44.0,56.81818181818182,0.627,56.19118181818182,2026
1631166,Drew Timme,31.0,46.0,67.3913043478261,0.655,66.73630434782609,2026
1641747,DaRon Holmes II,27.0,44.0,61.36363636363637,0.634,60.72963636363637,2026
1641871,Duop Reath,29.0,55.0,52.72727272727273,0.609,52.118272727272725,2026
1630699,MarJon Beauchamp,21.0,37.0,56.75675675675676,0.619,56.13775675675676,2026
1630322,Lindy Waters III,14.0,23.0,60.869565217391305,0.636,60.2335652173913,2026
1642905,Yang Hansen,36.0,63.0,57.142857142857146,0.631,56.511857142857146,2026
1641771,Jalen Slawson,44.0,71.0,61.971830985915496,0.634,61.337830985915495,2026
1628380,Zach Collins,20.0,35.0,57.142857142857146,0.628,56.514857142857146,2026
1641727,Dariq Whitehead,26.0,35.0,74.28571428571429,0.599,73.68671428571429,2026
1630639,A.J. Lawson,10.0,20.0,50.0,0.599,49.401,2026
1630526,Jeremiah Robinson-Earl,42.0,54.0,77.77777777777777,0.6550000000000001,77.12277777777777,2026
1641778,Leaky Black,62.0,95.0,65.26315789473684,0.63,64.63315789473684,2026
1626192,Pat Connaughton,22.0,39.0,56.41025641025641,0.643,55.76725641025641,2026
1631466,Nate Williams,24.0,34.0,70.58823529411765,0.654,69.93423529411766,2026
1641748,Andre Jackson Jr.,42.0,66.0,63.63636363636363,0.627,63.00936363636363,2026
1630590,Scotty Pippen Jr.,27.0,36.0,75.0,0.621,74.379,2026
1642967,John Poulakidas,25.0,35.0,71.42857142857143,0.613,70.81557142857143,2026
1630574,Ariel Hukporti,52.0,99.0,52.525252525252526,0.635,51.89025252525253,2026
1642355,Bronny James,49.0,61.0,80.32786885245902,0.6580000000000001,79.66986885245902,2026
1643016,Bez Mbeng,51.0,85.0,60.0,0.625,59.375,2026
1631199,Ron Harper Jr.,20.0,31.0,64.51612903225806,0.605,63.91112903225807,2026
1627827,Dorian Finney-Smith,51.0,73.0,69.86301369863014,0.651,69.21201369863014,2026
1641869,Malachi Smith,37.0,52.0,71.15384615384616,0.636,70.51784615384616,2026
1630165,Killian Hayes,29.0,40.0,72.5,0.64,71.86,2026
1631103,Malaki Branham,23.0,34.0,67.6470588235294,0.637,67.0100588235294,2026
203914,Gary Harris,62.0,89.0,69.66292134831461,0.636,69.02692134831462,2026
1631174,Tyler Burton,39.0,53.0,73.58490566037736,0.6439999999999999,72.94090566037735,2026
1630256,Jae'Sean Tate,36.0,58.0,62.06896551724138,0.623,61.44596551724138,2026
1626204,Larry Nance Jr.,40.0,61.0,65.57377049180327,0.647,64.92677049180327,2026
1642862,Liam McNeeley,27.0,46.0,58.69565217391305,0.645,58.05065217391304,2026
203482,Kelly Olynyk,45.0,73.0,61.64383561643836,0.64,61.00383561643836,2026
1629622,Max Strus,36.0,50.0,72.0,0.642,71.358,2026
1628371,Jonathan Isaac,41.0,79.0,51.89873417721519,0.64,51.25873417721519,2026
1642352,Keshad Johnson,24.0,50.0,48.0,0.634,47.366,2026
1643052,Chaney Johnson,26.0,44.0,59.09090909090909,0.656,58.434909090909095,2026
1642863,Khaman Maluach,47.0,106.0,44.339622641509436,0.642,43.69762264150943,2026
1641763,Julian Phillips,24.0,42.0,57.142857142857146,0.625,56.517857142857146,2026
1630604,E.J. Liddell,36.0,53.0,67.9245283018868,0.646,67.2785283018868,2026
1643018,LJ Cryer,15.0,24.0,62.5,0.635,61.865,2026
1631104,Blake Wesley,26.0,38.0,68.42105263157895,0.625,67.79605263157895,2026
1629599,Amir Coffey,23.0,49.0,46.93877551020408,0.62,46.318775510204084,2026
1641744,Zach Edey,18.0,41.0,43.90243902439025,0.652,43.250439024390246,2026
1642882,Julian Reese,54.0,85.0,63.529411764705884,0.606,62.92341176470588,2026
1642866,Joan Beringer,57.0,113.0,50.442477876106196,0.622,49.820477876106196,2026
1642353,Cam Christie,36.0,60.0,60.0,0.625,59.375,2026
1642504,Cormac Ryan,16.0,26.0,61.53846153846154,0.604,60.93446153846154,2026
1631110,Jeremy Sochan,49.0,80.0,61.25,0.63,60.62,2026
1642358,AJ Johnson,31.0,54.0,57.407407407407405,0.6,56.8074074074074,2026
1628366,Lonzo Ball,50.0,88.0,56.81818181818182,0.631,56.18718181818182,2026
1628396,Tony Bradley,40.0,72.0,55.55555555555556,0.644,54.91155555555556,2026
1642880,Kam Jones,55.0,84.0,65.47619047619048,0.617,64.85919047619048,2026
1626166,Cameron Payne,30.0,47.0,63.829787234042556,0.621,63.20878723404255,2026
1642066,Myron Gardner,35.0,57.0,61.40350877192982,0.633,60.77050877192982,2026
203926,Doug McDermott,31.0,53.0,58.490566037735846,0.594,57.896566037735845,2026
1631113,Kennedy Chandler,26.0,42.0,61.904761904761905,0.626,61.27876190476191,2026
1642396,Blake Hinson,17.0,29.0,58.62068965517241,0.638,57.982689655172415,2026
1630619,Moussa Cisse,71.0,121.0,58.67768595041322,0.648,58.02968595041322,2026
203992,Bogdan Bogdanović,49.0,69.0,71.01449275362319,0.637,70.37749275362319,2026
1643007,Taelon Peter,62.0,88.0,70.45454545454545,0.619,69.83554545454545,2026
1629680,Matisse Thybulle,31.0,48.0,64.58333333333333,0.631,63.95233333333333,2026
1642949,Yanic Konan Niederhäuser,66.0,113.0,58.4070796460177,0.634,57.7730796460177,2026
1631207,Dalen Terry,58.0,95.0,61.05263157894737,0.618,60.43463157894737,2026
1641989,Elijah Harkless,64.0,90.0,71.11111111111111,0.634,70.47711111111111,2026
1642277,Johnny Furphy,77.0,118.0,65.2542372881356,0.634,64.6202372881356,2026
1631218,Trayce Jackson-Davis,64.0,130.0,49.23076923076923,0.63,48.60076923076923,2026
1641733,Nick Smith Jr.,36.0,51.0,70.58823529411765,0.641,69.94723529411765,2026
1630811,Keaton Wallace,48.0,69.0,69.56521739130434,0.633,68.93221739130435,2026
203500,Steven Adams,97.0,149.0,65.1006711409396,0.647,64.45367114093959,2026
1630623,Tyson Etienne,27.0,41.0,65.85365853658537,0.635,65.21865853658537,2026
1630192,Zeke Nnaji,70.0,136.0,51.470588235294116,0.638,50.83258823529412,2026
1642419,Jamison Battle,39.0,71.0,54.929577464788736,0.627,54.30257746478873,2026
1642942,Jahmai Mashack,98.0,140.0,70.0,0.642,69.358,2026
1641715,Cam Whitmore,28.0,39.0,71.7948717948718,0.628,71.1668717948718,2026
1631204,Marcus Sasser,28.0,45.0,62.22222222222222,0.64,61.58222222222222,2026
1626145,Tyus Jones,87.0,117.0,74.35897435897436,0.627,73.73197435897437,2026
203939,Dwight Powell,121.0,197.0,61.421319796954315,0.651,60.77031979695431,2026
1631131,Oscar Tshiebwe,68.0,96.0,70.83333333333333,0.65,70.18333333333332,2026
1631288,Jamal Cain,56.0,81.0,69.1358024691358,0.614,68.52180246913579,2026
1629234,Drew Eubanks,68.0,113.0,60.176991150442475,0.659,59.51799115044248,2026
1642275,Tidjane Salaün,52.0,97.0,53.608247422680414,0.62,52.988247422680416,2026
1630679,Ethan Thompson,46.0,67.0,68.65671641791045,0.611,68.04571641791044,2026
1642854,Asa Newell,57.0,98.0,58.16326530612245,0.64,57.52326530612245,2026
1642869,Noah Penda,94.0,149.0,63.08724832214765,0.64,62.44724832214765,2026
1628997,Caleb Martin,91.0,156.0,58.333333333333336,0.632,57.70133333333334,2026
1642261,Dalton Knecht,54.0,79.0,68.35443037974683,0.63,67.72443037974683,2026
1629216,Gabe Vincent,57.0,88.0,64.77272727272727,0.618,64.15472727272727,2026
1627749,Dejounte Murray,42.0,61.0,68.85245901639344,0.642,68.21045901639344,2026
1630175,Cole Anthony,43.0,65.0,66.15384615384616,0.63,65.52384615384616,2026
1642853,Rasheer Fleming,47.0,91.0,51.64835164835165,0.62,51.02835164835165,2026
1642928,Dylan Cardwell,101.0,183.0,55.19125683060109,0.64,54.55125683060109,2026
1642859,Jase Richardson,40.0,63.0,63.492063492063494,0.625,62.867063492063494,2026
1627752,Taurean Prince,49.0,74.0,66.21621621621621,0.626,65.5902162162162,2026
1630545,Terrence Shannon Jr.,41.0,66.0,62.121212121212125,0.641,61.480212121212126,2026
1642382,Branden Carlson,66.0,114.0,57.89473684210526,0.634,57.26073684210526,2026
201144,Mike Conley,85.0,134.0,63.43283582089552,0.621,62.81183582089552,2026
1642885,Mohamed Diawara,47.0,71.0,66.19718309859155,0.63,65.56718309859156,2026
1629021,Moritz Wagner,47.0,73.0,64.38356164383562,0.657,63.72656164383562,2026
201567,Kevin Love,86.0,123.0,69.91869918699187,0.655,69.26369918699187,2026
1629723,John Konchar,166.0,234.0,70.94017094017094,0.6299999999999999,70.31017094017095,2026
1630182,Josh Green,50.0,79.0,63.29113924050633,0.629,62.662139240506335,2026
1629684,Grant Williams,54.0,93.0,58.064516129032256,0.63,57.434516129032254,2026
1631250,Pete Nance,80.0,127.0,62.99212598425197,0.628,62.36412598425197,2026
1641722,Jordan Hawkins,74.0,112.0,66.07142857142857,0.6290000000000001,65.44242857142856,2026
1629618,Jalen Pickett,42.0,79.0,53.164556962025316,0.621,52.54355696202531,2026
1642877,Micah Peavy,60.0,108.0,55.55555555555556,0.644,54.91155555555556,2026
1631123,Jamaree Bouyea,51.0,87.0,58.62068965517241,0.625,57.99568965517241,2026
1626156,D'Angelo Russell,45.0,90.0,50.0,0.612,49.388,2026
203937,Kyle Anderson,86.0,120.0,71.66666666666667,0.631,71.03566666666667,2026
1629027,Trae Young,43.0,59.0,72.88135593220339,0.615,72.2663559322034,2026
1642878,Tyrese Proctor,40.0,72.0,55.55555555555556,0.629,54.92655555555556,2026
1642278,Tyler Kolek,48.0,83.0,57.83132530120482,0.617,57.21432530120482,2026
1641740,Jaylen Clark,62.0,114.0,54.3859649122807,0.628,53.7579649122807,2026
1630208,Nick Richards,121.0,176.0,68.75,0.653,68.097,2026
1631133,Jabari Walker,71.0,110.0,64.54545454545455,0.646,63.899454545454546,2026
1630167,Obi Toppin,26.0,45.0,57.77777777777778,0.649,57.12877777777778,2026
203991,Clint Capela,87.0,188.0,46.276595744680854,0.642,45.63459574468085,2026
1629020,Jarred Vanderbilt,107.0,161.0,66.45962732919254,0.646,65.81362732919254,2026
1642864,Hugo González,76.0,141.0,53.90070921985816,0.631,53.26970921985816,2026
1641854,Craig Porter Jr.,131.0,224.0,58.482142857142854,0.625,57.857142857142854,2026
1631213,Tyrese Martin,53.0,91.0,58.24175824175824,0.631,57.61075824175824,2026
1630544,Tre Mann,64.0,92.0,69.56521739130434,0.637,68.92821739130434,2026
201587,Nicolas Batum,101.0,168.0,60.11904761904762,0.626,59.49304761904762,2026
1629660,Ty Jerome,34.0,53.0,64.15094339622641,0.66,63.49094339622641,2026
1642868,Carter Bryant,64.0,122.0,52.459016393442624,0.627,51.83201639344262,2026
1631246,Vince Williams Jr.,71.0,118.0,60.16949152542373,0.644,59.52549152542373,2026
1627734,Domantas Sabonis,92.0,136.0,67.6470588235294,0.648,66.99905882352941,2026
1641724,Jett Howard,48.0,76.0,63.1578947368421,0.63,62.5278947368421,2026
1628988,Aaron Holiday,56.0,84.0,66.66666666666667,0.629,66.03766666666667,2026
1630534,Ochai Agbaji,72.0,116.0,62.06896551724138,0.619,61.44996551724138,2026
1631093,Jaden Ivey,61.0,97.0,62.88659793814433,0.616,62.27059793814433,2026
1631099,Keegan Murray,98.0,160.0,61.25,0.64,60.61,2026
1630264,Anthony Gill,116.0,187.0,62.032085561497325,0.635,61.39708556149733,2026
1642857,Kasparas Jakučionis,92.0,150.0,61.333333333333336,0.642,60.69133333333333,2026
1631200,Kris Murray,93.0,168.0,55.357142857142854,0.626,54.731142857142856,2026
1642879,Ben Saraf,94.0,140.0,67.14285714285714,0.633,66.50985714285714,2026
1641712,Rayan Rupert,97.0,150.0,64.66666666666667,0.624,64.04266666666668,2026
1630536,Sharife Cooper,70.0,98.0,71.42857142857143,0.628,70.80057142857143,2026
1630579,Jericho Sims,93.0,141.0,65.95744680851064,0.648,65.30944680851064,2026
1642269,Devin Carter,63.0,87.0,72.41379310344827,0.626,71.78779310344827,2026
1628975,Jevon Carter,70.0,107.0,65.42056074766356,0.6160000000000001,64.80456074766356,2026
1631121,Bryce McGowens,103.0,141.0,73.04964539007092,0.654,72.39564539007092,2026
1629011,Mitchell Robinson,131.0,210.0,62.38095238095238,0.639,61.74195238095238,2026
1631243,Mouhamed Gueye,104.0,178.0,58.42696629213483,0.647,57.77996629213483,2026
1629731,Dean Wade,125.0,208.0,60.09615384615385,0.631,59.46515384615385,2026
1630592,Jalen Wilson,82.0,121.0,67.76859504132231,0.632,67.13659504132231,2026
1631107,Nikola Jović,104.0,172.0,60.46511627906977,0.63,59.835116279069766,2026
1631342,Daeqwon Plowden,64.0,111.0,57.65765765765766,0.639,57.018657657657656,2026
1641737,Adem Bona,131.0,230.0,56.95652173913044,0.655,56.301521739130436,2026
1630570,Trendon Watford,84.0,129.0,65.11627906976744,0.639,64.47727906976745,2026
1628369,Jayson Tatum,28.0,47.0,59.57446808510638,0.633,58.94146808510638,2026
1627936,Alex Caruso,76.0,115.0,66.08695652173913,0.641,65.44595652173912,2026
1631255,Karlo Matković,109.0,198.0,55.05050505050505,0.642,54.40850505050505,2026
1642461,Spencer Jones,88.0,141.0,62.4113475177305,0.641,61.7703475177305,2026
1641738,Kobe Brown,71.0,125.0,56.8,0.633,56.166999999999994,2026
1629006,Josh Okogie,102.0,171.0,59.64912280701754,0.625,59.02412280701754,2026
1631159,Leonard Miller,68.0,109.0,62.38532110091743,0.639,61.74632110091743,2026
1629026,Kenrich Williams,65.0,99.0,65.65656565656566,0.649,65.00756565656566,2026
1631169,Josh Minott,78.0,138.0,56.52173913043478,0.642,55.87973913043478,2026
1641775,Jordan Walsh,107.0,197.0,54.31472081218274,0.618,53.69672081218274,2026
1642364,Jamir Watkins,137.0,218.0,62.84403669724771,0.6420000000000001,62.202036697247706,2026
1628418,Thomas Bryant,95.0,170.0,55.88235294117647,0.64,55.24235294117647,2026
1630543,Isaiah Jackson,148.0,237.0,62.447257383966246,0.645,61.80225738396624,2026
201143,Al Horford,113.0,192.0,58.854166666666664,0.637,58.217166666666664,2026
1627824,Guerschon Yabusele,121.0,192.0,63.020833333333336,0.646,62.374833333333335,2026
1641772,Nae'Qwan Tomlin,66.0,122.0,54.09836065573771,0.631,53.46736065573771,2026
1629048,Goga Bitadze,110.0,208.0,52.88461538461539,0.63,52.254615384615384,2026
1642274,Yves Missi,137.0,258.0,53.10077519379845,0.644,52.45677519379845,2026
1631321,Sidy Cissoko,97.0,158.0,61.392405063291136,0.642,60.75040506329113,2026
1642348,Justin Edwards,92.0,135.0,68.14814814814815,0.623,67.52514814814815,2026
1629630,Ja Morant,41.0,76.0,53.94736842105263,0.637,53.31036842105263,2026
1627741,Buddy Hield,86.0,148.0,58.108108108108105,0.616,57.492108108108106,2026
1630696,Dru Smith,109.0,176.0,61.93181818181818,0.626,61.30581818181818,2026
1642914,Javon Small,69.0,117.0,58.97435897435897,0.617,58.357358974358974,2026
1629057,Robert Williams III,99.0,198.0,50.0,0.642,49.358,2026
1642948,Ryan Nembhard,94.0,160.0,58.75,0.634,58.116,2026
203083,Andre Drummond,171.0,244.0,70.08196721311475,0.6580000000000001,69.42396721311475,2026
203076,Anthony Davis,66.0,120.0,55.0,0.6489999999999999,54.351,2026
1642346,Ryan Dunn,110.0,191.0,57.59162303664922,0.631,56.96062303664922,2026
1642962,Drake Powell,108.0,163.0,66.25766871165644,0.626,65.63166871165643,2026
1642265,Rob Dillingham,102.0,151.0,67.54966887417218,0.633,66.91666887417219,2026
1631124,Julian Strawther,61.0,88.0,69.31818181818181,0.641,68.67718181818181,2026
1630703,Scoot Henderson,62.0,106.0,58.490566037735846,0.633,57.85756603773584,2026
1631248,Baylor Scheierman,112.0,204.0,54.90196078431372,0.624,54.27796078431372,2026
203484,Kentavious Caldwell-Pope,74.0,96.0,77.08333333333333,0.638,76.44533333333332,2026
1631172,Ousmane Dieng,100.0,151.0,66.2251655629139,0.628,65.5971655629139,2026
1628392,Isaiah Hartenstein,84.0,169.0,49.70414201183432,0.65,49.05414201183432,2026
1630228,Jonathan Kuminga,64.0,105.0,60.95238095238095,0.631,60.32138095238095,2026
1641707,Taylor Hendricks,132.0,215.0,61.395348837209305,0.642,60.7533488372093,2026
1641774,Tristan Vukcevic,121.0,196.0,61.734693877551024,0.647,61.087693877551025,2026
1642954,Will Richard,119.0,186.0,63.97849462365591,0.617,63.361494623655915,2026
1642883,Sion James,144.0,252.0,57.142857142857146,0.642,56.50085714285714,2026
1627747,Caris LeVert,89.0,154.0,57.79220779220779,0.631,57.16120779220779,2026
1628436,Luke Kornet,189.0,337.0,56.083086053412465,0.644,55.43908605341247,2026
203994,Jusuf Nurkić,120.0,199.0,60.301507537688444,0.663,59.63850753768845,2026
1631245,Quenton Jackson,91.0,153.0,59.47712418300654,0.631,58.84612418300654,2026
1641711,Gradey Dick,92.0,129.0,71.31782945736434,0.617,70.70082945736434,2026
1629611,Terance Mann,139.0,219.0,63.470319634703195,0.629,62.8413196347032,2026
1630695,Micah Potter,152.0,230.0,66.08695652173913,0.643,65.44395652173912,2026
1641767,Ben Sheppard,94.0,148.0,63.513513513513516,0.632,62.88151351351352,2026
1629004,Svi Mykhailiuk,86.0,125.0,68.8,0.641,68.15899999999999,2026
1631119,Jaylin Williams,129.0,226.0,57.07964601769911,0.6380000000000001,56.441646017699114,2026
1629013,Landry Shamet,61.0,104.0,58.65384615384615,0.6170000000000001,58.036846153846156,2026
1630311,Pat Spencer,140.0,205.0,68.29268292682927,0.634,67.65868292682927,2026
1631165,Keon Ellis,141.0,235.0,60.0,0.634,59.366,2026
1642867,Collin Murray-Boyles,135.0,218.0,61.92660550458716,0.645,61.281605504587155,2026
1630540,Miles McBride,78.0,125.0,62.4,0.624,61.775999999999996,2026
1627751,Jakob Poeltl,171.0,265.0,64.52830188679245,0.643,63.88530188679245,2026
1642920,Kobe Sanders,87.0,153.0,56.86274509803921,0.635,56.227745098039215,2026
1630529,Herbert Jones,122.0,201.0,60.69651741293532,0.649,60.04751741293532,2026
1629637,Jaxson Hayes,118.0,183.0,64.48087431693989,0.643,63.83787431693989,2026
1642849,Nolan Traore,117.0,177.0,66.10169491525424,0.639,65.46269491525425,2026
1630194,Paul Reed,117.0,206.0,56.79611650485437,0.643,56.15311650485437,2026
1627884,Derrick Jones Jr.,93.0,156.0,59.61538461538461,0.637,58.97838461538461,2026
1630172,Patrick Williams,149.0,224.0,66.51785714285714,0.638,65.87985714285713,2026
1642874,Danny Wolf,129.0,223.0,57.847533632286996,0.633,57.214533632286994,2026
1631126,Caleb Love,71.0,95.0,74.73684210526316,0.627,74.10984210526317,2026
1630631,Jose Alvarado,107.0,154.0,69.48051948051948,0.632,68.84851948051947,2026
1642366,Quinten Post,148.0,258.0,57.36434108527132,0.636,56.72834108527132,2026
1641750,Ryan Kalkbrenner,181.0,327.0,55.35168195718654,0.648,54.70368195718654,2026
1630702,Jaden Hardy,86.0,134.0,64.17910447761194,0.625,63.55410447761194,2026
1629673,Jordan Poole,83.0,128.0,64.84375,0.63,64.21375,2026
1629655,Daniel Gafford,157.0,283.0,55.477031802120145,0.656,54.821031802120146,2026
204456,T.J. McConnell,67.0,105.0,63.80952380952381,0.624,63.18552380952381,2026
1631128,Christian Braun,127.0,186.0,68.27956989247312,0.64,67.63956989247312,2026
1629018,Gary Trent Jr.,79.0,120.0,65.83333333333333,0.625,65.20833333333333,2026
1641765,Olivier-Maxence Prosper,143.0,223.0,64.12556053811659,0.647,63.47856053811659,2026
1642345,Oso Ighodaro,204.0,353.0,57.79036827195468,0.632,57.15836827195468,2026
1630557,Corey Kispert,78.0,133.0,58.64661654135338,0.63,58.01661654135338,2026
204001,Kristaps Porziņģis,96.0,170.0,56.470588235294116,0.648,55.82258823529411,2026
1642856,Egor Dëmin,139.0,224.0,62.05357142857143,0.632,61.42157142857143,2026
1642383,Walter Clayton Jr.,125.0,183.0,68.30601092896175,0.623,67.68301092896175,2026
1630549,Day'Ron Sharpe,134.0,213.0,62.91079812206573,0.6320000000000001,62.27879812206573,2026
1630188,Jalen Smith,99.0,189.0,52.38095238095238,0.639,51.74195238095238,2026
1642266,Ja'Kobe Walter,143.0,241.0,59.33609958506224,0.631,58.70509958506224,2026
1631230,Dominick Barlow,153.0,287.0,53.31010452961672,0.634,52.67610452961672,2026
1642347,Jamal Shead,117.0,165.0,70.9090909090909,0.625,70.2840909090909,2026
1627780,Gary Payton II,95.0,152.0,62.5,0.634,61.866,2026
1630249,Vít Krejčí,137.0,230.0,59.56521739130435,0.616,58.94921739130435,2026
1630568,Luka Garza,141.0,223.0,63.228699551569505,0.64,62.588699551569505,2026
1642272,Jared McCain,109.0,181.0,60.22099447513812,0.633,59.58799447513812,2026
1631114,Jalen Williams,61.0,104.0,58.65384615384615,0.641,58.012846153846155,2026
202685,Jonas Valančiūnas,88.0,153.0,57.51633986928105,0.636,56.880339869281045,2026
1630560,Cam Thomas,83.0,115.0,72.17391304347827,0.642,71.53191304347827,2026
1630224,Jalen Green,59.0,114.0,51.75438596491228,0.632,51.12238596491228,2026
1629750,Javonte Green,105.0,187.0,56.149732620320854,0.641,55.508732620320856,2026
203110,Draymond Green,177.0,306.0,57.84313725490196,0.647,57.19613725490196,2026
1630533,Ziaire Williams,118.0,178.0,66.29213483146067,0.633,65.65913483146068,2026
1631217,Moussa Diabaté,273.0,429.0,63.63636363636363,0.648,62.98836363636363,2026
1629652,Luguentz Dort,118.0,205.0,57.5609756097561,0.638,56.9229756097561,2026
203935,Marcus Smart,104.0,163.0,63.80368098159509,0.628,63.17568098159509,2026
1630191,Isaiah Stewart,112.0,226.0,49.557522123893804,0.633,48.9245221238938,2026
203932,Aaron Gordon,91.0,138.0,65.94202898550725,0.647,65.29502898550724,2026
1630171,Isaac Okoro,131.0,226.0,57.9646017699115,0.64,57.3246017699115,2026
1642262,Cody Williams,142.0,229.0,62.00873362445415,0.641,61.367733624454154,2026
1627739,Kris Dunn,160.0,251.0,63.745019920318725,0.633,63.11201992031872,2026
1631323,Simone Fontecchio,89.0,155.0,57.41935483870968,0.628,56.79135483870968,2026
1630551,Justin Champagnie,192.0,296.0,64.86486486486487,0.634,64.23086486486487,2026
1641757,Jordan Miller,134.0,222.0,60.36036036036036,0.6300000000000001,59.73036036036036,2026
1629001,De'Anthony Melton,123.0,184.0,66.84782608695652,0.63,66.21782608695652,2026
1630583,Santi Aldama,148.0,241.0,61.41078838174274,0.641,60.76978838174274,2026
1630538,Bones Hyland,124.0,192.0,64.58333333333333,0.629,63.95433333333333,2026
1630692,Jordan Goodwin,114.0,180.0,63.333333333333336,0.627,62.70633333333333,2026
1630598,Aaron Wiggins,121.0,197.0,61.421319796954315,0.64,60.781319796954314,2026
1629631,De'Andre Hunter,93.0,148.0,62.83783783783784,0.648,62.189837837837835,2026
1630174,Aaron Nesmith,114.0,195.0,58.46153846153846,0.645,57.81653846153846,2026
203903,Jordan Clarkson,86.0,146.0,58.9041095890411,0.627,58.277109589041096,2026
1630611,Gui Santos,175.0,258.0,67.82945736434108,0.63,67.19945736434109,2026
1628963,Marvin Bagley III,136.0,234.0,58.11965811965812,0.651,57.468658119658116,2026
1631106,Tari Eason,119.0,181.0,65.74585635359117,0.641,65.10485635359116,2026
201572,Brook Lopez,178.0,335.0,53.134328358208954,0.646,52.48832835820895,2026
203114,Khris Middleton,113.0,199.0,56.78391959798995,0.641,56.14291959798995,2026
1641842,Ronald Holland II,115.0,192.0,59.895833333333336,0.626,59.26983333333334,2026
202331,Paul George,97.0,159.0,61.0062893081761,0.629,60.3772893081761,2026
1642258,Zaccharie Risacher,150.0,231.0,64.93506493506493,0.632,64.30306493506492,2026
1642363,Nique Clifford,175.0,273.0,64.1025641025641,0.633,63.4695641025641,2026
1628971,Bruce Brown,163.0,236.0,69.0677966101695,0.634,68.4337966101695,2026
1628379,Luke Kennard,150.0,231.0,64.93506493506493,0.628,64.30706493506493,2026
1630558,Davion Mitchell,157.0,241.0,65.14522821576763,0.636,64.50922821576764,2026
1641731,Bilal Coulibaly,125.0,204.0,61.27450980392157,0.641,60.63350980392157,2026
1629661,Cameron Johnson,116.0,177.0,65.53672316384181,0.635,64.90172316384181,2026
1641717,Cason Wallace,161.0,275.0,58.54545454545455,0.632,57.91345454545455,2026
1629645,Kevin Porter Jr.,99.0,170.0,58.23529411764706,0.635,57.60029411764706,2026
1630241,Sam Merrill,107.0,159.0,67.29559748427673,0.645,66.65059748427673,2026
1642450,Daniss Jenkins,126.0,183.0,68.85245901639344,0.633,68.21945901639344,2026
1631222,Jake LaRavia,227.0,359.0,63.231197771587745,0.635,62.59619777158775,2026
1629639,Tyler Herro,82.0,132.0,62.121212121212125,0.627,61.49421212121212,2026
1627826,Ivica Zubac,143.0,272.0,52.5735294117647,0.652,51.9215294117647,2026
1641713,GG Jackson,123.0,192.0,64.0625,0.637,63.4255,2026
1642268,Isaiah Collier,122.0,174.0,70.11494252873563,0.64,69.47494252873562,2026
1628989,Kevin Huerter,149.0,246.0,60.56910569105691,0.63,59.93910569105691,2026
1630532,Franz Wagner,73.0,123.0,59.34959349593496,0.637,58.71259349593496,2026
1631109,Mark Williams,230.0,357.0,64.42577030812325,0.646,63.77977030812325,2026
1626162,Kelly Oubre Jr.,139.0,216.0,64.35185185185185,0.636,63.715851851851845,2026
1642273,Kyshawn George,165.0,268.0,61.56716417910448,0.643,60.92416417910448,2026
1629111,Jock Landale,171.0,278.0,61.510791366906474,0.647,60.863791366906476,2026
1630573,Sam Hauser,158.0,262.0,60.30534351145038,0.631,59.67434351145038,2026
1641709,Ausar Thompson,135.0,238.0,56.72268907563025,0.634,56.08868907563025,2026
1630541,Moses Moody,141.0,234.0,60.256410256410255,0.633,59.62341025641025,2026
1642848,Tre Johnson,136.0,208.0,65.38461538461539,0.62,64.76461538461538,2026
1630173,Precious Achiuwa,188.0,313.0,60.063897763578275,0.648,59.41589776357827,2026
203897,Zach LaVine,106.0,141.0,75.177304964539,0.659,74.518304964539,2026
203471,Dennis Schröder,123.0,184.0,66.84782608695652,0.631,66.21682608695652,2026
202710,Jimmy Butler III,91.0,131.0,69.46564885496183,0.639,68.82664885496183,2026
1641783,Tristan da Silva,158.0,249.0,63.45381526104418,0.631,62.82281526104418,2026
1642860,Will Riley,159.0,245.0,64.89795918367346,0.634,64.26395918367346,2026
203084,Harrison Barnes,117.0,185.0,63.24324324324324,0.639,62.60424324324324,2026
1626220,Royce O'Neale,216.0,336.0,64.28571428571429,0.643,63.64271428571429,2026
1628370,Malik Monk,101.0,161.0,62.732919254658384,0.623,62.10991925465839,2026
1642349,Ajay Mitchell,70.0,127.0,55.118110236220474,0.62,54.49811023622048,2026
1629674,Neemias Queta,205.0,378.0,54.232804232804234,0.64,53.592804232804234,2026
1629060,Rui Hachimura,144.0,215.0,66.97674418604652,0.642,66.33474418604652,2026
1642259,Alex Sarr,257.0,465.0,55.26881720430107,0.643,54.62581720430107,2026
1630643,Jay Huff,265.0,465.0,56.98924731182796,0.642,56.34724731182796,2026
1629014,Anfernee Simons,129.0,205.0,62.926829268292686,0.625,62.301829268292686,2026
1630198,Isaiah Joe,107.0,168.0,63.69047619047619,0.64,63.05047619047619,2026
1630591,Jalen Suggs,160.0,244.0,65.57377049180327,0.636,64.93777049180328,2026
1631212,Peyton Watson,163.0,262.0,62.213740458015266,0.636,61.57774045801526,2026
1628404,Josh Hart,217.0,319.0,68.02507836990596,0.646,67.37907836990595,2026
1629023,P.J. Washington,191.0,331.0,57.70392749244713,0.648,57.055927492447125,2026
1642285,Cam Spencer,168.0,255.0,65.88235294117646,0.631,65.25135294117646,2026
1641796,Pelle Larsson,136.0,219.0,62.10045662100457,0.634,61.46645662100457,2026
1641730,Noah Clowney,255.0,384.0,66.40625,0.64,65.76625,2026
1631260,AJ Green,184.0,285.0,64.56140350877193,0.628,63.93340350877193,2026
202691,Klay Thompson,91.0,165.0,55.15151515151515,0.629,54.52251515151515,2026
1629651,Nic Claxton,228.0,391.0,58.312020460358056,0.639,57.67302046035805,2026
1642844,Dylan Harper,94.0,162.0,58.02469135802469,0.62,57.40469135802469,2026
203497,Rudy Gobert,266.0,485.0,54.845360824742265,0.638,54.20736082474227,2026
202699,Tobias Harris,127.0,217.0,58.525345622119815,0.632,57.89334562211982,2026
1628960,Grayson Allen,113.0,176.0,64.20454545454545,0.628,63.57654545454545,2026
1642907,Cedric Coward,134.0,235.0,57.02127659574468,0.638,56.38327659574468,2026
1629636,Darius Garland,116.0,176.0,65.9090909090909,0.63,65.27909090909091,2026
1626167,Myles Turner,255.0,432.0,59.02777777777778,0.639,58.388777777777776,2026
1642276,Kel'el Ware,258.0,424.0,60.84905660377358,0.659,60.190056603773584,2026
1630314,Brandon Williams,131.0,206.0,63.592233009708735,0.626,62.96623300970874,2026
1628386,Jarrett Allen,168.0,299.0,56.187290969899664,0.65,55.537290969899665,2026
201950,Jrue Holiday,109.0,178.0,61.235955056179776,0.635,60.60095505617978,2026
1642377,Jaylen Wells,159.0,251.0,63.34661354581673,0.633,62.71361354581673,2026
1629632,Coby White,88.0,151.0,58.27814569536424,0.632,57.64614569536424,2026
1642281,Jaylon Tyson,128.0,221.0,57.918552036199095,0.6209999999999999,57.29755203619909,2026
1642267,Bub Carrington,191.0,284.0,67.25352112676056,0.635,66.61852112676056,2026
1642271,Kyle Filipowski,269.0,392.0,68.62244897959184,0.64,67.98244897959184,2026
1641716,Jarace Walker,186.0,286.0,65.03496503496504,0.631,64.40396503496504,2026
1630572,Sandro Mamukelashvili,206.0,337.0,61.12759643916914,0.632,60.49559643916914,2026
1628398,Kyle Kuzma,133.0,230.0,57.82608695652174,0.633,57.19308695652174,2026
1629028,Deandre Ayton,228.0,384.0,59.375,0.64,58.735,2026
1630700,Dyson Daniels,236.0,386.0,61.13989637305699,0.634,60.50589637305699,2026
1630577,Julian Champagnie,169.0,276.0,61.231884057971016,0.628,60.603884057971015,2026
1630200,Tre Jones,157.0,229.0,68.5589519650655,0.6260000000000001,67.9329519650655,2026
1626171,Bobby Portis,193.0,274.0,70.43795620437956,0.642,69.79595620437956,2026
1630581,Josh Giddey,187.0,286.0,65.38461538461539,0.637,64.74761538461539,2026
1642875,Maxime Raynaud,302.0,473.0,63.84778012684989,0.651,63.19678012684989,2026
1628976,Wendell Carter Jr.,210.0,346.0,60.69364161849711,0.65,60.04364161849711,2026
1628991,Jaren Jackson Jr.,149.0,265.0,56.22641509433962,0.632,55.594415094339624,2026
1630170,Devin Vassell,145.0,235.0,61.702127659574465,0.638,61.06412765957447,2026
1642270,Donovan Clingan,293.0,537.0,54.56238361266294,0.647,53.91538361266294,2026
1628381,John Collins,145.0,241.0,60.16597510373444,0.645,59.520975103734436,2026
1629130,Duncan Robinson,143.0,258.0,55.42635658914729,0.627,54.79935658914729,2026
1631108,Max Christie,206.0,324.0,63.58024691358025,0.634,62.94624691358025,2026
1642852,Derik Queen,320.0,538.0,59.479553903345725,0.651,58.82855390334572,2026
1631097,Bennedict Mathurin,117.0,198.0,59.09090909090909,0.638,58.452909090909095,2026
1641710,Anthony Black,194.0,296.0,65.54054054054055,0.627,64.91354054054055,2026
202696,Nikola Vučević,242.0,381.0,63.51706036745407,0.649,62.86806036745407,2026
1629614,Andrew Nembhard,159.0,236.0,67.37288135593221,0.635,66.7378813559322,2026
201566,Russell Westbrook,173.0,249.0,69.47791164658635,0.646,68.83191164658635,2026
203507,Giannis Antetokounmpo,63.0,125.0,50.4,0.642,49.757999999999996,2026
1642846,Ace Bailey,174.0,273.0,63.73626373626374,0.64,63.09626373626374,2026
1628978,Donte DiVincenzo,224.0,374.0,59.893048128342244,0.628,59.265048128342244,2026
1629656,Quentin Grimes,157.0,250.0,62.8,0.629,62.171,2026
1631221,Collin Gillespie,213.0,325.0,65.53846153846153,0.637,64.90146153846153,2026
203954,Joel Embiid,160.0,271.0,59.04059040590406,0.645,58.39559040590406,2026
1630245,Ayo Dosunmu,126.0,218.0,57.79816513761468,0.6290000000000001,57.169165137614684,2026
1631101,Shaedon Sharpe,138.0,192.0,71.875,0.631,71.244,2026
203952,Andrew Wiggins,197.0,292.0,67.46575342465754,0.643,66.82275342465753,2026
1629675,Naz Reid,209.0,349.0,59.88538681948424,0.643,59.24238681948424,2026
1629012,Collin Sexton,109.0,185.0,58.91891891891892,0.629,58.28991891891892,2026
203924,Jerami Grant,115.0,173.0,66.47398843930635,0.632,65.84198843930635,2026
203501,Tim Hardaway Jr.,165.0,228.0,72.36842105263158,0.633,71.73542105263158,2026
1629640,Keldon Johnson,128.0,214.0,59.81308411214953,0.639,59.17408411214953,2026
1630183,Jaden McDaniels,217.0,411.0,52.798053527980535,0.637,52.161053527980535,2026
1629628,RJ Barrett,164.0,259.0,63.32046332046332,0.638,62.68246332046332,2026
1641739,Toumani Camara,258.0,394.0,65.48223350253807,0.637,64.84523350253806,2026
1642263,Reed Sheppard,236.0,375.0,62.93333333333333,0.628,62.30533333333333,2026
1641729,Brice Sensabaugh,168.0,232.0,72.41379310344827,0.636,71.77779310344827,2026
1628384,OG Anunoby,170.0,264.0,64.39393939393939,0.639,63.75493939393939,2026
1628374,Lauri Markkanen,109.0,172.0,63.372093023255815,0.642,62.73009302325581,2026
1630168,Onyeka Okongwu,264.0,421.0,62.70783847980998,0.6419999999999999,62.065838479809976,2026
1630230,Naji Marshall,186.0,291.0,63.91752577319588,0.643,63.274525773195876,2026
1628415,Dillon Brooks,137.0,214.0,64.01869158878505,0.636,63.38269158878504,2026
1642264,Stephon Castle,150.0,247.0,60.72874493927125,0.637,60.09174493927125,2026
1641764,Brandin Podziemski,198.0,312.0,63.46153846153846,0.64,62.82153846153846,2026
201939,Stephen Curry,83.0,138.0,60.14492753623188,0.625,59.51992753623188,2026
1630193,Immanuel Quickley,166.0,273.0,60.8058608058608,0.632,60.173860805860805,2026
1631170,Jaime Jaquez Jr.,193.0,323.0,59.752321981424146,0.637,59.115321981424145,2026
1642847,Jeremiah Fears,254.0,366.0,69.39890710382514,0.641,68.75790710382513,2026
1630596,Evan Mobley,252.0,473.0,53.276955602537,0.644,52.632955602537,2026
1631096,Chet Holmgren,206.0,421.0,48.93111638954869,0.6430000000000001,48.28811638954869,2026
1628969,Mikal Bridges,220.0,345.0,63.768115942028984,0.637,63.131115942028984,2026
1630559,Austin Reaves,179.0,266.0,67.29323308270676,0.64,66.65323308270676,2026
1642845,VJ Edgecombe,232.0,357.0,64.9859943977591,0.638,64.3479943977591,2026
1631095,Jabari Smith Jr.,213.0,373.0,57.10455764075067,0.635,56.46955764075067,2026
1641824,Matas Buzelis,271.0,470.0,57.659574468085104,0.637,57.022574468085104,2026
2544,LeBron James,141.0,222.0,63.513513513513516,0.639,62.87451351351351,2026
1629008,Michael Porter Jr.,163.0,242.0,67.35537190082644,0.64,66.71537190082644,2026
1626181,Norman Powell,119.0,169.0,70.41420118343196,0.64,69.77420118343196,2026
1628401,Derrick White,212.0,391.0,54.21994884910486,0.629,53.59094884910486,2026
1630180,Saddiq Bey,150.0,222.0,67.56756756756756,0.648,66.91956756756757,2026
1641718,Keyonte George,184.0,234.0,78.63247863247864,0.638,77.99447863247863,2026
1631157,Ryan Rollins,209.0,349.0,59.88538681948424,0.621,59.26438681948424,2026
1629627,Zion Williamson,124.0,201.0,61.691542288557216,0.642,61.04954228855721,2026
1641706,Brandon Miller,171.0,304.0,56.25,0.634,55.616,2026
1628970,Miles Bridges,185.0,305.0,60.65573770491803,0.64,60.01573770491803,2026
1628368,De'Aaron Fox,140.0,217.0,64.51612903225806,0.6260000000000001,63.890129032258066,2026
1630202,Payton Pritchard,156.0,236.0,66.10169491525424,0.627,65.47469491525425,2026
1631105,Jalen Duren,211.0,350.0,60.285714285714285,0.645,59.64071428571428,2026
201942,DeMar DeRozan,195.0,293.0,66.55290102389078,0.65,65.90290102389078,2026
1630530,Trey Murphy III,250.0,378.0,66.13756613756614,0.649,65.48856613756614,2026
203468,CJ McCollum,200.0,310.0,64.51612903225806,0.629,63.887129032258066,2026
1641708,Amen Thompson,167.0,271.0,61.62361623616236,0.633,60.99061623616236,2026
1630163,LaMelo Ball,149.0,232.0,64.22413793103448,0.623,63.60113793103448,2026
1630567,Scottie Barnes,300.0,493.0,60.851926977687626,0.639,60.21292697768762,2026
1630578,Alperen Sengun,324.0,519.0,62.42774566473989,0.648,61.779745664739885,2026
1628389,Bam Adebayo,243.0,386.0,62.95336787564767,0.652,62.30136787564767,2026
1642843,Cooper Flagg,257.0,442.0,58.1447963800905,0.639,57.505796380090494,2026
1627783,Pascal Siakam,213.0,334.0,63.77245508982036,0.646,63.12645508982036,2026
1642851,Kon Knueppel,213.0,374.0,56.95187165775401,0.641,56.310871657754014,2026
1626157,Karl-Anthony Towns,200.0,324.0,61.72839506172839,0.65,61.07839506172839,2026
1630595,Cade Cunningham,176.0,308.0,57.142857142857146,0.629,56.51385714285715,2026
1630166,Deni Avdija,168.0,287.0,58.53658536585366,0.631,57.90558536585366,2026
1631094,Paolo Banchero,250.0,403.0,62.03473945409429,0.64,61.39473945409429,2026
1641705,Victor Wembanyama,219.0,390.0,56.15384615384615,0.649,55.50484615384615,2026
1630552,Jalen Johnson,266.0,419.0,63.48448687350835,0.64,62.84448687350835,2026
1629638,Nickeil Alexander-Walker,262.0,397.0,65.99496221662469,0.63,65.36496221662469,2026
1630217,Desmond Bane,165.0,260.0,63.46153846153846,0.632,62.82953846153846,2026
201935,James Harden,207.0,313.0,66.13418530351437,0.636,65.49818530351438,2026
1627742,Brandon Ingram,159.0,283.0,56.18374558303887,0.633,55.55074558303887,2026
203944,Julius Randle,208.0,336.0,61.904761904761905,0.644,61.26076190476191,2026
1626164,Devin Booker,156.0,259.0,60.23166023166023,0.633,59.598660231660226,2026
1630162,Anthony Edwards,158.0,244.0,64.75409836065573,0.64,64.11409836065573,2026
203999,Nikola Jokić,302.0,479.0,63.04801670146138,0.645,62.403016701461375,2026
202695,Kawhi Leonard,177.0,245.0,72.24489795918367,0.646,71.59889795918367,2026
1627750,Jamal Murray,246.0,364.0,67.58241758241758,0.632,66.95041758241757,2026
1628973,Jalen Brunson,207.0,292.0,70.89041095890411,0.631,70.25941095890411,2026
1628378,Donovan Mitchell,120.0,205.0,58.53658536585366,0.641,57.89558536585366,2026
1630178,Tyrese Maxey,189.0,289.0,65.39792387543253,0.628,64.76992387543253,2026
201142,Kevin Durant,180.0,328.0,54.8780487804878,0.641,54.237048780487804,2026
1627759,Jaylen Brown,123.0,218.0,56.42201834862385,0.622,55.80001834862385,2026
1628983,Shai Gilgeous-Alexander,170.0,309.0,55.016181229773466,0.635,54.38118122977347,2026
1629029,Luka Dončić,259.0,383.0,67.62402088772846,0.64,66.98402088772846,2026
