Name,Season,Offensive Prior RAPM,Defensive Prior RAPM,Offensive Raw RAPM,Defensive Raw RAPM,Offensive Final RAPM,Defensive Final RAPM,RAPM
Paul George,2019,4.47,-3.1,2.18,-2.79,5.19,-4.72,9.91
Nikola Jokic,2022,4.18,-2.24,2.85,-1.77,5.98,-3.84,9.82
Stephen Curry,2017,4.83,-1.3,4.59,-1.15,7.7,-1.62,9.32
Jayson Tatum,2022,4.38,-1.48,3.2,-1.97,6.15,-2.47,8.62
Kawhi Leonard,2020,4.41,-1.55,2.63,-2.21,5.44,-3.13,8.57
Joel Embiid,2022,2.75,-3.12,2.24,-1.56,4.52,-3.96,8.48
LeBron James,2017,3.72,-1.46,4.66,-0.11,6.9,-1.53,8.43
James Harden,2020,4.98,-1.51,2.17,-1.46,5.81,-2.56,8.36
Kevin Durant,2022,3.88,-2.05,2.52,-1.79,5.28,-3.06,8.35
Giannis Antetokounmpo,2020,3.51,-2.7,1.51,-3.39,3.66,-4.63,8.29
Chris Paul,2017,3.51,-1.5,2.62,-2.02,5.07,-3.18,8.25
LeBron James,2020,3.85,-1.48,1.97,-3.0,4.57,-3.58,8.15
Stephen Curry,2022,4.09,-1.16,2.52,-2.22,5.45,-2.64,8.1
Victor Oladipo,2018,2.74,-3.19,1.23,-2.2,3.45,-4.54,7.99
Giannis Antetokounmpo,2019,3.13,-3.64,1.88,-1.91,3.75,-4.17,7.91
Nikola Jokic,2024,4.16,-0.18,3.41,-1.47,6.37,-1.54,7.9
Rudy Gobert,2021,0.81,-3.76,2.01,-2.65,2.26,-5.56,7.82
Damian Lillard,2018,4.46,-1.23,2.16,-1.46,5.5,-2.26,7.76
Chris Paul,2018,3.65,-1.59,3.27,-0.82,5.82,-1.9,7.71
James Harden,2019,4.95,-1.53,3.16,0.47,6.83,-0.85,7.68
Kawhi Leonard,2017,4.02,-2.5,3.61,0.4,6.49,-1.08,7.57
Joel Embiid,2018,2.3,-2.87,1.83,-2.18,3.49,-4.05,7.54
Nikola Jokic,2023,3.71,-0.45,4.06,-0.54,6.44,-1.02,7.47
Kevin Durant,2019,3.55,-0.95,4.15,-0.6,6.26,-1.16,7.42
LeBron James,2021,3.76,-1.6,1.96,-1.29,5.06,-2.29,7.36
Kawhi Leonard,2021,4.13,-0.15,3.4,-0.32,6.68,-0.64,7.32
Jayson Tatum,2020,2.68,-1.65,1.97,-2.56,3.88,-3.41,7.29
Joel Embiid,2023,2.6,-1.71,2.05,-2.08,3.89,-3.4,7.29
Stephen Curry,2019,3.8,0.17,3.69,-1.74,6.11,-1.11,7.22
James Harden,2018,4.77,-1.02,3.18,0.36,6.66,-0.45,7.11
Giannis Antetokounmpo,2021,2.9,-3.05,1.91,-1.38,3.84,-3.27,7.11
Joel Embiid,2019,2.28,-2.52,2.2,-1.48,3.84,-3.24,7.08
Shai Gilgeous-Alexander,2024,3.56,-0.8,2.49,-1.78,5.14,-1.9,7.05
Giannis Antetokounmpo,2022,3.1,-3.07,2.39,-0.65,4.33,-2.66,6.99
Jrue Holiday,2022,3.26,-0.95,4.0,-0.42,6.04,-0.93,6.97
Kevin Durant,2021,4.05,-1.31,1.95,-0.46,5.18,-1.68,6.85
Donovan Mitchell,2024,4.38,-1.54,1.11,-1.89,4.31,-2.53,6.84
Anthony Davis,2023,2.91,-2.52,0.57,-2.55,2.58,-4.26,6.84
Robert Covington,2018,1.36,-1.98,1.78,-3.08,2.79,-4.04,6.83
LeBron James,2023,3.75,-1.2,2.06,-1.07,4.82,-1.96,6.78
Kevin Durant,2017,3.51,-2.57,2.73,-0.46,4.75,-1.99,6.74
Joel Embiid,2021,2.27,-2.54,1.96,-1.08,3.8,-2.92,6.72
Stephen Curry,2018,4.1,0.75,4.64,0.11,7.35,0.66,6.69
Paul George,2024,2.7,-0.92,3.2,-0.94,5.27,-1.41,6.68
Anthony Davis,2018,2.54,-2.69,1.22,-1.81,2.93,-3.73,6.66
LeBron James,2019,4.13,-1.25,1.48,-1.18,4.53,-2.1,6.63
Giannis Antetokounmpo,2018,3.24,-2.36,0.64,-1.94,3.15,-3.44,6.59
Nikola Jokic,2021,4.7,-1.0,3.26,1.02,6.55,-0.02,6.57
Anthony Davis,2019,3.41,-2.55,1.55,-0.49,3.87,-2.7,6.57
Damian Lillard,2019,3.51,-0.29,2.29,-1.05,5.15,-1.35,6.5
Kawhi Leonard,2024,2.61,-1.67,1.09,-2.37,3.04,-3.43,6.47
Alex Caruso,2023,1.01,-3.84,0.46,-2.63,1.38,-5.08,6.45
Nikola Vucevic,2019,2.33,-2.6,0.98,-1.41,2.81,-3.64,6.45
Jrue Holiday,2023,2.65,-0.69,2.25,-2.03,4.06,-2.37,6.43
Jimmy Butler,2018,2.58,-1.43,1.87,-1.53,3.8,-2.61,6.41
Kawhi Leonard,2023,2.88,-1.16,2.34,-1.11,4.53,-1.85,6.38
Kyrie Irving,2023,4.06,-0.98,2.31,-0.28,5.31,-1.04,6.35
Mike Conley,2021,2.85,-1.06,1.27,-2.42,3.47,-2.86,6.33
Kristaps Porzingis,2018,3.23,-1.85,0.65,-1.32,3.38,-2.83,6.21
Devin Booker,2022,3.72,-1.14,2.1,-0.51,4.95,-1.23,6.17
Giannis Antetokounmpo,2023,3.22,-1.84,2.03,-0.63,4.3,-1.85,6.15
Joel Embiid,2024,3.19,-1.65,1.15,-1.69,3.62,-2.49,6.11
Giannis Antetokounmpo,2024,2.97,-1.72,2.76,-0.08,4.81,-1.29,6.1
Nikola Jokic,2017,1.67,-1.09,3.74,0.13,4.99,-1.1,6.09
Nikola Jokic,2019,2.54,-2.18,1.91,-0.47,3.65,-2.39,6.04
Kyrie Irving,2022,3.8,-1.08,2.81,0.41,5.62,-0.41,6.03
Kyle Lowry,2017,2.58,-0.07,2.99,-0.76,5.01,-1.0,6.01
Draymond Green,2017,0.52,-2.91,1.64,-2.65,1.44,-4.51,5.95
Kemba Walker,2019,4.48,-0.33,2.48,0.68,5.93,-0.01,5.94
Danny Green,2019,1.25,-0.42,3.49,-1.66,4.37,-1.54,5.9
Jimmy Butler,2017,2.8,-0.95,1.18,-1.83,3.41,-2.48,5.89
Anthony Edwards,2024,3.64,0.08,1.58,-1.51,4.6,-1.27,5.87
Kyrie Irving,2021,3.99,-0.2,2.76,0.28,5.83,-0.03,5.86
Rudy Gobert,2022,0.26,-4.19,1.14,-1.82,1.11,-4.73,5.84
LeBron James,2018,3.75,-1.61,3.48,1.97,5.97,0.14,5.84
Derrick White,2023,1.39,-1.56,2.14,-2.26,2.87,-2.96,5.83
Russell Westbrook,2017,3.98,0.46,2.77,0.24,6.27,0.45,5.82
De'Aaron Fox,2024,3.99,-1.1,1.22,-0.9,4.1,-1.7,5.81
Rudy Gobert,2017,0.48,-1.45,1.52,-2.61,1.7,-4.1,5.81
Kyrie Irving,2019,3.19,-1.49,1.67,-0.8,4.26,-1.52,5.79
Chris Paul,2020,3.05,-0.93,2.35,-0.42,4.67,-1.12,5.78
Jalen Brunson,2024,3.94,1.01,3.51,-0.34,6.13,0.4,5.74
Darius Garland,2022,3.11,1.36,2.66,-1.57,5.05,-0.61,5.67
Jimmy Butler,2021,3.01,-1.01,0.83,-1.69,3.14,-2.52,5.66
Kemba Walker,2017,3.09,-0.13,2.66,-0.28,5.27,-0.35,5.61
Anthony Davis,2017,2.22,-2.73,-0.17,-2.16,1.5,-4.11,5.61
Paul George,2021,2.29,-0.15,2.18,-1.41,3.97,-1.63,5.6
Jayson Tatum,2023,4.3,-0.15,2.76,-0.32,5.55,-0.01,5.57
Stephen Curry,2021,4.22,-0.41,1.65,-0.08,5.43,-0.14,5.57
Luka Doncic,2021,3.88,0.19,2.31,0.14,5.57,0.05,5.52
Chris Paul,2019,2.43,-2.17,0.44,-1.87,2.2,-3.31,5.51
Paul George,2022,2.04,-2.21,-0.07,-2.22,1.81,-3.7,5.51
LaMarcus Aldridge,2018,2.82,-0.77,1.7,-1.37,3.81,-1.69,5.49
Devin Booker,2023,4.09,1.04,3.53,-0.01,6.45,0.97,5.48
Paul George,2020,3.16,-2.93,1.1,-0.59,3.07,-2.42,5.48
Shai Gilgeous-Alexander,2023,3.5,-0.75,1.97,-0.76,4.5,-0.98,5.48
Pascal Siakam,2020,2.63,-1.02,1.02,-2.03,3.02,-2.44,5.46
LeBron James,2024,3.82,0.9,2.53,-0.74,5.25,-0.2,5.46
Draymond Green,2023,0.15,-2.39,1.81,-1.91,1.69,-3.75,5.45
Anthony Davis,2020,3.32,-3.22,0.39,-1.15,2.56,-2.88,5.44
Brandin Podziemski,2024,2.23,-0.18,2.28,-1.33,4.05,-1.35,5.4
Jayson Tatum,2021,4.19,0.08,1.8,-0.39,5.08,-0.3,5.38
Fred VanVleet,2024,1.91,-0.76,1.65,-1.73,3.25,-2.12,5.37
Alex Caruso,2021,0.99,-2.78,0.23,-2.1,1.23,-4.12,5.36
Fred VanVleet,2021,2.37,-1.58,0.81,-1.09,2.82,-2.52,5.34
Clint Capela,2021,1.0,-2.33,0.54,-1.82,1.3,-4.03,5.33
Otto Porter Jr.,2018,1.25,-0.24,2.39,-1.46,3.48,-1.81,5.29
Luka Doncic,2024,3.88,0.97,2.42,-0.53,5.13,-0.15,5.29
Patrick Patterson,2017,0.62,-1.0,2.51,-1.47,2.88,-2.4,5.28
Jusuf Nurkic,2019,1.15,-1.26,2.12,-1.2,2.86,-2.4,5.26
Derrick White,2024,1.85,-0.76,2.66,-1.41,3.6,-1.64,5.24
Karl-Anthony Towns,2020,4.21,-0.77,2.82,1.81,6.15,0.93,5.22
Kevin Durant,2023,3.11,-0.57,1.39,-1.32,3.7,-1.51,5.21
Jrue Holiday,2021,2.72,-1.78,1.73,-0.62,3.57,-1.64,5.21
Jose Alvarado,2024,1.51,-2.27,1.13,-1.38,2.41,-2.78,5.19
Kevin Durant,2018,4.14,-1.47,2.59,1.38,5.25,0.07,5.18
Rudy Gay,2017,1.91,-1.53,0.91,-1.66,2.34,-2.8,5.14
OG Anunoby,2024,0.45,-0.45,1.09,-3.38,1.56,-3.57,5.13
Kyle Lowry,2018,2.32,-1.17,1.73,-0.72,3.61,-1.52,5.13
Rudy Gobert,2020,-0.58,-3.18,1.24,-1.2,0.91,-4.2,5.11
Desmond Bane,2023,2.44,-0.39,1.95,-1.33,3.78,-1.31,5.1
Rudy Gobert,2019,1.1,-1.79,0.93,-1.92,1.67,-3.41,5.09
Kyle Lowry,2019,1.17,-1.48,2.47,-0.98,3.38,-1.69,5.07
George Hill,2022,0.53,-0.76,0.49,-3.53,1.01,-4.03,5.05
Kemba Walker,2018,2.57,0.24,2.25,-0.33,4.39,-0.63,5.02
Karl-Anthony Towns,2021,3.51,-0.28,1.93,0.21,4.75,-0.26,5.01
Pascal Siakam,2022,2.5,-1.46,2.29,-0.05,4.07,-0.93,5.0
Jordan McLaughlin,2024,1.72,-1.87,0.33,-1.76,1.98,-3.01,4.99
Joel Embiid,2020,2.47,-2.82,-0.55,-1.7,1.31,-3.66,4.97
Jayson Tatum,2024,4.22,0.75,2.02,-0.99,4.74,-0.22,4.96
Khris Middleton,2020,2.55,-1.16,1.85,-1.25,3.56,-1.4,4.96
Jimmy Butler,2019,2.31,-1.6,1.35,-0.79,3.0,-1.96,4.96
Karl-Anthony Towns,2022,3.63,-0.34,2.61,0.33,5.0,0.05,4.96
Ja Morant,2023,3.62,-0.81,0.66,-1.24,3.42,-1.52,4.94
Kawhi Leonard,2019,3.94,-1.88,1.62,0.71,4.5,-0.42,4.93
Russell Westbrook,2018,2.32,-0.18,2.36,-0.63,4.04,-0.88,4.92
James Harden,2017,3.89,0.75,2.93,0.69,5.85,0.93,4.92
Paul Millsap,2019,1.14,-0.59,2.05,-1.57,2.71,-2.19,4.9
Derrick White,2022,1.6,-1.8,0.24,-2.3,1.45,-3.45,4.9
LeBron James,2022,3.53,-2.45,1.31,0.95,3.97,-0.92,4.89
Josh Hart,2023,0.57,-0.34,3.21,-0.97,3.45,-1.44,4.89
Jrue Holiday,2019,2.15,1.43,2.82,-1.34,4.36,-0.52,4.88
Stephen Curry,2023,4.14,0.36,2.46,0.26,5.46,0.6,4.87
Bam Adebayo,2022,0.74,-2.13,0.58,-2.23,0.96,-3.88,4.85
Joel Embiid,2017,2.68,-1.35,0.1,-1.45,2.27,-2.57,4.84
Andre Drummond,2019,1.16,-1.17,2.18,-0.51,3.16,-1.68,4.84
Darius Garland,2023,3.04,0.18,2.35,-0.67,4.64,-0.18,4.82
Tyus Jones,2018,1.1,-0.86,1.41,-1.39,2.54,-2.26,4.8
Anthony Davis,2021,1.79,-1.75,1.07,-0.82,2.58,-2.21,4.79
Marc Gasol,2019,0.81,-2.24,1.35,-1.43,2.12,-2.66,4.77
Paul Millsap,2017,1.56,-1.17,0.68,-1.99,2.01,-2.76,4.77
Lauri Markkanen,2023,3.4,-0.49,1.21,-0.9,3.5,-1.27,4.76
Tyreke Evans,2018,3.06,0.49,1.52,-0.96,4.03,-0.73,4.76
Jonathan Isaac,2024,0.84,-1.36,0.47,-2.52,1.35,-3.41,4.76
JaVale McGee,2017,1.78,-0.4,3.37,-0.0,4.54,-0.21,4.75
Aaron Gordon,2023,1.38,-0.38,2.46,-1.15,3.17,-1.57,4.74
Kyrie Irving,2024,3.45,1.61,2.4,-0.85,4.9,0.17,4.73
Mike Conley,2017,3.2,-0.56,2.19,0.14,4.59,-0.13,4.72
Zion Williamson,2023,3.02,0.08,1.13,-1.01,3.62,-1.09,4.72
Jimmy Butler,2020,2.32,-0.84,2.08,-0.06,3.83,-0.89,4.71
Chris Paul,2021,3.14,-0.14,0.77,-1.04,3.32,-1.39,4.71
Hassan Whiteside,2022,0.8,-0.97,2.7,-0.24,3.16,-1.55,4.71
Paul George,2023,2.87,-0.5,1.46,-0.59,3.74,-0.94,4.68
Jose Alvarado,2022,1.06,-1.58,0.72,-1.74,1.75,-2.9,4.65
Al Horford,2019,1.33,-1.69,2.21,-0.56,3.18,-1.46,4.65
Gordon Hayward,2017,2.78,-0.14,1.5,-0.78,3.6,-1.05,4.64
Bam Adebayo,2020,1.23,-1.71,1.62,-0.54,2.43,-2.21,4.64
De'Anthony Melton,2021,1.92,0.05,1.21,-1.71,3.07,-1.55,4.62
Anthony Davis,2024,1.66,-1.86,0.81,-1.21,1.96,-2.64,4.6
Giannis Antetokounmpo,2017,2.15,-2.4,0.48,-0.71,2.22,-2.37,4.6
Bogdan Bogdanovic,2024,1.63,0.17,1.92,-1.2,3.47,-1.1,4.56
Steven Adams,2023,1.58,-1.59,1.65,-0.64,2.77,-1.79,4.56
Manu Ginobili,2017,1.06,-3.12,0.98,-0.78,1.78,-2.77,4.56
De'Anthony Melton,2024,1.28,-1.66,2.41,-0.37,3.23,-1.31,4.54
George Hill,2017,2.45,-0.08,0.79,-1.72,2.62,-1.89,4.5
Isaiah Hartenstein,2024,1.56,-0.89,2.04,-1.07,2.92,-1.58,4.5
DeMarcus Cousins,2017,3.47,-2.47,1.55,0.84,3.77,-0.73,4.5
Mike Conley,2019,3.01,-0.3,1.21,-0.69,3.89,-0.58,4.47
Karl-Anthony Towns,2018,1.39,-0.3,3.62,0.44,4.51,0.04,4.47
Karl-Anthony Towns,2019,2.55,-1.38,1.65,0.22,3.55,-0.91,4.46
Nikola Jokic,2018,2.13,0.1,2.78,-0.41,4.0,-0.45,4.45
Damian Lillard,2021,4.66,0.66,2.2,1.4,5.96,1.52,4.44
Blake Griffin,2017,2.57,-0.41,2.48,0.06,4.13,-0.31,4.44
Kristaps Porzingis,2023,1.67,-1.79,1.67,-0.46,2.85,-1.58,4.42
Patrick Beverley,2017,1.54,-1.99,1.52,-0.36,2.67,-1.75,4.42
Fred VanVleet,2018,1.85,-0.91,1.26,-1.43,2.57,-1.84,4.41
Herbert Jones,2024,1.15,-1.04,1.26,-1.48,1.97,-2.44,4.41
Nikola Jokic,2020,2.13,-1.27,1.97,0.45,3.52,-0.88,4.4
Kemba Walker,2020,3.39,-0.92,2.56,0.93,4.88,0.49,4.4
Derrick White,2019,0.87,-1.42,1.22,-1.4,1.98,-2.41,4.39
Eric Bledsoe,2019,2.17,-0.73,2.29,-0.71,3.55,-0.82,4.37
Danny Green,2020,1.77,-2.14,1.88,-0.6,2.83,-1.54,4.37
De'Anthony Melton,2020,0.78,-1.09,1.29,-1.55,2.19,-2.16,4.36
Gary Harris,2018,2.35,-2.48,0.76,-0.23,2.21,-2.14,4.35
Kristaps Porzingis,2020,1.66,-0.88,1.78,-0.37,2.95,-1.39,4.35
Duncan Robinson,2020,1.31,0.63,2.86,-0.71,3.98,-0.35,4.33
Kentavious Caldwell-Pope,2024,0.53,-0.71,2.69,-1.21,2.59,-1.73,4.33
Al Horford,2018,1.26,-1.02,1.17,-1.15,2.05,-2.26,4.3
Pascal Siakam,2019,1.31,-0.67,1.51,-1.82,2.37,-1.93,4.3
Thaddeus Young,2021,1.01,-0.54,2.98,0.24,3.89,-0.41,4.3
Kevin Love,2024,1.47,-1.13,1.02,-1.07,2.34,-1.95,4.29
Blake Griffin,2018,2.64,-0.83,0.91,-0.74,3.07,-1.21,4.28
John Wall,2017,2.51,-0.11,2.04,0.51,4.22,-0.07,4.28
Jusuf Nurkic,2024,0.34,-1.2,2.21,-1.32,2.02,-2.26,4.28
Fred VanVleet,2023,1.95,-1.39,1.6,-0.32,3.02,-1.25,4.27
Cameron Payne,2020,1.69,-0.92,1.01,-0.91,2.62,-1.65,4.27
Dillon Brooks,2022,1.31,-1.12,1.34,-1.09,2.48,-1.79,4.27
Christian Wood,2020,0.83,-0.77,1.94,-0.69,2.74,-1.51,4.25
Patrick Beverley,2019,0.99,-1.14,1.5,-0.77,2.35,-1.9,4.25
Jalen Brunson,2023,3.68,-0.89,2.7,1.66,5.08,0.85,4.24
Damian Lillard,2023,4.28,2.08,3.02,0.91,6.36,2.13,4.23
Jamal Murray,2020,2.1,0.33,2.01,-0.66,3.7,-0.53,4.23
Keon Ellis,2024,1.6,-1.43,0.61,-1.27,2.02,-2.21,4.23
Khris Middleton,2017,1.71,-1.9,0.71,-0.56,2.14,-2.09,4.22
Eric Gordon,2018,0.71,1.18,3.06,-1.17,3.69,-0.52,4.22
Jimmy Butler,2022,2.79,-0.46,1.46,-0.4,3.53,-0.68,4.21
Damian Lillard,2024,2.7,1.42,1.94,-1.38,3.9,-0.31,4.21
Damian Lillard,2017,3.81,-0.01,1.92,0.65,4.9,0.71,4.19
Immanuel Quickley,2023,2.24,-0.93,-0.76,-3.21,0.68,-3.51,4.19
Jaylen Brown,2022,2.21,-0.16,0.86,-2.12,2.38,-1.8,4.18
Clint Capela,2022,1.8,-1.57,1.81,0.35,2.88,-1.28,4.17
Jrue Holiday,2020,2.36,-0.94,0.63,-1.23,2.28,-1.88,4.16
Alex Caruso,2019,1.44,-1.14,0.13,-1.56,1.52,-2.63,4.15
Jae Crowder,2017,0.95,0.1,2.32,-1.29,2.71,-1.44,4.15
Kevin Durant,2024,3.64,-0.46,1.17,-0.21,3.75,-0.4,4.14
Jakob Poeltl,2021,1.93,-0.52,0.85,-1.1,2.42,-1.71,4.14
Isaiah Thomas,2017,4.45,1.32,4.26,2.64,7.41,3.27,4.14
Herbert Jones,2023,0.7,-0.9,1.09,-1.29,1.63,-2.5,4.13
Chris Paul,2022,1.31,-0.59,1.05,-1.54,2.22,-1.9,4.13
Robert Covington,2021,0.49,-1.61,2.59,0.33,2.72,-1.4,4.12
Franz Wagner,2023,1.64,0.86,0.61,-2.22,2.13,-1.98,4.11
Donte DiVincenzo,2021,1.61,-1.46,2.16,-0.34,3.2,-0.89,4.09
Dejounte Murray,2022,2.58,-0.9,1.04,-0.24,3.01,-1.07,4.09
Draymond Green,2021,0.21,-2.74,1.55,-0.29,1.66,-2.41,4.07
Draymond Green,2019,0.35,-2.59,1.09,-1.45,0.97,-3.09,4.06
Luka Doncic,2023,4.29,1.27,2.1,0.65,5.27,1.21,4.06
Damian Lillard,2020,4.37,0.86,2.53,1.16,5.85,1.8,4.05
Jaren Jackson Jr.,2023,0.44,-0.72,1.79,-1.82,2.05,-1.99,4.04
Jrue Holiday,2018,1.65,-0.28,1.1,-1.86,2.15,-1.88,4.04
Tyrese Haliburton,2023,3.04,0.14,2.15,0.52,4.55,0.52,4.03
Robert Williams III,2022,1.21,-1.84,0.48,-2.01,1.05,-2.98,4.03
Bradley Beal,2017,1.85,0.88,2.49,-0.3,4.03,0.0,4.02
DeMar DeRozan,2018,2.36,-0.08,2.51,0.21,4.34,0.32,4.01
Otto Porter Jr.,2019,1.85,-0.84,1.83,0.03,3.25,-0.76,4.01
Fred VanVleet,2022,2.28,-0.7,0.79,-0.98,2.55,-1.46,4.01
DeMar DeRozan,2023,2.43,0.04,0.75,-1.35,2.81,-1.19,4.0
Rudy Gay,2019,1.26,-1.5,0.37,-1.63,1.3,-2.7,4.0
Brook Lopez,2019,0.92,-1.63,1.5,-1.31,1.71,-2.27,3.98
Jalen Brunson,2020,1.94,0.01,0.89,-1.48,2.67,-1.32,3.98
Gary Payton II,2022,0.49,-1.62,0.83,-1.7,1.37,-2.6,3.97
Jamal Murray,2021,2.8,0.68,2.28,-0.34,4.04,0.08,3.96
Zion Williamson,2021,3.11,-0.44,2.42,1.32,4.76,0.8,3.96
Amir Johnson,2017,0.09,-1.32,1.45,-1.41,1.32,-2.64,3.96
Alex Caruso,2020,0.13,-1.48,0.51,-2.33,0.78,-3.17,3.96
Donovan Mitchell,2018,2.24,0.22,0.64,-1.75,2.52,-1.44,3.95
Kyrie Irving,2017,3.92,1.17,3.19,1.2,5.71,1.76,3.95
Immanuel Quickley,2022,0.0,0.0,1.57,-2.1,2.02,-1.92,3.95
Shaquille Harrison,2020,1.11,-1.78,0.1,-1.3,1.2,-2.75,3.95
Cameron Payne,2021,1.59,-1.3,1.05,-0.17,2.6,-1.34,3.94
George Hill,2020,1.89,-1.34,1.24,-0.84,2.7,-1.24,3.94
Ricky Rubio,2022,1.12,-0.46,-0.2,-2.81,0.9,-3.03,3.94
Kenrich Williams,2022,1.43,-1.04,-0.91,-3.02,0.3,-3.64,3.94
Andre Roberson,2018,0.05,-1.55,-0.48,-3.05,-0.41,-4.34,3.93
Kevin Love,2017,1.73,0.13,1.76,-1.16,2.62,-1.31,3.93
Jock Landale,2024,0.63,-1.05,1.16,-1.29,2.01,-1.91,3.93
Patrick Beverley,2020,1.33,-1.0,0.8,-1.88,1.61,-2.31,3.93
Brook Lopez,2023,0.61,-0.71,0.5,-2.45,0.98,-2.94,3.92
Victor Oladipo,2019,2.17,-1.96,0.02,-0.87,1.8,-2.12,3.92
Christian Koloko,2023,0.55,-1.5,0.04,-2.27,0.63,-3.28,3.91
Dāvis Bertāns,2019,0.96,-0.04,2.91,-0.1,3.66,-0.25,3.91
Fred VanVleet,2020,2.5,-1.7,0.04,-1.04,1.96,-1.94,3.9
Nikola Mirotic,2017,0.84,-1.72,1.23,-0.8,1.94,-1.95,3.88
Kyle Lowry,2020,1.28,-1.69,0.48,-1.38,1.59,-2.29,3.88
Boban Marjanovic,2017,1.62,-1.95,0.08,-0.39,1.71,-2.17,3.88
Joe Ingles,2020,0.96,-0.07,0.8,-1.91,1.7,-2.16,3.87
Alex Caruso,2022,0.47,-1.73,-0.11,-2.2,0.37,-3.49,3.86
Nicolas Batum,2023,0.86,-1.66,1.14,-0.93,1.87,-1.98,3.85
Delon Wright,2023,0.89,-1.31,0.99,-0.99,2.03,-1.81,3.84
Paul George,2017,1.91,-0.45,1.79,-0.26,3.39,-0.45,3.84
Pascal Siakam,2021,1.83,-0.02,1.74,-0.57,3.25,-0.59,3.84
Nikola Mirotic,2018,1.81,-0.07,1.71,-0.49,3.13,-0.71,3.84
Miles Bridges,2022,1.73,-0.4,2.47,-0.04,3.45,-0.38,3.83
Devin Booker,2021,3.7,1.85,2.4,0.09,5.22,1.39,3.83
Justise Winslow,2019,1.08,-0.84,0.48,-1.91,1.59,-2.23,3.82
Marcus Smart,2020,1.65,-1.75,0.37,-1.35,1.51,-2.29,3.8
Steven Adams,2018,1.72,-0.08,1.78,-0.71,2.89,-0.91,3.8
Zach LaVine,2021,3.24,0.36,1.87,1.09,4.79,1.02,3.77
Donte DiVincenzo,2020,1.32,-1.27,0.74,-1.68,1.78,-1.98,3.76
Alec Burks,2023,1.66,-0.78,1.35,0.09,2.99,-0.76,3.75
Hassan Whiteside,2020,0.77,-2.08,1.71,-0.09,2.05,-1.7,3.75
De'Aaron Fox,2019,1.84,-0.59,0.66,-0.61,2.26,-1.49,3.75
De'Anthony Melton,2022,2.5,-1.35,0.43,-0.97,2.15,-1.61,3.75
Donovan Mitchell,2022,4.5,1.01,2.58,1.13,5.86,2.13,3.73
Jimmy Butler,2023,3.1,-0.76,1.32,0.61,3.63,-0.11,3.73
Dennis Schroder,2020,1.23,0.09,-0.36,-2.81,0.99,-2.73,3.73
Steven Adams,2022,1.48,-1.11,2.8,0.42,3.48,-0.24,3.73
Derrick White,2021,1.58,-1.53,1.35,0.4,2.73,-1.0,3.72
John Wall,2018,1.9,-0.63,1.01,-0.27,2.72,-1.0,3.72
Nicolas Batum,2020,1.55,-1.95,0.65,0.11,2.06,-1.65,3.71
Tari Eason,2024,0.83,-1.25,0.46,-1.5,1.32,-2.39,3.71
Andre Drummond,2022,1.86,-0.93,1.03,-0.33,2.52,-1.18,3.71
Bradley Beal,2018,2.47,0.24,0.66,-0.85,2.9,-0.81,3.71
Myles Turner,2024,1.0,-0.53,1.7,-0.3,2.51,-1.18,3.69
Kenrich Williams,2023,1.4,-1.97,0.56,-0.72,1.72,-1.96,3.68
Kyrie Irving,2018,4.14,0.98,1.46,0.55,4.69,1.02,3.67
Jimmy Butler,2024,2.2,1.47,1.99,-0.92,3.78,0.11,3.67
John Collins,2019,0.85,-0.26,2.4,0.4,3.35,-0.31,3.67
Franz Wagner,2024,2.1,-0.5,0.06,-2.08,1.56,-2.11,3.67
Jakob Poeltl,2019,2.08,-1.06,0.35,-0.81,1.97,-1.69,3.66
Robert Covington,2019,1.08,-1.93,-0.65,-1.94,0.31,-3.34,3.65
Alex Caruso,2024,1.38,-2.59,-1.09,-1.99,-0.02,-3.67,3.65
James Harden,2023,2.91,0.64,2.42,0.41,4.48,0.83,3.65
Desmond Bane,2022,2.07,-0.72,1.52,-0.56,2.88,-0.75,3.63
Draymond Green,2024,0.44,-0.97,0.17,-2.22,0.46,-3.17,3.63
Kevon Looney,2019,1.92,-0.92,1.61,-0.1,2.7,-0.93,3.63
Rudy Gobert,2024,-0.36,-1.63,1.12,-1.67,1.07,-2.55,3.62
Rudy Gay,2021,1.16,-1.48,-0.44,-1.81,0.68,-2.93,3.61
Derrick Rose,2022,2.34,-0.71,-0.1,-1.11,2.05,-1.56,3.61
Derrick Favors,2020,0.7,-1.4,1.33,-1.0,1.59,-2.02,3.61
Chet Holmgren,2024,1.73,-1.27,1.32,-0.61,2.49,-1.12,3.61
Bradley Beal,2019,2.86,-0.81,1.91,1.07,3.96,0.35,3.61
Devonte' Graham,2021,1.87,0.4,0.27,-1.94,1.9,-1.7,3.6
DeAndre Jordan,2017,-0.06,-1.22,1.95,-0.94,1.49,-2.11,3.6
Luke Kornet,2019,1.55,-1.5,-0.59,-1.58,0.84,-2.75,3.58
Marcus Smart,2019,0.93,-2.55,0.49,-0.85,1.38,-2.2,3.58
Mikal Bridges,2022,0.54,0.19,2.64,-0.78,3.07,-0.51,3.58
Donovan Mitchell,2019,3.04,0.48,0.78,-1.12,3.07,-0.5,3.57
Steven Adams,2019,1.95,-0.36,1.32,-1.24,2.34,-1.22,3.56
Kyle Anderson,2017,0.13,-2.41,-0.03,-1.54,0.38,-3.18,3.55
Danny Green,2021,1.34,-1.51,1.12,-0.31,2.33,-1.22,3.55
Patty Mills,2020,1.43,-0.86,1.88,0.03,2.95,-0.59,3.54
Devin Booker,2024,4.07,1.69,2.12,0.17,4.94,1.4,3.54
Marreese Speights,2018,1.04,-1.38,0.55,-0.74,1.61,-1.92,3.53
Stephen Curry,2024,3.49,1.24,1.85,0.43,4.63,1.1,3.52
Delon Wright,2018,1.57,-1.83,0.77,-0.42,2.03,-1.48,3.52
Dillon Brooks,2021,1.43,-0.49,1.4,-0.33,2.81,-0.69,3.5
Kent Bazemore,2021,0.7,-1.2,0.35,-1.73,0.99,-2.5,3.5
Chris Boucher,2022,1.26,-0.44,0.43,-2.0,1.43,-2.06,3.5
Patty Mills,2017,1.87,-0.36,1.56,-1.22,2.95,-0.54,3.49
Khris Middleton,2019,2.41,0.26,1.57,-1.05,3.1,-0.38,3.48
Kevin Love,2019,1.18,-1.34,0.99,0.05,2.18,-1.3,3.48
Joe Ingles,2019,0.75,0.03,0.85,-2.15,1.59,-1.89,3.48
Aaron Gordon,2018,1.53,-0.88,0.28,-0.79,1.69,-1.78,3.48
Jalen Brunson,2022,2.28,-0.02,1.55,0.09,3.39,-0.07,3.47
Bam Adebayo,2021,1.07,-1.7,0.6,-0.76,1.3,-2.16,3.46
Mike Conley,2022,2.13,-0.53,0.71,-1.24,2.45,-1.02,3.46
Marc Gasol,2020,0.29,-1.61,-0.18,-2.38,0.03,-3.43,3.46
Chris Paul,2023,1.67,-1.98,0.74,-0.14,2.08,-1.37,3.46
Marcus Smart,2022,0.79,-1.87,1.26,-0.84,1.69,-1.76,3.45
Herbert Jones,2022,0.95,-0.95,0.73,-0.87,1.55,-1.89,3.44
Nikola Vucevic,2020,1.22,-0.28,1.29,-0.59,2.33,-1.1,3.44
Marc Gasol,2017,2.03,-2.03,0.49,0.1,2.04,-1.39,3.43
Devin Booker,2020,3.18,1.32,3.08,1.58,5.71,2.28,3.43
Luka Doncic,2020,3.77,0.82,1.57,0.71,4.45,1.03,3.43
De'Aaron Fox,2023,3.61,0.43,2.24,1.4,4.78,1.36,3.42
Anthony Edwards,2023,2.53,0.11,0.38,-0.9,2.67,-0.75,3.42
Ricky Rubio,2020,1.32,-0.87,1.01,-0.5,2.24,-1.17,3.41
Caleb Martin,2022,1.02,-0.76,0.87,-1.17,1.71,-1.7,3.41
Raul Neto,2017,0.99,-0.54,0.56,-1.36,1.57,-1.84,3.41
Jayson Tatum,2019,0.69,-1.05,1.03,-1.38,1.74,-1.66,3.4
Nikola Jovic,2024,1.66,0.89,1.48,-1.2,2.88,-0.52,3.4
Draymond Green,2018,-0.09,-2.04,1.16,-0.84,0.93,-2.46,3.4
Trae Young,2023,4.07,0.86,1.12,0.42,4.24,0.84,3.39
P.J. Washington,2022,1.37,-0.64,1.97,-0.07,2.82,-0.56,3.38
Julius Randle,2021,2.12,-0.71,-0.31,-1.45,1.52,-1.85,3.37
Josh Hart,2024,0.8,-0.51,1.02,-1.83,1.34,-2.02,3.36
Royce O'Neale,2018,-0.15,-1.35,0.27,-2.21,0.38,-2.98,3.36
Bogdan Bogdanovic,2022,1.94,0.45,1.94,-0.33,3.09,-0.26,3.36
Malcolm Brogdon,2019,1.82,-0.7,1.52,-0.72,2.62,-0.73,3.36
Raul Neto,2019,0.31,-0.26,2.21,-0.58,2.66,-0.69,3.35
Gordon Hayward,2020,1.28,-0.44,1.86,-0.37,2.88,-0.47,3.35
George Hill,2019,1.18,-0.66,-0.19,-2.04,0.91,-2.43,3.35
Andre Iguodala,2019,0.76,-1.34,0.24,-1.86,0.68,-2.66,3.35
Shabazz Napier,2018,1.37,-2.17,0.07,-0.56,1.48,-1.87,3.34
Jarrett Allen,2023,0.48,-1.45,1.35,-1.03,1.45,-1.89,3.34
Dorian Finney-Smith,2020,0.68,0.0,1.6,-0.85,1.99,-1.34,3.33
Mike Muscala,2022,1.4,-1.32,0.57,-0.5,1.74,-1.59,3.33
Austin Reaves,2023,0.96,-0.11,1.68,-1.07,2.42,-0.91,3.33
Matisse Thybulle,2023,0.43,-2.8,-1.27,-1.81,-0.65,-3.97,3.33
Cameron Johnson,2023,1.37,-0.65,0.73,-1.24,1.93,-1.4,3.33
Victor Wembanyama,2024,0.27,-2.24,-0.48,-1.72,0.05,-3.28,3.33
Pascal Siakam,2023,2.92,0.32,1.46,-0.07,3.55,0.23,3.32
Larry Nance Jr.,2023,0.25,-0.61,1.22,-1.63,1.32,-1.99,3.31
Brandon Ingram,2022,2.09,0.93,1.02,-1.04,2.69,-0.62,3.31
Draymond Green,2022,0.41,-2.71,-0.83,-1.93,-0.51,-3.82,3.31
Danilo Gallinari,2019,2.06,0.44,2.37,0.79,4.12,0.82,3.3
Shaquille Harrison,2018,0.76,-0.69,0.95,-0.9,1.85,-1.45,3.3
Ivica Zubac,2020,0.6,-1.05,1.1,-1.56,1.19,-2.1,3.29
Rudy Gobert,2018,-0.69,-1.38,0.08,-2.65,-0.31,-3.6,3.29
Mitchell Robinson,2023,0.92,-0.95,1.77,-0.44,2.16,-1.12,3.28
Terence Davis,2020,1.2,-0.33,1.52,-0.72,2.64,-0.64,3.28
Dean Wade,2024,0.71,-0.22,0.1,-2.62,0.78,-2.49,3.27
Ish Smith,2017,1.24,-0.12,0.54,-1.14,1.92,-1.35,3.27
Trae Young,2022,4.36,1.77,2.66,1.48,5.77,2.51,3.26
Nene,2018,0.31,-0.22,0.9,-1.74,1.14,-2.11,3.26
Hassan Whiteside,2019,0.74,-2.8,0.01,-0.74,0.61,-2.65,3.25
Jonas Valanciunas,2020,0.23,-0.83,0.61,-1.36,1.15,-2.1,3.25
CJ McCollum,2017,2.33,-0.16,1.61,0.26,3.56,0.31,3.25
Ricky Rubio,2018,0.93,-1.47,0.11,-1.26,1.04,-2.21,3.25
Tyrese Haliburton,2024,2.2,1.83,3.03,0.47,4.8,1.57,3.23
Montrezl Harrell,2022,0.79,0.13,1.27,-1.27,1.86,-1.37,3.23
Ish Wainright,2023,0.42,-1.23,0.78,-0.98,1.46,-1.77,3.23
Alec Burks,2022,1.2,-0.24,0.98,-0.92,2.2,-1.02,3.23
Christian Wood,2021,1.46,-1.04,0.21,-0.61,1.62,-1.6,3.22
Robert Covington,2022,0.6,-1.46,0.62,-0.58,1.18,-2.03,3.22
Wendell Carter Jr.,2022,0.36,-1.39,-0.24,-1.84,0.32,-2.9,3.22
Donovan Mitchell,2023,3.96,0.56,0.93,0.06,3.93,0.72,3.21
Russell Westbrook,2019,2.13,-1.15,1.64,0.4,3.03,-0.17,3.21
Ed Davis,2019,0.61,-0.89,-0.29,-2.21,0.04,-3.17,3.2
Bradley Beal,2021,3.64,0.86,2.4,1.98,5.62,2.41,3.2
Thabo Sefolosha,2018,1.27,-1.71,-0.01,-0.87,1.08,-2.11,3.2
Tim Hardaway Jr.,2018,1.29,-0.91,0.83,-0.45,1.96,-1.22,3.18
Joe Harris,2021,0.92,0.69,2.28,-0.64,2.82,-0.36,3.18
Donte DiVincenzo,2023,1.84,-0.92,-0.11,-1.06,1.45,-1.73,3.18
Anthony Davis,2022,1.61,-1.67,-1.39,-1.52,0.2,-2.98,3.17
Tim Hardaway Jr.,2017,1.21,-0.21,1.95,-0.19,3.03,-0.14,3.17
DeMar DeRozan,2022,3.28,1.39,2.03,0.6,4.55,1.38,3.17
Alec Burks,2021,1.87,-1.07,0.5,-0.84,1.98,-1.18,3.17
Ja Morant,2022,3.82,-0.07,1.38,0.73,4.15,0.99,3.16
T.J. McConnell,2024,1.89,0.4,1.79,-0.15,3.44,0.28,3.16
Reggie Jackson,2021,1.8,0.11,2.26,0.81,3.82,0.66,3.16
Patrick Beverley,2018,1.22,-1.67,0.55,-0.03,1.73,-1.43,3.15
Otto Porter Jr.,2020,1.87,-1.03,0.59,0.1,2.33,-0.81,3.14
Tre Jones,2024,1.41,0.59,1.0,-1.28,2.4,-0.75,3.14
Paul Millsap,2020,1.38,0.17,1.24,-0.76,2.36,-0.78,3.14
Immanuel Quickley,2021,2.6,-1.05,0.5,-0.07,2.73,-0.41,3.14
Cody Zeller,2017,0.0,-0.64,0.76,-1.9,0.74,-2.39,3.13
Donovan Mitchell,2021,4.1,1.32,1.37,0.41,4.6,1.47,3.13
Al-Farouq Aminu,2019,0.59,-0.87,1.89,-0.16,2.15,-0.98,3.13
Mike Muscala,2023,0.45,-0.37,1.56,-1.02,1.97,-1.15,3.12
Mikal Bridges,2020,0.23,-1.49,0.92,-0.77,1.26,-1.86,3.12
Michael Porter Jr.,2021,2.56,0.06,2.35,0.83,3.94,0.82,3.12
Blake Griffin,2019,2.77,-0.58,0.33,0.17,2.55,-0.57,3.12
John Konchar,2023,0.53,-1.53,0.7,-1.1,1.23,-1.88,3.12
Montrezl Harrell,2020,1.13,-0.93,0.55,-0.86,1.39,-1.72,3.12
Jayson Tatum,2018,0.3,-0.11,0.97,-1.63,1.3,-1.82,3.12
Thaddeus Young,2018,0.96,-0.9,1.19,-0.67,1.87,-1.24,3.12
Brook Lopez,2020,1.04,-2.07,0.65,-1.19,1.07,-2.04,3.12
Lauri Markkanen,2024,1.73,1.12,2.48,0.1,3.79,0.68,3.11
Dante Exum,2024,1.0,1.07,2.1,-0.92,2.92,-0.18,3.11
Lou Williams,2017,1.73,0.86,2.29,0.37,3.66,0.56,3.1
DeMar DeRozan,2017,3.52,0.88,1.06,0.27,3.68,0.57,3.1
Bobby Portis,2021,1.16,-0.45,1.28,-0.56,2.28,-0.82,3.1
Salah Mejri,2018,0.56,-0.98,0.65,-1.02,1.19,-1.91,3.1
Anthony Edwards,2022,2.02,0.16,1.46,-0.47,2.81,-0.28,3.09
Kris Dunn,2024,0.51,-1.35,1.75,0.34,2.37,-0.72,3.09
Lonzo Ball,2022,1.5,-1.8,-0.74,-1.38,0.39,-2.7,3.09
Julius Randle,2023,3.58,0.63,1.65,0.25,3.86,0.78,3.09
Isaac Bonga,2020,0.32,-0.36,-0.53,-2.41,0.17,-2.92,3.09
Josh Richardson,2018,1.37,-1.69,-0.15,-1.21,1.06,-2.03,3.09
Kyle Korver,2018,0.75,0.82,1.78,-1.05,2.38,-0.7,3.08
Gordon Hayward,2021,2.1,-0.71,0.62,-0.02,2.32,-0.76,3.08
David Nwaba,2020,0.57,-1.37,-0.35,-1.57,0.33,-2.75,3.08
Jamal Murray,2019,2.23,-0.32,1.54,0.25,3.14,0.07,3.07
Raul Neto,2018,0.84,-0.65,0.04,-1.76,0.92,-2.14,3.07
Paul Millsap,2018,0.95,-1.78,0.43,-0.44,1.13,-1.93,3.07
Jonathan Isaac,2020,0.29,-1.81,-0.24,-1.3,0.25,-2.81,3.06
Gary Payton II,2024,0.35,-1.03,0.98,-1.01,1.36,-1.7,3.06
Buddy Hield,2023,2.09,-0.42,0.96,-0.02,2.63,-0.42,3.06
Kentavious Caldwell-Pope,2023,0.76,-0.07,2.01,-0.64,2.18,-0.87,3.05
Shawn Long,2017,2.29,-0.12,0.87,0.19,3.06,0.01,3.05
Eric Bledsoe,2018,1.66,-1.38,1.2,0.25,2.47,-0.58,3.05
Walker Kessler,2023,1.12,-0.72,0.96,-0.76,1.68,-1.36,3.04
Patty Mills,2019,1.38,-0.2,2.16,0.34,3.1,0.06,3.04
Dennis Schroder,2023,0.91,0.01,1.15,-1.0,2.03,-1.01,3.04
Jordan Clarkson,2022,1.64,1.33,1.47,-1.3,2.86,-0.18,3.04
Andre Iguodala,2022,0.23,-1.9,-0.66,-1.92,-0.34,-3.38,3.04
Luka Doncic,2022,3.82,0.99,1.01,0.4,3.86,0.83,3.04
Reggie Jackson,2022,1.39,-1.1,-0.17,-0.98,1.37,-1.66,3.03
Patrick Beverley,2021,0.67,-1.17,0.5,-0.98,1.1,-1.93,3.03
Mike James,2018,2.04,0.5,0.28,-1.08,2.17,-0.86,3.03
Al-Farouq Aminu,2018,1.19,-0.67,1.41,-0.65,2.0,-1.02,3.03
Reggie Bullock Jr.,2022,0.0,0.0,1.01,-1.77,1.07,-1.95,3.02
Klay Thompson,2017,1.44,0.8,2.42,-1.02,3.16,0.13,3.02
Kristaps Porzingis,2024,1.72,-0.81,0.74,-1.01,1.65,-1.37,3.02
Jock Landale,2023,0.06,-1.1,0.75,-1.44,0.88,-2.13,3.01
Seth Curry,2017,1.54,-0.31,0.3,-0.73,1.71,-1.3,3.01
Goran Dragic,2019,1.88,-0.69,0.9,-0.09,2.58,-0.42,3.0
Michael Porter Jr.,2023,1.76,0.69,1.94,-0.18,3.11,0.13,2.98
Jalen Brunson,2021,2.09,0.45,0.47,-0.97,2.22,-0.76,2.98
Miles McBride,2023,1.07,-1.47,0.05,-0.85,1.12,-1.85,2.97
Obi Toppin,2024,1.42,0.06,2.62,0.99,3.79,0.82,2.97
Neemias Queta,2024,1.26,-0.58,1.53,0.16,2.7,-0.26,2.96
Maxi Kleber,2019,-0.15,-1.05,0.26,-1.75,0.42,-2.54,2.96
Jerian Grant,2017,0.62,-1.81,0.42,-0.43,1.05,-1.92,2.96
Robert Covington,2024,0.24,-1.44,0.04,-1.73,0.26,-2.69,2.95
Kyle Anderson,2023,0.24,-1.37,0.94,-0.65,1.51,-1.44,2.95
Jrue Holiday,2017,1.8,-1.07,-0.66,-1.72,0.61,-2.34,2.95
Kenrich Williams,2021,0.89,-0.12,0.66,-0.75,1.85,-1.09,2.95
Derrick White,2018,1.33,-0.82,-0.0,-0.81,1.35,-1.6,2.95
Matisse Thybulle,2021,-0.2,-2.14,0.24,-1.11,0.24,-2.71,2.95
Victor Oladipo,2017,1.45,0.1,-0.49,-2.16,0.75,-2.19,2.94
Jarrett Allen,2022,0.44,-1.68,-0.24,-1.27,0.31,-2.63,2.94
Andre Iguodala,2017,0.15,-1.0,1.45,-1.23,1.27,-1.67,2.94
Hassan Whiteside,2017,0.43,-2.13,1.0,-0.16,1.24,-1.69,2.93
Kyrie Irving,2020,4.29,0.6,0.76,1.02,4.34,1.41,2.93
Obi Toppin,2022,0.62,-0.3,1.0,-0.91,1.76,-1.17,2.93
Naz Reid,2020,1.5,-0.54,0.38,-0.48,1.86,-1.06,2.92
Tim Hardaway Jr.,2023,0.96,0.41,1.87,-0.35,2.5,-0.41,2.91
Chris Chiozza,2020,0.82,-0.91,0.02,-1.3,0.89,-2.02,2.91
Jordan Clarkson,2021,2.6,0.12,1.28,0.06,3.24,0.32,2.91
Malcolm Brogdon,2020,1.69,-1.27,-0.39,-0.97,1.27,-1.64,2.91
James Harden,2021,2.44,0.5,1.86,1.1,4.01,1.1,2.91
Pascal Siakam,2018,0.69,-0.75,1.52,-0.83,1.85,-1.06,2.91
Kelly Olynyk,2018,0.87,-0.29,2.35,0.21,2.93,0.02,2.9
Jakob Poeltl,2022,1.73,-0.12,2.26,0.69,3.46,0.55,2.9
Justise Winslow,2022,0.02,-1.57,0.26,-0.9,0.65,-2.24,2.89
Danilo Gallinari,2017,1.22,0.83,1.97,-0.12,2.94,0.05,2.89
Jaren Jackson Jr.,2022,0.6,-0.74,1.28,-1.07,1.44,-1.45,2.89
Vince Carter,2017,0.87,-0.94,1.0,-0.69,1.62,-1.27,2.89
Vince Williams Jr.,2024,1.08,-0.63,0.39,-1.1,1.64,-1.25,2.89
Terence Davis,2022,1.07,0.34,1.27,-0.72,2.41,-0.48,2.89
Delon Wright,2022,1.22,-1.18,0.26,-0.53,1.36,-1.52,2.88
Kevon Looney,2023,1.4,-0.27,1.9,0.24,2.8,-0.06,2.86
Domantas Sabonis,2020,0.77,-0.8,1.21,-0.36,1.99,-0.87,2.86
Luol Deng,2019,0.48,-0.26,1.23,-0.79,1.81,-1.04,2.85
Dorian Finney-Smith,2022,0.86,0.38,2.14,-0.02,2.65,-0.21,2.85
James Harden,2024,2.28,0.74,2.8,1.1,4.62,1.77,2.85
Kevin Huerter,2022,0.77,-0.18,1.75,-0.38,2.09,-0.76,2.85
Eric Gordon,2019,0.53,0.56,2.5,-0.54,2.76,-0.09,2.84
Jae Crowder,2021,1.1,-0.93,-0.0,-1.23,0.69,-2.16,2.84
Austin Rivers,2018,1.42,-1.36,1.57,1.2,2.9,0.06,2.84
Delon Wright,2021,1.76,-1.13,-0.05,-0.03,1.67,-1.17,2.84
Kevin Huerter,2019,1.24,0.1,1.34,0.13,2.59,-0.24,2.83
Andre Iguodala,2018,0.64,-0.88,-0.53,-2.25,-0.02,-2.84,2.82
Danny Green,2017,0.88,-0.86,0.27,-1.47,0.91,-1.91,2.82
Kadeem Allen,2019,1.73,-0.91,0.71,0.37,2.43,-0.39,2.82
Ben Simmons,2018,0.83,-1.19,1.19,-0.46,1.84,-0.98,2.82
Andrew Wiggins,2023,1.3,-0.08,0.76,-0.89,1.77,-1.05,2.82
Paul Reed,2024,1.41,0.09,1.17,-0.27,2.56,-0.26,2.82
Bones Hyland,2022,1.88,0.29,1.78,0.67,3.56,0.74,2.82
Dāvis Bertāns,2020,1.59,-0.22,2.08,0.8,3.17,0.35,2.81
Karl-Anthony Towns,2017,2.28,-0.25,2.08,1.64,3.92,1.12,2.81
Delon Wright,2024,1.04,-1.64,-0.14,-0.55,1.08,-1.73,2.8
Kemba Walker,2021,2.22,0.0,0.55,-0.42,2.39,-0.41,2.8
P.J. Tucker,2022,0.97,0.05,1.46,-0.64,2.21,-0.58,2.8
Isaiah Joe,2023,1.62,-0.31,2.1,0.54,3.33,0.53,2.8
Josh Okogie,2023,0.47,-1.28,-0.15,-1.52,0.47,-2.32,2.8
Mikal Bridges,2021,0.74,-0.13,1.64,-0.45,1.93,-0.86,2.79
Malcolm Brogdon,2021,2.3,0.9,0.53,-0.85,2.75,-0.05,2.79
Danuel House Jr.,2019,0.49,0.64,2.5,-0.28,2.97,0.18,2.79
Nemanja Bjelica,2019,0.8,-0.67,1.71,0.22,2.38,-0.4,2.78
Mikal Bridges,2023,1.87,-0.9,0.62,-0.09,2.16,-0.63,2.78
Eric Bledsoe,2017,1.8,0.42,0.97,0.41,3.0,0.22,2.78
DeMarre Carroll,2018,1.27,-0.61,0.05,-0.65,1.25,-1.53,2.78
Yogi Ferrell,2018,0.28,-0.08,-0.5,-2.7,-0.01,-2.78,2.78
Ersan Ilyasova,2017,1.03,-0.77,0.34,-0.88,1.36,-1.4,2.76
Jaylen Brown,2023,3.45,-1.08,-0.12,-0.24,2.15,-0.61,2.76
Maurice Harkless,2017,-0.02,-0.79,2.34,0.06,2.17,-0.59,2.76
Shai Gilgeous-Alexander,2022,2.58,0.1,0.99,0.76,3.39,0.62,2.76
Isaiah Mobley,2023,0.81,-1.3,-0.11,-0.75,0.82,-1.93,2.76
Cory Joseph,2019,0.82,-0.71,-0.0,-1.36,0.87,-1.88,2.76
Marcus Smart,2017,0.77,-1.74,-0.23,-1.14,0.34,-2.4,2.75
Wesley Matthews,2020,0.51,-1.01,-0.26,-2.64,-0.04,-2.78,2.75
Jaylen Brown,2024,2.51,-0.71,1.02,-0.02,2.57,-0.17,2.75
Naji Marshall,2024,1.34,0.3,0.83,-1.34,1.93,-0.82,2.74
Josh Richardson,2019,1.58,-0.1,0.43,-1.18,1.86,-0.89,2.74
Kyle Anderson,2018,0.26,-2.15,0.13,-1.08,0.28,-2.46,2.74
Tyler Herro,2023,1.81,1.22,1.69,-0.32,3.22,0.48,2.74
Nicolas Batum,2021,0.19,-0.66,1.22,-0.94,1.18,-1.56,2.74
Luke Kennard,2022,1.26,0.29,0.48,-1.38,1.71,-1.02,2.73
Clint Capela,2019,1.76,-0.57,1.0,-0.34,1.95,-0.78,2.73
Wesley Matthews,2022,0.32,-0.79,0.93,-1.2,1.11,-1.62,2.73
Austin Reaves,2022,0.79,-0.35,0.39,-1.31,1.03,-1.7,2.73
Lonzo Ball,2021,1.94,-0.61,1.26,0.58,2.57,-0.16,2.73
Devin Harris,2017,0.84,-0.97,0.05,-1.08,0.87,-1.85,2.73
Al Horford,2017,1.35,-1.04,0.84,-0.11,1.55,-1.18,2.73
Harrison Barnes,2021,0.62,-1.0,1.02,-0.07,1.59,-1.13,2.73
Jose Alvarado,2023,0.64,-0.67,-0.22,-1.55,0.67,-2.05,2.72
Aaron Gordon,2019,1.6,-0.29,0.08,-1.07,1.29,-1.43,2.72
Rudy Gay,2022,0.47,-0.81,0.96,-0.79,1.37,-1.35,2.71
Ben Simmons,2021,0.3,-1.52,0.54,-0.96,0.84,-1.87,2.71
Goran Dragic,2020,1.63,1.6,1.39,-1.04,2.75,0.03,2.71
Jaylen Brown,2018,0.27,0.61,1.04,-1.58,1.28,-1.43,2.71
Nikola Vucevic,2018,0.82,-1.43,0.28,-0.41,1.04,-1.67,2.7
Jalen Williams,2024,1.6,-0.22,0.43,-1.39,1.56,-1.14,2.7
Aaron Gordon,2022,0.67,0.26,2.77,0.37,3.03,0.34,2.69
Brook Lopez,2021,0.84,-1.77,1.29,-0.05,1.65,-1.05,2.69
Alex Len,2024,-0.12,-0.85,0.97,-1.36,0.84,-1.85,2.69
Fred VanVleet,2019,1.4,0.01,1.16,-0.54,2.3,-0.39,2.69
Brandon Clarke,2022,0.79,-0.87,0.87,-0.82,1.39,-1.3,2.69
Mike Conley,2023,1.35,-1.33,2.04,1.19,3.16,0.48,2.69
Brandon Ingram,2023,3.13,0.8,0.64,-0.07,3.06,0.37,2.69
Al Horford,2022,0.44,-1.51,0.7,-1.22,0.76,-1.93,2.68
Thaddeus Young,2019,0.92,-1.28,1.19,-0.08,1.91,-0.77,2.68
Kyle Kuzma,2023,1.2,-1.1,0.11,-0.96,1.17,-1.51,2.68
CJ McCollum,2020,1.89,-0.71,1.83,1.35,3.44,0.76,2.68
Myles Turner,2022,0.04,-1.38,0.15,-1.04,0.42,-2.26,2.68
Jusuf Nurkic,2022,0.69,-0.92,-0.37,-1.33,0.27,-2.4,2.68
Brad Wanamaker,2019,0.94,-0.59,0.04,-0.96,1.16,-1.5,2.66
Bobby Portis,2022,1.43,-0.56,1.45,-0.12,2.23,-0.43,2.66
De'Andre Hunter,2021,0.15,-1.17,-0.31,-1.5,-0.09,-2.74,2.65
Mike Muscala,2021,1.0,-0.56,-0.73,-1.78,0.38,-2.27,2.65
Jakob Poeltl,2020,0.83,-0.44,2.23,0.52,2.87,0.21,2.65
Brandon Ingram,2021,2.46,0.6,1.58,0.49,3.34,0.69,2.65
Jordan Bell,2018,0.14,-0.26,1.42,-0.7,1.64,-1.01,2.65
Kent Bazemore,2018,1.25,-1.83,0.3,0.06,1.35,-1.29,2.65
Patrick Beverley,2022,0.94,-1.65,0.02,-0.76,0.71,-1.93,2.64
Patty Mills,2021,1.18,-0.05,-0.2,-1.77,0.95,-1.68,2.63
Kyle Lowry,2022,1.09,-0.5,0.4,-0.87,1.43,-1.2,2.63
Rondae Hollis-Jefferson,2019,1.03,-0.96,-0.43,-1.2,0.4,-2.23,2.63
Franz Wagner,2022,1.63,-0.61,0.42,-0.2,2.04,-0.58,2.62
Tyrese Maxey,2024,3.12,1.4,2.18,0.55,4.42,1.8,2.62
Kelly Olynyk,2019,0.67,-0.91,0.92,-0.43,1.68,-0.94,2.62
Cody Martin,2020,0.68,-1.24,0.09,-0.72,0.84,-1.78,2.62
Nic Claxton,2023,-0.59,-1.18,1.41,-0.99,1.02,-1.59,2.61
David Nwaba,2021,0.8,-1.04,-0.09,-0.78,0.9,-1.71,2.61
Alperen Sengun,2024,1.82,-0.48,0.16,-0.59,1.58,-1.04,2.61
Thaddeus Young,2017,0.76,-1.98,-0.19,-0.73,0.45,-2.16,2.61
Jabari Parker,2020,1.51,-0.45,1.59,0.99,2.98,0.38,2.61
Tyus Jones,2017,1.42,-1.18,1.01,0.52,2.19,-0.41,2.6
Boban Marjanovic,2020,0.99,-0.79,1.78,0.66,2.61,0.01,2.6
Jordan Poole,2022,1.61,0.76,1.21,-0.82,2.59,-0.01,2.6
Royce O'Neale,2024,1.16,-0.28,0.04,-1.57,0.97,-1.63,2.6
Bam Adebayo,2023,0.61,-0.35,0.77,-1.0,1.19,-1.4,2.6
P.J. Tucker,2018,0.0,0.0,1.95,-0.78,1.76,-0.84,2.6
Spencer Dinwiddie,2024,0.76,0.56,2.58,0.5,3.44,0.85,2.59
Rudy Gay,2018,1.0,-1.82,0.22,-0.14,1.1,-1.5,2.59
Aron Baynes,2017,-0.55,-0.58,-0.15,-1.9,-0.18,-2.77,2.59
Malcolm Brogdon,2017,1.56,0.25,1.49,-0.24,2.64,0.06,2.59
Evan Mobley,2023,0.36,-1.68,0.76,-0.91,0.7,-1.88,2.59
Otto Porter Jr.,2022,0.8,-1.39,0.06,-1.14,0.69,-1.89,2.58
Scottie Barnes,2023,0.96,-0.27,1.23,-0.52,1.98,-0.6,2.58
Damion Lee,2018,1.15,-0.86,-0.09,-0.63,1.18,-1.4,2.58
Nene,2019,-0.03,-1.35,0.21,-1.08,0.29,-2.29,2.58
Deni Avdija,2022,0.54,-1.01,0.13,-0.81,0.83,-1.74,2.58
Victor Oladipo,2020,0.9,-1.61,-0.35,-0.58,0.77,-1.81,2.58
Sam Hauser,2024,0.92,0.2,0.78,-1.48,1.48,-1.09,2.57
Mike Scott,2020,0.79,0.67,1.33,-1.15,2.11,-0.46,2.57
Luguentz Dort,2023,1.15,-0.77,1.2,-0.14,1.96,-0.6,2.56
George Hill,2021,1.24,-0.65,0.58,-0.08,1.75,-0.81,2.56
Trey Burke,2019,1.81,0.15,0.73,-0.12,2.46,-0.09,2.56
Domantas Sabonis,2022,1.0,-0.07,0.13,-1.22,0.99,-1.57,2.56
Michael Carter-Williams,2020,0.75,-1.37,1.11,0.35,1.92,-0.63,2.55
Isaiah Joe,2024,1.3,-0.55,0.4,-1.05,1.47,-1.08,2.55
Myles Turner,2017,0.08,-1.52,0.79,-0.63,0.8,-1.75,2.55
Goran Dragic,2017,2.64,-0.18,1.33,0.78,3.35,0.81,2.55
Dennis Smith Jr.,2024,1.27,-0.71,0.31,-0.61,1.52,-1.03,2.55
Kevin Love,2022,1.8,-1.24,-0.2,-0.48,1.24,-1.31,2.54
Trevor Ariza,2017,0.75,-1.21,1.32,0.25,1.37,-1.16,2.53
Matisse Thybulle,2022,-0.5,-2.12,-0.37,-1.64,-0.54,-3.07,2.53
Tomas Satoransky,2018,1.3,-0.28,0.25,-0.53,1.56,-0.97,2.53
Mamadi Diakite,2021,0.27,-1.69,-0.01,-0.55,0.37,-2.16,2.53
Furkan Korkmaz,2021,1.29,-0.32,0.24,-1.0,1.56,-0.96,2.53
Robert Williams III,2020,1.45,-0.65,1.11,0.21,2.28,-0.24,2.52
Gorgui Dieng,2017,-0.58,-1.22,0.25,-1.31,-0.08,-2.6,2.52
Skylar Mays,2021,1.77,-0.39,0.07,-0.39,1.85,-0.67,2.51
Robert Covington,2017,0.26,-1.0,-1.1,-2.4,-0.59,-3.1,2.51
Kawhi Leonard,2018,1.76,-0.53,-0.61,-0.97,1.02,-1.48,2.51
Jae Crowder,2022,-0.19,-0.37,0.96,-1.26,0.97,-1.54,2.51
Chris Boucher,2021,1.0,-0.34,1.87,0.46,2.78,0.28,2.51
Cameron Payne,2022,1.03,-0.1,-0.39,-1.77,0.68,-1.83,2.5
Dyson Daniels,2024,0.87,-1.38,1.07,0.22,1.89,-0.61,2.5
Robert Williams III,2023,1.02,-0.42,0.14,-1.38,0.82,-1.68,2.5
Dāvis Bertāns,2018,0.83,-0.77,-0.17,-1.14,0.7,-1.8,2.5
Trae Young,2020,3.8,2.11,2.62,2.38,5.86,3.37,2.49
Royce O'Neale,2020,0.3,-0.58,1.37,-0.13,1.82,-0.67,2.49
Kevon Looney,2022,1.37,-0.78,1.39,0.21,2.24,-0.25,2.49
Jalen Suggs,2024,1.5,-1.46,0.43,-0.08,1.55,-0.94,2.49
Kevin Huerter,2023,1.98,0.78,1.96,0.68,3.46,0.98,2.48
Terance Mann,2022,0.31,-0.09,0.37,-1.4,1.1,-1.38,2.48
Joe Ingles,2017,0.97,-0.76,1.23,0.15,2.04,-0.44,2.48
Clint Capela,2023,1.05,-1.1,1.05,0.48,1.75,-0.73,2.48
Omri Casspi,2019,0.04,-1.33,0.21,-1.07,0.38,-2.1,2.48
Garrett Temple,2021,0.05,-0.27,1.12,-0.71,1.4,-1.09,2.48
Gary Harris,2017,1.9,0.09,2.89,2.05,4.38,1.9,2.48
Andre Roberson,2017,-0.48,-1.56,0.54,-0.9,0.11,-2.36,2.48
Chris Paul,2024,1.5,-0.07,0.02,-1.19,1.31,-1.16,2.48
Andre Drummond,2021,1.28,-1.22,0.49,0.38,1.71,-0.76,2.47
Dejounte Murray,2018,0.44,-0.43,-0.79,-2.81,-0.33,-2.81,2.47
Derrick Rose,2021,2.13,-0.96,-1.43,-1.37,0.5,-1.97,2.47
Aleksej Pokusevski,2022,0.65,-0.5,-0.18,-1.41,0.69,-1.78,2.47
Ben Simmons,2020,0.93,-1.53,-0.53,-0.83,0.53,-1.94,2.47
Lucas Nogueira,2017,-0.41,-1.13,0.59,-1.25,0.19,-2.28,2.47
Dorian Finney-Smith,2021,0.8,-0.45,1.58,0.3,2.16,-0.3,2.46
JJ Redick,2017,2.14,1.31,2.41,0.43,3.87,1.41,2.46
Shane Larkin,2018,1.14,-0.96,-1.11,-1.62,0.13,-2.34,2.46
Jonas Valanciunas,2021,0.71,-0.65,0.9,-0.35,1.6,-0.86,2.46
Al-Farouq Aminu,2017,-0.28,-1.45,-0.08,-1.63,-0.24,-2.7,2.46
Joe Ingles,2024,1.06,-0.21,1.4,-0.1,2.44,-0.01,2.46
Goga Bitadze,2023,1.29,-0.76,-0.42,-1.07,0.81,-1.65,2.46
JaKarr Sampson,2018,0.64,-0.71,-0.4,-1.52,0.22,-2.23,2.45
Moses Brown,2023,1.18,-0.46,0.53,-0.3,1.75,-0.71,2.45
Dereck Lively II,2024,1.01,0.25,2.43,0.65,2.98,0.52,2.45
Luc Mbah a Moute,2017,0.15,-0.96,0.19,-1.43,0.19,-2.26,2.45
Jeremy Lin,2017,2.24,-0.92,-0.25,-0.07,1.68,-0.76,2.45
Jarrett Allen,2020,0.75,-1.49,0.48,0.04,0.81,-1.63,2.44
Bradley Beal,2020,3.98,1.08,2.22,2.84,5.36,2.92,2.43
Jaden McDaniels,2023,0.87,-0.09,0.98,-0.63,1.88,-0.54,2.43
Dejounte Murray,2021,0.0,0.0,1.14,-0.9,1.42,-1.01,2.43
Luke Kornet,2022,1.32,-0.76,0.41,0.06,1.78,-0.65,2.42
J.J. Barea,2018,2.81,0.47,1.19,0.67,3.42,1.0,2.42
Ryan Anderson,2017,1.15,0.98,2.0,-0.34,2.65,0.24,2.42
Dwight Powell,2018,0.16,-0.92,0.55,-0.79,0.71,-1.7,2.41
Lou Williams,2019,2.78,1.87,2.24,0.89,4.45,2.04,2.41
Paul George,2018,1.88,-1.34,0.07,-0.19,1.32,-1.09,2.41
Steven Adams,2020,1.55,-1.42,0.12,-0.3,1.0,-1.4,2.41
Dennis Smith Jr.,2023,0.29,-1.37,-2.44,-3.17,-1.68,-4.08,2.41
DeMarcus Cousins,2018,1.45,-1.66,0.43,0.42,1.63,-0.77,2.4
Miles Bridges,2021,1.05,0.25,1.0,-0.62,1.83,-0.57,2.4
Jordan McLaughlin,2022,0.54,-1.68,0.55,-0.0,1.16,-1.24,2.4
Marcus Smart,2021,1.05,-1.7,0.23,0.02,1.15,-1.25,2.39
Zach LaVine,2023,2.23,0.41,0.36,-0.46,2.29,-0.11,2.39
James Johnson,2017,0.6,-1.86,-0.3,-1.43,0.02,-2.37,2.39
Andre Drummond,2023,0.17,-2.07,-0.51,-1.2,-0.1,-2.48,2.38
Jarred Vanderbilt,2024,0.01,-1.38,-0.05,-1.18,0.15,-2.22,2.38
Tyler Herro,2022,1.9,1.13,1.42,-0.29,2.97,0.6,2.38
Rodney McGruder,2021,1.6,-0.59,0.55,0.36,2.14,-0.23,2.37
Andre Drummond,2018,1.69,-2.17,0.39,0.88,1.51,-0.86,2.37
Jason Terry,2017,0.8,-0.51,0.31,-1.06,1.0,-1.37,2.37
Ekpe Udoh,2018,0.41,-1.46,-0.16,-1.14,0.18,-2.19,2.37
Sam Merrill,2024,2.43,-0.94,-0.48,-0.2,1.63,-0.73,2.37
Dion Waiters,2017,1.82,0.09,0.51,-0.41,2.08,-0.29,2.37
Dewayne Dedmon,2017,-0.42,-1.98,-0.59,-1.92,-0.69,-3.05,2.36
Bogdan Bogdanovic,2021,2.06,-0.62,0.45,0.39,2.19,-0.17,2.36
Cameron Payne,2023,1.48,-0.66,0.79,0.29,2.02,-0.34,2.36
Joe Ingles,2021,1.16,0.38,1.77,-0.34,2.5,0.14,2.36
Al Horford,2023,1.07,-1.43,1.29,-0.08,1.53,-0.83,2.36
Jrue Holiday,2024,1.38,-0.3,1.18,-0.51,1.75,-0.6,2.36
Ish Smith,2021,1.01,-0.72,-0.18,-0.72,0.95,-1.41,2.36
Boban Marjanovic,2018,0.6,-0.54,0.89,-0.39,1.48,-0.87,2.36
Jeremy Lamb,2018,1.88,0.83,1.12,0.09,2.71,0.36,2.35
Markieff Morris,2017,0.2,-0.59,0.6,-0.59,0.88,-1.48,2.35
Derrick Rose,2020,2.33,-0.0,0.97,0.63,2.92,0.57,2.35
Brook Lopez,2024,0.68,-0.78,0.06,-1.08,0.46,-1.89,2.35
LaMarcus Aldridge,2019,1.3,-0.6,1.26,0.79,2.33,-0.01,2.35
Dario Saric,2021,0.28,0.41,1.12,-1.33,1.33,-1.02,2.34
Day'Ron Sharpe,2022,0.3,-0.4,0.9,-0.54,1.28,-1.06,2.34
Joe Ingles,2018,1.37,-0.0,0.8,-0.36,1.99,-0.34,2.33
Joakim Noah,2019,-0.17,-1.6,-0.42,-1.44,-0.41,-2.75,2.33
Jamal Murray,2024,2.73,0.94,2.02,0.67,3.86,1.53,2.33
Tyus Jones,2022,1.55,0.31,0.39,-1.29,1.71,-0.62,2.33
Trae Young,2021,3.5,2.64,2.14,1.03,4.96,2.63,2.33
PJ Dozier,2021,0.43,-0.35,-0.5,-2.0,0.07,-2.26,2.33
Nickeil Alexander-Walker,2024,0.37,-0.38,0.76,-1.2,1.28,-1.05,2.33
LaMelo Ball,2022,3.17,0.2,1.5,1.21,3.69,1.36,2.33
James Harden,2022,1.36,0.76,2.35,0.64,3.56,1.23,2.33
Ryan Broekhoff,2019,0.79,-0.21,0.71,-0.67,1.55,-0.77,2.33
Jarred Vanderbilt,2022,0.06,-1.52,1.26,-0.13,1.15,-1.17,2.32
Jordan Nwora,2021,1.1,-0.66,0.09,-0.54,1.31,-1.02,2.32
Devin Harris,2018,0.45,-0.72,1.13,-0.28,1.54,-0.78,2.32
Malcolm Brogdon,2024,1.81,0.75,0.76,-0.17,2.43,0.11,2.32
Cedi Osman,2023,1.12,0.29,1.0,-0.57,2.24,-0.08,2.32
Will Barton,2020,1.67,0.56,0.29,-1.35,1.48,-0.84,2.32
Clint Capela,2024,0.94,-0.68,0.16,-0.83,0.74,-1.57,2.32
Eric Bledsoe,2020,1.42,-0.82,0.79,-0.67,1.69,-0.62,2.32
Lou Williams,2018,1.85,0.79,3.28,1.95,4.82,2.51,2.31
Marcus Smart,2018,0.59,-0.63,-0.34,-1.65,0.11,-2.2,2.31
Derrick White,2020,1.57,-0.79,-0.2,-0.65,1.01,-1.3,2.31
Ricky Rubio,2019,0.82,-0.49,0.69,-0.69,1.3,-1.01,2.3
JJ Redick,2019,1.29,0.77,0.59,-1.68,1.53,-0.77,2.3
Coby White,2023,0.88,-0.27,1.27,-0.14,2.33,0.03,2.3
Lindy Waters III,2023,0.88,0.05,0.51,-1.13,1.33,-0.97,2.3
Tarik Black,2017,0.35,-0.24,-0.14,-1.42,0.35,-1.94,2.29
Aaron Gordon,2021,0.94,0.7,1.13,-0.7,1.92,-0.37,2.29
J.J. Barea,2017,1.82,-0.24,-0.13,-0.66,1.46,-0.83,2.29
David Lee,2017,-0.21,-0.61,1.34,-0.99,1.26,-1.03,2.29
Josh Okogie,2019,0.41,-1.52,0.6,-0.09,1.24,-1.06,2.29
RJ Barrett,2021,1.46,-0.83,-0.29,-0.78,1.02,-1.27,2.29
Pau Gasol,2017,1.34,-1.19,0.79,-0.24,1.55,-0.73,2.28
Javonte Green,2022,0.14,-0.68,1.54,0.08,1.7,-0.58,2.28
Isaiah Canaan,2018,0.96,0.18,0.96,-0.39,1.96,-0.32,2.28
Kristaps Porzingis,2022,1.64,-1.6,-0.24,-0.0,1.0,-1.28,2.28
Cory Joseph,2020,0.62,-0.68,-0.42,-1.17,0.53,-1.74,2.28
Deandre Ayton,2022,0.42,-0.28,1.59,0.11,2.06,-0.22,2.28
Gordon Hayward,2019,0.62,-0.64,1.19,-0.03,1.94,-0.34,2.28
Eric Gordon,2017,1.07,0.58,0.77,-0.87,1.58,-0.7,2.28
Michael Porter Jr.,2020,1.87,0.7,1.68,0.47,3.27,1.0,2.27
Jordan McLaughlin,2020,1.38,-2.1,-0.26,0.48,1.1,-1.17,2.27
Tony Bradley,2022,-0.65,-1.24,0.71,-1.05,0.24,-2.03,2.27
Lonzo Ball,2018,0.83,-1.18,-0.84,-1.5,-0.05,-2.32,2.27
Aaron Gordon,2017,0.43,0.06,1.78,0.38,2.45,0.18,2.27
Spencer Dinwiddie,2023,2.36,-0.43,-0.02,-0.03,1.96,-0.3,2.26
Deni Avdija,2024,0.91,0.51,0.45,-0.81,1.51,-0.75,2.26
Damian Lillard,2022,2.53,1.33,1.16,0.46,3.46,1.21,2.25
Markelle Fultz,2018,1.26,-0.67,-0.46,-0.95,0.74,-1.51,2.25
Donovan Mitchell,2020,2.86,1.18,1.31,0.74,3.7,1.45,2.25
Ish Smith,2019,0.67,-0.45,1.57,0.25,2.19,-0.05,2.24
Jonas Valanciunas,2019,1.37,-1.2,0.19,-0.09,1.17,-1.07,2.24
Tomas Satoransky,2019,1.47,-0.23,0.35,-0.56,1.48,-0.76,2.24
Frank Jackson,2021,1.54,0.06,0.22,-0.44,1.83,-0.41,2.24
Payton Pritchard,2024,1.44,0.95,2.55,0.36,3.69,1.45,2.24
Jodie Meeks,2017,1.13,-1.25,1.02,1.1,2.25,0.02,2.23
David West,2017,0.36,-1.33,-0.31,-0.92,0.24,-1.99,2.23
Svi Mykhailiuk,2023,1.88,0.79,0.38,-0.6,2.36,0.13,2.23
Max Strus,2024,1.02,-0.37,0.8,-1.11,1.41,-0.82,2.23
Kevon Looney,2018,0.28,-0.72,0.91,-0.37,1.25,-0.98,2.22
Ryan Arcidiacono,2019,0.98,-0.77,0.35,0.36,1.64,-0.59,2.22
John Collins,2021,1.4,0.91,1.6,0.28,2.67,0.45,2.22
Darren Collison,2019,1.68,-1.48,0.52,0.52,1.93,-0.29,2.22
Montrezl Harrell,2018,1.3,-0.85,0.9,0.32,1.92,-0.3,2.22
P.J. Tucker,2020,0.71,-1.1,0.83,-0.41,0.94,-1.27,2.22
Tyus Jones,2019,1.08,-1.05,0.32,-0.34,1.29,-0.93,2.22
Fred VanVleet,2017,1.27,-0.39,-0.78,-1.38,0.47,-1.74,2.21
Luke Kennard,2023,0.81,0.86,1.52,-0.57,2.32,0.11,2.21
Larry Nance Jr.,2018,0.85,-0.53,-0.57,-1.83,-0.01,-2.22,2.21
Caris LeVert,2020,2.35,0.62,1.46,0.87,3.34,1.13,2.21
Isaiah Hartenstein,2022,0.56,0.5,1.75,-0.38,2.31,0.1,2.21
Spencer Dinwiddie,2020,2.27,0.95,1.17,0.44,3.17,0.97,2.21
D'Angelo Russell,2019,2.94,1.22,0.1,-0.34,2.48,0.28,2.2
Marcus Morris Sr.,2020,1.38,1.04,1.65,-0.26,2.51,0.32,2.19
De'Aaron Fox,2021,3.07,-0.52,0.6,1.77,3.32,1.14,2.19
Draymond Green,2020,0.73,-1.83,-1.45,-1.26,-0.58,-2.77,2.19
Isaiah Hartenstein,2023,1.36,-0.87,0.71,-0.31,1.53,-0.66,2.19
Dwight Powell,2019,1.29,0.01,2.1,1.14,3.25,1.07,2.19
Steven Adams,2017,0.15,-0.31,1.33,-0.41,1.31,-0.87,2.18
Nikola Mirotic,2019,1.29,-0.49,0.85,0.26,1.78,-0.4,2.18
Jeremy Lamb,2019,1.91,0.98,0.57,-0.81,1.79,-0.39,2.18
Rudy Gay,2023,0.55,-0.55,-0.04,-1.24,0.55,-1.63,2.18
Landry Shamet,2023,1.23,-0.39,-0.65,-1.34,0.65,-1.53,2.18
Jeremy Lamb,2021,1.75,-0.9,0.89,1.14,2.6,0.42,2.17
Isaiah Hartenstein,2019,-0.43,-1.8,0.35,-0.46,0.01,-2.16,2.17
Lonzo Ball,2020,1.36,-1.11,-0.08,-0.55,0.85,-1.31,2.16
Thabo Sefolosha,2017,0.83,-1.43,-0.18,-0.72,0.5,-1.66,2.16
Evan Mobley,2022,0.34,-2.16,-1.36,-1.53,-0.96,-3.12,2.16
Jordan Clarkson,2020,2.42,1.21,1.59,0.82,3.43,1.27,2.16
Myles Turner,2023,0.56,-0.71,0.97,-0.15,1.3,-0.85,2.15
Jevon Carter,2020,0.98,-1.58,-0.74,-0.84,0.26,-1.89,2.15
Trevelin Queen,2023,1.06,-0.86,-0.12,-0.38,0.96,-1.2,2.15
Harrison Barnes,2023,0.58,0.74,1.55,-0.53,1.85,-0.3,2.15
Enes Freedom,2021,0.0,0.0,2.19,0.4,2.05,-0.1,2.15
Larry Nance Jr.,2021,0.71,-2.31,-1.85,-1.36,-1.11,-3.25,2.14
Chris Duarte,2022,1.51,-0.59,-0.9,-1.15,0.46,-1.69,2.14
Monte Morris,2021,0.95,-0.49,0.76,-0.3,1.45,-0.69,2.14
Devin Booker,2019,3.43,1.36,1.39,1.46,4.15,2.01,2.14
Kyle Anderson,2021,1.05,-1.72,-1.06,-0.8,-0.0,-2.14,2.14
Robert Covington,2023,1.26,-1.06,-0.45,-0.6,0.75,-1.39,2.14
Monte Morris,2019,1.75,0.12,-0.07,-0.83,1.32,-0.82,2.14
Matisse Thybulle,2020,0.44,-2.24,-0.15,-0.36,0.37,-1.77,2.14
Frank Ntilikina,2022,0.34,-0.94,-0.47,-1.26,0.14,-2.0,2.13
Royce O'Neale,2021,0.5,0.04,1.66,-0.45,1.56,-0.57,2.13
John Konchar,2021,0.96,-1.51,0.37,0.57,1.48,-0.65,2.13
Darren Collison,2017,1.85,-0.25,0.95,0.65,2.43,0.3,2.12
CJ McCollum,2021,2.85,1.25,1.17,0.35,3.48,1.36,2.12
Raul Neto,2021,1.15,-2.83,-1.0,0.24,0.27,-1.85,2.12
Jordan Goodwin,2024,1.93,-0.54,-1.25,-1.12,0.81,-1.3,2.11
Dennis Smith Jr.,2021,1.13,-0.96,-0.55,-0.43,0.69,-1.42,2.1
Isaiah Hartenstein,2021,0.71,-0.45,0.15,-0.61,1.02,-1.08,2.1
Andre Drummond,2020,1.39,-2.72,-0.71,0.63,0.44,-1.66,2.1
Willie Cauley-Stein,2019,0.42,-0.35,0.83,-0.26,1.21,-0.88,2.09
Josh Hart,2019,0.49,-0.49,-1.07,-2.16,-0.49,-2.58,2.09
Reggie Jackson,2020,1.69,1.18,1.45,-0.03,2.83,0.74,2.08
Mitchell Robinson,2020,1.02,-0.69,0.07,-0.1,1.15,-0.93,2.08
Nic Claxton,2021,0.0,0.0,0.25,-1.57,0.4,-1.67,2.07
Tony Bradley,2020,1.81,-0.2,0.56,0.45,1.92,-0.15,2.07
Greg Monroe,2017,0.8,-0.37,1.9,0.59,2.43,0.37,2.07
Royce O'Neale,2022,0.86,-1.35,0.81,-0.09,0.9,-1.16,2.06
Josh Huestis,2018,-0.37,-0.46,0.96,-0.94,0.81,-1.25,2.06
Toumani Camara,2024,-0.32,-0.96,-0.99,-2.01,-0.91,-2.97,2.06
Dario Saric,2018,1.49,-0.15,1.03,-0.2,2.08,0.03,2.06
John Henson,2019,0.67,-2.3,-0.45,0.26,0.2,-1.85,2.06
D'Angelo Russell,2022,1.49,0.74,1.49,0.04,2.58,0.52,2.06
Danilo Gallinari,2020,2.02,0.51,2.47,1.52,3.79,1.74,2.05
Ersan Ilyasova,2018,0.35,-0.96,0.74,-0.57,0.99,-1.07,2.05
Jose Calderon,2018,1.35,-0.43,0.54,-0.22,1.54,-0.51,2.05
Maxi Kleber,2021,0.5,-0.06,0.42,-1.08,0.72,-1.32,2.05
Montrezl Harrell,2019,0.43,-0.93,0.98,0.38,1.26,-0.79,2.05
Justin Holiday,2018,0.42,0.81,0.47,-0.98,1.09,-0.95,2.04
DeMarcus Cousins,2022,0.28,-0.68,1.37,0.63,1.89,-0.15,2.04
OG Anunoby,2018,0.0,0.0,0.86,-1.31,0.9,-1.14,2.04
Goran Dragic,2018,1.98,-0.83,0.51,0.36,2.13,0.08,2.04
Kira Lewis Jr.,2021,0.3,-0.74,0.4,-0.58,0.85,-1.19,2.04
Alan Williams,2017,0.95,-1.03,0.05,-0.32,0.84,-1.19,2.04
Tobias Harris,2021,1.78,0.32,0.38,-0.78,1.97,-0.06,2.03
Corey Brewer,2019,0.83,-1.61,-0.34,-0.35,0.42,-1.61,2.03
Chris Boucher,2020,0.69,-1.09,0.41,-0.26,1.15,-0.88,2.03
Jared Dudley,2018,0.0,0.0,1.08,-0.73,1.17,-0.86,2.03
Delon Wright,2020,1.25,-1.93,-0.11,0.13,0.99,-1.03,2.02
Dwight Powell,2021,0.13,-0.3,0.04,-1.57,0.19,-1.84,2.02
Caris LeVert,2021,2.38,0.31,0.02,0.02,2.24,0.22,2.02
Kenrich Williams,2024,0.92,-0.05,0.5,-0.82,1.43,-0.6,2.02
Khem Birch,2018,0.66,-0.68,0.31,-0.43,0.95,-1.07,2.02
Kris Dunn,2020,0.7,-0.74,-1.21,-2.02,-0.6,-2.62,2.02
David Nwaba,2019,0.52,-0.48,0.9,0.19,1.55,-0.47,2.01
Jarace Walker,2024,1.47,-0.07,0.72,0.16,2.18,0.17,2.01
Khem Birch,2019,0.8,-0.86,0.23,-0.02,1.03,-0.98,2.01
De'Anthony Melton,2023,1.6,-1.66,0.16,0.39,1.31,-0.69,2.0
Maxi Kleber,2024,-0.1,-0.93,0.52,-0.8,0.35,-1.65,2.0
Ricky Rubio,2017,0.67,-0.9,0.44,0.3,1.12,-0.88,2.0
Aaron Gordon,2024,1.28,-0.14,0.08,-1.15,0.63,-1.36,1.99
Aron Baynes,2018,-0.53,-0.44,-0.82,-2.42,-1.0,-2.99,1.99
Tobias Harris,2020,1.07,0.62,1.17,-0.39,2.22,0.22,1.99
D'Angelo Russell,2024,1.77,1.07,1.37,-0.01,2.72,0.73,1.99
Aaron Holiday,2020,0.94,-0.09,0.97,0.14,2.11,0.12,1.99
Devin Booker,2017,0.47,0.59,1.32,0.33,2.28,0.3,1.98
Brook Lopez,2017,1.41,-0.74,0.25,0.36,1.55,-0.43,1.98
Langston Galloway,2018,1.06,-0.13,-0.76,-1.82,0.25,-1.73,1.98
Karl-Anthony Towns,2024,0.9,1.42,1.67,-0.47,2.6,0.62,1.98
Maxi Kleber,2022,-0.05,-1.35,-0.5,-1.43,-0.52,-2.49,1.98
Caris LeVert,2024,1.52,-0.34,0.23,-0.62,1.44,-0.54,1.98
Ersan Ilyasova,2019,0.2,-0.32,0.46,-1.08,0.69,-1.29,1.98
Klay Thompson,2018,1.21,1.47,1.61,-1.03,2.26,0.29,1.98
Khris Middleton,2022,2.25,0.33,1.19,0.11,2.55,0.57,1.97
Delon Wright,2017,1.29,-0.07,-0.34,-1.03,0.88,-1.1,1.97
Luguentz Dort,2021,0.85,-0.25,0.31,-0.13,1.21,-0.76,1.97
Mike Scott,2017,1.82,-1.16,-0.81,0.03,0.98,-0.99,1.97
Nicolas Batum,2024,0.55,-0.82,1.2,-0.07,1.49,-0.48,1.97
Dwight Powell,2020,-0.34,-0.35,1.37,-0.44,1.12,-0.85,1.97
Trey Lyles,2024,1.09,0.83,1.49,-0.56,2.4,0.43,1.97
Bam Adebayo,2024,1.02,-1.54,-1.45,-1.41,-0.62,-2.58,1.96
Danny Green,2018,1.08,-1.14,0.15,-0.5,0.91,-1.05,1.96
Hamidou Diallo,2023,0.01,0.08,0.13,-1.6,0.49,-1.47,1.96
Aaron Wiggins,2024,1.33,-0.5,0.47,-0.15,1.8,-0.16,1.96
Dwight Buycks,2018,1.18,-0.47,-0.47,-0.96,0.7,-1.26,1.96
Spencer Dinwiddie,2018,1.26,0.11,1.17,0.66,2.4,0.44,1.96
Onyeka Okongwu,2022,0.59,-0.17,0.6,-0.55,1.06,-0.9,1.96
Reggie Jackson,2018,1.59,0.61,0.93,-0.09,2.37,0.42,1.95
Zaza Pachulia,2017,0.01,-0.65,0.9,-1.02,0.59,-1.37,1.95
Braxton Key,2022,0.25,-0.89,0.25,-0.51,0.58,-1.37,1.95
Otto Porter Jr.,2017,1.17,0.34,0.55,-0.27,1.52,-0.43,1.95
Luke Kennard,2018,0.8,0.07,0.85,-0.69,1.51,-0.44,1.95
Devonte' Graham,2020,1.83,0.68,1.18,0.61,2.71,0.76,1.95
Taj Gibson,2021,0.41,-1.16,0.48,-0.58,0.68,-1.27,1.95
Jared Dudley,2017,0.66,-0.47,-0.67,-1.37,-0.0,-1.95,1.95
Keldon Johnson,2022,1.14,-0.07,1.16,0.05,1.96,0.02,1.94
Kristaps Porzingis,2017,0.64,-0.9,-0.27,-0.62,0.41,-1.53,1.94
Ed Davis,2018,-0.12,-1.52,0.48,-0.46,0.54,-1.4,1.94
Naz Reid,2024,1.12,-0.22,-0.48,-1.68,0.53,-1.41,1.94
Sam Hauser,2023,0.93,0.48,0.56,-1.08,1.45,-0.48,1.94
Kristaps Porzingis,2021,1.75,-0.43,0.83,0.74,2.1,0.17,1.94
Al Horford,2024,0.53,0.19,1.36,-0.64,1.52,-0.41,1.93
Jordan McLaughlin,2023,0.0,0.0,0.02,-1.59,0.44,-1.49,1.93
Malik Monk,2022,1.39,1.13,2.33,1.03,3.47,1.53,1.93
Chris Boucher,2024,0.4,0.35,1.42,-0.24,1.93,0.0,1.93
Derrick Jones Jr.,2017,0.2,0.02,0.89,-0.8,1.19,-0.74,1.93
Bogdan Bogdanovic,2020,2.12,0.42,0.34,0.2,2.11,0.19,1.92
Jevon Carter,2024,0.64,-0.39,-0.67,-1.88,0.06,-1.86,1.92
Domantas Sabonis,2023,0.48,-0.67,1.73,0.74,1.73,-0.19,1.92
Zach LaVine,2022,2.31,0.56,1.35,0.92,3.15,1.23,1.92
Jerami Grant,2021,1.14,0.17,-0.13,-0.64,1.15,-0.76,1.92
Cameron Johnson,2021,0.85,-0.05,0.43,-0.55,1.22,-0.69,1.91
Monte Morris,2023,1.5,-0.24,2.01,1.48,3.26,1.35,1.91
Bogdan Bogdanovic,2023,1.57,0.46,1.92,1.12,3.24,1.33,1.91
Andre Iguodala,2020,-0.17,-1.79,-0.22,-0.49,-0.21,-2.12,1.91
Kentavious Caldwell-Pope,2018,1.13,0.3,0.95,-0.14,1.98,0.09,1.89
De'Aaron Fox,2022,2.65,1.02,1.23,1.41,3.57,1.68,1.89
Justise Winslow,2018,0.67,-1.13,-0.68,-1.39,-0.18,-2.07,1.89
Ish Smith,2018,1.25,-0.2,0.58,-0.3,1.65,-0.23,1.89
Terry Rozier,2022,2.14,0.27,0.69,0.1,2.21,0.32,1.89
Dāvis Bertāns,2021,0.82,-0.42,1.24,0.35,2.07,0.19,1.89
Gary Payton II,2023,0.55,-0.99,1.38,0.84,1.82,-0.07,1.88
Will Barton,2018,1.94,0.12,0.89,0.21,2.1,0.22,1.88
Cameron Payne,2018,2.46,-0.41,-0.32,0.59,1.93,0.05,1.88
Bojan Bogdanovic,2021,1.31,0.12,1.17,-0.07,1.84,-0.04,1.88
Kelan Martin,2021,1.03,-0.18,0.13,-0.49,1.22,-0.65,1.88
Wesley Matthews,2019,1.35,-0.13,0.29,0.15,1.68,-0.19,1.87
Quinn Cook,2021,1.55,-0.32,-0.19,-0.2,1.43,-0.44,1.87
Victor Oladipo,2021,1.66,-1.24,-1.0,-0.38,0.5,-1.36,1.86
Kevin Love,2018,1.8,0.27,1.55,0.72,2.66,0.79,1.86
Pat Connaughton,2021,0.83,0.29,0.69,-0.8,1.45,-0.41,1.86
Buddy Hield,2022,1.82,0.87,1.51,1.22,3.17,1.32,1.85
Royce O'Neale,2019,0.19,-0.6,-0.4,-1.59,-0.02,-1.87,1.85
Jusuf Nurkic,2018,0.17,-1.01,-0.44,-1.78,-0.68,-2.53,1.85
Goga Bitadze,2022,0.98,-0.18,1.38,0.86,2.29,0.44,1.85
Bradley Beal,2022,2.46,1.59,-0.66,-1.25,1.44,-0.41,1.85
Derrick Favors,2019,0.72,-1.45,-0.66,-0.73,0.09,-1.76,1.85
Alec Burks,2020,2.05,-1.31,-1.31,-0.6,0.43,-1.42,1.85
Miles McBride,2022,0.0,0.0,0.89,-0.79,1.11,-0.74,1.84
Julius Randle,2020,0.59,-0.86,-0.84,-0.24,0.19,-1.65,1.84
Ante Zizic,2019,-0.34,0.31,0.44,-1.38,0.39,-1.45,1.84
Jabari Parker,2017,1.19,-1.13,0.45,0.91,1.74,-0.1,1.84
Matthew Dellavedova,2020,0.0,0.0,-0.54,-1.91,-0.26,-2.09,1.83
Jarrett Allen,2024,0.76,-1.15,1.31,0.3,1.59,-0.24,1.83
Zaza Pachulia,2018,-0.0,-0.43,1.73,0.23,1.55,-0.27,1.82
Dwight Powell,2023,-0.35,0.67,2.23,-0.14,1.9,0.08,1.82
Caris LeVert,2017,0.68,-0.88,0.9,0.22,1.55,-0.28,1.82
Trey Murphy III,2024,0.88,0.0,0.53,-0.86,1.22,-0.6,1.82
Clint Capela,2018,0.68,-1.5,0.79,-0.05,0.74,-1.07,1.81
Bojan Bogdanovic,2019,1.37,0.3,0.53,-0.76,1.67,-0.14,1.81
Justise Winslow,2020,0.26,-0.57,-0.24,-1.04,0.11,-1.7,1.81
Cody Martin,2022,1.63,-1.73,0.79,1.15,1.93,0.13,1.81
Kyle Lowry,2023,0.75,-0.33,-0.13,-0.87,0.61,-1.19,1.81
Aaron Holiday,2019,0.56,0.17,0.46,-0.66,1.25,-0.55,1.8
Justin Holiday,2020,0.86,-0.53,-0.14,-0.61,0.82,-0.98,1.8
Caleb Martin,2020,0.64,-0.65,-0.31,-0.82,0.42,-1.38,1.8
Onyeka Okongwu,2023,-0.07,-0.33,0.64,-0.47,0.78,-1.02,1.8
Jamal Murray,2017,1.18,0.08,0.74,-0.19,1.75,-0.04,1.8
Mark Williams,2024,0.69,0.41,0.81,-0.45,1.54,-0.25,1.8
Khem Birch,2021,1.26,-0.94,-1.1,-0.69,0.37,-1.42,1.8
Nicolas Batum,2017,0.49,-0.9,1.0,0.26,1.45,-0.35,1.79
Bam Adebayo,2019,-0.3,-0.94,-0.25,-1.18,-0.19,-1.99,1.79
MarShon Brooks,2019,1.05,-0.75,-0.36,-0.52,0.68,-1.11,1.79
DaQuan Jeffries,2021,0.32,-0.59,0.52,-0.35,0.92,-0.87,1.79
Josh Minott,2023,0.12,-1.18,0.37,-0.07,0.6,-1.19,1.79
Wendell Carter Jr.,2023,0.37,-0.58,-0.6,-1.36,-0.26,-2.05,1.79
Gary Harris,2019,1.4,0.68,-0.03,-1.53,0.89,-0.89,1.79
DeMarcus Cousins,2019,0.64,-2.0,-0.58,-0.37,-0.01,-1.79,1.79
Andrew Bogut,2018,1.1,-1.27,-0.89,-0.4,0.18,-1.61,1.79
Rodney McGruder,2022,1.3,0.02,-0.21,-0.7,1.12,-0.67,1.78
Isaiah Whitehead,2017,-0.18,-0.59,0.56,-0.38,0.94,-0.84,1.78
LaMarcus Aldridge,2020,1.34,-0.61,0.08,0.07,1.16,-0.62,1.78
Jeff Teague,2018,1.17,-0.79,0.74,1.03,1.76,-0.02,1.78
Nemanja Bjelica,2017,0.39,-0.66,-0.5,-1.3,-0.01,-1.79,1.78
Kyle Kuzma,2019,0.92,-0.61,1.04,0.39,1.7,-0.08,1.77
Evan Fournier,2017,1.94,-0.41,-0.69,-0.08,1.09,-0.68,1.77
Thabo Sefolosha,2019,0.0,0.0,0.48,-1.12,0.63,-1.15,1.77
Justin Holiday,2017,1.15,-0.41,-0.49,-1.05,0.41,-1.37,1.77
Jakob Poeltl,2023,1.17,-0.39,0.4,-0.04,1.3,-0.47,1.77
DeMarre Carroll,2017,0.77,-0.32,0.61,-0.23,1.03,-0.74,1.77
Keegan Murray,2024,1.28,0.27,0.63,-0.46,1.54,-0.22,1.77
Patty Mills,2018,1.69,-0.2,1.31,0.55,2.49,0.73,1.76
Pascal Siakam,2024,1.94,1.03,1.32,0.58,2.83,1.07,1.76
Clint Capela,2017,-0.03,-0.94,1.13,-0.07,0.93,-0.83,1.76
Bradley Beal,2023,2.41,0.37,1.27,0.88,3.16,1.4,1.76
George Hill,2023,0.33,-0.85,-0.81,-1.35,-0.2,-1.96,1.75
Tony Allen,2017,0.17,-0.63,0.05,-1.16,0.23,-1.52,1.75
Jericho Sims,2022,0.17,-0.16,0.23,-0.92,0.55,-1.2,1.75
John Konchar,2022,0.61,-0.95,0.31,-0.41,0.95,-0.8,1.75
Kelly Olynyk,2021,1.23,-0.29,0.86,0.6,1.92,0.18,1.74
Daniel Theis,2019,-0.29,-0.4,0.77,-0.75,0.71,-1.04,1.74
Marc Gasol,2018,0.97,-1.62,-0.62,0.57,0.59,-1.15,1.74
Oshae Brissett,2024,0.91,-0.45,0.39,-0.35,1.24,-0.5,1.74
Rajon Rondo,2021,0.95,-1.0,-0.86,-0.72,0.23,-1.51,1.74
Kelly Olynyk,2020,0.88,-0.02,0.7,0.1,1.52,-0.22,1.74
Royce O'Neale,2023,1.0,-0.64,0.02,-0.64,0.84,-0.9,1.74
Tyrese Maxey,2023,1.76,1.5,1.83,0.47,3.15,1.42,1.74
Michael Porter Jr.,2024,1.78,0.89,1.91,0.5,2.94,1.2,1.74
James Ennis III,2021,0.8,-0.43,0.27,-0.09,1.27,-0.46,1.73
Tobias Harris,2023,0.71,0.54,0.87,-0.86,1.26,-0.48,1.73
Seth Curry,2022,1.28,0.37,1.19,-0.04,2.14,0.41,1.73
Aaron Nesmith,2024,0.84,-0.19,1.04,0.37,1.78,0.05,1.73
Khris Middleton,2024,1.93,0.43,1.03,0.31,2.43,0.7,1.73
Kessler Edwards,2023,0.36,-0.7,1.13,0.44,1.62,-0.1,1.73
Denzel Valentine,2020,1.65,-0.8,-0.96,-0.53,0.7,-1.02,1.72
Daniel Hamilton,2019,0.5,-1.33,-0.23,-0.14,0.31,-1.42,1.72
Maurice Harkless,2019,-0.11,-0.58,0.98,-0.28,0.96,-0.76,1.72
Jeff Green,2018,0.67,0.52,0.38,-0.98,0.84,-0.88,1.72
Shake Milton,2023,0.98,0.17,0.53,-0.47,1.65,-0.07,1.72
Jarrett Jack,2018,0.17,-0.2,1.4,0.03,1.62,-0.09,1.72
Jae'Sean Tate,2024,0.18,-0.32,-0.63,-2.08,-0.25,-1.97,1.71
Jahmi'us Ramsey,2021,1.04,-0.44,0.21,-0.01,1.27,-0.45,1.71
George Hill,2018,1.53,-0.55,1.39,1.23,2.4,0.68,1.71
DeMarre Carroll,2019,0.62,-0.22,0.39,-0.5,0.88,-0.84,1.71
Aaron Gordon,2020,1.45,-1.15,0.23,0.69,1.43,-0.29,1.71
Malcolm Brogdon,2022,1.65,0.03,0.32,0.02,1.69,-0.02,1.71
Andre Drummond,2024,1.18,-0.61,0.85,0.24,1.88,0.17,1.71
Monte Morris,2022,1.06,0.76,1.42,0.02,2.11,0.4,1.71
Cameron Johnson,2022,1.39,0.43,0.13,-0.98,1.2,-0.51,1.71
Corey Brewer,2017,-0.1,-0.58,0.41,-0.6,0.61,-1.1,1.71
Scottie Barnes,2024,1.5,-0.97,-0.18,0.48,1.17,-0.54,1.71
Zion Williamson,2020,2.61,1.78,0.75,-0.43,2.78,1.07,1.7
Khris Middleton,2023,2.06,0.97,0.36,-0.58,1.94,0.24,1.7
Cole Anthony,2023,1.54,1.0,1.11,0.23,2.52,0.82,1.7
Nassir Little,2022,0.29,-0.26,0.3,-0.39,0.82,-0.88,1.7
Shaun Livingston,2018,0.39,-0.42,0.23,-0.8,0.77,-0.93,1.7
Terence Davis,2023,1.78,0.06,0.08,-0.24,1.66,-0.03,1.7
Bobby Portis,2018,0.79,0.48,1.56,0.35,2.15,0.46,1.7
Tobias Harris,2024,1.28,-0.19,0.91,-0.23,1.66,-0.04,1.69
Dāvis Bertāns,2017,1.07,-0.94,-0.36,-0.47,0.68,-1.01,1.69
Richaun Holmes,2020,-0.22,-0.26,0.93,-0.22,0.86,-0.83,1.69
Larry Nance Jr.,2020,0.68,-0.45,-0.39,-0.36,0.53,-1.16,1.69
Georges Niang,2021,0.67,-0.02,0.37,-1.26,0.85,-0.84,1.69
Tari Eason,2023,0.75,-0.53,-0.48,-1.04,0.4,-1.29,1.69
Svi Mykhailiuk,2020,0.73,0.01,0.35,-0.53,1.19,-0.49,1.69
Serge Ibaka,2018,0.17,-0.47,1.13,-0.36,1.12,-0.57,1.69
Richaun Holmes,2021,-0.26,-0.63,1.82,0.54,1.55,-0.13,1.69
Jamal Murray,2018,2.05,1.2,3.07,1.67,4.31,2.62,1.68
Mitchell Robinson,2022,1.0,-1.09,0.49,0.52,1.18,-0.5,1.68
Aron Baynes,2019,-0.1,-0.72,0.42,-0.77,0.47,-1.21,1.68
Gordon Hayward,2023,0.42,0.02,-0.39,-1.4,0.12,-1.56,1.68
Kevin Porter Jr.,2022,1.27,0.89,0.29,-0.29,1.65,-0.03,1.68
Collin Sexton,2024,2.92,1.46,2.49,2.38,4.84,3.16,1.68
Alperen Sengun,2023,0.77,-0.1,1.17,1.18,2.33,0.65,1.67
Devonte' Graham,2022,0.42,-0.03,1.0,0.14,1.55,-0.12,1.67
Rondae Hollis-Jefferson,2021,0.4,-1.22,0.03,-0.02,0.44,-1.24,1.67
Amir Coffey,2022,0.75,-0.28,0.93,0.4,1.93,0.25,1.67
Danilo Gallinari,2021,1.46,1.24,1.0,-0.11,2.3,0.63,1.67
Luka Garza,2024,3.75,1.76,-0.3,-0.1,3.35,1.68,1.67
Donte DiVincenzo,2019,0.53,-0.27,0.11,-0.99,0.65,-1.02,1.67
JaKarr Sampson,2019,1.17,-0.5,0.03,0.08,1.3,-0.37,1.67
Corey Kispert,2022,1.11,1.34,2.15,0.77,3.27,1.6,1.66
Frank Ntilikina,2023,0.0,0.0,0.46,-1.0,0.65,-1.01,1.66
Dirk Nowitzki,2017,0.91,-0.62,0.39,0.08,1.15,-0.51,1.66
Montrezl Harrell,2021,0.8,-0.84,-0.32,-0.94,0.45,-1.21,1.66
Tre Mann,2024,1.68,-0.18,-0.51,-0.38,1.16,-0.5,1.66
P.J. Tucker,2017,0.0,0.0,0.04,-0.85,0.34,-1.31,1.65
LaMarcus Aldridge,2021,0.65,-1.17,-0.05,0.36,0.73,-0.92,1.65
Jaylen Brown,2021,1.51,-0.19,0.4,0.03,1.66,0.01,1.65
Delon Wright,2019,1.44,0.04,-0.18,-0.44,1.23,-0.41,1.65
Patty Mills,2022,1.16,0.32,1.25,0.28,2.27,0.62,1.65
Malik Beasley,2024,0.99,1.33,1.32,-0.92,1.84,0.2,1.64
Derrick Jones Jr.,2023,-0.07,-0.17,0.35,-1.24,0.54,-1.1,1.64
Luka Doncic,2019,1.94,0.49,0.91,1.01,2.69,1.04,1.64
Lou Williams,2021,2.22,0.23,0.7,1.01,2.68,1.04,1.64
Jared Dudley,2019,0.54,-0.37,0.85,0.23,1.31,-0.33,1.64
Jeremy Lamb,2022,0.7,0.88,0.63,-0.75,1.47,-0.17,1.64
Al Horford,2021,1.8,0.17,-1.25,-1.11,0.48,-1.16,1.64
D.J. Augustin,2020,0.86,0.88,-0.22,-1.57,0.75,-0.88,1.64
DeMar DeRozan,2024,2.52,0.28,0.71,0.57,2.62,0.99,1.63
Gabe Vincent,2021,0.76,-0.99,-0.41,-0.35,0.54,-1.09,1.63
Tyler Herro,2024,2.32,0.82,0.39,0.11,2.41,0.78,1.63
Davion Mitchell,2023,0.38,-0.61,0.28,-0.29,1.0,-0.63,1.63
Isaiah Taylor,2018,-0.04,-0.3,0.2,-0.68,0.79,-0.83,1.63
Romeo Langford,2020,-0.14,-0.9,0.29,-0.53,0.4,-1.22,1.63
Stanley Johnson,2020,1.02,-1.07,-0.68,-0.34,0.41,-1.22,1.63
Xavier Tillman,2021,-0.29,-0.71,0.84,-0.25,0.85,-0.78,1.63
Noah Vonleh,2019,0.0,-0.78,0.24,0.04,0.66,-0.96,1.63
Trey Lyles,2020,0.76,0.37,1.25,0.24,2.01,0.38,1.62
Jusuf Nurkic,2021,0.58,-1.0,-0.21,-0.6,0.1,-1.53,1.62
Michael Beasley,2018,0.67,-0.84,0.75,0.98,1.68,0.06,1.62
Bruce Brown,2019,0.38,-0.47,-0.4,-1.24,0.06,-1.56,1.62
Kentavious Caldwell-Pope,2021,0.75,-0.07,0.24,-0.35,1.09,-0.54,1.62
Anthony Gill,2022,0.34,0.17,0.95,-0.39,1.42,-0.2,1.62
Amen Thompson,2024,0.25,-0.95,-0.5,-1.03,0.06,-1.56,1.62
Jae'Sean Tate,2021,0.39,-0.45,0.13,-0.24,0.83,-0.78,1.61
Robin Lopez,2017,0.94,-0.28,0.47,-0.45,1.15,-0.46,1.61
Tremont Waters,2021,1.01,-1.02,-0.16,0.23,0.92,-0.69,1.61
Stanley Johnson,2023,0.89,-0.6,0.76,0.75,1.75,0.14,1.61
Tony Bradley,2021,-0.13,-1.01,0.74,0.26,0.92,-0.69,1.61
Dennis Schroder,2019,0.97,-0.18,0.79,-0.2,1.52,-0.09,1.61
Cody Martin,2021,0.81,-0.91,-0.66,-0.69,0.19,-1.41,1.61
David West,2018,0.66,-1.24,-1.37,-1.08,-0.48,-2.08,1.6
Blake Griffin,2021,0.56,-0.43,0.1,-0.45,0.76,-0.85,1.6
Damion Lee,2020,0.32,0.3,0.13,-1.01,0.78,-0.82,1.6
Luke Kornet,2024,0.79,-0.82,0.88,0.52,1.59,-0.01,1.6
Tomas Satoransky,2021,0.09,-0.02,0.72,-0.5,0.96,-0.64,1.6
Jae Crowder,2019,0.74,-0.67,1.01,0.53,1.69,0.09,1.6
Willie Reed,2017,0.83,-0.79,-0.19,-0.58,0.36,-1.24,1.6
Trevor Ariza,2020,0.55,-0.58,-0.46,-1.03,0.12,-1.47,1.6
Javonte Green,2023,-0.64,-1.15,0.17,-1.01,-0.15,-1.74,1.59
Seth Curry,2020,1.35,0.28,1.7,0.87,2.68,1.08,1.59
Kris Murray,2024,0.35,-0.61,-0.82,-1.28,-0.07,-1.67,1.59
Max Strus,2022,1.36,0.6,1.17,0.2,2.34,0.75,1.59
CJ Elleby,2021,0.57,-0.74,-0.21,-0.44,0.49,-1.1,1.59
Michael Carter-Williams,2021,0.59,-0.45,-1.04,-1.59,-0.32,-1.91,1.59
Cody Zeller,2021,0.5,-0.24,1.21,0.27,1.64,0.05,1.59
DeMar DeRozan,2020,2.14,0.83,1.4,1.03,3.08,1.5,1.59
Ochai Agbaji,2023,1.39,0.63,0.87,0.24,2.2,0.62,1.58
Dalen Terry,2024,0.54,-0.22,0.66,-0.36,1.28,-0.3,1.58
Brandon Ingram,2019,0.36,-0.7,0.05,-0.37,0.6,-0.98,1.58
Zion Williamson,2024,2.91,0.43,0.02,0.14,2.04,0.46,1.58
Vince Carter,2018,0.31,-1.26,-0.03,-0.36,0.28,-1.3,1.58
Solomon Hill,2017,0.24,-0.11,0.34,-1.1,0.55,-1.03,1.58
Mitchell Robinson,2024,2.13,0.48,0.66,0.56,2.3,0.72,1.58
Wesley Johnson,2017,-0.03,-1.24,-1.23,-1.47,-1.0,-2.57,1.57
Jameer Nelson,2017,0.67,-0.02,0.77,-0.42,1.21,-0.36,1.57
Lamar Stevens,2024,0.32,-0.64,-0.88,-1.63,-0.3,-1.87,1.57
Jeff Teague,2019,0.64,-0.23,0.95,0.39,1.59,0.02,1.57
Khris Middleton,2018,1.15,-0.17,1.47,0.84,2.45,0.89,1.56
Sam Dekker,2018,0.36,-0.32,0.41,-0.49,0.89,-0.67,1.56
Cade Cunningham,2022,1.06,0.11,0.46,0.13,1.72,0.16,1.56
Garrett Temple,2023,1.11,-0.94,-0.63,-0.21,0.54,-1.02,1.56
Jalen Suggs,2023,0.75,-1.35,-0.63,-0.37,0.19,-1.37,1.56
Omer Yurtseven,2022,0.89,-0.34,0.65,0.14,1.35,-0.2,1.56
Jaylen Brown,2020,1.22,-0.09,0.99,0.15,1.82,0.26,1.56
Myles Turner,2019,0.16,-1.14,-0.93,-1.82,-0.79,-2.35,1.56
Zach Collins,2020,-0.18,-0.93,1.45,0.55,1.18,-0.38,1.56
Jaylen Nowell,2022,1.65,1.07,1.87,0.88,3.33,1.77,1.55
Mike Conley,2024,1.34,0.11,-0.27,-0.84,1.05,-0.5,1.55
Tristan Thompson,2024,1.0,-0.21,0.69,0.19,1.58,0.02,1.55
Furkan Korkmaz,2020,0.81,0.34,0.64,-0.53,1.4,-0.15,1.55
Malcolm Delaney,2017,0.26,-0.37,-0.27,-1.43,0.1,-1.45,1.55
Brandon Ingram,2024,2.45,1.2,0.46,-0.16,2.23,0.69,1.55
Elfrid Payton,2017,1.02,0.65,1.01,0.26,2.04,0.5,1.54
Johnathan Williams,2019,0.0,0.0,0.7,-0.8,0.75,-0.79,1.54
Michael Kidd-Gilchrist,2017,0.42,-1.41,-0.91,-1.02,-0.47,-2.01,1.54
Mitchell Robinson,2021,1.4,-0.69,-0.83,-0.61,0.29,-1.25,1.54
Nemanja Bjelica,2020,0.51,0.44,1.02,0.24,1.56,0.02,1.54
Aaron Holiday,2024,1.04,0.6,-0.49,-1.53,0.79,-0.75,1.54
Austin Rivers,2020,0.7,-0.13,1.57,1.03,2.44,0.9,1.54
Lonnie Walker IV,2024,1.35,0.05,0.43,0.02,1.77,0.23,1.54
Domantas Sabonis,2019,0.51,-0.5,0.21,-0.59,0.62,-0.92,1.54
Brandon Ingram,2020,2.31,-0.72,0.05,0.55,1.67,0.13,1.54
Ed Davis,2021,1.13,-1.21,-0.97,-0.14,0.16,-1.38,1.53
Mikal Bridges,2019,0.86,-1.34,-0.2,0.33,0.77,-0.76,1.53
Joe Johnson,2017,0.79,-0.14,0.66,0.05,1.35,-0.18,1.53
Michael Kidd-Gilchrist,2019,0.36,-1.03,-0.35,-0.63,-0.03,-1.56,1.53
Tyler Johnson,2017,1.5,-1.85,-1.13,-0.65,0.04,-1.49,1.53
Trey Lyles,2018,1.54,-0.71,0.52,0.76,1.72,0.19,1.53
Furkan Korkmaz,2024,0.52,-0.7,0.56,0.12,1.22,-0.31,1.53
Mason Plumlee,2019,-0.4,-0.81,0.26,-0.54,0.08,-1.44,1.53
Trent Forrest,2022,0.7,0.57,1.0,-0.05,1.87,0.34,1.53
Jerami Grant,2022,1.01,-0.6,-1.47,-1.3,-0.34,-1.87,1.53
Enes Freedom,2022,1.19,0.44,0.24,-0.53,1.29,-0.23,1.52
Al Horford,2020,0.39,-0.03,0.5,-0.31,1.05,-0.47,1.52
Dante Exum,2018,0.95,-0.43,0.21,-0.06,1.15,-0.37,1.52
Yuta Watanabe,2021,0.65,-0.77,-0.64,-0.85,0.12,-1.4,1.51
Jonas Valanciunas,2022,0.75,0.38,0.91,-0.05,1.59,0.08,1.51
Eric Gordon,2024,0.7,-0.33,0.54,-0.31,1.21,-0.3,1.51
Ausar Thompson,2024,0.41,-0.58,-1.02,-1.19,-0.26,-1.76,1.5
Andre Roberson,2021,1.6,-0.46,-0.31,0.25,1.29,-0.21,1.5
Goran Dragic,2021,1.17,0.64,0.14,-0.72,1.34,-0.16,1.5
Desmond Bane,2024,2.65,0.28,-0.53,0.08,2.05,0.56,1.5
Chris Andersen,2017,0.3,-0.9,0.44,0.2,0.82,-0.68,1.5
Avery Bradley,2020,0.57,-0.4,0.34,-0.88,0.74,-0.75,1.49
Anthony Lamb,2023,0.54,-0.42,0.2,-0.28,0.94,-0.55,1.49
John Collins,2022,1.37,-0.46,0.01,-0.06,0.8,-0.69,1.49
Denzel Valentine,2021,0.83,-0.03,-0.61,-1.02,0.44,-1.05,1.49
Spencer Dinwiddie,2017,0.5,-0.79,-0.11,-0.24,0.71,-0.78,1.49
Josh Giddey,2024,1.38,0.43,1.87,0.71,2.86,1.37,1.49
Chimezie Metu,2023,-0.54,-0.51,0.7,-0.92,0.17,-1.32,1.48
Andrew Wiggins,2022,1.25,-0.42,-0.49,-1.27,0.2,-1.29,1.48
Terry Rozier,2018,1.48,0.4,-0.77,-0.93,0.84,-0.64,1.48
Danny Green,2022,0.98,-0.81,-0.02,-0.06,0.8,-0.68,1.48
Brandan Wright,2018,0.01,-0.34,-0.07,-1.16,-0.06,-1.54,1.48
Alec Peters,2018,0.15,-0.52,0.56,-0.28,0.77,-0.71,1.48
Enes Freedom,2020,0.0,0.0,1.39,-0.05,1.51,0.04,1.47
Tyreke Evans,2019,1.27,-0.13,-0.41,-0.44,0.91,-0.56,1.47
T.J. McConnell,2021,0.62,0.26,1.31,0.4,2.09,0.62,1.47
Danilo Gallinari,2022,1.02,0.77,2.0,0.89,2.62,1.16,1.46
Naji Marshall,2023,0.73,0.21,0.17,-0.3,1.08,-0.39,1.46
Buddy Hield,2019,1.66,0.98,0.56,0.14,1.99,0.52,1.46
Seth Curry,2021,0.68,0.47,1.15,-0.42,1.77,0.31,1.46
Josh Green,2022,0.23,-0.8,-0.55,-1.06,-0.17,-1.63,1.46
Wes Iwundu,2020,0.36,-0.07,-0.77,-1.5,-0.13,-1.59,1.46
Oshae Brissett,2023,0.42,0.13,0.79,-0.16,1.51,0.05,1.46
Ousmane Dieng,2023,0.79,-0.47,-0.4,-0.78,0.47,-0.98,1.46
Gordon Hayward,2022,1.52,-0.86,-0.34,0.01,0.85,-0.61,1.46
Yogi Ferrell,2019,1.11,-0.41,0.06,0.09,1.16,-0.29,1.46
Kelly Olynyk,2023,0.6,-0.14,1.24,0.48,1.61,0.15,1.45
Joe Ingles,2023,0.86,-0.38,1.04,0.58,1.8,0.35,1.45
Jeff Green,2019,0.88,-0.28,1.2,0.79,1.92,0.48,1.45
Buddy Hield,2018,2.62,1.21,-0.27,-0.58,1.79,0.34,1.45
DeAndre Liggins,2017,0.66,-0.78,-0.34,-0.5,0.28,-1.16,1.44
John Henson,2018,-0.56,-0.54,0.94,-0.87,0.4,-1.04,1.44
Deandre Ayton,2021,0.34,-0.38,1.43,0.47,1.36,-0.08,1.44
Nicolo Melli,2021,0.06,-0.18,-0.99,-2.06,-0.81,-2.25,1.44
Taurean Prince,2020,0.38,0.16,0.29,-0.87,0.39,-1.05,1.44
Kyle Anderson,2019,-0.13,-1.92,-1.06,-1.0,-0.88,-2.32,1.44
LaMelo Ball,2023,2.8,1.15,1.27,1.35,3.57,2.13,1.44
Aaron Holiday,2023,0.74,0.34,0.04,-0.74,1.03,-0.4,1.43
Andrew Bogut,2017,-0.0,-1.64,-2.1,-1.95,-2.01,-3.44,1.43
Jalen McDaniels,2022,0.53,-0.46,0.18,-0.56,0.63,-0.79,1.43
CJ McCollum,2019,1.36,1.37,1.69,0.36,2.72,1.29,1.43
LaMarcus Aldridge,2017,0.49,-1.72,0.17,-0.34,0.21,-1.22,1.43
Tobias Harris,2018,1.97,0.56,0.98,0.95,2.59,1.16,1.43
Garrison Mathews,2022,0.71,-0.57,1.75,1.75,2.65,1.23,1.42
Sandro Mamukelashvili,2024,0.66,1.26,-0.33,-2.05,0.51,-0.9,1.42
Taj Gibson,2022,-0.36,-0.8,-0.15,-0.93,-0.24,-1.65,1.42
Eric Gordon,2022,0.56,0.2,0.74,0.08,1.48,0.07,1.42
Jalen Smith,2022,0.63,-0.21,0.67,0.0,1.11,-0.31,1.42
Danilo Gallinari,2018,0.43,-0.47,-0.57,-1.13,-0.06,-1.47,1.42
Zach Collins,2023,0.85,-0.53,-0.22,-0.03,0.71,-0.71,1.41
Tacko Fall,2021,-0.05,-0.67,0.63,-0.18,0.64,-0.77,1.41
CJ McCollum,2023,1.89,1.97,1.47,0.82,3.04,1.63,1.41
Josh Green,2023,-0.08,0.63,0.66,-0.78,0.89,-0.52,1.41
Gabe Vincent,2022,1.3,-0.67,-0.67,-0.59,0.52,-0.89,1.41
D'Angelo Russell,2023,1.95,0.32,0.59,0.13,2.03,0.62,1.41
Malcolm Delaney,2018,0.73,-1.08,-0.53,-0.15,0.44,-0.97,1.41
Mario Chalmers,2018,-0.29,-0.35,-0.39,-1.13,-0.17,-1.57,1.41
Daniel Gafford,2024,0.38,0.29,0.79,-0.29,0.99,-0.41,1.4
Tyus Jones,2020,1.43,-0.47,0.09,0.1,1.48,0.08,1.4
CJ Miles,2018,1.1,-0.84,-0.05,-0.35,0.68,-0.72,1.4
Damion Lee,2021,0.78,-0.53,0.27,0.23,1.28,-0.12,1.4
Dorian Finney-Smith,2024,0.69,-0.15,0.13,-0.48,0.84,-0.56,1.4
Daniel Theis,2021,-0.19,-1.06,1.02,0.45,0.92,-0.47,1.39
Darius Miller,2019,0.42,-0.47,0.37,-0.08,0.97,-0.43,1.39
Anthony Tolliver,2018,1.22,-0.42,0.33,0.17,1.38,-0.02,1.39
Josh Richardson,2020,1.15,0.16,0.69,0.02,1.58,0.19,1.39
Rondae Hollis-Jefferson,2020,0.46,-0.67,0.26,-0.28,0.79,-0.6,1.39
Gary Trent Jr.,2022,1.33,0.15,1.39,0.67,2.32,0.93,1.39
Dean Wade,2023,-0.26,-0.81,-1.13,-2.03,-1.08,-2.46,1.38
Dillon Brooks,2020,1.06,-0.08,0.3,0.32,1.47,0.09,1.38
Larry Nance Jr.,2024,0.7,-1.43,-0.73,-0.8,-0.27,-1.65,1.38
Michael Kidd-Gilchrist,2018,0.59,0.08,0.3,-0.39,0.81,-0.57,1.38
Michael Porter Jr.,2022,0.36,0.13,-0.86,-1.98,-0.52,-1.9,1.38
Wesley Matthews,2021,0.15,-1.62,-0.2,-0.15,0.15,-1.23,1.38
Jarrett Allen,2021,-0.28,-1.45,0.14,-0.02,-0.02,-1.4,1.38
Rodney McGruder,2017,0.84,-0.42,0.56,0.12,1.32,-0.06,1.38
Ryan Rollins,2024,0.0,0.0,0.36,-0.96,0.45,-0.93,1.38
Ivica Zubac,2019,0.25,-0.41,-0.74,-1.25,-0.38,-1.75,1.38
Rui Hachimura,2024,0.83,0.87,1.13,-0.09,1.83,0.46,1.37
Christian Wood,2022,1.93,-1.1,-0.76,0.83,1.05,-0.32,1.37
Rondae Hollis-Jefferson,2017,0.26,-1.51,-0.9,-0.67,-0.5,-1.88,1.37
Trey Lyles,2023,0.75,-0.45,0.98,0.43,1.76,0.39,1.37
Kyle Collinsworth,2018,0.64,-0.86,0.42,0.57,1.17,-0.2,1.37
Jalen Brunson,2019,0.99,-0.2,0.08,0.05,1.12,-0.25,1.37
OG Anunoby,2021,0.0,0.0,0.51,-0.7,0.66,-0.71,1.37
Ricky Rubio,2023,1.03,-0.9,-0.98,-0.76,0.1,-1.27,1.37
Malcolm Brogdon,2023,1.8,0.02,-0.37,-0.69,0.85,-0.52,1.37
Darren Collison,2018,1.56,0.7,1.48,0.96,2.83,1.47,1.37
Danuel House Jr.,2018,0.5,0.87,0.65,-0.93,1.29,-0.08,1.36
OG Anunoby,2023,0.0,0.0,0.24,-1.07,0.38,-0.98,1.36
Colby Jones,2024,0.87,-0.24,-0.47,-0.79,0.5,-0.86,1.36
Frank Kaminsky,2022,0.6,-0.54,-0.6,-0.9,-0.08,-1.44,1.36
Devin Robinson,2019,0.64,-0.86,0.14,0.26,0.82,-0.54,1.36
Ivica Zubac,2018,-0.18,-0.36,-0.74,-1.63,-0.69,-2.05,1.36
Adreian Payne,2017,0.5,-0.94,-0.23,-0.19,0.3,-1.06,1.36
Isaiah Jackson,2024,0.82,-0.36,-0.19,-0.41,0.61,-0.75,1.36
Kyle Korver,2019,0.5,-0.31,-0.05,-0.75,0.5,-0.85,1.35
Shai Gilgeous-Alexander,2020,1.43,0.5,0.88,0.52,2.1,0.75,1.35
CJ McCollum,2022,2.45,0.56,1.28,1.77,3.21,1.86,1.35
Joe Harris,2020,1.3,0.71,0.95,0.34,1.94,0.6,1.34
Jeff Teague,2017,1.56,-0.22,0.25,0.21,1.57,0.23,1.34
Shai Gilgeous-Alexander,2021,2.62,0.46,0.49,1.45,2.86,1.52,1.34
Ryan Arcidiacono,2020,0.97,-1.39,-1.07,-0.51,-0.11,-1.45,1.34
Robert Williams III,2021,1.2,-0.97,0.56,0.81,1.39,0.05,1.34
Mike Muscala,2018,1.24,-0.06,0.12,0.1,1.34,0.01,1.33
Al-Farouq Aminu,2020,1.04,-1.6,-1.97,-0.88,-0.98,-2.31,1.33
Gabe Vincent,2023,1.12,-0.17,0.14,-0.14,1.13,-0.2,1.33
Immanuel Quickley,2024,1.87,1.87,0.1,-0.77,1.64,0.31,1.33
Ish Wainright,2022,0.36,-0.85,-0.54,-0.85,-0.11,-1.44,1.33
Quentin Grimes,2023,1.08,0.35,1.59,0.33,1.94,0.62,1.32
Gary Clark,2022,0.76,-0.53,0.08,-0.12,0.87,-0.45,1.32
Usman Garuba,2022,0.0,0.0,1.07,-0.05,1.25,-0.07,1.32
Aaron Holiday,2021,0.77,-0.64,0.41,0.56,1.4,0.08,1.32
Norman Powell,2024,0.72,1.94,1.25,-0.59,2.15,0.83,1.32
Boban Marjanovic,2019,0.37,-0.91,-0.77,-0.89,-0.36,-1.67,1.31
Tobias Harris,2019,1.37,0.47,0.62,0.47,1.93,0.62,1.31
Taj Gibson,2018,0.77,0.47,1.27,0.41,1.89,0.58,1.31
Kelly Olynyk,2022,0.92,-0.55,0.69,0.8,1.65,0.34,1.31
Mo Bamba,2020,0.43,-0.71,-0.39,-0.75,0.09,-1.21,1.31
Wayne Ellington,2020,0.18,-0.42,-0.16,-0.67,0.2,-1.1,1.31
Jonathan Isaac,2019,0.07,-1.42,0.03,-0.23,0.16,-1.14,1.3
Jaden McDaniels,2021,-0.24,-0.47,0.78,-0.34,0.66,-0.64,1.3
Shabazz Napier,2019,1.93,0.95,-0.41,-0.67,1.35,0.05,1.3
Deron Williams,2017,0.68,-0.31,0.11,0.05,0.95,-0.35,1.3
Jonathan Isaac,2023,1.33,-0.2,-0.43,-0.24,0.88,-0.42,1.3
Derrick Rose,2019,2.13,0.9,1.08,0.77,2.66,1.36,1.3
Vasilije Micic,2024,1.12,0.5,0.84,0.23,1.91,0.61,1.3
Tre Jones,2023,1.21,-0.06,0.85,0.97,2.01,0.71,1.3
Rodney McGruder,2018,0.95,-0.04,0.93,0.52,1.84,0.55,1.3
Glenn Robinson III,2018,1.01,0.3,-0.18,-0.59,0.9,-0.4,1.29
Tyus Jones,2023,1.69,-0.13,0.31,0.61,1.99,0.7,1.29
Ben McLemore,2020,-0.05,0.96,2.6,0.74,2.72,1.43,1.29
Nikola Vucevic,2017,0.75,-1.1,-0.95,-0.47,-0.38,-1.67,1.29
Monte Morris,2020,0.93,-0.57,0.4,0.46,1.42,0.13,1.29
Adam Mokoka,2020,0.0,0.0,1.03,-0.23,1.07,-0.22,1.28
Caris LeVert,2019,1.26,0.37,0.23,-0.16,1.31,0.03,1.28
Jakob Poeltl,2018,1.04,-0.16,1.19,0.21,1.67,0.39,1.28
Garrison Mathews,2020,0.0,0.0,0.34,-0.74,0.5,-0.77,1.28
Justin Holiday,2024,0.71,0.28,0.06,-0.75,0.85,-0.42,1.28
Duncan Robinson,2021,1.39,0.55,-0.24,-0.88,0.99,-0.28,1.27
Langston Galloway,2017,0.98,-0.18,-0.23,-0.12,0.84,-0.43,1.27
Luc Mbah a Moute,2018,-0.56,-0.2,0.07,-1.55,-0.39,-1.66,1.27
Mychal Mulder,2020,0.64,0.59,0.69,-0.37,1.38,0.11,1.27
Ian Mahinmi,2018,-0.41,-0.18,0.49,-0.53,0.26,-1.01,1.27
Jusuf Nurkic,2017,0.47,-0.79,-0.94,-0.79,-0.5,-1.77,1.27
Chandler Hutchison,2019,0.65,-0.4,-0.8,-0.79,0.01,-1.25,1.26
Dennis Schroder,2018,3.17,0.48,0.31,1.31,2.94,1.68,1.26
Josh Okogie,2024,0.42,-1.2,-0.66,-0.54,0.03,-1.23,1.26
Svi Mykhailiuk,2024,0.0,0.0,0.64,-0.68,0.81,-0.45,1.25
Chuma Okeke,2021,0.02,-0.63,-0.6,-0.97,-0.14,-1.4,1.25
Myles Turner,2021,-0.13,-0.16,-0.21,-1.03,-0.04,-1.3,1.25
Will Barton,2021,1.03,0.59,1.58,0.07,1.76,0.51,1.25
Andre Iguodala,2021,0.26,-2.07,-1.31,-0.57,-0.85,-2.1,1.25
Pierre Jackson,2017,0.0,0.0,0.42,-0.79,0.45,-0.8,1.25
Grant Williams,2020,0.41,0.02,-0.33,-1.27,0.09,-1.15,1.25
Allen Crabbe,2018,0.79,0.34,0.61,0.45,1.55,0.3,1.25
Bruno Caboclo,2019,0.0,0.0,0.88,-0.2,1.01,-0.24,1.25
Andrew Wiggins,2017,1.24,1.41,1.83,0.79,2.98,1.73,1.25
Xavier Cooks,2023,0.08,-0.53,0.26,-0.29,0.47,-0.78,1.24
Luguentz Dort,2024,0.42,-0.47,1.64,0.52,1.73,0.48,1.24
Ben Simmons,2019,1.07,0.25,0.61,0.25,1.57,0.33,1.24
Coby White,2024,1.39,1.2,2.13,1.28,3.35,2.11,1.24
Serge Ibaka,2020,0.44,-0.65,-0.07,-0.51,0.36,-0.88,1.24
Gary Harris,2020,-0.17,-0.49,-0.85,-1.77,-0.98,-2.22,1.24
Evan Fournier,2018,0.97,1.4,1.21,0.33,2.24,1.0,1.23
Tony Parker,2019,0.51,-0.37,-0.26,-0.32,0.46,-0.77,1.23
Jonas Valanciunas,2024,0.41,0.86,2.01,0.6,2.23,0.99,1.23
Brandon Clarke,2020,0.8,-0.82,-0.17,0.03,0.69,-0.54,1.23
Jaime Jaquez Jr.,2024,0.48,0.24,0.35,-0.55,1.12,-0.11,1.23
Evan Fournier,2022,1.26,0.49,1.24,0.9,2.4,1.18,1.23
Day'Ron Sharpe,2024,0.86,1.17,0.13,-1.23,0.86,-0.36,1.23
Tre Jones,2022,0.89,-0.69,-0.05,0.32,1.02,-0.2,1.22
Isaiah Thomas,2022,0.85,-0.57,-0.17,-0.12,0.67,-0.55,1.22
Mo Bamba,2023,0.15,0.14,0.64,-0.29,0.99,-0.23,1.22
Jordan Poole,2021,1.55,0.49,0.27,0.38,2.05,0.83,1.22
Josh Okogie,2021,0.41,-0.91,0.28,0.43,0.7,-0.52,1.22
Marcus Smart,2024,0.0,0.0,-0.47,-1.48,-0.25,-1.46,1.22
Simone Fontecchio,2024,1.02,1.38,0.03,-1.05,0.92,-0.3,1.21
CJ Miles,2017,1.32,0.82,0.35,-0.25,1.46,0.25,1.21
Jonas Valanciunas,2018,0.46,-1.05,1.17,1.01,1.49,0.27,1.21
Jamal Murray,2023,2.49,1.28,0.68,0.32,2.24,1.03,1.21
Toney Douglas,2017,0.58,-0.79,0.25,0.29,0.86,-0.35,1.21
Joe Harris,2018,0.76,0.63,0.67,0.22,1.62,0.41,1.21
Devonte' Graham,2024,0.0,0.0,0.3,-0.78,0.52,-0.69,1.21
Dorian Finney-Smith,2023,0.56,-0.23,-0.04,-0.46,0.46,-0.75,1.21
Trey Burke,2021,1.28,-0.75,-0.07,0.62,1.21,0.01,1.21
Nerlens Noel,2017,-0.51,-1.12,0.27,-0.05,0.13,-1.08,1.21
Orlando Robinson,2023,0.18,-0.43,0.19,-0.47,0.43,-0.78,1.2
Jae Crowder,2023,0.96,-0.22,0.33,0.29,1.3,0.09,1.2
Courtney Lee,2020,-0.22,-0.96,0.88,0.3,0.75,-0.46,1.2
T.J. Warren,2020,0.6,0.43,0.53,-0.6,1.4,0.2,1.2
Ron Baker,2017,-0.27,-1.19,-0.14,-0.36,-0.1,-1.3,1.2
Treveon Graham,2019,-0.42,-0.26,0.51,-0.56,0.31,-0.89,1.2
Justise Winslow,2023,0.46,-0.51,-0.83,-0.77,-0.09,-1.29,1.2
Frank Kaminsky,2017,0.95,0.41,1.12,0.74,1.97,0.77,1.2
Mason Plumlee,2017,-0.29,-1.33,1.87,1.44,1.57,0.38,1.19
Jarrett Culver,2020,0.76,-0.73,-0.33,-0.25,0.49,-0.7,1.19
Evan Turner,2019,0.1,-0.4,0.52,0.3,0.96,-0.23,1.19
Andrew Wiggins,2019,0.78,0.8,1.06,0.21,1.84,0.65,1.19
Steven Adams,2021,1.31,-0.03,0.8,0.62,1.6,0.41,1.19
Paolo Banchero,2024,2.23,-0.19,-0.44,-0.1,1.29,0.11,1.19
Beno Udrih,2017,0.0,0.0,-0.23,-1.02,0.18,-1.01,1.19
Nicolas Batum,2019,0.84,-0.63,-0.16,-0.33,0.27,-0.91,1.19
Terrence Ross,2017,0.33,0.39,2.1,1.15,2.46,1.28,1.19
Montrezl Harrell,2017,0.65,-0.5,1.32,0.96,1.67,0.5,1.18
Jonathan Kuminga,2024,0.46,0.11,0.36,-0.49,0.74,-0.43,1.18
Jordan McRae,2019,1.25,-0.08,-0.15,-0.05,1.02,-0.16,1.18
Caris LeVert,2023,1.24,-1.13,-1.15,-0.82,-0.09,-1.26,1.17
Kevin Huerter,2024,0.49,1.01,1.9,0.64,2.47,1.31,1.17
Aaron Holiday,2022,0.86,-1.21,-0.79,-0.16,0.2,-0.96,1.17
Serge Ibaka,2021,0.2,-0.63,0.74,0.15,0.74,-0.43,1.16
E'Twaun Moore,2020,1.14,-0.86,-0.32,0.19,0.77,-0.4,1.16
James Johnson,2022,0.22,-1.02,-0.56,-0.59,-0.13,-1.29,1.16
Cedi Osman,2018,0.43,0.08,1.06,0.39,1.54,0.38,1.16
Mitchell Robinson,2019,0.47,-0.61,-0.11,0.15,0.61,-0.55,1.16
Talen Horton-Tucker,2024,1.69,-0.13,0.3,0.76,1.92,0.76,1.16
Nemanja Bjelica,2018,0.65,0.4,-0.14,-0.52,0.71,-0.44,1.16
JT Thor,2022,0.59,-0.47,-0.03,-0.15,0.65,-0.51,1.15
Zach LaVine,2020,3.51,0.37,0.14,1.79,3.04,1.89,1.15
Ryan Anderson,2018,0.86,-0.65,1.16,0.89,1.54,0.39,1.15
Kentavious Caldwell-Pope,2017,1.28,0.01,0.19,0.5,1.39,0.24,1.15
DeMarcus Cousins,2021,0.6,-0.35,-0.69,-0.69,0.05,-1.1,1.15
Jusuf Nurkic,2023,0.1,-0.68,-0.27,-0.51,-0.24,-1.39,1.15
Kyle Lowry,2021,1.62,-0.58,0.06,1.05,1.59,0.44,1.15
Tomas Satoransky,2017,0.0,0.0,-0.39,-1.0,-0.0,-1.14,1.14
Pat Connaughton,2018,0.03,-0.11,0.6,-0.44,0.91,-0.22,1.14
Tim Hardaway Jr.,2020,1.12,1.4,1.78,0.75,2.64,1.5,1.14
Boban Marjanovic,2023,0.52,1.02,0.54,-1.04,1.13,-0.01,1.13
Russell Westbrook,2024,0.96,-0.29,0.08,0.04,1.07,-0.06,1.13
Kenneth Lofton Jr.,2024,0.34,-0.65,-0.09,-0.27,0.32,-0.81,1.13
Stanley Johnson,2017,0.0,-0.63,-0.14,-0.43,0.24,-0.89,1.13
Luke Kennard,2019,0.97,0.26,0.59,0.16,1.45,0.32,1.13
Joe Harris,2019,1.43,0.78,1.0,1.03,2.34,1.21,1.13
Tyler Johnson,2018,0.99,-0.22,-0.1,-0.43,0.76,-0.37,1.13
Malik Beasley,2018,0.41,-0.76,-0.08,-0.07,0.35,-0.78,1.13
Domantas Sabonis,2024,0.6,0.11,1.02,0.49,1.44,0.32,1.13
Willie Cauley-Stein,2017,0.2,-0.66,-0.49,-0.1,0.01,-1.11,1.12
Kosta Koufos,2019,0.47,-0.67,-0.24,-0.19,0.27,-0.84,1.11
Isaiah Stewart,2021,0.27,-0.27,-0.01,-0.28,0.48,-0.63,1.11
Wendell Carter Jr.,2020,-0.23,-1.01,-0.69,-1.35,-0.93,-2.04,1.11
Skal Labissiere,2020,-0.66,-0.73,0.28,-0.5,-0.04,-1.14,1.11
Willy Hernangomez,2017,0.19,-0.65,-0.06,0.01,0.42,-0.69,1.11
Olivier Sarr,2023,0.27,-0.56,-0.19,-0.48,0.14,-0.97,1.11
Shelvin Mack,2018,1.5,-0.14,-0.3,-0.04,1.2,0.1,1.1
Troy Brown Jr.,2019,1.1,0.22,0.63,0.32,1.59,0.49,1.1
Derrick Rose,2023,1.36,-0.77,-0.9,0.02,0.45,-0.65,1.1
Isaiah Stewart,2024,0.14,-0.08,-0.03,-0.49,0.28,-0.82,1.1
Kira Lewis Jr.,2023,0.0,0.0,0.46,-0.6,0.57,-0.53,1.1
Dejounte Murray,2020,1.35,-0.92,0.21,1.35,1.49,0.39,1.1
Solomon Hill,2022,0.0,0.0,0.08,-0.97,0.11,-0.98,1.1
Anfernee Simons,2022,1.3,1.72,1.0,0.25,2.42,1.32,1.1
Deandre Ayton,2020,0.07,-0.19,0.5,-0.45,0.55,-0.54,1.1
Larry Nance Jr.,2022,-0.3,-0.22,0.79,0.23,0.78,-0.31,1.09
Kyle Kuzma,2018,1.25,-0.4,-0.08,0.28,0.99,-0.1,1.09
Yogi Ferrell,2020,0.74,-0.42,-0.67,-0.61,0.25,-0.84,1.09
Leaky Black,2024,0.2,-1.01,-0.4,-0.22,0.0,-1.09,1.09
Jeremy Lamb,2020,1.32,-1.26,0.29,1.33,1.56,0.47,1.09
Willie Cauley-Stein,2018,0.76,-1.74,-1.14,-0.02,-0.49,-1.58,1.09
Juan Toscano-Anderson,2021,0.45,-0.53,-0.65,-0.8,-0.18,-1.26,1.08
Darius Miller,2021,0.0,0.0,0.12,-0.86,0.29,-0.79,1.08
Kevon Looney,2024,0.34,-0.13,0.83,0.29,1.09,0.01,1.08
Terry Rozier,2017,1.01,-0.47,-1.33,-0.98,-0.22,-1.3,1.08
Malcolm Miller,2020,0.0,0.0,0.92,-0.19,1.02,-0.06,1.08
Jeff Green,2021,0.79,0.85,1.76,1.05,2.44,1.36,1.08
Zach Collins,2022,0.03,-0.48,0.38,-0.17,0.54,-0.54,1.08
Salah Mejri,2017,-0.31,-1.14,-0.97,-1.13,-1.08,-2.16,1.07
Dennis Schroder,2021,0.71,0.35,0.58,0.06,1.43,0.36,1.07
Karl-Anthony Towns,2023,0.53,-0.44,-0.64,-0.8,-0.03,-1.1,1.07
Kenrich Williams,2020,0.62,-0.5,-0.41,-0.32,0.34,-0.73,1.07
Brandan Wright,2017,0.15,-0.68,-0.0,-0.32,0.12,-0.94,1.07
Robert Covington,2020,-0.09,-0.02,-0.01,-0.81,-0.03,-1.09,1.07
Ty Jerome,2022,1.3,0.46,-1.51,-1.86,-0.26,-1.33,1.06
Mike Muscala,2017,0.95,-1.31,-0.62,0.2,0.33,-0.74,1.06
Josh Richardson,2017,0.69,-1.07,-0.68,-0.57,0.01,-1.06,1.06
Semi Ojeleye,2021,0.0,0.0,0.35,-0.58,0.46,-0.6,1.06
Wilson Chandler,2019,0.56,0.13,1.26,0.6,1.75,0.69,1.06
Richaun Holmes,2019,-0.13,-0.59,-0.36,-0.69,-0.16,-1.22,1.06
Jarell Martin,2019,0.0,0.0,0.27,-0.57,0.46,-0.6,1.06
Jerami Grant,2019,0.86,-0.84,-0.45,-0.99,-0.16,-1.22,1.06
Dalen Terry,2023,0.73,-0.5,-0.48,-0.4,0.35,-0.71,1.06
DeAndre' Bembry,2021,0.03,-0.8,-0.49,-0.65,-0.18,-1.23,1.06
Courtney Lee,2019,0.51,-1.18,-0.72,-0.2,-0.17,-1.23,1.05
Desmond Bane,2021,0.61,-0.21,0.04,-0.23,0.84,-0.21,1.05
Frank Kaminsky,2021,0.75,-0.41,-0.33,-0.24,0.36,-0.7,1.05
DeMar DeRozan,2021,2.5,1.29,0.98,1.46,3.16,2.11,1.05
Gary Payton II,2018,0.0,0.0,0.65,-0.29,0.76,-0.29,1.05
Joakim Noah,2017,1.09,-1.14,-0.51,0.66,0.49,-0.55,1.05
Terance Mann,2023,0.92,0.95,1.05,0.26,2.02,0.98,1.04
Derrick Favors,2018,0.37,-0.76,0.26,0.09,0.61,-0.44,1.04
Jaxson Hayes,2022,0.1,-0.31,0.21,-0.44,0.5,-0.54,1.04
Talen Horton-Tucker,2023,0.98,0.23,-0.42,-0.55,0.57,-0.47,1.04
Julius Randle,2024,1.39,0.53,1.03,0.52,1.77,0.73,1.04
Jonas Jerebko,2017,-0.0,-0.1,0.92,0.14,0.96,-0.07,1.04
Kyle Anderson,2024,0.53,-0.47,-1.02,-1.56,-0.45,-1.49,1.04
Precious Achiuwa,2022,-0.13,-0.44,-0.54,-1.32,-0.46,-1.5,1.04
Terry Rozier,2023,1.8,0.72,0.22,0.64,1.96,0.93,1.04
Blake Griffin,2023,0.14,0.0,0.23,-0.68,0.38,-0.65,1.03
Dwight Powell,2024,-0.25,-0.06,0.88,0.01,0.82,-0.21,1.03
LaMarcus Aldridge,2022,0.36,-0.52,0.29,0.17,0.75,-0.28,1.03
Khris Middleton,2021,2.7,0.53,1.35,1.05,3.1,2.07,1.03
Jordan McRae,2020,1.72,0.45,0.34,0.74,1.99,0.96,1.03
Brice Johnson,2018,0.23,-0.75,-0.21,-0.24,0.09,-0.94,1.03
Tim Hardaway Jr.,2022,1.28,0.15,-0.79,-0.8,0.31,-0.72,1.03
Greg Monroe,2022,1.99,0.95,0.24,0.24,2.13,1.11,1.02
Tristan Vukcevic,2024,0.0,0.0,-0.09,-1.02,-0.02,-1.04,1.02
Andrew Bogut,2019,-0.52,-1.99,-0.0,0.34,-0.53,-1.54,1.02
JJ Redick,2018,1.19,0.54,1.14,0.14,1.99,0.98,1.01
Shaun Livingston,2019,0.32,-0.8,0.04,-0.12,0.51,-0.5,1.01
Leandro Barbosa,2017,0.41,-0.13,0.42,0.17,0.97,-0.04,1.01
Isaiah Joe,2021,0.95,-0.05,-0.24,-0.24,0.83,-0.17,1.0
Michael Carter-Williams,2017,-0.31,-1.14,-0.57,-0.29,-0.44,-1.45,1.0
Miye Oni,2020,1.1,-0.41,0.02,0.6,1.2,0.2,1.0
Spencer Dinwiddie,2022,1.21,0.61,-0.54,-0.54,0.52,-0.48,1.0
Reggie Bullock Jr.,2017,0.0,0.0,-0.05,-0.88,0.13,-0.87,1.0
Clint Capela,2020,0.78,-1.67,-0.64,-0.09,-0.31,-1.31,1.0
Isaac Okoro,2022,0.53,0.16,1.04,0.5,1.59,0.59,1.0
Langston Galloway,2019,1.26,0.89,0.65,0.12,1.72,0.73,1.0
Doug McDermott,2021,0.76,0.47,1.07,0.76,2.01,1.01,1.0
Cam Thomas,2023,1.3,0.39,0.13,0.27,1.54,0.54,1.0
Jawun Evans,2018,0.51,-0.42,-0.38,-0.39,0.28,-0.71,0.99
Shaquille Harrison,2023,0.43,-0.04,0.25,-0.06,0.85,-0.15,0.99
Alex Len,2019,0.19,-0.22,0.42,0.27,0.86,-0.13,0.99
AJ Griffin,2023,1.02,0.89,0.49,-0.16,1.5,0.51,0.99
Jerami Grant,2018,0.31,-1.36,-0.03,0.01,0.33,-0.66,0.99
Duop Reath,2024,1.05,0.97,0.74,0.43,1.83,0.84,0.99
Kyle O'Quinn,2020,0.77,-1.4,-0.43,0.62,0.39,-0.6,0.99
Domantas Sabonis,2021,0.73,-1.84,-1.03,0.37,-0.24,-1.23,0.99
Miles McBride,2024,1.47,-0.65,-1.09,-0.52,0.33,-0.65,0.99
Mirza Teletovic,2017,0.24,0.83,0.41,-0.84,0.74,-0.25,0.99
Nene,2017,-0.4,0.2,-0.45,-1.65,-0.84,-1.82,0.98
Landry Shamet,2022,0.8,-0.04,-0.98,-1.16,0.01,-0.97,0.98
Kyle O'Quinn,2017,2.06,-1.05,-0.69,0.92,0.95,-0.03,0.98
Ja Morant,2024,0.0,0.0,0.32,-0.56,0.47,-0.51,0.98
Jerami Grant,2023,0.85,-0.16,0.78,1.08,1.39,0.41,0.98
Amir Johnson,2018,0.54,-0.76,-1.18,-0.73,-0.41,-1.38,0.98
Maurice Ndour,2017,0.1,-0.16,-0.13,-0.77,0.1,-0.88,0.97
Kevin Love,2021,0.88,0.3,0.38,0.05,1.21,0.24,0.97
Kent Bazemore,2020,-0.8,-0.71,-1.55,-2.39,-1.85,-2.83,0.97
Shake Milton,2021,1.3,1.15,-0.51,-1.44,0.84,-0.13,0.97
Grayson Allen,2021,0.82,-0.17,0.01,0.01,0.89,-0.08,0.97
Evan Fournier,2021,0.85,0.47,1.08,0.56,1.78,0.81,0.97
Jared Butler,2024,0.15,-0.57,-0.39,-0.41,0.17,-0.8,0.97
Austin Rivers,2021,1.09,-0.67,-0.26,0.31,0.76,-0.21,0.97
Thaddeus Young,2022,0.86,-0.8,-0.85,-0.58,-0.08,-1.04,0.96
CJ McCollum,2024,2.0,2.26,1.03,0.07,2.55,1.59,0.96
Garrett Temple,2017,0.64,-1.71,0.06,0.92,0.63,-0.33,0.96
Jason Terry,2018,-0.15,-0.98,0.33,-0.12,0.16,-0.8,0.96
Malik Beasley,2022,1.14,0.8,0.33,-0.21,1.31,0.35,0.96
T.J. McConnell,2023,0.85,0.11,-0.2,-0.12,0.91,-0.05,0.96
Malik Beasley,2017,0.0,0.0,0.04,-0.84,0.11,-0.85,0.96
Romeo Langford,2021,-0.23,-1.2,-0.34,-0.34,-0.54,-1.49,0.95
Svi Mykhailiuk,2019,0.88,0.02,-0.17,-0.15,0.74,-0.21,0.95
Montrezl Harrell,2023,0.42,-0.05,0.03,-0.26,0.62,-0.33,0.95
Talen Horton-Tucker,2021,0.49,0.01,-0.58,-1.17,0.11,-0.84,0.95
Raymond Felton,2018,1.14,-1.08,-1.01,-0.34,0.19,-0.76,0.95
Mikal Bridges,2024,1.78,0.32,-0.97,-0.44,0.71,-0.23,0.95
JaVale McGee,2022,0.12,-1.31,-0.16,-0.11,-0.07,-1.01,0.95
Javonte Green,2024,0.0,0.0,0.49,-0.42,0.55,-0.4,0.95
Cory Joseph,2023,0.95,0.24,0.11,0.28,1.37,0.42,0.95
Joe Ingles,2022,0.0,0.0,-0.28,-1.27,-0.1,-1.05,0.94
Deni Avdija,2023,0.32,-0.66,-0.02,-0.19,0.5,-0.45,0.94
Willie Cauley-Stein,2021,-0.76,-0.23,0.51,-0.79,-0.15,-1.09,0.94
Justise Winslow,2021,-0.12,-1.37,-0.96,-0.69,-0.92,-1.86,0.94
Vince Carter,2019,1.07,-0.77,-1.34,-0.49,-0.24,-1.18,0.94
P.J. Washington,2021,0.63,-0.61,-0.08,-0.03,0.39,-0.55,0.94
Jamal Cain,2023,0.0,0.0,0.0,-0.85,0.21,-0.73,0.94
Matt Thomas,2020,0.0,0.0,0.03,-0.84,0.26,-0.68,0.93
Luke Kornet,2023,0.41,-1.01,-0.37,-0.23,0.03,-0.9,0.93
Maxi Kleber,2018,0.06,-0.66,-0.87,-0.82,-0.55,-1.49,0.93
Lauri Markkanen,2022,1.14,1.31,1.75,0.9,2.67,1.74,0.93
Serge Ibaka,2017,0.49,-0.02,0.18,0.12,0.66,-0.27,0.93
Michael Kidd-Gilchrist,2020,0.0,0.0,-0.23,-1.04,-0.12,-1.05,0.93
Seth Curry,2024,0.2,0.81,-0.51,-1.69,-0.12,-1.05,0.93
D.J. Augustin,2019,1.29,0.79,1.05,0.13,1.92,0.99,0.93
Doug McDermott,2020,1.41,1.33,0.45,-0.17,1.75,0.82,0.93
Shabazz Napier,2017,0.0,0.0,1.14,0.42,1.43,0.51,0.93
Saddiq Bey,2023,0.44,1.38,1.66,0.99,2.36,1.43,0.92
Troy Daniels,2017,1.19,0.59,0.28,-0.08,1.32,0.4,0.92
P.J. Washington,2020,0.89,0.0,-0.97,-0.73,-0.27,-1.2,0.92
Marvin Williams,2019,1.25,-0.36,0.52,0.7,1.21,0.29,0.92
Juan Toscano-Anderson,2022,0.08,-0.3,0.56,0.02,0.79,-0.13,0.92
Caleb Martin,2024,0.59,0.15,0.12,-0.23,0.81,-0.11,0.92
Jaylin Williams,2024,0.68,-0.11,-0.01,-0.34,0.69,-0.23,0.92
Derrick Jones Jr.,2022,-0.31,0.21,0.87,-0.25,0.79,-0.13,0.92
Bruno Fernando,2023,0.82,-0.41,-0.25,0.21,0.74,-0.18,0.92
Patrick Patterson,2021,0.0,0.0,0.39,-0.41,0.51,-0.41,0.92
Trae Young,2024,2.5,1.21,1.35,1.66,3.35,2.43,0.92
Kai Jones,2023,-0.35,-0.64,-0.28,-0.64,-0.24,-1.15,0.92
John Collins,2020,1.23,0.36,-0.53,-0.08,0.56,-0.35,0.91
Ante Zizic,2020,0.0,0.0,1.04,0.4,1.2,0.29,0.91
John Wall,2021,2.0,0.68,-0.74,-0.2,1.15,0.24,0.91
Hassan Whiteside,2018,0.68,-1.9,-1.35,-0.58,-0.89,-1.79,0.91
Jemerrio Jones,2019,0.0,0.0,0.14,-0.72,0.18,-0.72,0.91
Larry Nance Jr.,2019,0.42,-0.83,-0.03,0.79,0.59,-0.32,0.91
Kevin Porter Jr.,2023,1.71,0.72,0.36,0.81,1.87,0.96,0.91
Rodney McGruder,2023,0.0,0.0,0.33,-0.06,0.7,-0.21,0.9
Dillon Brooks,2023,0.8,0.11,-0.91,-1.62,-0.33,-1.23,0.9
P.J. Washington,2024,0.69,0.21,-0.02,-0.12,0.71,-0.2,0.9
Carmelo Anthony,2017,1.58,-0.12,0.68,1.56,1.97,1.07,0.9
Ben Sheppard,2024,0.0,0.0,0.76,-0.19,0.84,-0.06,0.9
Sasha Vezenkov,2024,1.06,-0.09,0.41,0.35,1.42,0.52,0.9
Caleb Swanigan,2018,0.14,-0.87,-0.55,-0.44,-0.34,-1.24,0.9
J.J. Barea,2019,0.0,0.0,0.19,-0.49,0.47,-0.43,0.9
Danuel House Jr.,2022,0.39,-0.03,-0.53,-0.95,-0.05,-0.95,0.89
Mike Muscala,2019,0.44,-0.38,-0.45,-0.48,0.12,-0.78,0.89
LaMelo Ball,2021,1.57,-0.7,0.05,1.18,1.45,0.56,0.89
Cory Joseph,2018,0.78,-0.32,-0.4,-0.04,0.67,-0.22,0.89
Isaac Okoro,2024,1.01,-0.17,-0.65,-0.81,0.17,-0.71,0.88
Naji Marshall,2021,0.24,-1.32,-0.84,-0.12,-0.43,-1.32,0.88
Denzel Valentine,2018,1.14,-0.23,-1.18,-0.28,-0.06,-0.94,0.88
Lorenzo Brown,2018,0.0,0.0,0.01,-0.86,0.07,-0.81,0.88
Taj Gibson,2017,-0.22,-0.62,-0.28,-0.88,-0.47,-1.35,0.88
Bruce Brown,2021,0.24,-0.62,0.79,1.01,1.18,0.3,0.88
Cole Anthony,2022,1.35,0.34,0.25,0.32,1.53,0.65,0.88
Meyers Leonard,2020,0.0,0.0,-0.01,-0.75,0.03,-0.85,0.88
Julyan Stone,2018,0.0,0.0,0.24,-0.54,0.33,-0.55,0.88
Andrew Harrison,2017,0.53,-0.12,-0.84,-0.9,-0.07,-0.95,0.88
Buddy Boeheim,2024,0.0,0.0,0.31,-0.49,0.4,-0.47,0.87
Grant Williams,2023,0.53,0.2,0.26,-0.71,0.49,-0.38,0.87
Jonathon Simmons,2017,-0.75,-0.26,-0.91,-2.13,-1.13,-2.0,0.87
Jalen Johnson,2024,1.24,-0.53,-1.15,-0.8,-0.35,-1.22,0.87
Gary Harris,2021,0.04,-0.15,0.54,-0.37,0.39,-0.48,0.87
Brook Lopez,2018,1.06,-1.08,0.13,1.08,1.15,0.28,0.87
Daniel Theis,2020,-0.33,-0.73,-0.15,-1.16,-0.57,-1.44,0.87
Luguentz Dort,2020,-0.11,-0.59,0.36,0.03,0.39,-0.48,0.87
Blake Griffin,2020,1.26,0.15,0.28,0.31,1.36,0.5,0.86
Neemias Queta,2022,0.51,-0.32,-0.04,-0.09,0.51,-0.35,0.86
Harrison Barnes,2019,0.67,1.14,-0.0,-0.67,0.63,-0.23,0.86
Tomas Satoransky,2020,0.54,0.35,0.56,-0.07,0.96,0.09,0.86
Jalen Suggs,2022,0.38,-0.73,-1.75,-1.53,-1.12,-1.98,0.86
Lonnie Walker IV,2020,0.79,0.09,0.36,0.05,1.09,0.23,0.86
Channing Frye,2017,0.92,-0.14,0.54,0.62,1.29,0.44,0.86
Lucas Nogueira,2018,-0.77,-0.54,-0.04,-1.17,-0.64,-1.5,0.86
Ricky Rubio,2021,1.15,-0.5,-0.2,0.58,0.83,-0.03,0.86
Lindy Waters III,2022,0.59,-0.02,0.28,0.34,1.03,0.18,0.85
Eric Bledsoe,2022,0.37,-0.99,-1.23,-0.84,-0.53,-1.38,0.85
Jabari Parker,2019,1.23,0.56,0.01,0.11,1.12,0.27,0.85
Matthew Dellavedova,2021,0.6,0.25,0.38,-0.06,0.99,0.14,0.85
Jared Rhoden,2023,0.0,0.0,0.54,-0.17,0.68,-0.17,0.85
Marreese Speights,2017,0.61,-0.17,0.19,0.23,0.81,-0.04,0.85
Julius Randle,2018,0.15,-0.13,0.93,0.65,1.24,0.39,0.85
Emeka Okafor,2018,0.72,-0.3,-0.67,-0.46,0.07,-0.77,0.85
Danuel House Jr.,2020,0.83,0.38,0.75,0.03,1.16,0.32,0.84
Josh Jackson,2020,0.39,0.33,0.43,-0.27,0.92,0.07,0.84
Killian Tillie,2022,0.53,-1.04,-0.52,-0.12,-0.03,-0.88,0.84
Marcus Smart,2023,0.74,-0.82,0.98,0.5,1.06,0.22,0.84
Jarrett Allen,2019,-0.2,-0.99,0.54,1.11,0.55,-0.29,0.84
Brandon Clarke,2021,0.36,-1.1,-0.15,0.38,0.41,-0.43,0.84
Chris Chiozza,2021,0.82,0.53,-0.17,-0.45,0.86,0.02,0.83
Malachi Flynn,2022,1.18,-0.63,-0.03,0.63,1.1,0.27,0.83
Brook Lopez,2022,0.72,-0.75,-0.08,0.36,0.55,-0.28,0.83
Cameron Johnson,2020,1.42,0.47,0.12,0.13,1.32,0.49,0.83
Jeff Teague,2021,0.8,-0.01,0.75,0.72,1.56,0.73,0.83
T.J. Warren,2024,0.0,0.0,0.14,-0.78,0.11,-0.72,0.83
Jarrell Brantley,2021,0.83,0.23,-0.13,-0.32,0.77,-0.06,0.83
Luol Deng,2017,0.03,0.61,-0.84,-0.89,-0.26,-1.09,0.83
Jalen McDaniels,2023,0.03,0.2,0.41,-0.1,0.83,0.01,0.83
Tyrese Maxey,2022,0.88,0.9,0.66,0.0,1.51,0.68,0.83
Chris Boucher,2023,1.11,-0.76,-0.74,-0.15,0.35,-0.47,0.83
Terry Taylor,2023,0.84,0.56,0.37,-0.14,1.26,0.44,0.83
Dejounte Murray,2023,1.51,0.59,-0.15,0.36,1.34,0.51,0.82
Raymond Felton,2019,0.52,-0.12,-0.8,-1.02,-0.21,-1.03,0.82
Justin Champagnie,2022,0.91,0.51,0.78,0.28,1.64,0.82,0.82
Jordan McLaughlin,2021,1.01,-1.48,-1.83,-0.36,-0.66,-1.47,0.82
Michael Carter-Williams,2018,0.14,-0.82,-0.59,-0.17,-0.21,-1.03,0.82
Mason Plumlee,2022,-0.43,-0.72,-0.8,-1.5,-1.28,-2.1,0.82
Dejounte Murray,2024,2.62,0.88,0.97,1.98,3.2,2.38,0.81
Jabari Parker,2018,2.51,-0.17,-0.48,0.98,1.66,0.84,0.81
PJ Dozier,2020,0.43,-0.79,0.06,0.47,0.63,-0.18,0.81
Kevin Love,2023,0.59,-0.01,-0.01,-0.37,0.46,-0.35,0.81
Okaro White,2017,-0.18,0.61,1.26,-0.28,1.07,0.26,0.81
Tyler Ennis,2018,0.5,0.3,-0.82,-1.09,-0.13,-0.94,0.81
Bam Adebayo,2018,-0.36,-0.74,-0.97,-1.33,-1.09,-1.9,0.81
Josh Richardson,2022,0.75,0.68,1.01,0.24,1.62,0.81,0.81
E'Twaun Moore,2018,1.36,0.32,0.62,0.13,1.44,0.63,0.81
Sterling Brown,2020,0.39,-1.02,-1.0,-0.8,-0.41,-1.22,0.81
Zach Randolph,2017,0.98,-0.02,0.15,0.1,0.87,0.07,0.8
Anthony Gill,2024,0.11,0.95,1.03,-0.21,1.53,0.72,0.8
OG Anunoby,2020,0.0,0.0,0.45,-0.72,0.48,-0.33,0.8
Jae'Sean Tate,2023,0.04,-0.65,-0.56,-0.52,-0.27,-1.07,0.8
Dragan Bender,2017,-0.21,-0.06,0.41,-0.31,0.37,-0.43,0.8
Solomon Hill,2020,1.1,-0.42,0.6,1.19,1.7,0.89,0.8
Elfrid Payton,2020,1.02,0.95,0.68,0.48,1.77,0.97,0.8
Julius Randle,2019,0.91,-0.52,0.74,1.26,1.48,0.68,0.8
OG Anunoby,2022,0.0,0.0,0.66,-0.06,0.78,-0.02,0.8
Edmond Sumner,2023,0.38,0.13,-0.12,-0.35,0.5,-0.3,0.8
Sergio Rodriguez,2017,0.84,-0.74,0.12,0.73,1.0,0.2,0.8
Semi Ojeleye,2019,0.19,0.73,-0.09,-1.14,0.33,-0.46,0.8
De'Aaron Fox,2020,2.51,1.95,1.26,1.72,3.35,2.55,0.8
Lauri Markkanen,2019,1.14,1.28,0.61,0.43,1.78,0.99,0.79
Milos Teodosic,2018,0.28,0.36,0.6,0.02,0.98,0.18,0.79
Troy Brown Jr.,2022,0.78,0.02,0.13,0.28,1.09,0.3,0.79
Evan Fournier,2019,1.37,0.8,1.29,0.8,2.26,1.47,0.79
Marvin Bagley III,2024,0.65,0.17,-0.02,-0.19,0.62,-0.18,0.79
Oshae Brissett,2021,0.71,-0.06,-0.03,-0.05,0.68,-0.11,0.79
Mason Plumlee,2020,-0.63,-1.07,-0.78,-0.86,-0.97,-1.75,0.79
Alex Caruso,2018,-0.07,-0.73,-0.88,-0.95,-0.73,-1.52,0.79
Marcus Garrett,2022,0.45,-0.05,0.55,0.17,0.96,0.17,0.79
Jonas Jerebko,2018,0.58,-0.01,0.53,0.23,1.07,0.28,0.79
Patrick Baldwin Jr.,2024,0.05,-0.29,-0.5,-0.75,-0.1,-0.88,0.78
Tyler Zeller,2017,0.35,-0.51,-0.57,-0.44,-0.25,-1.03,0.78
John Konchar,2024,0.34,-1.42,-0.89,-0.33,-0.26,-1.04,0.78
Jaylen Nowell,2023,1.04,1.07,0.04,-0.2,1.31,0.53,0.77
JaKarr Sampson,2020,-0.37,-0.91,-0.31,-0.45,-0.42,-1.19,0.77
Archie Goodwin,2017,0.61,-0.32,0.19,0.37,0.9,0.13,0.77
Dwight Howard,2018,-0.23,-0.63,0.3,0.13,0.01,-0.76,0.77
David Duke Jr.,2022,0.44,-0.26,0.07,0.1,0.63,-0.14,0.77
Wesley Matthews,2017,0.75,-0.36,-0.49,0.24,0.36,-0.41,0.77
JaMychal Green,2020,0.09,-0.02,0.1,-0.38,0.34,-0.43,0.77
Bogdan Bogdanovic,2019,1.24,0.68,0.19,0.11,1.21,0.44,0.77
Marcus Morris Sr.,2017,0.0,0.0,-0.59,-0.98,-0.33,-1.1,0.77
Ryan Kelly,2017,0.0,0.0,0.04,-0.66,0.11,-0.66,0.77
Jake Layman,2020,0.11,0.38,-0.35,-1.24,-0.16,-0.92,0.77
AJ Lawson,2024,0.31,0.68,0.29,-0.57,0.81,0.05,0.77
Ty Lawson,2017,0.87,0.52,0.16,0.16,1.13,0.37,0.76
Josh Hart,2021,0.58,0.26,0.24,-0.02,0.76,-0.01,0.76
Gary Harris,2022,0.96,-0.28,-0.54,-0.21,0.44,-0.32,0.76
Caleb Martin,2023,0.38,0.07,-0.5,-0.63,0.11,-0.65,0.76
Maxi Kleber,2020,0.11,-0.89,-0.21,-0.07,-0.12,-0.88,0.76
Bojan Bogdanovic,2020,0.54,1.62,1.09,-0.36,1.78,1.02,0.76
DeAndre' Bembry,2022,-0.03,-0.75,0.26,0.18,0.45,-0.31,0.76
Jalen Johnson,2023,0.08,-0.86,-0.53,-0.48,-0.36,-1.11,0.76
Luke Kornet,2018,0.64,-1.32,-0.47,0.69,0.17,-0.59,0.76
Jaylen Hoard,2020,0.0,0.0,0.69,-0.0,0.8,0.05,0.75
Monte Morris,2024,0.0,0.0,0.08,-0.73,0.2,-0.56,0.75
Mike Conley,2018,0.0,0.0,0.02,-0.5,0.17,-0.58,0.75
Ian Mahinmi,2017,-1.09,-0.6,-0.09,-1.07,-1.01,-1.76,0.75
Moritz Wagner,2022,0.83,0.56,0.66,0.57,1.7,0.95,0.75
Al-Farouq Aminu,2021,0.53,-1.45,-0.81,0.35,-0.21,-0.96,0.75
Spencer Dinwiddie,2021,0.0,0.0,0.15,-0.65,0.11,-0.64,0.75
Thaddeus Young,2020,1.58,-2.48,-2.31,-0.15,-1.15,-1.89,0.75
Dereon Seabron,2024,0.0,0.0,0.2,-0.48,0.27,-0.47,0.74
Nicolas Batum,2018,1.02,-0.02,0.52,0.98,1.44,0.69,0.74
Tyrone Wallace,2018,0.13,-0.22,-0.25,-0.53,0.0,-0.74,0.74
Dalano Banton,2022,0.21,-0.46,-0.43,-0.52,-0.05,-0.79,0.74
Troy Daniels,2020,0.73,0.18,-0.61,-0.72,0.31,-0.43,0.74
Brandon Jennings,2017,1.06,-0.01,0.21,0.47,1.16,0.42,0.74
MarShon Brooks,2018,0.0,0.0,1.03,0.55,1.2,0.46,0.73
James Johnson,2018,0.15,-0.75,0.08,0.04,0.28,-0.46,0.73
Coby White,2022,0.93,0.72,0.96,0.97,1.86,1.13,0.73
Kyle Guy,2021,0.0,0.0,0.59,-0.06,0.73,-0.01,0.73
Wenyen Gabriel,2023,-0.28,-0.4,0.18,-0.05,0.27,-0.46,0.73
Andre Iguodala,2023,0.0,0.0,0.49,-0.24,0.48,-0.24,0.72
James Ennis III,2017,0.28,-0.29,-0.57,-0.88,-0.35,-1.07,0.72
Derrick Jones Jr.,2018,0.43,-0.68,-0.87,-0.56,-0.37,-1.09,0.72
Dean Wade,2022,0.22,-0.37,-1.19,-1.24,-0.71,-1.43,0.72
Wayne Ellington,2017,1.03,0.86,0.55,-0.09,1.41,0.69,0.72
Shake Milton,2022,0.76,-0.22,-0.31,0.03,0.61,-0.11,0.72
Luke Kennard,2020,1.24,0.92,0.79,0.39,1.86,1.15,0.72
Jordan Bell,2020,0.08,0.25,0.44,-0.29,0.64,-0.08,0.72
Kevon Harris,2023,0.0,0.0,-0.1,-0.53,0.16,-0.55,0.72
Shai Gilgeous-Alexander,2019,0.59,-0.46,-0.45,0.3,0.38,-0.33,0.71
Rudy Gay,2020,1.08,-0.83,-1.12,-0.42,-0.21,-0.92,0.71
Luka Samanic,2023,0.0,0.0,0.06,-0.35,0.28,-0.43,0.71
Pau Gasol,2018,0.78,-1.31,-1.7,-1.0,-0.94,-1.65,0.71
Matt Thomas,2022,0.0,0.0,0.05,-0.47,0.24,-0.46,0.71
Kyle O'Quinn,2018,-0.48,-0.67,0.65,0.5,0.58,-0.12,0.71
J.J. Barea,2020,1.66,0.31,-0.12,0.49,1.49,0.78,0.71
Malcolm Brogdon,2018,0.81,-0.45,-0.23,0.19,0.6,-0.11,0.71
Jeff Withey,2017,0.9,-0.2,0.18,0.54,1.0,0.3,0.7
Kevon Looney,2021,0.24,-0.04,0.91,0.17,1.07,0.37,0.7
Anthony Gill,2023,0.15,0.06,0.38,-0.07,0.76,0.06,0.7
Boban Marjanovic,2022,0.0,0.0,-0.12,-0.77,-0.04,-0.75,0.7
Charlie Brown Jr.,2020,0.0,0.0,0.09,-0.57,0.15,-0.55,0.7
Lonzo Ball,2019,1.15,0.12,-1.3,-1.13,-0.37,-1.07,0.7
Ziaire Williams,2022,0.65,0.53,0.34,-0.37,0.82,0.13,0.69
Travis Wear,2018,0.0,0.0,0.07,-0.42,0.2,-0.49,0.69
RJ Hunter,2019,0.0,0.0,0.35,-0.32,0.37,-0.32,0.69
Zach Collins,2019,-0.58,-0.58,-0.06,-0.02,-0.03,-0.71,0.69
Moritz Wagner,2021,-0.44,-0.14,0.12,-0.79,-0.24,-0.92,0.69
Dewayne Dedmon,2022,-0.85,-0.87,-0.09,-0.5,-0.68,-1.36,0.69
Paul Reed,2021,0.41,0.66,-0.0,-0.86,0.49,-0.19,0.69
Keita Bates-Diop,2022,-0.13,0.01,-0.58,-1.22,-0.44,-1.12,0.69
Darius Garland,2024,1.95,1.79,0.45,-0.12,2.13,1.44,0.68
Dean Wade,2021,0.59,0.41,-0.38,-0.54,0.33,-0.35,0.68
Rodions Kurucs,2019,-0.37,0.09,-0.21,-0.7,-0.18,-0.86,0.68
Marvin Williams,2020,-0.07,-0.68,0.63,0.51,0.67,-0.01,0.68
Devon Hall,2020,0.0,0.0,-0.05,-0.63,0.08,-0.6,0.68
Justise Winslow,2017,0.19,-0.78,-0.94,-0.82,-0.67,-1.35,0.68
Kenneth Faried,2017,0.78,-0.76,0.56,1.41,1.23,0.56,0.68
Malik Monk,2023,1.65,-0.29,-1.11,-0.38,0.3,-0.38,0.68
Bradley Beal,2024,2.01,0.07,0.17,0.66,1.56,0.89,0.68
Justin Minaya,2024,0.54,0.09,-0.75,-0.9,-0.03,-0.7,0.68
Isaac Okoro,2023,0.1,-0.23,0.58,0.01,0.75,0.07,0.67
Alec Burks,2017,0.75,-0.3,-0.21,0.12,0.51,-0.16,0.67
Raul Neto,2020,0.82,-0.74,-1.27,-0.72,-0.46,-1.13,0.67
Lauri Markkanen,2020,0.79,0.4,-0.7,-0.83,-0.02,-0.69,0.67
Devin Vassell,2022,0.34,-0.37,0.31,0.24,0.73,0.06,0.67
DeAndre Jordan,2019,-0.21,-0.72,-0.83,-0.28,-0.63,-1.3,0.67
Jevon Carter,2023,-0.11,0.14,-1.02,-1.51,-0.77,-1.44,0.67
Brodric Thomas,2021,0.0,0.0,0.03,-0.61,0.1,-0.57,0.67
Jon Leuer,2017,0.45,0.57,-0.93,-1.26,-0.26,-0.93,0.67
Trey Burke,2020,0.0,0.0,1.36,0.97,1.53,0.86,0.67
Ben Simmons,2023,0.07,-0.22,0.46,-0.05,0.53,-0.14,0.66
Noah Vonleh,2023,-0.09,-1.36,0.06,0.61,0.04,-0.62,0.66
Romeo Langford,2022,0.44,-0.7,-1.6,-1.25,-1.15,-1.81,0.66
Paul Reed,2023,0.95,-0.34,-0.4,0.27,0.63,-0.03,0.66
Isaiah Stewart,2023,0.09,0.11,-0.34,0.06,0.16,-0.5,0.66
Isaiah Whitehead,2018,1.25,1.32,-0.36,-0.8,0.97,0.31,0.66
Ron Baker,2018,0.0,0.0,0.51,-0.05,0.67,0.01,0.66
Grayson Allen,2023,1.07,0.52,0.26,-0.27,0.99,0.33,0.66
Richard Jefferson,2017,-0.23,0.26,0.18,-0.67,0.04,-0.62,0.66
Bol Bol,2024,0.34,-0.3,-0.45,-0.52,0.07,-0.58,0.66
Charlie Brown Jr.,2022,0.34,-0.66,-0.83,-0.5,-0.46,-1.12,0.66
Mychal Mulder,2021,0.0,0.0,0.68,0.06,0.82,0.17,0.65
Iman Shumpert,2018,0.0,0.0,-0.05,-0.64,-0.01,-0.66,0.65
Mike Muscala,2020,0.57,-1.29,-0.52,0.54,0.15,-0.5,0.65
Julius Randle,2022,0.86,-0.9,-0.97,0.01,-0.18,-0.83,0.65
Ochai Agbaji,2024,0.32,0.23,-0.33,-0.11,0.44,-0.21,0.65
T.J. McConnell,2020,0.66,0.12,0.26,0.39,1.05,0.4,0.65
Cody Zeller,2019,-0.23,-0.31,0.97,0.15,0.55,-0.1,0.64
Darrell Arthur,2017,0.51,-0.62,-0.43,0.06,0.07,-0.58,0.64
Yuta Watanabe,2019,0.0,0.0,0.42,-0.2,0.51,-0.14,0.64
Timothe Luwawu-Cabarrot,2017,-0.33,0.81,-0.44,-1.54,-0.33,-0.97,0.64
Buddy Hield,2021,1.66,0.83,1.26,1.7,2.81,2.17,0.64
Klay Thompson,2019,1.7,0.23,1.03,0.74,1.89,1.25,0.64
Dante Exum,2019,0.16,-0.16,-0.56,-0.79,-0.21,-0.85,0.64
Jay Scrubb,2022,0.0,0.0,-0.06,-0.55,0.06,-0.58,0.64
Jonah Bolden,2020,-0.36,-1.11,-0.08,0.02,-0.43,-1.06,0.64
Juan Toscano-Anderson,2020,0.37,-1.24,-0.66,0.38,-0.18,-0.82,0.63
Isaac Bonga,2019,0.0,0.0,-0.58,-1.17,-0.51,-1.14,0.63
Deonte Burton,2019,0.0,0.0,-0.74,-1.32,-0.66,-1.29,0.63
Tyler Ulis,2017,1.52,-0.41,-0.69,0.43,0.87,0.24,0.63
John Henson,2020,-0.4,-0.25,-0.51,-0.72,-0.52,-1.15,0.63
Khem Birch,2022,1.35,-0.07,0.65,1.05,1.68,1.05,0.63
Marco Belinelli,2017,0.54,0.68,0.37,0.16,1.02,0.39,0.63
Jaxson Hayes,2021,0.12,-0.17,-0.92,-1.15,-0.6,-1.22,0.63
Santi Aldama,2022,0.4,-0.16,-0.36,-0.47,0.14,-0.49,0.63
Antonio Blakeney,2018,0.0,0.0,0.8,0.36,0.91,0.28,0.62
Dakari Johnson,2018,0.54,0.43,-0.58,-1.08,0.0,-0.62,0.62
Cole Anthony,2024,1.42,0.41,-0.5,-0.44,0.75,0.13,0.62
Kenrich Williams,2019,0.95,0.02,-0.1,0.42,1.03,0.41,0.62
Armoni Brooks,2024,0.0,0.0,0.71,0.19,0.81,0.19,0.62
Russell Westbrook,2020,1.84,0.65,-0.71,-0.39,0.64,0.03,0.62
Kris Dunn,2023,1.02,0.21,0.05,0.59,1.28,0.66,0.62
Pat Connaughton,2023,0.6,-0.01,0.35,0.05,0.89,0.27,0.62
Andrew Harrison,2019,0.72,-0.24,-0.07,0.21,0.66,0.05,0.62
Seth Curry,2019,-0.39,1.26,0.05,-1.24,0.26,-0.35,0.61
Andre Ingram,2018,0.0,0.0,0.12,-0.41,0.19,-0.43,0.61
Marvin Williams,2017,0.33,-1.18,-0.32,0.43,0.09,-0.52,0.61
Nemanja Bjelica,2022,0.0,0.05,0.17,-0.42,0.44,-0.18,0.61
Goga Bitadze,2021,0.21,-0.13,0.13,0.05,0.49,-0.12,0.61
Jason Smith,2017,0.22,0.22,0.29,0.17,0.74,0.13,0.61
Rayjon Tucker,2021,0.0,0.0,0.0,-0.56,0.02,-0.58,0.61
Justin Robinson,2020,0.0,0.0,0.16,-0.42,0.21,-0.4,0.61
Kobe Bufkin,2024,0.87,-0.43,-1.15,-0.48,-0.19,-0.79,0.6
Stanley Johnson,2022,0.29,0.45,2.0,1.54,2.37,1.76,0.6
Isaiah Briscoe,2019,0.0,0.0,-0.68,-1.13,-0.45,-1.05,0.6
Josh Hart,2022,0.98,-0.03,-0.24,0.58,0.86,0.26,0.6
Torrey Craig,2019,0.31,0.26,1.2,0.72,1.55,0.95,0.6
Rui Hachimura,2021,0.16,0.08,-0.24,-0.3,0.21,-0.39,0.6
Nathan Knight,2021,0.45,-1.2,-0.96,-0.02,-0.47,-1.07,0.6
Derrick Favors,2021,0.84,-0.25,0.45,1.07,0.85,0.26,0.6
Alec Burks,2018,0.92,-0.45,0.27,0.64,1.18,0.58,0.6
Tyler Ennis,2017,0.0,0.0,-0.29,-0.58,-0.03,-0.62,0.6
DeAndre Jordan,2020,-0.43,-0.79,-1.02,-0.85,-1.14,-1.74,0.6
Moussa Diabate,2023,0.9,-0.04,-0.07,0.29,0.91,0.31,0.6
Wayne Ellington,2021,0.97,0.29,1.01,1.28,2.11,1.51,0.6
D.J. Wilson,2019,-0.41,-0.8,-0.34,-0.43,-0.49,-1.09,0.59
Will Barton,2017,1.81,-0.39,-0.58,0.65,0.84,0.25,0.59
Enes Freedom,2017,0.0,0.0,1.26,1.07,1.5,0.91,0.59
Trey Burke,2018,2.18,1.49,1.56,1.83,3.59,3.0,0.59
Naji Marshall,2022,0.3,-0.49,-0.77,-0.51,-0.26,-0.85,0.59
Jordan Clarkson,2023,1.66,0.87,1.36,1.15,2.44,1.86,0.59
John Konchar,2020,0.0,0.0,0.47,-0.04,0.59,0.01,0.58
Alize Johnson,2021,0.27,-0.05,-0.02,-0.18,0.33,-0.25,0.58
Naz Mitrou-Long,2020,0.0,0.0,-0.04,-0.58,0.02,-0.57,0.58
Kris Dunn,2019,0.79,-0.32,-0.25,0.96,0.7,0.12,0.58
Russell Westbrook,2021,0.99,-1.04,-1.51,0.09,-0.2,-0.78,0.58
Andre Drummond,2017,0.51,-2.08,-0.7,1.32,-0.13,-0.7,0.57
Gary Harris,2024,0.6,0.35,0.79,0.24,1.28,0.7,0.57
Omari Johnson,2018,0.0,0.0,0.74,0.28,0.82,0.25,0.57
Melvin Frazier Jr.,2020,-0.15,-1.49,-0.55,0.22,-0.56,-1.13,0.57
Charles Bassey,2023,-0.31,-0.17,-0.16,-0.45,-0.17,-0.74,0.57
Carlik Jones,2023,0.0,0.0,0.2,-0.37,0.24,-0.32,0.57
Tobias Harris,2017,0.17,0.82,0.25,-0.27,0.76,0.19,0.57
Reggie Bullock Jr.,2021,0.0,0.0,-0.34,-0.72,-0.12,-0.68,0.56
Klay Thompson,2022,1.1,-0.08,0.1,0.48,1.01,0.45,0.56
Daishen Nix,2024,0.0,0.0,0.39,-0.18,0.42,-0.14,0.56
Corey Brewer,2018,0.76,-1.73,-0.17,1.04,0.35,-0.21,0.56
Eric Moreland,2018,-1.14,-1.25,-1.11,-1.3,-1.87,-2.43,0.56
DeAndre' Bembry,2019,0.07,-0.6,-0.44,-0.03,0.07,-0.49,0.56
Jaylen Adams,2020,0.0,0.0,0.27,-0.28,0.3,-0.25,0.55
Sekou Doumbouya,2022,0.0,0.0,-0.03,-0.57,-0.02,-0.57,0.55
JaMychal Green,2021,0.37,0.65,0.09,-0.53,0.58,0.03,0.55
Kevin Huerter,2020,1.29,0.27,-0.29,0.68,0.88,0.33,0.55
Milos Teodosic,2019,0.0,0.0,0.82,0.3,0.87,0.33,0.55
Josh Hart,2018,0.71,0.19,0.71,0.95,1.48,0.94,0.54
AJ Green,2024,0.0,0.0,0.28,-0.13,0.55,0.01,0.54
Quincy Acy,2018,-0.4,-0.02,0.61,0.23,0.56,0.02,0.54
Rodney Hood,2017,0.81,0.99,0.11,-0.24,0.82,0.28,0.54
Raul Neto,2022,0.0,0.0,0.46,0.32,0.71,0.17,0.54
Tyrone Wallace,2019,-0.31,0.14,-0.14,-0.73,-0.09,-0.62,0.54
Kyle Anderson,2020,0.55,-1.45,-1.95,-0.72,-1.18,-1.72,0.54
Wenyen Gabriel,2021,0.43,-0.15,-0.23,-0.17,0.25,-0.28,0.54
Haywood Highsmith,2024,0.46,-0.54,-0.92,-0.66,-0.3,-0.84,0.54
Tyler Ulis,2018,0.69,-0.29,-0.35,0.63,0.79,0.25,0.54
Cade Cunningham,2023,0.0,0.0,-0.0,0.09,0.31,-0.23,0.54
Damien Wilkins,2018,0.0,0.0,0.39,-0.06,0.48,-0.06,0.53
Buddy Hield,2024,1.73,1.14,0.55,0.89,1.98,1.45,0.53
Hamidou Diallo,2022,0.2,-0.72,-1.36,-0.7,-0.79,-1.32,0.53
Norvel Pelle,2021,-0.87,-1.42,0.01,0.07,-0.8,-1.33,0.53
Buddy Hield,2020,1.7,1.19,0.38,1.1,2.1,1.57,0.53
David Nwaba,2017,0.29,0.71,-0.41,-1.16,-0.05,-0.57,0.52
Boban Marjanovic,2024,0.52,-0.71,-0.26,0.43,0.33,-0.19,0.52
Isaiah Hartenstein,2020,0.0,0.0,0.18,-0.24,0.26,-0.26,0.52
Kyle Singler,2017,0.0,0.0,-0.28,-0.69,-0.19,-0.71,0.52
Vit Krejci,2024,0.0,0.0,1.26,0.87,1.43,0.91,0.52
Ivica Zubac,2023,-0.68,-0.93,-0.19,-0.25,-0.47,-0.99,0.52
Marvin Williams,2018,0.73,0.93,-0.26,-0.67,0.37,-0.15,0.52
Justin James,2021,0.66,-0.22,-0.64,-0.22,0.11,-0.4,0.51
Cody Zeller,2024,0.91,1.07,0.47,-0.23,1.38,0.86,0.51
Gian Clavell,2018,0.0,0.0,0.07,-0.44,0.12,-0.39,0.51
Jordan Walsh,2024,0.0,0.0,0.14,-0.38,0.18,-0.33,0.51
Moritz Wagner,2024,0.73,0.44,0.95,0.54,1.65,1.14,0.51
Dennis Smith Jr.,2019,1.09,0.29,-1.38,-0.83,-0.19,-0.71,0.51
DeMar DeRozan,2019,1.9,0.98,-0.01,0.35,1.41,0.9,0.51
Malik Monk,2021,0.88,1.68,0.76,-0.19,1.7,1.19,0.51
Taurean Prince,2023,0.28,0.04,0.11,0.13,0.75,0.24,0.51
Cameron Johnson,2024,1.32,-0.16,-0.15,0.7,1.08,0.57,0.51
Dāvis Bertāns,2022,0.85,0.72,0.2,-0.05,0.99,0.48,0.51
Julian Champagnie,2024,0.82,-0.37,0.06,0.78,1.13,0.62,0.51
JJ Redick,2020,1.17,0.79,1.67,1.53,2.68,2.17,0.51
Freddie Gillespie,2021,-0.0,-0.38,0.13,0.03,0.14,-0.36,0.5
Aaron Wiggins,2023,0.6,0.03,0.27,0.13,0.84,0.33,0.5
Terance Mann,2021,0.41,0.72,0.17,-0.11,0.87,0.37,0.5
Adama Sanogo,2024,0.0,0.0,0.06,-0.44,0.1,-0.41,0.5
Dwyane Wade,2018,0.68,-0.58,-1.28,-0.47,-0.57,-1.07,0.5
Trevor Booker,2018,-0.09,-0.29,0.02,-0.12,0.17,-0.33,0.5
Paul Watson,2020,0.0,0.0,0.5,0.03,0.6,0.11,0.5
Kelly Oubre Jr.,2020,0.36,-0.16,-0.56,-0.16,-0.12,-0.62,0.5
Paul Pierce,2017,0.0,0.0,0.01,-0.42,0.06,-0.43,0.5
Jules Bernard,2024,0.0,0.0,0.06,-0.38,0.22,-0.27,0.5
Yuta Watanabe,2022,0.53,-0.71,-0.48,0.09,0.08,-0.42,0.49
PJ Dozier,2019,0.0,0.0,0.11,-0.32,0.17,-0.33,0.49
Keldon Johnson,2020,-0.36,1.2,0.84,-0.89,0.69,0.2,0.49
Jalen Green,2024,1.86,0.72,0.77,1.15,2.33,1.84,0.49
Duane Washington Jr.,2023,1.98,1.36,-0.78,-0.5,1.18,0.69,0.49
Joel Bolomboy,2017,0.0,0.0,0.06,-0.41,0.08,-0.41,0.49
Dante Exum,2021,0.0,0.0,-0.23,-0.77,-0.25,-0.74,0.49
Devin Cannady,2022,0.0,0.0,0.21,-0.13,0.35,-0.14,0.49
Mac McClung,2023,0.0,0.0,0.04,-0.43,0.08,-0.41,0.49
Nikola Vucevic,2022,0.77,-0.45,-0.38,0.36,0.03,-0.46,0.49
Furkan Korkmaz,2022,0.75,0.32,-0.56,-0.44,0.35,-0.14,0.49
Ersan Ilyasova,2020,0.19,-1.59,0.12,0.95,0.53,0.04,0.48
Channing Frye,2018,-0.44,0.8,1.1,-0.11,0.93,0.45,0.48
Shake Milton,2019,0.43,-0.14,0.58,0.66,1.17,0.69,0.48
Willie Cauley-Stein,2020,-0.62,-0.88,-1.45,-1.45,-1.77,-2.25,0.48
Rajon Rondo,2017,0.71,-1.86,-0.34,1.26,0.27,-0.21,0.48
Brandon Ingram,2018,0.88,-0.64,-1.05,-0.32,-0.36,-0.83,0.48
Payton Pritchard,2021,0.83,0.47,0.77,0.72,1.63,1.15,0.47
Tristan Thompson,2017,0.4,-0.49,-0.29,-0.13,-0.43,-0.9,0.47
Wayne Ellington,2018,1.21,0.92,0.38,0.16,1.5,1.03,0.47
Joe Wieskamp,2022,0.59,0.25,-0.07,-0.16,0.62,0.15,0.47
Josh Magette,2018,0.0,0.0,0.06,-0.19,0.24,-0.23,0.47
De'Anthony Melton,2019,0.84,-0.58,-0.05,0.86,0.92,0.46,0.47
Yogi Ferrell,2017,1.03,-0.05,-0.1,0.69,0.94,0.47,0.47
Talen Horton-Tucker,2022,0.38,-0.21,-0.83,-0.66,-0.41,-0.88,0.47
Derrick Jones Jr.,2019,-0.12,-0.69,-0.89,-0.84,-0.75,-1.21,0.47
Frank Mason III,2018,0.0,0.0,0.1,-0.33,0.21,-0.26,0.46
Armoni Brooks,2021,0.72,0.3,-0.01,-0.06,0.71,0.24,0.46
Bol Bol,2020,-0.35,-0.53,0.47,0.23,0.23,-0.23,0.46
CJ McCollum,2018,1.2,0.21,0.41,0.46,1.41,0.95,0.46
Tiago Splitter,2017,-0.04,-0.22,0.0,-0.18,0.03,-0.44,0.46
Anfernee Simons,2023,1.82,1.46,-0.37,0.05,1.24,0.78,0.46
Victor Oladipo,2023,0.21,-0.79,-0.57,0.12,-0.04,-0.5,0.46
Frank Ntilikina,2020,0.0,0.0,-0.39,-0.25,-0.02,-0.48,0.46
Cory Joseph,2022,0.0,0.0,-0.1,-0.14,0.19,-0.27,0.46
Sindarius Thornwell,2018,0.64,-0.49,-1.79,-1.34,-1.22,-1.68,0.46
Jalen Wilson,2024,0.0,0.0,0.69,0.47,1.0,0.54,0.46
Saben Lee,2024,0.86,0.75,-0.36,-0.68,0.57,0.12,0.46
Tyler Johnson,2021,0.0,0.0,0.2,0.19,0.51,0.05,0.46
Willy Hernangomez,2018,0.08,0.29,-0.17,-0.6,0.04,-0.42,0.46
Pau Gasol,2019,0.03,-1.69,-0.76,0.48,-0.61,-1.07,0.46
Wendell Carter Jr.,2024,0.98,-0.14,-0.2,-0.23,0.47,0.02,0.46
Trevelin Queen,2024,0.0,0.0,0.05,-0.28,0.19,-0.26,0.46
Quincy Acy,2017,0.38,-0.04,-0.07,0.1,0.52,0.07,0.45
Terry Taylor,2024,-0.09,0.02,-0.3,-0.82,-0.26,-0.7,0.45
Moses Moody,2023,0.0,0.0,-0.2,-0.21,0.21,-0.24,0.45
Terry Rozier,2021,2.04,0.5,0.53,1.49,2.25,1.8,0.45
Sindarius Thornwell,2021,0.0,0.0,0.22,-0.19,0.28,-0.17,0.45
Jakob Poeltl,2017,0.56,-0.13,-1.11,-0.89,-0.64,-1.09,0.45
Evan Fournier,2020,1.86,0.88,0.01,0.79,1.67,1.23,0.44
Gabriel Lundberg,2022,0.0,0.0,0.35,-0.08,0.4,-0.04,0.44
Jabari Bird,2018,0.0,0.0,0.41,0.02,0.47,0.03,0.44
Dion Waiters,2020,0.0,0.0,0.23,-0.13,0.38,-0.06,0.44
Hassani Gravett,2022,0.0,0.0,0.15,-0.19,0.26,-0.18,0.44
Christian Wood,2017,0.0,0.0,-0.09,-0.44,-0.03,-0.47,0.44
Brad Wanamaker,2020,-0.05,-0.01,-0.07,-0.2,0.36,-0.08,0.44
Gabe York,2023,0.0,0.0,0.38,-0.05,0.42,-0.01,0.44
Cameron McGriff,2022,0.0,0.0,0.43,0.05,0.47,0.03,0.44
Skal Labissiere,2018,-0.19,-0.2,0.6,0.49,0.61,0.18,0.44
Carmelo Anthony,2018,0.7,1.2,1.42,0.43,1.72,1.28,0.43
Isaiah Joe,2022,0.0,0.0,-0.13,-0.42,0.11,-0.32,0.43
Trevor Ariza,2021,0.79,0.1,0.09,0.24,0.73,0.3,0.43
JaVale McGee,2018,0.29,-0.44,0.31,0.52,0.58,0.15,0.43
Alize Johnson,2023,0.0,0.0,0.01,-0.39,0.04,-0.39,0.43
Jason Preston,2024,0.0,0.0,0.1,-0.29,0.16,-0.26,0.43
Wes Iwundu,2019,-0.02,-0.23,-1.2,-1.35,-1.0,-1.43,0.43
Derrick Walton Jr.,2022,0.0,0.0,-0.11,-0.43,-0.02,-0.45,0.43
Marko Simonovic,2023,0.0,0.0,0.08,-0.34,0.1,-0.32,0.42
Malik Beasley,2021,1.41,0.61,0.31,0.84,1.62,1.2,0.42
Oshae Brissett,2020,0.0,0.0,-0.05,-0.49,0.01,-0.41,0.42
Dwight Howard,2017,0.43,-1.33,-1.58,-0.58,-0.97,-1.39,0.42
Patrick Williams,2024,0.39,0.71,0.55,0.2,1.07,0.65,0.42
Markelle Fultz,2022,0.0,0.0,-0.18,-0.44,0.01,-0.41,0.42
JT Thor,2024,0.06,0.8,-0.59,-1.21,-0.08,-0.5,0.42
Damyean Dotson,2018,0.68,0.03,-1.06,-0.75,-0.31,-0.72,0.42
Jeff Withey,2018,0.0,0.0,0.05,-0.35,0.11,-0.31,0.41
Ricky Council IV,2024,0.0,0.0,0.41,0.1,0.56,0.15,0.41
Andrew Nembhard,2024,0.7,0.6,-0.66,-0.68,0.04,-0.37,0.41
Antonius Cleveland,2020,0.35,-0.43,-0.09,0.27,0.29,-0.12,0.41
Tyson Chandler,2017,-0.58,-0.06,0.29,0.16,0.08,-0.32,0.41
Ryan Arcidiacono,2018,0.0,0.0,-0.53,-0.69,-0.39,-0.8,0.41
Dario Saric,2024,1.42,-0.14,0.09,0.92,1.3,0.89,0.41
Ben Simmons,2024,-0.07,-0.43,-0.35,-0.32,-0.33,-0.73,0.41
Luis Scola,2017,0.05,-0.85,0.02,0.77,0.27,-0.14,0.4
Ron Harper Jr.,2023,0.0,0.0,0.2,-0.24,0.22,-0.18,0.4
Davon Reed,2019,0.0,0.0,0.11,-0.23,0.16,-0.24,0.4
Oscar Tshiebwe,2024,0.0,0.0,0.06,-0.32,0.1,-0.3,0.4
Grayson Allen,2022,0.65,0.59,-0.27,-1.07,-0.03,-0.43,0.4
RJ Barrett,2024,1.52,0.64,0.35,1.03,1.5,1.1,0.4
Meyers Leonard,2017,0.34,-0.75,-0.19,0.42,0.22,-0.18,0.4
Ja Morant,2020,0.58,1.38,-0.14,-0.63,0.74,0.34,0.4
Anthony Brown,2017,0.0,0.0,0.04,-0.32,0.11,-0.29,0.39
Evan Turner,2020,0.78,-0.03,-1.21,-0.62,-0.26,-0.65,0.39
Robert Woodard II,2022,0.0,0.0,0.07,-0.3,0.12,-0.27,0.39
Dwayne Bacon,2018,-0.25,-0.1,-0.46,-0.6,-0.42,-0.81,0.39
Amile Jefferson,2019,0.0,0.0,0.72,0.4,0.76,0.37,0.39
Ashton Hagans,2024,0.0,0.0,-0.16,-0.47,0.06,-0.33,0.39
Mario Hezonja,2018,0.94,-0.86,-0.03,1.31,1.07,0.69,0.38
Langston Galloway,2020,1.98,0.36,0.31,1.41,1.94,1.56,0.38
Patrick Beverley,2024,0.88,-0.24,-1.18,-0.72,-0.25,-0.63,0.38
Henry Ellenson,2019,0.0,0.0,0.03,-0.32,0.08,-0.3,0.38
Thon Maker,2017,0.48,-0.37,-0.19,0.11,0.23,-0.15,0.38
Reggie Jackson,2019,0.93,1.25,0.27,-0.18,1.01,0.63,0.38
Josh Jackson,2021,0.61,0.97,-1.38,-1.4,-0.46,-0.83,0.38
Dante Cunningham,2017,0.4,0.36,0.57,0.37,0.98,0.61,0.37
Trevor Ariza,2018,0.8,0.68,0.57,-0.17,0.73,0.36,0.37
Markieff Morris,2023,0.87,0.59,-0.21,-0.22,0.66,0.29,0.37
Nicolas Brussino,2018,0.0,0.0,0.09,-0.28,0.1,-0.27,0.37
Kelan Martin,2020,0.15,-0.39,-1.46,-1.24,-1.11,-1.48,0.37
Gary Trent Jr.,2020,1.21,0.12,0.35,0.96,1.39,1.02,0.37
Thaddeus Young,2024,0.74,0.51,0.63,0.59,1.35,0.98,0.37
T.J. McConnell,2017,0.62,-0.44,-1.14,0.12,-0.05,-0.42,0.37
Justin Holiday,2021,-0.15,-0.24,-0.15,-0.06,0.01,-0.36,0.37
Jaylen Hoard,2022,1.27,-0.41,-0.62,0.73,0.73,0.36,0.37
Alan Williams,2019,0.0,0.0,0.16,-0.18,0.19,-0.18,0.37
Frank Ntilikina,2018,-0.19,0.0,-1.51,-1.62,-1.24,-1.61,0.37
Matt Williams Jr.,2018,0.0,0.0,0.09,-0.28,0.1,-0.27,0.37
JaMychal Green,2017,-0.09,-0.36,-0.23,-0.42,-0.21,-0.58,0.37
Chris McCullough,2017,0.56,1.32,0.65,-0.39,1.22,0.85,0.37
Lance Stephenson,2017,0.0,0.0,-0.51,-0.78,-0.4,-0.77,0.37
Jarrell Brantley,2023,0.0,0.0,-0.0,-0.36,0.03,-0.34,0.37
Thabo Sefolosha,2020,-0.34,-0.29,0.15,-0.09,-0.03,-0.4,0.36
Dorian Finney-Smith,2019,0.33,-0.19,-0.56,-0.18,-0.02,-0.38,0.36
Louis King,2020,0.0,0.0,0.06,-0.26,0.09,-0.27,0.36
Trey Lyles,2017,0.41,-0.17,-0.73,-0.34,-0.21,-0.57,0.36
Dorian Finney-Smith,2018,-0.14,0.01,-0.51,-0.74,-0.45,-0.81,0.36
Trey Lyles,2019,1.28,-0.53,-1.4,-0.1,-0.32,-0.67,0.36
Jay Huff,2022,0.0,0.0,-0.21,-0.56,-0.19,-0.55,0.36
Patty Mills,2024,0.0,0.0,-0.47,-0.71,-0.34,-0.69,0.36
Kelly Oubre Jr.,2019,0.15,-0.57,0.04,0.65,0.52,0.17,0.36
Kentavious Caldwell-Pope,2020,1.14,0.31,0.76,0.55,1.42,1.07,0.36
Quincy Acy,2019,0.0,0.0,-0.38,-0.7,-0.35,-0.71,0.36
Manu Ginobili,2018,0.27,-0.66,0.52,0.79,0.76,0.41,0.35
Max Strus,2020,0.0,0.0,0.32,-0.03,0.33,-0.03,0.35
Walker Kessler,2024,0.29,-0.96,-0.53,0.37,-0.02,-0.37,0.35
Alize Johnson,2020,-0.26,-0.0,0.18,-0.42,0.01,-0.34,0.35
Jordan Goodwin,2023,0.82,-0.67,-1.17,0.05,-0.05,-0.4,0.35
Henry Ellenson,2020,0.0,0.0,-0.09,-0.43,-0.07,-0.42,0.35
Zaza Pachulia,2019,1.01,-0.29,-1.09,-0.05,-0.09,-0.44,0.35
Rodney Hood,2020,0.0,0.0,0.16,-0.15,0.2,-0.15,0.35
Terence Davis,2021,1.07,0.28,-0.45,-0.06,0.66,0.31,0.35
Bismack Biyombo,2020,0.37,0.05,-0.44,-0.11,-0.05,-0.4,0.35
Matt Costello,2018,0.0,0.0,0.34,-0.0,0.36,0.01,0.35
Wesley Matthews,2023,-0.1,-0.16,-0.09,-0.33,0.05,-0.3,0.35
Tyler Dorsey,2019,0.7,0.9,0.22,-0.04,0.99,0.64,0.35
Donte DiVincenzo,2024,2.29,-0.11,0.95,1.83,2.36,2.01,0.35
Jeff Dowtin Jr.,2024,0.0,0.0,0.12,-0.17,0.22,-0.13,0.34
Dewayne Dedmon,2019,-0.02,-0.79,-0.08,0.79,0.17,-0.17,0.34
KZ Okpala,2023,0.0,0.0,-0.6,-0.89,-0.48,-0.83,0.34
D'Angelo Russell,2020,2.29,0.68,0.07,1.51,2.15,1.81,0.34
Tahjere McCall,2019,0.0,0.0,0.22,-0.11,0.23,-0.12,0.34
Justin Anderson,2022,0.41,0.07,0.82,0.87,1.24,0.9,0.34
Khem Birch,2023,0.0,0.0,-0.03,-0.33,0.0,-0.34,0.34
Garrett Temple,2024,0.25,-0.77,-0.95,-0.06,-0.43,-0.77,0.34
Matisse Thybulle,2024,0.0,0.0,-0.56,-0.21,-0.26,-0.6,0.34
Buddy Boeheim,2023,0.0,0.0,-0.08,-0.38,-0.01,-0.35,0.34
Zhaire Smith,2019,0.0,0.0,0.65,0.37,0.78,0.45,0.34
Dennis Schroder,2017,1.13,-0.22,0.08,0.62,1.1,0.77,0.34
Derrick Rose,2017,0.94,1.28,1.36,1.17,2.14,1.81,0.34
Thomas Robinson,2017,0.19,-0.87,-0.09,0.74,0.22,-0.12,0.33
Facundo Campazzo,2023,0.0,0.0,-0.22,-0.51,-0.16,-0.5,0.33
Jerome Robinson,2024,0.0,0.0,-0.07,-0.4,-0.0,-0.33,0.33
T.J. Warren,2019,0.75,1.19,0.29,0.17,1.01,0.68,0.33
Dennis Smith Jr.,2022,0.15,-0.38,-0.92,-0.27,-0.36,-0.68,0.33
Lou Williams,2022,1.71,1.03,0.04,0.46,1.59,1.27,0.33
Matt Ryan,2023,0.0,0.0,0.24,-0.04,0.35,0.02,0.33
T.J. Warren,2023,-0.11,0.73,0.03,-0.85,0.11,-0.22,0.33
Josh Hart,2020,0.59,-0.16,0.13,0.62,0.86,0.54,0.32
Elfrid Payton,2019,0.77,-0.14,0.36,1.04,1.2,0.87,0.32
Jordan Clarkson,2019,1.73,1.12,0.93,1.9,2.57,2.25,0.32
Vander Blue,2018,0.0,0.0,-0.06,-0.37,-0.05,-0.37,0.32
R.J. Hampton,2024,0.0,0.0,0.19,-0.1,0.22,-0.1,0.32
Edmond Sumner,2020,0.24,-0.79,-0.72,0.04,-0.26,-0.58,0.32
Collin Sexton,2023,1.5,0.52,0.53,0.91,1.65,1.34,0.32
JR Smith,2019,0.0,0.0,-0.49,-0.74,-0.47,-0.79,0.32
Devin Vassell,2024,1.57,0.85,-0.59,0.21,0.97,0.65,0.32
Jusuf Nurkic,2020,0.84,0.32,0.77,1.04,1.41,1.09,0.32
Jacob Wiley,2018,0.0,0.0,-0.24,-0.51,-0.24,-0.55,0.31
Amile Jefferson,2020,0.0,0.0,-0.44,-0.74,-0.39,-0.7,0.31
Jordan Ford,2024,0.0,0.0,0.27,-0.07,0.28,-0.03,0.31
Taurean Prince,2017,-0.75,-1.09,-2.34,-2.24,-2.71,-3.03,0.31
Ky Bowman,2020,0.7,-0.66,-1.86,-0.72,-0.88,-1.19,0.31
Dorian Finney-Smith,2017,0.25,0.06,-0.2,0.07,0.35,0.04,0.31
Jamil Wilson,2018,0.0,0.0,-0.24,-0.31,-0.07,-0.38,0.31
Vlatko Cancar,2022,0.0,0.0,-0.11,-0.35,-0.04,-0.35,0.31
Jonas Valanciunas,2017,0.09,-0.65,0.95,1.33,0.73,0.43,0.31
John Collins,2023,0.01,0.08,0.44,0.34,0.44,0.13,0.31
Jarrod Uthoff,2020,0.0,0.0,0.12,-0.16,0.18,-0.12,0.3
Kendrick Nunn,2021,1.51,0.49,-0.32,0.31,1.03,0.73,0.3
Avery Bradley,2018,0.36,-0.37,-0.81,-0.41,-0.49,-0.79,0.3
Miye Oni,2021,0.0,0.0,-0.35,-0.69,-0.17,-0.48,0.3
Jalen Smith,2024,0.91,0.63,0.95,1.29,1.88,1.58,0.3
Josh Okogie,2022,0.0,0.0,-1.36,-1.52,-1.26,-1.56,0.3
Mindaugas Kuzminskas,2017,0.51,0.62,0.07,-0.21,0.58,0.28,0.3
Joshua Primo,2023,0.0,0.0,0.19,-0.09,0.23,-0.08,0.3
Ryan Arcidiacono,2021,0.0,0.0,-0.72,-0.84,-0.51,-0.81,0.3
Dāvis Bertāns,2023,0.77,-0.16,-0.14,0.56,0.7,0.4,0.3
Vince Carter,2020,0.27,-0.34,-0.98,-0.11,-0.33,-0.63,0.3
Tyler Zeller,2019,0.0,0.0,0.21,-0.03,0.27,-0.02,0.29
Paolo Banchero,2023,2.11,1.02,0.02,1.31,1.88,1.59,0.29
Bruce Brown,2023,0.66,-0.16,-0.59,0.28,0.16,-0.13,0.29
Terrence Ross,2019,1.03,1.4,-0.46,-0.62,0.67,0.38,0.29
Ivica Zubac,2021,-0.39,-0.71,-0.07,0.1,-0.5,-0.79,0.29
Eugene Omoruyi,2023,0.41,0.1,0.18,0.41,0.77,0.48,0.29
Myles Turner,2020,-0.6,-1.9,-1.2,-0.54,-1.32,-1.6,0.29
Dirk Nowitzki,2018,0.84,0.51,0.97,1.25,1.62,1.34,0.28
Maozinha Pereira,2024,0.0,0.0,-0.46,-0.71,-0.35,-0.63,0.28
Frank Kaminsky,2019,0.59,1.14,0.43,-0.08,0.93,0.64,0.28
Lamar Patterson,2017,0.0,0.0,-0.05,-0.34,-0.04,-0.33,0.28
KJ Martin,2022,0.0,0.0,0.36,0.99,0.92,0.64,0.28
Josh Richardson,2023,1.2,0.76,-0.92,-0.33,0.23,-0.05,0.28
Nigel Hayes,2018,0.0,0.0,-0.17,-0.44,-0.14,-0.41,0.28
Brandon Ingram,2017,0.02,-0.13,0.81,1.53,1.11,0.83,0.28
Brandon Goodwin,2019,0.0,0.0,0.11,-0.16,0.13,-0.15,0.28
Myles Turner,2018,-0.03,-0.74,-0.14,-0.23,-0.3,-0.57,0.28
Tim Frazier,2020,0.46,-0.27,-0.69,-0.17,-0.07,-0.35,0.28
Michael Carter-Williams,2019,1.13,0.93,0.46,0.58,1.57,1.29,0.28
Courtney Lee,2017,0.15,0.05,0.65,0.96,0.98,0.71,0.28
Grayson Allen,2024,0.89,1.12,1.67,0.81,2.0,1.72,0.28
Dereon Seabron,2023,0.0,0.0,0.12,-0.15,0.13,-0.14,0.27
Isaiah Livers,2022,0.52,0.48,0.88,0.72,1.41,1.13,0.27
T.J. McConnell,2019,0.25,-1.26,0.3,1.23,0.81,0.54,0.27
Tre Mann,2023,0.8,0.16,-0.96,-0.84,-0.0,-0.27,0.27
Bismack Biyombo,2023,-0.76,-0.58,0.05,-0.48,-0.51,-0.77,0.27
Willy Hernangomez,2020,0.14,-0.2,-0.51,-0.39,-0.27,-0.53,0.27
Jevon Carter,2021,1.02,0.36,0.02,0.44,1.12,0.86,0.27
Justin Jackson,2019,0.47,1.06,0.11,-0.15,0.75,0.49,0.27
Kostas Antetokounmpo,2020,0.0,0.0,0.18,-0.05,0.21,-0.05,0.27
Kyle Kuzma,2020,0.3,0.48,0.18,-0.02,0.65,0.39,0.27
Otto Porter Jr.,2024,0.0,0.0,-0.17,-0.42,-0.13,-0.39,0.27
Kelly Oubre Jr.,2017,-0.34,-0.26,-0.59,-0.22,-0.47,-0.73,0.26
Jaren Jackson Jr.,2019,0.22,-0.9,-1.89,-1.29,-1.49,-1.75,0.26
Sasha Vujacic,2017,0.0,0.0,-0.86,-1.02,-0.74,-1.0,0.26
Kevin Love,2020,0.95,1.08,0.73,1.42,1.77,1.51,0.26
Malcolm Hill,2023,0.0,0.0,0.03,-0.23,0.04,-0.22,0.26
Chandler Hutchison,2022,0.0,0.0,-0.01,-0.29,-0.01,-0.27,0.26
Tristan Thompson,2021,-0.27,-0.02,-0.12,-0.47,-0.31,-0.57,0.26
Nate Williams,2024,0.0,0.0,0.24,0.03,0.35,0.09,0.26
Jarron Cumberland,2022,0.0,0.0,0.23,-0.03,0.24,-0.02,0.26
Mike Conley,2020,1.99,0.55,-0.62,0.38,1.02,0.76,0.26
Tremont Waters,2020,0.0,0.0,-0.12,-0.3,-0.03,-0.28,0.26
Yuta Watanabe,2020,0.0,0.0,-0.06,-0.28,0.02,-0.24,0.25
Deividas Sirvydis,2021,0.0,0.0,-0.01,-0.27,0.01,-0.25,0.25
Willie Reed,2018,-0.47,-0.49,0.31,0.09,-0.03,-0.29,0.25
Dewan Hernandez,2020,0.0,0.0,0.22,-0.02,0.27,0.01,0.25
Langston Galloway,2021,0.0,0.0,0.01,-0.07,0.22,-0.03,0.25
Christian Wood,2024,-0.1,-0.26,-0.92,-0.79,-0.62,-0.86,0.25
Anthony Tolliver,2017,0.64,0.39,0.33,0.68,1.0,0.76,0.25
Jaron Blossomgame,2019,-0.12,-0.11,-0.27,-0.21,-0.2,-0.45,0.25
Frank Mason III,2020,0.0,0.0,-0.4,-0.54,-0.23,-0.48,0.25
Deni Avdija,2021,-0.1,0.0,0.22,0.1,0.53,0.28,0.24
Nikola Vucevic,2021,2.53,-0.17,-1.17,1.49,1.09,0.85,0.24
Patrick Patterson,2020,0.94,0.77,-0.78,-0.63,0.25,0.01,0.24
Pat Connaughton,2019,1.09,0.68,0.26,0.35,1.23,0.99,0.24
Jae Crowder,2020,0.91,0.03,0.22,1.16,1.1,0.86,0.24
Mason Jones,2022,0.0,0.0,-0.01,-0.25,0.01,-0.24,0.24
Isaiah Thomas,2021,0.0,0.0,-0.09,-0.32,-0.06,-0.3,0.24
Henry Ellenson,2021,0.0,0.0,-0.27,-0.48,-0.23,-0.47,0.24
Andrew Wiggins,2020,1.89,0.98,0.72,1.84,2.51,2.27,0.24
TyTy Washington Jr.,2023,0.44,-0.04,-0.58,-0.33,-0.02,-0.26,0.24
Kendrick Perkins,2018,0.0,0.0,0.22,-0.01,0.23,-0.01,0.24
Goga Bitadze,2024,0.14,0.67,0.2,-0.44,0.5,0.26,0.24
Jared Dudley,2020,0.29,-0.75,-1.5,-0.58,-0.96,-1.2,0.24
Brice Johnson,2017,0.0,0.0,0.09,-0.14,0.09,-0.15,0.24
Jaylen Morris,2019,0.0,0.0,0.07,-0.17,0.08,-0.16,0.24
Jock Landale,2022,0.15,-0.28,-0.21,0.11,0.19,-0.05,0.24
Devin Robinson,2018,0.0,0.0,0.07,-0.17,0.07,-0.16,0.24
Mark Williams,2023,-0.21,-0.37,-0.95,-0.73,-0.89,-1.13,0.24
Norman Powell,2020,0.75,0.33,-0.46,-0.44,0.25,0.01,0.24
Scottie Barnes,2022,0.53,-0.4,-0.79,-0.59,-0.43,-0.66,0.24
Jeremy Sochan,2023,0.44,0.22,0.28,0.72,0.9,0.67,0.23
Cody Zeller,2018,-0.07,0.93,0.23,-0.62,0.25,0.01,0.23
Axel Toupane,2021,0.0,0.0,-0.22,-0.41,-0.13,-0.36,0.23
Harrison Barnes,2017,0.43,1.07,-0.61,-0.76,0.01,-0.23,0.23
Hamidou Diallo,2021,0.63,-0.3,-0.24,0.69,0.59,0.36,0.23
Markelle Fultz,2019,0.66,-0.54,-1.4,-0.6,-0.73,-0.96,0.23
Moritz Wagner,2023,0.08,0.56,-0.5,-0.7,-0.26,-0.49,0.23
Larry Nance Jr.,2017,0.33,0.27,-0.67,-0.26,-0.3,-0.53,0.23
Alen Smailagic,2020,-0.39,-0.29,0.27,0.05,0.01,-0.22,0.23
Caleb Martin,2021,0.96,-1.19,-1.14,0.52,-0.14,-0.37,0.23
Ja Morant,2021,1.11,1.49,1.64,1.28,2.8,2.58,0.23
Jon Leuer,2018,0.0,0.0,-0.4,-0.58,-0.38,-0.6,0.23
Nik Stauskas,2022,0.0,0.0,-0.07,-0.29,-0.04,-0.27,0.23
Jerian Grant,2018,1.27,-0.52,-1.07,0.85,0.34,0.12,0.22
Mo Bamba,2021,0.11,-0.96,-0.43,0.56,0.05,-0.18,0.22
Alex Abrines,2019,-0.07,-0.16,-1.32,-1.41,-1.21,-1.44,0.22
Brian Bowen II,2020,0.0,0.0,0.1,-0.12,0.14,-0.08,0.22
Jalen Harris,2021,0.0,0.0,0.15,-0.07,0.17,-0.06,0.22
Alex Len,2020,-0.8,-0.91,-1.39,-1.15,-1.77,-1.99,0.22
Derrick Favors,2017,-0.0,-0.3,-0.77,-0.58,-0.75,-0.97,0.22
Marcus Paige,2018,0.0,0.0,0.24,0.04,0.26,0.04,0.22
Keita Bates-Diop,2023,0.47,0.03,-0.57,0.2,0.2,-0.02,0.22
Josh Richardson,2021,0.41,0.02,0.3,0.6,0.63,0.41,0.22
David Nwaba,2022,0.55,0.02,0.17,0.81,0.94,0.72,0.22
Gary Payton II,2019,0.0,0.0,0.1,-0.11,0.11,-0.11,0.22
Kris Dunn,2021,0.0,0.0,0.03,-0.17,0.04,-0.18,0.22
Alex Abrines,2017,0.66,0.17,0.31,0.82,1.17,0.95,0.22
Reggie Bullock Jr.,2018,0.0,0.0,0.23,-0.19,0.13,-0.09,0.22
Kenneth Faried,2019,0.77,0.73,0.73,0.75,1.45,1.23,0.22
Eric Mika,2020,0.0,0.0,0.14,-0.07,0.15,-0.07,0.22
Wesley Matthews,2024,-0.1,-1.02,-0.61,0.12,-0.52,-0.74,0.21
Allen Crabbe,2019,0.39,0.59,-0.55,-0.65,-0.15,-0.36,0.21
Kyle Anderson,2022,0.25,-1.9,-1.02,-0.11,-1.06,-1.27,0.21
John Jenkins,2017,0.0,0.0,0.21,-0.01,0.21,-0.0,0.21
Trevelin Queen,2022,0.0,0.0,0.18,0.02,0.26,0.05,0.21
Luke Kornet,2021,0.0,0.0,-0.42,-0.6,-0.4,-0.61,0.21
Cat Barber,2022,0.0,0.0,0.15,-0.05,0.16,-0.05,0.21
Bruce Brown,2022,0.41,-0.62,0.4,0.75,0.65,0.44,0.21
Matt Mooney,2020,0.0,0.0,-0.18,-0.36,-0.15,-0.36,0.21
Marques Bolden,2021,0.0,0.0,-0.29,-0.46,-0.26,-0.47,0.21
Obi Toppin,2021,0.36,-1.14,-0.37,0.47,0.01,-0.2,0.21
Trevor Hudgins,2023,0.0,0.0,-0.02,-0.22,-0.01,-0.21,0.21
Greg Whittington,2021,0.0,0.0,0.0,-0.2,0.02,-0.19,0.21
Solomon Hill,2021,0.19,-0.08,0.59,0.83,0.91,0.71,0.21
Anthony Morrow,2017,0.95,0.66,-0.18,0.09,0.76,0.56,0.21
JJ Redick,2021,1.03,0.55,0.31,0.72,1.32,1.11,0.21
Jared Harper,2022,0.0,0.0,0.59,0.39,0.62,0.41,0.2
Austin Rivers,2017,0.47,-0.09,0.32,0.95,0.88,0.68,0.2
Timothe Luwawu-Cabarrot,2020,0.82,1.17,-0.53,-0.59,0.56,0.35,0.2
Luka Samanic,2020,0.0,0.0,-0.09,-0.24,-0.03,-0.23,0.2
Robert Woodard II,2021,0.0,0.0,-0.08,-0.26,-0.04,-0.24,0.2
Alex Len,2018,0.44,-0.69,-0.44,0.7,-0.01,-0.21,0.2
Marcus Morris Sr.,2021,0.96,1.55,1.85,1.26,2.49,2.3,0.2
T.J. Warren,2021,0.0,0.0,0.11,-0.06,0.16,-0.04,0.2
Olivier Sarr,2024,0.0,0.0,-0.02,-0.19,0.06,-0.14,0.2
DaQuan Jeffries,2020,0.0,0.0,0.32,0.09,0.34,0.15,0.19
Jordan Hill,2017,0.0,0.0,-0.01,-0.22,0.0,-0.19,0.19
John Lucas III,2017,0.0,0.0,0.03,-0.16,0.04,-0.15,0.19
Marko Simonovic,2022,0.0,0.0,0.01,-0.17,0.04,-0.15,0.19
Austin Rivers,2019,-0.23,0.56,0.17,-0.17,0.31,0.12,0.19
Brandon Goodwin,2021,0.0,0.0,-0.42,-0.55,-0.15,-0.34,0.19
Petr Cornelie,2022,0.0,0.0,-0.01,-0.17,0.04,-0.15,0.19
Chimezie Metu,2022,-0.52,-0.8,-0.7,-0.17,-0.56,-0.75,0.19
Jarred Vanderbilt,2019,0.0,0.0,-0.3,-0.44,-0.27,-0.46,0.19
Grant Williams,2021,0.18,-0.25,-0.12,0.13,0.14,-0.05,0.19
Tony Bradley,2023,0.0,0.0,0.02,-0.16,0.06,-0.13,0.19
Sam Dekker,2017,0.27,-0.07,0.25,0.54,0.7,0.51,0.19
Cody Zeller,2020,1.06,-0.4,-0.23,1.07,0.6,0.41,0.19
Klay Thompson,2023,1.02,1.37,0.56,0.14,1.28,1.1,0.19
Corey Brewer,2020,0.0,0.0,0.24,0.07,0.27,0.08,0.18
Wilson Chandler,2018,0.56,-0.09,0.21,0.18,0.35,0.16,0.18
Kris Dunn,2017,0.5,-1.08,-0.26,0.96,0.32,0.13,0.18
Juancho Hernangomez,2023,0.49,0.35,0.38,0.43,1.0,0.81,0.18
Juancho Hernangomez,2019,0.43,0.08,-0.29,-0.09,0.18,-0.0,0.18
Donovan Williams,2023,0.0,0.0,0.08,-0.1,0.08,-0.1,0.18
Jalen Williams,2023,1.18,-0.29,-0.93,-0.29,-0.05,-0.23,0.18
Lou Williams,2020,1.5,1.56,0.93,0.84,2.08,1.9,0.18
Gary Trent Jr.,2021,1.3,1.47,1.3,1.47,2.46,2.28,0.18
Matt Ryan,2024,0.0,0.0,-0.84,-0.84,-0.61,-0.79,0.18
Julian Washburn,2019,0.0,0.0,-0.04,-0.09,0.08,-0.1,0.18
Dylan Windler,2021,0.0,0.0,0.28,0.29,0.5,0.32,0.18
Kent Bazemore,2017,0.03,-1.28,-0.62,0.14,-0.45,-0.62,0.17
Jaylen Morris,2022,0.0,0.0,0.06,-0.09,0.09,-0.08,0.17
Jared Rhoden,2024,0.0,0.0,0.22,0.25,0.46,0.28,0.17
Malik Beasley,2020,0.79,0.63,0.67,1.0,1.59,1.42,0.17
Dario Saric,2017,0.39,-0.43,-1.05,0.11,-0.2,-0.37,0.17
Shabazz Napier,2020,0.27,0.38,-0.91,-0.53,-0.29,-0.46,0.17
Rodions Kurucs,2020,0.53,-0.7,-1.37,-0.38,-0.77,-0.93,0.17
Josh Green,2021,0.2,-0.1,-0.5,-0.28,-0.18,-0.35,0.17
Jordan Schakel,2023,0.0,0.0,0.07,-0.09,0.09,-0.08,0.17
Mason Plumlee,2024,-0.09,-0.09,0.5,0.5,0.57,0.4,0.17
Ryan Anderson,2020,0.0,0.0,0.11,-0.05,0.11,-0.05,0.17
Serge Ibaka,2019,-0.49,-0.82,0.54,0.58,0.23,0.06,0.17
Emanuel Terry,2019,0.0,0.0,0.16,0.01,0.17,0.01,0.16
Deandre Ayton,2024,0.68,-0.09,-1.29,-0.17,-0.45,-0.62,0.16
Keita Bates-Diop,2019,-0.01,-0.67,-0.25,0.44,0.02,-0.14,0.16
Doug McDermott,2019,0.53,1.3,0.18,-0.24,0.9,0.74,0.16
Thomas Welsh,2019,0.0,0.0,0.04,-0.09,0.07,-0.09,0.16
Bobby Portis,2024,1.16,0.93,1.31,1.54,2.36,2.2,0.16
Nate Hinton,2022,0.0,0.0,0.08,-0.08,0.08,-0.08,0.16
Bol Bol,2022,0.0,0.0,-0.11,-0.23,-0.04,-0.2,0.16
Kyle Korver,2020,0.83,-0.09,-0.23,-0.07,0.49,0.33,0.16
RJ Hunter,2018,0.0,0.0,-0.09,-0.19,-0.04,-0.19,0.16
Markquis Nowell,2024,0.0,0.0,0.03,-0.12,0.04,-0.12,0.16
Hunter Tyson,2024,0.0,0.0,-0.19,-0.32,-0.1,-0.26,0.16
Gorgui Dieng,2020,-0.31,-0.94,-2.99,-1.99,-2.63,-2.79,0.16
Brad Wanamaker,2021,-0.14,0.21,-1.38,-1.53,-1.08,-1.24,0.16
Glenn Robinson III,2017,0.32,-0.2,-1.15,-0.64,-0.54,-0.7,0.16
JaKarr Sampson,2021,-0.87,0.31,0.88,-0.29,0.14,-0.01,0.15
Dzanan Musa,2019,0.0,0.0,-0.08,-0.2,-0.06,-0.21,0.15
Mitchell Creek,2019,0.0,0.0,-0.01,-0.14,0.03,-0.12,0.15
Wade Baldwin IV,2018,0.0,0.0,0.04,-0.08,0.1,-0.06,0.15
Luka Samanic,2021,-0.03,-0.47,-0.49,-0.11,-0.38,-0.53,0.15
Luke Babbitt,2017,0.0,0.0,-0.47,-0.57,-0.42,-0.57,0.15
Filip Petrusev,2024,0.0,0.0,0.03,-0.12,0.04,-0.11,0.15
Reggie Bullock Jr.,2020,0.0,0.0,-0.68,-0.48,-0.44,-0.59,0.15
Richaun Holmes,2018,-0.14,-0.66,-0.18,0.41,0.01,-0.14,0.15
Ish Smith,2020,0.47,-0.17,0.0,0.89,0.62,0.46,0.15
Sidy Cissoko,2024,0.0,0.0,-0.8,-0.9,-0.68,-0.84,0.15
JD Davison,2024,0.0,0.0,0.05,-0.1,0.07,-0.09,0.15
Frank Ntilikina,2019,-0.3,-0.43,-0.43,0.0,-0.31,-0.46,0.15
Tim Hardaway Jr.,2019,1.86,0.84,-0.3,1.17,1.45,1.3,0.15
Marcin Gortat,2017,-1.06,-0.17,1.13,0.66,0.28,0.13,0.15
Isaiah Jackson,2022,0.26,0.76,1.12,0.87,1.36,1.21,0.15
Markelle Fultz,2020,0.32,0.24,0.38,0.58,0.86,0.71,0.15
Javin DeLaurier,2022,0.0,0.0,0.14,0.0,0.15,-0.0,0.15
Devontae Cacok,2020,0.0,0.0,0.13,0.0,0.15,0.0,0.15
Craig Sword,2022,0.0,0.0,-0.04,-0.17,-0.03,-0.18,0.15
Jay Huff,2023,0.0,0.0,0.29,0.23,0.39,0.24,0.15
Jaden Springer,2024,0.37,-0.53,-0.35,0.28,0.21,0.07,0.15
Nik Stauskas,2017,0.04,0.06,0.37,0.68,0.82,0.67,0.15
Edy Tavares,2017,0.0,0.0,0.02,-0.13,0.02,-0.12,0.15
Moses Moody,2024,0.51,0.15,-0.19,-0.16,0.34,0.19,0.15
Nigel Williams-Goss,2020,0.0,0.0,-0.08,-0.19,-0.02,-0.16,0.14
Jaylen Nowell,2020,0.58,0.92,-0.44,-0.82,0.19,0.05,0.14
Russell Westbrook,2023,1.11,0.55,0.5,0.99,1.4,1.26,0.14
Damian Jones,2018,0.0,0.0,-0.23,-0.31,-0.18,-0.32,0.14
Thanasis Antetokounmpo,2021,-0.45,-0.32,-0.66,-0.72,-0.8,-0.94,0.14
Angel Delgado,2019,0.0,0.0,-0.19,-0.32,-0.17,-0.31,0.14
Amari Bailey,2024,0.0,0.0,0.17,0.05,0.22,0.07,0.14
Marco Belinelli,2020,0.85,1.16,0.64,0.3,1.45,1.31,0.14
Ivica Zubac,2024,0.14,-0.52,-0.55,-0.54,-0.63,-0.77,0.14
Lester Quinones,2023,0.0,0.0,0.01,-0.14,0.03,-0.11,0.14
Tyrell Terry,2021,0.0,0.0,-0.53,-0.6,-0.45,-0.59,0.14
Kendall Brown,2023,0.0,0.0,-0.13,-0.25,-0.1,-0.24,0.14
Cory Joseph,2017,0.79,0.01,-0.03,0.73,0.69,0.55,0.14
Vincent Hunter,2018,0.0,0.0,0.07,-0.08,0.07,-0.07,0.14
Jordan Schakel,2022,0.0,0.0,-0.08,-0.2,-0.05,-0.18,0.14
Wilson Chandler,2017,0.43,-1.04,0.46,1.65,0.78,0.64,0.14
Nate Hinton,2024,0.0,0.0,0.03,-0.1,0.1,-0.04,0.14
Dyson Daniels,2023,0.33,-0.58,-1.75,-0.91,-1.21,-1.35,0.14
Chasson Randle,2020,0.0,0.0,0.12,0.04,0.15,0.01,0.14
Darius Days,2023,0.0,0.0,0.01,-0.1,0.03,-0.1,0.14
Omer Yurtseven,2023,0.0,0.0,0.34,0.21,0.41,0.27,0.14
Terrence Ross,2018,0.09,0.16,-0.01,-0.03,0.21,0.07,0.14
Keita Bates-Diop,2021,0.01,-0.78,-0.53,0.21,-0.38,-0.52,0.14
Jamel Artis,2018,-0.14,-0.27,0.06,0.03,-0.01,-0.14,0.14
Malachi Flynn,2021,0.76,0.05,-1.02,-0.39,-0.13,-0.27,0.14
Aaron Brooks,2017,0.7,-0.1,-0.83,-0.03,0.02,-0.11,0.13
Paul Millsap,2021,1.02,-1.12,-0.14,1.29,0.46,0.32,0.13
Marques Bolden,2024,0.0,0.0,-0.26,-0.38,-0.24,-0.38,0.13
Harrison Barnes,2020,0.46,0.69,-0.04,0.49,0.47,0.34,0.13
Killian Tillie,2021,0.0,0.0,-0.27,-0.39,-0.19,-0.32,0.13
Dusty Hannahs,2020,0.0,0.0,0.29,0.16,0.3,0.17,0.13
Taurean Prince,2021,1.12,0.27,0.09,0.98,1.2,1.07,0.13
Alan Williams,2018,0.0,0.0,-0.43,-0.53,-0.39,-0.53,0.13
Troy Daniels,2019,0.0,0.0,-0.05,0.11,0.32,0.19,0.13
Sterling Brown,2021,0.82,0.17,-0.85,0.13,0.27,0.13,0.13
Markelle Fultz,2024,0.71,0.05,-0.67,-0.44,-0.02,-0.15,0.13
Daniel Oturu,2021,0.0,0.0,-0.25,-0.34,-0.18,-0.31,0.13
Tim Frazier,2017,0.7,-0.44,-0.11,0.91,0.74,0.61,0.13
Deonte Burton,2023,0.0,0.0,0.18,0.06,0.19,0.06,0.13
Chris Silva,2021,0.0,0.0,-0.08,-0.17,-0.03,-0.15,0.13
Darius Garland,2021,2.04,-0.18,-0.71,1.26,1.15,1.03,0.12
Deyonta Davis,2017,-0.15,-0.69,-0.55,-0.05,-0.57,-0.69,0.12
Davion Mitchell,2022,0.44,-0.45,-2.08,-0.94,-1.17,-1.29,0.12
Dennis Schroder,2024,1.65,1.12,0.13,0.73,1.61,1.48,0.12
Anthony Brown,2018,0.0,0.0,0.06,-0.05,0.07,-0.05,0.12
Justin Patton,2018,0.0,0.0,0.06,-0.05,0.07,-0.05,0.12
Cole Aldrich,2017,-0.13,-1.02,0.02,0.8,0.02,-0.09,0.12
Anthony Lamb,2022,0.0,0.0,0.02,-0.09,0.03,-0.08,0.12
De'Andre Hunter,2024,0.3,1.12,1.21,0.78,1.6,1.48,0.12
Daniel Theis,2023,0.25,-0.16,-0.22,0.1,0.02,-0.09,0.12
Derrick Jones Jr.,2020,0.42,-0.89,-0.62,0.58,-0.21,-0.32,0.12
Jeremy Pargo,2020,0.0,0.0,0.15,0.07,0.2,0.08,0.12
DeVaughn Akoon-Purcell,2019,0.0,0.0,0.14,0.04,0.15,0.04,0.12
Vic Law,2020,0.0,0.0,-0.3,-0.44,-0.24,-0.35,0.12
Ivica Zubac,2017,0.45,-0.59,-0.52,0.49,-0.08,-0.19,0.11
Stanton Kidd,2020,0.0,0.0,-0.07,-0.18,-0.06,-0.17,0.11
Cole Swider,2023,0.0,0.0,0.17,0.1,0.2,0.09,0.11
Tacko Fall,2020,0.0,0.0,-0.15,-0.25,-0.12,-0.23,0.11
Jodie Meeks,2019,0.0,0.0,0.57,0.45,0.61,0.5,0.11
Dalano Banton,2023,1.17,0.12,-0.87,0.03,0.35,0.23,0.11
Troy Caupain,2019,0.0,0.0,0.17,0.06,0.19,0.08,0.11
Chasson Randle,2017,0.0,0.0,0.26,0.25,0.38,0.27,0.11
Daniel Theis,2018,-0.86,-0.87,-0.41,-0.36,-1.03,-1.14,0.11
Furkan Korkmaz,2023,0.0,0.0,-0.93,-0.98,-0.71,-0.82,0.11
Iman Shumpert,2020,-0.28,-1.22,-0.78,0.1,-0.82,-0.93,0.11
Wesley Johnson,2018,-0.58,-1.17,-1.22,-0.61,-1.33,-1.44,0.11
Marc Gasol,2021,-0.33,-0.27,-0.69,-0.85,-0.98,-1.08,0.11
Jamal Crawford,2020,0.0,0.0,0.11,0.01,0.12,0.01,0.1
Andre Ingram,2019,0.0,0.0,-0.03,-0.14,-0.03,-0.14,0.1
Taze Moore,2024,0.0,0.0,0.13,0.02,0.15,0.05,0.1
Cory Joseph,2021,0.43,-0.71,-0.13,1.2,0.64,0.54,0.1
Malcolm Cazalon,2024,0.0,0.0,0.11,0.01,0.11,0.01,0.1
Willy Hernangomez,2022,0.89,1.1,1.07,0.97,1.97,1.87,0.1
Jack Cooley,2018,0.0,0.0,-0.21,-0.31,-0.19,-0.29,0.1
Bruno Caboclo,2018,0.0,0.0,-0.27,-0.36,-0.25,-0.35,0.1
Cam Reynolds,2019,0.0,0.0,0.04,0.12,0.22,0.12,0.1
Alex Poythress,2019,1.17,0.5,-0.66,0.03,0.46,0.37,0.1
Andrew Wiggins,2021,0.87,-0.25,-1.07,-0.04,-0.03,-0.13,0.1
T.J. Leaf,2019,0.0,0.0,-0.15,-0.0,0.06,-0.03,0.1
Lance Stephenson,2019,0.84,0.45,-0.45,0.19,0.46,0.36,0.1
Jordan Bone,2020,0.0,0.0,0.02,-0.07,0.04,-0.06,0.1
Kelly Olynyk,2017,0.86,-0.44,-1.16,-0.18,-0.52,-0.62,0.1
Facundo Campazzo,2021,-0.67,-1.07,-0.31,0.14,-0.7,-0.79,0.1
Caris LeVert,2018,1.13,-0.42,-1.3,0.38,-0.08,-0.18,0.09
Mason Jones,2024,0.0,0.0,-0.09,-0.19,-0.07,-0.16,0.09
Caris LeVert,2022,1.45,0.77,1.35,2.16,2.52,2.43,0.09
Luka Garza,2023,0.9,1.07,1.0,0.86,1.89,1.79,0.09
Cory Joseph,2024,0.0,0.0,0.54,0.57,0.71,0.62,0.09
Nikola Vucevic,2023,1.16,0.33,0.27,0.92,1.17,1.08,0.09
Tre Scott,2022,0.0,0.0,-0.02,-0.11,-0.0,-0.09,0.09
Damyean Dotson,2022,0.0,0.0,0.09,0.0,0.1,0.01,0.09
Nassir Little,2020,-0.02,-0.1,0.39,0.57,0.56,0.47,0.09
Ivan Rabb,2018,0.6,0.17,0.07,0.95,0.98,0.89,0.09
Rui Hachimura,2023,0.37,-0.8,-1.59,-0.96,-1.09,-1.17,0.09
Andrew Funk,2024,0.0,0.0,0.01,-0.07,0.02,-0.06,0.09
Mo Bamba,2024,0.35,-0.01,-0.95,-0.32,-0.27,-0.36,0.09
Tyler Zeller,2020,0.0,0.0,0.03,-0.05,0.04,-0.05,0.09
Tim Frazier,2018,0.79,-0.08,-0.6,0.57,0.38,0.29,0.08
James Michael McAdoo,2018,0.0,0.0,0.01,-0.07,0.03,-0.05,0.08
Rayjon Tucker,2022,0.0,0.0,0.3,0.3,0.36,0.28,0.08
Johnathan Motley,2020,0.0,0.0,0.13,0.12,0.2,0.11,0.08
Willy Hernangomez,2023,0.41,0.99,-0.34,-0.86,0.13,0.05,0.08
Aaron Nesmith,2021,0.23,0.45,-0.5,-0.67,-0.12,-0.2,0.08
Damian Jones,2017,0.0,0.0,0.04,0.02,0.1,0.02,0.08
Demetrius Jackson,2017,0.0,0.0,0.06,-0.0,0.06,-0.02,0.08
Bruno Caboclo,2017,0.0,0.0,-0.27,-0.33,-0.25,-0.33,0.08
KZ Okpala,2022,0.04,0.32,-0.12,-0.37,-0.02,-0.1,0.08
Chris Silva,2023,0.0,0.0,-0.03,-0.1,-0.03,-0.1,0.08
Tony Allen,2018,0.0,0.0,-0.28,-0.26,-0.16,-0.24,0.08
Naz Mitrou-Long,2018,0.0,0.0,0.05,-0.03,0.05,-0.03,0.08
Justin Anderson,2020,0.0,0.0,-0.09,-0.02,0.06,-0.01,0.08
Cameron Oliver,2022,0.0,0.0,0.26,0.22,0.29,0.21,0.07
Matt Ryan,2022,0.0,0.0,0.02,-0.05,0.03,-0.04,0.07
Jared Dudley,2021,0.0,0.0,-0.13,-0.18,-0.06,-0.13,0.07
Marques Bolden,2020,0.0,0.0,0.01,-0.06,0.01,-0.06,0.07
Xavier Moon,2023,0.0,0.0,-0.14,-0.21,-0.14,-0.21,0.07
Harry Giles III,2021,-0.26,-0.72,-0.82,-0.28,-0.96,-1.04,0.07
Moussa Diabate,2024,0.0,0.0,0.24,0.19,0.27,0.19,0.07
T.J. Leaf,2020,0.0,0.0,-0.76,-0.71,-0.65,-0.72,0.07
Izaiah Brockington,2024,0.0,0.0,0.07,0.01,0.08,0.01,0.07
Rashad Vaughn,2018,0.0,0.0,0.02,0.03,0.14,0.07,0.07
Isaiah Livers,2023,0.21,0.06,-0.65,0.1,0.01,-0.06,0.07
Jarred Vanderbilt,2021,-0.62,-1.2,-1.6,-0.98,-1.89,-1.95,0.07
Yante Maten,2019,0.0,0.0,-0.02,-0.08,-0.0,-0.07,0.07
D.J. Wilson,2024,0.0,0.0,0.1,0.05,0.11,0.05,0.07
Tristan Thompson,2022,0.27,0.5,0.63,0.81,0.92,0.86,0.07
P.J. Tucker,2019,0.0,0.0,0.5,-0.12,-0.01,-0.07,0.07
Kent Bazemore,2022,0.42,-0.83,-1.54,-0.37,-0.98,-1.05,0.07
Bruno Caboclo,2021,0.0,0.0,-0.17,-0.24,-0.15,-0.21,0.06
Stanley Umude,2023,0.0,0.0,0.05,-0.02,0.05,-0.02,0.06
Kostas Antetokounmpo,2019,0.0,0.0,0.02,-0.06,0.02,-0.04,0.06
Jakob Poeltl,2024,-0.11,-0.18,-0.39,-0.15,-0.39,-0.46,0.06
Ish Wainright,2024,0.0,0.0,-0.83,-0.89,-0.79,-0.85,0.06
Malcolm Miller,2018,0.0,0.0,-0.05,-0.1,-0.0,-0.06,0.06
Bojan Bogdanovic,2022,1.21,0.45,0.99,0.88,1.49,1.43,0.06
Nate Wolters,2018,0.0,0.0,0.13,0.07,0.14,0.08,0.06
Ahmad Caver,2022,0.0,0.0,0.04,-0.01,0.05,-0.01,0.06
Mamadi Diakite,2022,0.0,0.0,-0.65,-0.62,-0.58,-0.64,0.06
Dwyane Wade,2019,1.73,-0.42,-1.19,0.13,0.27,0.21,0.06
Garrison Mathews,2023,0.0,0.0,-1.41,-1.32,-1.15,-1.21,0.06
Kyle Singler,2018,0.0,0.0,-0.22,-0.24,-0.17,-0.23,0.06
Hamidou Diallo,2024,0.0,0.0,-0.06,-0.12,-0.05,-0.11,0.06
Evan Mobley,2024,0.49,-1.05,-1.58,-0.7,-1.31,-1.36,0.06
Kadeem Allen,2018,0.0,0.0,-0.33,-0.25,-0.19,-0.24,0.06
Furkan Korkmaz,2019,0.0,0.0,0.67,0.75,0.95,0.9,0.06
Kobi Simmons,2019,0.0,0.0,-0.01,-0.06,-0.0,-0.06,0.05
Damyean Dotson,2019,0.59,0.59,-0.48,0.18,0.55,0.49,0.05
Armoni Brooks,2022,0.0,0.0,0.06,0.23,0.34,0.29,0.05
Louis King,2023,0.0,0.0,0.18,0.12,0.2,0.15,0.05
Raul Neto,2023,0.0,0.0,-0.04,0.16,0.42,0.37,0.05
Henri Drell,2024,0.0,0.0,0.03,-0.03,0.04,-0.01,0.05
Tyrese Martin,2023,0.0,0.0,0.05,0.02,0.12,0.07,0.05
Alonzo Gee,2017,0.0,0.0,-0.1,-0.11,-0.07,-0.12,0.05
Jaden Ivey,2024,1.14,0.74,-0.06,1.36,1.46,1.41,0.05
Joel Ayayi,2022,0.0,0.0,-0.13,-0.17,-0.11,-0.16,0.05
Lavoy Allen,2017,0.5,-0.64,-0.42,0.8,0.15,0.1,0.05
J.P. Macura,2020,0.0,0.0,0.02,-0.03,0.02,-0.03,0.05
Gordon Hayward,2018,0.0,0.0,-0.01,-0.06,-0.02,-0.07,0.05
J.P. Macura,2019,0.0,0.0,-0.16,-0.17,-0.13,-0.18,0.05
Leandro Bolmaro,2022,0.0,0.0,-0.69,-0.54,-0.55,-0.59,0.05
Kostas Antetokounmpo,2021,0.0,0.0,-0.27,-0.29,-0.21,-0.26,0.05
Tyus Jones,2021,1.08,-0.38,-0.97,0.16,0.31,0.27,0.05
Joe Wieskamp,2023,0.0,0.0,-0.41,-0.46,-0.38,-0.43,0.05
Caleb Houstan,2024,0.79,0.81,-0.16,0.03,0.77,0.73,0.05
Dwight Howard,2020,0.03,-0.14,0.53,0.63,0.72,0.68,0.04
Vit Krejci,2023,0.0,0.0,0.12,0.13,0.22,0.18,0.04
James Ennis III,2022,0.0,0.0,0.1,0.1,0.17,0.12,0.04
Jaren Jackson Jr.,2020,1.11,-0.33,-0.44,0.95,0.53,0.49,0.04
Frank Ntilikina,2024,0.0,0.0,0.28,0.24,0.32,0.28,0.04
Timothe Luwawu-Cabarrot,2018,0.5,-0.02,-0.87,-0.42,-0.25,-0.3,0.04
Daryl Macon,2020,0.0,0.0,-0.16,-0.21,-0.16,-0.2,0.04
Wayne Ellington,2019,1.06,-0.3,-0.54,0.36,0.36,0.32,0.04
Garrett Temple,2018,0.96,-0.19,-1.47,-0.4,-0.57,-0.61,0.04
Devon Dotson,2022,0.0,0.0,0.19,0.19,0.27,0.23,0.04
Marshall Plumlee,2018,0.0,0.0,-0.43,-0.45,-0.42,-0.46,0.04
Tristan Thompson,2020,1.33,-0.37,-1.38,0.94,-0.1,-0.13,0.04
Drew Peterson,2024,0.0,0.0,0.06,0.01,0.06,0.02,0.04
Tyler Zeller,2018,0.44,0.73,0.02,-0.12,0.31,0.28,0.04
Leonard Miller,2024,0.0,0.0,-0.16,-0.2,-0.12,-0.15,0.04
Damian Jones,2019,0.0,0.0,0.34,0.44,0.31,0.27,0.04
RaiQuan Gray,2024,0.0,0.0,0.19,0.16,0.22,0.19,0.04
Jahlil Okafor,2021,0.0,0.0,-0.67,-0.58,-0.62,-0.65,0.03
Mangok Mathiang,2018,0.0,0.0,-0.09,-0.11,-0.07,-0.1,0.03
Vlatko Cancar,2020,0.0,0.0,0.07,0.05,0.08,0.05,0.03
Eugene Omoruyi,2022,0.0,0.0,-0.02,-0.05,0.0,-0.03,0.03
Nathan Knight,2022,-0.14,0.36,-0.33,-0.65,-0.29,-0.32,0.03
Jonathan Gibson,2018,0.0,0.0,0.31,0.28,0.33,0.3,0.03
Josh Magette,2020,0.0,0.0,-0.34,-0.36,-0.3,-0.33,0.03
Tim Frazier,2021,0.0,0.0,-0.39,-0.46,-0.39,-0.42,0.03
Landry Shamet,2019,0.87,1.25,0.88,0.74,1.73,1.7,0.03
Danuel House Jr.,2024,0.0,0.0,-0.53,-0.56,-0.39,-0.42,0.03
E'Twaun Moore,2017,0.87,-0.2,-0.45,0.41,0.35,0.32,0.03
Tim Quarterman,2017,0.0,0.0,-0.22,-0.19,-0.15,-0.18,0.03
Devon Dotson,2023,0.0,0.0,-0.12,-0.11,-0.08,-0.11,0.03
Trevon Duval,2019,0.0,0.0,0.06,0.03,0.06,0.03,0.03
Jacob Pullen,2018,0.0,0.0,-0.14,-0.16,-0.13,-0.15,0.03
Jordan Bell,2022,0.0,0.0,0.09,0.06,0.09,0.06,0.03
Nate Williams,2023,0.0,0.0,0.05,0.31,0.27,0.24,0.03
Kelly Oubre Jr.,2022,0.85,0.74,0.39,0.37,1.03,1.0,0.03
Lester Quinones,2024,0.94,0.73,-0.64,-0.43,0.41,0.38,0.03
Jalen Duren,2023,0.15,0.08,-0.73,0.15,-0.2,-0.23,0.03
Adam Flagler,2024,0.0,0.0,0.01,-0.01,0.05,0.02,0.03
Jalen Crutcher,2024,0.0,0.0,0.01,-0.01,0.02,-0.01,0.03
John Holland,2019,0.0,0.0,-0.0,-0.03,-0.0,-0.03,0.03
Mamadi Diakite,2024,0.0,0.0,-0.21,-0.22,-0.17,-0.2,0.03
Mindaugas Kuzminskas,2018,0.0,0.0,-0.08,-0.1,-0.07,-0.1,0.03
Gary Payton II,2021,0.0,0.0,0.0,-0.03,0.0,-0.03,0.03
Tyler Ulis,2019,0.0,0.0,-0.03,-0.05,-0.03,-0.05,0.03
Matt Hurt,2024,0.0,0.0,-0.53,-0.49,-0.43,-0.45,0.03
Tyrone Wallace,2020,-0.33,-0.26,-0.72,-0.66,-0.86,-0.89,0.02
Ade Murkey,2022,0.0,0.0,-0.03,-0.05,-0.03,-0.05,0.02
Danuel House Jr.,2017,0.0,0.0,-0.03,-0.05,-0.03,-0.05,0.02
Alex Len,2023,-1.12,-0.83,-0.43,-0.75,-1.46,-1.49,0.02
Tyler Dorsey,2023,0.0,0.0,-0.08,-0.1,-0.07,-0.1,0.02
Langston Galloway,2022,0.0,0.0,-0.82,-0.69,-0.72,-0.74,0.02
Leandro Bolmaro,2023,0.0,0.0,-0.37,-0.39,-0.33,-0.36,0.02
DeJon Jarreau,2022,0.0,0.0,0.04,0.02,0.04,0.02,0.02
Tyler Johnson,2022,0.0,0.0,0.19,0.28,0.28,0.26,0.02
Jett Howard,2024,0.0,0.0,-0.34,-0.33,-0.25,-0.27,0.02
Luke Babbitt,2018,0.0,0.0,0.48,0.59,0.68,0.65,0.02
Jevon Carter,2019,0.31,-0.81,-1.07,0.12,-0.47,-0.49,0.02
Scotty Pippen Jr.,2023,0.0,0.0,-0.25,-0.25,-0.2,-0.23,0.02
Scott Machado,2019,0.0,0.0,0.05,0.05,0.07,0.05,0.02
Payton Pritchard,2022,1.55,0.56,-0.26,0.52,1.04,1.02,0.02
Micah Potter,2023,0.0,0.0,-0.38,-0.36,-0.33,-0.35,0.02
Alfonzo McKinnie,2021,0.0,0.0,-0.46,-0.38,-0.29,-0.31,0.02
Josh Minott,2024,0.52,0.7,-0.17,-0.38,0.41,0.4,0.01
Xavier Silas,2018,0.0,0.0,0.04,0.05,0.05,0.04,0.01
Tony Parker,2017,0.63,0.71,0.31,-0.24,0.84,0.83,0.01
Paris Bass,2022,0.0,0.0,-0.06,-0.08,-0.05,-0.07,0.01
Feron Hunt,2022,0.0,0.0,-0.14,-0.14,-0.13,-0.14,0.01
Wes Iwundu,2022,0.0,0.0,0.17,0.18,0.2,0.19,0.01
Kemba Walker,2023,0.0,0.0,-0.04,0.07,0.07,0.06,0.01
Tobias Harris,2022,0.52,1.02,0.81,0.36,1.26,1.25,0.01
Zach Lofton,2019,0.0,0.0,-0.01,-0.02,-0.01,-0.02,0.01
Daishen Nix,2022,0.0,0.0,-0.44,-0.2,-0.2,-0.21,0.01
Peyton Watson,2024,-0.02,-0.77,-1.65,-0.95,-1.45,-1.45,0.0
Braxton Key,2023,0.0,0.0,-0.0,-0.01,0.0,-0.0,0.0
Norman Powell,2019,0.64,0.4,-0.56,-0.05,0.26,0.25,0.0
Harrison Barnes,2018,0.69,0.15,-0.78,0.28,-0.04,-0.04,0.0
Tyler Davis,2019,0.0,0.0,-0.03,-0.03,-0.03,-0.03,0.0
Malik Newman,2022,0.0,0.0,-0.05,-0.05,-0.04,-0.04,0.0
Collin Gillespie,2024,0.0,0.0,-0.11,-0.11,0.05,0.05,0.0
Dmytro Skapintsev,2024,0.0,0.0,-0.04,-0.04,-0.03,-0.03,-0.0
Justin Jackson,2024,0.0,0.0,-0.06,-0.05,-0.06,-0.06,-0.0
John Henson,2017,-0.49,-0.26,-0.27,-0.29,-0.55,-0.55,-0.0
Darrun Hilliard,2018,0.0,0.0,0.37,0.43,0.42,0.42,-0.0
Zhou Qi,2019,0.0,0.0,-0.01,-0.0,-0.01,-0.0,-0.0
BJ Johnson,2020,0.0,0.0,-0.3,-0.32,-0.23,-0.23,-0.0
Jaylen Nowell,2024,0.57,0.28,-0.26,-0.02,0.36,0.36,-0.0
Xavier Moon,2022,0.0,0.0,0.21,0.27,0.32,0.32,-0.0
Billy Garrett,2019,0.0,0.0,-0.16,-0.16,-0.13,-0.13,-0.0
Quinndary Weatherspoon,2022,0.0,0.0,0.36,0.47,0.43,0.44,-0.0
Markus Howard,2022,0.0,0.0,0.35,0.46,0.46,0.46,-0.0
Josh McRoberts,2018,0.0,0.0,-0.02,-0.01,-0.02,-0.01,-0.01
Jarnell Stokes,2017,0.0,0.0,0.02,0.03,0.02,0.03,-0.01
Jeremiah Robinson-Earl,2023,-0.01,0.04,0.67,0.6,0.78,0.78,-0.01
Iman Shumpert,2021,0.0,0.0,-0.11,-0.1,-0.1,-0.09,-0.01
Daniel Theis,2024,-0.54,-0.09,0.48,0.44,0.26,0.27,-0.01
Jamorko Pickett,2022,0.0,0.0,0.06,0.1,0.14,0.15,-0.01
Dean Wade,2020,0.0,0.0,0.12,0.21,0.19,0.2,-0.01
Keegan Murray,2023,1.96,1.75,1.11,1.48,2.5,2.51,-0.01
JaVale McGee,2021,-0.24,-0.65,-1.21,-0.61,-1.2,-1.19,-0.01
Rondae Hollis-Jefferson,2018,0.39,0.21,0.19,0.89,0.62,0.63,-0.01
Sindarius Thornwell,2019,-0.5,-0.32,-1.25,-1.22,-1.5,-1.49,-0.01
Usman Garuba,2023,2.22,-1.03,-1.71,0.99,0.24,0.25,-0.01
Alize Johnson,2019,0.0,0.0,0.29,0.37,0.36,0.37,-0.01
Scotty Hopson,2022,0.0,0.0,-0.12,-0.08,-0.1,-0.09,-0.02
Kaiser Gates,2024,0.0,0.0,-0.14,-0.12,-0.13,-0.12,-0.02
Dario Saric,2020,0.46,-0.15,0.03,0.76,0.42,0.44,-0.02
Ike Anigbogu,2019,0.0,0.0,-0.05,-0.02,-0.04,-0.02,-0.02
Jarell Eddie,2018,0.0,0.0,-0.04,-0.01,-0.03,-0.01,-0.02
Nickeil Alexander-Walker,2021,0.93,0.32,-0.78,0.01,0.17,0.19,-0.02
Juancho Hernangomez,2018,0.49,-0.0,-0.28,0.27,0.21,0.23,-0.02
Kyle Alexander,2020,0.0,0.0,-0.15,-0.12,-0.14,-0.12,-0.02
Shamorie Ponds,2020,0.0,0.0,0.13,0.15,0.13,0.16,-0.02
Landry Shamet,2024,0.42,0.21,0.25,0.74,0.9,0.93,-0.02
Trey McKinney-Jones,2018,0.0,0.0,-0.0,0.02,-0.0,0.02,-0.02
Xavier Tillman,2024,0.02,0.73,-0.79,-1.13,-0.48,-0.46,-0.02
Bryn Forbes,2018,0.38,1.44,0.64,-0.0,1.08,1.1,-0.02
Robin Lopez,2019,-0.97,0.08,-0.0,-0.13,-0.45,-0.43,-0.02
Obi Toppin,2023,0.74,0.18,-0.21,0.05,0.57,0.6,-0.02
Josh Reaves,2020,0.0,0.0,-0.15,-0.11,-0.11,-0.09,-0.02
Jaime Echenique,2022,0.0,0.0,-0.08,-0.06,-0.08,-0.05,-0.03
Damion Lee,2022,0.49,0.19,-0.25,0.21,0.46,0.48,-0.03
Kevon Harris,2024,0.0,0.0,0.11,0.14,0.12,0.15,-0.03
Ryan Arcidiacono,2024,0.0,0.0,-0.56,-0.53,-0.49,-0.47,-0.03
Jordan Farmar,2017,0.0,0.0,0.12,0.16,0.14,0.17,-0.03
Javonte Smart,2024,0.0,0.0,-0.03,0.0,-0.03,0.0,-0.03
Jaden Springer,2023,0.0,0.0,-0.09,-0.01,-0.02,0.01,-0.03
C.J. Wilcox,2017,0.0,0.0,-0.18,-0.11,-0.12,-0.09,-0.03
Thomas Bryant,2019,0.44,-0.79,0.09,0.88,0.3,0.33,-0.03
Dillon Brooks,2018,-0.45,0.59,-0.87,-0.72,-0.59,-0.56,-0.03
Jeremy Lin,2018,0.0,0.0,0.12,0.18,0.14,0.17,-0.03
Paul Watson,2021,0.0,0.0,0.24,0.37,0.37,0.4,-0.03
Pete Nance,2024,0.0,0.0,-0.19,-0.17,-0.19,-0.15,-0.03
Tacko Fall,2022,0.0,0.0,-0.18,-0.08,-0.12,-0.09,-0.04
Hamidou Diallo,2020,-0.59,-0.06,-1.09,-1.14,-1.1,-1.06,-0.04
Tyson Chandler,2020,0.0,0.0,-0.35,-0.34,-0.38,-0.35,-0.04
Scottie Lewis,2022,0.0,0.0,-0.03,0.01,-0.02,0.02,-0.04
Mfiondu Kabengele,2020,0.0,0.0,-0.02,0.1,0.07,0.11,-0.04
Mac McClung,2022,0.0,0.0,0.12,0.15,0.12,0.16,-0.04
Joshua Primo,2024,0.0,0.0,-0.08,-0.03,-0.05,-0.01,-0.04
Anthony Tolliver,2020,0.23,-0.71,-0.16,0.79,0.25,0.29,-0.04
Gary Clark,2020,1.18,0.26,-0.81,0.39,0.41,0.45,-0.04
Jack White,2023,0.0,0.0,-0.23,-0.13,-0.14,-0.1,-0.04
Theo Pinson,2019,0.0,0.0,-1.17,-1.03,-1.07,-1.03,-0.04
Vincent Edwards,2019,0.0,0.0,-0.02,0.05,0.0,0.05,-0.04
Malik Beasley,2019,1.11,1.44,0.9,0.65,1.71,1.75,-0.04
Zavier Simpson,2024,0.0,0.0,-0.7,-0.62,-0.54,-0.5,-0.04
Dexter Dennis,2024,0.0,0.0,-0.3,-0.21,-0.26,-0.21,-0.04
Danny Green,2024,0.0,0.0,0.0,0.02,-0.01,0.04,-0.04
Skylar Mays,2024,1.11,-0.37,-0.99,0.59,0.36,0.4,-0.04
Tony Bradley,2018,0.0,0.0,-0.03,-0.01,-0.02,0.03,-0.04
Sterling Brown,2023,0.0,0.0,-0.12,-0.04,-0.1,-0.06,-0.05
Elijah Bryant,2021,0.0,0.0,-0.05,-0.01,-0.05,-0.01,-0.05
PJ Dozier,2018,0.0,0.0,-0.05,-0.01,-0.05,-0.01,-0.05
Jevon Carter,2022,0.77,-0.33,-0.81,0.38,0.14,0.19,-0.05
Jaylen Brown,2019,0.36,0.51,-0.44,-0.34,0.08,0.13,-0.05
Rodney Stuckey,2017,0.0,0.0,-0.21,0.15,0.07,0.11,-0.05
Chris Boucher,2018,0.0,0.0,-0.05,-0.0,-0.05,-0.0,-0.05
Kalin Lucas,2019,0.0,0.0,-0.14,-0.09,-0.14,-0.09,-0.05
Malik Fitts,2021,0.0,0.0,-0.06,-0.01,-0.06,-0.01,-0.05
Rodions Kurucs,2021,0.0,0.0,-0.39,-0.29,-0.28,-0.23,-0.05
Sindarius Thornwell,2020,0.0,0.0,0.28,0.36,0.32,0.37,-0.05
Justin James,2020,0.0,0.0,-0.98,-0.84,-0.78,-0.73,-0.05
Cristiano Felicio,2021,0.0,0.0,-0.53,-0.44,-0.48,-0.43,-0.05
Cassius Winston,2022,0.0,0.0,-0.04,0.05,-0.0,0.05,-0.05
Joe Chealey,2019,0.0,0.0,-0.05,0.01,-0.05,0.01,-0.05
Ryan Broekhoff,2020,0.0,0.0,0.4,0.47,0.49,0.54,-0.05
David Duke Jr.,2024,0.0,0.0,0.21,0.29,0.25,0.31,-0.06
Ray Spalding,2019,0.08,0.05,-0.39,-0.24,-0.23,-0.18,-0.06
Mason Plumlee,2018,-0.49,-0.86,-0.18,0.17,-0.45,-0.4,-0.06
Carmelo Anthony,2022,1.17,1.2,0.28,0.71,1.25,1.3,-0.06
Gary Clark,2019,0.5,0.27,0.3,0.66,0.86,0.92,-0.06
DJ Stephens,2019,0.0,0.0,-0.13,-0.07,-0.12,-0.07,-0.06
Marcus Derrickson,2019,0.0,0.0,-0.22,-0.14,-0.19,-0.13,-0.06
Ty-Shon Alexander,2021,0.0,0.0,0.1,0.14,0.11,0.17,-0.06
Frank Jackson,2023,0.0,0.0,-0.04,0.02,-0.04,0.02,-0.06
Tony Snell,2021,0.14,0.56,0.45,0.29,0.45,0.5,-0.06
Emmanuel Mudiay,2022,0.0,0.0,-0.13,-0.06,-0.11,-0.05,-0.06
Okaro White,2018,0.0,0.0,-0.14,-0.08,-0.12,-0.06,-0.06
Dylan Windler,2023,0.0,0.0,-0.07,-0.0,-0.06,0.0,-0.06
Jon Teske,2022,0.0,0.0,-0.09,-0.03,-0.08,-0.02,-0.06
Javonte Green,2021,0.22,-0.32,-0.67,0.06,-0.27,-0.21,-0.06
Donte Grantham,2019,0.0,0.0,-0.03,0.03,-0.03,0.03,-0.06
Terquavion Smith,2024,0.0,0.0,0.29,0.39,0.38,0.44,-0.06
Cody Martin,2024,0.0,0.0,-0.71,-0.27,-0.41,-0.34,-0.06
Jake Layman,2017,0.0,0.0,-0.69,-0.52,-0.53,-0.47,-0.06
Dewayne Dedmon,2018,-0.38,-0.85,-0.2,0.26,-0.41,-0.34,-0.06
Deandre Ayton,2019,0.26,0.41,-0.38,0.29,-0.07,-0.0,-0.07
Joakim Noah,2018,0.0,0.0,-0.45,-0.36,-0.43,-0.37,-0.07
Jameel Warney,2018,0.0,0.0,0.04,0.11,0.03,0.1,-0.07
Monte Morris,2018,0.0,0.0,0.02,0.1,0.04,0.11,-0.07
Mike Miller,2017,0.0,0.0,-0.14,-0.0,-0.07,-0.0,-0.07
Devonte' Graham,2019,0.98,-0.29,-0.78,0.67,0.19,0.26,-0.07
Josh Huestis,2017,0.0,0.0,0.04,0.11,0.05,0.12,-0.07
Malik Newman,2020,0.0,0.0,-0.09,-0.02,-0.09,-0.01,-0.07
Landry Shamet,2020,0.4,-0.12,-0.11,0.42,0.2,0.27,-0.07
Yogi Ferrell,2021,0.0,0.0,-0.16,-0.03,-0.1,-0.03,-0.07
James Johnson,2024,0.0,0.0,0.12,0.18,0.14,0.21,-0.07
Alondes Williams,2023,0.0,0.0,-0.02,0.06,-0.02,0.06,-0.07
Jerian Grant,2020,0.0,0.0,-0.02,0.14,0.09,0.16,-0.07
Isaiah Roby,2020,0.0,0.0,-0.1,-0.02,-0.08,-0.01,-0.07
David Johnson,2022,0.0,0.0,-0.06,0.01,-0.06,0.01,-0.08
Jalen Lecque,2021,0.0,0.0,-0.18,-0.1,-0.17,-0.09,-0.08
Gabe York,2022,0.0,0.0,-0.03,0.08,-0.02,0.06,-0.08
Jerome Robinson,2020,-0.08,0.29,-0.87,-0.51,-0.41,-0.33,-0.08
Michael Foster Jr.,2023,0.0,0.0,-0.06,0.02,-0.06,0.02,-0.08
Gerald Green,2019,1.01,1.41,0.97,1.03,1.88,1.96,-0.08
E.J. Liddell,2024,0.0,0.0,-0.02,0.07,0.0,0.08,-0.08
Tyler Hall,2022,0.0,0.0,-0.06,0.02,-0.06,0.02,-0.08
Matt Mooney,2022,0.0,0.0,-0.06,0.02,-0.06,0.02,-0.08
T.J. McConnell,2022,0.57,0.08,-0.22,0.49,0.43,0.51,-0.08
Jalen Lecque,2020,0.0,0.0,-0.24,-0.14,-0.21,-0.13,-0.08
Tyrell Terry,2022,0.0,0.0,0.03,0.11,0.03,0.12,-0.08
Dario Saric,2023,0.36,0.89,0.15,0.07,0.72,0.8,-0.08
Ashton Hagans,2021,0.0,0.0,-0.12,-0.04,-0.12,-0.04,-0.08
Jason Preston,2023,0.0,0.0,0.04,0.14,0.14,0.22,-0.08
Chinanu Onuaku,2018,0.0,0.0,-0.19,-0.08,-0.16,-0.08,-0.08
Kendrick Nunn,2023,1.36,0.68,-0.68,0.23,0.73,0.82,-0.09
Nick Collison,2018,0.0,0.0,-0.18,-0.07,-0.13,-0.04,-0.09
Trey Murphy III,2023,1.35,1.37,0.04,0.78,1.19,1.27,-0.09
Michael Gbinije,2017,0.0,0.0,-0.02,0.06,-0.0,0.08,-0.09
Jared Butler,2023,0.0,0.0,-0.22,-0.15,-0.15,-0.06,-0.09
Gary Neal,2017,0.0,0.0,-0.14,-0.05,-0.12,-0.04,-0.09
Jalen McDaniels,2020,-0.02,0.34,0.15,0.0,0.23,0.31,-0.09
Charlie Brown Jr.,2024,0.0,0.0,-0.14,-0.07,-0.11,-0.02,-0.09
Troy Williams,2018,0.0,0.0,0.27,0.5,0.38,0.47,-0.09
DaQuan Jeffries,2022,0.0,0.0,-0.07,0.02,-0.06,0.03,-0.09
Dwight Howard,2021,0.31,-1.55,-2.08,-0.07,-1.48,-1.39,-0.09
Jahmi'us Ramsey,2024,0.0,0.0,-0.41,-0.17,-0.29,-0.2,-0.09
Jordan Clarkson,2018,1.84,1.15,-1.17,-0.55,0.13,0.22,-0.09
Darius Bazley,2024,0.0,0.0,0.37,0.55,0.5,0.59,-0.09
Cameron Payne,2017,0.16,-0.48,-1.43,-0.55,-1.05,-0.96,-0.09
Gary Harris,2023,0.38,0.23,0.83,1.36,1.26,1.35,-0.09
Dwyane Wade,2017,1.94,-0.02,-1.01,0.48,0.46,0.56,-0.09
Josh Giddey,2022,0.68,-0.57,-1.94,-0.42,-0.98,-0.88,-0.09
Georgios Papagiannis,2018,0.0,0.0,0.34,0.49,0.37,0.46,-0.09
Eric Gordon,2021,1.02,1.19,-0.16,0.08,0.95,1.05,-0.1
Rawle Alkins,2019,0.0,0.0,0.08,0.28,0.2,0.3,-0.1
Meyers Leonard,2021,0.0,0.0,-0.12,0.01,-0.1,-0.01,-0.1
KJ Martin,2021,0.0,0.0,-0.35,0.18,-0.03,0.07,-0.1
Willy Hernangomez,2021,0.34,1.02,1.19,0.82,1.61,1.71,-0.1
Isaiah Hicks,2019,0.0,0.0,-0.04,0.03,-0.05,0.05,-0.1
Isaiah Wong,2024,0.0,0.0,-0.08,0.02,-0.07,0.02,-0.1
Sam Dekker,2022,0.0,0.0,-0.03,0.07,-0.03,0.07,-0.1
Steve Novak,2017,0.0,0.0,-0.07,0.03,-0.06,0.04,-0.1
Nikola Jovic,2023,0.0,0.0,-0.32,-0.08,-0.2,-0.1,-0.1
Rodney Hood,2019,0.68,0.21,-0.62,0.56,0.21,0.31,-0.1
Tristan Thompson,2019,0.8,0.01,-0.02,1.36,0.8,0.91,-0.1
GG Jackson II,2024,0.82,0.17,-1.75,-0.81,-0.56,-0.45,-0.1
Tyler Cook,2020,0.0,0.0,0.07,0.22,0.13,0.24,-0.1
Okaro White,2019,0.0,0.0,-0.13,-0.03,-0.13,-0.02,-0.1
Rudy Gobert,2023,-0.56,-1.48,-1.95,-1.16,-2.11,-2.01,-0.1
Brandon Rush,2017,-0.35,-0.5,-0.18,0.27,-0.21,-0.11,-0.1
Moses Brown,2024,0.62,-0.07,-0.09,0.73,0.6,0.7,-0.1
Derrick Jones Jr.,2024,0.53,0.14,-0.9,-0.36,-0.64,-0.54,-0.11
Mike Scott,2019,0.31,0.83,-0.43,-0.54,0.05,0.15,-0.11
Kent Bazemore,2019,0.62,-1.02,-2.27,-0.42,-1.42,-1.32,-0.11
Jordan Poole,2020,0.39,-0.03,-1.09,-0.23,-0.37,-0.27,-0.11
Greivis Vasquez,2017,0.0,0.0,-0.04,0.11,-0.03,0.08,-0.11
Jared Harper,2021,0.0,0.0,0.02,0.13,0.03,0.14,-0.11
Devontae Cacok,2021,-0.06,0.29,0.16,-0.01,0.18,0.29,-0.11
MJ Walker,2022,0.0,0.0,-0.19,-0.08,-0.18,-0.07,-0.11
Jacob Gilyard,2023,0.0,0.0,-0.16,-0.03,-0.1,0.01,-0.11
Jeremy Evans,2018,0.0,0.0,-0.01,0.11,0.0,0.11,-0.11
Brandon Sampson,2019,-0.51,-0.47,0.25,0.53,0.01,0.13,-0.11
Josh Gray,2020,0.0,0.0,-0.33,-0.19,-0.31,-0.19,-0.12
Brandon Clarke,2024,0.0,0.0,-0.33,-0.22,-0.28,-0.17,-0.12
Devin Cannady,2021,0.0,0.0,-0.02,0.1,-0.01,0.11,-0.12
James Bouknight,2024,0.0,0.0,0.03,0.21,0.15,0.26,-0.12
Derrick Williams,2018,0.0,0.0,-0.37,-0.24,-0.36,-0.24,-0.12
Georges Niang,2017,0.0,0.0,-0.12,0.02,-0.07,0.05,-0.12
Johnny Juzang,2024,0.0,0.0,-0.14,0.26,0.17,0.29,-0.12
Luis Montero,2018,0.0,0.0,-0.14,-0.02,-0.13,-0.01,-0.12
Elijah Millsap,2017,0.0,0.0,-0.2,-0.06,-0.18,-0.06,-0.12
CJ Miles,2020,0.0,0.0,0.14,0.29,0.18,0.3,-0.12
Chandler Parsons,2019,0.15,0.07,-0.77,-0.38,-0.49,-0.37,-0.12
Zach LaVine,2018,1.45,-0.08,-0.35,1.42,0.99,1.1,-0.12
Doug McDermott,2018,0.26,0.2,-0.37,0.07,0.2,0.32,-0.12
Domantas Sabonis,2017,-0.47,-0.43,-1.69,-1.44,-2.0,-1.88,-0.12
Jordan Sibert,2019,0.0,0.0,0.06,0.17,0.06,0.18,-0.12
Darius Miller,2018,0.24,0.4,1.02,1.45,1.48,1.6,-0.12
Josh Okogie,2020,0.03,0.08,-0.47,0.11,-0.23,-0.11,-0.12
Joe Johnson,2022,0.0,0.0,-0.01,0.11,-0.01,0.11,-0.12
CJ Miles,2022,0.0,0.0,-0.01,0.11,-0.01,0.11,-0.12
Terance Mann,2020,0.0,0.0,-0.94,-0.56,-0.64,-0.52,-0.12
James Johnson,2020,0.35,-0.42,0.21,1.29,0.64,0.76,-0.12
Avery Bradley,2019,0.37,0.68,-0.74,-0.35,-0.19,-0.07,-0.12
Chandler Parsons,2018,1.17,0.29,0.58,1.6,1.67,1.8,-0.12
Sam Hauser,2022,0.0,0.0,-0.21,-0.01,-0.11,0.01,-0.12
Sam Merrill,2023,0.0,0.0,-0.31,-0.17,-0.21,-0.09,-0.12
Tyler Lydon,2018,0.0,0.0,-0.01,0.12,-0.0,0.12,-0.12
Edmond Sumner,2018,0.0,0.0,-0.06,0.07,-0.06,0.07,-0.12
Ersan Ilyasova,2021,0.0,0.0,-0.13,0.03,-0.08,0.04,-0.13
Yuta Watanabe,2023,0.3,1.04,0.33,0.23,0.84,0.97,-0.13
Chris Clemons,2020,1.18,-0.13,-1.59,-0.07,-0.29,-0.16,-0.13
Jabari Parker,2022,0.0,0.0,-0.26,-0.06,-0.21,-0.08,-0.13
Xavier Tillman,2022,0.69,-0.16,-1.06,-0.3,-0.34,-0.21,-0.13
Xavier Tillman,2023,0.27,-1.04,-1.1,0.2,-0.75,-0.62,-0.13
Ayo Dosunmu,2024,1.21,-0.03,-0.76,0.43,0.28,0.41,-0.13
Quenton Jackson,2024,0.0,0.0,-0.13,0.0,-0.13,0.01,-0.13
Ray Spalding,2021,0.0,0.0,-0.17,-0.0,-0.14,-0.01,-0.13
Shaq Buchanan,2022,0.0,0.0,-0.05,0.07,-0.05,0.09,-0.13
Omri Casspi,2018,-0.56,-0.12,-0.33,-0.36,-0.61,-0.48,-0.13
Justin Patton,2019,0.0,0.0,-0.16,-0.03,-0.15,-0.02,-0.13
Reggie Hearn,2018,0.0,0.0,-0.07,0.07,-0.06,0.07,-0.13
Shake Milton,2020,0.9,0.5,1.8,2.41,2.64,2.77,-0.14
Cam Reynolds,2021,0.0,0.0,-0.17,-0.03,-0.16,-0.02,-0.14
Devon Dotson,2021,0.0,0.0,-0.31,-0.16,-0.29,-0.15,-0.14
Brandon Knight,2022,0.0,0.0,-0.26,-0.08,-0.21,-0.07,-0.14
Isaiah Thomas,2024,0.0,0.0,-0.09,0.06,-0.07,0.07,-0.14
Jeff Dowtin Jr.,2023,0.0,0.0,0.15,0.3,0.25,0.39,-0.14
Justin Champagnie,2023,0.0,0.0,0.19,0.33,0.23,0.36,-0.14
Nick Young,2019,0.0,0.0,-0.12,0.02,-0.11,0.03,-0.14
Roy Hibbert,2017,-0.55,-0.37,-0.49,-0.27,-0.82,-0.68,-0.14
Eugene Omoruyi,2024,1.05,-0.53,-1.72,0.02,-0.48,-0.34,-0.14
Cam Reddish,2024,0.12,-0.89,-1.18,-0.27,-0.87,-0.73,-0.14
Rajon Rondo,2020,0.0,0.0,0.73,1.05,0.91,1.05,-0.14
Gabe Vincent,2024,0.0,0.0,-0.8,-0.61,-0.71,-0.57,-0.14
Malcolm Miller,2019,0.0,0.0,-0.09,0.13,-0.01,0.14,-0.14
Brandon Knight,2020,0.0,0.0,0.5,1.12,0.82,0.97,-0.14
Erik McCree,2018,0.0,0.0,-0.02,0.12,-0.02,0.13,-0.15
P.J. Tucker,2023,-0.07,0.14,0.88,0.88,0.77,0.91,-0.15
Udonis Haslem,2018,0.0,0.0,-0.42,-0.25,-0.37,-0.22,-0.15
James Webb III,2018,0.0,0.0,-0.02,0.29,0.04,0.19,-0.15
T.J. Warren,2018,0.61,0.81,0.09,1.29,1.06,1.21,-0.15
Jalen Pickett,2024,0.0,0.0,-0.43,-0.25,-0.29,-0.14,-0.15
Austin Rivers,2022,-0.4,0.41,0.8,0.6,0.74,0.89,-0.15
Jalen Slawson,2024,0.0,0.0,-0.08,0.07,-0.05,0.11,-0.15
Luc Mbah a Moute,2020,0.0,0.0,-0.27,-0.08,-0.22,-0.06,-0.16
Isaac Bonga,2021,0.03,0.42,-1.52,-1.54,-1.34,-1.19,-0.16
Norman Powell,2017,0.34,0.93,0.31,0.36,0.71,0.87,-0.16
Scotty Hopson,2018,0.0,0.0,-0.11,0.05,-0.11,0.05,-0.16
Josh Smith,2018,0.0,0.0,-0.24,-0.07,-0.23,-0.07,-0.16
Cody Martin,2023,0.0,0.0,-0.02,0.19,0.04,0.2,-0.16
Greg Brown III,2024,0.0,0.0,-0.16,0.05,-0.11,0.06,-0.16
Marcin Gortat,2018,-1.02,-0.6,-0.38,-0.49,-1.21,-1.05,-0.16
Jaden Springer,2022,0.0,0.0,-0.05,0.12,-0.04,0.13,-0.17
Rodney McGruder,2020,-0.17,-0.14,-0.33,0.34,0.0,0.17,-0.17
Nick Young,2017,-0.4,1.72,1.0,0.78,1.3,1.46,-0.17
Ramon Sessions,2017,0.57,-0.27,-1.04,0.24,-0.21,-0.04,-0.17
Jarell Eddie,2017,0.0,0.0,-0.46,-0.29,-0.43,-0.26,-0.17
Noah Clowney,2024,-0.5,-0.41,-0.61,-0.39,-0.91,-0.74,-0.17
Xavier Sneed,2022,0.0,0.0,-0.3,-0.1,-0.28,-0.11,-0.17
Mfiondu Kabengele,2023,0.0,0.0,-0.07,0.11,-0.03,0.14,-0.17
Christian Braun,2024,0.84,-0.06,-1.45,-0.54,-0.5,-0.32,-0.17
George King,2019,0.0,0.0,0.01,0.19,0.01,0.18,-0.17
Kyle Lowry,2024,0.59,-0.08,-1.2,-0.16,-0.41,-0.23,-0.17
Daniel Theis,2022,-0.38,0.17,-1.14,-0.95,-1.1,-0.93,-0.17
Aaron Harrison,2017,0.0,0.0,-0.19,-0.01,-0.18,-0.01,-0.17
Taurean Prince,2022,0.5,0.03,-0.14,0.49,0.33,0.51,-0.17
Josh Hall,2021,0.0,0.0,-0.53,-0.21,-0.39,-0.22,-0.18
Moses Wright,2022,0.0,0.0,-0.04,0.15,-0.02,0.16,-0.18
Freddie Gillespie,2022,0.0,0.0,-0.36,-0.05,-0.26,-0.09,-0.18
Zhaire Smith,2020,0.0,0.0,-0.01,0.17,0.0,0.18,-0.18
Shaquille Harrison,2022,0.0,0.0,-0.18,0.02,-0.15,0.03,-0.18
Chima Moneke,2023,0.0,0.0,-0.11,0.07,-0.11,0.07,-0.18
Nemanja Bjelica,2021,1.02,0.01,-0.24,0.9,0.76,0.94,-0.18
Brandon Clarke,2023,-0.04,-0.67,-1.33,-0.64,-1.26,-1.08,-0.18
Cole Swider,2024,0.0,0.0,-0.32,-0.08,-0.21,-0.02,-0.19
CJ Miles,2019,0.58,-0.28,-0.99,-0.06,-0.38,-0.19,-0.19
Jalen Jones,2018,0.35,0.28,0.49,0.92,0.97,1.15,-0.19
Matthew Dellavedova,2019,0.32,0.69,-1.1,-0.86,-0.57,-0.38,-0.19
Rob Edwards,2022,0.0,0.0,-0.27,-0.08,-0.27,-0.08,-0.19
Haywood Highsmith,2023,-0.29,-0.44,-1.37,-0.64,-1.14,-0.96,-0.19
Salah Mejri,2019,0.31,-0.51,-0.48,0.49,-0.1,0.09,-0.19
Jontay Porter,2021,0.0,0.0,-0.43,-0.25,-0.4,-0.21,-0.19
Precious Achiuwa,2024,1.23,0.15,-0.84,0.12,0.16,0.34,-0.19
JaQuori McLaughlin,2022,0.0,0.0,-0.02,0.18,-0.0,0.19,-0.19
Tyler Herro,2021,1.14,0.27,-0.58,0.25,0.55,0.74,-0.19
Dillon Brooks,2019,0.52,0.92,0.23,0.06,0.75,0.94,-0.19
Wayne Ellington,2022,1.26,0.68,-0.32,0.49,0.84,1.03,-0.19
Bismack Biyombo,2022,-0.39,0.01,0.16,-0.05,-0.15,0.05,-0.19
Jordan Goodwin,2022,0.0,0.0,-0.12,0.08,-0.11,0.08,-0.19
Ignas Brazdeikis,2020,0.0,0.0,0.08,0.28,0.1,0.3,-0.19
Melvin Frazier Jr.,2019,0.0,0.0,-0.07,0.15,-0.02,0.17,-0.19
Andrew Wiggins,2018,0.13,1.22,0.42,-0.04,0.56,0.75,-0.2
Rodney McGruder,2019,0.82,-0.53,-1.02,0.07,-0.22,-0.02,-0.2
D'Angelo Russell,2017,1.26,0.46,-0.09,1.84,1.42,1.62,-0.2
Pat Connaughton,2020,0.58,-0.69,-0.53,0.21,0.07,0.27,-0.2
Norris Cole,2017,0.0,0.0,-0.34,-0.03,-0.23,-0.03,-0.2
Isaac Humphries,2019,0.0,0.0,-0.15,0.12,-0.09,0.11,-0.2
Stanley Johnson,2018,0.05,-0.5,-0.96,-0.6,-0.93,-0.73,-0.2
Trayvon Palmer,2022,0.0,0.0,-0.28,-0.06,-0.26,-0.06,-0.2
Luol Deng,2018,0.0,0.0,-0.1,0.11,-0.09,0.12,-0.2
Cassius Stanley,2021,0.29,0.25,-0.49,-0.25,-0.17,0.03,-0.2
Avery Bradley,2017,1.31,0.6,-0.25,0.69,0.67,0.87,-0.2
Terrence Jones,2017,0.25,-0.12,-0.39,0.35,-0.08,0.12,-0.2
Brian Bowen II,2021,0.0,0.0,-0.23,-0.02,-0.22,-0.01,-0.21
Michael Beasley,2017,-0.08,-0.59,0.09,0.98,0.23,0.43,-0.21
Keljin Blevins,2021,0.0,0.0,-0.55,-0.35,-0.5,-0.29,-0.21
Jerryd Bayless,2017,0.0,0.0,-0.17,0.12,-0.12,0.09,-0.21
Walt Lemon Jr.,2018,0.0,0.0,0.15,0.39,0.17,0.38,-0.21
Talen Horton-Tucker,2020,0.0,0.0,-0.43,-0.09,-0.31,-0.1,-0.21
Georges Niang,2022,0.2,0.64,0.17,0.43,0.66,0.87,-0.21
Jordan Crawford,2018,0.0,0.0,0.42,0.65,0.44,0.65,-0.21
BJ Johnson,2022,0.0,0.0,-0.02,0.22,0.04,0.25,-0.21
Dylan Windler,2022,-0.61,-0.72,-1.12,-0.81,-1.47,-1.26,-0.21
Cheick Diallo,2019,-1.29,-1.72,-0.5,0.62,-0.99,-0.78,-0.21
Bobby Portis,2019,0.7,1.04,1.16,1.35,1.68,1.89,-0.21
Isaiah Jackson,2023,0.14,-0.35,-0.35,0.54,-0.05,0.16,-0.21
Donte DiVincenzo,2022,0.41,-0.81,-0.81,0.35,-0.33,-0.11,-0.21
Walt Lemon Jr.,2019,0.0,0.0,-0.26,0.14,-0.05,0.17,-0.21
T.J. Warren,2017,0.0,0.0,0.9,1.86,1.3,1.52,-0.22
Tyler Johnson,2019,1.37,-0.26,-0.96,0.42,0.22,0.44,-0.22
Skal Labissiere,2019,0.0,0.0,0.62,1.04,0.81,1.02,-0.22
Seth Lundy,2024,0.0,0.0,-0.11,0.15,-0.06,0.15,-0.22
Chuma Okeke,2022,0.89,-1.44,-2.89,-0.74,-1.97,-1.75,-0.22
D.J. Wilson,2022,0.0,0.0,-0.09,0.15,-0.07,0.15,-0.22
C.J. Williams,2018,0.28,0.69,-0.43,-0.2,0.08,0.29,-0.22
Kyle Kuzma,2021,0.75,0.83,-1.89,-1.68,-1.04,-0.82,-0.22
Joe Chealey,2020,0.0,0.0,-0.52,-0.29,-0.48,-0.26,-0.22
Adam Mokoka,2021,0.0,0.0,-0.46,-0.18,-0.39,-0.17,-0.22
Larry Drew II,2018,0.0,0.0,-0.02,0.23,0.01,0.23,-0.22
Ron Harper Jr.,2024,0.0,0.0,-0.03,0.2,-0.03,0.2,-0.22
McKinley Wright IV,2022,0.0,0.0,-0.06,0.18,-0.04,0.19,-0.22
JaVale McGee,2024,-0.11,-0.38,-0.59,-0.26,-0.69,-0.46,-0.22
Noah Vonleh,2017,0.19,-0.75,-1.29,-0.3,-1.13,-0.9,-0.23
Ron Baker,2019,0.0,0.0,-1.14,-0.81,-1.05,-0.82,-0.23
Iman Shumpert,2017,-0.26,-0.33,0.26,0.72,0.03,0.25,-0.23
Jay Huff,2024,0.0,0.0,-0.51,-0.25,-0.42,-0.19,-0.23
Deng Adel,2019,0.0,0.0,-0.47,-0.12,-0.4,-0.17,-0.23
Aaron Jackson,2018,0.0,0.0,-0.22,0.06,-0.17,0.06,-0.23
Jared Harper,2020,0.0,0.0,-0.05,0.19,-0.03,0.19,-0.23
RJ Hunter,2017,0.0,0.0,-0.37,-0.14,-0.36,-0.13,-0.23
Keifer Sykes,2022,0.0,0.0,-0.24,0.38,-0.04,0.19,-0.23
Daniel Gafford,2021,0.08,0.35,-0.51,-0.22,-0.25,-0.02,-0.23
Brodric Thomas,2022,0.0,0.0,-0.17,0.09,-0.12,0.11,-0.23
Dāvis Bertāns,2024,0.0,0.0,-0.39,-0.0,-0.22,0.01,-0.23
Patrick McCaw,2020,0.56,-0.3,-1.17,-0.13,-0.51,-0.28,-0.23
Alex Poythress,2017,0.0,0.0,0.03,0.4,0.09,0.33,-0.23
Cole Aldrich,2018,0.0,0.0,-0.15,0.1,-0.13,0.11,-0.23
Gui Santos,2024,0.0,0.0,-0.11,0.12,-0.01,0.22,-0.23
Justin Harper,2017,0.0,0.0,-0.11,0.15,-0.1,0.14,-0.23
Skal Labissiere,2017,0.16,1.14,-0.03,-0.15,0.32,0.56,-0.23
Lindell Wigginton,2024,0.0,0.0,-0.16,0.08,-0.14,0.09,-0.24
Braxton Key,2024,0.0,0.0,-0.43,-0.17,-0.33,-0.1,-0.24
Malik Monk,2024,1.47,0.13,0.14,1.3,1.39,1.63,-0.24
Trevor Booker,2017,-0.31,-1.49,-2.12,-0.12,-1.91,-1.68,-0.24
Justin Jackson,2021,0.0,0.0,-0.58,-0.05,-0.26,-0.02,-0.24
Kris Humphries,2017,0.59,-0.46,-1.53,-0.34,-0.87,-0.63,-0.24
Mario Hezonja,2019,0.29,-0.14,-0.85,0.28,-0.3,-0.06,-0.24
Marquis Teague,2018,0.0,0.0,-0.09,0.27,-0.02,0.22,-0.24
Quenton Jackson,2023,0.0,0.0,-0.4,-0.02,-0.25,-0.0,-0.24
Bruce Brown,2020,0.29,0.07,-0.66,0.11,-0.15,0.09,-0.24
Sam Merrill,2022,0.0,0.0,-0.2,0.05,-0.18,0.07,-0.25
Elijah Hughes,2021,0.0,0.0,-0.27,0.01,-0.22,0.03,-0.25
Arinze Onuaku,2017,0.0,0.0,-0.22,0.03,-0.2,0.04,-0.25
Will Magnay,2021,0.0,0.0,-0.11,0.14,-0.1,0.15,-0.25
Marquese Chriss,2018,-0.78,-0.28,-0.74,0.01,-0.89,-0.64,-0.25
Daryl Macon,2019,0.0,0.0,-0.19,0.02,-0.18,0.07,-0.25
Frank Kaminsky,2018,0.42,0.72,1.01,1.53,1.56,1.81,-0.25
Jaysean Paige,2022,0.0,0.0,-0.25,0.01,-0.24,0.01,-0.25
Dion Waiters,2019,0.0,0.0,-0.29,0.31,0.16,0.42,-0.25
Ben McLemore,2019,0.0,0.0,0.06,0.39,0.16,0.42,-0.25
Kentavious Caldwell-Pope,2019,1.64,1.15,0.1,1.29,1.61,1.86,-0.25
Keon Johnson,2024,0.0,0.0,0.34,0.66,0.42,0.67,-0.25
Isaiah Mobley,2024,0.0,0.0,-0.14,0.11,-0.11,0.14,-0.25
Josh Jackson,2022,0.26,-0.73,-0.87,0.56,-0.31,-0.06,-0.25
P.J. Tucker,2024,0.0,0.0,-0.24,0.11,-0.09,0.16,-0.25
Xavier Munford,2018,0.0,0.0,-0.13,0.16,-0.11,0.15,-0.25
Saddiq Bey,2021,0.87,0.97,-0.84,0.01,0.25,0.51,-0.25
Sterling Brown,2022,0.0,0.53,-0.63,-0.63,-0.35,-0.09,-0.26
Daniel Hamilton,2018,0.0,0.0,-0.3,-0.02,-0.27,-0.01,-0.26
Dusty Hannahs,2019,0.0,0.0,-0.22,0.04,-0.2,0.05,-0.26
Kadeem Allen,2020,0.0,0.0,0.24,0.54,0.3,0.55,-0.26
Kai Jones,2022,0.0,0.0,-0.38,-0.12,-0.32,-0.07,-0.26
Kevon Looney,2020,0.68,-0.47,-1.26,0.14,-0.55,-0.29,-0.26
DaQuan Jeffries,2024,0.0,0.0,-0.41,-0.15,-0.34,-0.08,-0.26
Alec Burks,2024,1.84,-0.13,-1.27,0.95,0.58,0.84,-0.26
Ty Jerome,2024,0.0,0.0,-0.0,0.26,0.0,0.26,-0.26
Meyers Leonard,2023,0.0,0.0,0.15,0.54,0.25,0.51,-0.26
Jemerrio Jones,2022,0.0,0.0,-0.15,0.13,-0.13,0.13,-0.26
Ramon Sessions,2018,0.71,-0.04,-0.69,0.4,0.05,0.31,-0.26
Jalen Jones,2019,-0.32,0.14,-0.05,-0.07,-0.24,0.02,-0.26
Jarrett Allen,2018,-0.67,-0.08,-0.64,-0.41,-0.96,-0.7,-0.26
Alondes Williams,2024,0.0,0.0,-0.34,-0.08,-0.33,-0.06,-0.26
Trevor Ariza,2022,0.24,0.0,-0.38,0.27,-0.07,0.2,-0.27
Garrett Temple,2020,0.53,0.34,-1.31,-0.47,-0.55,-0.28,-0.27
Jahmi'us Ramsey,2022,0.0,0.0,0.42,0.8,0.58,0.85,-0.27
Trey Murphy III,2022,0.8,0.66,-0.49,0.12,0.46,0.73,-0.27
David Stockton,2018,0.0,0.0,-0.11,0.15,-0.11,0.16,-0.27
Arnoldas Kulboka,2022,0.0,0.0,-0.16,0.12,-0.15,0.12,-0.27
Jarrett Jack,2017,0.0,0.0,-0.21,0.06,-0.21,0.06,-0.27
Shaquille Harrison,2024,0.0,0.0,-0.18,0.09,-0.18,0.1,-0.27
Tim Quarterman,2018,0.0,0.0,-0.39,-0.11,-0.38,-0.1,-0.27
Trey Burke,2022,0.0,0.0,-0.63,-0.11,-0.31,-0.03,-0.28
Tyrese Haliburton,2022,1.17,0.73,0.08,1.85,1.45,1.73,-0.28
Ben Bentil,2017,0.0,0.0,-0.08,0.2,-0.07,0.2,-0.28
Micah Potter,2024,0.0,0.0,-0.39,-0.01,-0.22,0.06,-0.28
Grant Riller,2021,0.0,0.0,-0.22,0.06,-0.21,0.07,-0.28
Collin Sexton,2021,2.78,1.42,-0.92,0.81,1.51,1.78,-0.28
Dakota Mathias,2022,0.0,0.0,-0.32,-0.04,-0.31,-0.03,-0.28
Admiral Schofield,2024,0.0,0.0,-0.6,-0.26,-0.49,-0.21,-0.28
Dru Smith,2023,0.0,0.0,-0.63,-0.23,-0.5,-0.22,-0.28
Jake Layman,2019,0.03,0.34,0.04,0.44,0.34,0.62,-0.28
Monta Ellis,2017,0.16,-0.49,0.2,1.12,0.63,0.91,-0.28
Theo Pinson,2021,0.0,0.0,-0.29,0.01,-0.25,0.04,-0.28
Markieff Morris,2021,0.08,0.3,-0.92,-0.54,-0.52,-0.23,-0.28
Jaden McDaniels,2022,0.13,-0.3,-1.36,-0.63,-1.24,-0.96,-0.28
Drew Eubanks,2023,-0.52,-0.04,0.07,0.62,-0.13,0.15,-0.28
Theo Pinson,2020,0.0,0.0,-1.45,-1.0,-1.09,-0.8,-0.29
Vernon Carey Jr.,2023,0.0,0.0,-0.46,-0.17,-0.44,-0.16,-0.29
Lonnie Walker IV,2022,0.77,-0.1,-0.16,0.92,0.67,0.96,-0.29
Goran Dragic,2022,0.0,0.0,0.19,0.45,0.27,0.56,-0.29
Jontay Porter,2024,0.0,0.0,-0.51,0.02,-0.35,-0.06,-0.29
Markelle Fultz,2023,0.85,0.46,-0.76,0.36,0.03,0.32,-0.29
Isaiah Todd,2023,0.0,0.0,-0.49,-0.17,-0.43,-0.14,-0.29
Dalano Banton,2024,1.22,-0.43,-1.09,0.69,0.26,0.55,-0.29
Chaundee Brown Jr.,2022,0.0,0.0,-0.4,-0.07,-0.41,-0.12,-0.29
Kyle Kuzma,2022,0.91,-0.42,-0.64,1.4,0.29,0.58,-0.29
Anzejs Pasecniks,2021,0.0,0.0,-0.12,0.18,-0.11,0.18,-0.29
Garrison Mathews,2021,0.65,-0.26,-0.28,1.17,0.71,1.0,-0.29
Jalen Smith,2023,-0.46,-0.24,-0.27,0.15,-0.45,-0.15,-0.29
RJ Nembhard Jr.,2022,0.0,0.0,-0.72,-0.41,-0.65,-0.35,-0.29
Marvin Bagley III,2022,0.34,0.41,-0.08,0.56,0.38,0.68,-0.29
Reggie Perry,2021,0.99,0.85,-0.1,0.45,0.93,1.23,-0.29
Nerlens Noel,2020,-1.24,0.22,-0.76,-0.71,-1.23,-0.93,-0.3
Malachi Richardson,2019,0.0,0.0,-0.6,-0.28,-0.54,-0.24,-0.3
Trayce Jackson-Davis,2024,0.43,0.54,0.17,0.49,0.6,0.89,-0.3
Tyson Chandler,2019,-1.29,-0.51,-1.28,-1.37,-2.16,-1.86,-0.3
Dante Exum,2017,-0.13,0.02,-1.19,-0.59,-0.97,-0.67,-0.3
Mike Tobey,2017,0.0,0.0,-0.46,-0.13,-0.45,-0.15,-0.3
Malik Williams,2024,0.0,0.0,-0.45,-0.06,-0.37,-0.07,-0.3
DeJon Jarreau,2024,0.0,0.0,-0.49,-0.18,-0.41,-0.11,-0.3
Dario Saric,2019,0.5,-0.49,0.2,1.12,0.83,1.12,-0.3
Isaiah Roby,2022,0.33,-0.27,-0.6,0.74,-0.01,0.29,-0.3
Gary Trent Jr.,2024,1.21,1.87,1.16,1.72,2.36,2.66,-0.3
Harrison Barnes,2022,0.58,1.0,0.78,1.85,1.66,1.96,-0.3
KZ Okpala,2020,0.0,0.0,-0.18,0.16,-0.17,0.13,-0.3
Tariq Owens,2020,0.0,0.0,-0.15,0.18,-0.13,0.17,-0.3
Jordan Miller,2024,0.0,0.0,-0.14,0.17,-0.1,0.21,-0.3
William Howard,2020,0.0,0.0,-0.32,-0.0,-0.31,-0.0,-0.3
Adreian Payne,2018,0.0,0.0,-0.03,0.27,-0.02,0.29,-0.31
Denzel Valentine,2022,0.0,0.0,-0.43,-0.01,-0.29,0.02,-0.31
Marcelo Huertas,2017,0.0,0.0,-0.24,0.15,-0.16,0.15,-0.31
Donatas Motiejunas,2019,0.0,0.0,-0.19,0.14,-0.18,0.13,-0.31
Tony Snell,2019,0.78,0.62,-0.26,-0.18,0.34,0.65,-0.31
Tim Hardaway Jr.,2024,1.07,0.96,0.35,1.12,1.25,1.56,-0.31
Tremont Waters,2022,0.0,0.0,0.01,0.35,0.05,0.36,-0.31
Goga Bitadze,2020,-0.44,-0.5,-0.91,-0.38,-1.16,-0.85,-0.31
Shabazz Muhammad,2017,0.33,0.21,0.02,0.44,0.46,0.77,-0.31
Deyonta Davis,2019,0.0,0.0,-0.58,-0.21,-0.52,-0.21,-0.31
Justin Patton,2020,0.0,0.0,0.01,0.35,0.04,0.36,-0.31
Aron Baynes,2020,-0.32,-0.05,-0.09,0.23,-0.3,0.02,-0.31
D.J. Augustin,2018,0.0,0.0,-1.33,-0.73,-0.87,-0.56,-0.32
RaiQuan Gray,2023,0.0,0.0,-0.09,0.23,-0.06,0.26,-0.32
Miles Bridges,2019,0.33,0.22,-0.18,0.82,0.3,0.62,-0.32
Marial Shayok,2020,0.0,0.0,-0.13,0.17,-0.1,0.22,-0.32
Dwayne Bacon,2019,0.15,1.21,0.9,0.75,1.12,1.43,-0.32
Justin Minaya,2023,0.0,0.0,-0.13,0.3,-0.01,0.31,-0.32
Robert Williams III,2024,0.0,0.0,-0.32,0.12,-0.23,0.09,-0.32
Christian Wood,2019,1.06,0.57,-0.53,0.42,0.64,0.96,-0.32
Frank Mason III,2021,0.0,0.0,-0.43,-0.1,-0.39,-0.07,-0.32
Nicolas Batum,2022,-0.21,-1.22,-1.58,-0.27,-1.4,-1.08,-0.32
Zach Collins,2018,-0.48,-0.41,0.68,0.81,0.48,0.8,-0.32
Nickeil Alexander-Walker,2023,0.0,0.0,-0.59,0.02,-0.18,0.14,-0.32
Zylan Cheatham,2022,0.0,0.0,-0.23,0.1,-0.23,0.09,-0.32
Gary Trent Jr.,2019,0.03,0.34,0.18,0.34,0.33,0.66,-0.32
Dwayne Bacon,2020,-0.0,0.22,-0.99,-0.56,-0.83,-0.51,-0.32
Charles Cooke,2018,0.0,0.0,-0.42,-0.06,-0.38,-0.05,-0.32
Duncan Robinson,2022,0.53,-0.03,-0.58,0.14,-0.01,0.32,-0.33
Devin Vassell,2021,0.16,-0.12,-0.92,-0.32,-0.58,-0.26,-0.33
Santi Aldama,2024,0.94,-0.81,-0.93,0.65,0.12,0.45,-0.33
Terrence Ross,2020,0.52,0.39,-0.54,0.23,0.18,0.51,-0.33
Carsen Edwards,2022,0.0,0.0,-0.06,0.3,-0.03,0.3,-0.33
Patricio Garino,2017,0.0,0.0,-0.27,0.09,-0.24,0.09,-0.33
D'Angelo Russell,2021,2.43,0.76,-0.52,1.59,1.74,2.07,-0.33
Terrence Jones,2019,0.0,0.0,-0.24,0.09,-0.24,0.09,-0.33
JR Smith,2017,0.46,0.07,0.03,0.45,0.06,0.39,-0.33
Kyle Guy,2020,0.0,0.0,-0.12,0.21,-0.11,0.22,-0.33
Markelle Fultz,2021,1.2,1.24,0.03,0.47,1.15,1.48,-0.33
Larry Sanders,2017,0.32,0.59,-0.07,-0.01,0.25,0.58,-0.33
Ty Jerome,2021,0.91,1.01,-0.04,0.59,1.04,1.37,-0.33
Justin Robinson,2021,0.0,0.0,-0.18,0.19,-0.14,0.19,-0.33
Emmanuel Mudiay,2019,1.51,0.86,-0.03,1.54,1.53,1.87,-0.33
Pat Spencer,2024,0.0,0.0,-0.22,0.12,-0.2,0.13,-0.33
Olivier Sarr,2022,-0.42,0.7,-0.36,-0.76,-0.57,-0.23,-0.33
Duane Washington Jr.,2022,1.46,1.44,0.42,1.38,1.81,2.14,-0.33
Onyeka Okongwu,2024,0.41,0.44,1.42,1.96,1.78,2.11,-0.33
Isaiah Taylor,2017,0.0,0.0,0.0,0.38,0.03,0.36,-0.34
Malcolm Hill,2022,0.0,0.0,-0.12,0.42,0.0,0.34,-0.34
Dante Cunningham,2018,0.15,0.27,-0.32,0.13,-0.13,0.21,-0.34
Georges Niang,2018,0.0,0.0,-0.36,-0.05,-0.35,-0.01,-0.34
Joshua Primo,2022,0.79,-0.12,-0.58,0.61,0.26,0.6,-0.34
DeAndre' Bembry,2018,-0.3,-0.18,-0.55,-0.0,-0.54,-0.19,-0.34
Nico Mannion,2021,0.0,0.0,-0.46,0.15,-0.24,0.11,-0.34
Christian Wood,2023,0.78,-0.41,0.72,2.04,1.28,1.63,-0.35
Taj Gibson,2024,0.0,0.0,-0.8,-0.39,-0.73,-0.39,-0.35
Juancho Hernangomez,2017,0.0,0.0,0.45,1.03,0.62,0.96,-0.35
Wenyen Gabriel,2024,0.0,0.0,-0.8,-0.45,-0.75,-0.4,-0.35
Sam Merrill,2021,0.0,0.0,-0.49,-0.09,-0.33,0.02,-0.35
BJ Johnson,2019,0.0,0.0,-0.1,0.26,-0.08,0.26,-0.35
Markel Brown,2018,0.0,0.0,-0.14,0.22,-0.11,0.23,-0.35
Justin Anderson,2018,0.95,-0.26,-0.92,0.34,-0.01,0.34,-0.35
Jordan Crawford,2017,0.0,0.0,1.31,1.62,1.32,1.67,-0.35
Malik Monk,2019,0.96,0.73,0.24,1.2,1.24,1.59,-0.35
Chris McCullough,2018,0.0,0.0,-0.19,0.18,-0.18,0.17,-0.35
Justin Jackson,2022,0.0,0.0,-0.44,-0.08,-0.42,-0.07,-0.35
Sterling Brown,2018,0.48,0.83,-1.07,-0.77,-0.51,-0.16,-0.36
JD Davison,2023,0.0,0.0,-0.18,0.19,-0.1,0.26,-0.36
Chris Chiozza,2019,0.0,0.0,-0.33,0.07,-0.3,0.06,-0.36
Wendell Moore Jr.,2024,0.0,0.0,-0.37,-0.04,-0.35,0.01,-0.36
Brandon Paul,2018,-0.66,-0.53,-1.11,-0.7,-1.51,-1.14,-0.36
Tyler Cavanaugh,2018,-0.12,0.67,0.17,0.09,0.22,0.58,-0.36
Tim Hardaway Jr.,2021,1.26,0.98,0.52,1.3,1.48,1.85,-0.36
Vincent Poirier,2021,0.0,0.0,-0.4,-0.03,-0.37,-0.01,-0.36
Jaylen Adams,2021,0.0,0.0,-0.39,-0.01,-0.36,0.0,-0.37
Norman Powell,2021,0.82,1.17,0.6,0.85,1.29,1.65,-0.37
Avery Bradley,2021,0.0,0.0,0.2,0.84,0.46,0.83,-0.37
Quinn Cook,2020,0.0,0.0,-0.69,-0.17,-0.41,-0.04,-0.37
Gabriel Deck,2022,0.0,0.0,-0.14,0.24,-0.11,0.26,-0.37
Lauri Markkanen,2021,1.26,0.77,-0.74,0.4,0.44,0.81,-0.37
Juan Toscano-Anderson,2024,0.0,0.0,-0.39,-0.05,-0.36,0.01,-0.37
Robin Lopez,2018,-0.84,0.04,-0.83,-0.46,-1.21,-0.84,-0.37
Dwight Powell,2022,0.05,0.75,0.81,0.94,0.79,1.16,-0.37
Justin Anderson,2019,0.12,0.02,-0.45,0.11,-0.19,0.18,-0.37
David Duke Jr.,2023,0.5,0.35,-0.59,0.03,0.0,0.38,-0.37
Victor Oladipo,2022,0.0,0.0,-0.52,-0.09,-0.42,-0.05,-0.37
Jalen Johnson,2022,-0.66,-0.6,-0.57,-0.21,-1.12,-0.75,-0.37
Rayan Rupert,2024,0.55,0.47,-0.51,0.1,0.29,0.67,-0.38
Lance Stephenson,2022,0.74,0.8,0.63,1.55,1.47,1.85,-0.38
Henry Ellenson,2018,0.0,0.0,-1.08,-0.66,-0.97,-0.6,-0.38
Wayne Selden,2022,0.0,0.0,-0.23,0.14,-0.23,0.15,-0.38
Ian Clark,2018,0.42,0.52,-0.41,0.15,0.14,0.51,-0.38
Jamaree Bouyea,2023,0.0,0.0,-0.03,0.38,0.01,0.39,-0.38
Jaxson Hayes,2020,-0.59,-0.04,-0.22,0.03,-0.51,-0.13,-0.38
Jake Layman,2021,-0.02,-0.78,-1.67,-0.6,-1.54,-1.16,-0.38
Trendon Watford,2024,1.06,0.9,-0.32,0.45,0.88,1.26,-0.38
Demetrius Jackson,2019,0.0,0.0,-0.12,0.29,-0.07,0.31,-0.38
Noah Vonleh,2021,0.0,0.0,-0.15,0.24,-0.13,0.25,-0.38
Robin Lopez,2024,0.0,0.0,-0.4,0.05,-0.32,0.07,-0.38
Chimezie Metu,2020,0.0,0.0,-0.4,0.03,-0.33,0.06,-0.38
Saben Lee,2022,0.5,0.09,-0.65,0.31,-0.02,0.36,-0.38
Milton Doyle,2018,0.47,0.87,-0.18,-0.09,0.37,0.75,-0.39
Jaylen Nowell,2021,1.08,0.13,-0.81,0.44,0.37,0.75,-0.39
Juwan Morgan,2022,0.0,0.0,-0.01,0.39,0.03,0.41,-0.39
Wenyen Gabriel,2020,-0.28,-0.17,-0.07,0.3,-0.2,0.19,-0.39
Elfrid Payton,2021,1.02,0.46,0.02,1.16,1.1,1.49,-0.39
Kevin Huerter,2021,0.91,-0.1,-0.15,1.35,0.58,0.97,-0.39
Keldon Johnson,2024,1.13,1.01,-0.26,0.92,1.08,1.47,-0.39
Mfiondu Kabengele,2021,0.0,0.0,-0.85,-0.39,-0.74,-0.35,-0.39
Marcus Georges-Hunt,2018,0.0,0.0,-0.02,0.53,0.14,0.52,-0.39
Ed Davis,2022,-1.31,-1.32,-1.15,-0.63,-2.25,-1.87,-0.39
Jalen Green,2023,0.96,1.35,0.26,1.1,1.32,1.71,-0.39
Charles Bassey,2022,0.0,0.0,-0.41,0.15,-0.27,0.12,-0.39
Bryn Forbes,2022,0.28,1.23,0.11,0.13,0.66,1.05,-0.39
Rodney Hood,2022,0.31,0.68,-0.25,0.0,0.17,0.56,-0.39
Cedi Osman,2021,0.95,-0.42,-1.25,0.56,-0.1,0.29,-0.39
Jaren Jackson Jr.,2024,1.24,-1.11,-1.7,0.45,-0.39,0.0,-0.39
Devontae Cacok,2022,-0.59,-0.17,-0.18,-0.1,-0.65,-0.25,-0.4
Carlik Jones,2022,0.0,0.0,-0.22,0.21,-0.18,0.22,-0.4
Blake Wesley,2024,0.05,0.43,-1.11,-0.59,-0.61,-0.22,-0.4
De'Andre Hunter,2023,-0.16,0.95,0.44,0.21,0.33,0.73,-0.4
Aaron Henry,2022,0.0,0.0,-0.18,0.23,-0.15,0.24,-0.4
Troy Brown Jr.,2023,0.63,0.64,-0.25,0.32,0.38,0.78,-0.4
Ryan Arcidiacono,2023,0.0,0.0,-1.32,-0.76,-1.14,-0.74,-0.4
Luka Garza,2022,0.44,0.73,-0.03,0.31,0.57,0.97,-0.4
Jack White,2024,0.0,0.0,-0.42,-0.0,-0.36,0.04,-0.4
Theo Maledon,2023,0.19,-0.14,-0.58,0.72,0.17,0.58,-0.4
Marvin Bagley III,2023,0.43,0.06,-0.76,0.55,-0.12,0.28,-0.4
Pat Connaughton,2017,-0.1,0.07,-0.08,0.29,-0.01,0.4,-0.4
Kris Dunn,2022,0.41,0.94,0.13,0.43,0.77,1.17,-0.4
Cristiano Felicio,2017,-0.06,0.36,-0.8,-0.51,-0.59,-0.18,-0.41
Cassius Stanley,2022,-0.42,0.04,-0.25,-0.17,-0.51,-0.11,-0.41
Udonis Haslem,2023,0.0,0.0,-0.23,0.21,-0.2,0.21,-0.41
Damion Lee,2023,0.45,1.34,-0.96,-1.0,-0.16,0.25,-0.41
Jae Crowder,2018,0.52,0.33,-0.43,0.07,-0.12,0.29,-0.41
Ben Moore,2018,0.0,0.0,-0.07,0.34,-0.07,0.34,-0.41
Greg Brown III,2023,-1.39,-0.85,-0.79,-0.89,-2.06,-1.65,-0.41
Ike Anigbogu,2018,0.0,0.0,0.02,0.43,0.04,0.45,-0.41
Kosta Koufos,2018,0.73,-0.76,-1.67,0.05,-1.04,-0.63,-0.41
Luc Mbah a Moute,2019,0.16,0.98,-0.01,-0.38,0.14,0.55,-0.41
Joakim Noah,2020,0.0,0.0,-0.58,-0.17,-0.55,-0.13,-0.41
Alex Abrines,2018,0.51,0.61,0.06,0.51,0.61,1.03,-0.41
Alfonzo McKinnie,2018,0.0,0.0,-0.06,0.33,-0.04,0.37,-0.41
Garrett Temple,2019,-0.54,-0.03,-0.69,-0.44,-0.69,-0.28,-0.42
Darren Collison,2022,0.0,0.0,-0.23,0.19,-0.23,0.19,-0.42
Kevin Knox II,2024,0.26,1.22,0.3,0.26,0.76,1.18,-0.42
Tyler Bey,2021,0.0,0.0,-0.59,-0.15,-0.55,-0.13,-0.42
Bruno Caboclo,2020,-0.73,-0.51,-1.04,-0.65,-1.51,-1.09,-0.42
Jared Terrell,2019,0.28,0.15,-0.66,-0.04,-0.29,0.14,-0.42
Jay Scrubb,2023,0.0,0.0,-0.1,0.32,-0.05,0.37,-0.42
Quinndary Weatherspoon,2020,0.0,0.0,-0.38,0.17,-0.27,0.15,-0.42
Devin Booker,2018,1.59,2.47,0.12,0.96,1.81,2.23,-0.42
Udonis Haslem,2020,0.0,0.0,-0.55,-0.1,-0.53,-0.1,-0.42
Juwan Morgan,2020,-1.12,1.0,0.75,-0.65,-0.16,0.26,-0.42
Amir Coffey,2020,-0.39,0.11,-0.07,-0.03,-0.3,0.12,-0.42
Amir Coffey,2021,0.0,0.0,-1.58,-0.89,-1.3,-0.87,-0.42
Kentavious Caldwell-Pope,2022,0.94,0.82,-0.08,1.07,0.79,1.21,-0.42
Christian Braun,2023,-0.17,0.21,-1.44,-0.59,-1.07,-0.65,-0.42
London Perrantes,2018,0.0,0.0,0.01,0.49,0.06,0.49,-0.43
Justin Holiday,2022,0.84,0.54,-0.03,1.19,0.94,1.37,-0.43
Cam Whitmore,2024,0.9,0.9,-0.31,0.25,0.78,1.21,-0.43
Kobi Simmons,2023,0.0,0.0,-0.35,0.11,-0.3,0.12,-0.43
Jeremiah Martin,2020,0.0,0.0,0.18,0.76,0.35,0.78,-0.43
P.J. Washington,2023,1.4,-0.15,-1.55,0.38,-0.32,0.11,-0.43
Keyontae Johnson,2024,0.0,0.0,-0.39,0.05,-0.31,0.12,-0.43
Derrick Rose,2024,0.25,0.77,-0.81,-0.81,-0.43,0.0,-0.43
Daniel Oturu,2022,0.0,0.0,-0.15,0.3,-0.12,0.31,-0.43
Chris Boucher,2019,0.0,0.0,0.0,0.54,0.12,0.55,-0.43
Joel Bolomboy,2018,0.0,0.0,-0.42,0.03,-0.41,0.03,-0.43
Timofey Mozgov,2017,-0.93,0.32,-1.25,-0.73,-1.47,-1.03,-0.44
Jonas Jerebko,2019,0.37,0.27,-0.03,0.54,0.39,0.83,-0.44
Naz Mitrou-Long,2019,0.0,0.0,-0.02,0.56,0.06,0.5,-0.44
Stephen Curry,2020,0.0,0.0,0.25,0.74,0.29,0.73,-0.44
Julian Phillips,2024,-0.04,0.69,-0.08,-0.18,0.02,0.46,-0.44
MarJon Beauchamp,2024,0.0,0.0,-0.33,0.18,-0.17,0.27,-0.44
Tim Frazier,2019,0.74,-0.35,-0.14,1.16,0.67,1.11,-0.44
Moses Brown,2022,-0.3,-0.78,-1.0,0.01,-1.16,-0.72,-0.44
Kevon Looney,2017,0.47,-0.49,-1.32,-0.04,-0.88,-0.44,-0.44
Brandon Williams,2024,0.0,0.0,-0.42,0.1,-0.35,0.1,-0.45
Jermaine Samuels Jr.,2024,0.0,0.0,-0.16,0.28,-0.09,0.36,-0.45
Orlando Robinson,2024,-0.54,0.54,0.17,-0.13,-0.16,0.29,-0.45
Isaiah Canaan,2019,0.74,-0.07,-0.72,0.86,0.06,0.5,-0.45
Derrick Jones Jr.,2021,-0.19,-0.47,-0.49,0.27,-0.73,-0.27,-0.45
Trevor Keels,2023,0.0,0.0,-0.28,0.18,-0.28,0.18,-0.45
Tyler Lydon,2019,0.0,0.0,-0.34,0.16,-0.3,0.16,-0.46
Andrew Harrison,2018,0.72,-0.32,-0.92,0.75,-0.06,0.4,-0.46
Tyrone Wallace,2022,0.0,0.0,0.03,0.52,0.07,0.52,-0.46
Usman Garuba,2024,0.0,0.0,-0.21,0.26,-0.19,0.27,-0.46
Jonathan Isaac,2018,-1.16,-1.54,-1.91,-0.87,-2.56,-2.09,-0.46
Kobi Simmons,2024,0.0,0.0,-0.36,0.15,-0.29,0.17,-0.46
DeAndre' Bembry,2017,-0.09,-0.09,-0.6,-0.07,-0.56,-0.1,-0.46
Jabari Parker,2021,0.0,0.0,-0.02,0.45,-0.01,0.45,-0.46
Otto Porter Jr.,2021,0.59,0.99,-0.79,-0.37,-0.06,0.41,-0.46
Tyreke Evans,2017,1.37,0.21,-1.65,0.16,-0.34,0.12,-0.46
Bobby Brown,2017,0.0,0.0,-0.14,0.41,-0.09,0.38,-0.47
Josh McRoberts,2017,0.41,-0.41,-0.65,0.6,-0.25,0.22,-0.47
Cameron Payne,2024,1.29,0.47,-0.79,0.38,0.47,0.94,-0.47
Stephen Zimmerman,2017,0.0,0.0,-0.24,0.28,-0.19,0.28,-0.47
Denzel Valentine,2017,-0.72,0.02,-0.49,-0.3,-0.75,-0.28,-0.47
Marcus Georges-Hunt,2017,0.0,0.0,-0.25,0.26,-0.21,0.26,-0.47
Domantas Sabonis,2018,-0.79,0.61,0.3,-0.08,-0.19,0.28,-0.47
Zach LaVine,2019,1.54,2.37,0.14,1.09,1.8,2.27,-0.47
Bojan Bogdanovic,2023,0.52,2.42,1.01,1.33,1.94,2.41,-0.47
Chris Duarte,2024,0.58,0.46,-0.21,0.35,0.46,0.93,-0.47
Marco Belinelli,2018,0.49,0.68,0.07,0.73,0.8,1.28,-0.47
Peyton Watson,2023,0.59,0.67,-0.43,0.21,0.35,0.82,-0.47
TyTy Washington Jr.,2024,0.0,0.0,-0.71,-0.22,-0.65,-0.18,-0.47
Will Barton,2022,1.16,0.84,-1.0,-0.15,-0.15,0.33,-0.47
Nick Richards,2023,-0.58,-0.24,-0.4,0.08,-0.53,-0.05,-0.47
Shaun Livingston,2017,-0.4,-0.31,-0.79,-0.33,-0.81,-0.34,-0.48
Jonathan Kuminga,2023,0.01,0.23,-0.19,0.54,0.09,0.57,-0.48
Onuralp Bitim,2024,0.0,0.0,-0.43,0.08,-0.32,0.16,-0.48
Cade Cunningham,2024,2.34,2.66,-0.34,0.91,1.96,2.43,-0.48
Jacob Toppin,2024,0.0,0.0,-0.24,0.24,-0.2,0.27,-0.48
Tre Jones,2021,0.0,0.0,-0.62,-0.08,-0.51,-0.03,-0.48
Vincent Poirier,2020,0.0,0.0,-0.41,0.11,-0.36,0.12,-0.48
Kevin Hervey,2020,0.0,0.0,-0.81,-0.25,-0.72,-0.23,-0.48
Eric Gordon,2023,0.32,0.45,-0.34,0.44,0.21,0.69,-0.48
Axel Toupane,2017,0.0,0.0,-0.26,0.26,-0.23,0.25,-0.48
Aaron Nesmith,2022,-0.17,0.83,-0.24,-0.42,-0.18,0.31,-0.48
Mouhamed Gueye,2024,0.0,0.0,-0.33,0.15,-0.31,0.17,-0.48
Chris Livingston,2024,0.0,0.0,-0.27,0.29,-0.15,0.33,-0.49
Robin Lopez,2021,0.01,-0.49,-1.25,-0.39,-1.05,-0.56,-0.49
Johnathan Williams,2020,0.0,0.0,-0.53,0.16,-0.37,0.12,-0.49
Alen Smailagic,2021,0.0,0.0,-0.48,0.02,-0.45,0.04,-0.49
Matthew Dellavedova,2017,0.0,0.0,-0.11,0.49,0.18,0.68,-0.49
Zach Norvell Jr.,2020,0.0,0.0,0.05,0.58,0.09,0.58,-0.49
Alex Fudge,2024,0.0,0.0,-0.32,0.19,-0.29,0.21,-0.5
Danny Green,2023,0.0,0.0,-0.42,0.14,-0.28,0.22,-0.5
Jacob Evans,2019,0.0,0.0,-0.5,0.11,-0.35,0.14,-0.5
Jaylen Hoard,2021,0.26,0.36,-0.45,0.03,-0.13,0.37,-0.5
Nerlens Noel,2022,-0.96,-1.35,-0.66,0.32,-1.34,-0.85,-0.5
Eric Moreland,2019,0.0,0.0,-0.54,-0.0,-0.5,-0.01,-0.5
Xavier Sneed,2023,0.0,0.0,-0.5,0.09,-0.42,0.08,-0.5
Quentin Grimes,2022,0.0,0.0,-1.72,-1.01,-1.36,-0.86,-0.5
Jeff Green,2022,0.06,1.08,0.38,0.46,0.55,1.05,-0.5
Reggie Jackson,2023,0.79,-0.24,-1.88,-0.25,-0.91,-0.41,-0.5
D.J. Wilson,2020,0.05,-0.72,-1.24,0.04,-0.92,-0.42,-0.5
Patrick McCaw,2021,0.0,0.0,-0.05,0.46,-0.04,0.47,-0.5
Charles Bassey,2024,0.0,0.0,-0.3,0.28,-0.23,0.28,-0.51
Jaden McDaniels,2024,0.3,0.41,-0.25,0.09,0.01,0.52,-0.51
De'Andre Hunter,2020,-0.23,0.88,0.14,0.73,0.15,0.65,-0.51
Bryn Forbes,2019,0.36,0.83,0.62,0.89,0.98,1.49,-0.51
Frank Kaminsky,2020,0.73,0.55,-0.62,0.08,-0.02,0.49,-0.51
Bobby Portis,2020,0.86,0.28,-1.09,0.69,-0.03,0.48,-0.51
Theo Pinson,2023,0.62,0.36,-0.27,0.66,0.45,0.96,-0.51
D.J. Augustin,2021,0.0,0.0,0.22,0.84,0.4,0.91,-0.51
Tyrese Haliburton,2021,1.15,1.16,0.16,1.04,1.34,1.85,-0.51
Jaylen Adams,2019,0.25,0.27,-0.34,0.18,0.1,0.62,-0.51
Dewayne Dedmon,2020,-1.25,-0.81,-0.4,0.06,-1.3,-0.78,-0.52
Malik Fitts,2022,0.0,0.0,-0.41,0.18,-0.32,0.19,-0.52
Al Jefferson,2017,0.3,-0.57,-0.93,0.56,-0.58,-0.06,-0.52
Jared Butler,2022,0.28,0.22,0.19,1.01,0.72,1.24,-0.52
Craig Porter Jr.,2024,1.24,1.04,0.16,0.9,1.47,1.99,-0.52
Taurean Prince,2019,0.56,0.21,0.2,1.68,0.87,1.39,-0.52
Robin Lopez,2022,0.07,0.64,-0.6,-0.27,-0.31,0.21,-0.52
Dariq Whitehead,2024,0.0,0.0,-0.03,0.52,0.01,0.54,-0.52
Saddiq Bey,2024,0.69,1.42,1.79,1.9,2.2,2.72,-0.52
Jabari Walker,2023,-0.42,-0.18,-0.88,-0.05,-0.84,-0.31,-0.52
Mason Plumlee,2023,0.17,-0.13,0.69,1.62,0.7,1.23,-0.52
Trent Forrest,2021,0.0,0.0,-0.43,0.15,-0.34,0.19,-0.53
Kosta Koufos,2017,-0.81,-0.48,-1.11,-0.5,-1.52,-1.0,-0.53
Louis King,2022,0.0,0.0,-0.3,0.24,-0.24,0.29,-0.53
Coby White,2021,0.89,0.69,-0.85,0.45,0.18,0.71,-0.53
Nick Richards,2021,0.0,0.0,-0.51,0.0,-0.47,0.06,-0.53
Kessler Edwards,2024,0.0,0.0,-1.03,-0.52,-0.87,-0.34,-0.53
Marquese Chriss,2020,-0.22,-0.98,-0.19,1.21,-0.11,0.43,-0.53
Isaiah Todd,2022,0.0,0.0,-0.72,-0.12,-0.65,-0.12,-0.53
Harry Giles III,2019,0.2,0.14,-0.88,0.01,-0.57,-0.04,-0.53
Malachi Flynn,2023,0.84,0.4,-0.3,0.64,0.62,1.16,-0.53
Shaquille Harrison,2019,0.66,-1.1,-2.23,0.41,-1.1,-0.57,-0.53
Dominick Barlow,2024,0.14,0.97,0.98,1.09,1.27,1.8,-0.53
Keon Ellis,2023,0.0,0.0,-0.37,0.2,-0.28,0.26,-0.54
Derrick Walton Jr.,2020,0.0,0.0,-0.63,0.03,-0.49,0.05,-0.54
Thomas Bryant,2021,0.53,1.2,0.43,0.38,0.8,1.34,-0.54
Mason Plumlee,2021,-0.04,-0.05,0.09,1.28,0.37,0.9,-0.54
Gerald Green,2018,0.83,0.8,-1.15,-0.46,-0.36,0.18,-0.54
Enes Freedom,2019,0.0,0.0,0.01,1.19,0.31,0.85,-0.54
Russell Westbrook,2022,0.85,1.11,-0.88,0.14,0.02,0.56,-0.54
George King,2022,0.0,0.0,-0.17,0.39,-0.15,0.39,-0.54
Jahlil Okafor,2019,-0.44,0.03,-0.24,0.71,-0.13,0.42,-0.54
Gorgui Dieng,2019,-0.74,-0.75,-0.46,0.54,-0.57,-0.02,-0.55
Jerome Robinson,2019,-0.17,-0.33,0.07,0.97,0.08,0.62,-0.55
Justin Wright-Foreman,2020,0.0,0.0,-0.3,0.3,-0.23,0.32,-0.55
Myles Powell,2022,0.0,0.0,-0.1,0.45,-0.06,0.49,-0.55
Jordan Hall,2023,0.0,0.0,-0.6,0.02,-0.5,0.05,-0.55
Alex Poythress,2018,0.0,0.0,-0.0,0.6,0.05,0.6,-0.55
Josh Green,2024,0.46,0.2,1.44,2.3,1.78,2.33,-0.55
Matt Thomas,2021,0.0,0.0,-0.98,-0.33,-0.81,-0.26,-0.55
Ryan Arcidiacono,2022,0.0,0.0,-0.67,-0.11,-0.62,-0.07,-0.55
Emanuel Terry,2022,0.0,0.0,-0.49,0.05,-0.48,0.07,-0.55
Troy Brown Jr.,2020,1.24,0.61,-0.39,1.39,0.89,1.44,-0.55
Khyri Thomas,2020,0.0,0.0,-0.36,0.26,-0.33,0.23,-0.56
Joe Harris,2022,0.0,0.0,-0.98,-0.44,-0.91,-0.35,-0.56
Manny Harris,2017,0.0,0.0,-0.28,0.29,-0.26,0.29,-0.56
Bogdan Bogdanovic,2018,1.29,-0.34,-0.48,1.62,0.73,1.29,-0.56
Saben Lee,2021,0.23,0.18,-0.61,0.42,-0.11,0.45,-0.56
KJ Martin,2023,0.0,0.0,0.23,1.32,0.61,1.16,-0.56
Johnny O'Bryant III,2017,0.0,0.0,-0.13,0.49,-0.1,0.46,-0.56
Jordan Loyd,2019,0.0,0.0,-0.35,0.25,-0.29,0.27,-0.56
Jonah Bolden,2019,-1.25,-1.18,-0.59,0.18,-1.33,-0.77,-0.56
Abdel Nader,2021,-0.14,0.71,-0.69,-0.81,-0.68,-0.12,-0.56
Terrence Ross,2023,0.72,0.29,0.14,1.37,1.01,1.57,-0.56
Nate Hinton,2021,0.0,0.0,-0.72,-0.13,-0.67,-0.1,-0.56
Derrick Favors,2022,0.02,-0.28,-1.55,-0.53,-1.32,-0.76,-0.56
Reggie Williams,2017,0.0,0.0,-0.44,0.15,-0.42,0.15,-0.56
Damyean Dotson,2020,0.85,1.25,-0.62,-0.02,0.3,0.86,-0.56
James Nunnally,2019,0.0,0.0,0.15,0.72,0.19,0.76,-0.57
Isaac Bonga,2022,0.0,0.0,-0.6,-0.02,-0.57,-0.0,-0.57
Juancho Hernangomez,2020,0.04,0.96,0.35,0.51,0.61,1.18,-0.57
Chasson Randle,2019,1.02,0.1,-0.8,0.69,0.16,0.73,-0.57
Myke Henry,2018,0.31,1.21,0.23,0.33,0.74,1.32,-0.57
LaMelo Ball,2024,0.0,0.0,0.31,1.36,0.68,1.25,-0.57
Terrance Ferguson,2021,0.0,0.0,-0.5,0.08,-0.48,0.1,-0.57
Haywood Highsmith,2019,0.0,0.0,0.02,0.6,0.07,0.64,-0.57
Marquese Chriss,2021,0.0,0.0,-0.47,0.12,-0.46,0.11,-0.58
Richaun Holmes,2024,0.24,0.95,-0.35,0.06,0.09,0.67,-0.58
Diamond Stone,2017,0.0,0.0,-0.56,0.01,-0.57,0.01,-0.58
Rakeem Christmas,2017,0.0,0.0,-0.56,0.15,-0.47,0.1,-0.58
Jarrett Culver,2023,-0.17,0.04,-0.23,0.18,-0.36,0.22,-0.58
Anthony Black,2024,0.18,-0.51,-1.7,-0.51,-1.25,-0.67,-0.58
Danilo Gallinari,2024,0.0,0.0,0.03,0.82,0.27,0.85,-0.58
Lindell Wigginton,2023,0.0,0.0,-0.32,0.43,-0.2,0.39,-0.58
Evan Turner,2017,0.28,-0.96,-1.98,-0.35,-1.59,-1.01,-0.59
Kay Felder,2017,0.34,-0.07,-1.12,0.05,-0.6,-0.0,-0.59
Darrun Hilliard,2017,-0.65,-0.02,-0.44,-0.29,-0.82,-0.22,-0.59
Daniel Gafford,2022,0.13,0.01,0.47,1.65,0.75,1.34,-0.6
Nick Collison,2017,0.0,0.0,-0.78,-0.15,-0.75,-0.15,-0.6
DJ Carton,2024,0.0,0.0,-0.49,0.14,-0.46,0.14,-0.6
Gabe Vincent,2020,0.0,0.0,-0.66,-0.03,-0.61,-0.01,-0.6
Jerami Grant,2020,0.52,-0.59,0.21,1.92,0.9,1.5,-0.6
Troy Brown Jr.,2021,-0.38,0.75,0.18,-0.03,0.07,0.67,-0.6
Davon Reed,2022,0.02,0.89,0.23,0.21,0.38,0.98,-0.6
D.J. Wilson,2021,0.5,0.23,-0.79,0.22,-0.13,0.47,-0.6
Bonzie Colson,2019,0.0,0.0,0.09,0.71,0.14,0.74,-0.6
Jimmer Fredette,2019,0.0,0.0,-0.44,0.19,-0.4,0.2,-0.61
AJ Green,2023,0.0,0.0,-0.13,0.64,0.09,0.7,-0.61
John Butler Jr.,2023,0.0,0.0,-0.56,0.35,-0.27,0.34,-0.61
Carsen Edwards,2021,0.0,0.0,-0.23,0.41,-0.14,0.47,-0.61
Aleem Ford,2022,0.0,0.0,-0.24,0.4,-0.19,0.42,-0.61
Caleb Houstan,2023,0.6,0.09,-0.79,0.47,-0.03,0.58,-0.61
Ryan Anderson,2019,0.0,0.0,-1.1,-0.26,-0.94,-0.33,-0.61
Richaun Holmes,2017,-0.16,-0.5,-0.07,1.49,0.28,0.9,-0.61
Chance Comanche,2023,0.0,0.0,-0.12,0.51,-0.08,0.53,-0.61
Marcus Morris Sr.,2023,0.45,0.96,-0.29,0.23,0.22,0.84,-0.61
Cheick Diallo,2022,0.0,0.0,-0.35,0.29,-0.32,0.3,-0.61
Wayne Selden,2017,0.0,0.0,-0.58,0.03,-0.56,0.05,-0.62
Karim Mane,2021,0.0,0.0,-0.46,0.16,-0.42,0.19,-0.62
Paul Reed,2022,0.0,0.0,0.22,1.06,0.41,1.03,-0.62
Vernon Carey Jr.,2021,0.0,0.0,-0.36,0.24,-0.33,0.29,-0.62
Ante Zizic,2018,-0.04,-0.34,-0.07,0.91,-0.06,0.56,-0.62
Hassan Whiteside,2021,-0.08,-0.69,-0.66,0.61,-0.63,-0.01,-0.62
Nic Claxton,2022,-0.51,-0.65,-0.91,-0.17,-1.27,-0.65,-0.62
Duncan Robinson,2023,0.0,0.0,-0.23,0.62,0.15,0.77,-0.62
Maurice Harkless,2022,-0.96,0.23,-0.71,-0.57,-1.1,-0.47,-0.62
Jeff Dowtin Jr.,2022,0.0,0.0,-0.59,0.09,-0.51,0.12,-0.62
Otto Porter Jr.,2023,0.0,0.0,-0.26,0.48,-0.11,0.51,-0.62
Saddiq Bey,2022,1.09,-0.02,-1.08,1.13,0.34,0.96,-0.62
Frank Ntilikina,2021,0.0,0.0,-0.95,-0.31,-0.83,-0.21,-0.63
Grant Williams,2022,0.35,0.49,0.99,1.32,1.24,1.86,-0.63
Jake Layman,2018,0.0,0.0,-0.42,0.25,-0.33,0.3,-0.63
Raymond Felton,2017,0.72,-0.23,-1.25,0.75,-0.25,0.38,-0.63
Romeo Langford,2023,0.13,0.1,-0.99,0.06,-0.56,0.07,-0.63
Deividas Sirvydis,2022,0.0,0.0,-0.52,0.13,-0.49,0.14,-0.63
Matt Barnes,2017,0.41,0.52,-0.86,-0.17,-0.51,0.12,-0.63
Antonius Cleveland,2018,0.0,0.0,-0.97,-0.28,-0.89,-0.26,-0.63
Nik Stauskas,2018,-0.06,0.41,-0.9,-0.34,-0.68,-0.05,-0.63
Ekpe Udoh,2019,0.3,0.06,-0.28,0.92,0.21,0.84,-0.63
Michael Carter-Williams,2023,0.0,0.0,-0.21,0.42,-0.16,0.47,-0.63
Malachi Richardson,2017,-0.66,0.21,-0.3,-0.36,-0.83,-0.2,-0.63
Jamal Cain,2024,0.57,0.99,-0.51,-0.17,0.16,0.79,-0.63
Brian Roberts,2017,0.0,0.0,-1.07,-0.06,-0.78,-0.14,-0.63
Vince Williams Jr.,2023,0.0,0.0,-0.9,-0.21,-0.76,-0.13,-0.63
Jahlil Okafor,2020,0.05,-0.77,-0.46,0.96,-0.31,0.33,-0.63
RJ Barrett,2022,1.47,1.1,-0.71,0.57,0.61,1.25,-0.63
Jabari Smith Jr.,2024,0.61,0.15,-0.64,0.5,0.0,0.64,-0.64
James Johnson,2021,-0.21,-0.6,-1.19,0.04,-1.11,-0.48,-0.64
Georges Niang,2023,0.46,0.3,-0.62,0.1,-0.19,0.45,-0.64
Gorgui Dieng,2021,0.42,0.29,-0.44,0.35,0.08,0.72,-0.64
Dzanan Musa,2020,0.0,0.0,-0.59,0.37,-0.2,0.44,-0.64
Ty Jerome,2023,0.0,0.0,0.13,1.36,0.65,1.29,-0.64
PJ Dozier,2023,0.0,0.0,-0.73,-0.06,-0.64,-0.0,-0.64
Solomon Hill,2018,0.98,0.93,-0.59,0.16,0.37,1.01,-0.64
Tyler Cavanaugh,2019,0.0,0.0,-0.48,0.23,-0.44,0.2,-0.64
Precious Achiuwa,2023,-0.08,-0.34,0.46,1.24,0.47,1.11,-0.65
Deyonta Davis,2018,-0.47,0.16,-0.13,0.88,-0.02,0.62,-0.65
Thanasis Antetokounmpo,2020,-0.15,0.2,-0.33,0.03,-0.31,0.34,-0.65
James Young,2018,0.0,0.0,-0.35,0.27,-0.33,0.32,-0.65
Timothe Luwawu-Cabarrot,2021,0.18,0.75,0.41,1.0,0.8,1.45,-0.65
Elie Okobo,2020,0.85,0.9,-0.71,0.2,0.21,0.86,-0.65
Bismack Biyombo,2024,-1.58,-0.6,0.29,0.17,-0.76,-0.11,-0.65
E'Twaun Moore,2019,0.65,1.38,0.62,0.78,1.09,1.74,-0.65
Darrell Arthur,2018,0.0,0.0,-0.4,0.29,-0.38,0.27,-0.65
Taurean Prince,2018,1.15,-0.22,-0.34,1.58,0.78,1.43,-0.65
Amir Johnson,2019,-0.61,-0.67,-0.3,0.7,-0.55,0.1,-0.65
Quinn Cook,2017,0.0,0.0,0.34,1.19,0.47,1.12,-0.65
Derrick Walton Jr.,2018,0.0,0.0,-0.49,0.25,-0.37,0.29,-0.65
Bones Hyland,2024,0.93,0.94,-1.42,-0.42,-0.23,0.42,-0.65
Zylan Cheatham,2020,0.0,0.0,-0.28,0.43,-0.23,0.42,-0.65
Wes Iwundu,2018,0.24,-0.06,-1.42,-0.61,-1.05,-0.4,-0.65
Omari Spellman,2020,0.75,0.16,-1.0,0.17,-0.25,0.41,-0.66
Chimezie Metu,2024,-0.15,0.04,-0.87,-0.02,-0.63,0.03,-0.66
Lamar Stevens,2023,0.22,-0.0,-0.34,0.4,-0.07,0.59,-0.66
Thomas Bryant,2018,0.45,1.06,-0.07,0.05,0.43,1.08,-0.66
Max Christie,2024,-0.41,0.85,-0.94,-0.88,-0.74,-0.08,-0.66
Santi Aldama,2023,0.26,0.79,0.12,0.26,0.32,0.98,-0.66
Troy Williams,2019,0.29,-0.08,-0.95,0.23,-0.51,0.15,-0.66
Bruno Fernando,2021,0.0,0.0,-0.83,-0.12,-0.74,-0.08,-0.66
Kelan Martin,2022,-0.13,-0.01,-0.89,-0.13,-0.84,-0.18,-0.66
Wendell Carter Jr.,2021,-0.6,-1.28,-1.19,0.57,-1.31,-0.65,-0.66
Furkan Korkmaz,2018,0.0,0.0,-0.18,0.5,-0.13,0.54,-0.67
Mirza Teletovic,2018,0.0,0.0,-0.5,0.2,-0.43,0.23,-0.67
Norvel Pelle,2022,0.0,0.0,-0.58,0.1,-0.59,0.08,-0.67
Eric Bledsoe,2021,0.87,0.16,0.63,1.86,1.15,1.82,-0.67
Sheldon Mac,2017,0.0,0.0,-1.21,-0.31,-1.04,-0.37,-0.67
Marco Belinelli,2019,0.93,0.89,-0.04,0.59,0.6,1.27,-0.67
Eric Paschall,2021,0.38,-0.21,-1.06,0.48,-0.44,0.23,-0.68
Tomas Satoransky,2022,0.44,-0.37,-1.28,0.36,-0.75,-0.08,-0.68
Justin Champagnie,2024,0.0,0.0,-0.51,0.35,-0.28,0.4,-0.68
Max Strus,2021,0.0,0.0,-0.05,0.64,0.1,0.78,-0.68
Daniel Ochefu,2017,0.0,0.0,-0.34,0.39,-0.31,0.38,-0.68
Danuel House Jr.,2023,0.0,0.0,0.21,0.92,0.4,1.09,-0.68
C.J. Watson,2017,0.0,0.0,-1.25,-0.05,-0.78,-0.1,-0.68
Chris Duarte,2023,0.8,0.59,-0.5,0.7,0.47,1.16,-0.69
Jeff Green,2020,0.54,0.23,-0.81,0.74,-0.08,0.6,-0.69
Yves Pons,2022,0.0,0.0,-0.77,-0.06,-0.72,-0.03,-0.69
Lindell Wigginton,2022,0.5,0.33,-0.01,1.0,0.56,1.25,-0.69
John Wall,2019,1.11,0.06,-1.51,0.09,-0.5,0.19,-0.69
Wenyen Gabriel,2022,-0.68,1.11,1.36,0.67,0.9,1.59,-0.7
John Holland,2018,0.0,0.0,-0.18,0.55,-0.14,0.56,-0.7
Theo Pinson,2022,0.0,0.0,-0.85,-0.02,-0.71,-0.02,-0.7
Thomas Bryant,2020,0.79,0.57,-0.12,1.15,0.35,1.05,-0.7
Kay Felder,2018,0.41,0.79,-0.72,-0.22,-0.21,0.49,-0.7
Reggie Jackson,2017,1.66,0.16,-0.83,1.5,0.82,1.52,-0.7
Anzejs Pasecniks,2020,-1.05,0.24,0.53,0.27,-0.26,0.45,-0.7
James Bouknight,2023,0.37,0.7,-1.23,-0.42,-0.44,0.27,-0.71
Blake Griffin,2022,0.47,-0.79,-1.13,0.8,-0.58,0.12,-0.71
Taylor Hendricks,2024,0.14,0.28,-0.93,0.08,-0.51,0.2,-0.71
Lance Thomas,2018,0.15,-0.19,-1.54,-0.05,-1.06,-0.35,-0.71
Skylar Mays,2023,0.0,0.0,-0.11,0.96,0.18,0.89,-0.71
Gary Clark,2021,0.0,0.0,-0.51,0.55,-0.23,0.48,-0.71
Marvin Bagley III,2019,0.6,0.47,0.03,1.27,0.65,1.36,-0.71
Damyean Dotson,2021,0.76,0.34,-2.05,-0.77,-1.05,-0.34,-0.71
Micah Potter,2022,0.0,0.0,-0.68,0.07,-0.65,0.06,-0.71
Nate Darling,2021,0.0,0.0,-0.49,0.23,-0.46,0.25,-0.71
Kyle Wiltjer,2017,0.0,0.0,-0.54,0.22,-0.5,0.22,-0.72
Ian Mahinmi,2020,-1.08,-0.34,0.03,0.37,-0.89,-0.17,-0.72
JaVale McGee,2019,0.65,0.15,-0.01,1.2,0.43,1.14,-0.72
Glenn Robinson III,2019,0.31,1.09,-1.42,-1.12,-1.06,-0.34,-0.72
Thomas Bryant,2022,-0.38,-0.51,-1.06,-0.02,-1.25,-0.53,-0.72
Noah Vonleh,2018,0.23,0.22,-1.01,-0.23,-0.8,-0.08,-0.72
Gary Trent Jr.,2023,1.63,0.71,-1.03,0.37,0.19,0.91,-0.72
Jarell Martin,2017,-0.48,-0.23,-1.89,-1.19,-2.12,-1.4,-0.72
Kris Dunn,2018,1.05,0.99,-0.53,1.23,0.67,1.39,-0.72
Cheick Diallo,2020,0.0,0.0,-0.7,0.11,-0.6,0.12,-0.72
Carmelo Anthony,2020,0.04,0.87,0.65,0.82,0.62,1.34,-0.72
D.J. Wilson,2018,0.0,0.0,-0.58,0.23,-0.51,0.21,-0.73
Ayo Dosunmu,2023,-0.2,0.09,-1.86,-1.02,-1.74,-1.01,-0.73
Daishen Nix,2023,0.3,0.33,-0.85,0.02,-0.29,0.44,-0.73
Chandler Parsons,2020,0.0,0.0,-0.48,0.33,-0.41,0.32,-0.73
D'Moi Hodge,2024,0.0,0.0,-0.34,0.45,-0.25,0.48,-0.73
Jarred Vanderbilt,2020,0.0,0.0,-0.47,0.29,-0.45,0.28,-0.73
Jonathon Simmons,2019,0.07,-0.76,-1.3,0.45,-0.79,-0.06,-0.73
Taj Gibson,2019,0.59,0.94,0.09,0.77,0.61,1.35,-0.74
Kyle O'Quinn,2019,-0.58,-0.1,0.0,0.44,-0.42,0.31,-0.74
Timmy Allen,2024,0.0,0.0,-0.87,-0.07,-0.76,-0.02,-0.74
Chris Silva,2022,0.0,0.0,-0.2,0.57,-0.18,0.56,-0.74
KJ Martin,2024,0.22,0.94,-0.47,-0.1,0.04,0.78,-0.74
Neemias Queta,2023,0.0,0.0,-0.5,0.21,-0.52,0.22,-0.74
Anthony Tolliver,2019,0.21,0.69,-1.08,-0.43,-0.57,0.18,-0.74
Tony Snell,2017,0.33,0.18,0.08,0.93,0.44,1.18,-0.74
Bennedict Mathurin,2023,0.32,0.69,-0.18,0.88,0.46,1.2,-0.74
Alex Len,2022,-1.15,-0.72,-0.88,-0.37,-1.83,-1.09,-0.74
Treveon Graham,2020,-0.14,-0.55,-0.99,0.4,-0.92,-0.17,-0.75
Cedi Osman,2020,0.11,0.45,-0.44,0.89,-0.12,0.63,-0.75
Javonte Smart,2022,0.0,0.0,-0.79,0.17,-0.63,0.12,-0.75
John Jenkins,2019,0.0,0.0,-0.8,-0.07,-0.74,0.01,-0.75
Thon Maker,2019,-0.36,-0.36,-1.46,-0.46,-1.57,-0.82,-0.75
Trent Forrest,2023,0.29,-0.07,-0.85,0.31,-0.45,0.3,-0.75
Cason Wallace,2024,0.0,0.0,-0.56,-0.12,-0.4,0.35,-0.75
Allonzo Trier,2020,0.0,0.0,-0.73,0.19,-0.63,0.13,-0.76
Moses Brown,2020,0.0,0.0,-0.19,0.58,-0.17,0.59,-0.76
Terry Rozier,2024,1.74,1.35,-0.09,1.5,1.38,2.14,-0.76
Kendall Brown,2024,0.0,0.0,-0.84,-0.09,-0.79,-0.03,-0.76
Dillon Brooks,2024,0.28,1.38,-0.02,-0.01,0.28,1.04,-0.76
Nickeil Alexander-Walker,2022,1.1,0.94,-0.95,0.31,0.16,0.93,-0.76
Goran Dragic,2023,0.0,0.0,0.07,0.85,0.49,1.26,-0.77
Terry Rozier,2019,0.9,-0.34,-2.32,-0.16,-1.08,-0.31,-0.77
Trey Lyles,2022,0.49,0.71,-0.17,1.03,0.52,1.29,-0.77
Treveon Graham,2018,0.13,-0.06,-0.72,0.66,-0.31,0.46,-0.77
Jerami Grant,2024,1.6,1.04,-0.95,0.97,0.54,1.31,-0.77
Jose Calderon,2017,0.03,0.14,-1.42,-0.3,-1.04,-0.27,-0.77
Hollis Thompson,2017,-0.01,0.08,-0.87,-0.22,-0.81,-0.03,-0.77
Georgios Papagiannis,2017,-0.93,-0.1,0.03,0.3,-0.69,0.09,-0.77
Will Barton,2019,0.66,0.59,-0.3,0.46,0.23,1.0,-0.77
Reggie Bullock Jr.,2019,0.0,0.0,-0.14,0.9,0.02,0.8,-0.77
Joe Young,2018,0.49,0.21,-0.96,0.48,-0.19,0.59,-0.78
Austin Reaves,2024,1.64,1.11,-0.2,1.08,1.06,1.84,-0.78
Ivan Rabb,2019,0.86,0.97,-0.13,0.74,0.73,1.51,-0.78
Spencer Dinwiddie,2019,1.44,1.03,-0.37,1.13,0.93,1.71,-0.78
Jeremy Lamb,2017,0.32,1.13,0.56,1.29,1.14,1.93,-0.78
Jae'Sean Tate,2022,0.25,-0.15,-1.43,0.48,-0.77,0.02,-0.78
James Ennis III,2020,-0.44,0.7,0.76,1.26,0.81,1.59,-0.78
Robert Williams III,2019,0.0,0.0,-0.98,-0.09,-0.86,-0.07,-0.78
Kelly Oubre Jr.,2023,1.14,0.17,-1.18,0.79,0.13,0.92,-0.78
Jarrett Culver,2022,0.25,0.61,-0.56,-0.04,-0.16,0.62,-0.78
Alize Johnson,2022,0.0,0.0,-0.21,0.56,-0.16,0.62,-0.79
Mason Jones,2021,0.0,0.0,-1.05,0.01,-0.74,0.05,-0.79
Saben Lee,2023,0.0,0.0,-1.5,-0.46,-1.16,-0.38,-0.79
Ian Mahinmi,2019,-0.31,0.05,-1.3,-0.75,-1.47,-0.68,-0.79
Nerlens Noel,2018,-0.18,-0.66,-1.65,-0.24,-1.7,-0.91,-0.79
Jamaree Bouyea,2024,0.0,0.0,-0.96,-0.13,-0.86,-0.08,-0.79
Cassius Winston,2021,0.0,0.0,-0.38,0.54,-0.26,0.53,-0.79
Dragan Bender,2019,-0.82,-0.73,-0.74,0.23,-1.18,-0.39,-0.79
Sharife Cooper,2022,0.0,0.0,-0.77,0.03,-0.73,0.06,-0.79
Ian Clark,2017,0.9,0.55,-0.62,0.39,0.25,1.05,-0.79
James Young,2017,0.6,0.74,-0.53,0.19,0.08,0.87,-0.79
Tyler Cook,2022,0.0,0.0,-0.43,0.49,-0.38,0.42,-0.8
Miles Plumlee,2017,-0.84,-0.87,-0.88,0.15,-1.41,-0.61,-0.8
Bruno Fernando,2020,-0.41,0.75,-1.12,-0.77,-1.21,-0.41,-0.8
Shelvin Mack,2017,0.25,0.25,-0.61,0.51,-0.19,0.61,-0.8
Dakota Mathias,2021,0.0,0.0,-0.68,0.13,-0.61,0.19,-0.8
Chris Chiozza,2022,0.0,0.0,-0.99,0.09,-0.72,0.08,-0.8
Andre Roberson,2020,-0.44,0.46,-0.59,-0.56,-0.91,-0.11,-0.8
Jeremiah Robinson-Earl,2022,0.11,-0.36,-1.29,0.19,-0.98,-0.18,-0.8
Justin Patton,2021,0.0,0.0,-0.69,0.33,-0.55,0.26,-0.81
Luke Kornet,2020,0.47,0.89,-0.19,0.22,0.16,0.96,-0.81
Cheick Diallo,2017,1.11,1.31,-0.29,0.5,0.86,1.67,-0.81
JaVale McGee,2020,-0.5,-0.59,-0.05,0.11,-0.68,0.13,-0.81
Colin Castleton,2024,0.0,0.0,-0.5,0.37,-0.39,0.42,-0.81
Tony Snell,2020,0.56,0.14,-0.86,0.84,-0.03,0.79,-0.81
E'Twaun Moore,2021,0.09,0.62,-0.72,-0.18,-0.45,0.37,-0.81
Dru Smith,2024,0.0,0.0,-0.9,-0.01,-0.8,0.01,-0.81
Thanasis Antetokounmpo,2024,0.0,0.0,-0.82,0.12,-0.62,0.19,-0.81
Cam Reddish,2020,-0.17,0.6,-0.32,0.72,-0.11,0.7,-0.81
Markieff Morris,2018,-0.13,-0.25,-0.1,0.86,-0.2,0.61,-0.82
Darius Bazley,2023,-0.68,-0.9,-1.3,-0.37,-1.72,-0.9,-0.82
Miye Oni,2022,0.0,0.0,-0.57,0.3,-0.52,0.3,-0.82
Brandon Boston Jr.,2023,0.0,0.0,-0.38,0.51,-0.21,0.61,-0.82
Patrick Patterson,2018,0.25,-1.27,-1.42,0.35,-1.03,-0.21,-0.82
Ömer Aşik,2017,-1.12,-0.28,-0.76,-0.44,-1.56,-0.74,-0.82
Henry Ellenson,2017,-0.74,-0.16,-0.29,-0.07,-0.95,-0.13,-0.82
Duncan Robinson,2024,0.67,1.09,-0.39,0.45,0.52,1.34,-0.82
Semaj Christon,2017,0.62,0.17,-0.59,1.06,0.34,1.16,-0.83
Stanley Umude,2024,0.03,0.48,-0.67,-0.12,-0.45,0.37,-0.83
Dion Waiters,2018,0.8,0.42,-1.42,-0.19,-0.62,0.21,-0.83
Ryan Rollins,2023,0.0,0.0,-0.97,-0.04,-0.87,-0.04,-0.83
Collin Sexton,2022,0.0,0.0,-1.21,-0.3,-1.07,-0.24,-0.83
Demetrius Jackson,2018,0.0,0.0,-0.6,0.3,-0.49,0.34,-0.83
Richard Jefferson,2018,0.0,0.0,-0.6,0.25,-0.6,0.23,-0.83
James Bouknight,2022,0.0,0.0,-0.29,0.61,-0.15,0.68,-0.83
Lorenzo Brown,2019,0.0,0.0,-1.36,-0.49,-1.26,-0.43,-0.83
Dragan Bender,2020,-0.55,0.85,-0.19,-0.43,-0.55,0.29,-0.83
Joel Anthony,2017,0.0,0.0,-0.9,-0.08,-0.87,-0.03,-0.84
Dylan Windler,2024,0.0,0.0,-0.3,0.57,-0.21,0.63,-0.84
Kobe Brown,2024,0.69,0.11,-0.57,1.04,0.34,1.17,-0.84
Paul Watson,2022,0.0,0.0,-0.33,0.57,-0.28,0.56,-0.84
Lance Stephenson,2018,0.22,0.28,0.53,2.08,1.21,2.05,-0.84
Caleb Swanigan,2020,-0.33,-0.11,-0.08,0.68,-0.32,0.52,-0.84
James Johnson,2023,-1.1,-0.05,-0.47,-0.57,-1.42,-0.58,-0.84
Cedi Osman,2022,1.07,0.03,-0.6,0.89,0.32,1.16,-0.84
Jalen Duren,2024,-0.04,0.75,-0.97,0.21,-0.7,0.14,-0.85
Ish Smith,2023,-0.05,0.8,-0.95,-0.46,-0.6,0.24,-0.85
Udonis Haslem,2019,0.0,0.0,-1.0,-0.15,-0.97,-0.12,-0.85
Jake LaRavia,2024,0.63,0.78,-0.7,0.08,0.15,1.0,-0.85
Jarrell Brantley,2020,0.0,0.0,-0.91,0.0,-0.81,0.04,-0.85
Paul Millsap,2022,-0.27,0.04,-0.71,0.12,-0.78,0.08,-0.85
Anthony Gill,2021,0.0,0.0,-0.88,0.06,-0.79,0.07,-0.85
Mike Dunleavy,2017,0.35,-0.63,-2.21,-0.51,-1.75,-0.89,-0.86
Treveon Graham,2017,0.0,0.0,-0.87,0.15,-0.73,0.12,-0.86
Jordan Bell,2021,0.0,0.0,-0.54,0.35,-0.51,0.35,-0.86
Lamar Stevens,2022,-0.02,-0.03,-0.16,0.82,-0.02,0.85,-0.87
Wesley Matthews,2018,1.29,-0.19,-0.3,2.11,0.74,1.61,-0.87
Luka Samanic,2024,-0.42,0.85,-0.7,-0.72,-0.81,0.06,-0.87
Johnny Davis,2023,0.0,0.0,-1.96,-0.84,-1.62,-0.75,-0.87
Kira Lewis Jr.,2024,0.0,0.0,-1.31,-0.32,-1.08,-0.21,-0.87
Tim Frazier,2022,0.0,0.0,-1.15,-0.11,-0.98,-0.11,-0.87
Jordan Clarkson,2024,1.02,1.41,-0.1,1.06,1.04,1.91,-0.87
John Collins,2018,-1.08,-0.52,-1.36,-0.57,-1.83,-0.96,-0.88
AJ Lawson,2023,0.0,0.0,-0.67,0.27,-0.58,0.29,-0.88
Trevor Ariza,2019,0.69,0.57,-0.47,1.07,0.17,1.05,-0.88
Gorgui Dieng,2022,0.0,0.0,-0.97,0.16,-0.81,0.07,-0.88
Luguentz Dort,2022,0.58,0.38,-2.0,-0.6,-1.29,-0.41,-0.88
Damion Lee,2019,0.0,0.0,-0.77,0.19,-0.62,0.26,-0.88
Ian Clark,2019,0.03,1.01,-0.53,-0.13,-0.09,0.79,-0.88
Aaron Nesmith,2023,0.53,0.33,0.51,1.91,1.16,2.04,-0.88
Mike Scott,2018,0.11,1.2,0.4,0.89,0.63,1.52,-0.89
Payton Pritchard,2023,0.0,0.0,-1.18,-0.26,-0.98,-0.09,-0.89
Gerald Green,2017,0.38,1.33,0.11,0.39,0.54,1.43,-0.89
Enes Freedom,2018,0.0,0.0,0.4,1.53,0.46,1.35,-0.89
Terrence Ross,2021,-0.05,-0.21,-1.13,0.36,-0.7,0.2,-0.9
Joe Harris,2024,0.0,0.0,-0.39,0.48,-0.36,0.54,-0.9
Frank Kaminsky,2023,0.19,1.13,0.09,0.23,0.39,1.29,-0.9
Daniel Gafford,2023,-0.52,-0.17,-0.12,0.61,-0.24,0.66,-0.9
Tosan Evbuomwan,2024,0.0,0.0,-0.6,0.66,-0.32,0.58,-0.9
Marcus Morris Sr.,2018,0.0,0.0,-0.16,1.07,0.01,0.91,-0.91
Anfernee Simons,2024,2.79,2.41,0.62,2.44,2.98,3.89,-0.91
Theo Maledon,2024,0.0,0.0,-0.3,0.82,-0.09,0.82,-0.91
Xavier Rathan-Mayes,2018,0.0,0.0,-0.68,0.37,-0.59,0.32,-0.91
Dairis Bertans,2019,0.0,0.0,-0.56,0.46,-0.41,0.51,-0.91
Daniel Gafford,2020,-0.92,0.22,-0.48,-0.62,-1.24,-0.32,-0.91
Svi Mykhailiuk,2021,-0.36,0.63,-0.43,0.46,-0.22,0.69,-0.91
Bobby Portis,2017,0.13,0.13,-0.94,0.39,-0.56,0.35,-0.91
Jaylen Morris,2018,0.0,0.0,-0.91,0.08,-0.85,0.07,-0.91
Malachi Richardson,2018,0.0,0.0,-0.55,0.5,-0.44,0.48,-0.92
Jordan Bell,2019,-0.03,-0.78,-0.7,1.02,-0.62,0.3,-0.92
Anthony Edwards,2021,1.67,1.05,0.47,1.87,1.79,2.71,-0.92
Duncan Robinson,2019,0.0,0.0,-0.65,0.32,-0.55,0.38,-0.92
Nickeil Alexander-Walker,2020,0.36,0.63,0.54,1.55,1.18,2.1,-0.92
Nikola Vucevic,2024,0.86,1.26,-0.25,0.74,0.62,1.55,-0.92
Marko Guduric,2020,-0.05,0.86,-0.36,-0.1,-0.19,0.74,-0.92
Anderson Varejao,2017,0.0,0.0,-0.41,0.49,-0.43,0.5,-0.93
Damian Jones,2023,-0.37,-0.06,-1.15,-0.08,-1.19,-0.26,-0.93
Alan Anderson,2017,0.0,0.0,-0.33,0.77,-0.21,0.72,-0.93
Omari Spellman,2019,0.46,-0.8,-0.98,1.31,-0.37,0.56,-0.93
Matthew Dellavedova,2023,0.0,0.0,-1.15,-0.11,-0.96,-0.03,-0.93
Dennis Schroder,2022,1.02,-0.37,-2.07,-0.11,-1.21,-0.28,-0.93
David Roddy,2024,0.61,0.28,-1.43,-0.05,-0.49,0.44,-0.93
DeAndre Jordan,2024,1.21,0.85,-0.69,0.85,0.63,1.57,-0.93
Max Christie,2023,0.0,0.0,-1.13,0.12,-0.88,0.05,-0.93
Xavier Moon,2024,0.0,0.0,-0.77,0.22,-0.68,0.25,-0.94
Terry Taylor,2022,1.12,1.22,0.61,1.82,1.58,2.52,-0.94
Maurice Harkless,2020,-0.06,0.05,0.02,0.84,0.11,1.06,-0.94
Justin Jackson,2020,0.37,-0.15,0.57,1.7,0.93,1.88,-0.94
Matthew Dellavedova,2018,0.0,0.0,-0.47,0.74,-0.22,0.72,-0.95
Nerlens Noel,2019,-0.23,-0.68,-2.4,-0.95,-2.27,-1.33,-0.95
Nassir Little,2023,0.97,1.22,0.2,1.54,1.27,2.21,-0.95
Vernon Carey Jr.,2022,0.0,0.0,-0.44,0.56,-0.39,0.55,-0.95
Kyle Kuzma,2024,2.14,1.57,-0.58,1.6,1.35,2.3,-0.95
Mike Muscala,2024,-0.52,0.54,-0.39,-0.02,-0.47,0.48,-0.95
Damian Jones,2021,0.0,0.0,-0.89,0.21,-0.79,0.16,-0.95
Ivica Zubac,2022,-0.13,-0.76,0.16,1.55,0.34,1.29,-0.95
Wendell Moore Jr.,2023,0.0,0.0,-0.85,0.22,-0.71,0.24,-0.95
Mike Scott,2021,0.27,0.95,-0.92,-0.44,-0.49,0.47,-0.95
Frank Jackson,2022,0.67,1.15,-1.04,-0.03,-0.17,0.78,-0.95
Udoka Azubuike,2024,-0.06,-0.28,-0.37,0.83,-0.41,0.55,-0.96
Marcus Sasser,2024,0.83,0.52,-0.83,0.96,0.61,1.57,-0.96
Elfrid Payton,2022,0.94,0.18,-1.81,-0.18,-0.84,0.12,-0.96
Markus Howard,2021,0.0,0.0,-0.8,0.27,-0.7,0.26,-0.96
Al Jefferson,2018,-1.0,0.16,0.09,0.13,-0.71,0.25,-0.96
Rodney Hood,2021,0.52,0.18,-0.86,0.8,-0.31,0.65,-0.97
Cristiano Felicio,2020,0.0,0.0,0.79,1.65,0.7,1.67,-0.97
Noah Vonleh,2020,-0.64,0.1,-1.41,-0.73,-1.7,-0.73,-0.97
Jamal Crawford,2017,0.37,0.41,-0.39,0.77,0.06,1.03,-0.97
Marcus Morris Sr.,2022,0.73,1.01,0.31,1.48,1.28,2.25,-0.97
Greg Monroe,2018,0.66,-0.85,-1.01,1.5,-0.31,0.67,-0.97
Landry Shamet,2021,0.1,0.34,-0.09,1.17,0.35,1.32,-0.97
Patrick Baldwin Jr.,2023,0.0,0.0,-0.79,0.27,-0.61,0.37,-0.97
Cody Zeller,2022,0.09,1.48,-0.05,-0.02,0.13,1.11,-0.98
Hamidou Diallo,2019,0.14,-0.01,-0.35,1.11,0.09,1.07,-0.98
Zeke Nnaji,2022,0.13,1.25,-0.12,0.28,0.28,1.26,-0.98
Bojan Bogdanovic,2018,0.34,1.18,-0.76,-0.31,-0.34,0.64,-0.98
Brandon Boston Jr.,2022,-0.05,0.46,-1.78,-0.96,-1.5,-0.51,-0.99
Coby White,2020,1.31,0.94,-0.56,0.42,0.58,1.57,-0.99
Ben McLemore,2021,0.21,0.66,-0.88,0.12,-0.33,0.66,-0.99
Norvel Pelle,2020,-0.35,-0.93,-0.63,0.99,-0.83,0.16,-0.99
Kennedy Chandler,2023,0.0,0.0,-0.8,0.37,-0.54,0.45,-0.99
Briante Weber,2017,0.0,0.0,-0.27,0.9,-0.13,0.87,-0.99
Tyus Jones,2024,1.25,0.43,0.09,2.55,1.3,2.3,-1.0
Evan Fournier,2024,0.51,0.66,-2.46,-1.07,-1.5,-0.51,-1.0
Moses Moody,2022,0.0,0.0,-0.93,0.33,-0.73,0.27,-1.0
Randy Foye,2017,-0.34,0.21,-0.16,0.6,-0.16,0.84,-1.0
Kenneth Faried,2018,0.96,1.07,-0.5,0.47,0.32,1.33,-1.0
Richaun Holmes,2022,-1.34,-0.48,-0.47,0.22,-1.35,-0.34,-1.0
Nicolo Melli,2020,0.09,-0.22,-0.68,0.75,-0.47,0.53,-1.0
Kyle Guy,2022,0.34,-0.01,-1.05,0.34,-0.65,0.35,-1.0
Nic Claxton,2024,-0.26,-1.01,-1.47,0.21,-1.46,-0.46,-1.0
Brandon Goodwin,2022,0.0,0.0,-0.24,0.73,0.02,1.02,-1.0
Dewayne Dedmon,2023,-0.43,-0.72,-1.8,-0.39,-1.97,-0.96,-1.01
Ousmane Dieng,2024,0.0,0.0,-0.64,0.33,-0.48,0.52,-1.01
Jared Sullinger,2017,0.0,0.0,-1.01,0.06,-0.99,0.01,-1.01
Gary Payton II,2017,0.0,0.0,-0.58,0.42,-0.56,0.45,-1.01
Ignas Brazdeikis,2021,0.2,1.24,0.01,0.01,0.23,1.25,-1.02
Lonnie Walker IV,2019,0.0,0.0,-0.9,0.23,-0.83,0.19,-1.02
Marshall Plumlee,2017,-0.85,0.62,0.24,-0.01,-0.49,0.53,-1.02
Markieff Morris,2024,0.0,0.0,-0.68,0.5,-0.56,0.46,-1.02
JaMychal Green,2022,-0.84,0.17,-0.99,-0.09,-1.2,-0.18,-1.02
Killian Hayes,2023,0.52,0.11,-1.81,0.92,-0.64,0.38,-1.02
Skylar Mays,2022,0.0,0.0,-0.18,0.97,-0.02,1.0,-1.03
Onyeka Okongwu,2021,-0.2,-0.16,0.01,1.17,-0.03,0.99,-1.03
Isaiah Canaan,2017,0.34,-0.63,-1.5,0.32,-1.12,-0.09,-1.03
Isaiah Stewart,2022,0.17,-0.3,-1.72,0.11,-1.17,-0.14,-1.03
Davion Mitchell,2024,0.14,0.41,-1.19,0.13,-0.58,0.46,-1.03
Zach LaVine,2024,0.0,0.0,-1.05,0.3,-0.85,0.19,-1.03
Garrison Mathews,2024,0.88,1.03,-0.38,0.83,0.63,1.67,-1.03
Juancho Hernangomez,2021,0.66,0.98,0.42,1.27,1.02,2.05,-1.03
Jawun Evans,2019,0.0,0.0,-0.82,0.27,-0.77,0.27,-1.04
Devonte' Graham,2023,0.43,-0.11,-1.36,0.55,-0.54,0.5,-1.04
Tyler Cook,2021,-0.72,0.65,0.28,0.06,-0.31,0.73,-1.04
R.J. Hampton,2023,0.45,0.42,-0.5,0.92,0.21,1.25,-1.04
Metta World Peace,2017,0.0,0.0,-0.76,0.31,-0.69,0.36,-1.04
Lamar Stevens,2021,-0.22,0.2,-0.89,0.08,-0.82,0.23,-1.05
Juancho Hernangomez,2022,0.17,0.49,0.3,1.09,0.53,1.57,-1.05
Willie Cauley-Stein,2022,-0.7,1.01,-0.28,-0.76,-0.87,0.18,-1.05
Dwight Powell,2017,0.41,-0.07,-0.13,1.52,0.3,1.35,-1.05
Dragan Bender,2018,-0.34,-0.33,-1.45,0.43,-1.37,-0.32,-1.05
Didi Louzada,2022,0.0,0.0,-1.34,-0.12,-1.2,-0.16,-1.05
Scotty Pippen Jr.,2024,0.0,0.0,-0.98,0.19,-0.72,0.33,-1.05
Chandler Parsons,2017,-0.12,-0.36,-0.78,0.37,-0.89,0.16,-1.05
C.J. Williams,2019,0.0,0.0,-0.66,0.45,-0.57,0.48,-1.05
Haywood Highsmith,2022,0.0,0.0,-0.45,0.63,-0.37,0.68,-1.05
Michael Frazier II,2020,0.0,0.0,-1.18,-0.03,-1.04,0.01,-1.05
Iman Shumpert,2019,0.44,0.15,-0.63,0.86,-0.12,0.93,-1.05
Jeff Teague,2020,0.62,1.07,0.3,1.74,1.15,2.21,-1.06
David Nwaba,2018,0.26,0.8,-0.23,1.01,0.15,1.21,-1.06
Tyson Chandler,2018,-1.1,-0.2,-0.79,0.42,-1.36,-0.3,-1.06
Vlatko Cancar,2023,0.42,0.72,-0.76,0.48,-0.17,0.89,-1.06
Svi Mykhailiuk,2022,0.62,0.18,-1.16,0.4,-0.44,0.62,-1.06
Darius Garland,2020,0.26,0.79,-0.74,0.85,-0.12,0.94,-1.07
Moritz Wagner,2020,-0.67,-0.19,-0.51,0.42,-0.87,0.2,-1.07
Trey Jemison,2024,0.0,0.0,-0.89,0.45,-0.52,0.56,-1.07
Sandro Mamukelashvili,2023,0.6,0.83,-0.36,0.91,0.48,1.55,-1.07
Robin Lopez,2020,-0.66,-0.99,-1.58,-0.4,-1.84,-0.77,-1.07
Dante Exum,2020,0.01,0.11,-1.37,-0.13,-1.11,-0.04,-1.07
Anfernee Simons,2019,0.0,0.0,-0.19,1.05,-0.03,1.04,-1.08
Nicolas Laprovittola,2017,0.0,0.0,-0.91,0.13,-0.83,0.25,-1.08
AJ Griffin,2024,0.21,0.91,0.01,0.49,0.3,1.38,-1.08
Kendrick Nunn,2020,1.4,1.24,-1.23,0.1,-0.05,1.03,-1.08
Devin Vassell,2023,1.54,0.28,-1.16,1.21,0.21,1.3,-1.08
Markieff Morris,2022,-0.85,0.24,0.18,0.27,-0.58,0.5,-1.08
Quinndary Weatherspoon,2021,0.0,0.0,-0.82,0.32,-0.73,0.36,-1.09
Nassir Little,2021,0.33,1.22,0.77,1.24,1.08,2.16,-1.09
Dirk Nowitzki,2019,0.0,0.0,-0.58,0.68,-0.49,0.59,-1.09
Juwan Morgan,2021,0.0,0.0,-0.65,0.51,-0.58,0.51,-1.09
Bol Bol,2021,0.0,0.0,-0.49,0.68,-0.38,0.71,-1.09
Julian Champagnie,2023,0.99,1.19,-0.37,0.79,0.76,1.85,-1.09
DeMarre Carroll,2020,-0.39,0.68,-0.48,-0.2,-0.66,0.44,-1.09
Jordan Poole,2023,1.0,1.54,-1.75,-0.48,-0.61,0.48,-1.09
Justin Jackson,2018,-0.11,1.08,-0.94,-0.22,-0.71,0.38,-1.09
Bojan Bogdanovic,2017,0.93,1.08,-0.12,1.54,0.96,2.06,-1.09
Alfonzo McKinnie,2022,0.11,0.2,-0.04,1.08,0.15,1.25,-1.1
Kenneth Lofton Jr.,2023,0.0,0.0,-0.45,0.72,-0.31,0.79,-1.1
Chuma Okeke,2023,0.82,-0.3,-1.09,1.13,-0.07,1.02,-1.1
Javonte Green,2020,0.05,0.25,-0.95,0.18,-0.67,0.43,-1.1
Michael Beasley,2019,0.05,1.08,0.0,0.35,0.18,1.28,-1.1
Rui Hachimura,2022,1.04,1.03,0.07,1.5,1.14,2.25,-1.11
Jarrod Uthoff,2017,0.9,0.41,-0.75,0.85,0.18,1.28,-1.11
Dejounte Murray,2017,0.57,1.72,-0.47,-0.42,0.17,1.27,-1.11
Carsen Edwards,2020,0.44,-0.0,-2.17,-0.58,-1.64,-0.53,-1.11
Aaron Harrison,2018,0.0,0.0,-0.48,0.82,-0.3,0.81,-1.11
Johnathan Motley,2018,0.3,1.43,-0.22,-0.02,0.19,1.31,-1.11
KJ McDaniels,2017,-1.08,0.3,0.09,0.17,-0.59,0.52,-1.12
Dominick Barlow,2023,-0.67,-0.46,-0.83,0.47,-1.11,0.01,-1.12
Keon Johnson,2023,0.6,-0.08,-0.87,1.23,0.02,1.14,-1.12
Luke Kennard,2021,0.56,0.86,0.77,1.94,1.51,2.63,-1.12
Kevin Pangos,2022,0.0,0.0,-0.36,0.77,-0.23,0.89,-1.12
Joffrey Lauvergne,2017,0.18,0.53,-0.69,0.5,-0.29,0.84,-1.12
Jae Crowder,2024,0.09,-0.32,-0.8,0.75,-0.57,0.56,-1.12
Chinanu Onuaku,2017,0.0,0.0,-0.38,0.79,-0.36,0.76,-1.12
Frank Jackson,2019,0.0,0.0,-0.78,0.66,-0.36,0.76,-1.12
Gordon Hayward,2024,1.33,0.68,-0.73,1.2,0.53,1.66,-1.13
Olivier-Maxence Prosper,2024,0.73,1.02,-0.8,0.31,0.11,1.24,-1.13
Patrick McCaw,2018,0.54,-0.39,-0.81,1.27,-0.13,1.0,-1.13
Zach LaVine,2017,1.12,0.81,-0.53,1.09,0.41,1.54,-1.13
Damjan Rudez,2017,0.0,0.0,-0.88,0.4,-0.71,0.43,-1.14
Bruno Fernando,2022,-0.84,-0.42,-0.68,0.15,-1.38,-0.24,-1.14
Josh Gray,2018,0.0,0.0,-0.86,0.37,-0.79,0.35,-1.14
Taj Gibson,2023,-0.67,0.92,0.16,0.14,-0.24,0.9,-1.14
Juan Toscano-Anderson,2023,0.26,0.15,-1.84,-0.1,-1.29,-0.15,-1.14
Quinn Cook,2018,0.0,0.0,-0.65,0.75,-0.3,0.85,-1.14
Jacob Gilyard,2024,0.0,0.0,-0.0,1.29,0.36,1.5,-1.14
Abdel Nader,2022,-0.55,0.29,-0.97,-0.61,-1.46,-0.31,-1.14
Lance Thomas,2020,0.0,0.0,0.13,1.39,0.25,1.39,-1.14
AJ Hammons,2017,-1.08,-0.05,-0.26,-0.04,-1.23,-0.09,-1.14
DeAndre Jordan,2018,-0.7,-0.02,-0.3,0.71,-0.59,0.55,-1.14
Rajon Rondo,2018,0.18,-0.28,-0.43,0.78,-0.42,0.72,-1.14
Brandon Miller,2024,1.34,1.35,-0.69,1.25,0.77,1.92,-1.15
Sean Kilpatrick,2017,0.55,1.67,-0.22,0.72,0.61,1.75,-1.15
Grayson Allen,2020,0.0,0.0,-0.34,0.99,-0.09,1.06,-1.15
Jonas Valanciunas,2023,-0.44,1.11,-0.25,0.27,-0.56,0.6,-1.15
Jarell Martin,2018,-0.52,0.02,-1.16,0.46,-0.92,0.23,-1.16
Dwight Howard,2019,-0.61,-0.28,-0.65,0.2,-1.22,-0.06,-1.16
Lindy Waters III,2024,0.0,0.0,-0.95,0.23,-0.75,0.41,-1.16
Julius Randle,2017,0.27,-0.04,-0.58,2.11,0.13,1.28,-1.16
Oshae Brissett,2022,0.52,0.98,0.81,2.31,1.33,2.49,-1.16
Pat Connaughton,2024,0.62,0.5,-0.08,1.22,0.52,1.69,-1.16
Rayjon Tucker,2020,-1.01,-0.33,-0.16,0.51,-0.97,0.19,-1.16
Johnny O'Bryant III,2018,0.0,0.0,-1.94,-0.65,-1.82,-0.66,-1.16
Bones Hyland,2023,2.58,2.14,0.23,2.1,2.4,3.57,-1.16
Mychal Mulder,2022,0.03,0.57,-0.55,0.21,-0.4,0.77,-1.17
Emoni Bates,2024,0.0,0.0,-0.69,0.51,-0.61,0.56,-1.17
Kemba Walker,2022,1.37,0.46,-1.01,1.1,0.3,1.47,-1.17
James Johnson,2019,0.12,-0.64,-1.23,0.51,-0.96,0.21,-1.17
Drew Eubanks,2021,-0.43,-0.25,-0.77,0.43,-0.85,0.32,-1.17
Kelly Oubre Jr.,2024,0.33,0.35,-0.4,0.91,-0.01,1.16,-1.18
Guerschon Yabusele,2018,-0.54,0.65,-0.01,0.24,-0.35,0.82,-1.18
Darius Bazley,2020,-1.0,-0.09,-2.64,-1.67,-2.74,-1.57,-1.18
Anfernee Simons,2021,1.06,0.84,-0.37,1.44,0.84,2.02,-1.18
Reggie Bullock Jr.,2023,0.0,0.0,-0.25,1.37,-0.14,1.03,-1.18
Patrick McCaw,2019,0.0,0.0,-0.75,0.64,-0.54,0.65,-1.18
Cam Reddish,2021,-0.22,1.13,0.35,0.91,0.28,1.46,-1.18
Jalen Hood-Schifino,2024,0.0,0.0,-1.03,0.26,-0.86,0.32,-1.19
Wendell Carter Jr.,2019,-0.78,-1.02,-2.83,-0.93,-3.25,-2.07,-1.19
Maurice Harkless,2021,-0.42,-0.28,-1.0,0.1,-1.36,-0.17,-1.19
Ronnie Price,2017,0.0,0.0,-0.57,0.6,-0.53,0.66,-1.19
Arron Afflalo,2018,0.0,0.0,-0.75,0.51,-0.54,0.65,-1.19
Patty Mills,2023,0.0,0.0,-0.35,1.16,-0.06,1.13,-1.19
Aleksej Pokusevski,2024,0.64,1.33,-0.75,-0.08,-0.02,1.17,-1.19
Nick Young,2018,-0.11,1.13,-0.15,0.29,0.11,1.3,-1.19
Edmond Sumner,2021,-0.37,0.91,0.06,0.45,0.01,1.21,-1.2
Quincy Pondexter,2018,0.0,0.0,-1.25,0.1,-1.12,0.07,-1.2
Meyers Leonard,2018,0.0,0.0,-0.14,1.06,-0.12,1.08,-1.2
Jaxson Hayes,2023,-0.07,0.0,-1.68,-0.28,-1.46,-0.26,-1.2
Klay Thompson,2024,1.28,1.58,0.47,1.73,1.5,2.7,-1.2
Eric Gordon,2020,0.21,0.93,-0.47,0.63,-0.09,1.11,-1.2
Brandon Knight,2019,0.0,0.0,-1.07,0.51,-0.77,0.43,-1.2
CJ Elleby,2022,0.18,-0.38,-1.26,1.32,-0.47,0.74,-1.2
Killian Hayes,2021,-0.04,0.34,-0.43,0.71,-0.28,0.92,-1.2
Admiral Schofield,2020,0.18,0.67,-0.6,0.39,-0.22,0.98,-1.2
Mamadi Diakite,2023,-1.34,-0.46,-0.48,-0.08,-1.64,-0.43,-1.2
Zhou Qi,2018,-0.69,-0.99,-1.38,0.24,-1.9,-0.69,-1.21
Mouhamadou Gueye,2024,0.0,0.0,-1.43,-0.14,-1.3,-0.09,-1.21
Dwight Howard,2022,-0.1,1.01,0.25,1.12,0.41,1.62,-1.21
Jordan Nwora,2022,0.41,1.02,-0.06,1.14,0.56,1.77,-1.21
Bruce Brown,2024,0.73,1.4,0.81,2.35,1.76,2.97,-1.21
Donta Hall,2020,-0.31,0.1,-0.25,0.77,-0.35,0.86,-1.21
Alperen Sengun,2022,0.23,0.77,-0.54,1.23,0.14,1.36,-1.21
Caleb Swanigan,2019,0.0,0.0,-1.37,-0.12,-1.26,-0.05,-1.21
Andrew White III,2018,0.0,0.0,-1.0,0.41,-0.85,0.36,-1.22
Tony Parker,2018,0.42,0.48,-0.56,0.5,-0.22,1.0,-1.22
Dennis Smith Jr.,2018,1.3,1.36,-0.84,1.01,0.44,1.66,-1.22
Stanley Johnson,2021,0.28,-0.8,-1.33,0.89,-0.91,0.32,-1.22
Georges Niang,2019,0.61,0.32,-0.32,1.42,0.43,1.66,-1.23
Jerami Grant,2017,-0.53,-1.7,-1.16,1.29,-1.33,-0.11,-1.23
Jonathan Kuminga,2022,0.1,0.94,-0.22,0.66,0.09,1.32,-1.23
Marcus Morris Sr.,2019,0.0,0.0,0.38,1.4,0.57,1.8,-1.23
Wade Baldwin IV,2017,0.51,-0.54,-1.97,0.36,-1.33,-0.1,-1.23
Meyers Leonard,2019,0.53,1.2,0.23,1.58,1.04,2.26,-1.23
Khyri Thomas,2019,0.28,0.87,-0.96,-0.2,-0.61,0.62,-1.23
Markieff Morris,2019,0.65,-0.29,-0.67,1.33,-0.08,1.16,-1.23
Alfonzo McKinnie,2020,-0.33,0.61,-0.01,0.85,0.05,1.28,-1.24
Jake Layman,2022,-0.11,0.85,-0.22,0.27,-0.15,1.09,-1.24
Zeke Nnaji,2023,-0.68,0.39,-2.43,-1.56,-2.65,-1.41,-1.24
Nic Claxton,2020,0.0,0.0,-0.81,0.49,-0.75,0.49,-1.24
Drew Eubanks,2019,-0.34,0.39,-0.55,0.08,-0.81,0.43,-1.24
Jericho Sims,2024,-0.88,-0.33,-1.13,-0.34,-1.76,-0.5,-1.25
Bryn Forbes,2023,0.1,0.63,-0.39,0.55,-0.13,1.12,-1.25
Moses Brown,2021,0.14,0.01,-0.82,1.22,-0.33,0.92,-1.25
Marvin Bagley III,2021,-0.12,1.17,0.5,0.98,0.56,1.81,-1.26
Jordan Bone,2021,0.0,0.0,-0.93,0.41,-0.81,0.45,-1.26
Grant Williams,2024,1.21,1.03,-0.76,1.05,0.13,1.39,-1.26
PJ Dozier,2022,0.0,0.0,-1.59,-0.18,-1.44,-0.17,-1.27
Edmond Sumner,2019,-0.34,-0.12,-0.8,0.37,-1.0,0.27,-1.27
De'Andre Hunter,2022,-0.14,0.69,-0.1,0.54,-0.49,0.79,-1.27
Aaron Wiggins,2022,0.26,0.97,-0.21,0.99,0.23,1.51,-1.28
Thomas Bryant,2024,-0.65,1.29,0.29,0.14,-0.09,1.19,-1.28
Ignas Brazdeikis,2022,0.3,0.03,-0.74,1.15,-0.17,1.12,-1.28
Jonathan Gibson,2017,0.0,0.0,-0.61,0.86,-0.45,0.83,-1.28
James Ennis III,2018,0.29,0.96,-0.79,0.26,-0.34,0.94,-1.28
Allen Crabbe,2017,0.17,0.09,-0.21,1.25,0.17,1.45,-1.28
JR Smith,2018,0.51,0.52,0.66,2.02,0.74,2.02,-1.28
Serge Ibaka,2023,-1.2,-0.42,-0.72,-0.02,-1.7,-0.42,-1.28
James Ennis III,2019,0.2,-0.29,-0.15,1.38,0.0,1.29,-1.29
Jordan Mickey,2018,-1.34,-0.87,-0.3,0.66,-1.42,-0.12,-1.29
Udoka Azubuike,2022,-1.4,-0.09,-0.34,-0.05,-1.59,-0.29,-1.29
RJ Barrett,2023,0.87,0.29,0.04,1.48,0.42,1.72,-1.3
Jaden Hardy,2023,1.12,1.66,-0.17,1.11,1.1,2.4,-1.3
Doug McDermott,2017,0.31,0.89,0.4,1.51,0.86,2.16,-1.3
Justin Holiday,2019,0.4,-0.58,-2.17,0.57,-1.38,-0.07,-1.31
Vlatko Cancar,2021,0.0,0.0,-0.91,0.53,-0.78,0.53,-1.31
Ibou Badji,2024,0.0,0.0,-1.32,0.09,-1.21,0.1,-1.31
Amir Coffey,2023,0.0,0.0,-1.37,0.31,-0.98,0.33,-1.31
Patrick Williams,2023,0.08,0.41,-0.11,1.24,0.1,1.41,-1.31
Georges Niang,2020,0.5,1.01,-0.02,1.09,0.34,1.65,-1.31
Devin Harris,2019,0.0,0.0,-0.97,0.62,-0.63,0.68,-1.31
Tony Snell,2022,0.0,0.0,-0.88,0.79,-0.63,0.69,-1.32
Jalen McDaniels,2021,0.36,0.77,-0.35,0.7,0.11,1.43,-1.32
Cole Anthony,2021,0.92,0.75,-0.88,0.88,0.09,1.41,-1.32
Admiral Schofield,2023,0.0,0.0,-0.91,0.62,-0.69,0.65,-1.33
Javon Freeman-Liberty,2024,0.0,0.0,-1.13,0.62,-0.8,0.53,-1.33
Andrew Wiggins,2024,0.53,1.45,0.21,1.1,0.6,1.94,-1.34
JR Smith,2020,0.0,0.0,-0.86,0.62,-0.74,0.61,-1.35
Tony Snell,2018,0.09,0.42,0.56,1.63,0.7,2.05,-1.35
Greg Monroe,2019,0.08,0.18,-1.13,0.28,-0.93,0.42,-1.35
Khem Birch,2020,-0.37,0.19,-1.29,0.08,-1.19,0.16,-1.35
McKinley Wright IV,2023,0.75,0.25,-1.17,0.86,-0.25,1.1,-1.35
Nicolas Brussino,2017,0.31,-0.3,-0.55,1.56,-0.05,1.3,-1.36
Udonis Haslem,2022,-0.99,-0.4,-0.77,0.01,-1.71,-0.35,-1.36
Davon Reed,2018,0.0,0.0,-1.3,0.13,-1.16,0.21,-1.36
Isaiah Roby,2023,-0.05,0.27,-1.55,-0.11,-1.29,0.07,-1.36
DeAndre' Bembry,2020,0.07,-0.5,-2.68,-0.31,-2.26,-0.89,-1.37
Jarred Vanderbilt,2023,0.83,-0.33,0.12,2.07,0.58,1.96,-1.37
P.J. Tucker,2021,-0.05,-0.25,-0.87,0.83,-0.87,0.5,-1.37
Wilson Chandler,2020,-0.4,-0.35,-1.26,0.39,-1.43,-0.06,-1.37
Tony Bradley,2019,-0.01,1.13,-0.06,0.25,-0.03,1.35,-1.37
Naz Reid,2022,-0.72,-0.62,-1.93,-0.11,-1.96,-0.58,-1.37
Reggie Jackson,2024,0.87,1.35,-0.99,0.21,0.01,1.38,-1.38
John Collins,2024,1.03,0.73,0.19,2.44,1.09,2.47,-1.38
Udoka Azubuike,2021,0.0,0.0,-1.0,0.41,-0.94,0.43,-1.38
Sterling Brown,2019,0.85,0.04,-1.08,0.95,-0.23,1.14,-1.38
Austin Rivers,2023,0.68,0.16,-0.77,1.39,0.0,1.38,-1.38
David Roddy,2023,0.46,0.4,-0.63,0.78,-0.05,1.33,-1.38
Chandler Hutchison,2020,-0.34,-0.09,-1.33,0.04,-1.48,-0.1,-1.38
Josh Giddey,2023,1.28,0.26,-0.72,1.24,0.34,1.73,-1.38
Bismack Biyombo,2017,-1.71,-0.68,-1.1,0.31,-1.81,-0.43,-1.38
Jalen Smith,2021,-0.75,0.39,-0.19,0.1,-0.88,0.51,-1.39
Sam Dekker,2019,0.33,1.34,0.14,0.88,0.5,1.89,-1.39
Derrick Williams,2017,-0.04,-0.06,-0.86,0.67,-0.81,0.58,-1.39
Julian Strawther,2024,0.38,0.25,-0.64,1.09,0.07,1.45,-1.39
Chimezie Metu,2019,-0.65,0.52,-0.72,-0.29,-1.23,0.16,-1.39
Alex Len,2021,-1.2,-0.5,-1.17,-0.13,-1.91,-0.51,-1.39
Collin Sexton,2020,1.34,2.11,1.02,2.81,2.44,3.84,-1.4
Nathan Knight,2023,-0.54,0.51,-0.3,0.27,-0.69,0.71,-1.4
Ish Smith,2022,0.73,0.14,-0.94,1.04,-0.08,1.32,-1.4
Deonte Burton,2020,0.0,0.0,-2.07,-0.41,-1.74,-0.34,-1.4
Alec Burks,2019,0.84,0.62,-0.78,1.42,0.21,1.61,-1.4
Keldon Johnson,2023,1.33,0.74,-0.17,2.34,1.1,2.5,-1.4
Troy Brown Jr.,2024,0.0,0.0,-0.68,1.14,-0.14,1.26,-1.4
Lauri Markkanen,2018,1.12,1.06,-0.96,1.33,0.13,1.54,-1.4
Jordan Hawkins,2024,1.39,1.43,0.12,1.47,1.42,2.83,-1.41
Bismack Biyombo,2021,-0.24,-0.38,-1.85,-0.15,-2.05,-0.65,-1.41
Boban Marjanovic,2021,-0.42,1.45,-0.15,-0.38,-0.45,0.96,-1.41
Timofey Mozgov,2018,-0.84,-0.63,-1.71,-0.3,-2.35,-0.93,-1.41
Miles Bridges,2024,1.37,0.87,-0.81,1.92,0.73,2.15,-1.42
Kelly Oubre Jr.,2018,0.05,0.58,-0.45,1.17,-0.26,1.16,-1.42
Solomon Hill,2019,0.61,0.23,-0.6,1.35,0.08,1.5,-1.42
Glenn Robinson III,2020,0.59,0.95,0.84,2.29,1.58,3.0,-1.42
Jerian Grant,2019,0.42,0.19,-1.48,0.42,-0.73,0.69,-1.43
Bruno Fernando,2024,-0.29,0.43,-1.14,-0.06,-1.1,0.33,-1.43
Maxi Kleber,2023,-0.39,0.3,-0.98,0.04,-1.23,0.2,-1.43
Joe Young,2017,0.0,0.0,-1.08,0.38,-1.02,0.41,-1.43
Cameron Payne,2019,0.18,-0.41,-1.14,1.32,-0.6,0.84,-1.43
Bobby Brown,2018,0.0,0.0,-0.81,0.71,-0.68,0.76,-1.44
Serge Ibaka,2022,-0.4,-0.21,-1.38,0.1,-1.49,-0.06,-1.44
Rashad Vaughn,2017,0.0,0.0,-1.37,0.04,-1.29,0.14,-1.44
Justin Hamilton,2017,-0.14,-0.86,-1.71,0.96,-1.38,0.06,-1.44
Keita Bates-Diop,2024,0.32,0.81,-0.75,0.52,-0.22,1.22,-1.44
Jeff Green,2024,0.37,0.04,-0.73,1.14,-0.06,1.38,-1.44
Troy Williams,2017,0.0,0.0,-1.26,0.4,-1.04,0.41,-1.45
Markieff Morris,2020,0.01,1.34,-0.99,-0.21,-0.84,0.61,-1.45
Pascal Siakam,2017,-0.09,-0.35,-1.26,0.5,-1.41,0.04,-1.45
Brad Wanamaker,2022,-0.05,1.24,-0.43,0.08,-0.3,1.16,-1.46
Dwayne Bacon,2021,0.2,0.52,-1.53,0.07,-0.96,0.5,-1.46
Jon Leuer,2019,0.0,0.0,-1.73,-0.01,-1.57,-0.1,-1.46
Sean McDermott,2021,0.0,0.0,-1.41,0.05,-1.3,0.16,-1.47
Andrew Nicholson,2017,0.0,0.0,-0.63,1.1,-0.46,1.01,-1.47
Patrick Beverley,2023,-0.54,0.21,-0.86,0.16,-1.24,0.23,-1.47
Torrey Craig,2021,0.51,-0.14,-0.91,1.22,-0.35,1.12,-1.47
Bobby Portis,2023,0.77,0.87,-0.41,1.37,0.45,1.93,-1.48
Brandon Williams,2022,1.13,0.53,-1.24,1.48,0.24,1.72,-1.48
Reggie Perry,2022,-0.06,0.98,-0.39,0.34,-0.29,1.19,-1.48
Day'Ron Sharpe,2023,0.6,0.51,0.03,1.8,0.67,2.16,-1.48
Naz Reid,2021,-0.14,-0.65,-1.8,0.51,-1.51,-0.03,-1.48
Damian Jones,2022,-0.44,0.4,-0.78,0.42,-0.87,0.61,-1.48
Wade Baldwin IV,2019,0.0,0.0,-1.14,0.39,-1.06,0.43,-1.48
Corey Kispert,2023,0.95,1.29,0.05,1.48,1.1,2.59,-1.49
Jonathon Simmons,2018,-0.23,0.89,-0.01,1.44,0.32,1.81,-1.49
Kelly Olynyk,2024,0.61,1.24,-0.32,1.46,0.41,1.9,-1.5
Wes Iwundu,2021,-0.21,0.39,-1.13,0.07,-1.08,0.42,-1.5
Terrance Ferguson,2019,-0.48,1.02,0.5,0.67,0.06,1.56,-1.5
Killian Hayes,2024,0.57,0.86,-1.01,0.87,-0.01,1.5,-1.5
Thon Maker,2021,0.08,1.55,-0.23,-0.12,-0.11,1.39,-1.51
Kelly Oubre Jr.,2021,0.45,-0.32,-1.65,0.71,-1.03,0.48,-1.51
Jeremy Sochan,2024,0.53,1.08,-1.18,0.43,-0.45,1.07,-1.52
Andrew Nembhard,2023,0.52,0.6,-0.37,1.52,0.27,1.79,-1.52
Maxwell Lewis,2024,0.0,0.0,-1.6,0.07,-1.39,0.13,-1.52
D'Angelo Russell,2018,1.1,1.59,0.18,1.95,1.33,2.85,-1.52
Elie Okobo,2019,-0.09,0.65,-1.12,0.31,-0.71,0.82,-1.52
Davon Reed,2023,0.0,0.0,-1.52,0.31,-1.24,0.28,-1.53
Nerlens Noel,2021,-1.21,-0.73,-0.49,0.57,-1.34,0.19,-1.53
Frank Jackson,2020,-0.01,1.45,0.65,1.37,0.95,2.48,-1.53
Nerlens Noel,2023,-1.18,-0.41,-0.99,-0.02,-1.98,-0.44,-1.54
Wesley Johnson,2019,0.0,0.0,-1.04,0.59,-1.06,0.48,-1.54
D.J. Augustin,2022,0.69,0.32,-0.52,1.79,0.35,1.89,-1.54
Reggie Bullock Jr.,2024,-0.27,-0.1,-0.63,0.87,-0.58,0.96,-1.54
Torrey Craig,2018,-0.03,0.79,-0.18,0.81,-0.16,1.39,-1.55
Trent Forrest,2024,0.93,0.52,-1.31,0.8,-0.21,1.34,-1.55
JaMychal Green,2018,-0.32,0.5,-0.48,0.98,-0.41,1.14,-1.55
Justin Robinson,2022,0.0,0.0,-1.76,0.15,-1.52,0.03,-1.55
Quentin Grimes,2024,0.16,0.82,-2.06,-0.85,-1.75,-0.2,-1.55
Brandon Boston Jr.,2024,0.0,0.0,-0.9,0.97,-0.58,0.98,-1.55
Evan Fournier,2023,0.0,0.0,-0.97,0.47,-0.96,0.6,-1.55
Paul Zipser,2017,-0.74,1.56,-0.35,-0.31,-0.65,0.91,-1.56
Josh Jackson,2019,0.2,0.09,-1.79,0.61,-1.09,0.47,-1.56
Melvin Frazier Jr.,2022,0.0,0.0,-0.8,0.82,-0.75,0.81,-1.57
Patrick Williams,2022,0.4,1.05,-0.56,0.58,-0.13,1.44,-1.57
Dante Cunningham,2019,1.39,0.52,-1.68,1.01,-0.39,1.18,-1.57
Jordan Clarkson,2017,1.45,1.34,-0.95,1.59,0.42,2.0,-1.57
Boris Diaw,2017,0.19,0.64,-0.72,0.72,-0.52,1.06,-1.57
Ömer Aşik,2018,-0.69,0.58,-0.05,0.54,-0.62,0.96,-1.58
Anthony Bennett,2017,0.36,1.22,0.34,1.38,0.75,2.33,-1.58
Thaddeus Young,2023,0.0,0.0,-0.71,1.03,-0.55,1.03,-1.58
Justin Jackson,2023,0.0,0.0,-1.29,0.3,-1.18,0.4,-1.58
OG Anunoby,2019,0.0,0.0,-1.69,0.18,-1.42,0.17,-1.59
Ben McLemore,2017,0.08,0.63,-1.39,0.1,-1.1,0.49,-1.59
Jeremy Lin,2019,0.7,0.22,-2.71,-0.58,-1.76,-0.17,-1.59
Kira Lewis Jr.,2022,0.0,0.0,-1.82,0.01,-1.66,-0.07,-1.59
Jake LaRavia,2023,0.07,0.52,-0.64,0.64,-0.41,1.19,-1.59
Anthony Lamb,2021,-0.14,0.89,-0.9,-0.08,-0.86,0.73,-1.59
Marvin Bagley III,2020,-0.17,-0.2,-1.03,0.69,-1.2,0.4,-1.6
Rodney Purvis,2018,-0.06,0.31,-0.78,0.44,-0.75,0.85,-1.6
Precious Achiuwa,2021,-1.12,-0.41,-1.15,0.08,-1.9,-0.3,-1.6
Rodney Hood,2018,0.75,1.0,0.01,1.46,0.54,2.14,-1.6
Ziaire Williams,2023,-0.18,-0.39,-1.16,0.63,-1.09,0.52,-1.61
Udonis Haslem,2017,-0.39,-0.43,-1.35,0.35,-1.69,-0.08,-1.61
Aaron Brooks,2018,0.0,0.0,-0.7,0.99,-0.61,1.0,-1.61
Maurice Harkless,2018,0.02,-0.11,-0.86,0.67,-0.88,0.74,-1.62
Naz Reid,2023,-0.57,-0.05,-1.1,0.59,-1.22,0.39,-1.62
James Jones,2017,0.0,0.0,-0.94,0.91,-0.73,0.89,-1.62
Chimezie Metu,2021,-0.47,1.25,0.31,0.4,-0.07,1.55,-1.62
Zavier Simpson,2022,0.0,0.0,-0.71,0.97,-0.65,0.97,-1.62
Marcin Gortat,2019,-1.45,-0.6,-0.93,0.44,-1.9,-0.28,-1.62
Cam Thomas,2024,1.33,1.92,0.21,1.86,1.52,3.15,-1.63
Carmelo Anthony,2021,1.22,1.58,-0.11,1.78,0.82,2.45,-1.63
Quincy Pondexter,2019,-0.1,1.26,-0.98,-0.44,-0.89,0.74,-1.63
Shaquille Harrison,2021,0.17,0.62,-0.95,0.27,-0.72,0.92,-1.63
Jodie Meeks,2018,0.96,1.21,-0.99,1.07,0.13,1.77,-1.64
Ty Jerome,2020,0.39,0.45,-1.42,0.26,-0.93,0.71,-1.64
Bol Bol,2023,-0.44,0.6,-1.51,-0.06,-1.46,0.19,-1.66
Spencer Hawes,2017,0.0,-0.74,-1.47,1.0,-1.36,0.3,-1.66
T.J. Leaf,2018,0.0,0.0,-0.6,1.33,-0.39,1.28,-1.67
Buddy Hield,2017,0.7,1.51,-1.23,0.75,-0.27,1.4,-1.67
Ed Davis,2017,0.05,-0.62,-1.01,1.37,-0.91,0.78,-1.69
Shake Milton,2024,0.39,0.34,-1.54,0.29,-0.91,0.79,-1.7
Jeff Green,2017,0.22,0.87,-1.7,0.1,-1.07,0.63,-1.7
Rajon Rondo,2022,0.23,0.74,-2.08,-0.67,-1.7,-0.0,-1.7
Udoka Azubuike,2023,-1.12,-0.4,-1.17,0.19,-1.95,-0.22,-1.72
Jaylin Williams,2023,0.0,0.0,-0.68,1.0,-0.68,1.06,-1.73
Allonzo Trier,2019,0.04,1.41,-1.01,0.22,-0.61,1.13,-1.74
Jacob Evans,2020,-0.64,-0.04,-1.09,0.21,-1.46,0.28,-1.74
Blake Wesley,2023,0.0,0.0,-1.58,0.67,-1.1,0.64,-1.74
Kevin Seraphin,2017,-0.64,-0.79,-1.15,1.01,-1.51,0.24,-1.75
Josh Richardson,2024,0.0,0.0,-1.15,0.83,-0.71,1.04,-1.75
Tyler Dorsey,2018,0.37,0.64,-0.81,1.15,-0.08,1.67,-1.75
Guerschon Yabusele,2019,-1.04,0.49,-0.59,-0.13,-1.43,0.32,-1.75
Tre Mann,2022,0.43,0.48,-1.34,0.93,-0.57,1.19,-1.76
James Michael McAdoo,2017,-0.84,-0.41,-1.59,-0.04,-2.17,-0.4,-1.76
Joe Harris,2023,0.36,0.64,-0.57,1.14,-0.07,1.7,-1.76
Luke Kennard,2024,0.75,1.22,-0.23,1.44,0.78,2.55,-1.76
Chandler Hutchison,2021,-0.95,0.87,-0.08,0.09,-0.8,0.96,-1.76
Jarrett Culver,2021,-0.61,0.16,-1.53,-0.29,-1.92,-0.15,-1.77
Kevin Porter Jr.,2021,0.36,0.93,-0.44,1.22,0.12,1.89,-1.77
Facundo Campazzo,2022,0.67,-1.04,-3.09,0.6,-2.09,-0.32,-1.77
Isaiah Livers,2024,0.29,0.17,-0.43,1.68,-0.01,1.76,-1.77
Alfonzo McKinnie,2019,-0.38,0.85,-0.55,0.33,-0.72,1.05,-1.78
Bryce McGowens,2024,-0.36,0.66,-1.31,0.14,-1.09,0.69,-1.78
Torrey Craig,2022,0.02,0.17,-0.82,1.28,-0.45,1.33,-1.78
Bryn Forbes,2017,0.0,0.0,-1.46,0.33,-1.33,0.45,-1.78
Gary Payton II,2020,0.54,0.18,-1.4,1.05,-0.73,1.06,-1.78
Wayne Selden,2018,0.36,1.97,-0.6,0.37,0.07,1.86,-1.79
Trendon Watford,2023,-0.18,0.8,-0.36,1.33,-0.12,1.67,-1.79
Chuma Okeke,2024,0.04,0.69,-1.64,-0.14,-1.28,0.51,-1.79
Bryn Forbes,2021,0.0,0.0,-0.4,1.21,-0.19,1.6,-1.79
Justin Anderson,2017,-0.06,-0.09,-1.21,1.05,-0.89,0.91,-1.79
Theo Maledon,2022,0.46,-0.12,-1.3,1.37,-0.55,1.25,-1.8
Miles Plumlee,2019,-0.03,1.11,-0.35,0.48,-0.33,1.47,-1.8
Tyler Johnson,2020,0.77,0.01,-1.46,1.24,-0.64,1.16,-1.8
T.J. McConnell,2018,-0.49,-0.94,-2.05,0.09,-2.11,-0.3,-1.81
Timothe Luwawu-Cabarrot,2022,0.06,0.15,-0.78,0.94,-0.72,1.1,-1.82
Georges Niang,2024,0.37,0.97,0.26,1.44,0.55,2.38,-1.83
Cedi Osman,2019,0.45,0.5,-0.02,2.9,0.71,2.55,-1.84
Joffrey Lauvergne,2018,0.43,1.24,-0.79,0.63,-0.2,1.65,-1.85
Tarik Black,2018,0.02,-0.62,-2.33,0.35,-2.11,-0.25,-1.86
Malik Beasley,2023,0.73,0.13,-0.9,1.17,-0.34,1.52,-1.86
Marcus Morris Sr.,2024,0.29,1.07,-0.68,0.59,-0.29,1.57,-1.86
Harry Giles III,2020,0.04,0.21,-0.4,1.58,-0.29,1.57,-1.86
Rajon Rondo,2019,0.0,0.0,-0.95,1.37,-0.67,1.19,-1.87
Malaki Branham,2023,0.58,1.59,-0.3,1.51,0.58,2.45,-1.87
Bryn Forbes,2020,0.0,0.0,-0.84,1.35,-0.73,1.14,-1.87
Kevin Knox II,2021,0.14,0.94,-1.2,-0.06,-0.93,0.94,-1.87
Jason Smith,2018,0.28,0.24,-1.24,0.74,-0.98,0.9,-1.88
Deandre Ayton,2023,0.24,0.57,-1.15,0.11,-1.3,0.59,-1.89
Lonnie Walker IV,2021,0.54,0.43,-0.24,2.3,0.5,2.4,-1.9
Ziaire Williams,2024,0.23,0.02,-2.19,-0.0,-1.64,0.26,-1.9
Nathan Mensah,2024,0.0,0.0,-1.76,0.33,-1.5,0.4,-1.9
Malachi Flynn,2024,0.71,1.41,-1.24,0.57,-0.11,1.8,-1.9
Terry Rozier,2020,2.06,1.75,-1.49,1.26,0.21,2.12,-1.9
Nick Smith Jr.,2024,0.44,0.51,-1.9,0.26,-1.08,0.84,-1.91
Jeremiah Robinson-Earl,2024,-0.54,1.12,-0.62,-0.14,-0.98,0.95,-1.93
Thanasis Antetokounmpo,2023,0.0,0.0,-1.19,1.0,-0.94,0.98,-1.93
Omri Casspi,2017,0.03,0.83,-0.11,1.15,-0.02,1.91,-1.93
JT Thor,2023,-0.49,0.86,-1.79,-0.33,-1.63,0.3,-1.93
Chris Silva,2020,-0.14,0.63,-0.58,0.93,-0.61,1.33,-1.94
Isaiah Thomas,2019,0.45,1.89,-0.81,-0.08,-0.3,1.64,-1.94
Stanley Johnson,2019,-0.27,-0.55,-4.57,-1.99,-4.39,-2.44,-1.95
Johnny Davis,2024,-0.27,0.27,-1.39,0.38,-1.24,0.71,-1.96
Johnathan Motley,2019,0.22,1.82,-0.53,0.06,-0.15,1.8,-1.96
Taj Gibson,2020,0.16,0.59,-1.46,1.04,-0.84,1.12,-1.96
Torrey Craig,2023,0.21,-0.04,-0.54,1.72,-0.2,1.77,-1.96
Ayo Dosunmu,2022,-0.3,0.5,-0.99,1.11,-0.81,1.16,-1.97
Mario Hezonja,2020,-0.14,-0.91,-1.73,1.05,-1.56,0.41,-1.97
Tristan Thompson,2018,0.19,1.09,-0.34,1.34,-0.08,1.89,-1.97
RJ Barrett,2020,0.75,1.21,-0.64,1.88,0.4,2.38,-1.97
Jameer Nelson,2018,0.0,0.0,-1.09,1.11,-0.82,1.16,-1.97
Tyler Herro,2020,0.87,1.49,-0.83,1.2,0.14,2.12,-1.98
Jordan Poole,2024,0.9,1.49,-1.05,1.51,0.11,2.08,-1.98
Damian Jones,2024,0.01,0.23,-1.48,0.25,-1.41,0.57,-1.98
Dennis Smith Jr.,2020,0.88,0.4,-1.7,1.02,-0.75,1.23,-1.98
Isaac Okoro,2021,-0.17,0.67,-0.79,0.85,-0.74,1.25,-1.99
Thon Maker,2018,-0.43,-0.3,-0.03,1.98,-0.29,1.71,-1.99
Isaiah Thomas,2020,0.91,1.36,0.19,2.25,0.9,2.9,-2.0
Norman Powell,2018,-0.11,0.18,-1.25,0.5,-1.22,0.78,-2.0
Doug McDermott,2024,0.84,0.2,0.31,2.88,1.25,3.27,-2.02
Ed Davis,2020,-0.41,-0.1,-1.56,0.45,-1.87,0.15,-2.02
Lance Thomas,2017,0.44,0.1,-1.32,1.18,-0.91,1.11,-2.02
Semi Ojeleye,2020,0.32,0.26,-2.15,0.09,-1.63,0.4,-2.03
Thomas Bryant,2023,-0.37,1.38,-0.4,1.07,-0.29,1.74,-2.04
Brandon Goodwin,2020,0.75,1.73,-1.62,-0.05,-0.62,1.42,-2.04
Lance Thomas,2019,-0.58,0.8,-1.83,-0.4,-2.02,0.02,-2.05
Jordan McRae,2017,-0.13,0.77,-0.25,1.11,-0.24,1.81,-2.05
Nick Richards,2022,-0.97,-0.54,-0.78,0.91,-1.55,0.5,-2.05
Donatas Motiejunas,2017,-0.37,0.21,-0.23,1.5,-0.47,1.57,-2.05
Yuta Watanabe,2024,-0.04,1.0,-0.66,0.67,-0.36,1.68,-2.05
Darius Bazley,2021,-0.54,0.34,-1.36,0.28,-1.72,0.33,-2.05
Johnny Juzang,2023,0.66,1.17,-1.26,0.47,-0.49,1.55,-2.05
Courtney Lee,2018,0.36,0.84,-0.85,1.15,-0.33,1.73,-2.05
Josh Jackson,2018,0.6,0.39,-2.56,0.47,-1.58,0.48,-2.06
Jaxson Hayes,2024,-0.7,1.19,-0.64,0.6,-0.76,1.3,-2.07
Zach Collins,2024,-0.12,0.3,-1.94,0.52,-1.61,0.47,-2.08
Isaiah Roby,2021,0.1,0.82,-1.49,0.69,-1.03,1.05,-2.08
DeAndre Jordan,2021,-0.91,-0.07,-0.18,1.46,-0.99,1.09,-2.08
Shabazz Muhammad,2018,0.0,0.0,-0.57,1.63,-0.45,1.63,-2.08
Evan Turner,2018,-0.09,-0.28,-1.9,0.13,-1.92,0.17,-2.08
John Wall,2023,0.37,0.69,-2.17,0.04,-1.59,0.52,-2.1
Marcus Thornton,2017,0.24,-0.04,-0.68,2.15,-0.16,1.95,-2.11
Torrey Craig,2024,0.57,0.75,-0.76,1.42,-0.11,2.01,-2.12
De'Aaron Fox,2018,0.51,0.69,-1.04,1.57,-0.31,1.81,-2.12
Elfrid Payton,2018,0.82,1.4,0.04,2.77,1.09,3.21,-2.12
Killian Hayes,2022,-0.06,-0.35,-1.95,0.67,-1.74,0.39,-2.13
Max Strus,2023,0.89,0.98,-1.67,0.79,-0.62,1.51,-2.13
Bryce McGowens,2023,-0.09,0.68,-1.67,0.3,-1.21,0.92,-2.13
Kessler Edwards,2022,0.06,1.61,0.45,1.58,0.58,2.72,-2.13
Sean Kilpatrick,2018,0.39,1.79,-0.58,0.77,-0.04,2.1,-2.14
Pat Connaughton,2022,1.15,0.55,-0.68,1.83,0.15,2.3,-2.15
Amir Coffey,2024,0.16,1.04,0.34,2.45,0.96,3.11,-2.15
Jerome Robinson,2021,-0.37,0.33,-1.28,0.51,-1.35,0.8,-2.15
Cristiano Felicio,2019,-0.68,1.11,-0.15,0.87,-0.43,1.73,-2.16
Patrick Patterson,2019,0.26,0.74,-1.31,0.71,-0.83,1.34,-2.17
Isaiah Hicks,2018,-0.81,1.11,-0.34,0.21,-1.0,1.18,-2.17
Briante Weber,2018,0.0,0.0,-0.64,1.79,-0.48,1.69,-2.18
Channing Frye,2019,0.0,0.0,-0.95,1.49,-0.81,1.38,-2.18
Kevin Knox II,2022,0.78,1.19,-0.93,0.93,-0.11,2.08,-2.18
KZ Okpala,2021,-0.02,0.76,-1.33,0.35,-1.26,0.93,-2.19
Keljin Blevins,2022,0.0,0.0,-0.87,1.72,-0.58,1.63,-2.21
Will Barton,2023,0.89,0.53,-2.13,0.33,-1.18,1.04,-2.21
Avery Bradley,2022,-0.92,0.32,-1.3,0.26,-1.79,0.43,-2.22
Trey Lyles,2021,0.0,0.0,-1.67,0.75,-1.48,0.74,-2.22
Marquese Chriss,2022,-0.15,1.39,-0.61,0.39,-0.6,1.63,-2.22
Arron Afflalo,2017,-0.2,0.29,-0.74,1.29,-0.77,1.46,-2.22
Frank Mason III,2019,0.0,0.0,-1.38,1.18,-1.1,1.12,-2.23
Emmanuel Mudiay,2020,0.4,1.5,-1.66,0.14,-0.98,1.25,-2.23
Greg Brown III,2022,-0.21,0.72,-1.24,0.81,-1.01,1.24,-2.24
JaMychal Green,2019,-0.12,0.18,-1.77,0.55,-1.52,0.72,-2.24
Carmelo Anthony,2019,0.37,1.16,-1.35,0.33,-0.97,1.29,-2.26
Jalen McDaniels,2024,0.3,1.15,-1.38,0.47,-0.81,1.45,-2.26
Antonio Blakeney,2019,-0.07,2.06,-0.32,0.71,0.03,2.29,-2.27
Jerryd Bayless,2019,0.0,0.0,-0.46,2.2,-0.12,2.15,-2.27
Mo Bamba,2022,-0.36,-0.33,-2.02,0.51,-1.95,0.32,-2.27
DeAndre Jordan,2022,-0.5,0.27,-1.64,0.3,-1.83,0.45,-2.28
Patrick Williams,2021,-0.2,0.12,-0.97,1.49,-0.93,1.36,-2.28
Nick Richards,2024,-0.6,0.44,-1.44,0.82,-1.31,0.97,-2.29
Sekou Doumbouya,2021,-0.06,1.02,-0.5,1.26,-0.23,2.06,-2.29
Brandon Jennings,2018,0.42,1.57,-0.8,0.48,-0.38,1.92,-2.3
Shelvin Mack,2019,1.43,0.22,-2.5,0.97,-0.94,1.35,-2.3
Terrance Ferguson,2018,0.0,0.0,-0.72,1.57,-0.61,1.69,-2.3
Keldon Johnson,2021,0.29,1.05,-1.15,1.03,-0.75,1.56,-2.31
DeAndre Jordan,2023,-1.06,0.67,-0.62,0.83,-1.2,1.11,-2.32
Rui Hachimura,2020,0.22,1.32,-0.45,1.69,-0.22,2.12,-2.34
Aron Baynes,2021,-0.48,0.01,-1.58,0.55,-1.78,0.56,-2.34
Zeke Nnaji,2021,0.15,1.27,-0.63,0.89,-0.32,2.03,-2.35
Harry Giles III,2024,-0.11,1.42,-0.01,0.94,-0.03,2.32,-2.35
Kevin Knox II,2020,0.17,1.34,-1.61,0.33,-1.18,1.17,-2.36
Miles Bridges,2020,0.67,0.8,-0.79,2.05,-0.24,2.12,-2.36
Keita Bates-Diop,2020,-0.07,0.4,-1.77,0.39,-1.54,0.82,-2.36
Jahlil Okafor,2018,0.0,0.0,-1.47,1.18,-1.35,1.02,-2.37
Isaiah Thomas,2018,0.55,2.1,0.02,1.6,0.68,3.05,-2.37
Wayne Selden,2019,0.08,0.59,-0.99,1.51,-0.54,1.83,-2.37
Alexis Ajinca,2017,-1.74,0.47,-0.86,0.07,-2.07,0.31,-2.37
Eric Paschall,2020,0.61,0.44,-0.69,2.3,0.16,2.54,-2.37
R.J. Hampton,2021,0.33,0.3,-1.3,1.4,-0.68,1.7,-2.38
Seth Curry,2023,0.56,0.77,-1.37,1.11,-0.67,1.71,-2.38
Thon Maker,2020,-0.93,0.05,-0.97,1.08,-1.51,0.87,-2.38
Aleksej Pokusevski,2023,0.24,-0.97,-1.79,1.55,-1.49,0.9,-2.39
Abdel Nader,2020,-0.66,0.26,-1.91,0.07,-1.98,0.42,-2.4
Derrick Rose,2018,0.26,2.23,-0.24,0.68,0.06,2.47,-2.41
Admiral Schofield,2022,-0.94,0.24,-1.01,0.65,-1.54,0.87,-2.41
Jaylen Brown,2017,-0.48,0.31,-1.94,0.04,-2.16,0.25,-2.42
Gerald Henderson,2017,0.49,0.04,-1.41,1.52,-0.82,1.6,-2.42
Moritz Wagner,2019,-0.3,0.82,-1.82,-0.2,-1.94,0.48,-2.42
Zeke Nnaji,2024,-0.42,-0.31,-1.48,1.08,-1.47,0.97,-2.44
Jericho Sims,2023,-0.4,0.31,-1.16,0.75,-1.47,0.98,-2.45
Doug McDermott,2023,0.33,1.22,-0.53,1.75,0.12,2.57,-2.45
Richaun Holmes,2023,-0.78,0.29,-1.17,0.37,-1.84,0.62,-2.46
Malik Monk,2020,0.88,0.63,-1.85,1.08,-0.94,1.52,-2.46
Norman Powell,2023,0.49,0.9,-1.75,0.48,-1.17,1.3,-2.46
Trey Burke,2017,0.55,1.02,-1.89,0.68,-1.02,1.45,-2.47
Jamal Crawford,2018,0.67,0.74,-0.12,2.67,0.7,3.17,-2.48
Jordan Nwora,2024,0.75,1.04,-1.89,0.84,-0.78,1.71,-2.49
Jabari Walker,2024,0.08,1.18,-1.12,1.3,-0.6,1.9,-2.5
Tyrese Maxey,2021,1.32,1.06,-1.6,1.09,-0.28,2.23,-2.51
Brice Sensabaugh,2024,0.55,1.71,-0.03,1.92,0.82,3.33,-2.51
Alex Len,2017,-0.63,-0.9,-2.12,1.26,-2.27,0.24,-2.51
Glenn Robinson III,2021,-0.18,0.62,-0.71,1.43,-0.69,1.83,-2.52
Marquese Chriss,2017,-0.7,-0.32,-1.16,1.81,-1.25,1.28,-2.53
Jaden Hardy,2024,0.69,2.0,-0.94,1.06,0.02,2.56,-2.54
Chasson Randle,2021,-0.39,0.29,-1.57,0.49,-1.63,0.91,-2.54
Ish Smith,2024,0.0,0.0,-1.84,1.13,-1.44,1.1,-2.54
Taurean Prince,2024,0.12,0.52,-0.32,2.11,-0.02,2.52,-2.54
JaVale McGee,2023,-0.62,1.2,-0.86,0.17,-1.38,1.16,-2.55
Jerryd Bayless,2018,-0.38,0.32,-1.37,0.73,-1.41,1.15,-2.56
Josh Christopher,2022,0.19,1.8,-0.37,1.63,0.32,2.88,-2.56
Doug McDermott,2022,0.22,1.73,0.64,2.05,0.83,3.4,-2.56
Nassir Little,2024,-0.09,1.25,-1.57,-0.01,-1.45,1.13,-2.58
Malaki Branham,2024,0.71,1.56,-1.3,1.2,-0.25,2.36,-2.61
Shaedon Sharpe,2023,0.5,1.63,-0.84,1.97,0.27,2.9,-2.62
Drew Eubanks,2020,-1.26,0.4,-0.82,0.49,-1.81,0.82,-2.63
Trae Young,2019,1.38,3.02,0.91,3.02,2.28,4.9,-2.63
Troy Daniels,2018,0.49,1.13,-0.73,2.11,0.1,2.73,-2.63
Jordan Nwora,2023,1.1,0.92,-1.35,1.97,-0.01,2.63,-2.63
Thanasis Antetokounmpo,2022,-0.47,0.9,-0.64,1.38,-0.72,1.93,-2.65
Keyonte George,2024,-0.15,1.43,-1.72,0.86,-1.09,1.56,-2.65
Mario Hezonja,2017,0.14,-0.23,-2.46,1.0,-1.88,0.77,-2.65
Bilal Coulibaly,2024,-0.37,0.59,-1.76,0.8,-1.52,1.13,-2.65
Brandon Bass,2017,0.36,1.01,-0.2,2.17,0.28,2.93,-2.66
Kobi Simmons,2018,-0.08,0.4,-0.62,2.19,-0.29,2.37,-2.66
Terrance Ferguson,2020,-0.19,0.16,-1.29,1.35,-1.22,1.44,-2.66
Jabari Smith Jr.,2023,0.41,0.73,-1.47,1.81,-0.78,1.88,-2.66
Patrick McCaw,2017,0.41,-0.56,-2.27,1.02,-1.95,0.72,-2.67
Ben McLemore,2018,-0.28,0.18,-1.88,1.14,-1.61,1.07,-2.68
Kyle Korver,2017,0.59,0.31,-1.08,1.89,-0.59,2.1,-2.68
MarJon Beauchamp,2023,-0.25,1.34,-1.16,0.59,-0.96,1.73,-2.69
Willy Hernangomez,2019,0.14,1.71,0.41,1.97,0.51,3.2,-2.69
Joe Johnson,2018,0.49,0.51,-2.47,0.47,-1.93,0.77,-2.69
Drew Eubanks,2024,-1.24,-0.53,-1.68,0.54,-2.57,0.12,-2.69
Justin Holiday,2023,-0.23,0.23,-2.04,0.42,-2.02,0.67,-2.69
Torrey Craig,2020,0.2,0.73,-0.48,2.1,-0.15,2.55,-2.7
Harrison Barnes,2024,0.91,1.76,-0.68,1.41,-0.02,2.69,-2.71
Terrence Ross,2022,0.53,0.58,-1.38,1.69,-0.66,2.07,-2.73
Cheick Diallo,2018,-1.24,0.07,-0.79,1.19,-1.59,1.14,-2.73
Eric Paschall,2022,-0.18,1.54,-0.54,1.23,-0.41,2.32,-2.73
Vit Krejci,2022,-0.06,1.19,-0.98,1.05,-0.73,2.0,-2.73
Anfernee Simons,2020,0.28,0.4,-1.07,1.93,-0.36,2.38,-2.74
Damian Jones,2020,-0.11,0.2,-0.44,2.57,-0.36,2.39,-2.76
Cedi Osman,2024,0.59,0.29,-1.26,2.22,-0.39,2.37,-2.76
Corey Kispert,2024,0.78,1.61,-0.93,2.07,0.27,3.03,-2.76
Josh Christopher,2023,0.46,0.04,-1.27,1.84,-0.67,2.09,-2.76
Abdel Nader,2018,-0.36,0.6,-1.11,1.07,-1.13,1.64,-2.78
Miles Plumlee,2018,-1.67,-0.07,-1.86,-0.18,-3.01,-0.23,-2.78
Jordan Mickey,2017,-0.9,0.9,-0.57,0.61,-1.39,1.4,-2.79
Terance Mann,2024,-0.23,1.22,0.02,1.63,-0.07,2.74,-2.81
Georgios Kalaitzakis,2022,0.34,0.9,-1.1,1.3,-0.66,2.16,-2.82
Mo Bamba,2019,-1.04,-0.79,-2.82,0.4,-3.33,-0.51,-2.82
Danuel House Jr.,2021,0.1,-0.31,-1.95,1.54,-1.6,1.23,-2.83
Semi Ojeleye,2018,-0.0,0.43,-2.6,0.25,-2.31,0.53,-2.83
Jeff Green,2023,0.37,0.96,-2.08,0.93,-1.46,1.38,-2.84
Gorgui Dieng,2023,-0.75,0.68,-1.33,0.5,-1.76,1.08,-2.84
Jose Calderon,2019,0.0,0.0,-2.54,0.49,-2.35,0.51,-2.86
Semi Ojeleye,2022,0.14,0.18,-2.0,1.08,-1.7,1.17,-2.88
Ben McLemore,2022,-0.17,0.55,-2.21,1.12,-1.61,1.27,-2.88
Andre Jackson Jr.,2024,0.11,1.45,-0.22,1.63,0.04,2.92,-2.88
Timothe Luwawu-Cabarrot,2019,-0.33,0.1,-1.82,1.18,-1.72,1.23,-2.94
Quinn Cook,2019,0.85,0.64,-1.34,2.06,-0.3,2.67,-2.97
Joe Harris,2017,0.0,1.45,-2.37,0.08,-1.98,0.99,-2.98
Bismack Biyombo,2019,-1.41,0.11,-1.13,0.67,-2.29,0.7,-2.98
DeAndre Liggins,2018,0.0,0.0,-1.98,1.22,-1.75,1.24,-2.99
Nik Stauskas,2019,0.82,0.49,-2.09,1.78,-0.98,2.04,-3.02
Malik Monk,2018,0.0,0.0,-1.62,1.92,-1.28,1.74,-3.02
Gorgui Dieng,2018,-0.79,-0.11,-1.62,1.3,-1.94,1.1,-3.04
Allen Crabbe,2020,-0.3,0.13,-2.26,0.69,-2.26,0.78,-3.04
Paul Zipser,2018,-0.44,0.8,-1.53,0.96,-1.63,1.41,-3.04
Bennedict Mathurin,2024,0.29,1.91,-0.76,1.5,-0.36,2.69,-3.06
Darius Bazley,2022,-0.71,-0.14,-2.14,1.16,-2.21,0.85,-3.06
Collin Sexton,2019,1.03,2.08,-0.52,2.92,0.76,3.84,-3.08
Emmanuel Mudiay,2017,-0.16,1.91,-0.57,1.47,-0.47,2.64,-3.11
Cody Zeller,2023,-0.63,1.77,-0.24,0.78,-0.77,2.35,-3.11
Drew Eubanks,2022,-0.67,0.1,-1.58,1.67,-1.6,1.53,-3.13
Abdel Nader,2019,-0.18,0.6,-2.14,0.51,-2.09,1.07,-3.17
Shaedon Sharpe,2024,0.06,2.28,-1.59,0.35,-1.12,2.05,-3.17
Kevin Knox II,2023,-0.05,1.53,-1.88,0.66,-1.4,1.78,-3.17
Elijah Hughes,2022,-0.47,-0.0,-1.33,1.88,-1.42,1.76,-3.18
Keon Johnson,2022,0.22,1.32,-1.35,1.53,-0.67,2.51,-3.19
Cam Reddish,2023,-0.32,0.8,-1.09,1.38,-1.23,1.96,-3.19
Jahlil Okafor,2017,-0.11,-0.37,-2.41,1.52,-2.14,1.08,-3.23
Zach Randolph,2018,0.28,1.35,-0.52,2.5,-0.09,3.14,-3.23
Jason Smith,2019,-1.86,0.68,-1.04,-0.06,-2.66,0.58,-3.24
Emmanuel Mudiay,2018,0.73,0.85,-1.65,1.76,-0.86,2.44,-3.3
JaMychal Green,2023,-0.18,1.47,-1.07,1.34,-1.08,2.27,-3.35
Marquese Chriss,2019,-0.78,0.47,-0.85,1.71,-1.41,1.96,-3.37
Sandro Mamukelashvili,2022,-0.34,1.3,-1.19,1.23,-1.22,2.16,-3.38
Brandon Knight,2017,1.15,1.61,-2.2,1.49,-0.89,2.52,-3.41
Aleksej Pokusevski,2021,0.01,0.74,-2.0,1.39,-1.65,1.76,-3.41
Norman Powell,2022,0.25,2.2,0.42,2.88,0.79,4.22,-3.43
Kevin Porter Jr.,2020,0.17,1.39,-1.76,1.31,-1.32,2.14,-3.45
Garrett Temple,2022,0.31,-0.73,-2.71,1.92,-2.17,1.36,-3.53
Cam Thomas,2022,0.14,1.13,-2.02,1.07,-1.58,1.98,-3.56
Simone Fontecchio,2023,0.49,1.34,-1.62,1.75,-0.88,2.78,-3.66
Robin Lopez,2023,-1.63,0.67,-1.42,0.35,-2.67,0.99,-3.67
D.J. Augustin,2017,0.0,0.0,-3.19,1.24,-2.51,1.19,-3.69
Theo Maledon,2021,0.25,0.76,-3.68,0.59,-2.92,0.83,-3.75
Lonnie Walker IV,2023,0.68,1.4,-1.57,1.87,-0.89,2.88,-3.76
Sekou Doumbouya,2020,-0.69,1.55,-0.79,1.44,-1.1,2.69,-3.79
Bojan Bogdanovic,2024,0.38,2.39,-0.4,2.63,0.17,4.11,-3.93
Trendon Watford,2022,-0.37,1.15,-1.62,1.81,-1.49,2.47,-3.96
James Wiseman,2024,-1.56,0.12,-1.32,1.92,-1.99,1.99,-3.98
Omer Yurtseven,2024,-0.82,1.41,-1.61,0.94,-1.97,2.07,-4.05
Jalen Green,2022,-0.25,1.62,-1.59,1.91,-1.36,2.7,-4.06
R.J. Hampton,2022,0.25,0.83,-2.92,1.27,-2.3,1.8,-4.1
Jamal Crawford,2019,0.07,0.7,-1.66,2.57,-1.21,3.06,-4.27
Kevin Knox II,2019,0.0,0.0,-2.29,2.69,-1.84,2.58,-4.42
Scoot Henderson,2024,0.91,3.02,-1.49,2.23,-0.4,4.03,-4.43
Jaden Ivey,2023,0.64,2.93,-2.19,2.49,-0.83,3.69,-4.52
Grayson Allen,2019,-0.36,2.19,-1.28,1.3,-1.36,3.2,-4.56
James Wiseman,2021,-1.17,1.82,-2.18,0.17,-2.93,1.64,-4.56
Bismack Biyombo,2018,-1.61,0.06,-2.97,1.26,-3.64,0.99,-4.63
Cam Reddish,2022,0.48,1.63,-2.75,1.24,-2.3,2.39,-4.69
Gradey Dick,2024,-0.13,1.86,-2.17,1.87,-1.7,2.99,-4.69
Cristiano Felicio,2018,-0.73,1.16,-3.03,1.0,-3.5,1.65,-5.15
James Wiseman,2023,-1.3,1.93,-1.12,2.34,-1.68,3.55,-5.23
