Season,PLAYER_ID,Name,bref_name,bref_debut_year,Rookie_Age,Rookie_Age_Bin,Rookie_Poss,Cohort_Definition,MPG,Tier,Poss_Off,Poss_Def,Poss,Off,Def,RAPM,VORP_Off,VORP_Def,VORP,Off_at_ref,Def_at_ref,RAPM_at_ref,Off_above_curve,Def_above_curve,RAPM_above_curve,name_key,BRef_Player_ID,BRef_Player,BRef_Pos,BRef_Age,BRef_Experience,BRef_G,BRef_MP,BRef_MPG,BRef_PER,BRef_OWS,BRef_DWS,BRef_WS,BRef_WS48,BRef_OBPM,BRef_DBPM,BRef_BPM,BRef_VORP
1997,947,Allen Iverson,Allen Iverson*,1997.0,22,22,12398,"BRef debut season, age >= 18, age <= 22, possessions >= 1000",40.02,40+,6190,6208,12398,4.217,5.275,-1.058,4.691,5.594,-0.903,5.2488516723070395,4.803985829406377,0.4448370357144695,2.338942726587062,5.871859935507966,-3.5328747624703967,allen iverson,2967.0,Allen Iverson,PG,21.0,1.0,76.0,3045.0,40.06578947368421,18.0,3.1,1.0,4.1,0.065,2.5,-1.6,0.9,2.2
1997,952,Antoine Walker,Antoine Walker,1997.0,20,20,11879,"BRef debut season, age >= 18, age <= 22, possessions >= 1000",36.24,35-40,5937,5942,11879,1.066,1.224,-0.157,2.046,3.805,-1.758,3.238503261806547,0.3844474728669071,2.855000433538244,0.3285943160865692,1.4523215789684951,-1.1227113646466222,antoine walker,2969.0,Antoine Walker,PF,20.0,1.0,82.0,2970.0,36.21951219512195,15.5,0.0,1.7,1.7,0.027,-0.3,-1.8,-2.1,-0.1
1997,965,Derek Fisher,Derek Fisher,1997.0,22,22,3780,"BRef debut season, age >= 18, age <= 22, possessions >= 1000",11.45,10-15,1887,1893,3780,-2.086,-2.093,0.007,-0.065,-1.094,1.029,-1.05414832769296,-2.564014170593623,1.5098370357144697,-3.9640572734129376,-1.4961400644920348,-2.4678747624703967,derek fisher,2979.0,Derek Fisher,PG,22.0,1.0,80.0,921.0,11.5125,11.0,0.0,1.0,1.1,0.056,-2.9,0.2,-2.7,-0.1
1997,956,Erick Dampier,Erick Dampier,1997.0,21,21,3973,"BRef debut season, age >= 18, age <= 22, possessions >= 1000",14.55,10-15,1973,2000,3973,-2.618,-0.859,-1.758,-0.597,0.14,-0.737,-1.0705263918038177,-1.5000819124007874,0.4305143714946275,-3.980435337523795,-0.4322078062991992,-3.5471974266902384,erick dampier,2984.0,Erick Dampier,C,21.0,1.0,72.0,1052.0,14.61111111111111,11.8,-1.0,1.9,0.9,0.04,-4.4,0.7,-3.7,-0.4
1997,994,Jamie Feick,Jamie Feick,1997.0,22,22,2378,"BRef debut season, age >= 18, age <= 22, possessions >= 1000",15.18,15-20,1187,1191,2378,-2.634,-0.197,-2.437,-0.625,1.374,-2.0,-1.60214832769296,-0.6680141705936229,-0.9341629642855304,-4.512057273412937,0.3998599355079652,-4.911874762470397,jamie feick,2990.0,Jamie Feick,PF-C,22.0,1.0,41.0,624.0,15.21951219512195,11.1,-0.3,0.5,0.2,0.016,-3.5,-2.3,-5.8,-0.6
1997,979,Jermaine O'Neal,Jermaine O'Neal,1997.0,18,18,1858,"BRef debut season, age >= 18, age <= 22, possessions >= 1000",10.22,10-15,929,929,1858,-2.638,-1.652,-0.986,-0.617,-0.652,0.036,0.2719089457199777,-2.719874106101588,2.991711798184866,-2.638,-1.652,-0.986,jermaine oneal,2993.0,Jermaine O'Neal,PF,18.0,1.0,45.0,458.0,10.177777777777777,13.7,0.1,0.7,0.8,0.087,-2.5,-0.9,-3.5,-0.2
1997,977,Kobe Bryant,Kobe Bryant*,1997.0,18,18,4752,"BRef debut season, age >= 18, age <= 22, possessions >= 1000",15.51,15-20,2370,2382,4752,-1.326,-1.628,0.303,0.683,-0.058,0.741,1.5839089457199775,-2.695874106101588,4.280711798184867,-1.326,-1.628,0.303,kobe bryant,3000.0,Kobe Bryant,SF,18.0,1.0,71.0,1103.0,15.535211267605634,14.4,0.5,1.3,1.8,0.079,-0.2,0.1,-0.1,0.5
1997,953,Lorenzen Wright,Lorenzen Wright,1997.0,21,21,7795,"BRef debut season, age >= 18, age <= 22, possessions >= 1000",25.15,25-30,3892,3903,7795,-0.06,-0.055,-0.005,1.421,2.041,-0.62,1.4874736081961824,-0.6960819124007874,2.1835143714946277,-1.4224353375237953,0.3717921937008008,-1.7941974266902383,lorenzen wright,3001.0,Lorenzen Wright,C,21.0,1.0,77.0,1936.0,25.142857142857142,12.5,1.5,1.7,3.2,0.079,-2.0,-1.0,-3.0,-0.5
1997,990,Malik Rose,Malik Rose,1997.0,22,22,2114,"BRef debut season, age >= 18, age <= 22, possessions >= 1000",9.73,5-10,1060,1054,2114,-1.107,-0.414,-0.693,0.247,0.568,-0.321,-0.07514832769296,-0.885014170593623,0.8098370357144696,-2.985057273412938,0.1828599355079652,-3.167874762470397,malik rose,3002.0,Malik Rose,PF,22.0,1.0,54.0,525.0,9.722222222222221,13.7,0.3,0.8,1.1,0.1,-3.6,0.3,-3.3,-0.2
1997,982,Martin Muursepp,Martin Muursepp,1997.0,22,22,1310,"BRef debut season, age >= 18, age <= 22, possessions >= 1000",8.32,5-10,652,658,1310,-2.623,-0.98,-1.643,-1.27,0.001,-1.271,-1.5911483276929603,-1.451014170593623,-0.1401629642855304,-4.501057273412938,-0.3831400644920347,-4.117874762470397,martin muursepp,3007.0,Martin Müürsepp,PF,22.0,1.0,42.0,348.0,8.285714285714286,14.9,0.3,0.3,0.6,0.081,-1.5,-0.2,-1.7,0.0
1997,988,Randy Livingston,Randy Livingston,1997.0,22,22,3766,"BRef debut season, age >= 18, age <= 22, possessions >= 1000",15.35,15-20,1883,1883,3766,-0.725,-0.754,0.028,1.283,0.817,0.466,0.3068516723070399,-1.225014170593623,1.5308370357144696,-2.603057273412938,-0.1571400644920347,-2.446874762470397,randy livingston,3015.0,Randy Livingston,PG,21.0,1.0,64.0,981.0,15.328125,8.3,-0.8,1.1,0.3,0.012,-4.0,0.3,-3.7,-0.4
1997,951,Ray Allen,Ray Allen*,1997.0,21,21,9590,"BRef debut season, age >= 18, age <= 22, possessions >= 1000",30.95,30-35,4803,4787,9590,0.773,-0.266,1.039,2.661,1.615,1.046,2.3204736081961825,-0.9070819124007874,3.2275143714946273,-0.5894353375237952,0.1607921937008007,-0.7501974266902387,ray allen,3016.0,Ray Allen,SG,21.0,1.0,82.0,2532.0,30.878048780487806,14.6,3.3,1.5,4.9,0.092,0.8,-0.9,-0.1,1.2
1997,955,Samaki Walker,Samaki Walker,1997.0,21,21,2218,"BRef debut season, age >= 18, age <= 22, possessions >= 1000",13.99,10-15,1109,1109,2218,-2.485,0.566,-3.051,-0.464,1.565,-2.029,-0.9375263918038176,-0.0750819124007874,-0.8624856285053726,-3.847435337523795,0.9927921937008009,-4.840197426690239,samaki walker,3021.0,Samaki Walker,PF,20.0,1.0,43.0,602.0,14.0,12.2,-0.2,0.7,0.5,0.037,-3.9,-0.6,-4.4,-0.4
1997,949,Shareef Abdur-Rahim,Shareef Abdur-Rahim,1997.0,20,20,10396,"BRef debut season, age >= 18, age <= 22, possessions >= 1000",35.05,35-40,5205,5191,10396,1.466,1.824,-0.358,2.446,4.405,-1.959,3.638503261806547,0.9844474728669071,2.654000433538244,0.7285943160865691,2.052321578968495,-1.3237113646466223,shareef abdurrahim,3024.0,Shareef Abdur-Rahim,PF,20.0,1.0,80.0,2802.0,35.025,17.4,1.7,1.2,2.9,0.049,0.3,-2.1,-1.8,0.2
1997,950,Stephon Marbury,Stephon Marbury,1997.0,20,20,9155,"BRef debut season, age >= 18, age <= 22, possessions >= 1000",34.67,30-35,4573,4582,9155,0.256,1.69,-1.434,2.143,3.57,-1.427,2.428503261806547,0.8504474728669071,1.578000433538244,-0.4814056839134308,1.918321578968495,-2.399711364646622,stephon marbury,3026.0,Stephon Marbury,PG,19.0,1.0,67.0,2324.0,34.6865671641791,16.1,2.5,1.2,3.7,0.077,2.2,-2.3,0.0,1.2
1997,957,Todd Fuller,Todd Fuller,1997.0,22,22,3740,"BRef debut season, age >= 18, age <= 22, possessions >= 1000",12.6,10-15,1865,1875,3740,-1.218,1.85,-3.068,0.803,2.85,-2.047,-0.18614832769296,1.378985829406377,-1.5651629642855305,-3.0960572734129377,2.446859935507965,-5.542874762470397,todd fuller,3030.0,Todd Fuller,C,22.0,1.0,75.0,949.0,12.653333333333334,10.4,0.4,0.3,0.7,0.034,-3.4,-2.4,-5.8,-0.9
1997,969,Travis Knight,Travis Knight,1997.0,22,22,4795,"BRef debut season, age >= 18, age <= 22, possessions >= 1000",16.31,15-20,2401,2394,4795,-0.291,-1.688,1.397,1.717,-0.118,1.835,0.74085167230704,-2.1590141705936228,2.8998370357144694,-2.1690572734129376,-1.0911400644920346,-1.0778747624703968,travis knight,3032.0,Travis Knight,C,22.0,1.0,71.0,1156.0,16.281690140845072,14.1,1.4,1.8,3.3,0.137,-2.2,0.4,-1.8,0.1
1997,958,Vitaly Potapenko,Vitaly Potapenko,1997.0,22,22,4322,"BRef debut season, age >= 18, age <= 22, possessions >= 1000",15.48,15-20,2153,2169,4322,-3.745,-3.393,-0.353,-1.736,-1.822,0.085,-2.71314832769296,-3.864014170593623,1.1498370357144696,-5.623057273412938,-2.7961400644920347,-2.8278747624703966,vitaly potapenko,3033.0,Vitaly Potapenko,C,21.0,1.0,80.0,1238.0,15.475,9.5,-1.2,1.7,0.5,0.02,-5.9,-0.7,-6.6,-1.4
1998,1510,Brevin Knight,Brevin Knight,1998.0,22,22,9738,"BRef debut season, age >= 18, age <= 22, possessions >= 1000",31.05,30-35,4867,4871,9738,2.477,-2.81,5.287,3.504,-0.81,4.314,3.50885167230704,-3.281014170593623,6.78983703571447,0.5989427265870622,-2.213140064492035,2.812125237529603,brevin knight,3043.0,Brevin Knight,PG,22.0,1.0,80.0,2483.0,31.0375,17.1,3.5,4.9,8.4,0.163,0.5,3.1,3.6,3.5
1998,1497,Chauncey Billups,Chauncey Billups,1998.0,21,21,8559,"BRef debut season, age >= 18, age <= 22, possessions >= 1000",27.69,25-30,4256,4303,8559,-3.175,0.311,-3.486,-1.185,2.36,-3.545,-1.6275263918038174,-0.3300819124007874,-1.2974856285053726,-4.537435337523795,0.7377921937008007,-5.275197426690239,chauncey billups,3048.0,Chauncey Billups,PG,21.0,1.0,80.0,2216.0,27.7,13.6,2.1,0.9,3.0,0.065,0.2,-1.4,-1.2,0.5
1998,1504,Danny Fortson,Danny Fortson,1998.0,22,22,6860,"BRef debut season, age >= 18, age <= 22, possessions >= 1000",22.67,20-25,3433,3427,6860,-1.039,1.379,-2.418,0.818,2.641,-1.823,-0.00714832769296,0.9079858294063772,-0.9151629642855306,-2.9170572734129374,1.9758599355079651,-4.892874762470397,danny fortson,3052.0,Danny Fortson,PF,21.0,1.0,80.0,1811.0,22.6375,14.3,1.5,0.4,1.9,0.051,-2.5,-2.5,-5.0,-1.4
1998,1516,Ed Gray,Ed Gray,1998.0,22,22,1727,"BRef debut season, age >= 18, age <= 22, possessions >= 1000",15.72,15-20,859,868,1727,-3.525,-0.72,-2.805,-1.264,1.129,-2.392,-2.49314832769296,-1.1910141705936228,-1.3021629642855306,-5.403057273412937,-0.1231400644920347,-5.279874762470397,ed gray,3058.0,Ed Gray,SG,22.0,1.0,30.0,472.0,15.733333333333333,13.0,0.4,0.4,0.8,0.083,-1.3,-0.2,-1.4,0.1
1998,1519,John Thomas,John Thomas,1998.0,22,22,2149,"BRef debut season, age >= 18, age <= 22, possessions >= 1000",9.88,5-10,1079,1070,2149,-2.393,-1.244,-1.149,-0.923,-0.608,-0.315,-1.36114832769296,-1.7150141705936228,0.3538370357144695,-4.2710572734129375,-0.6471400644920348,-3.623874762470397,john thomas,3069.0,John Thomas,PF,22.0,1.0,54.0,535.0,9.907407407407407,9.1,0.0,0.4,0.4,0.034,-4.7,-0.5,-5.2,-0.4
1998,1569,Keith Closs,Keith Closs,1998.0,22,22,2933,"BRef debut season, age >= 18, age <= 22, possessions >= 1000",12.77,10-15,1469,1464,2933,-1.591,0.156,-1.747,0.374,1.378,-1.004,-0.5591483276929601,-0.3150141705936229,-0.2441629642855305,-3.469057273412938,0.7528599355079653,-4.221874762470397,keith closs,3073.0,Keith Closs,C,21.0,1.0,58.0,740.0,12.758620689655173,14.0,0.1,0.5,0.6,0.041,-2.3,0.4,-1.9,0.0
1998,1496,Keith Van Horn,Keith Van Horn,1998.0,22,22,9153,"BRef debut season, age >= 18, age <= 22, possessions >= 1000",37.56,35-40,4581,4572,9153,3.097,0.375,2.723,3.624,2.217,1.407,4.128851672307039,-0.0960141705936229,4.22583703571447,1.2189427265870625,0.9718599355079652,0.248125237529603,keith van horn,3074.0,Keith Van Horn,PF,22.0,1.0,62.0,2325.0,37.5,15.7,3.2,1.6,4.8,0.098,0.7,-1.6,-0.8,0.7
1998,1508,Maurice Taylor,Maurice Taylor,1998.0,21,21,5789,"BRef debut season, age >= 18, age <= 22, possessions >= 1000",21.29,20-25,2899,2890,5789,-1.566,1.147,-2.712,0.291,2.409,-2.117,-0.0185263918038176,0.5059180875992126,-0.5234856285053726,-2.928435337523795,1.5737921937008008,-4.501197426690239,maurice taylor,3081.0,Maurice Taylor,PF,21.0,1.0,71.0,1513.0,21.309859154929576,16.1,1.5,0.3,1.8,0.057,-1.5,-2.4,-3.8,-0.7
1998,1500,Ron Mercer,Ron Mercer,1998.0,22,22,10278,"BRef debut season, age >= 18, age <= 22, possessions >= 1000",33.25,30-35,5148,5130,10278,2.133,-1.068,3.201,3.159,0.931,2.228,3.16485167230704,-1.539014170593623,4.70383703571447,0.2549427265870623,-0.4711400644920348,0.7261252375296032,ron mercer,3087.0,Ron Mercer,SG,21.0,1.0,80.0,2662.0,33.275,14.1,2.2,1.9,4.0,0.073,-0.7,-0.7,-1.4,0.4
1998,1495,Tim Duncan,Tim Duncan*,1998.0,22,22,13101,"BRef debut season, age >= 18, age <= 22, possessions >= 1000",39.09,35-40,6550,6551,13101,4.898,-1.188,6.086,5.425,0.655,4.77,5.92985167230704,-1.6590141705936228,7.588837035714469,3.019942726587062,-0.5911400644920347,3.611125237529603,tim duncan,3092.0,Tim Duncan,PF,21.0,1.0,82.0,3204.0,39.073170731707314,22.6,5.6,7.2,12.8,0.192,2.5,2.0,4.6,5.3
1998,1501,Tim Thomas,Tim Thomas,1998.0,21,21,6669,"BRef debut season, age >= 18, age <= 22, possessions >= 1000",23.07,20-25,3346,3323,6669,-1.301,0.62,-1.921,0.556,1.882,-1.326,0.2464736081961824,-0.0210819124007873,0.2675143714946275,-2.6634353375237954,1.046792193700801,-3.710197426690238,tim thomas,3093.0,Tim Thomas,SF,20.0,1.0,77.0,1779.0,23.103896103896105,14.9,2.1,1.3,3.4,0.091,0.7,-1.2,-0.5,0.7
1998,1499,Tony Battie,Tony Battie,1998.0,22,22,5659,"BRef debut season, age >= 18, age <= 22, possessions >= 1000",23.15,20-25,2814,2845,5659,-2.621,1.246,-3.867,-0.764,2.508,-3.272,-1.58914832769296,0.7749858294063771,-2.3641629642855304,-4.499057273412937,1.8428599355079651,-6.341874762470397,tony battie,3094.0,Tony Battie,PF,21.0,1.0,65.0,1506.0,23.16923076923077,13.3,-0.3,0.8,0.5,0.015,-2.5,-1.3,-3.9,-0.7
1998,1503,Tracy McGrady,Tracy McGrady*,1998.0,19,19,4688,"BRef debut season, age >= 18, age <= 22, possessions >= 1000",18.43,15-20,2342,2346,4688,-1.545,0.285,-1.83,0.716,2.133,-1.417,1.3649089457199777,-0.7828741061015883,2.1477117981848663,-1.545,0.285,-1.83,tracy mcgrady,3096.0,Tracy McGrady,SF,18.0,1.0,64.0,1179.0,18.421875,17.4,1.3,0.7,2.0,0.081,1.3,-0.7,0.6,0.8
1999,1736,Corey Benjamin,Corey Benjamin,1999.0,21,21,1214,"BRef debut season, age >= 18, age <= 22, possessions >= 1000",10.26,10-15,603,611,1214,-4.745,0.176,-4.921,-2.068,1.151,-3.218,-3.1975263918038177,-0.4650819124007874,-2.7324856285053727,-6.107435337523795,0.6027921937008007,-6.710197426690239,corey benjamin,3112.0,Corey Benjamin,PG,20.0,1.0,31.0,320.0,10.32258064516129,8.3,-0.4,0.3,-0.2,-0.023,-5.1,-0.9,-6.0,-0.3
1999,1800,Damon Jones,Damon Jones,1999.0,22,22,1382,"BRef debut season, age >= 18, age <= 22, possessions >= 1000",14.35,10-15,692,690,1382,-2.605,-1.522,-1.083,0.072,-0.548,0.62,-1.57314832769296,-1.9930141705936228,0.4198370357144696,-4.483057273412937,-0.9251400644920348,-3.557874762470397,damon jones,3115.0,Damon Jones,PG,22.0,1.0,24.0,344.0,14.333333333333334,13.7,0.4,0.3,0.7,0.095,0.4,0.1,0.5,0.2
1999,1717,Dirk Nowitzki,Dirk Nowitzki*,1999.0,21,21,3627,"BRef debut season, age >= 18, age <= 22, possessions >= 1000",20.41,20-25,1812,1815,3627,1.128,-0.428,1.556,3.209,0.968,2.241,2.6754736081961825,-1.069081912400787,3.744514371494627,-0.2344353375237953,-0.0012078062991991,-0.2331974266902385,dirk nowitzki,3116.0,Dirk Nowitzki,PF,20.0,1.0,47.0,958.0,20.382978723404257,12.8,0.1,0.7,0.8,0.04,-1.8,-0.7,-2.5,-0.1
1999,1764,J.R. Henderson,J.R. Henderson,1999.0,22,22,1201,"BRef debut season, age >= 18, age <= 22, possessions >= 1000",10.72,10-15,606,595,1201,-3.784,-1.221,-2.564,-1.107,-0.246,-0.861,-2.75214832769296,-1.6920141705936231,-1.0611629642855305,-5.6620572734129375,-0.6241400644920349,-5.038874762470397,jr henderson,3121.0,J.R. Henderson,SF,22.0,1.0,30.0,331.0,11.033333333333333,9.0,-0.2,0.0,-0.2,-0.025,-2.9,-1.9,-4.8,-0.2
1999,1741,Jelani McCoy,Jelani McCoy,1999.0,21,21,1253,"BRef debut season, age >= 18, age <= 22, possessions >= 1000",12.62,10-15,627,626,1253,-2.861,0.054,-2.914,-0.184,1.028,-1.212,-1.3135263918038178,-0.5870819124007873,-0.7254856285053726,-4.223435337523796,0.4807921937008008,-4.703197426690239,jelani mccoy,3125.0,Jelani McCoy,C,21.0,1.0,26.0,331.0,12.73076923076923,21.1,1.1,0.3,1.4,0.201,2.0,0.5,2.5,0.4
1999,1716,Larry Hughes,Larry Hughes,1999.0,20,20,4504,"BRef debut season, age >= 18, age <= 22, possessions >= 1000",19.77,15-20,2241,2263,4504,-0.95,-1.84,0.889,1.317,-0.13,1.447,1.222503261806547,-2.679552527133093,3.901000433538244,-1.6874056839134308,-1.6116784210315047,-0.0767113646466223,larry hughes,3132.0,Larry Hughes,PG,20.0,1.0,50.0,988.0,19.76,16.7,0.9,1.5,2.4,0.117,1.3,0.2,1.5,0.9
1999,1720,Michael Doleac,Michael Doleac,1999.0,22,22,3092,"BRef debut season, age >= 18, age <= 22, possessions >= 1000",15.91,15-20,1551,1541,3092,1.296,-1.154,2.451,3.563,0.556,3.008,2.32785167230704,-1.625014170593623,3.9538370357144696,-0.5820572734129377,-0.5571400644920347,-0.0238747624703967,michael doleac,3138.0,Michael Doleac,C,21.0,1.0,49.0,780.0,15.918367346938776,13.7,1.2,1.1,2.2,0.138,-2.2,-0.1,-2.3,0.0
1999,1710,Mike Bibby,Mike Bibby,1999.0,21,21,6508,"BRef debut season, age >= 18, age <= 22, possessions >= 1000",35.12,35-40,3258,3250,6508,0.994,0.318,0.676,2.033,2.178,-0.145,2.541473608196182,-0.3230819124007874,2.8645143714946277,-0.3684353375237952,0.7447921937008009,-1.1131974266902387,mike bibby,3140.0,Mike Bibby,PG,20.0,1.0,50.0,1758.0,35.16,14.8,1.1,0.2,1.3,0.035,-0.2,-1.6,-1.8,0.1
1999,1727,Pat Garrity,Pat Garrity,1999.0,22,22,2240,"BRef debut season, age >= 18, age <= 22, possessions >= 1000",13.85,10-15,1126,1114,2240,-0.632,-0.758,0.126,2.045,0.217,1.828,0.3998516723070399,-1.229014170593623,1.6288370357144697,-2.510057273412938,-0.1611400644920347,-2.348874762470397,pat garrity,3144.0,Pat Garrity,PF,22.0,1.0,39.0,538.0,13.794871794871796,13.0,0.9,0.2,1.1,0.101,-1.1,-1.9,-3.0,-0.1
1999,1718,Paul Pierce,Paul Pierce*,1999.0,21,21,6189,"BRef debut season, age >= 18, age <= 22, possessions >= 1000",33.97,30-35,3092,3097,6189,2.54,-0.074,2.615,4.095,1.426,2.669,4.087473608196182,-0.7150819124007873,4.803514371494628,1.1775646624762048,0.3527921937008008,0.8258025733097616,paul pierce,3146.0,Paul Pierce,SF,21.0,1.0,48.0,1632.0,34.0,19.2,2.9,2.0,4.9,0.144,3.4,0.3,3.7,2.3
1999,978,Peja Stojakovic,Peja Stojakovic,1999.0,22,22,4279,"BRef debut season, age >= 18, age <= 22, possessions >= 1000",21.36,20-25,2134,2145,4279,0.236,-0.591,0.827,2.317,0.806,1.512,1.26785167230704,-1.0620141705936228,2.3298370357144695,-1.6420572734129375,0.0058599355079652,-1.6478747624703969,peja stojakovic,3147.0,Peja Stojaković,SF,21.0,1.0,48.0,1025.0,21.354166666666668,13.5,1.0,0.7,1.7,0.081,0.5,-0.5,0.1,0.5
1999,1729,Ricky Davis,Ricky Davis,1999.0,19,19,2101,"BRef debut season, age >= 18, age <= 22, possessions >= 1000",12.18,10-15,1050,1051,2101,-1.466,-0.672,-0.794,1.211,0.303,0.909,1.4439089457199776,-1.7398741061015883,3.1837117981848664,-1.466,-0.672,-0.794,ricky davis,3153.0,Ricky Davis,SG,19.0,1.0,46.0,557.0,12.108695652173912,12.9,-0.4,0.5,0.2,0.015,-1.6,-0.5,-2.1,0.0
1999,1714,Robert Traylor,Robert Traylor,1999.0,22,22,3021,"BRef debut season, age >= 18, age <= 22, possessions >= 1000",16.03,15-20,1503,1518,3021,1.977,-1.6,3.578,4.245,0.11,4.135,3.00885167230704,-2.071014170593623,5.080837035714469,0.0989427265870623,-1.003140064492035,1.103125237529603,robert traylor,3154.0,Robert Traylor,C,21.0,1.0,49.0,786.0,16.040816326530614,17.0,1.3,1.2,2.5,0.152,-0.8,1.7,0.9,0.6
1999,1713,Vince Carter,Vince Carter,1999.0,22,22,6541,"BRef debut season, age >= 18, age <= 22, possessions >= 1000",35.22,35-40,3271,3270,6541,3.987,-1.417,5.404,5.027,0.443,4.584,5.01885167230704,-1.8880141705936229,6.906837035714469,2.1089427265870624,-0.8201400644920348,2.929125237529603,vince carter,3166.0,Vince Carter,SF,22.0,1.0,50.0,1760.0,35.2,19.6,3.6,1.4,5.0,0.136,3.1,-0.4,2.8,2.1
2000,1884,Baron Davis,Baron Davis,2000.0,21,21,6238,"BRef debut season, age >= 18, age <= 22, possessions >= 1000",18.58,15-20,3111,3127,6238,0.146,-0.846,0.993,2.842,0.706,2.136,1.6934736081961823,-1.4870819124007872,3.1815143714946275,-1.2164353375237953,-0.4192078062991992,-0.7961974266902386,baron davis,3173.0,Baron Davis,PG,20.0,1.0,82.0,1523.0,18.573170731707318,12.9,-0.1,2.2,2.1,0.065,-2.0,1.2,-0.8,0.5
2000,1894,Corey Maggette,Corey Maggette,2000.0,20,20,5581,"BRef debut season, age >= 18, age <= 22, possessions >= 1000",17.76,15-20,2794,2787,5581,0.839,0.603,0.236,3.535,2.155,1.38,3.011503261806547,-0.2365525271330928,3.2480004335382437,0.1015943160865691,0.8313215789684953,-0.7297113646466223,corey maggette,3178.0,Corey Maggette,SF,20.0,1.0,77.0,1370.0,17.792207792207794,14.1,1.2,1.4,2.6,0.091,-1.5,-1.0,-2.5,-0.2
2000,1904,Devean George,Devean George,2000.0,22,22,1565,"BRef debut season, age >= 18, age <= 22, possessions >= 1000",6.95,5-10,777,788,1565,-2.128,-1.246,-0.883,0.086,-0.585,0.671,-1.0961483276929602,-1.717014170593623,0.6198370357144696,-4.006057273412938,-0.6491400644920348,-3.357874762470397,devean george,3183.0,Devean George,SF,22.0,1.0,49.0,345.0,7.040816326530612,12.1,0.1,0.6,0.7,0.093,-2.5,-1.0,-3.5,-0.1
2000,1901,Dion Glover,Dion Glover,2000.0,21,21,1753,"BRef debut season, age >= 18, age <= 22, possessions >= 1000",14.92,10-15,872,881,1753,-2.796,0.573,-3.369,-0.239,1.572,-1.811,-1.2485263918038174,-0.0680819124007874,-1.1804856285053726,-4.158435337523795,0.9997921937008007,-5.158197426690239,dion glover,3184.0,Dion Glover,SG,21.0,1.0,30.0,446.0,14.866666666666667,12.4,0.2,0.1,0.3,0.029,-1.0,-1.6,-2.6,-0.1
2000,1882,Elton Brand,Elton Brand,2000.0,21,21,11151,"BRef debut season, age >= 18, age <= 22, possessions >= 1000",37.0,35-40,5583,5568,11151,3.02,2.321,0.7,3.235,4.391,-1.156,4.567473608196183,1.6799180875992128,2.888514371494628,1.6575646624762048,2.7477921937008007,-1.089197426690239,elton brand,3186.0,Elton Brand,PF,20.0,1.0,81.0,2999.0,37.02469135802469,20.6,4.2,3.3,7.5,0.121,2.2,-0.9,1.3,2.5
2000,1891,Jason Terry,Jason Terry,2000.0,22,22,7309,"BRef debut season, age >= 18, age <= 22, possessions >= 1000",23.29,20-25,3661,3648,7309,-0.335,0.509,-0.844,2.14,2.558,-0.418,0.6968516723070399,0.037985829406377,0.6588370357144696,-2.2130572734129377,1.1058599355079652,-3.3188747624703967,jason terry,3194.0,Jason Terry,PG,22.0,1.0,81.0,1888.0,23.308641975308642,13.9,0.9,0.9,1.9,0.047,-0.4,-0.6,-1.0,0.5
2000,1903,Kenny Thomas,Kenny Thomas,2000.0,22,22,7002,"BRef debut season, age >= 18, age <= 22, possessions >= 1000",24.93,20-25,3509,3493,7002,0.075,-1.91,1.985,2.55,0.139,2.411,1.1068516723070398,-2.3810141705936227,3.4878370357144695,-1.8030572734129375,-1.3131400644920346,-0.4898747624703967,kenny thomas,3200.0,Kenny Thomas,PF,22.0,1.0,72.0,1797.0,24.958333333333332,12.0,0.6,1.6,2.2,0.058,-1.8,-0.8,-2.6,-0.3
2000,1885,Lamar Odom,Lamar Odom,2000.0,20,20,10965,"BRef debut season, age >= 18, age <= 22, possessions >= 1000",36.4,35-40,5485,5480,10965,4.203,-2.965,7.168,4.417,-0.895,5.312,6.375503261806547,-3.804552527133093,10.180000433538243,3.4655943160865696,-2.7366784210315047,6.202288635353378,lamar odom,3201.0,Lamar Odom,SF,20.0,1.0,76.0,2767.0,36.4078947368421,16.8,1.7,1.5,3.2,0.055,0.8,-0.2,0.6,1.8
2000,1897,Metta World Peace,Metta World Peace,2000.0,20,20,8431,"BRef debut season, age >= 18, age <= 22, possessions >= 1000",31.11,30-35,4210,4221,8431,-2.13,-2.383,0.253,-0.186,-0.933,0.747,0.042503261806547,-3.222552527133093,3.265000433538244,-2.8674056839134305,-2.154678421031505,-0.7127113646466223,metta world peace,3205.0,Metta World Peace,SF,20.0,1.0,72.0,2238.0,31.083333333333332,13.4,-0.3,2.6,2.3,0.05,-1.1,0.9,-0.2,1.0
2000,1960,Milt Palacio,Milt Palacio,2000.0,22,22,1472,"BRef debut season, age >= 18, age <= 22, possessions >= 1000",7.42,5-10,731,741,1472,-3.359,-1.815,-1.544,-1.145,-1.155,0.01,-2.32714832769296,-2.286014170593623,-0.0411629642855304,-5.237057273412938,-1.2181400644920348,-4.018874762470396,milt palacio,3207.0,Milt Palacio,PG,21.0,1.0,53.0,394.0,7.433962264150943,8.8,-0.5,0.2,-0.3,-0.041,-4.0,-0.4,-4.4,-0.2
2000,1888,Richard Hamilton,Richard Hamilton,2000.0,22,22,5320,"BRef debut season, age >= 18, age <= 22, possessions >= 1000",19.29,15-20,2659,2661,5320,1.618,1.586,0.032,4.314,3.138,1.176,2.64985167230704,1.1149858294063772,1.5348370357144696,-0.2600572734129376,2.1828599355079654,-2.442874762470397,richard hamilton,3212.0,Richard Hamilton,SG,21.0,1.0,71.0,1373.0,19.338028169014084,11.6,0.4,0.3,0.7,0.024,-1.4,-2.2,-3.7,-0.6
2000,1934,Rodney Buford,Rodney Buford,2000.0,22,22,1520,"BRef debut season, age >= 18, age <= 22, possessions >= 1000",11.33,10-15,761,759,1520,-1.321,-0.335,-0.986,1.237,0.665,0.572,-0.28914832769296,-0.806014170593623,0.5168370357144696,-3.1990572734129374,0.2618599355079652,-3.4608747624703966,rodney buford,3214.0,Rodney Buford,SG,22.0,1.0,34.0,386.0,11.352941176470589,11.2,0.1,0.5,0.6,0.072,-2.5,-0.5,-3.0,-0.1
2000,1890,Shawn Marion,Shawn Marion,2000.0,22,22,6092,"BRef debut season, age >= 18, age <= 22, possessions >= 1000",24.77,20-25,3034,3058,6092,-1.001,-2.085,1.084,1.474,-0.036,1.51,0.03085167230704,-2.556014170593623,2.5868370357144697,-2.8790572734129376,-1.4881400644920348,-1.3908747624703968,shawn marion,3218.0,Shawn Marion,SF,21.0,1.0,51.0,1260.0,24.705882352941178,17.1,1.7,2.4,4.1,0.158,0.3,0.9,1.3,1.0
2000,1895,William Avery,William Avery,2000.0,20,20,1847,"BRef debut season, age >= 18, age <= 22, possessions >= 1000",8.14,5-10,917,930,1847,-3.356,1.547,-4.903,-1.141,2.208,-3.349,-1.183496738193453,0.7074474728669071,-1.8909995664617556,-4.0934056839134305,1.7753215789684953,-5.868711364646622,william avery,3227.0,William Avery,PG,20.0,1.0,59.0,484.0,8.203389830508474,6.7,-0.8,0.3,-0.5,-0.046,-4.3,-2.0,-6.3,-0.5
2001,2036,Chris Mihm,Chris Mihm,2001.0,21,21,4381,"BRef debut season, age >= 18, age <= 22, possessions >= 1000",19.75,15-20,2186,2195,4381,-2.542,-1.152,-1.391,0.228,0.415,-0.187,-0.9945263918038174,-1.7930819124007873,0.7975143714946276,-3.904435337523795,-0.7252078062991991,-3.1801974266902384,chris mihm,3232.0,Chris Mihm,C,21.0,1.0,59.0,1166.0,19.76271186440678,12.6,0.3,1.0,1.3,0.053,-2.9,-1.3,-4.2,-0.7
2001,2032,Darius Miles,Darius Miles,2001.0,19,19,7911,"BRef debut season, age >= 18, age <= 22, possessions >= 1000",26.41,25-30,3951,3960,7911,1.165,-2.52,3.685,3.297,-0.857,4.154,4.074908945719978,-3.587874106101588,7.662711798184867,1.165,-2.52,3.685,darius miles,3239.0,Darius Miles,SF,19.0,1.0,81.0,2133.0,26.333333333333332,14.7,0.5,2.6,3.0,0.068,-1.3,0.8,-0.5,0.8
2001,2052,DeShawn Stevenson,DeShawn Stevenson,2001.0,20,20,1182,"BRef debut season, age >= 18, age <= 22, possessions >= 1000",7.39,5-10,593,589,1182,-4.576,-0.971,-3.605,-2.018,-0.41,-1.607,-2.4034967381934527,-1.810552527133093,-0.592999566461756,-5.31340568391343,-0.7426784210315046,-4.570711364646622,deshawn stevenson,3242.0,DeShawn Stevenson,SG,19.0,1.0,40.0,293.0,7.325,4.3,-0.6,0.2,-0.4,-0.071,-6.0,-1.7,-7.7,-0.4
2001,2035,DerMarr Johnson,DerMarr Johnson,2001.0,21,21,5110,"BRef debut season, age >= 18, age <= 22, possessions >= 1000",16.79,15-20,2557,2553,5110,-0.517,0.022,-0.54,2.253,1.589,0.664,1.0304736081961825,-0.6190819124007874,1.6485143714946275,-1.879435337523795,0.4487921937008008,-2.3291974266902384,dermarr johnson,3241.0,DerMarr Johnson,SF,20.0,1.0,78.0,1313.0,16.833333333333332,8.4,-0.9,0.9,0.0,0.0,-2.8,-0.8,-3.5,-0.5
2001,2045,Hedo Turkoglu,Hedo Turkoglu,2001.0,22,22,5391,"BRef debut season, age >= 18, age <= 22, possessions >= 1000",16.88,15-20,2697,2694,5391,0.723,-1.065,1.788,3.494,0.502,2.992,1.7548516723070398,-1.536014170593623,3.2908370357144694,-1.1550572734129378,-0.4681400644920347,-0.6868747624703968,hedo turkoglu,3252.0,Hedo Türkoğlu,SF,21.0,1.0,74.0,1245.0,16.824324324324323,11.7,1.0,1.8,2.8,0.106,-2.0,1.1,-0.9,0.4
2001,2054,Jake Tsakalidis,Jake Tsakalidis,2001.0,22,22,3921,"BRef debut season, age >= 18, age <= 22, possessions >= 1000",16.61,15-20,1955,1966,3921,-4.73,-1.829,-2.901,-1.959,-0.262,-1.697,-3.698148327692961,-2.300014170593623,-1.3981629642855302,-6.608057273412938,-1.2321400644920346,-5.375874762470397,jake tsakalidis,3255.0,Jake Tsakalidis,C,21.0,1.0,57.0,947.0,16.614035087719298,9.6,-0.3,1.6,1.3,0.067,-4.7,0.8,-4.0,-0.5
2001,2037,Jamal Crawford,Jamal Crawford,2001.0,21,21,3939,"BRef debut season, age >= 18, age <= 22, possessions >= 1000",17.16,15-20,1969,1970,3939,-4.584,-0.212,-4.372,-1.813,1.355,-3.168,-3.0365263918038172,-0.8530819124007873,-2.1834856285053723,-5.946435337523795,0.2147921937008008,-6.161197426690238,jamal crawford,3258.0,Jamal Crawford,PG,20.0,1.0,61.0,1050.0,17.21311475409836,8.5,-1.3,0.4,-0.9,-0.043,-2.9,-1.5,-4.4,-0.6
2001,2038,Joel Przybilla,Joel Przybilla,2001.0,21,21,1029,"BRef debut season, age >= 18, age <= 22, possessions >= 1000",8.09,5-10,510,519,1029,-4.709,-0.497,-4.213,-2.151,0.064,-2.215,-3.1615263918038172,-1.1380819124007877,-2.0244856285053725,-6.071435337523795,-0.0702078062991992,-6.0021974266902385,joel przybilla,3263.0,Joel Przybilla,C,21.0,1.0,33.0,270.0,8.181818181818182,5.9,-0.2,0.3,0.1,0.018,-6.8,0.6,-6.3,-0.3
2001,2039,Keyon Dooling,Keyon Dooling,2001.0,21,21,4534,"BRef debut season, age >= 18, age <= 22, possessions >= 1000",16.32,15-20,2263,2271,4534,-0.989,-0.967,-0.022,1.782,0.6,1.182,0.5584736081961824,-1.6080819124007872,2.166514371494628,-2.351435337523795,-0.5402078062991992,-1.8111974266902384,keyon dooling,3265.0,Keyon Dooling,PG,20.0,1.0,76.0,1237.0,16.276315789473685,12.6,0.8,0.7,1.4,0.056,-1.5,-0.9,-2.5,-0.2
2001,2064,Khalid El-Amin,Khalid El-Amin,2001.0,22,22,3513,"BRef debut season, age >= 18, age <= 22, possessions >= 1000",18.71,15-20,1759,1754,3513,-4.032,-1.917,-2.115,-1.262,-0.35,-0.912,-3.00014832769296,-2.388014170593623,-0.6121629642855306,-5.910057273412938,-1.3201400644920347,-4.589874762470397,khalid elamin,3266.0,Khalid El-Amin,PG,21.0,1.0,50.0,936.0,18.72,12.2,0.2,0.4,0.6,0.03,-1.7,-0.7,-2.4,-0.1
2001,2033,Marcus Fizer,Marcus Fizer,2001.0,22,22,5959,"BRef debut season, age >= 18, age <= 22, possessions >= 1000",21.96,20-25,2984,2975,5959,-3.187,0.621,-3.808,-0.347,2.825,-3.172,-2.15514832769296,0.149985829406377,-2.3051629642855302,-5.065057273412938,1.2178599355079651,-6.282874762470397,marcus fizer,3271.0,Marcus Fizer,PF,22.0,1.0,72.0,1580.0,21.944444444444443,11.0,-1.3,0.6,-0.7,-0.022,-3.3,-2.8,-6.1,-1.6
2001,2034,Mike Miller,Mike Miller,2001.0,21,21,9735,"BRef debut season, age >= 18, age <= 22, possessions >= 1000",29.13,25-30,4877,4858,9735,0.703,-1.733,2.437,2.835,-0.07,2.905,2.2504736081961823,-2.3740819124007873,4.625514371494628,-0.6594353375237952,-1.3062078062991993,0.6478025733097612,mike miller,3276.0,Mike Miller,SF,20.0,1.0,82.0,2390.0,29.146341463414632,13.2,3.3,1.9,5.3,0.106,0.7,-0.9,-0.2,1.0
2001,2101,Paul McPherson,Paul McPherson,2001.0,22,22,2317,"BRef debut season, age >= 18, age <= 22, possessions >= 1000",10.79,10-15,1149,1168,2317,0.259,0.129,0.129,3.009,1.025,1.983,1.2908516723070398,-0.3420141705936229,1.6318370357144696,-1.6190572734129378,0.7258599355079652,-2.345874762470397,paul mcpherson,3281.0,Paul McPherson,PG,22.0,1.0,55.0,595.0,10.818181818181818,13.6,0.4,0.5,0.9,0.074,-1.6,-0.3,-1.9,0.0
2001,2047,Quentin Richardson,Quentin Richardson,2001.0,21,21,5052,"BRef debut season, age >= 18, age <= 22, possessions >= 1000",17.84,15-20,2522,2530,5052,-0.181,-0.038,-0.144,2.589,1.529,1.06,1.3664736081961824,-0.6790819124007874,2.044514371494627,-1.5434353375237952,0.3887921937008008,-1.9331974266902383,quentin richardson,3283.0,Quentin Richardson,SG,20.0,1.0,76.0,1358.0,17.86842105263158,16.5,2.1,1.0,3.0,0.106,2.0,-1.1,0.8,0.9
2001,2031,Stromile Swift,Stromile Swift,2001.0,21,21,4975,"BRef debut season, age >= 18, age <= 22, possessions >= 1000",16.42,15-20,2480,2495,4975,0.625,0.449,0.176,3.395,2.015,1.38,2.1724736081961824,-0.1920819124007873,2.3645143714946277,-0.7374353375237952,0.8757921937008009,-1.6131974266902387,stromile swift,3292.0,Stromile Swift,PF,21.0,1.0,80.0,1312.0,16.4,13.1,0.2,1.6,1.9,0.069,-2.9,0.9,-2.0,0.0
2002,2228,Alton Ford,Alton Ford,2002.0,21,21,1726,"BRef debut season, age >= 18, age <= 22, possessions >= 1000",8.48,5-10,864,862,1726,-2.774,1.005,-3.779,-0.894,1.377,-2.272,-1.2265263918038176,0.3639180875992125,-1.5904856285053723,-4.136435337523795,1.431792193700801,-5.568197426690238,alton ford,3296.0,Alton Ford,PF,20.0,1.0,53.0,452.0,8.528301886792454,10.0,0.3,0.5,0.8,0.083,-5.6,-0.8,-6.4,-0.5
2002,1905,Andrei Kirilenko,Andrei Kirilenko,2002.0,21,21,8675,"BRef debut season, age >= 18, age <= 22, possessions >= 1000",26.26,25-30,4343,4332,8675,3.348,-3.891,7.239,5.657,-2.48,8.136,4.895473608196182,-4.532081912400788,9.427514371494627,1.985564662476205,-3.464207806299199,5.4498025733097615,andrei kirilenko,3298.0,Andrei Kirilenko,SF,20.0,1.0,82.0,2151.0,26.23170731707317,18.8,4.0,3.3,7.3,0.164,1.8,1.9,3.7,3.1
2002,2238,Antonis Fotsis,Antonis Fotsis,2002.0,21,21,1232,"BRef debut season, age >= 18, age <= 22, possessions >= 1000",11.33,10-15,618,614,1232,-5.197,-0.816,-4.381,-2.252,-0.175,-2.077,-3.6495263918038177,-1.4570819124007874,-2.1924856285053727,-6.559435337523795,-0.3892078062991991,-6.170197426690239,antonis fotsis,3300.0,Antonis Fotsis,PF,20.0,1.0,28.0,320.0,11.428571428571429,11.3,-0.1,0.2,0.1,0.017,-2.0,-1.4,-3.4,-0.1
2002,2250,Bobby Simmons,Bobby Simmons,2002.0,22,22,1285,"BRef debut season, age >= 18, age <= 22, possessions >= 1000",11.32,10-15,636,649,1285,-2.838,-0.402,-2.436,0.107,0.239,-0.132,-1.80614832769296,-0.873014170593623,-0.9331629642855304,-4.716057273412938,0.1948599355079652,-4.910874762470397,bobby simmons,3301.0,Bobby Simmons,SF,21.0,1.0,30.0,343.0,11.433333333333334,13.2,0.4,0.2,0.7,0.092,0.3,-0.3,0.0,0.2
2002,2217,Brendan Haywood,Brendan Haywood,2002.0,22,22,4579,"BRef debut season, age >= 18, age <= 22, possessions >= 1000",20.43,20-25,2287,2292,4579,-3.569,-2.38,-1.189,-0.651,-0.779,0.128,-2.53714832769296,-2.851014170593623,0.3138370357144695,-5.447057273412938,-1.7831400644920348,-3.663874762470397,brendan haywood,3303.0,Brendan Haywood,C,22.0,1.0,62.0,1266.0,20.419354838709676,13.7,1.7,1.4,3.1,0.116,-1.7,0.5,-1.3,0.2
2002,2306,Carlos Arroyo,Carlos Arroyo,2002.0,22,22,1401,"BRef debut season, age >= 18, age <= 22, possessions >= 1000",10.0,5-10,691,710,1401,-2.822,-0.01,-2.811,-0.942,0.362,-1.304,-1.7901483276929602,-0.4810141705936229,-1.3081629642855304,-4.700057273412938,0.5868599355079652,-5.285874762470397,carlos arroyo,3305.0,Carlos Arroyo,PG,22.0,1.0,37.0,371.0,10.027027027027026,12.4,0.2,0.1,0.4,0.047,-1.8,-1.1,-2.9,-0.1
2002,2204,Eddie Griffin,Eddie Griffin,2002.0,20,20,6936,"BRef debut season, age >= 18, age <= 22, possessions >= 1000",25.97,25-30,3465,3471,6936,-2.316,-1.095,-1.22,-0.007,0.316,-0.323,-0.1434967381934528,-1.9345525271330928,1.792000433538244,-3.0534056839134305,-0.8666784210315046,-2.185711364646622,eddie griffin,3312.0,Eddie Griffin,PF,19.0,1.0,73.0,1896.0,25.972602739726028,13.8,1.0,1.4,2.4,0.061,-0.3,-0.6,-0.9,0.5
2002,2201,Eddy Curry,Eddy Curry,2002.0,19,19,4384,"BRef debut season, age >= 18, age <= 22, possessions >= 1000",15.98,15-20,2183,2201,4384,-3.095,0.128,-3.224,-0.349,1.308,-1.657,-0.1850910542800226,-0.9398741061015882,0.7537117981848662,-3.095,0.128,-3.224,eddy curry,3313.0,Eddy Curry,C,19.0,1.0,72.0,1150.0,15.972222222222221,14.4,1.0,0.8,1.8,0.075,-2.4,-1.9,-4.4,-0.7
2002,2222,Gerald Wallace,Gerald Wallace,2002.0,19,19,1842,"BRef debut season, age >= 18, age <= 22, possessions >= 1000",7.99,5-10,917,925,1842,-2.001,-0.376,-1.626,-0.122,-0.003,-0.118,0.9089089457199776,-1.443874106101588,2.3517117981848665,-2.001,-0.376,-1.626,gerald wallace,3316.0,Gerald Wallace,SF,19.0,1.0,54.0,430.0,7.962962962962963,13.3,0.1,0.6,0.6,0.071,-2.0,-0.4,-2.4,0.0
2002,2240,Gilbert Arenas,Gilbert Arenas,2002.0,20,20,4702,"BRef debut season, age >= 18, age <= 22, possessions >= 1000",24.51,20-25,2351,2351,4702,-1.665,-1.684,0.019,1.252,-0.083,1.336,0.5075032618065469,-2.5235525271330927,3.031000433538244,-2.4024056839134307,-1.4556784210315046,-0.9467113646466224,gilbert arenas,3317.0,Gilbert Arenas,PG,20.0,1.0,47.0,1155.0,24.574468085106382,17.0,2.1,0.7,2.7,0.114,1.0,0.0,1.0,0.9
2002,2202,Jason Richardson,Jason Richardson,2002.0,21,21,10471,"BRef debut season, age >= 18, age <= 22, possessions >= 1000",32.85,30-35,5240,5231,10471,2.935,0.328,2.606,4.778,1.79,2.988,4.482473608196182,-0.3130819124007873,4.7945143714946274,1.5725646624762049,0.7547921937008009,0.8168025733097612,jason richardson,3323.0,Jason Richardson,SG,21.0,1.0,80.0,2629.0,32.8625,13.8,2.0,0.9,2.9,0.052,0.1,-1.0,-0.9,0.7
2002,2207,Joe Johnson,Joe Johnson,2002.0,21,21,7281,"BRef debut season, age >= 18, age <= 22, possessions >= 1000",24.89,20-25,3639,3642,7281,-2.117,-1.934,-0.183,0.8,-0.333,1.134,-0.5695263918038176,-2.5750819124007873,2.0055143714946277,-3.479435337523795,-1.5072078062991991,-1.972197426690239,joe johnson,3327.0,Joe Johnson,SG,20.0,1.0,77.0,1916.0,24.883116883116884,11.8,1.1,1.9,3.0,0.075,-1.2,0.5,-0.7,0.6
2002,2261,Kenny Satterfield,Kenny Satterfield,2002.0,21,21,2117,"BRef debut season, age >= 18, age <= 22, possessions >= 1000",15.55,15-20,1059,1058,2117,-2.297,-0.728,-1.57,0.449,0.452,-0.003,-0.7495263918038177,-1.3690819124007874,0.6185143714946275,-3.6594353375237954,-0.3012078062991992,-3.3591974266902387,kenny satterfield,3330.0,Kenny Satterfield,PG,20.0,1.0,36.0,560.0,15.555555555555555,11.5,-0.5,0.3,-0.2,-0.014,-2.5,-1.1,-3.5,-0.2
2002,2198,Kwame Brown,Kwame Brown,2002.0,20,20,3093,"BRef debut season, age >= 18, age <= 22, possessions >= 1000",14.34,10-15,1539,1554,3093,-3.132,0.044,-3.176,-0.187,0.685,-0.872,-0.9594967381934532,-0.7955525271330928,-0.1639995664617561,-3.869405683913431,0.2723215789684953,-4.141711364646622,kwame brown,3332.0,Kwame Brown,PF,19.0,1.0,57.0,817.0,14.333333333333334,11.2,0.0,0.8,0.8,0.048,-3.1,-0.9,-4.0,-0.4
2002,2200,Pau Gasol,Pau Gasol*,2002.0,21,21,11471,"BRef debut season, age >= 18, age <= 22, possessions >= 1000",36.61,35-40,5733,5738,11471,3.812,-0.998,4.81,4.363,0.551,3.812,5.359473608196183,-1.6390819124007874,6.998514371494627,2.4495646624762046,-0.5712078062991992,3.020802573309761,pau gasol,3342.0,Pau Gasol,PF,21.0,1.0,82.0,3007.0,36.670731707317074,19.5,4.8,2.8,7.6,0.121,1.5,0.2,1.7,2.8
2002,2210,Richard Jefferson,Richard Jefferson,2002.0,22,22,8957,"BRef debut season, age >= 18, age <= 22, possessions >= 1000",24.3,20-25,4470,4487,8957,-1.201,-2.437,1.236,1.716,-0.836,2.552,-0.1691483276929601,-2.908014170593623,2.73883703571447,-3.079057273412938,-1.8401400644920347,-1.2388747624703969,richard jefferson,3346.0,Richard Jefferson,SF,21.0,1.0,79.0,1917.0,24.265822784810126,13.4,1.8,2.9,4.7,0.117,-1.3,0.9,-0.4,0.8
2002,2212,Steven Hunter,Steven Hunter,2002.0,20,20,2049,"BRef debut season, age >= 18, age <= 22, possessions >= 1000",9.7,5-10,1016,1033,2049,-3.419,0.326,-3.745,-1.539,0.698,-2.237,-1.246496738193453,-0.5135525271330927,-0.7329995664617561,-4.156405683913431,0.5543215789684953,-4.710711364646622,steven hunter,3352.0,Steven Hunter,C,20.0,1.0,53.0,516.0,9.735849056603774,12.9,0.5,0.5,1.0,0.094,-3.7,-0.4,-4.0,-0.3
2002,2225,Tony Parker,Tony Parker*,2002.0,20,20,9818,"BRef debut season, age >= 18, age <= 22, possessions >= 1000",29.5,25-30,4901,4917,9818,-0.569,-1.79,1.221,1.74,-0.379,2.118,1.603503261806547,-2.629552527133093,4.233000433538244,-1.3064056839134308,-1.561678421031505,0.2552886353533777,tony parker,3356.0,Tony Parker,PG,19.0,1.0,77.0,2267.0,29.441558441558442,11.7,0.8,2.9,3.8,0.08,-1.7,0.6,-1.1,0.6
2002,2211,Troy Murphy,Troy Murphy,2002.0,22,22,5687,"BRef debut season, age >= 18, age <= 22, possessions >= 1000",17.69,15-20,2843,2844,5687,-1.249,0.97,-2.219,1.498,2.15,-0.652,-0.2171483276929602,0.498985829406377,-0.7161629642855303,-3.127057273412938,1.566859935507965,-4.693874762470397,troy murphy,3359.0,Troy Murphy,PF,21.0,1.0,82.0,1448.0,17.658536585365855,10.3,0.7,0.7,1.4,0.046,-3.3,-1.0,-4.3,-0.8
2002,2199,Tyson Chandler,Tyson Chandler,2002.0,19,19,5324,"BRef debut season, age >= 18, age <= 22, possessions >= 1000",19.62,15-20,2651,2673,5324,-0.969,-0.152,-0.816,1.778,1.027,0.751,1.9409089457199775,-1.219874106101588,3.1617117981848666,-0.969,-0.152,-0.816,tyson chandler,3360.0,Tyson Chandler,C,19.0,1.0,71.0,1389.0,19.56338028169014,13.0,0.4,1.4,1.8,0.062,-3.3,-0.2,-3.5,-0.5
2002,2209,Vladimir Radmanovic,Vladimir Radmanovic,2002.0,21,21,5052,"BRef debut season, age >= 18, age <= 22, possessions >= 1000",20.25,20-25,2524,2528,5052,-2.263,-2.323,0.06,0.654,-0.722,1.376,-0.7155263918038175,-2.964081912400787,2.2485143714946276,-3.625435337523795,-1.8962078062991992,-1.7291974266902386,vladimir radmanovic,3361.0,Vladimir Radmanović,PF,21.0,1.0,61.0,1230.0,20.16393442622951,12.7,0.6,1.5,2.1,0.084,-0.2,0.8,0.6,0.8
2003,2405,Amar'e Stoudemire,Amar'e Stoudemire,2003.0,20,20,10536,"BRef debut season, age >= 18, age <= 22, possessions >= 1000",31.34,30-35,5286,5250,10536,-0.856,-0.013,-0.844,0.037,1.609,-1.573,1.316503261806547,-0.8525525271330928,2.168000433538244,-1.593405683913431,0.2153215789684953,-1.8097113646466223,amare stoudemire,3366.0,Amar'e Stoudemire,PF,20.0,1.0,82.0,2570.0,31.341463414634145,16.2,2.6,3.6,6.2,0.116,-0.9,-0.4,-1.4,0.4
2003,2430,Carlos Boozer,Carlos Boozer,2003.0,21,21,8121,"BRef debut season, age >= 18, age <= 22, possessions >= 1000",25.28,25-30,4052,4069,8121,-0.941,1.824,-2.765,0.996,3.679,-2.683,0.6064736081961825,1.182918087599213,-0.5764856285053725,-2.303435337523795,2.250792193700801,-4.554197426690239,carlos boozer,3369.0,Carlos Boozer,PF,21.0,1.0,81.0,2049.0,25.296296296296298,17.9,4.2,1.8,5.9,0.139,0.6,-0.6,0.0,1.0
2003,2418,Casey Jacobsen,Casey Jacobsen,2003.0,22,22,4562,"BRef debut season, age >= 18, age <= 22, possessions >= 1000",15.91,15-20,2281,2281,4562,-0.374,-2.586,2.212,2.483,-1.064,3.547,0.6578516723070399,-3.057014170593623,3.7148370357144698,-2.252057273412938,-1.9891400644920347,-0.2628747624703966,casey jacobsen,3371.0,Casey Jacobsen,SF,21.0,1.0,72.0,1147.0,15.930555555555555,9.2,0.5,0.7,1.2,0.051,-1.9,-0.3,-2.3,-0.1
2003,2404,Chris Wilcox,Chris Wilcox,2003.0,20,20,1851,"BRef debut season, age >= 18, age <= 22, possessions >= 1000",10.43,10-15,920,931,1851,-3.233,-1.554,-1.679,-0.236,-0.401,0.165,-1.0604967381934531,-2.393552527133093,1.333000433538244,-3.970405683913431,-1.325678421031505,-2.6447113646466223,chris wilcox,3375.0,Chris Wilcox,PF,20.0,1.0,46.0,479.0,10.41304347826087,12.5,0.3,0.3,0.6,0.062,-2.0,-1.1,-3.2,-0.1
2003,2402,Dajuan Wagner,Dajuan Wagner,2003.0,20,20,5433,"BRef debut season, age >= 18, age <= 22, possessions >= 1000",29.47,25-30,2717,2716,5433,-1.289,0.047,-1.335,0.649,1.902,-1.253,0.883503261806547,-0.7925525271330928,1.677000433538244,-2.026405683913431,0.2753215789684953,-2.3007113646466224,dajuan wagner,3376.0,Dajuan Wagner,SG,19.0,1.0,47.0,1385.0,29.46808510638298,10.9,0.2,0.1,0.3,0.011,-1.9,-2.8,-4.7,-0.9
2003,2400,Drew Gooden,Drew Gooden,2003.0,21,21,8045,"BRef debut season, age >= 18, age <= 22, possessions >= 1000",26.79,25-30,4020,4025,8045,0.825,-0.165,0.99,2.763,1.69,1.072,2.3724736081961826,-0.8060819124007874,3.178514371494628,-0.5374353375237952,0.2617921937008007,-0.7991974266902386,drew gooden,3380.0,Drew Gooden,SF-PF,21.0,1.0,70.0,1873.0,26.757142857142856,15.0,0.4,1.3,1.7,0.043,-1.1,-1.9,-3.0,-0.4
2003,2452,J.R. Bremer,J.R. Bremer,2003.0,22,22,6179,"BRef debut season, age >= 18, age <= 22, possessions >= 1000",23.45,20-25,3090,3089,6179,-1.951,-0.66,-1.292,1.181,1.268,-0.087,-0.9191483276929602,-1.131014170593623,0.2108370357144695,-3.829057273412938,-0.0631400644920348,-3.7668747624703967,jr bremer,3387.0,J.R. Bremer,PG,22.0,1.0,64.0,1503.0,23.484375,12.7,1.8,1.2,3.0,0.096,0.0,-0.5,-0.5,0.6
2003,2407,Jared Jeffries,Jared Jeffries,2003.0,21,21,1080,"BRef debut season, age >= 18, age <= 22, possessions >= 1000",14.52,10-15,538,542,1080,-4.678,-2.661,-2.017,-1.681,-1.509,-0.173,-3.1305263918038175,-3.302081912400787,0.1715143714946276,-6.040435337523795,-2.2342078062991995,-3.8061974266902383,jared jeffries,3390.0,Jared Jeffries,SF,21.0,1.0,20.0,292.0,14.6,11.1,0.1,0.2,0.3,0.049,-1.7,-0.6,-2.3,0.0
2003,2398,Jay Williams,Jay Williams,2003.0,21,21,7770,"BRef debut season, age >= 18, age <= 22, possessions >= 1000",26.15,25-30,3885,3885,7770,-1.837,0.301,-2.138,0.1,2.156,-2.056,-0.2895263918038175,-0.3400819124007874,0.0505143714946276,-3.199435337523795,0.7277921937008007,-3.9271974266902383,jay williams,3391.0,Jay Williams,PG,21.0,1.0,75.0,1961.0,26.14666666666667,12.2,-0.5,1.3,0.8,0.02,-1.3,-0.8,-2.0,0.0
2003,2454,Junior Harrington,Junior Harrington,2003.0,22,22,7514,"BRef debut season, age >= 18, age <= 22, possessions >= 1000",24.39,20-25,3760,3754,7514,-4.522,-3.326,-1.196,-1.39,-1.398,0.009,-3.4901483276929604,-3.797014170593623,0.3068370357144696,-6.400057273412938,-2.729140064492035,-3.670874762470397,junior harrington,3396.0,Junior Harrington,PG,22.0,1.0,82.0,2003.0,24.426829268292682,6.4,-2.8,2.4,-0.4,-0.009,-6.0,0.9,-5.1,-1.6
2003,2416,Kareem Rush,Kareem Rush,2003.0,22,22,3625,"BRef debut season, age >= 18, age <= 22, possessions >= 1000",11.51,10-15,1806,1819,3625,-1.582,0.919,-2.502,1.415,2.072,-0.657,-0.5501483276929602,0.4479858294063771,-0.9991629642855302,-3.4600572734129376,1.5158599355079652,-4.976874762470397,kareem rush,3397.0,Kareem Rush,PG,22.0,1.0,76.0,872.0,11.473684210526315,5.8,-0.9,0.3,-0.6,-0.033,-3.7,-2.3,-6.0,-0.9
2003,2409,Marcus Haislip,Marcus Haislip,2003.0,22,22,1792,"BRef debut season, age >= 18, age <= 22, possessions >= 1000",11.32,10-15,897,895,1792,-5.651,-0.893,-4.757,-2.653,0.259,-2.912,-4.61914832769296,-1.3640141705936228,-3.25416296428553,-7.5290572734129375,-0.2961400644920348,-7.2318747624703965,marcus haislip,3402.0,Marcus Haislip,PF,22.0,1.0,39.0,441.0,11.307692307692308,9.6,-0.1,0.1,0.0,-0.003,-3.6,-2.3,-5.9,-0.4
2003,2403,Nene,Nene,2003.0,20,20,8452,"BRef debut season, age >= 18, age <= 22, possessions >= 1000",28.23,25-30,4221,4231,8452,2.205,-1.19,3.395,4.142,0.665,3.477,4.377503261806547,-2.0295525271330925,6.4070004335382436,1.4675943160865692,-0.9616784210315046,2.4292886353533776,nene,3410.0,Nenê,C,20.0,1.0,80.0,2258.0,28.225,15.4,1.3,3.8,5.0,0.107,-1.1,1.9,0.8,1.6
2003,2401,Nikoloz Tskitishvili,Nikoloz Tskitishvili,2003.0,20,20,5112,"BRef debut season, age >= 18, age <= 22, possessions >= 1000",16.3,15-20,2569,2543,5112,-2.284,-0.324,-1.96,0.573,1.198,-0.625,-0.1114967381934528,-1.1635525271330929,1.052000433538244,-3.0214056839134305,-0.0956784210315046,-2.9257113646466224,nikoloz tskitishvili,3411.0,Nikoloz Tskitishvili,SF,19.0,1.0,81.0,1320.0,16.296296296296298,4.9,-2.3,1.3,-1.0,-0.035,-4.9,-0.7,-5.5,-1.2
2003,2417,Qyntel Woods,Qyntel Woods,2003.0,22,22,1356,"BRef debut season, age >= 18, age <= 22, possessions >= 1000",6.32,5-10,671,685,1356,-3.605,0.565,-4.169,-0.833,1.314,-2.147,-2.57314832769296,0.093985829406377,-2.66616296428553,-5.483057273412937,1.161859935507965,-6.643874762470396,qyntel woods,3415.0,Qyntel Woods,PF,21.0,1.0,53.0,334.0,6.30188679245283,11.2,-0.1,0.4,0.2,0.034,-3.4,-0.7,-4.1,-0.2
2003,2470,Smush Parker,Smush Parker,2003.0,22,22,4345,"BRef debut season, age >= 18, age <= 22, possessions >= 1000",16.69,15-20,2163,2182,4345,-1.589,0.201,-1.789,1.268,1.723,-0.454,-0.5571483276929601,-0.2700141705936229,-0.2861629642855303,-3.4670572734129377,0.7978599355079652,-4.2638747624703965,smush parker,3423.0,Smush Parker,PG,21.0,1.0,66.0,1103.0,16.71212121212121,11.3,-0.4,0.5,0.1,0.005,-2.2,-1.2,-3.4,-0.4
2003,2428,Vincent Yarbrough,Vincent Yarbrough,2003.0,22,22,5268,"BRef debut season, age >= 18, age <= 22, possessions >= 1000",23.38,20-25,2630,2638,5268,-0.929,-1.408,0.479,2.204,0.52,1.684,0.1028516723070398,-1.879014170593623,1.9818370357144697,-2.807057273412938,-0.8111400644920347,-1.9958747624703967,vincent yarbrough,3427.0,Vincent Yarbrough,SG,21.0,1.0,59.0,1381.0,23.406779661016948,9.5,-0.7,1.7,1.0,0.035,-3.3,0.9,-2.4,-0.1
2003,2397,Yao Ming,Yao Ming*,2003.0,22,22,8805,"BRef debut season, age >= 18, age <= 22, possessions >= 1000",29.05,25-30,4410,4395,8805,1.145,-1.695,2.84,3.082,0.159,2.923,2.17685167230704,-2.166014170593623,4.342837035714469,-0.7330572734129377,-1.0981400644920347,0.365125237529603,yao ming,3428.0,Yao Ming,C,22.0,1.0,82.0,2382.0,29.048780487804876,20.6,5.2,3.5,8.7,0.176,1.3,0.9,2.2,2.5
2004,2564,Boris Diaw,Boris Diaw,2004.0,22,22,7294,"BRef debut season, age >= 18, age <= 22, possessions >= 1000",25.2,25-30,3640,3654,7294,-2.46,-1.217,-1.243,-0.182,0.793,-0.975,-1.42814832769296,-1.6880141705936231,0.2598370357144695,-4.338057273412938,-0.6201400644920348,-3.717874762470397,boris diaw,3431.0,Boris Diaw,SG,21.0,1.0,76.0,1919.0,25.25,8.8,-0.3,1.1,0.8,0.021,-2.4,0.1,-2.3,-0.2
2004,2546,Carmelo Anthony,Carmelo Anthony,2004.0,20,20,12126,"BRef debut season, age >= 18, age <= 22, possessions >= 1000",36.48,35-40,6061,6065,12126,3.941,0.475,3.465,4.163,2.796,1.366,6.113503261806547,-0.3645525271330928,6.477000433538244,3.203594316086569,0.7033215789684953,2.4992886353533774,carmelo anthony,3435.0,Carmelo Anthony,SF,19.0,1.0,82.0,2995.0,36.52439024390244,17.6,3.7,2.4,6.1,0.098,1.6,-1.6,0.1,1.6
2004,2547,Chris Bosh,Chris Bosh*,2004.0,20,20,9092,"BRef debut season, age >= 18, age <= 22, possessions >= 1000",33.55,30-35,4554,4538,9092,-1.626,-0.403,-1.223,0.185,1.372,-1.187,0.5465032618065471,-1.2425525271330928,1.789000433538244,-2.363405683913431,-0.1746784210315047,-2.1887113646466223,chris bosh,3436.0,Chris Bosh,C,19.0,1.0,75.0,2510.0,33.46666666666667,15.1,2.5,3.8,6.2,0.119,-1.2,0.5,-0.8,0.8
2004,2549,Chris Kaman,Chris Kaman,2004.0,22,22,6931,"BRef debut season, age >= 18, age <= 22, possessions >= 1000",22.56,20-25,3471,3460,6931,-1.212,0.534,-1.746,0.98,1.975,-0.995,-0.18014832769296,0.062985829406377,-0.2431629642855304,-3.0900572734129375,1.1308599355079654,-4.220874762470396,chris kaman,3437.0,Chris Kaman,C,21.0,1.0,82.0,1843.0,22.475609756097562,9.6,-0.9,0.9,0.0,0.001,-3.4,-0.8,-4.2,-1.0
2004,2548,Dwyane Wade,Dwyane Wade*,2004.0,22,22,9791,"BRef debut season, age >= 18, age <= 22, possessions >= 1000",35.01,35-40,4900,4891,9791,3.418,-1.632,5.05,3.64,0.689,2.951,4.44985167230704,-2.1030141705936227,6.55283703571447,1.5399427265870624,-1.0351400644920346,2.575125237529603,dwyane wade,3445.0,Dwyane Wade,PG,22.0,1.0,61.0,2126.0,34.85245901639344,17.6,2.2,2.3,4.6,0.103,1.4,0.1,1.4,1.9
2004,2553,Jarvis Hayes,Jarvis Hayes,2004.0,22,22,7870,"BRef debut season, age >= 18, age <= 22, possessions >= 1000",29.2,25-30,3926,3944,7870,-1.606,-0.363,-1.242,0.672,1.646,-0.974,-0.5741483276929602,-0.8340141705936229,0.2608370357144696,-3.4840572734129376,0.2338599355079652,-3.716874762470397,jarvis hayes,3450.0,Jarvis Hayes,SF,22.0,1.0,70.0,2044.0,29.2,9.4,-0.6,1.1,0.5,0.012,-3.0,-1.0,-4.0,-1.1
2004,2544,LeBron James,LeBron James,2004.0,19,19,11925,"BRef debut season, age >= 18, age <= 22, possessions >= 1000",39.58,35-40,5966,5959,11925,4.754,-1.014,5.767,4.976,1.308,3.668,7.663908945719977,-2.081874106101588,9.744711798184866,4.754,-1.014,5.767,lebron james,3463.0,LeBron James,SG,19.0,1.0,79.0,3122.0,39.51898734177215,18.3,2.4,2.6,5.1,0.078,2.3,-0.6,1.7,2.9
2004,2571,Leandro Barbosa,Leandro Barbosa,2004.0,21,21,5905,"BRef debut season, age >= 18, age <= 22, possessions >= 1000",21.44,20-25,2948,2957,5905,0.021,-0.735,0.756,2.213,0.707,1.507,1.5684736081961823,-1.3760819124007877,2.944514371494628,-1.3414353375237953,-0.3082078062991992,-1.0331974266902386,leandro barbosa,3462.0,Leandro Barbosa,PG,21.0,1.0,70.0,1500.0,21.428571428571427,12.7,0.9,1.0,1.9,0.061,-1.3,0.5,-0.8,0.5
2004,2556,Marcus Banks,Marcus Banks,2004.0,22,22,5601,"BRef debut season, age >= 18, age <= 22, possessions >= 1000",17.01,15-20,2801,2800,5601,-3.02,-0.586,-2.434,0.149,1.157,-1.008,-1.98814832769296,-1.057014170593623,-0.9311629642855306,-4.898057273412938,0.0108599355079652,-4.908874762470397,marcus banks,3468.0,Marcus Banks,PG,22.0,1.0,81.0,1385.0,17.098765432098766,11.0,-0.6,1.4,0.7,0.026,-3.4,0.4,-3.0,-0.4
2004,2554,Mickael Pietrus,Mickael Pietrus,2004.0,22,22,2871,"BRef debut season, age >= 18, age <= 22, possessions >= 1000",14.2,10-15,1427,1444,2871,-0.509,-3.156,2.647,2.141,-2.068,4.209,0.5228516723070399,-3.627014170593623,4.149837035714469,-2.3870572734129376,-2.559140064492035,0.1721252375296029,mickael pietrus,3473.0,Mickaël Piétrus,PG,21.0,1.0,53.0,748.0,14.11320754716981,12.9,0.8,0.7,1.5,0.095,-1.0,0.4,-0.6,0.3
2004,2590,Mo Williams,Mo Williams,2004.0,21,21,2743,"BRef debut season, age >= 18, age <= 22, possessions >= 1000",13.56,10-15,1382,1361,2743,-3.611,-0.847,-2.764,-0.96,0.241,-1.202,-2.063526391803818,-1.4880819124007874,-0.5754856285053722,-4.973435337523796,-0.4202078062991992,-4.553197426690239,mo williams,3475.0,Mo Williams,SG,21.0,1.0,57.0,772.0,13.543859649122806,9.4,-0.3,0.5,0.2,0.011,-3.1,-0.9,-4.1,-0.4
2004,2562,Sasha Pavlovic,Sasha Pavlovic,2004.0,20,20,4088,"BRef debut season, age >= 18, age <= 22, possessions >= 1000",14.39,10-15,2039,2049,4088,-0.28,-0.787,0.507,2.371,0.302,2.069,1.892503261806547,-1.626552527133093,3.519000433538244,-1.017405683913431,-0.5586784210315047,-0.4587113646466223,sasha pavlovic,3482.0,Sasha Pavlović,SF,20.0,1.0,79.0,1144.0,14.481012658227849,8.7,-0.1,1.1,0.9,0.04,-3.9,-0.1,-4.0,-0.6
2004,2551,T.J. Ford,T.J. Ford,2004.0,21,21,5664,"BRef debut season, age >= 18, age <= 22, possessions >= 1000",26.98,25-30,2836,2828,5664,-1.974,-2.867,0.893,0.304,-0.857,1.161,-0.4265263918038176,-3.5080819124007876,3.0815143714946274,-3.3364353375237954,-2.440207806299199,-0.8961974266902386,tj ford,3485.0,T.J. Ford,PG,20.0,1.0,55.0,1472.0,26.763636363636362,12.1,-0.2,0.9,0.7,0.022,-1.7,-0.6,-2.4,-0.1
2004,2584,Willie Green,Willie Green,2004.0,22,22,2853,"BRef debut season, age >= 18, age <= 22, possessions >= 1000",14.48,10-15,1425,1428,2853,-2.147,0.105,-2.252,0.504,1.193,-0.69,-1.11514832769296,-0.3660141705936229,-0.7491629642855302,-4.025057273412937,0.7018599355079652,-4.726874762470397,willie green,3492.0,Willie Green,SG,22.0,1.0,53.0,767.0,14.471698113207546,10.8,-0.7,0.6,0.0,-0.003,-2.6,-1.2,-3.8,-0.3
2004,2585,Zaza Pachulia,Zaza Pachulia,2004.0,20,20,2482,"BRef debut season, age >= 18, age <= 22, possessions >= 1000",11.17,10-15,1240,1242,2482,-3.343,-1.303,-2.04,-0.693,-0.214,-0.478,-1.170496738193453,-2.142552527133093,0.972000433538244,-4.080405683913431,-1.0746784210315046,-3.0057113646466225,zaza pachulia,3494.0,Zaza Pachulia,C,19.0,1.0,59.0,664.0,11.254237288135593,10.8,0.1,0.2,0.3,0.023,-3.3,-2.5,-5.8,-0.6
2004,2565,Zoran Planinic,Zoran Planinic,2004.0,21,21,1775,"BRef debut season, age >= 18, age <= 22, possessions >= 1000",9.53,5-10,890,885,1775,-3.367,0.404,-3.771,-0.872,1.137,-2.009,-1.8195263918038176,-0.2370819124007873,-1.5824856285053723,-4.729435337523795,0.8307921937008008,-5.560197426690238,zoran planinic,3495.0,Zoran Planinić,SG,21.0,1.0,49.0,473.0,9.653061224489797,10.0,0.1,0.6,0.7,0.068,-3.3,-0.1,-3.4,-0.2
2005,2744,Al Jefferson,Al Jefferson,2005.0,20,20,4542,"BRef debut season, age >= 18, age <= 22, possessions >= 1000",14.71,10-15,2273,2269,4542,-0.327,-0.515,0.188,2.368,0.562,1.806,1.845503261806547,-1.3545525271330927,3.200000433538244,-1.0644056839134308,-0.2866784210315046,-0.7777113646466223,al jefferson,3496.0,Al Jefferson,PF,20.0,1.0,71.0,1051.0,14.80281690140845,16.6,1.3,1.4,2.7,0.123,-1.7,-0.6,-2.3,-0.1
2005,2760,Anderson Varejao,Anderson Varejao,2005.0,22,22,3211,"BRef debut season, age >= 18, age <= 22, possessions >= 1000",16.09,15-20,1607,1604,3211,-0.622,-2.715,2.093,2.354,-1.117,3.471,0.4098516723070399,-3.186014170593623,3.5958370357144696,-2.5000572734129376,-2.1181400644920347,-0.3818747624703968,anderson varejao,3497.0,Anderson Varejão,PF,22.0,1.0,54.0,863.0,15.981481481481481,17.0,1.5,1.4,3.0,0.164,-0.4,0.6,0.2,0.5
2005,2738,Andre Iguodala,Andre Iguodala,2005.0,21,21,11337,"BRef debut season, age >= 18, age <= 22, possessions >= 1000",32.69,30-35,5658,5679,11337,1.815,-3.188,5.003,3.119,-1.174,4.292,3.3624736081961824,-3.8290819124007873,7.191514371494628,0.4525646624762047,-2.7612078062991996,3.2138025733097617,andre iguodala,3500.0,Andre Iguodala,SG,21.0,1.0,82.0,2686.0,32.75609756097561,13.5,2.7,4.0,6.6,0.118,-0.7,2.1,1.4,2.3
2005,2740,Andris Biedrins,Andris Biedrins,2005.0,19,19,1488,"BRef debut season, age >= 18, age <= 22, possessions >= 1000",12.74,10-15,738,750,1488,-1.803,-1.501,-0.302,0.892,-0.425,1.317,1.1069089457199777,-2.568874106101588,3.6757117981848664,-1.803,-1.501,-0.302,andris biedrins,3502.0,Andris Biedriņš,C,18.0,1.0,30.0,384.0,12.8,14.8,0.7,0.6,1.2,0.154,-3.2,1.5,-1.7,0.0
2005,2732,Ben Gordon,Ben Gordon,2005.0,22,22,8392,"BRef debut season, age >= 18, age <= 22, possessions >= 1000",24.55,20-25,4201,4191,8392,1.197,-2.841,4.039,3.946,-1.144,5.09,2.22885167230704,-3.3120141705936232,5.541837035714469,-0.6810572734129376,-2.244140064492035,1.5641252375296029,ben gordon,3505.0,Ben Gordon,SG,21.0,1.0,82.0,2002.0,24.414634146341463,14.9,0.8,2.7,3.5,0.084,1.0,-0.3,0.7,1.4
2005,2757,Beno Udrih,Beno Udrih,2005.0,22,22,5109,"BRef debut season, age >= 18, age <= 22, possessions >= 1000",14.44,10-15,2540,2569,5109,0.649,-1.412,2.061,3.344,-0.335,3.679,1.68085167230704,-1.883014170593623,3.5638370357144695,-1.2290572734129377,-0.8151400644920347,-0.4138747624703969,beno udrih,3506.0,Beno Udrih,PG,22.0,1.0,80.0,1149.0,14.3625,14.3,1.3,1.8,3.1,0.128,0.1,0.8,0.9,0.9
2005,2568,Carlos Delfino,Carlos Delfino,2005.0,22,22,1711,"BRef debut season, age >= 18, age <= 22, possessions >= 1000",15.41,15-20,852,859,1711,-3.285,-1.384,-1.902,-0.309,0.214,-0.523,-2.2531483276929603,-1.855014170593623,-0.3991629642855303,-5.163057273412938,-0.7871400644920347,-4.376874762470397,carlos delfino,3510.0,Carlos Delfino,SG,22.0,1.0,30.0,459.0,15.3,8.6,-0.3,0.8,0.5,0.048,-4.3,1.8,-2.6,-0.1
2005,2768,Chris Duhon,Chris Duhon,2005.0,22,22,8933,"BRef debut season, age >= 18, age <= 22, possessions >= 1000",26.48,25-30,4460,4473,8933,1.803,-2.654,4.457,4.185,-0.575,4.761,2.83485167230704,-3.125014170593623,5.95983703571447,-0.0750572734129377,-2.057140064492035,1.982125237529603,chris duhon,3511.0,Chris Duhon,PG,22.0,1.0,82.0,2177.0,26.548780487804876,9.8,0.8,3.3,4.1,0.09,-2.2,1.6,-0.7,0.7
2005,2758,David Harrison,David Harrison,2005.0,22,22,2710,"BRef debut season, age >= 18, age <= 22, possessions >= 1000",17.67,15-20,1360,1350,2710,-1.721,-1.56,-0.161,1.255,0.037,1.218,-0.6891483276929602,-2.031014170593623,1.3418370357144696,-3.599057273412938,-0.9631400644920348,-2.635874762470397,david harrison,3515.0,David Harrison,C,22.0,1.0,43.0,760.0,17.674418604651162,12.9,0.3,1.1,1.4,0.09,-4.0,1.2,-2.8,-0.2
2005,2753,Delonte West,Delonte West,2005.0,21,21,2351,"BRef debut season, age >= 18, age <= 22, possessions >= 1000",12.94,10-15,1175,1176,2351,-4.148,-1.782,-2.366,-1.453,-0.706,-0.748,-2.6005263918038173,-2.4230819124007876,-0.1774856285053725,-5.510435337523795,-1.3552078062991992,-4.155197426690239,delonte west,3516.0,Delonte West,SG,21.0,1.0,39.0,507.0,13.0,12.3,0.5,0.5,0.9,0.09,-0.7,0.5,-0.2,0.2
2005,2734,Devin Harris,Devin Harris,2005.0,22,22,4996,"BRef debut season, age >= 18, age <= 22, possessions >= 1000",15.48,15-20,2499,2497,4996,-1.927,-1.403,-0.523,1.049,0.194,0.855,-0.8951483276929602,-1.874014170593623,0.9798370357144696,-3.8050572734129378,-0.8061400644920348,-2.997874762470397,devin harris,3517.0,Devin Harris,PG,21.0,1.0,76.0,1173.0,15.43421052631579,14.7,1.1,1.6,2.7,0.111,-0.1,2.0,1.9,1.2
2005,2764,Donta Smith,Donta Smith,2005.0,21,21,1726,"BRef debut season, age >= 18, age <= 22, possessions >= 1000",11.41,10-15,858,868,1726,-2.907,-0.021,-2.886,-0.212,1.056,-1.268,-1.3595263918038176,-0.6620819124007874,-0.6974856285053725,-4.269435337523795,0.4057921937008008,-4.6751974266902385,donta smith,3518.0,Donta Smith,SG,21.0,1.0,38.0,433.0,11.394736842105264,10.6,0.0,0.2,0.2,0.026,-3.3,-0.3,-3.5,-0.2
2005,2730,Dwight Howard,Dwight Howard,2005.0,19,19,10627,"BRef debut season, age >= 18, age <= 22, possessions >= 1000",32.66,30-35,5304,5323,10627,0.356,0.53,-0.175,1.659,2.545,-0.885,3.2659089457199775,-0.5378741061015881,3.8027117981848666,0.356,0.53,-0.175,dwight howard,3520.0,Dwight Howard,PF,19.0,1.0,82.0,2670.0,32.5609756097561,17.2,3.8,3.5,7.3,0.131,0.1,-0.1,0.0,1.4
2005,2731,Emeka Okafor,Emeka Okafor,2005.0,22,22,9922,"BRef debut season, age >= 18, age <= 22, possessions >= 1000",35.61,35-40,4963,4959,9922,2.324,0.659,1.665,3.04,2.301,0.74,3.3558516723070397,0.1879858294063771,3.1678370357144696,0.4459427265870621,1.2558599355079654,-0.8098747624703968,emeka okafor,3521.0,Emeka Okafor,PF,22.0,1.0,73.0,2600.0,35.61643835616438,16.3,0.9,3.1,4.0,0.074,-0.7,-1.3,-2.0,0.0
2005,2747,JR Smith,J.R. Smith,2005.0,19,19,6741,"BRef debut season, age >= 18, age <= 22, possessions >= 1000",24.52,20-25,3367,3374,6741,-1.201,1.584,-2.785,1.548,3.282,-1.734,1.7089089457199775,0.5161258938984119,1.1927117981848665,-1.201,1.584,-2.785,jr smith,3527.0,J.R. Smith,SG,19.0,1.0,76.0,1859.0,24.460526315789473,10.9,-0.7,0.9,0.2,0.006,-1.5,-1.4,-2.9,-0.4
2005,2735,Josh Childress,Josh Childress,2005.0,22,22,9134,"BRef debut season, age >= 18, age <= 22, possessions >= 1000",29.65,25-30,4575,4559,9134,2.217,2.166,0.052,4.6,4.244,0.356,3.24885167230704,1.6949858294063769,1.5548370357144696,0.3389427265870623,2.762859935507965,-2.422874762470397,josh childress,3534.0,Josh Childress,SG,21.0,1.0,80.0,2376.0,29.7,15.2,3.7,0.9,4.6,0.093,0.4,-1.0,-0.6,0.8
2005,2746,Josh Smith,Josh Smith,2005.0,19,19,7863,"BRef debut season, age >= 18, age <= 22, possessions >= 1000",27.7,25-30,3924,3939,7863,-0.165,-0.925,0.76,2.217,1.154,1.064,2.7449089457199776,-1.992874106101588,4.737711798184867,-0.165,-0.925,0.76,josh smith,3535.0,Josh Smith,SF,19.0,1.0,74.0,2050.0,27.7027027027027,15.4,0.6,1.8,2.4,0.055,-0.9,0.4,-0.5,0.8
2005,2755,Kevin Martin,Kevin Martin,2005.0,22,22,1771,"BRef debut season, age >= 18, age <= 22, possessions >= 1000",10.18,10-15,883,888,1771,-2.081,-1.074,-1.007,0.614,0.003,0.611,-1.04914832769296,-1.545014170593623,0.4958370357144697,-3.9590572734129377,-0.4771400644920348,-3.4818747624703965,kevin martin,3537.0,Kevin Martin,PG,21.0,1.0,45.0,455.0,10.11111111111111,8.7,-0.1,0.2,0.1,0.016,-3.1,-1.1,-4.2,-0.2
2005,2745,Kirk Snyder,Kirk Snyder,2005.0,22,22,3289,"BRef debut season, age >= 18, age <= 22, possessions >= 1000",13.24,10-15,1651,1638,3289,-1.287,1.445,-2.732,1.408,2.522,-1.113,-0.25514832769296,0.9739858294063772,-1.2291629642855306,-3.1650572734129376,2.0418599355079654,-5.206874762470397,kirk snyder,3538.0,Kirk Snyder,SG,21.0,1.0,68.0,906.0,13.323529411764707,8.6,-0.7,0.4,-0.2,-0.012,-2.6,-1.8,-4.4,-0.5
2005,2743,Kris Humphries,Kris Humphries,2005.0,20,20,3206,"BRef debut season, age >= 18, age <= 22, possessions >= 1000",12.97,10-15,1606,1600,3206,-5.379,-0.66,-4.719,-2.684,0.416,-3.101,-3.2064967381934526,-1.4995525271330927,-1.7069995664617563,-6.11640568391343,-0.4316784210315046,-5.684711364646622,kris humphries,3539.0,Kris Humphries,PF,19.0,1.0,67.0,873.0,13.029850746268657,9.5,-1.0,0.7,-0.3,-0.019,-3.3,-1.4,-4.6,-0.6
2005,2736,Luol Deng,Luol Deng,2005.0,20,20,6418,"BRef debut season, age >= 18, age <= 22, possessions >= 1000",27.23,25-30,3217,3201,6418,2.476,-3.066,5.542,4.859,-0.987,5.845,4.648503261806547,-3.905552527133093,8.554000433538244,1.7385943160865691,-2.8376784210315047,4.576288635353378,luol deng,3543.0,Luol Deng,SF,19.0,1.0,61.0,1663.0,27.262295081967213,14.2,0.1,2.9,3.0,0.086,0.2,1.0,1.2,1.3
2005,2420,Nenad Krstic,Nenad Krstic,2005.0,21,21,7843,"BRef debut season, age >= 18, age <= 22, possessions >= 1000",26.23,25-30,3916,3927,7843,0.717,-2.166,2.883,3.099,-0.088,3.187,2.2644736081961825,-2.807081912400787,5.071514371494628,-0.6454353375237952,-1.7392078062991991,1.0938025733097614,nenad krstic,3549.0,Nenad Krstić,PF,21.0,1.0,75.0,1965.0,26.2,13.4,1.9,2.5,4.4,0.108,-2.7,-0.5,-3.2,-0.6
2005,2756,Sasha Vujacic,Sasha Vujacic,2005.0,21,21,1570,"BRef debut season, age >= 18, age <= 22, possessions >= 1000",11.5,10-15,784,786,1570,-2.12,-1.326,-0.794,0.575,-0.249,0.824,-0.5725263918038177,-1.9670819124007872,1.3945143714946275,-3.4824353375237953,-0.8992078062991993,-2.583197426690239,sasha vujacic,3558.0,Sasha Vujačić,SG,20.0,1.0,35.0,403.0,11.514285714285714,8.9,0.0,0.1,0.2,0.018,-3.0,-0.7,-3.7,-0.2
2005,2742,Sebastian Telfair,Sebastian Telfair,2005.0,20,20,5119,"BRef debut season, age >= 18, age <= 22, possessions >= 1000",19.56,15-20,2552,2567,5119,-2.225,1.012,-3.237,0.751,2.609,-1.858,-0.0524967381934531,0.1724474728669072,-0.2249995664617561,-2.962405683913431,1.2403215789684954,-4.202711364646622,sebastian telfair,3559.0,Sebastian Telfair,PG,19.0,1.0,68.0,1330.0,19.558823529411764,9.7,-0.9,0.5,-0.4,-0.013,-3.4,-2.5,-5.9,-1.3
2005,2733,Shaun Livingston,Shaun Livingston,2005.0,19,19,3078,"BRef debut season, age >= 18, age <= 22, possessions >= 1000",27.33,25-30,1541,1537,3078,-2.453,-3.03,0.577,-0.071,-0.952,0.881,0.4569089457199777,-4.097874106101588,4.554711798184867,-2.453,-3.03,0.577,shaun livingston,3560.0,Shaun Livingston,PG,19.0,1.0,30.0,814.0,27.133333333333333,10.4,-0.6,0.7,0.1,0.008,-2.3,-0.2,-2.5,-0.1
2005,2772,Trevor Ariza,Trevor Ariza,2005.0,20,20,5190,"BRef debut season, age >= 18, age <= 22, possessions >= 1000",17.26,15-20,2602,2588,5190,-2.175,-2.459,0.285,0.801,-0.862,1.663,-0.0024967381934528,-3.2985525271330927,3.297000433538244,-2.9124056839134305,-2.230678421031505,-0.6807113646466223,trevor ariza,3563.0,Trevor Ariza,SF,19.0,1.0,80.0,1382.0,17.275,13.3,0.8,1.3,2.1,0.073,-1.2,0.6,-0.6,0.5
2005,2751,Viktor Khryapa,Viktor Khryapa,2005.0,22,22,2049,"BRef debut season, age >= 18, age <= 22, possessions >= 1000",16.53,15-20,1022,1027,2049,-5.884,-2.095,-3.789,-2.908,-0.497,-2.411,-4.8521483276929605,-2.5660141705936232,-2.2861629642855306,-7.762057273412938,-1.498140064492035,-6.263874762470397,viktor khryapa,3564.0,Viktor Khryapa,SF,22.0,1.0,32.0,523.0,16.34375,9.0,-0.3,0.6,0.3,0.024,-4.9,0.4,-4.4,-0.3
2006,101106,Andrew Bogut,Andrew Bogut,2006.0,21,21,9517,"BRef debut season, age >= 18, age <= 22, possessions >= 1000",28.64,25-30,4762,4755,9517,-0.907,-3.401,2.494,1.397,-1.584,2.98,0.6404736081961824,-4.042081912400787,4.682514371494628,-2.2694353375237952,-2.974207806299199,0.7048025733097616,andrew bogut,3573.0,Andrew Bogut,PF,21.0,1.0,82.0,2348.0,28.634146341463413,15.2,3.1,2.4,5.5,0.113,-0.3,0.7,0.4,1.4
2006,101115,Andrew Bynum,Andrew Bynum,2006.0,18,18,1304,"BRef debut season, age >= 18, age <= 22, possessions >= 1000",7.35,5-10,649,655,1304,-4.4,-0.751,-3.648,-1.983,0.074,-2.057,-1.4900910542800228,-1.818874106101588,0.3297117981848663,-4.4,-0.751,-3.648,andrew bynum,3574.0,Andrew Bynum,C,18.0,1.0,46.0,338.0,7.3478260869565215,7.4,-0.4,0.4,0.1,0.007,-6.1,-0.8,-6.9,-0.4
2006,101120,Antoine Wright,Antoine Wright,2006.0,22,22,1433,"BRef debut season, age >= 18, age <= 22, possessions >= 1000",9.49,5-10,710,723,1433,-4.492,-1.412,-3.08,-2.075,-0.587,-1.489,-3.46014832769296,-1.883014170593623,-1.5771629642855305,-6.370057273412938,-0.8151400644920347,-5.554874762470397,antoine wright,3577.0,Antoine Wright,SG,21.0,1.0,39.0,370.0,9.487179487179487,0.7,-0.8,0.3,-0.5,-0.062,-7.9,-0.9,-8.8,-0.6
2006,101111,Charlie Villanueva,Charlie Villanueva,2006.0,21,21,8876,"BRef debut season, age >= 18, age <= 22, possessions >= 1000",29.15,25-30,4443,4433,8876,3.623,0.748,2.875,5.926,2.565,3.361,5.170473608196183,0.1069180875992126,5.063514371494628,2.260564662476205,1.1747921937008008,1.0858025733097614,charlie villanueva,3584.0,Charlie Villanueva,PF,21.0,1.0,81.0,2361.0,29.14814814814815,16.4,2.9,1.0,3.9,0.079,0.7,-1.6,-0.9,0.6
2006,101108,Chris Paul,Chris Paul,2006.0,21,21,10511,"BRef debut season, age >= 18, age <= 22, possessions >= 1000",36.01,35-40,5252,5259,10511,3.203,-3.431,6.635,3.207,-1.079,4.286,4.750473608196183,-4.072081912400788,8.823514371494628,1.8405646624762049,-3.004207806299199,4.845802573309761,chris paul,3585.0,Chris Paul,PG,20.0,1.0,78.0,2808.0,36.0,22.1,6.8,3.6,10.4,0.178,3.0,2.2,5.2,5.1
2006,101114,Deron Williams,Deron Williams,2006.0,22,22,8537,"BRef debut season, age >= 18, age <= 22, possessions >= 1000",28.83,25-30,4274,4263,8537,0.467,-0.035,0.502,2.77,1.782,0.989,1.49885167230704,-0.506014170593623,2.00483703571447,-1.4110572734129376,0.5618599355079652,-1.9728747624703968,deron williams,3592.0,Deron Williams,PG,21.0,1.0,80.0,2307.0,28.8375,12.4,1.5,1.3,2.8,0.059,-0.5,-1.2,-1.7,0.2
2006,101212,Esteban Batista,Esteban Batista,2006.0,22,22,1931,"BRef debut season, age >= 18, age <= 22, possessions >= 1000",8.68,5-10,970,961,1931,-1.233,-0.521,-0.712,1.184,0.304,0.88,-0.2011483276929602,-0.992014170593623,0.7908370357144696,-3.111057273412938,0.0758599355079652,-3.1868747624703966,esteban batista,3600.0,Esteban Batista,PF,22.0,1.0,57.0,495.0,8.68421052631579,7.1,-0.2,0.3,0.1,0.011,-6.2,-1.7,-7.9,-0.7
2006,101123,Gerald Green,Gerald Green,2006.0,20,20,1485,"BRef debut season, age >= 18, age <= 22, possessions >= 1000",11.68,10-15,735,750,1485,-3.855,-1.699,-2.156,-0.48,-0.629,0.149,-1.682496738193453,-2.538552527133093,0.8560004335382438,-4.592405683913431,-1.4706784210315047,-3.1217113646466226,gerald green,3604.0,Gerald Green,SG,20.0,1.0,32.0,374.0,11.6875,13.1,0.2,0.3,0.5,0.064,-2.3,-1.2,-3.5,-0.1
2006,101113,Ike Diogu,Ike Diogu,2006.0,22,22,4002,"BRef debut season, age >= 18, age <= 22, possessions >= 1000",14.95,10-15,2002,2000,4002,-3.033,0.662,-3.696,0.342,1.732,-1.39,-2.00114832769296,0.1909858294063771,-2.1931629642855306,-4.911057273412938,1.2588599355079653,-6.1708747624703975,ike diogu,3606.0,Ike Diogu,PF,22.0,1.0,69.0,1031.0,14.942028985507246,15.8,1.7,1.0,2.6,0.123,-1.6,-0.6,-2.2,0.0
2006,101127,Jarrett Jack,Jarrett Jack,2006.0,22,22,5920,"BRef debut season, age >= 18, age <= 22, possessions >= 1000",20.24,20-25,2954,2966,5920,-1.608,0.727,-2.334,0.789,2.486,-1.697,-0.5761483276929602,0.255985829406377,-0.8311629642855305,-3.486057273412938,1.3238599355079652,-4.808874762470397,jarrett jack,3608.0,Jarrett Jack,SG,22.0,1.0,79.0,1599.0,20.240506329113924,12.3,1.1,0.1,1.2,0.035,-1.7,-1.4,-3.1,-0.4
2006,101130,Johan Petro,Johan Petro,2006.0,20,20,4897,"BRef debut season, age >= 18, age <= 22, possessions >= 1000",18.86,15-20,2441,2456,4897,-4.867,-1.186,-3.682,-1.637,0.474,-2.11,-2.694496738193453,-2.025552527133093,-0.669999566461756,-5.604405683913431,-0.9576784210315046,-4.647711364646622,johan petro,3611.0,Johan Petro,C,20.0,1.0,68.0,1282.0,18.852941176470587,10.4,0.7,0.2,1.0,0.037,-3.2,-1.5,-4.7,-0.9
2006,101132,Linas Kleiza,Linas Kleiza,2006.0,21,21,2136,"BRef debut season, age >= 18, age <= 22, possessions >= 1000",8.51,5-10,1057,1079,2136,-3.403,-0.706,-2.698,-0.986,0.12,-1.106,-1.8555263918038176,-1.3470819124007871,-0.5094856285053724,-4.765435337523796,-0.2792078062991991,-4.487197426690239,linas kleiza,3618.0,Linas Kleiza,PF,21.0,1.0,61.0,519.0,8.508196721311476,13.2,0.6,0.6,1.2,0.111,-2.9,-0.8,-3.7,-0.2
2006,101110,Martell Webster,Martell Webster,2006.0,19,19,4007,"BRef debut season, age >= 18, age <= 22, possessions >= 1000",17.54,15-20,2015,1992,4007,-2.992,1.559,-4.551,0.239,3.219,-2.98,-0.0820910542800223,0.4911258938984117,-0.5732882018151337,-2.992,1.559,-4.551,martell webster,3622.0,Martell Webster,SF,19.0,1.0,61.0,1070.0,17.540983606557376,11.6,0.8,0.1,0.9,0.039,-0.3,-2.2,-2.5,-0.1
2006,101107,Marvin Williams,Marvin Williams,2006.0,20,20,7557,"BRef debut season, age >= 18, age <= 22, possessions >= 1000",24.71,20-25,3785,3772,7557,0.47,-1.064,1.534,2.866,0.695,2.172,2.6425032618065467,-1.9035525271330929,4.546000433538244,-0.2674056839134309,-0.8356784210315047,0.5682886353533777,marvin williams,3624.0,Marvin Williams,PF,19.0,1.0,79.0,1952.0,24.70886075949367,12.2,2.1,0.7,2.8,0.069,-1.8,-1.7,-3.5,-0.7
2006,101145,Monta Ellis,Monta Ellis,2006.0,20,20,3492,"BRef debut season, age >= 18, age <= 22, possessions >= 1000",18.08,15-20,1747,1745,3492,-1.551,-3.053,1.502,1.679,-1.394,3.073,0.621503261806547,-3.892552527133093,4.514000433538244,-2.288405683913431,-2.824678421031505,0.5362886353533777,monta ellis,3627.0,Monta Ellis,SG,20.0,1.0,49.0,886.0,18.081632653061224,11.1,-0.3,0.8,0.5,0.028,-1.9,0.2,-1.7,0.1
2006,101126,Nate Robinson,Nate Robinson,2006.0,22,22,5744,"BRef debut season, age >= 18, age <= 22, possessions >= 1000",21.44,20-25,2873,2871,5744,0.263,-1.318,1.58,2.66,0.441,2.218,1.2948516723070398,-1.789014170593623,3.0828370357144697,-1.6150572734129378,-0.7211400644920348,-0.8948747624703968,nate robinson,3628.0,Nate Robinson,PG,21.0,1.0,72.0,1544.0,21.444444444444443,12.6,1.0,0.5,1.5,0.046,-1.0,-1.1,-2.1,-0.1
2006,101119,Rashad McCants,Rashad McCants,2006.0,21,21,5116,"BRef debut season, age >= 18, age <= 22, possessions >= 1000",17.24,15-20,2556,2560,5116,-3.078,-1.152,-1.927,0.152,0.508,-0.356,-1.5305263918038174,-1.7930819124007873,0.2615143714946275,-4.440435337523795,-0.7252078062991991,-3.716197426690239,rashad mccants,3632.0,Rashad McCants,SG,21.0,1.0,79.0,1362.0,17.240506329113924,12.6,0.2,1.4,1.6,0.058,-1.3,-0.3,-1.7,0.1
2006,101109,Raymond Felton,Raymond Felton,2006.0,22,22,9282,"BRef debut season, age >= 18, age <= 22, possessions >= 1000",30.07,30-35,4641,4641,9282,3.775,0.185,3.59,5.566,1.795,3.771,4.80685167230704,-0.2860141705936229,5.092837035714469,1.8969427265870624,0.7818599355079652,1.115125237529603,raymond felton,3634.0,Raymond Felton,PG,21.0,1.0,80.0,2406.0,30.075,14.2,0.8,1.8,2.6,0.051,0.2,-0.8,-0.6,0.8
2006,101118,Sean May,Sean May,2006.0,22,22,1565,"BRef debut season, age >= 18, age <= 22, possessions >= 1000",17.32,15-20,783,782,1565,-3.778,-2.393,-1.385,-0.547,-0.733,0.186,-2.74614832769296,-2.864014170593623,0.1178370357144695,-5.656057273412937,-1.796140064492035,-3.8598747624703966,sean may,3641.0,Sean May,PF,21.0,1.0,23.0,398.0,17.304347826086957,15.3,-0.1,0.5,0.4,0.047,-2.0,-0.6,-2.6,0.0
2006,101183,Shavlik Randolph,Shavlik Randolph,2006.0,22,22,1893,"BRef debut season, age >= 18, age <= 22, possessions >= 1000",8.54,5-10,948,945,1893,-2.442,-1.512,-0.93,-0.025,-0.687,0.662,-1.4101483276929605,-1.983014170593623,0.5728370357144695,-4.320057273412938,-0.9151400644920348,-3.404874762470397,shavlik randolph,3644.0,Shavlik Randolph,PF,22.0,1.0,57.0,487.0,8.543859649122806,12.6,0.5,0.5,1.1,0.105,-2.5,-0.4,-2.9,-0.1
2007,200747,Adam Morrison,Adam Morrison,2007.0,22,22,8916,"BRef debut season, age >= 18, age <= 22, possessions >= 1000",29.82,25-30,4470,4446,8916,-1.083,0.151,-1.234,1.005,1.935,-0.929,-0.05114832769296,-0.3200141705936229,0.2688370357144696,-2.961057273412938,0.7478599355079653,-3.708874762470397,adam morrison,3651.0,Adam Morrison,PF,22.0,1.0,78.0,2326.0,29.82051282051282,7.9,-2.2,0.8,-1.5,-0.03,-2.7,-2.4,-5.1,-1.8
2007,200745,Andrea Bargnani,Andrea Bargnani,2007.0,21,21,7038,"BRef debut season, age >= 18, age <= 22, possessions >= 1000",25.07,25-30,3518,3520,7038,1.563,-0.895,2.457,3.651,0.889,2.762,3.110473608196182,-1.5360819124007874,4.645514371494627,0.2005646624762047,-0.4682078062991992,0.6678025733097612,andrea bargnani,3655.0,Andrea Bargnani,PF,21.0,1.0,65.0,1629.0,25.06153846153846,12.8,0.2,1.7,1.9,0.057,-1.1,-0.6,-1.8,0.1
2007,200750,Brandon Roy,Brandon Roy,2007.0,22,22,7254,"BRef debut season, age >= 18, age <= 22, possessions >= 1000",35.34,35-40,3633,3621,7254,2.125,0.136,1.99,2.732,1.879,0.853,3.15685167230704,-0.3350141705936229,3.49283703571447,0.2469427265870623,0.7328599355079652,-0.4848747624703968,brandon roy,3658.0,Brandon Roy,SG,22.0,1.0,57.0,2015.0,35.35087719298246,18.0,3.8,1.0,4.8,0.114,2.3,-0.3,2.0,2.0
2007,200759,Cedric Simmons,Cedric Simmons,2007.0,21,21,2044,"BRef debut season, age >= 18, age <= 22, possessions >= 1000",12.42,10-15,1024,1020,2044,-4.693,-1.498,-3.194,-2.057,-0.112,-1.945,-3.145526391803817,-2.1390819124007874,-1.0054856285053724,-6.055435337523795,-1.0712078062991992,-4.983197426690238,cedric simmons,3660.0,Cedric Simmons,PF,21.0,1.0,43.0,534.0,12.418604651162791,8.0,-0.3,0.5,0.3,0.025,-4.6,0.2,-4.4,-0.3
2007,200789,Daniel Gibson,Daniel Gibson,2007.0,21,21,5162,"BRef debut season, age >= 18, age <= 22, possessions >= 1000",16.46,15-20,2574,2588,5162,-1.015,-3.14,2.125,1.874,-1.309,3.183,0.5324736081961825,-3.7810819124007873,4.313514371494628,-2.377435337523795,-2.7132078062991996,0.3358025733097614,daniel gibson,3665.0,Daniel Gibson,PG,20.0,1.0,60.0,988.0,16.466666666666665,9.4,0.8,1.2,2.0,0.098,-1.6,0.9,-0.7,0.3
2007,101141,Ersan Ilyasova,Ersan Ilyasova,2007.0,20,20,3745,"BRef debut season, age >= 18, age <= 22, possessions >= 1000",14.74,10-15,1877,1868,3745,-3.294,-0.136,-3.158,-0.658,1.251,-1.908,-1.121496738193453,-0.9755525271330928,-0.1459995664617559,-4.031405683913431,0.0923215789684953,-4.123711364646622,ersan ilyasova,3669.0,Ersan İlyasova,PF,19.0,1.0,66.0,973.0,14.742424242424242,12.1,0.5,0.5,1.0,0.051,-1.4,-1.5,-2.9,-0.2
2007,200756,Hilton Armstrong,Hilton Armstrong,2007.0,22,22,2344,"BRef debut season, age >= 18, age <= 22, possessions >= 1000",11.33,10-15,1168,1176,2344,-2.995,-2.142,-0.853,-0.359,-0.755,0.396,-1.96314832769296,-2.613014170593623,0.6498370357144696,-4.873057273412938,-1.5451400644920348,-3.3278747624703966,hilton armstrong,3671.0,Hilton Armstrong,C,22.0,1.0,56.0,634.0,11.321428571428571,12.2,0.5,0.7,1.2,0.091,-2.9,0.3,-2.6,-0.1
2007,200770,Jordan Farmar,Jordan Farmar,2007.0,20,20,4586,"BRef debut season, age >= 18, age <= 22, possessions >= 1000",15.14,15-20,2287,2299,4586,-1.246,-1.897,0.651,1.643,-0.067,1.71,0.926503261806547,-2.736552527133093,3.663000433538244,-1.9834056839134309,-1.6686784210315049,-0.3147113646466223,jordan farmar,3679.0,Jordan Farmar,PG,20.0,1.0,72.0,1090.0,15.13888888888889,10.8,0.2,0.7,0.9,0.038,-1.4,-0.3,-1.7,0.1
2007,200767,Josh Boone,Josh Boone,2007.0,22,22,2999,"BRef debut season, age >= 18, age <= 22, possessions >= 1000",10.96,10-15,1500,1499,2999,-1.278,-1.882,0.603,1.358,-0.495,1.853,-0.2461483276929601,-2.3530141705936227,2.10583703571447,-3.1560572734129377,-1.2851400644920346,-1.8718747624703969,josh boone,3681.0,Josh Boone,PF,22.0,1.0,61.0,669.0,10.967213114754099,14.6,0.9,0.8,1.7,0.122,-1.9,-1.0,-2.9,-0.2
2007,200746,LaMarcus Aldridge,LaMarcus Aldridge,2007.0,21,21,5019,"BRef debut season, age >= 18, age <= 22, possessions >= 1000",22.09,20-25,2510,2509,5019,0.818,-2.598,3.416,3.161,-0.556,3.717,2.3654736081961825,-3.2390819124007875,5.604514371494627,-0.5444353375237952,-2.171207806299199,1.6268025733097613,lamarcus aldridge,3686.0,LaMarcus Aldridge,C,21.0,1.0,63.0,1392.0,22.095238095238095,17.1,2.5,1.0,3.4,0.118,-0.4,-1.0,-1.4,0.2
2007,200766,Marcus Williams,Marcus Williams,2007.0,21,21,5340,"BRef debut season, age >= 18, age <= 22, possessions >= 1000",16.64,15-20,2661,2679,5340,0.692,-1.853,2.545,3.581,-0.023,3.604,2.2394736081961826,-2.4940819124007874,4.7335143714946275,-0.6704353375237952,-1.4262078062991992,0.7558025733097613,marcus williams,3691.0,Marcus Williams,PG,21.0,1.0,79.0,1315.0,16.645569620253166,11.5,-1.1,1.0,-0.1,-0.004,-1.7,-2.0,-3.7,-0.6
2007,200776,Mardy Collins,Mardy Collins,2007.0,22,22,2923,"BRef debut season, age >= 18, age <= 22, possessions >= 1000",14.94,10-15,1461,1462,2923,-2.987,-1.717,-1.27,-0.351,-0.331,-0.02,-1.95514832769296,-2.188014170593623,0.2328370357144695,-4.865057273412938,-1.120140064492035,-3.744874762470397,mardy collins,3692.0,Mardy Collins,SF,22.0,1.0,52.0,777.0,14.942307692307692,9.2,-0.6,0.6,0.0,0.002,-3.3,0.1,-3.1,-0.2
2007,200794,Paul Millsap,Paul Millsap,2007.0,22,22,6521,"BRef debut season, age >= 18, age <= 22, possessions >= 1000",17.95,15-20,3250,3271,6521,0.988,-2.046,3.033,3.877,-0.215,4.092,2.01985167230704,-2.517014170593623,4.5358370357144695,-0.8900572734129377,-1.4491400644920347,0.5581252375296031,paul millsap,3701.0,Paul Millsap,PF,21.0,1.0,82.0,1472.0,17.951219512195124,17.6,2.4,2.3,4.7,0.153,-0.4,1.0,0.6,0.9
2007,200765,Rajon Rondo,Rajon Rondo,2007.0,21,21,6979,"BRef debut season, age >= 18, age <= 22, possessions >= 1000",23.47,20-25,3490,3489,6979,1.798,-3.332,5.13,4.141,-1.29,5.43,3.3454736081961824,-3.973081912400787,7.3185143714946275,0.4355646624762048,-2.905207806299199,3.3408025733097615,rajon rondo,3704.0,Rajon Rondo,PG,20.0,1.0,78.0,1831.0,23.474358974358974,13.1,-0.1,2.6,2.4,0.064,-2.4,2.2,-0.2,0.8
2007,200764,Renaldo Balkman,Renaldo Balkman,2007.0,22,22,4039,"BRef debut season, age >= 18, age <= 22, possessions >= 1000",15.65,15-20,1997,2042,4039,-2.71,-3.895,1.186,0.179,-2.065,2.244,-1.67814832769296,-4.366014170593623,2.6888370357144695,-4.588057273412938,-3.298140064492035,-1.288874762470397,renaldo balkman,3707.0,Renaldo Balkman,SF,22.0,1.0,68.0,1064.0,15.647058823529411,16.1,1.1,1.7,2.8,0.125,-0.7,2.0,1.3,0.9
2007,200758,Ronnie Brewer,Ronnie Brewer,2007.0,22,22,2806,"BRef debut season, age >= 18, age <= 22, possessions >= 1000",12.06,10-15,1396,1410,2806,-3.337,-1.205,-2.133,-0.701,0.182,-0.883,-2.3051483276929603,-1.6760141705936231,-0.6301629642855304,-5.215057273412938,-0.6081400644920348,-4.607874762470397,ronnie brewer,3712.0,Ronnie Brewer,SG,21.0,1.0,56.0,675.0,12.053571428571429,15.2,1.1,0.7,1.7,0.124,0.2,1.0,1.2,0.6
2007,200752,Rudy Gay,Rudy Gay,2007.0,20,20,8174,"BRef debut season, age >= 18, age <= 22, possessions >= 1000",26.97,25-30,4087,4087,8174,1.744,-1.402,3.146,3.832,0.381,3.451,3.9165032618065463,-2.2415525271330927,6.158000433538244,1.0065943160865691,-1.1736784210315043,2.1802886353533775,rudy gay,3713.0,Rudy Gay,SF,20.0,1.0,78.0,2103.0,26.96153846153846,12.4,-0.5,1.0,0.5,0.011,-1.5,-0.7,-2.2,-0.1
2007,200771,Sergio Rodriguez,Sergio Rodriguez,2007.0,21,21,3237,"BRef debut season, age >= 18, age <= 22, possessions >= 1000",12.86,10-15,1625,1612,3237,-1.984,0.06,-2.045,0.652,1.447,-0.795,-0.4365263918038176,-0.5810819124007873,0.1435143714946276,-3.346435337523795,0.4867921937008008,-3.8341974266902383,sergio rodriguez,3715.0,Sergio Rodríguez,PG,20.0,1.0,67.0,862.0,12.865671641791044,14.1,0.5,0.4,0.9,0.05,0.4,-1.5,-1.1,0.2
2007,200761,Shawne Williams,Shawne Williams,2007.0,21,21,2114,"BRef debut season, age >= 18, age <= 22, possessions >= 1000",12.09,10-15,1049,1065,2114,-1.472,0.45,-1.922,1.164,1.836,-0.672,0.0754736081961824,-0.1910819124007873,0.2665143714946276,-2.834435337523795,0.8767921937008007,-3.7111974266902386,shawne williams,3717.0,Shawne Williams,SG,20.0,1.0,46.0,556.0,12.08695652173913,9.7,0.3,0.4,0.7,0.063,-1.6,-1.1,-2.7,-0.1
2007,200780,Solomon Jones,Solomon Jones,2007.0,22,22,2518,"BRef debut season, age >= 18, age <= 22, possessions >= 1000",11.48,10-15,1253,1265,2518,-2.9,0.754,-3.654,-0.264,2.14,-2.404,-1.86814832769296,0.282985829406377,-2.1511629642855303,-4.778057273412937,1.3508599355079651,-6.128874762470397,solomon jones,3719.0,Solomon Jones,PF,22.0,1.0,58.0,666.0,11.482758620689655,12.3,1.0,0.7,1.6,0.117,-3.4,0.2,-3.1,-0.2
2007,200748,Tyrus Thomas,Tyrus Thomas,2007.0,20,20,4284,"BRef debut season, age >= 18, age <= 22, possessions >= 1000",13.42,10-15,2140,2144,4284,-1.551,-3.103,1.552,1.085,-1.716,2.802,0.621503261806547,-3.942552527133093,4.564000433538244,-2.288405683913431,-2.874678421031505,0.5862886353533777,tyrus thomas,3724.0,Tyrus Thomas,PF,20.0,1.0,72.0,966.0,13.416666666666666,14.8,-0.4,2.6,2.2,0.11,-4.1,3.1,-1.0,0.2
2008,201143,Al Horford,Al Horford,2008.0,22,22,10517,"BRef debut season, age >= 18, age <= 22, possessions >= 1000",31.36,30-35,5273,5244,10517,-2.126,-1.203,-0.923,-0.356,0.977,-1.333,-1.09414832769296,-1.674014170593623,0.5798370357144695,-4.004057273412938,-0.6061400644920348,-3.397874762470397,al horford,3734.0,Al Horford,C,21.0,1.0,81.0,2540.0,31.358024691358025,14.7,2.4,3.0,5.5,0.103,-1.2,-0.3,-1.6,0.3
2008,201167,Arron Afflalo,Arron Afflalo,2008.0,22,22,3968,"BRef debut season, age >= 18, age <= 22, possessions >= 1000",12.94,10-15,1969,1999,3968,-2.469,-1.997,-0.471,0.458,-0.754,1.213,-1.43714832769296,-2.468014170593623,1.0318370357144695,-4.347057273412938,-1.4001400644920348,-2.945874762470397,arron afflalo,3737.0,Arron Afflalo,SG,22.0,1.0,75.0,970.0,12.933333333333334,10.2,0.5,1.4,1.9,0.092,-2.6,1.0,-1.5,0.1
2008,201148,Brandan Wright,Brandan Wright,2008.0,20,20,1545,"BRef debut season, age >= 18, age <= 22, possessions >= 1000",9.89,5-10,774,771,1545,-2.818,-0.948,-1.87,-0.491,0.07,-0.561,-0.6454967381934531,-1.7875525271330928,1.142000433538244,-3.555405683913431,-0.7196784210315046,-2.8357113646466225,brandan wright,3739.0,Brandan Wright,PF,20.0,1.0,38.0,376.0,9.894736842105264,17.2,0.8,0.3,1.1,0.142,0.2,-0.6,-0.4,0.2
2008,201147,Corey Brewer,Corey Brewer,2008.0,22,22,6910,"BRef debut season, age >= 18, age <= 22, possessions >= 1000",22.82,20-25,3446,3464,6910,-2.821,0.038,-2.859,0.222,1.565,-1.343,-1.7891483276929605,-0.4330141705936229,-1.3561629642855304,-4.699057273412938,0.6348599355079653,-5.333874762470397,corey brewer,3745.0,Corey Brewer,SF,21.0,1.0,79.0,1803.0,22.82278481012658,8.3,-1.4,1.2,-0.2,-0.005,-4.2,0.1,-4.1,-1.0
2008,201161,Daequan Cook,Daequan Cook,2008.0,21,21,5378,"BRef debut season, age >= 18, age <= 22, possessions >= 1000",24.42,20-25,2690,2688,5378,-1.983,0.623,-2.606,1.06,2.15,-1.09,-0.4355263918038177,-0.0180819124007873,-0.4174856285053723,-3.3454353375237953,1.0497921937008008,-4.395197426690238,daequan cook,3748.0,Daequan Cook,SG,20.0,1.0,59.0,1441.0,24.423728813559322,7.9,-1.0,0.6,-0.4,-0.013,-3.4,-1.9,-5.2,-1.2
2008,201187,Dominic McGuire,Dominic McGuire,2008.0,22,22,2635,"BRef debut season, age >= 18, age <= 22, possessions >= 1000",9.93,5-10,1305,1330,2635,-4.536,0.814,-5.35,-2.21,1.832,-4.042,-3.5041483276929597,0.342985829406377,-3.84716296428553,-6.414057273412937,1.4108599355079652,-7.8248747624703965,dominic mcguire,3752.0,Dominic McGuire,SG,22.0,1.0,70.0,695.0,9.928571428571429,6.6,-0.6,0.6,0.0,-0.003,-4.4,0.1,-4.3,-0.4
2008,201175,Glen Davis,Glen Davis,2008.0,22,22,4022,"BRef debut season, age >= 18, age <= 22, possessions >= 1000",13.63,10-15,2000,2022,4022,-1.684,-1.457,-0.227,1.244,-0.214,1.458,-0.65214832769296,-1.928014170593623,1.2758370357144695,-3.562057273412938,-0.8601400644920348,-2.7018747624703967,glen davis,3754.0,Glen Davis,C,22.0,1.0,69.0,940.0,13.623188405797102,11.3,0.6,1.9,2.5,0.128,-3.6,0.7,-3.0,-0.2
2008,201162,Jared Dudley,Jared Dudley,2008.0,22,22,5238,"BRef debut season, age >= 18, age <= 22, possessions >= 1000",18.96,15-20,2619,2619,5238,0.002,-0.997,0.999,2.843,0.897,1.946,1.03385167230704,-1.468014170593623,2.5018370357144697,-1.8760572734129377,-0.4001400644920347,-1.4758747624703967,jared dudley,3758.0,Jared Dudley,PF,22.0,1.0,73.0,1384.0,18.958904109589042,13.6,1.8,1.1,2.9,0.1,-0.7,0.0,-0.7,0.4
2008,201160,Jason Smith,Jason Smith,2008.0,22,22,4565,"BRef debut season, age >= 18, age <= 22, possessions >= 1000",14.56,10-15,2285,2280,4565,-1.982,-0.716,-1.265,0.945,0.527,0.419,-0.95014832769296,-1.1870141705936228,0.2378370357144696,-3.860057273412938,-0.1191400644920347,-3.739874762470397,jason smith,3759.0,Jason Smith,PF,21.0,1.0,76.0,1107.0,14.56578947368421,10.7,0.2,1.4,1.5,0.067,-3.6,0.1,-3.5,-0.4
2008,201159,Javaris Crittenton,Javaris Crittenton,2008.0,20,20,2751,"BRef debut season, age >= 18, age <= 22, possessions >= 1000",13.56,10-15,1376,1375,2751,-1.662,-1.142,-0.519,1.266,0.101,1.165,0.510503261806547,-1.9815525271330927,2.493000433538244,-2.3994056839134306,-0.9136784210315044,-1.4847113646466223,javaris crittenton,3760.0,Javaris Crittenton,SG,20.0,1.0,50.0,679.0,13.58,11.0,-0.3,0.4,0.1,0.004,-2.7,-1.4,-4.1,-0.4
2008,201145,Jeff Green,Jeff Green,2008.0,21,21,8957,"BRef debut season, age >= 18, age <= 22, possessions >= 1000",28.16,25-30,4476,4481,8957,-0.222,1.758,-1.981,1.908,3.01,-1.102,1.3254736081961824,1.1169180875992126,0.2075143714946274,-1.5844353375237952,2.184792193700801,-3.7701974266902383,jeff green,3761.0,Jeff Green,SF,21.0,1.0,80.0,2253.0,28.1625,9.8,-1.3,1.5,0.2,0.003,-3.4,-0.6,-4.1,-1.2
2008,201153,Julian Wright,Julian Wright,2008.0,21,21,2853,"BRef debut season, age >= 18, age <= 22, possessions >= 1000",11.23,10-15,1421,1432,2853,-1.126,-0.725,-0.402,1.801,0.519,1.282,0.4214736081961825,-1.3660819124007872,1.7865143714946274,-2.488435337523795,-0.2982078062991992,-2.1911974266902385,julian wright,3767.0,Julian Wright,SF,20.0,1.0,57.0,640.0,11.228070175438596,15.4,0.7,0.9,1.7,0.126,0.3,1.5,1.8,0.6
2008,201142,Kevin Durant,Kevin Durant,2008.0,19,19,11062,"BRef debut season, age >= 18, age <= 22, possessions >= 1000",34.6,30-35,5533,5529,11062,0.584,1.046,-0.462,2.354,3.226,-0.872,3.4939089457199777,-0.0218741061015881,3.5157117981848662,0.584,1.046,-0.462,kevin durant,3770.0,Kevin Durant,SG,19.0,1.0,80.0,2768.0,34.6,15.8,0.4,1.9,2.3,0.04,0.5,-0.7,-0.1,1.3
2008,201158,Marco Belinelli,Marco Belinelli,2008.0,22,22,1013,"BRef debut season, age >= 18, age <= 22, possessions >= 1000",7.29,5-10,510,503,1013,-4.64,-1.147,-3.494,-2.313,-0.128,-2.185,-3.60814832769296,-1.6180141705936228,-1.9911629642855304,-6.518057273412937,-0.5501400644920348,-5.9688747624703975,marco belinelli,3776.0,Marco Belinelli,SG,21.0,1.0,33.0,241.0,7.303030303030303,8.2,0.0,0.0,0.0,-0.002,-2.2,-2.4,-4.6,-0.2
2008,201144,Mike Conley,Mike Conley,2008.0,20,20,5466,"BRef debut season, age >= 18, age <= 22, possessions >= 1000",26.06,25-30,2736,2730,5466,0.836,1.66,-0.824,2.966,2.911,0.055,3.008503261806547,0.8204474728669071,2.188000433538244,0.0985943160865691,1.8883215789684953,-1.7897113646466225,mike conley,3779.0,Mike Conley,PG,20.0,1.0,53.0,1381.0,26.056603773584907,12.6,0.6,0.5,1.1,0.038,-1.6,-1.3,-3.0,-0.3
2008,200762,Oleksiy Pecherov,Oleksiy Pecherov,2008.0,22,22,1221,"BRef debut season, age >= 18, age <= 22, possessions >= 1000",9.13,5-10,608,613,1221,-2.877,0.345,-3.223,-0.551,1.364,-1.914,-1.84514832769296,-0.1260141705936229,-1.7201629642855305,-4.7550572734129375,0.9418599355079652,-5.697874762470397,oleksiy pecherov,3784.0,Oleksiy Pecherov,C,22.0,1.0,35.0,320.0,9.142857142857142,9.6,-0.2,0.2,0.0,-0.002,-2.7,-3.4,-6.1,-0.3
2008,201196,Ramon Sessions,Ramon Sessions,2008.0,22,22,1718,"BRef debut season, age >= 18, age <= 22, possessions >= 1000",26.44,25-30,861,857,1718,-1.091,-0.308,-0.783,1.039,0.943,0.096,-0.05914832769296,-0.7790141705936229,0.7198370357144696,-2.969057273412938,0.2888599355079652,-3.2578747624703968,ramon sessions,3785.0,Ramon Sessions,PG,21.0,1.0,17.0,450.0,26.470588235294116,16.2,0.5,0.2,0.7,0.077,0.2,-1.2,-1.0,0.1
2008,201155,Rodney Stuckey,Rodney Stuckey,2008.0,22,22,5336,"BRef debut season, age >= 18, age <= 22, possessions >= 1000",18.96,15-20,2647,2689,5336,-1.613,-2.182,0.569,1.227,-0.288,1.515,-0.5811483276929601,-2.653014170593623,2.0718370357144695,-3.4910572734129377,-1.5851400644920348,-1.9058747624703969,rodney stuckey,3786.0,Rodney Stuckey,PG,21.0,1.0,57.0,1081.0,18.964912280701753,13.8,0.4,1.6,2.0,0.09,-2.1,1.1,-1.1,0.3
2008,201157,Sean Williams,Sean Williams,2008.0,21,21,4880,"BRef debut season, age >= 18, age <= 22, possessions >= 1000",17.51,15-20,2439,2441,4880,-3.372,-0.976,-2.397,-0.532,0.918,-1.45,-1.8245263918038177,-1.6170819124007874,-0.2084856285053722,-4.734435337523795,-0.5492078062991992,-4.186197426690239,sean williams,3787.0,Sean Williams,C,21.0,1.0,73.0,1278.0,17.506849315068493,13.9,0.8,1.7,2.5,0.093,-3.3,1.1,-2.2,-0.1
2008,201150,Spencer Hawes,Spencer Hawes,2008.0,20,20,3758,"BRef debut season, age >= 18, age <= 22, possessions >= 1000",13.12,10-15,1868,1890,3758,-1.384,-0.434,-0.95,1.543,0.81,0.734,0.7885032618065471,-1.2735525271330927,2.062000433538244,-2.121405683913431,-0.2056784210315046,-1.9157113646466224,spencer hawes,3788.0,Spencer Hawes,C,19.0,1.0,71.0,931.0,13.112676056338028,11.6,-0.2,0.8,0.6,0.033,-3.2,-0.9,-4.1,-0.5
2008,201152,Thaddeus Young,Thaddeus Young,2008.0,20,20,6559,"BRef debut season, age >= 18, age <= 22, possessions >= 1000",21.01,20-25,3279,3280,6559,3.036,-1.509,4.545,6.079,0.018,6.061,5.2085032618065465,-2.3485525271330925,7.557000433538244,2.298594316086569,-1.2806784210315043,3.5792886353533775,thaddeus young,3791.0,Thaddeus Young,PF,19.0,1.0,74.0,1554.0,21.0,16.5,2.6,2.0,4.5,0.14,0.2,0.3,0.5,1.0
2008,201163,Wilson Chandler,Wilson Chandler,2008.0,21,21,2696,"BRef debut season, age >= 18, age <= 22, possessions >= 1000",19.57,15-20,1345,1351,2696,-3.145,-1.702,-1.443,-0.305,0.192,-0.497,-1.5975263918038176,-2.3430819124007876,0.7455143714946275,-4.507435337523795,-1.2752078062991992,-3.232197426690239,wilson chandler,3793.0,Wilson Chandler,SF,20.0,1.0,35.0,685.0,19.571428571428573,11.7,0.2,0.4,0.5,0.038,-2.9,-1.1,-4.0,-0.3
2008,201146,Yi Jianlian,Yi Jianlian,2008.0,20,20,6148,"BRef debut season, age >= 18, age <= 22, possessions >= 1000",24.95,20-25,3078,3070,6148,-4.877,-1.463,-3.414,-1.834,0.064,-1.898,-2.704496738193453,-2.302552527133093,-0.4019995664617561,-5.61440568391343,-1.2346784210315047,-4.379711364646623,yi jianlian,3794.0,Yi Jianlian,PF,20.0,1.0,66.0,1647.0,24.954545454545453,11.3,-0.1,0.9,0.7,0.022,-2.9,-1.1,-3.9,-0.8
2009,201576,Anthony Randolph,Anthony Randolph,2009.0,19,19,4674,"BRef debut season, age >= 18, age <= 22, possessions >= 1000",17.92,15-20,2335,2339,4674,-1.99,0.132,-2.121,0.23,1.669,-1.439,0.9199089457199776,-0.9358741061015882,1.8567117981848664,-1.99,0.132,-2.121,anthony randolph,3797.0,Anthony Randolph,PF,19.0,1.0,63.0,1129.0,17.92063492063492,16.9,0.4,1.2,1.6,0.069,-1.5,-0.8,-2.3,-0.1
2009,201572,Brook Lopez,Brook Lopez,2009.0,21,21,9387,"BRef debut season, age >= 18, age <= 22, possessions >= 1000",30.5,30-35,4708,4679,9387,0.221,-0.806,1.027,1.5,1.288,0.212,1.7684736081961825,-1.4470819124007874,3.2155143714946277,-1.1414353375237951,-0.3792078062991992,-0.7621974266902387,brook lopez,3801.0,Brook Lopez,C,20.0,1.0,82.0,2501.0,30.5,17.9,3.2,2.7,5.8,0.112,-0.3,-0.3,-0.6,0.9
2009,201604,Chris Douglas-Roberts,Chris Douglas-Roberts,2009.0,22,22,2164,"BRef debut season, age >= 18, age <= 22, possessions >= 1000",13.29,10-15,1084,1080,2164,-2.213,-1.284,-0.929,0.253,-0.088,0.341,-1.1811483276929602,-1.7550141705936229,0.5738370357144695,-4.091057273412938,-0.6871400644920348,-3.403874762470397,chris douglasroberts,3803.0,Chris Douglas-Roberts,SG,22.0,1.0,44.0,585.0,13.295454545454545,12.2,0.4,0.2,0.6,0.046,-1.3,-1.2,-2.5,-0.1
2009,201571,D.J. Augustin,D.J. Augustin,2009.0,21,21,6908,"BRef debut season, age >= 18, age <= 22, possessions >= 1000",26.5,25-30,3448,3460,6908,0.901,0.238,0.663,2.377,2.081,0.295,2.448473608196182,-0.4030819124007874,2.851514371494628,-0.4614353375237952,0.6647921937008008,-1.1261974266902386,dj augustin,3805.0,D.J. Augustin,PG,21.0,1.0,72.0,1908.0,26.5,14.9,3.6,1.5,5.1,0.128,1.4,-0.5,0.9,1.4
2009,201568,Danilo Gallinari,Danilo Gallinari,2009.0,20,20,1673,"BRef debut season, age >= 18, age <= 22, possessions >= 1000",14.71,10-15,832,841,1673,-1.819,-2.155,0.336,0.648,-0.959,1.606,0.353503261806547,-2.9945525271330924,3.348000433538244,-2.5564056839134306,-1.9266784210315044,-0.6297113646466224,danilo gallinari,3807.0,Danilo Gallinari,SG,20.0,1.0,28.0,412.0,14.714285714285714,13.4,0.7,0.3,1.0,0.119,0.5,0.1,0.6,0.3
2009,201589,Darrell Arthur,Darrell Arthur,2009.0,21,21,5488,"BRef debut season, age >= 18, age <= 22, possessions >= 1000",19.27,15-20,2734,2754,5488,-2.498,-0.91,-1.588,-0.278,0.628,-0.906,-0.9505263918038178,-1.5510819124007873,0.6005143714946275,-3.8604353375237954,-0.4832078062991992,-3.3771974266902385,darrell arthur,3809.0,Darrell Arthur,PF,20.0,1.0,76.0,1464.0,19.263157894736842,11.3,-0.1,1.8,1.7,0.055,-3.5,0.1,-3.4,-0.5
2009,201599,DeAndre Jordan,DeAndre Jordan,2009.0,20,20,2907,"BRef debut season, age >= 18, age <= 22, possessions >= 1000",14.55,10-15,1453,1454,2907,-4.448,0.931,-5.379,-1.981,2.128,-4.109,-2.2754967381934534,0.0914474728669072,-2.3669995664617556,-5.185405683913431,1.1593215789684954,-6.3447113646466216,deandre jordan,3810.0,DeAndre Jordan,C,20.0,1.0,53.0,771.0,14.547169811320755,14.1,0.4,0.9,1.3,0.079,-3.2,-0.1,-3.3,-0.3
2009,201565,Derrick Rose,Derrick Rose,2009.0,20,20,12609,"BRef debut season, age >= 18, age <= 22, possessions >= 1000",37.04,35-40,6305,6304,12609,2.667,0.818,1.849,3.442,3.053,0.389,4.839503261806547,-0.0215525271330928,4.861000433538244,1.929594316086569,1.0463215789684952,0.8832886353533776,derrick rose,3812.0,Derrick Rose,PG,20.0,1.0,81.0,3000.0,37.03703703703704,16.0,3.4,1.5,4.9,0.078,1.1,-1.5,-0.4,1.2
2009,201590,Donte Greene,Donte Greene,2009.0,21,21,2885,"BRef debut season, age >= 18, age <= 22, possessions >= 1000",13.19,10-15,1447,1438,2885,-4.655,0.283,-4.939,-2.189,1.48,-3.669,-3.107526391803818,-0.3580819124007874,-2.7504856285053725,-6.0174353375237954,0.7097921937008007,-6.7281974266902385,donte greene,3813.0,Donté Greene,SF,20.0,1.0,55.0,725.0,13.181818181818182,5.2,-1.2,0.1,-1.1,-0.074,-4.5,-2.3,-6.8,-0.9
2009,201569,Eric Gordon,Eric Gordon,2009.0,20,20,10198,"BRef debut season, age >= 18, age <= 22, possessions >= 1000",34.32,30-35,5107,5091,10198,0.17,0.726,-0.556,1.449,2.82,-1.371,2.342503261806547,-0.1135525271330928,2.456000433538244,-0.5674056839134308,0.9543215789684952,-1.5217113646466225,eric gordon,3815.0,Eric Gordon,SG,20.0,1.0,78.0,2677.0,34.32051282051282,14.9,3.9,0.7,4.6,0.082,0.6,-1.0,-0.4,1.0
2009,201141,Greg Oden,Greg Oden,2009.0,21,21,5002,"BRef debut season, age >= 18, age <= 22, possessions >= 1000",21.54,20-25,2500,2502,5002,1.386,-0.912,2.298,2.954,0.662,2.291,2.9334736081961825,-1.5530819124007875,4.486514371494628,0.0235646624762047,-0.4852078062991992,0.5088025733097614,greg oden,3818.0,Greg Oden,C,21.0,1.0,61.0,1314.0,21.540983606557376,18.1,2.6,2.0,4.6,0.167,-1.4,0.3,-1.1,0.3
2009,201581,JJ Hickson,J.J. Hickson,2009.0,20,20,2635,"BRef debut season, age >= 18, age <= 22, possessions >= 1000",11.37,10-15,1315,1320,2635,-4.137,-0.06,-4.077,-1.67,1.137,-2.807,-1.9644967381934528,-0.8995525271330929,-1.064999566461756,-4.87440568391343,0.1683215789684953,-5.042711364646622,jj hickson,3821.0,J.J. Hickson,C,20.0,1.0,62.0,705.0,11.370967741935484,12.5,0.2,1.3,1.5,0.101,-3.4,0.2,-3.2,-0.2
2009,201580,JaVale McGee,JaVale McGee,2009.0,21,21,4376,"BRef debut season, age >= 18, age <= 22, possessions >= 1000",15.23,15-20,2175,2201,4376,-2.579,1.802,-4.381,-0.359,3.34,-3.699,-1.0315263918038178,1.1609180875992129,-2.1924856285053727,-3.9414353375237954,2.2287921937008006,-6.170197426690239,javale mcgee,3824.0,JaVale McGee,C,21.0,1.0,75.0,1143.0,15.24,17.0,1.1,0.9,2.0,0.084,-1.8,-1.1,-2.9,-0.3
2009,201574,Jason Thompson,Jason Thompson,2009.0,22,22,9033,"BRef debut season, age >= 18, age <= 22, possessions >= 1000",28.08,25-30,4521,4512,9033,1.104,-0.481,1.585,2.58,1.363,1.217,2.13585167230704,-0.9520141705936228,3.0878370357144695,-0.7740572734129376,0.1158599355079652,-0.8898747624703969,jason thompson,3823.0,Jason Thompson,PF,22.0,1.0,82.0,2303.0,28.085365853658537,13.9,1.8,0.9,2.7,0.057,-2.0,-2.2,-4.2,-1.3
2009,201573,Jerryd Bayless,Jerryd Bayless,2009.0,20,20,2457,"BRef debut season, age >= 18, age <= 22, possessions >= 1000",12.35,10-15,1225,1232,2457,-3.068,-0.168,-2.9,-0.601,1.029,-1.63,-0.8954967381934531,-1.0075525271330927,0.112000433538244,-3.805405683913431,0.0603215789684953,-3.8657113646466223,jerryd bayless,3826.0,Jerryd Bayless,PG,20.0,1.0,53.0,655.0,12.358490566037736,8.2,-0.2,0.5,0.3,0.019,-4.3,-0.7,-5.0,-0.5
2009,201570,Joe Alexander,Joe Alexander,2009.0,22,22,2843,"BRef debut season, age >= 18, age <= 22, possessions >= 1000",12.14,10-15,1423,1420,2843,-2.053,0.232,-2.284,0.414,1.429,-1.014,-1.02114832769296,-0.2390141705936229,-0.7811629642855302,-3.9310572734129376,0.8288599355079652,-4.758874762470397,joe alexander,3827.0,Joe Alexander,SF,22.0,1.0,59.0,716.0,12.135593220338983,10.1,-0.3,0.7,0.4,0.03,-3.4,-0.1,-3.5,-0.3
2009,201567,Kevin Love,Kevin Love,2009.0,20,20,7876,"BRef debut season, age >= 18, age <= 22, possessions >= 1000",25.28,25-30,3934,3942,7876,-0.947,0.886,-1.833,0.528,2.729,-2.201,1.225503261806547,0.0464474728669072,1.179000433538244,-1.6844056839134307,1.1143215789684953,-2.798711364646622,kevin love,3830.0,Kevin Love,C,20.0,1.0,81.0,2048.0,25.28395061728395,18.3,3.4,1.9,5.3,0.124,0.4,-1.6,-1.1,0.4
2009,201585,Kosta Koufos,Kosta Koufos,2009.0,20,20,2160,"BRef debut season, age >= 18, age <= 22, possessions >= 1000",11.77,10-15,1084,1076,2160,-3.594,-1.515,-2.079,-1.127,-0.318,-0.809,-1.421496738193453,-2.3545525271330927,0.9330004335382438,-4.331405683913431,-1.2866784210315043,-3.0447113646466226,kosta koufos,3831.0,Kosta Koufos,C,19.0,1.0,48.0,565.0,11.770833333333334,15.2,0.6,0.7,1.3,0.112,-1.3,-0.1,-1.4,0.1
2009,201601,Luc Mbah a Moute,Luc Mbah a Moute,2009.0,22,22,8098,"BRef debut season, age >= 18, age <= 22, possessions >= 1000",25.78,25-30,4045,4053,8098,-0.413,-2.481,2.068,1.063,-0.638,1.7,0.6188516723070399,-2.952014170593623,3.5708370357144696,-2.2910572734129375,-1.8841400644920347,-0.4068747624703968,luc mbah a moute,3833.0,Luc Mbah a Moute,PF,22.0,1.0,82.0,2114.0,25.78048780487805,12.3,1.2,2.8,4.0,0.092,-1.6,0.8,-0.8,0.6
2009,201578,Marreese Speights,Marreese Speights,2009.0,21,21,4867,"BRef debut season, age >= 18, age <= 22, possessions >= 1000",15.98,15-20,2436,2431,4867,-0.637,1.406,-2.043,1.582,2.943,-1.361,0.9104736081961824,0.7649180875992125,0.1455143714946274,-1.9994353375237952,1.8327921937008007,-3.8321974266902386,marreese speights,3837.0,Marreese Speights,C,21.0,1.0,79.0,1263.0,15.987341772151899,17.9,2.4,1.5,3.8,0.146,-0.6,-0.8,-1.4,0.2
2009,201563,Michael Beasley,Michael Beasley,2009.0,20,20,8040,"BRef debut season, age >= 18, age <= 22, possessions >= 1000",24.8,20-25,4027,4013,8040,-0.408,-0.047,-0.361,1.16,1.527,-0.368,1.764503261806547,-0.8865525271330928,2.651000433538244,-1.1454056839134308,0.1813215789684953,-1.3267113646466222,michael beasley,3838.0,Michael Beasley,PF,20.0,1.0,81.0,2009.0,24.80246913580247,17.2,1.2,2.2,3.4,0.081,-0.2,-1.5,-1.7,0.1
2009,201587,Nicolas Batum,Nicolas Batum,2009.0,20,20,5500,"BRef debut season, age >= 18, age <= 22, possessions >= 1000",18.4,15-20,2722,2778,5500,0.659,-0.531,1.189,2.878,1.006,1.871,2.8315032618065468,-1.3705525271330927,4.201000433538244,-0.0784056839134308,-0.3026784210315046,0.2232886353533777,nicolas batum,3841.0,Nicolas Batum,SF,20.0,1.0,79.0,1454.0,18.40506329113924,12.9,2.1,1.6,3.7,0.123,0.4,1.0,1.4,1.2
2009,201564,O.J. Mayo,O.J. Mayo,2009.0,21,21,11702,"BRef debut season, age >= 18, age <= 22, possessions >= 1000",38.05,35-40,5839,5863,11702,2.306,1.37,0.935,3.081,3.606,-0.525,3.8534736081961825,0.7289180875992127,3.1235143714946276,0.9435646624762049,1.796792193700801,-0.8541974266902386,oj mayo,3842.0,O.J. Mayo,SG,21.0,1.0,82.0,3120.0,38.048780487804876,14.2,1.5,1.8,3.4,0.052,0.2,-1.4,-1.3,0.6
2009,201577,Robin Lopez,Robin Lopez,2009.0,21,21,2445,"BRef debut season, age >= 18, age <= 22, possessions >= 1000",10.24,10-15,1218,1227,2445,-3.46,-0.367,-3.093,-0.994,0.83,-1.823,-1.9125263918038176,-1.0080819124007874,-0.9044856285053724,-4.822435337523795,0.0597921937008008,-4.882197426690238,robin lopez,3845.0,Robin Lopez,C,20.0,1.0,60.0,614.0,10.233333333333333,11.6,0.6,0.4,1.1,0.083,-3.1,-0.3,-3.4,-0.2
2009,201579,Roy Hibbert,Roy Hibbert,2009.0,22,22,4088,"BRef debut season, age >= 18, age <= 22, possessions >= 1000",14.42,10-15,2036,2052,4088,-3.233,-1.834,-1.399,-0.767,-0.637,-0.129,-2.20114832769296,-2.305014170593623,0.1038370357144695,-5.111057273412937,-1.237140064492035,-3.873874762470397,roy hibbert,3847.0,Roy Hibbert,C,22.0,1.0,70.0,1009.0,14.414285714285715,16.1,1.0,1.2,2.1,0.102,-3.1,0.1,-3.0,-0.3
2009,201566,Russell Westbrook,Russell Westbrook,2009.0,20,20,10467,"BRef debut season, age >= 18, age <= 22, possessions >= 1000",32.54,30-35,5238,5229,10467,1.077,-1.169,2.246,2.356,0.925,1.431,3.249503261806547,-2.0085525271330926,5.258000433538244,0.3395943160865691,-0.9406784210315048,1.2802886353533776,russell westbrook,3849.0,Russell Westbrook,PG,20.0,1.0,82.0,2668.0,32.53658536585366,15.2,-0.1,2.0,1.9,0.035,-0.1,-0.9,-1.0,0.7
2009,201583,Ryan Anderson,Ryan Anderson,2009.0,21,21,4985,"BRef debut season, age >= 18, age <= 22, possessions >= 1000",19.89,15-20,2497,2488,4985,-1.695,-1.535,-0.161,0.524,0.003,0.521,-0.1475263918038176,-2.1760819124007873,2.0275143714946275,-3.0574353375237955,-1.1082078062991991,-1.9501974266902389,ryan anderson,3850.0,Ryan Anderson,PF,20.0,1.0,66.0,1312.0,19.87878787878788,13.6,1.3,1.2,2.5,0.09,-0.3,-0.9,-1.1,0.3
2010,201948,Austin Daye,Austin Daye,2010.0,22,22,3459,"BRef debut season, age >= 18, age <= 22, possessions >= 1000",13.26,10-15,1733,1726,3459,-1.855,0.511,-2.366,0.294,1.334,-1.04,-0.8231483276929601,0.039985829406377,-0.8631629642855305,-3.7330572734129377,1.1078599355079652,-4.840874762470397,austin daye,3860.0,Austin Daye,SF,21.0,1.0,69.0,915.0,13.26086956521739,12.8,0.6,0.7,1.3,0.067,-1.7,-0.1,-1.8,0.1
2010,201943,Brandon Jennings,Brandon Jennings,2010.0,20,20,10932,"BRef debut season, age >= 18, age <= 22, possessions >= 1000",32.57,30-35,5461,5471,10932,1.841,-1.263,3.104,3.049,0.387,2.662,4.013503261806547,-2.102552527133093,6.116000433538244,1.103594316086569,-1.0346784210315043,2.1382886353533777,brandon jennings,3861.0,Brandon Jennings,PG,20.0,1.0,82.0,2671.0,32.573170731707314,14.5,0.3,3.9,4.2,0.075,0.5,0.2,0.7,1.8
2010,201978,Chase Budinger,Chase Budinger,2010.0,22,22,5884,"BRef debut season, age >= 18, age <= 22, possessions >= 1000",20.11,20-25,2943,2941,5884,2.187,0.496,1.69,4.103,1.732,2.371,3.2188516723070397,0.024985829406377,3.1928370357144695,0.3089427265870621,1.0928599355079651,-0.7848747624703969,chase budinger,3864.0,Chase Budinger,SF,21.0,1.0,74.0,1488.0,20.10810810810811,14.1,1.9,1.2,3.1,0.1,1.1,-0.7,0.5,0.9
2010,201969,DaJuan Summers,DaJuan Summers,2010.0,22,22,1541,"BRef debut season, age >= 18, age <= 22, possessions >= 1000",9.21,5-10,767,774,1541,-3.783,-0.157,-3.625,-2.181,0.353,-2.534,-2.75114832769296,-0.628014170593623,-2.1221629642855304,-5.661057273412938,0.4398599355079652,-6.099874762470397,dajuan summers,3866.0,DaJuan Summers,SF,22.0,1.0,44.0,405.0,9.204545454545455,7.5,-0.1,0.1,0.0,0.002,-3.4,-1.8,-5.2,-0.3
2010,201954,Darren Collison,Darren Collison,2010.0,22,22,8216,"BRef debut season, age >= 18, age <= 22, possessions >= 1000",27.75,25-30,4098,4118,8216,0.011,-0.02,0.03,1.719,1.399,0.319,1.0428516723070398,-0.4910141705936229,1.5328370357144696,-1.8670572734129376,0.5768599355079652,-2.444874762470397,darren collison,3869.0,Darren Collison,PG,22.0,1.0,76.0,2109.0,27.75,16.5,1.9,1.1,2.9,0.067,0.9,-1.8,-0.8,0.6
2010,201971,DeJuan Blair,DeJuan Blair,2010.0,21,21,6146,"BRef debut season, age >= 18, age <= 22, possessions >= 1000",18.22,15-20,3054,3092,6146,0.029,-0.672,0.702,2.009,0.367,1.642,1.5764736081961823,-1.3130819124007873,2.8905143714946275,-1.3334353375237953,-0.2452078062991992,-1.0871974266902389,dejuan blair,3871.0,DeJuan Blair,PF,20.0,1.0,82.0,1494.0,18.21951219512195,17.7,1.8,2.8,4.6,0.147,-1.0,0.4,-0.7,0.5
2010,201942,DeMar DeRozan,DeMar DeRozan,2010.0,20,20,6474,"BRef debut season, age >= 18, age <= 22, possessions >= 1000",21.61,20-25,3231,3243,6474,-1.947,0.216,-2.163,-0.031,1.452,-1.482,0.2255032618065469,-0.6235525271330928,0.8490004335382442,-2.6844056839134307,0.4443215789684953,-3.1287113646466223,demar derozan,3872.0,DeMar DeRozan,SG,20.0,1.0,77.0,1664.0,21.61038961038961,12.5,2.0,0.3,2.3,0.066,-1.5,-1.3,-2.8,-0.3
2010,201974,Derrick Brown,Derrick Brown,2010.0,22,22,2035,"BRef debut season, age >= 18, age <= 22, possessions >= 1000",9.39,5-10,1015,1020,2035,-1.907,-0.683,-1.224,-0.306,-0.173,-0.133,-0.8751483276929601,-1.1540141705936229,0.2788370357144696,-3.7850572734129377,-0.0861400644920348,-3.698874762470397,derrick brown,3874.0,Derrick Brown,SF,22.0,1.0,57.0,535.0,9.385964912280702,12.6,0.5,0.8,1.3,0.114,-1.7,1.1,-0.6,0.2
2010,201947,Earl Clark,Earl Clark,2010.0,22,22,1601,"BRef debut season, age >= 18, age <= 22, possessions >= 1000",7.52,5-10,798,803,1601,-3.06,-0.043,-3.016,-1.458,0.467,-1.926,-2.02814832769296,-0.514014170593623,-1.5131629642855304,-4.938057273412937,0.5538599355079652,-5.490874762470397,earl clark,3875.0,Earl Clark,PF,22.0,1.0,51.0,383.0,7.509803921568627,8.5,-0.5,0.2,-0.3,-0.033,-3.9,-1.6,-5.5,-0.3
2010,201935,James Harden,James Harden,2010.0,20,20,7140,"BRef debut season, age >= 18, age <= 22, possessions >= 1000",22.87,20-25,3561,3579,7140,0.493,-1.485,1.978,2.409,-0.249,2.659,2.665503261806547,-2.324552527133093,4.990000433538244,-0.2444056839134308,-1.2566784210315047,1.0122886353533778,james harden,3880.0,James Harden,SG,20.0,1.0,76.0,1738.0,22.86842105263158,14.0,2.0,2.5,4.5,0.124,-0.7,1.2,0.5,1.1
2010,201952,Jeff Teague,Jeff Teague,2010.0,22,22,3065,"BRef debut season, age >= 18, age <= 22, possessions >= 1000",10.12,10-15,1520,1545,3065,-2.504,-0.489,-2.015,-0.355,0.334,-0.689,-1.47214832769296,-0.9600141705936228,-0.5121629642855305,-4.382057273412938,0.1078599355079652,-4.4898747624703965,jeff teague,3884.0,Jeff Teague,PG,21.0,1.0,71.0,719.0,10.126760563380282,11.0,-0.2,0.8,0.6,0.042,-3.8,0.3,-3.6,-0.3
2010,201975,Jodie Meeks,Jodie Meeks,2010.0,22,22,2874,"BRef debut season, age >= 18, age <= 22, possessions >= 1000",11.98,10-15,1442,1432,2874,-1.032,0.451,-1.483,1.117,1.274,-0.157,-0.0001483276929601,-0.0200141705936229,0.0198370357144694,-2.9100572734129377,1.0478599355079652,-3.957874762470397,jodie meeks,3886.0,Jodie Meeks,SG,22.0,1.0,60.0,719.0,11.983333333333333,10.8,0.1,0.8,0.9,0.06,-1.5,-0.5,-2.1,0.0
2010,201938,Jonny Flynn,Jonny Flynn,2010.0,21,21,9396,"BRef debut season, age >= 18, age <= 22, possessions >= 1000",28.88,25-30,4693,4703,9396,-0.881,1.657,-2.538,0.827,3.076,-2.249,0.6664736081961824,1.0159180875992126,-0.3494856285053722,-2.243435337523795,2.083792193700801,-4.327197426690239,jonny flynn,3889.0,Jonny Flynn,PG,20.0,1.0,81.0,2339.0,28.876543209876544,13.0,-0.6,0.7,0.1,0.002,-0.8,-2.1,-2.9,-0.5
2010,201941,Jordan Hill,Jordan Hill,2010.0,22,22,2391,"BRef debut season, age >= 18, age <= 22, possessions >= 1000",13.28,10-15,1196,1195,2391,-1.98,-0.055,-1.925,0.169,0.767,-0.599,-0.94814832769296,-0.526014170593623,-0.4221629642855304,-3.8580572734129377,0.5418599355079652,-4.399874762470397,jordan hill,3890.0,Jordan Hill,PF,22.0,1.0,47.0,624.0,13.27659574468085,15.0,0.8,0.6,1.4,0.105,-2.1,-1.4,-3.5,-0.2
2010,201950,Jrue Holiday,Jrue Holiday,2010.0,20,20,6722,"BRef debut season, age >= 18, age <= 22, possessions >= 1000",24.2,20-25,3364,3358,6722,0.107,-0.102,0.209,2.023,1.134,0.889,2.279503261806547,-0.9415525271330928,3.221000433538244,-0.6304056839134309,0.1263215789684953,-0.7567113646466224,jrue holiday,3891.0,Jrue Holiday,PG,19.0,1.0,73.0,1767.0,24.205479452054796,12.3,0.2,1.0,1.2,0.032,-1.1,-0.6,-1.7,0.1
2010,201956,Omri Casspi,Omri Casspi,2010.0,22,22,7620,"BRef debut season, age >= 18, age <= 22, possessions >= 1000",25.08,25-30,3812,3808,7620,-0.285,-1.277,0.992,1.423,0.142,1.281,0.74685167230704,-1.7480141705936227,2.4948370357144696,-2.163057273412938,-0.6801400644920347,-1.4828747624703968,omri casspi,3896.0,Omri Casspi,SF,21.0,1.0,77.0,1931.0,25.07792207792208,13.0,1.1,1.4,2.5,0.063,-0.3,-0.8,-1.1,0.4
2010,201958,Rodrigue Beaubois,Rodrigue Beaubois,2010.0,22,22,2903,"BRef debut season, age >= 18, age <= 22, possessions >= 1000",12.5,10-15,1445,1458,2903,-0.522,-0.609,0.087,1.627,0.214,1.413,0.5098516723070399,-1.080014170593623,1.5898370357144695,-2.400057273412938,-0.0121400644920347,-2.3878747624703967,rodrigue beaubois,3900.0,Rodrigue Beaubois,PG,21.0,1.0,56.0,700.0,12.5,18.5,1.1,0.8,2.0,0.134,1.3,0.2,1.5,0.6
2010,201586,Serge Ibaka,Serge Ibaka,2010.0,20,20,5662,"BRef debut season, age >= 18, age <= 22, possessions >= 1000",18.13,15-20,2824,2838,5662,-2.569,-1.525,-1.044,-0.589,-0.485,-0.103,-0.396496738193453,-2.3645525271330925,1.968000433538244,-3.3064056839134306,-1.2966784210315043,-2.0097113646466225,serge ibaka,3902.0,Serge Ibaka,PF,20.0,1.0,73.0,1323.0,18.123287671232877,15.2,1.3,2.4,3.7,0.134,-2.4,0.9,-1.5,0.2
2010,201939,Stephen Curry,Stephen Curry,2010.0,22,22,12239,"BRef debut season, age >= 18, age <= 22, possessions >= 1000",36.2,35-40,6125,6114,12239,4.102,0.867,3.235,4.755,2.251,2.504,5.13385167230704,0.395985829406377,4.7378370357144695,2.2239427265870626,1.4638599355079651,0.760125237529603,stephen curry,3903.0,Stephen Curry,PG,21.0,1.0,80.0,2896.0,36.2,16.3,3.0,1.6,4.7,0.077,1.1,-0.5,0.7,2.0
2010,201951,Ty Lawson,Ty Lawson,2010.0,22,22,5770,"BRef debut season, age >= 18, age <= 22, possessions >= 1000",20.27,20-25,2890,2880,5770,0.745,-0.731,1.475,2.661,0.505,2.156,1.77685167230704,-1.202014170593623,2.9778370357144697,-1.1330572734129376,-0.1341400644920347,-0.9998747624703967,ty lawson,3910.0,Ty Lawson,PG,22.0,1.0,65.0,1318.0,20.276923076923076,16.4,2.9,0.9,3.7,0.135,1.5,-0.4,1.1,1.0
2010,201936,Tyreke Evans,Tyreke Evans,2010.0,20,20,10379,"BRef debut season, age >= 18, age <= 22, possessions >= 1000",37.17,35-40,5195,5184,10379,0.047,0.156,-0.108,0.701,1.54,-0.839,2.219503261806547,-0.6835525271330928,2.904000433538244,-0.6904056839134308,0.3843215789684953,-1.0737113646466223,tyreke evans,3912.0,Tyreke Evans,SG,20.0,1.0,72.0,2677.0,37.18055555555556,18.2,3.3,2.1,5.4,0.097,1.3,0.0,1.3,2.2
2010,201961,Wayne Ellington,Wayne Ellington,2010.0,22,22,5550,"BRef debut season, age >= 18, age <= 22, possessions >= 1000",18.21,15-20,2782,2768,5550,-1.219,-0.08,-1.139,0.761,0.96,-0.199,-0.1871483276929602,-0.5510141705936229,0.3638370357144695,-3.097057273412938,0.5168599355079653,-3.613874762470397,wayne ellington,3913.0,Wayne Ellington,SG,22.0,1.0,76.0,1384.0,18.210526315789473,9.6,0.3,0.1,0.4,0.014,-1.6,-1.9,-3.5,-0.5
2011,202329,Al-Farouq Aminu,Al-Farouq Aminu,2011.0,20,20,5595,"BRef debut season, age >= 18, age <= 22, possessions >= 1000",17.92,15-20,2794,2801,5595,-2.633,-0.545,-2.088,0.347,0.931,-0.584,-0.460496738193453,-1.384552527133093,0.924000433538244,-3.3704056839134307,-0.3166784210315047,-3.0537113646466225,alfarouq aminu,3915.0,Al-Farouq Aminu,SF,20.0,1.0,81.0,1452.0,17.925925925925927,9.6,-0.8,1.4,0.7,0.022,-2.7,-0.1,-2.8,-0.3
2011,202356,Armon Johnson,Armon Johnson,2011.0,22,22,1088,"BRef debut season, age >= 18, age <= 22, possessions >= 1000",7.3,5-10,541,547,1088,-4.486,-2.035,-2.451,-2.219,-1.134,-1.085,-3.45414832769296,-2.506014170593623,-0.9481629642855304,-6.3640572734129375,-1.438140064492035,-4.9258747624703965,armon johnson,3917.0,Armon Johnson,PG,21.0,1.0,38.0,277.0,7.2894736842105265,9.3,-0.4,0.2,-0.3,-0.044,-3.3,-1.9,-5.1,-0.2
2011,201933,Blake Griffin,Blake Griffin,2011.0,22,22,11952,"BRef debut season, age >= 18, age <= 22, possessions >= 1000",37.94,35-40,5980,5972,11952,4.95,-0.973,5.923,5.58,1.307,4.274,5.98185167230704,-1.444014170593623,7.425837035714469,3.0719427265870625,-0.3761400644920347,3.448125237529603,blake griffin,3920.0,Blake Griffin,PF,21.0,1.0,82.0,3112.0,37.951219512195124,21.9,6.5,3.4,9.8,0.152,3.0,-0.3,2.6,3.6
2011,201963,Christian Eyenga,Christian Eyenga,2011.0,22,22,3707,"BRef debut season, age >= 18, age <= 22, possessions >= 1000",21.52,20-25,1850,1857,3707,-2.961,-0.593,-2.369,-0.452,0.99,-1.442,-1.92914832769296,-1.064014170593623,-0.8661629642855306,-4.839057273412937,0.0038599355079652,-4.8438747624703975,christian eyenga,3922.0,Christian Eyenga,SF,21.0,1.0,44.0,947.0,21.522727272727273,9.0,-0.8,0.5,-0.3,-0.016,-3.4,-0.6,-4.0,-0.5
2011,202326,DeMarcus Cousins,DeMarcus Cousins,2011.0,20,20,9003,"BRef debut season, age >= 18, age <= 22, possessions >= 1000",28.51,25-30,4517,4486,9003,0.846,0.12,0.727,2.628,2.014,0.614,3.018503261806547,-0.7195525271330928,3.739000433538244,0.1085943160865691,0.3483215789684953,-0.2387113646466223,demarcus cousins,3926.0,DeMarcus Cousins,C,20.0,1.0,81.0,2309.0,28.506172839506174,14.6,-1.9,2.9,1.1,0.022,-2.7,0.1,-2.6,-0.4
2011,202324,Derrick Favors,Derrick Favors,2011.0,19,19,5712,"BRef debut season, age >= 18, age <= 22, possessions >= 1000",19.69,15-20,2844,2868,5712,-2.957,-0.888,-2.069,0.023,0.588,-0.565,-0.0470910542800222,-1.955874106101588,1.9087117981848665,-2.957,-0.888,-2.069,derrick favors,3928.0,Derrick Favors,PF,19.0,1.0,78.0,1535.0,19.67948717948718,13.9,1.5,1.4,2.9,0.091,-2.6,-0.6,-3.2,-0.5
2011,202334,Ed Davis,Ed Davis,2011.0,22,22,6192,"BRef debut season, age >= 18, age <= 22, possessions >= 1000",24.64,20-25,3087,3105,6192,-1.677,1.667,-3.344,0.833,3.249,-2.417,-0.6451483276929602,1.1959858294063772,-1.8411629642855305,-3.5550572734129378,2.2638599355079654,-5.818874762470397,ed davis,3932.0,Ed Davis,PF,21.0,1.0,65.0,1602.0,24.646153846153847,15.8,2.9,1.1,4.0,0.119,-0.2,-0.8,-0.9,0.4
2011,202339,Eric Bledsoe,Eric Bledsoe,2011.0,21,21,7003,"BRef debut season, age >= 18, age <= 22, possessions >= 1000",22.72,20-25,3501,3502,7003,-1.618,-0.55,-1.069,0.892,1.033,-0.141,-0.0705263918038177,-1.1910819124007874,1.1195143714946276,-2.9804353375237955,-0.1232078062991992,-2.8581974266902384,eric bledsoe,3934.0,Eric Bledsoe,PG,21.0,1.0,81.0,1841.0,22.728395061728396,10.8,-1.3,1.6,0.3,0.008,-2.4,0.2,-2.2,-0.1
2011,202323,Evan Turner,Evan Turner,2011.0,22,22,7201,"BRef debut season, age >= 18, age <= 22, possessions >= 1000",23.04,20-25,3577,3624,7201,-2.496,-1.009,-1.487,0.014,0.574,-0.56,-1.46414832769296,-1.480014170593623,0.0158370357144694,-4.374057273412937,-0.4121400644920346,-3.961874762470397,evan turner,3936.0,Evan Turner,SG,22.0,1.0,78.0,1797.0,23.03846153846154,10.8,0.0,2.2,2.3,0.06,-2.6,0.4,-2.2,-0.1
2011,202330,Gordon Hayward,Gordon Hayward,2011.0,21,21,4605,"BRef debut season, age >= 18, age <= 22, possessions >= 1000",16.91,15-20,2296,2309,4605,-2.112,1.501,-3.613,0.869,2.978,-2.109,-0.5645263918038177,0.8599180875992125,-1.4244856285053724,-3.4744353375237953,1.927792193700801,-5.402197426690239,gordon hayward,3941.0,Gordon Hayward,SF,20.0,1.0,72.0,1218.0,16.916666666666668,10.7,0.8,0.4,1.2,0.048,-1.2,-1.1,-2.2,-0.1
2011,202328,Greg Monroe,Greg Monroe,2011.0,21,21,8175,"BRef debut season, age >= 18, age <= 22, possessions >= 1000",27.77,25-30,4089,4086,8175,0.827,0.156,0.671,2.609,2.05,0.559,2.3744736081961824,-0.4850819124007873,2.859514371494628,-0.5354353375237952,0.5827921937008008,-1.1181974266902386,greg monroe,3942.0,Greg Monroe,C,20.0,1.0,80.0,2222.0,27.775,18.0,4.7,1.9,6.6,0.143,0.9,-0.5,0.4,1.4
2011,202397,Ish Smith,Ish Smith,2011.0,22,22,1768,"BRef debut season, age >= 18, age <= 22, possessions >= 1000",10.27,10-15,881,887,1768,-3.685,-0.847,-2.838,-0.948,0.356,-1.304,-2.65314832769296,-1.318014170593623,-1.3351629642855305,-5.563057273412937,-0.2501400644920347,-5.312874762470397,ish smith,3946.0,Ish Smith,PG,22.0,1.0,43.0,442.0,10.279069767441861,7.6,-0.5,0.4,-0.1,-0.016,-4.5,-0.5,-5.0,-0.3
2011,202341,James Anderson,James Anderson,2011.0,22,22,1102,"BRef debut season, age >= 18, age <= 22, possessions >= 1000",11.01,10-15,546,556,1102,-4.318,-0.892,-3.425,-1.581,0.31,-1.891,-3.2861483276929597,-1.363014170593623,-1.9221629642855305,-6.196057273412937,-0.2951400644920348,-5.899874762470397,james anderson,3947.0,James Anderson,SF,21.0,1.0,26.0,286.0,11.0,8.5,0.1,0.2,0.3,0.051,-1.1,-0.6,-1.7,0.0
2011,202391,Jeremy Lin,Jeremy Lin,2011.0,22,22,1101,"BRef debut season, age >= 18, age <= 22, possessions >= 1000",9.81,5-10,549,552,1101,-1.842,-0.991,-0.851,0.425,-0.09,0.515,-0.8101483276929602,-1.462014170593623,0.6518370357144696,-3.720057273412938,-0.3941400644920347,-3.325874762470397,jeremy lin,3950.0,Jeremy Lin,PG,22.0,1.0,29.0,285.0,9.827586206896552,14.8,0.0,0.4,0.5,0.078,-2.1,4.4,2.2,0.3
2011,202322,John Wall,John Wall,2011.0,20,20,10177,"BRef debut season, age >= 18, age <= 22, possessions >= 1000",37.77,35-40,5105,5072,10177,0.304,0.615,-0.311,0.935,2.895,-1.96,2.476503261806547,-0.2245525271330928,2.701000433538244,-0.4334056839134309,0.8433215789684954,-1.2767113646466224,john wall,3951.0,John Wall,PG,20.0,1.0,69.0,2606.0,37.768115942028984,15.8,0.3,1.9,2.2,0.041,0.0,-0.8,-0.8,0.8
2011,202348,Jordan Crawford,Jordan Crawford,2011.0,22,22,3958,"BRef debut season, age >= 18, age <= 22, possessions >= 1000",24.44,20-25,1976,1982,3958,-1.935,0.935,-2.87,0.575,2.517,-1.943,-0.9031483276929602,0.4639858294063771,-1.3671629642855303,-3.8130572734129378,1.5318599355079652,-5.344874762470397,jordan crawford,3952.0,Jordan Crawford,SG,22.0,1.0,42.0,1027.0,24.452380952380953,11.8,-1.0,0.5,-0.6,-0.026,-1.5,-2.3,-3.8,-0.5
2011,202338,Kevin Seraphin,Kevin Seraphin,2011.0,21,21,2514,"BRef debut season, age >= 18, age <= 22, possessions >= 1000",10.94,10-15,1256,1258,2514,-4.448,0.931,-5.38,-1.712,2.134,-3.845,-2.900526391803818,0.2899180875992126,-3.1914856285053723,-5.810435337523796,1.3577921937008008,-7.169197426690238,kevin seraphin,3953.0,Kevin Séraphin,PF,21.0,1.0,58.0,635.0,10.948275862068966,8.4,-0.2,0.5,0.2,0.017,-5.8,-1.0,-6.9,-0.8
2011,202336,Larry Sanders,Larry Sanders,2011.0,22,22,3290,"BRef debut season, age >= 18, age <= 22, possessions >= 1000",14.54,10-15,1643,1647,3290,-5.416,-0.548,-4.868,-2.68,0.654,-3.334,-4.3841483276929605,-1.019014170593623,-3.3651629642855307,-7.294057273412938,0.0488599355079651,-7.342874762470397,larry sanders,3957.0,Larry Sanders,C,22.0,1.0,60.0,872.0,14.533333333333333,11.0,-0.7,1.8,1.0,0.057,-5.2,1.7,-3.5,-0.3
2011,202412,Manny Harris,Manny Harris,2011.0,21,21,3615,"BRef debut season, age >= 18, age <= 22, possessions >= 1000",17.28,15-20,1799,1816,3615,-2.673,0.238,-2.911,0.307,1.714,-1.407,-1.1255263918038176,-0.4030819124007874,-0.7224856285053725,-4.035435337523795,0.6647921937008008,-4.700197426690239,manny harris,3961.0,Manny Harris,SG,21.0,1.0,54.0,933.0,17.27777777777778,10.4,-0.4,0.4,0.0,0.002,-2.3,-1.2,-3.5,-0.4
2011,202335,Patrick Patterson,Patrick Patterson,2011.0,22,22,3340,"BRef debut season, age >= 18, age <= 22, possessions >= 1000",16.68,15-20,1668,1672,3340,-1.63,-1.491,-0.14,1.35,-0.014,1.364,-0.59814832769296,-1.9620141705936232,1.3628370357144697,-3.5080572734129376,-0.8941400644920349,-2.614874762470397,patrick patterson,3968.0,Patrick Patterson,PF,21.0,1.0,52.0,868.0,16.692307692307693,16.7,1.7,0.7,2.4,0.134,0.4,-0.1,0.3,0.5
2011,202331,Paul George,Paul George,2011.0,21,21,5527,"BRef debut season, age >= 18, age <= 22, possessions >= 1000",20.73,20-25,2760,2767,5527,1.879,-1.268,3.147,4.389,0.315,4.074,3.4264736081961824,-1.9090819124007872,5.335514371494627,0.5165646624762048,-0.8412078062991992,1.3578025733097612,paul george,3969.0,Paul George,SG,20.0,1.0,61.0,1265.0,20.737704918032787,13.0,0.5,1.9,2.4,0.091,-1.6,1.4,-0.1,0.6
2011,202396,Samardo Samuels,Samardo Samuels,2011.0,22,22,2738,"BRef debut season, age >= 18, age <= 22, possessions >= 1000",18.96,15-20,1367,1371,2738,-3.958,-0.91,-3.048,-0.977,0.566,-1.544,-2.9261483276929603,-1.381014170593623,-1.5451629642855305,-5.836057273412938,-0.3131400644920348,-5.522874762470397,samardo samuels,3971.0,Samardo Samuels,PF,22.0,1.0,37.0,701.0,18.945945945945947,11.7,-0.3,0.3,0.0,0.002,-3.6,-2.2,-5.8,-0.7
2011,202333,Xavier Henry,Xavier Henry,2011.0,20,20,1974,"BRef debut season, age >= 18, age <= 22, possessions >= 1000",13.88,10-15,984,990,1974,-4.832,-1.388,-3.443,-2.095,-0.186,-1.909,-2.659496738193453,-2.227552527133093,-0.4309995664617561,-5.5694056839134305,-1.1596784210315043,-4.4087113646466225,xavier henry,3980.0,Xavier Henry,SG,19.0,1.0,38.0,527.0,13.868421052631579,7.0,-0.1,0.3,0.2,0.021,-4.5,-0.8,-5.3,-0.4
2012,202692,Alec Burks,Alec Burks,2012.0,20,20,3794,"BRef debut season, age >= 18, age <= 22, possessions >= 1000",15.91,15-20,1899,1895,3794,-0.678,-0.719,0.04,2.162,0.827,1.336,1.494503261806547,-1.558552527133093,3.052000433538244,-1.415405683913431,-0.4906784210315046,-0.9257113646466224,alec burks,3982.0,Alec Burks,SG,20.0,1.0,59.0,939.0,15.915254237288135,14.0,1.1,0.4,1.5,0.076,-0.6,-1.4,-2.0,0.0
2012,202687,Bismack Biyombo,Bismack Biyombo,2012.0,19,19,5467,"BRef debut season, age >= 18, age <= 22, possessions >= 1000",23.1,20-25,2739,2728,5467,-3.906,-0.613,-3.292,-1.581,1.318,-2.899,-0.9960910542800224,-1.6808741061015882,0.6857117981848666,-3.906,-0.613,-3.292,bismack biyombo,3984.0,Bismack Biyombo,C,19.0,1.0,63.0,1455.0,23.095238095238095,10.6,-0.5,1.1,0.6,0.019,-4.5,-0.2,-4.6,-1.0
2012,202688,Brandon Knight,Brandon Knight,2012.0,20,20,7910,"BRef debut season, age >= 18, age <= 22, possessions >= 1000",32.25,30-35,3956,3954,7910,-0.254,0.16,-0.414,0.918,1.951,-1.033,1.918503261806547,-0.6795525271330928,2.598000433538244,-0.9914056839134308,0.3883215789684953,-1.3797113646466224,brandon knight,3985.0,Brandon Knight,PG,20.0,1.0,66.0,2129.0,32.25757575757576,11.7,0.3,1.0,1.3,0.029,-0.9,-1.7,-2.6,-0.3
2012,202698,Chris Singleton,Chris Singleton,2012.0,22,22,5524,"BRef debut season, age >= 18, age <= 22, possessions >= 1000",21.68,20-25,2755,2769,5524,-3.321,-3.374,0.054,-0.997,-1.443,0.447,-2.2891483276929603,-3.845014170593623,1.5568370357144696,-5.199057273412938,-2.777140064492035,-2.420874762470397,chris singleton,3989.0,Chris Singleton,SF,22.0,1.0,66.0,1431.0,21.681818181818183,8.3,0.1,1.5,1.5,0.052,-3.5,1.2,-2.2,-0.1
2012,202709,Cory Joseph,Cory Joseph,2012.0,20,20,1016,"BRef debut season, age >= 18, age <= 22, possessions >= 1000",9.17,5-10,502,514,1016,-3.204,1.363,-4.567,-0.715,2.043,-2.758,-1.0314967381934532,0.5234474728669072,-1.5549995664617562,-3.9414056839134313,1.5913215789684954,-5.532711364646622,cory joseph,3992.0,Cory Joseph,PG,20.0,1.0,29.0,266.0,9.172413793103448,6.9,-0.2,0.2,0.0,0.001,-4.4,-0.6,-5.0,-0.2
2012,202682,Derrick Williams,Derrick Williams,2012.0,21,21,5564,"BRef debut season, age >= 18, age <= 22, possessions >= 1000",21.48,20-25,2780,2784,5564,-0.807,-0.396,-0.411,1.517,1.535,-0.018,0.7404736081961824,-1.0370819124007875,1.7775143714946275,-2.169435337523795,0.0307921937008007,-2.2001974266902384,derrick williams,4001.0,Derrick Williams,PF,20.0,1.0,66.0,1418.0,21.484848484848484,12.9,0.6,1.2,1.8,0.059,-1.4,-0.7,-2.1,0.0
2012,202683,Enes Freedom,Enes Freedom,2012.0,20,20,3495,"BRef debut season, age >= 18, age <= 22, possessions >= 1000",13.25,10-15,1758,1737,3495,-2.944,0.36,-3.304,0.078,1.58,-1.501,-0.771496738193453,-0.4795525271330928,-0.2919995664617558,-3.6814056839134306,0.5883215789684954,-4.269711364646622,enes freedom,4006.0,Enes Freedom,C,19.0,1.0,66.0,874.0,13.242424242424242,14.5,0.9,0.8,1.7,0.095,-1.2,-1.7,-3.0,-0.2
2012,202697,Iman Shumpert,Iman Shumpert,2012.0,22,22,6675,"BRef debut season, age >= 18, age <= 22, possessions >= 1000",28.91,25-30,3334,3341,6675,2.95,-1.228,4.178,4.846,0.268,4.579,3.98185167230704,-1.6990141705936228,5.68083703571447,1.0719427265870625,-0.6311400644920347,1.703125237529603,iman shumpert,4011.0,Iman Shumpert,PG,21.0,1.0,59.0,1705.0,28.89830508474576,10.8,-0.1,2.5,2.4,0.068,-3.0,1.6,-1.4,0.2
2012,202686,Jan Vesely,Jan Vesely,2012.0,22,22,4118,"BRef debut season, age >= 18, age <= 22, possessions >= 1000",18.9,15-20,2061,2057,4118,-2.557,-1.296,-1.26,0.284,0.249,0.035,-1.52514832769296,-1.7670141705936229,0.2428370357144695,-4.435057273412937,-0.6991400644920348,-3.7348747624703966,jan vesely,4015.0,Jan Veselý,PF,21.0,1.0,57.0,1078.0,18.912280701754387,11.5,0.7,1.0,1.7,0.076,-3.0,0.4,-2.6,-0.2
2012,202719,Jeremy Tyler,Jeremy Tyler,2012.0,21,21,2232,"BRef debut season, age >= 18, age <= 22, possessions >= 1000",13.53,10-15,1113,1119,2232,-2.428,0.043,-2.471,0.594,1.263,-0.669,-0.8805263918038175,-0.5980819124007873,-0.2824856285053725,-3.790435337523795,0.4697921937008008,-4.2601974266902385,jeremy tyler,4018.0,Jeremy Tyler,C,20.0,1.0,42.0,568.0,13.523809523809524,10.4,-0.5,0.4,-0.2,-0.014,-5.5,-2.3,-7.8,-0.8
2012,202710,Jimmy Butler,Jimmy Butler,2012.0,22,22,1324,"BRef debut season, age >= 18, age <= 22, possessions >= 1000",8.55,5-10,655,669,1324,-0.78,-1.394,0.614,1.71,-0.713,2.424,0.2518516723070398,-1.8650141705936227,2.1168370357144695,-2.658057273412938,-0.7971400644920347,-1.860874762470397,jimmy butler,4023.0,Jimmy Butler,SG,22.0,1.0,42.0,359.0,8.547619047619047,12.5,0.5,0.6,1.1,0.144,-1.8,0.5,-1.3,0.1
2012,202706,Jordan Hamilton,Jordan Hamilton,2012.0,21,21,1038,"BRef debut season, age >= 18, age <= 22, possessions >= 1000",9.92,5-10,518,520,1038,-0.192,-0.569,0.377,2.297,0.111,2.186,1.3554736081961825,-1.210081912400787,2.5655143714946274,-1.5544353375237951,-0.1422078062991991,-1.4121974266902386,jordan hamilton,4025.0,Jordan Hamilton,SF,21.0,1.0,26.0,258.0,9.923076923076923,13.9,0.1,0.2,0.3,0.055,1.3,-1.1,0.1,0.1
2012,202716,Jordan Williams,Jordan Williams,2012.0,21,21,2441,"BRef debut season, age >= 18, age <= 22, possessions >= 1000",14.76,10-15,1220,1221,2441,0.825,-0.751,1.576,3.847,0.469,3.378,2.3724736081961826,-1.3920819124007875,3.764514371494627,-0.5374353375237952,-0.3242078062991992,-0.2131974266902385,jordan williams,4026.0,Jordan Williams,C,21.0,1.0,43.0,635.0,14.767441860465116,14.5,1.0,0.4,1.3,0.101,-0.9,-1.2,-2.1,0.0
2012,202695,Kawhi Leonard,Kawhi Leonard,2012.0,21,21,7373,"BRef debut season, age >= 18, age <= 22, possessions >= 1000",23.97,20-25,3678,3695,7373,1.759,-0.104,1.863,4.084,1.827,2.256,3.3064736081961823,-0.7450819124007874,4.051514371494628,0.3965646624762047,0.3227921937008008,0.0738025733097613,kawhi leonard,4032.0,Kawhi Leonard,SF,20.0,1.0,64.0,1534.0,23.96875,16.6,3.1,2.4,5.5,0.171,1.6,1.8,3.4,2.1
2012,202689,Kemba Walker,Kemba Walker,2012.0,22,22,6728,"BRef debut season, age >= 18, age <= 22, possessions >= 1000",27.15,25-30,3361,3367,6728,-1.795,1.145,-2.94,0.101,2.64,-2.539,-0.76314832769296,0.6739858294063771,-1.4371629642855304,-3.6730572734129376,1.7418599355079651,-5.414874762470397,kemba walker,4034.0,Kemba Walker,PG,21.0,1.0,66.0,1792.0,27.151515151515152,14.9,-0.2,0.5,0.3,0.009,0.7,-1.4,-0.8,0.6
2012,202702,Kenneth Faried,Kenneth Faried,2012.0,22,22,4764,"BRef debut season, age >= 18, age <= 22, possessions >= 1000",22.55,20-25,2380,2384,4764,0.906,0.278,0.628,3.231,2.209,1.022,1.93785167230704,-0.1930141705936229,2.1308370357144697,-0.9720572734129376,0.8748599355079653,-1.8468747624703967,kenneth faried,4035.0,Kenneth Faried,PF,22.0,1.0,46.0,1037.0,22.543478260869566,21.9,3.2,1.3,4.6,0.212,2.4,-0.2,2.2,1.1
2012,202691,Klay Thompson,Klay Thompson,2012.0,22,22,6196,"BRef debut season, age >= 18, age <= 22, possessions >= 1000",24.36,20-25,3095,3101,6196,1.885,0.288,1.596,4.209,2.219,1.99,2.9168516723070397,-0.1830141705936229,3.0988370357144697,0.0069427265870622,0.8848599355079652,-0.8788747624703968,klay thompson,4036.0,Klay Thompson,SG,21.0,1.0,66.0,1608.0,24.363636363636363,14.9,1.4,0.3,1.7,0.05,0.3,-1.7,-1.4,0.2
2012,202681,Kyrie Irving,Kyrie Irving,2012.0,20,20,6027,"BRef debut season, age >= 18, age <= 22, possessions >= 1000",30.55,30-35,3010,3017,6027,4.26,-0.119,4.379,5.432,1.672,3.76,6.432503261806547,-0.9585525271330928,7.3910004335382435,3.522594316086569,0.1093215789684953,3.413288635353377,kyrie irving,4037.0,Kyrie Irving,PG,19.0,1.0,51.0,1558.0,30.54901960784314,21.4,3.4,0.6,4.1,0.125,4.6,-0.5,4.1,2.4
2012,202693,Markieff Morris,Markieff Morris,2012.0,22,22,4729,"BRef debut season, age >= 18, age <= 22, possessions >= 1000",19.48,15-20,2356,2373,4729,0.145,-1.206,1.35,2.985,0.34,2.645,1.17685167230704,-1.677014170593623,2.8528370357144697,-1.7330572734129377,-0.6091400644920347,-1.1248747624703967,markieff morris,4043.0,Markieff Morris,PF,22.0,1.0,63.0,1227.0,19.476190476190474,12.1,0.1,1.4,1.5,0.059,-2.6,0.5,-2.1,0.0
2012,202696,Nikola Vucevic,Nikola Vucevic,2012.0,21,21,3074,"BRef debut season, age >= 18, age <= 22, possessions >= 1000",15.91,15-20,1532,1542,3074,-2.348,-2.069,-0.279,0.493,-0.524,1.016,-0.8005263918038175,-2.7100819124007876,1.9095143714946277,-3.710435337523795,-1.6422078062991992,-2.0681974266902388,nikola vucevic,4047.0,Nikola Vučević,C,21.0,1.0,51.0,812.0,15.92156862745098,14.3,0.2,1.6,1.8,0.109,-2.5,0.3,-2.2,0.0
2012,202704,Reggie Jackson,Reggie Jackson,2012.0,22,22,1943,"BRef debut season, age >= 18, age <= 22, possessions >= 1000",11.13,10-15,968,975,1943,-4.337,-2.191,-2.146,-1.315,-0.971,-0.343,-3.30514832769296,-2.662014170593623,-0.6431629642855303,-6.2150572734129375,-1.5941400644920347,-4.620874762470397,reggie jackson,4050.0,Reggie Jackson,PG,21.0,1.0,45.0,501.0,11.133333333333333,9.2,-0.4,0.5,0.1,0.011,-3.3,-0.3,-3.6,-0.2
2012,201937,Ricky Rubio,Ricky Rubio,2012.0,21,21,5501,"BRef debut season, age >= 18, age <= 22, possessions >= 1000",34.24,30-35,2752,2749,5501,0.374,-3.309,3.682,1.546,-1.517,3.063,1.9214736081961823,-3.950081912400788,5.870514371494627,-0.9884353375237952,-2.882207806299199,1.892802573309761,ricky rubio,4051.0,Ricky Rubio,PG,21.0,1.0,41.0,1404.0,34.24390243902439,14.6,0.5,1.5,2.0,0.07,-0.4,1.4,1.0,1.1
2012,202714,Shelvin Mack,Shelvin Mack,2012.0,22,22,2853,"BRef debut season, age >= 18, age <= 22, possessions >= 1000",12.18,10-15,1423,1430,2853,-0.652,-0.705,0.053,2.37,0.514,1.855,0.3798516723070398,-1.176014170593623,1.5558370357144695,-2.530057273412938,-0.1081400644920347,-2.421874762470397,shelvin mack,4053.0,Shelvin Mack,PG,21.0,1.0,64.0,779.0,12.171875,11.9,0.2,0.5,0.7,0.042,-2.0,-0.7,-2.6,-0.1
2012,202699,Tobias Harris,Tobias Harris,2012.0,19,19,1879,"BRef debut season, age >= 18, age <= 22, possessions >= 1000",11.41,10-15,940,939,1879,-2.382,-0.902,-1.48,0.64,0.318,0.322,0.5279089457199775,-1.9698741061015883,2.4977117981848664,-2.382,-0.902,-1.48,tobias harris,4055.0,Tobias Harris,SF,19.0,1.0,42.0,479.0,11.404761904761905,14.2,0.4,0.4,0.9,0.087,-1.0,-0.9,-1.9,0.0
2012,202684,Tristan Thompson,Tristan Thompson,2012.0,21,21,5307,"BRef debut season, age >= 18, age <= 22, possessions >= 1000",23.73,20-25,2655,2652,5307,-2.34,0.866,-3.206,-0.015,2.797,-2.812,-0.7925263918038175,0.2249180875992126,-1.0174856285053724,-3.702435337523795,1.292792193700801,-4.995197426690239,tristan thompson,4058.0,Tristan Thompson,PF,20.0,1.0,60.0,1424.0,23.733333333333334,13.3,0.3,0.9,1.1,0.038,-2.4,-2.3,-4.7,-1.0
2013,203083,Andre Drummond,Andre Drummond,2013.0,19,19,4657,"BRef debut season, age >= 18, age <= 22, possessions >= 1000",20.71,20-25,2320,2337,4657,0.788,-0.063,0.851,2.636,0.924,1.712,3.697908945719978,-1.130874106101588,4.828711798184866,0.788,-0.063,0.851,andre drummond,4064.0,Andre Drummond,C,19.0,1.0,60.0,1243.0,20.716666666666665,21.6,2.2,2.3,4.5,0.172,1.0,1.5,2.5,1.4
2013,203076,Anthony Davis,Anthony Davis,2013.0,20,20,6866,"BRef debut season, age >= 18, age <= 22, possessions >= 1000",28.84,25-30,3435,3431,6866,0.032,-0.035,0.067,1.515,1.52,-0.005,2.204503261806547,-0.8745525271330928,3.079000433538244,-0.7054056839134308,0.1933215789684953,-0.8987113646466223,anthony davis,4066.0,Anthony Davis,PF,19.0,1.0,64.0,1846.0,28.84375,21.7,3.7,2.4,6.1,0.159,1.8,0.7,2.5,2.1
2013,203102,Arnett Moultrie,Arnett Moultrie,2013.0,22,22,2060,"BRef debut season, age >= 18, age <= 22, possessions >= 1000",11.53,10-15,1021,1039,2060,-1.539,0.24,-1.779,0.306,1.046,-0.74,-0.50714832769296,-0.2310141705936229,-0.2761629642855303,-3.4170572734129374,0.8368599355079652,-4.253874762470397,arnett moultrie,4067.0,Arnett Moultrie,PF,22.0,1.0,47.0,542.0,11.53191489361702,16.7,1.1,0.6,1.7,0.149,0.0,-1.2,-1.2,0.1
2013,203085,Austin Rivers,Austin Rivers,2013.0,20,20,5182,"BRef debut season, age >= 18, age <= 22, possessions >= 1000",23.24,20-25,2585,2597,5182,-1.264,0.232,-1.495,0.584,1.219,-0.635,0.908503261806547,-0.6075525271330928,1.517000433538244,-2.001405683913431,0.4603215789684953,-2.4607113646466225,austin rivers,4069.0,Austin Rivers,SG,20.0,1.0,61.0,1418.0,23.24590163934426,5.9,-1.2,0.1,-1.1,-0.038,-4.7,-1.6,-6.2,-1.5
2013,203078,Bradley Beal,Bradley Beal,2013.0,20,20,6648,"BRef debut season, age >= 18, age <= 22, possessions >= 1000",31.15,30-35,3325,3323,6648,-0.128,-1.858,1.73,0.748,-0.131,0.879,2.044503261806547,-2.6975525271330927,4.742000433538244,-0.8654056839134309,-1.6296784210315047,0.7642886353533777,bradley beal,4072.0,Bradley Beal,SG,19.0,1.0,56.0,1745.0,31.160714285714285,13.6,1.0,2.0,3.0,0.082,0.0,0.2,0.2,1.0
2013,203081,Damian Lillard,Damian Lillard,2013.0,22,22,12031,"BRef debut season, age >= 18, age <= 22, possessions >= 1000",38.62,35-40,6033,5998,12031,3.827,0.702,3.124,5.065,2.023,3.042,4.85885167230704,0.230985829406377,4.62683703571447,1.9489427265870625,1.298859935507965,0.6491252375296033,damian lillard,4077.0,Damian Lillard,PG,22.0,1.0,82.0,3167.0,38.6219512195122,16.4,5.1,0.7,5.8,0.088,2.1,-1.9,0.3,1.8
2013,203079,Dion Waiters,Dion Waiters,2013.0,21,21,6723,"BRef debut season, age >= 18, age <= 22, possessions >= 1000",28.79,25-30,3370,3353,6723,1.711,0.746,0.966,3.195,2.3,0.894,3.2584736081961827,0.1049180875992126,3.154514371494628,0.3485646624762049,1.1727921937008008,-0.8231974266902387,dion waiters,4082.0,Dion Waiters,SG,21.0,1.0,61.0,1756.0,28.78688524590164,13.7,0.3,0.6,0.9,0.026,-0.4,-1.8,-2.1,-0.1
2013,202700,Donatas Motiejunas,Donatas Motiejunas,2013.0,22,22,2176,"BRef debut season, age >= 18, age <= 22, possessions >= 1000",12.22,10-15,1092,1084,2176,-1.025,-0.335,-0.69,0.82,0.47,0.35,0.0068516723070399,-0.806014170593623,0.8128370357144696,-2.9030572734129376,0.2618599355079652,-3.164874762470397,donatas motiejunas,4083.0,Donatas Motiejūnas,PF,22.0,1.0,44.0,538.0,12.227272727272727,12.2,0.4,0.3,0.7,0.061,-1.9,-1.6,-3.5,-0.2
2013,203117,Doron Lamb,Doron Lamb,2013.0,21,21,2247,"BRef debut season, age >= 18, age <= 22, possessions >= 1000",12.29,10-15,1125,1122,2247,-2.442,0.108,-2.55,-0.597,0.914,-1.511,-0.8945263918038178,-0.5330819124007874,-0.3614856285053722,-3.8044353375237954,0.5347921937008008,-4.339197426690238,doron lamb,4084.0,Doron Lamb,SG,21.0,1.0,47.0,577.0,12.27659574468085,4.8,-0.6,0.2,-0.4,-0.032,-5.6,-1.6,-7.3,-0.8
2013,203095,Evan Fournier,Evan Fournier,2013.0,20,20,1951,"BRef debut season, age >= 18, age <= 22, possessions >= 1000",11.27,10-15,977,974,1951,-1.277,-1.275,-0.002,0.568,-0.469,1.037,0.895503261806547,-2.1145525271330925,3.010000433538244,-2.0144056839134308,-1.0466784210315043,-0.9677113646466224,evan fournier,4086.0,Evan Fournier,SG,20.0,1.0,38.0,428.0,11.263157894736842,13.8,0.7,0.3,1.0,0.115,-1.3,0.0,-1.4,0.1
2013,203084,Harrison Barnes,Harrison Barnes,2013.0,21,21,9912,"BRef debut season, age >= 18, age <= 22, possessions >= 1000",25.4,25-30,4947,4965,9912,0.397,-2.118,2.515,1.88,-0.564,2.444,1.9444736081961824,-2.759081912400787,4.703514371494627,-0.9654353375237952,-1.691207806299199,0.7258025733097615,harrison barnes,4089.0,Harrison Barnes,SF,20.0,1.0,81.0,2058.0,25.40740740740741,11.0,0.9,1.9,2.8,0.065,-1.6,-0.1,-1.7,0.1
2013,203109,Jae Crowder,Jae Crowder,2013.0,22,22,5336,"BRef debut season, age >= 18, age <= 22, possessions >= 1000",17.35,15-20,2655,2681,5336,-0.58,-0.808,0.228,1.473,0.311,1.162,0.4518516723070399,-1.2790141705936229,1.7308370357144696,-2.458057273412938,-0.2111400644920348,-2.2468747624703966,jae crowder,4091.0,Jae Crowder,SF,22.0,1.0,78.0,1353.0,17.346153846153847,10.2,0.2,1.3,1.5,0.055,-1.9,0.9,-1.0,0.3
2013,203096,Jared Sullinger,Jared Sullinger,2013.0,21,21,3317,"BRef debut season, age >= 18, age <= 22, possessions >= 1000",19.81,15-20,1658,1659,3317,-1.021,-1.645,0.624,1.032,-0.526,1.558,0.5264736081961825,-2.286081912400787,2.8125143714946277,-2.383435337523795,-1.2182078062991992,-1.1651974266902387,jared sullinger,4093.0,Jared Sullinger,PF,20.0,1.0,45.0,892.0,19.822222222222223,13.5,1.3,1.4,2.7,0.146,-2.3,0.4,-1.9,0.0
2013,203089,John Henson,John Henson,2013.0,22,22,3354,"BRef debut season, age >= 18, age <= 22, possessions >= 1000",13.13,10-15,1681,1673,3354,-1.732,-0.744,-0.988,0.113,0.062,0.051,-0.7001483276929601,-1.2150141705936228,0.5148370357144696,-3.610057273412938,-0.1471400644920347,-3.462874762470397,john henson,4098.0,John Henson,PF,22.0,1.0,63.0,827.0,13.126984126984127,18.2,0.6,1.2,1.9,0.109,-0.7,-1.0,-1.7,0.1
2013,203098,John Jenkins,John Jenkins,2013.0,22,22,3627,"BRef debut season, age >= 18, age <= 22, possessions >= 1000",14.78,10-15,1810,1817,3627,-2.119,0.524,-2.643,-0.274,1.33,-1.603,-1.0871483276929603,0.052985829406377,-1.1401629642855302,-3.997057273412938,1.1208599355079651,-5.117874762470397,john jenkins,4099.0,John Jenkins,SG,21.0,1.0,61.0,902.0,14.78688524590164,13.0,1.1,0.6,1.7,0.091,0.4,-1.2,-0.8,0.3
2013,202685,Jonas Valanciunas,Jonas Valanciunas,2013.0,21,21,5552,"BRef debut season, age >= 18, age <= 22, possessions >= 1000",23.9,20-25,2770,2782,5552,-1.917,0.124,-2.041,-0.069,1.111,-1.18,-0.3695263918038176,-0.5170819124007874,0.1475143714946276,-3.279435337523795,0.5507921937008008,-3.8301974266902383,jonas valanciunas,4100.0,Jonas Valančiūnas,C,20.0,1.0,62.0,1482.0,23.903225806451612,15.6,2.5,1.5,3.9,0.127,-1.1,0.0,-1.2,0.3
2013,203088,Kendall Marshall,Kendall Marshall,2013.0,21,21,2776,"BRef debut season, age >= 18, age <= 22, possessions >= 1000",14.63,10-15,1389,1387,2776,-2.258,0.371,-2.628,-0.413,1.176,-1.589,-0.7105263918038176,-0.2700819124007874,-0.4394856285053725,-3.620435337523795,0.7977921937008008,-4.4171974266902385,kendall marshall,4103.0,Kendall Marshall,PG,21.0,1.0,48.0,702.0,14.625,7.8,-0.4,0.2,-0.2,-0.012,-3.5,-1.7,-5.2,-0.6
2013,203114,Khris Middleton,Khris Middleton,2013.0,21,21,1846,"BRef debut season, age >= 18, age <= 22, possessions >= 1000",17.61,15-20,921,925,1846,0.099,-0.415,0.513,2.152,0.705,1.447,1.6464736081961824,-1.0560819124007874,2.7015143714946275,-1.2634353375237952,0.0117921937008008,-1.2761974266902385,khris middleton,4107.0,Khris Middleton,SG,21.0,1.0,27.0,475.0,17.59259259259259,11.4,0.6,0.3,0.9,0.089,-1.9,-0.1,-1.9,0.0
2013,203104,Marquis Teague,Marquis Teague,2013.0,20,20,1666,"BRef debut season, age >= 18, age <= 22, possessions >= 1000",8.17,5-10,825,841,1666,-3.162,-0.896,-2.266,-1.415,-0.404,-1.011,-0.989496738193453,-1.735552527133093,0.746000433538244,-3.8994056839134306,-0.6676784210315047,-3.2317113646466225,marquis teague,4114.0,Marquis Teague,PG,19.0,1.0,48.0,392.0,8.166666666666666,6.0,-0.7,0.4,-0.3,-0.031,-5.5,0.0,-5.6,-0.4
2013,203090,Maurice Harkless,Maurice Harkless,2013.0,20,20,7584,"BRef debut season, age >= 18, age <= 22, possessions >= 1000",25.97,25-30,3782,3802,7584,-2.493,0.284,-2.778,-1.01,1.839,-2.849,-0.3204967381934529,-0.5555525271330928,0.2340004335382439,-3.230405683913431,0.5123215789684953,-3.7437113646466225,maurice harkless,4115.0,Maurice Harkless,SF,19.0,1.0,76.0,1974.0,25.973684210526315,12.5,0.7,1.7,2.4,0.059,-1.6,0.3,-1.3,0.4
2013,203086,Meyers Leonard,Meyers Leonard,2013.0,21,21,4608,"BRef debut season, age >= 18, age <= 22, possessions >= 1000",17.48,15-20,2306,2302,4608,-2.252,0.255,-2.507,-0.199,1.374,-1.573,-0.7045263918038174,-0.3860819124007874,-0.3184856285053725,-3.614435337523795,0.6817921937008008,-4.296197426690239,meyers leonard,4116.0,Meyers Leonard,C,20.0,1.0,69.0,1206.0,17.47826086956522,12.1,1.8,0.7,2.4,0.097,-2.7,-0.6,-3.3,-0.4
2013,203077,Michael Kidd-Gilchrist,Michael Kidd-Gilchrist,2013.0,19,19,7642,"BRef debut season, age >= 18, age <= 22, possessions >= 1000",25.96,25-30,3812,3830,7642,0.244,0.038,0.206,1.727,1.593,0.135,3.153908945719978,-1.029874106101588,4.183711798184866,0.244,0.038,0.206,michael kiddgilchrist,4117.0,Michael Kidd-Gilchrist,SF,19.0,1.0,78.0,2025.0,25.96153846153846,14.0,1.1,1.0,2.1,0.051,-1.6,-0.9,-2.6,-0.3
2013,203112,Quincy Acy,Quincy Acy,2013.0,22,22,1275,"BRef debut season, age >= 18, age <= 22, possessions >= 1000",11.8,10-15,641,634,1275,-1.038,-1.898,0.86,0.807,-1.092,1.899,-0.0061483276929601,-2.3690141705936227,2.3628370357144695,-2.916057273412938,-1.3011400644920346,-1.614874762470397,quincy acy,4126.0,Quincy Acy,PF,22.0,1.0,29.0,342.0,11.793103448275861,15.9,0.7,0.4,1.1,0.157,-1.0,1.0,0.1,0.2
2013,203093,Terrence Jones,Terrence Jones,2013.0,21,21,1250,"BRef debut season, age >= 18, age <= 22, possessions >= 1000",14.51,10-15,627,623,1250,-2.96,-0.563,-2.397,-1.115,0.243,-1.358,-1.4125263918038176,-1.204081912400787,-0.2084856285053722,-4.322435337523795,-0.1362078062991991,-4.186197426690239,terrence jones,4130.0,Terrence Jones,PF,21.0,1.0,19.0,276.0,14.526315789473685,17.1,0.3,0.4,0.7,0.128,0.3,1.4,1.7,0.3
2013,203082,Terrence Ross,Terrence Ross,2013.0,22,22,4694,"BRef debut season, age >= 18, age <= 22, possessions >= 1000",16.98,15-20,2342,2352,4694,-0.97,0.322,-1.292,1.083,1.441,-0.358,0.0618516723070399,-0.1490141705936229,0.2108370357144695,-2.8480572734129375,0.9188599355079652,-3.7668747624703967,terrence ross,4131.0,Terrence Ross,SG,21.0,1.0,73.0,1239.0,16.972602739726028,10.4,0.0,0.8,0.9,0.034,-1.7,-0.7,-2.5,-0.1
2013,203080,Thomas Robinson,Thomas Robinson,2013.0,22,22,4041,"BRef debut season, age >= 18, age <= 22, possessions >= 1000",15.08,15-20,2016,2025,4041,-2.482,0.605,-3.087,-0.429,1.724,-2.153,-1.4501483276929603,0.133985829406377,-1.5841629642855306,-4.360057273412938,1.201859935507965,-5.5618747624703975,thomas robinson,4132.0,Thomas Robinson,PF,21.0,1.0,70.0,1056.0,15.085714285714285,10.9,-0.9,0.9,-0.1,-0.002,-3.8,-1.5,-5.3,-0.9
2013,203100,Tony Wroten,Tony Wroten,2013.0,20,20,1129,"BRef debut season, age >= 18, age <= 22, possessions >= 1000",7.77,5-10,560,569,1129,-3.636,-0.311,-3.325,-1.889,0.181,-2.069,-1.4634967381934532,-1.1505525271330928,-0.3129995664617562,-4.373405683913431,-0.0826784210315046,-4.290711364646622,tony wroten,4134.0,Tony Wroten,SG,19.0,1.0,35.0,272.0,7.771428571428571,9.3,-0.2,0.3,0.1,0.017,-3.5,-0.2,-3.8,-0.1
2013,203115,Will Barton,Will Barton,2013.0,22,22,3434,"BRef debut season, age >= 18, age <= 22, possessions >= 1000",12.24,10-15,1717,1717,3434,-4.459,0.38,-4.839,-2.614,1.186,-3.8,-3.4271483276929597,-0.0910141705936229,-3.336162964285531,-6.337057273412937,0.9768599355079652,-7.313874762470397,will barton,4140.0,Will Barton,SG,22.0,1.0,73.0,894.0,12.246575342465754,9.1,-1.1,0.6,-0.5,-0.028,-4.0,-0.6,-4.6,-0.6
2014,203458,Alex Len,Alex Len,2014.0,21,21,1475,"BRef debut season, age >= 18, age <= 22, possessions >= 1000",8.63,5-10,736,739,1475,-3.522,-0.372,-3.15,-1.35,0.468,-1.818,-1.9745263918038176,-1.0130819124007877,-0.9614856285053724,-4.884435337523795,0.0547921937008007,-4.939197426690239,alex len,4142.0,Alex Len,C,20.0,1.0,42.0,362.0,8.619047619047619,7.3,-0.2,0.4,0.2,0.024,-5.9,-0.7,-6.6,-0.4
2014,203460,Andre Roberson,Andre Roberson,2014.0,22,22,1618,"BRef debut season, age >= 18, age <= 22, possessions >= 1000",9.98,5-10,806,812,1618,-2.434,-1.317,-1.117,-0.262,-0.477,0.215,-1.4021483276929605,-1.7880141705936228,0.3858370357144696,-4.312057273412938,-0.7201400644920347,-3.591874762470397,andre roberson,4144.0,Andre Roberson,SG,22.0,1.0,40.0,399.0,9.975,9.0,0.2,0.6,0.8,0.099,-3.8,1.4,-2.4,0.0
2014,203461,Anthony Bennett,Anthony Bennett,2014.0,21,21,2646,"BRef debut season, age >= 18, age <= 22, possessions >= 1000",12.74,10-15,1320,1326,2646,-3.513,0.875,-4.388,-0.28,1.69,-1.97,-1.9655263918038175,0.2339180875992126,-2.1994856285053723,-4.875435337523795,1.3017921937008008,-6.177197426690238,anthony bennett,4145.0,Anthony Bennett,PF,20.0,1.0,52.0,663.0,12.75,6.9,-1.1,0.7,-0.4,-0.028,-6.0,-1.3,-7.4,-0.9
2014,203462,Archie Goodwin,Archie Goodwin,2014.0,19,19,2169,"BRef debut season, age >= 18, age <= 22, possessions >= 1000",10.25,10-15,1088,1081,2169,-5.954,0.265,-6.219,-2.721,1.08,-3.801,-3.044091054280022,-0.8028741061015882,-2.241288201815134,-5.954,0.265,-6.219,archie goodwin,4146.0,Archie Goodwin,SG,19.0,1.0,52.0,533.0,10.25,10.3,-0.3,0.5,0.2,0.018,-3.1,-0.1,-3.2,-0.2
2014,203463,Ben McLemore,Ben McLemore,2014.0,21,21,8621,"BRef debut season, age >= 18, age <= 22, possessions >= 1000",26.67,25-30,4309,4312,8621,-1.293,1.436,-2.729,1.555,3.128,-1.573,0.2544736081961825,0.7949180875992126,-0.5404856285053725,-2.6554353375237953,1.8627921937008007,-4.5181974266902385,ben mclemore,4148.0,Ben McLemore,SG,20.0,1.0,82.0,2187.0,26.670731707317074,7.7,-0.1,0.9,0.8,0.016,-2.9,-1.1,-4.0,-1.1
2014,203561,Brandon Davies,Brandon Davies,2014.0,22,22,2335,"BRef debut season, age >= 18, age <= 22, possessions >= 1000",11.28,10-15,1164,1171,2335,-1.148,-0.947,-0.2,2.085,-0.132,2.218,-0.11614832769296,-1.418014170593623,1.3028370357144696,-3.0260572734129374,-0.3501400644920347,-2.674874762470397,brandon davies,4149.0,Brandon Davies,PF,22.0,1.0,51.0,575.0,11.27450980392157,7.5,-0.3,0.4,0.1,0.008,-5.7,-0.6,-6.3,-0.6
2014,203468,CJ McCollum,CJ McCollum,2014.0,22,22,2003,"BRef debut season, age >= 18, age <= 22, possessions >= 1000",12.52,10-15,999,1004,2003,-2.984,-0.683,-2.301,0.249,0.133,0.117,-1.95214832769296,-1.1540141705936229,-0.7981629642855306,-4.862057273412938,-0.0861400644920348,-4.775874762470397,cj mccollum,4154.0,CJ McCollum,SG,22.0,1.0,38.0,476.0,12.526315789473685,9.0,-0.2,0.3,0.2,0.019,-2.9,-0.6,-3.4,-0.2
2014,203469,Cody Zeller,Cody Zeller,2014.0,21,21,5780,"BRef debut season, age >= 18, age <= 22, possessions >= 1000",17.28,15-20,2881,2899,5780,-1.851,-1.052,-0.799,0.885,0.712,0.173,-0.3035263918038176,-1.6930819124007874,1.3895143714946276,-3.213435337523795,-0.6252078062991993,-2.588197426690239,cody zeller,4155.0,Cody Zeller,C,21.0,1.0,82.0,1416.0,17.26829268292683,13.1,0.4,2.2,2.6,0.09,-2.9,0.9,-2.0,0.0
2014,203471,Dennis Schroder,Dennis Schroder,2014.0,20,20,2527,"BRef debut season, age >= 18, age <= 22, possessions >= 1000",13.09,10-15,1252,1275,2527,-3.771,2.467,-6.237,-0.538,3.282,-3.819,-1.598496738193453,1.6274474728669073,-3.224999566461756,-4.5084056839134306,2.6953215789684952,-7.202711364646622,dennis schroder,4157.0,Dennis Schröder,PG,20.0,1.0,49.0,641.0,13.081632653061224,5.8,-1.1,0.4,-0.7,-0.054,-5.7,-1.6,-7.3,-0.9
2014,203507,Giannis Antetokounmpo,Giannis Antetokounmpo,2014.0,19,19,7250,"BRef debut season, age >= 18, age <= 22, possessions >= 1000",24.63,20-25,3628,3622,7250,3.214,-0.217,3.432,5.493,1.916,3.577,6.123908945719977,-1.2848741061015885,7.409711798184866,3.214,-0.217,3.432,giannis antetokounmpo,4164.0,Giannis Antetokounmpo,SF,19.0,1.0,77.0,1897.0,24.636363636363637,10.8,0.1,1.1,1.2,0.031,-2.4,-0.1,-2.5,-0.2
2014,203484,Kentavious Caldwell-Pope,Kentavious Caldwell-Pope,2014.0,21,21,6344,"BRef debut season, age >= 18, age <= 22, possessions >= 1000",19.78,15-20,3172,3172,6344,-1.258,-2.505,1.246,1.478,-0.741,2.219,0.2894736081961824,-3.1460819124007875,3.4345143714946276,-2.620435337523795,-2.078207806299199,-0.5431974266902386,kentavious caldwellpope,4178.0,Kentavious Caldwell-Pope,SG,20.0,1.0,80.0,1583.0,19.7875,9.4,1.0,0.8,1.8,0.055,-3.0,0.5,-2.6,-0.2
2014,203487,Michael Carter-Williams,Michael Carter-Williams,2014.0,22,22,9897,"BRef debut season, age >= 18, age <= 22, possessions >= 1000",34.48,30-35,4946,4951,9897,3.229,-0.024,3.254,4.7,1.929,2.77,4.26085167230704,-0.4950141705936229,4.75683703571447,1.3509427265870624,0.5728599355079652,0.7791252375296032,michael carterwilliams,4182.0,Michael Carter-Williams,PG,22.0,1.0,70.0,2414.0,34.48571428571429,15.5,-0.8,2.1,1.3,0.026,-0.2,-0.2,-0.5,0.9
2014,203490,Otto Porter Jr.,Otto Porter Jr.,2014.0,21,21,1249,"BRef debut season, age >= 18, age <= 22, possessions >= 1000",8.62,5-10,632,617,1249,-3.294,-1.44,-1.854,-1.122,-0.601,-0.522,-1.7465263918038176,-2.081081912400787,0.3345143714946275,-4.656435337523796,-1.0132078062991992,-3.6431974266902385,otto porter jr,4189.0,Otto Porter Jr.,SF,20.0,1.0,37.0,319.0,8.621621621621621,6.0,-0.4,0.3,0.0,-0.006,-4.9,-1.3,-6.2,-0.3
2014,203497,Rudy Gobert,Rudy Gobert,2014.0,22,22,1693,"BRef debut season, age >= 18, age <= 22, possessions >= 1000",9.64,5-10,848,845,1693,-3.691,-1.665,-2.026,-1.519,-0.825,-0.694,-2.65914832769296,-2.136014170593623,-0.5231629642855302,-5.5690572734129375,-1.068140064492035,-4.500874762470397,rudy gobert,4199.0,Rudy Gobert,C,21.0,1.0,45.0,434.0,9.644444444444444,12.9,-0.2,0.6,0.4,0.045,-3.6,0.9,-2.7,-0.1
2014,203498,Shabazz Muhammad,Shabazz Muhammad,2014.0,21,21,1147,"BRef debut season, age >= 18, age <= 22, possessions >= 1000",7.84,5-10,572,575,1147,-2.963,0.439,-3.403,-0.791,1.279,-2.07,-1.4155263918038177,-0.2020819124007873,-1.2144856285053724,-4.325435337523795,0.8657921937008008,-5.192197426690239,shabazz muhammad,4204.0,Shabazz Muhammad,SG,21.0,1.0,37.0,290.0,7.837837837837838,13.1,0.1,0.2,0.3,0.053,-2.2,-2.3,-4.5,-0.2
2014,203499,Shane Larkin,Shane Larkin,2014.0,21,21,1949,"BRef debut season, age >= 18, age <= 22, possessions >= 1000",10.2,10-15,975,974,1949,-3.024,-1.305,-1.719,0.209,-0.49,0.698,-1.4765263918038176,-1.946081912400787,0.4695143714946275,-4.386435337523795,-0.8782078062991991,-3.5081974266902387,shane larkin,4206.0,Shane Larkin,PG,21.0,1.0,48.0,489.0,10.1875,8.3,-0.4,0.3,-0.1,-0.01,-3.8,0.0,-3.8,-0.2
2014,203500,Steven Adams,Steven Adams,2014.0,20,20,6057,"BRef debut season, age >= 18, age <= 22, possessions >= 1000",14.78,10-15,3020,3037,6057,-2.393,-0.064,-2.329,0.84,0.751,0.089,-0.2204967381934528,-0.9035525271330928,0.6830004335382438,-3.1304056839134304,0.1643215789684953,-3.2947113646466226,steven adams,4208.0,Steven Adams,C,20.0,1.0,81.0,1197.0,14.777777777777779,11.2,0.9,1.9,2.9,0.114,-3.1,0.9,-2.2,-0.1
2014,203501,Tim Hardaway Jr.,Tim Hardaway Jr.,2014.0,22,22,7165,"BRef debut season, age >= 18, age <= 22, possessions >= 1000",23.15,20-25,3592,3573,7165,-0.889,1.289,-2.178,1.389,3.422,-2.033,0.1428516723070398,0.817985829406377,-0.6751629642855304,-2.767057273412938,1.8858599355079653,-4.652874762470397,tim hardaway jr,4209.0,Tim Hardaway Jr.,SG,21.0,1.0,81.0,1875.0,23.14814814814815,12.7,2.7,0.4,3.1,0.08,0.0,-1.8,-1.8,0.1
2014,203503,Tony Snell,Tony Snell,2014.0,22,22,4717,"BRef debut season, age >= 18, age <= 22, possessions >= 1000",15.98,15-20,2350,2367,4717,-4.198,-0.623,-3.576,-1.462,1.141,-2.603,-3.1661483276929605,-1.0940141705936228,-2.0731629642855305,-6.076057273412938,-0.0261400644920347,-6.0508747624703965,tony snell,4212.0,Tony Snell,SG,22.0,1.0,77.0,1231.0,15.987012987012987,8.0,-0.1,1.7,1.6,0.063,-3.1,0.5,-2.6,-0.2
2014,203504,Trey Burke,Trey Burke,2014.0,21,21,8578,"BRef debut season, age >= 18, age <= 22, possessions >= 1000",32.32,30-35,4289,4289,8578,2.99,0.207,2.783,4.46,2.161,2.299,4.537473608196183,-0.4340819124007874,4.971514371494628,1.627564662476205,0.6337921937008008,0.9938025733097612,trey burke,4214.0,Trey Burke,PG,21.0,1.0,70.0,2262.0,32.31428571428572,12.6,1.0,0.0,0.9,0.02,0.0,-2.6,-2.6,-0.4
2014,203506,Victor Oladipo,Victor Oladipo,2014.0,22,22,9606,"BRef debut season, age >= 18, age <= 22, possessions >= 1000",31.08,30-35,4811,4795,9606,-0.926,-1.876,0.95,0.545,0.078,0.467,0.1058516723070398,-2.347014170593623,2.4528370357144693,-2.804057273412938,-1.2791400644920348,-1.5248747624703969,victor oladipo,4217.0,Victor Oladipo,PG,21.0,1.0,80.0,2487.0,31.0875,13.6,-1.4,2.8,1.3,0.026,-1.9,0.4,-1.4,0.3
2015,203932,Aaron Gordon,Aaron Gordon,2015.0,19,19,3117,"BRef debut season, age >= 18, age <= 22, possessions >= 1000",16.96,15-20,1538,1579,3117,-2.672,-0.872,-1.8,0.136,0.922,-0.787,0.2379089457199774,-1.939874106101588,2.177711798184866,-2.672,-0.872,-1.8,aaron gordon,4219.0,Aaron Gordon,PF,19.0,1.0,47.0,797.0,16.95744680851064,11.4,0.3,0.7,1.0,0.06,-2.6,-0.1,-2.7,-0.2
2015,203952,Andrew Wiggins,Andrew Wiggins,2015.0,20,20,11604,"BRef debut season, age >= 18, age <= 22, possessions >= 1000",36.2,35-40,5813,5791,11604,4.341,2.169,2.172,4.743,4.059,0.684,6.513503261806547,1.3294474728669072,5.184000433538245,3.6035943160865695,2.397321578968495,1.2062886353533775,andrew wiggins,4223.0,Andrew Wiggins,SF,19.0,1.0,82.0,2969.0,36.207317073170735,13.9,2.1,0.0,2.1,0.034,-0.4,-2.0,-2.4,-0.3
2015,203957,Dante Exum,Dante Exum,2015.0,19,19,6753,"BRef debut season, age >= 18, age <= 22, possessions >= 1000",22.16,20-25,3373,3380,6753,1.254,-1.76,3.014,3.343,-0.194,3.536,4.163908945719978,-2.8278741061015884,6.991711798184866,1.254,-1.76,3.014,dante exum,4233.0,Dante Exum,PG,19.0,1.0,82.0,1817.0,22.158536585365855,5.7,-1.1,1.0,-0.1,-0.003,-3.6,-0.7,-4.3,-1.1
2015,203901,Elfrid Payton,Elfrid Payton,2015.0,21,21,9739,"BRef debut season, age >= 18, age <= 22, possessions >= 1000",30.35,30-35,4853,4886,9739,3.971,-0.89,4.861,5.258,1.333,3.925,5.5184736081961825,-1.5310819124007873,7.049514371494627,2.608564662476205,-0.4632078062991992,3.071802573309762,elfrid payton,4240.0,Elfrid Payton,PG,20.0,1.0,82.0,2489.0,30.353658536585368,13.8,0.0,2.3,2.3,0.044,-1.5,0.3,-1.2,0.5
2015,203914,Gary Harris,Gary Harris,2015.0,20,20,2959,"BRef debut season, age >= 18, age <= 22, possessions >= 1000",13.07,10-15,1473,1486,2959,-3.132,0.87,-4.001,-0.131,1.936,-2.067,-0.9594967381934532,0.0304474728669071,-0.9889995664617564,-3.869405683913431,1.0983215789684952,-4.966711364646622,gary harris,4245.0,Gary Harris,SG,20.0,1.0,55.0,719.0,13.072727272727272,4.9,-1.2,0.5,-0.7,-0.046,-5.6,0.3,-5.3,-0.6
2015,203922,Glenn Robinson III,Glenn Robinson III,2015.0,21,21,1048,"BRef debut season, age >= 18, age <= 22, possessions >= 1000",7.45,5-10,520,528,1048,-0.502,-0.329,-0.173,1.94,0.34,1.6,1.0454736081961824,-0.9700819124007872,2.0155143714946275,-1.8644353375237952,0.0977921937008007,-1.9621974266902389,glenn robinson iii,4246.0,Glenn Robinson III,SG-SF,21.0,1.0,35.0,261.0,7.457142857142857,8.5,0.0,0.1,0.1,0.012,-3.0,-2.3,-5.4,-0.2
2015,203960,JaKarr Sampson,JaKarr Sampson,2015.0,22,22,4589,"BRef debut season, age >= 18, age <= 22, possessions >= 1000",15.29,15-20,2275,2314,4589,-2.692,0.86,-3.551,0.116,2.654,-2.538,-1.6601483276929605,0.388985829406377,-2.0481629642855306,-4.570057273412938,1.4568599355079652,-6.025874762470397,jakarr sampson,4251.0,JaKarr Sampson,SF,21.0,1.0,74.0,1131.0,15.283783783783784,9.4,-0.5,1.1,0.6,0.025,-4.2,0.0,-4.2,-0.6
2015,203913,Jabari Brown,Jabari Brown,2015.0,22,22,2198,"BRef debut season, age >= 18, age <= 22, possessions >= 1000",29.91,25-30,1099,1099,2198,-3.245,0.467,-3.712,-1.181,2.481,-3.661,-2.21314832769296,-0.0040141705936229,-2.2091629642855306,-5.123057273412938,1.0638599355079652,-6.1868747624703975,jabari brown,4248.0,Jabari Brown,SG,22.0,1.0,19.0,568.0,29.894736842105264,11.0,0.4,0.0,0.4,0.033,-1.9,-2.4,-4.3,-0.3
2015,203953,Jabari Parker,Jabari Parker,2015.0,20,20,2897,"BRef debut season, age >= 18, age <= 22, possessions >= 1000",29.54,25-30,1443,1454,2897,-1.797,-1.177,-0.62,0.268,0.837,-0.569,0.375503261806547,-2.0165525271330926,2.392000433538244,-2.534405683913431,-0.9486784210315048,-1.5857113646466223,jabari parker,4249.0,Jabari Parker,PF,19.0,1.0,25.0,738.0,29.52,14.5,0.4,1.0,1.3,0.088,-0.1,-0.4,-0.5,0.3
2015,203923,James Young,James Young,2015.0,19,19,1329,"BRef debut season, age >= 18, age <= 22, possessions >= 1000",10.71,10-15,667,662,1329,-3.07,-0.348,-2.722,-0.07,0.718,-0.788,-0.1600910542800222,-1.415874106101588,1.2557117981848664,-3.07,-0.348,-2.722,james young,4254.0,James Young,SG,19.0,1.0,31.0,332.0,10.709677419354838,8.5,0.1,0.3,0.3,0.047,-2.5,-0.9,-3.4,-0.1
2015,203924,Jerami Grant,Jerami Grant,2015.0,21,21,5517,"BRef debut season, age >= 18, age <= 22, possessions >= 1000",21.18,20-25,2755,2762,5517,-0.484,-1.362,0.878,1.606,0.205,1.401,1.0634736081961824,-2.0030819124007877,3.0665143714946277,-1.8464353375237952,-0.9352078062991992,-0.9111974266902386,jerami grant,4257.0,Jerami Grant,SF,20.0,1.0,65.0,1377.0,21.184615384615384,8.7,-0.9,1.4,0.5,0.019,-3.9,0.6,-3.3,-0.5
2015,203994,Jusuf Nurkic,Jusuf Nurkic,2015.0,20,20,4450,"BRef debut season, age >= 18, age <= 22, possessions >= 1000",17.79,15-20,2223,2227,4450,-1.27,-3.169,1.9,1.538,-1.375,2.913,0.9025032618065468,-4.008552527133093,4.912000433538244,-2.007405683913431,-2.940678421031505,0.9342886353533776,jusuf nurkic,4267.0,Jusuf Nurkić,C,20.0,1.0,62.0,1103.0,17.79032258064516,14.8,-0.2,1.8,1.6,0.069,-3.7,0.9,-2.8,-0.2
2015,203909,KJ McDaniels,K.J. McDaniels,2015.0,22,22,5389,"BRef debut season, age >= 18, age <= 22, possessions >= 1000",21.8,20-25,2692,2697,5389,-2.694,-0.679,-2.015,-0.605,0.887,-1.492,-1.66214832769296,-1.1500141705936229,-0.5121629642855305,-4.572057273412938,-0.0821400644920348,-4.4898747624703965,kj mcdaniels,4268.0,K.J. McDaniels,SG,21.0,1.0,62.0,1352.0,21.806451612903224,10.6,-0.9,1.5,0.6,0.02,-3.1,0.3,-2.8,-0.3
2015,203937,Kyle Anderson,Kyle Anderson,2015.0,21,21,1370,"BRef debut season, age >= 18, age <= 22, possessions >= 1000",10.85,10-15,681,689,1370,-3.238,-0.401,-2.836,-0.237,0.665,-0.902,-1.6905263918038176,-1.0420819124007874,-0.6474856285053723,-4.600435337523795,0.0257921937008007,-4.625197426690239,kyle anderson,4271.0,Kyle Anderson,SF,21.0,1.0,33.0,358.0,10.848484848484848,8.2,-0.3,0.6,0.3,0.044,-3.8,2.3,-1.4,0.1
2015,203935,Marcus Smart,Marcus Smart,2015.0,21,21,7480,"BRef debut season, age >= 18, age <= 22, possessions >= 1000",26.99,25-30,3720,3760,7480,2.729,-2.111,4.839,4.794,-0.096,4.89,4.2764736081961825,-2.7520819124007874,7.027514371494628,1.366564662476205,-1.6842078062991994,3.049802573309762,marcus smart,4275.0,Marcus Smart,PG,20.0,1.0,67.0,1808.0,26.98507462686567,11.0,0.7,2.2,2.9,0.077,-1.9,1.5,-0.5,0.7
2015,203457,Nerlens Noel,Nerlens Noel,2015.0,21,21,9088,"BRef debut season, age >= 18, age <= 22, possessions >= 1000",30.82,30-35,4546,4542,9088,-1.998,-1.808,-0.19,-0.711,0.415,-1.126,-0.4505263918038176,-2.449081912400787,1.9985143714946276,-3.3604353375237954,-1.3812078062991993,-1.9791974266902383,nerlens noel,4278.0,Nerlens Noel,C,20.0,1.0,75.0,2311.0,30.813333333333333,15.0,-0.2,4.2,4.0,0.083,-2.6,2.3,-0.3,1.0
2015,203910,Nick Johnson,Nick Johnson,2015.0,22,22,1249,"BRef debut season, age >= 18, age <= 22, possessions >= 1000",9.37,5-10,625,624,1249,-5.994,-0.919,-5.075,-3.552,-0.25,-3.302,-4.96214832769296,-1.390014170593623,-3.5721629642855306,-7.8720572734129375,-0.3221400644920348,-7.549874762470397,nick johnson,4279.0,Nick Johnson,SG,22.0,1.0,28.0,262.0,9.357142857142858,4.8,-0.4,0.2,-0.1,-0.02,-5.6,-0.9,-6.5,-0.3
2015,203917,Nik Stauskas,Nik Stauskas,2015.0,21,21,4468,"BRef debut season, age >= 18, age <= 22, possessions >= 1000",15.43,15-20,2241,2227,4468,0.075,0.193,-0.118,2.882,1.987,0.895,1.6224736081961824,-0.4480819124007874,2.0705143714946277,-1.2874353375237952,0.6197921937008009,-1.9071974266902387,nik stauskas,4280.0,Nik Stauskas,SG,21.0,1.0,73.0,1127.0,15.438356164383562,7.5,0.3,0.2,0.5,0.021,-2.4,-1.0,-3.3,-0.4
2015,203798,PJ Hairston,P.J. Hairston,2015.0,22,22,2711,"BRef debut season, age >= 18, age <= 22, possessions >= 1000",15.27,15-20,1350,1361,2711,-1.589,-0.403,-1.186,1.218,1.391,-0.173,-0.5571483276929601,-0.874014170593623,0.3168370357144696,-3.4670572734129377,0.1938599355079652,-3.660874762470397,pj hairston,4283.0,P.J. Hairston,SG,22.0,1.0,45.0,687.0,15.266666666666667,8.9,-0.5,0.8,0.3,0.022,-2.6,-0.2,-2.9,-0.1
2015,203918,Rodney Hood,Rodney Hood,2015.0,22,22,4007,"BRef debut season, age >= 18, age <= 22, possessions >= 1000",21.29,20-25,2000,2007,4007,-0.891,-2.299,1.408,1.198,-0.732,1.93,0.1408516723070398,-2.770014170593623,2.9108370357144695,-2.7690572734129377,-1.7021400644920348,-1.066874762470397,rodney hood,4285.0,Rodney Hood,SG,22.0,1.0,50.0,1064.0,21.28,12.3,1.3,0.9,2.2,0.098,-1.0,0.3,-0.7,0.3
2015,203915,Spencer Dinwiddie,Spencer Dinwiddie,2015.0,22,22,1746,"BRef debut season, age >= 18, age <= 22, possessions >= 1000",13.39,10-15,872,874,1746,-5.242,-1.518,-3.724,-2.242,-0.452,-1.789,-4.21014832769296,-1.9890141705936228,-2.2211629642855306,-7.120057273412938,-0.9211400644920348,-6.198874762470397,spencer dinwiddie,4291.0,Spencer Dinwiddie,PG,21.0,1.0,34.0,455.0,13.382352941176471,10.2,-0.3,0.4,0.1,0.009,-3.0,0.2,-2.8,-0.1
2015,203933,T.J. Warren,T.J. Warren,2015.0,21,21,2468,"BRef debut season, age >= 18, age <= 22, possessions >= 1000",15.35,15-20,1241,1227,2468,-3.559,-1.433,-2.126,-0.751,0.361,-1.113,-2.0115263918038178,-2.074081912400787,0.0625143714946276,-4.921435337523795,-1.0062078062991993,-3.9151974266902383,tj warren,4292.0,T.J. Warren,SF,21.0,1.0,40.0,614.0,15.35,14.0,0.7,0.4,1.1,0.085,-0.6,-0.4,-0.9,0.2
2015,203898,Tyler Ennis,Tyler Ennis,2015.0,20,20,1692,"BRef debut season, age >= 18, age <= 22, possessions >= 1000",12.47,10-15,847,845,1692,-3.891,0.09,-3.981,-0.89,1.156,-2.047,-1.718496738193453,-0.7495525271330928,-0.968999566461756,-4.628405683913431,0.3183215789684953,-4.946711364646622,tyler ennis,4296.0,Tyler Ennis,PG,20.0,1.0,33.0,411.0,12.454545454545455,7.3,-0.8,0.5,-0.3,-0.04,-4.1,-0.2,-4.3,-0.2
2015,203897,Zach LaVine,Zach LaVine,2015.0,20,20,7430,"BRef debut season, age >= 18, age <= 22, possessions >= 1000",24.7,20-25,3703,3727,7430,-1.304,2.817,-4.12,0.785,4.383,-3.598,0.8685032618065469,1.9774474728669071,-1.107999566461756,-2.041405683913431,3.0453215789684953,-5.085711364646622,zach lavine,4299.0,Zach LaVine,PG,19.0,1.0,77.0,1902.0,24.7012987012987,11.3,-0.7,0.0,-0.7,-0.018,-2.2,-2.5,-4.6,-1.3
2016,1626171,Bobby Portis,Bobby Portis,2016.0,21,21,4388,"BRef debut season, age >= 18, age <= 22, possessions >= 1000",17.78,15-20,2195,2193,4388,-1.526,1.55,-3.076,0.379,3.13,-2.75,0.0214736081961823,0.9089180875992128,-0.8874856285053725,-2.888435337523795,1.9767921937008008,-4.865197426690239,bobby portis,4307.0,Bobby Portis,PF,20.0,1.0,62.0,1102.0,17.774193548387096,13.8,0.3,1.3,1.5,0.066,-1.5,-1.8,-3.3,-0.4
2016,1626166,Cameron Payne,Cameron Payne,2016.0,21,21,2990,"BRef debut season, age >= 18, age <= 22, possessions >= 1000",12.24,10-15,1487,1503,2990,-1.667,0.293,-1.96,0.264,1.467,-1.203,-0.1195263918038176,-0.3480819124007874,0.2285143714946276,-3.029435337523795,0.7197921937008007,-3.7491974266902384,cameron payne,4311.0,Cameron Payne,PG,21.0,1.0,57.0,698.0,12.24561403508772,12.9,0.6,0.8,1.4,0.093,-1.3,0.6,-0.7,0.2
2016,1626191,Chris McCullough,Chris McCullough,2016.0,21,21,1451,"BRef debut season, age >= 18, age <= 22, possessions >= 1000",15.1,15-20,721,730,1451,-1.918,-0.189,-1.729,-0.012,1.391,-1.403,-0.3705263918038175,-0.8300819124007874,0.4595143714946275,-3.2804353375237953,0.2377921937008008,-3.5181974266902385,chris mccullough,4312.0,Chris McCullough,PF,20.0,1.0,24.0,362.0,15.083333333333334,12.2,-0.1,0.4,0.3,0.043,-2.7,0.4,-2.4,0.0
2016,1626156,D'Angelo Russell,D'Angelo Russell,2016.0,20,20,9015,"BRef debut season, age >= 18, age <= 22, possessions >= 1000",28.24,25-30,4508,4507,9015,-1.141,0.961,-2.102,0.321,2.624,-2.303,1.031503261806547,0.1214474728669071,0.910000433538244,-1.8784056839134309,1.1893215789684952,-3.0677113646466223,dangelo russell,4317.0,D'Angelo Russell,PG,19.0,1.0,80.0,2259.0,28.2375,13.2,-0.7,0.7,0.0,0.001,-0.7,-1.6,-2.3,-0.1
2016,1626164,Devin Booker,Devin Booker,2016.0,19,19,8647,"BRef debut season, age >= 18, age <= 22, possessions >= 1000",27.73,25-30,4325,4322,8647,-0.056,1.698,-1.754,1.405,3.361,-1.955,2.8539089457199776,0.6301258938984118,2.2237117981848664,-0.056,1.698,-1.754,devin booker,4321.0,Devin Booker,SG,19.0,1.0,76.0,2108.0,27.736842105263158,11.9,1.2,0.7,1.9,0.043,-1.2,-1.7,-2.8,-0.5
2016,1626144,Emmanuel Mudiay,Emmanuel Mudiay,2016.0,20,20,8337,"BRef debut season, age >= 18, age <= 22, possessions >= 1000",30.41,30-35,4170,4167,8337,0.722,-0.433,1.155,1.562,1.477,0.085,2.894503261806547,-1.2725525271330929,4.167000433538244,-0.0154056839134308,-0.2046784210315046,0.1892886353533777,emmanuel mudiay,4324.0,Emmanuel Mudiay,PG,19.0,1.0,68.0,2068.0,30.41176470588235,9.9,-3.3,1.2,-2.1,-0.049,-2.3,-1.9,-4.2,-1.2
2016,1626143,Jahlil Okafor,Jahlil Okafor,2016.0,20,20,6292,"BRef debut season, age >= 18, age <= 22, possessions >= 1000",30.01,30-35,3156,3136,6292,-3.191,0.048,-3.239,-2.351,1.958,-4.308,-1.0184967381934529,-0.7915525271330928,-0.2269995664617559,-3.9284056839134305,0.2763215789684953,-4.204711364646622,jahlil okafor,4327.0,Jahlil Okafor,C,20.0,1.0,53.0,1591.0,30.0188679245283,17.1,0.3,0.9,1.2,0.037,-0.5,-1.8,-2.3,-0.1
2016,1626185,Jarell Martin,Jarell Martin,2016.0,22,22,1677,"BRef debut season, age >= 18, age <= 22, possessions >= 1000",14.06,10-15,837,840,1677,-2.251,-0.952,-1.299,-0.32,0.222,-0.542,-1.21914832769296,-1.423014170593623,0.2038370357144696,-4.129057273412938,-0.3551400644920347,-3.7738747624703968,jarell martin,4329.0,Jarell Martin,PF,21.0,1.0,27.0,380.0,14.074074074074074,14.0,0.5,0.2,0.8,0.1,-2.0,-1.8,-3.7,-0.2
2016,1626196,Josh Richardson,Josh Richardson,2016.0,22,22,5734,"BRef debut season, age >= 18, age <= 22, possessions >= 1000",21.29,20-25,2866,2868,5734,-0.565,-1.55,0.985,1.627,0.289,1.338,0.4668516723070399,-2.021014170593623,2.4878370357144695,-2.4430572734129377,-0.9531400644920348,-1.489874762470397,josh richardson,4336.0,Josh Richardson,SG,22.0,1.0,52.0,1107.0,21.28846153846154,11.4,1.3,1.2,2.5,0.109,-1.1,0.7,-0.4,0.5
2016,1626147,Justin Anderson,Justin Anderson,2016.0,22,22,2951,"BRef debut season, age >= 18, age <= 22, possessions >= 1000",11.76,10-15,1471,1480,2951,-1.594,-2.034,0.44,0.337,-0.86,1.197,-0.5621483276929602,-2.505014170593623,1.9428370357144695,-3.472057273412938,-1.437140064492035,-2.034874762470397,justin anderson,4337.0,Justin Anderson,SF,22.0,1.0,55.0,647.0,11.763636363636364,12.3,0.3,0.8,1.1,0.083,-1.1,1.4,0.3,0.4
2016,1626159,Justise Winslow,Justise Winslow,2016.0,20,20,9907,"BRef debut season, age >= 18, age <= 22, possessions >= 1000",28.62,25-30,4936,4971,9907,0.239,-1.383,1.622,1.7,0.28,1.42,2.411503261806547,-2.222552527133093,4.634000433538244,-0.4984056839134309,-1.1546784210315046,0.6562886353533778,justise winslow,4338.0,Justise Winslow,SF,19.0,1.0,78.0,2232.0,28.615384615384617,8.4,-0.2,2.7,2.5,0.054,-3.3,0.7,-2.6,-0.3
2016,1626157,Karl-Anthony Towns,Karl-Anthony Towns,2016.0,20,20,10389,"BRef debut season, age >= 18, age <= 22, possessions >= 1000",32.03,30-35,5184,5205,10389,2.395,0.89,1.505,3.235,2.799,0.436,4.5675032618065465,0.0504474728669072,4.517000433538244,1.6575943160865692,1.1183215789684953,0.5392886353533776,karlanthony towns,4339.0,Karl-Anthony Towns,C,20.0,1.0,82.0,2627.0,32.03658536585366,22.5,5.5,2.8,8.3,0.151,2.5,-0.4,2.2,2.7
2016,1626162,Kelly Oubre Jr.,Kelly Oubre Jr.,2016.0,20,20,2788,"BRef debut season, age >= 18, age <= 22, possessions >= 1000",10.66,10-15,1386,1402,2788,-1.631,-0.378,-1.253,0.3,0.796,-0.497,0.541503261806547,-1.2175525271330927,1.759000433538244,-2.368405683913431,-0.1496784210315046,-2.218711364646622,kelly oubre jr,4341.0,Kelly Oubre Jr.,SF,20.0,1.0,63.0,671.0,10.65079365079365,8.2,-0.3,0.7,0.4,0.031,-4.6,-0.5,-5.1,-0.5
2016,204001,Kristaps Porzingis,Kristaps Porzingis,2016.0,20,20,7948,"BRef debut season, age >= 18, age <= 22, possessions >= 1000",28.42,25-30,3979,3969,7948,0.311,-1.981,2.293,1.773,-0.319,2.091,2.483503261806547,-2.820552527133093,5.305000433538244,-0.4264056839134308,-1.7526784210315047,1.3272886353533777,kristaps porzingis,4343.0,Kristaps Porziņģis,PF,20.0,1.0,72.0,2047.0,28.430555555555557,17.7,1.5,2.9,4.4,0.102,0.6,0.3,0.9,1.5
2016,1626209,Mario Hezonja,Mario Hezonja,2016.0,21,21,5675,"BRef debut season, age >= 18, age <= 22, possessions >= 1000",17.88,15-20,2842,2833,5675,-0.485,-0.561,0.076,1.42,1.019,0.402,1.0624736081961823,-1.2020819124007875,2.2645143714946276,-1.847435337523795,-0.1342078062991992,-1.7131974266902386,mario hezonja,4348.0,Mario Hezonja,SF,20.0,1.0,79.0,1413.0,17.88607594936709,9.4,-0.1,1.0,0.9,0.029,-2.4,-0.7,-3.1,-0.4
2016,1626149,Montrezl Harrell,Montrezl Harrell,2016.0,22,22,1613,"BRef debut season, age >= 18, age <= 22, possessions >= 1000",9.71,5-10,803,810,1613,-0.776,-0.941,0.165,0.626,-0.201,0.827,0.2558516723070398,-1.4120141705936229,1.6678370357144696,-2.6540572734129375,-0.3441400644920347,-2.309874762470397,montrezl harrell,4349.0,Montrezl Harrell,PF,22.0,1.0,39.0,379.0,9.717948717948717,14.6,0.7,0.2,0.9,0.118,-0.5,-0.1,-0.6,0.1
2016,1626167,Myles Turner,Myles Turner,2016.0,20,20,6274,"BRef debut season, age >= 18, age <= 22, possessions >= 1000",22.79,20-25,3136,3138,6274,-3.164,-1.772,-1.392,-0.972,0.067,-1.039,-0.9914967381934532,-2.611552527133093,1.620000433538244,-3.9014056839134312,-1.5436784210315049,-2.3577113646466223,myles turner,4350.0,Myles Turner,C,19.0,1.0,60.0,1367.0,22.783333333333335,15.4,0.8,2.3,3.1,0.109,-2.2,0.6,-1.6,0.1
2016,203999,Nikola Jokic,Nikola Jokic,2016.0,21,21,6837,"BRef debut season, age >= 18, age <= 22, possessions >= 1000",21.66,20-25,3421,3416,6837,-0.062,-2.817,2.755,2.131,-0.978,3.109,1.4854736081961823,-3.458081912400788,4.9435143714946275,-1.4244353375237953,-2.390207806299199,0.9658025733097612,nikola jokic,4352.0,Nikola Jokić,C,20.0,1.0,80.0,1733.0,21.6625,21.5,4.5,2.2,6.7,0.185,2.6,1.3,3.9,2.6
2016,1626154,RJ Hunter,R.J. Hunter,2016.0,22,22,1449,"BRef debut season, age >= 18, age <= 22, possessions >= 1000",8.74,5-10,719,730,1449,-2.998,-1.486,-1.512,-1.596,-0.746,-0.85,-1.9661483276929603,-1.9570141705936228,-0.0091629642855304,-4.876057273412938,-0.8891400644920348,-3.986874762470397,rj hunter,4355.0,R.J. Hunter,SG,22.0,1.0,36.0,315.0,8.75,7.7,-0.1,0.4,0.3,0.045,-3.1,1.0,-2.1,0.0
2016,1626173,Rashad Vaughn,Rashad Vaughn,2016.0,19,19,3953,"BRef debut season, age >= 18, age <= 22, possessions >= 1000",14.3,10-15,1980,1973,3953,-2.355,0.879,-3.234,-0.424,2.053,-2.477,0.5549089457199776,-0.1888741061015881,0.7437117981848664,-2.355,0.879,-3.234,rashad vaughn,4357.0,Rashad Vaughn,SG,19.0,1.0,70.0,1001.0,14.3,4.2,-1.2,0.4,-0.8,-0.036,-4.4,-1.3,-5.7,-0.9
2016,1626158,Richaun Holmes,Richaun Holmes,2016.0,22,22,2887,"BRef debut season, age >= 18, age <= 22, possessions >= 1000",13.76,10-15,1451,1436,2887,-0.59,-0.257,-0.333,1.341,0.917,0.424,0.4418516723070399,-0.728014170593623,1.1698370357144696,-2.4680572734129376,0.3398599355079652,-2.807874762470397,richaun holmes,4359.0,Richaun Holmes,PF,22.0,1.0,51.0,702.0,13.764705882352942,15.9,1.0,0.5,1.5,0.103,-1.1,-0.4,-1.5,0.1
2016,1626178,Rondae Hollis-Jefferson,Rondae Hollis-Jefferson,2016.0,21,21,2481,"BRef debut season, age >= 18, age <= 22, possessions >= 1000",21.22,20-25,1232,1249,2481,-3.269,-3.437,0.168,-1.077,-1.597,0.521,-1.7215263918038175,-4.078081912400787,2.3565143714946277,-4.631435337523795,-3.0102078062991993,-1.6211974266902387,rondae hollisjefferson,4360.0,Rondae Hollis-Jefferson,SF,21.0,1.0,29.0,615.0,21.20689655172414,14.2,0.5,0.7,1.2,0.094,-1.4,2.2,0.8,0.4
2016,1626169,Stanley Johnson,Stanley Johnson,2016.0,20,20,7024,"BRef debut season, age >= 18, age <= 22, possessions >= 1000",23.11,20-25,3511,3513,7024,-1.747,0.002,-1.749,0.445,1.841,-1.396,0.4255032618065468,-0.8375525271330928,1.263000433538244,-2.484405683913431,0.2303215789684953,-2.7147113646466225,stanley johnson,4364.0,Stanley Johnson,SF,19.0,1.0,73.0,1687.0,23.10958904109589,8.7,-1.3,1.9,0.6,0.018,-3.5,0.2,-3.3,-0.5
2016,1626179,Terry Rozier,Terry Rozier,2016.0,22,22,1651,"BRef debut season, age >= 18, age <= 22, possessions >= 1000",7.98,5-10,821,830,1651,-3.283,-0.467,-2.815,-1.88,0.273,-2.153,-2.25114832769296,-0.9380141705936228,-1.3121629642855304,-5.161057273412938,0.1298599355079652,-5.289874762470397,terry rozier,4366.0,Terry Rozier,PG,21.0,1.0,39.0,311.0,7.9743589743589745,5.0,-0.6,0.3,-0.3,-0.047,-4.7,-1.4,-6.1,-0.3
2016,1626168,Trey Lyles,Trey Lyles,2016.0,20,20,5182,"BRef debut season, age >= 18, age <= 22, possessions >= 1000",17.28,15-20,2588,2594,5182,-1.265,-0.637,-0.628,0.64,0.943,-0.302,0.9075032618065472,-1.4765525271330928,2.384000433538244,-2.0024056839134308,-0.4086784210315046,-1.5937113646466223,trey lyles,4369.0,Trey Lyles,PF,20.0,1.0,80.0,1382.0,17.275,11.6,0.6,1.7,2.3,0.079,-1.6,-0.2,-1.8,0.1
2016,1626145,Tyus Jones,Tyus Jones,2016.0,20,20,2290,"BRef debut season, age >= 18, age <= 22, possessions >= 1000",15.48,15-20,1141,1149,2290,-2.358,-0.457,-1.901,-0.452,1.123,-1.575,-0.1854967381934531,-1.2965525271330929,1.111000433538244,-3.095405683913431,-0.2286784210315046,-2.8667113646466222,tyus jones,4370.0,Tyus Jones,PG,19.0,1.0,37.0,573.0,15.486486486486486,11.2,0.0,0.3,0.3,0.027,-1.9,-0.5,-2.4,-0.1
2016,1626161,Willie Cauley-Stein,Willie Cauley-Stein,2016.0,22,22,5820,"BRef debut season, age >= 18, age <= 22, possessions >= 1000",21.39,20-25,2906,2914,5820,-0.068,0.533,-0.601,2.125,2.373,-0.248,0.9638516723070398,0.061985829406377,0.9018370357144696,-1.9460572734129375,1.1298599355079653,-3.075874762470397,willie cauleystein,4371.0,Willie Cauley-Stein,C,22.0,1.0,66.0,1412.0,21.393939393939394,15.3,2.4,1.4,3.8,0.13,-0.8,0.1,-0.8,0.4
2017,1626150,Andrew Harrison,Andrew Harrison,2017.0,22,22,5994,"BRef debut season, age >= 18, age <= 22, possessions >= 1000",20.47,20-25,2980,3014,5994,-1.341,-0.788,-0.553,0.894,0.259,0.635,-0.3091483276929601,-1.2590141705936229,0.9498370357144696,-3.219057273412938,-0.1911400644920348,-3.0278747624703968,andrew harrison,4377.0,Andrew Harrison,PG,22.0,1.0,72.0,1474.0,20.47222222222222,8.7,0.0,1.5,1.6,0.051,-4.0,0.6,-3.4,-0.5
2017,1627742,Brandon Ingram,Brandon Ingram,2017.0,19,19,9330,"BRef debut season, age >= 18, age <= 22, possessions >= 1000",28.85,25-30,4649,4681,9330,1.56,1.447,0.113,3.066,2.625,0.44,4.469908945719977,0.3791258938984119,4.090711798184866,1.56,1.447,0.113,brandon ingram,4379.0,Brandon Ingram,SF,19.0,1.0,79.0,2279.0,28.848101265822784,8.5,-1.0,0.7,-0.3,-0.007,-3.0,-1.4,-4.4,-1.4
2017,1627747,Caris LeVert,Caris LeVert,2017.0,22,22,5251,"BRef debut season, age >= 18, age <= 22, possessions >= 1000",21.7,20-25,2624,2627,5251,0.109,-0.54,0.649,2.344,0.507,1.837,1.14085167230704,-1.011014170593623,2.1518370357144696,-1.7690572734129375,0.0568599355079652,-1.8258747624703968,caris levert,4383.0,Caris LeVert,SF,22.0,1.0,57.0,1237.0,21.70175438596491,12.3,0.8,1.0,1.8,0.07,-1.3,0.3,-1.1,0.3
2017,1627761,DeAndre' Bembry,DeAndre' Bembry,2017.0,22,22,1466,"BRef debut season, age >= 18, age <= 22, possessions >= 1000",9.76,5-10,727,739,1466,-1.976,-0.476,-1.5,-0.356,0.147,-0.503,-0.94414832769296,-0.9470141705936228,0.0028370357144695,-3.8540572734129377,0.1208599355079652,-3.974874762470397,deandre bembry,4393.0,DeAndre' Bembry,SF,22.0,1.0,38.0,371.0,9.763157894736842,8.8,-0.1,0.4,0.3,0.038,-3.6,0.1,-3.5,-0.1
2017,1627749,Dejounte Murray,Dejounte Murray,2017.0,20,20,1894,"BRef debut season, age >= 18, age <= 22, possessions >= 1000",8.46,5-10,944,950,1894,-1.643,-1.198,-0.445,-0.023,-0.575,0.551,0.5295032618065469,-2.0375525271330925,2.567000433538244,-2.380405683913431,-0.9696784210315046,-1.4107113646466225,dejounte murray,4394.0,Dejounte Murray,PG,20.0,1.0,38.0,322.0,8.473684210526315,9.6,-0.4,0.5,0.0,0.004,-4.2,-0.5,-4.8,-0.2
2017,1627884,Derrick Jones Jr.,Derrick Jones Jr.,2017.0,20,20,2291,"BRef debut season, age >= 18, age <= 22, possessions >= 1000",17.04,15-20,1142,1149,2291,-0.501,-2.23,1.729,1.631,-0.917,2.548,1.671503261806547,-3.069552527133093,4.741000433538244,-1.238405683913431,-2.001678421031505,0.7632886353533778,derrick jones jr,4397.0,Derrick Jones Jr.,SF,19.0,1.0,32.0,545.0,17.03125,12.0,0.9,0.2,1.1,0.098,-1.6,-0.7,-2.3,0.0
2017,1627734,Domantas Sabonis,Domantas Sabonis,2017.0,21,21,6586,"BRef debut season, age >= 18, age <= 22, possessions >= 1000",20.14,20-25,3288,3298,6586,-3.166,-1.576,-1.59,-0.93,-0.529,-0.402,-1.6185263918038175,-2.2170819124007872,0.5985143714946275,-4.528435337523796,-1.1492078062991993,-3.3791974266902387,domantas sabonis,4400.0,Domantas Sabonis,PF,20.0,1.0,81.0,1632.0,20.14814814814815,6.9,-1.0,1.8,0.8,0.022,-4.5,-0.1,-4.5,-1.0
2017,1627733,Dragan Bender,Dragan Bender,2017.0,19,19,2342,"BRef debut season, age >= 18, age <= 22, possessions >= 1000",13.34,10-15,1170,1172,2342,-1.165,-0.816,-0.349,0.835,0.033,0.802,1.7449089457199776,-1.883874106101588,3.628711798184866,-1.165,-0.816,-0.349,dragan bender,4402.0,Dragan Bender,PF,19.0,1.0,43.0,574.0,13.348837209302326,5.3,-0.7,0.3,-0.3,-0.029,-4.3,-0.7,-5.1,-0.4
2017,1627834,Georgios Papagiannis,Georgios Papagiannis,2017.0,19,19,1406,"BRef debut season, age >= 18, age <= 22, possessions >= 1000",16.14,15-20,711,695,1406,-2.485,-1.32,-1.166,-0.353,-0.007,-0.347,0.4249089457199777,-2.387874106101588,2.8117117981848665,-2.485,-1.32,-1.166,georgios papagiannis,4406.0,Georgios Papagiannis,C,19.0,1.0,22.0,355.0,16.136363636363637,12.7,0.1,0.3,0.4,0.057,-3.1,-0.6,-3.8,-0.2
2017,1627785,Isaiah Whitehead,Isaiah Whitehead,2017.0,22,22,6831,"BRef debut season, age >= 18, age <= 22, possessions >= 1000",22.51,20-25,3413,3418,6831,0.253,-0.508,0.761,2.488,0.539,1.949,1.28485167230704,-0.979014170593623,2.2638370357144697,-1.6250572734129376,0.0888599355079652,-1.7138747624703967,isaiah whitehead,4409.0,Isaiah Whitehead,PG,21.0,1.0,73.0,1643.0,22.506849315068493,7.6,-1.7,0.9,-0.8,-0.023,-4.3,-0.8,-5.1,-1.3
2017,1627826,Ivica Zubac,Ivica Zubac,2017.0,20,20,2571,"BRef debut season, age >= 18, age <= 22, possessions >= 1000",16.01,15-20,1285,1286,2571,-3.507,-1.004,-2.503,-1.374,0.309,-1.684,-1.3344967381934532,-1.8435525271330928,0.5090004335382439,-4.244405683913431,-0.7756784210315046,-3.4687113646466226,ivica zubac,4410.0,Ivica Zubac,C,19.0,1.0,38.0,609.0,16.026315789473685,17.0,0.6,0.5,1.1,0.086,-1.2,-0.6,-1.7,0.0
2017,1627751,Jakob Poeltl,Jakob Poeltl,2017.0,21,21,2541,"BRef debut season, age >= 18, age <= 22, possessions >= 1000",11.6,10-15,1269,1272,2541,-2.629,-1.635,-0.994,-0.629,-0.786,0.156,-1.0815263918038176,-2.2760819124007874,1.1945143714946276,-3.991435337523795,-1.2082078062991992,-2.7831974266902386,jakob poeltl,4412.0,Jakob Poeltl,C,21.0,1.0,54.0,626.0,11.592592592592593,12.2,0.9,0.7,1.6,0.125,-3.0,-0.1,-3.1,-0.2
2017,1627750,Jamal Murray,Jamal Murray,2017.0,20,20,7251,"BRef debut season, age >= 18, age <= 22, possessions >= 1000",21.52,20-25,3624,3627,7251,0.561,-0.017,0.578,2.796,1.03,1.766,2.733503261806547,-0.8565525271330928,3.590000433538244,-0.1764056839134308,0.2113215789684953,-0.3877113646466223,jamal murray,4413.0,Jamal Murray,SG,19.0,1.0,82.0,1764.0,21.51219512195122,11.9,0.6,0.7,1.3,0.037,-0.6,-1.4,-2.0,0.0
2017,1627759,Jaylen Brown,Jaylen Brown,2017.0,20,20,6277,"BRef debut season, age >= 18, age <= 22, possessions >= 1000",17.2,15-20,3108,3169,6277,-3.381,-0.721,-2.66,-1.249,0.592,-1.841,-1.2084967381934528,-1.560552527133093,0.3520004335382438,-4.118405683913431,-0.4926784210315046,-3.6257113646466226,jaylen brown,4415.0,Jaylen Brown,SF,20.0,1.0,78.0,1341.0,17.192307692307693,10.3,0.2,1.3,1.5,0.053,-3.0,-0.8,-3.7,-0.6
2017,1627823,Juancho Hernangomez,Juancho Hernangomez,2017.0,21,21,3462,"BRef debut season, age >= 18, age <= 22, possessions >= 1000",13.58,10-15,1731,1731,3462,-0.95,0.209,-1.159,1.049,1.058,-0.008,0.5974736081961824,-0.4320819124007874,1.0295143714946275,-2.3124353375237954,0.6357921937008008,-2.9481974266902387,juancho hernangomez,4419.0,Juancho Hernangómez,PF,21.0,1.0,62.0,842.0,13.580645161290322,13.4,1.2,0.6,1.8,0.104,0.1,-0.2,-0.1,0.4
2017,1627770,Kay Felder,Kay Felder,2017.0,22,22,1557,"BRef debut season, age >= 18, age <= 22, possessions >= 1000",9.18,5-10,775,782,1557,-2.958,-0.544,-2.415,-1.339,0.08,-1.418,-1.9261483276929603,-1.015014170593623,-0.9121629642855305,-4.836057273412938,0.0528599355079651,-4.889874762470397,kay felder,4420.0,Kay Felder,PG,21.0,1.0,42.0,386.0,9.19047619047619,11.4,-0.3,0.4,0.1,0.008,-3.1,0.7,-2.4,0.0
2017,1627737,Marquese Chriss,Marquese Chriss,2017.0,19,19,7309,"BRef debut season, age >= 18, age <= 22, possessions >= 1000",21.26,20-25,3653,3656,7309,-2.859,1.611,-4.469,-0.623,2.658,-3.281,0.0509089457199776,0.5431258938984118,-0.4912882018151339,-2.859,1.611,-4.469,marquese chriss,4428.0,Marquese Chriss,PF,19.0,1.0,82.0,1743.0,21.25609756097561,12.3,0.3,1.5,1.8,0.05,-2.2,-0.1,-2.2,-0.1
2017,1627775,Patrick McCaw,Patrick McCaw,2017.0,21,21,5251,"BRef debut season, age >= 18, age <= 22, possessions >= 1000",15.13,15-20,2618,2633,5251,-3.876,-0.82,-3.056,-1.744,0.493,-2.237,-2.3285263918038175,-1.4610819124007874,-0.8674856285053725,-5.238435337523795,-0.3932078062991991,-4.8451974266902385,patrick mccaw,4439.0,Patrick McCaw,SG,21.0,1.0,71.0,1074.0,15.126760563380282,8.6,0.5,1.2,1.7,0.077,-2.4,0.1,-2.4,-0.1
2017,1627746,Skal Labissiere,Skal Labissiere,2017.0,21,21,2442,"BRef debut season, age >= 18, age <= 22, possessions >= 1000",18.53,15-20,1221,1221,2442,-1.938,-1.4,-0.538,0.194,-0.087,0.281,-0.3905263918038175,-2.041081912400787,1.6505143714946275,-3.300435337523795,-0.9732078062991992,-2.3271974266902387,skal labissiere,4448.0,Skal Labissière,PF,20.0,1.0,33.0,612.0,18.545454545454547,16.8,0.7,0.5,1.3,0.099,-0.9,-1.4,-2.3,0.0
2017,1627748,Thon Maker,Thon Maker,2017.0,20,20,2588,"BRef debut season, age >= 18, age <= 22, possessions >= 1000",9.86,5-10,1283,1305,2588,-2.104,-0.863,-1.24,-0.484,-0.24,-0.244,0.0685032618065468,-1.7025525271330928,1.772000433538244,-2.8414056839134307,-0.6346784210315046,-2.205711364646622,thon maker,4451.0,Thon Maker,C,19.0,1.0,57.0,562.0,9.859649122807017,14.0,0.8,0.5,1.3,0.113,-1.1,-0.9,-2.0,0.0
2017,1627789,Timothe Luwawu-Cabarrot,Timothe Luwawu-Cabarrot,2017.0,22,22,4943,"BRef debut season, age >= 18, age <= 22, possessions >= 1000",17.25,15-20,2480,2463,4943,-1.547,-2.021,0.474,0.585,-0.708,1.293,-0.51514832769296,-2.492014170593623,1.9768370357144696,-3.4250572734129374,-1.4241400644920348,-2.0008747624703966,timothe luwawucabarrot,4453.0,Timothé Luwawu-Cabarrot,SF,21.0,1.0,69.0,1190.0,17.246376811594203,8.5,0.0,0.8,0.8,0.034,-3.9,-0.7,-4.6,-0.8
2017,1627786,Troy Williams,Troy Williams,2017.0,22,22,2283,"BRef debut season, age >= 18, age <= 22, possessions >= 1000",18.55,15-20,1142,1141,2283,-4.175,-1.328,-2.847,-2.043,-0.015,-2.028,-3.14314832769296,-1.799014170593623,-1.3441629642855304,-6.0530572734129375,-0.7311400644920348,-5.321874762470397,troy williams,4456.0,Troy Williams,SF,22.0,1.0,30.0,557.0,18.566666666666666,9.0,-0.3,0.7,0.4,0.032,-4.3,0.6,-3.8,-0.3
2017,1627755,Tyler Ulis,Tyler Ulis,2017.0,21,21,4731,"BRef debut season, age >= 18, age <= 22, possessions >= 1000",18.41,15-20,2365,2366,4731,-1.59,-0.164,-1.426,0.542,1.15,-0.607,-0.0425263918038176,-0.8050819124007874,0.7625143714946276,-2.952435337523795,0.2627921937008007,-3.2151974266902386,tyler ulis,4457.0,Tyler Ulis,PG,21.0,1.0,61.0,1123.0,18.40983606557377,13.0,0.3,0.4,0.7,0.029,-0.9,-1.4,-2.4,-0.1
2017,1627782,Wayne Selden,Wayne Selden,2017.0,22,22,1275,"BRef debut season, age >= 18, age <= 22, possessions >= 1000",16.86,15-20,634,641,1275,-3.538,-1.845,-1.693,-1.406,-0.532,-0.874,-2.50614832769296,-2.316014170593623,-0.1901629642855304,-5.416057273412937,-1.2481400644920346,-4.167874762470397,wayne selden,4459.0,Wayne Selden,SG,22.0,1.0,14.0,236.0,16.857142857142858,6.9,-0.1,0.2,0.1,0.016,-4.6,-1.0,-5.5,-0.2
2018,1628469,Antonio Blakeney,Antonio Blakeney,2018.0,21,21,1271,"BRef debut season, age >= 18, age <= 22, possessions >= 1000",16.52,15-20,635,636,1271,-1.935,-1.028,-0.907,0.408,0.268,0.14,-0.3875263918038176,-1.6690819124007874,1.2815143714946275,-3.2974353375237953,-0.6012078062991992,-2.6961974266902384,antonio blakeney,4470.0,Antonio Blakeney,SG,21.0,1.0,19.0,314.0,16.526315789473685,10.1,-0.2,0.1,0.0,-0.006,-2.8,-2.4,-5.2,-0.3
2018,1628389,Bam Adebayo,Bam Adebayo,2018.0,20,20,5638,"BRef debut season, age >= 18, age <= 22, possessions >= 1000",19.83,15-20,2814,2824,5638,-3.176,-2.222,-0.954,-0.833,-0.926,0.093,-1.0034967381934532,-3.061552527133093,2.058000433538244,-3.913405683913431,-1.9936784210315048,-1.9197113646466224,bam adebayo,4472.0,Bam Adebayo,C,20.0,1.0,69.0,1368.0,19.82608695652174,15.7,2.3,1.9,4.2,0.148,-1.1,0.7,-0.4,0.6
2018,1627732,Ben Simmons,Ben Simmons,2018.0,21,21,12818,"BRef debut season, age >= 18, age <= 22, possessions >= 1000",33.72,30-35,6415,6403,12818,3.012,-1.216,4.228,3.733,0.977,2.755,4.559473608196182,-1.8570819124007871,6.416514371494627,1.6495646624762048,-0.7892078062991992,2.438802573309762,ben simmons,4474.0,Ben Simmons,PG,21.0,1.0,81.0,2732.0,33.72839506172839,20.0,4.2,5.0,9.2,0.162,2.0,2.5,4.5,4.5
2018,1628368,De'Aaron Fox,De'Aaron Fox,2018.0,20,20,8102,"BRef debut season, age >= 18, age <= 22, possessions >= 1000",27.75,25-30,4059,4043,8102,-0.357,1.197,-1.554,1.129,2.882,-1.754,1.815503261806547,0.3574474728669072,1.458000433538244,-1.0944056839134308,1.4253215789684954,-2.5197113646466223,deaaron fox,4489.0,De'Aaron Fox,PG,20.0,1.0,73.0,2026.0,27.753424657534246,11.2,-1.7,1.1,-0.6,-0.014,-2.7,-1.5,-4.2,-1.1
2018,1628372,Dennis Smith Jr.,Dennis Smith Jr.,2018.0,20,20,8182,"BRef debut season, age >= 18, age <= 22, possessions >= 1000",29.7,25-30,4083,4099,8182,-0.779,0.244,-1.023,0.707,1.929,-1.222,1.393503261806547,-0.5955525271330928,1.989000433538244,-1.516405683913431,0.4723215789684953,-1.988711364646622,dennis smith jr,4490.0,Dennis Smith Jr.,PG,20.0,1.0,69.0,2049.0,29.695652173913043,12.8,-2.4,1.7,-0.7,-0.017,-1.2,-1.2,-2.4,-0.2
2018,1628415,Dillon Brooks,Dillon Brooks,2018.0,22,22,9240,"BRef debut season, age >= 18, age <= 22, possessions >= 1000",28.66,25-30,4615,4625,9240,0.183,-0.902,1.085,1.669,0.784,0.886,1.21485167230704,-1.373014170593623,2.5878370357144695,-1.6950572734129377,-0.3051400644920348,-1.3898747624703969,dillon brooks,4494.0,Dillon Brooks,SF,22.0,1.0,82.0,2350.0,28.658536585365855,9.8,0.1,1.1,1.2,0.024,-2.9,-1.1,-4.0,-1.2
2018,1628378,Donovan Mitchell,Donovan Mitchell,2018.0,21,21,12180,"BRef debut season, age >= 18, age <= 22, possessions >= 1000",33.39,30-35,6092,6088,12180,1.889,-3.098,4.987,2.609,-0.904,3.514,3.436473608196182,-3.739081912400787,7.175514371494628,0.5265646624762048,-2.671207806299199,3.1978025733097617,donovan mitchell,4495.0,Donovan Mitchell,SG,21.0,1.0,79.0,2638.0,33.392405063291136,16.7,1.4,3.8,5.2,0.095,0.9,0.3,1.2,2.2
2018,1628407,Dwayne Bacon,Dwayne Bacon,2018.0,22,22,2929,"BRef debut season, age >= 18, age <= 22, possessions >= 1000",13.45,10-15,1470,1459,2929,-1.742,-2.001,0.26,0.212,-0.58,0.792,-0.7101483276929601,-2.472014170593623,1.7628370357144696,-3.6200572734129377,-1.4041400644920348,-2.214874762470397,dwayne bacon,4496.0,Dwayne Bacon,SG,22.0,1.0,53.0,713.0,13.452830188679245,5.8,-0.7,0.6,-0.1,-0.007,-4.8,0.1,-4.7,-0.5
2018,1628373,Frank Ntilikina,Frank Ntilikina,2018.0,19,19,6867,"BRef debut season, age >= 18, age <= 22, possessions >= 1000",21.87,20-25,3433,3434,6867,-1.434,-1.85,0.415,0.458,-0.362,0.82,1.4759089457199777,-2.9178741061015883,4.392711798184866,-1.434,-1.85,0.415,frank ntilikina,4500.0,Frank Ntilikina,PG,19.0,1.0,78.0,1706.0,21.871794871794872,7.0,-2.0,1.1,-0.9,-0.026,-4.5,-0.5,-5.0,-1.3
2018,1627824,Guerschon Yabusele,Guerschon Yabusele,2018.0,22,22,1125,"BRef debut season, age >= 18, age <= 22, possessions >= 1000",7.12,5-10,566,559,1125,-1.498,-0.604,-0.894,-0.21,0.235,-0.446,-0.4661483276929601,-1.075014170593623,0.6088370357144696,-3.376057273412938,-0.0071400644920347,-3.368874762470397,guerschon yabusele,4503.0,Guerschon Yabusele,PF,22.0,1.0,33.0,235.0,7.121212121212121,12.3,0.3,0.3,0.6,0.122,-1.4,0.2,-1.2,0.0
2018,1628397,Ivan Rabb,Ivan Rabb,2018.0,21,21,2074,"BRef debut season, age >= 18, age <= 22, possessions >= 1000",14.32,10-15,1036,1038,2074,-1.375,0.01,-1.385,0.579,1.431,-0.853,0.1724736081961824,-0.6310819124007874,0.8035143714946276,-2.737435337523795,0.4367921937008008,-3.174197426690238,ivan rabb,4506.0,Ivan Rabb,PF,20.0,1.0,36.0,516.0,14.333333333333334,16.6,0.7,0.5,1.2,0.109,-0.9,-1.2,-2.0,0.0
2018,1628386,Jarrett Allen,Jarrett Allen,2018.0,20,20,5864,"BRef debut season, age >= 18, age <= 22, possessions >= 1000",20.02,20-25,2924,2940,5864,-2.007,-1.465,-0.542,-0.114,0.023,-0.137,0.1655032618065468,-2.304552527133093,2.470000433538244,-2.744405683913431,-1.2366784210315047,-1.5077113646466225,jarrett allen,4515.0,Jarrett Allen,C,19.0,1.0,72.0,1441.0,20.01388888888889,17.5,2.7,1.5,4.2,0.141,-0.9,0.1,-0.8,0.5
2018,1628393,Jawun Evans,Jawun Evans,2018.0,21,21,3261,"BRef debut season, age >= 18, age <= 22, possessions >= 1000",16.21,15-20,1621,1640,3261,-2.139,-1.332,-0.807,0.203,-0.036,0.239,-0.5915263918038174,-1.9730819124007877,1.3815143714946276,-3.501435337523795,-0.9052078062991992,-2.596197426690239,jawun evans,4516.0,Jawun Evans,PG,21.0,1.0,48.0,778.0,16.208333333333332,7.2,-0.8,0.6,-0.2,-0.011,-5.4,0.4,-5.0,-0.6
2018,1628369,Jayson Tatum,Jayson Tatum,2018.0,20,20,12307,"BRef debut season, age >= 18, age <= 22, possessions >= 1000",30.54,30-35,6149,6158,12307,2.599,-3.312,5.911,3.319,-1.119,4.438,4.771503261806547,-4.151552527133092,8.923000433538244,1.8615943160865691,-3.0836784210315047,4.945288635353378,jayson tatum,4518.0,Jayson Tatum,SF,19.0,1.0,80.0,2443.0,30.5375,15.2,3.0,4.0,7.1,0.139,0.0,1.2,1.2,2.0
2018,1628381,John Collins,John Collins,2018.0,20,20,7263,"BRef debut season, age >= 18, age <= 22, possessions >= 1000",24.12,20-25,3643,3620,7263,-1.938,-0.811,-1.126,-0.045,0.677,-0.722,0.234503261806547,-1.650552527133093,1.886000433538244,-2.675405683913431,-0.5826784210315047,-2.0917113646466223,john collins,4519.0,John Collins,PF,20.0,1.0,74.0,1785.0,24.12162162162162,18.3,3.4,2.0,5.4,0.145,-0.4,0.2,-0.2,0.8
2018,1628371,Jonathan Isaac,Jonathan Isaac,2018.0,20,20,2177,"BRef debut season, age >= 18, age <= 22, possessions >= 1000",19.83,15-20,1079,1098,2177,-5.088,-2.484,-2.604,-2.746,-1.188,-1.558,-2.915496738193453,-3.323552527133093,0.4080004335382439,-5.825405683913431,-2.255678421031505,-3.5697113646466225,jonathan isaac,4522.0,Jonathan Isaac,PF,20.0,1.0,27.0,536.0,19.85185185185185,9.8,-0.6,0.8,0.2,0.021,-3.8,2.4,-1.4,0.1
2018,1628367,Josh Jackson,Josh Jackson,2018.0,21,21,8270,"BRef debut season, age >= 18, age <= 22, possessions >= 1000",25.44,25-30,4124,4146,8270,-2.734,0.615,-3.349,-1.248,2.301,-3.549,-1.1865263918038176,-0.0260819124007873,-1.1604856285053726,-4.096435337523795,1.0417921937008008,-5.138197426690239,josh jackson,4526.0,Josh Jackson,SF,20.0,1.0,77.0,1959.0,25.441558441558442,11.8,-2.0,1.2,-0.7,-0.018,-2.8,-1.4,-4.2,-1.1
2018,1628424,Kobi Simmons,Kobi Simmons,2018.0,20,20,2580,"BRef debut season, age >= 18, age <= 22, possessions >= 1000",20.1,20-25,1286,1294,2580,-2.166,1.438,-3.603,-0.273,2.926,-3.199,0.006503261806547,0.5984474728669071,-0.5909995664617562,-2.903405683913431,1.6663215789684953,-4.568711364646623,kobi simmons,4532.0,Kobi Simmons,PG,20.0,1.0,32.0,643.0,20.09375,7.7,-0.4,0.2,-0.2,-0.013,-4.7,-2.1,-6.9,-0.8
2018,1628398,Kyle Kuzma,Kyle Kuzma,2018.0,22,22,9878,"BRef debut season, age >= 18, age <= 22, possessions >= 1000",31.18,30-35,4937,4941,9878,1.424,-0.275,1.699,2.144,1.918,0.226,2.45585167230704,-0.746014170593623,3.20183703571447,-0.4540572734129378,0.3218599355079652,-0.7758747624703968,kyle kuzma,4534.0,Kyle Kuzma,PF,22.0,1.0,77.0,2401.0,31.181818181818183,14.2,1.5,2.3,3.8,0.077,0.3,-1.0,-0.7,0.8
2018,1628374,Lauri Markkanen,Lauri Markkanen,2018.0,21,21,8143,"BRef debut season, age >= 18, age <= 22, possessions >= 1000",29.71,25-30,4076,4067,8143,-0.904,0.926,-1.83,0.581,2.611,-2.03,0.6434736081961824,0.2849180875992126,0.3585143714946275,-2.266435337523795,1.3527921937008007,-3.6191974266902385,lauri markkanen,4535.0,Lauri Markkanen,PF,20.0,1.0,68.0,2020.0,29.705882352941178,15.6,1.7,1.6,3.3,0.079,1.0,-1.2,-0.2,0.9
2018,1628366,Lonzo Ball,Lonzo Ball,2018.0,20,20,7456,"BRef debut season, age >= 18, age <= 22, possessions >= 1000",34.23,30-35,3727,3729,7456,-0.249,-3.4,3.151,0.471,-1.207,1.678,1.9235032618065468,-4.2395525271330925,6.163000433538244,-0.9864056839134308,-3.1716784210315048,2.185288635353378,lonzo ball,4537.0,Lonzo Ball,PG,20.0,1.0,52.0,1780.0,34.23076923076923,12.5,-0.5,2.5,2.0,0.053,-0.7,1.6,1.0,1.3
2018,1628379,Luke Kennard,Luke Kennard,2018.0,22,22,5766,"BRef debut season, age >= 18, age <= 22, possessions >= 1000",20.04,20-25,2885,2881,5766,0.902,-0.901,1.804,2.795,0.587,2.209,1.93385167230704,-1.3720141705936229,3.3068370357144694,-0.9760572734129376,-0.3041400644920348,-0.6708747624703968,luke kennard,4538.0,Luke Kennard,SG,21.0,1.0,73.0,1463.0,20.041095890410958,12.1,1.1,1.4,2.6,0.085,-0.9,0.1,-0.8,0.5
2018,1628436,Luke Kornet,Luke Kornet,2018.0,22,22,1333,"BRef debut season, age >= 18, age <= 22, possessions >= 1000",16.32,15-20,668,665,1333,-3.649,-0.377,-3.271,-1.306,0.918,-2.225,-2.61714832769296,-0.8480141705936229,-1.7681629642855303,-5.527057273412938,0.2198599355079652,-5.745874762470397,luke kornet,4539.0,Luke Kornet,PF,22.0,1.0,20.0,326.0,16.3,13.6,0.2,0.3,0.5,0.077,0.4,-0.2,0.2,0.2
2018,1628370,Malik Monk,Malik Monk,2018.0,20,20,3541,"BRef debut season, age >= 18, age <= 22, possessions >= 1000",13.55,10-15,1780,1761,3541,-2.934,1.801,-4.736,-0.981,3.223,-4.203,-0.7614967381934532,0.9614474728669072,-1.7239995664617558,-3.671405683913431,2.0293215789684953,-5.701711364646622,malik monk,4541.0,Malik Monk,SG,19.0,1.0,63.0,854.0,13.555555555555555,10.2,-0.5,0.5,0.0,0.0,-1.3,-2.0,-3.4,-0.3
2018,1628365,Markelle Fultz,Markelle Fultz,2018.0,20,20,1202,"BRef debut season, age >= 18, age <= 22, possessions >= 1000",18.07,15-20,599,603,1202,-3.626,-2.91,-0.716,-1.283,-1.614,0.33,-1.453496738193453,-3.749552527133093,2.296000433538244,-4.363405683913431,-2.681678421031505,-1.6817113646466222,markelle fultz,4544.0,Markelle Fultz,SG,19.0,1.0,14.0,253.0,18.071428571428573,12.4,-0.2,0.4,0.2,0.043,-3.3,0.7,-2.6,0.0
2018,1628384,OG Anunoby,OG Anunoby,2018.0,20,20,6966,"BRef debut season, age >= 18, age <= 22, possessions >= 1000",20.02,20-25,3480,3486,6966,0.557,-1.948,2.505,2.45,-0.46,2.91,2.729503261806547,-2.7875525271330925,5.517000433538244,-0.1804056839134308,-1.7196784210315046,1.5392886353533777,og anunoby,4555.0,OG Anunoby,SF,20.0,1.0,74.0,1481.0,20.013513513513512,10.0,1.4,1.6,3.0,0.098,-1.2,0.6,-0.6,0.5
2018,1628388,T.J. Leaf,T.J. Leaf,2018.0,21,21,1867,"BRef debut season, age >= 18, age <= 22, possessions >= 1000",8.66,5-10,936,931,1867,-1.52,0.969,-2.489,-0.232,1.808,-2.04,0.0274736081961823,0.3279180875992126,-0.3004856285053723,-2.882435337523795,1.3957921937008009,-4.278197426690238,tj leaf,4566.0,T.J. Leaf,PF,20.0,1.0,53.0,459.0,8.660377358490566,10.7,0.5,0.3,0.8,0.082,-1.4,-1.7,-3.1,-0.1
2018,1628390,Terrance Ferguson,Terrance Ferguson,2018.0,20,20,3061,"BRef debut season, age >= 18, age <= 22, possessions >= 1000",12.51,10-15,1533,1528,3061,-2.348,0.738,-3.086,-0.395,2.159,-2.554,-0.1754967381934529,-0.1015525271330928,-0.0739995664617558,-3.0854056839134305,0.9663215789684954,-4.051711364646622,terrance ferguson,4567.0,Terrance Ferguson,SG,19.0,1.0,61.0,763.0,12.508196721311476,7.4,0.7,0.5,1.2,0.077,-3.2,-0.1,-3.3,-0.3
2018,1628416,Tyler Dorsey,Tyler Dorsey,2018.0,22,22,3983,"BRef debut season, age >= 18, age <= 22, possessions >= 1000",17.4,15-20,1991,1992,3983,-2.233,1.517,-3.75,0.109,2.813,-2.704,-1.2011483276929602,1.0459858294063769,-2.2471629642855304,-4.111057273412937,2.113859935507965,-6.224874762470397,tyler dorsey,4573.0,Tyler Dorsey,SG,21.0,1.0,56.0,974.0,17.392857142857142,10.0,0.0,0.4,0.4,0.02,-1.4,-1.5,-2.9,-0.2
2018,1628380,Zach Collins,Zach Collins,2018.0,20,20,4358,"BRef debut season, age >= 18, age <= 22, possessions >= 1000",15.84,15-20,2173,2185,4358,-0.75,0.446,-1.195,1.593,1.741,-0.149,1.422503261806547,-0.3935525271330928,1.817000433538244,-1.4874056839134309,0.6743215789684953,-2.1607113646466223,zach collins,4580.0,Zach Collins,C,20.0,1.0,66.0,1045.0,15.833333333333334,7.5,-0.7,1.3,0.6,0.03,-4.5,0.2,-4.3,-0.6
2019,1628988,Aaron Holiday,Aaron Holiday,2019.0,22,22,2753,"BRef debut season, age >= 18, age <= 22, possessions >= 1000",12.92,10-15,1377,1376,2753,-0.987,-1.015,0.028,1.119,-0.301,1.42,0.0448516723070399,-1.4860141705936227,1.5308370357144696,-2.865057273412938,-0.4181400644920346,-2.446874762470397,aaron holiday,4582.0,Aaron Holiday,PG,22.0,1.0,50.0,646.0,12.92,11.9,0.1,0.8,0.9,0.065,-1.7,0.1,-1.6,0.1
2019,1628971,Bruce Brown,Bruce Brown,2019.0,22,22,6101,"BRef debut season, age >= 18, age <= 22, possessions >= 1000",19.59,15-20,3025,3076,6101,-1.844,-2.038,0.194,0.463,-0.838,1.301,-0.8121483276929602,-2.509014170593623,1.6968370357144695,-3.722057273412938,-1.4411400644920347,-2.280874762470397,bruce brown,4594.0,Bruce Brown,SG,22.0,1.0,74.0,1449.0,19.58108108108108,6.9,-0.1,1.6,1.5,0.048,-4.4,1.0,-3.3,-0.5
2019,1629012,Collin Sexton,Collin Sexton,2019.0,20,20,10481,"BRef debut season, age >= 18, age <= 22, possessions >= 1000",31.77,30-35,5231,5250,10481,1.132,2.256,-1.124,2.016,4.084,-2.067,3.304503261806546,1.416447472866907,1.888000433538244,0.394594316086569,2.484321578968495,-2.0897113646466225,collin sexton,4599.0,Collin Sexton,PG,20.0,1.0,82.0,2605.0,31.76829268292683,12.0,-0.1,-0.5,-0.6,-0.011,-1.4,-3.3,-4.7,-1.8
2019,1629001,De'Anthony Melton,De'Anthony Melton,2019.0,21,21,4075,"BRef debut season, age >= 18, age <= 22, possessions >= 1000",19.68,15-20,2030,2045,4075,-2.354,0.102,-2.456,-0.047,1.302,-1.349,-0.8065263918038177,-0.5390819124007874,-0.2674856285053724,-3.7164353375237953,0.5287921937008008,-4.245197426690239,deanthony melton,4602.0,De'Anthony Melton,PG,20.0,1.0,50.0,984.0,19.68,9.9,-0.8,0.8,0.0,0.002,-3.8,1.1,-2.7,-0.2
2019,1629028,Deandre Ayton,Deandre Ayton,2019.0,20,20,8968,"BRef debut season, age >= 18, age <= 22, possessions >= 1000",30.74,30-35,4483,4485,8968,-0.363,-0.747,0.383,0.521,1.081,-0.56,1.809503261806547,-1.586552527133093,3.395000433538244,-1.1004056839134309,-0.5186784210315046,-0.5827113646466223,deandre ayton,4603.0,Deandre Ayton,C,20.0,1.0,71.0,2183.0,30.746478873239436,20.5,4.1,1.7,5.8,0.128,1.3,-1.1,0.2,1.2
2019,1628978,Donte DiVincenzo,Donte DiVincenzo,2019.0,22,22,1788,"BRef debut season, age >= 18, age <= 22, possessions >= 1000",15.23,15-20,889,899,1788,-2.123,-2.655,0.532,0.185,-1.454,1.639,-1.0911483276929603,-3.126014170593623,2.0348370357144696,-4.001057273412938,-2.0581400644920347,-1.9428747624703968,donte divincenzo,4608.0,Donte DiVincenzo,SG,22.0,1.0,27.0,411.0,15.222222222222221,9.1,0.0,0.6,0.6,0.069,-2.8,0.6,-2.2,0.0
2019,1629059,Elie Okobo,Elie Okobo,2019.0,21,21,3948,"BRef debut season, age >= 18, age <= 22, possessions >= 1000",18.08,15-20,1966,1982,3948,-3.244,-0.38,-2.864,-0.936,0.82,-1.757,-1.6965263918038178,-1.0210819124007875,-0.6754856285053723,-4.606435337523795,0.0467921937008007,-4.653197426690238,elie okobo,4614.0,Elie Okobo,PG,21.0,1.0,53.0,958.0,18.07547169811321,7.6,-0.7,0.2,-0.5,-0.027,-4.2,-1.5,-5.7,-0.9
2019,1628402,Frank Jackson,Frank Jackson,2019.0,21,21,5090,"BRef debut season, age >= 18, age <= 22, possessions >= 1000",19.16,15-20,2548,2542,5090,-2.361,-0.046,-2.315,-0.054,1.154,-1.208,-0.8135263918038178,-0.6870819124007874,-0.1264856285053723,-3.7234353375237954,0.3807921937008008,-4.104197426690239,frank jackson,4616.0,Frank Jackson,PG,20.0,1.0,61.0,1169.0,19.16393442622951,9.4,0.1,0.4,0.4,0.018,-2.9,-1.7,-4.6,-0.8
2019,1628977,Hamidou Diallo,Hamidou Diallo,2019.0,20,20,2233,"BRef debut season, age >= 18, age <= 22, possessions >= 1000",10.32,10-15,1114,1119,2233,-1.634,0.07,-1.705,0.472,0.784,-0.312,0.5385032618065471,-0.7695525271330927,1.307000433538244,-2.371405683913431,0.2983215789684953,-2.6707113646466225,hamidou diallo,4621.0,Hamidou Diallo,SG,20.0,1.0,51.0,526.0,10.313725490196079,10.1,0.1,0.7,0.8,0.069,-4.4,0.2,-4.2,-0.3
2019,1628973,Jalen Brunson,Jalen Brunson,2019.0,22,22,6502,"BRef debut season, age >= 18, age <= 22, possessions >= 1000",21.8,20-25,3253,3249,6502,-0.149,-0.791,0.643,1.552,0.279,1.273,0.8828516723070399,-1.262014170593623,2.14583703571447,-2.0270572734129377,-0.1941400644920348,-1.8318747624703968,jalen brunson,4630.0,Jalen Brunson,PG,22.0,1.0,73.0,1591.0,21.794520547945204,12.8,1.5,1.0,2.6,0.077,-1.2,-0.5,-1.7,0.1
2019,1628991,Jaren Jackson Jr.,Jaren Jackson Jr.,2019.0,19,19,5940,"BRef debut season, age >= 18, age <= 22, possessions >= 1000",26.12,25-30,2968,2972,5940,-3.01,-2.293,-0.717,-1.383,-0.933,-0.45,-0.1000910542800221,-3.3608741061015883,3.2607117981848663,-3.01,-2.293,-0.717,jaren jackson jr,4632.0,Jaren Jackson Jr.,PF,19.0,1.0,58.0,1515.0,26.120689655172413,16.4,1.2,2.2,3.3,0.105,-1.2,1.0,-0.3,0.7
2019,1629010,Jerome Robinson,Jerome Robinson,2019.0,22,22,1541,"BRef debut season, age >= 18, age <= 22, possessions >= 1000",9.71,5-10,772,769,1541,-1.348,0.716,-2.064,0.222,1.193,-0.972,-0.3161483276929602,0.244985829406377,-0.5611629642855305,-3.2260572734129376,1.312859935507965,-4.538874762470397,jerome robinson,4637.0,Jerome Robinson,SG,21.0,1.0,33.0,320.0,9.696969696969697,7.2,-0.2,0.3,0.1,0.012,-4.2,-0.5,-4.7,-0.2
2019,1629006,Josh Okogie,Josh Okogie,2019.0,20,20,7434,"BRef debut season, age >= 18, age <= 22, possessions >= 1000",23.75,20-25,3704,3730,7434,0.697,-0.734,1.43,2.397,0.336,2.06,2.869503261806547,-1.5735525271330928,4.442000433538244,-0.0404056839134309,-0.5056784210315046,0.4642886353533776,josh okogie,4644.0,Josh Okogie,SG,20.0,1.0,74.0,1757.0,23.743243243243242,9.4,-0.1,1.4,1.2,0.034,-3.5,0.4,-3.1,-0.5
2019,1628989,Kevin Huerter,Kevin Huerter,2019.0,20,20,8776,"BRef debut season, age >= 18, age <= 22, possessions >= 1000",27.31,25-30,4386,4390,8776,2.302,-0.442,2.744,3.928,0.917,3.011,4.474503261806547,-1.2815525271330928,5.756000433538244,1.5645943160865692,-0.2136784210315046,1.7782886353533778,kevin huerter,4648.0,Kevin Huerter,SG,20.0,1.0,75.0,2048.0,27.30666666666667,10.1,0.7,0.7,1.5,0.034,-1.6,-0.8,-2.4,-0.2
2019,1629013,Landry Shamet,Landry Shamet,2019.0,22,22,8351,"BRef debut season, age >= 18, age <= 22, possessions >= 1000",22.81,20-25,4174,4177,8351,1.875,-0.03,1.905,3.575,1.04,2.535,2.90685167230704,-0.501014170593623,3.4078370357144694,-0.0030572734129377,0.5668599355079652,-0.5698747624703968,landry shamet,4652.0,Landry Shamet,SG,21.0,1.0,79.0,1802.0,22.810126582278482,11.0,2.7,0.9,3.6,0.095,-0.3,-1.3,-1.6,0.2
2019,1629029,Luka Doncic,Luka Doncic,2019.0,20,20,9540,"BRef debut season, age >= 18, age <= 22, possessions >= 1000",32.19,30-35,4784,4756,9540,2.45,-0.458,2.909,3.335,1.369,1.965,4.622503261806547,-1.2975525271330928,5.921000433538244,1.712594316086569,-0.2296784210315046,1.9432886353533776,luka doncic,4654.0,Luka Dončić,SG,19.0,1.0,72.0,2318.0,32.19444444444444,19.6,2.1,2.8,4.9,0.101,3.6,0.3,3.9,3.4
2019,1628963,Marvin Bagley III,Marvin Bagley III,2019.0,20,20,6688,"BRef debut season, age >= 18, age <= 22, possessions >= 1000",25.28,25-30,3349,3339,6688,0.561,0.515,0.046,2.187,1.874,0.313,2.733503261806547,-0.3245525271330928,3.058000433538244,-0.1764056839134308,0.7433215789684954,-0.9197113646466224,marvin bagley iii,4656.0,Marvin Bagley III,PF,19.0,1.0,62.0,1567.0,25.274193548387096,18.9,2.0,1.6,3.6,0.11,0.5,-1.5,-1.0,0.4
2019,1628969,Mikal Bridges,Mikal Bridges,2019.0,22,22,9999,"BRef debut season, age >= 18, age <= 22, possessions >= 1000",29.48,25-30,4992,5007,9999,0.215,0.833,-0.618,1.842,2.192,-0.351,1.24685167230704,0.361985829406377,0.8848370357144696,-1.6630572734129376,1.4298599355079653,-3.0928747624703967,mikal bridges,4658.0,Mikal Bridges,SF,22.0,1.0,82.0,2417.0,29.475609756097562,10.8,1.7,1.2,2.9,0.058,-2.0,0.4,-1.6,0.3
2019,1628970,Miles Bridges,Miles Bridges,2019.0,21,21,6943,"BRef debut season, age >= 18, age <= 22, possessions >= 1000",21.2,20-25,3464,3479,6943,0.448,0.688,-0.241,2.148,1.758,0.39,1.9954736081961824,0.0469180875992125,1.9475143714946277,-0.9144353375237952,1.1147921937008007,-2.0301974266902385,miles bridges,4659.0,Miles Bridges,SF,20.0,1.0,80.0,1696.0,21.2,13.1,1.4,1.5,2.9,0.083,-0.9,0.1,-0.8,0.5
2019,1629011,Mitchell Robinson,Mitchell Robinson,2019.0,21,21,5599,"BRef debut season, age >= 18, age <= 22, possessions >= 1000",20.6,20-25,2800,2799,5599,-0.242,0.118,-0.36,1.458,1.188,0.27,1.3054736081961824,-0.5230819124007874,1.8285143714946277,-1.6044353375237952,0.5447921937008008,-2.1491974266902387,mitchell robinson,4661.0,Mitchell Robinson,C,20.0,1.0,66.0,1360.0,20.606060606060606,22.0,4.0,2.2,6.1,0.217,0.1,2.4,2.5,1.6
2019,1628964,Mo Bamba,Mo Bamba,2019.0,21,21,3097,"BRef debut season, age >= 18, age <= 22, possessions >= 1000",16.3,15-20,1542,1555,3097,-5.994,-0.792,-5.203,-3.687,0.409,-4.096,-4.446526391803817,-1.4330819124007874,-3.0144856285053727,-7.356435337523795,-0.3652078062991992,-6.992197426690239,mo bamba,4662.0,Mo Bamba,C,20.0,1.0,47.0,766.0,16.29787234042553,14.9,0.3,1.4,1.7,0.106,-2.8,1.4,-1.4,0.1
2019,1629021,Moritz Wagner,Moritz Wagner,2019.0,22,22,1909,"BRef debut season, age >= 18, age <= 22, possessions >= 1000",10.38,10-15,954,955,1909,-4.833,-0.662,-4.172,-2.727,0.052,-2.779,-3.80114832769296,-1.133014170593623,-2.66916296428553,-6.711057273412938,-0.0651400644920348,-6.6468747624703965,moritz wagner,4663.0,Moritz Wagner,C,21.0,1.0,43.0,446.0,10.372093023255815,10.1,-0.3,0.5,0.2,0.02,-3.9,-0.4,-4.3,-0.3
2019,1629016,Omari Spellman,Omari Spellman,2019.0,21,21,3473,"BRef debut season, age >= 18, age <= 22, possessions >= 1000",17.49,15-20,1738,1735,3473,-3.479,0.028,-3.507,-1.172,1.228,-2.4,-1.9315263918038177,-0.6130819124007874,-1.3184856285053723,-4.841435337523795,0.4547921937008008,-5.296197426690239,omari spellman,4664.0,Omari Spellman,PF,21.0,1.0,46.0,805.0,17.5,12.4,0.6,0.5,1.2,0.07,-0.5,-0.7,-1.2,0.2
2019,1629066,Rodions Kurucs,Rodions Kurucs,2019.0,21,21,5908,"BRef debut season, age >= 18, age <= 22, possessions >= 1000",20.54,20-25,2958,2950,5908,-0.533,-1.137,0.604,1.168,-0.067,1.234,1.0144736081961825,-1.7780819124007874,2.7925143714946277,-1.8954353375237951,-0.7102078062991992,-1.1851974266902388,rodions kurucs,4668.0,Rodions Kurucs,SF,20.0,1.0,63.0,1294.0,20.53968253968254,11.0,0.1,1.5,1.6,0.059,-2.9,0.3,-2.6,-0.2
2019,1628983,Shai Gilgeous-Alexander,Shai Gilgeous-Alexander,2019.0,20,20,9892,"BRef debut season, age >= 18, age <= 22, possessions >= 1000",26.51,25-30,4936,4956,9892,0.084,-0.303,0.388,1.711,1.056,0.654,2.256503261806547,-1.1425525271330927,3.400000433538244,-0.6534056839134309,-0.0746784210315046,-0.5777113646466223,shai gilgeousalexander,4670.0,Shai Gilgeous-Alexander,PG,20.0,1.0,82.0,2174.0,26.51219512195122,13.4,1.5,1.9,3.3,0.074,-0.9,0.4,-0.5,0.8
2019,1629003,Shake Milton,Shake Milton,2019.0,22,22,1119,"BRef debut season, age >= 18, age <= 22, possessions >= 1000",13.41,10-15,562,557,1119,-1.553,-0.209,-1.343,0.553,0.504,0.049,-0.52114832769296,-0.6800141705936229,0.1598370357144696,-3.4310572734129376,0.3878599355079652,-3.817874762470397,shake milton,4671.0,Shake Milton,SG,22.0,1.0,20.0,268.0,13.4,9.3,0.1,0.3,0.3,0.059,-2.6,-0.6,-3.2,-0.1
2019,1629004,Svi Mykhailiuk,Svi Mykhailiuk,2019.0,22,22,1881,"BRef debut season, age >= 18, age <= 22, possessions >= 1000",10.48,10-15,937,944,1881,-2.285,-0.665,-1.62,-0.179,0.049,-0.228,-1.2531483276929605,-1.136014170593623,-0.1171629642855305,-4.163057273412938,-0.0681400644920348,-4.094874762470397,svi mykhailiuk,4672.0,Svi Mykhailiuk,SF,21.0,1.0,42.0,440.0,10.476190476190476,6.0,-0.4,0.3,-0.1,-0.012,-3.9,-1.1,-5.0,-0.3
2019,1629027,Trae Young,Trae Young,2019.0,20,20,10709,"BRef debut season, age >= 18, age <= 22, possessions >= 1000",30.9,30-35,5354,5355,10709,2.867,1.801,1.067,3.752,3.628,0.123,5.039503261806547,0.9614474728669072,4.079000433538244,2.1295943160865693,2.0293215789684953,0.1012886353533776,trae young,4676.0,Trae Young,PG,20.0,1.0,81.0,2503.0,30.901234567901234,17.0,2.5,0.7,3.3,0.062,2.3,-2.8,-0.6,0.9
2019,1628972,Troy Brown Jr.,Troy Brown Jr.,2019.0,19,19,3043,"BRef debut season, age >= 18, age <= 22, possessions >= 1000",14.03,10-15,1521,1522,3043,-1.106,0.32,-1.425,1.001,1.034,-0.033,1.8039089457199775,-0.7478741061015881,2.552711798184866,-1.106,0.32,-1.425,troy brown jr,4678.0,Troy Brown Jr.,SF,19.0,1.0,52.0,730.0,14.038461538461538,11.1,0.2,0.4,0.6,0.039,-1.7,-1.0,-2.7,-0.1
2019,1628976,Wendell Carter Jr.,Wendell Carter Jr.,2019.0,20,20,4503,"BRef debut season, age >= 18, age <= 22, possessions >= 1000",25.22,25-30,2248,2255,4503,-5.054,-2.295,-2.759,-3.428,-0.936,-2.492,-2.8814967381934533,-3.134552527133093,0.2530004335382441,-5.791405683913431,-2.066678421031505,-3.7247113646466223,wendell carter jr,4682.0,Wendell Carter Jr.,C,19.0,1.0,44.0,1110.0,25.227272727272727,15.2,0.7,1.2,1.9,0.08,-2.2,0.6,-1.6,0.1
2020,1628981,Bruno Fernando,Bruno Fernando,2020.0,21,21,2998,"BRef debut season, age >= 18, age <= 22, possessions >= 1000",12.72,10-15,1496,1502,2998,-3.323,-1.208,-2.114,-1.437,-0.076,-1.361,-1.7755263918038175,-1.8490819124007871,0.0745143714946277,-4.685435337523796,-0.7812078062991992,-3.9031974266902383,bruno fernando,4695.0,Bruno Fernando,C,21.0,1.0,56.0,713.0,12.732142857142858,11.9,0.4,0.4,0.8,0.055,-3.2,-0.9,-4.1,-0.4
2020,1629629,Cam Reddish,Cam Reddish,2020.0,20,20,6653,"BRef debut season, age >= 18, age <= 22, possessions >= 1000",26.74,25-30,3321,3332,6653,-0.512,0.726,-1.238,0.775,2.399,-1.624,1.660503261806547,-0.1135525271330928,1.774000433538244,-1.2494056839134309,0.9543215789684952,-2.2037113646466224,cam reddish,4697.0,Cam Reddish,SF,20.0,1.0,58.0,1551.0,26.74137931034483,9.0,-1.2,0.8,-0.4,-0.011,-3.3,-1.0,-4.2,-0.9
2020,1629035,Carsen Edwards,Carsen Edwards,2020.0,22,22,1493,"BRef debut season, age >= 18, age <= 22, possessions >= 1000",9.47,5-10,741,752,1493,-4.608,-1.152,-3.456,-3.023,-0.427,-2.595,-3.57614832769296,-1.6230141705936227,-1.9531629642855304,-6.486057273412937,-0.5551400644920347,-5.930874762470397,carsen edwards,4699.0,Carsen Edwards,SG,21.0,1.0,37.0,351.0,9.486486486486486,6.9,-0.3,0.4,0.1,0.014,-4.4,-0.2,-4.6,-0.2
2020,1629598,Chris Clemons,Chris Clemons,2020.0,22,22,1298,"BRef debut season, age >= 18, age <= 22, possessions >= 1000",8.8,5-10,651,647,1298,-3.953,-0.372,-3.581,-2.367,0.353,-2.72,-2.92114832769296,-0.8430141705936229,-2.0781629642855304,-5.831057273412938,0.2248599355079652,-6.055874762470397,chris clemons,4701.0,Chris Clemons,SG,22.0,1.0,33.0,291.0,8.818181818181818,13.1,0.1,0.2,0.4,0.058,0.3,-1.3,-1.0,0.1
2020,1629632,Coby White,Coby White,2020.0,20,20,7019,"BRef debut season, age >= 18, age <= 22, possessions >= 1000",25.75,25-30,3509,3510,7019,1.018,1.086,-0.068,2.305,2.759,-0.454,3.1905032618065468,0.2464474728669072,2.944000433538244,0.2805943160865691,1.3143215789684954,-1.0337113646466225,coby white,4703.0,Coby White,PG,19.0,1.0,65.0,1674.0,25.753846153846155,11.9,-0.5,1.4,0.9,0.026,-1.3,-1.6,-2.9,-0.4
2020,1629655,Daniel Gafford,Daniel Gafford,2020.0,21,21,2512,"BRef debut season, age >= 18, age <= 22, possessions >= 1000",14.16,10-15,1259,1253,2512,-2.604,-1.707,-0.897,-0.718,-0.574,-0.144,-1.0565263918038177,-2.3480819124007875,1.2915143714946276,-3.9664353375237953,-1.2802078062991993,-2.686197426690238,daniel gafford,4705.0,Daniel Gafford,C,21.0,1.0,43.0,609.0,14.162790697674419,16.2,1.1,0.8,1.9,0.146,-2.8,1.5,-1.3,0.1
2020,1629647,Darius Bazley,Darius Bazley,2020.0,20,20,5177,"BRef debut season, age >= 18, age <= 22, possessions >= 1000",18.52,15-20,2585,2592,5177,-3.866,-2.177,-1.689,-1.77,-0.637,-1.133,-1.6934967381934531,-3.0165525271330926,1.323000433538244,-4.603405683913431,-1.948678421031505,-2.6547113646466225,darius bazley,4707.0,Darius Bazley,PF,19.0,1.0,61.0,1130.0,18.524590163934427,9.6,-0.5,1.5,1.0,0.041,-2.1,0.5,-1.6,0.1
2020,1629636,Darius Garland,Darius Garland,2020.0,20,20,7433,"BRef debut season, age >= 18, age <= 22, possessions >= 1000",30.91,30-35,3725,3708,7433,-0.536,0.426,-0.962,0.543,2.401,-1.858,1.636503261806547,-0.4135525271330928,2.050000433538244,-1.273405683913431,0.6543215789684953,-1.9277113646466224,darius garland,4708.0,Darius Garland,SG,20.0,1.0,59.0,1824.0,30.915254237288135,8.5,-1.3,0.0,-1.3,-0.034,-2.7,-2.8,-5.5,-1.7
2020,1629631,De'Andre Hunter,De'Andre Hunter,2020.0,22,22,8498,"BRef debut season, age >= 18, age <= 22, possessions >= 1000",32.03,30-35,4244,4254,8498,0.817,0.384,0.433,1.895,2.359,-0.463,1.84885167230704,-0.0870141705936229,1.9358370357144696,-1.0610572734129378,0.9808599355079652,-2.041874762470397,deandre hunter,4709.0,De'Andre Hunter,SF,22.0,1.0,63.0,2018.0,32.03174603174603,8.6,-0.4,0.5,0.1,0.002,-2.9,-1.8,-4.7,-1.4
2020,1629048,Goga Bitadze,Goga Bitadze,2020.0,20,20,2006,"BRef debut season, age >= 18, age <= 22, possessions >= 1000",8.73,5-10,1002,1004,2006,-2.492,-0.716,-1.776,-0.907,0.008,-0.915,-0.319496738193453,-1.5555525271330928,1.236000433538244,-3.22940568391343,-0.4876784210315046,-2.7417113646466222,goga bitadze,4719.0,Goga Bitadze,C,20.0,1.0,54.0,471.0,8.722222222222221,12.1,-0.1,0.8,0.7,0.067,-4.1,1.8,-2.3,0.0
2020,1629684,Grant Williams,Grant Williams,2020.0,21,21,4995,"BRef debut season, age >= 18, age <= 22, possessions >= 1000",15.12,15-20,2482,2513,4995,-1.306,-2.465,1.159,0.79,-0.925,1.715,0.2414736081961823,-3.1060819124007875,3.3475143714946274,-2.6684353375237952,-2.038207806299199,-0.6301974266902386,grant williams,4720.0,Grant Williams,PF,21.0,1.0,69.0,1043.0,15.115942028985508,7.9,0.1,1.4,1.6,0.071,-4.1,1.4,-2.7,-0.2
2020,1629630,Ja Morant,Ja Morant,2020.0,20,20,8986,"BRef debut season, age >= 18, age <= 22, possessions >= 1000",30.96,30-35,4484,4502,8986,1.13,-1.537,2.667,2.208,0.438,1.771,3.302503261806547,-2.376552527133093,5.679000433538244,0.392594316086569,-1.3086784210315046,1.7012886353533774,ja morant,4723.0,Ja Morant,PG,20.0,1.0,67.0,2074.0,30.955223880597014,17.4,2.3,1.5,3.8,0.088,1.4,-1.2,0.3,1.2
2020,1629667,Jalen McDaniels,Jalen McDaniels,2020.0,22,22,1141,"BRef debut season, age >= 18, age <= 22, possessions >= 1000",18.33,15-20,570,571,1141,-2.523,-2.004,-0.519,-0.427,-0.463,0.036,-1.4911483276929602,-2.475014170593623,0.9838370357144696,-4.401057273412938,-1.4071400644920349,-2.993874762470397,jalen mcdaniels,4725.0,Jalen McDaniels,SF,22.0,1.0,16.0,293.0,18.3125,10.7,0.2,0.2,0.5,0.078,-3.4,0.1,-3.3,-0.1
2020,1629633,Jarrett Culver,Jarrett Culver,2020.0,21,21,6469,"BRef debut season, age >= 18, age <= 22, possessions >= 1000",23.9,20-25,3235,3234,6469,0.069,-0.162,0.231,2.202,1.499,0.703,1.6164736081961824,-0.8030819124007874,2.419514371494627,-1.2934353375237952,0.2647921937008007,-1.5581974266902383,jarrett culver,4728.0,Jarrett Culver,SG,20.0,1.0,63.0,1506.0,23.904761904761905,9.6,-1.2,1.1,-0.1,-0.004,-3.3,-0.7,-4.0,-0.8
2020,1629637,Jaxson Hayes,Jaxson Hayes,2020.0,20,20,4676,"BRef debut season, age >= 18, age <= 22, possessions >= 1000",16.87,15-20,2339,2337,4676,-2.07,-0.686,-1.384,0.026,0.854,-0.828,0.1025032618065471,-1.525552527133093,1.628000433538244,-2.807405683913431,-0.4576784210315047,-2.3497113646466223,jaxson hayes,4730.0,Jaxson Hayes,C,19.0,1.0,64.0,1080.0,16.875,17.6,2.8,1.1,3.9,0.171,-0.9,0.6,-0.3,0.5
2020,1629673,Jordan Poole,Jordan Poole,2020.0,21,21,5371,"BRef debut season, age >= 18, age <= 22, possessions >= 1000",22.35,20-25,2691,2680,5371,-2.144,-0.117,-2.027,-0.011,1.544,-1.554,-0.5965263918038177,-0.7580819124007874,0.1615143714946274,-3.5064353375237953,0.3097921937008008,-3.8161974266902385,jordan poole,4737.0,Jordan Poole,SG,20.0,1.0,57.0,1274.0,22.350877192982455,7.2,-1.6,0.4,-1.2,-0.047,-4.4,-2.2,-6.6,-1.5
2020,1629640,Keldon Johnson,Keldon Johnson,2020.0,20,20,1313,"BRef debut season, age >= 18, age <= 22, possessions >= 1000",17.68,15-20,655,658,1313,-1.107,-2.906,1.799,0.989,-1.366,2.355,1.065503261806547,-3.7455525271330927,4.8110004335382435,-1.8444056839134308,-2.677678421031505,0.8332886353533776,keldon johnson,4745.0,Keldon Johnson,SF,20.0,1.0,17.0,301.0,17.705882352941178,19.1,0.8,0.2,1.1,0.174,1.5,0.0,1.5,0.3
2020,1629645,Kevin Porter Jr.,Kevin Porter Jr.,2020.0,20,20,4734,"BRef debut season, age >= 18, age <= 22, possessions >= 1000",23.23,20-25,2361,2373,4734,-3.776,1.357,-5.133,-1.642,3.018,-4.661,-1.6034967381934528,0.5174474728669072,-2.120999566461756,-4.51340568391343,1.5853215789684951,-6.098711364646622,kevin porter jr,4748.0,Kevin Porter Jr.,SF,19.0,1.0,50.0,1162.0,23.24,10.8,-0.3,0.6,0.3,0.012,-3.2,-0.6,-3.8,-0.5
2020,1629652,Luguentz Dort,Luguentz Dort,2020.0,21,21,4033,"BRef debut season, age >= 18, age <= 22, possessions >= 1000",22.79,20-25,2012,2021,4033,-1.094,-1.881,0.787,1.039,-0.22,1.259,0.4534736081961823,-2.5220819124007874,2.9755143714946275,-2.4564353375237955,-1.4542078062991992,-1.0021974266902385,luguentz dort,4754.0,Luguentz Dort,SF,20.0,1.0,36.0,820.0,22.77777777777778,7.6,0.1,0.8,0.8,0.049,-4.1,0.4,-3.7,-0.4
2020,1629008,Michael Porter Jr.,Michael Porter Jr.,2020.0,22,22,5464,"BRef debut season, age >= 18, age <= 22, possessions >= 1000",16.42,15-20,2747,2717,5464,1.062,-0.577,1.639,3.158,0.963,2.195,2.09385167230704,-1.048014170593623,3.14183703571447,-0.8160572734129377,0.0198599355079652,-0.8358747624703968,michael porter jr,4766.0,Michael Porter Jr.,SF,21.0,1.0,55.0,903.0,16.418181818181818,19.8,1.8,1.1,2.9,0.154,2.4,-0.8,1.5,0.8
2020,1629642,Nassir Little,Nassir Little,2020.0,20,20,2435,"BRef debut season, age >= 18, age <= 22, possessions >= 1000",11.93,10-15,1216,1219,2435,-1.173,-0.183,-0.99,0.713,0.949,-0.237,0.9995032618065468,-1.0225525271330929,2.022000433538244,-1.910405683913431,0.0453215789684953,-1.9557113646466224,nassir little,4770.0,Nassir Little,PF,19.0,1.0,48.0,573.0,11.9375,9.6,0.3,0.3,0.6,0.047,-2.9,-0.6,-3.5,-0.2
2020,1629675,Naz Reid,Naz Reid,2020.0,20,20,2145,"BRef debut season, age >= 18, age <= 22, possessions >= 1000",16.52,15-20,1073,1072,2145,-1.377,-2.008,0.632,0.72,-0.468,1.188,0.795503261806547,-2.847552527133093,3.644000433538244,-2.114405683913431,-1.7796784210315046,-0.3337113646466223,naz reid,4771.0,Naz Reid,C,20.0,1.0,30.0,495.0,16.5,15.3,0.2,0.6,0.8,0.074,-1.6,-0.3,-1.9,0.0
2020,1629638,Nickeil Alexander-Walker,Nickeil Alexander-Walker,2020.0,21,21,2514,"BRef debut season, age >= 18, age <= 22, possessions >= 1000",12.57,10-15,1253,1261,2514,-0.626,1.71,-2.335,1.26,2.842,-1.582,0.9214736081961824,1.0689180875992126,-0.1464856285053724,-1.988435337523795,2.136792193700801,-4.124197426690238,nickeil alexanderwalker,4773.0,Nickeil Alexander-Walker,SG,21.0,1.0,47.0,591.0,12.574468085106384,8.9,-0.7,0.4,-0.2,-0.02,-3.2,-1.4,-4.6,-0.4
2020,1629023,P.J. Washington,P.J. Washington,2020.0,21,21,6940,"BRef debut season, age >= 18, age <= 22, possessions >= 1000",30.33,30-35,3470,3470,6940,-0.69,-1.66,0.97,0.388,0.314,0.074,0.8574736081961825,-2.3010819124007873,3.1585143714946273,-2.052435337523795,-1.2332078062991991,-0.8191974266902387,pj washington,4778.0,P.J. Washington,PF,21.0,1.0,58.0,1759.0,30.32758620689655,12.4,0.5,1.5,2.0,0.054,-1.7,0.1,-1.6,0.2
2020,1629628,RJ Barrett,RJ Barrett,2020.0,20,20,7020,"BRef debut season, age >= 18, age <= 22, possessions >= 1000",30.44,30-35,3514,3506,7020,-0.161,1.465,-1.625,0.918,3.439,-2.521,2.011503261806547,0.6254474728669073,1.387000433538244,-0.8984056839134309,1.6933215789684954,-2.5907113646466224,rj barrett,4782.0,RJ Barrett,SG,19.0,1.0,56.0,1704.0,30.428571428571427,10.7,-1.6,1.1,-0.5,-0.015,-2.9,-1.5,-4.3,-1.0
2020,1629641,Romeo Langford,Romeo Langford,2020.0,20,20,1736,"BRef debut season, age >= 18, age <= 22, possessions >= 1000",11.56,10-15,861,875,1736,-1.165,-1.882,0.717,0.721,-0.75,1.471,1.007503261806547,-2.7215525271330927,3.729000433538244,-1.902405683913431,-1.6536784210315043,-0.2487113646466223,romeo langford,4783.0,Romeo Langford,SG,20.0,1.0,32.0,370.0,11.5625,5.4,-0.2,0.4,0.2,0.025,-4.7,-0.3,-4.9,-0.3
2020,1629060,Rui Hachimura,Rui Hachimura,2020.0,22,22,6134,"BRef debut season, age >= 18, age <= 22, possessions >= 1000",30.08,30-35,3072,3062,6134,-0.762,0.601,-1.363,0.316,2.576,-2.259,0.2698516723070399,0.129985829406377,0.1398370357144696,-2.6400572734129377,1.197859935507965,-3.837874762470397,rui hachimura,4784.0,Rui Hachimura,PF,21.0,1.0,48.0,1444.0,30.083333333333332,13.5,1.3,0.5,1.8,0.06,-1.2,-2.0,-3.2,-0.4
2020,1629635,Sekou Doumbouya,Sekou Doumbouya,2020.0,19,19,2997,"BRef debut season, age >= 18, age <= 22, possessions >= 1000",19.83,15-20,1484,1513,2997,-2.876,0.504,-3.381,-0.78,2.045,-2.825,0.0339089457199777,-0.5638741061015882,0.5967117981848666,-2.876,0.504,-3.381,sekou doumbouya,4785.0,Sekou Doumbouya,PF,19.0,1.0,38.0,754.0,19.842105263157894,6.2,-0.8,0.5,-0.3,-0.02,-5.2,-1.4,-6.7,-0.9
2020,1629660,Ty Jerome,Ty Jerome,2020.0,22,22,1371,"BRef debut season, age >= 18, age <= 22, possessions >= 1000",10.57,10-15,682,689,1371,-4.246,-0.979,-3.267,-2.36,0.154,-2.514,-3.2141483276929605,-1.450014170593623,-1.7641629642855303,-6.124057273412938,-0.3821400644920347,-5.741874762470397,ty jerome,4794.0,Ty Jerome,SG,22.0,1.0,31.0,328.0,10.580645161290322,7.9,-0.3,0.3,0.0,-0.003,-3.9,0.1,-3.7,-0.1
2020,1629639,Tyler Herro,Tyler Herro,2020.0,20,20,8876,"BRef debut season, age >= 18, age <= 22, possessions >= 1000",27.42,25-30,4459,4417,8876,-0.202,0.891,-1.094,1.085,2.564,-1.48,1.970503261806547,0.0514474728669072,1.918000433538244,-0.9394056839134308,1.1193215789684954,-2.0597113646466223,tyler herro,4796.0,Tyler Herro,SG,20.0,1.0,55.0,1508.0,27.418181818181818,12.5,0.2,1.3,1.6,0.05,-0.4,-1.2,-1.6,0.1
2020,1629627,Zion Williamson,Zion Williamson,2020.0,19,19,2928,"BRef debut season, age >= 18, age <= 22, possessions >= 1000",27.84,25-30,1462,1466,2928,0.015,-2.411,2.425,1.301,-0.738,2.039,2.9249089457199777,-3.478874106101588,6.402711798184866,0.015,-2.411,2.425,zion williamson,4803.0,Zion Williamson,PF,19.0,1.0,24.0,668.0,27.833333333333332,24.1,1.5,0.4,2.0,0.141,3.5,-1.4,2.1,0.7
2021,1630174,Aaron Nesmith,Aaron Nesmith,2021.0,21,21,2986,"BRef debut season, age >= 18, age <= 22, possessions >= 1000",14.54,10-15,1490,1496,2986,-2.064,-0.615,-1.449,0.642,0.098,0.544,-0.5165263918038177,-1.2560819124007874,0.7395143714946275,-3.4264353375237953,-0.1882078062991992,-3.2381974266902387,aaron nesmith,4805.0,Aaron Nesmith,SF,21.0,1.0,46.0,669.0,14.543478260869565,9.4,0.5,0.6,1.1,0.076,-2.8,-0.4,-3.2,-0.2
2021,1630197,Aleksej Pokusevski,Aleksej Pokusevski,2021.0,19,19,4672,"BRef debut season, age >= 18, age <= 22, possessions >= 1000",24.22,20-25,2336,2336,4672,-3.318,0.444,-3.762,-0.892,1.751,-2.643,-0.4080910542800224,-0.6238741061015882,0.2157117981848664,-3.318,0.444,-3.762,aleksej pokusevski,4806.0,Aleksej Pokusevski,PF,19.0,1.0,45.0,1090.0,24.22222222222222,6.1,-2.9,1.0,-1.9,-0.084,-5.1,-1.0,-6.1,-1.1
2021,1630162,Anthony Edwards,Anthony Edwards,2021.0,19,19,9665,"BRef debut season, age >= 18, age <= 22, possessions >= 1000",32.14,30-35,4835,4830,9665,3.363,0.935,2.428,4.91,2.688,2.222,6.272908945719978,-0.1328741061015881,6.405711798184866,3.363,0.935,2.428,anthony edwards,4808.0,Anthony Edwards,SG,19.0,1.0,72.0,2314.0,32.138888888888886,13.9,-0.6,1.4,0.8,0.017,-0.4,-1.7,-2.1,-0.1
2021,1629643,Chuma Okeke,Chuma Okeke,2021.0,22,22,4650,"BRef debut season, age >= 18, age <= 22, possessions >= 1000",25.17,25-30,2319,2331,4650,-1.023,-2.134,1.111,1.577,-0.742,2.32,0.0088516723070399,-2.605014170593623,2.61383703571447,-2.9010572734129374,-1.5371400644920348,-1.3638747624703969,chuma okeke,4817.0,Chuma Okeke,PF,22.0,1.0,45.0,1133.0,25.177777777777777,11.8,0.3,1.0,1.3,0.056,-1.9,0.5,-1.5,0.1
2021,1630175,Cole Anthony,Cole Anthony,2021.0,21,21,5194,"BRef debut season, age >= 18, age <= 22, possessions >= 1000",27.08,25-30,2595,2599,5194,-1.48,0.934,-2.414,1.121,2.326,-1.205,0.0674736081961824,0.2929180875992127,-0.2254856285053725,-2.842435337523795,1.3607921937008007,-4.203197426690239,cole anthony,4819.0,Cole Anthony,PG,20.0,1.0,47.0,1273.0,27.085106382978722,12.1,-0.9,0.9,0.0,-0.001,-1.9,-1.4,-3.3,-0.4
2021,1630166,Deni Avdija,Deni Avdija,2021.0,20,20,5464,"BRef debut season, age >= 18, age <= 22, possessions >= 1000",23.28,20-25,2729,2735,5464,-0.943,-1.654,0.711,1.484,-0.347,1.831,1.229503261806547,-2.493552527133093,3.723000433538244,-1.6804056839134307,-1.4256784210315046,-0.2547113646466223,deni avdija,4823.0,Deni Avdija,SF,20.0,1.0,54.0,1257.0,23.27777777777778,7.6,0.0,1.2,1.2,0.046,-3.6,0.4,-3.1,-0.4
2021,1630170,Devin Vassell,Devin Vassell,2021.0,20,20,4442,"BRef debut season, age >= 18, age <= 22, possessions >= 1000",17.03,15-20,2219,2223,4442,-1.581,-0.045,-1.537,1.226,1.0,0.227,0.591503261806547,-0.8845525271330928,1.475000433538244,-2.318405683913431,0.1833215789684953,-2.5027113646466224,devin vassell,4826.0,Devin Vassell,SF,20.0,1.0,62.0,1056.0,17.032258064516128,10.6,0.4,1.1,1.5,0.069,-2.2,0.7,-1.5,0.1
2021,1630193,Immanuel Quickley,Immanuel Quickley,2021.0,22,22,5128,"BRef debut season, age >= 18, age <= 22, possessions >= 1000",19.43,15-20,2565,2563,5128,1.299,-1.002,2.301,4.107,0.043,4.064,2.33085167230704,-1.4730141705936228,3.8038370357144697,-0.5790572734129378,-0.4051400644920347,-0.1738747624703966,immanuel quickley,4837.0,Immanuel Quickley,PG,21.0,1.0,64.0,1243.0,19.421875,15.8,1.8,1.4,3.2,0.125,1.4,-0.5,0.9,0.9
2021,1630171,Isaac Okoro,Isaac Okoro,2021.0,20,20,8684,"BRef debut season, age >= 18, age <= 22, possessions >= 1000",32.44,30-35,4325,4359,8684,0.608,-0.645,1.253,2.155,1.108,1.047,2.780503261806547,-1.4845525271330928,4.265000433538244,-0.1294056839134308,-0.4166784210315046,0.2872886353533775,isaac okoro,4838.0,Isaac Okoro,SG,20.0,1.0,67.0,2173.0,32.43283582089552,7.9,-0.1,1.0,0.9,0.02,-4.2,-0.9,-5.1,-1.7
2021,1630198,Isaiah Joe,Isaiah Joe,2021.0,21,21,1612,"BRef debut season, age >= 18, age <= 22, possessions >= 1000",9.34,5-10,807,805,1612,-1.635,-0.252,-1.382,0.877,0.37,0.507,-0.0875263918038176,-0.8930819124007874,0.8065143714946277,-2.997435337523795,0.1747921937008008,-3.1711974266902385,isaiah joe,4839.0,Isaiah Joe,SG,21.0,1.0,41.0,383.0,9.341463414634147,9.5,0.2,0.4,0.6,0.078,-2.0,-1.0,-3.0,-0.1
2021,1630191,Isaiah Stewart,Isaiah Stewart,2021.0,20,20,5953,"BRef debut season, age >= 18, age <= 22, possessions >= 1000",21.39,20-25,2968,2985,5953,0.076,-1.542,1.618,2.503,-0.235,2.738,2.248503261806547,-2.381552527133093,4.630000433538244,-0.6614056839134309,-1.313678421031505,0.6522886353533778,isaiah stewart,4840.0,Isaiah Stewart,C,19.0,1.0,68.0,1455.0,21.397058823529413,16.4,1.9,2.1,4.0,0.132,-1.6,0.5,-1.1,0.3
2021,1630183,Jaden McDaniels,Jaden McDaniels,2021.0,20,20,6345,"BRef debut season, age >= 18, age <= 22, possessions >= 1000",23.98,20-25,3169,3176,6345,0.469,-0.859,1.328,2.895,0.448,2.447,2.641503261806547,-1.6985525271330928,4.340000433538244,-0.2684056839134309,-0.6306784210315046,0.3622886353533777,jaden mcdaniels,4841.0,Jaden McDaniels,PF,20.0,1.0,63.0,1511.0,23.984126984126984,8.9,0.5,0.9,1.4,0.046,-3.3,-0.2,-3.5,-0.6
2021,1630164,James Wiseman,James Wiseman,2021.0,20,20,3624,"BRef debut season, age >= 18, age <= 22, possessions >= 1000",21.43,20-25,1808,1816,3624,-6.019,-0.852,-5.167,-3.593,0.455,-4.048,-3.846496738193453,-1.691552527133093,-2.154999566461756,-6.756405683913431,-0.6236784210315046,-6.132711364646622,james wiseman,4846.0,James Wiseman,C,19.0,1.0,39.0,836.0,21.435897435897434,13.1,-0.4,1.2,0.7,0.042,-4.0,-1.0,-5.0,-0.6
2021,1629670,Jordan Nwora,Jordan Nwora,2021.0,22,22,1301,"BRef debut season, age >= 18, age <= 22, possessions >= 1000",9.12,5-10,649,652,1301,-1.792,-1.015,-0.778,0.719,-0.393,1.112,-0.7601483276929601,-1.4860141705936227,0.7248370357144696,-3.6700572734129375,-0.4181400644920346,-3.252874762470397,jordan nwora,4849.0,Jordan Nwora,SF,22.0,1.0,30.0,274.0,9.133333333333333,16.1,0.0,0.4,0.4,0.068,-0.7,-0.4,-1.1,0.1
2021,1630182,Josh Green,Josh Green,2021.0,20,20,1837,"BRef debut season, age >= 18, age <= 22, possessions >= 1000",11.4,10-15,920,917,1837,-2.124,-1.125,-0.998,0.583,-0.412,0.994,0.0485032618065468,-1.9645525271330928,2.014000433538244,-2.861405683913431,-0.8966784210315046,-1.9637113646466224,josh green,4850.0,Josh Green,SG,20.0,1.0,39.0,445.0,11.41025641025641,8.8,0.1,0.4,0.5,0.05,-3.7,0.1,-3.6,-0.2
2021,1630221,Josh Hall,Josh Hall,2021.0,20,20,1453,"BRef debut season, age >= 18, age <= 22, possessions >= 1000",16.0,15-20,727,726,1453,-4.403,-0.552,-3.851,-1.596,0.492,-2.088,-2.2304967381934526,-1.3915525271330929,-0.838999566461756,-5.14040568391343,-0.3236784210315047,-4.816711364646622,josh hall,4851.0,Josh Hall,SF,20.0,1.0,21.0,336.0,16.0,1.0,-1.1,0.2,-0.9,-0.126,-9.7,-2.2,-11.9,-0.8
2021,1630231,KJ Martin,KJ Martin,2021.0,20,20,4516,"BRef debut season, age >= 18, age <= 22, possessions >= 1000",23.73,20-25,2255,2261,4516,-0.889,1.274,-2.162,1.538,2.581,-1.043,1.283503261806547,0.4344474728669072,0.8500004335382441,-1.6264056839134309,1.5023215789684954,-3.1277113646466224,kj martin,,,,,,,,,,,,,,,,,
2021,1630165,Killian Hayes,Killian Hayes,2021.0,19,19,2747,"BRef debut season, age >= 18, age <= 22, possessions >= 1000",25.78,25-30,1375,1372,2747,-4.359,-1.044,-3.314,-1.758,0.347,-2.105,-1.4490910542800224,-2.111874106101588,0.6637117981848664,-4.359,-1.044,-3.314,killian hayes,4855.0,Killian Hayes,PG,19.0,1.0,26.0,670.0,25.76923076923077,5.3,-1.8,0.6,-1.1,-0.081,-6.3,-0.9,-7.2,-0.9
2021,1630184,Kira Lewis Jr.,Kira Lewis Jr.,2021.0,20,20,3778,"BRef debut season, age >= 18, age <= 22, possessions >= 1000",16.75,15-20,1882,1896,3778,0.536,-0.766,1.301,3.343,0.279,3.064,2.708503261806547,-1.6055525271330928,4.313000433538244,-0.2014056839134308,-0.5376784210315046,0.3352886353533776,kira lewis jr,4857.0,Kira Lewis Jr.,PG,19.0,1.0,54.0,904.0,16.74074074074074,10.3,0.2,0.6,0.9,0.045,-3.2,-0.2,-3.4,-0.3
2021,1630163,LaMelo Ball,LaMelo Ball,2021.0,19,19,6300,"BRef debut season, age >= 18, age <= 22, possessions >= 1000",28.8,25-30,3159,3141,6300,-1.347,0.156,-1.503,1.254,1.548,-0.294,1.5629089457199776,-0.911874106101588,2.4747117981848668,-1.347,0.156,-1.503,lamelo ball,4859.0,LaMelo Ball,PG,19.0,1.0,51.0,1469.0,28.80392156862745,17.5,1.0,1.9,2.8,0.093,1.1,0.7,1.8,1.4
2021,1630210,Markus Howard,Markus Howard,2021.0,22,22,1312,"BRef debut season, age >= 18, age <= 22, possessions >= 1000",5.54,5-10,656,656,1312,-2.369,-0.08,-2.289,0.143,0.543,-0.4,-1.3371483276929603,-0.5510141705936229,-0.7861629642855306,-4.247057273412938,0.5168599355079653,-4.763874762470397,markus howard,4863.0,Markus Howard,SG,21.0,1.0,37.0,205.0,5.54054054054054,6.4,-0.4,0.1,-0.3,-0.068,-5.5,-3.2,-8.7,-0.3
2021,1630222,Mason Jones,Mason Jones,2021.0,22,22,1441,"BRef debut season, age >= 18, age <= 22, possessions >= 1000",10.45,10-15,720,721,1441,-4.765,-0.254,-4.511,-2.059,0.459,-2.518,-3.73314832769296,-0.7250141705936229,-3.0081629642855305,-6.643057273412937,0.3428599355079652,-6.985874762470397,mason jones,4864.0,Mason Jones,SG,22.0,1.0,32.0,334.0,10.4375,12.1,0.0,0.2,0.2,0.028,-1.4,-1.2,-2.7,-0.1
2021,1630185,Nico Mannion,Nico Mannion,2021.0,20,20,1536,"BRef debut season, age >= 18, age <= 22, possessions >= 1000",12.13,10-15,766,770,1536,-3.066,0.014,-3.08,-0.36,0.727,-1.087,-0.8934967381934529,-0.8255525271330928,-0.067999566461756,-3.8034056839134305,0.2423215789684953,-4.045711364646622,nico mannion,4870.0,Nico Mannion,PG,19.0,1.0,30.0,364.0,12.133333333333333,9.3,-0.2,0.4,0.2,0.029,-3.4,-0.5,-3.9,-0.2
2021,1630168,Onyeka Okongwu,Onyeka Okongwu,2021.0,20,20,3129,"BRef debut season, age >= 18, age <= 22, possessions >= 1000",12.02,10-15,1570,1559,3129,-2.102,0.401,-2.503,0.604,1.115,-0.51,0.070503261806547,-0.4385525271330928,0.5090004335382439,-2.839405683913431,0.6293215789684954,-3.4687113646466226,onyeka okongwu,4872.0,Onyeka Okongwu,C,20.0,1.0,50.0,601.0,12.02,16.8,1.1,0.8,1.9,0.155,-2.2,0.8,-1.4,0.1
2021,1630172,Patrick Williams,Patrick Williams,2021.0,19,19,8157,"BRef debut season, age >= 18, age <= 22, possessions >= 1000",27.93,25-30,4086,4071,8157,-3.037,0.37,-3.406,-0.436,1.761,-2.197,-0.1270910542800223,-0.6978741061015882,0.5717117981848663,-3.037,0.37,-3.406,patrick williams,4873.0,Patrick Williams,PF,19.0,1.0,71.0,1983.0,27.929577464788732,10.5,0.3,2.2,2.5,0.06,-2.8,0.4,-2.4,-0.2
2021,1630173,Precious Achiuwa,Precious Achiuwa,2021.0,21,21,3043,"BRef debut season, age >= 18, age <= 22, possessions >= 1000",12.08,10-15,1511,1532,3043,-3.704,-0.434,-3.269,-0.997,0.279,-1.276,-2.1565263918038178,-1.075081912400787,-1.0804856285053726,-5.066435337523796,-0.0072078062991992,-5.0581974266902385,precious achiuwa,4876.0,Precious Achiuwa,PF,21.0,1.0,61.0,737.0,12.081967213114755,14.2,0.3,1.0,1.3,0.085,-3.6,-0.5,-4.1,-0.4
2021,1630181,R.J. Hampton,R.J. Hampton,2021.0,20,20,3692,"BRef debut season, age >= 18, age <= 22, possessions >= 1000",17.42,15-20,1833,1859,3692,-1.325,2.003,-3.328,1.483,3.048,-1.565,0.847503261806547,1.1634474728669073,-0.3159995664617558,-2.062405683913431,2.2313215789684953,-4.293711364646622,rj hampton,4877.0,R.J. Hampton,SG-PG,19.0,1.0,51.0,888.0,17.41176470588235,11.1,-0.3,0.7,0.4,0.021,-2.6,-1.2,-3.8,-0.4
2021,1630240,Saben Lee,Saben Lee,2021.0,22,22,3162,"BRef debut season, age >= 18, age <= 22, possessions >= 1000",16.26,15-20,1578,1584,3162,-1.585,0.243,-1.827,1.223,1.287,-0.064,-0.5531483276929601,-0.2280141705936229,-0.3241629642855304,-3.4630572734129377,0.8398599355079652,-4.301874762470397,saben lee,4881.0,Saben Lee,PG,21.0,1.0,48.0,781.0,16.270833333333332,13.8,0.7,0.8,1.5,0.091,-2.1,0.2,-2.0,0.0
2021,1630180,Saddiq Bey,Saddiq Bey,2021.0,22,22,7790,"BRef debut season, age >= 18, age <= 22, possessions >= 1000",27.27,25-30,3894,3896,7790,-1.167,-0.62,-0.546,1.434,0.771,0.663,-0.1351483276929601,-1.091014170593623,0.9568370357144697,-3.0450572734129375,-0.0231400644920347,-3.020874762470397,saddiq bey,4882.0,Saddiq Bey,SF,21.0,1.0,70.0,1909.0,27.271428571428572,12.6,1.6,1.7,3.3,0.082,0.3,-0.8,-0.5,0.7
2021,1630177,Theo Maledon,Theo Maledon,2021.0,20,20,7538,"BRef debut season, age >= 18, age <= 22, possessions >= 1000",27.35,25-30,3770,3768,7538,-5.451,0.298,-5.75,-2.85,1.69,-4.54,-3.2784967381934527,-0.5415525271330928,-2.737999566461756,-6.18840568391343,0.5263215789684953,-6.715711364646622,theo maledon,4886.0,Théo Maledon,PG,19.0,1.0,65.0,1778.0,27.353846153846153,8.2,-1.9,1.1,-0.8,-0.021,-4.0,-1.0,-5.0,-1.3
2021,1630200,Tre Jones,Tre Jones,2021.0,21,21,1076,"BRef debut season, age >= 18, age <= 22, possessions >= 1000",7.26,5-10,538,538,1076,-3.492,0.084,-3.576,-0.98,0.706,-1.686,-1.9445263918038176,-0.5570819124007874,-1.3874856285053725,-4.854435337523795,0.5107921937008008,-5.365197426690239,tre jones,4887.0,Tre Jones,PG,21.0,1.0,37.0,269.0,7.27027027027027,12.1,0.2,0.1,0.4,0.066,-2.2,-1.3,-3.5,-0.1
2021,1630169,Tyrese Haliburton,Tyrese Haliburton,2021.0,21,21,7318,"BRef debut season, age >= 18, age <= 22, possessions >= 1000",30.1,30-35,3655,3663,7318,0.608,-0.197,0.806,2.155,1.555,0.6,2.1554736081961825,-0.8380819124007874,2.9945143714946276,-0.7544353375237952,0.2297921937008007,-0.9831974266902386,tyrese haliburton,4892.0,Tyrese Haliburton,PG,20.0,1.0,58.0,1746.0,30.103448275862068,16.2,2.8,0.7,3.5,0.096,1.9,-0.5,1.4,1.5
2021,1630178,Tyrese Maxey,Tyrese Maxey,2021.0,20,20,4479,"BRef debut season, age >= 18, age <= 22, possessions >= 1000",15.34,15-20,2244,2235,4479,-1.055,-0.01,-1.045,1.752,1.034,0.718,1.117503261806547,-0.8495525271330928,1.967000433538244,-1.7924056839134308,0.2183215789684953,-2.0107113646466224,tyrese maxey,4893.0,Tyrese Maxey,SG,20.0,1.0,61.0,935.0,15.327868852459016,14.5,0.8,1.1,1.9,0.099,-1.0,-0.5,-1.5,0.1
2021,1630192,Zeke Nnaji,Zeke Nnaji,2021.0,20,20,1711,"BRef debut season, age >= 18, age <= 22, possessions >= 1000",9.46,5-10,853,858,1711,-3.038,-0.108,-2.93,-0.526,0.514,-1.04,-0.8654967381934529,-0.9475525271330928,0.0820004335382438,-3.775405683913431,0.1203215789684953,-3.8957113646466226,zeke nnaji,4898.0,Zeke Nnaji,PF,20.0,1.0,42.0,397.0,9.452380952380953,11.3,0.6,0.3,0.9,0.104,-0.6,-1.1,-1.7,0.0
2022,1630578,Alperen Sengun,Alperen Sengun,2022.0,19,19,6198,"BRef debut season, age >= 18, age <= 22, possessions >= 1000",20.68,20-25,3097,3101,6198,-1.085,0.757,-1.842,0.975,2.601,-1.626,1.8249089457199776,-0.3108741061015881,2.1357117981848663,-1.085,0.757,-1.842,alperen sengun,4904.0,Alperen Şengün,C,19.0,1.0,72.0,1489.0,20.680555555555557,16.0,0.8,1.3,2.1,0.068,-1.6,0.6,-1.0,0.4
2022,1630245,Ayo Dosunmu,Ayo Dosunmu,2022.0,22,22,9019,"BRef debut season, age >= 18, age <= 22, possessions >= 1000",27.4,25-30,4510,4509,9019,-1.194,0.542,-1.736,0.597,2.741,-2.143,-0.16214832769296,0.0709858294063771,-0.2331629642855304,-3.0720572734129377,1.1388599355079654,-4.210874762470397,ayo dosunmu,4907.0,Ayo Dosunmu,SG,22.0,1.0,77.0,2110.0,27.4025974025974,11.2,1.7,1.3,3.0,0.069,-1.9,-0.1,-2.0,0.0
2022,1630538,Bones Hyland,Bones Hyland,2022.0,21,21,5673,"BRef debut season, age >= 18, age <= 22, possessions >= 1000",18.98,15-20,2835,2838,5673,2.303,0.255,2.048,4.52,1.549,2.971,3.8504736081961823,-0.3860819124007874,4.236514371494628,0.9405646624762048,0.6817921937008008,0.2588025733097614,bones hyland,4908.0,Bones Hyland,SG,21.0,1.0,69.0,1310.0,18.985507246376812,14.4,1.1,1.3,2.4,0.088,0.3,-0.7,-0.4,0.5
2022,1630527,Brandon Boston Jr.,Brandon Boston Jr.,2022.0,20,20,3128,"BRef debut season, age >= 18, age <= 22, possessions >= 1000",14.91,10-15,1557,1571,3128,-3.543,-1.069,-2.474,-1.69,-0.209,-1.482,-1.3704967381934532,-1.9085525271330928,0.5380004335382438,-4.280405683913431,-0.8406784210315046,-3.439711364646622,brandon boston jr,4909.0,Brandon Boston Jr.,SG,20.0,1.0,51.0,760.0,14.901960784313726,11.2,-0.5,0.9,0.4,0.026,-3.0,-0.4,-3.3,-0.3
2022,1630595,Cade Cunningham,Cade Cunningham,2022.0,20,20,8474,"BRef debut season, age >= 18, age <= 22, possessions >= 1000",32.63,30-35,4245,4229,8474,1.467,-0.514,1.981,2.794,1.593,1.2,3.639503261806547,-1.3535525271330928,4.993000433538244,0.7295943160865692,-0.2856784210315046,1.015288635353378,cade cunningham,4912.0,Cade Cunningham,SG,20.0,1.0,64.0,2088.0,32.625,13.1,-2.4,1.9,-0.5,-0.011,-1.1,-0.5,-1.6,0.2
2022,1630560,Cam Thomas,Cam Thomas,2022.0,20,20,4840,"BRef debut season, age >= 18, age <= 22, possessions >= 1000",17.55,15-20,2427,2413,4840,-3.614,1.533,-5.147,-1.397,2.827,-4.224,-1.441496738193453,0.6934474728669071,-2.1349995664617563,-4.3514056839134305,1.7613215789684953,-6.112711364646622,cam thomas,4913.0,Cam Thomas,SG,20.0,1.0,67.0,1176.0,17.55223880597015,11.7,0.0,0.8,0.8,0.033,-2.0,-1.4,-3.4,-0.4
2022,1630227,Daishen Nix,Daishen Nix,2022.0,20,20,1115,"BRef debut season, age >= 18, age <= 22, possessions >= 1000",10.89,10-15,556,559,1115,-3.168,-0.956,-2.212,-1.315,-0.096,-1.22,-0.9954967381934532,-1.7955525271330928,0.8000004335382438,-3.905405683913431,-0.7276784210315046,-3.177711364646622,daishen nix,4922.0,Daishen Nix,SG,19.0,1.0,24.0,261.0,10.875,8.1,-0.3,0.1,-0.2,-0.033,-5.4,-1.0,-6.4,-0.3
2022,1630625,Dalano Banton,Dalano Banton,2022.0,22,22,2866,"BRef debut season, age >= 18, age <= 22, possessions >= 1000",10.87,10-15,1431,1435,2866,-1.842,-0.805,-1.037,0.011,0.055,-0.044,-0.8101483276929602,-1.276014170593623,0.4658370357144696,-3.720057273412938,-0.2081400644920348,-3.5118747624703968,dalano banton,4923.0,Dalano Banton,PG,22.0,1.0,64.0,696.0,10.875,10.0,-0.4,0.8,0.4,0.03,-3.5,0.4,-3.1,-0.2
2022,1630561,David Duke Jr.,David Duke Jr.,2022.0,22,22,1385,"BRef debut season, age >= 18, age <= 22, possessions >= 1000",15.5,15-20,693,692,1385,-2.988,-0.938,-2.05,-0.771,0.356,-1.127,-1.95614832769296,-1.4090141705936228,-0.5471629642855302,-4.866057273412938,-0.3411400644920347,-4.524874762470397,david duke jr,4924.0,David Duke Jr.,PG,22.0,1.0,22.0,341.0,15.5,10.0,0.0,0.3,0.3,0.048,-3.0,-0.9,-3.9,-0.2
2022,1630549,Day'Ron Sharpe,Day'Ron Sharpe,2022.0,20,20,1596,"BRef debut season, age >= 18, age <= 22, possessions >= 1000",12.21,10-15,800,796,1596,-0.956,-1.448,0.493,0.897,-0.588,1.486,1.216503261806547,-2.2875525271330925,3.505000433538244,-1.6934056839134308,-1.2196784210315046,-0.4727113646466223,dayron sharpe,4927.0,Day'Ron Sharpe,PF,20.0,1.0,32.0,391.0,12.21875,20.7,0.8,0.5,1.2,0.152,-0.3,-2.5,-2.8,-0.1
2022,1630613,Duane Washington Jr.,Duane Washington Jr.,2022.0,22,22,4056,"BRef debut season, age >= 18, age <= 22, possessions >= 1000",20.17,20-25,2032,2024,4056,-0.237,0.609,-0.846,1.823,2.452,-0.629,0.7948516723070399,0.137985829406377,0.6568370357144696,-2.115057273412938,1.205859935507965,-3.320874762470397,duane washington jr,4929.0,Duane Washington Jr.,PG,21.0,1.0,48.0,968.0,20.166666666666668,10.2,-0.2,0.2,0.0,-0.002,-1.9,-2.8,-4.8,-0.7
2022,1630596,Evan Mobley,Evan Mobley,2022.0,21,21,9575,"BRef debut season, age >= 18, age <= 22, possessions >= 1000",33.78,30-35,4785,4790,9575,-0.732,-2.395,1.663,0.595,-0.288,0.882,0.8154736081961824,-3.036081912400787,3.851514371494628,-2.0944353375237954,-1.9682078062991992,-0.1261974266902386,evan mobley,4931.0,Evan Mobley,PF,20.0,1.0,69.0,2331.0,33.78260869565217,16.1,1.5,3.7,5.2,0.107,-0.9,1.5,0.6,1.5
2022,1630532,Franz Wagner,Franz Wagner,2022.0,20,20,9970,"BRef debut season, age >= 18, age <= 22, possessions >= 1000",30.75,30-35,4984,4986,9970,2.141,-0.132,2.272,3.467,1.976,1.492,4.313503261806547,-0.9715525271330928,5.284000433538244,1.4035943160865691,0.0963215789684953,1.3062886353533774,franz wagner,4933.0,Franz Wagner,SF,20.0,1.0,79.0,2429.0,30.746835443037973,14.7,2.1,1.9,4.0,0.079,-0.4,-0.3,-0.7,0.8
2022,1630535,Greg Brown III,Greg Brown III,2022.0,20,20,2662,"BRef debut season, age >= 18, age <= 22, possessions >= 1000",13.33,10-15,1329,1333,2662,-2.756,1.585,-4.341,-0.903,2.445,-3.348,-0.5834967381934528,0.7454474728669072,-1.3289995664617562,-3.493405683913431,1.813321578968495,-5.306711364646622,greg brown iii,4937.0,Greg Brown III,SF,20.0,1.0,48.0,640.0,13.333333333333334,11.0,-0.1,0.5,0.4,0.029,-4.0,-0.7,-4.7,-0.4
2022,1630543,Isaiah Jackson,Isaiah Jackson,2022.0,20,20,2248,"BRef debut season, age >= 18, age <= 22, possessions >= 1000",15.03,15-20,1130,1118,2248,-1.023,-0.16,-0.862,1.194,1.134,0.06,1.149503261806547,-0.9995525271330928,2.150000433538244,-1.7604056839134308,0.0683215789684953,-1.8277113646466223,isaiah jackson,4940.0,Isaiah Jackson,PF,20.0,1.0,36.0,541.0,15.027777777777779,20.5,0.7,0.7,1.4,0.126,-1.6,0.1,-1.5,0.1
2022,1630550,JT Thor,JT Thor,2022.0,19,19,1075,"BRef debut season, age >= 18, age <= 22, possessions >= 1000",7.94,5-10,533,542,1075,-1.566,-0.844,-0.723,-0.293,-0.116,-0.177,1.3439089457199775,-1.911874106101588,3.2547117981848666,-1.566,-0.844,-0.723,jt thor,4972.0,JT Thor,PF,19.0,1.0,33.0,262.0,7.9393939393939394,9.7,0.1,0.2,0.3,0.058,-3.1,0.1,-3.0,-0.1
2022,1630224,Jalen Green,Jalen Green,2022.0,20,20,8980,"BRef debut season, age >= 18, age <= 22, possessions >= 1000",31.91,30-35,4489,4491,8980,-1.729,1.877,-3.606,-0.402,3.984,-4.386,0.4435032618065468,1.0374474728669072,-0.5939995664617559,-2.4664056839134307,2.1053215789684954,-4.571711364646622,jalen green,4946.0,Jalen Green,SG,19.0,1.0,67.0,2138.0,31.91044776119403,12.5,0.5,0.2,0.7,0.015,-0.5,-2.4,-2.9,-0.5
2022,1630591,Jalen Suggs,Jalen Suggs,2022.0,21,21,5467,"BRef debut season, age >= 18, age <= 22, possessions >= 1000",27.22,25-30,2730,2737,5467,-3.131,-3.377,0.247,-1.339,-1.179,-0.161,-1.5835263918038174,-4.018081912400787,2.4355143714946275,-4.493435337523795,-2.9502078062991988,-1.5421974266902383,jalen suggs,4948.0,Jalen Suggs,PG,20.0,1.0,48.0,1307.0,27.229166666666668,8.6,-3.0,1.3,-1.6,-0.06,-5.3,-0.2,-5.6,-1.2
2022,1630547,James Bouknight,James Bouknight,2022.0,21,21,1282,"BRef debut season, age >= 18, age <= 22, possessions >= 1000",9.82,5-10,635,647,1282,-2.043,0.388,-2.431,-0.769,1.116,-1.885,-0.4955263918038177,-0.2530819124007873,-0.2424856285053724,-3.4054353375237953,0.8147921937008008,-4.2201974266902385,james bouknight,4949.0,James Bouknight,SG,21.0,1.0,31.0,304.0,9.806451612903226,10.1,-0.1,0.1,0.0,0.001,-3.4,-3.7,-7.1,-0.4
2022,1630215,Jared Butler,Jared Butler,2022.0,21,21,1484,"BRef debut season, age >= 18, age <= 22, possessions >= 1000",8.57,5-10,744,740,1484,-0.261,0.467,-0.728,1.013,1.195,-0.182,1.2864736081961825,-0.1740819124007873,1.4605143714946276,-1.623435337523795,0.8937921937008009,-2.5171974266902386,jared butler,4952.0,Jared Butler,SG,21.0,1.0,42.0,360.0,8.571428571428571,12.1,0.0,0.5,0.4,0.057,-2.3,0.7,-1.6,0.0
2022,1630526,Jeremiah Robinson-Earl,Jeremiah Robinson-Earl,2022.0,21,21,4460,"BRef debut season, age >= 18, age <= 22, possessions >= 1000",22.19,20-25,2220,2240,4460,-3.236,-0.797,-2.439,-1.177,1.046,-2.223,-1.6885263918038178,-1.4380819124007873,-0.2504856285053725,-4.598435337523796,-0.3702078062991992,-4.2281974266902385,jeremiah robinsonearl,4959.0,Jeremiah Robinson-Earl,C,21.0,1.0,49.0,1087.0,22.183673469387756,11.7,0.4,1.0,1.5,0.065,-1.9,-0.4,-2.2,-0.1
2022,1630228,Jonathan Kuminga,Jonathan Kuminga,2022.0,19,19,5392,"BRef debut season, age >= 18, age <= 22, possessions >= 1000",16.93,15-20,2692,2700,5392,-1.884,0.43,-2.314,0.333,1.724,-1.391,1.0259089457199777,-0.6378741061015882,1.6637117981848664,-1.884,0.43,-2.314,jonathan kuminga,4965.0,Jonathan Kuminga,SF,19.0,1.0,70.0,1185.0,16.928571428571427,15.2,1.3,1.8,3.0,0.123,-1.3,-0.2,-1.5,0.1
2022,1630528,Josh Christopher,Josh Christopher,2022.0,20,20,5587,"BRef debut season, age >= 18, age <= 22, possessions >= 1000",18.02,15-20,2791,2796,5587,-1.56,2.632,-4.192,0.657,3.926,-3.269,0.6125032618065469,1.7924474728669073,-1.1799995664617562,-2.297405683913431,2.8603215789684953,-5.157711364646622,josh christopher,4969.0,Josh Christopher,SG,20.0,1.0,74.0,1334.0,18.027027027027028,12.2,-0.4,0.7,0.3,0.01,-2.2,-1.3,-3.5,-0.5
2022,1630581,Josh Giddey,Josh Giddey,2022.0,19,19,6922,"BRef debut season, age >= 18, age <= 22, possessions >= 1000",31.49,30-35,3463,3459,6922,-1.502,-1.333,-0.169,-0.175,0.774,-0.95,1.4079089457199776,-2.400874106101588,3.8087117981848664,-1.502,-1.333,-0.169,josh giddey,4970.0,Josh Giddey,SF,19.0,1.0,54.0,1700.0,31.48148148148148,13.3,-1.3,1.7,0.4,0.01,-1.2,0.3,-0.9,0.5
2022,1630563,Joshua Primo,Joshua Primo,2022.0,19,19,4048,"BRef debut season, age >= 18, age <= 22, possessions >= 1000",19.3,15-20,2015,2033,4048,-2.022,-0.037,-1.985,0.195,1.257,-1.062,0.8879089457199778,-1.104874106101588,1.9927117981848663,-2.022,-0.037,-1.985,joshua primo,4971.0,Joshua Primo,SF,19.0,1.0,50.0,965.0,19.3,7.1,-0.6,0.6,0.0,0.001,-3.8,-1.1,-5.0,-0.7
2022,1630551,Justin Champagnie,Justin Champagnie,2022.0,21,21,1130,"BRef debut season, age >= 18, age <= 22, possessions >= 1000",7.8,5-10,565,565,1130,-0.212,-0.434,0.222,1.062,0.294,0.768,1.3354736081961824,-1.075081912400787,2.4105143714946276,-1.5744353375237952,-0.0072078062991992,-1.5671974266902386,justin champagnie,4973.0,Justin Champagnie,SF,20.0,1.0,36.0,281.0,7.805555555555555,13.6,0.5,0.3,0.8,0.138,-1.3,-0.7,-2.0,0.0
2022,1630553,Keon Johnson,Keon Johnson,2022.0,20,20,2840,"BRef debut season, age >= 18, age <= 22, possessions >= 1000",18.82,15-20,1414,1426,2840,-3.222,1.887,-5.109,-1.005,3.182,-4.186,-1.049496738193453,1.0474474728669072,-2.096999566461756,-3.959405683913431,2.115321578968495,-6.074711364646622,keon johnson,4976.0,Keon Johnson,SG,19.0,1.0,37.0,697.0,18.83783783783784,8.7,-0.8,0.4,-0.5,-0.031,-4.0,-2.0,-5.9,-0.7
2022,1630556,Kessler Edwards,Kessler Edwards,2022.0,21,21,4125,"BRef debut season, age >= 18, age <= 22, possessions >= 1000",20.57,20-25,2055,2070,4125,-0.859,0.522,-1.381,1.201,2.366,-1.165,0.6884736081961824,-0.1190819124007873,0.8075143714946276,-2.221435337523795,0.9487921937008008,-3.170197426690238,kessler edwards,4977.0,Kessler Edwards,SF,21.0,1.0,48.0,987.0,20.5625,8.3,-0.2,0.9,0.6,0.031,-3.1,-0.8,-3.8,-0.5
2022,1630195,Leandro Bolmaro,Leandro Bolmaro,2022.0,21,21,1018,"BRef debut season, age >= 18, age <= 22, possessions >= 1000",6.88,5-10,509,509,1018,-2.476,-1.401,-1.075,-1.203,-0.673,-0.53,-0.9285263918038176,-2.0420819124007874,1.1135143714946276,-3.838435337523795,-0.9742078062991992,-2.8641974266902386,leandro bolmaro,4979.0,Leandro Bolmaro,SF,21.0,1.0,35.0,241.0,6.885714285714286,5.4,-0.1,0.2,0.0,0.004,-5.1,-0.7,-5.8,-0.2
2022,1630540,Miles McBride,Miles McBride,2022.0,21,21,1456,"BRef debut season, age >= 18, age <= 22, possessions >= 1000",9.31,5-10,726,730,1456,0.428,-1.634,2.063,1.702,-0.906,2.608,1.9754736081961823,-2.275081912400787,4.251514371494627,-0.9344353375237952,-1.207207806299199,0.2738025733097615,miles mcbride,4991.0,Miles McBride,PG,21.0,1.0,40.0,372.0,9.3,6.1,-0.1,0.4,0.2,0.032,-5.5,1.0,-4.5,-0.2
2022,1630541,Moses Moody,Moses Moody,2022.0,20,20,2890,"BRef debut season, age >= 18, age <= 22, possessions >= 1000",11.68,10-15,1446,1444,2890,-2.044,-0.158,-1.886,-0.191,0.702,-0.894,0.1285032618065469,-0.9975525271330928,1.126000433538244,-2.781405683913431,0.0703215789684953,-2.851711364646622,moses moody,4992.0,Moses Moody,SG,19.0,1.0,52.0,607.0,11.673076923076923,10.5,0.6,0.7,1.3,0.101,-1.4,-1.1,-2.5,-0.1
2022,1629656,Quentin Grimes,Quentin Grimes,2022.0,22,22,3085,"BRef debut season, age >= 18, age <= 22, possessions >= 1000",17.09,15-20,1537,1548,3085,-4.205,-1.8,-2.404,-1.988,-0.506,-1.482,-3.17314832769296,-2.271014170593623,-0.9011629642855304,-6.083057273412938,-1.2031400644920347,-4.878874762470397,quentin grimes,5000.0,Quentin Grimes,SG,21.0,1.0,46.0,786.0,17.08695652173913,10.7,0.6,0.9,1.4,0.087,-1.2,0.9,-0.3,0.3
2022,1630583,Santi Aldama,Santi Aldama,2022.0,21,21,1491,"BRef debut season, age >= 18, age <= 22, possessions >= 1000",11.24,10-15,748,743,1491,-2.146,-1.27,-0.875,-0.293,-0.41,0.117,-0.5985263918038175,-1.9110819124007872,1.3135143714946276,-3.508435337523795,-0.8432078062991992,-2.6641974266902384,santi aldama,5005.0,Santi Aldama,PF,21.0,1.0,32.0,360.0,11.25,10.2,-0.1,0.4,0.3,0.044,-4.2,-1.5,-5.7,-0.3
2022,1630567,Scottie Barnes,Scottie Barnes,2022.0,20,20,10876,"BRef debut season, age >= 18, age <= 22, possessions >= 1000",35.37,35-40,5438,5438,10876,-0.184,-1.034,0.85,0.967,0.938,0.029,1.988503261806547,-1.8735525271330928,3.862000433538244,-0.9214056839134308,-0.8056784210315047,-0.1157113646466223,scottie barnes,5006.0,Scottie Barnes,PF,20.0,1.0,74.0,2617.0,35.36486486486486,16.3,3.7,2.9,6.6,0.122,0.5,0.4,0.9,1.9
2022,1630678,Terry Taylor,Terry Taylor,2022.0,22,22,2952,"BRef debut season, age >= 18, age <= 22, possessions >= 1000",21.63,20-25,1479,1473,2952,-1.3,0.845,-2.145,0.76,2.689,-1.929,-0.2681483276929601,0.373985829406377,-0.6421629642855304,-3.1780572734129375,1.441859935507965,-4.619874762470397,terry taylor,5010.0,Terry Taylor,SG,22.0,1.0,33.0,714.0,21.636363636363637,19.0,2.2,0.2,2.4,0.16,2.2,-2.7,-0.6,0.3
2022,1630544,Tre Mann,Tre Mann,2022.0,21,21,5578,"BRef debut season, age >= 18, age <= 22, possessions >= 1000",22.78,20-25,2793,2785,5578,-2.056,0.574,-2.63,0.004,2.418,-2.414,-0.5085263918038176,-0.0670819124007874,-0.4414856285053723,-3.4184353375237952,1.0007921937008009,-4.419197426690238,tre mann,5012.0,Tre Mann,PG,20.0,1.0,60.0,1367.0,22.783333333333335,10.2,-1.0,1.0,0.1,0.002,-3.3,-1.1,-4.4,-0.8
2022,1630570,Trendon Watford,Trendon Watford,2022.0,21,21,3623,"BRef debut season, age >= 18, age <= 22, possessions >= 1000",18.11,15-20,1807,1816,3623,-3.212,1.824,-5.036,-0.995,3.118,-4.113,-1.6645263918038178,1.182918087599213,-2.847485628505372,-4.574435337523795,2.250792193700801,-6.825197426690238,trendon watford,5014.0,Trendon Watford,SF,21.0,1.0,48.0,869.0,18.104166666666668,15.8,1.4,0.5,1.9,0.104,-1.4,-0.4,-1.7,0.1
2022,1630530,Trey Murphy III,Trey Murphy III,2022.0,22,22,4170,"BRef debut season, age >= 18, age <= 22, possessions >= 1000",13.93,10-15,2087,2083,4170,0.197,0.429,-0.232,2.049,1.289,0.761,1.22885167230704,-0.0420141705936229,1.2708370357144696,-1.6810572734129376,1.0258599355079652,-2.706874762470397,trey murphy iii,5016.0,Trey Murphy III,SF,21.0,1.0,62.0,864.0,13.935483870967742,12.5,1.3,0.6,1.9,0.104,0.2,-1.4,-1.2,0.2
2022,1630586,Usman Garuba,Usman Garuba,2022.0,20,20,1014,"BRef debut season, age >= 18, age <= 22, possessions >= 1000",9.96,5-10,508,506,1014,-0.151,-0.546,0.395,1.123,0.182,0.94,2.021503261806547,-1.3855525271330928,3.407000433538244,-0.8884056839134309,-0.3176784210315047,-0.5707113646466223,usman garuba,5018.0,Usman Garuba,PF,19.0,1.0,24.0,239.0,9.958333333333334,12.9,0.2,0.3,0.5,0.105,-1.8,0.9,-0.9,0.1
2022,1630249,Vit Krejci,Vit Krejci,2022.0,22,22,2852,"BRef debut season, age >= 18, age <= 22, possessions >= 1000",23.0,20-25,1425,1427,2852,-2.438,0.422,-2.86,-0.378,2.265,-2.644,-1.4061483276929605,-0.0490141705936229,-1.3571629642855303,-4.316057273412937,1.0188599355079653,-5.334874762470397,vit krejci,5019.0,Vit Krejci,SG,21.0,1.0,30.0,690.0,23.0,8.5,0.1,0.5,0.6,0.042,-4.3,-1.0,-5.3,-0.6
2022,1630533,Ziaire Williams,Ziaire Williams,2022.0,20,20,6418,"BRef debut season, age >= 18, age <= 22, possessions >= 1000",21.72,20-25,3204,3214,6418,-0.187,-1.218,1.031,1.873,0.625,1.247,1.985503261806547,-2.057552527133093,4.043000433538244,-0.9244056839134308,-0.9896784210315046,0.0652886353533775,ziaire williams,5024.0,Ziaire Williams,SF,20.0,1.0,62.0,1346.0,21.70967741935484,9.7,1.1,1.1,2.2,0.08,-2.4,-0.6,-3.0,-0.3
2023,1631100,AJ Griffin,AJ Griffin,2023.0,19,19,5848,"BRef debut season, age >= 18, age <= 22, possessions >= 1000",19.46,15-20,2921,2927,5848,0.072,-0.69,0.762,2.209,0.313,1.895,2.9819089457199777,-1.757874106101588,4.739711798184866,0.072,-0.69,0.762,aj griffin,5027.0,AJ Griffin,SF,19.0,1.0,72.0,1401.0,19.458333333333332,12.6,1.3,0.9,2.2,0.075,-0.3,-0.5,-0.8,0.4
2023,1631097,Bennedict Mathurin,Bennedict Mathurin,2023.0,21,21,9352,"BRef debut season, age >= 18, age <= 22, possessions >= 1000",28.49,25-30,4687,4665,9352,0.541,0.494,0.047,2.194,2.044,0.149,2.0884736081961823,-0.1470819124007873,2.2355143714946277,-0.8214353375237952,0.9207921937008008,-1.7421974266902387,bennedict mathurin,5030.0,Bennedict Mathurin,SF,20.0,1.0,78.0,2222.0,28.487179487179485,13.1,1.0,0.8,1.8,0.038,-1.2,-2.5,-3.7,-1.0
2023,1631104,Blake Wesley,Blake Wesley,2023.0,20,20,2866,"BRef debut season, age >= 18, age <= 22, possessions >= 1000",18.08,15-20,1431,1435,2866,-3.219,0.312,-3.531,-1.083,1.315,-2.398,-1.046496738193453,-0.5275525271330928,-0.5189995664617562,-3.956405683913431,0.5403215789684953,-4.496711364646623,blake wesley,5031.0,Blake Wesley,SG,19.0,1.0,37.0,669.0,18.08108108108108,3.5,-1.9,0.3,-1.6,-0.114,-7.9,-1.8,-9.6,-1.3
2023,1631121,Bryce McGowens,Bryce McGowens,2023.0,20,20,3324,"BRef debut season, age >= 18, age <= 22, possessions >= 1000",17.11,15-20,1661,1663,3324,-3.434,-0.098,-3.336,-1.297,0.906,-2.203,-1.2614967381934532,-0.9375525271330928,-0.3239995664617559,-4.171405683913431,0.1303215789684953,-4.301711364646622,bryce mcgowens,5032.0,Bryce McGowens,SG,20.0,1.0,46.0,787.0,17.108695652173914,7.2,-0.4,0.4,0.1,0.005,-4.6,-1.4,-6.0,-0.8
2023,1631216,Caleb Houstan,Caleb Houstan,2023.0,20,20,3340,"BRef debut season, age >= 18, age <= 22, possessions >= 1000",15.93,15-20,1672,1668,3340,-2.499,0.12,-2.619,-0.362,1.124,-1.486,-0.3264967381934531,-0.7195525271330928,0.3930004335382437,-3.236405683913431,0.3483215789684953,-3.5847113646466227,caleb houstan,5034.0,Caleb Houstan,SF,20.0,1.0,51.0,812.0,15.92156862745098,6.2,0.1,0.5,0.7,0.039,-3.1,-0.9,-4.0,-0.4
2023,1631128,Christian Braun,Christian Braun,2023.0,22,22,5766,"BRef debut season, age >= 18, age <= 22, possessions >= 1000",15.54,15-20,2878,2888,5766,-1.911,-1.259,-0.652,0.225,-0.255,0.48,-0.8791483276929601,-1.730014170593623,0.8508370357144696,-3.7890572734129377,-0.6621400644920347,-3.126874762470397,christian braun,5036.0,Christian Braun,SG,21.0,1.0,76.0,1181.0,15.539473684210526,10.3,0.7,1.2,1.9,0.079,-2.5,0.1,-2.4,-0.1
2023,1631223,David Roddy,David Roddy,2023.0,22,22,5542,"BRef debut season, age >= 18, age <= 22, possessions >= 1000",17.98,15-20,2764,2778,5542,-1.467,0.487,-1.954,0.669,1.491,-0.822,-0.4351483276929602,0.015985829406377,-0.4511629642855304,-3.345057273412938,1.0838599355079652,-4.428874762470397,david roddy,5041.0,David Roddy,PF,21.0,1.0,70.0,1258.0,17.97142857142857,8.8,-0.3,1.4,1.1,0.043,-3.2,-0.7,-3.9,-0.6
2023,1631230,Dominick Barlow,Dominick Barlow,2023.0,20,20,1716,"BRef debut season, age >= 18, age <= 22, possessions >= 1000",14.56,10-15,857,859,1716,-3.12,-0.267,-2.853,-0.958,0.656,-1.614,-0.9474967381934531,-1.106552527133093,0.1590004335382437,-3.8574056839134303,-0.0386784210315046,-3.818711364646622,dominick barlow,5043.0,Dominick Barlow,SF,19.0,1.0,28.0,408.0,14.571428571428571,12.4,0.5,0.2,0.7,0.082,-3.7,-0.8,-4.5,-0.3
2023,1630700,Dyson Daniels,Dyson Daniels,2023.0,20,20,4335,"BRef debut season, age >= 18, age <= 22, possessions >= 1000",17.66,15-20,2156,2179,4335,-2.992,-1.69,-1.302,-0.856,-0.687,-0.169,-0.819496738193453,-2.5295525271330925,1.710000433538244,-3.72940568391343,-1.4616784210315046,-2.2677113646466225,dyson daniels,5046.0,Dyson Daniels,PG,19.0,1.0,59.0,1042.0,17.661016949152543,8.8,-0.1,1.4,1.3,0.061,-3.4,1.6,-1.8,0.0
2023,1631095,Jabari Smith Jr.,Jabari Smith Jr.,2023.0,20,20,10084,"BRef debut season, age >= 18, age <= 22, possessions >= 1000",31.02,30-35,5041,5043,10084,-1.179,1.17,-2.349,0.192,2.857,-2.666,0.9935032618065468,0.3304474728669071,0.6630004335382438,-1.916405683913431,1.3983215789684953,-3.314711364646622,jabari smith jr,5048.0,Jabari Smith Jr.,PF,19.0,1.0,79.0,2451.0,31.025316455696203,11.2,0.5,1.4,1.9,0.037,-2.3,-1.3,-3.7,-1.1
2023,1631133,Jabari Walker,Jabari Walker,2023.0,20,20,2578,"BRef debut season, age >= 18, age <= 22, possessions >= 1000",11.06,10-15,1277,1301,2578,-2.755,-0.21,-2.545,-0.594,0.713,-1.307,-0.5824967381934529,-1.0495525271330928,0.467000433538244,-3.4924056839134305,0.0183215789684953,-3.5107113646466224,jabari walker,5049.0,Jabari Walker,SF,20.0,1.0,56.0,619.0,11.053571428571429,9.6,-0.1,0.3,0.2,0.015,-3.9,-2.1,-6.1,-0.6
2023,1630702,Jaden Hardy,Jaden Hardy,2023.0,20,20,2892,"BRef debut season, age >= 18, age <= 22, possessions >= 1000",14.76,10-15,1450,1442,2892,-1.523,0.459,-1.982,0.639,1.383,-0.743,0.649503261806547,-0.3805525271330928,1.030000433538244,-2.2604056839134308,0.6873215789684953,-2.947711364646622,jaden hardy,5052.0,Jaden Hardy,SG,20.0,1.0,48.0,708.0,14.75,14.6,0.2,0.5,0.7,0.048,-0.4,-1.9,-2.3,0.0
2023,1631093,Jaden Ivey,Jaden Ivey,2023.0,21,21,9375,"BRef debut season, age >= 18, age <= 22, possessions >= 1000",31.14,30-35,4685,4690,9375,-1.663,1.866,-3.529,-0.293,3.553,-3.846,-0.1155263918038176,1.2249180875992127,-1.3404856285053723,-3.0254353375237955,2.2927921937008007,-5.318197426690238,jaden ivey,5053.0,Jaden Ivey,SG,20.0,1.0,74.0,2304.0,31.135135135135137,12.1,-0.9,0.8,0.0,-0.001,-1.4,-1.9,-3.3,-0.7
2023,1631222,Jake LaRavia,Jake LaRavia,2023.0,21,21,1718,"BRef debut season, age >= 18, age <= 22, possessions >= 1000",11.84,10-15,852,866,1718,-3.022,-0.613,-2.408,-0.86,0.31,-1.17,-1.4745263918038174,-1.2540819124007874,-0.2194856285053723,-4.384435337523795,-0.1862078062991992,-4.197197426690239,jake laravia,5054.0,Jake LaRavia,PF,21.0,1.0,35.0,414.0,11.82857142857143,6.7,0.0,0.5,0.5,0.054,-3.9,0.4,-3.5,-0.2
2023,1631105,Jalen Duren,Jalen Duren,2023.0,19,19,6715,"BRef debut season, age >= 18, age <= 22, possessions >= 1000",24.93,20-25,3355,3360,6715,-1.073,-0.257,-0.817,0.601,0.962,-0.362,1.8369089457199776,-1.3248741061015883,3.1607117981848667,-1.073,-0.257,-0.817,jalen duren,5055.0,Jalen Duren,C,19.0,1.0,67.0,1670.0,24.925373134328357,17.3,2.9,1.6,4.5,0.129,-0.4,-0.4,-0.8,0.5
2023,1631114,Jalen Williams,Jalen Williams,2023.0,22,22,9907,"BRef debut season, age >= 18, age <= 22, possessions >= 1000",30.34,30-35,4946,4961,9907,-0.273,-0.891,0.618,1.098,0.796,0.302,0.7588516723070399,-1.362014170593623,2.1208370357144695,-2.151057273412938,-0.2941400644920348,-1.856874762470397,jalen williams,5056.0,Jalen Williams,SG,21.0,1.0,75.0,2276.0,30.346666666666668,15.6,3.0,2.6,5.6,0.119,-0.4,0.7,0.3,1.3
2023,1631119,Jaylin Williams,Jaylin Williams,2023.0,21,21,4038,"BRef debut season, age >= 18, age <= 22, possessions >= 1000",18.66,15-20,2012,2026,4038,-2.743,-0.316,-2.427,-0.607,0.687,-1.294,-1.1955263918038177,-0.9570819124007874,-0.2384856285053724,-4.1054353375237955,0.1107921937008007,-4.216197426690239,jaylin williams,5061.0,Jaylin Williams,PF,20.0,1.0,49.0,914.0,18.653061224489797,11.2,0.7,1.2,1.9,0.099,-2.3,0.6,-1.8,0.1
2023,1631110,Jeremy Sochan,Jeremy Sochan,2023.0,20,20,6092,"BRef debut season, age >= 18, age <= 22, possessions >= 1000",26.03,25-30,3044,3048,6092,0.219,-0.43,0.649,1.872,1.12,0.752,2.391503261806547,-1.2695525271330927,3.661000433538244,-0.5184056839134309,-0.2016784210315046,-0.3167113646466223,jeremy sochan,5064.0,Jeremy Sochan,PF,19.0,1.0,56.0,1458.0,26.035714285714285,11.4,-0.5,0.7,0.2,0.005,-2.8,-1.2,-4.0,-0.7
2023,1630577,Julian Champagnie,Julian Champagnie,2023.0,22,22,1342,"BRef debut season, age >= 18, age <= 22, possessions >= 1000",18.83,15-20,669,673,1342,-2.928,-0.364,-2.564,-0.792,0.639,-1.431,-1.89614832769296,-0.8350141705936229,-1.0611629642855305,-4.806057273412938,0.2328599355079652,-5.038874762470397,julian champagnie,5070.0,Julian Champagnie,SF,21.0,1.0,17.0,320.0,18.823529411764707,13.4,0.3,0.1,0.4,0.061,-0.6,-2.7,-3.3,-0.1
2023,1631099,Keegan Murray,Keegan Murray,2023.0,22,22,10714,"BRef debut season, age >= 18, age <= 22, possessions >= 1000",29.77,25-30,5366,5348,10714,1.466,0.449,1.017,3.118,1.999,1.119,2.49785167230704,-0.0220141705936229,2.5198370357144695,-0.4120572734129377,1.0458599355079652,-1.457874762470397,keegan murray,5072.0,Keegan Murray,SF,22.0,1.0,80.0,2382.0,29.775,12.3,2.6,1.7,4.3,0.087,0.4,-1.0,-0.6,0.8
2023,1631113,Kennedy Chandler,Kennedy Chandler,2023.0,20,20,1161,"BRef debut season, age >= 18, age <= 22, possessions >= 1000",7.82,5-10,587,574,1161,-2.3,-0.271,-2.029,-0.73,0.285,-1.015,-0.1274967381934528,-1.110552527133093,0.983000433538244,-3.0374056839134305,-0.0426784210315046,-2.9947113646466224,kennedy chandler,5074.0,Kennedy Chandler,PG,20.0,1.0,36.0,281.0,7.805555555555555,10.6,-0.1,0.4,0.3,0.044,-3.3,0.6,-2.7,0.0
2023,1631103,Malaki Branham,Malaki Branham,2023.0,20,20,6511,"BRef debut season, age >= 18, age <= 22, possessions >= 1000",23.48,20-25,3253,3258,6511,-0.091,1.462,-1.553,1.583,2.681,-1.098,2.0815032618065468,0.6224474728669072,1.459000433538244,-0.8284056839134308,1.690321578968495,-2.5187113646466224,malaki branham,5079.0,Malaki Branham,SF,19.0,1.0,66.0,1550.0,23.484848484848484,9.5,-0.4,0.2,-0.1,-0.004,-3.0,-2.1,-5.2,-1.2
2023,1630699,MarJon Beauchamp,MarJon Beauchamp,2023.0,22,22,2927,"BRef debut season, age >= 18, age <= 22, possessions >= 1000",13.49,10-15,1462,1465,2927,-3.021,-0.04,-2.981,-0.859,0.883,-1.742,-1.98914832769296,-0.511014170593623,-1.4781629642855303,-4.899057273412938,0.5568599355079652,-5.455874762470397,marjon beauchamp,5080.0,MarJon Beauchamp,SF,22.0,1.0,52.0,701.0,13.48076923076923,8.2,-0.4,0.8,0.4,0.027,-4.1,-0.6,-4.8,-0.5
2023,1631109,Mark Williams,Mark Williams,2023.0,21,21,3491,"BRef debut season, age >= 18, age <= 22, possessions >= 1000",19.26,15-20,1747,1744,3491,-2.727,-1.425,-1.302,-0.591,-0.421,-0.169,-1.1795263918038177,-2.066081912400787,0.8865143714946275,-4.0894353375237955,-0.9982078062991993,-3.091197426690239,mark williams,5081.0,Mark Williams,C,21.0,1.0,43.0,828.0,19.25581395348837,19.8,1.5,1.3,2.8,0.163,-0.5,0.6,0.1,0.4
2023,1631108,Max Christie,Max Christie,2023.0,20,20,2284,"BRef debut season, age >= 18, age <= 22, possessions >= 1000",12.5,10-15,1142,1142,2284,-3.92,-1.009,-2.911,-1.758,-0.086,-1.672,-1.747496738193453,-1.8485525271330927,0.1010004335382439,-4.657405683913431,-0.7806784210315045,-3.8767113646466225,max christie,5082.0,Max Christie,SG,19.0,1.0,41.0,512.0,12.487804878048781,7.4,0.1,0.5,0.6,0.058,-3.1,0.0,-3.1,-0.1
2023,1631115,Orlando Robinson,Orlando Robinson,2023.0,22,22,1658,"BRef debut season, age >= 18, age <= 22, possessions >= 1000",13.71,10-15,824,834,1658,-2.276,-1.47,-0.805,-0.114,-0.547,0.433,-1.24414832769296,-1.9410141705936228,0.6978370357144695,-4.1540572734129375,-0.8731400644920347,-3.279874762470397,orlando robinson,5087.0,Orlando Robinson,C,22.0,1.0,31.0,425.0,13.709677419354838,13.4,0.5,0.6,1.1,0.129,-2.7,0.7,-2.1,0.0
2023,1631172,Ousmane Dieng,Ousmane Dieng,2023.0,20,20,2412,"BRef debut season, age >= 18, age <= 22, possessions >= 1000",14.58,10-15,1204,1208,2412,-2.264,-1.32,-0.944,-0.102,-0.397,0.295,-0.0914967381934528,-2.159552527133093,2.068000433538244,-3.001405683913431,-1.0916784210315047,-1.9097113646466224,ousmane dieng,5088.0,Ousmane Dieng,SF,19.0,1.0,39.0,569.0,14.58974358974359,9.3,-0.1,0.6,0.4,0.038,-3.1,-0.5,-3.6,-0.2
2023,1631094,Paolo Banchero,Paolo Banchero,2023.0,20,20,9968,"BRef debut season, age >= 18, age <= 22, possessions >= 1000",33.75,30-35,4987,4981,9968,1.361,0.364,0.997,2.731,2.051,0.68,3.5335032618065467,-0.4755525271330928,4.009000433538244,0.6235943160865691,0.5923215789684954,0.0312886353533776,paolo banchero,5089.0,Paolo Banchero,PF,20.0,1.0,72.0,2430.0,33.75,14.9,-0.3,2.6,2.4,0.047,-0.7,-0.7,-1.5,0.3
2023,1631101,Shaedon Sharpe,Shaedon Sharpe,2023.0,20,20,7362,"BRef debut season, age >= 18, age <= 22, possessions >= 1000",22.23,20-25,3672,3690,7362,-0.031,2.009,-2.04,1.643,3.228,-1.585,2.141503261806547,1.169447472866907,0.972000433538244,-0.7684056839134309,2.237321578968495,-3.0057113646466225,shaedon sharpe,5097.0,Shaedon Sharpe,SG,19.0,1.0,80.0,1779.0,22.2375,11.5,0.6,0.6,1.2,0.032,-1.3,-2.0,-3.3,-0.6
2023,1631106,Tari Eason,Tari Eason,2023.0,22,22,7334,"BRef debut season, age >= 18, age <= 22, possessions >= 1000",21.55,20-25,3671,3663,7334,0.31,-0.579,0.889,1.984,0.64,1.344,1.34185167230704,-1.0500141705936228,2.39183703571447,-1.5680572734129377,0.0178599355079652,-1.5858747624703968,tari eason,5100.0,Tari Eason,PF,21.0,1.0,82.0,1767.0,21.548780487804876,15.3,0.9,1.7,2.6,0.07,-1.3,-0.4,-1.7,0.1
2023,1631102,TyTy Washington Jr.,TyTy Washington Jr.,2023.0,21,21,1776,"BRef debut season, age >= 18, age <= 22, possessions >= 1000",13.96,10-15,886,890,1776,-3.489,-1.043,-2.446,-1.327,-0.12,-1.207,-1.9415263918038177,-1.6840819124007873,-0.2574856285053726,-4.851435337523795,-0.6162078062991991,-4.235197426690239,tyty washington jr,5104.0,TyTy Washington Jr.,PG,21.0,1.0,31.0,433.0,13.96774193548387,7.5,-0.3,0.1,-0.1,-0.016,-5.0,-1.3,-6.3,-0.5
2023,1631117,Walker Kessler,Walker Kessler,2023.0,21,21,7076,"BRef debut season, age >= 18, age <= 22, possessions >= 1000",23.02,20-25,3529,3547,7076,1.098,-1.091,2.19,2.772,0.128,2.645,2.6454736081961823,-1.7320819124007871,4.378514371494628,-0.2644353375237951,-0.6642078062991992,0.4008025733097613,walker kessler,5106.0,Walker Kessler,C,21.0,1.0,74.0,1703.0,23.013513513513512,21.5,4.6,2.5,7.1,0.2,1.4,1.5,2.9,2.1
2024,1641708,Amen Thompson,Amen Thompson,2024.0,21,21,5808,"BRef debut season, age >= 18, age <= 22, possessions >= 1000",22.4,20-25,2910,2898,5808,-0.81,-1.894,1.084,1.174,-0.144,1.318,0.7374736081961824,-2.5350819124007873,3.2725143714946276,-2.1724353375237953,-1.4672078062991991,-0.7051974266902385,amen thompson,5113.0,Amen Thompson,SF,21.0,1.0,62.0,1388.0,22.387096774193548,18.2,1.9,2.4,4.3,0.149,-0.1,1.9,1.8,1.3
2024,1641748,Andre Jackson Jr.,Andre Jackson Jr.,2024.0,22,22,2368,"BRef debut season, age >= 18, age <= 22, possessions >= 1000",10.04,10-15,1180,1188,2368,-2.749,1.451,-4.2,-0.723,2.597,-3.32,-1.7171483276929602,0.9799858294063772,-2.6971629642855306,-4.627057273412937,2.047859935507965,-6.674874762470397,andre jackson jr,5114.0,Andre Jackson Jr.,SG,22.0,1.0,57.0,572.0,10.035087719298245,8.5,0.5,0.5,1.0,0.081,-3.6,0.0,-3.6,-0.2
2024,1641710,Anthony Black,Anthony Black,2024.0,20,20,4755,"BRef debut season, age >= 18, age <= 22, possessions >= 1000",16.87,15-20,2376,2379,4755,-2.617,-1.901,-0.716,-0.792,-0.128,-0.664,-0.444496738193453,-2.740552527133093,2.296000433538244,-3.35440568391343,-1.6726784210315049,-1.6817113646466222,anthony black,5116.0,Anthony Black,PG,20.0,1.0,69.0,1164.0,16.869565217391305,8.4,0.1,1.5,1.6,0.067,-3.8,0.8,-3.0,-0.3
2024,1641709,Ausar Thompson,Ausar Thompson,2024.0,21,21,6572,"BRef debut season, age >= 18, age <= 22, possessions >= 1000",25.12,25-30,3263,3309,6572,-1.155,-1.708,0.554,0.489,-0.097,0.586,0.3924736081961824,-2.3490819124007873,2.742514371494628,-2.517435337523795,-1.2812078062991992,-1.2351974266902386,ausar thompson,5117.0,Ausar Thompson,SF,21.0,1.0,63.0,1583.0,25.126984126984127,12.8,0.1,1.7,1.8,0.053,-2.8,0.6,-2.2,-0.1
2024,1641767,Ben Sheppard,Ben Sheppard,2024.0,22,22,3446,"BRef debut season, age >= 18, age <= 22, possessions >= 1000",14.29,10-15,1711,1735,3446,0.246,-0.596,0.843,2.272,0.549,1.723,1.27785167230704,-1.067014170593623,2.3458370357144696,-1.6320572734129375,0.0008599355079652,-1.6318747624703969,ben sheppard,5118.0,Ben Sheppard,SG,22.0,1.0,57.0,814.0,14.280701754385966,8.1,0.3,0.4,0.8,0.046,-3.3,-0.1,-3.4,-0.3
2024,1641731,Bilal Coulibaly,Bilal Coulibaly,2024.0,19,19,7273,"BRef debut season, age >= 18, age <= 22, possessions >= 1000",27.23,25-30,3638,3635,7273,-2.227,0.828,-3.055,-0.584,2.44,-3.023,0.6829089457199777,-0.2398741061015882,0.9227117981848664,-2.227,0.828,-3.055,bilal coulibaly,5119.0,Bilal Coulibaly,SF,19.0,1.0,63.0,1715.0,27.22222222222222,8.9,-0.5,0.9,0.4,0.013,-3.6,-0.5,-4.2,-0.9
2024,1641764,Brandin Podziemski,Brandin Podziemski,2024.0,21,21,8078,"BRef debut season, age >= 18, age <= 22, possessions >= 1000",26.6,25-30,4039,4039,8078,3.621,-1.939,5.56,5.264,-0.327,5.592,5.168473608196182,-2.5800819124007877,7.748514371494627,2.258564662476205,-1.5122078062991993,3.770802573309761,brandin podziemski,5120.0,Brandin Podziemski,SG,20.0,1.0,74.0,1968.0,26.594594594594593,13.0,2.1,2.0,4.1,0.1,-0.5,0.4,-0.1,0.9
2024,1641706,Brandon Miller,Brandon Miller,2024.0,21,21,9649,"BRef debut season, age >= 18, age <= 22, possessions >= 1000",32.2,30-35,4814,4835,9649,-0.527,1.121,-1.648,0.91,3.256,-2.345,1.0204736081961825,0.4799180875992126,0.5405143714946277,-1.889435337523795,1.5477921937008008,-3.4371974266902385,brandon miller,5121.0,Brandon Miller,SF,21.0,1.0,74.0,2383.0,32.2027027027027,13.0,-0.3,1.0,0.8,0.015,-0.9,-1.6,-2.6,-0.3
2024,1641729,Brice Sensabaugh,Brice Sensabaugh,2024.0,20,20,2401,"BRef debut season, age >= 18, age <= 22, possessions >= 1000",18.26,15-20,1198,1203,2401,-1.809,0.795,-2.603,0.017,2.568,-2.551,0.363503261806547,-0.0445525271330927,0.4090004335382438,-2.546405683913431,1.0233215789684953,-3.568711364646622,brice sensabaugh,5122.0,Brice Sensabaugh,SF,20.0,1.0,32.0,584.0,18.25,8.6,-0.5,0.2,-0.3,-0.024,-3.3,-2.1,-5.5,-0.5
2024,1641715,Cam Whitmore,Cam Whitmore,2024.0,19,19,3687,"BRef debut season, age >= 18, age <= 22, possessions >= 1000",18.73,15-20,1845,1842,3687,-1.213,-1.274,0.061,0.612,0.499,0.114,1.6969089457199775,-2.341874106101588,4.038711798184867,-1.213,-1.274,0.061,cam whitmore,5123.0,Cam Whitmore,SF,19.0,1.0,47.0,880.0,18.72340425531915,16.6,0.4,1.1,1.5,0.082,1.0,-0.9,0.1,0.5
2024,1641717,Cason Wallace,Cason Wallace,2024.0,20,20,7014,"BRef debut season, age >= 18, age <= 22, possessions >= 1000",20.63,20-25,3498,3516,7014,-0.262,-0.691,0.43,1.722,1.058,0.664,1.910503261806547,-1.5305525271330929,3.442000433538244,-0.9994056839134308,-0.4626784210315046,-0.5357113646466223,cason wallace,5124.0,Cason Wallace,SG,20.0,1.0,82.0,1692.0,20.634146341463413,12.0,1.9,2.1,4.0,0.115,-0.9,1.0,0.1,0.9
2024,1631096,Chet Holmgren,Chet Holmgren,2024.0,22,22,10075,"BRef debut season, age >= 18, age <= 22, possessions >= 1000",29.42,25-30,5034,5041,10075,1.753,-1.062,2.815,3.396,0.55,2.847,2.78485167230704,-1.5330141705936229,4.3178370357144695,-0.1250572734129378,-0.4651400644920348,0.3401252375296031,chet holmgren,5125.0,Chet Holmgren,C,21.0,1.0,82.0,2413.0,29.426829268292682,20.4,4.6,4.4,8.9,0.178,1.8,1.5,3.4,3.3
2024,1641726,Dereck Lively II,Dereck Lively II,2024.0,20,20,5449,"BRef debut season, age >= 18, age <= 22, possessions >= 1000",23.53,20-25,2722,2727,5449,1.191,-0.844,2.035,3.175,0.906,2.269,3.363503261806547,-1.683552527133093,5.047000433538244,0.4535943160865692,-0.6156784210315046,1.0692886353533777,dereck lively ii,5134.0,Dereck Lively II,C,19.0,1.0,55.0,1294.0,23.527272727272727,18.1,3.1,1.8,4.9,0.183,-0.3,0.8,0.5,0.8
2024,1641713,GG Jackson II,GG Jackson II,2024.0,19,19,5017,"BRef debut season, age >= 18, age <= 22, possessions >= 1000",25.69,25-30,2504,2513,5017,-1.083,-1.159,0.077,0.561,0.452,0.109,1.8269089457199776,-2.2268741061015884,4.054711798184867,-1.083,-1.159,0.077,gg jackson ii,5142.0,GG Jackson II,PF,19.0,1.0,48.0,1233.0,25.6875,13.7,0.2,1.1,1.2,0.048,-0.2,-1.8,-2.0,0.0
2024,1641711,Gradey Dick,Gradey Dick,2024.0,20,20,5282,"BRef debut season, age >= 18, age <= 22, possessions >= 1000",21.13,20-25,2636,2646,5282,-3.131,1.654,-4.785,-1.147,3.404,-4.551,-0.9584967381934528,0.8144474728669071,-1.7729995664617562,-3.868405683913431,1.8823215789684953,-5.750711364646622,gradey dick,5143.0,Gradey Dick,SG,20.0,1.0,60.0,1268.0,21.133333333333333,8.9,-0.1,0.4,0.3,0.01,-3.2,-2.2,-5.4,-1.1
2024,1641716,Jarace Walker,Jarace Walker,2024.0,20,20,1430,"BRef debut season, age >= 18, age <= 22, possessions >= 1000",10.32,10-15,714,716,1430,-1.331,-1.261,-0.069,0.695,-0.116,0.811,0.841503261806547,-2.1005525271330927,2.943000433538244,-2.068405683913431,-1.0326784210315043,-1.0347113646466224,jarace walker,5157.0,Jarace Walker,PF,20.0,1.0,33.0,340.0,10.303030303030303,11.8,0.1,0.3,0.4,0.058,-0.5,0.7,0.2,0.2
2024,1641722,Jordan Hawkins,Jordan Hawkins,2024.0,22,22,4724,"BRef debut season, age >= 18, age <= 22, possessions >= 1000",17.32,15-20,2376,2348,4724,0.326,1.046,-0.72,2.151,2.819,-0.668,1.35785167230704,0.5749858294063771,0.7828370357144696,-1.5520572734129376,1.6428599355079654,-3.1948747624703966,jordan hawkins,5162.0,Jordan Hawkins,SG,21.0,1.0,67.0,1160.0,17.313432835820894,10.2,0.3,1.0,1.3,0.053,-1.3,-1.7,-3.1,-0.3
2024,1641763,Julian Phillips,Julian Phillips,2024.0,20,20,1311,"BRef debut season, age >= 18, age <= 22, possessions >= 1000",8.06,5-10,657,654,1311,-2.468,-1.125,-1.342,-0.767,-0.246,-0.521,-0.295496738193453,-1.9645525271330928,1.670000433538244,-3.2054056839134306,-0.8966784210315046,-2.3077113646466225,julian phillips,5166.0,Julian Phillips,SF,20.0,1.0,40.0,323.0,8.075,7.0,0.0,0.2,0.2,0.031,-4.7,-0.6,-5.3,-0.3
2024,1631124,Julian Strawther,Julian Strawther,2024.0,22,22,2269,"BRef debut season, age >= 18, age <= 22, possessions >= 1000",10.91,10-15,1130,1139,2269,-1.983,0.328,-2.311,0.043,1.474,-1.431,-0.9511483276929602,-0.1430141705936229,-0.8081629642855304,-3.861057273412938,0.9248599355079652,-4.785874762470397,julian strawther,5167.0,Julian Strawther,SF,21.0,1.0,50.0,545.0,10.9,8.2,-0.4,0.6,0.2,0.015,-4.6,-1.4,-6.0,-0.6
2024,1641718,Keyonte George,Keyonte George,2024.0,20,20,8363,"BRef debut season, age >= 18, age <= 22, possessions >= 1000",26.97,25-30,4184,4179,8363,-1.305,1.057,-2.363,0.338,2.669,-2.331,0.867503261806547,0.2174474728669071,0.649000433538244,-2.042405683913431,1.2853215789684953,-3.3287113646466224,keyonte george,5170.0,Keyonte George,PG,20.0,1.0,75.0,2023.0,26.973333333333333,10.4,-0.4,0.1,-0.3,-0.008,-1.5,-2.9,-4.4,-1.2
2024,1641733,Nick Smith Jr.,Nick Smith Jr.,2024.0,20,20,2876,"BRef debut season, age >= 18, age <= 22, possessions >= 1000",14.29,10-15,1434,1442,2876,-4.04,0.581,-4.621,-2.014,1.727,-3.741,-1.867496738193453,-0.2585525271330928,-1.6089995664617565,-4.777405683913431,0.8093215789684953,-5.586711364646622,nick smith jr,5186.0,Nick Smith Jr.,SG,19.0,1.0,51.0,729.0,14.294117647058824,8.1,-0.6,0.1,-0.5,-0.036,-3.1,-2.8,-5.9,-0.7
2024,1641730,Noah Clowney,Noah Clowney,2024.0,19,19,1486,"BRef debut season, age >= 18, age <= 22, possessions >= 1000",16.08,15-20,739,747,1486,-3.834,-2.247,-1.587,-2.008,-0.474,-1.534,-0.9240910542800224,-3.314874106101588,2.3907117981848662,-3.834,-2.247,-1.587,noah clowney,5187.0,Noah Clowney,PF,19.0,1.0,23.0,370.0,16.08695652173913,14.2,0.5,0.4,0.9,0.111,-0.8,0.1,-0.7,0.1
2024,1641765,Olivier-Maxence Prosper,Olivier-Maxence Prosper,2024.0,21,21,1418,"BRef debut season, age >= 18, age <= 22, possessions >= 1000",8.41,5-10,710,708,1418,-3.45,-0.044,-3.405,-1.749,0.835,-2.584,-1.9025263918038176,-0.6850819124007874,-1.2164856285053722,-4.812435337523795,0.3827921937008008,-5.194197426690239,oliviermaxence prosper,5188.0,Olivier-Maxence Prosper,PF,21.0,1.0,40.0,336.0,8.4,11.6,0.2,0.3,0.5,0.076,-1.7,-1.3,-2.9,-0.1
2024,1641712,Rayan Rupert,Rayan Rupert,2024.0,20,20,2581,"BRef debut season, age >= 18, age <= 22, possessions >= 1000",16.24,15-20,1295,1286,2581,-2.055,-0.722,-1.332,-0.229,1.051,-1.28,0.1175032618065468,-1.5615525271330928,1.680000433538244,-2.7924056839134312,-0.4936784210315046,-2.2977113646466223,rayan rupert,5193.0,Rayan Rupert,SG,19.0,1.0,39.0,633.0,16.23076923076923,5.8,-0.4,0.3,-0.1,-0.009,-5.6,-1.2,-6.7,-0.8
2024,1641741,Ricky Council IV,Ricky Council IV,2024.0,22,22,1162,"BRef debut season, age >= 18, age <= 22, possessions >= 1000",9.02,5-10,579,583,1162,-1.737,-0.596,-1.141,-0.036,0.283,-0.32,-0.7051483276929602,-1.067014170593623,0.3618370357144695,-3.615057273412938,0.0008599355079652,-3.615874762470397,ricky council iv,5194.0,Ricky Council IV,SG,22.0,1.0,32.0,289.0,9.03125,18.6,0.8,0.3,1.0,0.173,2.1,-0.8,1.3,0.2
2024,1630703,Scoot Henderson,Scoot Henderson,2024.0,20,20,7213,"BRef debut season, age >= 18, age <= 22, possessions >= 1000",28.47,25-30,3605,3608,7213,-1.376,2.611,-3.988,0.267,4.223,-3.956,0.7965032618065471,1.7714474728669074,-0.975999566461756,-2.113405683913431,2.8393215789684954,-4.953711364646622,scoot henderson,5196.0,Scoot Henderson,PG,19.0,1.0,62.0,1765.0,28.467741935483872,9.5,-2.5,0.9,-1.7,-0.045,-3.5,-2.3,-5.8,-1.7
2024,1641707,Taylor Hendricks,Taylor Hendricks,2024.0,20,20,3566,"BRef debut season, age >= 18, age <= 22, possessions >= 1000",21.41,20-25,1779,1787,3566,-2.354,-1.434,-0.92,-0.371,0.315,-0.686,-0.1814967381934531,-2.2735525271330927,2.092000433538244,-3.0914056839134307,-1.2056784210315046,-1.8857113646466224,taylor hendricks,5199.0,Taylor Hendricks,PF,20.0,1.0,40.0,856.0,21.4,11.8,0.7,0.6,1.2,0.07,-1.3,-0.4,-1.6,0.1
2024,1641705,Victor Wembanyama,Victor Wembanyama,2024.0,20,20,8780,"BRef debut season, age >= 18, age <= 22, possessions >= 1000",29.67,25-30,4386,4394,8780,-0.436,-2.589,2.153,1.207,-0.978,2.185,1.736503261806547,-3.428552527133093,5.1650004335382445,-1.1734056839134308,-2.360678421031505,1.1872886353533776,victor wembanyama,5209.0,Victor Wembanyama,C,20.0,1.0,71.0,2106.0,29.661971830985916,23.1,-0.7,4.4,3.7,0.085,1.9,3.3,5.2,3.8
