col_idx,key,coef
0,2_off,0.006896467645510149
1,2_def,-0.023994575761768847
2,3_off,-0.025580645751005646
3,3_def,-0.04104425152535199
4,7_off,-0.004924475010734234
5,7_def,-0.015376354521523914
6,9_off,-0.03502233029118526
7,9_def,-0.02546189191318157
8,12_off,-0.04397448287460992
9,12_def,-0.013686070629087518
10,15_off,0.02945347809795329
11,15_def,-0.004719491420423506
12,17_off,0.05776527372121342
13,17_def,-0.02680025882795871
14,21_off,0.0006558701245520764
15,21_def,-0.016713493807630403
16,22_off,0.02697943910195181
17,22_def,-0.017758392798366385
18,23_off,0.021951002711125944
19,23_def,-0.026148711417028382
20,26_off,-0.01996494294430251
21,26_def,-0.04770872770499539
22,28_off,-0.017103995437691037
23,28_def,-0.021365289460569228
24,29_off,-0.012971101322311872
25,29_def,-0.03553332008926266
26,31_off,-0.04289301390298548
27,31_def,-0.015254163846422815
28,32_off,-0.03181491693895352
29,32_def,-0.017464479504743283
30,35_off,-0.032808842451406375
31,35_def,-0.02260923886583327
32,36_off,-0.05287689942310014
33,36_def,-0.031500202170743674
34,37_off,-0.017394122742693585
35,37_def,-0.014013357817771934
36,38_off,-0.04496963309881731
37,38_def,-0.005238391420757963
38,42_off,-0.01270751596860462
39,42_def,-0.010883455825629383
40,43_off,0.007105048299476759
41,43_def,-0.010406421240815845
42,45_off,0.008824583519217038
43,45_def,-0.004669092611196777
44,47_off,-0.04554121028619896
45,47_def,0.0009175791196947038
46,49_off,0.006378574018275525
47,49_def,-0.04929449182538666
48,51_off,0.0027968441283236917
49,51_def,-0.010148978203306286
50,52_off,-0.02001474105177124
51,52_def,-0.009733513224157865
52,53_off,0.011374240978717465
53,53_def,-0.03092023775253141
54,54_off,-0.04144504014996915
55,54_def,-0.014024170677179693
56,55_off,-0.011233526090705579
57,55_def,0.007565436818425635
58,56_off,0.03501136179409359
59,56_def,-0.022891979803572774
60,57_off,0.01950680290671838
61,57_def,-0.028151342136285777
62,61_off,-0.028699481962175553
63,61_def,-0.01580412566671894
64,63_off,0.013247903845885724
65,63_def,0.00456487708161744
66,64_off,0.027118535209696017
67,64_def,-0.033161422706503164
68,65_off,0.003398870670418608
69,65_def,-0.04079438729813929
70,67_off,-0.007189031783455133
71,67_def,0.00625092805711773
72,70_off,0.007909905183385989
73,70_def,-0.015907003366547663
74,71_off,-0.011701739614799969
75,71_def,-0.0001702619457656547
76,72_off,0.02451449812477364
77,72_def,-0.017361113453732868
78,73_off,0.0006965094690004267
79,73_def,-0.03368578600015047
80,76_off,-0.0021903775777350823
81,76_def,-0.009573820277928786
82,77_off,-0.014020038541054875
83,77_def,-0.0030560273912432177
84,78_off,-0.043940621507821645
85,78_def,-0.012554373249922295
86,80_off,-0.06586060569066768
87,80_def,-0.024970216927708497
88,81_off,-0.03704650738126023
89,81_def,-0.018089022765085973
90,82_off,-0.03111101313354315
91,82_def,-0.022056371879447277
92,84_off,0.03647582521917514
93,84_def,-0.0054083339666211
94,85_off,0.003458006347164984
95,85_def,-0.004359780873615217
96,87_off,0.01160098397681928
97,87_def,-0.07252103895719403
98,88_off,-0.016634609245728398
99,88_def,-0.0030991744808796747
100,89_off,0.0340741962893727
101,89_def,0.008129800576059686
102,93_off,0.010113164989678968
103,93_def,0.011354743338361076
104,95_off,-0.018815534925423295
105,95_def,-0.01939922463257011
106,96_off,0.05761189277074932
107,96_def,-0.032774118808848667
108,98_off,0.011894382405001683
109,98_def,-0.024236777199375267
110,100_off,-0.04049124667991572
111,100_def,-0.01262097029096758
112,103_off,0.026173522838441727
113,103_def,-0.007249953366689661
114,104_off,-0.05147805260197798
115,104_def,-0.025485878702258404
116,105_off,0.02283672847875355
117,105_def,-0.03522180195351579
118,107_off,0.03388383589484375
119,107_def,0.004291217053531072
120,109_off,0.011371659192888062
121,109_def,-0.05345603144037723
122,111_off,0.001518191527770751
123,111_def,-0.0017862842096858095
124,112_off,-0.02968994641724348
125,112_def,-0.016070575717842154
126,116_off,-0.02681509434238503
127,116_def,-0.013361422240804508
128,120_off,0.032851693538196614
129,120_def,-0.006953162675757258
130,121_off,0.0055394612828162035
131,121_def,-0.0441487762940619
132,122_off,-0.015572393698273823
133,122_def,-0.003390137925427878
134,123_off,-0.01436033215690704
135,123_def,0.0010870248708350523
136,124_off,0.0287986643295295
137,124_def,-0.06190374535012309
138,128_off,-0.01612428487947892
139,128_def,-0.021247479925388772
140,129_off,-0.004735797560239465
141,129_def,-0.04956860719857742
142,133_off,0.014306909810510818
143,133_def,-0.01462455517828743
144,134_off,0.05801390490372136
145,134_def,-0.0035933537886692693
146,136_off,0.01614215309345206
147,136_def,-0.029720132656909086
148,137_off,0.0002891218943541739
149,137_def,-0.01714954614319357
150,138_off,-0.0378326366066558
151,138_def,-0.0066268107076420685
152,140_off,-0.020891296882754574
153,140_def,-0.01266081375271007
154,143_off,-0.009833106587154857
155,143_def,-0.008126187585080191
156,145_off,0.02645424479618716
157,145_def,0.007146702587234471
158,146_off,-0.008474237915686331
159,146_def,-0.03143953941083308
160,147_off,0.01709795394950803
161,147_def,-0.00740781202555774
162,154_off,-0.0335248412664812
163,154_def,-0.01072274069771623
164,156_off,-0.015381722629334474
165,156_def,-0.015500002367564106
166,157_off,0.009952151784028019
167,157_def,0.00752843948928171
168,160_off,-0.01839034622550626
169,160_def,-0.006123729087410603
170,164_off,-0.017472980764864584
171,164_def,-0.04030494300562315
172,165_off,0.0062181406785671986
173,165_def,-0.04442501030579316
174,166_off,0.023928072794731414
175,166_def,-0.04585333187699233
176,168_off,0.008762213016349586
177,168_def,-0.03627922913677439
178,170_off,-0.035421129226501924
179,170_def,0.0008017034430158835
180,173_off,0.004571145238146113
181,173_def,-0.03140521009857359
182,175_off,-0.04208405786657275
183,175_def,-0.003916091417446935
184,176_off,-0.039219505934744534
185,176_def,-0.015626417485348994
186,177_off,0.006233544892908373
187,177_def,-0.021983233249053
188,178_off,-0.012250819243360392
189,178_def,-0.01210874792626435
190,179_off,0.0006543595096668384
191,179_def,-0.013154214209146841
192,180_off,-0.009073977421733409
193,180_def,-0.014383082708051874
194,181_off,-0.0290846149578447
195,181_def,-0.0025094629725673796
196,182_off,0.005404744331763207
197,182_def,-0.022317862339003035
198,183_off,-0.0099052715549455
199,183_def,-0.0330584707519716
200,184_off,0.033662699062972985
201,184_def,-0.03478829584969533
202,185_off,0.014508792039049725
203,185_def,-0.0277483193582565
204,187_off,-0.006906078352564748
205,187_def,-0.021536051744697998
206,190_off,-0.041750529978028424
207,190_def,-2.8467409099139016e-05
208,192_off,0.023467607294676535
209,192_def,-0.012742884245654682
210,193_off,0.010344176383916003
211,193_def,-0.0025936541309745167
212,194_off,-0.03396007423217151
213,194_def,-0.011218459986452226
214,195_off,0.0156959831994857
215,195_def,-0.00448532768555069
216,197_off,-0.006918841137389668
217,197_def,-0.03951150484952032
218,198_off,0.014661828413234414
219,198_def,-0.020921914026866512
220,199_off,-0.0487053213279591
221,199_def,-0.02924617038091747
222,201_off,-0.014097218741129073
223,201_def,-0.0360424752342926
224,202_off,-0.03787858951353169
225,202_def,-0.016539745199230765
226,203_off,-0.0039037254503405706
227,203_def,-0.041066552562859904
228,204_off,0.06800206819480992
229,204_def,-0.03756532314614893
230,208_off,0.05338259512552987
231,208_def,-0.02136090672434025
232,209_off,0.02732051856214878
233,209_def,0.004651439684743856
234,210_off,0.03698738706195377
235,210_def,-0.013857336735680795
236,211_off,-0.05310623018905687
237,211_def,-0.015244087522382084
238,212_off,-0.02446679929209053
239,212_def,-0.005584148481398153
240,213_off,0.004314019941116927
241,213_def,-0.035935470069113795
242,216_off,-0.0022133119047932463
243,216_def,-0.0006623839717907823
244,219_off,0.015775644858460437
245,219_def,0.003082787695850752
246,221_off,-0.01001389156897262
247,221_def,-0.010374550268037418
248,223_off,-0.028792425671578182
249,223_def,-0.019600890324193383
250,224_off,0.03365453701550822
251,224_def,-0.04514361697467598
252,226_off,-0.041552824422719445
253,226_def,-0.01929394724206782
254,228_off,0.008172653370896649
255,228_def,-0.016677085019418957
256,234_off,0.01892487248391905
257,234_def,-0.0026280136670591703
258,236_off,-0.018938267684198526
259,236_def,-0.01708296521394024
260,238_off,0.0009562321627115998
261,238_def,-0.034261729143663176
262,239_off,0.0309798892287173
263,239_def,-0.001815076415230009
264,240_off,-0.0007584484496282601
265,240_def,0.014073735537836713
266,241_off,-0.03713372405788885
267,241_def,-0.015795927641695913
268,243_off,0.0016729472721944971
269,243_def,-0.05534023655828604
270,244_off,-0.012004764702838146
271,244_def,-0.011320954697535569
272,246_off,-0.021876293355516496
273,246_def,0.007155712544298209
274,247_off,0.06486715665560262
275,247_def,-0.018239209014744427
276,248_off,-0.010902357818837144
277,248_def,-0.04641453830295088
278,251_off,-0.010985998075925738
279,251_def,-0.03472296661392224
280,252_off,0.03449095681252636
281,252_def,-0.014876924354757024
282,255_off,0.037735026542546866
283,255_def,-0.0129393226068771
284,258_off,-0.008327357308486608
285,258_def,-0.02426493748440243
286,262_off,-0.02954460417428548
287,262_def,-0.017424751182440218
288,265_off,-0.007900279553495461
289,265_def,-0.031082002579581373
290,270_off,0.021875635819087767
291,270_def,-0.042735276299245825
292,271_off,0.0005284614653617847
293,271_def,-0.011796755258979353
294,273_off,-0.02147866764537839
295,273_def,-0.004952130363540279
296,275_off,0.02362525048021147
297,275_def,-0.008119959110136346
298,278_off,-0.007230629322393493
299,278_def,-0.034546342356239296
300,279_off,-0.029370419721267086
301,279_def,-0.0098019093158212
302,280_off,-0.02258195297453178
303,280_def,-0.015255510791385273
304,281_off,-0.023161315014264494
305,281_def,-0.036210002479992745
306,283_off,0.012237383193179737
307,283_def,-0.02677711449568024
308,287_off,-0.040420097195868206
309,287_def,-0.011433061827372647
310,288_off,-0.024027489551145278
311,288_def,-0.01830637116740584
312,289_off,-0.04970940340034723
313,289_def,-0.03158784863572157
314,291_off,-0.03310201628047485
315,291_def,-0.0027028716595255183
316,292_off,-0.006680507454514307
317,292_def,-0.017592644973034192
318,293_off,-0.04538168208132282
319,293_def,-0.037221372596899865
320,296_off,0.015925616083349563
321,296_def,-0.012418138563788749
322,297_off,0.014899838247220572
323,297_def,-0.057667571571100806
324,299_off,0.03584360547331335
325,299_def,-0.008156567658266193
326,302_off,0.029772817348455053
327,302_def,-0.03508445203832035
328,304_off,0.07217367004403295
329,304_def,-0.04631666723713456
330,305_off,-0.013952069123800325
331,305_def,-0.014818727883650825
332,308_off,-0.04119555497642363
333,308_def,-0.012559644494022491
334,310_off,-0.014695258357624742
335,310_def,-0.01010007985044829
336,316_off,-0.03494957966601165
337,316_def,-0.007598117025400315
338,317_off,0.0333984462044661
339,317_def,-0.025686679341237494
340,320_off,-0.03907448829773656
341,320_def,-0.019432676835911447
342,323_off,-0.04379043347945185
343,323_def,0.002820662856603576
344,324_off,0.012631718385191691
345,324_def,-0.007316702148556266
346,328_off,-0.03911997279448194
347,328_def,-0.02260015984092709
348,330_off,-0.005034247656963142
349,330_def,-0.02721332648116292
350,333_off,-0.02286418171931922
351,333_def,-0.01168827009831442
352,335_off,-0.04211364160440143
353,335_def,-0.015545927907851717
354,339_off,0.008139247339170371
355,339_def,-0.01745708567875726
356,341_off,-0.021116099064453477
357,341_def,-0.005368205253828107
358,344_off,0.011344211690356442
359,344_def,-0.007632462903182698
360,345_off,0.03425994463993402
361,345_def,-0.03586942722403269
362,348_off,-0.01993245209497169
363,348_def,-0.034141063907352026
364,349_off,0.019152532385766835
365,349_def,-0.01549944381355161
366,351_off,-0.0486213964343096
367,351_def,-0.012266137413046285
368,353_off,0.023905456094866943
369,353_def,-0.024474545890201576
370,355_off,-0.03382961286397406
371,355_def,-0.032065677877259426
372,356_off,-0.023637868674947746
373,356_def,-0.013124739968958752
374,358_off,0.005896927153684397
375,358_def,-0.04563253054949185
376,359_off,-0.0027050802619989836
377,359_def,-0.009262538656339157
378,361_off,0.010003102857663867
379,361_def,-0.02302587493835361
380,363_off,0.01244307045662071
381,363_def,-0.01855024270521516
382,364_off,0.020836844990266112
383,364_def,-0.01174263162538657
384,365_off,-0.0009409540182895651
385,365_def,-0.024589804139089916
386,368_off,-0.03548246713938419
387,368_def,-0.010603427013938472
388,369_off,0.0093594047418912
389,369_def,-0.04624082218235602
390,371_off,0.032097747477060026
391,371_def,-0.02429524066920021
392,375_off,0.04280069498360733
393,375_def,0.0034165139161971766
394,376_off,-0.03715036022482522
395,376_def,0.0011060250681377472
396,378_off,-0.02978928987815537
397,378_def,-0.016647008071478526
398,380_off,-0.004952792857945407
399,380_def,-0.00869642839481062
400,381_off,-0.0034410323733732075
401,381_def,0.017480491912484016
402,383_off,0.007288048584850715
403,383_def,-0.01993245149563945
404,384_off,0.012385116178072121
405,384_def,-0.01650649805766139
406,386_off,-0.01103379565621914
407,386_def,-0.012916056044185761
408,389_off,0.04527172170393796
409,389_def,-0.03167505267225718
410,390_off,0.0012720227270334346
411,390_def,-0.052696930990568276
412,393_off,0.030653471414528937
413,393_def,-0.014046449251024634
414,397_off,0.05695506352556456
415,397_def,-0.025503074807849392
416,399_off,-0.037667067361041716
417,399_def,-0.012569524566361668
418,400_off,0.004738973294463725
419,400_def,-0.026286314630389888
420,404_off,-0.0565090325035144
421,404_def,-0.01344428539059097
422,406_off,0.05727834811001161
423,406_def,-0.04218955551419136
424,412_off,-0.05925095505954696
425,412_def,-0.021738761750735778
426,416_off,-0.043644644926196026
427,416_def,-0.015366647714577245
428,417_off,-0.003775542685554051
429,417_def,0.005274726532603195
430,418_off,-0.04025493312337381
431,418_def,-0.01884808777181972
432,420_off,-0.0010962594492768107
433,420_def,-0.016028603543765105
434,422_off,0.023831607771151564
435,422_def,-0.0038364882217895996
436,423_off,0.0037343377570149446
437,423_def,-0.009834517593930833
438,426_off,-0.01575341731272698
439,426_def,-0.03180438736579562
440,428_off,0.004150539590562333
441,428_def,-0.01838755520929524
442,431_off,0.020712354480372647
443,431_def,-0.0292231772794248
444,432_off,-0.00993906849743699
445,432_def,0.023865565360426118
446,433_off,-0.003362606101928331
447,433_def,-0.02732886342736427
448,434_off,-0.03962815876646738
449,434_def,-0.01679217740769473
450,435_off,-0.025346171967575683
451,435_def,-0.0014016653792852836
452,436_off,0.010567476855071714
453,436_def,0.0007897499714661291
454,438_off,-0.037623095197241815
455,438_def,-0.011459622539320785
456,440_off,-0.04373782501605201
457,440_def,-0.019239478075622596
458,441_off,-0.0005300026450199696
459,441_def,-0.010472513546667863
460,442_off,-0.039731486601444765
461,442_def,-0.022568551699310446
462,445_off,0.032737665073140805
463,445_def,-0.008156845688351046
464,446_off,0.009158306406378092
465,446_def,-0.028040474313498646
466,448_off,0.012200219341375756
467,448_def,-0.06098902049577049
468,452_off,0.016082572316906654
469,452_def,-0.007573743670823838
470,456_off,-0.011806851886047767
471,456_def,-0.02061607689167096
472,457_off,-0.03919729049290334
473,457_def,-0.02434031219348397
474,458_off,0.007036350852622466
475,458_def,-0.010879768885368311
476,461_off,0.027566105277533934
477,461_def,-0.008206359399083553
478,462_off,-0.03130531154024618
479,462_def,-0.02339603139165496
480,467_off,0.05003895327014459
481,467_def,-0.03676593920886416
482,468_off,0.026096366005847554
483,468_def,-0.03323330520422547
484,469_off,0.022236514701448124
485,469_def,-0.0285547401710599
486,471_off,-0.013641467348253188
487,471_def,-0.004263173812570468
488,511_off,-0.042873070467479624
489,511_def,-0.04980101264058546
490,671_off,-0.037812878124794336
491,671_def,-0.009490058156606996
492,672_off,0.03868488443586087
493,672_def,0.0009904618816000792
494,673_off,-0.008467537829709446
495,673_def,0.006462578161231691
496,674_off,-0.004295878958563738
497,674_def,-0.019468250515217948
498,676_off,-0.04357406680364693
499,676_def,-0.014987431854968208
500,677_off,0.01160643406884659
501,677_def,-0.028720351247543664
502,678_off,-0.03239139470120865
503,678_def,0.006874857948614813
504,679_off,-0.01113451307156912
505,679_def,-0.01016133984854108
506,680_off,-0.04318921094987459
507,680_def,-0.010567180355278722
508,681_off,-0.034624461764154874
509,681_def,-0.003093781879723508
510,682_off,0.008645621802200448
511,682_def,-0.015891940100532784
512,684_off,-0.05967774273314452
513,684_def,-0.01486324880162502
514,685_off,-0.013364329706260407
515,685_def,0.007950936740694574
516,686_off,0.011309659712431457
517,686_def,-0.02279946474485902
518,688_off,-0.03417125204573075
519,688_def,-0.032275522718332374
520,689_off,-0.0040775893646992165
521,689_def,-0.04802072589513255
522,690_off,-0.018646693891725998
523,690_def,-0.03100826861653845
524,691_off,-0.04023363862039803
525,691_def,-0.007131269099244072
526,692_off,-0.0005454853828541183
527,692_def,-0.027859084468519556
528,693_off,0.012186437623429622
529,693_def,-0.016162601792150413
530,694_off,-0.022035009611356085
531,694_def,-0.03297465780516819
532,695_off,-0.0003038779779940548
533,695_def,-0.005885230568696267
534,696_off,0.007669884237721997
535,696_def,-0.023139141407780034
536,697_off,0.007899519381299423
537,697_def,-0.01626188038489664
538,698_off,0.015264793829359039
539,698_def,0.009880927670052865
540,699_off,0.04086534712002743
541,699_def,-0.012944124438222055
542,700_off,-0.06106718022879033
543,700_def,-0.02675517796045101
544,701_off,-0.03462360937592132
545,701_def,-0.01073737781915969
546,702_off,0.0204995624165501
547,702_def,-0.008403016883392456
548,703_off,-0.002175886985773097
549,703_def,-0.04319634180029751
550,704_off,-0.022447212365211057
551,704_def,0.002830150552803964
552,706_off,-0.023042970759073245
553,706_def,-0.0044801094120611295
554,707_off,-0.012505349391672855
555,707_def,-0.007659722951392195
556,708_off,0.03822474587859722
557,708_def,-0.08427356333167532
558,709_off,-0.02384943654503824
559,709_def,-0.004368235919943526
560,710_off,-0.06138225616596969
561,710_def,-0.018066145043898283
562,711_off,0.029643595490358488
563,711_def,-0.009171481793433276
564,712_off,-0.023195741136909684
565,712_def,-8.844117748658259e-05
566,713_off,-0.019561325625759376
567,713_def,-0.01032506423364456
568,714_off,0.022342460808482185
569,714_def,-0.006934629297018879
570,715_off,-0.04081682563255565
571,715_def,-0.009506995447341151
572,716_off,-0.014142423979918883
573,716_def,-0.0075757806127576995
574,717_off,0.015878060523931686
575,717_def,-0.06180548399728319
576,718_off,-0.000570850877029034
577,718_def,0.007645257030292681
578,719_off,-0.040752095126196944
579,719_def,-0.016544401599169617
580,721_off,-0.0009028895124475501
581,721_def,-0.023026628338080144
582,722_off,0.008373026670923697
583,722_def,-0.026925462405392293
584,724_off,-0.00554936051365083
585,724_def,-0.0012620984387862258
586,725_off,-0.022822830773710112
587,725_def,-0.003992270075622259
588,727_off,-0.0010456274583077428
589,727_def,-0.044561211953313626
590,728_off,-0.05946753556237943
591,728_def,-0.02216492425031408
592,729_off,-0.03825023965438384
593,729_def,-0.013431329983313922
594,731_off,-0.005424235443198068
595,731_def,-0.050442047429236
596,732_off,-0.02543014727372008
597,732_def,-0.00011482604720982345
598,733_off,-0.017008853019787603
599,733_def,-0.0033380457102788895
600,734_off,-0.02913588601823871
601,734_def,-0.00843294558400333
602,735_off,0.00470691646765218
603,735_def,-0.006182044568646617
604,737_off,-0.04131859766501923
605,737_def,-0.01387036021597216
606,739_off,0.03383069523925751
607,739_def,-0.05846878328284376
608,753_off,-0.035113241435814076
609,753_def,-0.01930071098204422
610,754_off,0.009170428212989901
611,754_def,-0.02514745954212012
612,757_off,0.028480853925995527
613,757_def,-0.000934201596937384
614,760_off,-0.010413883429484235
615,760_def,-0.046733217980520506
616,761_off,0.0010151892024124164
617,761_def,-0.019407738258502387
618,762_off,-0.013871592036749078
619,762_def,-0.0636444146712079
620,763_off,-0.02123982853656263
621,763_def,0.014546885843023733
622,764_off,0.023781621127081775
623,764_def,-0.07046304037899778
624,765_off,0.028244768147925245
625,765_def,-0.0243388957765784
626,766_off,-0.014875598098818003
627,766_def,-0.009675866619761154
628,768_off,-0.04664182952299896
629,768_def,-0.022359795038667182
630,769_off,-0.014709273260040873
631,769_def,-0.0032134363829579
632,770_off,-0.03776524474667576
633,770_def,-0.03168114096089856
634,771_off,-0.04286050281320233
635,771_def,-0.012055099181275779
636,775_off,-0.00951900570396062
637,775_def,-0.0006400993219231534
638,777_off,-0.02056652289749039
639,777_def,-0.004497830491821834
640,779_off,0.0383184419054477
641,779_def,-0.011745784014106756
642,781_off,-0.0024842990842429587
643,781_def,-0.008134375967537948
644,782_off,0.05074875100744239
645,782_def,-0.028370156699572994
646,783_off,-0.06692920386138587
647,783_def,-0.024140920628345653
648,785_off,-0.03362258153403964
649,785_def,-0.03734083012564068
650,786_off,-0.012510166456987572
651,786_def,0.0029667301125585917
652,787_off,0.06367012258122247
653,787_def,-0.011779711435752009
654,788_off,-0.024935267245451077
655,788_def,-0.005398830813930503
656,891_off,0.0007132706322151476
657,891_def,-0.03222433281402412
658,892_off,-0.04097571008753645
659,892_def,-0.010647776008956437
660,893_off,0.07961127759908894
661,893_def,-0.025798991401784568
662,894_off,-0.004342203523552104
663,894_def,0.003448274818544806
664,895_off,0.025269934503554803
665,895_def,-0.03396732302572716
666,896_off,0.048363919263943775
667,896_def,-0.024798618624426203
668,898_off,0.004222917560295806
669,898_def,-0.010533012251051774
670,899_off,0.018042467288080722
671,899_def,0.006294863981474143
672,900_off,-0.01901510940607041
673,900_def,-0.005009160040241142
674,901_off,-0.00827861767562828
675,901_def,0.0010159279922678198
676,902_off,-0.02004477894715766
677,902_def,-0.0075531871886156225
678,904_off,0.033922089097961676
679,904_def,-0.02029044999206064
680,905_off,0.010273165243839429
681,905_def,-0.02639856312174081
682,906_off,-0.024421333472003304
683,906_def,-0.03079238800929022
684,907_off,0.011324776232199792
685,907_def,-0.019915410480253228
686,911_off,-0.009063610861674364
687,911_def,-0.03306419937401802
688,912_off,-0.027103590368894245
689,912_def,-4.567058865738525e-05
690,913_off,0.012837463724379612
691,913_def,-0.03720515158520259
692,914_off,-0.04239187673776033
693,914_def,-0.04089978153628013
694,915_off,0.0213138055061236
695,915_def,-0.02012424382634888
696,916_off,-0.02254080608396356
697,916_def,-0.02341066593882085
698,917_off,-0.0025544451872934956
699,917_def,-0.0009934682414472974
700,919_off,-0.019937910908383323
701,919_def,0.008758602258868976
702,920_off,-0.029441892784133283
703,920_def,-0.030789891039706058
704,922_off,-0.011882145491434655
705,922_def,-0.022930331567731995
706,923_off,0.007126805787970255
707,923_def,-0.009631551886087285
708,924_off,0.0072765081261887896
709,924_def,0.01452346220101661
710,925_off,-0.04369718102141336
711,925_def,-0.013109893777037963
712,927_off,-0.0471589929535587
713,927_def,-0.019505216332129614
714,929_off,-0.027409092779217215
715,929_def,-0.00647455076899048
716,931_off,-0.024412767412542433
717,931_def,-0.006138834454002581
718,932_off,-0.019840982575166508
719,932_def,-0.018457596918761
720,934_off,0.0022348572215670943
721,934_def,-0.03566861481142861
722,935_off,0.011484905517249726
723,935_def,-0.028702718435734652
724,937_off,0.03707288731845227
725,937_def,-0.02901491275991001
726,938_off,0.0024252491322486426
727,938_def,0.003106212533874289
728,939_off,-0.018401691979992883
729,939_def,-0.005670049571546421
730,940_off,-0.03562512980093376
731,940_def,-0.012632080973208379
732,941_off,-0.04637333754781181
733,941_def,-0.010809460607439977
734,947_off,0.0593842215636061
735,947_def,0.009009031929793864
736,948_off,-0.003027546394685216
737,948_def,-0.03502249635300428
738,949_off,0.02118836365533022
739,949_def,-0.005008541110922037
740,950_off,0.04563480737544455
741,950_def,0.01714097940622262
742,951_off,0.0726329971857194
743,951_def,-0.00432363072307056
744,952_off,0.019617461458722254
745,952_def,0.001313863106339113
746,953_off,-0.009291878134042659
747,953_def,-0.014061620832642393
748,954_off,0.035315923338028264
749,954_def,-0.02096737423954409
750,955_off,-0.03844530735394035
751,955_def,-0.0010619201579642919
752,956_off,-0.015143342536419257
753,956_def,-0.03019090285553485
754,957_off,-0.03127247024413705
755,957_def,-0.013879860151416233
756,958_off,-0.017204526537463755
757,958_def,-0.020470792134542268
758,959_off,0.07793263497985782
759,959_def,-0.017128872867420465
760,960_off,0.0015615379142759171
761,960_def,-0.01743938278379195
762,961_off,-0.021045402010760026
763,961_def,0.014530511782237961
764,962_off,0.003622563085845947
765,962_def,-0.029276787087911524
766,963_off,-0.03730619124082799
767,963_def,-0.013192927591615982
768,964_off,-0.017642231905950444
769,964_def,0.010086604263285028
770,965_off,0.03211884853519759
771,965_def,-0.040471151422374105
772,966_off,0.01808528749420762
773,966_def,-0.03368353289232023
774,967_off,-0.03776073751639429
775,967_def,-0.016649077104331042
776,968_off,-0.024395719646751794
777,968_def,-0.010057886965979184
778,969_off,-0.02462478848101862
779,969_def,-0.015181336108127032
780,970_off,-0.0035301831697632374
781,970_def,-0.026798772645716867
782,971_off,-0.020747029731397394
783,971_def,-0.010494599064087338
784,976_off,0.017680935731589405
785,976_def,0.013884988523135633
786,977_off,0.06259740050281377
787,977_def,-0.007680795498787488
788,978_off,0.05008698877810678
789,978_def,-0.01722813976731457
790,979_off,-0.0010474762139767186
791,979_def,-0.039289114428405575
792,980_off,0.013402697454354965
793,980_def,-0.0310414890360676
794,981_off,-0.016808908279771106
795,981_def,-0.0023305645127848456
796,982_off,-0.02577084038993343
797,982_def,-0.012775711562024077
798,983_off,0.008145939856355394
799,983_def,-0.015125900978341038
800,984_off,-0.02946570784121144
801,984_def,-0.010383345771227284
802,987_off,-0.04675556898947117
803,987_def,-0.012814919779404469
804,988_off,-0.004741519983307411
805,988_def,-0.018176349962870073
806,989_off,-0.012412903111406262
807,989_def,0.005013959257533666
808,990_off,-0.014281917902872358
809,990_def,-0.025508848834773227
810,992_off,-0.02793568934791222
811,992_def,-0.00605967394792536
812,994_off,0.005216841414344527
813,994_def,-0.0145400960253578
814,997_off,-0.027098780554129155
815,997_def,0.001577994413722382
816,998_off,-0.03544289887404114
817,998_def,-0.02737932697412589
818,999_off,-0.009744523386983363
819,999_def,-0.0019366596339886863
820,1000_off,0.019720741581267496
821,1000_def,-0.017049926078579337
822,1002_off,-0.02022747770493128
823,1002_def,-0.021647925298651373
824,1003_off,-0.006861276141716886
825,1003_def,-0.010165109717918197
826,1005_off,0.025299015005929477
827,1005_def,-0.02146268095367737
828,1006_off,-0.04573022027056539
829,1006_def,-0.0029621087565154195
830,1023_off,-0.010631828540582536
831,1023_def,-0.025870185412989355
832,1024_off,-0.0397070242260653
833,1024_def,-0.02191322267785273
834,1026_off,-0.03450212165317803
835,1026_def,-0.014215430998239872
836,1032_off,-0.034866612232405184
837,1032_def,-0.04077158245177051
838,1035_off,-0.031280522789167695
839,1035_def,-0.008895845062951935
840,1036_off,-0.016967941045422145
841,1036_def,-0.018151134466610163
842,1037_off,-0.027399268780507875
843,1037_def,0.004342841139422904
844,1038_off,-0.03480705279803273
845,1038_def,-0.029336763992470257
846,1041_off,-0.04856843293758785
847,1041_def,-0.006535951836026744
848,1043_off,-0.046352902643346475
849,1043_def,-0.008621048212912054
850,1049_off,-0.027338581889675112
851,1049_def,-0.015029897001448102
852,1051_off,-0.017302283757628968
853,1051_def,0.003075365720930326
854,1052_off,-0.03051280459252004
855,1052_def,-0.007725427527132895
856,1055_off,-0.020345286284669358
857,1055_def,-0.002909223327337716
858,1059_off,-0.04148354826802979
859,1059_def,-0.014043151293639089
860,1061_off,-0.04975395349090525
861,1061_def,-0.016469040089895096
862,1063_off,-0.03410912714926451
863,1063_def,-0.009398593991761732
864,1064_off,-0.01575893369451984
865,1064_def,-0.006676201308353521
866,1065_off,-0.0013303281090467287
867,1065_def,-0.024127682995394823
868,1068_off,-0.02617190748589161
869,1068_def,-0.01297855733886174
870,1070_off,-0.03844427064368247
871,1070_def,-0.0037097498008194585
872,1073_off,0.00043684746000709554
873,1073_def,0.004062913349203133
874,1074_off,0.013301930738145201
875,1074_def,-0.01645371405298753
876,1075_off,-0.019766896582705605
877,1075_def,-0.00459619471900765
878,1077_off,-0.04308205960040913
879,1077_def,-0.00895672839206153
880,1080_off,-0.008755131146897212
881,1080_def,0.009081474807360563
882,1085_off,-0.0193172232802561
883,1085_def,-0.003610304646850816
884,1086_off,-0.043521392087273805
885,1086_def,-0.025181239827567814
886,1088_off,0.0248770274548281
887,1088_def,0.0009774880565939677
888,1089_off,-0.02914583425066794
889,1089_def,-0.012858037839183678
890,1093_off,-0.053866211409721476
891,1093_def,-0.02485180578140822
892,1096_off,-0.02305950821516632
893,1096_def,-0.014879735294928191
894,1099_off,-0.04024000074092536
895,1099_def,-0.012931359755357218
896,1108_off,0.00797252009560052
897,1108_def,-0.004244410426797296
898,1109_off,-0.017318206757752252
899,1109_def,-0.0031113922949396384
900,1110_off,-0.013585313383823218
901,1110_def,0.0005275670971804178
902,1112_off,0.0033968374133639054
903,1112_def,-0.06996905614111727
904,1114_off,0.00302325108622703
905,1114_def,-0.036054561993669576
906,1118_off,-0.04552187099735105
907,1118_def,-0.0139665462319069
908,1120_off,-0.03369690696124378
909,1120_def,-0.010521057623574909
910,1121_off,-0.04148227160456085
911,1121_def,-0.010648438868554797
912,1122_off,0.012239914669059496
913,1122_def,0.006981236929578437
914,1125_off,0.001337314996516254
915,1125_def,-0.016253897652216125
916,1126_off,-0.03162827729294502
917,1126_def,-0.0033422685052234423
918,1128_off,-0.018572170312380697
919,1128_def,-0.007066537410315162
920,1129_off,-0.053793702718482814
921,1129_def,-0.02465597158872103
922,1131_off,-0.02037743154315517
923,1131_def,-0.00434144253079499
924,1133_off,-0.02380630344255421
925,1133_def,-0.02474726822842839
926,1134_off,-0.019075395468558035
927,1134_def,-0.011183719965428895
928,1136_off,-0.03808818324392238
929,1136_def,0.002166656032071187
930,1137_off,-0.014729357234253594
931,1137_def,-0.0013283578852447265
932,1138_off,-0.01957526083043724
933,1138_def,0.004254783856208727
934,1361_off,-0.040593015153895615
935,1361_def,-0.018159499447395658
936,1365_off,-0.007269150649658863
937,1365_def,-0.017269289180195872
938,1380_off,-0.04447727832268551
939,1380_def,-0.010797073031965282
940,1381_off,-0.05216722905103663
941,1381_def,-0.01870604757102626
942,1425_off,-0.030607479911399893
943,1425_def,-0.020518054548591638
944,1429_off,-0.04197633336240175
945,1429_def,-0.01014526301357428
946,1432_off,-0.047695102009561924
947,1432_def,-0.019332709668780382
948,1434_off,-0.05663168449623464
949,1434_def,-0.012199720276843493
950,1442_off,-0.01402022234463421
951,1442_def,-0.022857053909220378
952,1444_off,-0.01764236313811244
953,1444_def,0.003480979800625922
954,1472_off,-0.045224147236190324
955,1472_def,-0.007265211217419628
956,1474_off,-0.016881400529168124
957,1474_def,-0.0037823998348374835
958,1477_off,-0.00177170816292096
959,1477_def,-0.05091694937329308
960,1478_off,-0.036208817835083965
961,1478_def,-0.01256651254389542
962,1479_off,-0.048237644481409034
963,1479_def,-0.016932815086621228
964,1489_off,-0.04788564753457872
965,1489_def,-0.010300422312843699
966,1495_off,0.039569765443042706
967,1495_def,-0.0712894371495968
968,1496_off,0.030126121115047807
969,1496_def,-0.013857502332883766
970,1497_off,0.05559868713410726
971,1497_def,-0.005330485001624832
972,1498_off,0.04169632717339258
973,1498_def,0.0007872571140175935
974,1499_off,-0.018112591110744796
975,1499_def,-0.032047392231172055
976,1500_off,-0.0044033161496741125
977,1500_def,-0.009397971738280612
978,1501_off,0.01785778665785133
979,1501_def,-0.01365920529962051
980,1502_off,-0.04631445902141107
981,1502_def,-0.02566143566798615
982,1503_off,0.05313548692932004
983,1503_def,-0.019884630636623254
984,1504_off,0.0021431500447561987
985,1504_def,-0.005015727677736108
986,1505_off,-0.011139015589452078
987,1505_def,-0.023281782443819725
988,1506_off,0.01134703948843447
989,1506_def,-0.022931000891813824
990,1507_off,0.012845540572474314
991,1507_def,-0.030003370409369654
992,1508_off,-0.021291629448338838
993,1508_def,-0.007637603152321284
994,1509_off,-0.02151353120943037
995,1509_def,-0.044158055853401296
996,1510_off,0.003393606189835814
997,1510_def,-0.03137948919649831
998,1511_off,-0.02450994373423075
999,1511_def,-0.025238296687929387
1000,1512_off,-0.0441596162964376
1001,1512_def,-0.01520921271109245
1002,1513_off,-0.0018487724417980585
1003,1513_def,-0.053659575824505756
1004,1514_off,-0.04442968109139609
1005,1514_def,-0.013462581466382979
1006,1515_off,0.03064994669369976
1007,1515_def,-0.024503009046269432
1008,1516_off,-0.046601852359203715
1009,1516_def,-0.0071250984571891
1010,1517_off,0.013642104145567237
1011,1517_def,-0.02818383866535703
1012,1518_off,-0.055082066346805195
1013,1518_def,-0.023065836962467775
1014,1519_off,-0.021839086115020417
1015,1519_def,-0.022683449545158357
1016,1520_off,-0.04106587127055335
1017,1520_def,-0.019057884596600773
1018,1521_off,-0.018681438004747933
1019,1521_def,-0.012572304018121032
1020,1522_off,-0.041903586501727444
1021,1522_def,-0.010461654502413384
1022,1525_off,-0.023985966999487917
1023,1525_def,-0.014677542934218451
1024,1526_off,-0.0232343882403163
1025,1526_def,0.005157143591823874
1026,1527_off,-0.013362584065705172
1027,1527_def,-0.006942679513449183
1028,1528_off,-0.029849107652201792
1029,1528_def,-0.0006118137152276186
1030,1529_off,-0.033707817112124394
1031,1529_def,-0.014484745952461872
1032,1530_off,-0.01399718753082318
1033,1530_def,-0.0004111072514835644
1034,1531_off,-0.019864669994023438
1035,1531_def,-0.010618290292164566
1036,1532_off,-0.030728238479630052
1037,1532_def,-0.01673664027826546
1038,1533_off,0.0018462801085269917
1039,1533_def,-0.010482454855158193
1040,1535_off,-0.006107320389208854
1041,1535_def,-0.003384772997715027
1042,1536_off,0.03197407095950245
1043,1536_def,-0.019052662159889197
1044,1538_off,-0.020334667268607796
1045,1538_def,-0.031862962803168006
1046,1539_off,-0.03777435793605406
1047,1539_def,-0.012406342624909802
1048,1540_off,-0.03717140305951167
1049,1540_def,-0.007824603702703083
1050,1541_off,0.005659319744073615
1051,1541_def,-0.011904945252161573
1052,1542_off,-0.026278376716458218
1053,1542_def,-0.01872441323267187
1054,1544_off,-0.013896328223583622
1055,1544_def,-0.0053469101486522935
1056,1545_off,-0.025948926125368504
1057,1545_def,-0.01230391002723272
1058,1548_off,-0.005578171923252894
1059,1548_def,-0.013335937577229484
1060,1554_off,-0.059072973275414095
1061,1554_def,-0.02876028459325585
1062,1559_off,0.006899784710638776
1063,1559_def,-0.03242103108830737
1064,1562_off,-0.03620518969565313
1065,1562_def,-0.026153665932387816
1066,1563_off,-0.018958400186237463
1067,1563_def,-0.019955620267332504
1068,1564_off,-0.0378983736117478
1069,1564_def,-0.012617933159448282
1070,1565_off,-0.039856928537778426
1071,1565_def,-0.008802341545545322
1072,1569_off,-0.020907852407344836
1073,1569_def,0.0063289706326999234
1074,1572_off,-0.05064904211657602
1075,1572_def,-0.021345254571802336
1076,1575_off,-0.013422282218379846
1077,1575_def,0.0009674473623296946
1078,1576_off,-0.025736275863899254
1079,1576_def,-0.002268649187852586
1080,1578_off,-0.017526499880120935
1081,1578_def,-0.004831574385473748
1082,1585_off,-0.036305876319440954
1083,1585_def,-0.014929389253558332
1084,1591_off,-0.04111894730687944
1085,1591_def,-0.011501067623823476
1086,1593_off,-0.0647318883807683
1087,1593_def,-0.03294896569781357
1088,1594_off,-0.000639724371856467
1089,1594_def,-0.005882513951600946
1090,1600_off,-0.0455300248972326
1091,1600_def,-0.005700676909579739
1092,1601_off,-0.02617503710461493
1093,1601_def,-0.004261827460950067
1094,1607_off,0.019677005379809768
1095,1607_def,0.011113686738275924
1096,1609_off,-0.04483745828832824
1097,1609_def,-0.02093083025076703
1098,1612_off,-0.03549170667984475
1099,1612_def,0.0005984870564716693
1100,1619_off,-0.037981929915322926
1101,1619_def,-0.006347294681500025
1102,1630_off,0.008402844663369151
1103,1630_def,-0.018222505442937235
1104,1666_off,-0.046023029659293786
1105,1666_def,-0.023647800716564228
1106,1667_off,-0.015315548753209974
1107,1667_def,-0.006944491547616069
1108,1677_off,-0.035013122737708624
1109,1677_def,-0.015218254956885661
1110,1680_off,-0.049196861831028185
1111,1680_def,-0.02371805850273235
1112,1682_off,-0.01912013633884982
1113,1682_def,-0.005491996242432229
1114,1683_off,-0.04238103455848621
1115,1683_def,-0.028877488047046602
1116,1709_off,-0.035508107716806805
1117,1709_def,-0.0319312638673731
1118,1710_off,0.03268764874506929
1119,1710_def,-0.011990498177313902
1120,1711_off,0.0241284166594637
1121,1711_def,-0.02152288943597007
1122,1712_off,0.04669909889019539
1123,1712_def,-0.0001077162300183801
1124,1713_off,0.047889665686424686
1125,1713_def,-0.03151041503817747
1126,1714_off,-0.0028232371492412783
1127,1714_def,-0.01032202128136158
1128,1715_off,0.01647020032672663
1129,1715_def,0.003366947118814516
1130,1716_off,0.0033687744442638928
1131,1716_def,-0.012490611775506848
1132,1717_off,0.06343708146883698
1133,1717_def,-0.03588794324867609
1134,1718_off,0.04813970024064774
1135,1718_def,-0.04459377779991746
1136,1719_off,0.009306485283215146
1137,1719_def,-0.025678100297247312
1138,1720_off,-0.0120123879536168
1139,1720_def,-0.02150238899982402
1140,1721_off,-0.007373773834585172
1141,1721_def,-0.043433093743860826
1142,1722_off,-0.0020180525242803815
1143,1722_def,-0.0261183036216546
1144,1723_off,0.019626849781867094
1145,1723_def,-0.010299497274187192
1146,1724_off,-0.009301787256053445
1147,1724_def,-0.019971382566847513
1148,1725_off,0.0030793858567464
1149,1725_def,-0.04058242011552346
1150,1726_off,-0.048766819518563535
1151,1726_def,-0.007787633627986375
1152,1727_off,0.014931930303078832
1153,1727_def,-0.013737399097160041
1154,1728_off,-0.03350379509310319
1155,1728_def,-0.022337132296741963
1156,1729_off,0.01090966040381824
1157,1729_def,0.011823463936486832
1158,1730_off,-0.025179323339920585
1159,1730_def,-0.013633049283634159
1160,1731_off,0.004320082704149228
1161,1731_def,0.007400891500389542
1162,1732_off,-0.017559637653380124
1163,1732_def,-0.027840232546097923
1164,1733_off,0.016717597632014046
1165,1733_def,-0.01318313381345014
1166,1734_off,-0.007966020857944563
1167,1734_def,-0.006627847175175461
1168,1735_off,-0.05333691297621784
1169,1735_def,-0.040067153540482556
1170,1736_off,-0.042410823299802974
1171,1736_def,-0.004582203551388296
1172,1737_off,-0.013776662124674176
1173,1737_def,-0.014070932262408839
1174,1738_off,-0.05541801908875603
1175,1738_def,-0.033995225292856326
1176,1739_off,0.019939209712556426
1177,1739_def,-0.014264681993892787
1178,1740_off,0.056041263814400506
1179,1740_def,-0.027486135605794118
1180,1741_off,-0.05051161812940981
1181,1741_def,-0.004146699625911
1182,1742_off,-0.011670234088446533
1183,1742_def,-0.012097143216873073
1184,1743_off,-0.05970772201171663
1185,1743_def,-0.0038271647870698204
1186,1744_off,-0.03797296516626031
1187,1744_def,-0.042874546276003185
1188,1745_off,-0.021235809766618808
1189,1745_def,-0.005949333528987459
1190,1746_off,-0.03962434721564141
1191,1746_def,-0.014890818383552393
1192,1747_off,0.002457298536593662
1193,1747_def,-0.024360074120949475
1194,1748_off,-0.040746237886998785
1195,1748_def,-0.015124595190956212
1196,1749_off,0.0342614685834582
1197,1749_def,-0.01871261312223546
1198,1750_off,-0.020423789565804075
1199,1750_def,-0.004843826013617871
1200,1751_off,-0.02322030885151271
1201,1751_def,-0.014915801014539848
1202,1752_off,-0.05542032185901836
1203,1752_def,-0.005673734841510366
1204,1753_off,-0.02683197796769976
1205,1753_def,-0.0162735223069364
1206,1754_off,-0.0412314456857723
1207,1754_def,-0.018705626313826815
1208,1755_off,-0.015073844088194215
1209,1755_def,-0.003940273143277557
1210,1756_off,-0.04759488070563356
1211,1756_def,-0.006086263797356896
1212,1757_off,-0.04458343441796765
1213,1757_def,-0.022384474127264853
1214,1760_off,-0.008743131288916555
1215,1760_def,-0.023070275362457236
1216,1761_off,0.007880806657529452
1217,1761_def,-0.017781512850365944
1218,1762_off,-0.0253199767973783
1219,1762_def,-0.03828115266180984
1220,1763_off,-0.010127703872602648
1221,1763_def,-0.04510328853339671
1222,1764_off,-0.051073847759514984
1223,1764_def,-0.028880390140568188
1224,1765_off,-0.03185904581690762
1225,1765_def,-0.018313772226341903
1226,1766_off,-0.03245891695026837
1227,1766_def,-0.006625192135758105
1228,1800_off,0.027974992136014152
1229,1800_def,-0.006454692994462025
1230,1801_off,-0.017151442935780803
1231,1801_def,-0.004623839477223269
1232,1802_off,0.030810652118020282
1233,1802_def,-0.025009086686712558
1234,1817_off,-0.019896004239539425
1235,1817_def,-0.0026184443823194536
1236,1820_off,-0.01836516914004847
1237,1820_def,-0.005881208000456051
1238,1823_off,-0.037173678808014456
1239,1823_def,-0.011771296147437271
1240,1824_off,-0.019959635811525146
1241,1824_def,-0.004308515922634483
1242,1829_off,-0.06210365999344876
1243,1829_def,-0.01814443388370551
1244,1831_off,-0.06452909433012041
1245,1831_def,-0.017709608384103237
1246,1838_off,0.002099284103087313
1247,1838_def,-0.007210883701426321
1248,1844_off,-0.017651991892526392
1249,1844_def,-0.009023363887307068
1250,1845_off,-0.012682786692263092
1251,1845_def,-0.007943886488423781
1252,1847_off,-0.05868656564708706
1253,1847_def,-0.03593308595641424
1254,1852_off,-0.05108084245164464
1255,1852_def,-0.027866447434453538
1256,1853_off,-0.005582627362883272
1257,1853_def,-0.024581399194582798
1258,1855_off,-0.03456193168338738
1259,1855_def,-0.017239258926728118
1260,1858_off,-0.017884386186289694
1261,1858_def,-0.0044948378256715275
1262,1861_off,-0.04214258704125092
1263,1861_def,-0.011185437865679018
1264,1863_off,0.010295048539890043
1265,1863_def,0.008695313293775788
1266,1864_off,-0.03698165029961228
1267,1864_def,-0.011729290827137358
1268,1868_off,-0.01687941695008971
1269,1868_def,-0.003743905725630506
1270,1869_off,-0.040426820949106004
1271,1869_def,0.002790138549417776
1272,1871_off,-0.03750989818476229
1273,1871_def,-0.010664317482430751
1274,1872_off,-0.04346465248983396
1275,1872_def,-0.010059890622461065
1276,1882_off,0.019076221066664425
1277,1882_def,-0.015473042738344312
1278,1883_off,0.033527414130106785
1279,1883_def,-0.018283533165733043
1280,1884_off,0.056170841220756294
1281,1884_def,-0.034811611416840485
1282,1885_off,0.033455331583655365
1283,1885_def,-0.048450016736287786
1284,1886_off,-0.038310766478885996
1285,1886_def,-0.014719660040359583
1286,1887_off,0.039378578313239945
1287,1887_def,-0.002752110363700405
1288,1888_off,0.029006556212392853
1289,1888_def,-0.01854394022493668
1290,1889_off,0.05031325620571346
1291,1889_def,-0.01774910679156861
1292,1890_off,0.023430889386076136
1293,1890_def,-0.04081295554403046
1294,1891_off,0.03993307591389746
1295,1891_def,-0.007683190911523259
1296,1892_off,-0.020775932551038642
1297,1892_def,-0.032271217031883924
1298,1893_off,-0.062464243036941106
1299,1893_def,-0.02552033002869704
1300,1894_off,0.0241857178609931
1301,1894_def,-0.006364554001770415
1302,1895_off,-0.043211646743946855
1303,1895_def,-0.00178237504532551
1304,1897_off,0.02126354571716009
1305,1897_def,-0.05412306680600805
1306,1898_off,-0.008984300093891345
1307,1898_def,-0.0029632363187643675
1308,1899_off,0.010332811489416095
1309,1899_def,-0.03321592285257128
1310,1900_off,-0.04756804965616926
1311,1900_def,-0.02915575017388108
1312,1901_off,-0.014531549177732136
1313,1901_def,-0.030224506156475872
1314,1902_off,0.01542943615346035
1315,1902_def,-0.047756812311876576
1316,1903_off,0.0010581317219394478
1317,1903_def,-0.019281015102973198
1318,1904_off,-0.004117256300436564
1319,1904_def,-0.033546210504711856
1320,1905_off,0.04271928058546247
1321,1905_def,-0.03633179014557201
1322,1906_off,-0.0371277312040937
1323,1906_def,-0.016767650407586855
1324,1907_off,-0.03681509360498422
1325,1907_def,0.007019061051420597
1326,1908_off,0.011859061912869732
1327,1908_def,-0.005343342233911429
1328,1909_off,-0.010230529400590802
1329,1909_def,-0.030000318897901244
1330,1910_off,-0.03426747017786654
1331,1910_def,-0.01204516072038165
1332,1911_off,-0.05661762579911481
1333,1911_def,-0.02536830852107125
1334,1913_off,-0.015155540872137866
1335,1913_def,-0.016110600142377116
1336,1914_off,-0.02085996509775021
1337,1914_def,-0.010288703815704231
1338,1915_off,-0.033579646645078745
1339,1915_def,-0.03675988178585919
1340,1916_off,-0.039643242860385015
1341,1916_def,-0.02898599207049253
1342,1917_off,-0.012699190469333951
1343,1917_def,-0.007105642233919909
1344,1918_off,-0.020463073535169206
1345,1918_def,-0.016701676953159543
1346,1919_off,-0.023791157030162
1347,1919_def,-0.011253223952650583
1348,1920_off,-0.049649727385634966
1349,1920_def,-0.008604427247421713
1350,1921_off,0.013480454075806312
1351,1921_def,-0.027716843627143405
1352,1922_off,-0.027603343787636642
1353,1922_def,-0.031487114332262825
1354,1924_off,-0.009398930432117071
1355,1924_def,-0.001042788543150295
1356,1926_off,-0.048283461121414115
1357,1926_def,-0.04903004913744778
1358,1928_off,-0.017206835107403444
1359,1928_def,-0.02873327192472122
1360,1930_off,-0.05257033814328468
1361,1930_def,-0.007277902962285883
1362,1934_off,-0.022866080081525512
1363,1934_def,0.004768001072684394
1364,1937_off,-0.03031966198550065
1365,1937_def,-0.009091225107172102
1366,1938_off,0.061232401014699456
1367,1938_def,-0.047312000691525434
1368,1942_off,-0.030189794312164054
1369,1942_def,-0.008583454214973002
1370,1943_off,-0.05517779854179453
1371,1943_def,-0.026437033839086466
1372,1944_off,0.003535386039484209
1373,1944_def,-0.023407519450971262
1374,1950_off,-0.017894658802749465
1375,1950_def,-0.004682093030575263
1376,1952_off,0.018072790955872515
1377,1952_def,-0.01998086506433714
1378,1953_off,-0.01435424859358193
1379,1953_def,-0.015575447461208536
1380,1954_off,-0.018656119425414116
1381,1954_def,-0.0027411811947070596
1382,1956_off,-0.02106394647693326
1383,1956_def,-0.02123848835712254
1384,1960_off,-0.037647992292777904
1385,1960_def,-0.021372789425298373
1386,1965_off,-0.042131265580071
1387,1965_def,-0.022061459670905573
1388,1967_off,-0.017891969347480427
1389,1967_def,-0.0028756128935348547
1390,1975_off,-0.04973665942764974
1391,1975_def,-0.010960088127193613
1392,1983_off,-0.041451836737805794
1393,1983_def,-0.0005600182304690837
1394,1985_off,-0.03950344401898515
1395,1985_def,0.008160117728019844
1396,2000_off,-0.029365477321614455
1397,2000_def,-0.03981505479927445
1398,2030_off,0.007533923408978303
1399,2030_def,-0.05390406663605368
1400,2031_off,-0.015947329620826768
1401,2031_def,-0.009338656016102636
1402,2032_off,-0.004852497221254396
1403,2032_def,-0.04083314090469639
1404,2033_off,-0.017811891976873117
1405,2033_def,0.0012665766235934045
1406,2034_off,0.03208456757620335
1407,2034_def,-0.007582730849854995
1408,2035_off,-0.010082674125795322
1409,2035_def,-0.0256035229523954
1410,2036_off,-0.021052521425880117
1411,2036_def,-0.0162186013082799
1412,2037_off,0.029604106772182906
1413,2037_def,0.0044098517683812295
1414,2038_off,-0.013175743412986718
1415,2038_def,-0.031318798307852475
1416,2039_off,0.004452855448866741
1417,2039_def,-0.0158111401529643
1418,2040_off,-0.04422273713714901
1419,2040_def,-0.03452170793262654
1420,2041_off,-0.027018978869160225
1421,2041_def,-0.014757689021341624
1422,2042_off,-0.017633323005710903
1423,2042_def,-0.01408349177736568
1424,2043_off,-0.05315669827430697
1425,2043_def,-0.022982180025747742
1426,2044_off,-0.04868149487479605
1427,2044_def,0.002148815708303973
1428,2045_off,0.03713401873048378
1429,2045_def,-0.030536596509299206
1430,2046_off,0.008703442205900271
1431,2046_def,-0.00999338114267996
1432,2047_off,0.030848365589918804
1433,2047_def,-0.02407065044758138
1434,2048_off,-0.006458346473373417
1435,2048_def,-0.021809790383558913
1436,2049_off,-0.005682632653169533
1437,2049_def,-0.0359049068527327
1438,2050_off,0.03129542334751789
1439,2050_def,-0.0007904360443312039
1440,2051_off,-0.03891324366949675
1441,2051_def,-0.027243050590186543
1442,2052_off,0.008101438118438112
1443,2052_def,0.0061759647338795395
1444,2053_off,-0.046031947109672885
1445,2053_def,-0.006420117926094681
1446,2054_off,-0.034886813878742325
1447,2054_def,-0.04152748774289883
1448,2055_off,-0.0338673335089867
1449,2055_def,-0.009530720686053816
1450,2056_off,-0.008218668049157406
1451,2056_def,0.009104484512272897
1452,2057_off,-0.03453658659232227
1453,2057_def,-0.012349547179694567
1454,2058_off,-0.01558191587250195
1455,2058_def,-0.03277717982521915
1456,2059_off,0.006443704687181702
1457,2059_def,-0.03241189973392565
1458,2060_off,0.024043045064193844
1459,2060_def,-0.02530146895643927
1460,2061_off,-0.029277513056374004
1461,2061_def,-0.007797500830322583
1462,2062_off,-0.03167530746812286
1463,2062_def,-0.01603709006666356
1464,2063_off,-0.01989706016834946
1465,2063_def,-0.02542380372218378
1466,2064_off,-0.038010148723591854
1467,2064_def,-0.027096521761232457
1468,2065_off,-0.04891405141838598
1469,2065_def,-0.015591396192833139
1470,2066_off,-0.04358646092935435
1471,2066_def,-0.012334966372887852
1472,2067_off,0.006053030564713888
1473,2067_def,-0.005591678356673423
1474,2068_off,-0.04087726796274224
1475,2068_def,-0.018496467014248553
1476,2069_off,-0.027539746398465098
1477,2069_def,-0.012455671460368155
1478,2071_off,-0.014522735274052111
1479,2071_def,-0.021297450226337444
1480,2072_off,0.05314537377460404
1481,2072_def,0.010085653586615631
1482,2073_off,0.01906971755925255
1483,2073_def,-0.027365569112335467
1484,2074_off,-0.03879390747583568
1485,2074_def,-0.00703654944186097
1486,2078_off,-0.025655168756863793
1487,2078_def,-0.027206676925219518
1488,2079_off,-0.021703306245849256
1489,2079_def,-0.0025405595432251844
1490,2080_off,-0.035330344578326026
1491,2080_def,-0.02138142655100877
1492,2081_off,-0.04643326514584506
1493,2081_def,-0.011583028787694613
1494,2082_off,-0.03872659584729771
1495,2082_def,-0.010600550317092604
1496,2084_off,-0.031079385880037606
1497,2084_def,-0.018318191263880422
1498,2091_off,-0.047370045396705016
1499,2091_def,-0.031054801188823467
1500,2092_off,-0.035065907530075685
1501,2092_def,-0.0156035198895419
1502,2098_off,-0.03319336712906748
1503,2098_def,-0.023302458941150378
1504,2101_off,-0.02493541124546001
1505,2101_def,-0.017313673955055696
1506,2106_off,-0.036800928218841136
1507,2106_def,-0.013185170319423074
1508,2109_off,-0.0450717628403561
1509,2109_def,-0.007743708035374906
1510,2121_off,-0.01578388575106698
1511,2121_def,-0.004026839285609443
1512,2123_off,-0.016384273263434196
1513,2123_def,-0.0021875575832939233
1514,2124_off,-0.02382142900819299
1515,2124_def,-0.013976598201005719
1516,2128_off,-0.03672201107616499
1517,2128_def,-0.03524649952643188
1518,2130_off,-0.03072916220898876
1519,2130_def,-0.018274236963818295
1520,2137_off,-7.298892167515586e-05
1521,2137_def,-0.03648759204292393
1522,2143_off,-0.017397682388475586
1523,2143_def,-0.0064693516300830135
1524,2173_off,-0.022340681251327356
1525,2173_def,-0.004195263130126423
1526,2198_off,-0.016284961337121033
1527,2198_def,-0.020000260635610393
1528,2199_off,0.006037592080277428
1529,2199_def,-0.04252024515006389
1530,2200_off,0.03753531130234307
1531,2200_def,-0.02245141015518828
1532,2201_off,-0.02205248599035075
1533,2201_def,-0.002628276213635823
1534,2202_off,0.03573191999116655
1535,2202_def,-0.011503112193545165
1536,2203_off,0.033218144974683624
1537,2203_def,-0.04870344441043438
1538,2204_off,9.388869397269906e-05
1539,2204_def,-0.02076324520439606
1540,2205_off,-0.024444415638536516
1541,2205_def,-0.02650829913148732
1542,2206_off,-0.036723885757372135
1543,2206_def,-0.025413720184069795
1544,2207_off,0.03648638190345293
1545,2207_def,-0.013328480365648338
1546,2208_off,-0.01818203762107283
1547,2208_def,-0.024078699601529543
1548,2209_off,0.023389305886081183
1549,2209_def,-0.02270621731930737
1550,2210_off,0.015068688854145692
1551,2210_def,-0.015869212613883386
1552,2211_off,0.009807954282913072
1553,2211_def,0.00975544995425065
1554,2212_off,-0.026882536204390694
1555,2212_def,-0.004080155417747134
1556,2213_off,-0.048413193575016764
1557,2213_def,-0.015453836723112655
1558,2214_off,-0.029302796366310686
1559,2214_def,0.0063389851457869295
1560,2215_off,-0.022848719966241063
1561,2215_def,-0.06385407438076925
1562,2216_off,0.027780766125204855
1563,2216_def,-0.010692921061653128
1564,2217_off,-0.011476803035756069
1565,2217_def,-0.0517189152865438
1566,2218_off,-0.030969347383069362
1567,2218_def,-0.004698564297877631
1568,2219_off,-0.0521666053067268
1569,2219_def,-0.01684173489035553
1570,2220_off,-0.03393828285952451
1571,2220_def,6.429414948213707e-05
1572,2221_off,-0.02029711648350173
1573,2221_def,-0.043982631427352106
1574,2222_off,0.026075003289435683
1575,2222_def,-0.03725868595585481
1576,2223_off,-0.010656048327071574
1577,2223_def,-0.019815045395817382
1578,2224_off,0.009033335853714509
1579,2224_def,-0.02629419653305595
1580,2225_off,0.027046923422105008
1581,2225_def,-0.01340743078599917
1582,2226_off,-0.030377040688226886
1583,2226_def,-0.0127819127147504
1584,2228_off,-0.03919334576623755
1585,2228_def,0.0015158234381332843
1586,2229_off,0.022939060137736073
1587,2229_def,-0.01987278710560898
1588,2230_off,0.016176706800259254
1589,2230_def,-0.002029058171413016
1590,2237_off,-0.040576528201955855
1591,2237_def,-0.012590722617757701
1592,2238_off,-0.05286805124874201
1593,2238_def,-0.020248584794154
1594,2239_off,-0.004719177316486819
1595,2239_def,-0.0019651459430915508
1596,2240_off,0.05804938696784261
1597,2240_def,-0.014687996415249125
1598,2241_off,-0.03551364415414182
1599,2241_def,-0.014617272004116147
1600,2242_off,-0.01645550774653324
1601,2242_def,0.005409241917592296
1602,2243_off,0.002005981133598192
1603,2243_def,-0.01295102599586103
1604,2244_off,-0.041551446985397436
1605,2244_def,-0.017368942504691197
1606,2245_off,-0.04173348946190181
1607,2245_def,-0.015907480595274914
1608,2246_off,0.019373779782806806
1609,2246_def,-0.014086543590809929
1610,2248_off,0.007058392221703139
1611,2248_def,-0.026248493034157307
1612,2249_off,-0.039241647321154954
1613,2249_def,-0.014402181502986071
1614,2250_off,0.025437222720224802
1615,2250_def,-0.013989504138017531
1616,2253_off,-0.04362490952167737
1617,2253_def,-0.029224667275444486
1618,2254_off,-0.03571623731625615
1619,2254_def,-0.01850839703821125
1620,2256_off,-0.03934666769365219
1621,2256_def,-0.010594712962559875
1622,2257_off,-0.047950039797795524
1623,2257_def,-0.0028646462599858976
1624,2260_off,-0.023209560986425896
1625,2260_def,-0.03580281200494412
1626,2261_off,-0.03780687648952735
1627,2261_def,-0.012057200303207744
1628,2264_off,-0.03200595514699312
1629,2264_def,-0.009127354268231802
1630,2294_off,0.019355458505410896
1631,2294_def,-0.01467045169888202
1632,2306_off,0.01474432213283871
1633,2306_def,-0.009173592043830947
1634,2321_off,-0.04869288406058584
1635,2321_def,-0.010393427097527351
1636,2343_off,-0.03525265148650314
1637,2343_def,-0.010966082673882362
1638,2347_off,-0.05889980056288816
1639,2347_def,-0.027968412974741324
1640,2349_off,-0.037059535980371955
1641,2349_def,-0.012974494044580046
1642,2351_off,-0.018691949683206893
1643,2351_def,-0.008662816889789303
1644,2352_off,-0.04784081846511455
1645,2352_def,-0.012131850226176395
1646,2357_off,-0.04461716807511201
1647,2357_def,-0.009614845889007562
1648,2365_off,0.011971446145060988
1649,2365_def,-0.03691959093592696
1650,2366_off,-0.013477404656734436
1651,2366_def,-0.0203775510181559
1652,2367_off,-0.01712467684887752
1653,2367_def,-0.002163886815938297
1654,2369_off,-0.03931745914378636
1655,2369_def,-0.011658226027136709
1656,2370_off,-0.053932704299208115
1657,2370_def,-0.023077733959589914
1658,2397_off,0.024113862854278936
1659,2397_def,-0.061641198860128074
1660,2398_off,-0.01455274014728309
1661,2398_def,-0.031034900817336376
1662,2399_off,0.02564916093658893
1663,2399_def,-0.03012721300110431
1664,2400_off,-0.0008519786243103376
1665,2400_def,0.004364437462992678
1666,2401_off,-0.044646224771758274
1667,2401_def,-0.008113313303324321
1668,2402_off,-0.029953337287568868
1669,2402_def,-0.016118190661754017
1670,2403_off,0.01964195980360999
1671,2403_def,-0.06473318364231248
1672,2404_off,-0.0027054863739964623
1673,2404_def,-0.0062907263497020555
1674,2405_off,0.034775451014327906
1675,2405_def,-0.005350416989333674
1676,2406_off,0.019352087450535082
1677,2406_def,-0.012252085499473209
1678,2407_off,0.007725932370943638
1679,2407_def,-0.03431541033579603
1680,2408_off,-0.0032373731704037345
1681,2408_def,-0.017843255846271815
1682,2409_off,-0.03237764165246755
1683,2409_def,-0.009763360373437174
1684,2410_off,-0.008331352714498091
1685,2410_def,-0.012113101524465405
1686,2411_off,-0.019398010126128767
1687,2411_def,-0.011691480160717506
1688,2412_off,-0.01707168868543863
1689,2412_def,-0.00969174770008905
1690,2413_off,-0.003527946196360522
1691,2413_def,0.0025519570630201834
1692,2414_off,-0.03739571922651847
1693,2414_def,-0.011507443197202594
1694,2415_off,-0.04336866209875025
1695,2415_def,-0.028136558263999502
1696,2416_off,-0.0033358241029246283
1697,2416_def,-0.004072994823283769
1698,2417_off,-0.032715665763962
1699,2417_def,-0.010504843855070414
1700,2418_off,-0.017309244364893638
1701,2418_def,-0.04006766998537406
1702,2419_off,0.009888495702299164
1703,2419_def,-0.03739959915807897
1704,2420_off,0.0017597569290860558
1705,2420_def,-0.02049265229266487
1706,2421_off,-0.041134861451682554
1707,2421_def,-0.021208499359649594
1708,2422_off,0.0017900753562239656
1709,2422_def,-0.012649007364511577
1710,2423_off,-0.03719177465497918
1711,2423_def,-0.020449743721212842
1712,2424_off,0.009135377731096198
1713,2424_def,0.005928359951410136
1714,2425_off,-0.05508114406956614
1715,2425_def,-0.028390586593752227
1716,2427_off,0.018633613858698078
1717,2427_def,-0.002707701262438564
1718,2428_off,-0.014706679717327571
1719,2428_def,-0.03041664827939066
1720,2429_off,-0.00943843333960569
1721,2429_def,-0.02251906125846836
1722,2430_off,0.02231429637280401
1723,2430_def,-0.002173692811100813
1724,2431_off,-0.013935234658176124
1725,2431_def,-0.022738306937766777
1726,2432_off,-0.01725460133259466
1727,2432_def,-0.003699530804582113
1728,2434_off,-0.005279446800442606
1729,2434_def,-0.004281999945895509
1730,2435_off,-0.026319272386746497
1731,2435_def,-0.0005145116325311313
1732,2436_off,0.008510301294250951
1733,2436_def,-0.008466485244691145
1734,2437_off,-0.03961684446012227
1735,2437_def,-0.02624860902512787
1736,2440_off,0.02573258528505833
1737,2440_def,-0.02044851269118555
1738,2441_off,-0.048815120600951584
1739,2441_def,-0.015732295055342876
1740,2442_off,-0.0376472220701509
1741,2442_def,-0.013353059109411243
1742,2443_off,0.017890367181024186
1743,2443_def,-0.027292636579037834
1744,2446_off,-0.005494331277213622
1745,2446_def,-0.014270657070256093
1746,2447_off,-0.030579455375911453
1747,2447_def,-0.005593871433558228
1748,2449_off,0.010186802944246589
1749,2449_def,-0.016294635513905312
1750,2450_off,-0.015737198552841763
1751,2450_def,-0.004053150037603533
1752,2451_off,-0.0557178604564393
1753,2451_def,-0.02166297617382198
1754,2452_off,-0.027671821648949
1755,2452_def,-0.025784314249421313
1756,2453_off,-0.048959690847412855
1757,2453_def,-0.017089118704515717
1758,2454_off,-0.030583217366368595
1759,2454_def,-0.038032790227992136
1760,2456_off,-0.02783245894165072
1761,2456_def,-0.0040891585078628116
1762,2457_off,0.0035768292647778872
1763,2457_def,-0.010027113123608614
1764,2462_off,-0.019542458934485397
1765,2462_def,-0.004384988857953579
1766,2466_off,-0.057551996287487396
1767,2466_def,-0.026061372747226287
1768,2469_off,-0.058633498998731895
1769,2469_def,-0.010395103361510047
1770,2470_off,0.012588133944921209
1771,2470_def,-0.00912751017567321
1772,2471_off,-0.043817326449917746
1773,2471_def,-0.025054896345593627
1774,2484_off,-0.01166721697678615
1775,2484_def,-0.007868869957646922
1776,2486_off,-0.017464819349366056
1777,2486_def,-0.006628465841121372
1778,2492_off,-0.03463211607328865
1779,2492_def,-0.00716070169609308
1780,2499_off,-0.013737939660561662
1781,2499_def,-0.02451059151971568
1782,2501_off,-0.006138396464919302
1783,2501_def,-0.019648269565680603
1784,2541_off,-0.053265041417586895
1785,2541_def,-0.00951220973909042
1786,2544_off,0.086730901051758
1787,2544_def,-0.04481026973711351
1788,2545_off,-0.029459210938371085
1789,2545_def,-0.02095106994325348
1790,2546_off,0.04368884917944867
1791,2546_def,-0.0001635400429289141
1792,2547_off,0.03570149409396989
1793,2547_def,-0.030730508476404808
1794,2548_off,0.04779813287340771
1795,2548_def,-0.021448206059112622
1796,2549_off,-0.015169291751459582
1797,2549_def,-0.031231105284173513
1798,2550_off,0.0045820998790908314
1799,2550_def,-0.03254042322961375
1800,2551_off,0.02017193822097741
1801,2551_def,-0.029744206715400776
1802,2552_off,-0.00803979074854554
1803,2552_def,-0.024624565165449107
1804,2553_off,0.0064229404245157405
1805,2553_def,-0.009716899357186625
1806,2554_off,-0.00040670042425670905
1807,2554_def,-0.03308070264326736
1808,2555_off,0.009587502952443993
1809,2555_def,-0.042194865237198925
1810,2556_off,-0.020992798354142507
1811,2556_def,-0.015246302693482493
1812,2557_off,0.022353032994616405
1813,2557_def,0.006324467957185796
1814,2558_off,-0.04534800186384779
1815,2558_def,-0.008054862720773236
1816,2559_off,-0.039397942414155625
1817,2559_def,-0.015927982064239454
1818,2560_off,-0.04226922103827693
1819,2560_def,-0.0015846186215510965
1820,2561_off,0.015134882368449374
1821,2561_def,-0.020896210725117124
1822,2562_off,-0.016995800284882578
1823,2562_def,-0.02801067161429488
1824,2563_off,0.0007126478772076054
1825,2563_def,-0.005644581038199993
1826,2564_off,0.015852488443386967
1827,2564_def,-0.033885813378106665
1828,2565_off,-0.05345681229021084
1829,2565_def,-0.022626260598619212
1830,2566_off,0.006806986544265484
1831,2566_def,-0.0037364840044658565
1832,2567_off,0.009192862935401582
1833,2567_def,-0.012052246923805451
1834,2568_off,0.013169937992049612
1835,2568_def,-0.022854546076099443
1836,2569_off,-0.013640726293622937
1837,2569_def,-0.004042862598141017
1838,2570_off,-0.010105462893234017
1839,2570_def,-0.04302888465187973
1840,2571_off,0.03399372780641008
1841,2571_def,-0.0006480327240709384
1842,2572_off,0.04488861685372922
1843,2572_def,-0.039773217934364447
1844,2573_off,-0.029470973797005213
1845,2573_def,-0.0008348591476959148
1846,2574_off,0.0046682402014436505
1847,2574_def,-0.008134815971617387
1848,2575_off,0.01868218052800305
1849,2575_def,-0.0237359229281734
1850,2580_off,-0.03413030928745655
1851,2580_def,-0.02004791448589098
1852,2581_off,0.019225736223919914
1853,2581_def,-0.015852479551452726
1854,2582_off,-0.017098216366913648
1855,2582_def,-0.0044012973642657514
1856,2583_off,-0.05386481301607308
1857,2583_def,-0.0339472908018075
1858,2584_off,-0.007428414389140686
1859,2584_def,-0.00964149312676331
1860,2585_off,0.004153673755608676
1861,2585_def,-0.029680510663324135
1862,2586_off,0.02115695319436346
1863,2586_def,-0.017280106112587713
1864,2588_off,0.03837729768643932
1865,2588_def,-0.01001518550784697
1866,2590_off,0.02254944005157833
1867,2590_def,-0.004787429535451179
1868,2591_off,-0.011939082723258691
1869,2591_def,-0.003302482334196843
1870,2592_off,0.02325804853674092
1871,2592_def,-0.017041066165580095
1872,2594_off,0.028908315926421485
1873,2594_def,-0.02560373768796744
1874,2599_off,-0.029698609304084633
1875,2599_def,-0.011039899602471948
1876,2601_off,-0.04473456419955924
1877,2601_def,-0.013047988678746196
1878,2602_off,-0.017509730269705884
1879,2602_def,-0.005185323777584894
1880,2604_off,-0.04893921380601522
1881,2604_def,-0.012364920776263489
1882,2605_off,0.008052982938886843
1883,2605_def,-0.030990826248763058
1884,2617_off,-0.0063778783765090045
1885,2617_def,-0.02359440869524468
1886,2624_off,-0.010160642152284256
1887,2624_def,-0.037370462495078124
1888,2632_off,-0.01814976749417624
1889,2632_def,-0.005663799476147168
1890,2637_off,-0.017920167180204883
1891,2637_def,-0.0044519979634368104
1892,2639_off,-0.05853100915256431
1893,2639_def,-0.020283883609824825
1894,2648_off,-0.038018945468604445
1895,2648_def,-0.014418712072028994
1896,2657_off,-0.01664819633845303
1897,2657_def,-0.006147154996708497
1898,2667_off,-0.03573679188488488
1899,2667_def,-0.01543458558421792
1900,2668_off,-0.037550814762970855
1901,2668_def,-0.018339329090920207
1902,2669_off,-0.030467192195040054
1903,2669_def,-0.020132877995077507
1904,2673_off,-0.06136864645364226
1905,2673_def,-0.02793014070284871
1906,2679_off,0.007493394654965992
1907,2679_def,0.0003283485936029576
1908,2682_off,-0.05322897790655363
1909,2682_def,-0.034020623338005984
1910,2684_off,-0.0402921076223708
1911,2684_def,-0.015113097633373974
1912,2688_off,-0.016138856563895604
1913,2688_def,-0.0038908421900865037
1914,2693_off,-0.016905271396223314
1915,2693_def,-0.013432855574798685
1916,2694_off,-0.03909163242950716
1917,2694_def,0.014365174993816506
1918,2696_off,-0.031293093703678235
1919,2696_def,-0.013484713777821001
1920,2724_off,-0.01730470139657385
1921,2724_def,-0.007204598582945048
1922,2730_off,0.01868546294159185
1923,2730_def,-0.036812129953727034
1924,2731_off,0.0024465667108804013
1925,2731_def,-0.029048712408936396
1926,2732_off,0.035265612163078996
1927,2732_def,0.003907691856257722
1928,2733_off,0.017524310639080113
1929,2733_def,-0.02369296151646807
1930,2734_off,0.029605494505861276
1931,2734_def,-0.013477786330471902
1932,2735_off,0.027133744438359253
1933,2735_def,0.015263336429641644
1934,2736_off,0.034753736335269035
1935,2736_def,-0.04983320317949895
1936,2737_off,-0.03566256673083037
1937,2737_def,-0.016480824981198045
1938,2738_off,0.021941604575774775
1939,2738_def,-0.054283086771033745
1940,2739_off,-0.03327441888874583
1941,2739_def,-0.009138827673527434
1942,2740_off,-0.0007646325680285837
1943,2740_def,-0.021636255187066845
1944,2741_off,-0.03227951940193231
1945,2741_def,-0.009096761056703982
1946,2742_off,-0.0007951989904464649
1947,2742_def,-0.0003280019354732072
1948,2743_off,-0.004865971150270206
1949,2743_def,-0.012189527004223762
1950,2744_off,0.012477850080235574
1951,2744_def,-0.00736862013242294
1952,2745_off,0.005149913211620172
1953,2745_def,-0.0014595363252184745
1954,2746_off,0.010133144849560238
1955,2746_def,-0.03799961414507954
1956,2747_off,0.03860539891929602
1957,2747_def,-0.008343490056980173
1958,2748_off,0.0018860165210172197
1959,2748_def,-0.023438453303329686
1960,2749_off,0.030569959315885832
1961,2749_def,-0.014074049159784392
1962,2750_off,-0.021861700529293822
1963,2750_def,-0.006437163538294375
1964,2751_off,-0.01654735913973038
1965,2751_def,-0.0036899918620754563
1966,2752_off,-0.05590828532991801
1967,2752_def,-0.007036628653297792
1968,2753_off,0.0021177783025995173
1969,2753_def,-0.02612977773478034
1970,2754_off,0.011710269215022325
1971,2754_def,-0.062228777828454006
1972,2755_off,0.0463247338348453
1973,2755_def,0.00917058941566385
1974,2756_off,0.026611176962907344
1975,2756_def,-0.007410178369215618
1976,2757_off,0.025264917868750365
1977,2757_def,-0.013386278740053123
1978,2758_off,-0.025582231414334623
1979,2758_def,-0.030960183359707908
1980,2760_off,0.01519889045123506
1981,2760_def,-0.04580339525522302
1982,2761_off,-0.03219861943864571
1983,2761_def,-0.018425479512256145
1984,2762_off,-0.02098083386138122
1985,2762_def,-0.005765555258046033
1986,2763_off,-0.04607728311328729
1987,2763_def,-0.020254176729325626
1988,2764_off,-0.01821272956970249
1989,2764_def,-0.007094014691455219
1990,2765_off,-0.04313962835827172
1991,2765_def,-0.014404397806879937
1992,2766_off,-0.03718922659768334
1993,2766_def,-0.017507391079996035
1994,2767_off,-0.016078790373396816
1995,2767_def,0.007765718687347541
1996,2768_off,0.01373113800517909
1997,2768_def,-0.02134915315609908
1998,2770_off,-0.035434706768654754
1999,2770_def,-0.013286755382632721
2000,2772_off,0.013706126178631657
2001,2772_def,-0.033494603802819656
2002,2774_off,-0.030124105985803614
2003,2774_def,-0.01984862979107268
2004,2775_off,-0.03206846050331486
2005,2775_def,-0.007171571801271077
2006,2776_off,-0.037383712573087834
2007,2776_def,-0.004469321806650829
2008,2779_off,-0.04097211804601473
2009,2779_def,-0.017958772227666307
2010,2782_off,-0.04770002954636343
2011,2782_def,-0.03002560092311703
2012,2784_off,-0.01066342163403835
2013,2784_def,-0.005298406166032997
2014,2788_off,-0.032782922947520235
2015,2788_def,-0.026702568510013944
2016,2798_off,-0.046702419374640744
2017,2798_def,-0.01565510070306357
2018,2800_off,-0.038928200883661154
2019,2800_def,-0.013336518932084507
2020,2804_off,0.010807800780710097
2021,2804_def,-0.0034255890081826453
2022,2809_off,-0.052609481371897304
2023,2809_def,-0.02525951014778271
2024,2810_off,-0.03939364925491805
2025,2810_def,-0.0009875625101577242
2026,2823_off,-0.039891481273886475
2027,2823_def,-0.0010137938496221476
2028,2824_off,-0.030212594170487123
2029,2824_def,-0.012789956374027345
2030,2825_off,-0.023345896904542973
2031,2825_def,-0.004112091985570646
2032,2839_off,-0.0367020219178668
2033,2839_def,-0.01106362995269131
2034,2845_off,-0.033099493934926505
2035,2845_def,-0.005851416180323834
2036,2852_off,-0.03431083409572114
2037,2852_def,-0.0065883134617429565
2038,2853_off,-0.04311915428097735
2039,2853_def,-0.009540376932038427
2040,2857_off,-0.023278192121352105
2041,2857_def,-0.011575184961215393
2042,2863_off,-0.0092208552498905
2043,2863_def,0.012214135923069316
2044,2866_off,-0.018441515004140947
2045,2866_def,-0.019037534970647765
2046,2867_off,-0.022426456715242606
2047,2867_def,-0.05237221677743127
2048,2873_off,-0.01379406130388464
2049,2873_def,-0.010057417804740593
2050,2876_off,-0.03346070811852921
2051,2876_def,0.0001298458364796225
2052,2891_off,-0.04688082441647925
2053,2891_def,-0.022569881268397707
2054,101106_off,-0.004421476830042353
2055,101106_def,-0.06664772393548549
2056,101107_off,0.0178424291970654
2057,101107_def,-0.01627416700684503
2058,101108_off,0.08025948452269717
2059,101108_def,-0.04382575518739997
2060,101109_off,0.029227052340884407
2061,101109_def,-0.018280842813431106
2062,101110_off,0.009308169023885777
2063,101110_def,-0.0028605498784039715
2064,101111_off,0.02709824035926527
2065,101111_def,0.012779685131955591
2066,101112_off,0.027682564125648974
2067,101112_def,-0.016200667408565413
2068,101113_off,-0.04053748604100783
2069,101113_def,0.002650541878621673
2070,101114_off,0.04906131858888494
2071,101114_def,-0.009466526174540076
2072,101115_off,0.0005902101583455596
2073,101115_def,-0.039127145027367624
2074,101117_off,-0.027464677323014573
2075,101117_def,-0.0028937968115284487
2076,101118_off,-0.0064626320440684115
2077,101118_def,-0.02021078241039741
2078,101119_off,0.0075054472710252874
2079,101119_def,-0.02033612604611343
2080,101120_off,-0.006254513623382363
2081,101120_def,-0.00966196745819585
2082,101121_off,0.00011515091621431758
2083,101121_def,-0.0136376229620691
2084,101122_off,0.042884064610207454
2085,101122_def,-0.017062043406061978
2086,101123_off,0.007845225705935786
2087,101123_def,-0.009918018598255696
2088,101124_off,-0.028379733266023773
2089,101124_def,0.022372711263747715
2090,101125_off,-0.01730027337881953
2091,101125_def,-0.004928822361588687
2092,101126_off,0.019103457796391537
2093,101126_def,-0.01319575718633531
2094,101127_off,0.004784425519090203
2095,101127_def,-0.005330190890052322
2096,101128_off,0.005989367012366114
2097,101128_def,-0.015573140188787206
2098,101129_off,-0.00035872608464795896
2099,101129_def,-0.02403356750869291
2100,101130_off,-0.039977965249685984
2101,101130_def,5.698978978702085e-06
2102,101131_off,0.010427328669942344
2103,101131_def,-0.0166021425435154
2104,101132_off,0.011447918170153965
2105,101132_def,-0.022858326805599006
2106,101133_off,-0.027355147371199144
2107,101133_def,-0.04491233482194978
2108,101134_off,-0.05153847946226624
2109,101134_def,-0.01955827725566199
2110,101135_off,0.019857077314018236
2111,101135_def,-0.011810963081520028
2112,101136_off,-0.011981037131388062
2113,101136_def,-0.006324966419695471
2114,101137_off,-0.02144372237082061
2115,101137_def,-0.032403144869269096
2116,101138_off,-0.007023832772529659
2117,101138_def,-0.019734212647692317
2118,101139_off,0.02064117976293821
2119,101139_def,-0.012614954052527654
2120,101141_off,0.02913745623516179
2121,101141_def,-0.02473386423289885
2122,101142_off,0.0009390458098441114
2123,101142_def,-0.026718640934249464
2124,101143_off,0.0067154396192096
2125,101143_def,0.0033566315489965033
2126,101144_off,-0.01911978460451406
2127,101144_def,-0.021170860793504637
2128,101145_off,0.031052364135151094
2129,101145_def,-0.0056975074336794995
2130,101146_off,-0.03549453406200252
2131,101146_def,-0.024394233281854596
2132,101147_off,-0.03362156892423383
2133,101147_def,-0.01475260548022267
2134,101148_off,-0.021262080287009207
2135,101148_def,-0.0037413056442318748
2136,101149_off,-0.01649234633641153
2137,101149_def,-0.005470648056228577
2138,101150_off,0.045449497510227144
2139,101150_def,0.009240006308387755
2140,101152_off,-0.035001892781140555
2141,101152_def,-0.02803423280388733
2142,101153_off,0.0009728836182669592
2143,101153_def,-0.021155962461281857
2144,101154_off,-0.0014266016151060976
2145,101154_def,-0.01863251909734052
2146,101155_off,0.018277309575217743
2147,101155_def,0.0015421743704845253
2148,101156_off,-0.04819954054169444
2149,101156_def,-0.011660924495946585
2150,101158_off,-0.06382900734676336
2151,101158_def,-0.03159285867288064
2152,101159_off,-0.03845948416262346
2153,101159_def,-0.009499595922690101
2154,101160_off,-0.026425402824639906
2155,101160_def,-0.01999808797746199
2156,101161_off,0.022365074587654552
2157,101161_def,-0.048700025389738055
2158,101162_off,0.0029855133702939296
2159,101162_def,-0.04412062715907063
2160,101165_off,-0.03097903759270681
2161,101165_def,-0.0057495188003272545
2162,101166_off,-0.025395787517047977
2163,101166_def,-0.002813532035028733
2164,101177_off,-0.01166457298335459
2165,101177_def,-0.02187648531147231
2166,101178_off,-0.04056918917113054
2167,101178_def,-0.011171027069159553
2168,101179_off,-0.011479646116543733
2169,101179_def,-0.027172564009160675
2170,101180_off,-0.031218896850545325
2171,101180_def,-0.026704498504249823
2172,101181_off,0.025953920430693604
2173,101181_def,-0.0008773540925096496
2174,101182_off,-0.041184358024960795
2175,101182_def,-0.0172943961279642
2176,101183_off,-0.01817999844507761
2177,101183_def,-0.021795507415123996
2178,101184_off,-0.017976850003280212
2179,101184_def,-0.0038148418834383696
2180,101185_off,-0.039056613056320306
2181,101185_def,-0.01632144661075801
2182,101187_off,-0.0048203315120842645
2183,101187_def,-0.028946355207093592
2184,101188_off,-0.04239972933205054
2185,101188_def,-0.020702034587609257
2186,101189_off,-0.011500941488269762
2187,101189_def,-0.019572444581988816
2188,101190_off,-0.019393187879193564
2189,101190_def,-0.0030566693583763474
2190,101194_off,-0.04203552026302361
2191,101194_def,-0.0009136352843989231
2192,101195_off,-0.036355693974892
2193,101195_def,-0.021001481598666716
2194,101198_off,0.00012001820379142422
2195,101198_def,0.013463598981639503
2196,101204_off,-0.026955397690534837
2197,101204_def,-0.007361133425560985
2198,101207_off,-0.034861229718264455
2199,101207_def,-0.022728350023341965
2200,101209_off,-0.021951401087237823
2201,101209_def,-0.0013223707746928492
2202,101211_off,-0.013136898195487617
2203,101211_def,-0.01784800830034531
2204,101212_off,-0.02852776455680084
2205,101212_def,-0.012999546853227923
2206,101213_off,-0.01765510237961788
2207,101213_def,-0.002896370941561514
2208,101214_off,-0.03069361906527216
2209,101214_def,-0.006082905092824826
2210,101215_off,-0.0491412829060573
2211,101215_def,-0.00874045533561999
2212,101219_off,-0.028130566170801306
2213,101219_def,-0.014922854256654683
2214,101223_off,-0.03676909830850937
2215,101223_def,-0.015166555832915188
2216,101230_off,-0.03376235521961427
2217,101230_def,-0.013902079735942634
2218,101232_off,-0.017994608556727795
2219,101232_def,-0.002337017419091098
2220,101235_off,0.01007800537000485
2221,101235_def,-0.010385324511473237
2222,101236_off,0.011983335345182922
2223,101236_def,-0.054426309794812236
2224,101238_off,-0.038603098143296086
2225,101238_def,-0.005390278437319554
2226,101247_off,-0.017906545243338196
2227,101247_def,-0.005640078496080261
2228,101249_off,-0.031399003285808566
2229,101249_def,-0.01715235435670065
2230,101261_off,-0.04826566824871448
2231,101261_def,-0.030124503697365242
2232,200081_off,0.02749830877197432
2233,200081_def,-0.02999306387490285
2234,200745_off,0.018203683793381227
2235,200745_def,0.014112030002940042
2236,200746_off,0.03189017241599821
2237,200746_def,-0.0407903451434385
2238,200747_off,-0.012490580384458145
2239,200747_def,-0.01320914678785557
2240,200748_off,-0.013116022539906878
2241,200748_def,-0.01807709686025169
2242,200749_off,-0.009559653408526374
2243,200749_def,-0.011774453995826755
2244,200750_off,0.06483492265229804
2245,200750_def,-0.017066987637091073
2246,200751_off,0.010589864120810862
2247,200751_def,-0.0055203392988385155
2248,200752_off,0.02821532292589195
2249,200752_def,-0.02281319574593979
2250,200753_off,-0.019979407837459943
2251,200753_def,-0.006353281218535963
2252,200754_off,-0.0458065114674031
2253,200754_def,-0.005565777837147762
2254,200755_off,0.03947046290160789
2255,200755_def,-0.02086786417491742
2256,200756_off,-0.03969885116415006
2257,200756_def,-0.019463695016662293
2258,200757_off,0.0014215286844575237
2259,200757_def,-0.05461283730247153
2260,200758_off,0.02007071674054158
2261,200758_def,-0.037868005016323966
2262,200759_off,-0.05214721553621839
2263,200759_def,-0.006528762274090377
2264,200760_off,-0.01652507045727296
2265,200760_def,-0.010468824793287122
2266,200761_off,0.012718572558703498
2267,200761_def,-0.007911396089874255
2268,200762_off,-0.015655570341148995
2269,200762_def,0.0001477740992021784
2270,200763_off,-0.031712827885555045
2271,200763_def,-0.006939082551571824
2272,200764_off,-0.014014986553020312
2273,200764_def,-0.031818477344930166
2274,200765_off,0.008912873215817504
2275,200765_def,-0.015393348691837287
2276,200766_off,0.003128659553305182
2277,200766_def,-0.004343613159799633
2278,200767_off,-0.008494853765585383
2279,200767_def,-0.007886268803900325
2280,200768_off,0.05164434421690424
2281,200768_def,-0.03468901248994338
2282,200769_off,-0.012185063223667022
2283,200769_def,-0.009378872854164106
2284,200770_off,0.014795258053393802
2285,200770_def,-0.017758158573988634
2286,200771_off,0.0041521511197141585
2287,200771_def,0.002150779690676884
2288,200772_off,-0.05304835119782401
2289,200772_def,-0.0071157080465118665
2290,200776_off,-0.026947871600129864
2291,200776_def,-0.017180837129344165
2292,200777_off,-0.03785169335612483
2293,200777_def,-0.036327227288501435
2294,200778_off,-0.0325298621890838
2295,200778_def,0.003174066216343162
2296,200779_off,0.007429151011468699
2297,200779_def,0.0043223325381622525
2298,200780_off,-0.041224526536998325
2299,200780_def,-0.001347072860335384
2300,200781_off,-0.046218043782509904
2301,200781_def,-0.013238331359511326
2302,200782_off,0.020649150176058305
2303,200782_def,-0.0321681687449533
2304,200783_off,-0.00786946226781747
2305,200783_def,-0.010759973427302004
2306,200784_off,-0.039010410890693965
2307,200784_def,-0.02105936480478776
2308,200785_off,-0.043041311018660114
2309,200785_def,-0.0169922966983054
2310,200786_off,-0.021454038318775785
2311,200786_def,0.0026537898494054975
2312,200788_off,-0.03680249791334479
2313,200788_def,-0.013089870012183358
2314,200789_off,0.015406908092668484
2315,200789_def,-0.023717858375103987
2316,200790_off,-0.03106154071651367
2317,200790_def,-0.0075772540135872835
2318,200792_off,-0.013701567804471668
2319,200792_def,-0.0012175116234742125
2320,200793_off,-0.03673559980078879
2321,200793_def,-0.018586756525367506
2322,200794_off,0.037982698203960136
2323,200794_def,-0.040584474077470935
2324,200796_off,-0.002718082352173027
2325,200796_def,-0.02246564745518107
2326,200797_off,-0.02978746600418497
2327,200797_def,-0.01670878723570295
2328,200798_off,-0.03706561917449536
2329,200798_def,-0.017221517300696966
2330,200799_off,-0.013376019833985713
2331,200799_def,-0.004402172923432598
2332,200801_off,-0.03127434686548609
2333,200801_def,-0.012751808829604016
2334,200806_off,-0.03218980632077752
2335,200806_def,-0.0033977238292237882
2336,200807_off,-0.06094488574199597
2337,200807_def,-0.024585305707151936
2338,200809_off,0.01047104091012849
2339,200809_def,0.00514407504673621
2340,200810_off,-0.03388329697047758
2341,200810_def,-0.03363270344782333
2342,200811_off,-0.019098096960479788
2343,200811_def,-0.01899205128184525
2344,200814_off,-0.011118967568290217
2345,200814_def,-0.008486551554968507
2346,200816_off,-0.0032322034810295403
2347,200816_def,-0.04868688556444152
2348,200817_off,-0.02577926707658254
2349,200817_def,-0.01564371238953412
2350,200818_off,-0.02751586247382779
2351,200818_def,-0.004584246980050968
2352,200821_off,-0.018605208190281462
2353,200821_def,-0.022505008131138572
2354,200822_off,-0.03735944904156262
2355,200822_def,-0.011947624181327103
2356,200823_off,-0.057073555350568794
2357,200823_def,-0.023444668973299394
2358,200826_off,0.01906519348509992
2359,200826_def,-0.005545251713826152
2360,200827_off,-0.030992556755966655
2361,200827_def,-0.010133344139017899
2362,200829_off,-0.017362484748061673
2363,200829_def,-0.0037010671154560897
2364,200835_off,-0.01655158836333044
2365,200835_def,-0.015978852751445283
2366,200837_off,-0.04160335208951438
2367,200837_def,-0.012944832125418484
2368,200838_off,-0.047331138627317304
2369,200838_def,-0.032478970888716596
2370,200839_off,-0.034112913518758975
2371,200839_def,-0.015024589503836165
2372,200840_off,-0.017110871557744756
2373,200840_def,-0.004783314306219432
2374,200841_off,-0.04233224560652754
2375,200841_def,-0.017931033821510702
2376,200848_off,-0.022084884398378954
2377,200848_def,-0.004921229054894636
2378,200970_off,-0.02380663729543004
2379,200970_def,-0.053982540045030024
2380,200971_off,-0.057126566843631765
2381,200971_def,-0.02439542125880507
2382,200978_off,-0.03823721975523216
2383,200978_def,-0.002425821352305563
2384,200984_off,-0.019843769479286524
2385,200984_def,-0.0026140857410044366
2386,201041_off,-0.057617163829085535
2387,201041_def,-0.019908149909013562
2388,201043_off,-0.036612882682088
2389,201043_def,-0.00471040440125421
2390,201141_off,0.014202273954714108
2391,201141_def,-0.021227765537451305
2392,201142_off,0.0702396742232983
2393,201142_def,-0.02787591041643671
2394,201143_off,0.032232889539971686
2395,201143_def,-0.038653949477142756
2396,201144_off,0.06388483957354579
2397,201144_def,-0.023054548093322493
2398,201145_off,-0.004368312567725838
2399,201145_def,0.0003358433627731784
2400,201146_off,-0.014669430171253241
2401,201146_def,0.0026752341226548085
2402,201147_off,0.010634452423694336
2403,201147_def,-0.024273923467030462
2404,201148_off,0.004276945299521932
2405,201148_def,-0.02003667722915644
2406,201149_off,0.000918131983345255
2407,201149_def,-0.039948112227344734
2408,201150_off,-0.006117136007989743
2409,201150_def,-0.004593857048869943
2410,201151_off,-0.01638806521394855
2411,201151_def,-0.012503588616729297
2412,201152_off,0.029199023850662947
2413,201152_def,-0.028346746999962168
2414,201153_off,-0.0004982436028307356
2415,201153_def,-0.018983218929491445
2416,201154_off,-0.0050281233068431245
2417,201154_def,0.00381124097859991
2418,201155_off,0.022508352425464735
2419,201155_def,-0.008732814522179812
2420,201156_off,0.008191101604476433
2421,201156_def,-0.00554040047888095
2422,201157_off,-0.030245710127375623
2423,201157_def,-0.01014735976215476
2424,201158_off,0.026382948982437083
2425,201158_def,0.0006038872098171437
2426,201159_off,-0.019033713100190072
2427,201159_def,-0.001638754255907756
2428,201160_off,-0.007857119173936795
2429,201160_def,-0.008765855497409753
2430,201161_off,0.0012615121848555087
2431,201161_def,-0.016835333628694816
2432,201162_off,0.02088005597117432
2433,201162_def,-0.03714904482833575
2434,201163_off,0.026734251045259703
2435,201163_def,-0.008800647754967708
2436,201164_off,0.01370260920593443
2437,201164_def,-0.03628844858591409
2438,201165_off,-0.04550035226674899
2439,201165_def,-0.015622145812970924
2440,201166_off,0.022351473082273563
2441,201166_def,0.01052861911578145
2442,201167_off,0.018388135005357756
2443,201167_def,-0.007360337269790226
2444,201168_off,-0.0026883529688523228
2445,201168_def,-0.05260201919193529
2446,201169_off,-0.017762331252938
2447,201169_def,0.002702888121441519
2448,201171_off,0.007491622125249644
2449,201171_def,-0.0059123163257839215
2450,201172_off,-0.027520500210339742
2451,201172_def,-0.01661258381300737
2452,201173_off,-0.016158735724526
2453,201173_def,-0.00265736658979304
2454,201174_off,-0.045799725211570566
2455,201174_def,-0.028130774563551498
2456,201175_off,-0.019335678803868106
2457,201175_def,-0.03112247527490484
2458,201176_off,-0.04609422929484126
2459,201176_def,-0.010052154411103523
2460,201177_off,0.012938936731399009
2461,201177_def,-0.01617932877708438
2462,201178_off,-0.0068096366997646585
2463,201178_def,-0.028254110230522034
2464,201180_off,-0.020051678121944642
2465,201180_def,0.002765894426056094
2466,201181_off,-0.03279614346953577
2467,201181_def,-0.019652205674588107
2468,201182_off,-0.05555663766418849
2469,201182_def,-0.032960631076898714
2470,201186_off,-0.037881915810152336
2471,201186_def,-0.03196983561184857
2472,201187_off,-0.025332705709390623
2473,201187_def,-0.0014069820690855925
2474,201188_off,0.015593906147293054
2475,201188_def,-0.046099323755223284
2476,201189_off,-0.01634776085487179
2477,201189_def,-0.007989044205092694
2478,201192_off,-0.0063432136771388245
2479,201192_def,-0.0037142201090892392
2480,201193_off,-0.022755344945626393
2481,201193_def,-0.00420184350298115
2482,201196_off,0.017272826268318695
2483,201196_def,0.0005340743604644524
2484,201199_off,-0.030892289460275897
2485,201199_def,-0.010858423562922312
2486,201202_off,-0.01842788856645731
2487,201202_def,-0.03739564981794631
2488,201203_off,-0.035557312483892656
2489,201203_def,-0.012416488726517334
2490,201207_off,-0.04214322728185525
2491,201207_def,-0.013355232306250882
2492,201208_off,-0.05287633630875781
2493,201208_def,-0.018833947962312383
2494,201228_off,0.011722767121927605
2495,201228_def,-0.025555897445277205
2496,201229_off,0.020635169305538374
2497,201229_def,-0.02257087842423432
2498,201234_off,-0.044632666309973076
2499,201234_def,-0.014362799010604558
2500,201235_off,-0.019720514234284593
2501,201235_def,-0.005437442782500928
2502,201238_off,5.294585828765144e-06
2503,201238_def,-0.0050742985208597855
2504,201242_off,-0.03946402727534035
2505,201242_def,-0.022196548940169862
2506,201274_off,-0.04274336040527417
2507,201274_def,-0.049151802230062866
2508,201281_off,-0.0479374728862689
2509,201281_def,-0.02738410274875984
2510,201286_off,-0.04363956890241165
2511,201286_def,-0.007452491618901282
2512,201291_off,-0.03358813403174097
2513,201291_def,-0.016318130806110814
2514,201336_off,-0.05893775030856922
2515,201336_def,-0.02066958551111417
2516,201446_off,-0.03683526427736296
2517,201446_def,-0.021706671370386996
2518,201563_off,0.01490708044018588
2519,201563_def,-0.006096668609037917
2520,201564_off,0.010400283731819168
2521,201564_def,-0.0009660357497533606
2522,201565_off,0.034768962953552134
2523,201565_def,-0.013298499428387352
2524,201566_off,0.04411396185523506
2525,201566_def,-0.014642281603526756
2526,201567_off,0.044120409814073024
2527,201567_def,-0.02375695130263438
2528,201568_off,0.03925599474498118
2529,201568_def,-0.018361415534234912
2530,201569_off,0.041127804880519744
2531,201569_def,-0.0006599073899176827
2532,201570_off,-0.023252968127783283
2533,201570_def,-0.014965523536380762
2534,201571_off,0.019032320604928304
2535,201571_def,-1.890956287401921e-05
2536,201572_off,0.026911004021282443
2537,201572_def,-0.026853526221376826
2538,201573_off,0.004949423725762386
2539,201573_def,0.0002717272773920393
2540,201574_off,0.02771348531962655
2541,201574_def,-0.01907349924950932
2542,201575_off,0.015708036386397197
2543,201575_def,-0.004980871925570521
2544,201576_off,-0.022748302143591838
2545,201576_def,-0.009928008850133773
2546,201577_off,-0.0004688971539307668
2547,201577_def,-0.02775210649411871
2548,201578_off,-0.012873527225034655
2549,201578_def,-0.008602523241120975
2550,201579_off,-0.015491674800144281
2551,201579_def,-0.04240963562588515
2552,201580_off,0.006540119429248689
2553,201580_def,-0.0059900956210013675
2554,201581_off,-0.023578776854175518
2555,201581_def,-0.001730685449498285
2556,201582_off,-0.01990975691788202
2557,201582_def,-0.026245393755673925
2558,201583_off,0.0423493197560464
2559,201583_def,-0.011186923406345292
2560,201584_off,0.023068080394343618
2561,201584_def,-0.01653038153570515
2562,201585_off,-0.010090740469726904
2563,201585_def,-0.02820176384895544
2564,201586_off,0.021963351943151452
2565,201586_def,-0.037263704071358456
2566,201587_off,0.03836687259731444
2567,201587_def,-0.008647055047715239
2568,201588_off,0.03866350820416277
2569,201588_def,-0.04372788737954125
2570,201589_off,-0.018066001719580164
2571,201589_def,-0.03585760153404542
2572,201590_off,-0.012283867850878231
2573,201590_def,-0.02442070045901931
2574,201591_off,-0.029523357603241755
2575,201591_def,-0.010528433198986834
2576,201592_off,-0.03604703861723611
2577,201592_def,-0.007439779544815256
2578,201593_off,0.008985153271403545
2579,201593_def,-0.037285334644225746
2580,201594_off,-0.01912871370164985
2581,201594_def,-0.004284389541321081
2582,201595_off,-0.021467302774826447
2583,201595_def,-0.028576356571962645
2584,201596_off,0.010566124318846688
2585,201596_def,-0.027215836278782914
2586,201599_off,0.02236808917751614
2587,201599_def,-0.019054113918013805
2588,201600_off,-0.0004889327188568847
2589,201600_def,-0.05006512637659179
2590,201601_off,0.005111716069110175
2591,201601_def,-0.05549674227597402
2592,201602_off,-0.030432373933222363
2593,201602_def,-0.023504937992007237
2594,201603_off,-0.003535970256230158
2595,201603_def,0.00034158589802492714
2596,201604_off,-0.016182586719002995
2597,201604_def,-0.01929973416564592
2598,201605_off,-0.03822331239479092
2599,201605_def,-0.014992044793863174
2600,201606_off,-0.051279773947539936
2601,201606_def,-0.014576264221699164
2602,201607_off,-0.017171597460604565
2603,201607_def,-0.0026862104382576833
2604,201609_off,0.04644289838786706
2605,201609_def,-0.013612804958345553
2606,201611_off,-0.005974042313488647
2607,201611_def,-0.03049940620001049
2608,201612_off,-0.02117725300185727
2609,201612_def,-0.008471986875500388
2610,201616_off,-0.029604829214429605
2611,201616_def,-0.0017424219690872367
2612,201619_off,-0.02063260028536057
2613,201619_def,-0.007665106681501116
2614,201621_off,-0.05723873223078112
2615,201621_def,-0.02604288840863312
2616,201623_off,-0.044383146832243425
2617,201623_def,-0.01857631418067003
2618,201627_off,0.03426590599490549
2619,201627_def,-0.004821690110377523
2620,201628_off,-0.03311425147238484
2621,201628_def,0.015532195141060443
2622,201629_off,-0.028029079675503683
2623,201629_def,-0.017741204332447823
2624,201631_off,-0.01744551813817486
2625,201631_def,-0.005421049719791531
2626,201632_off,-0.016234381835411874
2627,201632_def,-0.029107449931679765
2628,201633_off,-0.05382432613214767
2629,201633_def,-0.01851349605557599
2630,201634_off,-0.059816083351147145
2631,201634_def,-0.021781167819207983
2632,201785_off,-0.007973388367934008
2633,201785_def,-0.022889324834772802
2634,201802_off,-0.047405072541090935
2635,201802_def,-0.048960267783730096
2636,201805_off,-0.03201282382476716
2637,201805_def,-0.010852710842536084
2638,201814_off,-0.017146846467583063
2639,201814_def,-0.010511394902290909
2640,201821_off,-0.01899438182543392
2641,201821_def,-0.005518004751154994
2642,201858_off,-0.00676649106225841
2643,201858_def,-0.01776053976223172
2644,201880_off,-0.04997318145352172
2645,201880_def,-0.03681848252372208
2646,201933_off,0.04085482695250646
2647,201933_def,-0.037191895223297355
2648,201934_off,-0.019629198564391916
2649,201934_def,-0.0174387938373024
2650,201935_off,0.08810642802674194
2651,201935_def,-0.008953954553821777
2652,201936_off,0.021475437464361813
2653,201936_def,-0.015142127746031197
2654,201937_off,0.02983400042404847
2655,201937_def,-0.045560796362846906
2656,201938_off,-0.0035404286452520445
2657,201938_def,0.002283231503697601
2658,201939_off,0.09248808149537657
2659,201939_def,-0.02625619574006894
2660,201941_off,-0.014513739772588526
2661,201941_def,-0.005326670352592247
2662,201942_off,0.04270174249944987
2663,201942_def,-0.007658178890094208
2664,201943_off,0.032243586410598477
2665,201943_def,-0.0083207603103548
2666,201944_off,-0.03392923839001011
2667,201944_def,-0.013308418284500606
2668,201945_off,-0.00034630076563556093
2669,201945_def,-0.02729685432136877
2670,201946_off,-0.014619381035032259
2671,201946_def,-0.014282284890560413
2672,201947_off,-0.06641669052442516
2673,201947_def,-0.008263817304510696
2674,201948_off,-0.010649864770964343
2675,201948_def,-0.00492177632373007
2676,201949_off,0.0017268914474546614
2677,201949_def,-0.025306866676609502
2678,201950_off,0.059390125521566875
2679,201950_def,-0.03977686681350809
2680,201951_off,0.04825148606963234
2681,201951_def,-0.01618271511869354
2682,201952_off,0.02893825468524571
2683,201952_def,-0.00953262099172364
2684,201953_off,-0.013749272392801576
2685,201953_def,-0.017856805458666275
2686,201954_off,0.03213270747241473
2687,201954_def,-0.012257235201302445
2688,201956_off,0.014711704177881906
2689,201956_def,-0.02157432661392227
2690,201957_off,-0.03106341429416097
2691,201957_def,0.033258060630747766
2692,201958_off,-0.02376518140285743
2693,201958_def,-0.02585578594359896
2694,201959_off,0.008562571468462423
2695,201959_def,-0.04202641161617479
2696,201960_off,0.026194031673844324
2697,201960_def,-0.03676773694345127
2698,201961_off,0.01328178855457297
2699,201961_def,-0.012720876795547214
2700,201962_off,0.02630441170937095
2701,201962_def,0.0015775221431189382
2702,201963_off,-0.02193211105925267
2703,201963_def,-0.026830548645459036
2704,201964_off,-0.04169531975862839
2705,201964_def,-0.020190989878782283
2706,201965_off,0.013372866254819343
2707,201965_def,0.004019959169481727
2708,201966_off,-0.03318463984739971
2709,201966_def,0.0031070919357420648
2710,201967_off,0.00908623670449413
2711,201967_def,-0.01405268784302082
2712,201969_off,-0.040013066343294976
2713,201969_def,-0.01172843187005718
2714,201970_off,-0.028305712165916038
2715,201970_def,-0.017971953552693175
2716,201971_off,-0.00268974446654284
2717,201971_def,-0.015349003168676142
2718,201972_off,-0.007887899097751158
2719,201972_def,-0.02206607409119081
2720,201973_off,0.013726033466771759
2721,201973_def,-0.016131754514778125
2722,201974_off,-0.02814817820563627
2723,201974_def,-0.009357399730100895
2724,201975_off,0.018823675681106548
2725,201975_def,-0.009509616895927376
2726,201976_off,0.03860331988888815
2727,201976_def,-0.03614362573081813
2728,201977_off,0.0063265475546963185
2729,201977_def,-0.0031812204574206103
2730,201978_off,0.022538809103465125
2731,201978_def,-0.016996726908522622
2732,201979_off,-0.014847807611818082
2733,201979_def,-0.05644640492031201
2734,201980_off,0.029969784819296456
2735,201980_def,-0.039679038222774396
2736,201981_off,-0.016563955797522307
2737,201981_def,-0.00406171101087313
2738,201985_off,-0.005363427206375643
2739,201985_def,-0.024671326600691976
2740,201986_off,-0.029406136742235526
2741,201986_def,-0.015032066414330032
2742,201988_off,0.030168525638011524
2743,201988_def,-0.022009692256554234
2744,201991_off,-0.02448380606584229
2745,201991_def,-0.021631476904019724
2746,202066_off,-0.005541913163784228
2747,202066_def,-0.019760896513525625
2748,202068_off,-0.031453367770014194
2749,202068_def,-0.010640640442825627
2750,202077_off,-0.04186212081903144
2751,202077_def,-0.01568451336479776
2752,202079_off,-0.05852208336750184
2753,202079_def,-0.02326908559762965
2754,202081_off,-0.012770407989599896
2755,202081_def,-0.0016165125322100443
2756,202082_off,-0.05365681688237754
2757,202082_def,-0.026735225253115794
2758,202083_off,0.014078778330602337
2759,202083_def,-0.02541008370022306
2760,202087_off,-0.020426313386827398
2761,202087_def,-0.006350486857098062
2762,202091_off,-0.03238136108147236
2763,202091_def,-0.01196767922993043
2764,202130_off,-0.0036595694503021373
2765,202130_def,0.012814649011289661
2766,202132_off,-0.03866586397160957
2767,202132_def,-0.01534463052138119
2768,202148_off,-0.0367850230603306
2769,202148_def,-0.010982576846360857
2770,202178_off,-0.019602134549040102
2771,202178_def,-0.017012163603231274
2772,202197_off,-0.04214613347654494
2773,202197_def,-0.01305763864180667
2774,202220_off,-0.05037641295376522
2775,202220_def,-0.02009407122485011
2776,202227_off,-0.06147581004720844
2777,202227_def,-0.020730181777584233
2778,202322_off,0.02905344119775004
2779,202322_def,-0.0192590494112701
2780,202323_off,-0.011968608474398658
2781,202323_def,-0.032528701971417655
2782,202324_off,-0.00389921331522268
2783,202324_def,-0.02665552861600083
2784,202325_off,0.004614712333254483
2785,202325_def,-0.02102215404415082
2786,202326_off,0.024754417304994086
2787,202326_def,-0.0283063435959336
2788,202327_off,-0.005319831146017331
2789,202327_def,-0.030568410085924386
2790,202328_off,0.0188120616635331
2791,202328_def,-0.006811489200646177
2792,202329_off,0.006380359874611573
2793,202329_def,-0.043069082994272534
2794,202330_off,0.041922318478475495
2795,202330_def,-0.021653792099788453
2796,202331_off,0.059188041471572736
2797,202331_def,-0.05561534342600388
2798,202332_off,-0.02005523324693785
2799,202332_def,-0.013191984466825266
2800,202333_off,-0.01814400273411313
2801,202333_def,-0.02918445260948532
2802,202334_off,-0.0029893666665359135
2803,202334_def,-0.018878426500686968
2804,202335_off,0.027998869489004072
2805,202335_def,-0.03125640690942217
2806,202336_off,-0.045837574933226925
2807,202336_def,-0.052840268567938234
2808,202337_off,0.01875706923616603
2809,202337_def,0.000540415677335912
2810,202338_off,-0.040003198983064286
2811,202338_def,-0.022994069920948053
2812,202339_off,0.0314122102962876
2813,202339_def,-0.03796239106108051
2814,202340_off,0.014312360317019119
2815,202340_def,-0.025072198297299286
2816,202341_off,0.01027973094154102
2817,202341_def,-0.0019265583481899128
2818,202342_off,-0.04639710600580396
2819,202342_def,-0.005575463102611308
2820,202343_off,-0.038710813198055326
2821,202343_def,-0.00632657815150597
2822,202344_off,0.007036611082912543
2823,202344_def,-0.015999448783563873
2824,202345_off,-0.0467965808569063
2825,202345_def,-0.04282645701180449
2826,202346_off,-0.05135250276784417
2827,202346_def,-0.012167853437781585
2828,202347_off,-0.0012415585978977385
2829,202347_def,-0.037596168719888155
2830,202348_off,0.008678677208039495
2831,202348_def,-0.0036881840654255267
2832,202349_off,0.026105495211546443
2833,202349_def,-0.015302280258002426
2834,202350_off,-0.05406717074514317
2835,202350_def,-0.02468874979524034
2836,202351_off,-0.043017156228919606
2837,202351_def,0.004319391754421521
2838,202353_off,-0.03584291096959683
2839,202353_def,-0.012581536384218172
2840,202354_off,-0.03985682114174458
2841,202354_def,-0.01701511523224903
2842,202355_off,0.012505993921556834
2843,202355_def,-0.03307142276838723
2844,202356_off,-0.047397930505427066
2845,202356_def,-0.01914523984716509
2846,202357_off,0.01711770946773047
2847,202357_def,-0.030671410660066775
2848,202359_off,-0.04186557797555569
2849,202359_def,-0.015021497167323008
2850,202360_off,-0.02037495347711655
2851,202360_def,-0.004890123380775942
2852,202361_off,0.00818832279942296
2853,202361_def,-0.042396511774327864
2854,202362_off,0.01464499646662747
2855,202362_def,-0.012527407849961099
2856,202363_off,-0.03808979499897554
2857,202363_def,-0.021330231081818564
2858,202365_off,-0.04055459897052527
2859,202365_def,-0.02054491989059616
2860,202366_off,-0.036218137694237165
2861,202366_def,-0.009579845772953455
2862,202371_off,-0.018466685231987197
2863,202371_def,-0.004228154997276864
2864,202374_off,-0.03947398730196
2865,202374_def,-0.012661351483228485
2866,202376_off,-0.022712782034411343
2867,202376_def,-0.009612647362402015
2868,202377_off,-0.04019509893375757
2869,202377_def,-0.014088339091323052
2870,202378_off,-0.03176876086329968
2871,202378_def,-0.016983738900977586
2872,202379_off,-0.0330104998268769
2873,202379_def,-0.01637018408112428
2874,202380_off,-0.028954988025879688
2875,202380_def,-0.002126605940046154
2876,202382_off,-0.029980385662864026
2877,202382_def,-0.00677203427301503
2878,202385_off,-0.01568635874087317
2879,202385_def,-0.005440427443402774
2880,202386_off,-0.04734587827597019
2881,202386_def,-0.02591714897149918
2882,202388_off,-0.02251627480775467
2883,202388_def,-0.009783712473230982
2884,202389_off,-0.015670258197247284
2885,202389_def,-0.03545913809378494
2886,202390_off,0.008444330939713317
2887,202390_def,0.003375599654189272
2888,202391_off,0.012642462265627707
2889,202391_def,-0.03291347010445471
2890,202395_off,-0.014696033599127044
2891,202395_def,-0.0012052937879148628
2892,202396_off,-0.038324758997443864
2893,202396_def,-0.02750725255803383
2894,202397_off,0.020977514692523222
2895,202397_def,-0.013272015551750985
2896,202399_off,-0.01217149501716281
2897,202399_def,-0.00624258894469939
2898,202406_off,-0.04378169642033877
2899,202406_def,-0.05630941309039247
2900,202407_off,-0.023739660178707767
2901,202407_def,-0.0487243814791561
2902,202408_off,-0.020782786651842654
2903,202408_def,-0.002574199784484684
2904,202412_off,-0.02437973817341551
2905,202412_def,-0.010516662278120054
2906,202419_off,-0.020253606471178236
2907,202419_def,-0.0005697121995073369
2908,202458_off,-0.06915171386461148
2909,202458_def,-0.02583566958456241
2910,202498_off,-0.013211681686037181
2911,202498_def,-0.015564797147458388
2912,202536_off,-0.04331679027923403
2913,202536_def,-0.01493017473156504
2914,202545_off,-0.0283677084131913
2915,202545_def,0.0008723385256352396
2916,202620_off,-0.03557925369572229
2917,202620_def,-0.00459298396035797
2918,202622_off,-0.051590158608143824
2919,202622_def,-0.012862986007219853
2920,202681_off,0.06928979662038226
2921,202681_def,-0.00913527455893292
2922,202682_off,-0.013643714122890548
2923,202682_def,-0.015280633560879105
2924,202683_off,0.03915633003227366
2925,202683_def,-0.0006175417598009089
2926,202684_off,0.005851535808406225
2927,202684_def,-0.0018364139012507288
2928,202685_off,0.02276317062425741
2929,202685_def,-0.005908669433441007
2930,202686_off,-0.02748914834822865
2931,202686_def,-0.0239089970060564
2932,202687_off,-0.018015261226688062
2933,202687_def,-0.011608487764654776
2934,202688_off,-0.005477403006813707
2935,202688_def,-0.005395502542961471
2936,202689_off,0.05605593416686766
2937,202689_def,-0.021581677077007547
2938,202690_off,0.0008157963705677264
2939,202690_def,0.014413299634886308
2940,202691_off,0.04468603929410206
2941,202691_def,-0.016297485913266657
2942,202692_off,0.025368700299612305
2943,202692_def,-0.006702154349026948
2944,202693_off,0.01093382727442908
2945,202693_def,-0.023879762582545667
2946,202694_off,0.024831701890927614
2947,202694_def,-0.01163968203200866
2948,202695_off,0.06460797687578686
2949,202695_def,-0.041848654489435075
2950,202696_off,0.02085275730391267
2951,202696_def,-0.015872027879381377
2952,202697_off,0.016376122245963482
2953,202697_def,-0.04740622272223716
2954,202698_off,-0.02747509174383918
2955,202698_def,-0.03659966251478515
2956,202699_off,0.030029045144137897
2957,202699_def,-0.0109462061984229
2958,202700_off,-0.008705653758849713
2959,202700_def,-0.025379647497307006
2960,202701_off,-0.04079747394371104
2961,202701_def,-0.008224430968272594
2962,202702_off,0.03979947984707416
2963,202702_def,-0.011855384014448514
2964,202703_off,0.03652918480190699
2965,202703_def,-0.03641145948132711
2966,202704_off,0.030658666201777193
2967,202704_def,-0.02382941705017389
2968,202705_off,0.0028926817287187184
2969,202705_def,-0.013004527474757607
2970,202706_off,-0.007821581121465897
2971,202706_def,-0.004903795964247804
2972,202707_off,-0.050654056965781846
2973,202707_def,-0.015854876234646438
2974,202708_off,-0.028869196153702398
2975,202708_def,-0.008486493742071534
2976,202709_off,0.018920446590614568
2977,202709_def,-0.023552916029289925
2978,202710_off,0.050198152473234475
2979,202710_def,-0.04019077363401954
2980,202711_off,0.03657600571439834
2981,202711_def,0.004962525511149667
2982,202712_off,-0.04877451918609068
2983,202712_def,-0.006013452342279188
2984,202713_off,-0.0021945407521285487
2985,202713_def,-0.03218807786843941
2986,202714_off,0.009962655624906232
2987,202714_def,-0.011665105766009775
2988,202715_off,-0.016359621584915874
2989,202715_def,-0.00011231698513516778
2990,202716_off,-0.01377987274817307
2991,202716_def,-0.01997160752932551
2992,202717_off,-0.0231542912125888
2993,202717_def,0.000998505370941542
2994,202718_off,0.02847569541602332
2995,202718_def,-0.027948648325059743
2996,202719_off,-0.010877266215501504
2997,202719_def,0.004842400900390424
2998,202720_off,-0.01930783973158278
2999,202720_def,-0.024802326856099368
3000,202721_off,-0.05295665491403978
3001,202721_def,-0.021776542895331277
3002,202722_off,0.03843431471078295
3003,202722_def,-0.011179386055535628
3004,202723_off,-0.05097195956978143
3005,202723_def,-0.02884523323240711
3006,202724_off,-0.050068113756516736
3007,202724_def,-0.023954061396268253
3008,202725_off,-0.04056638632479251
3009,202725_def,-0.04155341584161997
3010,202726_off,-0.0362657802195121
3011,202726_def,-0.01059669909844511
3012,202727_off,-0.02110561421139833
3013,202727_def,-0.003721043435915914
3014,202728_off,-0.0165865998612051
3015,202728_def,-0.005532653728075669
3016,202729_off,-0.046598469785650756
3017,202729_def,-0.009982341421079018
3018,202730_off,-0.0019978267522324754
3019,202730_def,-0.041497449596622354
3020,202731_off,-0.03519443938238463
3021,202731_def,-0.014229503875054502
3022,202732_off,-0.03689005263399897
3023,202732_def,-0.011187426484903042
3024,202734_off,0.007788539377906519
3025,202734_def,-0.012595512639290329
3026,202738_off,0.05364233779848496
3027,202738_def,-0.00017347739083911282
3028,202775_off,-0.05775774852548199
3029,202775_def,-0.02297360450234415
3030,202779_off,-0.03221438995613538
3031,202779_def,-0.02763838454983985
3032,202809_off,-0.06101668340922799
3033,202809_def,-0.013949849908006011
3034,202810_off,-0.02787317413093005
3035,202810_def,-0.04852194561709529
3036,202814_off,-0.053137717704291196
3037,202814_def,-0.035580301372449157
3038,202862_off,-0.017521803837585517
3039,202862_def,-0.0005898222245663892
3040,202874_off,-0.02898499076093057
3041,202874_def,-0.004228401509805357
3042,202880_off,-0.037501084772915
3043,202880_def,-0.015421927476077877
3044,202918_off,-0.05630721620873895
3045,202918_def,-0.024221780114773946
3046,202933_off,-0.010485071022980918
3047,202933_def,-0.013927590812867343
3048,202951_off,-0.04669393296496342
3049,202951_def,-0.018592749006463242
3050,202952_off,-0.03521531438666933
3051,202952_def,-0.002679609783974808
3052,202954_off,0.0020325312480758244
3053,202954_def,-0.03416303226663792
3054,202962_off,-0.028997878049847367
3055,202962_def,-0.017689601175936702
3056,202970_off,-0.011581621531010194
3057,202970_def,-0.03657114595038562
3058,203006_off,-0.017874112242976317
3059,203006_def,-0.003932200623937503
3060,203076_off,0.03926558779698071
3061,203076_def,-0.03818967197883346
3062,203077_off,0.01156526945770672
3063,203077_def,-0.05047967510873866
3064,203078_off,0.06328181840652197
3065,203078_def,-0.004887865619349049
3066,203079_off,0.024299761866038896
3067,203079_def,-0.022505966722960923
3068,203080_off,-0.016634709245353724
3069,203080_def,0.0020710764618927253
3070,203081_off,0.09232860232850959
3071,203081_def,-0.009111738875252287
3072,203082_off,0.029678896260086646
3073,203082_def,-0.004375524153755781
3074,203083_off,0.02557062893681291
3075,203083_def,-0.017984570788463404
3076,203084_off,0.014340120550767093
3077,203084_def,-0.019729815969267043
3078,203085_off,0.02865901133669176
3079,203085_def,-0.004257051337870476
3080,203086_off,0.002337474612674157
3081,203086_def,-0.008544132148853441
3082,203087_off,0.027627770879618315
3083,203087_def,-0.020004344631846825
3084,203088_off,0.001261861217762391
3085,203088_def,0.0019830276112036485
3086,203089_off,-0.02268414509484981
3087,203089_def,-0.00623061471965974
3088,203090_off,-0.0028547074561712377
3089,203090_def,-0.01782954469535367
3090,203091_off,-0.01743918990359291
3091,203091_def,-0.0037112897782723927
3092,203092_off,0.00010683519201630867
3093,203092_def,-0.016930321938858194
3094,203093_off,-0.012273309176574982
3095,203093_def,-0.00695672933917376
3096,203094_off,-0.04338678871845168
3097,203094_def,-0.02170846869785883
3098,203095_off,0.02646038981160749
3099,203095_def,-0.013299004750045994
3100,203096_off,0.019363204282760203
3101,203096_def,-0.04297320119041856
3102,203097_off,-0.040834019809596014
3103,203097_def,-0.01296663633256094
3104,203098_off,-0.023603607238878613
3105,203098_def,-0.005920178937100732
3106,203099_off,-0.032062231874379926
3107,203099_def,-0.017418131115852692
3108,203100_off,-0.008826345793408507
3109,203100_def,-0.0011194024283070654
3110,203101_off,-0.008442575775678179
3111,203101_def,-0.021321410019486443
3112,203102_off,-0.028532470579551644
3113,203102_def,-0.002865601996127754
3114,203103_off,-0.03580667896731961
3115,203103_def,-0.008231230154993895
3116,203104_off,-0.04810244235600074
3117,203104_def,-0.010266580279389656
3118,203105_off,-0.029988551660645152
3119,203105_def,-0.03490277601254771
3120,203106_off,-0.04438344417760016
3121,203106_def,-0.017809756139393066
3122,203107_off,0.018696860650336284
3123,203107_def,-0.030091928847019236
3124,203108_off,-0.02773530423322303
3125,203108_def,-0.008880978859299567
3126,203109_off,0.02533501982615702
3127,203109_def,-0.02464779662820881
3128,203110_off,0.0396917245420274
3129,203110_def,-0.07203013579471668
3130,203111_off,-0.04184709880270272
3131,203111_def,-0.026212906916782512
3132,203112_off,-0.006628025230010645
3133,203112_def,-0.02362999876856773
3134,203113_off,-0.009574617015932374
3135,203113_def,-0.02270709003574363
3136,203114_off,0.05483984923546233
3137,203114_def,-0.026296235898458763
3138,203115_off,-0.005572656641899168
3139,203115_def,-0.013475006667845494
3140,203116_off,-0.04366967298292716
3141,203116_def,0.010985545751638546
3142,203117_off,-0.029256239045589147
3143,203117_def,-0.009149723671581168
3144,203118_off,0.0055751045031380494
3145,203118_def,-0.016703539569156496
3146,203119_off,-0.03450393242494272
3147,203119_def,-0.0038634331525124795
3148,203120_off,-0.04389095938213697
3149,203120_def,-0.008432985054906328
3150,203121_off,0.02649637142657478
3151,203121_def,-0.016305366051478264
3152,203122_off,-0.023946615608285773
3153,203122_def,0.0028856251309860785
3154,203123_off,-0.04191966284811398
3155,203123_def,-0.035446057893432546
3156,203124_off,0.013197884510490119
3157,203124_def,-0.00859858137630816
3158,203126_off,-0.03741664142685905
3159,203126_def,-0.011736135694188809
3160,203128_off,-0.03498350748458769
3161,203128_def,-0.010084362549996626
3162,203129_off,-0.028598532826800412
3163,203129_def,-0.009480952642043192
3164,203130_off,-0.02204348093731246
3165,203130_def,-0.00571372637181033
3166,203133_off,-0.006446440345166095
3167,203133_def,-0.0059415373415103315
3168,203135_off,-0.018025729088693404
3169,203135_def,-0.01568593828438041
3170,203136_off,-0.03053414881073325
3171,203136_def,0.002504517144564277
3172,203138_off,0.007346999982036084
3173,203138_def,-0.0016684813926646398
3174,203139_off,-0.04058046045174221
3175,203139_def,-0.005016162534735299
3176,203141_off,0.012615155053690014
3177,203141_def,-0.011073130516011366
3178,203142_off,0.02113057461291663
3179,203142_def,-0.0048372992315819105
3180,203143_off,0.0055973167769842735
3181,203143_def,-0.038246119273181195
3182,203144_off,0.00015377312129620513
3183,203144_def,-0.027227507918391746
3184,203145_off,-0.014374496648208179
3185,203145_def,-0.026960441646138235
3186,203146_off,-0.032920516897410955
3187,203146_def,-0.006471174876482512
3188,203147_off,-0.0175272840686692
3189,203147_def,-0.0033732660457540644
3190,203148_off,-0.009978723873692672
3191,203148_def,-0.00684929511246722
3192,203156_off,-0.03477597358248836
3193,203156_def,-0.013391277108573279
3194,203158_off,-0.03774336048065554
3195,203158_def,-0.02293203323830046
3196,203159_off,-0.02268194817648766
3197,203159_def,-0.0043737486075132856
3198,203162_off,-0.046752828638371144
3199,203162_def,-0.013715118497730088
3200,203183_off,-0.016187170363702073
3201,203183_def,-0.0036236400588083024
3202,203186_off,-0.0025038192240298997
3203,203186_def,-0.028127987027795832
3204,203187_off,-0.002310762672491473
3205,203187_def,-0.03444374701231946
3206,203197_off,-0.05001148509060306
3207,203197_def,-0.017630793040891553
3208,203199_off,-0.03496184717902216
3209,203199_def,-0.005139953241021331
3210,203200_off,0.013906731955257459
3211,203200_def,-0.013357481183285438
3212,203203_off,-0.018673457732557262
3213,203203_def,-0.004174553177591238
3214,203210_off,0.01573983404691832
3215,203210_def,-0.004523724673752474
3216,203263_off,-0.032426801002314674
3217,203263_def,-0.005049485508934648
3218,203268_off,-0.04619653958442513
3219,203268_def,-0.012358524774206885
3220,203315_off,-0.033003277854910695
3221,203315_def,-0.01679127515419892
3222,203317_off,-0.01951924424083755
3223,203317_def,-0.004128172787236332
3224,203318_off,-0.04853330581276877
3225,203318_def,-0.01645084409080915
3226,203382_off,-0.010387692120890201
3227,203382_def,-0.04350886165168304
3228,203457_off,-0.02182750842429398
3229,203457_def,-0.02895169781545342
3230,203458_off,-0.01180395356841931
3231,203458_def,-0.01966364754794907
3232,203459_off,0.010045743545827556
3233,203459_def,-0.010793826828054522
3234,203460_off,0.006694095696081818
3235,203460_def,-0.06303836212459005
3236,203461_off,-0.035217633667590925
3237,203461_def,0.015241555621381665
3238,203462_off,-0.03420298097683616
3239,203462_def,0.009924764120907911
3240,203463_off,0.020256666244361756
3241,203463_def,-0.005023177614562904
3242,203464_off,-0.04001625072723719
3243,203464_def,-0.022048677891104786
3244,203467_off,-0.03492827655399795
3245,203467_def,-0.01284541273952378
3246,203468_off,0.060321888849901806
3247,203468_def,-0.010348433581942984
3248,203469_off,0.01823538715108401
3249,203469_def,-0.036498815191282896
3250,203471_off,0.027026607874076673
3251,203471_def,-0.011934039029461135
3252,203473_off,-0.00413279378066022
3253,203473_def,-0.023741069412685507
3254,203474_off,-0.04398123147141081
3255,203474_def,-0.014781387779923084
3256,203475_off,-0.029277330644018523
3257,203475_def,-0.005133154361967959
3258,203476_off,-0.008105105218447288
3259,203476_def,-0.021066156095211012
3260,203477_off,-0.015190219145565275
3261,203477_def,-0.012288247619316175
3262,203479_off,-0.026990667261008426
3263,203479_def,-0.011385551290744695
3264,203480_off,-0.039004086976392335
3265,203480_def,-0.015062687610627542
3266,203481_off,-0.018130939039603566
3267,203481_def,-0.026328683328999285
3268,203482_off,0.04476606495361107
3269,203482_def,-0.009593182193296199
3270,203484_off,0.02824781001706534
3271,203484_def,-0.02384392841286249
3272,203485_off,-0.032792893290570294
3273,203485_def,-0.016852277145385324
3274,203486_off,0.026059353332241606
3275,203486_def,-0.01554716747735706
3276,203487_off,0.008195537045409554
3277,203487_def,-0.023497824983586078
3278,203488_off,0.0143447784748423
3279,203488_def,-0.015854632831372
3280,203489_off,-0.03415815011364413
3281,203489_def,-0.02398553675682563
3282,203490_off,0.04510319271458674
3283,203490_def,-0.03341805271433792
3284,203491_off,-0.032347760092095036
3285,203491_def,-0.006748014618497563
3286,203492_off,-0.0032951740949213326
3287,203492_def,-0.007058004920443121
3288,203493_off,0.01753849640491895
3289,203493_def,-0.02898561151352305
3290,203495_off,-0.03205647980839685
3291,203495_def,-0.008121183554054027
3292,203496_off,0.025745709899880884
3293,203496_def,-0.047348440001493144
3294,203497_off,0.021852498226125866
3295,203497_def,-0.06968665646146488
3296,203498_off,-0.013065082410193746
3297,203498_def,0.004620371994803828
3298,203499_off,-0.01953999935962685
3299,203499_def,-0.013759765805140349
3300,203500_off,0.0463993225050541
3301,203500_def,-0.03021117301024634
3302,203501_off,0.03916854027672922
3303,203501_def,-0.0031144840279229598
3304,203502_off,-0.014061210470324624
3305,203502_def,-0.004876440649361947
3306,203503_off,0.002745665980047253
3307,203503_def,-0.0163766872726358
3308,203504_off,0.025984281148264458
3309,203504_def,0.004505406300589158
3310,203505_off,-0.0545690420725934
3311,203505_def,-0.019499919970687583
3312,203506_off,0.011920785628667739
3313,203506_def,-0.041882806217232726
3314,203507_off,0.05871105987897671
3315,203507_def,-0.048125643420627265
3316,203508_off,-0.016697254995013722
3317,203508_def,-0.02369859851405812
3318,203510_off,-0.029734542518232425
3319,203510_def,-0.021434642895361698
3320,203511_off,-0.03988867403891186
3321,203511_def,-0.009301740945797552
3322,203512_off,-0.005042876219873295
3323,203512_def,-0.031352806794252744
3324,203513_off,-0.03141255881114567
3325,203513_def,-0.0029519334300654896
3326,203515_off,-0.014079478521184428
3327,203515_def,-0.01868852906486863
3328,203516_off,0.020685181625199656
3329,203516_def,-0.0064472269140374225
3330,203517_off,-0.048813030667368695
3331,203517_def,-0.00722536150477647
3332,203518_off,-0.007612524761594262
3333,203518_def,-0.021316359934808748
3334,203519_off,-0.035137181413470046
3335,203519_def,-0.013673437720944787
3336,203521_off,0.014012841649457597
3337,203521_def,-0.03221360279402179
3338,203524_off,0.01954373193784321
3339,203524_def,-0.020364491173128475
3340,203526_off,0.018113750736126817
3341,203526_def,-0.030555143285150313
3342,203527_off,0.014161185014532042
3343,203527_def,-0.015610522307124397
3344,203530_off,-0.019977607517539707
3345,203530_def,0.0028575695923234567
3346,203539_off,-0.03197435878547299
3347,203539_def,-0.008797045520242465
3348,203540_off,-0.018681926236010667
3349,203540_def,-0.024854805851993015
3350,203543_off,-0.05826612414952536
3351,203543_def,-0.02605229821197583
3352,203544_off,-0.005755089534962569
3353,203544_def,-0.04840008694367005
3354,203545_off,-0.040037472143528374
3355,203545_def,-0.0024340733705446992
3356,203546_off,0.0018273279329685393
3357,203546_def,-0.005105900111130568
3358,203548_off,-0.03846444772193103
3359,203548_def,-0.011155597211180718
3360,203552_off,0.03473717650157057
3361,203552_def,-0.014663386026754465
3362,203561_off,-0.011588953177789896
3363,203561_def,-0.007607850439571507
3364,203564_off,-0.042309661400012286
3365,203564_def,-0.014243402216340108
3366,203565_off,-0.04484627781796645
3367,203565_def,-0.012162916865972394
3368,203569_off,-0.040584211161571355
3369,203569_def,-0.012045214326183124
3370,203580_off,-0.05307144159212066
3371,203580_def,-0.01825966648899105
3372,203584_off,0.012499667759372373
3373,203584_def,0.010412852682422261
3374,203585_off,0.02574162236557305
3375,203585_def,-0.016227030863292597
3376,203590_off,-0.01737058305425391
3377,203590_def,-0.00424620010603009
3378,203613_off,0.0029752108341513026
3379,203613_def,-0.02547337725195996
3380,203648_off,-0.0042435566211811646
3381,203648_def,0.0022825916373973507
3382,203658_off,-0.03333631838871519
3383,203658_def,-0.005196504935129511
3384,203687_off,-0.01750007346972029
3385,203687_def,-0.003927292746011359
3386,203705_off,-0.0281595885095606
3387,203705_def,-0.015191794209050832
3388,203710_off,-0.022294835293043387
3389,203710_def,-0.019046587093008577
3390,203798_off,-0.030539644160231298
3391,203798_def,-0.021141676659263385
3392,203805_off,-0.03788553632599344
3393,203805_def,-0.01232551435209605
3394,203810_off,-0.041119945089147444
3395,203810_def,-0.026269722850447194
3396,203816_off,-0.043134577415727265
3397,203816_def,-0.014081257237363098
3398,203893_off,-0.027341653229952405
3399,203893_def,-0.006658302843691942
3400,203894_off,0.013510453880097445
3401,203894_def,-0.022309600176118456
3402,203895_off,0.0048686489343879626
3403,203895_def,-0.002855899339944878
3404,203897_off,0.0312946504659324
3405,203897_def,0.006922263001530218
3406,203898_off,-0.026119989670069742
3407,203898_def,-0.02007323418320757
3408,203900_off,-0.0034379113315758
3409,203900_def,0.0010313631991847108
3410,203901_off,0.020880986140727593
3411,203901_def,-0.012153503744624839
3412,203902_off,-0.028364808609898963
3413,203902_def,-0.012805332647632953
3414,203903_off,0.032906378463033514
3415,203903_def,0.012641482999180415
3416,203906_off,-0.047723139605147714
3417,203906_def,-0.029818576932197437
3418,203909_off,-0.021327567646265023
3419,203909_def,-0.02091974914124336
3420,203910_off,-0.0531205623155688
3421,203910_def,-0.014408569296323712
3422,203912_off,-0.028471908851783405
3423,203912_def,-0.018070486461348352
3424,203913_off,-0.019551039661708913
3425,203913_def,-0.021177643968065585
3426,203914_off,0.01818625557356741
3427,203914_def,-0.010476994747460847
3428,203915_off,0.03570208627960344
3429,203915_def,-0.011790053840039626
3430,203917_off,-0.004578524335966019
3431,203917_def,-0.0002731198567963132
3432,203918_off,0.015177763648121862
3433,203918_def,-0.01567530015690347
3434,203919_off,-0.026694628166749338
3435,203919_def,-0.016629890145510598
3436,203920_off,0.015163379737082948
3437,203920_def,-0.01746049925494269
3438,203921_off,-0.05586358770540489
3439,203921_def,-0.023161390156958603
3440,203922_off,-0.0017565885161311065
3441,203922_def,-0.0036624413118065257
3442,203923_off,-0.025875342459878374
3443,203923_def,-0.0013166100124166564
3444,203924_off,0.01353124952645252
3445,203924_def,-0.011528932406480655
3446,203925_off,0.022735405288461238
3447,203925_def,-0.009509950837869121
3448,203926_off,0.021767395763093295
3449,203926_def,0.004850416273440534
3450,203928_off,-0.03206991528249355
3451,203928_def,-0.03586003298878774
3452,203930_off,0.008697630789802513
3453,203930_def,0.00953501898705408
3454,203932_off,0.04933688401094612
3455,203932_def,-0.026914623514566208
3456,203933_off,0.021189252448411633
3457,203933_def,-0.006976454349796289
3458,203934_off,-0.030118628813452945
3459,203934_def,-0.02612908880409307
3460,203935_off,0.028310174078611857
3461,203935_def,-0.037336762486982415
3462,203937_off,0.006164928390273827
3463,203937_def,-0.03810972851912484
3464,203939_off,0.020670972820379677
3465,203939_def,-0.013501901676293601
3466,203940_off,-0.039072009968386584
3467,203940_def,0.0022206658992668486
3468,203943_off,-0.013277407158923083
3469,203943_def,-0.020605329882564312
3470,203944_off,0.022959667876082383
3471,203944_def,-0.0043052977356483405
3472,203945_off,-0.020613557448357668
3473,203945_def,-0.002389384156663397
3474,203946_off,-0.02169031075900738
3475,203946_def,-0.004289861648979027
3476,203948_off,-0.04881416974056761
3477,203948_def,-0.013114256862525254
3478,203949_off,-0.030275046425903694
3479,203949_def,-0.008792318021939909
3480,203950_off,-0.03702477513599605
3481,203950_def,-0.01791222925776487
3482,203951_off,-0.03933152281298195
3483,203951_def,-0.016096463311737027
3484,203952_off,0.022986807554372338
3485,203952_def,-0.005223614190446722
3486,203953_off,0.02183564369139973
3487,203953_def,-0.008071626793208678
3488,203954_off,0.0573244747830909
3489,203954_def,-0.06119948423326281
3490,203955_off,-0.026735558164108362
3491,203955_def,-0.008046577721024715
3492,203956_off,-0.035104598473288576
3493,203956_def,-0.020038494185182526
3494,203957_off,0.00765281269097718
3495,203957_def,-0.026059195481762006
3496,203958_off,-0.042402426626615225
3497,203958_def,-0.013666756927978215
3498,203960_off,-0.01629867724163976
3499,203960_def,-0.018571698532032808
3500,203961_off,-0.04339773422924237
3501,203961_def,-0.03387918905860209
3502,203962_off,-0.012864737751996704
3503,203962_def,-0.030354443249274103
3504,203963_off,-0.03133493522783758
3505,203963_def,-0.013596949943875978
3506,203966_off,-0.035792297863200505
3507,203966_def,-0.034522135706930974
3508,203967_off,0.02797773204349689
3509,203967_def,-0.009121952361644998
3510,203968_off,-0.017236819312618033
3511,203968_def,-0.00533729478342649
3512,203991_off,0.02219097052009237
3513,203991_def,-0.04438577689259434
3514,203992_off,0.0528186156131797
3515,203992_def,-0.01139080583139419
3516,203994_off,0.024665188140022404
3517,203994_def,-0.05065888622624819
3518,203995_off,0.0004796625403150033
3519,203995_def,-0.015275744767637083
3520,203996_off,-0.04615696741584792
3521,203996_def,-0.013260961893288915
3522,203998_off,-0.023752838715576312
3523,203998_def,-0.0229145692714319
3524,203999_off,0.0985790810219464
3525,203999_def,-0.03930787156447003
3526,204001_off,0.043601002094562975
3527,204001_def,-0.03548063502178897
3528,204002_off,-0.03180135061669198
3529,204002_def,-0.010208466314551233
3530,204014_off,-0.014774220350216933
3531,204014_def,-0.01203839599150242
3532,204020_off,0.003398191483617523
3533,204020_def,-0.019390367307391698
3534,204021_off,-0.017080242909084373
3535,204021_def,-0.00422895177599468
3536,204022_off,-0.03497235441807501
3537,204022_def,-0.015562991729762237
3538,204025_off,0.008868688533982497
3539,204025_def,-0.003490776028257857
3540,204028_off,-0.019044394542771768
3541,204028_def,-0.03535155200034153
3542,204033_off,-0.01768033977651595
3543,204033_def,-0.0028374804026442676
3544,204037_off,-0.03428499823184478
3545,204037_def,-0.021375411509823403
3546,204038_off,0.018394102943683887
3547,204038_def,-0.023518272674411533
3548,204054_off,-0.020981328631581725
3549,204054_def,-0.002525262779410428
3550,204060_off,0.03727184013216303
3551,204060_def,-0.02687369809420974
3552,204065_off,-0.03255400056798613
3553,204065_def,-0.013661001924787409
3554,204066_off,-0.03287547982881331
3555,204066_def,-0.00936339400020381
3556,204067_off,-0.04552505170320928
3557,204067_def,-0.014043904343198778
3558,204079_off,-0.04327121577367957
3559,204079_def,-0.008471915713919137
3560,204098_off,-0.047233535033338714
3561,204098_def,-0.014927446650626036
3562,204179_off,-0.03525525396943741
3563,204179_def,-0.03209297488351649
3564,204222_off,-0.01574498488002774
3565,204222_def,-0.006261476321950843
3566,204456_off,0.03284173016348102
3567,204456_def,-0.008359998451864692
3568,1626143_off,-0.0380407204521853
3569,1626143_def,0.0025694292165908614
3570,1626144_off,-0.0023070544230498584
3571,1626144_def,-0.003598040580482291
3572,1626145_off,0.044428785610452826
3573,1626145_def,-0.007481676491365816
3574,1626146_off,-0.019344414705031163
3575,1626146_def,-0.004523559963709717
3576,1626147_off,-0.011290516878160562
3577,1626147_def,-0.005326451909668246
3578,1626148_off,-0.043861920199379956
3579,1626148_def,-0.03681003059148841
3580,1626149_off,0.03270378292308335
3581,1626149_def,-0.026523120225488722
3582,1626150_off,-0.007587693179500464
3583,1626150_def,-0.019036125615413724
3584,1626151_off,-0.03125935971596164
3585,1626151_def,-0.004465637670249264
3586,1626153_off,0.03259355355701088
3587,1626153_def,-0.03126541555025283
3588,1626154_off,-0.0441750468574824
3589,1626154_def,-0.026691465019092874
3590,1626155_off,0.02342257157144295
3591,1626155_def,-0.008219762593065581
3592,1626156_off,0.033542729667121955
3593,1626156_def,0.006848695689262246
3594,1626157_off,0.07432605826950817
3595,1626157_def,-0.008031875072916247
3596,1626158_off,0.010599649739848983
3597,1626158_def,-0.012794845779033281
3598,1626159_off,-0.003995282882991681
3599,1626159_def,-0.055317097857639386
3600,1626161_off,-0.009877101899037967
3601,1626161_def,-0.03175038175448997
3602,1626162_off,0.018974462911403006
3603,1626162_def,-0.0028368533678458305
3604,1626163_off,0.016764498655603033
3605,1626163_def,-0.01617862540515144
3606,1626164_off,0.07341398010989905
3607,1626164_def,-0.00040281210950180585
3608,1626166_off,0.026110694855854183
3609,1626166_def,-0.020051993413839033
3610,1626167_off,0.017508524390432916
3611,1626167_def,-0.041487544685090263
3612,1626168_off,0.023641573078497853
3613,1626168_def,-0.013179879410346904
3614,1626169_off,-0.0049339948926153815
3615,1626169_def,-0.015454903595785965
3616,1626170_off,-0.004422647211513548
3617,1626170_def,-0.014047157140157078
3618,1626171_off,0.034965909797792086
3619,1626171_def,0.004538174450794255
3620,1626172_off,0.030560093547362638
3621,1626172_def,-0.02266730637855811
3622,1626173_off,-0.03429984583537516
3623,1626173_def,-0.008913529430577142
3624,1626174_off,0.026287345793104214
3625,1626174_def,-0.004307637339912518
3626,1626175_off,-0.0321318384436966
3627,1626175_def,-0.00039680210893200136
3628,1626176_off,-0.04030647767928451
3629,1626176_def,-0.009897918162220532
3630,1626177_off,-0.03791701316509284
3631,1626177_def,-0.022054736015271106
3632,1626178_off,0.0055262967337522464
3633,1626178_def,-0.03457966306041438
3634,1626179_off,0.008782514934665482
3635,1626179_def,-0.011881732289326203
3636,1626181_off,0.009203835028883504
3637,1626181_def,0.003689568991206007
3638,1626183_off,-0.016459434890619448
3639,1626183_def,-0.002360475494137748
3640,1626184_off,-0.006602288474738746
3641,1626184_def,-0.003512093935110273
3642,1626185_off,-0.007860711568969135
3643,1626185_def,-0.021694824919079547
3644,1626187_off,-0.05998146626306411
3645,1626187_def,-0.019533719075876126
3646,1626188_off,-0.004916743443651922
3647,1626188_def,0.01030269289269908
3648,1626191_off,-0.009461439682948613
3649,1626191_def,0.0026815881283157386
3650,1626192_off,0.02430067177202065
3651,1626192_def,-0.010181741614591752
3652,1626195_off,0.015651230123614173
3653,1626195_def,0.006460440206383273
3654,1626196_off,0.02568227476440476
3655,1626196_def,-0.011355147129771455
3656,1626199_off,-0.015550780564082545
3657,1626199_def,-0.012534461595450238
3658,1626202_off,-0.03263991785225252
3659,1626202_def,-0.0003112549299493575
3660,1626203_off,-0.0009000474854475894
3661,1626203_def,-0.011625436190021191
3662,1626204_off,-0.0036035687603669375
3663,1626204_def,-0.033862786561403346
3664,1626205_off,-0.016406230837440618
3665,1626205_def,-0.004771174062986944
3666,1626208_off,-0.025669785891368063
3667,1626208_def,-0.02271653414904644
3668,1626209_off,-0.010221304266510321
3669,1626209_def,0.0011434896703773623
3670,1626210_off,-0.021527992032976322
3671,1626210_def,-0.022318005812405395
3672,1626214_off,-0.04627551424095342
3673,1626214_def,-0.030644230845346128
3674,1626220_off,0.03579603498099595
3675,1626220_def,-0.03096288468354809
3676,1626224_off,0.010231083195259654
3677,1626224_def,0.013321295988355256
3678,1626242_off,-0.027585644977795754
3679,1626242_def,-0.0008366341019298629
3680,1626245_off,-0.018916804364694846
3681,1626245_def,0.00869482345796663
3682,1626246_off,0.029127029755883133
3683,1626246_def,-0.011684886165850599
3684,1626251_off,-0.04855648363466414
3685,1626251_def,-0.049800387207196234
3686,1626253_off,-0.02676339097454405
3687,1626253_def,-0.017316371711328677
3688,1626254_off,-0.04261255881358732
3689,1626254_def,-0.023976931633701792
3690,1626257_off,-0.014539237864011673
3691,1626257_def,-0.033790468131445955
3692,1626259_off,-0.01566171141657052
3693,1626259_def,-0.014030945646762705
3694,1626262_off,-0.014771228180690953
3695,1626262_def,-0.003689107787332884
3696,1626266_off,-0.018524676279473865
3697,1626266_def,-0.0035710106864003605
3698,1626273_off,-0.03668579282250217
3699,1626273_def,-0.018156171071134777
3700,1626296_off,-0.016143334041929844
3701,1626296_def,-0.002899488427382077
3702,1626643_off,-0.01945515716272301
3703,1626643_def,-0.005877875153327312
3704,1626780_off,-0.04631716981816846
3705,1626780_def,-0.009396740066703942
3706,1627098_off,-0.018452663643476766
3707,1627098_def,-0.03367953125649511
3708,1627215_off,-0.037091978058319985
3709,1627215_def,-0.023693691781903933
3710,1627293_off,-0.03723146654697093
3711,1627293_def,-0.015794062658184307
3712,1627362_off,-0.041784171026378075
3713,1627362_def,0.00821305433067926
3714,1627395_off,-0.03838138393550515
3715,1627395_def,-0.022564039948945788
3716,1627732_off,0.03475577254388238
3717,1627732_def,-0.032176295414620214
3718,1627733_off,-0.007256316286633677
3719,1627733_def,-0.012397344717127341
3720,1627734_off,0.043215158213600106
3721,1627734_def,-0.026030114623057123
3722,1627735_off,-0.06630939675088754
3723,1627735_def,-0.014572026885632252
3724,1627736_off,0.018879889796077628
3725,1627736_def,-0.01063389709777485
3726,1627737_off,-0.008397934571276515
3727,1627737_def,0.016884454879598877
3728,1627738_off,-0.019176571421705303
3729,1627738_def,-0.006054704206182139
3730,1627739_off,0.026329379949054977
3731,1627739_def,-0.008676648278430257
3732,1627740_off,-0.02682085540403232
3733,1627740_def,-0.020628874472374208
3734,1627741_off,0.04671089865410335
3735,1627741_def,0.0027742302939659826
3736,1627742_off,0.03619274561899443
3737,1627742_def,-0.004819249282213455
3738,1627743_off,-0.03777776834705693
3739,1627743_def,-0.007102306270051298
3740,1627744_off,-0.03549322267588517
3741,1627744_def,-0.012491308715089525
3742,1627745_off,-0.019029634242055633
3743,1627745_def,0.014902701724048017
3744,1627746_off,-0.017515035331442413
3745,1627746_def,-0.010595075725584342
3746,1627747_off,0.03686977976934738
3747,1627747_def,-0.00455046549075501
3748,1627748_off,-0.014594948661433068
3749,1627748_def,0.005803489337261946
3750,1627749_off,0.04298291488816695
3751,1627749_def,-0.01376459198793287
3752,1627750_off,0.050022397487385205
3753,1627750_def,-0.019042244424211152
3754,1627751_off,0.03279699267369281
3755,1627751_def,-0.023056716755298797
3756,1627752_off,0.02320374855661354
3757,1627752_def,-0.003324728063426881
3758,1627753_off,-0.0462246875686768
3759,1627753_def,-0.010640353310955685
3760,1627754_off,-0.025819205823847106
3761,1627754_def,-0.0038908732050130374
3762,1627755_off,-0.0017262201471928626
3763,1627755_def,-0.0196951719627627
3764,1627756_off,-0.00999130334231129
3765,1627756_def,-0.024731135582584274
3766,1627757_off,-0.04108702642270659
3767,1627757_def,-0.0089181358889866
3768,1627758_off,-0.015817842330686727
3769,1627758_def,-0.024925334224379696
3770,1627759_off,0.02657435766395085
3771,1627759_def,-0.02127558680953248
3772,1627760_off,-0.013838518210652967
3773,1627760_def,-0.004092212572024597
3774,1627761_off,-0.0039023904825537907
3775,1627761_def,-0.011496311028076526
3776,1627762_off,-0.03883954852301219
3777,1627762_def,-0.01735270851902342
3778,1627763_off,0.04326983260505519
3779,1627763_def,-0.02276365679941611
3780,1627767_off,-0.016183050768432378
3781,1627767_def,0.006132029622435919
3782,1627770_off,-0.047731797656396305
3783,1627770_def,-0.007181631445810157
3784,1627771_off,-0.015079131075875867
3785,1627771_def,-0.00437060393400067
3786,1627772_off,-0.03464765837829276
3787,1627772_def,-0.012790406815788306
3788,1627773_off,-0.03226321030767771
3789,1627773_def,-0.01126218305569783
3790,1627774_off,-0.011942055695976731
3791,1627774_def,-0.012854330330590746
3792,1627775_off,-0.02461732691053587
3793,1627775_def,-0.009776173932920702
3794,1627777_off,0.0263885702350403
3795,1627777_def,-0.006323188572036873
3796,1627778_off,-0.05844269957183883
3797,1627778_def,-0.017340985855538685
3798,1627779_off,-0.03244090297372417
3799,1627779_def,-0.013860523639537135
3800,1627780_off,0.012768885653665876
3801,1627780_def,-0.012638410245319854
3802,1627781_off,-0.03926608901585468
3803,1627781_def,-0.006363590470814789
3804,1627782_off,-0.0040575010149258295
3805,1627782_def,0.0028515800451917456
3806,1627783_off,0.058061366934344175
3807,1627783_def,-0.02446911045327998
3808,1627784_off,-0.048616062744394506
3809,1627784_def,-0.013603066336868648
3810,1627785_off,-0.0010994655042470373
3811,1627785_def,-0.04188455530138796
3812,1627786_off,-0.02553935259262709
3813,1627786_def,-0.017601585187812623
3814,1627787_off,-0.021979168403349778
3815,1627787_def,-0.002721248977795342
3816,1627788_off,0.021085717150460932
3817,1627788_def,-0.017386099212915777
3818,1627789_off,0.005353092109354508
3819,1627789_def,-0.012751117451647039
3820,1627790_off,-0.0025327221829307897
3821,1627790_def,-0.017564056485220084
3822,1627791_off,-0.01817988816802004
3823,1627791_def,-0.002749403021567654
3824,1627812_off,0.017752625440212364
3825,1627812_def,-0.026510638172683065
3826,1627814_off,0.026119376869252555
3827,1627814_def,-0.023337459429261093
3828,1627815_off,-0.04107822731971217
3829,1627815_def,-0.016769009638571246
3830,1627816_off,-0.032368205812531525
3831,1627816_def,-0.008558257075833912
3832,1627817_off,-0.02361792076000506
3833,1627817_def,-0.004773338294062893
3834,1627819_off,-0.004819307645985881
3835,1627819_def,-0.030159006720805084
3836,1627820_off,-0.010661201940446053
3837,1627820_def,-0.03052043741370103
3838,1627821_off,-0.04986655696876394
3839,1627821_def,-0.02046482464614029
3840,1627822_off,-0.014263292127846522
3841,1627822_def,-0.004956849568354258
3842,1627823_off,0.011296676757039048
3843,1627823_def,0.0019584357211810816
3844,1627824_off,-0.022283337518277876
3845,1627824_def,-0.01272856791039541
3846,1627826_off,0.0013779076522858202
3847,1627826_def,-0.02260302942568651
3848,1627827_off,0.03215285028123967
3849,1627827_def,-0.023897725347778568
3850,1627832_off,0.045671883053773406
3851,1627832_def,-0.037077585766526915
3852,1627834_off,-0.0332798327285705
3853,1627834_def,-0.007974459244589189
3854,1627835_off,-0.017919715889412574
3855,1627835_def,-0.02474633817968813
3856,1627846_off,-0.04310494524748762
3857,1627846_def,-0.012674924928712916
3858,1627848_off,-0.027728883655255714
3859,1627848_def,-0.019341265438512313
3860,1627849_off,-0.018556963027414955
3861,1627849_def,-0.0010713183753273342
3862,1627850_off,-0.029328619660738527
3863,1627850_def,-0.01609193369137662
3864,1627851_off,-0.02412609837833754
3865,1627851_def,-0.023806719850078345
3866,1627852_off,-0.025135043612109307
3867,1627852_def,0.005438337460223451
3868,1627853_off,-0.009792645584824376
3869,1627853_def,-0.021223568082535164
3870,1627854_off,0.0076408905098883095
3871,1627854_def,0.0014018244255358976
3872,1627855_off,-0.012543038431781672
3873,1627855_def,-0.02928298539646931
3874,1627856_off,-0.032626256644218955
3875,1627856_def,-0.014530813280666938
3876,1627858_off,-0.02475089113777745
3877,1627858_def,-0.01301569615608803
3878,1627861_off,-0.06222411022063262
3879,1627861_def,-0.025846461835431076
3880,1627863_off,0.01971196496105364
3881,1627863_def,-0.025439628952454732
3882,1627866_off,-0.038482368915782605
3883,1627866_def,-0.012925866177407761
3884,1627868_off,-0.04175297031859222
3885,1627868_def,-0.01120941298632238
3886,1627875_off,-0.033897367463210024
3887,1627875_def,-0.005154816807994716
3888,1627879_off,-0.04820258269591268
3889,1627879_def,-0.013063339831458135
3890,1627883_off,-0.026739299648002406
3891,1627883_def,-0.008685365152975723
3892,1627884_off,0.005639070654850836
3893,1627884_def,-0.02326806446901712
3894,1627885_off,-0.00011483244989801342
3895,1627885_def,-0.015271663773750437
3896,1627936_off,0.0188729239219188
3897,1627936_def,-0.0651661388910293
3898,1627982_off,-0.06637602504174756
3899,1627982_def,-0.03124967145111962
3900,1627988_off,-0.023785737955237068
3901,1627988_def,-0.025887346470159257
3902,1628021_off,0.009179565651591733
3903,1628021_def,-0.018877852192198157
3904,1628035_off,-0.003002207947346236
3905,1628035_def,0.0027323975254037215
3906,1628070_off,-0.016007370270107978
3907,1628070_def,-0.0018073809948645166
3908,1628221_off,-0.04469331258789096
3909,1628221_def,-0.03337383323787335
3910,1628238_off,-0.016952984100817903
3911,1628238_def,-0.005175975845129363
3912,1628249_off,-0.036306929016874254
3913,1628249_def,-0.013962728804319612
3914,1628365_off,0.012053757264275888
3915,1628365_def,-0.013139314643102206
3916,1628366_off,0.010863161396144069
3917,1628366_def,-0.044036928358794136
3918,1628367_off,-0.017430512081635867
3919,1628367_def,-0.012172360282763639
3920,1628368_off,0.06245049534012177
3921,1628368_def,0.0025773091276239946
3922,1628369_off,0.07285848328768149
3923,1628369_def,-0.040328432324211794
3924,1628370_off,0.020727198743162405
3925,1628370_def,0.01432999764723751
3926,1628371_off,0.012874937087324446
3927,1628371_def,-0.05964839870397235
3928,1628372_off,-0.0019187900777338507
3929,1628372_def,-0.024288639411937516
3930,1628373_off,0.0012001133917871262
3931,1628373_def,-0.040024858204553704
3932,1628374_off,0.049649195040612736
3933,1628374_def,-0.01586115264599715
3934,1628378_off,0.06149549815521098
3935,1628378_def,-0.019499460020792204
3936,1628379_off,0.04313882168691337
3937,1628379_def,-0.004559558133027022
3938,1628380_off,0.024838718239499125
3939,1628380_def,-0.010251372580767953
3940,1628381_off,0.03050029885671262
3941,1628381_def,-0.011271108233038219
3942,1628382_off,-0.008831944876174017
3943,1628382_def,-0.003949546683132863
3944,1628383_off,-0.05171163109713926
3945,1628383_def,-0.010662555073480693
3946,1628384_off,0.028324267334768928
3947,1628384_def,-0.035830599549231824
3948,1628385_off,-0.027081368291478596
3949,1628385_def,-0.0019167778485698079
3950,1628386_off,0.041687669723652176
3951,1628386_def,-0.02928013025181219
3952,1628387_off,-0.014077818321360812
3953,1628387_def,-0.0001452508159803757
3954,1628388_off,-0.015965198346048284
3955,1628388_def,-0.011633540604121764
3956,1628389_off,0.02376226204051559
3957,1628389_def,-0.03920606473889239
3958,1628390_off,-0.015396478403767525
3959,1628390_def,0.00012715459515838523
3960,1628391_off,-0.020204919484464866
3961,1628391_def,-0.011902115415228946
3962,1628392_off,0.048334883174190206
3963,1628392_def,-0.024888636371801665
3964,1628393_off,-0.02223904855509284
3965,1628393_def,-0.029053275119684342
3966,1628394_off,-0.025354311085527468
3967,1628394_def,-0.02554065574120572
3968,1628395_off,0.014653660087409679
3969,1628395_def,-0.010359333400954053
3970,1628396_off,0.018609976357433024
3971,1628396_def,-0.011408245046641783
3972,1628397_off,-0.0077798783313027045
3973,1628397_def,-0.0012917788856424538
3974,1628398_off,0.006872128720639349
3975,1628398_def,-0.006507573823954109
3976,1628399_off,-0.016724671918257668
3977,1628399_def,-0.0028745995658716987
3978,1628400_off,-0.023917348048450963
3979,1628400_def,-0.017525555289954
3980,1628401_off,0.050726364601212784
3981,1628401_def,-0.03993314062149564
3982,1628402_off,0.009631032846036218
3983,1628402_def,-0.003034645718775323
3984,1628403_off,-0.03899082473652936
3985,1628403_def,-0.014282442842095878
3986,1628404_off,0.0460113141411648
3987,1628404_def,-0.017813913870643926
3988,1628405_off,-0.022188098397325183
3989,1628405_def,-0.009616774775219146
3990,1628407_off,-0.009632210068531152
3991,1628407_def,-0.009252236033981735
3992,1628408_off,-0.011374680957615589
3993,1628408_def,-0.03862767834899339
3994,1628409_off,-0.03405989694180147
3995,1628409_def,-0.01895848175475958
3996,1628410_off,-0.0005089029986095756
3997,1628410_def,-0.009258710644419804
3998,1628411_off,-0.00494679651207126
3999,1628411_def,-0.03665864505281401
4000,1628412_off,-0.024503170928571
4001,1628412_def,-0.015236834461023073
4002,1628413_off,-0.04007971830553195
4003,1628413_def,-0.012887871764757922
4004,1628414_off,-0.023699554794919434
4005,1628414_def,-0.030755074064243704
4006,1628415_off,0.039669216524794416
4007,1628415_def,-0.026579116011137372
4008,1628416_off,-0.003456194624459785
4009,1628416_def,-0.008765905365012325
4010,1628417_off,-0.039185157175999616
4011,1628417_def,-0.03157884544581028
4012,1628418_off,0.006819407355174341
4013,1628418_def,0.006505715732421754
4014,1628419_off,-0.027032915013331445
4015,1628419_def,-0.04135699898604475
4016,1628420_off,0.03761833383565512
4017,1628420_def,-0.01944242875019342
4018,1628421_off,-0.044396529480119545
4019,1628421_def,-0.019062301702039527
4020,1628422_off,-0.007497310388555702
4021,1628422_def,-0.01439997350094968
4022,1628424_off,-0.034793644721129134
4023,1628424_def,-0.0003100427709363633
4024,1628425_off,-0.007919854262948531
4025,1628425_def,-0.02187874193839479
4026,1628426_off,-0.018246227585243954
4027,1628426_def,-0.01834000148544318
4028,1628427_off,-0.022466092896440464
4029,1628427_def,-0.006938808020790116
4030,1628429_off,-0.020318960417036756
4031,1628429_def,-0.004247328701044981
4032,1628430_off,-0.014183706944923935
4033,1628430_def,-0.005460383802969631
4034,1628432_off,-0.022867553705330522
4035,1628432_def,-0.008786438177179584
4036,1628435_off,-0.04642384372314301
4037,1628435_def,-0.043135305341684506
4038,1628436_off,0.019534602636278587
4039,1628436_def,-0.01367267456853784
4040,1628439_off,-0.04569918851390545
4041,1628439_def,-0.017578750342420825
4042,1628443_off,-0.01227582791827659
4043,1628443_def,-0.01277113415877141
4044,1628444_off,-0.022993816380889348
4045,1628444_def,-0.012964932913138827
4046,1628449_off,0.04181216270585104
4047,1628449_def,-0.018765294720503374
4048,1628450_off,-0.052066789708075586
4049,1628450_def,-0.03537268795199627
4050,1628451_off,-0.042635281271277053
4051,1628451_def,-0.01827347385860625
4052,1628455_off,-0.01708480495766891
4053,1628455_def,-0.04203934067044147
4054,1628462_off,0.01829687319817529
4055,1628462_def,-0.03675738237322788
4056,1628463_off,-0.02485678309945077
4057,1628463_def,-0.017247459683631377
4058,1628464_off,0.007414421590437745
4059,1628464_def,-0.031207027627628815
4060,1628467_off,0.0011922691733387072
4061,1628467_def,-0.034090762703543
4062,1628469_off,-0.0037976784969071774
4063,1628469_def,-0.004674343755498283
4064,1628470_off,0.007909357661171915
4065,1628470_def,0.014845323173124713
4066,1628475_off,-0.015542190551661804
4067,1628475_def,-0.0063706237755534155
4068,1628476_off,-0.03965760250966694
4069,1628476_def,-0.023335115809837336
4070,1628492_off,-0.036997403383786986
4071,1628492_def,-0.015632565426719175
4072,1628493_off,-0.015867817711168637
4073,1628493_def,-0.005815429015786737
4074,1628495_off,-0.05275666125199423
4075,1628495_def,-0.02064878152849181
4076,1628499_off,-0.04544046899249142
4077,1628499_def,-0.011785744182257103
4078,1628500_off,-0.017904195724590212
4079,1628500_def,-0.0012482158601118435
4080,1628502_off,-0.05176311537286053
4081,1628502_def,-0.026647461788826418
4082,1628503_off,-0.03542699881774579
4083,1628503_def,-0.0283629087471759
4084,1628504_off,-0.04870199001413862
4085,1628504_def,-0.044678131708503016
4086,1628505_off,-0.012868332700894016
4087,1628505_def,-0.003670409252022462
4088,1628506_off,-0.013233718394390633
4089,1628506_def,0.001556503904297497
4090,1628510_off,-0.057049028181468786
4091,1628510_def,-0.01699172255709649
4092,1628513_off,-0.030546965493760063
4093,1628513_def,-0.012672550575033716
4094,1628515_off,-0.03705612951868792
4095,1628515_def,-0.029787981551083625
4096,1628518_off,0.0012475813665602051
4097,1628518_def,-0.007364816965170676
4098,1628537_off,-0.055741371823218866
4099,1628537_def,-0.023459405805862442
4100,1628539_off,0.0018091108833079399
4101,1628539_def,-0.006279389281461584
4102,1628571_off,-0.017221303060958766
4103,1628571_def,-0.003526794759788526
4104,1628578_off,-0.03318113221632067
4105,1628578_def,-0.015789516815730858
4106,1628591_off,-0.04057555913476843
4107,1628591_def,-0.014798509007367676
4108,1628605_off,-0.03751419817038048
4109,1628605_def,-0.0109580685243146
4110,1628656_off,-0.04974599273382599
4111,1628656_def,-0.03481112035907079
4112,1628681_off,-0.049190495620501956
4113,1628681_def,-0.02407424660205046
4114,1628769_off,-0.036624911174377536
4115,1628769_def,-0.014427244765685457
4116,1628778_off,-0.02235057376198988
4117,1628778_def,-0.0090244951955415
4118,1628935_off,-0.010943032758561129
4119,1628935_def,-0.06223560761822361
4120,1628959_off,-0.04123475177060357
4121,1628959_def,-0.017161584760214
4122,1628960_off,0.01955882105147634
4123,1628960_def,-0.0042423964769009725
4124,1628961_off,-0.009686960753455645
4125,1628961_def,-0.009178100026408656
4126,1628962_off,-0.03457243249807339
4127,1628962_def,0.0007261952404523922
4128,1628963_off,0.016033286998794836
4129,1628963_def,-0.007453024479352602
4130,1628964_off,-0.015176343237755251
4131,1628964_def,-0.010902386402142292
4132,1628966_off,0.003478682867446386
4133,1628966_def,-0.0006849202297401109
4134,1628968_off,-0.013984512580651517
4135,1628968_def,-0.005378771276289664
4136,1628969_off,0.04642831517481227
4137,1628969_def,-0.02713624766416524
4138,1628970_off,0.03965223231665395
4139,1628970_def,9.032689690797319e-05
4140,1628971_off,0.033517544109734
4141,1628971_def,-0.002476107442255307
4142,1628972_off,0.0242908679338157
4143,1628972_def,0.006129260963355875
4144,1628973_off,0.07073529414395363
4145,1628973_def,-0.015388524761734919
4146,1628975_off,0.01053743718301891
4147,1628975_def,-0.02135291727176069
4148,1628976_off,-0.009434620582586681
4149,1628976_def,-0.03843763749521636
4150,1628977_off,0.00017648098949726507
4151,1628977_def,-0.024692583296385934
4152,1628978_off,0.03975933086527063
4153,1628978_def,-0.014682387022639435
4154,1628979_off,-0.01645613592741423
4155,1628979_def,-0.003838361879462697
4156,1628980_off,-0.044254530844451065
4157,1628980_def,-0.014725175769513444
4158,1628981_off,-0.030173970993007032
4159,1628981_def,-0.006922407926534162
4160,1628982_off,-0.034540501213055706
4161,1628982_def,0.0031874542221986563
4162,1628983_off,0.06299914582385144
4163,1628983_def,-0.011200146254185799
4164,1628984_off,0.02193919025024049
4165,1628984_def,-0.016022568391524983
4166,1628985_off,-0.032832001744946736
4167,1628985_def,-0.017487824049569094
4168,1628987_off,-0.04838471994357492
4169,1628987_def,-0.014917457491124969
4170,1628988_off,0.029587736844152827
4171,1628988_def,-0.023126129809753482
4172,1628989_off,0.04349779831346331
4173,1628989_def,-0.013254469052606613
4174,1628990_off,-0.0356844935456022
4175,1628990_def,-0.022728666406334044
4176,1628991_off,0.016632715485993713
4177,1628991_def,-0.024642474066219028
4178,1628993_off,-0.005702897040493147
4179,1628993_def,-0.008255001001342499
4180,1628994_off,-0.03993403508817801
4181,1628994_def,-0.00883827662292981
4182,1628995_off,-0.00982137668397419
4183,1628995_def,0.0180581290958343
4184,1628997_off,0.01977263941767898
4185,1628997_def,-0.0163442600379686
4186,1628998_off,0.016134189507604448
4187,1628998_def,-0.0254291900447138
4188,1628999_off,-0.04084969039845429
4189,1628999_def,-0.013825973269710204
4190,1629001_off,0.03639056109062827
4191,1629001_def,-0.021498563381058555
4192,1629002_off,-0.0024763126145965104
4193,1629002_def,-0.004951449580597699
4194,1629003_off,0.018313645187928405
4195,1629003_def,0.002591594155664869
4196,1629004_off,0.02975278905346452
4197,1629004_def,-0.01530038231674212
4198,1629005_off,-0.04239713398836786
4199,1629005_def,-0.013802413838758801
4200,1629006_off,0.010677515139796541
4201,1629006_def,-0.02288763682407974
4202,1629007_off,-0.04057192852103675
4203,1629007_def,-0.0176933648534916
4204,1629008_off,0.05741418015974159
4205,1629008_def,-0.007040938730218244
4206,1629010_off,-0.014606845149685037
4207,1629010_def,-0.010100481235244466
4208,1629011_off,0.033189158720043715
4209,1629011_def,-0.02372604430745185
4210,1629012_off,0.03900906342099919
4211,1629012_def,0.03161059931818497
4212,1629013_off,0.026552147857376394
4213,1629013_def,-0.020452980815313486
4214,1629014_off,0.043475671060685464
4215,1629014_def,0.019209132727529707
4216,1629015_off,-0.037157883818817725
4217,1629015_def,-0.017159790901639226
4218,1629016_off,-0.023411879581639514
4219,1629016_def,-0.006798936290238719
4220,1629017_off,-0.03381845958186302
4221,1629017_def,-0.015651439216630193
4222,1629018_off,0.02788414108933661
4223,1629018_def,0.01598151822235009
4224,1629019_off,-0.014167126236932165
4225,1629019_def,-0.01691058236936966
4226,1629020_off,0.008692263923703442
4227,1629020_def,-0.027159558492363907
4228,1629021_off,0.0070933135350408
4229,1629021_def,0.0010759125531758368
4230,1629022_off,0.006387554888471186
4231,1629022_def,0.004091378734597299
4232,1629023_off,0.03685353194098804
4233,1629023_def,-0.018175549534285816
4234,1629026_off,0.03808656495028426
4235,1629026_def,-0.030794972898999212
4236,1629027_off,0.07711410012806627
4237,1629027_def,0.022804240302411724
4238,1629028_off,0.009493831607126548
4239,1629028_def,-0.018402180308149056
4240,1629029_off,0.0762405533441022
4241,1629029_def,-0.00811558245614899
4242,1629033_off,-0.026903354560457574
4243,1629033_def,-0.013802349664051455
4244,1629034_off,-0.0564579967508958
4245,1629034_def,-0.023521814000730897
4246,1629035_off,-0.036613825287886925
4247,1629035_def,-0.012007913516008939
4248,1629044_off,-0.014715185371668719
4249,1629044_def,-0.003314633156746986
4250,1629045_off,-0.04686207524497349
4251,1629045_def,-0.016001550594984582
4252,1629048_off,0.017990477011391833
4253,1629048_def,-0.011921308028583764
4254,1629052_off,0.038664705889817984
4255,1629052_def,0.006809803667833767
4256,1629053_off,-0.03925484076498549
4257,1629053_def,-0.013024125244763717
4258,1629055_off,-0.01761141729099549
4259,1629055_def,-0.004115002295387838
4260,1629056_off,0.03128121605939291
4261,1629056_def,-0.021521099644361656
4262,1629057_off,0.02068640081822858
4263,1629057_def,-0.0352802026798886
4264,1629058_off,-0.025698194163376455
4265,1629058_def,-0.01588672399068184
4266,1629059_off,-0.03369073610097235
4267,1629059_def,-0.014005622617926162
4268,1629060_off,0.01925311743265619
4269,1629060_def,-0.008601936556549995
4270,1629061_off,-0.052794570134993724
4271,1629061_def,-0.02261822410063488
4272,1629065_off,-0.02715802671927528
4273,1629065_def,-0.040179690136960086
4274,1629066_off,-0.008201568079473802
4275,1629066_def,-0.030197325164130387
4276,1629067_off,-0.022360557280441062
4277,1629067_def,-0.04448123099517689
4278,1629076_off,-0.020827148224812075
4279,1629076_def,-0.006331486811608215
4280,1629083_off,-0.019566761458453385
4281,1629083_def,-0.0031952251157064716
4282,1629091_off,-0.010008904823889619
4283,1629091_def,-0.06511186756322966
4284,1629093_off,-0.01786554688813293
4285,1629093_def,-0.004691000734928358
4286,1629094_off,-0.03633663936098698
4287,1629094_def,-0.014928837335221169
4288,1629102_off,-0.0307636887605796
4289,1629102_def,-0.02178857526357682
4290,1629103_off,-0.022199850347888364
4291,1629103_def,-0.02895651276755435
4292,1629109_off,-0.004024376805854862
4293,1629109_def,-0.0021791581772053325
4294,1629111_off,0.025796913687187898
4295,1629111_def,-0.018807854420037573
4296,1629116_off,-0.042642215658486415
4297,1629116_def,-0.01614017156458998
4298,1629117_off,0.009121009101597296
4299,1629117_def,-0.005164782063849499
4300,1629118_off,-0.0146528592461674
4301,1629118_def,-0.004781156798152577
4302,1629121_off,-0.02818975836602638
4303,1629121_def,-0.01794231554329153
4304,1629122_off,-0.042358770008233196
4305,1629122_def,-0.014817344006026379
4306,1629123_off,-0.041638879443020915
4307,1629123_def,-0.012161931256522391
4308,1629126_off,-0.046627410444046766
4309,1629126_def,-0.024204105393944263
4310,1629130_off,0.04602486351082977
4311,1629130_def,-0.007346165105068695
4312,1629133_off,-0.03923112063527473
4313,1629133_def,-0.01320079743137878
4314,1629134_off,0.013848501314633593
4315,1629134_def,-0.012444587348219698
4316,1629139_off,0.00675454799583106
4317,1629139_def,-0.0022321198848425945
4318,1629140_off,-0.02550509902780966
4319,1629140_def,-0.019480159011237428
4320,1629147_off,-0.04940663664557378
4321,1629147_def,-0.01546953394843187
4322,1629150_off,-0.044294222159361574
4323,1629150_def,-0.013182108936887267
4324,1629151_off,-0.015623089163292914
4325,1629151_def,-0.02091413490707382
4326,1629152_off,-0.013111114151335819
4327,1629152_def,-0.004536281579703501
4328,1629155_off,-0.017514264653762525
4329,1629155_def,-0.004513784556385499
4330,1629162_off,0.007944040849773605
4331,1629162_def,-0.02736460922162156
4332,1629164_off,-0.03854001072281026
4333,1629164_def,-0.00751206271531932
4334,1629168_off,-0.02451808885666276
4335,1629168_def,-0.008345242082855548
4336,1629185_off,-0.017258824210939612
4337,1629185_def,-0.02870732991526993
4338,1629203_off,-0.04297209641468161
4339,1629203_def,-0.0362145269870451
4340,1629216_off,0.008561079182072103
4341,1629216_def,-0.026931231081356855
4342,1629232_off,-0.0421068075401113
4343,1629232_def,-0.014252339128215143
4344,1629234_off,-0.005675816973022583
4345,1629234_def,-0.0030173670687529564
4346,1629244_off,-0.04592978272905865
4347,1629244_def,-0.017479065088762253
4348,1629308_off,-0.006357704147802748
4349,1629308_def,-0.022702648744637743
4350,1629309_off,-0.057397757328248325
4351,1629309_def,-0.035997225507260935
4352,1629312_off,-0.009556039872646957
4353,1629312_def,-0.0058737123122718764
4354,1629346_off,-0.024331704427430587
4355,1629346_def,-0.0045244821494970396
4356,1629353_off,-0.05237224910030582
4357,1629353_def,-0.022350947872956346
4358,1629541_off,-0.0531853306913246
4359,1629541_def,-0.017638267161452722
4360,1629597_off,-0.0598545241402996
4361,1629597_def,-0.017374978545445265
4362,1629598_off,-0.045777538815728366
4363,1629598_def,-0.008755536479250238
4364,1629599_off,0.009085774641688305
4365,1629599_def,0.008007177539649676
4366,1629600_off,-0.012646655409187711
4367,1629600_def,-0.0035434069571763076
4368,1629602_off,-0.014836474819322638
4369,1629602_def,-0.004488722983680557
4370,1629603_off,-0.02870486367023356
4371,1629603_def,-0.024107742287426806
4372,1629604_off,-0.015167755931925628
4373,1629604_def,-0.009407374621630982
4374,1629605_off,-0.01538820519060839
4375,1629605_def,-0.01429941545166584
4376,1629606_off,-0.047437286103694826
4377,1629606_def,-0.01664734855450845
4378,1629607_off,-0.009348388860475301
4379,1629607_def,0.0014320895041263688
4380,1629608_off,-0.010154062898013306
4381,1629608_def,-0.004570773630918137
4382,1629610_off,-0.026280556315972037
4383,1629610_def,-0.010055395857283345
4384,1629611_off,0.02773591386472622
4385,1629611_def,-0.007052823891798999
4386,1629614_off,0.02440775369498345
4387,1629614_def,-0.014150849017486498
4388,1629617_off,-0.03201949557140858
4389,1629617_def,-0.010500792203550281
4390,1629618_off,-0.01207902822230486
4391,1629618_def,-0.0034232645686886835
4392,1629619_off,-0.015504776585743382
4393,1629619_def,-0.00024149621994026295
4394,1629620_off,-0.05411014181987743
4395,1629620_def,-0.014679514802574027
4396,1629621_off,-0.03914975415522677
4397,1629621_def,-0.011493301945488435
4398,1629622_off,0.04178739160500331
4399,1629622_def,-0.011694627321413674
4400,1629623_off,-0.0426456286154792
4401,1629623_def,-0.004123263750926779
4402,1629625_off,-0.05450593580471403
4403,1629625_def,-0.021360820738940113
4404,1629626_off,-0.00928278289082839
4405,1629626_def,-0.007772036379649063
4406,1629627_off,0.058976484397715134
4407,1629627_def,-0.015544855900593159
4408,1629628_off,0.03232995245747478
4409,1629628_def,-0.005494716535833111
4410,1629629_off,-0.017069024111504627
4411,1629629_def,-0.004029289327465765
4412,1629630_off,0.05983389938928749
4413,1629630_def,-0.022775753801515242
4414,1629631_off,0.023255607380812244
4415,1629631_def,-0.020438190364714913
4416,1629632_off,0.04689525293639837
4417,1629632_def,0.0015503105262123264
4418,1629633_off,-0.011596156334859718
4419,1629633_def,-0.016910724961289928
4420,1629634_off,0.0025340277760371142
4421,1629634_def,-0.028407682725640263
4422,1629635_off,-0.00997569217036675
4423,1629635_def,-0.009857229830690054
4424,1629636_off,0.041809908592777466
4425,1629636_def,-0.02298200528698184
4426,1629637_off,-0.005541584924884206
4427,1629637_def,-0.0054555105724147495
4428,1629638_off,0.020827481757306733
4429,1629638_def,-0.00710230621438576
4430,1629639_off,0.038537627755534244
4431,1629639_def,0.0009244040028938
4432,1629640_off,0.03495091783685088
4433,1629640_def,-0.0012926936936721034
4434,1629641_off,-0.021657035030998674
4435,1629641_def,-0.026228759531066664
4436,1629642_off,0.008470773925522722
4437,1629642_def,0.0008388689101867797
4438,1629643_off,-0.019145608070762342
4439,1629643_def,-0.01900659988821077
4440,1629644_off,-0.03261453347832734
4441,1629644_def,-0.013531021658746957
4442,1629645_off,0.009755928973082344
4443,1629645_def,-0.0038161513390952417
4444,1629646_off,-0.02765367722904176
4445,1629646_def,-0.011849152384339196
4446,1629647_off,-0.03497670879653168
4447,1629647_def,-0.017319404468127908
4448,1629648_off,-0.05910373651906575
4449,1629648_def,-0.016051583792076857
4450,1629649_off,-0.017754379290716014
4451,1629649_def,0.003406369996664974
4452,1629650_off,-0.010257090937250413
4453,1629650_def,0.011744571963563676
4454,1629651_off,0.015911241218229153
4455,1629651_def,-0.022069886893918235
4456,1629652_off,0.038662386400174976
4457,1629652_def,-0.02489675153063921
4458,1629653_off,-0.027581772333815462
4459,1629653_def,-0.012479231925714152
4460,1629655_off,0.017916562287076873
4461,1629655_def,-0.007375832266871161
4462,1629656_off,0.012725616503678653
4463,1629656_def,-0.028852055735801466
4464,1629657_off,-0.027525752476947253
4465,1629657_def,-0.0015731918103779434
4466,1629658_off,-0.019025614046665584
4467,1629658_def,-0.0036809460745889193
4468,1629659_off,-0.0022509439008133424
4469,1629659_def,-0.008379734533063277
4470,1629660_off,-0.008403618930005335
4471,1629660_def,-0.01144243018175033
4472,1629661_off,0.022567100875223012
4473,1629661_def,-0.024965944640447314
4474,1629662_off,-0.04336413100265328
4475,1629662_def,-0.00731738541441972
4476,1629663_off,-0.041221761314699776
4477,1629663_def,-0.019719277959578882
4478,1629665_off,-0.020376563266925975
4479,1629665_def,-0.005478639095435455
4480,1629667_off,0.013140240234263613
4481,1629667_def,-0.005860852532446368
4482,1629668_off,-0.03672464260436051
4483,1629668_def,-0.007719224173156105
4484,1629669_off,0.01089575462160812
4485,1629669_def,-0.0029336407251367106
4486,1629670_off,0.004485360082064488
4487,1629670_def,0.01959857199216861
4488,1629671_off,-0.0029624731245052292
4489,1629671_def,-0.01638494539193617
4490,1629672_off,0.0011389030820648585
4491,1629672_def,0.006570009678595119
4492,1629673_off,0.024103762722760234
4493,1629673_def,-0.008270159529992403
4494,1629674_off,-0.011385724340458647
4495,1629674_def,-0.013468492626129413
4496,1629675_off,0.002383556673798047
4497,1629675_def,-0.016064057562559627
4498,1629676_off,-0.01820559522168041
4499,1629676_def,0.004403713345921947
4500,1629677_off,-0.0204797025404687
4501,1629677_def,-0.018607669740218807
4502,1629678_off,-0.02299460610469351
4503,1629678_def,0.00480358114127321
4504,1629680_off,0.007467237043487358
4505,1629680_def,-0.03417381520440856
4506,1629681_off,-0.03173208343261831
4507,1629681_def,-0.023385017191802297
4508,1629682_off,-0.02965030198370392
4509,1629682_def,-0.01599814847085527
4510,1629683_off,-0.03862538789666595
4511,1629683_def,0.0012986731487045506
4512,1629684_off,0.021998592377012034
4513,1629684_def,-0.007666787991607658
4514,1629685_off,-0.029725224977935602
4515,1629685_def,-0.014697769832965519
4516,1629686_off,-0.0425084238970317
4517,1629686_def,-0.010815159854601328
4518,1629690_off,-0.0264894432826069
4519,1629690_def,-0.016405631920337574
4520,1629712_off,-0.05928916283073822
4521,1629712_def,-0.031057046148843977
4522,1629713_off,-0.0384970729554018
4523,1629713_def,-0.010567250722210734
4524,1629714_off,-0.029212119886271717
4525,1629714_def,-0.010542280063552607
4526,1629716_off,-0.0343102350218861
4527,1629716_def,-0.012670913748367332
4528,1629717_off,-0.006462803809179515
4529,1629717_def,-0.009743552623797674
4530,1629718_off,-0.032146776446954385
4531,1629718_def,-0.01188153390858889
4532,1629719_off,-0.01627855712596731
4533,1629719_def,-0.014393693357934296
4534,1629723_off,0.03643622988750469
4535,1629723_def,-0.016170230150513908
4536,1629724_off,-0.03869021857655241
4537,1629724_def,-0.014295928216616526
4538,1629725_off,-0.021434398664998834
4539,1629725_def,0.0033451449735965293
4540,1629726_off,0.021807256748953403
4541,1629726_def,0.0022414398116819695
4542,1629729_off,-0.04047993216664382
4543,1629729_def,-0.012983671858792567
4544,1629730_off,-0.023353475963677463
4545,1629730_def,-0.006645949627733569
4546,1629731_off,-0.004827209316813186
4547,1629731_def,-0.04095728465326731
4548,1629734_off,-0.04223525498298858
4549,1629734_def,-0.014411949168069413
4550,1629735_off,-0.036528026303831396
4551,1629735_def,-0.0026097327677294425
4552,1629738_off,-0.039111381250565444
4553,1629738_def,-0.011198517545470625
4554,1629739_off,-0.04477771073233948
4555,1629739_def,-0.012892556952281056
4556,1629740_off,-0.02634020541925291
4557,1629740_def,-0.016090323339481804
4558,1629741_off,-0.04133862683484359
4559,1629741_def,-0.016726743910391837
4560,1629742_off,-0.017066976313047703
4561,1629742_def,-0.005914802783001259
4562,1629743_off,-0.02948011509494483
4563,1629743_def,-0.016521535718131655
4564,1629744_off,-0.003029793076934153
4565,1629744_def,-0.014808080703456279
4566,1629745_off,-0.04127806662282374
4567,1629745_def,-0.012187942931148322
4568,1629750_off,0.03188130838320359
4569,1629750_def,-0.02694616379115653
4570,1629751_off,-0.05271890789429745
4571,1629751_def,-0.008303534560910394
4572,1629752_off,-0.015341471625232628
4573,1629752_def,-0.006490633609736231
4574,1629755_off,-0.02880980545873245
4575,1629755_def,-0.04732306178352512
4576,1629760_off,-0.02000437091130173
4577,1629760_def,-0.007374831188234499
4578,1629783_off,-0.017465420103487738
4579,1629783_def,-0.003468255258521873
4580,1629788_off,-0.018359432004578527
4581,1629788_def,-0.004194677686921178
4582,1629833_off,-0.03614410863300371
4583,1629833_def,0.011450279394066759
4584,1629873_off,-0.04350686536224273
4585,1629873_def,-0.013468634607770308
4586,1629875_off,-0.028992053796825942
4587,1629875_def,-0.00676512838911041
4588,1629958_off,-0.01674531671891185
4589,1629958_def,-0.004524287181261392
4590,1629962_off,-0.035659782475022
4591,1629962_def,-0.02880816407281701
4592,1630162_off,0.04751907873501284
4593,1630162_def,-0.017942818777446516
4594,1630163_off,0.04747630133148547
4595,1630163_def,-0.007037984754148911
4596,1630164_off,-0.023549160236672754
4597,1630164_def,0.022068587513199702
4598,1630165_off,-0.00795493896806823
4599,1630165_def,-0.001995858513716288
4600,1630166_off,0.025535832418562963
4601,1630166_def,-0.018372274343596028
4602,1630167_off,0.046461385154576436
4603,1630167_def,-0.008882677396643066
4604,1630168_off,0.016594621248246396
4605,1630168_def,-0.01490347696257811
4606,1630169_off,0.06952617057008706
4607,1630169_def,0.004069319890020885
4608,1630170_off,0.011493718255108039
4609,1630170_def,-0.010149247181570942
4610,1630171_off,0.01948530045950269
4611,1630171_def,-0.013077403212331142
4612,1630172_off,0.01578295567999235
4613,1630172_def,-0.009597284372204928
4614,1630173_off,-0.005559679261236211
4615,1630173_def,-0.014781653952283109
4616,1630174_off,0.0322079383734378
4617,1630174_def,-0.006344162036251277
4618,1630175_off,0.03766777580392496
4619,1630175_def,-0.0009365385961988305
4620,1630176_off,-0.03920856514151862
4621,1630176_def,-0.007003044099234275
4622,1630177_off,-0.012056549118013135
4623,1630177_def,0.005609215158089743
4624,1630178_off,0.04190338222096804
4625,1630178_def,-0.007706918903842244
4626,1630179_off,-0.023845890591907153
4627,1630179_def,-0.006697193201855479
4628,1630180_off,0.041582128561863545
4629,1630180_def,0.007674364384793388
4630,1630181_off,-0.011589978408078443
4631,1630181_def,0.020226609772433884
4632,1630182_off,0.023924468077020537
4633,1630182_def,-0.016471985943265075
4634,1630183_off,0.016199389106615104
4635,1630183_def,-0.016726629747414345
4636,1630184_off,-0.020717853930667038
4637,1630184_def,-0.012297849097944187
4638,1630185_off,-0.0417625936453683
4639,1630185_def,-0.0143577827492964
4640,1630186_off,-0.016186995597320914
4641,1630186_def,1.5172172258112217e-05
4642,1630187_off,-0.03525209178770701
4643,1630187_def,-0.006317660449213264
4644,1630188_off,0.018766133579781595
4645,1630188_def,-0.0074778664232065944
4646,1630189_off,-0.022450439373858933
4647,1630189_def,-0.0014237677721951458
4648,1630190_off,-0.028208115486957227
4649,1630190_def,0.013093412817039584
4650,1630191_off,0.010369264258100988
4651,1630191_def,-0.02574107144204974
4652,1630192_off,-0.0047154231262412395
4653,1630192_def,-0.008070397463677888
4654,1630193_off,0.03647825004639123
4655,1630193_def,-0.04648745170608597
4656,1630194_off,0.018989498985277655
4657,1630194_def,-0.012133903150586019
4658,1630195_off,-0.03325007263634542
4659,1630195_def,-0.019810330006617055
4660,1630196_off,-0.016287943912392362
4661,1630196_def,-0.005020508168885501
4662,1630197_off,-0.01630853058957544
4663,1630197_def,-0.006973780969796589
4664,1630198_off,0.036119211704718455
4665,1630198_def,-0.011070629251825892
4666,1630199_off,-0.030250502674567296
4667,1630199_def,-0.013842868593890972
4668,1630200_off,0.04699982953344084
4669,1630200_def,-0.006374747638074503
4670,1630201_off,-0.005834811398896179
4671,1630201_def,0.011466320834600242
4672,1630202_off,0.04646862420158764
4673,1630202_def,0.0019443852527953435
4674,1630203_off,-0.015482593849766576
4675,1630203_def,-0.002927538025348393
4676,1630204_off,-0.029584905922733044
4677,1630204_def,-0.030449701411040198
4678,1630205_off,0.0015916295296960342
4679,1630205_def,-0.0053638123280296615
4680,1630206_off,-0.027173933385863817
4681,1630206_def,-0.007256693856013788
4682,1630207_off,-0.01794526854688112
4683,1630207_def,0.0016813843983244383
4684,1630208_off,-0.0014302979081293292
4685,1630208_def,0.004753260108757755
4686,1630209_off,0.0007159970800096893
4687,1630209_def,0.00121696965199518
4688,1630210_off,-0.011381470796176473
4689,1630210_def,8.78725732785992e-05
4690,1630211_off,-0.04020314361929769
4691,1630211_def,-0.009121715698131388
4692,1630214_off,-0.006885144207166009
4693,1630214_def,-0.020264843080157316
4694,1630215_off,0.0052755181193758945
4695,1630215_def,-0.0032104662057023167
4696,1630216_off,-0.022070375922129227
4697,1630216_def,0.0034377637338159554
4698,1630217_off,0.05367088987673732
4699,1630217_def,-0.027041300606866082
4700,1630218_off,-0.0090403422033889
4701,1630218_def,-0.003878931199545764
4702,1630219_off,-0.011168412326261808
4703,1630219_def,0.008475122474269386
4704,1630221_off,-0.04328761244111616
4705,1630221_def,-0.01870282017118649
4706,1630222_off,-0.0504062394053653
4707,1630222_def,-0.014173061689256642
4708,1630223_off,-0.034980593641738555
4709,1630223_def,-0.024310914728317614
4710,1630224_off,0.02755926343106611
4711,1630224_def,0.002038108335299847
4712,1630225_off,-0.04470212895705302
4713,1630225_def,-0.013160653112045353
4714,1630227_off,-0.019437891312253847
4715,1630227_def,-0.00938036719993006
4716,1630228_off,0.005371075754726114
4717,1630228_def,0.002420840261309301
4718,1630230_off,0.02914250774554205
4719,1630230_def,-0.01679478038156056
4720,1630231_off,0.03292051007347181
4721,1630231_def,0.016941801947478567
4722,1630233_off,-0.012080343749273704
4723,1630233_def,-0.01047498125016796
4724,1630234_off,-0.017010441330440662
4725,1630234_def,-0.0017039307364594858
4726,1630235_off,0.0062029015978876355
4727,1630235_def,-0.0019558266176357003
4728,1630237_off,-0.0022596989630007287
4729,1630237_def,-0.013474490460104249
4730,1630238_off,-0.01687468860417165
4731,1630238_def,-0.006107673172426287
4732,1630240_off,-0.009289759485251806
4733,1630240_def,-0.009180574282619498
4734,1630241_off,-0.005319792850682809
4735,1630241_def,-0.014846389289387127
4736,1630243_off,-0.019215359110985552
4737,1630243_def,-0.013445198254846311
4738,1630245_off,0.014746994840029715
4739,1630245_def,-0.01675765602808081
4740,1630249_off,0.018383614897774556
4741,1630249_def,0.01112177309916149
4742,1630250_off,-0.011570450907931929
4743,1630250_def,-0.006779815604809388
4744,1630253_off,-0.0542666766497096
4745,1630253_def,-0.009584880265143002
4746,1630256_off,0.008058224096759645
4747,1630256_def,-0.021484812130251274
4748,1630257_off,-0.0175488445150946
4749,1630257_def,-0.004641820499946701
4750,1630259_off,-0.011272684170419715
4751,1630259_def,-0.004042803249877868
4752,1630264_off,0.0258468213594333
4753,1630264_def,0.0004528522280841246
4754,1630266_off,-0.018981052973955317
4755,1630266_def,-0.0031961177060609277
4756,1630267_off,-0.01335210122771172
4757,1630267_def,-0.023260177544505913
4758,1630268_off,-0.020272585687282456
4759,1630268_def,-0.0010010509422537079
4760,1630270_off,-0.04345315316129346
4761,1630270_def,-0.012153997844445114
4762,1630271_off,-0.04071504768511246
4763,1630271_def,-0.017364729976673404
4764,1630273_off,-0.03781827855870963
4765,1630273_def,-0.027655306191182075
4766,1630278_off,-0.017970423722278382
4767,1630278_def,-0.004857782184801477
4768,1630284_off,-0.02240017785267888
4769,1630284_def,-0.021484492823709796
4770,1630285_off,-0.0013963320743079289
4771,1630285_def,-0.03859951116354519
4772,1630286_off,-0.03821097207353946
4773,1630286_def,-0.014605036196275935
4774,1630288_off,-0.029722130305906265
4775,1630288_def,-0.014090138131121848
4776,1630296_off,-0.021246494711919934
4777,1630296_def,-0.016346146794010828
4778,1630306_off,-0.044290427715537845
4779,1630306_def,-0.014627429554460867
4780,1630311_off,-0.017603085137856085
4781,1630311_def,-0.002556164045938346
4782,1630314_off,-0.0357494224572793
4783,1630314_def,-0.005941668322987374
4784,1630322_off,0.0007338481667345936
4785,1630322_def,-0.0062415628472743965
4786,1630346_off,-0.01903156989077994
4787,1630346_def,-0.01742826224069098
4788,1630466_off,-0.03686088058948638
4789,1630466_def,-0.013926199095021158
4790,1630492_off,-0.02260433082208761
4791,1630492_def,-0.006388653326192161
4792,1630525_off,-0.018341654496777715
4793,1630525_def,-0.004273070919902973
4794,1630526_off,-0.02378744421130227
4795,1630526_def,-0.010241873936657988
4796,1630527_off,-0.038247328657420365
4797,1630527_def,-0.004146678236346809
4798,1630528_off,-0.020755304196125035
4799,1630528_def,0.018293991762493
4800,1630529_off,0.045790996785756766
4801,1630529_def,-0.0477389515747403
4802,1630530_off,0.026061822546282906
4803,1630530_def,-0.011177284046289235
4804,1630531_off,-0.006154136186998888
4805,1630531_def,-0.0017985159645131513
4806,1630532_off,0.05970014802025833
4807,1630532_def,-0.04336887940773515
4808,1630533_off,-0.005211750637521398
4809,1630533_def,-0.010306452440325768
4810,1630534_off,0.02827705790582531
4811,1630534_def,-0.00857847587874572
4812,1630535_off,-0.03984388985912423
4813,1630535_def,-0.005209820969038299
4814,1630536_off,-0.027488985105119858
4815,1630536_def,-0.002271707178544673
4816,1630537_off,-0.00605296410756026
4817,1630537_def,-0.01886193162580856
4818,1630538_off,0.033931518267361745
4819,1630538_def,-0.00044026180987565347
4820,1630539_off,-0.013590690106203597
4821,1630539_def,-0.010975306811608763
4822,1630540_off,0.0061020879311056535
4823,1630540_def,-0.020212281098029413
4824,1630541_off,0.00225659180532322
4825,1630541_def,-0.002214167571812876
4826,1630543_off,0.004337377094649552
4827,1630543_def,-0.002387274609635384
4828,1630544_off,0.01053951415359802
4829,1630544_def,-0.011589511143135046
4830,1630547_off,-0.022710228240822715
4831,1630547_def,-0.0077873195750255845
4832,1630548_off,-0.01464814058413304
4833,1630548_def,-0.01587614296673962
4834,1630549_off,0.015726685591176005
4835,1630549_def,-0.005329293639433744
4836,1630550_off,0.0021596204495715338
4837,1630550_def,-0.01036489322552818
4838,1630551_off,-0.005715458837967957
4839,1630551_def,0.0005331699136980859
4840,1630552_off,-0.0017820574208967863
4841,1630552_def,-0.024335319131906556
4842,1630553_off,-0.015218173805296215
4843,1630553_def,0.022774999169886456
4844,1630554_off,-0.015388377371856322
4845,1630554_def,-0.008271194550217366
4846,1630555_off,-0.018307294578819244
4847,1630555_def,-0.0053400523159354025
4848,1630556_off,-0.0012960499936202144
4849,1630556_def,0.0012901491273212395
4850,1630557_off,0.04101004770296527
4851,1630557_def,0.023202453730244314
4852,1630558_off,0.0019514638472232226
4853,1630558_def,-0.023728907344301196
4854,1630559_off,0.031135537246322856
4855,1630559_def,-0.02142823598593275
4856,1630560_off,0.00417422904533225
4857,1630560_def,0.015685922971770662
4858,1630561_off,-0.03099998891953755
4859,1630561_def,-0.008128662500388918
4860,1630562_off,-0.05420819521014303
4861,1630562_def,-0.02433165780057098
4862,1630563_off,-0.016864729873626375
4863,1630563_def,-0.02351797356169428
4864,1630564_off,-0.03702628235532536
4865,1630564_def,-0.027657889178336004
4866,1630565_off,-0.01815945025693285
4867,1630565_def,-0.0022163995186075245
4868,1630567_off,0.03143487825098203
4869,1630567_def,-0.01409713372345451
4870,1630568_off,0.00865288630739966
4871,1630568_def,0.0011291646029422554
4872,1630570_off,0.010542614768594527
4873,1630570_def,0.015433368992790904
4874,1630572_off,-0.006349213263902791
4875,1630572_def,-0.002120084082855543
4876,1630573_off,0.034143679718478384
4877,1630573_def,-0.024038886417718834
4878,1630575_off,-0.01740187455966763
4879,1630575_def,-0.004339566958354495
4880,1630577_off,0.01136705044277244
4881,1630577_def,-0.005439889160273395
4882,1630578_off,0.027530164838666257
4883,1630578_def,-0.011093337050038782
4884,1630579_off,-0.015685788380777377
4885,1630579_def,-0.013075466598722737
4886,1630580_off,-0.03044320090619974
4887,1630580_def,-0.013812480186299068
4888,1630581_off,0.024780150869252164
4889,1630581_def,-0.006151206735691493
4890,1630582_off,-0.04686059016896214
4891,1630582_def,-0.013276074206083687
4892,1630583_off,0.014360218940428788
4893,1630583_def,-0.009557496941639928
4894,1630585_off,-0.03642642620855149
4895,1630585_def,-0.020681618243287618
4896,1630586_off,-0.0174214738836518
4897,1630586_def,0.0011081993337317426
4898,1630587_off,0.008880572606101204
4899,1630587_def,-0.007162611384728335
4900,1630589_off,-0.017132305417432242
4901,1630589_def,-0.002979198199687665
4902,1630590_off,-0.020152846993543767
4903,1630590_def,-0.030874857707203794
4904,1630591_off,0.009690843516771647
4905,1630591_def,-0.026130934625199078
4906,1630592_off,-0.007730419499383301
4907,1630592_def,-0.017079305778606984
4908,1630593_off,-0.04440298730726368
4909,1630593_def,-0.006525860613227785
4910,1630595_off,0.023726065771068183
4911,1630595_def,-0.018740801838517854
4912,1630596_off,0.015915722112432716
4913,1630596_def,-0.04951381466720003
4914,1630598_off,0.026791940611348444
4915,1630598_def,-0.004872310092909128
4916,1630600_off,-0.032385699508642674
4917,1630600_def,-0.01142679960854914
4918,1630602_off,-0.04620073510363586
4919,1630602_def,-0.047265115313140114
4920,1630604_off,-0.015757118061754616
4921,1630604_def,-0.0025184585823299884
4922,1630605_off,-0.016725028841991656
4923,1630605_def,-0.0030356037500059094
4924,1630606_off,-0.0546722024439855
4925,1630606_def,-0.018608542738089373
4926,1630608_off,-0.015585631506189468
4927,1630608_def,-0.004126440857174498
4928,1630610_off,-0.04972404263504569
4929,1630610_def,-0.030905561688392397
4930,1630611_off,-0.020143931746497232
4931,1630611_def,-0.006816244111491806
4932,1630612_off,-0.022914954535245023
4933,1630612_def,-0.006770906477557466
4934,1630613_off,-0.00038659771778294313
4935,1630613_def,-0.011140945644494629
4936,1630618_off,-0.04558511308222606
4937,1630618_def,-0.011044097992332247
4938,1630620_off,-0.03847047993750666
4939,1630620_def,-0.013162559736451238
4940,1630622_off,-0.01680552887638658
4941,1630622_def,-0.00445835043586862
4942,1630624_off,-0.01933759431139522
4943,1630624_def,-0.005577045148680909
4944,1630625_off,-0.010976273600925908
4945,1630625_def,-0.002709448978065245
4946,1630631_off,0.02944017974312503
4947,1630631_def,-0.03879051495600497
4948,1630637_off,-0.03227852378501093
4949,1630637_def,-0.013344757207924796
4950,1630639_off,-0.01636589179497831
4951,1630639_def,-0.006905224423261694
4952,1630640_off,-0.01876655583423397
4953,1630640_def,-0.0053961539498653815
4954,1630641_off,-0.06557989852111931
4955,1630641_def,-0.01324116790095795
4956,1630643_off,-0.024353879105687135
4957,1630643_def,-0.013184032940968147
4958,1630644_off,-0.0431955016970042
4959,1630644_def,-0.034591729520614234
4960,1630647_off,-0.017914542470461557
4961,1630647_def,-0.001433899120872403
4962,1630648_off,-0.03828223520987675
4963,1630648_def,-0.015130440798241338
4964,1630649_off,-0.042594099546078366
4965,1630649_def,-0.0166263852495796
4966,1630658_off,-0.019211693498421056
4967,1630658_def,0.0008360032723649376
4968,1630678_off,-0.007532169621400835
4969,1630678_def,0.00380111182919508
4970,1630686_off,-0.049646707617505795
4971,1630686_def,-0.013381977552996568
4972,1630688_off,-0.011241333589100413
4973,1630688_def,-0.03275878155231025
4974,1630691_off,-0.039595692751581354
4975,1630691_def,-0.02038171864526421
4976,1630692_off,-0.002326444934371768
4977,1630692_def,-0.018303418539440446
4978,1630693_off,-0.01843995938415122
4979,1630693_def,-0.00483470186621582
4980,1630695_off,-0.04565256492284131
4981,1630695_def,-0.017447573564515317
4982,1630696_off,-0.05647905513906727
4983,1630696_def,-0.02243463756124865
4984,1630698_off,-0.031180641348817952
4985,1630698_def,-0.003514145538203212
4986,1630699_off,-0.019818982619100065
4987,1630699_def,0.003429316438528243
4988,1630700_off,0.01514269537142399
4989,1630700_def,-0.026660019351220126
4990,1630701_off,-0.018385994607038
4991,1630701_def,-0.004232579136307115
4992,1630702_off,-0.00021223679408021584
4993,1630702_def,0.01375142511211207
4994,1630703_off,0.009528246690865355
4995,1630703_def,0.002836162612768818
4996,1630758_off,-0.051620261052286114
4997,1630758_def,-0.01928649235265393
4998,1630787_off,-0.04464281805226179
4999,1630787_def,-0.03330302864842799
5000,1630792_off,-0.028167890959961656
5001,1630792_def,-0.010276622785640335
5002,1630846_off,-0.023285079441027097
5003,1630846_def,-0.020764083771834033
5004,1630929_off,-0.03337443224812335
5005,1630929_def,-0.012006102838773788
5006,1630994_off,-0.04854739205976577
5007,1630994_def,-0.02278853585082475
5008,1631093_off,0.030370644903124383
5009,1631093_def,0.014564122530808556
5010,1631094_off,0.05659129702922513
5011,1631094_def,-0.008101614016684196
5012,1631095_off,0.029583538924651608
5013,1631095_def,-0.007541074501031194
5014,1631096_off,0.04539181286034803
5015,1631096_def,-0.03873508078523443
5016,1631097_off,0.019002012126900655
5017,1631097_def,-0.004742034859124444
5018,1631098_off,-0.034865073937022394
5019,1631098_def,-0.006087079568620078
5020,1631099_off,0.05900771513024282
5021,1631099_def,-0.016502433651238914
5022,1631100_off,-0.0010725308801398867
5023,1631100_def,-0.015035713933162238
5024,1631101_off,0.02359940354490412
5025,1631101_def,-0.002056430857991294
5026,1631102_off,-0.043540240109318264
5027,1631102_def,-0.016504352284579474
5028,1631103_off,0.010745979546273907
5029,1631103_def,0.009077670142864362
5030,1631104_off,-0.016517347512146008
5031,1631104_def,-0.005652783161857843
5032,1631105_off,0.024004608124655373
5033,1631105_def,-0.017680326065225967
5034,1631106_off,0.021045721016267744
5035,1631106_def,-0.03758616234960264
5036,1631107_off,-0.0023123616493293565
5037,1631107_def,-0.0317811646199531
5038,1631108_off,-0.02140722825434121
5039,1631108_def,-0.015304380382573817
5040,1631109_off,-0.008916746004865753
5041,1631109_def,-0.03580235512019575
5042,1631110_off,0.01849100055004633
5043,1631110_def,-0.013690346669082306
5044,1631111_off,-0.014779095179795736
5045,1631111_def,0.000460501446585904
5046,1631112_off,-0.0220784411730581
5047,1631112_def,-0.0071606520131982584
5048,1631113_off,-0.02575943093895492
5049,1631113_def,-0.006881004802112909
5050,1631114_off,0.045447151932240124
5051,1631114_def,-0.029806951360909745
5052,1631115_off,-0.020998677004384868
5053,1631115_def,-0.011739724572124603
5054,1631116_off,-0.02414236863417864
5055,1631116_def,-0.007834305112229527
5056,1631117_off,0.0256052312166189
5057,1631117_def,-0.02429680606027019
5058,1631119_off,-0.0018109176964714417
5059,1631119_def,-0.016604800620818757
5060,1631120_off,-0.03202934517018108
5061,1631120_def,-0.012803330619305003
5062,1631121_off,-0.020152075800408627
5063,1631121_def,-0.004846125662701702
5064,1631123_off,-0.05592020858983527
5065,1631123_def,-0.017363400233651165
5066,1631124_off,-0.023712960944324832
5067,1631124_def,-0.0034592081275211187
5068,1631128_off,-0.006934300584146673
5069,1631128_def,-0.017573822531228415
5070,1631131_off,-0.03520354550308973
5071,1631131_def,-0.015777199345572302
5072,1631132_off,-0.01873558637573141
5073,1631132_def,-0.036090034503678134
5074,1631133_off,0.00899643298051521
5075,1631133_def,0.009064249229506854
5076,1631157_off,-0.03379979464960565
5077,1631157_def,-0.01945454414464592
5078,1631159_off,-0.011235798794769625
5079,1631159_def,-0.004741284540302998
5080,1631160_off,-0.04476607861282636
5081,1631160_def,-0.009762165078028696
5082,1631165_off,-0.00920756022293642
5083,1631165_def,-0.026496561751438823
5084,1631167_off,-0.015496444730804672
5085,1631167_def,-0.004152677382280374
5086,1631169_off,0.006383954384134791
5087,1631169_def,-0.004676390008242158
5088,1631170_off,0.02869206021109965
5089,1631170_def,-0.03180995830668803
5090,1631172_off,-0.01504916230898407
5091,1631172_def,-0.012389826599917747
5092,1631173_off,-0.030826666665207864
5093,1631173_def,-0.006349724684013857
5094,1631197_off,-0.016091852211626345
5095,1631197_def,-0.012946174652001739
5096,1631199_off,-0.03022244353115116
5097,1631199_def,-0.012629912333265275
5098,1631200_off,0.005898973067832245
5099,1631200_def,-0.02499630485331513
5100,1631204_off,-0.006928211254676155
5101,1631204_def,-0.0037048300174693932
5102,1631205_off,-0.021673245162202485
5103,1631205_def,-0.014380892383111455
5104,1631207_off,0.0047749049885894845
5105,1631207_def,-0.005932682022169313
5106,1631209_off,-0.01813990527383548
5107,1631209_def,-0.004102138671688305
5108,1631210_off,-0.019387900443153902
5109,1631210_def,-0.0008953010710595088
5110,1631211_off,-0.02098318725551785
5111,1631211_def,-0.002796340442788881
5112,1631212_off,-0.017215699179838992
5113,1631212_def,-0.01524963843808022
5114,1631213_off,-0.013347139109416331
5115,1631213_def,-0.0021670351473068146
5116,1631214_off,-0.022051005723619836
5117,1631214_def,-0.0032465256216568186
5118,1631216_off,-0.0023960849389434956
5119,1631216_def,-0.004336480484305565
5120,1631217_off,-0.021632853878212187
5121,1631217_def,-0.004333018966239218
5122,1631218_off,-0.02108245274981621
5123,1631218_def,-0.003968195256551859
5124,1631219_off,-0.04364325722288447
5125,1631219_def,-0.016630486609748127
5126,1631220_off,-0.028149195620031913
5127,1631220_def,-0.017863319834476817
5128,1631221_off,-0.025797715878326098
5129,1631221_def,-0.010548829140392721
5130,1631222_off,-0.00795953870088181
5131,1631222_def,-0.005341036250984855
5132,1631223_off,-0.0068421191647314965
5133,1631223_def,-0.0014148887544887905
5134,1631230_off,-0.007957199181509889
5135,1631230_def,0.002543554328115911
5136,1631241_off,-0.04274508018763241
5137,1631241_def,-0.016814574114433375
5138,1631243_off,-0.06303905339833668
5139,1631243_def,-0.01969670917195038
5140,1631245_off,-0.04249385290549754
5141,1631245_def,-0.02215518484137306
5142,1631246_off,0.004245046621427533
5143,1631246_def,-0.03355235266133625
5144,1631250_off,-0.02211400641358171
5145,1631250_def,-0.0032381191633514524
5146,1631254_off,-0.01975529060537191
5147,1631254_def,0.0035998640479512727
5148,1631257_off,-0.012568627807187397
5149,1631257_def,0.0014647538998940174
5150,1631260_off,-0.01161975326896656
5151,1631260_def,-0.0029268680000552032
5152,1631262_off,-0.024959531394270665
5153,1631262_def,-0.012993926832041
5154,1631288_off,-0.03370114677968939
5155,1631288_def,-0.021276287621425388
5156,1631298_off,-0.03969453889436328
5157,1631298_def,-0.008895366562062764
5158,1631303_off,-0.03847442979146372
5159,1631303_def,-0.012588867204232768
5160,1631306_off,-0.03245738496683657
5161,1631306_def,-0.009022385437226985
5162,1631309_off,-0.03896633044568904
5163,1631309_def,-0.01402420884456345
5164,1631311_off,-0.02599739339621698
5165,1631311_def,-0.021525312893752587
5166,1631320_off,-0.01891308932383292
5167,1631320_def,-0.003562213555213292
5168,1631321_off,-0.04615628725622922
5169,1631321_def,-0.027717459020326556
5170,1631323_off,0.007384866473650678
5171,1631323_def,-0.016141454244754695
5172,1631338_off,-0.0679978705847609
5173,1631338_def,-0.01937296323999272
5174,1631367_off,-0.018027645025289453
5175,1631367_def,-0.006460876908699063
5176,1631376_off,-0.017946400896129262
5177,1631376_def,-0.0046489259991276555
5178,1631386_off,-0.055017779632887454
5179,1631386_def,-0.019455637606880245
5180,1631466_off,-0.013926268062183632
5181,1631466_def,-0.007144484948953717
5182,1631495_off,-0.015813133763924264
5183,1631495_def,-0.005394914621148684
5184,1641645_off,-0.032539200813733016
5185,1641645_def,-0.02287955550248695
5186,1641705_off,0.010147772725006825
5187,1641705_def,-0.04987929985329564
5188,1641706_off,0.014696782333390168
5189,1641706_def,-0.006960845441268272
5190,1641707_off,-0.006702978718952549
5191,1641707_def,-0.02626392232241005
5192,1641708_off,0.005250907327659808
5193,1641708_def,-0.03336687192497538
5194,1641709_off,0.008575134319553753
5195,1641709_def,-0.03418012090320812
5196,1641710_off,-0.027512325836546326
5197,1641710_def,-0.02846091572403452
5198,1641711_off,-0.03174778687256692
5199,1641711_def,0.0014860579229047724
5200,1641712_off,-0.016503829986101053
5201,1641712_def,-0.012103198433978082
5202,1641713_off,0.012754464262453864
5203,1641713_def,-0.026920647815403355
5204,1641715_off,-0.01330791025524745
5205,1641715_def,-0.017600406300383693
5206,1641716_off,-0.018868730740343495
5207,1641716_def,-0.017454898336255055
5208,1641717_off,0.007558031755508864
5209,1641717_def,-0.03120732091464964
5210,1641718_off,0.001777364561424832
5211,1641718_def,-0.007141456089281
5212,1641720_off,-0.04336272075610099
5213,1641720_def,-0.008872763877803986
5214,1641721_off,-0.0291717696533485
5215,1641721_def,-0.0014945674877594672
5216,1641722_off,0.010470236854258283
5217,1641722_def,-0.0027379288275698743
5218,1641723_off,-0.05763077031770955
5219,1641723_def,-0.02403054396890305
5220,1641724_off,-0.01681883340506316
5221,1641724_def,-0.005463594571528714
5222,1641726_off,0.026070343979891577
5223,1641726_def,-0.031030299045765965
5224,1641727_off,-0.05286205472049521
5225,1641727_def,-0.01917305572398971
5226,1641729_off,-0.014238200031513017
5227,1641729_def,-0.0003215377700771446
5228,1641730_off,-0.043443653553116746
5229,1641730_def,-0.026832507518658233
5230,1641731_off,-0.020502673048964002
5231,1641731_def,-0.009997122475056162
5232,1641732_off,-0.029748600590753703
5233,1641732_def,-0.015662667668112557
5234,1641733_off,-0.04183668148368843
5235,1641733_def,0.000736585740040506
5236,1641734_off,-0.0451624748118149
5237,1641734_def,-0.00019496528225726364
5238,1641735_off,-0.028435636387012762
5239,1641735_def,-0.009194536875589614
5240,1641738_off,-0.02433403327926582
5241,1641738_def,0.0023225935506329207
5242,1641739_off,-0.003758574523513674
5243,1641739_def,-0.03818901551325109
5244,1641741_off,-0.01834307695850935
5245,1641741_def,-0.008256378383638479
5246,1641745_off,-0.03757045972870432
5247,1641745_def,-0.013084873265234696
5248,1641748_off,-0.03368275114715095
5249,1641748_def,0.005629172744032476
5250,1641749_off,-0.03687980080496707
5251,1641749_def,-0.011803288367544932
5252,1641753_off,-0.012632502870404856
5253,1641753_def,-0.0008023510270508871
5254,1641754_off,-0.039980027257613
5255,1641754_def,-0.010235568942738624
5256,1641757_off,-0.0159816561876384
5257,1641757_def,-0.0018412078953568061
5258,1641763_off,-0.021694168420424802
5259,1641763_def,-0.009154459702918468
5260,1641764_off,0.041278932294799384
5261,1641764_def,-0.02751057111552197
5262,1641765_off,-0.033011375288591015
5263,1641765_def,-0.003107157073824763
5264,1641766_off,-0.02993357488866867
5265,1641766_def,-0.01554065724238677
5266,1641767_off,0.009339058948129367
5267,1641767_def,-0.012862668739079104
5268,1641771_off,-0.012182648143711217
5269,1641771_def,-0.00251288797887521
5270,1641774_off,-0.04139437976525994
5271,1641774_def,-0.04264105176745686
5272,1641775_off,-0.02801186644183994
5273,1641775_def,-0.018702249037301603
5274,1641778_off,-0.037901289979759126
5275,1641778_def,-0.0163553653653769
5276,1641787_off,-0.03115717780152089
5277,1641787_def,-0.03379205888883936
5278,1641788_off,-0.0444641280785677
5279,1641788_def,-0.008386979346753616
5280,1641793_off,-0.040755134294347545
5281,1641793_def,-0.008678234597363062
5282,1641806_off,-0.016929763763873937
5283,1641806_def,-0.005171012425412771
5284,1641809_off,-0.03216494474165976
5285,1641809_def,-0.011864370110945995
5286,1641816_off,-0.0139305749814941
5287,1641816_def,-0.004983411299711924
5288,1641847_off,-0.014417704785305262
5289,1641847_def,-0.004310211397311197
5290,1641851_off,-0.02961034141102615
5291,1641851_def,-0.043826619000511546
5292,1641854_off,-0.008951748843687855
5293,1641854_def,-0.007892532568961707
5294,1641871_off,0.011206343510691358
5295,1641871_def,-0.007675407475365728
5296,1641877_off,-0.06355851341494403
5297,1641877_def,-0.009853323218190596
5298,1641926_off,-0.041211466123420214
5299,1641926_def,-0.014138275673784784
5300,1641931_off,-0.045600272417307866
5301,1641931_def,-0.014618374232484396
5302,1641970_off,-0.0498966030061947
5303,1641970_def,-0.035173876783383906
5304,1641998_off,-0.014284060280576126
5305,1641998_def,-0.02570830263231677
5306,1642013_off,-0.05600674755123324
5307,1642013_def,-0.030140522644868026
5308,META_home,0.019351925773591877
5309,META_rb_margin,-0.00293360015711711
5310,META_playoff,0.004010774527346021
