PLAYER_ID,Name,Start_Season,End_Season,Poss_Weighted_Age,Total_Poss,Peak_3yr_RAPM,Peak_3yr_Off,Peak_3yr_Def,Peak_3yr_RAPM_at_Ref
201939,Stephen Curry,2016,2018,28.875630525573573,36874.0,7.376699814243952,6.001684406365129,-1.3750154078788224,7.612573457827517
2544,LeBron James,2015,2017,31.034213268496007,40306.0,6.975588948466661,5.61634334803081,-1.3592456004358506,7.921272281567426
203110,Draymond Green,2015,2017,25.988563431935532,41446.0,6.261212774977087,2.993906275896251,-3.267306499080836,6.356360659891102
406,Shaquille O'Neal,2000,2002,28.909156022442403,41885.0,6.162503469381,5.002614797220935,-1.1598886721600659,6.408546090829952
1495,Tim Duncan,2001,2003,26.04541478685204,43444.0,5.915898869947529,2.7256346363033988,-3.19026423364413,6.007444041855879
203999,Nikola Jokic,2022,2024,28.013426299412238,34708.0,5.891859274784027,4.678878737083992,-1.212980537700035,5.987794385783104
1938,Manu Ginobili,2005,2007,27.971844396082698,29408.0,5.868602497776245,3.792742334041648,-2.075860163734597,5.964400301831624
959,Steve Nash,2006,2008,32.94408945686901,38186.0,5.75755294541276,5.763523799332837,0.005970853920076349,7.733229449099312
101108,Chris Paul,2015,2017,30.859447221960192,31803.0,5.728757134062589,4.1622359483871385,-1.5665211856754497,6.59874857592365
202695,Kawhi Leonard,2020,2022,29.4762007788836,18488.0,5.574623295196902,4.038942137946836,-1.535681157250066,5.937753866346725
708,Kevin Garnett,2002,2004,27.061312167771064,41199.0,5.398510108011676,3.620748091806309,-1.7777620162053667,5.436970728118323
1717,Dirk Nowitzki,2003,2005,25.977248870987427,40965.0,5.374042851114329,4.552591940454206,-0.8214509106601234,5.47462469315737
201142,Kevin Durant,2019,2021,30.677233861693086,19999.0,5.224249289634699,4.440654863459916,-0.7835944261747819,6.030916646006732
203507,Giannis Antetokounmpo,2019,2021,24.984340177695895,33653.0,5.15396246668272,2.2876816356269236,-2.866280831055797,5.432515345770327
1628369,Jayson Tatum,2022,2024,24.90175447428701,39727.0,5.042234238817069,3.5993462924914765,-1.4428879463255917,5.335878178642846
202331,Paul George,2019,2021,29.916704129471455,31142.0,4.9485581718324685,2.7591887169244456,-2.1893694549080225,5.470331264555079
201950,Jrue Holiday,2021,2023,31.94579547887798,32691.0,4.930910183893879,3.5776299806084477,-1.3532802032854303,6.321639557544789
2548,Dwyane Wade,2009,2011,28.030758188005105,37616.0,4.826050715388236,4.127977262581643,-0.6980734528065927,4.927502205038119
203954,Joel Embiid,2021,2023,28.081994459833794,28880.0,4.599348034275723,2.7652568273807554,-1.8340912068949675,4.703167092399881
203957,Dante Exum,2022,2024,28.0,4572.0,4.571407657887549,3.298449000434239,-1.2729586574533098,4.630243137011678
200768,Kyle Lowry,2016,2018,30.939096935017847,35302.0,4.568449334751944,3.5504744054956485,-1.0179749292562958,5.475280916236093
297,Alonzo Mourning,1997,1999,27.846972535576196,25087.0,4.554633185564403,1.76010958645458,-2.794523599109824,4.635245840512084
977,Kobe Bryant,2008,2010,29.961042373809263,45665.0,4.509040564690769,3.6512590670345912,-0.8577814976561785,5.04136342588487
201566,Russell Westbrook,2014,2016,26.165715906583884,31729.0,4.420633508869616,4.218466865051335,-0.20216664381828123,4.499737533567278
201935,James Harden,2018,2020,28.987916198048804,38233.0,4.348984562500898,4.015830045304043,-0.3331545171968549,4.611756073800216
252,Karl Malone,1997,1999,33.838091075477365,36607.0,4.333947946912304,3.5657583558479846,-0.7681895910643198,6.912299990917271
1628401,Derrick White,2022,2024,27.954628169355818,32972.0,4.283961741332882,2.2100325826550073,-2.0739291586778745,4.373569365613609
202691,Klay Thompson,2015,2017,26.010263536409955,41019.0,4.2226126571502824,3.0432299032343044,-1.179382753915978,4.316090280923764
1885,Lamar Odom,2008,2010,28.943246573232713,38958.0,4.149435694348462,1.7584957916931212,-2.390939902655341,4.404350687964888
467,Jason Kidd,2003,2005,30.862346368715084,35800.0,4.147432150541931,2.397233566963108,-1.750198583578823,5.019090653670184
951,Ray Allen,2008,2010,33.01501375021678,40363.0,4.141525927027282,2.917162576528476,-1.2243633504988058,6.163043303695132
203497,Rudy Gobert,2020,2022,28.958485837702376,30327.0,4.118473726242404,1.7273441513446506,-2.3911295748977532,4.374493717320891
1897,Metta World Peace,2004,2006,24.86696110685475,22189.0,4.087173614077611,1.8963046318712626,-2.1908689822063483,4.407963075753941
2730,Dwight Howard,2009,2011,23.948291973834493,38524.0,4.073064774893398,1.8994279807181527,-2.1736367941752452,4.662198174376284
202710,Jimmy Butler,2018,2020,29.064334669597827,30932.0,4.061114509975401,2.719688020165003,-1.341426489810399,4.340752799628232
739,Rasheed Wallace,1998,2000,24.043671472873175,31279.0,4.053379207798123,1.696205266554132,-2.357173941243992,4.614720454125864
764,David Robinson,1998,2000,32.99366057515229,28236.0,3.9964104727772938,1.6068504408483288,-2.3895600319289647,6.005995363625081
2555,Nick Collison,2011,2013,30.985183004611912,20382.0,3.9749116254966617,2.5304566187255935,-1.4444550067710684,4.900612695020233
201144,Mike Conley,2011,2013,23.984666097654294,33977.0,3.8878348675694934,2.61403283807681,-1.273802029492683,4.4675334084082765
202681,Kyrie Irving,2022,2024,31.137899423782084,22908.0,3.868118758787529,3.620887744655886,-0.24723101413164306,4.856253273331646
2397,Yao Ming,2009,2011,28.06744394618834,11150.0,3.8380528668832143,1.7935282969245128,-2.044524569958701,3.91209677862441
1713,Vince Carter,2000,2002,23.89395726077828,34769.0,3.776118525560511,3.4189913780471035,-0.35712714751340763,4.381389610077137
1626164,Devin Booker,2021,2023,24.90298484985392,33201.0,3.74215170543205,3.753367309842647,0.011215604410597137,4.036726678388802
896,Tim Hardaway,1997,1999,30.78705661973533,33098.0,3.7307971562874296,2.2363813643173707,-1.4944157919700594,4.566714376836571
203081,Damian Lillard,2018,2020,27.991202663562785,36943.0,3.7206530798812767,3.415597652610508,-0.30505542727076873,3.812889781129276
1497,Chauncey Billups,2006,2008,29.941482886504545,35323.0,3.7197117728995326,3.027193055479465,-0.692518717420067,4.246005241722915
201980,Danny Green,2014,2016,28.019040281752147,27258.0,3.6683434603807905,1.6454229608491404,-2.02292049953165,3.765596982972773
389,Toni Kukoc,1997,1999,28.93011681474169,24312.0,3.656705989669247,1.743876740542374,-1.912829249126873,3.901646802441433
201988,Patty Mills,2014,2016,25.994928287069857,18337.0,3.6257130520696337,1.8970662334636095,-1.7286468186060244,3.7302132970334103
1515,Anthony Parker,2005,2007,32.0,10273.0,3.597545586084589,2.4874362446963616,-1.1101093413882273,4.983992145603535
302,Mookie Blaylock,1997,1999,30.83564427836234,30507.0,3.596927894249482,1.8540165707962957,-1.7429113234531863,4.455480914199386
2738,Andre Iguodala,2013,2015,29.962714205009103,31862.0,3.5772687556142975,1.4972035615578774,-2.0800651940564197,4.1126864126096105
2572,Josh Howard,2005,2007,25.9656416642718,31317.0,3.551764884673017,2.4278541146133845,-1.1239107700596325,3.6523914978038046
1718,Paul Pierce,2007,2009,30.192125388932507,34389.0,3.5212829159076873,2.3116511569828178,-1.2096317589248695,4.125934185231789
1627783,Pascal Siakam,2019,2021,25.825231729327907,32689.0,3.514313231122769,2.0122444451901482,-1.5020687859326205,3.6310760750164364
937,Scottie Pippen,1997,1999,31.799652558433355,31660.0,3.4995176889130213,2.385258090723709,-1.1142595981893124,4.813746967070827
203932,Aaron Gordon,2022,2024,26.97217368795703,30906.0,3.4747219648839627,2.3405280287031816,-1.134193936180781,3.511292107713188
56,Gary Payton,1997,1999,28.80686891814539,34940.0,3.471962623680084,2.409710286625782,-1.0622523370543018,3.692147219362664
124,Vlade Divac,1997,1999,29.88047328359334,26538.0,3.4493208103769644,1.791831603651242,-1.6574892067257223,3.956544936324156
965,Derek Fisher,2000,2002,26.07603065199709,23359.0,3.4362832081789647,1.3967704871279336,-2.039512721051031,3.5305946622103783
1884,Baron Davis,2005,2007,27.200097509446227,24613.0,3.4270328119522584,2.860235233661742,-0.5667975782905155,3.4668544976652043
371,Terry Mills,1997,1999,29.297160528535283,10671.0,3.4266423820945127,2.176169387007244,-1.2504729950872682,3.7407059220323977
201565,Derrick Rose,2012,2014,23.373909049150207,6531.0,3.4251624296163103,2.600076964078121,-0.8250854655381892,4.241407715328131
224,Eddie Jones,1998,2000,26.95291006956467,31769.0,3.4005251827837957,1.9773530440659404,-1.423172138717855,3.445245459597934
201599,DeAndre Jordan,2014,2016,25.944243204808284,37269.0,3.3975872759247374,2.8993442952203052,-0.49824298070443246,3.49902652314111
1890,Shawn Marion,2005,2007,27.96935358687216,45095.0,3.393255146186829,2.546981145225698,-0.8462740009611315,3.484522507834833
2225,Tony Parker,2011,2013,30.016516129032258,31000.0,3.356353443201238,1.871097980674516,-1.4852554625267218,3.9089219869408276
2547,Chris Bosh,2010,2012,26.98268744994147,32462.0,3.3463865295136674,2.160862507455678,-1.185524022057989,3.379965706641704
255,Grant Hill,1997,1999,24.857262210796915,31120.0,3.3338683982624198,2.3414452849329437,-0.9924231133294757,3.6361549422398483
2760,Anderson Varejao,2009,2011,26.728646288209607,22900.0,3.3332133172187173,1.8130468339252674,-1.5201664832934494,3.3677010566426056
1628983,Shai Gilgeous-Alexander,2022,2024,24.088613203367302,29341.0,3.3183839850121135,2.7560641666881556,-0.562319818323958,3.855037046253264
397,Reggie Miller,1998,2000,33.066350447976475,36051.0,3.3182841088311674,3.0861147210237676,-0.23216938780740012,5.3768055895302025
201567,Kevin Love,2015,2017,26.989907965725166,31510.0,3.313048325375139,2.5998655329591234,-0.7131827924160151,3.3494541569971936
1802,Brad Miller,2003,2005,27.981434513543675,29571.0,3.294924870020338,2.250692288969786,-1.0442325810505528,3.385513281728083
1627750,Jamal Murray,2020,2022,23.39133473095737,17172.0,3.280036009289119,2.749181190628134,-0.5308548186609848,4.065421977865628
1740,Rashard Lewis,2008,2010,28.933670457170727,38957.0,3.27456702833924,1.8327173805072627,-1.4418496478319776,3.5235120203589343
109,Robert Horry,1998,2000,27.956641492669924,22510.0,3.248309474849639,1.7386163027264363,-1.5096931721232032,3.349514902401887
1503,Tracy McGrady,2001,2003,23.003531758869837,37092.0,3.230734762863989,3.122774864053349,-0.10795989881063982,4.223877217660244
201586,Serge Ibaka,2014,2016,24.99206917113894,33540.0,3.228917106341876,2.068034277581465,-1.1608828287604107,3.508007017723807
1905,Andrei Kirilenko,2004,2006,23.95571142284569,24950.0,3.223127363256197,2.147601454642947,-1.0755259086132498,3.817560804054835
2200,Pau Gasol,2008,2010,28.005562285233985,40451.0,3.221750619383282,2.747390447213747,-0.47436017216953513,3.3160943080074934
1891,Jason Terry,2005,2007,28.006296843219747,35891.0,3.220860601281984,3.0775650054067483,-0.1432955958752356,3.315800941631385
2203,Shane Battier,2005,2007,27.074015218653546,32723.0,3.1905491037045652,0.5896442817007563,-2.6009048220038085,3.22948266694525
1628973,Jalen Brunson,2022,2024,25.962724076818038,34419.0,3.189903436377177,3.451854889520671,0.26195145314349344,3.290720719985095
717,Arvydas Sabonis,1997,1999,32.965624583092456,22487.0,3.1894444186299853,1.5145418589186972,-1.6749025597112883,5.174672931822536
166,Ron Harper,1997,1999,33.807952548330405,22760.0,3.1656158953866167,1.3199081283906429,-1.8457077669959738,5.718366738976502
1628969,Mikal Bridges,2020,2022,24.148291835552982,34540.0,3.1258378608285082,2.2497177461690816,-0.8761201146594277,3.641366638999714
202689,Kemba Walker,2017,2019,28.026266360573626,33541.0,3.1248764903520887,3.1019660159793814,-0.022910474372707924,3.2241638036480498
203114,Khris Middleton,2019,2021,28.02599948853465,35193.0,3.122270004374942,2.2939987215134976,-0.828271282861445,3.2249928987839707
57,Doug Christie,2002,2004,32.975656778571796,38902.0,3.1123919354929885,1.7979015963926555,-1.3144903391003335,5.108483298601171
201933,Blake Griffin,2012,2014,24.091163393304083,33961.0,3.0940157206675125,2.7048429080125596,-0.38917281265495307,3.6330359454164944
200746,LaMarcus Aldridge,2014,2016,28.95805175796456,32111.0,3.062855268685372,1.977948788860476,-1.0849064798248957,3.3198268723335436
203500,Steven Adams,2021,2023,27.91102164066432,19870.0,3.038905889301414,3.054678889190239,0.015772999888824888,3.119144063805306
201569,Eric Gordon,2017,2019,28.98017546559951,32485.0,3.0342215849790692,2.2211473426446937,-0.8130742423343755,3.295596906249636
2419,Tayshaun Prince,2005,2007,25.966181916276334,40777.0,3.002194241811019,1.3520415204863698,-1.6501527213246485,3.102839315287972
200755,JJ Redick,2014,2016,31.13808284204885,26122.0,2.9935977662274986,2.171426553112524,-0.8221712131149747,3.978950546551398
200794,Paul Millsap,2017,2019,32.96162267112818,24207.0,2.9930634394142763,1.6088237899544255,-1.3842396494598506,4.98669218907615
201568,Danilo Gallinari,2012,2014,23.595577037674634,15103.0,2.988994323788957,2.0752517615926087,-0.9137425621963481,3.688072171779007
1627832,Fred VanVleet,2022,2024,29.02153924469473,31431.0,2.9741920779074866,1.963001478058993,-1.0111905998484931,3.2454468268143875
2594,Kyle Korver,2013,2015,33.07105852254557,31270.0,2.970646609696458,2.1242350188427817,-0.8464115908536762,5.0271881078984775
201588,George Hill,2011,2013,26.11897723913686,27064.0,2.9527632737870237,1.7046018573467907,-1.248161416440233,3.0415976249840613
49,Gheorghe Muresan,1997,1999,26.001112966054535,7188.0,2.9490016948748923,0.827023423493307,-2.121978271381586,3.0053822715025533
1627827,Dorian Finney-Smith,2020,2022,28.113131378374888,30964.0,2.94222288309546,2.4456400494127624,-0.49658283368269723,3.054460021672103
203490,Otto Porter Jr.,2018,2020,25.521913415285944,18710.0,2.9324701721794777,2.164254853874976,-0.7682153183045013,3.0812450046401056
101112,Channing Frye,2012,2014,30.175199744327262,15645.0,2.9262992671357058,3.0125672881474053,0.08626802101169924,3.5476969720990823
2588,Matt Bonner,2010,2012,31.036836144721942,16777.0,2.923034233313397,2.5927235668832855,-0.3303106664301114,3.8688802339683277
1630573,Sam Hauser,2022,2024,25.471333333333334,13500.0,2.908833846653716,1.503996064450262,-1.4048377822034543,3.063974445280601
136,P.J. Brown,1999,2001,30.202148683123138,27831.0,2.8970591457248225,2.035119359831669,-0.8619397858931536,3.5089305980364616
2045,Hedo Turkoglu,2007,2009,29.138781231961737,36381.0,2.879069978113993,2.2734414770301035,-0.6056285010838899,3.1749157742158554
1627936,Alex Caruso,2020,2022,26.89314321422485,17603.0,2.856675812193455,0.2387996356925385,-2.6178761765009164,2.8962246919293624
2736,Luol Deng,2010,2012,25.934898269410663,34208.0,2.853028124267478,0.8738281284037096,-1.9791999958637687,2.951036203196049
1630193,Immanuel Quickley,2021,2023,23.218566922036953,22190.0,2.8514015223326368,0.7419208326449873,-2.1094806896876492,3.739729808201351
101161,Amir Johnson,2011,2013,25.070943115166184,21482.0,2.844695200354681,1.8648931147358467,-0.9798020856188345,3.104023751707114
204060,Joe Ingles,2019,2021,31.921871855082188,29810.0,2.8372256558478743,1.235785459211006,-1.601440196636868,4.21582196241105
203992,Bogdan Bogdanovic,2022,2024,30.076125804145818,25182.0,2.8323129617731797,2.586120010689301,-0.24619295108387831,3.4059721099703837
2403,Nene,2009,2011,26.934161377509188,32929.0,2.8244308015658564,1.6953715562846525,-1.1290592452812036,2.861885950106791
101114,Deron Williams,2008,2010,24.96405193400054,36970.0,2.824073559785168,3.1464452683187596,0.32237170853359143,3.1074721667150853
1629008,Michael Porter Jr.,2021,2023,24.0549,20000.0,2.7968675389207203,2.6998886702229545,-0.09697886869776516,3.3647026782350875
203496,Robert Covington,2017,2019,26.854362017804153,25275.0,2.79499171583778,0.38953212132657117,-2.405459594511209,2.8258991661658204
202335,Patrick Patterson,2015,2017,26.93538872940344,25429.0,2.7743813131760686,2.5730461592451777,-0.2013351539308909,2.809644766529277
1626157,Karl-Anthony Towns,2020,2022,25.27288236799454,23446.0,2.772424429404052,3.2388015625342867,0.46637713313023516,2.982081119848806
201143,Al Horford,2018,2020,32.90610863519083,29843.0,2.7711778834833254,1.6868564525201226,-1.0843214309632032,4.722828141484603
1628392,Isaiah Hartenstein,2022,2024,25.13311462372005,20118.0,2.7707778677201347,2.0569655958220308,-0.7138122718981039,3.0091982118661957
203076,Anthony Davis,2018,2020,25.9783543184659,32801.0,2.7707072540885873,1.2721954181208754,-1.4985118359677119,2.8745130112030126
201937,Ricky Rubio,2014,2016,23.931667988369018,22698.0,2.7518846291220083,1.7445577287591143,-1.0073269003628937,3.3598163289808243
200750,Brandon Roy,2009,2011,24.762862396807385,25559.0,2.712971368248065,2.570714325950925,-0.14225704229714028,3.03961464493629
2365,Chris Andersen,2008,2010,30.489238009550835,14449.0,2.6995877120113514,1.4747701574035261,-1.2248175546078255,3.399417714347025
1629029,Luka Doncic,2022,2024,23.9971320516861,31730.0,2.6947764894543442,2.7462510449185245,0.05147455546418001,3.2681191816687796
120,Steven Smith,1999,2001,31.139970986802535,28263.0,2.694726253076857,2.0528001330829917,-0.6419261199938646,3.681545330610531
1628404,Josh Hart,2022,2024,28.119201249745295,29446.0,2.6852634248915943,1.7318157198250734,-0.9534477050665203,2.7923154082225707
448,Bo Outlaw,2000,2002,29.923725651168,26798.0,2.6743592752602448,0.817783879957094,-1.8565753953031505,3.191543949640129
201583,Ryan Anderson,2010,2012,23.229597879420226,17731.0,2.6737305998193746,2.296380721044133,-0.3773498787752416,3.55548672611828
1630631,Jose Alvarado,2022,2024,25.027165667220576,13841.0,2.6712620575355728,0.9900338633926508,-1.6812281941429221,2.933160713922413
203109,Jae Crowder,2015,2017,25.166194065979667,28918.0,2.6448137147775737,1.624868667526804,-1.0199450472507696,2.8762017126122026
201572,Brook Lopez,2019,2021,31.967976802092856,31727.0,2.643178337054224,1.3470637602030517,-1.2961145768511726,4.048144584713964
203506,Victor Oladipo,2017,2019,25.80018736094305,25619.0,2.640275926074117,0.6973549613503329,-1.9429209647237842,2.7530210257486734
2747,JR Smith,2009,2011,23.913282663771263,27630.0,2.626247577412234,2.2757160936590686,-0.3505314837531648,3.228268101002847
201959,Taj Gibson,2011,2013,26.926933333333334,18750.0,2.617800468192477,0.4255047299489623,-2.192295738243515,2.659329350499881
947,Allen Iverson,2000,2002,25.94811855670103,38800.0,2.6037465963701294,1.8633882515201958,-0.7403583448499332,2.702112927007875
202697,Iman Shumpert,2014,2016,24.9619739275565,22169.0,2.5987468284991193,1.1078090700128187,-1.4909377584863006,2.8769641386145612
1628378,Donovan Mitchell,2022,2024,25.93133017044456,28455.0,2.594253142281601,2.1984543291344583,-0.3957988131471432,2.6963090603839146
935,Bryon Russell,1999,2001,29.078662930344276,29976.0,2.580064993788974,1.7294140798359083,-0.8506509139530656,2.8598168805573354
978,Peja Stojakovic,2001,2003,24.97802137270023,36308.0,2.5800374776800488,2.2773665657605813,-0.3026709119194671,2.857426634103793
201976,Patrick Beverley,2013,2015,25.180345152877198,18021.0,2.5723340875302454,1.7359481140384585,-0.836385973491787,2.796251537844279
101236,Chuck Hayes,2006,2008,24.2859808273821,15543.0,2.57080338824897,-0.3632161442657815,-2.9340195325147516,3.0297513411151766
1630217,Desmond Bane,2022,2024,24.799782414422815,25737.0,2.569612980999502,1.663340893194986,-0.906272087804516,2.888606230866868
201600,Ömer Aşik,2011,2013,25.339525502892627,18841.0,2.5385913373394384,0.45900485347451425,-2.0795864838649245,2.737961127202066
201188,Marc Gasol,2011,2013,27.024998520797585,33802.0,2.509170292881107,0.4100531539242331,-2.099117138956874,2.5500162802722897
1902,Jeff Foster,2004,2006,27.898367462489382,21194.0,2.5016555096909294,0.8198903689810955,-1.6817651407098342,2.5871379845397064
87,Dikembe Mutombo,1998,2000,33.01572442282706,30017.0,2.496996956827282,0.4484243376132916,-2.0485726192139904,4.5215384277264565
1888,Richard Hamilton,2004,2006,26.975977448216693,40795.0,2.4952023854711016,1.4007044630940408,-1.0944979223770612,2.5322466224837634
2059,Eduardo Najera,2001,2003,25.286640339766038,13421.0,2.48786942496459,2.052569587259532,-0.43529983770505754,2.6863216909453005
1112,Ben Wallace,2003,2005,29.002724327508346,40744.0,2.4792298062722327,-0.06801740795248196,-2.5472472142247145,2.7446369825876924
1630529,Herbert Jones,2022,2024,23.964874501359127,28327.0,2.4728825641519174,1.3645514172010622,-1.1083311469508548,3.0586459800677934
202703,Nikola Mirotic,2016,2018,26.046909209484326,21467.0,2.467443485041297,1.9704174033217496,-0.49702608171954776,2.5575720394650614
363,Christian Laettner,1997,1999,27.514901823281907,22816.0,2.4529325870882084,1.2369377806145074,-1.2159948064737007,2.49112688890206
2440,Matt Barnes,2012,2014,33.10435715818845,23295.0,2.443118619200297,1.8323786162077387,-0.6107400029925582,4.519475482283453
1626220,Royce O'Neale,2019,2021,27.117345454545454,27500.0,2.4418663902655933,1.4141349183656016,-1.0277314718999913,2.4802010334331617
2546,Carmelo Anthony,2009,2011,26.003033927477464,34279.0,2.434590195408456,2.616046280433268,0.18145608502481225,2.530154551463703
2749,Jameer Nelson,2009,2011,28.172835846179908,23612.0,2.433421049772149,1.3787223978208707,-1.0546986519512784,2.5473860990326944
203994,Jusuf Nurkic,2022,2024,28.110825865827078,20645.0,2.422622060256099,1.2406214628966001,-1.1820005973594987,2.534823238807679
2754,Tony Allen,2013,2015,31.916989111850985,22226.0,2.4069865884320225,0.30564561688051,-2.101340971551513,3.7863593741563193
1628374,Lauri Markkanen,2022,2024,25.99264408697761,24742.0,2.4027214557595413,2.409732358668489,0.007010902908948488,2.4967253239907867
1628384,OG Anunoby,2022,2024,24.976016427104724,24350.0,2.4012695889483875,0.9141727926177116,-1.4870967963306756,2.6748000331298396
1626172,Kevon Looney,2022,2024,26.82753442876142,23309.0,2.396571851063683,2.0349585298130117,-0.36161332125067086,2.4303377213252624
2561,David West,2012,2014,32.101629794881326,32274.0,2.3928523572078655,1.0090464472013025,-1.383805910006563,3.8667455694529917
1114,Jaren Jackson,1997,1999,30.01037037037037,18225.0,2.3909745037176564,-0.002383439475299024,-2.393357943192955,2.9303454061798324
1883,Steve Francis,2001,2003,25.006351425271987,32906.0,2.384878461202343,1.93516746485659,-0.4497109963457528,2.6598622723333225
2199,Tyson Chandler,2011,2013,28.96574444719969,28229.0,2.3845464933218428,0.907410954513071,-1.4771355388087721,2.6445953784933662
2734,Devin Harris,2006,2008,24.043294935883505,23005.0,2.3761602304166107,1.5028771410330297,-0.8732830893835812,2.9284135386559145
1629130,Duncan Robinson,2019,2021,26.411008569545157,21238.0,2.3735026746555534,1.6671694070368517,-0.7063332676187014,2.4104652035504412
2216,Zach Randolph,2013,2015,31.959980252399024,32409.0,2.3703725120497863,1.3524413438351013,-1.0179311682146848,3.7689267292476556
202339,Eric Bledsoe,2018,2020,28.94030945711618,29988.0,2.352058776860322,1.6991810053674052,-0.6528777714929165,2.602011550637512
731,Greg Ostertag,1997,1999,24.873583780560526,20124.0,2.3483183662952642,0.47284117555655725,-1.875477190738707,2.65210934193756
2207,Joe Johnson,2011,2013,30.97882360690291,30364.0,2.347868712608479,2.2875193281980613,-0.060349384410417706,3.2719693865224646
185,Chris Webber,2001,2003,28.96416518904078,34966.0,2.3470030411790668,1.1466693859951818,-1.2003336551838846,2.6061547493700505
1882,Elton Brand,2005,2007,27.01610533761358,36758.0,2.344992876217987,1.9900571902362008,-0.3549356859817862,2.3808452451990094
201609,Goran Dragic,2014,2016,29.00930813681087,32015.0,2.329993273248939,2.0911892725933376,-0.23880400065560173,2.5985767612286756
202738,Isaiah Thomas,2014,2016,26.064601526507598,29086.0,2.3218518611228856,2.5093262897068067,0.18747442858392038,2.4148840500523847
203991,Clint Capela,2020,2022,27.135929554756295,24189.0,2.3151244429989375,1.2600002464771678,-1.05512419652177,2.3491332267986604
1627863,Danuel House Jr.,2017,2019,25.73086858249919,6194.0,2.301884698672685,1.7233847416322248,-0.5784999570404598,2.4053933498232443
1889,Andre Miller,2009,2011,33.94207145974933,32074.0,2.2981209074714917,1.8944018361878021,-0.40371907128368956,4.957374321379142
1626166,Cameron Payne,2020,2022,26.41132696224346,12766.0,2.2951859230857674,1.218738495627994,-1.076447427457773,2.335523434200676
1628415,Dillon Brooks,2021,2023,26.023283459725352,24395.0,2.294005066802191,0.9937910782399406,-1.3002139885622508,2.394540338245365
714,Michael Finley,2001,2003,28.962667858118003,40287.0,2.2886517263245074,2.1740959976908414,-0.1145557286336653,2.548239780881079
1628386,Jarrett Allen,2022,2024,25.09654528478058,26775.0,2.279584618741428,1.521416716504113,-0.7581679022373154,2.527612757987751
201168,Tiago Splitter,2013,2015,28.77070216753977,20807.0,2.27615987260086,0.1743548592759257,-2.1018050133249346,2.4902597121269134
1507,Derek Anderson,2001,2003,26.932683478138024,28314.0,2.2699911551961494,1.181385945538644,-1.0886052096575052,2.312866787243664
1710,Mike Bibby,2002,2004,25.008582618115156,36003.0,2.2628885429384344,2.0868549384585595,-0.17603360447987487,2.5379677925122923
101162,Marcin Gortat,2014,2016,30.92467235017178,31436.0,2.258405417961626,0.8338553204495497,-1.4245500975120764,3.1558138861661473
349,Mark Jackson,1997,1999,32.83220479513577,28946.0,2.251260985459817,1.6398012990111421,-0.6114596864486749,4.152721398924884
208,Sam Cassell,2003,2005,33.81929027630725,29279.0,2.2487512721935143,2.4078471514170334,0.1590958792235191,4.8113907497509505
1712,Antawn Jamison,2005,2007,29.981867484729793,36509.0,2.2474951616657384,3.186589272496344,0.9390941108306056,2.7846320339855275
2215,Jason Collins,2003,2005,25.02164410603497,28368.0,2.2463613836069545,-0.33565685523054817,-2.5820182388375033,2.51362157981704
1627751,Jakob Poeltl,2019,2021,24.092024871586915,18495.0,2.2460077456144045,1.757908426249897,-0.4880993193645075,2.787192384515528
203552,Seth Curry,2018,2020,28.50861095426313,14168.0,2.230681875777688,1.7688541410078609,-0.4618277347698269,2.376452324939213
1629001,De'Anthony Melton,2020,2022,23.1487372441708,17541.0,2.2294393216416926,1.0201658194893652,-1.209273502152327,3.1549143972278357
202330,Gordon Hayward,2017,2019,27.88555450142308,20027.0,2.222057671023849,1.6558170570974802,-0.5662406139263688,2.323732175460597
915,Rodney Rogers,2000,2002,29.959008060416817,27542.0,2.214417029362754,1.1166624399021081,-1.097754589460646,2.746647052555181
1629057,Robert Williams III,2022,2024,24.42389455782313,14112.0,2.209470085127292,0.762911764570339,-1.4465583205569528,2.6160639666725607
2746,Josh Smith,2010,2012,24.919265271251604,32774.0,2.20928217804239,0.7854511875234805,-1.4238309905189093,2.4993872664536743
200765,Rajon Rondo,2009,2011,23.970818203503935,37729.0,2.20786966246296,0.894250364760528,-1.3136192977024324,2.784457337878032
201596,Mario Chalmers,2011,2013,26.08394539787181,27911.0,2.203339888791111,0.9861274388478255,-1.2172124499432855,2.2882814436326173
1629111,Jock Landale,2022,2024,27.072714681440445,10108.0,2.20326176888836,1.1685320624932016,-1.0347297063951584,2.2354545716408643
765,Hersey Hawkins,1997,1999,30.788142535326642,29298.0,2.2022644081209597,1.2633085488006872,-0.9389558593202726,3.038362844494012
2073,Brian Cardinal,2002,2004,26.940057544757032,6256.0,2.201486041449059,1.9222227957702294,-0.2792632456788296,2.2078588127104437
1628389,Bam Adebayo,2021,2023,24.148373608805265,32526.0,2.1964999934065155,0.7246233166101397,-1.4718766767963756,2.7156939239834914
1513,Scot Pollard,2001,2003,26.69155609167672,16580.0,2.196072220873998,0.3701050402457024,-1.8259671806282953,2.2249001253724985
201152,Thaddeus Young,2011,2013,24.05667100927274,26098.0,2.194596922103896,1.590256675533019,-0.6043402465708771,2.7469870979055253
210,Terrell Brandon,1998,2000,29.164549653579677,22516.0,2.1825680707063344,1.8272590299189633,-0.355309040787371,2.4914300691027287
204001,Kristaps Porzingis,2018,2020,23.12301672002846,14055.0,2.1710663923341538,1.5973052340464653,-0.5737611582876884,3.1266368448167046
1628978,Donte DiVincenzo,2019,2021,23.36427443411125,17097.0,2.1617087423035213,1.495719838125166,-0.6659889041783554,2.9720763731058772
1627780,Gary Payton II,2022,2024,29.723145373649324,11013.0,2.1593800993496073,1.280534875382802,-0.8788452239668049,2.6190912812755918
1627732,Ben Simmons,2021,2023,24.653907265636285,13846.0,2.1503331749884147,0.9909326903178489,-1.159400484670566,2.5242548247133545
431,Shawn Kemp,1997,1999,27.766205568201716,28555.0,2.138727423332607,1.0021793457183041,-1.136548077614303,2.2051069030844554
1626167,Myles Turner,2022,2024,27.18460962366598,21364.0,2.136961433569801,1.594595877418881,-0.5423655561509199,2.1744371693536553
202722,Dāvis Bertāns,2018,2020,26.11722655200215,18605.0,2.135435523150763,2.1858331106585953,0.05039758750783272,2.2149226979517147
101141,Ersan Ilyasova,2008,2010,23.0,7824.0,2.1239755581398656,0.733592591258263,-1.3903829668816023,3.074730620377732
243,Aaron McKie,2001,2003,28.925730647019797,28639.0,2.1141107205340846,0.47688405653339566,-1.637226664000689,2.370179292487946
1747,Rafer Alston,2006,2008,30.038085046111235,31771.0,2.1057561624073977,0.4841471049785509,-1.6216090574288469,2.660223312234629
103,Todd Day,1999,2001,30.24564035252203,5333.0,2.1010483817526504,1.3250603389269995,-0.7759880428256505,2.705802050106272
956,Erick Dampier,2005,2007,29.999223267454905,23174.0,2.095455860450584,0.890642473692564,-1.2048133867580202,2.6383951193040676
369,Charlie Ward,1998,2000,27.982609692707538,26164.0,2.0829054954855226,0.8114637986421972,-1.2714416968433255,2.179626556385891
979,Jermaine O'Neal,2002,2004,24.037739610925975,35109.0,2.062065718062756,0.9591427219139729,-1.1029229961487832,2.618367625588486
202322,John Wall,2015,2017,25.038324131211432,36948.0,2.053049548724328,1.6439901141029252,-0.409059434621403,2.3175318428659444
200081,Jamario Moon,2008,2010,28.808532031025567,20886.0,2.050772919711886,1.2984909136754672,-0.7522820060364186,2.271208066530738
1630202,Payton Pritchard,2022,2024,25.137926526343314,15298.0,2.0481826845096895,2.0407585321525414,-0.007424152357148069,2.2967034207045525
358,Anfernee Hardaway,1999,2001,27.600601729973675,18613.0,2.038765765930795,0.5175191369751679,-1.5212466289556272,2.076722103564434
2732,Ben Gordon,2005,2007,23.118313689936535,30884.0,2.0377242305141716,1.1326659307210083,-0.9050582997931637,2.97368036737391
2248,Earl Watson,2004,2006,25.981708563253626,19572.0,2.035646644585443,0.3198173962371289,-1.7158292483483144,2.1324480765032097
203526,Raul Neto,2017,2019,26.079719813208804,5996.0,2.028598617383848,0.7451966637426105,-1.2834019536412375,2.111990589663469
203469,Cody Zeller,2016,2018,23.704158790170133,16928.0,2.028249742963,1.0644533565332064,-0.9637963864297937,2.7005234334079944
203468,CJ McCollum,2014,2016,23.56132659376934,19388.0,2.0221880363490783,1.2591153676571416,-0.7630726686919366,2.74912163435253
203482,Kelly Olynyk,2018,2020,27.94784888347924,21361.0,2.0036782847097396,1.8987775929654036,-0.10490069174433618,2.093065841563477
101106,Andrew Bogut,2009,2011,25.200723671681583,21004.0,1.9835735857865557,-0.11661746983946593,-2.1001910556260217,2.2043319239901376
101122,Danny Granger,2012,2014,29.59803629872062,13444.0,1.9802154383673545,0.9159061079670879,-1.0643093304002662,2.408181300243771
1628970,Miles Bridges,2021,2023,23.592989338161335,19884.0,1.9677408347826257,2.006867081290765,0.039126246508139166,2.6679121853149503
201960,DeMarre Carroll,2013,2015,27.26485602616256,25074.0,1.9668022583880858,1.1529733211701834,-0.8138289372179027,2.0014819530457735
202683,Enes Freedom,2020,2022,28.792071076601463,13394.0,1.9608193695498464,2.371865469896294,0.4110461003464477,2.1684939206597567
2443,Darius Songaila,2004,2006,27.060052053577095,15753.0,1.9603113688941942,1.6778638306816758,-0.2824475382125186,1.9936191427582317
2399,Mike Dunleavy,2011,2013,31.049008224479923,20670.0,1.9594804132935737,0.921850959446386,-1.0376294538471875,2.9148519296405344
1887,Wally Szczerbiak,2001,2003,24.889921798938474,31841.0,1.9569616122005176,2.1395350770827184,0.18257346488220044,2.25163131162088
200782,P.J. Tucker,2017,2019,33.08616416387228,34295.0,1.954207674008886,0.9307275365959785,-1.0234801374129074,4.020417336537156
202329,Al-Farouq Aminu,2015,2017,25.056631587568077,24421.0,1.9519026116991658,0.8128742107946032,-1.1390284009045626,2.203544376238571
762,Shawn Bradley,1999,2001,28.178874062530436,20534.0,1.9417711474928054,-0.41109406025696604,-2.352865207749771,2.057033729055173
203935,Marcus Smart,2020,2022,27.062518675918856,30119.0,1.9363745080424808,1.1904075077991514,-0.7459670002433296,1.9798514106718454
2229,Mike James,2003,2005,29.063597819503332,23114.0,1.9279508151015115,1.0100587212460952,-0.9178920938554165,2.2047718100422045
2240,Gilbert Arenas,2007,2009,25.17860717860718,13986.0,1.9247961939999583,2.2359529301988466,0.3111567361988882,2.126800744485062
1627759,Jaylen Brown,2020,2022,24.06261700342134,30982.0,1.9247142341246275,0.9604472551277078,-0.9642669789969197,2.4769258463004773
469,Jamal Mashburn,1999,2001,27.325788536099758,28629.0,1.9233166844406397,0.7734805999949265,-1.1498360844457134,1.9569161251515592
1536,Stephen Jackson,2007,2009,29.934137347358238,33084.0,1.9160974617636972,1.5326998158012826,-0.38339764596241466,2.438232841104472
468,Jon Barry,2001,2003,32.10892603517972,18306.0,1.913300045827801,1.2462439858117298,-0.6670560600160712,3.3865961885284843
1626153,Delon Wright,2022,2024,30.783270219096565,14788.0,1.8995497165347452,1.0032785460169558,-0.8962711705177896,2.735374931327699
203460,Andre Roberson,2017,2019,25.27976437976438,14430.0,1.8782422736119928,-0.05974503426307237,-1.9379873078750653,2.0605887263480342
203484,Kentavious Caldwell-Pope,2022,2024,30.01476294123214,31701.0,1.8757982503843855,1.6490261992977855,-0.22677205108660003,2.422849029375177
101109,Raymond Felton,2011,2013,27.953857817292118,29019.0,1.8698045012491582,1.8195045989059262,-0.050299902343232235,1.9655175376396894
1629750,Javonte Green,2022,2024,28.43029295657594,9626.0,1.8682715275858044,1.4325911866319934,-0.43568034095381136,2.0127192965834895
2405,Amar'e Stoudemire,2006,2008,24.474247660794067,23726.0,1.8653076502559547,2.7245777718866595,0.8592701216307043,2.2537507665805014
203925,Joe Harris,2020,2022,28.656805562036304,21431.0,1.8641014062609214,1.675464248352014,-0.1886371579089072,2.0441552187923997
202704,Reggie Jackson,2019,2021,29.95653758542141,21950.0,1.8634246706692112,1.7881504291179504,-0.0752742415512609,2.4030562996601224
757,Damon Stoudamire,2001,2003,27.822822598701396,26798.0,1.8583346843101827,1.5838170541941907,-0.27451763011599195,1.9304414314082343
1628989,Kevin Huerter,2022,2024,23.86814111884901,26134.0,1.854774889825802,2.161368258667593,0.3065933688417913,2.4695128301507863
2030,Kenyon Martin,2002,2004,24.929043507607503,35557.0,1.8133977013214466,0.4007768600790642,-1.4126208412423824,2.100129048212055
1630167,Obi Toppin,2022,2024,25.15375795448031,17443.0,1.8133816654278538,1.849462204182314,0.0360805387544603,2.0517593327667543
101150,Lou Williams,2017,2019,30.994588012447572,29564.0,1.8098889079367568,3.0919239057697685,1.282034997833012,2.7367186059458923
201587,Nicolas Batum,2020,2022,32.235617977528086,17800.0,1.8075728305726158,1.326357760057329,-0.4812150705152867,3.344849955628778
966,Jerome Williams,1998,2000,26.2110183639399,17970.0,1.80661004833748,0.9867222298817602,-0.8198878184557199,1.883099340334686
203078,Bradley Beal,2015,2017,23.10686737571783,29429.0,1.8046646603592804,1.8113170923371895,0.006652431977909515,2.752682310606839
201951,Ty Lawson,2010,2012,23.142382593530705,24083.0,1.8002949463221636,2.098007147901404,0.2977122015792404,2.7219171144156844
168,Chris Mills,1997,1999,27.76737012987013,24640.0,1.7915183562411487,-0.14842596110498912,-1.9399443173461377,1.8601586991917973
1477,Bruce Bowen,2002,2004,32.105227228398675,30762.0,1.77326214021599,-0.28370776244853424,-2.0569699026645245,3.2467838542845775
905,Dale Davis,1998,2000,30.04309205696667,27244.0,1.7710323741830394,1.598184051604223,-0.17284832257881647,2.3357869685855603
22,Rik Smits,1997,1999,30.999416796267496,20576.0,1.7690085927439965,1.9068465735018965,0.1378379807578998,2.693298273650657
1627763,Malcolm Brogdon,2017,2019,25.003331055688417,23416.0,1.7575354145664936,1.332207170063283,-0.4253282445032104,2.0323604820775887
2564,Boris Diaw,2014,2016,32.837482291034206,24705.0,1.749980295147377,0.9870076568503611,-0.7629726382970161,3.656453326165077
1904,Devean George,2002,2004,25.048969176556362,24689.0,1.7499465301038661,0.48503378480942416,-1.2649127452944422,2.0124188917960564
65,Greg Minor,1997,1999,26.086513192473458,9513.0,1.746539755584053,0.4314992871816921,-1.315040468402361,1.8248521907952513
203939,Dwight Powell,2019,2021,27.819530528814454,15166.0,1.7464356267082315,1.8268569704893425,0.08042134378111054,1.824667648716914
689,Theo Ratliff,2000,2002,27.48047891723061,15368.0,1.7448205988230603,0.12886418188843393,-1.6159564169346265,1.7752852333870448
296,Rick Fox,2000,2002,31.146329902491875,29536.0,1.7409286733141933,0.8869508927035181,-0.8539777806106748,2.7337759149727487
1630198,Isaiah Joe,2022,2024,23.241151810872104,14551.0,1.7366651922172294,1.384390571432095,-0.3522746207851346,2.607965985382445
1628449,Chris Boucher,2020,2022,28.21592804384084,16788.0,1.7197713932840926,1.2105811849610388,-0.5091902083230536,1.8395112079422031
105,Dan Majerle,1997,1999,31.99595364172245,20018.0,1.710057177037119,0.3960916238654663,-1.3139655531716528,3.1266379998242426
198,Danny Ferry,2000,2002,33.89637876192806,16348.0,1.7077125029520273,1.0351061142235365,-0.6726063887284907,4.325425522878053
2222,Gerald Wallace,2010,2012,27.861124599397883,30891.0,1.6987352199409118,0.31145789712215977,-1.3872773228187523,1.7781201909452347
1629026,Kenrich Williams,2022,2024,27.993287589498806,13408.0,1.695189757468435,0.4108568410596587,-1.2843329164087762,1.7885583589383414
202326,DeMarcus Cousins,2015,2017,25.058073340233623,27052.0,1.6820233446051194,1.1383538117713,-0.5436695328338195,1.939367185598894
1517,Bobby Jackson,2004,2006,32.16748551734253,13637.0,1.6741096761822722,0.66252542663194,-1.0115842495503322,3.192935757258313
98,Nick Anderson,1997,1999,29.89964191481342,21224.0,1.67410502387383,0.6306155812731817,-1.043489442600648,2.1880871557604267
2034,Mike Miller,2003,2005,24.01791690474247,24502.0,1.6695717123228455,1.6827888783525624,0.01321716602971701,2.2360385643408502
693,Joe Smith,2001,2003,25.833393269971744,19465.0,1.6636026466594087,0.9634260950143665,-0.7001765516450422,1.7759054518739346
299,Glenn Robinson,1998,2000,26.1304706235012,26688.0,1.658581546621502,2.3508394260183145,0.6922578793968126,1.7456498977424193
1723,Matt Harpring,2002,2004,26.76099173553719,24200.0,1.653233455726848,1.3270518621435505,-0.32618159358329707,1.6862236358484548
203903,Jordan Clarkson,2020,2022,29.06052806052806,25641.0,1.6517306331318427,1.9423383824013105,0.29060774926946836,1.9311942789041887
201149,Joakim Noah,2012,2014,28.117390415161225,29338.0,1.6487277507728475,0.3464619537687295,-1.302265797004118,1.7569634308318036
21,Greg Anthony,1998,2000,31.159919589629833,14426.0,1.6481859073520244,0.452131993921396,-1.1960539134306285,2.6526637536155833
202718,Chandler Parsons,2013,2015,24.902636483059908,32733.0,1.6415302701999728,1.5024224247644664,-0.13910784543550617,1.9343946890547499
101145,Monta Ellis,2013,2015,27.96845570576648,37059.0,1.6389344448043188,1.7137952837144914,0.07486083891017235,1.7309486087680002
201579,Roy Hibbert,2012,2014,26.085896634536304,30397.0,1.6352368376403696,0.5823177012283527,-1.0529191364120172,1.7197627454970739
2209,Vladimir Radmanovic,2003,2005,23.012651691195455,23238.0,1.6338764108529786,1.568889281891361,-0.06498712896161782,2.618772920958686
1626156,D'Angelo Russell,2022,2024,27.03688613815196,32153.0,1.626657071988551,1.6999555477716488,0.07329847578309823,1.6634458004899906
2202,Jason Richardson,2005,2007,24.937551328799973,30441.0,1.6240822113505344,1.8346607049062662,0.21057849355573155,1.9085720613820172
1627742,Brandon Ingram,2021,2023,23.908379510173006,23641.0,1.6236440768104405,1.540803916122809,-0.08284016068763177,2.224422962201545
980,Zydrunas Ilgauskas,2008,2010,33.808310055865924,22912.0,1.6193779914858693,0.6405186849401852,-0.9788593065456842,4.177766275813838
907,Malik Sealy,1998,2000,29.189393128545436,18686.0,1.6180569377957235,0.5632037220161845,-1.0548532157795387,1.936187217269976
202327,Ekpe Udoh,2011,2013,25.091264576496055,14321.0,1.61702986135472,0.3560985559966193,-1.2609313053581008,1.866728119332042
258,Brian Grant,1998,2000,26.92419657011097,20817.0,1.6137999351943384,1.0292600011546749,-0.5845399340396631,1.6513700923396337
1629027,Trae Young,2021,2023,23.020505047616325,34967.0,1.6095846764250783,2.9300467476659073,1.320462071240829,2.5929572242786554
361,Clifford Robinson,1998,2000,32.10392964333077,28654.0,1.608248365538445,1.0486720553718112,-0.5595763101666337,3.089118736140881
202685,Jonas Valanciunas,2019,2021,28.180008696072274,20699.0,1.6050712136281986,1.213241715797684,-0.3918294978305147,1.7190003234603706
201162,Jared Dudley,2008,2010,23.211712426598954,18903.0,1.596909477383841,1.5737687193021583,-0.02314075808168271,2.4940933559009544
202083,Wesley Matthews,2014,2016,27.943294675466138,31214.0,1.5921219804155167,1.4293174071214272,-0.16280457329408984,1.6862931057225554
201593,Nikola Pekovic,2014,2016,28.412704450361353,10516.0,1.5882072651744077,0.8855399989049898,-0.7026672662694179,1.72364592407517
317,John Starks,1997,1999,31.894634989912298,24287.0,1.588099201374227,0.5334312571583687,-1.0546679442158584,2.9491321035013858
228,Adam Keefe,1997,1999,27.930894866867966,14572.0,1.584124546539177,0.9531113960967754,-0.6310131504424015,1.659624679566687
202696,Nikola Vucevic,2018,2020,28.073123269216374,26722.0,1.579742428122951,0.9800330332551421,-0.5997093948678089,1.6804940284426877
2430,Carlos Boozer,2006,2008,25.30597732737891,29110.0,1.5700991239636044,2.203593883878836,0.6334947599152317,1.7641855120451257
1628368,De'Aaron Fox,2022,2024,25.085170884258225,31337.0,1.5691799879111032,2.0975528350226917,0.5283728471115885,1.8192606826081457
703,Kurt Thomas,1999,2001,27.112954433662747,22363.0,1.5659309950967002,0.251608188490061,-1.3143228066066392,1.6027830337841973
1005,Walt Williams,1999,2001,30.08165091437839,17881.0,1.564249162421158,0.9242231014121998,-0.6400260610089583,2.1325665203081576
203967,Dario Saric,2021,2023,27.90747849106552,7555.0,1.5642219925433447,1.2801884027572275,-0.2840335897861171,1.6684739123385415
353,Darrell Armstrong,1999,2001,32.17808462934624,28099.0,1.563764753632306,1.105539843354434,-0.45822491027787204,3.078051007152444
203488,Mike Muscala,2021,2023,30.148329524431386,9189.0,1.5617945159502644,0.7016491499451023,-0.8601453660051621,2.1600928603232186
281,Scott Williams,1999,2001,32.48775461678687,12617.0,1.5492308655928833,0.5415886959079906,-1.0076421696848925,3.225612036010984
722,Corliss Williamson,2002,2004,28.977011494252874,22620.0,1.5442340238926102,0.6797307486244963,-0.8645032752681135,1.803383270982284
2617,Udonis Haslem,2004,2006,25.144402588621656,31059.0,1.5405000454189555,0.8357577538129983,-0.704742291605957,1.775263134307839
1725,Rasho Nesterovic,2005,2007,29.97843638221768,19570.0,1.5356018940397287,-0.3462021444666565,-1.8818040385063848,2.0751392227277154
696,Travis Best,1999,2001,27.240335603771033,22169.0,1.532378839617834,0.7158370421049505,-0.8165417975128838,1.5691161259195054
782,Mitch Richmond,1997,1999,32.592340160531414,28904.0,1.531866948486651,1.3346871704310141,-0.1971797780556365,3.2686713366888993
1630559,Austin Reaves,2022,2024,25.20211321862274,27257.0,1.528990216272003,1.1798057203494372,-0.3491844959225658,1.7509683681296462
201942,DeMar DeRozan,2022,2024,33.000680021534016,35293.0,1.528122303101416,1.6797730979350287,0.15165079483361296,3.5403723323556564
1739,Ruben Patterson,1999,2001,24.43299699061781,16947.0,1.5270952418895152,1.41975189701217,-0.107343344877345,1.9308463602779715
202355,Hassan Whiteside,2020,2022,31.75630461922597,16020.0,1.5267647695586493,1.3744156285214035,-0.15234914103724562,2.824891079130149
203512,Lucas Nogueira,2016,2018,24.111220472440944,7112.0,1.5231378939045155,0.7128006007615197,-0.8103372931429957,2.0356295132579088
202699,Tobias Harris,2022,2024,29.941090063347307,32677.0,1.517509306672391,1.0700303518873848,-0.4474789547850064,2.042925400947559
1800,Damon Jones,2005,2007,28.737850950449374,25146.0,1.5137477032435318,2.0560286674339165,0.5422809641903849,1.7204160148111207
1952,Raja Bell,2007,2009,30.860448409016076,33407.0,1.5122720399821028,0.7225404689476335,-0.7897315710344694,2.3814902706057417
1629731,Dean Wade,2022,2024,26.048000667835378,11979.0,1.5107712600596332,-0.5030317450290992,-2.013803005088733,1.6030894875635808
270,Horace Grant,1997,1999,31.898677228331923,26006.0,1.506088842589744,0.05335530221309348,-1.4527335403766508,2.868560990314823
200757,Thabo Sefolosha,2013,2015,29.70383158298566,20853.0,1.498547904189395,-0.10457483719329254,-1.6031227413826874,1.9444357618666313
1629622,Max Strus,2020,2022,25.797825250192457,10392.0,1.4976897952400505,1.1165492243076758,-0.38114057093237463,1.5897575423533947
2137,Ime Udoka,2007,2009,29.802049318770408,17762.0,1.4906437623136597,0.29172667508570327,-1.1989170872279564,1.970286889654377
2046,Desmond Mason,2002,2004,25.024263154529763,31282.0,1.4887935108020238,1.54892968952324,0.06013617872121616,1.7539503111709283
1711,Raef LaFrentz,2003,2005,28.06128757194628,18764.0,1.4882347388281676,1.600441089241628,0.11220635041346066,1.6063332023873431
201978,Chase Budinger,2011,2013,23.645540246555473,13790.0,1.4837179282454367,0.9303560828833394,-0.5533618453620978,2.1796543536288344
1763,Ryan Bowen,2002,2004,26.576429809358753,11540.0,1.468484705124167,-0.14583897998730014,-1.6143236851114673,1.5072313471541767
677,Eric Williams,2002,2004,29.944616816630468,25784.0,1.4679728660415874,-0.05296952944222345,-1.5209423954838108,1.9918119319200416
203521,Matthew Dellavedova,2014,2016,24.158459848182183,20024.0,1.4659321905957592,0.4326757525745098,-1.0332564380212494,1.9780050998487768
202693,Markieff Morris,2015,2017,26.025071530758225,27960.0,1.4607772108064145,0.4928199769260401,-0.9679572338803747,1.5593945159681366
699,Brent Barry,2002,2004,30.820978569120868,27857.0,1.4591022218232093,1.7392438416200635,0.28014161979685415,2.3117907146197996
101135,David Lee,2013,2015,30.706066945606693,25812.0,1.458338611536196,1.02496357434067,-0.4333750371955261,2.257427715747378
1498,Antonio Daniels,2004,2006,30.163490933456174,23879.0,1.4537052196131286,1.8305224901142199,0.3768172705010912,2.0516844576586393
1628420,Monte Morris,2022,2024,27.585789586919105,18592.0,1.4470494852900249,1.9500589271408588,0.503009441850834,1.4933375248497744
202711,Bojan Bogdanovic,2019,2021,30.9857445962074,30164.0,1.444415038028006,1.2778936082133012,-0.1665214298147048,2.371680131252647
1630230,Naji Marshall,2022,2024,25.118850401606426,15936.0,1.4407427446446097,0.5877125672758324,-0.8530301773687772,1.6768798351246088
1626159,Justise Winslow,2019,2021,23.49991416309013,11650.0,1.4396927876888723,-0.07029308779737342,-1.509985875486246,2.2027017680093235
2224,Jamaal Tinsley,2003,2005,25.835026897788403,21749.0,1.4296803840809305,0.7800853628596088,-0.6495950212213215,1.546252189331886
201147,Corey Brewer,2012,2014,27.208333333333332,24960.0,1.4205388746320704,1.206273515160009,-0.2142653594720613,1.4585303162165695
2210,Richard Jefferson,2002,2004,23.1247961975295,36187.0,1.4195924745923385,0.22139767573730804,-1.1981947988550306,2.3496736778633407
203937,Kyle Anderson,2016,2018,23.15311004784689,18183.0,1.4172130406008292,0.12849946268094548,-1.2887135779198837,2.3411450250548853
1629056,Terence Davis,2020,2022,23.74062474243798,12133.0,1.4119035288053823,0.9473821286247326,-0.46452140018064975,2.0730659156531903
1629611,Terance Mann,2020,2022,24.44435697014002,17783.0,1.409727362466873,0.7931006001336065,-0.6166267623332664,1.817614724266241
461,Popeye Jones,2002,2004,32.11712052445789,7932.0,1.4074598205644522,1.583974050867912,0.17651423030345958,2.863705103749713
2592,James Jones,2004,2006,24.585451170759566,14008.0,1.40579086661473,1.127394278106138,-0.27839658850859217,1.7610446801483264
2585,Zaza Pachulia,2015,2017,31.954719447297173,21422.0,1.4056750333476367,0.40655562190402744,-0.9991194114436092,2.799304888117698
692,Andrew DeClercq,2003,2005,30.48569749216301,10208.0,1.4055793556734641,0.5143242620513497,-0.8912550936221144,2.1051316746923088
1894,Corey Maggette,2005,2007,25.98313666784079,22712.0,1.4045592043833792,1.245400426976797,-0.15915877740658213,1.5095270280757098
2217,Brendan Haywood,2008,2010,29.029857022708157,19024.0,1.403400801010663,0.5166932368840609,-0.886707564126602,1.6925099878036438
203493,Reggie Bullock Jr.,2020,2022,30.349882463563706,21270.0,1.3998718389294977,0.4186947615797098,-0.9811770773497878,2.0586398852161603
53,Mario Elie,1997,1999,33.78565360322092,27073.0,1.3981357696937857,0.7038662928518981,-0.6942694768418878,3.942278987230647
686,Antonio McDyess,2006,2008,32.0891880017574,25037.0,1.3957825311448182,0.8121215286150291,-0.583661002529789,2.8658279861875395
1501,Tim Thomas,2001,2003,24.99459781677285,26841.0,1.395458304932147,1.6955876579849327,0.30012935305278604,1.6722067646375698
201580,JaVale McGee,2015,2017,28.427224143351147,6362.0,1.3952592014140135,1.4946190816213487,0.0993598802073349,1.5461820450872599
203501,Tim Hardaway Jr.,2016,2018,25.184978806496165,20997.0,1.3874608686514027,1.1587976637109525,-0.22866320494044987,1.6085058415474371
283,Lindsey Hunter,1999,2001,29.066411883472743,27736.0,1.3859626530120392,1.1022406941279812,-0.2837219588840579,1.6613737228808
339,Tom Gugliotta,1998,2000,29.040780598321405,19421.0,1.3831965785523819,1.0421300698494853,-0.3410665087028966,1.6587335443131672
330,Danny Manning,1997,1999,31.804368376536146,20099.0,1.380300311320309,0.44211917387364474,-0.9381811374466644,2.6946347533480504
1506,Austin Croshere,1998,2000,24.743819614235264,11043.0,1.377844697194936,1.0897711785881403,-0.2880735186067959,1.6960954779876145
779,Glen Rice,1997,1999,30.745770258236867,31444.0,1.376412684222926,2.0906411938750327,0.7142285096521068,2.1907095501065177
200752,Rudy Gay,2017,2019,31.24077228847246,17610.0,1.3756137609305246,0.5198930890874272,-0.8557206718430974,2.413194650611805
1629723,John Konchar,2021,2023,26.282311271616084,14399.0,1.374658207416363,0.7227453425116238,-0.6519128649047391,1.4346942306388313
1744,Jerome James,2001,2003,26.428419936373277,6601.0,1.3656217501638828,0.09969475472694077,-1.2659269954369419,1.3978469824631252
2753,Delonte West,2009,2011,25.58551244200759,18968.0,1.3493905002095967,-0.1697025481293988,-1.5190930483389955,1.4922086933380614
1719,Bonzi Wells,2000,2002,24.19304644934897,21658.0,1.3471943604232455,1.2083734911149482,-0.13882086930829715,1.8472326946403745
1909,Scott Padgett,2003,2005,27.883543850219475,11163.0,1.338044301428791,0.24960543196391374,-1.0884388694648772,1.4289480200728315
202692,Alec Burks,2021,2023,29.959737486327413,19199.0,1.3365815923971112,0.9365477250235547,-0.4000338673735567,1.860780619728607
913,Larry Johnson,1997,1999,28.916038974500726,28942.0,1.3365804745093979,0.6102199974164528,-0.7263604770929449,1.5834455414112487
1628379,Luke Kennard,2022,2024,26.788340755966654,17514.0,1.33397940861182,1.1984552705620461,-0.1355241380497741,1.3722592167382412
990,Malik Rose,2001,2003,27.18297625940938,22451.0,1.3327497811222482,0.27736369332317656,-1.0553860877990715,1.3711245160745458
2550,Kirk Hinrich,2007,2009,26.76509530045104,27492.0,1.3315495126793548,0.4889596117039733,-0.8425899009753816,1.3696617235193107
1629162,Jordan McLaughlin,2022,2024,26.82771194165907,9873.0,1.3308337909041457,0.25882084697225916,-1.0720129439318864,1.3703049235322153
1626204,Larry Nance Jr.,2022,2024,30.01812415043045,15449.0,1.3231515350745808,0.37176254965377054,-0.9513889854208102,1.873156757525814
2246,Mehmet Okur,2008,2010,29.911454382456384,29002.0,1.3199567359262558,1.4508724241830495,0.1309156882567939,1.8359416204909722
1749,Cuttino Mobley,2001,2003,25.99929322378302,33957.0,1.3159377428560757,1.6684515361405494,0.35251379328447374,1.4118383881522554
203952,Andrew Wiggins,2021,2023,26.886005684668117,29905.0,1.304859304636273,0.24610704543209308,-1.05875225920418,1.3379352694928637
2772,Trevor Ariza,2013,2015,28.44975509312701,32053.0,1.296576352801155,0.13956321042459488,-1.1570131423765602,1.4322867895278184
203914,Gary Harris,2017,2019,23.05078032163511,25246.0,1.2909052163141537,1.1407550505574477,-0.15015016575670603,2.2578981045602315
1626149,Montrezl Harrell,2020,2022,26.915062916358252,21616.0,1.2896557016363122,0.5638414156004643,-0.7258142860358476,1.329809369744518
72,Kenny Anderson,2000,2002,30.042259715336638,25012.0,1.286582935314704,0.8630000007208464,-0.42358293459385765,1.8566467532100277
950,Stephon Marbury,2003,2005,26.97447363041701,39136.0,1.2852148013147302,2.2236675932223195,0.9384527919075892,1.3234916878768679
201601,Luc Mbah a Moute,2017,2019,30.492216358839052,15160.0,1.282143283507457,-0.09208547245467971,-1.3742287559621367,1.9840434615981069
202361,Landry Fields,2011,2013,23.70539550450002,22111.0,1.2759783663521516,1.0452906948637082,-0.2306876714884433,1.950742570375211
2575,Luke Walton,2008,2010,28.553725946015756,15486.0,1.27390735923258,0.5654270312237951,-0.7084803280087848,1.4370234867161602
202684,Tristan Thompson,2015,2017,25.015196122163736,33627.0,1.261433957070228,0.9172452873723693,-0.344188669697859,1.5299334375474247
201229,Anthony Tolliver,2013,2015,29.107099309036716,14762.0,1.2605101973317845,0.71979797775426,-0.5407122195775242,1.550018352937476
101139,CJ Miles,2013,2015,27.119043249525905,16347.0,1.2576321109338242,0.6314491809153548,-0.6261829300184695,1.3018216589184206
1629011,Mitchell Robinson,2022,2024,24.76872197309417,17840.0,1.2574597062344055,1.194921327527101,-0.06253837870730453,1.5789862331973779
2755,Kevin Martin,2011,2013,28.973621394182143,24717.0,1.2561015659276211,2.070925076457207,0.8148235105295859,1.5237847245083727
1627734,Domantas Sabonis,2022,2024,27.11079279876964,33161.0,1.253338208154282,1.2893254362451991,0.03598722809091701,1.2896567129286305
200779,Steve Novak,2012,2014,29.832470182046453,12744.0,1.2435369124626063,1.3494013578537924,0.10586444539118608,1.7242080556591166
201627,Anthony Morrow,2013,2015,28.40547458229648,14065.0,1.2420486834007074,1.004177867111936,-0.23787081628877144,1.3818657110890904
422,Avery Johnson,1998,2000,33.968390230917684,30054.0,1.2373443574010872,0.4241637779922843,-0.8131805794088031,3.916998288266128
2250,Bobby Simmons,2005,2007,25.496309246309245,20592.0,1.2338362548633475,0.5839625907097626,-0.6498736641535849,1.378309601835286
948,Marcus Camby,2007,2009,33.89814223804885,29767.0,1.2247722394105511,0.2728563212026985,-0.9519159182078526,3.846776725045811
213,Antonio Davis,1999,2001,31.220424707654782,27878.0,1.2160242884330552,0.9026219273799913,-0.3134023610530638,2.242174153019391
1627749,Dejounte Murray,2020,2022,24.117254491134133,25773.0,1.215024527560071,1.176239921614364,-0.03878460594570724,1.7422160122944268
1626174,Christian Wood,2018,2020,23.827129730571563,6421.0,1.2097803016255353,1.1655249061828925,-0.04425539544264268,1.8110092853823145
202389,Timofey Mozgov,2013,2015,27.455675849501553,18658.0,1.2096337702187228,0.3142916137306224,-0.8953421564881006,1.2454407723202818
1628464,Daniel Theis,2018,2020,27.283781232299074,15889.0,1.20443567643411,0.27846812112338853,-0.9259675553107214,1.2479543566239424
2060,Marko Jaric,2004,2006,26.048949344254304,20511.0,1.1954194086598284,0.7240532125993412,-0.47136619606048735,1.28769550737365
203897,Zach LaVine,2021,2023,27.103081792437116,30015.0,1.1923589167372022,1.5489970654916083,0.35663814875440614,1.2306524199936726
238,Tyrone Hill,1997,1999,29.807757724652745,21166.0,1.179778810199386,-0.30792725223375744,-1.4877060624331435,1.6596328761735688
702,Voshon Lenard,1997,1999,24.57458695444561,20942.0,1.1761075648034347,0.7136851648361782,-0.4624223999672565,1.5385660173465003
173,Keith Askins,1997,1999,29.522977288857344,11272.0,1.1729199121408491,0.3026186785692118,-0.8703012335716375,1.5641356956263701
727,Eric Snow,2001,2003,29.129237489317255,31593.0,1.169727690175942,0.13140877256718594,-1.0383189176087557,1.4677679556935719
1630688,Ish Wainright,2022,2024,27.765507600908613,5723.0,1.1633217500318764,0.10899092712688913,-1.0543308229049873,1.213668567546349
1629652,Luguentz Dort,2022,2024,24.094665231762626,26018.0,1.1598099825220254,1.022950997264901,-0.13685898525712445,1.69308541134809
202397,Ish Smith,2017,2019,28.886903362332472,21265.0,1.1594178963086839,0.8536893246060944,-0.3057285717025893,1.397296963771539
2570,Kendrick Perkins,2008,2010,24.02718660350924,29978.0,1.1575731988716063,-0.11766132292143258,-1.275234521793039,1.7174807510638233
201163,Wilson Chandler,2011,2013,24.693046460866853,16035.0,1.1481936868349938,0.32062558751246106,-0.8275680993225326,1.5096221310931617
1629632,Coby White,2022,2024,23.16832665521847,26205.0,1.1480794250121693,1.9716975080504076,0.8236180830382384,2.063461814843518
2733,Shaun Livingston,2016,2018,30.899526205245934,20473.0,1.1477938642449765,0.5769847558687616,-0.570809108376215,2.0359305045818483
202324,Derrick Favors,2018,2020,26.80680021085925,22764.0,1.138134790729681,0.47039042406752446,-0.6677443666621565,1.1758165299997587
2067,Eddie House,2008,2010,30.905098903648703,17239.0,1.135352719366611,0.3090515212278045,-0.8263011981388065,2.0227958116869407
201177,Josh McRoberts,2014,2016,27.505961364322367,13252.0,1.1352929955771178,0.9704321337567516,-0.16486086182036608,1.1887873011896684
1627826,Ivica Zubac,2019,2021,23.16371565176273,19033.0,1.1336225739701142,0.03966002085983631,-1.093962553110278,2.0461885004345852
1496,Keith Van Horn,2003,2005,27.826085266798803,25731.0,1.1274457791269907,1.172357647788921,0.044911868661930344,1.201772584404005
202357,Nemanja Bjelica,2017,2019,30.17016342756184,18112.0,1.1246255322108043,0.7052900618462317,-0.41933547036457236,1.7274729638722899
697,Fred Hoiberg,2003,2005,31.103227808814403,16110.0,1.1226450184588448,0.584294686492944,-0.5383503319659007,2.089176724417915
203382,Aron Baynes,2017,2019,30.955582157258064,15872.0,1.1194411423473625,-0.4425301765751067,-1.5619713189224689,2.024078515861125
1628436,Luke Kornet,2022,2024,27.437483887599896,7758.0,1.1182935822407607,0.9887833268984073,-0.12951025534235344,1.151310186223525
1628997,Caleb Martin,2022,2024,27.035401445121707,24773.0,1.1134578494546477,0.3738376485478816,-0.739620200906766,1.1450222392338223
1626171,Bobby Portis,2021,2023,27.02626181379449,24865.0,1.1061566358982324,1.291862991452112,0.18570635555387952,1.1415873452344238
2072,Michael Redd,2006,2008,26.926255315005356,30809.0,1.10046675823049,2.3343285249794468,1.2338617667489564,1.143333479291117
393,Rod Strickland,1997,1999,30.807197161682716,29595.0,1.088082452033009,1.3917057598155207,0.3036233077825118,1.9315192186238406
184,Bobby Phills,1998,2000,28.7279488066413,17346.0,1.086591318333016,0.7894707579195519,-0.2971205604134641,1.290842706897194
960,Tony Delk,2000,2002,27.178147762747138,19220.0,1.0848353617542374,0.6230239802477934,-0.4618113815064443,1.1141635439789204
911,Ervin Johnson,2000,2002,32.88396418396418,24570.0,1.0817629192009355,0.39122786857234443,-0.690535050628591,3.0155141222870108
201975,Jodie Meeks,2010,2012,23.20952059798797,17793.0,1.080810424561818,0.8082291806492524,-0.2725812439125654,1.9639497055624624
2436,Flip Murray,2008,2010,29.17119406936722,18885.0,1.0795771584243528,0.7950811551203367,-0.284496003304016,1.3775009805948735
2590,Mo Williams,2008,2010,26.043551982918327,31847.0,1.0731540832626238,1.034190034868032,-0.03896404839459184,1.1609433591075198
134,Kevin Johnson,1997,1999,31.323279524214104,16478.0,1.072848528096483,2.202445101299213,1.12959657320273,2.1275777308108013
1627788,Furkan Korkmaz,2021,2023,23.71262458471761,12642.0,1.0716652575210237,0.27639116492967664,-0.7952740925913468,1.736322403729381
203471,Dennis Schroder,2019,2021,25.938368515964783,28281.0,1.0692329193328824,0.32053656430714356,-0.7486963550257386,1.1727836140371644
202340,Avery Bradley,2014,2016,24.1146201334618,28023.0,1.0646907911396957,0.8341135471629767,-0.23057724397671903,1.591553980200399
2567,Brian Cook,2005,2007,24.995885060677917,14338.0,1.0641426421357634,1.1030714813410039,0.03892883920524055,1.331213536607006
1626192,Pat Connaughton,2019,2021,27.096997370969973,21681.0,1.0594517518187059,0.5392957430438755,-0.5201560087748304,1.1008958639589757
2581,Steve Blake,2007,2009,27.97013984198227,26959.0,1.058955581516109,1.4197157643939935,0.3607601828778843,1.1519328786770955
452,Vin Baker,1997,1999,25.732833114042887,28121.0,1.0575637763064385,1.3116124138964473,0.2540486375900087,1.1786280481814275
101131,Jason Maxiell,2006,2008,24.57191835432945,12542.0,1.0523536052340823,0.7211334961552379,-0.3312201090788444,1.4174017349582917
2037,Jamal Crawford,2011,2013,31.96655292810665,25204.0,1.0501887563384673,1.4872471976641939,0.43705844132572647,2.4569022213752327
2586,Keith Bogans,2007,2009,28.066546467792165,18303.0,1.040989424243351,0.49114400799909297,-0.5498454162442582,1.1340181204364752
201178,Kyrylo Fesenko,2009,2011,23.254255783500653,4582.0,1.040583992150356,0.1056471689180256,-0.9349368232323304,1.8997841910520383
84,Latrell Sprewell,1999,2001,29.132627497763195,33530.0,1.0375846893416463,0.5103546335635525,-0.5272300557780939,1.3279081272045106
201148,Brandan Wright,2012,2014,25.107163561076604,12075.0,1.0325029046250063,1.1403675225231602,0.10786461789815396,1.2768033337494238
1628408,PJ Dozier,2019,2021,23.612011297755313,6727.0,1.0258584531784756,-0.16762549634299267,-1.1934839495214684,1.7220930421370593
203087,Jeremy Lamb,2017,2019,26.219413783508024,21562.0,1.0223305659094035,1.0220036449376948,-0.0003269209717083764,1.0907443801299364
201949,James Johnson,2014,2016,28.015847372874838,12999.0,1.0216135042381604,0.4736722809574831,-0.5479412232806772,1.1153129994870445
1628988,Aaron Holiday,2019,2021,23.159632034632036,14784.0,1.0081307220951798,0.8758157530799686,-0.13231496901521125,1.9155500358202828
2571,Leandro Barbosa,2007,2009,24.83041037016498,28852.0,1.000947506192265,1.855153053581027,0.8542055473887621,1.3114611196176877
201973,Jonas Jerebko,2015,2017,29.029089085323804,15951.0,0.9996823758243268,0.5823339416415997,-0.4173484341827272,1.2719054056916093
954,Kerry Kittles,2003,2005,29.60990779401531,22992.0,0.989637471319115,0.34148275461022476,-0.64815471670889,1.3942306498894903
203524,Solomon Hill,2016,2018,25.80973072618342,15189.0,0.9891210661230873,0.37084688363392393,-0.6182741824891631,1.0890074378295946
202334,Ed Davis,2018,2020,29.63996131815815,13443.0,0.9868810245481154,-0.09081173992024802,-1.0776927644683636,1.4055524213914061
101126,Nate Robinson,2012,2014,28.933882848123467,17106.0,0.9820224795109506,1.1145598046259537,0.13253732511500313,1.2223548941901325
203933,T.J. Warren,2020,2022,26.04943909460935,10073.0,0.9775353926575505,0.6952413607784388,-0.28229403187911184,1.0311272653278971
70,Steve Kerr,1997,1999,31.688896771904933,16914.0,0.9757403845433339,0.18104506445604984,-0.794695320087284,2.2281890707159775
1629634,Brandon Clarke,2022,2024,25.486795024706083,11738.0,0.9725383310059814,0.07897187486678105,-0.8935664561392004,1.1242593055337384
200758,Ronnie Brewer,2011,2013,26.751764842032173,17282.0,0.9711377426956641,-0.4817774661942768,-1.4529152088899409,1.0069866351848504
1630194,Paul Reed,2022,2024,24.400169851380042,11775.0,0.9676952985073511,0.9171735445593097,-0.05052175394804154,1.3956013944560977
2406,Caron Butler,2006,2008,26.93926848350502,30676.0,0.9653108987416019,1.4326069698653083,0.46729607112370625,1.0045019259281514
203944,Julius Randle,2022,2024,27.878186282986892,28913.0,0.9619207951721117,1.0842686501566974,0.12234785498458575,1.0393469641095305
3,Grant Long,1997,1999,32.13757094211124,13215.0,0.957302427329412,-0.5571800821509105,-1.5144825094803225,2.4586322948565584
2038,Joel Przybilla,2009,2011,29.521993644422142,11958.0,0.9555593931368109,-0.5837983624860713,-1.5393577556228821,1.3482818199294975
1727,Pat Garrity,2002,2004,25.528280708603777,20491.0,0.9553742985597699,1.774596706442407,0.819222407882637,1.0946839332853464
1720,Michael Doleac,1999,2001,23.16981266981267,13986.0,0.9517753291518085,0.454092586846616,-0.49768274230519255,1.8594085236011604
201585,Kosta Koufos,2012,2014,24.12920187793427,15975.0,0.9509808603836255,0.18844873225874711,-0.7625321281248784,1.4658078468976632
202694,Marcus Morris Sr.,2014,2016,25.167367566769958,27108.0,0.9509132212683992,1.0368153863115186,0.08590216504311941,1.1853809176523578
1626196,Josh Richardson,2018,2020,24.87402390988874,28942.0,0.9477452494199138,0.32628958302226513,-0.6214556663976487,1.2478505681354
1626246,Boban Marjanovic,2016,2018,27.85071749839366,4669.0,0.9473554502389389,0.9706287587208741,0.023273308481935363,1.0310902743336903
1629216,Gabe Vincent,2022,2024,26.630989819306006,18761.0,0.945502845104622,0.023701291248659107,-0.9218015538559631,0.9724608104259959
1626158,Richaun Holmes,2019,2021,26.143303985171457,17264.0,0.941325204112167,0.7473370727798211,-0.19398813133234574,1.0233049371229115
101115,Andrew Bynum,2011,2013,23.587069545537954,16349.0,0.936040579226399,-0.11636321901294967,-1.0524037982393488,1.6387134985267118
202702,Kenneth Faried,2013,2015,23.960862317193303,26394.0,0.9331625143927182,2.0775885229191955,1.144426008526477,1.5171664864350038
248,George Lynch,1999,2001,29.187929632640994,27058.0,0.931890535315905,-0.7588727787167824,-1.6907633140326876,1.2375555107141891
1915,Evan Eschmeyer,2000,2002,25.964907786885245,7808.0,0.931794390853275,0.13622220186848508,-0.7955721889847899,1.012404566061333
1921,Gordan Giricek,2006,2008,30.012185596000624,12802.0,0.928057698607905,-0.2731563134665291,-1.2012140120744341,1.471692851423993
923,Donyell Marshall,2005,2007,32.98371396480719,21368.0,0.9145145197066261,1.3582144976279493,0.4436999779213232,2.9105090673935625
1559,Adrian Griffin,2004,2006,30.58295429932857,9234.0,0.9092869226548786,-0.18988197720269073,-1.0991688998575695,1.6497113664735545
203915,Spencer Dinwiddie,2022,2024,29.968992248062015,30057.0,0.901030795585776,0.9805625475984755,0.07953175201269949,1.4336751183791134
203118,Mike Scott,2019,2021,30.788510223953264,15405.0,0.8991292249449274,0.18153403533626924,-0.7175951896086583,1.7376080809115233
1630200,Tre Jones,2022,2024,23.185586241412256,21979.0,0.8940363270679917,1.0759216817383757,0.18188535467038414,1.7946616862742046
1863,Earl Boykins,2001,2003,26.536363636363635,8580.0,0.8907643562711816,1.2150579222593876,0.3242935659882059,0.9247083189579851
1629638,Nickeil Alexander-Walker,2022,2024,24.106349379220212,18364.0,0.8906159169010598,0.20936829582657918,-0.6812476210744806,1.4279858348034404
2407,Jared Jeffries,2011,2013,29.80982751123351,6899.0,0.884759624092931,0.07492754968379535,-0.8098320744091356,1.3617564858741713
1733,Al Harrington,2011,2013,31.561762922029786,14839.0,0.8838880643016984,1.0118749277083974,0.12798686340669893,2.0586990513881274
201954,Darren Collison,2015,2017,28.075308058906874,23291.0,0.8752449285986639,1.277756597098288,0.4025116684996239,0.9768244790629294
201577,Robin Lopez,2014,2016,26.88595611983517,26937.0,0.8705761353847798,0.4807637133121419,-0.3898124220726379,0.9134688908908536
1899,James Posey,2004,2006,27.994547082282086,24574.0,0.8702795857837172,0.3554516668484622,-0.5148279189352548,0.9720359032985492
1629680,Matisse Thybulle,2021,2023,24.93232224396608,18396.0,0.8684810467491382,-0.4360172675358775,-1.3044983142850157,1.1528060861324332
1504,Danny Fortson,2005,2007,29.377316403568976,5828.0,0.866309235284258,0.8903200888193062,0.0240108535350482,1.2124949772009255
203077,Michael Kidd-Gilchrist,2016,2018,23.383767193361372,17594.0,0.8645812537647253,-0.13431560538205783,-0.9988968591467831,1.6591212545364433
672,Matt Bullard,1999,2001,33.22958479345864,9417.0,0.8643721391707843,1.4228666668097152,0.558494527638931,3.0175687104236526
204456,T.J. McConnell,2022,2024,31.194926842609053,14626.0,0.8593965259633997,0.9780515111642155,0.11865498520081594,1.8700854221307186
203107,Tomas Satoransky,2017,2019,26.32153360782846,18701.0,0.855367262756456,0.24790291829330866,-0.6074643444631473,0.9124220991294283
202730,Lavoy Allen,2015,2017,26.957127621756133,14065.0,0.8533749327351753,0.24124465013589189,-0.6121302825992835,0.8844789856280872
1628467,Maxi Kleber,2019,2021,28.001341574433425,20871.0,0.8505791350422741,-0.0171347928065931,-0.8677139278488673,0.9426948893345889
1628396,Tony Bradley,2021,2023,23.49132075471698,5300.0,0.8420403875099067,0.88096836310868,0.038927975598773354,1.5887314094255485
193,Anthony Mason,1998,2000,31.997690353375933,25978.0,0.8419081845241984,0.36099153113981586,-0.48091665338438255,2.2777541523568483
904,Chris Mullin,1997,1999,33.792071831869514,25504.0,0.832933128900502,0.8409835208546718,0.008050391954169775,3.3779335998608184
1628976,Wendell Carter Jr.,2022,2024,23.903637175606608,20153.0,0.8303394354669134,-0.21195221988691781,-1.0422916553538313,1.4345467782029377
203082,Terrence Ross,2016,2018,25.707402349084948,18305.0,0.8297289318347373,1.2164358771702168,0.3867069453354798,0.9536893781105219
202349,Greivis Vasquez,2012,2014,26.04442556806116,23545.0,0.8287139109288074,0.9813368981971177,0.15262298726831042,0.9142654075016154
1761,Greg Buckner,2001,2003,25.211692948527222,13444.0,0.828479773432121,1.0871731078679425,0.25869333443582176,1.0531783385920535
203083,Andre Drummond,2022,2024,28.95280333620176,15107.0,0.8225147569360068,0.5668052281108081,-0.2557095288251985,1.0833595238190366
1630,Mikki Moore,2005,2007,30.310401413784398,15844.0,0.8205271433983466,0.6540762133074683,-0.16645093009087833,1.4794352281644336
2205,DeSagana Diop,2005,2007,24.347028095439786,14166.0,0.8168501220656238,-0.3298433086028797,-1.1466934306685033,1.2521440838186535
1629651,Nic Claxton,2021,2023,23.39160184806129,17099.0,0.8167707401787068,0.1269984198102059,-0.6897723203685008,1.6244597722801626
164,Chris Childs,1997,1999,29.882543685822373,22204.0,0.8022287501395359,-0.49834133749676124,-1.3005700876362973,1.3099409318369413
445,Wesley Person,2001,2003,31.177250265552118,21653.0,0.7976972376599311,1.5511144655223057,0.7534172278623746,1.7983391677934117
383,Kendall Gill,1997,1999,29.78736633528065,29271.0,0.7924539107456813,0.818600179619344,0.026146268873662573,1.2652906032000188
201858,Cartier Martin,2009,2011,25.239484978540773,4660.0,0.7903374666833208,0.6717331295872007,-0.11860433709612021,1.005333854166294
197,Scott Burrell,1998,2000,28.01471613352955,12911.0,0.7899509565229365,-0.2893208385278931,-1.0792717950508295,0.8948410614872008
201584,Courtney Lee,2014,2016,29.065607057835038,28564.0,0.784764919188736,0.6890414383231598,-0.09572348086557635,1.064156673955065
1627777,Georges Niang,2020,2022,28.200185518001042,17249.0,0.783024566199314,0.702365021113934,-0.08065954508538022,0.9035717096121354
952,Antoine Walker,2001,2003,25.022089720415973,42599.0,0.7747406056132259,1.1603203318751887,0.38557972626196263,1.0392397964305702
275,Allan Houston,1998,2000,28.059709884178567,35572.0,0.7691264972547719,-0.3080665758219778,-1.0771930730767496,0.875921244136372
983,Moochie Norris,1999,2001,26.647233993815142,8731.0,0.760637398468747,0.7144053445020011,-0.046232053966745915,0.7879241134279119
682,Bob Sura,2003,2005,31.187162308191052,18508.0,0.7590656425225821,0.9880115990190326,0.22894595649645033,1.7718834215890553
2048,Jamaal Magloire,2001,2003,24.247846383367822,20779.0,0.753885233708592,0.2755444049887597,-0.4783408287198322,1.2361961544321733
1628960,Grayson Allen,2022,2024,27.057975163726155,27943.0,0.7513196595290804,0.7275173444641173,-0.023802315064963074,0.7908004445020473
711,Jerry Stackhouse,2002,2004,27.65717971458518,24806.0,0.7507652730474665,0.5397037888560278,-0.21106148419143891,0.8032218180324268
203085,Austin Rivers,2018,2020,25.977651635439823,25192.0,0.7489239033008284,1.285135027599646,0.5362111242988179,0.8454183141514706
1509,Kelvin Cato,2004,2006,29.605037287181652,14214.0,0.747798097670728,-0.6263780385385741,-1.3741761362093021,1.1567322021246191
2605,Marquis Daniels,2008,2010,27.844804962423954,16766.0,0.7445093436161312,-0.033741726279967445,-0.7782510698960985,0.8188101740106724
1629661,Cameron Johnson,2021,2023,25.904298155257983,21358.0,0.737695550403268,0.12469115393325635,-0.6130043964700116,0.840855675516996
201202,Joel Anthony,2011,2013,28.68122837370242,16184.0,0.7258576405904873,-0.09738724496963962,-0.8232448855601268,0.9169674635621363
1626257,Salah Mejri,2016,2018,31.126762305218897,8086.0,0.7243899078527575,-0.08899204128107342,-0.813381949133831,1.7061675681372153
201164,Rudy Fernandez,2009,2011,24.962548093313202,20533.0,0.7198376306604065,0.12693950470168922,-0.5928981259587174,1.0040583916776253
201953,Eric Maynor,2010,2012,23.581744966442955,11175.0,0.7185222098530489,-0.3671032956615496,-1.0856255055145982,1.4292481821588323
1627812,Yogi Ferrell,2018,2020,25.564354540233552,15671.0,0.7174085275630199,-0.2797178339319386,-0.9971263614949585,0.8663924111481367
200796,Leon Powe,2008,2010,24.674287503914815,9579.0,0.7134794378295943,-0.0735567075106618,-0.787036145340256,1.0532927748138061
201155,Rodney Stuckey,2010,2012,24.865291889099364,23228.0,0.712813786197042,1.075461454413168,0.36264766821612576,1.015862707166032
1499,Tony Battie,2001,2003,26.203388035997882,18890.0,0.711577155582369,-0.8455390636811199,-1.5571162192634889,0.7768113716826895
203090,Maurice Harkless,2017,2019,24.910132882780037,21899.0,0.7113410706130321,0.7687173940659437,0.05737632345291178,1.010141868512495
203918,Rodney Hood,2015,2017,23.150102810143935,20426.0,0.6979439027765701,0.7191764309716568,0.021232528195086656,1.6106797790424179
201611,Henry Walker,2011,2013,23.415049772228784,5927.0,0.6901970236769083,-0.1803366376629983,-0.8705336613399064,1.4655615590123643
203486,Mason Plumlee,2016,2018,26.844541666666668,24000.0,0.6866345344654541,1.3020185255655237,0.6153839911000697,0.7234587298028995
1626145,Tyus Jones,2020,2022,25.118273048081164,18136.0,0.683055448229251,0.23688275460331068,-0.4461726936259404,0.9296703673627892
201936,Tyreke Evans,2015,2017,25.55092812946216,16808.0,0.6817615972576241,1.1039467343652196,0.4221851371075957,0.8389643227854647
1721,Keon Clark,2002,2004,27.476990504017532,16428.0,0.6801134996447894,-0.14926024213411626,-0.8293737417789058,0.7088597799506146
400,Derek Strong,1998,2000,30.42690246516613,9330.0,0.6777807259704185,-0.06502110704661127,-0.7428018330170298,1.3598192119097452
202328,Greg Monroe,2015,2017,25.979525472720702,24909.0,0.671247674879313,1.2130003680693255,0.5417526931900123,0.7677257931213566
1628373,Frank Ntilikina,2022,2024,23.478025693035836,5916.0,0.6709421829741063,-0.21368136457347475,-0.8846235475475811,1.4233483913257927
2054,Jake Tsakalidis,2005,2007,27.07871501033252,5323.0,0.6702456915970011,0.3932533108347402,-0.2769923807622609,0.6971709584200281
1928,Todd MacCulloch,2000,2002,25.411631846414455,12397.0,0.6686966983215346,0.45948892686958726,-0.20920777145194727,0.8502412081583874
1626161,Willie Cauley-Stein,2019,2021,25.679880623909003,17759.0,0.6592888775162252,-0.1907793126366668,-0.8500681901528921,0.7969960924946006
2047,Quentin Richardson,2010,2012,30.68552940430121,15763.0,0.6589305163453656,0.08833022016508156,-0.570600296180284,1.4561753112262057
1626168,Trey Lyles,2022,2024,26.913007358177072,16852.0,0.6586764779119948,0.9063506719201182,0.24767419400812346,0.6968355194626559
101138,Brandon Bass,2010,2012,26.33129423660263,19780.0,0.6585339558239015,-0.46276571402634337,-1.121299669850245,0.7121852642675025
201962,Toney Douglas,2013,2015,27.46947146372905,8533.0,0.6571170743777004,0.8566608288548436,0.1995437544771433,0.6933296962477825
2499,Richie Frahm,2004,2006,26.894110648423556,5043.0,0.6544024585078213,0.4819781015425705,-0.17242435696525077,0.6899585798856636
1628395,Jordan Bell,2018,2020,23.66609842027503,8799.0,0.6527129357073718,0.7598274679012508,0.10711453219387894,1.3375156205796042
2260,Jarron Collins,2006,2008,27.736577829277714,12945.0,0.6509667045407431,-0.7919496998586839,-1.4429164043994271,0.7188778625002993
690,Don Reid,1998,2000,24.81338764725311,9083.0,0.6410799505597952,0.07132637599426235,-0.5697535745655328,0.9541426575423755
1108,Tony Farmer,1998,2000,29.75746735825434,5591.0,0.6382872266948895,1.6483118388543982,1.010024612159509,1.093426976332281
754,Jim Jackson,2002,2004,32.22723825489961,25053.0,0.6381572950568909,-0.5730776680831545,-1.2112349631400454,2.1857089029789036
1629048,Goga Bitadze,2022,2024,23.091319967551282,8629.0,0.6336671662957222,0.5788998025482125,-0.05476736374750958,1.5907166972347928
203894,Shabazz Napier,2017,2019,26.162057522123895,12656.0,0.6322363085214392,0.1751883270557667,-0.4570479814656725,0.700005991297485
201965,Jeff Ayres,2012,2014,26.581886057458206,6161.0,0.6307204230394923,0.7626409973940448,0.13192057435455254,0.662584426909547
1628381,John Collins,2020,2022,23.0647868852459,22875.0,0.6288543008104077,0.747049359945831,0.11819505913542334,1.5847356626379814
101133,Ian Mahinmi,2016,2018,29.791865247763923,15317.0,0.6250984184231689,-0.5188615689931726,-1.1439599874163415,1.1100798713776974
203096,Jared Sullinger,2014,2016,23.006833814067008,22535.0,0.6213350922280906,0.2876888041287963,-0.33364628809929425,1.6148595884600225
970,Othella Harrington,2005,2007,31.52590367907326,9323.0,0.6174387819725032,-0.004755601536671201,-0.6221943835091744,1.7806613486710254
89,Nick Van Exel,2000,2002,28.962854410267486,32413.0,0.6154848392136456,1.588248302094152,0.9727634628805066,0.8740648366225781
203487,Michael Carter-Williams,2020,2022,28.495407407407406,6750.0,0.6139278617919149,0.0027548011021993227,-0.6111730606897157,0.7574414780231454
200826,J.J. Barea,2015,2017,31.812149826880706,15885.0,0.6079894287104955,1.1511117186091404,0.5431222898986446,1.9212687821931353
2449,Luis Scola,2009,2011,29.95267944137707,30790.0,0.6032272178607193,0.5000225640234257,-0.10320465383729362,1.1325704029880113
239,Darrick Martin,1997,1999,26.80688775510204,19600.0,0.60094744139195,1.2155403232488398,0.6145928818568898,0.6322502946268036
278,Stacey Augmon,2001,2003,32.91508388145739,13531.0,0.5964437276878689,-0.5434232849506276,-1.1398670126384967,2.5494150260702635
200789,Daniel Gibson,2009,2011,23.997794987630417,18594.0,0.5952625868455068,0.36979466232984876,-0.22546792451565795,1.173212394165542
2049,Speedy Claxton,2004,2006,27.067392784206945,20566.0,0.5909507327965031,-0.09814508584228926,-0.6890958186387924,0.6283889191293586
1074,Matt Maloney,1997,1999,25.49923224568138,20840.0,0.5787230743987198,0.6225450940796932,0.043822019680973226,0.7266945648887106
203079,Dion Waiters,2016,2018,24.64928331808478,19674.0,0.5768640340085235,0.41728735867538097,-0.15957667533314263,0.934798111770191
1629013,Landry Shamet,2020,2022,23.981836874571623,20426.0,0.5761084353952566,0.3526362202066227,-0.22347221518863383,1.1532588287020362
201972,Jon Brockman,2010,2012,23.74120979836694,6001.0,0.5696500090478325,0.5993869249747159,0.02973691592688355,1.2267470307370945
202709,Cory Joseph,2018,2020,26.91182309036049,25188.0,0.5659061166171125,-0.039172396358421964,-0.6050785129755345,0.6034777107298479
201,Chris Dudley,1998,2000,33.83031700288184,8675.0,0.5604887563323525,-0.6796220492652716,-1.2401108055976242,3.1323599096821044
934,Derrick Coleman,1997,1999,30.80792565485362,20768.0,0.5539398104146624,-0.041978068208090275,-0.5959178786227528,1.3979000774568544
2223,Samuel Dalembert,2005,2007,26.064559290851314,23916.0,0.5468650285686718,0.026217434448001873,-0.52064759412067,0.6384910066234489
15,Eric Piatkowski,2001,2003,30.869808799342106,19456.0,0.542151492859242,1.1049107794595823,0.5627592866003401,1.4159670528948496
2039,Keyon Dooling,2006,2008,27.10103626943005,15440.0,0.5402094910780988,-0.0674787357715166,-0.6076882268496153,0.5770545282597025
201956,Omri Casspi,2016,2018,28.643906783434762,13474.0,0.5382583354783139,0.5187889266726086,-0.019469408805705326,0.7320625380051823
1627739,Kris Dunn,2022,2024,29.421215812202416,9031.0,0.5360741632532233,1.1090922477254677,0.5730180844722443,0.9006641521286994
101144,Von Wafer,2009,2011,23.563952716164167,7529.0,0.535161356784145,-0.0879059742249172,-0.6230673310090622,1.2830404683198273
1627741,Buddy Hield,2019,2021,26.963253387578334,30479.0,0.5336149631107001,1.2947490197712392,0.7611340566605389,0.5739908008134738
203121,Darius Miller,2019,2021,29.19880239520958,8350.0,0.5323113097425533,0.8689441432569134,0.3366328335143602,0.8283240601933265
2470,Smush Parker,2004,2006,24.95843318733989,12101.0,0.5296700564640425,0.5357891247201403,0.00611906825609776,0.7732877837356519
1628984,Devonte' Graham,2020,2022,26.013330062152438,24456.0,0.5277300326318286,0.6229456079552035,0.09521557532337489,0.6254806583240329
2568,Carlos Delfino,2008,2010,26.09834241199555,17073.0,0.526358545408762,0.22356769981789174,-0.30279084559087033,0.6306246413851678
2230,Maurice Evans,2006,2008,28.16454041618739,19126.0,0.5263034911231527,0.917158617508703,0.3908551263855505,0.6401284666173516
1626178,Rondae Hollis-Jefferson,2019,2021,24.552208464239513,10822.0,0.5244893624754527,0.02389314699625082,-0.5005962154792021,0.895175657564705
101142,Ronny Turiaf,2008,2010,25.83531864204884,16790.0,0.5242303261264308,0.7274235810920211,0.20319325496559026,0.6351272391755222
364,Rex Chapman,1997,1999,29.85300032739348,21381.0,0.5189291016114813,0.7989145847224641,0.2799854831109829,1.0110003056225423
201574,Jason Thompson,2012,2014,26.054951639133783,23366.0,0.5117647879866983,1.0800498350501935,0.5682850470634953,0.598395873710911
2058,Mark Madsen,2004,2006,28.708069620253166,10112.0,0.5087924951979211,-0.22453409572959848,-0.7333265909275197,0.715088549470448
2757,Beno Udrih,2006,2008,24.409334839711907,14162.0,0.5086856470749905,0.42323227712610595,-0.08545336994888461,0.9362300968246546
101177,Fabricio Oberto,2006,2008,32.33828506957503,15954.0,0.5059419855282309,0.04554655420485568,-0.4603954313233752,2.10497313194996
1629006,Josh Okogie,2022,2024,24.14134445692283,12466.0,0.4988716167022109,-0.52308002482964,-1.021951641531851,1.0073138460441295
201952,Jeff Teague,2015,2017,28.010579391839638,32327.0,0.48931598153508116,0.3738301417504976,-0.11548583978458357,0.5875776277304396
203458,Alex Len,2022,2024,29.874906646751306,5356.0,0.48748887033295674,-0.3338801548521638,-0.8213690251851207,0.9996389342474797
201571,D.J. Augustin,2019,2021,31.76010612638688,20730.0,0.4811806997111631,0.4739019584917319,-0.0072787412194312276,1.773084794643554
202970,Gustavo Ayon,2012,2014,27.729492872166393,8558.0,0.4746539720625288,0.008680685489566633,-0.4659732865729621,0.5395913996008707
203998,Bruno Caboclo,2018,2020,23.146027049873204,4732.0,0.4719987615905429,0.13256606934240778,-0.3394326922481351,1.3724063401517383
1629003,Shake Milton,2021,2023,25.0055333369857,18253.0,0.46966616259257177,0.23138920984134104,-0.23827695275123068,0.7428731984161719
177,Muggsy Bogues,1997,1999,32.708314606741574,15575.0,0.46493664054920675,-0.038940295586785405,-0.5038769361359923,2.2867045467671394
1442,Zeljko Rebraca,2002,2004,30.50835322195704,7542.0,0.4627969129505682,0.5741974520566661,0.11140053910609793,1.1824426667973613
147,Jalen Rose,1998,2000,26.279462111318956,28333.0,0.4600394139652015,0.4084284993027846,-0.051610914662416865,0.5310818342394072
1628975,Jevon Carter,2022,2024,26.988598130841122,16050.0,0.45924918825710226,-0.6856552067117269,-1.1449043949688291,0.48912280872457126
201985,AJ Price,2010,2012,23.85171770387444,9111.0,0.44966558060690753,0.043893078053523056,-0.4057725025533846,1.070671361226814
203089,John Henson,2018,2020,27.502101208194713,11422.0,0.44913764063705996,0.005401701360143751,-0.4437359392769162,0.50269285184222
1032,Darvin Ham,1998,2000,25.184141546526867,6104.0,0.447272500798071,-0.6643898283066841,-1.1116623291047552,0.6961122129928651
26,Luc Longley,1997,1999,28.81821603312006,18599.0,0.4466174744172619,-0.571875970155083,-1.0184934445723448,0.6669670027394915
203142,Chris Copeland,2013,2015,29.954004463178777,8066.0,0.44591838214183627,0.9508133766253272,0.5048949944834911,0.9847345637769699
2404,Chris Wilcox,2006,2008,24.045661102857643,22886.0,0.44088526135744355,0.6868932253486717,0.2460079639912282,0.9881196549842897
202391,Jeremy Lin,2014,2016,25.99442158569394,25276.0,0.43926187578765,0.004081266166619169,-0.4351806096210309,0.5378842392819826
203084,Harrison Barnes,2019,2021,27.9371805720088,29545.0,0.43654787438385567,0.5249962556599084,0.08844838127605265,0.5248953517225255
1630264,Anthony Gill,2021,2023,29.267040318206472,5531.0,0.43628483176827976,0.5274629194125834,0.09117808764430367,0.7621870597015522
1628370,Malik Monk,2021,2023,24.213141883669994,20545.0,0.4282431646844261,0.9002045669756674,0.4719614022912415,0.9158639775010106
1944,Eddie Robinson,2000,2002,24.83002993285333,12361.0,0.42558166845083,0.781175006605545,0.3555933381547149,0.7322444980395236
1628998,Cody Martin,2021,2023,25.753380389488903,11759.0,0.42368871383990925,0.7981880467860676,0.3744993329461583,0.5289157694600147
201167,Arron Afflalo,2009,2011,24.206203135650988,23472.0,0.420568423126688,0.38167911517932307,-0.03888930794736498,0.9126466435972515
1626195,Willy Hernangomez,2021,2023,27.8227834019357,8989.0,0.420380578810155,0.9337791235572949,0.5133985447471399,0.49313043028370795
1917,Wang Zhi-zhi,2002,2004,24.54697838553154,4534.0,0.42017541780635054,0.49941598445188273,0.07924056664553225,0.7980367118630393
202336,Larry Sanders,2012,2014,23.981044517854333,12714.0,0.4053117709934826,-1.3028503094197448,-1.7081620804132271,0.9636616583219424
202714,Shelvin Mack,2014,2016,24.839942217407007,13845.0,0.4037486773424408,0.29445016207711144,-0.10929851526532933,0.7179978303615685
1716,Larry Hughes,2005,2007,27.039468690702087,28985.0,0.4003123012337562,0.3872212807057437,-0.013091020528012467,0.4459696524941714
201589,Darrell Arthur,2014,2016,27.086016403443367,14753.0,0.39988405837473295,-0.9736612007873837,-1.3735452591621167,0.4420794131250142
101179,Ronnie Price,2006,2008,24.35446096654275,5380.0,0.39758991997719917,-0.05594705522116242,-0.4535369751983616,0.8350109612042674
101120,Antoine Wright,2009,2011,25.46688769167012,12065.0,0.39604835608129535,0.675739419916327,0.2796910638350317,0.5468560713532694
1563,Kevin Ollie,2003,2005,30.50082436994583,12737.0,0.39552060314668164,-0.38500507010509155,-0.7805256732517732,1.1038382531263167
201602,Kyle Weaver,2009,2011,23.2072884719466,5543.0,0.39487557927506467,0.06812211944355046,-0.32675345983151416,1.263998240743688
2554,Mickael Pietrus,2008,2010,27.100762607626077,20325.0,0.3828966409511943,-0.19930129962529247,-0.5821979405764867,0.4197076956258384
2756,Sasha Vujacic,2006,2008,23.048756524408965,16285.0,0.3822165063797804,1.021397089694483,0.6391805833147028,1.3592898369832465
1627747,Caris LeVert,2019,2021,25.071322351864563,17484.0,0.3816160532915957,0.8784636796491643,0.4968476263575687,0.6356994664156974
1630530,Trey Murphy III,2022,2024,23.137496512601135,21506.0,0.38077329065350146,0.4986939888609508,0.11792069820744933,1.2985419770646234
1627884,Derrick Jones Jr.,2022,2024,26.234025769129634,15212.0,0.3795810408561195,-0.2819636981615806,-0.6615447390177001,0.4537356449432641
101187,Alan Anderson,2015,2017,32.33976213436194,9333.0,0.3759139302625102,-0.6484152967236566,-1.0243292269861668,1.9759668798073426
203926,Doug McDermott,2018,2020,26.937188488129053,18659.0,0.3675145854157903,0.3979768260416261,0.030462240625835857,0.40773387293270225
1626155,Sam Dekker,2016,2018,23.37869515610414,9641.0,0.36719955897524115,0.4728839239880665,0.10568436501282531,1.1583432294002494
133,David Wesley,1998,2000,27.992771244878245,30019.0,0.3665344543662792,0.09948713087685007,-0.26704732348942917,0.4675793767815538
101123,Gerald Green,2015,2017,29.807844169518294,15196.0,0.3636742412228501,0.5849010086468989,0.22122676742404865,0.839986173030206
202341,James Anderson,2011,2013,23.112577786158777,5303.0,0.35777007887294565,0.5963441097571079,0.2385740308841622,1.287870341262233
203953,Jabari Parker,2020,2022,25.34198560060629,5278.0,0.3564946768540254,0.8322401349539207,0.4757454580998953,0.5380636065233916
375,Isaiah Rider,1997,1999,26.8699982215899,28115.0,0.3456323237744684,0.49884150153629764,0.1532091777618292,0.38031163536039914
2427,Roger Mason Jr.,2007,2009,27.39491617090319,18490.0,0.3451341890019341,0.5015192421736823,0.1563850531717482,0.3818286398696611
101107,Marvin Williams,2016,2018,30.932144298873354,27249.0,0.3445703114407109,0.3528589882334697,0.008288676792758753,1.2457646224228445
202734,E'Twaun Moore,2018,2020,29.663663127843698,22418.0,0.34304461165270106,0.5370492893573663,0.19400467770466517,0.7791456243729439
200811,Lou Amundson,2008,2010,26.514761083493962,9857.0,0.34005587913338864,-0.2169477210476717,-0.5570036001810602,0.37079193826845125
384,Calbert Cheaney,1997,1999,25.80686983675244,25299.0,0.33882444814728346,0.5113652108216719,0.17254076267438842,0.4512245204331521
1510,Brevin Knight,1999,2001,24.079390537289495,17458.0,0.33815388426785625,-0.2054909589858903,-0.5436448432537465,0.8745791146338576
1628539,Mychal Mulder,2020,2022,27.032683486238533,5232.0,0.33485049355572605,0.5135529647020723,0.17870247114634638,0.3548748324680419
428,Sherman Douglas,1997,1999,30.699720369972038,18596.0,0.3339855836966865,0.23249865562270433,-0.10148692807398224,1.1314949935511012
1629684,Grant Williams,2021,2023,23.18183697089947,24192.0,0.33253895211030476,0.4795487104162889,0.14700975830598403,1.232583355781546
891,Charles Oakley,1997,1999,33.791782871913476,29402.0,0.329328141189788,-1.0676289270018624,-1.3969570681916503,2.8737841582918997
201153,Julian Wright,2009,2011,23.003858107383987,9331.0,0.32919214678334735,-0.2161261475298062,-0.5453182943131536,1.3189913548229024
1627814,Damion Lee,2021,2023,29.117594147277526,16676.0,0.3286715985528049,-0.08600605059142848,-0.41467764914423344,0.6211992631481991
2768,Chris Duhon,2006,2008,23.86337644057359,22734.0,0.3284825395538965,-0.5215078957812039,-0.8499904353351003,0.9462307661915352
180,John Crotty,2000,2002,30.890266816986095,7983.0,0.3280183375756149,-0.14784661502811178,-0.4758649526037267,1.221113146850156
192,Dennis Scott,1997,1999,28.719337352449465,19739.0,0.3265645746003457,0.12808089150305232,-0.19848368309729328,0.5234873055487841
203095,Evan Fournier,2018,2020,26.055802770401204,27866.0,0.3251469906679728,1.0399901890367929,0.71484319836882,0.4109931783443064
202954,Brad Wanamaker,2019,2021,30.223675864256265,12612.0,0.31779118526049077,-0.5193923950881237,-0.8371835803486145,0.9267833107613298
1629004,Svi Mykhailiuk,2022,2024,25.80421824850986,6543.0,0.31729961829182957,0.17865270458279134,-0.13864691370903826,0.4379892941624348
2429,Dan Gadzuric,2004,2006,26.907951455666822,15079.0,0.31600979505142385,0.42643755660748256,0.11042776155605864,0.3476210913765205
1715,Jason Williams,2004,2006,29.041579088164482,26167.0,0.3154467552469763,1.0931029723446832,0.7776562170977069,0.5928491077467776
2243,Brian Scalabrine,2008,2010,30.974702834501677,6562.0,0.3152083136478857,0.08738669599815528,-0.22782161764973055,1.2298389014269528
202347,Quincy Pondexter,2012,2014,24.71475938704185,11159.0,0.30997884105678686,-0.054370904201412155,-0.364349745258199,0.6370190722240294
203141,Mirza Teletovic,2015,2017,30.070302627203194,15035.0,0.3082930887314522,0.6448952043013154,0.3366021155698632,0.8699803209619638
203187,Chris Johnson,2014,2016,25.02538370720189,8470.0,0.3059917190443515,-0.13736634220308352,-0.44335806124743504,0.5770785933426388
203105,Festus Ezeli,2014,2016,25.59259259259259,6804.0,0.3049817713868491,-0.2819629973877469,-0.586944768774596,0.4326154240483463
998,Mark Pope,2000,2002,28.298626174981923,5532.0,0.30160618181891247,-0.15899063456484056,-0.4605968163837531,0.4114847172453733
203504,Trey Burke,2019,2021,26.919558929862617,11064.0,0.29653984047997384,0.9093215220206415,0.6127816815406677,0.34012557619768485
1628021,David Nwaba,2019,2021,26.870300277567498,7926.0,0.2943779458371091,0.13237994074840337,-0.16199800508870574,0.34352577604452983
2424,Dan Dickau,2006,2008,28.462216040797404,6471.0,0.2943232670060183,0.6297662315550699,0.3354429645490517,0.44815183042815887
29,Jim McIlvaine,1997,1999,24.591227614845575,11559.0,0.2938560637237237,-0.49890264478324126,-0.792758708506965,0.6575697741466533
2748,Dorell Wright,2009,2011,24.656859592711683,18660.0,0.2872860220352013,0.15918800896743285,-0.12809801306776847,0.6221790355397016
2744,Al Jefferson,2012,2014,28.060957286971455,27954.0,0.2869999024308516,0.9760008552501851,0.6890009528193336,0.389708593547546
1629117,Wenyen Gabriel,2021,2023,25.497283007783814,6809.0,0.28558217442172473,0.41256641175953707,0.12698423733781236,0.4476778685310332
2063,Jake Voskuhl,2004,2006,26.722713864306783,10848.0,0.285079478550045,-0.2759373368274068,-0.5610168153774517,0.3347736314059798
1629023,P.J. Washington,2021,2023,23.073292071450958,25528.0,0.2776132539976138,0.33980573747405446,0.06219248347644066,1.2385991132380094
1629020,Jarred Vanderbilt,2022,2024,23.70000504617248,19817.0,0.2713523081248569,0.6347792533510063,0.3634269452261493,0.9421367658422192
201228,C.J. Watson,2008,2010,25.36050344620917,16685.0,0.27115081418257975,0.1613218556888327,-0.109828958493747,0.4503152905042158
446,Lucious Harris,1998,2000,28.273436049749396,10774.0,0.2677827875551871,-0.060293492564969416,-0.3280762801201565,0.402111834606509
2745,Kirk Snyder,2006,2008,23.81504765767593,9862.0,0.266943494144535,0.6322617769936648,0.36531828284912987,0.9107947129925322
201578,Marreese Speights,2016,2018,28.881272654047525,12415.0,0.2646048826400507,0.16265856863482603,-0.10194631400522475,0.49811681867302404
101129,Luther Head,2006,2008,23.86516754850088,22680.0,0.26305370610237433,-0.5582125355615226,-0.8212662416638971,0.8779930112583422
203476,Gorgui Dieng,2016,2018,26.869876883201037,24692.0,0.25850818090296707,-0.021823688970488798,-0.2803318698734559,0.2916804688209348
2035,DerMarr Johnson,2003,2005,24.82187400063959,6254.0,0.25119547482065235,-0.03570408425289541,-0.28689955907354775,0.5353578279377923
1627736,Malik Beasley,2022,2024,26.02514935785068,27953.0,0.23566197838617883,0.36999982463812936,0.13433784625195058,0.3289011478583399
202700,Donatas Motiejunas,2013,2015,23.415316016703233,14129.0,0.23507932529849432,-0.20072522580211918,-0.4358045511006136,1.0302807679590917
1626181,Norman Powell,2019,2021,27.160208359801803,23613.0,0.23042488017523127,0.05572681358595018,-0.1746980665892811,0.27032686485606
1630188,Jalen Smith,2022,2024,23.048055596628714,13526.0,0.22787818851534164,0.7337322651322692,0.5058540766169276,1.1942097411988681
1629060,Rui Hachimura,2022,2024,25.20842742763293,19484.0,0.22643069932601936,0.11461747162485979,-0.11181322770115963,0.4452113012141483
203516,James Ennis III,2020,2022,29.446630054917623,10015.0,0.22521317443690067,0.8263689333043976,0.6011557588674972,0.5825046290511751
203115,Will Barton,2019,2021,29.05167390992884,20939.0,0.22442057869855556,0.06529519984304219,-0.15912537885551345,0.5004709782787935
145,Tracy Murray,1997,1999,25.73870163650157,18454.0,0.22264217796667612,0.547602540547449,0.3249603625807729,0.3407904792464846
1629655,Daniel Gafford,2022,2024,24.09569140760573,20169.0,0.22011388234041065,0.7617638113204589,0.5416499289800483,0.7562208627204159
1000,Shandon Anderson,2004,2006,30.66247976691486,15445.0,0.21484607398964944,-0.10471196102325775,-0.3195580350129072,0.9990724819817179
1626163,Frank Kaminsky,2017,2019,24.745648234583495,18211.0,0.21363147956509657,0.9166625037589577,0.7030310241938612,0.5410463737949321
1892,Trajan Langdon,2000,2002,25.191476680077486,6711.0,0.21362837524433412,-0.20708465820282013,-0.42071303344715427,0.42223304948505086
201946,Tyler Hansbrough,2014,2016,28.732256020278832,9468.0,0.20513278719051656,0.05811757765795521,-0.1470152095325614,0.4048189573123368
1629631,De'Andre Hunter,2022,2024,24.986119072966996,24422.0,0.2019357209896548,0.674916476409992,0.47298075542033735,0.4726078839695421
201166,Aaron Brooks,2008,2010,24.38985354731211,22806.0,0.19965953840693576,0.714398639693418,0.5147391012864823,0.6254912784746917
781,Will Perdue,1997,1999,31.67472167648985,15270.0,0.19621702632431345,-0.04764948096249439,-0.24386650728680784,1.4366441213088819
203210,JaMychal Green,2020,2022,30.889004276114843,16370.0,0.193755988628823,0.016802209405049562,-0.17695377922377342,1.0768067560205783
721,Tyus Edney,1997,1999,24.327215189873417,7900.0,0.1893675291380847,-0.7640422246055036,-0.9534097537435883,0.6203948196374695
101132,Linas Kleiza,2010,2012,26.49274274274274,7992.0,0.1886800899591933,-0.034624000920166945,-0.2233040908793602,0.2172788532660727
1023,Emanual Davis,1999,2001,31.638689466127136,7661.0,0.17974180649745222,-0.11019645903484629,-0.2899382655322985,1.3890798262714081
365,Derrick McKey,1998,2000,31.813244914418856,11159.0,0.17549091852256113,-0.012683136571750403,-0.18817405509431157,1.5038714118082999
203481,Jeff Withey,2015,2017,26.152169757216594,5231.0,0.17347247410747135,-0.03212179242859341,-0.2055942665360648,0.243430886869633
202066,Garrett Temple,2011,2013,26.678537421443533,5251.0,0.1727580516401037,-0.5551880245808527,-0.7279460762209564,0.20993141824235523
1541,Alvin Williams,1999,2001,25.382390709619788,17911.0,0.1706264896080849,0.17684760651331613,0.00622111690523121,0.36189600345505085
1628372,Dennis Smith Jr.,2022,2024,25.125237944162436,12608.0,0.17013822672068354,-1.258255934407955,-1.4283941611286382,0.40491234894917133
2501,Reggie Evans,2007,2009,27.99225987323257,16408.0,0.1700929439143744,-0.44544019533792195,-0.6155331392522962,0.2583743797544327
101249,John Lucas III,2011,2013,29.494733377221856,6076.0,0.16773298406143475,-0.291766800577457,-0.4594997846388918,0.5367724654678331
203503,Tony Snell,2015,2017,24.18630215552263,20923.0,0.16125382324915133,-0.29879994637872115,-0.4600537696278725,0.6698214957931795
1628971,Bruce Brown,2019,2021,23.045702905581372,19583.0,0.15449887862685213,0.19822083453642564,0.04372195590957351,1.1262966063569815
1629673,Jordan Poole,2021,2023,23.260568959308607,27770.0,0.15183424813167687,-0.17223821889511354,-0.32407246702679043,1.012872112596191
201171,Carl Landry,2008,2010,25.338923866462093,18901.0,0.14426062117995966,0.4037884964586129,0.25952787527865323,0.33603807998423635
76,Cedric Ceballos,1997,1999,27.57717510010921,10988.0,0.143228459994008,0.0919011825718181,-0.05132727742218991,0.19030557661569475
85,Brent Price,1997,1999,29.18499178029204,10341.0,0.14077203582860137,0.5359104440270972,0.3951384081984959,0.43842892803704725
436,Juwan Howard,1997,1999,24.72771314402914,28279.0,0.13967975515243142,-0.15790287757563065,-0.29758263272806207,0.4750829087327924
1629052,Oshae Brissett,2022,2024,24.718670649738613,13390.0,0.138847124284299,1.077698099293016,0.9388509750087172,0.4770128284001328
922,Elden Campbell,1999,2001,31.165863972747562,25539.0,0.13806677770201545,-0.3866734245021431,-0.5247402022041585,1.1378591437146486
2306,Carlos Arroyo,2007,2009,27.497335344394166,9945.0,0.12711746578271316,0.24956259730150784,0.12244513151879466,0.15637842905550764
45,George McCloud,1997,1999,30.956685735839567,15907.0,0.12341359773123152,0.06753980701720474,-0.05587379071402674,1.0358110644232175
203186,Willie Reed,2016,2018,27.013923551819257,7613.0,0.11837562993092705,-0.21889269741943249,-0.33726832735035955,0.14475605424522633
1629308,Juan Toscano-Anderson,2020,2022,28.301877566986114,10226.0,0.11825883778064548,-0.33600712694657225,-0.4542659647272178,0.2407286858741532
2731,Emeka Okafor,2010,2012,27.704855661768203,21027.0,0.1162846952933223,-0.46762724120094484,-0.5839119364942672,0.17317189673899724
203473,Dewayne Dedmon,2015,2017,26.19301565456735,11626.0,0.11473141068040948,-0.8302402698456668,-0.944971680526076,0.19368599662623026
2562,Sasha Pavlovic,2006,2008,23.11815616180621,15945.0,0.1139804758290914,-1.056478564273498,-1.1704590401025892,1.0396073534857426
183,Bison Dele,1997,1999,29.18233402685833,15861.0,0.11397319173022077,-0.12837672413628445,-0.2423499158665052,0.40660215255741416
1724,Bryce Drew,2000,2002,25.832133917396746,12784.0,0.1111175749137228,-0.11492414764060811,-0.22604172255433091,0.22370437529810042
1629744,Matt Thomas,2020,2022,25.935031847133757,5495.0,0.11024422282912066,-0.2636037550749845,-0.3738479779041052,0.21849153816877792
203463,Ben McLemore,2019,2021,27.27137669197755,12116.0,0.10073157819378209,0.7179943714424879,0.6172627932487059,0.12329761066675668
101127,Jarrett Jack,2016,2018,33.19959619267378,10401.0,0.09700628881076298,0.19423423885171248,0.0972279500409496,2.251744949571283
1630598,Aaron Wiggins,2022,2024,24.002448769171284,15518.0,0.09514924631733168,0.45982432382279637,0.3646750775054647,0.6629478873884077
202687,Bismack Biyombo,2022,2024,30.091243561442237,9513.0,0.08072360008292559,-0.05956950587768788,-0.14029310596061348,0.6523456471788228
101154,Andray Blatche,2012,2014,26.28568674079311,15559.0,0.07757014222369656,0.34396748236328073,0.26639734013958427,0.13630697060036445
1065,Erick Strickland,1999,2001,26.065606361829026,13581.0,0.07702245043556379,-0.3769422409013107,-0.45396469133687445,0.14906749462612615
1533,Anthony Johnson,2004,2006,30.057184491742472,22646.0,0.0756130168376405,-0.13093900732587835,-0.20655202416351884,0.6401934718803152
1628410,Edmond Sumner,2021,2023,25.902840495265842,6865.0,0.07312917340036852,0.34634674010725236,0.27321756670688385,0.2000027668175992
1425,Aaron Williams,1998,2000,27.284979904663988,10699.0,0.0719133034136192,0.03334034582683715,-0.03857295758678202,0.12036184912192645
1088,Chucky Atkins,2001,2003,26.881770276159912,25239.0,0.07132265654501505,0.19409950109813118,0.12277684455311616,0.10656492106803077
209,Dell Curry,1997,1999,33.70412057701016,15459.0,0.06534008051291107,0.41760178504734985,0.3522617045344387,2.5500369338299906
1901,Dion Glover,2003,2005,24.488779700792023,13636.0,0.0640278422096722,-0.18053184013940632,-0.24455968234907854,0.4492516148358668
1630174,Aaron Nesmith,2022,2024,23.3219491206368,18593.0,0.0622304913039538,0.7665793237225603,0.7043488324186066,0.8945144623165965
202362,Lance Stephenson,2014,2016,23.70531033654808,24989.0,0.059851515266788204,-0.18105327099714946,-0.24090478626393771,0.741602428872576
2422,John Salmons,2011,2013,31.97138547726783,23205.0,0.059839773602401676,-0.6891418045781034,-0.7489815781805049,1.470831862401085
916,Corie Blount,1998,2000,29.73223626852659,9176.0,0.059442264913684505,-0.46794266166353127,-0.5273849265772157,0.5219261737076993
201958,Rodrigue Beaubois,2010,2012,23.167664030775807,9358.0,0.05919050805597962,-0.11155993505268388,-0.17075044310866347,0.9792779948275547
1629656,Quentin Grimes,2022,2024,23.06126637291,16567.0,0.05814370705098763,-0.47360037492665025,-0.5317440819776379,1.0071299318465745
101119,Rashad McCants,2007,2009,23.162671598264456,14059.0,0.05375826607135149,0.15618727076351516,0.10242900469216366,0.9542729005301672
201967,Dante Cunningham,2013,2015,26.93576254826255,20720.0,0.05363468230235229,-0.06636537999536883,-0.12000006229772112,0.0930996732628852
203086,Meyers Leonard,2019,2021,27.52257544344621,8682.0,0.052593249471830486,0.43254262455977877,0.3799493750879483,0.08490142197903561
203585,Rodney McGruder,2017,2019,25.915773055176448,15387.0,0.047702652168932214,0.15382316685866781,0.10612051468973559,0.1682628459107056
994,Jamie Feick,1999,2001,24.784771896359878,12582.0,0.04655949144240642,0.7900673738643312,0.7435078824219249,0.3472937391652309
2551,T.J. Ford,2005,2007,23.473973871000926,19442.0,0.04082584220790863,-0.07047366089084045,-0.11129950309874909,0.7912904030766904
1714,Robert Traylor,1999,2001,23.16616989567809,9394.0,0.040613253992591365,0.3919743128254997,0.3513610588329083,0.9628052355926218
2418,Casey Jacobsen,2005,2007,24.0,6781.0,0.03694479063074163,-1.1979161658339474,-1.234860956464689,0.5651227581732474
251,Sean Elliott,1999,2001,31.85184447983015,15072.0,0.030606408875203422,-0.9553505704675447,-0.9859569793427481,1.3812801214538808
399,Sean Rooks,2000,2002,30.899289290906154,12382.0,0.028567311013644455,-0.4176118396810126,-0.44617915069465713,0.9087455367954169
201161,Daequan Cook,2010,2012,24.171755335443684,9793.0,0.025649794629508494,-0.34535946557625846,-0.371009260205767,0.5356606934052172
101181,Jose Calderon,2006,2008,25.18122103747694,22227.0,0.025018158140868958,1.012993045902772,0.9879748877619032,0.25581008179864895
949,Shareef Abdur-Rahim,2004,2006,27.917958140278,25036.0,0.02437266307372253,0.06263864212237025,0.03826597904864772,0.11398821628327428
2553,Jarvis Hayes,2008,2010,26.931167435686746,15821.0,0.02207238199781392,-0.11176041299042422,-0.1338327949882381,0.05482778309958986
1629021,Moritz Wagner,2022,2024,26.12214111922141,14385.0,0.019386300977154002,0.26966084364486714,0.2502745426677131,0.10184354224472784
2804,Andres Nocioni,2007,2009,28.06117033444663,21857.0,0.011883105129792643,0.43968333462619735,0.4278002294964046,0.11358549976420172
1628398,Kyle Kuzma,2019,2021,23.943157186635773,26758.0,0.0037594303451344417,-0.30008037164969886,-0.30383980199483324,0.5954011656968888
265,Harvey Grant,1997,1999,31.745232040686584,12584.0,0.0006950577079319207,-0.7704664190770254,-0.7711614767849572,1.2864477785023842
146,Jud Buechler,1997,1999,30.08141167034289,9974.0,-0.0031692361547098627,-0.9369767179669032,-0.9338074818121934,0.5731101583077324
200777,Joel Freeland,2013,2015,27.087602387893934,7203.0,-0.0064466733425853715,-0.6129855056459009,-0.6065388323033155,0.02746714005916413
201175,Glen Davis,2008,2010,23.07216132246908,17059.0,-0.007796267241677606,-0.17141429333700783,-0.16361802609533024,0.943005226873265
2294,Charlie Bell,2004,2006,27.0,5322.0,-0.012124973454556376,0.2637542117324404,0.2758791851869968,-0.012124973454556376
2669,Linton Johnson,2005,2007,26.569148936170212,4700.0,-0.019659284878932978,-0.03964668545845041,-0.01998740057951745,0.006119537514115893
204038,Langston Galloway,2017,2019,26.0969704128034,16933.0,-0.020578143415228626,-0.27206423748879155,-0.2514860940735629,0.07190241230048648
202390,Gary Neal,2011,2013,27.018825910931174,19760.0,-0.02134406460222314,1.0751354164457567,1.0964794810479799,0.020228644864296527
200761,Shawne Williams,2012,2014,27.222044088176354,4990.0,-0.024751217924650057,0.05950126536366812,0.08425248328831814,0.033128826561279905
201158,Marco Belinelli,2009,2011,24.260485789407788,15974.0,-0.031880068700796516,0.32578750872092344,0.35766757742171995,0.44810053744554706
95,Mark Bryant,1997,1999,33.03170296876211,12901.0,-0.0326143220698703,0.01866752812058759,0.051281850190457834,1.9977053009526033
201145,Jeff Green,2019,2021,32.97387842733819,22357.0,-0.03403796277282773,0.44810328848413894,0.4821412512569667,1.9645887635524288
2400,Drew Gooden,2013,2015,32.51363705622429,6563.0,-0.03774873698379246,0.16240534076931065,0.2001540777531031,1.6617650182441643
2624,Quinton Ross,2006,2008,25.942910915934757,19128.0,-0.03839462114067332,-0.5839596216931254,-0.545565000552452,0.06363997780782882
203613,Jonathon Simmons,2016,2018,27.274388575805656,18277.0,-0.03939621362384261,-0.1674118146413899,-0.1280156010175473,-0.0023931314270915173
200764,Renaldo Balkman,2008,2010,23.547725369801842,7166.0,-0.03960387288397115,-0.509612633949267,-0.4700087610652959,0.6861488904810252
203145,Kent Bazemore,2020,2022,30.683529334472112,15221.0,-0.04043628051533439,-1.544144506713867,-1.503708226198533,0.7490868003499384
1629103,Kelan Martin,2020,2022,24.938820101966495,5492.0,-0.04120585321230964,-0.7488463247901522,-0.7076404715778425,0.24819962983180488
202399,Jeff Adrien,2013,2015,27.747780964085756,7323.0,-0.04767196710361417,0.2714679882781857,0.31913995538179984,0.009579665156172616
1630235,Trent Forrest,2021,2023,23.974855652821756,5369.0,-0.049894452787879816,0.21875309969079237,0.26864755247867217,0.5149148252209693
202337,Luke Babbitt,2016,2018,27.950948766603414,10540.0,-0.05248974326079193,0.3502217409178761,0.40271148417866803,0.03452403175916921
2679,Matt Carroll,2004,2006,24.67693836978131,7042.0,-0.05475783127815369,-0.18159790376420684,-0.12684007248605314,0.2771654697310241
201943,Brandon Jennings,2015,2017,26.208398133748055,16075.0,-0.0562256640748683,0.24570254066368016,0.3019282047385485,0.02230444356557978
1531,Marc Jackson,2003,2005,29.246835009922673,14613.0,-0.05915856194187077,-0.08261584568680298,-0.0234572837449322,0.2726864263829065
962,Walter McCarty,2001,2003,28.47672619884686,14222.0,-0.06224093399368718,-0.4284472095244229,-0.3662062755307357,0.09329876197875231
200797,Ryan Hollins,2013,2015,28.858348968105066,6396.0,-0.06873049088708812,-0.6932798181318431,-0.6245493272447551,0.16683518620670496
1627752,Taurean Prince,2020,2022,26.856521480069116,16783.0,-0.06919763015168509,0.24560068900395848,0.3147983191556436,-0.024586816713655212
324,Anthony Peeler,2002,2004,32.92217041119118,23590.0,-0.07410483323098281,0.4011815518291901,0.47528638506017296,1.8840243940400287
1737,Nazr Mohammed,2011,2013,33.77827050997783,11275.0,-0.07609975281505059,-0.15559269382738322,-0.07949294101233263,2.464173066008555
203518,Alex Abrines,2017,2019,23.82259268474745,12057.0,-0.07664032860470962,-0.07829653162929298,-0.0016562030245833234,0.5525958165126281
1629667,Jalen McDaniels,2022,2024,24.888253348214285,14336.0,-0.08077546791654466,-0.045794577959584415,0.03498088995696024,0.20249511760372885
201961,Wayne Ellington,2013,2015,26.010280633509307,14396.0,-0.0834996451710951,-0.2578009186136601,-0.17430127344256502,0.02418247414311286
2408,Melvin Ely,2003,2005,26.288489079842464,11172.0,-0.08460280598615838,-0.17808890718554013,-0.09348610119938176,-0.012312829984832602
1898,Cal Bowdler,2000,2002,24.106442058496853,5402.0,-0.08797602426554865,0.11594600174630675,0.20392202601185538,0.44770700387844514
1722,Michael Dickerson,1999,2001,25.141201976045775,28137.0,-0.09321140488668252,0.142783939933259,0.23599534481994153,0.13998407911935998
201971,DeJuan Blair,2013,2015,24.686730648862927,9586.0,-0.09873632479357727,-0.18012121190473565,-0.0813848871111584,0.2345103335263558
1630322,Lindy Waters III,2022,2024,24.847488921713442,5416.0,-0.09995131606039079,-0.03237942328276546,0.06757189277762532,0.20224123207151382
201156,Nick Young,2014,2016,29.783368091762252,15344.0,-0.10165116783928735,0.3694454910641028,0.47109665890339014,0.37568574218652756
1629014,Anfernee Simons,2021,2023,23.19407894736842,20368.0,-0.10409038975466814,0.9015920189035433,1.0056824086582115,0.7955211756428202
1629012,Collin Sexton,2022,2024,24.49591169255928,14676.0,-0.10620154777790715,1.7039134715356037,1.810115019313511,0.28579477431743067
761,Matt Geiger,1999,2001,29.72492798284987,14927.0,-0.10802607565803334,-0.3620385178634289,-0.25401244220539554,0.34238680568751273
344,Dana Barros,1997,1999,31.11555587999124,13699.0,-0.1114991655398154,-0.28911076724869417,-0.17761160170887874,0.8625982932278378
2050,Morris Peterson,2001,2003,24.139116264968926,26388.0,-0.11472338328465162,0.19824212548369546,0.31296550876834706,0.40707969900157553
201160,Jason Smith,2011,2013,25.90048984034833,11024.0,-0.11635110048710305,-0.48054860490400325,-0.3641975044169002,-0.007906893735408147
2420,Nenad Krstic,2008,2010,25.278846153846153,14872.0,-0.12086398560402105,-0.4991465104225533,-0.3782825248185322,0.08736140750538565
203124,Kyle O'Quinn,2014,2016,24.843450184501844,10840.0,-0.12149298534381418,-0.14783727689746975,-0.026344291553655544,0.18987080213867136
1627823,Juancho Hernangomez,2018,2020,23.241760391198046,10225.0,-0.12190745361021295,0.117104179982594,0.23901163359280697,0.7408230624616613
1731,Tyronn Lue,2001,2003,25.338800374882847,14938.0,-0.12641557642692822,0.26130141025385795,0.38771698668078614,0.06386788832203708
203920,Khem Birch,2018,2020,26.19696648281714,9428.0,-0.12950931439561236,-0.368304547826509,-0.23879523343089668,-0.05540993947045496
203200,Justin Holiday,2016,2018,28.325710950764005,18848.0,-0.13179617178532005,-0.46225482231751625,-0.3304586505321962,0.0012489480134993518
201604,Chris Douglas-Roberts,2013,2015,27.03464930701386,4762.0,-0.13225767494418242,-0.08968823166809094,0.04256944327609149,-0.12453333518311956
785,Eric Murdock,1997,1999,30.148373446178258,7562.0,-0.13347376388761437,-1.3661683586904152,-1.232694594802801,0.4400926513148188
201564,O.J. Mayo,2011,2013,24.103203635960536,27063.0,-0.13477967961275414,0.45760239331098457,0.5923820729237387,0.40208081285676944
1630237,Anthony Lamb,2021,2023,24.48048922539313,6868.0,-0.14913428215214283,-0.11841776843447963,0.03071651371766325,0.26873785516341797
988,Randy Livingston,2000,2002,25.351212343864805,5444.0,-0.15192058474799935,-0.7215522755934896,-0.5696316908454903,0.03848107207146232
204028,Tarik Black,2015,2017,23.990829020248796,11013.0,-0.16144479261551278,-0.6806224630447699,-0.5191776704292572,0.4216411560373165
2032,Darius Miles,2005,2007,23.422929482036196,11217.0,-0.1628008172222817,-0.7301226459725961,-0.5673218287503143,0.6092339332357158
1607,Troy Hudson,2003,2005,27.770963379109446,19224.0,-0.16427785668281134,0.9868262561967401,1.1511041128795516,-0.0812219079871883
43,Chris Whitney,1997,1999,25.74904195735482,10177.0,-0.16434742657946463,-0.63573266467374,-0.47138523809427546,-0.044092358075728436
101128,Francisco Garcia,2013,2015,31.60600242522231,9896.0,-0.16517885000971338,-0.460203791883873,-0.29502494187415956,1.0359467077906437
953,Lorenzen Wright,2006,2008,30.474615961034097,10676.0,-0.16522388927703366,-0.9800140729158804,-0.8147901836388468,0.5339123478559747
1630241,Sam Merrill,2022,2024,27.84882489942833,4723.0,-0.1767011786754096,-0.3533222341579997,-0.17662105548259002,-0.12095429496548561
203112,Quincy Acy,2017,2019,26.788129496402878,8340.0,-0.17939375225855259,-0.07642020805674966,0.10297354420180291,-0.16005779036545342
1629028,Deandre Ayton,2022,2024,23.940163479088962,25202.0,-0.17998027859846277,-0.031371873601291074,0.14860840499717168,0.4088441447789149
958,Vitaly Potapenko,1998,2000,24.09446822893195,17752.0,-0.17999799475355785,-1.1012676756384847,-0.9212696808849268,0.35865187312152585
244,Dee Brown,1999,2001,30.489403138962082,8729.0,-0.19794986552245405,0.13781559149776984,0.33576545702022387,0.5102250713696933
2742,Sebastian Telfair,2009,2011,24.617840095465393,13408.0,-0.19906865712165817,0.24144603475511695,0.44051469187677517,0.17199611491145772
280,Felton Spencer,1997,1999,29.454489418532976,9734.0,-0.21158091316321087,-0.43738276197347753,-0.2258018488102666,0.1523749012563945
2124,Malik Allen,2006,2008,29.086262301667002,9958.0,-0.2120538575150882,-0.5253900269146065,-0.31333616939951825,0.07747710456499392
137,Vernon Maxwell,1997,1999,31.770446354311062,14428.0,-0.21288228589231747,-0.38373954035846136,-0.17085725446614394,1.0915464850291172
200835,Walter Herrmann,2007,2009,28.840021401819154,7476.0,-0.21414966444040684,-0.288785746445179,-0.07463608200477212,0.02294018866755468
1903,Kenny Thomas,2000,2002,23.087476455385694,22829.0,-0.21573812261508737,-0.11725449543007531,0.09848362718501205,0.737781336269034
2457,Jannero Pargo,2011,2013,32.41237559498053,4622.0,-0.21724716797584995,-0.21838218439118365,-0.0011350164153336915,1.4131116360374494
1628411,Wes Iwundu,2019,2021,24.74243579964404,11799.0,-0.22199320354830246,-1.212044256558204,-0.9900510530099015,0.10917506112418818
182,Billy Owens,1997,1999,28.682980357730713,18226.0,-0.23927656479805728,-0.5134316320335957,-0.2741550672355383,-0.053557674928279154
359,Chucky Brown,1997,1999,30.134873634164652,11989.0,-0.23962044841637758,0.1805819305346479,0.42020237895102547,0.34757852051512517
101143,Travis Diener,2008,2010,26.391334329387426,8701.0,-0.2396711281727131,0.3708639962860004,0.6105351244587135,-0.20213734306036032
1502,Adonal Foyle,2003,2005,28.969186602870813,15675.0,-0.24085357272935584,-0.633783379905829,-0.39292980717647313,0.029087682761951235
101211,Stephen Graham,2008,2010,27.391297542651433,6389.0,-0.24841995833167418,-1.0140042304406967,-0.7655842721090222,-0.21549750379963334
1627820,Tyrone Wallace,2018,2020,24.58700269007504,7063.0,-0.2538878595738375,-0.7031077423110801,-0.44921988273724256,0.11178880614903183
202332,Cole Aldrich,2016,2018,27.421071176885132,5676.0,-0.2551648636715325,-0.4444230303686928,-0.1892581666971602,-0.2275866948022567
1627774,Jake Layman,2018,2020,25.188132799623265,8494.0,-0.26192284958931655,-0.46380984110881157,-0.20188699151949505,-0.054084686738561365
1444,Lawrence Funderburke,2000,2002,29.866559646834553,9967.0,-0.2666119566391324,0.020074018390215453,0.28668597502934784,0.23715639334486954
2557,Luke Ridnour,2010,2012,29.982392796647947,22434.0,-0.2694275332445342,0.3328261591464576,0.6022536923909919,0.2672185603079632
2052,DeShawn Stevenson,2008,2010,27.600936494000585,17085.0,-0.2739014710840031,0.13602904087807174,0.40993051196207486,-0.2159760298923843
202344,Trevor Booker,2014,2016,26.984126984126984,18459.0,-0.2754652845284895,0.16294508250955203,0.4384103670380415,-0.23619668841331665
203459,Allen Crabbe,2014,2016,23.71623190649431,12919.0,-0.2811884420608935,0.36986593158615233,0.6510543736470458,0.37094414306796347
101153,Mickael Gelabale,2007,2009,24.283615990308903,6604.0,-0.28655398589305253,-0.20956909203410243,0.0769848938589501,0.1574179718690875
976,Jeff McInnis,2004,2006,29.65577224617797,20408.0,-0.29102951347053796,0.879652014296608,1.170681527767146,0.13177996982299114
441,Lamond Murray,2003,2005,31.659921304103428,5337.0,-0.2947666685407951,-0.8837776905152004,-0.5890110219744052,0.9249788524476324
203924,Jerami Grant,2019,2021,25.846767322177158,29341.0,-0.2978067845586637,-0.21070954284295168,0.0870972417157121,-0.18481328367037805
234,Khalid Reeves,1998,2000,25.09688537145775,7834.0,-0.29892923154376155,-0.14624849497847156,0.15268073656529002,-0.0818140630543515
2098,Slava Medvedenko,2001,2003,23.43673186775143,5777.0,-0.30284519473963595,-0.42047124023906224,-0.11762604549942621,0.467236043325818
1627854,Bryn Forbes,2017,2019,24.487905272060896,17735.0,-0.306630928527604,0.19250311683757237,0.49913404536517636,0.08676396197152296
202325,Wesley Johnson,2015,2017,27.71457096316536,19031.0,-0.3071977982509914,-0.5082783645002403,-0.20108056624924897,-0.2456954267249598
202708,Norris Cole,2013,2015,24.992490772559503,23571.0,-0.30920098822337916,-0.2160426956938218,0.09315829252955728,-0.03833959506967178
201189,Aaron Gray,2009,2011,24.89773626721545,6317.0,-0.31369413540327856,-0.16073358605316715,0.15296054935011139,-0.008754236913603811
2549,Chris Kaman,2012,2014,30.851890599312508,13382.0,-0.315993035213802,-0.7594691047051285,-0.4434760694913265,0.5468218119187105
1628977,Hamidou Diallo,2022,2024,23.44450379232988,9361.0,-0.31606032589040645,-0.8817983572006762,-0.5657380313102699,0.44711269868951076
1729,Ricky Davis,2004,2006,25.060026718123794,33685.0,-0.3169856317699621,0.22971343178757198,0.5466990635575341,-0.05927861281914663
1627758,Ron Baker,2017,2019,24.50927092709271,5555.0,-0.3195790776133418,-0.4070036594840882,-0.0874245818707464,0.07167151477316148
101110,Martell Webster,2012,2014,26.207372001103042,21758.0,-0.32654976853471857,0.48005521255582156,0.8066049810905402,-0.2578893296174004
203144,Alexey Shved,2013,2015,24.67521971123666,12744.0,-0.33094236513065206,-0.42715285926232294,-0.09621049413167082,0.02538652096353316
2735,Josh Childress,2007,2009,24.554548130703562,16985.0,-0.33931289172083257,0.6318871989639446,0.9712000906847771,0.024218910184651513
2198,Kwame Brown,2006,2008,24.65851968503937,15875.0,-0.3426156006319595,-0.49385712226638584,-0.15124152163442642,0.0119115852590097
201977,Marcus Thornton,2010,2012,23.992011344835735,21155.0,-0.3492514434336583,0.07162787634288274,0.4208793197765411,0.22429124692702673
101121,Joey Graham,2007,2009,26.02803083391731,12843.0,-0.35162846233882394,-0.4216728290703003,-0.0700443667314763,-0.24505005343711111
1629675,Naz Reid,2022,2024,23.137492009375666,18772.0,-0.3533156981479347,-1.0446929565026026,-0.6913772583546678,0.576917787932353
2204,Eddie Griffin,2004,2006,23.470239801280215,10467.0,-0.35381143463952147,0.00318866569289276,0.3570001003324142,0.39823105856322877
203527,Ryan Kelly,2014,2016,23.707808355437667,12064.0,-0.353857183996635,0.3562337365143104,0.7100909205109452,0.31781653729778897
458,Howard Eisley,2001,2003,28.922191728056237,20769.0,-0.3584357727668517,-0.08233235085728315,0.27610342190956855,-0.09753677057683892
2446,Rasual Butler,2004,2006,26.283982390789028,14765.0,-0.36531447495463193,-0.7007166320618857,-0.3354021571072538,-0.3031367186139963
201945,Gerald Henderson,2014,2016,26.877678642555566,25106.0,-0.37617904069963287,-0.6496414909327143,-0.2734624502330814,-0.33900817095943
1628035,Alfonzo McKinnie,2019,2021,26.533865450399087,8770.0,-0.37730465866947793,-0.007320958523841741,0.3699837001456362,-0.33642874888322094
201948,Austin Daye,2013,2015,25.717738454898576,4634.0,-0.37747092024969586,-0.14143535560885373,0.2360355646408421,-0.23694190723692624
273,Duane Ferrell,1997,1999,32.348066298342545,6154.0,-0.3799132306732691,-0.338664740821338,0.041248489851931136,1.2151747192977045
2566,Travis Outlaw,2008,2010,23.737632328990227,19648.0,-0.3812998089377712,0.12438275229031794,0.5056825612280891,0.27581203656187336
1627756,Denzel Valentine,2020,2022,26.84478157044529,7119.0,-0.38444637625613304,-0.8784056035560511,-0.4939592272999182,-0.3611781359548621
203943,Noah Vonleh,2019,2021,23.19631483166515,8792.0,-0.3847587785401106,-0.36343480008944845,0.021323978450662116,0.48360990503421974
1853,Anthony Carter,2006,2008,32.576301115241634,10760.0,-0.38658809773082387,-0.22710294550404617,0.15948515222677775,1.3612431032257661
63,Michael Smith,1997,1999,25.680830210435285,17345.0,-0.3903267945636258,0.19002787412828118,0.580354668691907,-0.25116271640227367
1626179,Terry Rozier,2021,2023,27.977373105931914,29434.0,-0.3931970644320836,0.443758585001292,0.8369556494333756,-0.30049358599428
101189,James Singleton,2007,2009,26.42201650231435,4969.0,-0.3932105695742789,-0.9890710165036174,-0.5958604469293383,-0.32637357552663016
380,Tony Smith,1997,1999,29.05740884406517,5156.0,-0.39473113888775657,-0.0351864116131869,0.35954472727456965,-0.14889098845604204
200809,Chris Quinn,2009,2011,25.553353935648065,5501.0,-0.39842728994183046,0.050030866242207775,0.4484581561840382,-0.240145421185245
2211,Troy Murphy,2008,2010,29.030136202766954,27973.0,-0.4060895401443664,0.502446851735577,0.9085363918799434,-0.13434469352751013
426,Terry Davis,1998,2000,31.248890964277376,8566.0,-0.40765810103100886,-0.3776581761571751,0.029999924873833732,0.610607041023615
1629002,Chimezie Metu,2022,2024,25.850747543784706,11705.0,-0.40782337097987414,-0.49294538781688435,-0.08512201683701016,-0.28984058630788445
1628470,Torrey Craig,2018,2020,28.203960905349795,15552.0,-0.408069020975389,0.6768850430018097,1.0849540639771986,-0.29617957785003896
1742,Shammond Williams,1999,2001,25.653101045296168,7175.0,-0.4114612229976878,0.08332055006990997,0.49478177306759774,-0.29405324794089593
203092,Tyler Zeller,2018,2020,28.075998449011244,5158.0,-0.42122916169861335,-0.3609239038162647,0.060305257882348626,-0.34906499494425947
1922,Francisco Elson,2005,2007,30.135785363395893,15878.0,-0.42260233464885605,-0.924062580838119,-0.5014602461892629,0.16436490183141408
2574,Jason Kapono,2006,2008,26.243195341182428,15798.0,-0.42848080364485114,-0.41936543908061497,0.009115364564236079,-0.3666974230481339
1628382,Justin Jackson,2019,2021,24.68288590604027,13708.0,-0.43098879696321557,0.06736580173322546,0.49835459869644105,-0.08340802330015931
2758,David Harrison,2006,2008,23.84750162232317,7705.0,-0.4376724302278239,-1.213367224554743,-0.775694794326919,0.2019396069770204
2239,Trenton Hassell,2004,2006,25.963618921112833,27102.0,-0.43950329098327023,-0.6376597159261596,-0.1981564249428893,-0.3364242330539741
204020,Tyler Johnson,2016,2018,25.24364622161979,20657.0,-0.44413934720988735,-0.8344242620081185,-0.39028491479823113,-0.23482197184325168
724,Cory Alexander,1999,2001,26.602739726027398,5183.0,-0.4549176822799665,-0.8471771017770706,-0.3922594194971042,-0.41244736452100045
221,Clar. Weatherspoon,1998,2000,27.887542087542087,19305.0,-0.4554680980823147,-1.1480476657185605,-0.6925795676362457,-0.3652294264402464
203515,Phil Pressey,2014,2016,23.602328201276755,7989.0,-0.4641186223779635,-0.521154091570827,-0.057035469192863654,0.25114094648350316
1629599,Amir Coffey,2020,2022,24.654820589246818,8723.0,-0.46642654377430903,-0.24368818953333746,0.22273835424097163,-0.1228975781184922
203489,Nate Wolters,2014,2016,23.158379373848987,5973.0,-0.46852273981303344,-1.1449250438459637,-0.6764023040329302,0.415304826764058
202379,Jeremy Evans,2013,2015,26.022094289715263,6427.0,-0.47291998469871743,-0.559181384045456,-0.08626139934673853,-0.40190903366704817
914,Stanley Roberts,1997,1999,27.825905500074526,6709.0,-0.4739226120142201,-1.8249471576751282,-1.3510245456609082,-0.4218549010293581
679,Jason Caffey,1997,1999,24.80426825056979,14479.0,-0.4835041286480817,-0.506479912251809,-0.022975783603727293,-0.16751281179399571
77,Doug Overton,1997,1999,27.65142857142857,4550.0,-0.48548739594357265,-0.7976289855248447,-0.3121415895812721,-0.4239784314789189
202690,Jimmer Fredette,2013,2015,24.765984985762362,7726.0,-0.4869351407247717,0.7279744192770888,1.2149095600018605,-0.1552913120427617
200821,Yakhouba Diawara,2007,2009,24.842135865878475,10319.0,-0.48739650043071897,-0.9435860958850973,-0.4561895954543783,-0.17148643284673434
1629139,Yuta Watanabe,2020,2022,26.272058823529413,5304.0,-0.4944940724166172,-0.47344665173553935,0.021047420681077907,-0.44373323444226986
1629726,Garrison Mathews,2020,2022,24.483939204011282,12764.0,-0.49710189783151987,0.5920400064854571,1.089141904316977,-0.1030554845710006
200783,Craig Smith,2010,2012,26.675531914893618,8648.0,-0.5010939641693652,-0.5132464440670649,-0.012152479897699532,-0.45863333648651
201563,Michael Beasley,2017,2019,28.76565295169946,11739.0,-0.5020826117636502,0.2753543204913345,0.7774369322549847,-0.3015733518276423
1630205,Lamar Stevens,2022,2024,24.828765846383295,10728.0,-0.506147273559174,-0.40142545008232716,0.1047218234768469,-0.1985908288874339
1630256,Jae'Sean Tate,2022,2024,26.724455825864275,15620.0,-0.5173983191069781,-0.8514296089064368,-0.3340312897994588,-0.470389535737158
2031,Stromile Swift,2003,2005,23.95932929004638,16818.0,-0.5176379245344946,-0.522256562775205,-0.00461863824071037,0.06488821286833966
969,Travis Knight,1998,2000,23.593018522287807,9826.0,-0.5219556724435648,-0.5654704269157224,-0.04351475447215776,0.2023127000177218
423,Chris Gatling,1998,2000,31.11230283911672,15850.0,-0.523633907377059,-0.19610351563248332,0.32753039174457566,0.4641053944170901
1630209,Omer Yurtseven,2022,2024,24.860544217687075,5586.0,-0.5250282456586536,-0.0410945627873131,0.4839336828713406,-0.20431862349881952
201934,Hasheem Thabeet,2011,2013,25.328007889546353,5070.0,-0.5344246401548761,-0.8184942082744733,-0.2840695681195971,-0.3258396954545499
1628380,Zach Collins,2021,2023,24.736422881969588,8286.0,-0.535753996792919,-0.3163951601265599,0.219358836666359,-0.22622107931996652
1630214,Xavier Tillman,2022,2024,24.033231474407945,13090.0,-0.5373710521041299,-1.063047348754325,-0.5256762966501952,0.01424591689621194
1924,Lee Nailon,2001,2003,26.983047790802523,11090.0,-0.5391061701536477,-0.21406193016023306,0.32504423999341464,-0.522275932458245
1629312,Haywood Highsmith,2022,2024,26.447181818181818,11000.0,-0.5412283906064852,-0.9837297408119322,-0.4425013502054471,-0.5013983456868244
1626169,Stanley Johnson,2021,2023,25.787372593431485,10596.0,-0.5425868571734739,0.4464991956340676,0.9890860528075415,-0.42749942801072777
200770,Jordan Farmar,2009,2011,23.043938921782487,19254.0,-0.5483221497648771,-0.8111068882566509,-0.2627847384917738,0.42283846044728485
1916,Calvin Booth,2002,2004,27.458317126928563,7713.0,-0.5483274333529085,-0.6444767617121143,-0.09614932835920571,-0.5058717026292064
1629018,Gary Trent Jr.,2022,2024,23.914349480462462,27332.0,-0.5509249951204973,0.7270051120200617,1.2779301071405589,0.050870956278749734
101111,Charlie Villanueva,2007,2009,23.2312235404798,19133.0,-0.5552914167190167,0.9821180441177061,1.5374094608367228,0.3235346855665016
1565,Michael Stewart,1998,2000,23.46816326530612,9800.0,-0.5587414194940004,-0.9458071856276482,-0.387065766133648,0.2139532421084644
204014,Damjan Rudez,2015,2017,29.557842220143435,6414.0,-0.5661407625557036,-0.309645564989247,0.2564951975664566,-0.15953217698840397
386,Elliot Perry,2000,2002,31.45432284799397,5309.0,-0.5676773924891846,-0.6179011741296373,-0.0502237816404527,0.5546452385613058
200771,Sergio Rodriguez,2009,2011,23.47727532913566,8735.0,-0.5702238220529062,-0.22703136442525743,0.3431924576276488,0.17884561822904077
694,Sam Mack,1999,2001,29.234998265695456,5766.0,-0.5721703099685479,-0.6944758757349319,-0.12230556576638395,-0.27659296011552004
1594,Rick Brunson,2003,2005,32.68093589340048,9531.0,-0.5740376954045291,-0.4580668394137976,0.11597085599073137,1.2229598151807328
1728,Roshown McLeod,1999,2001,24.238926336061628,8308.0,-0.5741510967167579,-0.803866973274987,-0.22971587655822892,-0.09473444563418218
28,Doug West,1998,2000,31.928547579298833,5990.0,-0.5756884383024002,-0.9870758033165191,-0.4113873650141189,0.8134449087097557
1913,Michael Ruffin,2003,2005,27.685178189144946,7941.0,-0.5782157456285729,-0.18305823895473214,0.39515750667384086,-0.5379029585848274
1709,Michael Olowokandi,2002,2004,27.71552677302164,18993.0,-0.5807764036492385,-1.5344107883729037,-0.9536343847236652,-0.5140916055964516
203922,Glenn Robinson III,2017,2019,23.668386966201172,9882.0,-0.5833694370781864,-0.9011335570964442,-0.3177641200182578,0.11817176639101615
200751,Randy Foye,2014,2016,30.86622776939606,21873.0,-0.5861589223510817,-0.24465087023792553,0.34150805211315627,0.2929604628390374
707,Mark Davis,1998,2000,25.709123757904244,5535.0,-0.5870372148516562,-0.9944450854051677,-0.4074078705535117,-0.4392293136547927
2212,Steven Hunter,2004,2006,23.159742942391553,13071.0,-0.5899774425656237,-0.7081196467699795,-0.11814220420435578,0.3227958184920026
202720,Jon Leuer,2016,2018,27.655581068069033,13501.0,-0.5927556622747805,-1.1001750585434713,-0.5074193962686909,-0.5494269573468935
1628425,Sterling Brown,2020,2022,25.94013104748227,11141.0,-0.592956142060391,-1.0206128289773504,-0.4276566869169594,-0.4977450837988517
1629134,Kendrick Nunn,2021,2023,25.729452365816,11011.0,-0.5942461911820492,-0.12802600234619388,0.46622018883585536,-0.4473222997504716
971,Mark Hendrickson,1998,2000,24.43957219251337,4675.0,-0.6046684579544105,-0.4745411673779068,0.1301272905765037,-0.1998756043218845
200749,Shelden Williams,2008,2010,24.925793176689233,7533.0,-0.6061965913365334,-0.8301191846004794,-0.22392259326394612,-0.3128191737935767
1730,Brian Skinner,1999,2001,24.191317025757332,6173.0,-0.6080648849220099,-0.9387138628977576,-0.3306489779757478,-0.11683928131958221
203901,Elfrid Payton,2017,2019,23.80901155100961,22682.0,-0.6165027040072893,0.6513892251596256,1.267891929166915,0.022275028451555337
766,David Wingate,1997,1999,33.422545782047436,6662.0,-0.6167794499896307,-0.8133122616638109,-0.19653281167418005,1.657717300153501
1956,Ira Newble,2005,2007,30.284804367606917,8792.0,-0.6209369665998171,-0.7282517957974659,-0.10731482919764876,0.005417697172412065
201573,Jerryd Bayless,2012,2014,24.227177990829514,16793.0,-0.623798323925886,0.3305252854341194,0.9543236093600054,-0.14351464696861368
271,Johnny Newman,1997,1999,33.77549329328293,19309.0,-0.6268120158011619,-0.7752607913490153,-0.14844877554785327,1.9034365853278798
1628963,Marvin Bagley III,2022,2024,23.98735153478328,12966.0,-0.6272772203794451,-0.1513146754805791,0.47596254489886614,-0.05091254749765935
204025,Tim Frazier,2015,2017,25.511216994242606,10074.0,-0.6274365583259449,-0.14222390586453895,0.48521265246140594,-0.47360506332513436
957,Todd Fuller,1998,2000,23.876126126126128,6216.0,-0.6286518097095743,-1.1124400999976412,-0.48378829028806686,-0.014221854724687915
713,Chris Carr,1997,1999,23.85750394944708,9495.0,-0.6287056145034183,-0.7027416970736021,-0.07403608257018368,-0.016963815696140454
2584,Willie Green,2012,2014,30.994605240623393,11678.0,-0.637304133810151,-0.8734637945734911,-0.23615966076334013,0.288422221399815
1628391,D.J. Wilson,2018,2020,23.22560027638625,5789.0,-0.6388810558705539,-0.8606345931423948,-0.2217535372718408,0.222693850549193
1630180,Saddiq Bey,2022,2024,23.917423333904402,29185.0,-0.6438484330910874,0.9234038768784371,1.5672523099695246,-0.043647649994818585
201196,Ramon Sessions,2008,2010,23.306029711622486,17165.0,-0.6447987559466131,-0.04857613839514552,0.5962226175514675,0.18959984803650992
2036,Chris Mihm,2006,2008,26.323689487252935,6982.0,-0.6471335923264813,0.03640644204643075,0.6835400343729122,-0.5903568482847829
1628365,Markelle Fultz,2022,2024,25.175216734271853,12573.0,-0.6548752454378995,-0.6044225064603664,0.05045273897753292,-0.43946500840905817
1627853,Ryan Arcidiacono,2020,2022,26.401371925715242,5977.0,-0.6565291338499245,-0.9539831220017201,-0.29745398815179563,-0.6169767775076558
932,Oliver Miller,1997,1999,27.603722661703117,10745.0,-0.6570318340053402,-0.5186623522359307,0.1383694817694094,-0.620103215207551
1630579,Jericho Sims,2022,2024,24.001569858712717,7644.0,-0.6593909462778391,-0.6917191623119391,-0.03232821603409994,-0.09514699517256302
2743,Kris Humphries,2010,2012,26.171885770556376,20310.0,-0.6608366904154112,0.08442408598672578,0.7452607764021368,-0.5870775961029528
203101,Miles Plumlee,2013,2015,25.354114518147686,12784.0,-0.6614856860485108,-0.6536261950600142,0.007859490988496474,-0.4899478623769463
2413,Juan Dixon,2007,2009,28.670987189148455,13270.0,-0.6628113021872566,-0.4415788929482718,0.2212324092389848,-0.46325520763539696
1521,Jacque Vaughn,2007,2009,32.73713670613563,9290.0,-0.6639865104539426,-1.7250763534378966,-1.0610898429839541,1.170556988328969
101155,Ryan Gomes,2011,2013,28.169696343730635,9682.0,-0.6698304690979463,-0.20268534937560878,0.46714511972233747,-0.5819894279936361
219,Vinny Del Negro,1997,1999,30.78008426677628,19462.0,-0.6760127590527676,0.25677327771732295,0.9327860367700905,0.15618081815591983
200767,Josh Boone,2007,2009,23.04617787031529,13448.0,-0.6853259199376679,-0.181573804110628,0.5037521158270399,0.2748023686840865
462,J.R. Reid,1998,2000,30.7970926183844,11488.0,-0.6870062758224156,-0.8020459602290895,-0.11503968440667373,0.15160036849365344
1626203,Treveon Graham,2017,2019,24.319736842105264,8360.0,-0.6947080754961272,-0.36130069735234277,0.33340737814378435,-0.2506216830533222
2254,Loren Woods,2004,2006,26.91042687193842,5716.0,-0.6970832658790463,-0.9106613791216701,-0.21357811324262377,-0.6671197405379087
101235,Kelenna Azubuike,2009,2011,25.09251471825063,10701.0,-0.7128938269051239,-0.3872633938848386,0.3256304330202854,-0.4977979197582886
200769,Shannon Brown,2009,2011,24.214651460491098,17186.0,-0.7240719112563181,-1.03309029517455,-0.30901838391823194,-0.2386515344685157
420,Jayson Williams,1997,1999,29.91268401962876,18748.0,-0.7289850102240082,-1.0649476790182075,-0.33596266879419945,-0.22135832576122233
202178,Sundiata Gaines,2010,2012,25.421105126670657,5013.0,-0.762288249898274,-0.5420410300084907,0.2202472198897834,-0.5828311108124986
200760,Rodney Carney,2008,2010,24.914659941425317,12292.0,-0.7665606774040867,-0.8000869078542562,-0.033526230450169496,-0.4773413477285178
1908,Jumaine Jones,2005,2007,26.590844980125656,15598.0,-0.7713010708215767,-0.012874789368926245,0.7584262814526503,-0.7442149759754587
203584,Troy Daniels,2015,2017,24.389164348772525,8269.0,-0.782327512203001,-0.1980140016309957,0.5843135105720054,-0.3460139051810682
2437,Lonny Baxter,2004,2006,25.69864534754608,4503.0,-0.7823593232299578,-0.7302569750734359,0.052102348156522066,-0.6334521504431995
203457,Nerlens Noel,2020,2022,26.800848697688032,13668.0,-0.7829394643860178,-0.8459383462353556,-0.06299888184933775,-0.7525848888795734
1562,Gerard King,1999,2001,27.339403277769996,7139.0,-0.7896032317614935,-0.9659476904696777,-0.17634445870818422,-0.7645021479988561
1629660,Ty Jerome,2022,2024,24.52516148415202,6657.0,-0.7904193575017937,-0.7050567665888212,0.08536259091297231,-0.4170629840372557
1627789,Timothe Luwawu-Cabarrot,2020,2022,25.90258686929053,11713.0,-0.7919676799863548,-0.3596510118123413,0.4323166681740135,-0.6877403293511632
1735,Vladimir Stepania,2002,2004,26.84824644549763,10550.0,-0.7921329017057719,-1.8196977145072442,-1.0275648128014723,-0.7658308178908164
2416,Kareem Rush,2008,2010,27.171731251742404,7174.0,-0.7937598546656514,-0.09742094276024998,0.6963389119054014,-0.7802654288903744
201150,Spencer Hawes,2011,2013,24.079912642080707,20147.0,-0.7960747183834875,-0.6518110770566824,0.14426364132680514,-0.2486622990353141
1629626,Bol Bol,2022,2024,23.18684710351377,8424.0,-0.7980602180840347,-0.9443584344518198,-0.14629821636778512,0.0789195005071712
1751,Jahidi White,2002,2004,26.824037620297464,9144.0,-0.7984834703259363,-0.31967120410922134,0.4788122662167149,-0.7464031447039359
1626147,Justin Anderson,2018,2020,24.66014975041597,4808.0,-0.799438959812768,-0.6913953132860247,0.10804364652674332,-0.45239053734359336
2484,Devin Brown,2003,2005,25.552060202319268,8106.0,-0.8040387661041702,-0.8296253055795053,-0.02558653947533502,-0.6635063843233933
203135,Robert Sacre,2014,2016,25.683447600391773,10210.0,-0.8101119951598107,-0.7173946934883603,0.09271730167145043,-0.6833478351742316
457,Andrew Lang,1997,1999,31.634866082009953,8438.0,-0.8105348892051408,-0.9946732940383308,-0.18413840483319005,0.413507693174502
1630537,Chris Duarte,2022,2024,25.744927310891704,12863.0,-0.8179435196573089,-0.8519056237402568,-0.033962104082947815,-0.6901127786987051
1627761,DeAndre' Bembry,2020,2022,26.02358762886598,12125.0,-0.8227582926578194,-0.960661724838625,-0.1379034321808056,-0.7294117177940047
1628418,Thomas Bryant,2022,2024,25.002118380062306,8025.0,-0.8299796352783361,-0.16400186407915274,0.6659777711991834,-0.5721947195394185
203895,Jordan McRae,2018,2020,28.69684298557391,4783.0,-0.8338065133336617,-0.017109002958657114,0.8166975103750047,-0.6558622663706547
1738,Ansu Sesay,2002,2004,26.324477351916375,4592.0,-0.8356409448972995,-1.3557935187093042,-0.520152573812005,-0.7787660634173529
93,Hubert Davis,2002,2004,32.28485153497735,5961.0,-0.8358604287530038,-0.39085726799751846,0.44500316075548524,0.723371614321646
1628402,Frank Jackson,2021,2023,23.620606214977077,7852.0,-0.8379827345936138,-0.5809858749741823,0.2569968596194317,-0.1491775381146829
1900,Quincy Lewis,2000,2002,23.770039601256315,7323.0,-0.843878168161666,-1.5804181101330799,-0.7365399419714137,-0.18305083495227373
201582,Alexis Ajinca,2013,2015,26.497653230259527,7244.0,-0.8457365996040767,-0.7133428614320526,0.13239373817202385,-0.8174146857029074
1073,Reggie Slater,1997,1999,26.938834519572953,8992.0,-0.8463432428216021,-0.0744394415507112,0.771903801270891,-0.8298254994916797
1628966,Keita Bates-Diop,2021,2023,26.45904173106646,10999.0,-0.8482621245119587,-0.6887177005922922,0.1595444239196664,-0.8069879762038692
2078,Jason Hart,2007,2009,29.742409123307198,7015.0,-0.8558411819584467,-1.0999021690827457,-0.24406098712429913,-0.3968963784712251
1629109,Gary Clark,2020,2022,25.798364745011085,7216.0,-0.8619991462307254,-0.39993685417823255,0.4620622920524929,-0.7451266901824962
1134,Ike Austin,1997,1999,27.87330106125489,21484.0,-0.862949028305012,-0.6219905336879166,0.24095849461709531,-0.7850791636567803
202713,Kyle Singler,2016,2018,28.340364495443808,5926.0,-0.8635160811276896,-1.0790965134431054,-0.21558043231541574,-0.742267341203073
2411,Bostjan Nachbar,2004,2006,23.97468063068247,8689.0,-0.8656496050659619,-0.8059190491724896,0.059730555893472405,-0.3008965863420019
200776,Mardy Collins,2008,2010,23.916392363396973,7595.0,-0.8712427509630675,-1.0840432382213514,-0.2128004872582839,-0.2779823351694798
718,Gary Trent,1999,2001,24.469129071827723,7337.0,-0.8717375324967469,-0.09155580050241517,0.7801817319943318,-0.46295684961976646
2767,Royal Ivey,2011,2013,30.435316536099936,4723.0,-0.8749276943646733,-0.8771653714777214,-0.0022376771130480774,-0.18327460216816163
203648,Thanasis Antetokounmpo,2020,2022,28.285853658536585,5125.0,-0.8767357386308715,-0.7638060373026131,0.11292970132825833,-0.7566830362092694
1544,Chris Crawford,1998,2000,24.20898324667822,6924.0,-0.8796232791391199,-0.8237753391787239,0.055847939960396026,-0.39318208967123375
931,Don MacLean,1997,1999,27.668510732462934,4519.0,-0.9080109528518521,-0.1159071030742568,0.7921038497775952,-0.8334318452678988
2109,Eddie Gill,2004,2006,25.99551934826884,4910.0,-0.9124750172791595,-0.932384831157569,-0.019909813878409455,-0.8429051716085293
202498,Lance Thomas,2012,2014,24.55153782211139,4812.0,-0.9145140054086234,-0.9540791798306028,-0.039565174421979384,-0.5460824810557597
1628427,Vlatko Cancar,2021,2023,25.414419178565133,5673.0,-0.9154043975567935,-0.7723257017482664,0.14307869580852703,-0.7290808675284292
2410,Fred Jones,2003,2005,25.542579228114214,15935.0,-0.9179556228743206,-1.3324670650188148,-0.41451144214449415,-0.7781600293439163
195,Lee Mayberry,1997,1999,27.540183735964614,14695.0,-0.9189237427132476,-0.3218878866634657,0.5970358560497819,-0.8834117708251743
201575,Brandon Rush,2012,2014,26.39593544530783,8365.0,-0.9224139225731208,-0.018867269872948355,0.9035466527001725,-0.866264668794626
2545,Darko Milicic,2008,2010,23.708430824967923,13249.0,-0.9240665384245852,-1.1589123202068656,-0.23484578178228055,-0.24660201662772122
1538,Cedric Henderson,1998,2000,23.715152721122276,20102.0,-0.929004184787381,-1.1622284605361886,-0.2332242757488078,-0.2530042080142126
1110,Mark Strickland,1997,1999,27.11628345269506,5306.0,-0.9296394460713959,-0.1804747312642727,0.7491647148071233,-0.9074460281186167
1508,Maurice Taylor,2005,2007,28.539732414352322,9866.0,-0.9421277612543664,-0.9786879397617504,-0.03656017850738414,-0.786745603261878
2737,Rafael Araujo,2005,2007,24.707491649435344,6287.0,-0.9528861106622233,-1.0278013950568692,-0.07491528439464575,-0.6139992687862169
1505,Tariq Abdul-Wahad,2000,2002,25.50615275094071,9833.0,-0.958948864691526,-0.8751753472150435,0.08377351747648225,-0.7961648799528118
735,Bryant Reeves,1999,2001,27.27402875497094,16345.0,-0.985924031459153,-0.9989761214244757,-0.01305208996532272,-0.9517420709876667
1630572,Sandro Mamukelashvili,2022,2024,24.04542546385157,6252.0,-0.9898384469500192,-0.745785743036228,0.24405270391379133,-0.44244195926930896
2563,Dahntay Jones,2005,2007,25.2913694442267,12757.0,-0.9934338068404047,-0.49936319805976426,0.49407060878064046,-0.7874671839745435
898,Blue Edwards,1997,1999,31.689752906976743,13760.0,-0.9947640493316681,-0.3359286150676453,0.6588354342640228,0.24723116535730405
688,Michael Curry,1997,1999,28.994764720374476,16236.0,-1.0054171740122468,-1.5285006374646404,-0.5230834634523936,-0.7473219978382786
2417,Qyntel Woods,2004,2006,24.21228262572458,6383.0,-1.0085841702624823,-0.5179567786629766,0.49062739159950564,-0.4953327282186085
200748,Tyrus Thomas,2010,2012,23.90074750830565,12040.0,-1.0099583984451639,-1.2163748750866816,-0.20641647664151774,-0.40002740856801056
200814,Tarence Kinsey,2007,2009,23.48752792256143,5372.0,-1.0125683635229084,-0.46468448940290497,0.5478838741200035,-0.24179328298375868
202705,MarShon Brooks,2013,2015,24.268457752255948,4876.0,-1.0165019773363682,-0.8064507600655906,0.21005121727077747,-0.5680295161281771
2061,Dan Langhi,2001,2003,24.248361730013105,4578.0,-1.016642064672835,-0.7610692783019993,0.25557278637083547,-0.5371942229207035
1542,Predrag Drobnjak,2002,2004,26.946632865314612,15384.0,-1.017127354443478,-0.30160441194007015,0.7155229425034081,-0.9867902684495368
202388,Donald Sloan,2014,2016,27.332970916009785,11037.0,-1.0219233978847275,-0.7227349225446875,0.2991884753400402,-0.9860898886269772
111,LaPhonso Ellis,1999,2001,30.386706948640484,14564.0,-1.0230179801808121,-0.603487395871811,0.41953058430900125,-0.3492400729467604
1609,Art Long,2001,2003,29.16514360313316,4596.0,-1.0252115788738394,-0.9346063693160712,0.09060520955776813,-0.747203551840314
1630692,Jordan Goodwin,2022,2024,24.477850976828716,8804.0,-1.038104677255515,-1.3625731555333693,-0.3244684782778544,-0.6515729788905017
1628400,Semi Ojeleye,2019,2021,25.10749569473398,11033.0,-1.043500482464512,-1.5107227620431627,-0.46722227957865037,-0.8022183088586101
1630558,Davion Mitchell,2022,2024,23.801212182947946,19634.0,-1.0436021667083601,-1.489625905197274,-0.4460237384889136,-0.4020472125158944
179,Bryant Stith,1998,2000,27.999899396378268,9940.0,-1.0482763285927956,-0.4549120027235314,0.5933643258692641,-0.9591574478973711
2863,Damien Wilkins,2012,2014,32.54736424891003,7569.0,-1.0539610245052744,-0.8065082265007475,0.24745279800452685,0.656240975764027
1628367,Josh Jackson,2020,2022,24.15362495643081,11476.0,-1.054219144868978,-1.1910625856797457,-0.13684344081076744,-0.5536379839819868
202130,Reggie Williams,2010,2012,23.95625857477201,12391.0,-1.0576500277334235,0.1882866747812067,1.24593670251463,-0.48316708301413275
1626224,Cedi Osman,2021,2023,27.025133200581237,18581.0,-1.0628136638419685,-0.30379110015346433,0.7590225636885041,-1.0238890809403636
178,Olden Polynice,1997,1999,32.74980613967067,21923.0,-1.0671807598556784,-0.6390369442009232,0.42814381565475523,0.787155044271787
203546,Ian Clark,2015,2017,25.51912035532445,9231.0,-1.0678198527413736,-0.8261868486556982,0.2416330040856751,-0.9175160289409996
1548,Mark Blount,2004,2006,28.94490861618799,26810.0,-1.0705860252318369,-0.6785644525877176,0.3920215726441193,-0.8158698012074093
1732,Felipe Lopez,1999,2001,25.129545290247957,13833.0,-1.0718902487860742,-0.7397385280039086,0.33215172078216554,-0.8233789561867211
202323,Evan Turner,2011,2013,23.14546836405092,26315.0,-1.08646695370904,-1.08651246668783,-4.5512978790285923e-05,-0.16173708796907701
2062,A.J. Guyton,2001,2003,23.505288150226637,4633.0,-1.0882702881422643,-0.907752718744641,0.1805175693976232,-0.3501975127380248
203148,Brian Roberts,2015,2017,29.601152737752162,8675.0,-1.0967376463929777,-0.8786996868191324,0.21803795957384556,-0.6788840272564305
417,Sam Mitchell,1997,1999,33.89973509933775,22650.0,-1.111679654353523,-0.7331124468526541,0.3785672075008688,1.5113637301195049
1037,Stojko Vrankovic,1997,1999,33.58685028876055,6753.0,-1.1269623781556495,-0.4890343904136638,0.6379279877419859,1.2568739635010537
1629010,Jerome Robinson,2020,2022,23.23517857142857,5600.0,-1.1283473432259659,-1.000600645547489,0.12774669767847713,-0.2769733584369903
2041,Etan Thomas,2006,2008,28.538874276696475,9505.0,-1.129966358746308,-0.4946632661491897,0.6353030925971181,-0.9790231129571784
201151,Acie Law,2008,2010,23.61006761833208,6655.0,-1.1339416596669376,-1.0793645837335004,0.05457707593343738,-0.4235002553460135
202706,Jordan Hamilton,2014,2016,23.49854427127933,5839.0,-1.1351055428852908,-0.7439631610294067,0.39114238185588407,-0.3689804583093833
1630587,Isaiah Livers,2022,2024,24.04770553335755,8259.0,-1.1443112632079158,-0.1905933103817051,0.9537179528262107,-0.6068176069331285
1628964,Mo Bamba,2022,2024,24.666666666666668,13563.0,-1.1544335556529925,-0.992009583793549,0.16242397185944368,-0.7977165364945639
1630240,Saben Lee,2022,2024,23.63788068418857,4794.0,-1.1593808277122295,-1.043068817930014,0.11631200978221543,-0.4585967871684292
216,Brian Shaw,1998,2000,33.047446138949404,12393.0,-1.1625715722933687,-0.6691036696865434,0.4934679026068253,0.8951976796765365
685,Cherokee Parks,1997,1999,25.030849220103985,14425.0,-1.1651746271941013,-0.5737361312294132,0.5914384959646879,-0.907847375187768
101136,Salim Stoudamire,2006,2008,23.697279567817866,10366.0,-1.1715482739849423,-0.5695388533597615,0.6020094206251809,-0.4956008785101509
201941,Jordan Hill,2015,2017,27.470349009168885,13524.0,-1.1733817909524693,-0.8288363645842233,0.3445454263682461,-1.1442664198191435
201576,Anthony Randolph,2012,2014,23.028461672778068,5727.0,-1.1736156869564542,-0.971759246330732,0.20185644062572228,-0.1886791590304216
695,Eldridge Recasner,1998,2000,30.346494857548173,8459.0,-1.176742666400896,-0.3393668951189402,0.8373757712819557,-0.5315069110632794
2412,Jiri Welsch,2003,2005,24.279514699020066,15001.0,-1.1770954807146536,-0.49226155571415664,0.6848339250004972,-0.7240306971719311
1051,Dean Garrett,2000,2002,33.74770285002336,6421.0,-1.182743953469325,-1.3859920400700352,-0.2032480866007101,1.322615135872686
356,Chris Morris,1997,1999,31.77075575027382,9130.0,-1.1864193877897946,-1.4478795479446,-0.2614601601548051,0.11042225295092342
1626185,Jarell Martin,2017,2019,23.9214593114241,10224.0,-1.1867004658323355,-1.2833650517655375,-0.09666458593320211,-0.6078043037479628
2751,Viktor Khryapa,2006,2008,23.262105730786317,6753.0,-1.1899063949549573,-0.015845410735496494,1.174060984219461,-0.34216931073770795
1626162,Kelly Oubre Jr.,2022,2024,27.011847733105217,23380.0,-1.195441577964516,-0.4675399819884503,0.7279015959760661,-1.1536062635725537
1630267,Facundo Campazzo,2021,2023,30.444154312668463,11872.0,-1.200722463026866,-1.474208136315216,-0.27348567328835016,-0.5174824788094662
55,Marty Conlon,1997,1999,29.16662279547249,7598.0,-1.2044602071108375,-0.1234369479484131,1.0810232591624243,-0.9261148129875678
1569,Keith Closs,1998,2000,23.056451612903224,6572.0,-1.2055651662893674,-0.2030563039102253,1.002508862379142,-0.22085602632622536
1960,Milt Palacio,2000,2002,23.165760253795604,8826.0,-1.2181610373003586,-1.6356074968504888,-0.41744645955012977,-0.31584883749114007
1628412,Frank Mason III,2018,2020,24.477868984387573,6213.0,-1.2235967099044471,-0.8606232673424471,0.3629734425620001,-0.8268519107789698
1626170,Jerian Grant,2017,2019,24.97372311827957,14880.0,-1.228929633490182,-0.9906965393574271,0.2382330941327552,-0.9581123740504416
203094,Andrew Nicholson,2015,2017,25.918090839107006,6495.0,-1.2424447510805539,-1.4932352712226713,-0.2507905201421169,-1.1468866431408604
1629717,Armoni Brooks,2021,2023,23.61418290328243,5697.0,-1.2623665018810093,-0.5977464683576134,0.6646200335233959,-0.5711510665237933
673,Alan Henderson,1997,1999,25.117854671280277,14450.0,-1.2632849664562862,-0.20605361291823868,1.0572313535380475,-1.0321546344640589
753,Randy Brown,2001,2003,33.34362249423452,5637.0,-1.271848958549455,-1.3020538761485452,-0.030204917599090015,0.9597994734790485
2740,Andris Biedrins,2009,2011,23.875038378876265,16285.0,-1.275667583530743,-0.8685043083385401,0.407163275192203,-0.6518837641121583
2693,Keith McLeod,2005,2007,25.82117459049141,12515.0,-1.277889790206571,-1.09826370741709,0.17962608278948095,-1.1625723991627774
200745,Andrea Bargnani,2008,2010,23.123175248747184,27538.0,-1.279401867895604,0.763715180031197,2.0431170479268013,-0.3459883858906138
1628414,Sindarius Thornwell,2018,2020,23.269188162683967,6319.0,-1.2798507076617018,-2.168032890760598,-0.8881821830988964,-0.4399247835810528
67,Tom Hammonds,1998,2000,31.650233696861786,8986.0,-1.283037096817162,-0.6418849774789492,0.6411521193382128,-0.05052240405656979
200756,Hilton Armstrong,2007,2009,23.192376351989918,9523.0,-1.286559087011914,-1.53283665627338,-0.24627756926146613,-0.3852143237947583
1500,Ron Mercer,1999,2001,24.14382423284284,24669.0,-1.2904954961740924,-0.45846058298138154,0.8320349131927111,-0.7751451555977942
200766,Marcus Williams,2008,2010,23.030956169535656,6913.0,-1.3000420816782992,-0.38728254336223056,0.9127595383160688,-0.30165825562303306
769,B.J. Armstrong,1997,1999,29.71278497988377,8948.0,-1.3002488650028692,-0.6637864848444137,0.6364623801584555,-0.8550489154233258
777,Rex Walters,1997,1999,27.672535719440035,6929.0,-1.3010325068784359,-0.8759432590926517,0.4250892477857841,-1.2312124607411485
202348,Jordan Crawford,2014,2016,25.0,7621.0,-1.309360400619192,-0.771507364747528,0.5378530358716639,-1.07808392191253
1630208,Nick Richards,2021,2023,24.697731898807792,6878.0,-1.3219972922700507,-0.8232740791011458,0.4987232131689051,-0.9959704048260777
1628990,Chandler Hutchison,2019,2021,23.7404839764552,7645.0,-1.3221912291383298,-1.3253007708833093,-0.003109541744979598,-0.656253606096869
2357,Tierre Brown,2003,2005,25.69916968277624,4697.0,-1.3326053463944008,-1.084734889313253,0.24787045708114805,-1.2060526868475818
203477,Isaiah Canaan,2017,2019,26.976941922467216,6939.0,-1.353557797919011,-0.9150075183259031,0.43855027959310783,-1.3099509812557988
123,Robert Pack,2000,2002,31.799457074991516,8841.0,-1.3610956981610907,-0.7376349789096226,0.6234607192514681,-0.06163185690394825
2774,Bernard Robinson,2005,2007,24.968770676194257,7557.0,-1.3633577897964482,-1.4184780994077724,-0.055120309611324,-1.1053408959408613
203930,Sean Kilpatrick,2015,2017,26.698055473299775,10131.0,-1.3661390425352085,-0.0164997003935334,1.349639342141675,-1.3458049577070261
763,Tony Massenburg,1997,1999,29.783602062797833,15319.0,-1.3692172835151315,-0.6538186765713884,0.715398606943743,-0.8902691104801768
203492,Ray McCallum,2014,2016,23.850163755458514,10992.0,-1.3731133332910528,-0.22187102850870494,1.151242304782348,-0.7607292333915058
1627775,Patrick McCaw,2019,2021,23.69822793606671,5756.0,-1.376570651047126,-1.1357084220218803,0.24086222902524568,-0.7180978232839809
1629022,Lonnie Walker IV,2022,2024,23.846767521569554,16922.0,-1.3821137877643812,-0.3244284332945123,1.057685354469869,-0.7585998935303163
1628981,Bruno Fernando,2022,2024,24.423039119323768,5087.0,-1.3855277663585444,-1.1140830947667473,0.271444671591797,-0.9669417412925019
1629164,Brandon Goodwin,2019,2021,24.494055482166445,4542.0,-1.404535420914697,-1.2978265561816265,0.10670886473307042,-1.0164578819836112
288,Armen Gilliam,1997,1999,33.71496227765846,18159.0,-1.4057244112388694,-1.1745345470360373,0.23118986420283233,1.0793971300045448
902,Bimbo Coles,1999,2001,31.880745994221172,15228.0,-1.4133026551378152,-1.0098097709401974,0.4034928841976174,-0.0652765594467034
203960,JaKarr Sampson,2016,2018,23.447766151802025,6021.0,-1.414143375915769,-1.162999777379192,0.2511435985365771,-0.6244673920037723
2043,Mateen Cleaves,2001,2003,23.184789750328516,6088.0,-1.4161759305786183,-2.4195942246435886,-1.0034182940649703,-0.5387402123911346
1630557,Corey Kispert,2022,2024,24.061433447098977,24612.0,-1.4170232863471985,0.6004499712832251,2.017473257630424,-0.8700338794662864
1512,Chris Anstey,1998,2000,24.143763729558213,8194.0,-1.41778771298923,-1.4678030228212462,-0.0500153098320161,-0.892599919462369
1752,Sean Marks,2009,2011,33.42746228926353,4508.0,-1.4229280063116432,-1.4472978134163623,-0.02436980710471908,0.8675737619001223
201944,Terrence Williams,2011,2013,25.062593783494105,4665.0,-1.4236990014445123,-1.1008142812994568,0.3228847201450556,-1.1742354491220475
101198,Will Bynum,2008,2010,26.66458221024259,9275.0,-1.4336205637694888,0.0437633688422321,1.4773839326117209,-1.4147099738450473
2770,Justin Reed,2005,2007,24.13428621845774,5667.0,-1.44600970170109,-1.3613998695450547,0.08460983215603513,-0.9459256615086237
143,Terry Dehere,1997,1999,25.725427966916715,10398.0,-1.4464349366829397,-1.321663985330221,0.12477095135271832,-1.3298150015655403
201880,Greg Stiemsma,2013,2015,27.495345140781108,8808.0,-1.448991838148313,-2.06469257275165,-0.615700734603337,-1.4165137522093003
42,Monty Williams,2001,2003,29.718862144420132,11425.0,-1.4631877966479092,-1.3649376804112794,0.0982501162366299,-1.0185683273982575
323,Greg Foster,2000,2002,31.39653751030503,4852.0,-1.4693124837689397,-1.2807037085949993,0.18860877517394023,-0.3764395289247266
202688,Brandon Knight,2018,2020,27.38095238095238,4851.0,-1.4896865967657666,-0.5129546227920336,0.976731973973733,-1.4672730809089554
2556,Marcus Banks,2005,2007,23.7746177612295,12623.0,-1.4975463160822757,-1.7260444818148024,-0.22849816573252674,-0.8538862649526117
1628422,Damyean Dotson,2018,2020,25.112325752017608,13630.0,-1.4979907544096158,-1.182313613294958,0.31567714111465767,-1.269128772803937
201187,Dominic McGuire,2011,2013,25.830884068112898,8574.0,-1.4989232141962612,-1.1078886413565208,0.39103457283974036,-1.3937659983523862
2648,Ronald Dupree,2004,2006,23.590272312293404,6353.0,-1.5006092227159828,-1.1437377186114688,0.3568715041045141,-0.780358260950341
51,Mahmoud Abdul-Rauf,1997,1999,28.2063523573201,10075.0,-1.5063998059274986,-1.10037568025043,0.4060241256770684,-1.4122932893819302
1627885,Shaquille Harrison,2018,2020,25.03945980164592,9478.0,-1.5120941267168182,-1.32424534336449,0.1878487833523283,-1.2667886035973424
203093,Terrence Jones,2015,2017,23.992086772631147,14659.0,-1.5149515438106727,-0.5252508494221791,0.9897006943884935,-0.9392944193031995
919,Loy Vaught,1999,2001,32.065234375,5120.0,-1.5329597087779492,-1.3399931234471354,0.19296658533081393,-0.07277106030826393
203080,Thomas Robinson,2014,2016,23.971989577517217,10746.0,-1.5479182432549194,-0.6433292099550737,0.9045890332998459,-0.9653335280079705
2033,Marcus Fizer,2003,2005,25.02785721851499,9441.0,-1.5494721151839188,-0.871463785940465,0.678008329243454,-1.2829166268969825
101113,Ike Diogu,2007,2009,23.574325654656427,5079.0,-1.5561104337528573,-1.2818772746470186,0.2742331591058386,-0.8279104890689815
203900,Markel Brown,2015,2017,23.55683925260305,7011.0,-1.5679783735988733,0.3749552950380892,1.9429336686369627,-0.8525308249383406
2214,Michael Bradley,2003,2005,24.222669232114747,5717.0,-1.5765406123475987,-0.08878460649735755,1.4877560058502413,-1.1047848381688166
202087,Alonzo Gee,2010,2012,24.522637214400135,11861.0,-1.5804531785036422,-1.0292710078185032,0.551182170685139,-1.2003478585766427
2206,Rodney White,2003,2005,23.73656,12500.0,-1.6268781148371136,-1.874327544915787,-0.24744943007867326,-0.9608136414135943
435,Carlos Rogers,1997,1999,26.22177244470146,6917.0,-1.6438606919180512,-1.7553762373634543,-0.11151554544540315,-1.5994185080904562
203498,Shabazz Muhammad,2015,2017,23.15658827920866,16074.0,-1.6460781359310421,-0.4188144412721985,1.2272636946588436,-0.73354652301588
1630245,Ayo Dosunmu,2022,2024,23.001720977215758,26729.0,-1.6494291874268656,-1.337159261397054,0.31226992602981163,-0.6556936258293402
201591,DJ White,2010,2012,24.526128940641865,7042.0,-1.6523992436592845,-0.9865802060995169,0.6658190375597675,-1.2732018776168776
201603,Sonny Weems,2009,2011,23.478786251342644,11172.0,-1.6564628438968985,-0.416993133460871,1.2394697104360273,-0.9053883401199078
704,Shawn Respert,1997,1999,25.734767025089607,5859.0,-1.670445972856934,-0.8172145241138283,0.8532314487431055,-1.5601128272610016
1629234,Drew Eubanks,2019,2021,23.558212712397733,4767.0,-1.6723679123501554,-1.1451356562066208,0.5272322561435347,-0.9449196578281338
200763,Quincy Douby,2007,2009,23.95488599348534,6140.0,-1.6750846444927743,-1.381476041040042,0.29360860345273226,-1.1038945736788923
1630625,Dalano Banton,2022,2024,23.16064453125,8192.0,-1.6906676719822,-1.4150235948139531,0.2756440771682467,-0.7624794936110841
1627846,Abdel Nader,2020,2022,26.482571912013537,5910.0,-1.7013255261590867,-1.9625237306595211,-0.2611982045004341,-1.6597156116180847
1985,Zendon Hamilton,2002,2004,27.70699621287622,5017.0,-1.7368583079438125,-0.6419278841797775,1.094930423764035,-1.6560959819249519
2560,Zarko Cabarkapa,2004,2006,23.952954770551337,6058.0,-1.7464061560616615,-0.9840904034604891,0.7623157526011725,-1.157873685544561
200780,Solomon Jones,2010,2012,25.719189551239115,5972.0,-1.749766878647804,-1.6135619313915412,0.13620494725626275,-1.622424657638886
961,John Wallace,1999,2001,25.89240972733972,8142.0,-1.7521469812044286,-0.9082946729695743,0.843852308234854,-1.6457998699161633
203948,Johnny O'Bryant III,2016,2018,23.66171648987464,5185.0,-1.7601309489303782,-1.4347587948559073,0.325372154074471,-1.0513842708016365
1934,Rodney Buford,2000,2002,23.49053436538282,10723.0,-1.76222904826862,-0.36440271542717884,1.397826332841441,-1.0004009948367865
376,Eric Montross,1997,1999,25.611712016224438,11834.0,-1.7789060533016965,-1.8234129178074212,-0.04450686450572463,-1.63141147308931
920,A.C. Green,1997,1999,33.74193404634581,22440.0,-1.7946563584016957,-1.6390653300003304,0.15559102840136504,0.7103396214726619
201974,Derrick Brown,2010,2012,23.347943779281625,9605.0,-1.813574168519129,-1.014488998532648,0.7990851699864813,-0.9824080286683696
2056,Primoz Brezec,2007,2009,27.360446570972886,5016.0,-1.8288360105493724,-0.9507096336577016,0.8781263768916711,-1.8076289638475336
71,Pooh Richardson,1997,1999,31.617609527860484,9404.0,-1.8396083121868902,-1.3827070012274039,0.4569013109594867,-0.6352497992970139
54,Dickey Simpkins,1997,1999,26.43239533287577,8742.0,-1.8469658364111985,-1.7428010091005475,0.10416482731065092,-1.7941406959706554
1626143,Jahlil Okafor,2019,2021,23.651143790849673,7344.0,-1.8481949641452313,-1.09378308974445,0.7544118744007812,-1.148452345666275
1838,Tyrone Nesby,2000,2002,24.823435458109483,20661.0,-1.8612357529174093,-1.0685393434337949,0.7926964094836142,-1.5450769438308547
202338,Kevin Seraphin,2014,2016,24.981565820863153,9222.0,-1.8734250349417925,-1.8693973520811848,0.004027682860607352,-1.609369336657602
203138,Hollis Thompson,2015,2017,24.783740701381507,18820.0,-1.8850703371971569,-0.8672960746179038,1.017774262579253,-1.5700991855608943
203530,Joffrey Lauvergne,2016,2018,24.812166488794023,10307.0,-1.8852929355110983,-1.025294022902034,0.8599989126090641,-1.5723608333180799
1630201,Malachi Flynn,2021,2023,23.883063163778647,8945.0,-1.8937113633626068,-1.2807575227312433,0.6129538406313635,-1.276961729572832
1626188,Quinn Cook,2018,2020,25.865736546475812,11038.0,-1.9094724439478008,-0.9371692986851421,0.9723031452626585,-1.8056131096328105
201970,Sam Young,2011,2013,26.663578910916804,11551.0,-1.9160742014463437,-2.097114035158692,-0.18103983371234822,-1.866325942508413
1627745,Damian Jones,2019,2021,25.072219361483008,7768.0,-1.9220292070413747,-0.6420739093171737,1.2799552977242012,-1.6763536687904528
101158,Orien Greene,2006,2008,24.24694458396116,5973.0,-1.926743734910929,-3.137615956083503,-1.2108722211725738,-1.4669817531813414
1628995,Kevin Knox II,2022,2024,23.18778895838999,7354.0,-1.9490610128517851,-1.1790171092818584,0.7700439035699269,-1.0605227974085853
1627782,Wayne Selden,2017,2019,23.460765598312065,9953.0,-1.9547868228559662,-0.8202964471264238,1.1344903757295424,-1.1821472139150395
955,Samaki Walker,2003,2005,27.379850531762,6958.0,-1.9664145526804373,-1.5921068356817814,0.37430771699865584,-1.9354794334723544
1626245,Cristiano Felicio,2016,2018,24.27817993795243,9670.0,-1.9944239288389871,-1.6100766063429883,0.3843473224959988,-1.532280530386801
101130,Johan Petro,2010,2012,25.184313725490195,8670.0,-1.996322425100039,-1.758847429261682,0.23747499583835668,-1.7709109899597266
432,Pete Chilcutt,1998,2000,29.700526567735757,10445.0,-2.0229419669549635,-0.6569264416672626,1.366015525287701,-1.5728606722181988
201581,JJ Hickson,2014,2016,25.615158793701628,14988.0,-2.0519546612733026,-1.8233471164705124,0.22860754480279022,-1.914144927029315
1518,Rodrick Rhodes,1998,2000,24.13987781756899,4747.0,-2.054727179721821,-2.0348861685977395,0.01984101112408125,-1.5672052992049994
203499,Shane Larkin,2016,2018,23.688760534040338,10561.0,-2.06116282624628,-1.4531118406324783,0.608050985613802,-1.3581819907201822
381,James Robinson,1997,1999,26.736178139022943,11811.0,-2.085941749438536,-0.4114469331976699,1.6744948162408664,-2.052074962811959
924,Anthony Goldwire,1997,1999,25.64864864864865,12802.0,-2.100301705688297,-0.8467478840971661,1.253553821591131,-1.9824721041391802
203940,Adreian Payne,2015,2017,24.562429057888764,5286.0,-2.109988377053079,-0.7176191852974146,1.392369191755664,-1.7364252154982391
203917,Nik Stauskas,2017,2019,23.686978407736124,15098.0,-2.126280728692307,-1.0879029135548468,1.0383778151374599,-1.4314572500805054
1626144,Emmanuel Mudiay,2019,2021,23.3573092603378,10302.0,-2.1473927743138552,-0.9408923800446588,1.2065003942691963,-1.3476284212172838
786,Gerald Wilkins,1997,1999,33.35224264427804,13221.0,-2.151207216079379,-1.3421027296763233,0.8091044864030558,0.07071913834536826
1628407,Dwayne Bacon,2019,2021,24.339773235864538,13406.0,-2.174955131210021,-1.5838642648753187,0.5910908663347019,-1.7192044960458261
202682,Derrick Williams,2016,2018,25.38097359919795,8977.0,-2.187795384695918,-1.0896639911457509,1.098131393550168,-2.0226088491090213
101124,Hakim Warrick,2009,2011,26.88877381938691,19312.0,-2.216986000071683,-1.2982050945166614,0.9187809055550219,-2.1778665603696514
938,Rony Seikaly,1997,1999,32.420109689213895,16410.0,-2.2234975609191103,-0.95437802856209,1.2691195323570204,-0.5864286331081753
1626184,Chasson Randle,2019,2021,27.043504083147734,6735.0,-2.2588302905713102,-1.5999380655673525,0.6588922250039576,-2.202640707049285
61,Carl Herrera,1997,1999,30.442544529262086,9825.0,-2.2601133132918076,-2.2288517958369467,0.031261517454860714,-1.567019954760029
201154,Al Thornton,2009,2011,25.798846865453292,23241.0,-2.2835490060388555,-1.0104777124474662,1.2730712935913888,-2.1646603082417126
202732,DeAndre Liggins,2016,2018,29.487286022935017,6017.0,-2.2857102100306603,-1.875974614337225,0.4097355956934352,-1.9194750114263537
2201,Eddy Curry,2005,2007,23.14838471932195,24423.0,-2.3007499732514116,-1.0084216856068229,1.2923282876445887,-1.3758059527195805
1629670,Jordan Nwora,2021,2023,23.3258932509925,11335.0,-2.3134381088257268,-0.9386694820024967,1.37476862682323,-1.4855305509867158
203156,Henry Sims,2013,2015,24.610455497959634,9067.0,-2.3208988403388915,-1.961328518364141,0.3595703219747504,-1.973702664369681
2694,Josh Powell,2010,2012,27.526150216279984,5086.0,-2.3691711834005167,-1.5755207513399583,0.793650432060559,-2.33821488333442
1741,Jelani McCoy,2001,2003,24.08023243959629,9809.0,-2.3712263188025973,-1.9716123182751046,0.3996140005274924,-1.8116357643351686
203106,Jeffery Taylor,2013,2015,24.581376518218622,9880.0,-2.390625753696337,-2.1304543750518983,0.2601713786444385,-2.0148199759799623
680,John Amaechi,2000,2002,29.714031520081342,15736.0,-2.3978540813666944,-1.911513148162592,0.48634093320410215,-1.9528994607758576
2242,Terence Morris,2002,2004,23.359097978227062,6430.0,-2.4342801329096226,-0.966228792956442,1.4680513399531807,-1.6352716510219252
2044,Jason Collier,2003,2005,26.529866710547967,6077.0,-2.4598532787212624,-1.4649997549423712,0.9948535237788915,-2.4257219699477135
440,Zan Tabak,1997,1999,27.82072151341839,4546.0,-2.4839418432017015,-2.300718605510752,0.18322323769094978,-2.4356542997322506
201947,Earl Clark,2013,2015,25.42161389621812,9096.0,-2.5367794288473475,-1.8548200246168312,0.6819594042305166,-2.37363930249048
2042,Courtney Alexander,2001,2003,24.990331049497343,15617.0,-2.572383039788924,-1.6780528867111604,0.8943301530777633,-2.2971198585102566
1629629,Cam Reddish,2022,2024,23.01149241819633,12530.0,-2.654530456595645,-1.7871438285477967,0.8673866280478482,-1.6657606222850867
1626209,Mario Hezonja,2018,2020,23.82626687038452,15708.0,-2.6672848853964934,-1.4114798020579793,1.2558050833385144,-2.0337283249820493
964,Roy Rogers,1997,1999,23.059517279210095,7292.0,-2.6823930689376603,-0.8753588891743279,1.8070341797633322,-1.7567886456325672
1629643,Chuma Okeke,2022,2024,23.489305782127968,11034.0,-2.689364159693782,-2.5984305861194046,0.09093357357437735,-1.9267219388427528
1629676,Isaiah Roby,2021,2023,23.664123417456192,11927.0,-2.744358737803916,-1.7268743346677364,1.0174844031361796,-2.0531728845341823
1629672,Eric Paschall,2020,2022,23.70094258783205,12837.0,-2.922682159786672,-1.081372556257578,1.8413096035290935,-2.2383087133952464
1600,Kornel David,1999,2001,27.581711107475872,6113.0,-2.9464954527051264,-2.2205515674970133,0.7259438852081134,-2.896629199977836
201628,Bobby Brown,2009,2011,24.352804573061807,5598.0,-3.015473278101492,-1.7523865114256125,1.2630867666758798,-2.5920435135691315
203120,Justin Hamilton,2015,2017,26.292343689067984,7693.0,-3.177302234947481,-2.1631173798015437,1.0141848551459367,-3.095470105084029
201957,Byron Mullens,2011,2013,23.454472772497112,11257.0,-3.2475120140209772,-0.8375357370627978,2.4099762769581785,-2.485066978301903
1907,Vonteego Cummings,2000,2002,24.65087848219654,14969.0,-3.578905427082529,-2.2208421253616906,1.3580633017208386,-3.22831721833014
202343,Elliot Williams,2012,2014,24.778434268833088,5416.0,-3.6909553145760436,-2.9389131769967434,0.7520421375793002,-3.3799729366598688
