PLAYER_ID,Name,N_Seasons,First_Season,Last_Season,Total_Poss,Career_Wmean_RAPM,Career_Wmean_Off,Career_Wmean_Def,Career_Wmean_RAPM_at_Ref
2544,LeBron James,21,2004,2024,263925.0,5.032275065240472,3.8629417337429937,-1.169333331497479,7.039645438600884
201939,Stephen Curry,14,2010,2024,158249.0,4.868941333992614,4.065401105889532,-0.8035402281030826,6.044223298111564
203999,Nikola Jokic,9,2016,2024,94836.0,4.526596430940044,3.8467658788355523,-0.6798305521044916,5.052080844908299
1938,Manu Ginobili,16,2003,2018,126967.0,4.51000072823556,2.827482980890723,-1.6825177473448358,6.8029366585653746
406,Shaquille O'Neal,15,1997,2011,142519.0,4.478914095135221,3.6997400795209368,-0.7791740156142857,6.168022376237458
1628369,Jayson Tatum,7,2018,2024,85415.0,4.45733353309171,2.824339001618199,-1.63299453147351,5.6406870639811375
1495,Tim Duncan,19,1998,2016,212026.0,4.41292361580582,2.026416622248872,-2.3865069935569476,6.536028911844994
203954,Joel Embiid,8,2017,2024,63872.0,4.395411331657398,2.337540924436842,-2.0578704072205567,4.652808520080074
202695,Kawhi Leonard,11,2012,2024,105512.0,4.338264169779081,2.755883860771142,-1.5823803090079398,5.141716106447185
203110,Draymond Green,12,2013,2024,119740.0,4.162323921272059,1.7250679652785674,-2.4372559559934923,4.8147308921763265
304,John Stockton,7,1997,2003,67949.0,4.127990397257866,2.822901821598242,-1.3050885756596238,10.416300931793476
1717,Dirk Nowitzki,21,1999,2019,220009.0,3.9401075831119603,3.36475026389595,-0.5753573192160111,6.015760535154941
708,Kevin Garnett,20,1997,2016,200643.0,3.890188609260157,1.9421088327496339,-1.9480797765105238,5.571659060193729
101108,Chris Paul,19,2006,2024,189621.0,3.886626618873911,2.822525727563081,-1.0641008913108305,5.856290225364355
764,David Robinson,6,1998,2003,55743.0,3.8742815008268563,1.422849704099441,-2.4514317967274155,7.013163521486943
959,Steve Nash,17,1997,2013,165069.0,3.615319197541996,3.8543506726135655,0.23903147507156905,5.702246379020637
201935,James Harden,15,2010,2024,171920.0,3.5415186005338715,3.6510127797449865,0.10949417921111418,4.479960565225107
1628401,Derrick White,6,2019,2024,52044.0,3.4975215047146575,1.806236148998871,-1.6912853557157868,3.668534765958556
201142,Kevin Durant,16,2008,2024,183709.0,3.3634019613267907,2.849592314231664,-0.513809647095127,4.750964023969077
202331,Paul George,13,2011,2024,132412.0,3.3279075068216795,1.6713112665481802,-1.6565962402734997,4.178674081384488
203507,Giannis Antetokounmpo,11,2014,2024,117349.0,3.225368305876291,1.8717937484440075,-1.3535745574322828,4.305075532789501
739,Rasheed Wallace,14,1997,2010,146588.0,3.2180229154412814,1.5222720600842967,-1.6957508553569849,4.146766728835102
96,Detlef Schrempf,5,1997,2001,36848.0,3.1044201555401254,2.3340979271805913,-0.7703222283595339,6.992478406572757
203497,Rudy Gobert,11,2014,2024,98828.0,2.994890579120294,0.7840616398921345,-2.21082893922816,3.4814061514572394
201950,Jrue Holiday,15,2010,2024,140332.0,2.9869966184536025,1.9275245150839093,-1.0594721033696926,4.079347140402259
201980,Danny Green,11,2012,2022,97422.0,2.955501003408844,1.6573904010569247,-1.2981106023519193,3.946345715091555
717,Arvydas Sabonis,6,1997,2003,40654.0,2.948161512333879,1.190168927738768,-1.757992584595111,6.052079783148261
202710,Jimmy Butler,12,2013,2024,122355.0,2.9291215217485984,1.835246174504093,-1.093875347244505,3.6929718740531823
252,Karl Malone,8,1997,2004,92944.0,2.878677075596801,2.7037024569868895,-0.17497461860991148,7.711478467432259
203081,Damian Lillard,12,2013,2024,132974.0,2.8494597704336813,3.1356987100102582,0.28623893957657653,3.5022322086377313
124,Vlade Divac,8,1997,2004,79849.0,2.805831441381977,1.4300929096821369,-1.3757385316998405,4.804595681210865
896,Tim Hardaway,6,1997,2002,55724.0,2.7610866193893924,1.8073191898926002,-0.9537674294967925,4.3432211481949095
2572,Josh Howard,9,2004,2012,65634.0,2.7557519056921844,1.9160860365034682,-0.8396658691887157,3.0275886734905173
977,Kobe Bryant,19,1997,2016,220365.0,2.750999480370293,2.695801416685083,-0.05519806368520999,4.151222904313437
467,Jason Kidd,17,1997,2013,193085.0,2.7377315254889956,1.5835083954574092,-1.154223130031587,5.138445037934891
1627783,Pascal Siakam,8,2017,2024,76442.0,2.720791118372506,2.0235702102526183,-0.6972209081198877,2.9791141101545264
1627832,Fred VanVleet,7,2018,2024,64776.0,2.687364268626909,1.5424782180219458,-1.1448860506049625,2.9135959873040256
297,Alonzo Mourning,9,1997,2008,62434.0,2.6512880596780177,0.8385476494464373,-1.81274041023158,4.2388017952636
951,Ray Allen,18,1997,2014,196500.0,2.609622282672937,2.669936210575898,0.060313927902961466,4.342776344430032
200794,Paul Millsap,16,2007,2022,132532.0,2.552929526537782,1.5880510891194766,-0.9648784374183058,3.654886170128462
345,Terry Porter,6,1997,2002,38235.0,2.552256947971538,1.09271602244455,-1.4595409255269876,7.456685349054561
1628973,Jalen Brunson,6,2019,2024,52283.0,2.500158468705502,2.533656044560634,0.03349757585513189,2.902034929573453
200768,Kyle Lowry,17,2008,2024,158664.0,2.4901625346115597,1.6559792842777028,-0.8341832503338568,4.21152553543376
2397,Yao Ming,7,2003,2009,62092.0,2.4859091512636864,1.2377214943324486,-1.2481876569312378,2.9872212921712507
2548,Dwyane Wade,16,2004,2019,161817.0,2.454658345011299,2.181459056140472,-0.2731992888708265,3.753932778653253
1884,Baron Davis,13,2000,2012,117440.0,2.4529532681931383,1.8822783151507831,-0.5706749530423547,3.1746972647852036
1718,Paul Pierce,18,1999,2016,197088.0,2.449367052379143,1.7072069593873096,-0.7421600929918338,3.9598521774111344
224,Eddie Jones,12,1997,2008,115222.0,2.4438191690807276,1.0333874375707817,-1.4104317315099464,3.5042493098799787
389,Toni Kukoc,10,1997,2006,65566.0,2.3966553076166095,1.6309520772796129,-0.7657032303369969,4.126126538201523
397,Reggie Miller,9,1997,2005,99142.0,2.372331640803196,2.139889460418449,-0.23244218038474718,5.979629065614834
448,Bo Outlaw,9,1997,2007,64306.0,2.3289753170715817,0.370061673953081,-1.9589136431185008,3.013690143468675
202691,Klay Thompson,11,2012,2024,129398.0,2.323777256617023,1.856937283123134,-0.4668399734938889,3.058150285822531
201144,Mike Conley,16,2008,2024,143486.0,2.322651726821084,1.71120010744791,-0.611451619373174,3.709510439551912
1626157,Karl-Anthony Towns,9,2016,2024,81557.0,2.309295077990889,2.895578752108523,0.5862836741176353,3.4233656079176424
201588,George Hill,15,2009,2023,111616.0,2.3086308052756492,1.1214525280716938,-1.187178277203956,3.42025548206229
1713,Vince Carter,22,1999,2020,188554.0,2.3054921616631407,1.5875894312117722,-0.7179027304513685,4.741840563555756
109,Robert Horry,12,1997,2008,84218.0,2.293304417134362,0.8042234620901765,-1.4890809550441857,3.698736689779315
1897,Metta World Peace,15,2000,2016,129445.0,2.2885814856817324,0.8007195825108636,-1.487861903170869,3.3256566690260643
202703,Nikola Mirotic,5,2015,2019,35068.0,2.258343802857874,1.856512863226199,-0.40183093963167466,2.4293661213926736
1627750,Jamal Murray,7,2017,2024,65805.0,2.2519015026408056,2.329208348226672,0.07730684558586529,3.406153170367071
937,Scottie Pippen,8,1997,2004,69496.0,2.238606526408135,1.5666379279130773,-0.671968598495058,4.939658223922236
2203,Shane Battier,13,2002,2014,124186.0,2.235962091120396,0.7705733588991814,-1.4653887322212151,3.1092175763259204
1905,Andrei Kirilenko,12,2002,2014,96126.0,2.225639979819155,1.3341144925207367,-0.8915254872984185,2.9744305880081026
203114,Khris Middleton,12,2013,2024,104593.0,2.2243582836696913,1.7989051218764807,-0.4254531617932112,2.760022634918485
202681,Kyrie Irving,13,2012,2024,111098.0,2.179715262611458,2.700695117950045,0.5209798553385865,3.0344830595517247
201566,Russell Westbrook,16,2009,2024,176539.0,2.178940803608185,2.0288590591485853,-0.15008174445960024,3.3224831487553614
201933,Blake Griffin,13,2011,2023,104586.0,2.1542391967961327,1.8454192401962968,-0.3088199565998361,2.8162993779238112
1503,Tracy McGrady,15,1998,2012,122859.0,2.152144184188945,1.9953013197126677,-0.1568428644762774,3.09420432967388
2736,Luol Deng,14,2005,2019,127714.0,2.151986452465844,0.8789056167367447,-1.273080835729099,2.9961371325174277
200746,LaMarcus Aldridge,16,2007,2022,147675.0,2.1514520696342694,1.5235322835386502,-0.6279197860956193,3.160917349028199
2760,Anderson Varejao,12,2005,2016,62386.0,2.1505217651939446,0.8609762945814841,-1.28954547061246,2.6587454983147607
1628378,Donovan Mitchell,7,2018,2024,71480.0,2.124887995884494,1.65903133287698,-0.465856663007514,2.9871303893977963
1629029,Luka Doncic,6,2019,2024,60703.0,2.112211505616885,2.494453874296023,0.38224236867913775,3.471248539265825
203076,Anthony Davis,12,2013,2024,111855.0,2.1028664688004373,0.9505654439189652,-1.1523010248814718,2.9135062009433113
2225,Tony Parker,18,2002,2019,174156.0,2.101944522005718,1.2597086958373025,-0.8422358261684155,3.4519868739908754
978,Peja Stojakovic,13,1999,2011,116654.0,2.0982007348506984,2.1580690929848787,0.05986835813418035,2.7353074641214494
1626172,Kevon Looney,7,2017,2024,43392.0,2.0954132509150902,1.614300590574049,-0.48111266034104133,2.590807748692888
203490,Otto Porter Jr.,7,2015,2022,55335.0,2.0927367422626,1.490972182943024,-0.6017645593195764,2.635616464065746
1627936,Alex Caruso,7,2018,2024,37034.0,2.090882592609593,-0.19562907650157818,-2.2865116691111713,2.311529720823321
203500,Steven Adams,10,2014,2023,83917.0,2.089967303060349,1.4577919977094618,-0.6321753053508871,2.912262121602075
166,Ron Harper,5,1997,2001,37559.0,2.076552457550655,0.8254007460147929,-1.2511517115358621,5.44960161525209
1802,Brad Miller,13,1999,2011,99234.0,2.073016557825286,1.4989768614031147,-0.5740396964221706,2.942811245648273
2547,Chris Bosh,13,2004,2016,132019.0,2.0510287869938133,1.5721936186670484,-0.47883516832676437,2.8935575183450855
101161,Amir Johnson,12,2008,2019,72892.0,1.999285351300032,1.0890470173275488,-0.9102383339724833,2.4995115853808834
87,Dikembe Mutombo,12,1997,2008,90642.0,1.987588282583342,-0.23354107523166223,-2.2211293578150038,5.835706837162873
1740,Rashard Lewis,15,2000,2014,137080.0,1.969808484618787,1.863730343222143,-0.10607814139664413,2.8214108783857723
965,Derek Fisher,18,1997,2014,152671.0,1.9664211711299144,0.9242142892774022,-1.042206881852512,3.9091025608560983
1885,Lamar Odom,14,2000,2013,136126.0,1.961988655666173,0.7569768659518684,-1.205011789714305,2.8057460410236175
201988,Patty Mills,13,2011,2024,77596.0,1.9604957961866003,1.4073962952206989,-0.5530995009659017,2.7626435272400385
2738,Andre Iguodala,18,2005,2022,174440.0,1.9510247471539925,0.5820815376204218,-1.368943209533571,3.2763273991607957
200750,Brandon Roy,5,2007,2011,42947.0,1.9339554787192168,2.109655389733873,0.17569991101465587,2.6065383397803923
203496,Robert Covington,10,2015,2024,74534.0,1.9233960525334242,0.6154941705827914,-1.307901881950633,2.3229584570837387
1497,Chauncey Billups,15,1998,2013,140458.0,1.9212865166712523,1.8537636132384712,-0.06752290343278096,2.8714927664995726
2045,Hedo Turkoglu,14,2001,2015,112274.0,1.9192222066161506,1.4321392716340662,-0.48708293498208466,2.6965546669437237
210,Terrell Brandon,6,1997,2002,47494.0,1.9191408573237894,1.7115892314439676,-0.20755162587982173,2.3882339895568547
2555,Nick Collison,12,2005,2016,76773.0,1.9173528179131347,1.0687099838311296,-0.8486428340820056,2.698472704504768
203994,Jusuf Nurkic,10,2015,2024,56256.0,1.9114632195490946,0.7417401157869101,-1.1697231037621842,2.665939892491977
1626220,Royce O'Neale,7,2018,2024,61800.0,1.867282136849491,0.9042443471745025,-0.9630377896749884,2.145595295982778
468,Jon Barry,9,1997,2005,43386.0,1.8621703919289465,1.062112837384747,-0.8000575545441995,3.3558019334499662
2403,Nene,15,2003,2019,106085.0,1.8619024667587822,0.5799886729230973,-1.281913793835685,3.0816468780315724
204060,Joe Ingles,10,2015,2024,75404.0,1.854815054806409,0.8965634972806003,-0.9582515575258093,3.1632956186180916
201937,Ricky Rubio,12,2012,2023,84989.0,1.8534188704814285,0.8793741109516574,-0.9740447595297714,2.434798554347753
64,Sam Perkins,5,1997,2001,30355.0,1.8515441089753273,0.9437418723503127,-0.9078022366250145,7.998271624600488
203932,Aaron Gordon,10,2015,2024,84944.0,1.8487706161965194,1.38375729295199,-0.46501332324452926,2.8469314199056037
201168,Tiago Splitter,6,2011,2016,31157.0,1.8440005106723605,0.27529235889773795,-1.5687081517746222,2.0595802168155535
1626164,Devin Booker,9,2016,2024,91200.0,1.822658652803648,2.5361918577847984,0.713533204981151,3.1358686319819395
1629001,De'Anthony Melton,6,2019,2024,35414.0,1.8184358772241493,1.084314721058113,-0.7341211561660365,2.597856729689456
101114,Deron Williams,12,2006,2017,121722.0,1.8172548996159659,2.126255425641212,0.3090005260252459,2.4612262277686643
935,Bryon Russell,9,1997,2005,73808.0,1.795454712795589,0.9748802465531945,-0.8205744662423947,2.354534795239065
203991,Clint Capela,9,2016,2024,74286.0,1.793257256906123,1.0869012383246526,-0.7063560185814703,2.2087948655714196
56,Gary Payton,11,1997,2007,128348.0,1.7755882090094106,1.4305073442562375,-0.345080864753173,3.9976801502253463
1627827,Dorian Finney-Smith,8,2017,2024,63051.0,1.7585845452845967,1.3330491296548193,-0.4255354156297774,2.055764952396485
203460,Andre Roberson,5,2014,2018,29320.0,1.7520082231280814,-0.0030845493751762406,-1.7550927725032575,2.2381684275904257
1628983,Shai Gilgeous-Alexander,6,2019,2024,55088.0,1.7519623100118034,1.7611680684647,0.00920575845289647,3.1484220522457127
1628969,Mikal Bridges,6,2019,2024,68558.0,1.7343788470197838,1.2626215156494243,-0.4717573313703599,2.2236178531351505
1628389,Bam Adebayo,7,2018,2024,68209.0,1.7318046743070041,0.43063282087909455,-1.3011718534279095,2.757043281896634
1629636,Darius Garland,5,2020,2024,42734.0,1.710457525050832,1.4182960647688982,-0.2921614602819336,3.2810779598579103
101236,Chuck Hayes,9,2006,2014,45864.0,1.7053323683233492,0.27239128295759835,-1.432941085365751,2.005957377598611
1513,Scot Pollard,7,2000,2006,30940.0,1.7002429322058281,0.34120940355786256,-1.3590335286479656,1.915258082358227
2730,Dwight Howard,17,2005,2022,167125.0,1.685816456076204,0.8608546851670618,-0.8249617709091421,3.050820092407483
302,Mookie Blaylock,6,1997,2002,51983.0,1.677137148509094,0.65800612458764,-1.0191310239214542,3.187071464827869
201143,Al Horford,17,2008,2024,155398.0,1.6690773999060895,0.9912174056027597,-0.6778599943033299,3.401397496439725
201976,Patrick Beverley,11,2013,2024,77511.0,1.664635161095693,0.9409550353915941,-0.7236801257040992,2.640895155540058
1627732,Ben Simmons,6,2018,2024,49790.0,1.6553650506942212,0.8590923078678411,-0.7962727428263798,2.8823577995060923
1112,Ben Wallace,15,1998,2012,135474.0,1.6483201189861856,-0.2423682051260307,-1.8906883241122159,2.7108880779016666
2200,Pau Gasol,18,2002,2019,176168.0,1.6454953790275029,1.6195737989808414,-0.025921580046661265,3.0592003847720433
201586,Serge Ibaka,13,2010,2022,114935.0,1.6420547810591832,0.9460595101967546,-0.6959952708624282,2.4100795988557224
204001,Kristaps Porzingis,8,2016,2024,58599.0,1.6329985745945987,1.1842961239519416,-0.4487024506426574,2.632896037343609
255,Grant Hill,15,1997,2013,114376.0,1.6325788198710773,1.2114812755550795,-0.4210975443159977,4.263266971217545
208,Sam Cassell,11,1997,2008,104089.0,1.6126120496024692,1.77880751106978,0.16619546146731123,3.765511592683242
1628384,OG Anunoby,7,2018,2024,53056.0,1.6070332590864944,0.5734137808605875,-1.033619478225907,2.755681845997224
1889,Andre Miller,17,2000,2016,159937.0,1.6001224792376973,1.652728452919205,0.05260597368150777,3.407203106541123
369,Charlie Ward,8,1997,2004,53726.0,1.5950618619909045,0.502654890256081,-1.0924069717348237,2.091781941354264
200755,JJ Redick,14,2007,2021,105925.0,1.5795770988819582,1.4455932046146915,-0.13398389426726645,3.134548460213615
1627751,Jakob Poeltl,8,2017,2024,49315.0,1.5739473326829503,1.3511573428476706,-0.22278998983527987,2.1085411603577797
2754,Tony Allen,13,2005,2017,75587.0,1.5717035513309632,-0.12320057560829063,-1.6949041269392537,2.7143945820928863
731,Greg Ostertag,10,1997,2006,57346.0,1.5716356213780778,-0.054508187368504865,-1.6261438087465825,2.045206006989469
201567,Kevin Love,16,2009,2024,117795.0,1.563577222066567,1.5020432425402779,-0.061533979526289126,2.6311106393524692
136,P.J. Brown,12,1997,2008,107944.0,1.5426633132496956,0.8072539496496532,-0.7354093636000423,3.4212127171838946
947,Allen Iverson,14,1997,2010,158426.0,1.5405598091312924,1.361454378559884,-0.17910543057140832,2.4030574814545584
1890,Shawn Marion,16,2000,2015,170796.0,1.5353644666708124,0.8816773982720656,-0.6536870683987468,2.693968679732945
1628404,Josh Hart,7,2018,2024,55791.0,1.528076000916137,0.9883569493214148,-0.539719051594722,1.7920028787465676
201583,Ryan Anderson,10,2009,2018,67248.0,1.5158657024230484,1.9692058296202224,0.4533401271971739,2.0423743509730197
105,Dan Majerle,6,1997,2002,39556.0,1.5046729761869138,0.4175891496075297,-1.087083826579384,3.829754897016277
203468,CJ McCollum,11,2014,2024,104817.0,1.4935150772647283,1.8568718480187056,0.3633567707539775,1.9440837487359348
270,Horace Grant,7,1997,2004,60890.0,1.4911207785870368,0.6660081721413199,-0.8251126064457172,4.237213066281006
202738,Isaiah Thomas,8,2012,2020,64064.0,1.4881318851601113,2.2615137742405262,0.7733818890804148,1.7776418446650544
2594,Kyle Korver,17,2004,2020,135207.0,1.4776082066165905,0.9561843539724897,-0.5214238526441007,3.527785659891694
1902,Jeff Foster,10,2001,2011,61410.0,1.4730110702636368,0.32745448019944756,-1.1455565900641893,2.0730052140406214
202697,Iman Shumpert,7,2012,2019,49285.0,1.469301887113798,0.6164714909884546,-0.8528303961253436,1.9234987665018646
120,Steven Smith,9,1997,2005,70801.0,1.4657099339544402,1.3296465390578212,-0.13606339489661898,2.6703862214259777
203935,Marcus Smart,10,2015,2024,87871.0,1.4635771754964035,0.6023564802632848,-0.861220695233119,2.0414182171587885
201188,Marc Gasol,13,2009,2021,121778.0,1.4532187798279137,0.38485937269145865,-1.068359407136455,2.5009526482613307
201568,Danilo Gallinari,14,2009,2024,95313.0,1.4531809578424064,1.5558892224996703,0.10270826465726389,2.494413214100092
57,Doug Christie,9,1997,2005,96522.0,1.4417320350444476,0.9063627473292616,-0.5353692877151862,2.6514048109864983
2365,Chris Andersen,12,2003,2016,50004.0,1.425798710639186,0.45570975074227,-0.9700889598969162,3.0373251298743478
203109,Jae Crowder,12,2013,2024,94675.0,1.4097759399303136,0.8600113855624796,-0.5497645543678341,1.913020915693088
201609,Goran Dragic,15,2009,2023,107527.0,1.3890638566764693,1.413447670940983,0.024383814264513626,2.5173644839215403
2059,Eduardo Najera,9,2001,2010,44219.0,1.380341464194297,0.9996842431881358,-0.3806572210061611,1.8333226347163996
1628449,Chris Boucher,5,2020,2024,25765.0,1.3723376035918142,0.9642198830662864,-0.40811772052552786,1.6703174513750594
2588,Matt Bonner,11,2005,2015,53917.0,1.3656562729204083,1.3409350946740735,-0.024721178246334914,2.296259632738743
203992,Bogdan Bogdanovic,7,2018,2024,56791.0,1.363638814003232,1.496324451214163,0.13268563721093093,1.6692085596905222
202722,Dāvis Bertāns,8,2017,2024,37969.0,1.3614755820315332,1.4440817094828218,0.08260612745128845,1.5769815758233843
765,Hersey Hawkins,5,1997,2001,38062.0,1.3545808922736406,0.6641979706924677,-0.6903829215811728,2.5032799190041994
1883,Steve Francis,8,2000,2007,81671.0,1.3494948670409168,1.2115283744089762,-0.13796649263194083,1.6505115535541075
782,Mitch Richmond,6,1997,2002,45700.0,1.344811587520666,0.9753700300233201,-0.36944155749734564,3.9175702357226823
202335,Patrick Patterson,11,2011,2021,62776.0,1.3296733869252109,1.2743548465640162,-0.05531854036119419,1.7427768607651404
243,Aaron McKie,9,1997,2005,67049.0,1.3285527569576698,-0.38987769800358096,-1.7184304549612508,1.7171242599007177
1627763,Malcolm Brogdon,8,2017,2024,57156.0,1.3276842156441977,0.811861972497607,-0.5158222431465905,1.6177202608127979
2215,Jason Collins,9,2002,2011,59670.0,1.3253808539229461,-0.8142194888905598,-2.139600342813506,1.6528376799895683
1477,Bruce Bowen,12,1998,2009,104198.0,1.3236670817805416,-0.5598473005426858,-1.8835143823232274,3.930033137751946
203484,Kentavious Caldwell-Pope,11,2014,2024,106497.0,1.3229315046009837,1.150684051156131,-0.17224745344485298,1.9415303807735422
2419,Tayshaun Prince,14,2003,2016,132835.0,1.3183552160936363,0.6114749734958945,-0.7068802425977415,2.253787626788354
202339,Eric Bledsoe,12,2011,2022,90211.0,1.304340612199834,0.641524932818209,-0.6628156793816251,1.9008378593307327
202689,Kemba Walker,11,2012,2022,101280.0,1.2840312478062539,1.344069471758292,0.06003822395203852,1.7515077594293416
185,Chris Webber,11,1997,2007,111242.0,1.2664166251085582,0.762967766740515,-0.5034488583680434,1.9818638615996016
1629130,Duncan Robinson,5,2020,2024,41351.0,1.2631860614665185,1.003085871635171,-0.2601001898313473,1.4104765542955187
1887,Wally Szczerbiak,10,2000,2009,81443.0,1.2544652368006477,1.4807541576469667,0.22628892084631888,1.7227534114792824
1626153,Delon Wright,8,2017,2024,44072.0,1.2530661756256134,0.6221686583604775,-0.630897517265136,1.5982272606127992
2561,David West,15,2004,2018,121571.0,1.2520454950395963,0.7446105253070585,-0.5074349697325379,2.4613222877773384
101112,Channing Frye,12,2006,2018,78412.0,1.2444573533790055,1.4729854237861353,0.22852807040712947,2.1186667189844157
2073,Brian Cardinal,6,2004,2011,20871.0,1.2373490706980625,0.9251801222995405,-0.3121689483985223,1.893749349609287
121,Patrick Ewing,6,1997,2002,42990.0,1.2320957129361416,-0.06998271069928332,-1.3020784236354253,5.883121346689672
201600,Ömer Aşik,7,2011,2017,37921.0,1.2316799106030907,-0.08733717878245208,-1.3190170893855426,1.3978039682218784
1628415,Dillon Brooks,6,2018,2024,51838.0,1.2307080430119413,0.4614592447200634,-0.769248798291878,1.649117035857993
201960,DeMarre Carroll,9,2010,2019,59439.0,1.2301965070349523,0.6869099350986229,-0.5432865719363295,1.700268846894191
762,Shawn Bradley,9,1997,2005,52718.0,1.2158284781824371,-0.5875061005653326,-1.80333457874777,1.670638299356921
203957,Dante Exum,5,2015,2024,21116.0,1.2117036524327278,0.36212236725606656,-0.8495812851766612,3.1927415909410057
201599,DeAndre Jordan,16,2009,2024,114590.0,1.211472255446332,1.1941181168135502,-0.017354138632781627,1.925611258769091
317,John Starks,6,1997,2002,40638.0,1.2099971190420613,0.646011090130613,-0.5639860289114487,3.397923165190578
2747,JR Smith,14,2005,2018,115623.0,1.2070072278661863,1.4475568593376773,0.24054963147149075,2.151165852808694
168,Chris Mills,6,1997,2002,33913.0,1.205053159353946,-0.2257497574032392,-1.4308029167571852,1.5386812836643433
1888,Richard Hamilton,14,2000,2013,127249.0,1.2041765515587064,0.9117445433430973,-0.2924320082156093,1.8715634245144146
2207,Joe Johnson,17,2002,2018,182884.0,1.1870497049033215,1.3720112048761544,0.18496149997283268,2.51723923932885
201162,Jared Dudley,13,2008,2020,81544.0,1.1814334034184648,0.5909364589649662,-0.5904969444534987,1.7874348057274283
203078,Bradley Beal,12,2013,2024,111799.0,1.170579080779621,1.6806424822377877,0.5100634014581663,1.9602575612104658
1627759,Jaylen Brown,8,2017,2024,79677.0,1.161022759677017,0.3971040730737578,-0.7639186866032592,2.0920425155927855
165,Hakeem Olajuwon,6,1997,2002,42467.0,1.1535448686610503,-0.156286500060914,-1.3098313687219643,5.620089693441962
203552,Seth Curry,8,2016,2024,49668.0,1.1531001957534543,0.9920116708117672,-0.16108852494168704,1.708830954516151
1515,Anthony Parker,6,2007,2012,54030.0,1.1518236910061828,0.7352428180491717,-0.41658087295701113,4.077588290690726
201152,Thaddeus Young,17,2008,2024,135634.0,1.1476659945187717,0.8902309789617179,-0.25743501555705395,2.1754655928508573
1891,Jason Terry,19,2000,2018,175765.0,1.1379836715772031,1.3780975877549102,0.24011391617770728,2.8611815251612085
202327,Ekpe Udoh,5,2011,2018,20665.0,1.1217959173682583,0.1779976357336075,-0.9437982816346508,1.4390040687273038
1628386,Jarrett Allen,7,2018,2024,57531.0,1.1117657364271436,0.8501138422192225,-0.2616518942079211,2.2222494830863915
198,Danny Ferry,7,1997,2003,35717.0,1.1108358564267733,0.6400648489470331,-0.47077100747974043,3.009829830011934
101162,Marcin Gortat,11,2009,2019,87484.0,1.1093386771254001,0.4203122142952515,-0.6890264628301483,2.130794553148931
2209,Vladimir Radmanovic,11,2002,2012,65140.0,1.0918256623462284,1.0681705326229511,-0.02365512972327703,1.7403496846103361
201959,Taj Gibson,14,2010,2023,92656.0,1.0870849563995149,0.1727565244669213,-0.914328431932593,2.521451940511469
202330,Gordon Hayward,13,2011,2024,104523.0,1.086930147085908,0.9565700633608492,-0.1303600837250588,1.9081030207810232
202718,Chandler Parsons,8,2012,2019,53881.0,1.0834663936661568,1.0194528124340057,-0.06401358123215128,1.4171127359253324
53,Mario Elie,5,1997,2001,42120.0,1.0713985950936498,0.1960983888831921,-0.8753002062104577,4.399815136060053
469,Jamal Mashburn,8,1997,2004,67381.0,1.0659522079576773,0.3419340580580967,-0.7240181498995806,1.3381370542926123
779,Glen Rice,7,1997,2003,60420.0,1.06357539184966,1.361945305266193,0.2983699134165335,2.8035738895634505
202329,Al-Farouq Aminu,11,2011,2021,74141.0,1.0629783699254198,0.2581036191724526,-0.8048747507529674,1.8148130974111267
1626149,Montrezl Harrell,8,2016,2023,45695.0,1.0593398799255493,0.8683555748532523,-0.19098430507229697,1.3494576586791334
202355,Hassan Whiteside,8,2015,2022,52081.0,1.0549483953111634,0.7269192629409358,-0.32802913237022774,1.5627606610040519
203939,Dwight Powell,9,2016,2024,48173.0,1.0547196552530227,1.1314299786001532,0.07671032334713061,1.4486963129864323
1627788,Furkan Korkmaz,5,2019,2023,22308.0,1.0546227880395342,0.5322415698933495,-0.5223812181461845,2.1761304681446316
2030,Kenyon Martin,13,2001,2014,102497.0,1.0536293184580698,0.0668232226065678,-0.986806095851502,1.8879432101386093
201596,Mario Chalmers,9,2009,2018,76018.0,1.0532729240472243,0.302800710911822,-0.7504722131354024,1.4428945732109466
1628989,Kevin Huerter,6,2019,2024,53200.0,1.0267567589089155,1.3791351399080019,0.35237838099908675,2.4376369421562862
1629652,Luguentz Dort,5,2020,2024,36410.0,1.026665317281745,0.8069613045375046,-0.21970401274424034,1.9126287453720894
201951,Ty Lawson,8,2010,2017,67802.0,1.0240454836736488,1.5897591004239167,0.5657136167502678,1.424758777513118
2440,Matt Barnes,14,2004,2017,94985.0,1.0063489749743566,1.1453291354969217,0.13898016052256518,2.8633972186278704
2443,Darius Songaila,7,2004,2010,36133.0,1.0045136618758899,0.7199333556081007,-0.2845803062677894,1.4764125071443084
1507,Derek Anderson,10,1998,2007,67494.0,1.0030860879945953,0.33790529517966084,-0.6651807928149341,1.3836746622039353
1628420,Monte Morris,6,2019,2024,41532.0,1.0011791142224402,1.235066135237717,0.2338870210152767,1.187856637726857
200782,P.J. Tucker,12,2013,2024,112228.0,0.9949705114118627,0.5121461336901819,-0.4828243777216808,3.551118540762738
2240,Gilbert Arenas,9,2002,2011,78606.0,0.9898307751238404,1.708487984173753,0.7186572090499127,1.976818018969684
905,Dale Davis,10,1997,2007,76808.0,0.9866503468496167,0.7602140043913902,-0.2264363424582265,2.651616339303117
2199,Tyson Chandler,18,2002,2019,129019.0,0.9799230184507289,0.29967168199285926,-0.6802513364578698,2.2600234011288904
201149,Joakim Noah,11,2008,2019,78195.0,0.9774022085922015,0.21414069019668108,-0.7632615183955205,1.433799645157559
2202,Jason Richardson,13,2002,2015,118727.0,0.9764848466818602,1.5356670500005212,0.559182203318661,1.6678125372961727
689,Theo Ratliff,12,1997,2010,73450.0,0.9763139944670497,-0.13984616400485178,-1.1161601584719014,1.9499774258841824
2546,Carmelo Anthony,18,2004,2022,182159.0,0.9678149477932769,1.6036316779927973,0.6358167301995205,2.6089603086340154
201565,Derrick Rose,13,2009,2024,91172.0,0.962700303938752,1.1000034751523682,0.13730317121361618,2.2518179729405663
101106,Andrew Bogut,11,2006,2017,78589.0,0.9557990920859476,-0.31221576939381224,-1.26801486147976,1.7692513952963786
979,Jermaine O'Neal,17,1997,2014,110467.0,0.950037112736966,0.048566624279254005,-0.9014704884577119,1.905223649684051
2399,Mike Dunleavy,15,2003,2017,110674.0,0.9483560552274269,0.4119965058410155,-0.5363595493864114,1.9797736999403786
353,Darrell Armstrong,12,1997,2008,80753.0,0.9466167589159293,0.5006405338644573,-0.4459762250514721,3.95508752249444
1747,Rafer Alston,9,2002,2010,76566.0,0.9423046946177863,-0.10548591363236713,-1.0477906082501531,1.5517222267746635
1626167,Myles Turner,9,2016,2024,69351.0,0.9389160929003021,0.11367404975256613,-0.8252420431477361,1.938733337992417
1629611,Terance Mann,5,2020,2024,33525.0,0.926597602476054,0.8389019555831505,-0.08769564689290343,1.1565842301129383
1628988,Aaron Holiday,6,2019,2024,27814.0,0.9246037275070074,0.48022026273101465,-0.4443834647759927,1.4492703739630195
203482,Kelly Olynyk,11,2014,2024,73007.0,0.9185797444682372,1.1122729957911104,0.1936932513228729,1.531717446613698
296,Rick Fox,8,1997,2004,68954.0,0.918385534056237,0.614076073073601,-0.30430946098263595,1.764678773371977
330,Danny Manning,6,1997,2002,32084.0,0.9174759202480512,0.14374112800404332,-0.7737347922440081,2.977621151999731
201587,Nicolas Batum,16,2009,2024,130050.0,0.9115833886115748,1.0675920767296838,0.1560086881181091,1.9251922420435859
203077,Michael Kidd-Gilchrist,6,2013,2019,41342.0,0.9075703629052604,-0.047802897066767075,-0.9553732599720274,2.7389502765224676
431,Shawn Kemp,7,1997,2003,54119.0,0.8967183910900025,0.3142601518093974,-0.5824582392806051,1.4587651718814765
203469,Cody Zeller,9,2014,2023,44629.0,0.8896451457581516,0.4684221745062147,-0.4212229712519368,1.6489317166350788
966,Jerome Williams,8,1998,2005,48983.0,0.8830995091376371,0.36881528851417505,-0.514284220623462,1.277111441756932
699,Brent Barry,13,1997,2009,88756.0,0.8825838297224713,1.0283124667879966,0.14572863706552502,2.179028863166062
1711,Raef LaFrentz,6,2000,2006,54611.0,0.8825653785323925,1.0875822337008072,0.20501685516841486,1.1380369320878638
2749,Jameer Nelson,14,2005,2018,99645.0,0.8804262105887605,0.904079705339947,0.02365349475118658,1.931805171541079
101122,Danny Granger,9,2006,2015,75643.0,0.8799666599784806,0.8259302782321439,-0.0540363817463368,1.2136480687884927
2564,Boris Diaw,14,2004,2017,122725.0,0.8752946567473198,0.2546348467519606,-0.6206598099953591,1.7353570641876126
2222,Gerald Wallace,12,2002,2014,93479.0,0.8727871926877835,0.01679686375548154,-0.8559903289323019,1.443457773410045
1725,Rasho Nesterovic,11,2000,2010,71853.0,0.8669955749528655,-0.22431232244509333,-1.091307897397959,1.4019099557855919
1628978,Donte DiVincenzo,6,2019,2024,39772.0,0.8649486356819578,0.9043526132177448,0.03940397753578687,1.2505110396033277
1628379,Luke Kennard,7,2018,2024,39111.0,0.8648616488759475,1.0556096215238662,0.19074797264791843,1.3411659802755465
2734,Devin Harris,15,2005,2019,98137.0,0.8638509814180484,0.8954121804558017,0.031561199037753375,1.873694582969573
201593,Nikola Pekovic,5,2011,2015,25891.0,0.8593982694138295,0.7586998968283528,-0.1006983725854767,0.9452150313123571
1626159,Justise Winslow,7,2016,2023,36052.0,0.8573772401946561,-0.4861442909978748,-1.3435215311925313,2.360433518388112
1627734,Domantas Sabonis,8,2017,2024,73760.0,0.8536527775611874,0.5859447692483384,-0.26770800831284886,1.4189032734579055
358,Anfernee Hardaway,8,1997,2005,58679.0,0.8518037204644321,-0.0860031302596431,-0.9378068507240751,1.4159077392977812
1763,Ryan Bowen,7,2000,2008,22657.0,0.8377117835429397,-0.35418903437528565,-1.1919008179182256,1.170531653193603
202704,Reggie Jackson,13,2012,2024,93328.0,0.8371292321548468,0.5328483109223489,-0.30428092123249784,1.6434947892988252
72,Kenny Anderson,9,1997,2005,58959.0,0.8359464399750711,0.41210564672629335,-0.4238407932487777,1.4424922685805852
203506,Victor Oladipo,10,2014,2023,68742.0,0.8350354527850415,-0.02973976305804017,-0.8647752158430815,1.3927309336485634
714,Michael Finley,14,1997,2010,146902.0,0.8291108114026493,1.0166062401200784,0.1874954287174291,2.018507739312033
1005,Walt Williams,7,1997,2003,43390.0,0.8228514784745962,0.5199755985276551,-0.3028758799469412,1.440508412996226
1628374,Lauri Markkanen,7,2018,2024,51305.0,0.8034087697266515,1.0489553400029865,0.24554657027633497,1.56561927040715
203087,Jeremy Lamb,9,2014,2022,47472.0,0.7931161726469509,0.6442589788187304,-0.14885719382822052,1.193325400646388
703,Kurt Thomas,14,1999,2012,99506.0,0.7924990228191279,0.038328588498928666,-0.7541704343201991,2.6406569280167376
228,Adam Keefe,5,1997,2001,20113.0,0.7891563405023986,0.43365821419990486,-0.35549812630249356,1.047388106058149
2217,Brendan Haywood,11,2002,2013,73742.0,0.7864801267510121,-0.16906139912803794,-0.95554152587905,1.3932165592411487
202699,Tobias Harris,13,2012,2024,121514.0,0.7844194026953506,0.6867889474059826,-0.0976304552893682,1.51087520190729
1909,Scott Padgett,6,2000,2006,20739.0,0.7817719592286342,0.06622829385458956,-0.7155436653740447,0.957284095387982
1629027,Trae Young,6,2019,2024,63161.0,0.781432333835574,2.6727384126984193,1.8913060788628455,2.1807964498335894
1628464,Daniel Theis,6,2018,2024,31275.0,0.7737825606811438,0.07840364481889898,-0.6953789158622448,1.1050823581390063
203526,Raul Neto,8,2016,2023,28685.0,0.7652052095085164,0.2256178058089641,-0.5395874036995523,1.106548297725647
913,Larry Johnson,5,1997,2001,46925.0,0.7576451190044821,0.008024024802909308,-0.7496210942015729,1.3317133380465431
1536,Stephen Jackson,12,2001,2013,114132.0,0.7571382672826803,0.6099865322192194,-0.1471517350634611,1.5734951566202977
1629026,Kenrich Williams,6,2019,2024,27512.0,0.7455657482987329,0.1928045918703693,-0.5527611564283637,0.921426574337684
1710,Mike Bibby,14,1999,2012,144628.0,0.7403459061500406,1.2913613910536206,0.5510154849035797,1.50622775658214
2216,Zach Randolph,16,2003,2018,136863.0,0.7367987290406139,0.9282727208379353,0.19147399179732147,1.9455099946559613
202083,Wesley Matthews,15,2010,2024,120049.0,0.7349321588433169,0.625348501342814,-0.10958365750050271,1.7226717795558977
1739,Ruben Patterson,8,2000,2007,59599.0,0.7322850133385129,0.9737848167978428,0.24149980345932984,1.0817996855934602
201572,Brook Lopez,15,2009,2024,133097.0,0.7286540033787595,0.4397720906610172,-0.2888819127177423,2.1459464711522376
200757,Thabo Sefolosha,14,2007,2020,82372.0,0.7187354307187837,-0.6191282971703975,-1.3378637278891812,1.5423737091673615
201569,Eric Gordon,15,2009,2024,119396.0,0.7146526025164113,0.9815077480139419,0.2668551454975307,1.9679811669180858
672,Matt Bullard,5,1997,2001,18162.0,0.7129115735721366,1.394303936256763,0.6813923626846263,2.1762123583541446
203937,Kyle Anderson,9,2016,2024,60852.0,0.7068052257027239,-0.40312673191900583,-1.10993195762173,1.107857986934185
203521,Matthew Dellavedova,7,2014,2020,38159.0,0.7043527001247937,-0.0050146988319342625,-0.709367398956728,1.0107617927861714
1882,Elton Brand,15,2000,2015,134414.0,0.6966540429531128,0.937970533575506,0.24131649062239297,1.7727638702116233
200758,Ronnie Brewer,7,2007,2013,47087.0,0.6922288575892597,-0.07477380609267872,-0.7670026636819384,1.1396912075795802
727,Eric Snow,11,1997,2007,92996.0,0.6771012297768172,-0.3827203121154796,-1.059821541892297,1.4618490546650023
948,Marcus Camby,16,1997,2012,117449.0,0.6765652142982911,0.07990873978315709,-0.5966564745151339,2.5553438556673878
101150,Lou Williams,16,2007,2022,115552.0,0.6765084780676001,1.5487670452580207,0.8722585671904205,1.776844272675536
2224,Jamaal Tinsley,10,2002,2013,58830.0,0.6761951762716152,0.15560234830448771,-0.5205928279671276,1.314502685265447
1749,Cuttino Mobley,10,1999,2008,106488.0,0.6716485228824466,0.8006411261557798,0.12899260327333326,1.120185136454331
980,Zydrunas Ilgauskas,12,1998,2011,92682.0,0.6673657339882166,0.2904458800510169,-0.37691985393719957,1.9437516539730761
2246,Mehmet Okur,9,2003,2012,75137.0,0.6571104657287699,0.9227423894886368,0.26563192375986683,0.9788669210975506
2229,Mike James,8,2003,2013,54346.0,0.6569902498609457,0.566835216041801,-0.09015503381914479,1.955587010367651
101141,Ersan Ilyasova,12,2007,2020,78860.0,0.6566973256012154,0.6217636973705191,-0.03493362823069644,1.3554534542233214
101115,Andrew Bynum,7,2007,2014,46340.0,0.6527242733249562,-0.07702468986038861,-0.729748963185345,2.429085406962273
1800,Damon Jones,9,2000,2008,53925.0,0.652383415603595,1.25239003387119,0.6000066182675948,0.952145304464741
2567,Brian Cook,6,2004,2011,20351.0,0.6511603756587703,0.7192467914703731,0.06808641581160273,0.9697105523258751
1517,Bobby Jackson,12,1998,2009,68521.0,0.6457619868445534,0.07351632083961275,-0.5722456660049408,1.914654165957267
1904,Devean George,10,2000,2010,49067.0,0.6326350446195841,-0.11479602954295448,-0.7474310741625388,1.0617567634797616
1627749,Dejounte Murray,7,2017,2024,58707.0,0.6325995761326816,0.7591005955314585,0.12650101939877678,1.2429907822525597
363,Christian Laettner,9,1997,2005,60025.0,0.6198583644419313,0.42377927054088055,-0.19607909390105072,1.5693867389294027
950,Stephon Marbury,13,1997,2009,125638.0,0.6189633183793605,1.568705877138058,0.9497425587586973,1.4111811315052958
349,Mark Jackson,8,1997,2004,67172.0,0.6153402448448659,0.6315865564941043,0.016246311649238322,4.172349750253498
101109,Raymond Felton,13,2006,2019,113458.0,0.609611012622814,0.5786154340875247,-0.03099557853528939,1.388437519756579
101139,CJ Miles,12,2008,2019,68438.0,0.6032650548792612,0.43731302920555176,-0.16595202567370926,1.2537824554184105
1559,Adrian Griffin,6,2000,2007,30229.0,0.6013060617006776,0.2108227533946954,-0.3904833083059823,0.9982233950904001
1628467,Maxi Kleber,7,2018,2024,40443.0,0.5992682494959914,-0.21545034251621067,-0.8147185920122022,0.9550179164235253
2250,Bobby Simmons,7,2004,2012,41266.0,0.5990924583805994,0.3637399309775726,-0.23535252740302698,0.857798489625282
2746,Josh Smith,12,2005,2016,119115.0,0.5944018142180364,-0.08525290643182445,-0.6796547206498608,1.6365019992384056
201978,Chase Budinger,7,2010,2016,31434.0,0.5907507849905042,0.668120147536724,0.07736936254621961,1.1896997319395666
2405,Amar'e Stoudemire,13,2003,2016,111716.0,0.584616564780668,1.5451980228906501,0.9605814581099821,1.4897522534195693
213,Antonio Davis,10,1997,2006,85683.0,0.5837285711076071,-0.07182896966147374,-0.6555575407690808,2.4310131592999427
281,Scott Williams,7,1997,2004,29274.0,0.5779222227160059,-0.21293756250930612,-0.7908597852253119,2.3872866110791815
84,Latrell Sprewell,9,1997,2005,95541.0,0.5751511353810571,0.5576406564933329,-0.017510478887724168,1.5152649215071463
202357,Nemanja Bjelica,7,2016,2022,38363.0,0.571318504924427,0.5071356468638322,-0.06418285806059486,1.652771410195571
696,Travis Best,9,1997,2005,58112.0,0.5664650174951547,0.012150795557079451,-0.5543142219380752,0.9400123529893007
1501,Tim Thomas,12,1998,2009,86078.0,0.5647584109151401,0.8119210498480398,0.24716263893289966,1.1956341951626486
200765,Rajon Rondo,16,2007,2022,129682.0,0.5611239753472126,0.10457785765954097,-0.4565461176876715,1.6029285135716684
101135,David Lee,12,2006,2017,97822.0,0.5550072225023631,1.0662737953125205,0.5112665728101577,1.1562189786618655
299,Glenn Robinson,8,1997,2004,75815.0,0.5518169260606449,1.4157948572243408,0.8639779311636959,0.8279848144613365
1629680,Matisse Thybulle,5,2020,2024,30005.0,0.5501715563187698,-0.452534031641227,-1.0027055879599966,0.9027591718710222
1629011,Mitchell Robinson,6,2019,2024,32525.0,0.549365278633217,0.592687952868686,0.043322674235468976,1.465012342882267
2060,Marko Jaric,7,2003,2009,42355.0,0.5472389471112362,0.17062566691110942,-0.37661328020012685,0.7384994659088162
201627,Anthony Morrow,8,2009,2017,47210.0,0.5378152617887891,0.9476378890584282,0.409822627269639,0.9388662289476538
202702,Kenneth Faried,8,2012,2019,48237.0,0.5344770004168969,1.65983933865554,1.1253623382386433,1.0280905543080658
422,Avery Johnson,8,1997,2004,53875.0,0.5340646852531028,0.1332354726654532,-0.4008292125876497,3.7482032765542566
1627863,Danuel House Jr.,7,2018,2024,28358.0,0.5241619632689679,0.37298885334718285,-0.15117310992178506,0.710678231077149
202685,Jonas Valanciunas,12,2013,2024,94193.0,0.5231894814281879,0.9164899286446105,0.39330044721642266,1.2280364652091094
203915,Spencer Dinwiddie,8,2015,2024,63163.0,0.5190213078096585,0.7294851008431843,0.2104637930335256,0.901409854954828
202322,John Wall,11,2011,2023,95773.0,0.5176642471762557,0.5326012916240195,0.014937044447763836,1.4587059107646099
1496,Keith Van Horn,9,1998,2006,75148.0,0.5109810258386066,1.1645929575816145,0.653611931743008,0.933742235332794
677,Eric Williams,8,1997,2005,55525.0,0.5063714991854088,-0.20774385314196278,-0.7141153523273717,0.9750021579812973
201229,Anthony Tolliver,11,2010,2020,55962.0,0.5043215865525642,0.38013973163795123,-0.12418185491461291,1.5334830536522719
1712,Antawn Jamison,15,1999,2013,151810.0,0.4970152155610215,1.6918115749006182,1.1947963593395965,1.7918918768593441
201601,Luc Mbah a Moute,10,2009,2018,64708.0,0.49666632813198525,-0.747296868758307,-1.2439631968902922,1.0630053382541802
1723,Matt Harpring,10,1999,2009,69620.0,0.4946607242563703,0.7443065166311589,0.2496457923747887,0.9898552756215615
954,Kerry Kittles,7,1997,2004,70994.0,0.4906567858163051,0.3686757512170904,-0.1219810345992147,0.8874621529123872
2575,Luke Walton,8,2004,2013,39578.0,0.48619320963589996,0.19387260423095434,-0.2923206054049457,0.8064361005166222
201148,Brandan Wright,7,2008,2017,23847.0,0.48409886936645563,0.6505334520539724,0.16643458268751668,1.0740722900923387
757,Damon Stoudamire,12,1997,2008,103411.0,0.4834057485316185,0.8440250801715871,0.3606193316399685,1.1006635208711941
915,Rodney Rogers,9,1997,2005,68319.0,0.4811975498107808,0.6174014353838726,0.1362038855730917,1.2214129172035624
1628368,De'Aaron Fox,7,2018,2024,65839.0,0.4712467306997996,1.3418953095588455,0.8706485788590458,1.6069790816628287
2592,James Jones,11,2005,2017,46788.0,0.4698203718162351,0.38021560348323213,-0.08960476833300283,1.2402236469373142
200752,Rudy Gay,17,2007,2023,137945.0,0.46791714735237727,0.4680178095647828,0.00010066221240553827,1.6561246761548505
201177,Josh McRoberts,6,2010,2016,29445.0,0.46715641385040024,0.5402093321856194,0.0730529183352193,0.7120957010734672
283,Lindsey Hunter,11,1997,2007,71690.0,0.46590974567591537,0.04277442975791713,-0.42313531591799824,1.3088346760525007
1719,Bonzi Wells,9,2000,2008,60743.0,0.4632358273212865,0.2782320611275489,-0.18500376619373754,0.7974233835119665
1627742,Brandon Ingram,8,2017,2024,66450.0,0.46164796607638015,0.6834478740087551,0.22179990793237472,2.0623828947854523
238,Tyrone Hill,7,1997,2003,51035.0,0.45167083597451757,-0.22782563289241575,-0.6794964688669334,1.9040655295427578
201579,Roy Hibbert,9,2009,2017,69559.0,0.4470298434981241,-0.15470234314514633,-0.6017321866432704,0.8062947964676023
70,Steve Kerr,6,1997,2003,26541.0,0.4438403462318025,-0.07417821823783602,-0.5180185644696385,2.863692756675201
1629661,Cameron Johnson,5,2020,2024,33028.0,0.4399859835793625,0.09892691427890103,-0.34105906930046154,0.6023878320113248
2772,Trevor Ariza,18,2005,2022,142962.0,0.4380019775974262,-0.0231139222698192,-0.4611158998672455,1.6715064595355722
203914,Gary Harris,10,2015,2024,68124.0,0.43610695294783114,0.5291206132538078,0.09301366030597641,1.2918554435157281
1629013,Landry Shamet,6,2019,2024,35917.0,0.43522058323346785,0.4097106713706449,-0.025509911862822986,1.1192352600070514
911,Ervin Johnson,8,1997,2004,56512.0,0.4339912309236729,0.009246798184738374,-0.4247444327389346,2.1152980399136463
2072,Michael Redd,10,2002,2012,78023.0,0.43260835890282745,1.8530530578892752,1.4204446989864479,0.857894349227463
200789,Daniel Gibson,7,2007,2013,38299.0,0.43239410517549637,0.17616287485854915,-0.25623123031694717,1.308895002151462
1628366,Lonzo Ball,5,2018,2022,34405.0,0.4310163403517826,-0.4865885966244387,-0.9176049369762213,2.1253000371768067
2420,Nenad Krstic,7,2005,2011,42771.0,0.42924679321682135,0.1303277434488683,-0.2989190497679529,1.3471972280476123
203107,Tomas Satoransky,6,2017,2022,35413.0,0.427351149679746,0.09302341080876605,-0.33432773887097994,0.5574273178962345
361,Clifford Robinson,11,1997,2007,105303.0,0.42196318112124925,0.30625234807988433,-0.11571083304136495,3.8814438376932667
1952,Raja Bell,10,2002,2012,81938.0,0.4185587697950354,0.11204083914933687,-0.30651793064569866,1.2164855366705576
1626166,Cameron Payne,8,2016,2024,32172.0,0.41356463969480745,0.18286699864790054,-0.23069764104690685,0.8818161648700666
258,Brian Grant,9,1997,2005,65584.0,0.41267301520391203,0.24448621300507517,-0.16818680219883675,1.0067601301690647
203925,Joe Harris,8,2015,2023,52879.0,0.4101234038825811,0.7087250423344967,0.2986016384519158,0.6571031867634253
1626145,Tyus Jones,9,2016,2024,52797.0,0.4025990626518211,0.5362723794847628,0.13367331683294176,1.0396094957676547
1506,Austin Croshere,9,2000,2008,45727.0,0.3991849527855693,0.3235646021045872,-0.07562035068098219,0.8259014167486647
201942,DeMar DeRozan,15,2010,2024,160831.0,0.3990779472696096,0.9253714790110218,0.5262935317414121,1.4112996084452951
101126,Nate Robinson,10,2006,2015,54990.0,0.3925063368131794,0.6067264197780948,0.21422008296491543,0.8621358835834202
1628991,Jaren Jackson Jr.,6,2019,2024,42074.0,0.39214048308784666,-0.10638559708872072,-0.49852608017656747,2.211825640202066
101145,Monta Ellis,12,2006,2017,121278.0,0.3843103021336637,0.7660111911154993,0.38170088898183585,1.088195409299421
722,Corliss Williamson,10,1997,2007,72523.0,0.3820375780233669,0.018931553914975002,-0.3631060241083918,0.8822026546460673
2732,Ben Gordon,10,2005,2015,81056.0,0.38136921527312295,0.7307420185570792,0.34937280328395626,0.8830842340940802
202326,DeMarcus Cousins,11,2011,2022,78755.0,0.37263391267328866,0.47495781137695137,0.10232389870366282,1.3586159857850721
1509,Kelvin Cato,8,1998,2005,39284.0,0.3704276210056366,-0.5078204422514893,-0.8782480632571258,0.6628242889093845
934,Derrick Coleman,8,1997,2004,53221.0,0.36801647691990413,-0.12396917787085807,-0.4919856547907622,2.7332315950915156
2248,Earl Watson,12,2002,2013,74818.0,0.36604013566838023,-0.12812037770994988,-0.49416051337833006,0.9915429045503882
203493,Reggie Bullock Jr.,10,2014,2024,52287.0,0.35620509398242983,0.11783773068768874,-0.2383673632947411,0.9847660754765416
202349,Greivis Vasquez,6,2011,2016,37090.0,0.3542607979569679,0.6111678368431017,0.2569070388861339,0.48589003024506483
203967,Dario Saric,7,2017,2024,46863.0,0.3364033441749618,0.6218926409123908,0.28548929673742907,0.750786006788526
2753,Delonte West,8,2005,2012,50935.0,0.33629146834990153,-0.48488730760152715,-0.8211787759514287,1.0050716817338106
1629162,Jordan McLaughlin,5,2020,2024,16414.0,0.3309202267661287,-0.2916803360907728,-0.6226005628569015,0.49354813497376804
1727,Pat Garrity,7,1999,2006,42370.0,0.32963876795067365,0.9415475547368894,0.6119087867862161,0.7153415958238715
21,Greg Anthony,6,1997,2002,30340.0,0.32899290249423757,-0.26061138514234716,-0.5896042876365848,1.5736871190879878
1629632,Coby White,5,2020,2024,42140.0,0.3264774554537129,1.023521122967003,0.6970436675132899,1.860468346050305
2049,Speedy Claxton,6,2002,2007,33470.0,0.3259812062677434,-0.46723583319829964,-0.7932170394660432,0.49062090532024893
1629638,Nickeil Alexander-Walker,5,2020,2024,24990.0,0.31899978116664107,0.06535818560256625,-0.2536415955640748,1.1813476842137651
686,Antonio McDyess,13,1997,2011,104209.0,0.314063356385763,0.04908984696832138,-0.2649735094174416,1.6662291818283121
445,Wesley Person,9,1997,2005,63854.0,0.31142223376429,0.5015459095630742,0.19012367579878417,0.932537848128426
2570,Kendrick Perkins,12,2005,2016,78076.0,0.30989169097462055,-0.673564259877296,-0.9834559508519165,0.9498206374010143
2407,Jared Jeffries,9,2004,2012,52004.0,0.3044247085513079,-0.15902632325806249,-0.4634510318093703,0.8380220528846402
201,Chris Dudley,5,1997,2001,18191.0,0.29988181552414056,-0.933821717688762,-1.233703533212903,2.6458959379786857
203471,Dennis Schroder,11,2014,2024,91329.0,0.29841212324820937,0.13374735332826437,-0.16466476991994503,0.9449264379828561
1498,Antonio Daniels,12,1998,2009,80645.0,0.2933772003768905,0.927935844887757,0.6345586445108665,1.0659912894646342
1629003,Shake Milton,5,2020,2024,24461.0,0.29193580898410565,0.31491659207619765,0.022980783092092043,0.6422605340321599
1721,Keon Clark,5,1999,2003,32254.0,0.28970167913569006,-0.33301787029483,-0.6227195494305201,0.39413749753668315
692,Andrew DeClercq,8,1997,2004,37427.0,0.28868438445796457,-0.2260365103233443,-0.5147208947813089,0.5919935614747872
1626192,Pat Connaughton,7,2018,2024,49555.0,0.27493786805532067,0.27829990409815797,0.003362036042837321,0.5519299077416859
201584,Courtney Lee,11,2009,2019,88527.0,0.27450595321665683,0.6133265058039457,0.33882055258728877,0.8249316910454255
393,Rod Strickland,8,1997,2004,60230.0,0.27331244495895224,0.6317744923378831,0.35846204737893095,2.360563319170274
1744,Jerome James,5,2002,2006,17669.0,0.2730013953434787,-0.5167448266853526,-0.7897462220288312,0.4177765927090791
202730,Lavoy Allen,6,2012,2017,27910.0,0.2679732363328579,-0.4197962969900911,-0.687769533322949,0.5457015969333395
375,Isaiah Rider,5,1997,2001,40781.0,0.2679019849706008,0.5846028054145248,0.316700820443924,0.39458363346239167
101142,Ronny Turiaf,7,2007,2014,31372.0,0.2655054445543856,0.14759284064158384,-0.1179126039128018,0.5244528348648719
248,George Lynch,9,1997,2005,57454.0,0.26211451439503447,-1.0608487329471994,-1.3229632473422337,1.0178689951634443
1629639,Tyler Herro,5,2020,2024,41501.0,0.26185689986247485,0.7138837872672001,0.45202688740472535,1.9313071908781816
101177,Fabricio Oberto,5,2006,2010,20949.0,0.25619922218512453,-0.15492786407624223,-0.41112708626136674,2.2022847413526647
203952,Andrew Wiggins,10,2015,2024,103699.0,0.2556390958835477,0.5579066759998955,0.30226758011634786,1.2182436451235426
203382,Aron Baynes,8,2014,2021,35889.0,0.2543991016564897,-0.5419614759884549,-0.7963605776449447,1.2139542814117528
202340,Avery Bradley,11,2012,2022,76934.0,0.25170246372212546,0.04327157003511767,-0.20843089368700773,0.846894219387227
2617,Udonis Haslem,12,2004,2015,89920.0,0.2505239817060824,-0.1650448598987186,-0.4155688416048012,0.9328062369490293
2740,Andris Biedrins,8,2006,2013,44346.0,0.24652453597350135,0.1642776656153683,-0.08224687035813301,1.566237717196351
1627814,Damion Lee,6,2018,2023,25851.0,0.24481463911726817,-0.11779406504188197,-0.3626087041591501,0.4519998546900567
1627826,Ivica Zubac,8,2017,2024,47502.0,0.24285929576980533,-0.24345825162466112,-0.4863175473944664,0.89692584924621
2427,Roger Mason Jr.,6,2007,2013,31539.0,0.2382641350582913,0.44520654729687476,0.20694241223858348,0.5729251398212442
2585,Zaza Pachulia,16,2004,2019,89223.0,0.22926472715399007,0.037317528951387145,-0.1919471982026029,1.3621152315501075
202324,Derrick Favors,12,2011,2022,77959.0,0.2282796171081899,-0.049355513250637424,-0.2776351303588273,1.3001726083459315
278,Stacey Augmon,9,1997,2005,37884.0,0.22625756190928728,-0.739689434390394,-0.9659469962996812,1.9163542301048162
1626196,Josh Richardson,9,2016,2024,65846.0,0.22558346329042156,0.10118647909172947,-0.12439698419869213,0.6426025970391309
1944,Eddie Robinson,5,2000,2004,21593.0,0.2218425955592727,0.49968246507726854,0.2778398695179959,0.4082238425404357
203501,Tim Hardaway Jr.,11,2014,2024,83835.0,0.22179129804233078,0.6906417208519419,0.4688504228096112,0.7778440713209108
2550,Kirk Hinrich,13,2004,2016,110723.0,0.2171185819996619,-0.3389122526906537,-0.5560308346903157,0.9815170411566875
1629655,Daniel Gafford,5,2020,2024,26695.0,0.21681584195139797,0.6070188187511292,0.39020297679973115,1.0537851863390053
89,Nick Van Exel,10,1997,2006,86061.0,0.21145515353741523,1.1996746098956224,0.9882194563582068,0.7965869110308695
2034,Mike Miller,16,2001,2016,111369.0,0.2113715096587155,0.7525360283479002,0.5411645186891846,1.1804857365706123
2210,Richard Jefferson,16,2002,2017,144730.0,0.2102010196156159,-0.04386542855278967,-0.2540664481684056,1.412108133780869
1629048,Goga Bitadze,5,2020,2024,13194.0,0.20526350989073996,0.18902820073545867,-0.016235309155281347,1.713606536440217
1921,Gordan Giricek,6,2003,2008,35961.0,0.2005111217957608,-0.02920843350411305,-0.22971955529987387,0.41864592907184084
1628984,Devonte' Graham,5,2019,2023,32726.0,0.19974388671024873,0.3725274702748334,0.17278358356458473,0.3273436355258309
1627736,Malik Beasley,7,2018,2024,49216.0,0.19860691691454238,0.5213460146507318,0.3227390977361895,0.7775653394551213
2032,Darius Miles,6,2001,2006,43076.0,0.1956261351342486,-0.49401419811412633,-0.689640333248375,2.383010306973278
1630,Mikki Moore,8,2000,2010,38414.0,0.19469871856069015,0.055857055916050544,-0.13884166264463965,1.2275178410740804
1626204,Larry Nance Jr.,9,2016,2024,50859.0,0.19328000303182669,-0.42954088328041723,-0.6228208863122439,0.5602900478517828
200826,J.J. Barea,13,2008,2020,66378.0,0.19263351926468197,0.3684591254280789,0.17582560616339696,1.1619008324211513
452,Vin Baker,8,1997,2004,63495.0,0.18937553786762595,0.6433680121459007,0.45399247427827466,0.5029592098923161
201574,Jason Thompson,8,2009,2016,58247.0,0.18933128199062996,0.6524420117027188,0.46311072971208883,0.6843955754750946
275,Allan Houston,9,1997,2005,89563.0,0.1882361190604743,-0.06524648973285675,-0.2534826087933311,0.8005510589432803
1626158,Richaun Holmes,8,2016,2024,34893.0,0.17880918904650084,0.36848629604129457,0.18967710699479384,0.564364038253826
1626171,Bobby Portis,9,2016,2024,59777.0,0.17874265089905153,0.8904516313437228,0.7117089804446712,0.6747729106521891
203488,Mike Muscala,10,2015,2024,34296.0,0.1781816662744088,-0.043958247672739585,-0.22213991394714844,0.6343589397823974
201973,Jonas Jerebko,9,2010,2019,46136.0,0.17701887944148914,0.26392436094255894,0.08690548150106987,0.7291025699681144
1761,Greg Buckner,10,2000,2009,44038.0,0.1738753107683824,0.1483702755307079,-0.025505035237674487,0.5739647597954126
2047,Quentin Richardson,12,2001,2012,83169.0,0.17179817007232553,0.3056857771765544,0.1338876071042289,0.7877019237096633
1628960,Grayson Allen,6,2019,2024,38714.0,0.16654342004441675,0.3582222047337772,0.19167878468936056,0.31702323477910216
202694,Marcus Morris Sr.,12,2013,2024,96193.0,0.16414540594135194,0.577753173279309,0.4136077673379571,0.7892579079511732
202693,Markieff Morris,11,2012,2023,75491.0,0.16409314029976352,-0.07426567809971416,-0.2383588183994776,0.6117055980905148
201952,Jeff Teague,12,2010,2021,96466.0,0.16092224924227924,0.3227280338844347,0.16180578464215542,0.6486254244696383
1899,James Posey,12,2000,2011,94231.0,0.15873456161703928,-0.27928826776879684,-0.438022829385836,0.8224920399929968
203083,Andre Drummond,12,2013,2024,94774.0,0.1558680860718885,0.5618203071248802,0.40595222105299156,1.30209106007609
203894,Shabazz Napier,6,2015,2020,24457.0,0.15254996133209653,-0.2168735538365173,-0.3694235151686139,0.39872846515097826
2571,Leandro Barbosa,13,2004,2017,80343.0,0.1458431839989307,0.8573251438214307,0.7114819598225001,0.9976205084463599
202709,Cory Joseph,11,2013,2023,72726.0,0.14560908846305579,-0.17326070823322826,-0.31886979669628407,0.6062929435381738
2757,Beno Udrih,13,2005,2017,72461.0,0.14427890266748647,0.12362099090277412,-0.020657911764712378,0.7152180543529935
693,Joe Smith,14,1997,2010,96136.0,0.14237397852858946,0.07209122964795783,-0.07028274888063162,1.0499977253527837
201577,Robin Lopez,14,2009,2022,84714.0,0.1377184228772974,-0.11130622059939392,-0.24902464347669134,0.8055301896029781
1628975,Jevon Carter,6,2019,2024,25295.0,0.13424011301533362,-0.6933830364449887,-0.8276231494603224,0.34969469794378605
2768,Chris Duhon,9,2005,2013,62644.0,0.13370232790805614,-0.22068180329881174,-0.35438413120686785,0.6313071982847352
2733,Shaun Livingston,13,2005,2019,75432.0,0.12365278625508412,-0.17564959234361197,-0.2993023785986962,1.1950175400810759
201954,Darren Collison,10,2010,2019,85778.0,0.12361908502863729,0.7555054615311109,0.6318863765024735,0.6332854509822503
1627777,Georges Niang,6,2019,2024,33900.0,0.1176094003895045,0.39165181178061764,0.2740424113911131,0.4825986508018696
203079,Dion Waiters,7,2013,2019,47577.0,0.11725877775381799,0.30352045207449174,0.1862616743206738,0.9978419594830416
2568,Carlos Delfino,8,2005,2013,46313.0,0.1133316634960536,0.060593735724047776,-0.05273792777200586,0.44562286328702594
203486,Mason Plumlee,11,2014,2024,74228.0,0.10063355667349129,0.6078186816689555,0.5071851249954641,0.7809339647653663
2449,Luis Scola,10,2008,2017,77283.0,0.0942513637186084,-0.0028311159658901226,-0.09708247968449847,1.7004458407380163
203524,Solomon Hill,6,2015,2021,38233.0,0.09295630351758227,0.18120694362298378,0.08825064010540155,0.38257002841576815
1629006,Josh Okogie,6,2019,2024,31612.0,0.08583169155993478,-0.3242445029209857,-0.4100761944809205,1.6959853876404325
101129,Luther Head,6,2006,2011,30131.0,0.08420542929121741,-0.4861412362277785,-0.5703466655189959,0.554989059462018
990,Malik Rose,13,1997,2009,56324.0,0.08391156258571439,-0.4348079623139037,-0.5187195248996177,0.6017302498357352
201202,Joel Anthony,7,2008,2015,28847.0,0.08317013988034959,-0.6215062075661063,-0.7046763474464559,0.2874659102896478
2223,Samuel Dalembert,12,2004,2015,83791.0,0.06184540831589076,-0.2744475221211624,-0.3362929304370531,0.7593151733888713
2430,Carlos Boozer,13,2003,2015,114387.0,0.05812025218598078,0.7818759874213662,0.7237557352353854,0.8131121435384151
2581,Steve Blake,13,2004,2016,82978.0,0.057488641720019114,0.25253265867622876,0.19504401695620963,1.1345248676433037
203084,Harrison Barnes,12,2013,2024,126257.0,0.056882303526467594,0.04781473722552964,-0.009067566300937961,0.7639344453035184
690,Don Reid,6,1997,2002,16938.0,0.05608429707518655,-0.41887168973602606,-0.4749559868112126,0.3338626382196343
956,Erick Dampier,15,1997,2011,95249.0,0.053600018392109185,-0.32528934700334244,-0.3788893653954518,1.0438728602475067
201147,Corey Brewer,11,2008,2019,78739.0,0.05187281706103678,0.04883901396499747,-0.003033803096039297,0.570317469322332
1629631,De'Andre Hunter,5,2020,2024,36339.0,0.0511279942961689,0.3859852150944765,0.33485722079830754,0.6739393279887833
202391,Jeremy Lin,7,2012,2019,50113.0,0.04339577794874864,-0.2705287665120507,-0.31392454446079937,0.347876926712904
365,Derrick McKey,6,1997,2002,23219.0,0.0389946141801368,-0.1847929993559156,-0.22378761353605237,1.6779068031326858
202700,Donatas Motiejunas,5,2013,2017,18733.0,0.038910138651641175,-0.2718823794453533,-0.31079251809699454,0.6770207777123733
2755,Kevin Martin,12,2005,2016,87412.0,0.033351136673257835,1.2310290482263118,1.197677911553054,0.6004851160335868
1627747,Caris LeVert,8,2017,2024,55344.0,0.029233027335350804,0.3247860147307634,0.2955529873954126,0.427625670904876
1510,Brevin Knight,12,1998,2009,71120.0,0.02802102892650534,-0.5783480949091986,-0.6063691238357037,0.7546166148262924
101187,Alan Anderson,5,2006,2015,24417.0,0.02297686001104594,-0.41431507505294696,-0.4372919350639929,0.9383805465406222
1629684,Grant Williams,5,2020,2024,37891.0,0.02040188746626161,0.18163453225154702,0.16123264478528535,0.9366812020702393
2058,Mark Madsen,7,2001,2007,20711.0,0.016553401786898677,-0.18009343116638948,-0.19664683295328816,0.23058605800394186
201155,Rodney Stuckey,10,2008,2017,69283.0,0.012335160834850494,0.22793443989256648,0.215599279057716,0.4657850350830165
101132,Linas Kleiza,6,2006,2012,32875.0,0.009498211057108701,0.08495636815603937,0.07545815709893067,0.8176675226548172
1629023,P.J. Washington,5,2020,2024,41774.0,0.007095231061583596,0.015042218043717437,0.007946986982133857,1.0094622832585478
2605,Marquis Daniels,10,2004,2013,48125.0,0.006477735621577902,-0.49247079649108194,-0.4989485321126597,0.43679864920208733
202389,Timofey Mozgov,7,2011,2018,33843.0,8.297477435582772e-05,-0.49772472683901253,-0.49780770161336835,0.21652492489162964
2429,Dan Gadzuric,9,2003,2011,30246.0,-0.0036077238796049797,0.10667570057119712,0.11028342445080211,0.3876670451562572
1627741,Buddy Hield,8,2017,2024,75759.0,-0.00457865454770521,0.7937000327386884,0.7982786872863935,0.2985001956593246
1629028,Deandre Ayton,6,2019,2024,50934.0,-0.0070965629376795875,0.2328699882214301,0.23996655115910964,1.3791385436675545
202683,Enes Freedom,11,2012,2022,67749.0,-0.008713956290763297,1.067952319586534,1.0766662758772974,0.7102117107964645
891,Charles Oakley,7,1997,2003,57968.0,-0.009620282657352952,-0.9107942692000198,-0.9011739865426669,3.8955243006345426
2038,Joel Przybilla,10,2002,2012,41148.0,-0.010750361725219797,-0.6331615650465189,-0.6224112033212991,0.4223961811083893
202362,Lance Stephenson,9,2012,2022,55464.0,-0.011529913135773232,0.18849058873630853,0.20002050187208173,0.7193774838124783
1733,Al Harrington,14,2000,2014,111362.0,-0.013996587121088927,0.17195817326997584,0.18595476039106482,0.7103811384416855
203118,Mike Scott,8,2013,2021,39804.0,-0.014947619084519399,-0.18253678250538347,-0.1675891634208641,0.4103758145402562
2406,Caron Butler,13,2003,2015,114480.0,-0.017689098136484914,0.4380356737643727,0.45572477190085764,0.8213543846743232
203141,Mirza Teletovic,5,2013,2017,23105.0,-0.02909815930908715,0.5256392810279071,0.5547374403369942,0.3521121748966418
446,Lucious Harris,9,1997,2005,48957.0,-0.0328341109896008,-0.3331547524104978,-0.30032064142089704,0.9571172183986107
203585,Rodney McGruder,5,2017,2023,23243.0,-0.04026364290774033,0.0619439334876013,0.10220757639534161,0.19865428248302416
1626168,Trey Lyles,8,2016,2024,41889.0,-0.04251635280093809,0.16522847628757212,0.2077448290885103,0.948701815442852
970,Othella Harrington,10,1997,2006,52273.0,-0.04321553558041832,-0.37102803834430786,-0.3278125027638896,0.3260834891494687
201228,C.J. Watson,9,2009,2017,49112.0,-0.04631523013078264,-0.31394685538112094,-0.26763162525033823,0.43639238998594654
702,Voshon Lenard,8,1997,2006,59078.0,-0.04684590607683732,0.3669895382953366,0.413835444372174,0.37617633757589475
202692,Alec Burks,13,2012,2024,67480.0,-0.051916044924363615,0.16035767530009784,0.21227372022446148,0.7853679184545149
1000,Shandon Anderson,10,1997,2006,64803.0,-0.052304709218330324,-0.07815110931951157,-0.025846400101181225,0.3225012588785744
164,Chris Childs,6,1997,2002,44032.0,-0.05688181422927718,-1.2797391444655,-1.222857330236223,1.1811289250686663
2046,Desmond Mason,9,2001,2009,76356.0,-0.06484391972925498,0.2568541088124204,0.3216980285416754,0.2432603237966535
204456,T.J. McConnell,9,2016,2024,57542.0,-0.06789909780918221,0.19174212663158388,0.25964122444076615,0.328595367610011
201971,DeJuan Blair,5,2010,2014,27581.0,-0.06845461896318315,0.08717924792678752,0.15563386688997072,1.1051572983982054
101179,Ronnie Price,9,2007,2016,26563.0,-0.0726588931803569,-0.7444262983906826,-0.6717674052103257,0.6326886126314507
711,Jerry Stackhouse,14,1997,2013,112727.0,-0.07515019989114903,0.21716150431024872,0.2923117042013977,0.7692928642410594
1626195,Willy Hernangomez,7,2017,2023,21257.0,-0.07669674538830266,0.4106599114543194,0.48735665684262214,0.2841839896433132
697,Fred Hoiberg,8,1997,2005,38378.0,-0.07674708436657869,-0.1519351537836744,-0.0751880694170957,0.4231129412009659
1628976,Wendell Carter Jr.,6,2019,2024,35479.0,-0.08108480174607322,-0.979544980893559,-0.8984601791474859,1.203036070120894
1626178,Rondae Hollis-Jefferson,5,2016,2020,28170.0,-0.08189344351155077,-0.3730055731733505,-0.2911121296617998,0.9209655295255782
1627884,Derrick Jones Jr.,7,2017,2024,33500.0,-0.08519076063575717,-0.43360862129419686,-0.3484178606584397,0.6174012065679803
1629004,Svi Mykhailiuk,6,2019,2024,19027.0,-0.0887905055268137,-0.0605035577916744,0.028286947735139317,0.509418314717562
1626163,Frank Kaminsky,6,2016,2021,32102.0,-0.09271362244904148,0.31784150112477383,0.4105551235738152,0.32002851843127855
1628381,John Collins,7,2018,2024,55483.0,-0.09531635534632216,0.4045815399952556,0.49989789534157786,1.0504555043334407
2205,DeSagana Diop,6,2003,2009,28078.0,-0.09858191528891154,-0.7712920931367537,-0.672710177847842,0.5258390273258462
202397,Ish Smith,13,2011,2024,63098.0,-0.10056810606529357,-0.005165880103279127,0.09540222596201459,0.6489204289938102
339,Tom Gugliotta,9,1997,2005,49243.0,-0.10662839015486263,-0.22624944637532507,-0.11962105622046237,0.7009161084852141
1626181,Norman Powell,9,2016,2024,59566.0,-0.11866727657325035,0.039751604247718626,0.15841888082096905,0.23724708720503818
201962,Toney Douglas,7,2010,2017,29668.0,-0.1273440004544891,0.5673423252362139,0.694686325690703,0.15905797091415247
983,Moochie Norris,6,2000,2006,25802.0,-0.13358170466561345,0.06706386218180137,0.2006455668474149,0.07530632240578684
2590,Mo Williams,13,2004,2016,96376.0,-0.1367429939526612,0.2361205837317825,0.37286357768444384,0.500851788007879
202328,Greg Monroe,9,2011,2019,68585.0,-0.14178537266053176,0.5834206993920511,0.7252060720525827,0.5571393119666773
383,Kendall Gill,8,1997,2004,61059.0,-0.14471737520100048,-0.25555092470190527,-0.11083354950090497,1.4939269524374554
209,Dell Curry,6,1997,2002,27596.0,-0.14606220203486545,0.3137342031045186,0.459796405139384,3.5669244955803325
2260,Jarron Collins,7,2002,2008,29934.0,-0.15133808565202805,-0.8989576710516487,-0.7476195853996206,0.13839623347482333
2551,T.J. Ford,7,2004,2011,47085.0,-0.153993272189109,-0.3439324497350491,-0.18993917754594014,0.45884552574403226
193,Anthony Mason,6,1997,2003,70476.0,-0.15777833147146877,0.1573039336243911,0.31508226509585985,2.0171388980602285
1088,Chucky Atkins,10,2000,2010,68161.0,-0.1638915221250866,0.40838714391813025,0.572278666043217,0.41282309198488676
1626161,Willie Cauley-Stein,6,2016,2021,37216.0,-0.16404044334923704,-0.2985170838955993,-0.13447664054636224,0.3932885330776578
1032,Darvin Ham,6,1998,2004,18837.0,-0.1660106458914062,-1.0121226672436103,-0.8461120213522043,0.028546419704740617
133,David Wesley,10,1997,2006,104958.0,-0.16654264984936074,-0.2899677338433838,-0.12342508399402312,0.8984130336739073
384,Calbert Cheaney,9,1997,2006,58697.0,-0.16768165967322737,-0.0668164799160219,0.10086517975720546,0.45974292955344287
2586,Keith Bogans,9,2004,2013,57165.0,-0.1751369889756815,-0.10480963564819264,0.07032735332748881,0.29268524337021806
202336,Larry Sanders,5,2011,2015,18338.0,-0.17656240074644722,-1.5483467242391655,-1.3717843234927185,0.48735286625139507
145,Tracy Murray,6,1997,2002,29605.0,-0.18114980485979817,0.39579578327013565,0.5769455881299338,-0.04547315048097327
203920,Khem Birch,5,2018,2022,19842.0,-0.18449674395121438,-0.23430068043915492,-0.04980393648794054,-0.08231437166665558
202711,Bojan Bogdanovic,10,2015,2024,90037.0,-0.18620415576866853,0.6492147607577033,0.835418916526372,0.8309516510682264
203095,Evan Fournier,12,2013,2024,81281.0,-0.19887569745262162,0.3568216992843255,0.5556973967369471,0.43499534677594004
1626156,D'Angelo Russell,9,2016,2024,75800.0,-0.19995106239586988,0.5720282773626251,0.771979339758495,0.6852814858884104
2063,Jake Voskuhl,6,2002,2008,22422.0,-0.20054150525678843,-0.4114980687873343,-0.21095656353054587,0.021342603012184977
203944,Julius Randle,9,2016,2024,85040.0,-0.2045445556656819,0.3359313537457782,0.54047590941146,0.4015142161782047
201956,Omri Casspi,10,2010,2019,48056.0,-0.20985540462745467,-0.1026494931293733,0.10720591149808134,0.3296832834514268
962,Walter McCarty,8,1998,2005,41115.0,-0.22209358399976467,-0.3888307756192801,-0.16673719161951542,0.14825010559783874
1628971,Bruce Brown,6,2019,2024,46846.0,-0.22679223815852917,0.4013132483158524,0.6281054864743816,0.23243819600572488
2554,Mickael Pietrus,9,2004,2012,50958.0,-0.22780460738687366,-0.5738021534645324,-0.3459975460776588,0.12461212953088426
101133,Ian Mahinmi,10,2011,2020,42914.0,-0.22980924667592298,-1.0941304827141374,-0.8643212360382145,0.22625189782411903
2731,Emeka Okafor,10,2005,2018,72566.0,-0.23347014877961836,-0.5699921664575162,-0.33652201767789774,0.2656247283369133
1714,Robert Traylor,7,1999,2005,24327.0,-0.23599848346459235,-0.10470963638183316,0.13128884708275915,0.16696085558947912
922,Elden Campbell,9,1997,2005,60985.0,-0.2392211665751641,-0.5095063561465223,-0.2702851895713582,0.975800420861258
2404,Chris Wilcox,11,2003,2013,48083.0,-0.24064424261863457,0.12112477969340185,0.3617690223120364,0.5359460449407167
324,Anthony Peeler,9,1997,2005,60293.0,-0.24196213212850823,0.06602264144315223,0.3079847735716605,0.8700854999430072
202696,Nikola Vucevic,13,2012,2024,115200.0,-0.24303453109364012,-0.04697828751384509,0.19605624357979504,0.5311474147755232
201166,Aaron Brooks,9,2008,2017,53892.0,-0.2442985668304812,0.5097645179547055,0.7540630847851867,0.20989041893019242
1626174,Christian Wood,5,2020,2024,30017.0,-0.24797748464971248,0.3103282803904359,0.5583057650401485,-0.0881700259875412
15,Eric Piatkowski,9,1997,2005,46789.0,-0.2513213109101152,0.45438760513510074,0.7057089160452159,0.4658337142650856
1715,Jason Williams,11,1999,2010,96271.0,-0.2527219891271863,0.5358210051006339,0.7885429942278201,0.3722145373187428
201163,Wilson Chandler,11,2008,2020,82095.0,-0.2595547830383793,0.14675636716206525,0.40631115020044456,0.5121496087644299
1628373,Frank Ntilikina,5,2018,2023,21138.0,-0.25995261862734353,-0.9941278147928289,-0.7341751961654855,2.2698212587849027
2050,Morris Peterson,10,2001,2010,76036.0,-0.26039373107714014,0.31839225443260216,0.5787859855097423,0.10126080841712831
2756,Sasha Vujacic,9,2005,2017,37905.0,-0.26101343943341154,0.2457155058873083,0.5067289453207199,0.5074186721942596
2035,DerMarr Johnson,5,2001,2007,22455.0,-0.26234109779215814,-0.46321243643243326,-0.20087133864027523,0.7481102641297329
101131,Jason Maxiell,9,2007,2015,43702.0,-0.268315560133314,-0.05817847266642629,0.21013708746688758,0.08710936056536978
200811,Lou Amundson,5,2009,2015,19083.0,-0.27013486170904033,-0.6038915962428358,-0.3337567345337954,0.048013082010874
2408,Melvin Ely,5,2003,2008,18811.0,-0.27223053453082263,-0.4261025711449297,-0.15387203661410712,-0.14501116306597395
201975,Jodie Meeks,8,2010,2018,48122.0,-0.27314684876001877,0.34269641007764023,0.615843258837659,0.15963970745993566
2048,Jamaal Magloire,8,2001,2009,53095.0,-0.2738996768848514,-0.20249927741260076,0.07140039947225058,0.01028876577312254
101107,Marvin Williams,15,2006,2020,121136.0,-0.2745181485453826,-0.05138898571508851,0.223129162830294,0.8074371072570383
147,Jalen Rose,10,1997,2006,96925.0,-0.27514321692926275,0.28389580751974053,0.5590390244490033,0.2657691862815303
1627823,Juancho Hernangomez,6,2017,2023,20787.0,-0.2775610972976238,0.3014303657850866,0.5789914630827103,0.47778013360588123
761,Matt Geiger,5,1997,2001,25817.0,-0.28111521553322183,-0.08676609327864364,0.1943491222545783,-0.0048477884040034076
203516,James Ennis III,6,2015,2021,32339.0,-0.28370155124158486,0.09417798880185442,0.37787954004343927,-0.09283601364628592
1894,Corey Maggette,13,2000,2012,91135.0,-0.2868621462945293,0.3362856383114703,0.6231477846059994,0.46319984022408195
203124,Kyle O'Quinn,7,2013,2019,25263.0,-0.2888099448023119,0.03123754813582994,0.3200474929381419,-0.03446563808539539
1499,Tony Battie,12,1998,2011,68505.0,-0.28991688070157423,-0.9093663499654568,-0.6194494692638824,0.3504355062420126
203473,Dewayne Dedmon,9,2014,2023,35923.0,-0.2973339826485662,-0.4864414080715449,-0.1891074254229788,0.13126611066711893
923,Donyell Marshall,11,1997,2007,84949.0,-0.29813371331807437,0.10320683311841217,0.40134054643648653,0.4547802441404037
2243,Brian Scalabrine,8,2003,2010,24986.0,-0.30373342235298706,-0.5523812941952452,-0.24864787184225814,0.01509347298835954
203085,Austin Rivers,11,2013,2023,73088.0,-0.30525164217263945,0.252547727532392,0.5577993697050314,0.442281470996822
2039,Keyon Dooling,11,2001,2012,54325.0,-0.30592389715713403,-0.5514341524171038,-0.24551025525996975,0.27214913113090605
201585,Kosta Koufos,10,2009,2019,44785.0,-0.3064485870022293,-0.6944035272222019,-0.38795494021997257,0.14977828852759353
202337,Luke Babbitt,7,2012,2018,20375.0,-0.3069913441444524,0.2557523389140106,0.562743683058463,-0.0635660996383949
202734,E'Twaun Moore,9,2013,2021,50985.0,-0.30789572123522063,-0.17634569175694226,0.13155002947827835,0.037727669862103005
182,Billy Owens,5,1997,2001,26555.0,-0.30942181183412215,-0.7279129816672714,-0.41849116983314893,0.157749298330583
2501,Reggie Evans,12,2003,2015,60230.0,-0.3148061260555581,-0.3728029102760425,-0.05799678422048434,0.5715005517072518
203933,T.J. Warren,7,2015,2023,42738.0,-0.32130628510479253,0.31081070197069594,0.6321169870754884,0.32079478584747806
203918,Rodney Hood,8,2015,2022,46209.0,-0.325572975957168,0.015279016973370224,0.3408519929305383,0.14535013690688375
2037,Jamal Crawford,19,2001,2019,159040.0,-0.3272169571145541,0.7215084974189965,1.0487254545335505,1.5493191897710115
251,Sean Elliott,5,1997,2001,23884.0,-0.3291857481900441,-0.9225586333083764,-0.5933728851183323,0.6522291484425873
202684,Tristan Thompson,12,2012,2024,88080.0,-0.3298847554388809,0.2743823220896301,0.604267077528511,0.3209632583900244
960,Tony Delk,10,1997,2006,49439.0,-0.33520166974530324,-0.23429308806265997,0.10090858168264344,0.03659909903378156
146,Jud Buechler,6,1997,2002,18388.0,-0.34478102685574036,-1.0442393438722026,-0.6994583170164622,0.8862813192833998
682,Bob Sura,9,1997,2005,55737.0,-0.3515315718568631,-0.26718194942595386,0.08434962243090925,0.11381058404329836
2230,Maurice Evans,7,2005,2011,43538.0,-0.36022826430485005,-0.007376821461255055,0.35285144284359504,0.0947057070381259
2067,Eddie House,11,2001,2011,49347.0,-0.3605911702969208,-0.3201881282547161,0.040403042042204663,0.24311329076956123
203082,Terrence Ross,11,2013,2023,75099.0,-0.3626346304698087,0.32109918015809197,0.6837338106279007,0.1810403098246183
969,Travis Knight,5,1997,2002,16211.0,-0.36889810113610244,-0.5419195815970753,-0.17302148046097285,0.5146317702175018
200761,Shawne Williams,6,2007,2015,20766.0,-0.3760266476486687,0.12434018221683173,0.5003668298655004,0.2567426732997582
1720,Michael Doleac,9,1999,2007,33585.0,-0.3761736588519812,-0.4789439503616894,-0.10277029150970837,0.0858154859283209
200770,Jordan Farmar,9,2007,2016,42450.0,-0.38400309008346417,-0.5133080163109004,-0.12930492622743622,0.8262253640322429
1628021,David Nwaba,5,2017,2022,17668.0,-0.3930743231329417,-0.12030221533009723,0.2727721078028445,-0.2016337224645134
2054,Jake Tsakalidis,5,2001,2006,16925.0,-0.394320595602283,-0.9520555100177656,-0.5577349144154825,0.3863513066585089
203901,Elfrid Payton,8,2015,2022,54369.0,-0.39634230326587677,0.36079652479768104,0.7571388280635579,0.5065518832193979
201949,James Johnson,13,2010,2022,61648.0,-0.4128471189563206,-0.5537034322061168,-0.14085631324979628,0.5436107580440248
2624,Quinton Ross,6,2005,2010,31756.0,-0.42908144609722754,-1.0061105143247489,-0.5770290682275213,-0.24272672299443676
952,Antoine Walker,12,1997,2008,130877.0,-0.4475230050109761,0.23945819193380596,0.686981196944782,0.35437314295361233
101123,Gerald Green,10,2007,2019,51772.0,-0.44768104898093136,-0.14435779836827406,0.30332325061265725,0.399113053821012
201589,Darrell Arthur,8,2009,2017,35840.0,-0.4568230258099184,-1.315839725428757,-0.8590166996188386,0.19916119895574827
1627739,Kris Dunn,6,2017,2024,29990.0,-0.4619382783622336,-0.015581843877229223,0.4463564344850044,-0.026566666660334245
2748,Dorell Wright,8,2007,2015,47190.0,-0.4625692596063899,-0.3171035924589398,0.14546566714745007,0.046062629614016325
2294,Charlie Bell,5,2006,2010,35691.0,-0.46472899812723617,-0.2885661052774428,0.1761628928497933,-0.14993373354640716
2306,Carlos Arroyo,7,2004,2011,38047.0,-0.4677197133624501,-0.3456210928080323,0.12209862055441788,-0.13128184365068826
101138,Brandon Bass,10,2008,2017,66513.0,-0.4678108630839457,-0.37214849786363396,0.09566236522031171,-0.08831202678417814
203504,Trey Burke,9,2014,2022,41319.0,-0.47769739417365753,0.46215131653759456,0.939848710711252,0.4851661779320466
203476,Gorgui Dieng,9,2014,2022,49405.0,-0.4789637188693332,-0.5821960418941545,-0.1032323230248213,-0.23328359776865523
201158,Marco Belinelli,12,2009,2020,81271.0,-0.4800860008456041,0.24743834018716668,0.7275243410327709,0.23783684579805817
1628970,Miles Bridges,5,2019,2024,45134.0,-0.48318749223754864,0.5841322768738446,1.0673197691113934,0.4370352247681526
204038,Langston Galloway,7,2015,2021,39114.0,-0.4849578644760444,-0.408709489918297,0.07624837455774745,-0.18230265909726923
1065,Erick Strickland,9,1997,2005,40155.0,-0.4917669189639569,-0.6399823210664254,-0.14821540210246853,-0.17125316266164206
1628365,Markelle Fultz,5,2019,2024,23259.0,-0.49391731121473237,-0.40492835546229766,0.08898895575243469,0.3670920987329365
201167,Arron Afflalo,11,2008,2018,82903.0,-0.4955807217485547,0.05167010030267664,0.5472508220512313,-0.0764501731457591
1628380,Zach Collins,5,2018,2024,25640.0,-0.5079246542079446,-0.2611704510890529,0.24675420311889185,0.6831455591357569
201175,Glen Davis,8,2008,2015,47242.0,-0.5151451853302808,-0.8679855165897209,-0.3528403312594402,-0.09101314372915521
1504,Danny Fortson,6,1998,2005,31162.0,-0.5175273250835881,0.14516556094066815,0.6626928860242564,0.08688970168461732
1563,Kevin Ollie,8,1998,2009,35104.0,-0.5313558444975932,-0.9475146299003843,-0.41615878540279094,0.6467081375996664
1628977,Hamidou Diallo,5,2019,2023,20431.0,-0.5318378372903627,-0.8815263158360359,-0.3496884785456732,0.9274580449747466
1541,Alvin Williams,7,1998,2004,49781.0,-0.5337533299485818,-0.07433158546787791,0.45942174448070383,-0.344554612864247
201936,Tyreke Evans,10,2010,2019,71751.0,-0.5353906629249611,-0.06006765405506429,0.4753230088698967,0.5488647019174366
1716,Larry Hughes,12,1999,2010,92581.0,-0.5366190023776891,-0.1933882692206752,0.343230733157014,0.20997581364177764
1629060,Rui Hachimura,5,2020,2024,34273.0,-0.5370579263275511,-0.1656533327863882,0.37140459354116295,0.09638780037305024
2436,Flip Murray,7,2004,2010,45390.0,-0.5392582497590841,-0.33083250022084604,0.20842574953823786,-0.2958563769119489
754,Jim Jackson,10,1997,2006,81494.0,-0.5432283702871946,-0.664795258253359,-0.12156688796616442,0.41749505130703257
101181,Jose Calderon,14,2006,2019,93157.0,-0.5433415766258091,0.5240973311976344,1.0674389078234434,0.5617309873727598
1627854,Bryn Forbes,5,2018,2022,35194.0,-0.5456613196470428,0.18561504717858246,0.7312763668256252,-0.3662091751777384
202714,Shelvin Mack,8,2012,2019,33950.0,-0.5480665659900571,-0.44857488115306804,0.09949168483698907,-0.20305436906031946
3,Grant Long,7,1997,2003,31548.0,-0.5599272699224911,-1.422987838393169,-0.8630605684706776,2.3045237004343226
2562,Sasha Pavlovic,9,2004,2013,35191.0,-0.5666702861649913,-1.0836974796439294,-0.517027193478938,0.45152081507547326
202708,Norris Cole,5,2012,2016,33808.0,-0.5700518571562082,-0.41127650571261315,0.1587753514435949,-0.2295156910494556
202066,Garrett Temple,10,2013,2022,58154.0,-0.5743930984766702,-0.9737445947028525,-0.3993514962261822,1.1241427493439224
203210,JaMychal Green,8,2016,2023,46679.0,-0.5835450309342696,-0.34928334997067834,0.23426168096359115,-0.07518358501898152
2744,Al Jefferson,14,2005,2018,102135.0,-0.5862868726152066,0.25169270732706334,0.8379795799422701,0.12446726629220355
1629642,Nassir Little,5,2020,2024,15257.0,-0.5868337809064358,0.16126367330243113,0.7480974542088669,1.0110658098632201
958,Vitaly Potapenko,7,1997,2004,39685.0,-0.5877987633211967,-0.95131191882515,-0.3635131555039535,-0.14259374275038664
1628398,Kyle Kuzma,7,2018,2024,64369.0,-0.5910268443834531,-0.3959613035112112,0.19506554087224182,-0.09783904053167294
137,Vernon Maxwell,5,1997,2001,21111.0,-0.5943608213462668,-0.6025864505958848,-0.008225629249618048,1.2446744098529372
201943,Brandon Jennings,8,2010,2017,67159.0,-0.6004753365449005,0.01661714194280347,0.6170924784877039,0.6348632568844038
344,Dana Barros,6,1997,2002,24799.0,-0.6059873792523897,-0.49818518760956804,0.1078021916428216,1.0706862056940463
202344,Trevor Booker,8,2011,2018,43118.0,-0.6129798380582301,-0.1436798015252595,0.4693000365329706,-0.3298129092752634
2457,Jannero Pargo,9,2003,2013,29198.0,-0.6211669219747604,-0.8773067744109239,-0.25613985243616344,-0.17781208999816472
203903,Jordan Clarkson,10,2015,2024,84131.0,-0.6255427108789198,0.48795998520107814,1.113502696079998,-0.17953273830749045
203200,Justin Holiday,10,2015,2024,64488.0,-0.629116534077903,-0.5530162137662058,0.07610032031169726,0.37895602555070856
201580,JaVale McGee,11,2009,2022,57068.0,-0.6355810017678387,-0.014259824704670382,0.6213211770631681,0.4938856907256201
2679,Matt Carroll,7,2005,2012,28282.0,-0.6416257697619036,-0.16811093806574776,0.4735148316961559,-0.4394630804533907
201967,Dante Cunningham,10,2010,2019,58911.0,-0.6432200741190386,-0.37149452096093205,0.2717255531581066,-0.2349038346927554
203459,Allen Crabbe,6,2015,2020,38457.0,-0.6462852751880845,-0.0039481894628622515,0.6423370857252223,-0.36882901547656693
1922,Francisco Elson,7,2004,2011,28583.0,-0.6489538268848631,-1.0587293731190301,-0.40977554623416695,0.37054686626637645
1629673,Jordan Poole,5,2020,2024,43181.0,-0.6499421623397315,-0.5373359687952778,0.11260619354445353,0.22979126309091577
1607,Troy Hudson,9,1999,2007,44483.0,-0.6527319638394531,0.3130719626634433,0.9658039265028961,-0.39163854328601694
201171,Carl Landry,8,2008,2016,46196.0,-0.6556784241653714,0.048863107023513985,0.7045415311888854,-0.37068722647838653
1901,Dion Glover,5,2000,2004,23391.0,-0.6583111684967135,-0.5380859075153174,0.12022526098139613,0.15173569873543455
201977,Marcus Thornton,8,2010,2017,44700.0,-0.6648096677765788,-0.07150231951641178,0.593307348260167,-0.33174156916028913
203487,Michael Carter-Williams,8,2014,2021,41148.0,-0.6727141960246024,-0.8443574233115837,-0.17164322728698114,0.031192620078932972
101111,Charlie Villanueva,9,2006,2016,50953.0,-0.6735239222827714,0.7826576466526862,1.4561815689354574,0.15855694559865863
201564,O.J. Mayo,8,2009,2016,67394.0,-0.677057100515307,0.04489749772896184,0.7219545982442688,0.1937441834750737
203090,Maurice Harkless,10,2013,2022,59486.0,-0.6854853030389604,-0.35397436605096144,0.33151093698799894,0.2827504935040494
1629021,Moritz Wagner,6,2019,2024,23031.0,-0.6858207217604492,-0.3575021688341757,0.32831855292627354,-0.2883123843667645
201189,Aaron Gray,5,2008,2013,12466.0,-0.6904720927317126,-0.4065889661451165,0.28388312658659615,-0.36579309807369964
423,Chris Gatling,6,1997,2002,30108.0,-0.694024957137316,-0.2615442311157131,0.4324807260216029,0.5467317442361815
43,Chris Whitney,7,1997,2003,34902.0,-0.6941223044127911,-0.39271980000620565,0.3014025044065854,-0.3780829374472825
200748,Tyrus Thomas,6,2007,2012,30605.0,-0.7018967297308529,-1.2426578678952453,-0.5407611381643922,0.7776906622272639
1629018,Gary Trent Jr.,5,2020,2024,41033.0,-0.7041196328534943,0.6596951171981474,1.3638147500516418,0.3044075517401817
1628370,Malik Monk,7,2018,2024,41669.0,-0.7069397756429892,0.17713838359013245,0.8840781592331214,0.24200641898340883
201961,Wayne Ellington,13,2010,2022,64548.0,-0.7207902357212808,-0.47833123929082366,0.242458996430457,0.015617717383340342
203503,Tony Snell,9,2014,2022,54235.0,-0.7240144314044641,-0.5062965440894772,0.21771788731498676,-0.33144006249331487
203115,Will Barton,11,2013,2023,71141.0,-0.7256630966589758,-0.5985755157636498,0.12708758089532599,-0.277738648819745
203086,Meyers Leonard,7,2013,2020,28719.0,-0.7285991966422418,-0.2330850613639892,0.4955141352782527,-0.028706668782364136
1628963,Marvin Bagley III,5,2019,2024,24286.0,-0.7293333925818751,-0.09696804009590292,0.6323653524859724,0.6944930114916412
202720,Jon Leuer,6,2012,2019,22517.0,-0.7301895054489822,-1.0299425263796953,-0.2997530209307133,-0.5466160069680086
1903,Kenny Thomas,8,2000,2007,65477.0,-0.7330699626330245,-0.4081268927238506,0.32494306990917393,-0.33306479495173946
1629637,Jaxson Hayes,5,2020,2024,21243.0,-0.7336655532033396,-0.8888275945685906,-0.15516204136525102,0.9943729295168415
1916,Calvin Booth,5,2001,2007,14232.0,-0.7347796112204069,-0.8359218277655285,-0.10114221654512143,-0.5200180231360213
1531,Marc Jackson,7,2001,2007,29738.0,-0.7395945117162793,-0.33689723003275057,0.4026972816835287,-0.27352943797161366
1533,Anthony Johnson,13,1998,2010,64020.0,-0.7513993089930033,-0.7788554831236794,-0.027456174130676168,0.26905780742688706
1629014,Anfernee Simons,5,2020,2024,33098.0,-0.7656565609084348,0.6032674274728083,1.3689239883812432,0.2572649671413057
201156,Nick Young,11,2008,2018,65884.0,-0.7672221774821811,-0.3387275368760871,0.4284946406060941,-0.1723146090201599
202390,Gary Neal,6,2011,2016,32319.0,-0.7679818892326713,0.36534321368430134,1.1333251029169726,-0.5453213235914053
2574,Jason Kapono,7,2004,2010,34133.0,-0.7762332201884407,-0.6350017212340078,0.14123149895443282,-0.574373253697412
204020,Tyler Johnson,7,2015,2021,35843.0,-0.7830798823474738,-0.858295475367817,-0.07521559302034317,-0.5745551245240205
203926,Doug McDermott,9,2016,2024,53993.0,-0.7846354285066658,0.19894287056689888,0.9835782990735649,-0.4010945684340138
219,Vinny Del Negro,5,1997,2001,28123.0,-0.786696292444553,0.041003220549604355,0.8276995129941573,0.48855139604377296
201161,Daequan Cook,6,2008,2013,24330.0,-0.7881964158034144,-0.6401030799946132,0.14809333580880119,0.3592934404966709
1444,Lawrence Funderburke,5,1998,2002,17939.0,-0.7943131540918663,-0.1811762840550644,0.6131368700368018,-0.5020915768111359
101128,Francisco Garcia,9,2006,2014,46689.0,-0.7971079068208021,-0.6402194354517977,0.15688847136900433,-0.41471998541962085
916,Corie Blount,8,1997,2004,30959.0,-0.7975270146594053,-0.9682422416766042,-0.1707152270171989,0.653268392776979
101110,Martell Webster,8,2006,2014,52324.0,-0.8095078129572925,-0.043511684466530566,0.765996128490762,0.40969224277600813
2804,Andres Nocioni,7,2005,2011,49052.0,-0.8196928161235297,-0.17037427873450686,0.6493185373890229,-0.5974217303874845
203953,Jabari Parker,6,2015,2020,33996.0,-0.8198185345697849,0.15052637814363987,0.9703449127134248,0.5895270110545454
1913,Michael Ruffin,6,2000,2008,21322.0,-0.8216000883475562,-0.7379808650116765,0.0836192233358795,-0.41893372453160127
203092,Tyler Zeller,6,2013,2018,29448.0,-0.837017509418989,-0.8186484711545661,0.01836903826442285,-0.4401703434260107
436,Juwan Howard,14,1997,2011,117883.0,-0.8398650515655324,-0.25434604405341527,0.5855190075121169,0.28284457618753445
203897,Zach LaVine,10,2015,2024,76978.0,-0.8441344528878735,0.35184757446493875,1.1959820273528123,-0.015263798989374442
399,Sean Rooks,7,1997,2004,24579.0,-0.8450712617600569,-0.9196378041161385,-0.07456654235608147,0.25857362020144675
202334,Ed Davis,9,2011,2019,51826.0,-0.8482422838012338,-0.6414690204680137,0.20677326333322024,-0.3852943254115701
2545,Darko Milicic,7,2006,2012,32198.0,-0.8489424651673514,-1.0503323433435092,-0.201389878176158,-0.012996961892533026
1626179,Terry Rozier,9,2016,2024,72972.0,-0.8495901883525826,-0.49004761480134557,0.35954257355123703,-0.5288383945152366
101154,Andray Blatche,8,2007,2014,48374.0,-0.8526888645687044,-0.4463837386116425,0.40630512595706186,0.09713774283504176
201946,Tyler Hansbrough,6,2010,2015,28823.0,-0.8591681045055005,-0.8116004231148986,0.04756768139060196,-0.7144719405404301
1853,Anthony Carter,10,2000,2011,48270.0,-0.8613164411872706,-1.220100426629928,-0.35878398544265744,0.47192152792271796
203112,Quincy Acy,5,2014,2018,19666.0,-0.8699772031286254,-0.8207274187380044,0.04924978439062084,-0.528206582700444
202713,Kyle Singler,5,2013,2017,30515.0,-0.8740918955395435,-0.592485939464406,0.2816059560751376,-0.7714379314699498
1629628,RJ Barrett,5,2020,2024,46331.0,-0.878442708687657,-0.07460762041537251,0.8038350882722844,0.7137730317850142
976,Jeff McInnis,10,1999,2008,59300.0,-0.8786925327264083,0.28339576889625334,1.1620883016226615,-0.45596418726335936
2735,Josh Childress,6,2005,2012,39911.0,-0.8819536180936545,0.6533146500915498,1.5352682681852041,-0.16576634775876486
1628425,Sterling Brown,5,2018,2022,19383.0,-0.8840957308870063,-1.133946212014065,-0.24985048112705882,-0.5365190868139361
2566,Travis Outlaw,10,2005,2014,49392.0,-0.8874320843700951,-0.29235710576605795,0.5950749786040371,-0.04036644053679365
101121,Joey Graham,5,2006,2011,22960.0,-0.9009930993385615,-0.7430065642729693,0.15798653506559227,-0.6764404230028156
1629675,Naz Reid,5,2020,2024,26591.0,-0.9068895705992983,-1.2665967573591392,-0.3597071867598406,0.4597783505710937
1627789,Timothe Luwawu-Cabarrot,6,2017,2022,22840.0,-0.9087574528031612,-0.830307950335327,0.07844950246783429,-0.3247393693677494
2549,Chris Kaman,12,2004,2015,75815.0,-0.9124941231739075,-1.163197970902969,-0.2507038477290614,-0.27778247924439936
203145,Kent Bazemore,9,2014,2022,58013.0,-0.9125447518843514,-1.3313690453325486,-0.4188242934481971,-0.600025793917749
2553,Jarvis Hayes,7,2004,2010,38671.0,-0.9307234554271301,-0.4680288681735514,0.46269458725357865,-0.3929950030805223
1908,Jumaine Jones,6,2001,2006,38265.0,-0.934147478169206,-0.1368603929416752,0.7972870852275307,-0.40066084782587236
1863,Earl Boykins,9,2002,2011,48710.0,-0.9352672984709148,-0.11623819958458013,0.8190290988863346,-0.1396447417589265
1627752,Taurean Prince,8,2017,2024,53197.0,-0.9370691482331223,-0.25520551766617766,0.6818636305669445,-0.5964280617767518
2422,John Salmons,12,2003,2014,91987.0,-0.9391138658164462,-0.821639620808411,0.11747424500803515,-0.21336032478353045
1627761,DeAndre' Bembry,5,2018,2022,22219.0,-0.9538186347452416,-0.9387266382535469,0.015091996491694832,-0.6278213827804617
200769,Shannon Brown,5,2009,2013,28006.0,-0.9569550500435675,-0.9181758919612042,0.038779158082363145,-0.6481556702967735
178,Olden Polynice,5,1997,2001,36180.0,-0.9575955215342495,-0.8047302836838753,0.15286523785037404,1.6849196934191073
203924,Jerami Grant,10,2015,2024,79413.0,-0.9587879331401414,-0.6492913168942241,0.30949661624591734,-0.40236584967675054
1628418,Thomas Bryant,5,2019,2024,19174.0,-0.9694566717004747,-0.11005428583181447,0.8594023858686602,0.23548567260989112
201160,Jason Smith,9,2008,2017,37763.0,-0.9715879093248599,-0.5611981771990356,0.41038973212582414,-0.49524710615488055
203463,Ben McLemore,8,2014,2022,50956.0,-0.971618397058346,-0.4358865153325229,0.535731881725823,-0.07955109059008561
2484,Devin Brown,7,2004,2010,34657.0,-0.972431255702287,-1.0152911699457694,-0.04285991424348219,-0.7329233411068499
1742,Shammond Williams,6,2000,2007,21368.0,-0.9838607946423026,-0.8252485180860247,0.15861227655627777,-0.7869120321426408
2198,Kwame Brown,10,2002,2011,50228.0,-0.9910585927118711,-0.819828735695266,0.17122985701660492,-0.04797412214709845
1425,Aaron Williams,9,1997,2006,45040.0,-0.9974302100662076,-1.058791791419231,-0.06136158135302341,-0.3524332847422873
1628972,Troy Brown Jr.,6,2019,2024,28930.0,-1.0090403937506665,-0.1578272056942792,0.8512131880563873,0.9302125918216743
200751,Randy Foye,11,2007,2017,76635.0,-1.0216091661734048,-0.29706758299600644,0.7245415831773988,-0.44688874456653876
953,Lorenzen Wright,11,1997,2007,70092.0,-1.038288713669725,-0.9079689374696377,0.13031977620008733,-0.37576921161443516
2584,Willie Green,11,2004,2015,57310.0,-1.049675690866709,-0.9444576395911729,0.10521805127553609,-0.5179354123484798
458,Howard Eisley,10,1997,2006,58929.0,-1.0502967842823432,-0.7395668541909828,0.31072993009136035,-0.6197795712714764
1134,Ike Austin,5,1997,2001,29331.0,-1.0581002700208926,-0.870416478291962,0.1876837917289306,-0.8216772508278938
1628372,Dennis Smith Jr.,7,2018,2024,30942.0,-1.0600510065742288,-1.4333256949218764,-0.37327468834764754,0.4334681580024375
920,A.C. Green,5,1997,2001,36701.0,-1.0658352621525826,-1.5521503645950667,-0.48631510244248405,2.2908176390483703
45,George McCloud,6,1997,2002,38978.0,-1.0732646272660389,-0.19357384455367263,0.8796907827123663,0.8709340563380831
201578,Marreese Speights,10,2009,2018,44040.0,-1.0737278787486482,-0.6110297556599547,0.46269812308869324,-0.47465867369859344
201563,Michael Beasley,10,2009,2018,54666.0,-1.0777772327628266,-0.5642916191644226,0.5134856135984042,0.17433834778101706
1505,Tariq Abdul-Wahad,5,1998,2002,18912.0,-1.0812480722017588,-0.9517076071519271,0.12954046504983183,-0.658812669480963
2557,Luke Ridnour,12,2004,2015,84963.0,-1.0813652571603236,-0.1000533138010497,0.981311943359274,-0.44141356138428905
200771,Sergio Rodriguez,5,2007,2017,20378.0,-1.082632313976575,-0.4856710253863743,0.5969612885902007,0.02496411440677254
271,Johnny Newman,6,1997,2002,36913.0,-1.0944734587405012,-1.034964273632817,0.05950918510768421,2.671353735529392
949,Shareef Abdur-Rahim,11,1997,2007,110077.0,-1.1060084967491974,-0.1214877191158143,0.9845207776333832,-0.2401302132699604
201571,D.J. Augustin,14,2009,2022,91558.0,-1.1078763398165223,-0.49216301138855073,0.6157133284279716,-0.23561420696977176
2211,Troy Murphy,11,2002,2012,77788.0,-1.112917481086828,-0.10841681201198324,1.0045006690748448,-0.6468872674708379
2124,Malik Allen,8,2003,2010,27248.0,-1.1141697176071472,-0.9351885616065612,0.17898115600058628,-0.7642435288361502
417,Sam Mitchell,6,1997,2002,34439.0,-1.1214132632139602,-0.6558315295065272,0.4655817337074331,2.37256944702202
1924,Lee Nailon,5,2001,2005,21272.0,-1.122014122399105,-0.5044198765640323,0.6175942458350726,-0.9083353360641698
201196,Ramon Sessions,11,2008,2018,65590.0,-1.123624985763337,-0.34397651853825195,0.779648467225085,-0.7101248469679803
718,Gary Trent,6,1997,2004,31134.0,-1.1266820789497054,-0.25582422969023155,0.8708578492594738,-0.4795003553957962
201573,Jerryd Bayless,10,2009,2019,49784.0,-1.1305512276732905,-0.28670584405169963,0.843845383621591,-0.3582079901723302
221,Clar. Weatherspoon,9,1997,2005,60807.0,-1.1348495806465577,-1.0376010945081038,0.09724848613845384,-0.5483623152265085
201945,Gerald Henderson,7,2011,2017,53203.0,-1.137130918089024,-0.8550779657321316,0.2820529523568922,-0.875462990824197
202325,Wesley Johnson,9,2011,2019,54729.0,-1.1425700568509232,-0.865724183751646,0.2768458730992773,-0.7999399406902903
2446,Rasual Butler,13,2003,2016,66553.0,-1.1512366264526739,-1.2668436282342725,-0.11560700178159855,-0.142235113135829
101155,Ryan Gomes,7,2006,2012,51708.0,-1.1563019639145342,-0.28284605039405986,0.8734559135204741,-0.9027202144529659
2400,Drew Gooden,12,2003,2015,79783.0,-1.161659031618366,-0.23862669136300688,0.9230323402553594,-0.39855912290628054
200797,Ryan Hollins,9,2008,2016,24238.0,-1.1627240834115162,-1.139298468793078,0.02342561461843852,-0.8544172602667013
1737,Nazr Mohammed,13,2001,2014,61287.0,-1.167412933280779,-0.8503112175670092,0.3171017157137697,-0.2547990003714317
1500,Ron Mercer,7,1998,2004,50619.0,-1.1741385267582134,-0.8212339183365011,0.3529046084217122,-0.6078530370067455
179,Bryant Stith,6,1997,2002,28826.0,-1.174899027670179,-0.937429153102144,0.2374698745680351,-0.8835456321844868
203943,Noah Vonleh,5,2016,2020,22422.0,-1.1753579168315973,-1.0818054043161998,0.09355251251539777,0.562938411414147
203922,Glenn Robinson III,5,2016,2021,19478.0,-1.1780333102393374,-0.5906509276987755,0.5873823825405619,-0.6782018869032884
203101,Miles Plumlee,5,2014,2018,21630.0,-1.1798946299257624,-1.04098785457238,0.1389067753533825,-1.0388523183231613
201145,Jeff Green,16,2008,2024,139857.0,-1.1810075308162902,-0.6653889428637767,0.5156185879525136,0.20678680425516544
2743,Kris Humphries,12,2005,2017,53774.0,-1.1860269563161128,-0.7413263458165446,0.44470061049956805,-0.5343039704629927
200783,Craig Smith,6,2007,2012,25923.0,-1.1888189500023207,-0.8669206669138376,0.32189828308848306,-0.7923687292792346
1626169,Stanley Johnson,7,2016,2023,35698.0,-1.1909381492407405,-1.2393863080048801,-0.04844815876413967,0.22246645070194218
1731,Tyronn Lue,9,2001,2009,46075.0,-1.1935180090118516,0.008985747514413821,1.2025037565262655,-0.9240225361418469
63,Michael Smith,5,1997,2001,28117.0,-1.2011788585256844,-0.35640645837353263,0.8447724001521519,-1.0546129499212278
2031,Stromile Swift,8,2001,2008,40950.0,-1.2050229051384616,-0.8937066595188947,0.3113162456195667,-0.437416601965602
2212,Steven Hunter,6,2002,2007,23020.0,-1.206617522105672,-1.1690074069474545,0.037610115158217654,-0.18203702519623347
1956,Ira Newble,5,2002,2008,26395.0,-1.2096443092879374,-0.7975023162349769,0.41214199305296056,-0.8190411228552889
1628966,Keita Bates-Diop,5,2019,2024,17898.0,-1.2146925673381908,-0.8915190778670994,0.32317348947109137,-0.9886217798073329
2078,Jason Hart,5,2004,2008,18792.0,-1.21479304887237,-1.5125403083348032,-0.2977472594624329,-1.0921316652471407
111,LaPhonso Ellis,7,1997,2003,40755.0,-1.2207824569641226,-0.4661866204873759,0.754595836476747,-0.6203662469536574
203584,Troy Daniels,6,2015,2020,20492.0,-1.2223672909458363,-0.4112547467935115,0.8111125441523245,-1.0210863764289606
441,Lamond Murray,9,1997,2006,54790.0,-1.2345580483522485,-0.652907205220509,0.5816508431317394,-0.8698400907252068
202323,Evan Turner,9,2011,2019,79630.0,-1.2528941310577995,-1.4124395087438149,-0.15954537768601523,-0.831852439975493
93,Hubert Davis,6,1997,2002,34673.0,-1.2700948976622075,0.12827432271069994,1.3983692203729072,-0.7660197194179926
735,Bryant Reeves,5,1997,2001,36231.0,-1.2926890123717165,-0.8274019890249618,0.46528702334675465,-1.065890383009246
2416,Kareem Rush,5,2003,2008,23740.0,-1.2990402423990681,-0.7274794366758917,0.5715608057231765,-0.7090294259193337
203458,Alex Len,9,2015,2024,45812.0,-1.3159075689023652,-1.236130422041948,0.07977714686041709,-0.7904059031699844
685,Cherokee Parks,6,1997,2003,23786.0,-1.3216251547798088,-0.6426832403526374,0.6789419144271713,-1.104284584062725
1626162,Kelly Oubre Jr.,9,2016,2024,66459.0,-1.323757138698409,-0.7110119344040575,0.6127452042943516,-0.5221915137455801
1729,Ricky Davis,11,1999,2010,85367.0,-1.3293245834671148,-0.5421863610443722,0.7871382224227427,-0.752035633146322
1502,Adonal Foyle,11,1998,2008,50647.0,-1.3356057873603022,-1.6832062582203702,-0.34760047086006796,-0.8497560430935173
901,Otis Thorpe,5,1997,2001,30074.0,-1.3446935724371678,-0.6414974941992743,0.7031960782378934,2.4882519788448265
101127,Jarrett Jack,12,2006,2018,94572.0,-1.3565517685199422,-0.7553214726090771,0.6012302959108653,-0.6917962534590473
1629022,Lonnie Walker IV,5,2020,2024,27286.0,-1.3779819553839907,-0.2728023965199862,1.1051795588640045,-0.31763430914838986
2742,Sebastian Telfair,9,2005,2013,45299.0,-1.38386769836178,-0.8016608742365141,0.5822068241252659,-0.275806786738056
1628470,Torrey Craig,7,2018,2024,39497.0,-1.3849905523188617,-0.013586076296958549,1.371404476021903,-0.6156241791324156
203089,John Henson,7,2013,2020,34383.0,-1.3942260960322643,-1.1314214752309917,0.26280462080127254,-0.9241755819234406
1730,Brian Skinner,10,2000,2009,41195.0,-1.398167744745636,-1.0210322213046474,0.3771355234409887,-0.8670832537060083
2411,Bostjan Nachbar,5,2004,2008,22059.0,-1.4023556773369164,-1.133129766030919,0.2692259113059975,-1.1620735263900592
2413,Juan Dixon,7,2003,2009,33441.0,-1.4098742081942328,-0.6411873288661205,0.7686868793281124,-1.244939192242583
679,Jason Caffey,6,1997,2003,33214.0,-1.4175779801677344,-0.901354162259073,0.5162238179086612,-1.2159492072660216
2041,Etan Thomas,6,2002,2007,25452.0,-1.4326317941489615,-0.8469961598312551,0.5856356343177059,-1.2938619146287944
202498,Lance Thomas,7,2012,2019,27950.0,-1.474454977948333,-1.1879731638330373,0.28648181411529555,-1.165536719906901
200749,Shelden Williams,6,2007,2012,21531.0,-1.4812693952860223,-1.0422686138347492,0.4390007814512732,-1.1160395062451454
200745,Andrea Bargnani,10,2007,2016,61439.0,-1.4930364652211796,0.21673353426802042,1.7097699994892002,-0.7497619748528703
201941,Jordan Hill,7,2010,2016,30993.0,-1.4938043766003923,-0.8266816454092415,0.6671227311911507,-1.1575738364412302
201576,Anthony Randolph,5,2009,2014,14471.0,-1.5004724759861658,-0.970856084795466,0.5296163911907,1.095838551145705
2563,Dahntay Jones,8,2005,2013,37857.0,-1.5039849081424825,-1.2219129855054072,0.2820719226370753,-1.0965502900597046
201150,Spencer Hawes,10,2008,2017,62854.0,-1.5106989330881797,-0.8367032674925752,0.6739956655956048,-0.6471343039349655
203148,Brian Roberts,5,2013,2017,19885.0,-1.5110441706068662,-0.9707526514154518,0.5402915191914146,-1.309916345305697
2052,DeShawn Stevenson,12,2002,2013,71227.0,-1.5184542598471895,-0.5502344651262661,0.9682197947209231,-0.941689026547986
101198,Will Bynum,6,2009,2014,24306.0,-1.5245607978970155,-0.3275921177286645,1.196968680168351,-1.2362437498843244
1548,Mark Blount,8,2001,2008,53812.0,-1.5253702194572425,-1.1165301527703346,0.408840066686908,-1.0716076160707166
1051,Dean Garrett,5,1997,2001,26576.0,-1.5272739376722897,-0.8468768515444605,0.6803970861278292,-0.33120965662208296
202688,Brandon Knight,8,2012,2020,51307.0,-1.587250159221092,-0.9568996625458894,0.6303504966752026,-0.221419530528992
201575,Brandon Rush,7,2009,2017,41375.0,-1.5962933741699925,-0.8848025605267187,0.7114908136432739,-1.1054155160548376
1628964,Mo Bamba,6,2019,2024,23209.0,-1.6063576265463964,-1.3613394623257251,0.24501816422067116,-0.7528667061848731
1628400,Semi Ojeleye,5,2018,2022,18183.0,-1.612574254294134,-1.8783027622339528,-0.26572850793981845,-1.1780102456384225
688,Michael Curry,8,1997,2004,47642.0,-1.6274525473272277,-2.025483232268482,-0.3980306849412542,-0.2302257837757852
2410,Fred Jones,6,2004,2009,40556.0,-1.6285523541523852,-1.4100131194135082,0.21853923473887688,-1.4620757699224913
2239,Trenton Hassell,9,2002,2010,62868.0,-1.6470376039505545,-1.2500917149509978,0.396945888999557,-1.2980854096939816
2556,Marcus Banks,5,2004,2008,20471.0,-1.6472147083338815,-1.7443093724937073,-0.09709466415982573,-0.8329332127637161
216,Brian Shaw,6,1997,2003,35211.0,-1.658549188135547,-1.0679552769604095,0.5905939111751373,1.093323348242802
42,Monty Williams,5,1997,2002,26247.0,-1.6645089705147467,-1.554679130977494,0.10982983953725255,-1.4518998088115804
203457,Nerlens Noel,8,2015,2022,41417.0,-1.6667384817773196,-1.9135186567167874,-0.24678017493946777,-0.7433628451033748
202687,Bismack Biyombo,13,2012,2024,66748.0,-1.6711706904424546,-1.4092175110107337,0.2619531794317208,-0.4352624767978149
2767,Royal Ivey,6,2005,2013,20520.0,-1.692239939322169,-1.172407002453071,0.519832936869098,-1.29547591439157
1626224,Cedi Osman,7,2018,2024,44614.0,-1.6926835583395772,-0.2815335527152411,1.411150005624336,-1.4283293035914044
2036,Chris Mihm,6,2001,2006,32204.0,-1.7469190276816438,-1.1978380037734815,0.5490810239081624,-0.9138492107251694
902,Bimbo Coles,7,1997,2003,30637.0,-1.7702213172664536,-1.3088926561785696,0.4613286610878839,-0.4511299528933056
673,Alan Henderson,10,1997,2007,48169.0,-1.7850583857427216,-0.8848236903293696,0.9002346954133518,-1.325174415757115
1709,Michael Olowokandi,8,1999,2006,48899.0,-1.7943977169291918,-1.8456181543580377,-0.05122043742884577,-1.5556130995766995
203080,Thomas Robinson,5,2013,2017,17062.0,-1.806322311964789,-0.8096491653955875,0.9966731465692015,-1.0759390671283728
753,Randy Brown,5,1997,2001,24118.0,-1.8458590918780595,-2.2077755295540014,-0.3619164376759424,-0.8146963220387181
203477,Isaiah Canaan,5,2015,2019,18548.0,-1.8661800615319624,-1.2679889284493828,0.5981911330825795,-1.6458861295272023
788,Kevin Willis,8,1997,2004,45049.0,-1.8817224715079313,-1.604940148859922,0.2767823226480093,3.1291777360931747
1521,Jacque Vaughn,10,1998,2008,49009.0,-1.8836007664544756,-1.7966369342632735,0.08696383219120188,-1.3599137559685448
123,Robert Pack,5,1997,2003,18409.0,-1.895143156134984,-1.3654251422295856,0.5297180139053986,-1.0458406293492644
1960,Milt Palacio,6,2001,2006,30308.0,-1.9250094218021867,-1.9596231993950926,-0.03461377759290594,-1.6579251400736141
202087,Alonzo Gee,6,2011,2016,34347.0,-1.933381028225984,-1.1638216618198283,0.7695593664061561,-1.755548493349009
202348,Jordan Crawford,5,2011,2017,26917.0,-1.9397402880389063,-0.9589306540922824,0.9808096339466239,-1.275455213091676
202338,Kevin Seraphin,7,2011,2017,25228.0,-1.9681551895664393,-1.993137422700423,-0.02498223313398371,-1.1404809939983194
1627745,Damian Jones,5,2019,2023,13896.0,-1.9993193402876759,-1.0150968596876304,0.9842224806000452,-1.8534231888828
376,Eric Montross,5,1997,2002,16935.0,-2.027157303173843,-1.8311475077180361,0.19600979545580619,-1.815423680162629
763,Tony Massenburg,8,1997,2005,31925.0,-2.0611409156781018,-1.1434690750639214,0.9176718406141804,-0.060832153150546436
202682,Derrick Williams,6,2012,2017,35008.0,-2.090293911504591,-1.1622757126934802,0.9280181988111107,-1.0959706103559859
2201,Eddy Curry,7,2002,2008,48941.0,-2.1104329424075563,-0.8483147440976448,1.2621181983099115,-0.518018591781921
1508,Maurice Taylor,8,1998,2006,49925.0,-2.114509696341737,-1.230842415279773,0.8836672810619642,-1.4160960170972854
2863,Damien Wilkins,9,2005,2013,42564.0,-2.2761257494790477,-1.183194794022949,1.0929309554560986,-1.7951081919334588
323,Greg Foster,6,1997,2003,19688.0,-2.2763994236758167,-1.6560487326894462,0.6203506909863705,-1.6096774065801138
1626144,Emmanuel Mudiay,5,2016,2020,29593.0,-2.286558104401324,-1.0382967707895348,1.2482613336117891,-0.46908138577389397
203917,Nik Stauskas,5,2015,2019,26957.0,-2.3005667328976056,-1.1614292321250346,1.1391375007725708,-1.1366170207268507
1629012,Collin Sexton,5,2019,2024,41083.0,-2.334830672107186,0.24734741763428034,2.582178089741466,-0.6805542326581466
955,Samaki Walker,8,1997,2004,29881.0,-2.336429625352526,-1.629617662501182,0.706811962851344,-1.7937305607314182
2033,Marcus Fizer,5,2001,2005,22740.0,-2.3643359511623756,-1.2416801888679712,1.122655762294404,-1.5529608377240305
961,John Wallace,6,1997,2002,22468.0,-2.3716783385368307,-1.187969933152023,1.183708405384808,-1.9748633686752788
1629629,Cam Reddish,5,2020,2024,22704.0,-2.485587490908327,-1.497576896767752,0.988010594140575,-0.7178638661836689
1627737,Marquese Chriss,5,2017,2022,22210.0,-2.4957902173202977,-1.16319913701224,1.3325910803080578,0.2514125969856071
101130,Johan Petro,8,2006,2013,28728.0,-2.5320391883527544,-2.0543768199423083,0.4776623684104462,-1.1583592193067933
201947,Earl Clark,5,2010,2014,14485.0,-2.563395981969358,-1.9710999363763773,0.5922960455929811,-2.087533236881915
1626209,Mario Hezonja,5,2016,2020,25195.0,-2.5726727697767546,-1.5452870060728061,1.027385763703948,-1.4573370435010953
201581,JJ Hickson,8,2009,2016,46739.0,-2.6377431087004766,-1.5590065369175916,1.0787365717828845,-1.627256373182104
1628367,Josh Jackson,5,2018,2022,28024.0,-2.6783778929688076,-2.1934555574857444,0.48492233548306385,-1.383603877653088
101124,Hakim Warrick,8,2006,2013,41266.0,-2.9485864149344714,-1.6443187039471276,1.3042677109873435,-2.6855598185651344
2694,Josh Powell,6,2006,2011,15979.0,-2.988979937390594,-1.7031213930261675,1.2858585443644261,-2.752536808707478
1628995,Kevin Knox II,5,2019,2024,22115.0,-3.826037366285224,-2.235982762175749,1.5900546041094747,-1.1308502684433943
