col_idx,key,var,se
0,2_off,0.00047112733979075185,0.021705467969863074
1,2_def,0.0003382640771288369,0.018391956859693775
2,3_off,0.0001529982796786573,0.012369247336788819
3,3_def,0.00013396403456282199,0.011574283328259334
4,7_off,0.00043576285829474286,0.02087493373150542
5,7_def,0.0003165564240231366,0.017792032599541194
6,9_off,0.0006898852645576283,0.026265667030510156
7,9_def,0.0004373258693762894,0.020912337731021115
8,12_off,0.0009370921206529103,0.03061196041832196
9,12_def,0.0005271055625993449,0.022958779640898704
10,15_off,0.00011766471320733725,0.010847336687285837
11,15_def,0.0001059061844866564,0.010291073048358777
12,17_off,0.0003214165733858243,0.017928094527467894
13,17_def,0.0002463027535348435,0.015694035603847835
14,21_off,0.0001670082511287361,0.012923167225132393
15,21_def,0.00014368018831664294,0.011986667106274494
16,22_off,0.00022908345651001036,0.015135503179941206
17,22_def,0.00018901930814461184,0.01374842929736382
18,23_off,0.00023444209557238802,0.015311502067804714
19,23_def,0.00019235360887279269,0.01386916035211911
20,26_off,0.00020657543530199057,0.014372732353383284
21,26_def,0.00017333755429477433,0.013165772073629952
22,28_off,0.00029430409243619054,0.017155293423202954
23,28_def,0.00023379629850393664,0.01529039889943806
24,29_off,0.0002720457735121541,0.016493810157515276
25,29_def,0.00021888226046059073,0.014794670001746937
26,31_off,0.0007146221009462234,0.02673241666864826
27,31_def,0.0004487094029826406,0.021182761929990163
28,32_off,0.00062859134157362,0.02507172394498671
29,32_def,0.0004129410937663698,0.020320952088088044
30,35_off,0.0005942096314857735,0.02437641547655794
31,35_def,0.0003978289409607734,0.019945649675073847
32,36_off,0.000805657308983223,0.028384103103378536
33,36_def,0.0004835855729203514,0.02199057918565019
34,37_off,0.000794594953762307,0.028188560689795906
35,37_def,0.00047807044558931136,0.021864822102850765
36,38_off,0.0008670621767725321,0.029445919526693884
37,38_def,0.0005037764169963546,0.022444964178994685
38,42_off,0.0001776756400349095,0.013329502617686435
39,42_def,0.0001525984996874186,0.012353076527222626
40,43_off,0.00016079534486756228,0.012680510434030732
41,43_def,0.00013801412829105603,0.011747941449081879
42,45_off,0.00013561319933937175,0.011645308039694432
43,45_def,0.0001206159873058655,0.01098253100636941
44,47_off,0.0006137139341953343,0.024773250376067615
45,47_def,0.0004064969972456729,0.020161770687260404
46,49_off,0.00039993513344044454,0.01999837827026093
47,49_def,0.0002990376002127897,0.017292703669836876
48,51_off,0.0003461825870357788,0.01860598256034276
49,51_def,0.00026515229651196017,0.016283497674392935
50,52_off,0.0008223324652714832,0.028676339816501743
51,52_def,0.0004892329604968977,0.02211861117920602
52,53_off,0.00015504829947038623,0.012451839200310379
53,53_def,0.00013460177691512648,0.011601800589353641
54,54_off,0.0002921730996844816,0.017093071686636128
55,54_def,0.00023067778811380906,0.015188080461790064
56,55_off,0.0004368626643557237,0.02090125987484304
57,55_def,0.0003177269304364902,0.017824896365378685
58,56_off,6.793749479875105e-05,0.00824242044540019
59,56_def,6.197268491666362e-05,0.007872273173401926
60,57_off,8.374169614189898e-05,0.009151048909381863
61,57_def,7.594906835935914e-05,0.008714876267587459
62,61_off,0.00038137025495341896,0.01952870336078202
63,61_def,0.0002865068307090806,0.0169265126564535
64,63_off,0.00018875803817677017,0.013738924200124628
65,63_def,0.0001595324406207621,0.012630615211491563
66,64_off,0.00017704726573255264,0.013305910932084004
67,64_def,0.00015119076453634197,0.012295965376347721
68,65_off,0.00036348247192043024,0.019065216283075056
69,65_def,0.00027799104969506116,0.016673063596563804
70,67_off,0.00026802701466693835,0.016371530614665765
71,67_def,0.00021584599655664224,0.014691698218948081
72,70_off,0.0001749749707366677,0.013227810504262135
73,70_def,0.00015160616870561405,0.012312845678624177
74,71_off,0.0003854388552131224,0.019632596751655712
75,71_def,0.0002890391958141674,0.01700115277897847
76,72_off,0.00010771615993625918,0.010378639599497575
77,72_def,9.711050136613806e-05,0.009854466061950696
78,73_off,0.0003144716459242027,0.017733348412643415
79,73_def,0.0002435800004567986,0.015607049703797275
80,76_off,0.0002054184421046665,0.01433242624626642
81,76_def,0.00017466286119504983,0.013216007763127632
82,77_off,0.00029050435402398566,0.017044188277063405
83,77_def,0.00023316679963105984,0.01526980024856448
84,78_off,0.0008726913738358533,0.029541350237182004
85,78_def,0.0005063348930170488,0.022501886432409367
86,80_off,0.0008296337937496498,0.028803364278320854
87,80_def,0.0004913144511354861,0.02216561416102622
88,81_off,0.0007724481190315892,0.027792950887438873
89,81_def,0.00046938821778520914,0.021665369089521856
90,82_off,0.0004328135049812296,0.020804170374740485
91,82_def,0.0003169883775523735,0.0178041674209263
92,84_off,8.407290736396661e-05,0.009169127950027015
93,84_def,7.626947787974871e-05,0.008733239827220405
94,85_off,0.00032450209985793784,0.018013941818989476
95,85_def,0.0002518318107009009,0.01586920951720346
96,87_off,7.948089812800615e-05,0.008915206005920792
97,87_def,7.238431283180959e-05,0.008507897086343346
98,88_off,0.0009448297825375542,0.030738083585961473
99,88_def,0.0005297157777382105,0.023015555125571283
100,89_off,8.00224157477268e-05,0.008945524900626391
101,89_def,7.33892011018707e-05,0.008566749739654515
102,93_off,0.0001450906317880716,0.01204535727108464
103,93_def,0.00012821149891214,0.011323051660755593
104,95_off,0.000207270544903484,0.014396893585196913
105,95_def,0.00017495534783274868,0.013227068754366883
106,96_off,0.00018791436412644546,0.013708186026110292
107,96_def,0.0001579173718314725,0.012566517888081507
108,98_off,0.00017977204790199503,0.01340790990057716
109,98_def,0.00015326038023881177,0.01237983764993757
110,100_off,0.0005668925127036402,0.02380950467153066
111,100_def,0.00038621250448640256,0.019652290057049396
112,103_off,0.00029315905222152775,0.01712188810328837
113,103_def,0.0002311711982384068,0.015204315119018244
114,104_off,0.0007907904072558964,0.028120995843957882
115,104_def,0.00047766283633940404,0.021855498995433712
116,105_off,0.00015712884901936626,0.01253510466726809
117,105_def,0.00013708144041978796,0.011708178356165742
118,107_off,0.00020375934638768828,0.01427442980954715
119,107_def,0.00017098317625141224,0.013076053542694456
120,109_off,7.564696300660561e-05,0.008697526257885377
121,109_def,7.026000393152186e-05,0.008382124070396587
122,111_off,0.00013124162312898029,0.011456073634931833
123,111_def,0.00011648168835232804,0.010792668268427787
124,112_off,0.0006821919904068721,0.02611880530205913
125,112_def,0.00043553379421947604,0.02086944642819919
126,116_off,0.000816630677774162,0.028576750651082814
127,116_def,0.0004864818623175202,0.02205633383673543
128,120_off,9.804224432323725e-05,0.009901628367255421
129,120_def,8.87287904933676e-05,0.009419596089714655
130,121_off,0.00014372643559775004,0.011988596064500215
131,121_def,0.00012656015211456753,0.011249895649052374
132,122_off,0.0009332984569361563,0.030549933828670665
133,122_def,0.0005262030153042401,0.022939115399340057
134,123_off,0.00020393617462095135,0.014280622347116086
135,123_def,0.0001730142907511735,0.01315348967959353
136,124_off,0.00010105480248591413,0.010052601776948798
137,124_def,9.078718672684689e-05,0.009528231038700043
138,128_off,0.00045203943871312117,0.021261219125749145
139,128_def,0.0003272561441286445,0.01809022233496992
140,129_off,0.0006065402442427044,0.02462803776679548
141,129_def,0.0004022299209421424,0.020055670543318724
142,133_off,7.708507890800648e-05,0.008779810869717325
143,133_def,6.992760357936013e-05,0.008362272632446285
144,134_off,0.00029827128199353504,0.017270532186170032
145,134_def,0.00023281500540231769,0.015258276619668346
146,136_off,8.167294399061295e-05,0.009037308448349705
147,136_def,7.445230528503938e-05,0.008628574927822055
148,137_off,0.00021337661072637468,0.014607416291951657
149,137_def,0.00017879253710717928,0.013371332660104575
150,138_off,0.0007299982817094482,0.0270184803738006
151,138_def,0.0004554714292352928,0.021341776618531382
152,140_off,0.0005169855075986209,0.022737315312028834
153,140_def,0.000360340609618608,0.018982639690480564
154,143_off,0.0003446558831910196,0.018564909996846728
155,143_def,0.0002660307765101824,0.016310449917466482
156,145_off,0.00017377152336477686,0.013182242728943238
157,145_def,0.00015018574825807407,0.012255029508657827
158,146_off,0.00022881826879109316,0.015126740190506782
159,146_def,0.00019080480632163775,0.013813211296495749
160,147_off,7.471253398520833e-05,0.008643641245748712
161,147_def,6.860415209928333e-05,0.008282762347145024
162,154_off,0.0006743357059653637,0.02596797462193314
163,154_def,0.0004314678451722062,0.02077180409045411
164,156_off,0.000313771709055653,0.017713602373759355
165,156_def,0.00024603331821932583,0.01568544925143446
166,157_off,0.00023062781185990814,0.015186435126780352
167,157_def,0.00019086235752988805,0.013815294333813089
168,160_off,0.0009445027740757856,0.030732763853512843
169,160_def,0.0005296564880408777,0.023014267054174843
170,164_off,0.00014331923996658546,0.011971601395243055
171,164_def,0.00012485139727430876,0.01117369219525528
172,165_off,0.00015280645089160158,0.012361490641973628
173,165_def,0.0001323712263968345,0.011505269505615003
174,166_off,0.00016465580778718162,0.01283182792072827
175,166_def,0.00014181219151636096,0.011908492411567509
176,168_off,0.00015734164082895966,0.012543589630921432
177,168_def,0.00013696649580323763,0.01170326859485151
178,170_off,0.0004451156564276573,0.021097764251874113
179,170_def,0.0003235004067596511,0.017986117056208967
180,173_off,0.00033790869713615164,0.01838229303259394
181,173_def,0.000262135026026029,0.016190584486856213
182,175_off,0.0006825557026581483,0.026125767025259723
183,175_def,0.00043603344853785714,0.0208814139496792
184,176_off,0.0007756034062297659,0.027849657201297215
185,176_def,0.0004716327915857346,0.021717108269420554
186,177_off,0.00020682087856546693,0.014381268322559973
187,177_def,0.00017459360935617708,0.013213387504957881
188,178_off,0.00016877893802639732,0.012991494834175062
189,178_def,0.0001436008193299484,0.011983355929369218
190,179_off,0.0001669260400552445,0.01291998607024189
191,179_def,0.0001454168747899425,0.012058891938728968
192,180_off,0.00026610024467468965,0.016312579338494868
193,180_def,0.0002162633898802108,0.014705896432391017
194,181_off,0.0006311671628279375,0.025123040477377286
195,181_def,0.00041318083797795154,0.020326850173550046
196,182_off,0.00019875787082683613,0.01409815132656889
197,182_def,0.00016774496105551991,0.012951639319233682
198,183_off,0.0002946620215823786,0.01716572228548448
199,183_def,0.00023304366430611104,0.015265767727373264
200,184_off,0.0002041999569976334,0.014289855037670374
201,184_def,0.000171727934300452,0.013104500536092628
202,185_off,6.819254733581777e-05,0.008257877895429174
203,185_def,6.328846062063402e-05,0.007955404491327516
204,187_off,0.00028010724151738165,0.01673640467715159
205,187_def,0.00022582901515126862,0.015027608430860468
206,190_off,0.0004513167287725644,0.0212442163605195
207,190_def,0.00032552683098174416,0.018042362123118584
208,192_off,0.00019264808686801768,0.013879772579837815
209,192_def,0.00016439212576874415,0.012821549273342288
210,193_off,0.00010035428829471901,0.010017698752444047
211,193_def,9.033465567258508e-05,0.009504454517361061
212,194_off,0.000820783207069296,0.02864931425129223
213,194_def,0.00048706141061318576,0.022069467837108937
214,195_off,0.000330520706718281,0.01818022845616306
215,195_def,0.00025373422740386503,0.015929037240331415
216,197_off,0.0002450412215805418,0.01565379256220491
217,197_def,0.00020149193356447598,0.014194785435661788
218,198_off,0.0001498905044317735,0.012242977759996687
219,198_def,0.0001315188323155317,0.011468166039761182
220,199_off,0.0008360662771880046,0.028914810689126165
221,199_def,0.0004935221983213357,0.02221535951366387
222,201_off,0.00022382952841018772,0.0149609334070501
223,201_def,0.0001867123729231632,0.013664273596615489
224,202_off,0.0006162023615606446,0.024823423647044433
225,202_def,0.00040718474340388467,0.020178819177639824
226,203_off,0.0005433292179348931,0.023309423371994705
227,203_def,0.00037311234876882734,0.01931611629621305
228,204_off,0.00019787828374580113,0.014066921615826298
229,204_def,0.00016625709043586868,0.012894071910605613
230,208_off,7.001765609125254e-05,0.008367655352083553
231,208_def,6.450010204246174e-05,0.00803119555498817
232,209_off,0.0001766773310374402,0.013292002521721104
233,209_def,0.00015305744988703082,0.01237163893293976
234,210_off,0.00013531747781652214,0.011632604085780714
235,210_def,0.00011892533476041357,0.01090528930200449
236,211_off,0.0007921522157053636,0.02814519880379891
237,211_def,0.0004772902437123339,0.021846973330700386
238,212_off,0.0007547520369211811,0.027472750807321443
239,212_def,0.00046404946458216654,0.021541807365728777
240,213_off,7.906232064220769e-05,0.008891699536208345
241,213_def,7.263457698660175e-05,0.008522592151839823
242,216_off,0.0001442919583480209,0.012012158771345843
243,216_def,0.00012737595350066364,0.011286095582647865
244,219_off,0.00018086180616460902,0.013448487132930939
245,219_def,0.00015483284823258203,0.012443184810673753
246,221_off,9.503878471158073e-05,0.009748783755504106
247,221_def,8.656750071562737e-05,0.009304165772148912
248,223_off,0.0005461842510350147,0.02337058516672218
249,223_def,0.00037484380825019575,0.019360883457378585
250,224_off,6.219552186732259e-05,0.00788641375197387
251,224_def,5.7909087747105044e-05,0.007609802083307098
252,226_off,0.000589748228565519,0.0242847324170047
253,226_def,0.0003953820945121083,0.019884217221507825
254,228_off,0.00023469535114922297,0.01531976994439613
255,228_def,0.00019370172008252047,0.013917676533190463
256,234_off,0.00031049536255831636,0.017620878597797453
257,234_def,0.0002440501982470871,0.015622106075913295
258,236_off,0.00044818563198675967,0.02117039517786004
259,236_def,0.00032463868081333407,0.01801773239931524
260,238_off,0.0001162424672402601,0.01078157999739649
261,238_def,0.00010455167767831393,0.010225051475582602
262,239_off,0.00018694040992929482,0.013672615328798467
263,239_def,0.0001584137984181312,0.012586254344249174
264,240_off,0.0005299924103191613,0.02302156402851816
265,240_def,0.00036697188112780224,0.019156510150019554
266,241_off,0.0008504409857978872,0.029162321337607662
267,241_def,0.0004978611510205045,0.0223128024017716
268,243_off,9.023516512638008e-05,0.009499219185089903
269,243_def,8.293288073045266e-05,0.009106749185656354
270,244_off,0.0002396653040930838,0.015481127352136982
271,244_def,0.0001985143236574456,0.014089511122017173
272,246_off,0.0004416084465155182,0.021014481828384876
273,246_def,0.00031841999577816074,0.01784432671125926
274,247_off,0.00024794797792949627,0.01574636395900642
275,247_def,0.0002006199393762225,0.014164036831928337
276,248_off,0.00010302456239519023,0.010150101595313725
277,248_def,9.334712863262856e-05,0.009661631778981673
278,251_off,0.00022986466486283702,0.015161288364213545
279,251_def,0.0001900652533956095,0.013786415538333723
280,252_off,0.00013965454293305443,0.011817552324109018
281,252_def,0.00011911470004423551,0.010913968116328521
282,255_off,6.49109126231734e-05,0.008056730889335537
283,255_def,6.0089701084302205e-05,0.007751754710019029
284,258_off,9.216285129405775e-05,0.009600148503750228
285,258_def,8.436340790214585e-05,0.009184955519878463
286,262_off,0.00034987330936458175,0.01870490067775239
287,262_def,0.0002698245363577723,0.01642633666883071
288,265_off,0.0003053640022063095,0.017474667441937472
289,265_def,0.0002422914211834693,0.015565712999521393
290,270_off,0.00010334669889958854,0.010165957844669067
291,270_def,9.306753500092442e-05,0.009647151652219655
292,271_off,0.000148369415017224,0.012180698461797009
293,271_def,0.00012903046705177999,0.011359157849584625
294,273_off,0.00045240001120386915,0.021269697017208992
295,273_def,0.00032693895768042165,0.018081453417256636
296,275_off,0.00011459388925809882,0.010704853537442669
297,275_def,0.00010165184469366867,0.010082253949076499
298,278_off,0.00012607338041135046,0.01122824030787329
299,278_def,0.00011287701271507054,0.010624359402574375
300,279_off,0.0008199766745396073,0.028635234843451297
301,279_def,0.00048795919740703196,0.02208979849177063
302,280_off,0.00032921827662055187,0.018144373139366152
303,280_def,0.00025634538642514167,0.016010789687743127
304,281_off,0.00015622701897553254,0.012499080725218657
305,281_def,0.00013720058756646724,0.011713265452744903
306,283_off,8.862979350915664e-05,0.00941433978084266
307,283_def,8.046341686199035e-05,0.008970140292213402
308,287_off,0.0008831851148022551,0.029718430557521963
309,287_def,0.0005093163995358126,0.022568039337430547
310,288_off,0.00022954970588170103,0.015150897857278987
311,288_def,0.00018978536831757052,0.013776261042734727
312,289_off,0.0006858154890488562,0.02618807914011366
313,289_def,0.0004388292591816668,0.020948251936179944
314,291_off,0.000808065015518361,0.028426484403076668
315,291_def,0.0004838835672004411,0.021997353640846005
316,292_off,0.0005486561172742461,0.023423409599677116
317,292_def,0.0003759100064706771,0.019388398759842884
318,293_off,0.0007833997036223601,0.02798927836908912
319,293_def,0.0004753301843790213,0.021802068350939122
320,296_off,0.00010213990926393055,0.010106429105471949
321,296_def,9.230909001281215e-05,0.009607761966910511
322,297_off,0.0001073289053900726,0.010359966476300617
323,297_def,9.63382711150637e-05,0.009815206116789587
324,299_off,9.583034681029128e-05,0.009789297564702551
325,299_def,8.668982415526562e-05,0.009310737036092557
326,302_off,0.00014161993678053403,0.011900417504463195
327,302_def,0.00012293518751587648,0.0110876141489446
328,304_off,0.00015989589351784572,0.012644994801020906
329,304_def,0.00013530565437720008,0.0116320958720774
330,305_off,0.0007408725199928658,0.027218973529375898
331,305_def,0.0004582838636059641,0.021407565569348704
332,308_off,0.0009573528440882975,0.030941118985717008
333,308_def,0.0005339120107702267,0.0231065361049688
334,310_off,0.00047208221179406804,0.021727452952292132
335,310_def,0.00033682425398662643,0.018352772378761373
336,316_off,0.0008279511757285777,0.028774140747007158
337,316_def,0.0004914377158989744,0.02216839452687033
338,317_off,0.00014227827180513108,0.011928045598719477
339,317_def,0.000124142317339548,0.01114191713034826
340,320_off,0.0007836088084767324,0.02799301356547259
341,320_def,0.0004739279079950086,0.021769885346390978
342,323_off,0.00022479704932114262,0.014993233451165317
343,323_def,0.0001873517728637523,0.013687650377758495
344,324_off,0.00010113879836162738,0.010056778726890007
345,324_def,9.16371214030318e-05,0.009572728002143998
346,328_off,0.000548492987953559,0.023419927155171917
347,328_def,0.00037626107957723404,0.019397450337021976
348,330_off,0.00015695043717590672,0.012527986158034608
349,330_def,0.00013721285416216344,0.011713789060853172
350,333_off,0.0005914709757931321,0.02432017631089734
351,333_def,0.00039478725009955333,0.019869253888849307
352,335_off,0.0007457943805930347,0.027309236177400397
353,335_def,0.0004604298483436699,0.02145762914078976
354,339_off,0.00011967146096767745,0.010939445185551115
355,339_def,0.00010667127276304138,0.01032817857916106
356,341_off,0.0005375159000642924,0.023184389145808705
357,341_def,0.0003716128581701634,0.01927726272503862
358,344_off,0.00019300481170267682,0.01389261716533918
359,344_def,0.00016439353767811715,0.012821604333238378
360,345_off,0.00014108066946394478,0.011877738398531295
361,345_def,0.00012483099019790626,0.011172778982773546
362,348_off,0.00043169629845043913,0.020777302482527397
363,348_def,0.0003157257392120011,0.01776867297273494
364,349_off,0.00011085223695414997,0.010528638893710335
365,349_def,9.821794688993781e-05,0.00991049680338669
366,351_off,0.0008951617649187523,0.029919254083595605
367,351_def,0.0005139750335702136,0.022671017479818006
368,353_off,8.333566129230466e-05,0.009128836798426437
369,353_def,7.605550867807834e-05,0.008720980947008102
370,355_off,0.0005095435640389577,0.022573071657152857
371,355_def,0.0003567249778532317,0.018887164367718933
372,356_off,0.0003773718708686158,0.019426061640708748
373,356_def,0.00028514595138597884,0.016886265169834887
374,358_off,0.00010236040739630295,0.010117332029557148
375,358_def,9.26313525631663e-05,0.009624518302916064
376,359_off,0.00023092636756719652,0.01519626163130908
377,359_def,0.00019213883665648247,0.013861415391527751
378,361_off,6.326830586825159e-05,0.007954137657109762
379,361_def,5.884040124619909e-05,0.0076707497186519575
380,363_off,0.00010652701079026288,0.010321192314372545
381,363_def,9.563125466662827e-05,0.009779123409929352
382,364_off,0.00021170903677873653,0.014550224629837731
383,364_def,0.00017769295081940535,0.013330151942847665
384,365_off,0.0002033809183787603,0.01426116819824941
385,365_def,0.00017234182805880784,0.013127902652701529
386,368_off,0.0008442014469713738,0.029055144931171378
387,368_def,0.0004971328508556583,0.022296476198172176
388,369_off,0.00013410529297472074,0.01158038397354426
389,369_def,0.00011727920762425531,0.010829552512650525
390,371_off,0.0002464944610490945,0.015700142070984406
391,371_def,0.00020244122451442155,0.014228184160827466
392,375_off,0.00014735993182192,0.012139189916214344
393,375_def,0.00012871090333483974,0.01134508278219422
394,376_off,0.000230431871990475,0.015179982608371953
395,376_def,0.00019148906424465708,0.013837957372555281
396,378_off,0.0006126309356838343,0.024751382500455086
397,378_def,0.0004049921740262218,0.02012441735867704
398,380_off,0.0004928823039256361,0.022200952770672615
399,380_def,0.00034864556398060497,0.018672053019970915
400,381_off,0.0003140165402393862,0.017720511850377974
401,381_def,0.0002474057187408895,0.01572913598202042
402,383_off,0.00010853588141401135,0.01041805554861421
403,383_def,9.653575821592742e-05,0.009825261228889918
404,384_off,0.00010173944088040198,0.0100865970912098
405,384_def,9.18166246889361e-05,0.00958209917966497
406,386_off,0.00025068080750512324,0.015832902687287737
407,386_def,0.00020286973385572635,0.014243234669685335
408,389_off,8.887164617940158e-05,0.009427175938710468
409,389_def,8.169067070305042e-05,0.009038289146904431
410,390_off,0.0004487619438751512,0.021184002074092403
411,390_def,0.00032621839420456084,0.018061516940848597
412,393_off,0.0001256044104955465,0.011207337350840587
413,393_def,0.00010925871645678462,0.010452689436541422
414,397_off,9.919299915949892e-05,0.009959568221539473
415,397_def,8.888279935217887e-05,0.009427767463836752
416,399_off,0.00017553133930269492,0.013248824072448654
417,399_def,0.00015217583678930384,0.012335957068233653
418,400_off,0.0002517705374494019,0.0158672788293835
419,400_def,0.00020495296035582606,0.014316178273401951
420,404_off,0.0007643124102458115,0.027646200647572016
421,404_def,0.0004670118893496598,0.02161045786996795
422,406_off,5.814875478922882e-05,0.007625533082298497
423,406_def,5.4156630444100124e-05,0.0073591188632947165
424,412_off,0.0005729256404687282,0.023935865149785754
425,412_def,0.0003875091085474806,0.01968525104100734
426,416_off,0.0007333195983537324,0.027079874415398098
427,416_def,0.00045440451027220887,0.021316765943083602
428,417_off,0.0001617621724318033,0.012718575880648088
429,417_def,0.00014001739715763776,0.01183289470745167
430,418_off,0.0006783671190957515,0.026045481740519825
431,418_def,0.0004323969815690726,0.02079415739021595
432,420_off,0.00027393048496717035,0.0165508454456916
433,420_def,0.00021956224743399885,0.01481763299025856
434,422_off,0.00014934691134230673,0.012220757396426243
435,422_def,0.00012734145195059256,0.011284566981084944
436,423_off,0.00015762057573975416,0.012554703331411466
437,423_def,0.00013794041018273573,0.011744803539554663
438,426_off,0.00036942586632622614,0.019220454373563237
439,426_def,0.0002812873453912684,0.016771623218736712
440,428_off,0.00020703562093171615,0.014388732429637997
441,428_def,0.0001732511773114359,0.013162491303375509
442,431_off,0.0001181176560862675,0.010868194702261618
443,431_def,0.00010513985586345889,0.010253772762425492
444,432_off,0.0003066161661552613,0.017510458764842838
445,432_def,0.0002421317882413864,0.015560584444081347
446,433_off,0.00038592957108628994,0.01964509025396142
447,433_def,0.0002899086255771759,0.0170267033091311
448,434_off,0.0007763239222813177,0.027862590013875553
449,434_def,0.0004713417740223925,0.021710407044143426
450,435_off,0.0002824223378671544,0.016805425846052054
451,435_def,0.00022710917878334826,0.015070141962946077
452,436_off,6.229788851027659e-05,0.007892901146617547
453,436_def,5.743650993715556e-05,0.007578687877011136
454,438_off,0.0009415816093070398,0.030685201796746258
455,438_def,0.000528494707715089,0.022989012760775286
456,440_off,0.00038258191412270066,0.01955970127897409
457,440_def,0.0002896991227633772,0.017020550013538846
458,441_off,0.0001060851252197047,0.010299763357461408
459,441_def,9.575567556799393e-05,0.009785482899070129
460,442_off,0.0005818881940678237,0.024122358799831822
461,442_def,0.0003921765596375189,0.01980344817544457
462,445_off,9.844256990645496e-05,0.00992182291247203
463,445_def,8.936172319506659e-05,0.009453132983041474
464,446_off,0.00011899681863697557,0.010908566296125976
465,446_def,0.00010639799885505468,0.010314940564785368
466,448_off,8.784157741378142e-05,0.009372383763684745
467,448_def,8.028852088824161e-05,0.008960386201958128
468,452_off,0.0001033410688384574,0.010165680933339262
469,452_def,9.314090903783816e-05,0.009650953789022003
470,456_off,0.0003292331765735871,0.018144783729038688
471,456_def,0.0002574101981111206,0.01604400816850704
472,457_off,0.00036931841889274047,0.01921765903778971
473,457_def,0.0002804863383101393,0.016747726362409298
474,458_off,0.00010258521514271826,0.01012843596725172
475,458_def,9.198125366252028e-05,0.009590685776445826
476,461_off,0.0002107576805548058,0.01451749567090708
477,461_def,0.00017677721435471768,0.013295759262062385
478,462_off,0.00031862300985892783,0.01785001428175697
479,462_def,0.00024990437524566615,0.01580836409138106
480,467_off,4.771581280801752e-05,0.006907663339220978
481,467_def,4.446055607488818e-05,0.006667874929457524
482,468_off,0.00011631095907836184,0.010784755865496532
483,468_def,0.00010456279840430154,0.010225595259167143
484,469_off,0.00010782592502848223,0.01038392628192642
485,469_def,9.716908080330542e-05,0.009857437841716549
486,471_off,0.0009452735705455485,0.030745301601147915
487,471_def,0.0005302574570903323,0.023027319798238185
488,511_off,0.000940713103155868,0.030671046658956196
489,511_def,0.0005284727184324039,0.022988534499450024
490,671_off,0.0008627615520049583,0.02937280293068672
491,671_def,0.0005022148491470813,0.022410150582873854
492,672_off,0.00022385269948027586,0.014961707772853869
493,672_def,0.00018734780207708518,0.013687505327015773
494,673_off,0.00011670395327954882,0.010802960394241423
495,673_def,0.00010490172129982966,0.010242154133766473
496,674_off,0.0005181278007517168,0.022762420801657208
497,674_def,0.00035913718083018463,0.018950915039390174
498,676_off,0.0008019426750360972,0.028318592391503097
499,676_def,0.0004817632332991141,0.021949105523895823
500,677_off,9.97743128805404e-05,0.009988709269997821
501,677_def,9.093608652258856e-05,0.00953604144929061
502,678_off,0.0007209208493539827,0.026849969261695302
503,678_def,0.0004506296510591405,0.021228039265536056
504,679_off,0.00014468579112735127,0.012028540689848925
505,679_def,0.00012772801759598998,0.011301682069320034
506,680_off,0.0002452902281536579,0.015661744096800264
507,680_def,0.0002024293032075399,0.014227765221830866
508,681_off,0.0006428929955350838,0.025355334656341724
509,681_def,0.0004173047813142399,0.02042803909615996
510,682_off,0.00010170885725202828,0.010085080924416437
511,682_def,9.199983783935811e-05,0.009591654593413908
512,684_off,0.0006129441429226227,0.02475770875752889
513,684_def,0.0004061763958084243,0.020153818392761813
514,685_off,0.0001852468133367781,0.013610540523314205
515,685_def,0.0001588957289359528,0.01260538491819876
516,686_off,6.0915153709498006e-05,0.007804816058658782
517,686_def,5.7014656054761664e-05,0.0075508049938242785
518,688_off,0.00011300063248283814,0.010630175562183257
519,688_def,0.0001014930804213639,0.010074377421030239
520,689_off,8.068244539353293e-05,0.008982340752472761
521,689_def,7.438142231592365e-05,0.008624466494567861
522,690_off,0.0002477465295568026,0.015739965996049758
523,690_def,0.00020342689863950373,0.014262780186187535
524,691_off,0.000891594489404073,0.029859579524904114
525,691_def,0.0005126763072197745,0.022642356485573105
526,692_off,0.00013226479762303882,0.011500643356918725
527,692_def,0.00011777247431106685,0.010852302719288052
528,693_off,6.245235191206663e-05,0.007902680046165771
529,693_def,5.852934449883862e-05,0.007650447339785996
530,694_off,0.0002727368180312427,0.016514745472796206
531,694_def,0.0002193816376946957,0.014811537317061174
532,695_off,0.00027534340029006194,0.016593474629807405
533,695_def,0.00022073215183774405,0.014857057307479972
534,696_off,0.00011255084197122175,0.010608998160581504
535,696_def,0.00010043434857562131,0.010021693897521581
536,697_off,0.00013232624043324392,0.011503314323847885
537,697_def,0.00011758273455133337,0.010843557283075208
538,698_off,0.00035902691033871687,0.018948005444867196
539,698_def,0.0002731577713258963,0.016527485329774046
540,699_off,7.079141310859107e-05,0.008413763314272103
541,699_def,6.582161008376998e-05,0.008113051835392768
542,700_off,0.00091623623629958,0.030269394382768548
543,700_def,0.0005204410206986279,0.02281317647103594
544,701_off,0.0009145130041678133,0.030240916060328155
545,701_def,0.0005202933302898181,0.022809939287289173
546,702_off,9.799062657133129e-05,0.009899021495649522
547,702_def,8.938030125179107e-05,0.009454115572161737
548,703_off,6.34049661078989e-05,0.00796272353581982
549,703_def,5.9347380201986274e-05,0.0077037250860857096
550,704_off,0.00046643195678157514,0.021597035833224316
551,704_def,0.0003345676626224094,0.018291190847574943
552,706_off,0.0005866609812788846,0.024221085468634235
553,706_def,0.00039074188981698486,0.019767192259321626
554,707_off,0.0003103672076473502,0.017617241771836763
555,707_def,0.00024383537621999285,0.015615228983911598
556,708_off,4.7731890743400135e-05,0.006908827016462356
557,708_def,4.440921704174474e-05,0.0066640240877224284
558,709_off,0.0006174967084759327,0.02484948105043509
559,709_def,0.00040590279242174777,0.020147029369655164
560,710_off,0.0005807619445790261,0.02409900297894139
561,710_def,0.00039006621833310507,0.01975009413479098
562,711_off,5.8262802433852735e-05,0.0076330074304858855
563,711_def,5.4556526188997374e-05,0.007386238974538894
564,712_off,0.0007357681080599365,0.027125045770651456
565,712_def,0.00045647194838733737,0.021365204150378188
566,713_off,0.00026875612982864966,0.01639378326771004
567,713_def,0.00021765510366098315,0.014753138773189357
568,714_off,5.7012852865873216e-05,0.007550685589128528
569,714_def,5.312413763011099e-05,0.007288630710230214
570,715_off,0.0008746287684846147,0.029574123291901903
571,715_def,0.0005075194676499946,0.022528192729333495
572,716_off,0.0006965668768276542,0.026392553435157694
573,716_def,0.00044056783195292875,0.020989707762447022
574,717_off,0.00015091007748239396,0.01228454628720141
575,717_def,0.00013256796362552832,0.011513816205999136
576,718_off,0.00014504630902234766,0.012043517302779435
577,718_def,0.0001282151338340164,0.01132321216943392
578,719_off,0.0008656808157589044,0.029422454278304255
579,719_def,0.0005033909101430805,0.0224363747103466
580,721_off,0.0003839481893108897,0.01959459592109237
581,721_def,0.0002887109889283225,0.01699149754813632
582,722_off,8.205491417043931e-05,0.009058416758487065
583,722_def,7.548189361647138e-05,0.008688031630724614
584,724_off,0.00026263802341379894,0.016206110681276954
585,724_def,0.00021253226414186428,0.014578486346046502
586,725_off,0.0009572950233341589,0.030940184604073693
587,725_def,0.0005334404541112328,0.02309632988401475
588,727_off,7.420576177732103e-05,0.008614276625307608
589,727_def,6.848961897920627e-05,0.008275845514459914
590,728_off,0.0009477330631285583,0.030785273478216146
591,728_def,0.0005309005933154579,0.023041280201313855
592,729_off,0.000926027258060678,0.03043069598383642
593,729_def,0.0005238339458514236,0.022887418942541853
594,731_off,0.00011397476478834114,0.010675896439566148
595,731_def,0.00010188675568279837,0.010093896952257753
596,732_off,0.0008647289179036954,0.029406273444686857
597,732_def,0.0005036134412711922,0.022441333322046446
598,733_off,0.0009535873819006018,0.03088021019845237
599,733_def,0.000532738624635694,0.023081131355193445
600,734_off,0.0005422852901419287,0.02328701977802073
601,734_def,0.0003710384122860003,0.019262357391710918
602,735_off,0.00018398392206467204,0.013564067312744803
603,735_def,0.0001550188944427891,0.012450658393948053
604,737_off,0.0009610454708828335,0.031000733392660785
605,737_def,0.0005349497769064829,0.023128981320120496
606,739_off,5.833724951585679e-05,0.007637882528283397
607,739_def,5.44489051196743e-05,0.007378950136684371
608,753_off,0.00019760547930992598,0.014057221607057562
609,753_def,0.00016561453337668022,0.012869131026478835
610,754_off,7.259200628853237e-05,0.008520094265237466
611,754_def,6.714840262634405e-05,0.00819441289088755
612,757_off,7.40076908043834e-05,0.00860277227435339
613,757_def,6.783818579939944e-05,0.00823639398034112
614,760_off,0.00021543886389135435,0.014677835804073922
615,760_def,0.00018150603602854108,0.013472417601475285
616,761_off,0.00018685251446088602,0.013669400662095103
617,761_def,0.0001601625403033644,0.012655533979384844
618,762_off,0.00011543683393430293,0.010744153476859074
619,762_def,0.000104053376963087,0.010200655712408246
620,763_off,0.00014772596941295857,0.012154257254680705
621,763_def,0.00012998165952068065,0.011400949939398938
622,764_off,0.0001335828882730154,0.011557806378072587
623,764_def,0.0001169855894747694,0.010815987679115088
624,765_off,0.0001876562422633386,0.013698767910412184
625,765_def,0.00015699425333382268,0.012529734767097933
626,766_off,0.00044459141061443296,0.021085336388458047
627,766_def,0.00032021921699332495,0.017894670072212144
628,768_off,0.0007138593233685445,0.02671814595679394
629,768_def,0.00044793364684595914,0.02116444298454271
630,769_off,0.0003292930842235816,0.018146434476876763
631,769_def,0.00025566429614380236,0.015989505812995047
632,770_off,0.00045605937436904757,0.021355546688601713
633,770_def,0.00032841981289838455,0.01812235671479801
634,771_off,0.0009610618104668444,0.031000996926983566
635,771_def,0.0005349558576908283,0.023129112773533453
636,775_off,0.0007636387674346595,0.027634014681813056
637,775_def,0.0004669706818171817,0.021609504432475578
638,777_off,0.00038771911850682937,0.01969058451409783
639,777_def,0.00029172367537515844,0.017079920239133392
640,779_off,0.00010862161156708506,0.010422169235196916
641,779_def,9.728895785868924e-05,0.009863516505723972
642,781_off,0.0002459676290245676,0.015683355158401777
643,781_def,0.00020067457268366942,0.014165965293041961
644,782_off,0.00015332657596229038,0.012382510890860964
645,782_def,0.00013129333047489988,0.011458330178298228
646,783_off,0.0008123414930235227,0.028501605095564753
647,783_def,0.00048493494275065544,0.022021238447250315
648,785_off,0.0003363927830417536,0.01834101368631935
649,785_def,0.00026139944388125537,0.016167852172792013
650,786_off,0.00034180771904919694,0.018488042596478325
651,786_def,0.0002605199925894314,0.01614063172832561
652,787_off,0.00023398445376994877,0.015296550387912588
653,787_def,0.0001901255504944498,0.013788602195090328
654,788_off,0.00012311813676379318,0.011095861244797233
655,788_def,0.00010927275630659073,0.010453361005274367
656,891_off,0.00010881993612005008,0.010431679448681792
657,891_def,9.826655827114874e-05,0.009912949019900624
658,892_off,0.0009441048488156761,0.03072628921324012
659,892_def,0.0005293057448777291,0.023006645667670224
660,893_off,0.00016388208419287152,0.012801643808233048
661,893_def,0.00013902325668783058,0.011790812384557333
662,894_off,0.00043429759403796475,0.02083980791749206
663,894_def,0.0003191811749699887,0.017865642304993927
664,895_off,0.00021349002220434073,0.014611297759074679
665,895_def,0.00017819475457687953,0.013348960805129347
666,896_off,0.00013997219483833685,0.011830984525318966
667,896_def,0.0001218907900018567,0.01104041620600676
668,898_off,0.0003271438246281603,0.018087117642901544
669,898_def,0.0002520278053195244,0.015875383627475727
670,899_off,0.00032430536352303393,0.018008480322421267
671,899_def,0.0002527751569438055,0.015898904268653407
672,900_off,0.0009595157265700616,0.030976050854976036
673,900_def,0.0005341232782860006,0.023111107249242747
674,901_off,0.00016948639740035066,0.01301869415111787
675,901_def,0.00014564276766178174,0.012068254540810024
676,902_off,0.0001593452678364529,0.012623203548879853
677,902_def,0.00013886580427442655,0.011784133581830551
678,904_off,0.00018921233742294233,0.013755447554439745
679,904_def,0.00016017830035349272,0.01265615661855892
680,905_off,9.566483581831666e-05,0.00978084024091574
681,905_def,8.667153062175397e-05,0.00930975459514127
682,906_off,0.0005149193920271741,0.02269183536048096
683,906_def,0.000359011445188565,0.018947597346063827
684,907_off,0.00018261860488264682,0.013513645136773675
685,907_def,0.0001554306530525736,0.012467183043998896
686,911_off,0.00010882019391640719,0.010431691805091214
687,911_def,9.812738235100827e-05,0.009905926627580495
688,912_off,0.0007625978400417497,0.02761517409037556
689,912_def,0.0004672454094580966,0.021615860136901713
690,913_off,0.00016532108633671435,0.012857724772941531
691,913_def,0.00014251891842189174,0.011938128765509766
692,914_off,0.00042864094660296045,0.02070364573216419
693,914_def,0.0003155449231990248,0.017763584187855355
694,915_off,8.789462639159277e-05,0.00937521340512272
695,915_def,8.027585802806316e-05,0.00895967957172929
696,916_off,0.0001493415501320257,0.012220538045930126
697,916_def,0.00013148848033245103,0.011466842648804902
698,917_off,0.0008701275750574789,0.02949792492799246
699,917_def,0.0005055651710617702,0.022484776428992357
700,919_off,0.00026798760127899406,0.01637032685315092
701,919_def,0.00021605615546073536,0.014698848780116604
702,920_off,0.00015201218013507326,0.012329321965747883
703,920_def,0.00013205654298632547,0.011491585747246786
704,922_off,0.00010602434883914942,0.010296812557250396
705,922_def,9.566456601485379e-05,0.00978082644845791
706,923_off,7.057692945891924e-05,0.008401007645450589
707,923_def,6.544217757408334e-05,0.008089633957978775
708,924_off,0.00026591261647645,0.01630682729645623
709,924_def,0.00021524265118443318,0.014671150302019034
710,925_off,0.0009546160598920886,0.03089686165117889
711,925_def,0.0005330703232255162,0.02308831572950951
712,927_off,0.0007491307085972881,0.02737025225673465
713,927_def,0.0004603292459664676,0.02145528480273491
714,929_off,0.0008209028659997083,0.028651402513659052
715,929_def,0.0004874686851356141,0.022078693012395775
716,931_off,0.0004803587953121092,0.02191708911584997
717,931_def,0.0003427994739745496,0.018514844692153094
718,932_off,0.00024255518784090335,0.015574183376373328
719,932_def,0.0002002144118447255,0.01414971419657392
720,934_off,0.00010984886765793799,0.010480881053515396
721,934_def,9.951797462182651e-05,0.009975869617322919
722,935_off,0.00011500719767875576,0.010724140883015093
723,935_def,0.00010227721592494277,0.010113219859418798
724,937_off,0.00010681622277634068,0.01033519340778588
725,937_def,9.559876071773708e-05,0.009777461875033679
726,938_off,0.0002987124931960825,0.01728330099246329
727,938_def,0.00023439191308663148,0.015309863261526259
728,939_off,0.0009391886331978728,0.030646184643408268
729,939_def,0.0005275462771438084,0.02296837558783399
730,940_off,0.0009319588934025826,0.03052800179183994
731,940_def,0.0005256826783186075,0.022927770897289767
732,941_off,0.0009496524741951385,0.030816431886172977
733,941_def,0.0005312920711002075,0.023049773775467026
734,947_off,5.553715431716014e-05,0.007452325430170111
735,947_def,5.1484469371152856e-05,0.0071752678954275185
736,948_off,5.560585270671172e-05,0.007456933197146916
737,948_def,5.226711975737278e-05,0.007229600248794727
738,949_off,7.642428089000251e-05,0.008742098197229457
739,949_def,6.924386806886579e-05,0.00832129004835583
740,950_off,6.026499494213459e-05,0.007763053197172785
741,950_def,5.55159714877311e-05,0.0074509040718379336
742,951_off,4.56545106400503e-05,0.006756812165514911
743,951_def,4.283074391793587e-05,0.006544520144207356
744,952_off,6.134849216268499e-05,0.007832527827124841
745,952_def,5.6738060123061624e-05,0.007532467067505946
746,953_off,8.52457468649228e-05,0.00923286233325954
747,953_def,7.812990798653501e-05,0.008839112398116397
748,954_off,0.00010913830440035864,0.010446927988665311
749,954_def,9.688117462968153e-05,0.00984282350901821
750,955_off,0.00015198682153174422,0.012328293536890831
751,955_def,0.0001338695303819513,0.011570200101206171
752,956_off,6.638284293213242e-05,0.008147566687799028
753,956_def,6.181510355962662e-05,0.007862258171773972
754,957_off,0.00033647250565968794,0.01834318690030955
755,957_def,0.00026212024414353375,0.016190127984161636
756,958_off,0.00012185477664431868,0.011038785107262424
757,958_def,0.00010913583405848405,0.01044680975506322
758,959_off,4.936389558674761e-05,0.007025944462258979
759,959_def,4.6434419392096934e-05,0.0068142805483849085
760,960_off,0.00010415488294787603,0.010205629963303394
761,960_def,9.468785902043777e-05,0.0097307686757233
762,961_off,0.00019090730823768332,0.013816921083862472
763,961_def,0.00016274371523562978,0.012757104500458942
764,962_off,0.00012273445141872883,0.011078558183208177
765,962_def,0.00010987372277992744,0.010482066722737814
766,963_off,0.0008963610002991934,0.029939288573698496
767,963_def,0.0005149140111363762,0.022691716795702706
768,964_off,0.00039934052433025406,0.019983506307208805
769,964_def,0.00029668729811324363,0.017224613148435108
770,965_off,4.91940320959498e-05,0.007013845742240829
771,965_def,4.637054790150118e-05,0.006809592344737031
772,966_off,0.00011151644461526902,0.01056013468736403
773,966_def,0.00010069431872531338,0.010034655884748285
774,967_off,0.0005379739199469271,0.02319426480720885
775,967_def,0.00037106474199230375,0.019263040829326603
776,968_off,0.0006870920178200547,0.026212440134792004
777,968_def,0.0004376745993221129,0.020920673969117558
778,969_off,0.00022903149229885645,0.015133786449492951
779,969_def,0.00019010632393263728,0.013787904987076074
780,970_off,0.00010788810644009434,0.010386919968888483
781,970_def,9.682673272502868e-05,0.009840057556997758
782,971_off,0.00046399290906857664,0.02154049463379559
783,971_def,0.0003330098490242528,0.01824855745050147
784,976_off,9.669743511091815e-05,0.009833485399944322
785,976_def,8.81375624337309e-05,0.009388160758835081
786,977_off,4.724663720717857e-05,0.006873618930896487
787,977_def,4.417020734813963e-05,0.006646067058655038
788,978_off,6.9710535097459e-05,0.008349283508029836
789,978_def,6.457422691959234e-05,0.008035809039517573
790,979_off,6.35199749440332e-05,0.007969941966164698
791,979_def,5.9183928843775046e-05,0.007693109179244439
792,980_off,7.43241841475563e-05,0.008621147495986616
793,980_def,6.88910082164241e-05,0.008300060735706945
794,981_off,0.0008681381287336078,0.029464183829415805
795,981_def,0.0005046183199375813,0.022463711179090184
796,982_off,0.0005750949937724101,0.023981138291841154
797,982_def,0.00038852357621147875,0.019711001400524498
798,983_off,0.00017789619320869072,0.013337773172786031
799,983_def,0.00015264462632507536,0.012354943396271606
800,984_off,0.0007995923929995708,0.028277064787554786
801,984_def,0.0004806722246882649,0.021924238292088165
802,987_off,0.0008955954318740441,0.029926500494946683
803,987_def,0.0005136908356270046,0.02266474874396371
804,988_off,0.00032448370323174966,0.018013431189858018
805,988_def,0.00025344234532446937,0.015919872654153656
806,989_off,0.0008587508709219469,0.02930445138408066
807,989_def,0.0005007010255237254,0.022376349691666096
808,990_off,9.513671969774002e-05,0.009753805395728378
809,990_def,8.71274576330103e-05,0.009334208998785612
810,992_off,0.0008254981275441995,0.02873148321170001
811,992_def,0.0004895612648531947,0.02212603138507208
812,994_off,0.00026842328607724116,0.01638362859922188
813,994_def,0.00021650152319170816,0.014713990729632398
814,997_off,0.0005497476049747055,0.023446697101611253
815,997_def,0.0003767970547408966,0.019411261029126794
816,998_off,0.0004281954588284076,0.020692884255908057
817,998_def,0.00031558155530864,0.01776461525923486
818,999_off,0.0009275520511074379,0.0304557392145953
819,999_def,0.0005243658084342906,0.022899035098324354
820,1000_off,9.309221650144425e-05,0.0096484307792223
821,1000_def,8.406980013633719e-05,0.009168958508813156
822,1002_off,0.0005880655138552846,0.024250062141266456
823,1002_def,0.0003930548189206028,0.01982561017776257
824,1003_off,0.0006564280972293662,0.025620852781072026
825,1003_def,0.0004249485882615614,0.020614281172564843
826,1005_off,0.0001261087488475486,0.011229815174238114
827,1005_def,0.00011263096235199507,0.010612773546627435
828,1006_off,0.0007385505177468299,0.027176285944676654
829,1006_def,0.0004569593705162978,0.021376608021767576
830,1023_off,0.0002655901823461903,0.016296937821142665
831,1023_def,0.00021537859173900202,0.014675782491540341
832,1024_off,0.0008631210152726592,0.029378921274830008
833,1024_def,0.000502325471717869,0.022412618582349296
834,1026_off,0.0009324463496950217,0.030535984505088775
835,1026_def,0.0005260537621267023,0.022935861922472028
836,1032_off,0.00020015037226768775,0.01414745108730501
837,1032_def,0.0001690820407372854,0.013003155030118091
838,1035_off,0.0006550181559193148,0.025593322486916675
839,1035_def,0.0004229314473371917,0.020565297161412272
840,1036_off,0.000734396345854759,0.027099748077330146
841,1036_def,0.00045469035014916704,0.021323469467916495
842,1037_off,0.00043927172587690077,0.02095881022092859
843,1037_def,0.0003193609979358348,0.017870674244018742
844,1038_off,0.0006530960069821163,0.02555574313108731
845,1038_def,0.00042260453856477495,0.020557347556646868
846,1041_off,0.0008736287788481768,0.029557211959996783
847,1041_def,0.0005061416049609159,0.022497591092401778
848,1043_off,0.0005659920003399118,0.02379058638074967
849,1043_def,0.00038444729372469794,0.019607327551828625
850,1049_off,0.0007867891095414084,0.028049761309882983
851,1049_def,0.00047644978293730396,0.021827729678949755
852,1051_off,0.00018766425533183788,0.01369906038134871
853,1051_def,0.00015977444035812172,0.012640191468412245
854,1052_off,0.0007272842431003419,0.026968208006842832
855,1052_def,0.00045336383394983755,0.02129234214335843
856,1055_off,0.0009516914692607333,0.030849497066576845
857,1055_def,0.0005320348430084994,0.02306588049497568
858,1059_off,0.0009223191787694493,0.030369708243074205
859,1059_def,0.0005226278653531288,0.022861055648266307
860,1061_off,0.0008393336305085151,0.02897125524564849
861,1061_def,0.0004945635628503016,0.022238785102840074
862,1063_off,0.000695116511122597,0.02636506231971768
863,1063_def,0.00044010495187998084,0.02097867850652135
864,1064_off,0.0009235758505633559,0.030390390760293883
865,1064_def,0.0005225835454928621,0.022860086296706366
866,1065_off,0.0001220223337046673,0.011046371970229289
867,1065_def,0.00011003722924481717,0.01048986316616271
868,1068_off,0.0007614595103667945,0.02759455581028248
869,1068_def,0.00046666658961577154,0.021602467211311108
870,1070_off,0.0008456729023732678,0.02908045567685052
871,1070_def,0.0004977187844284309,0.02230961192913115
872,1073_off,0.0003017095292360768,0.01736978782933392
873,1073_def,0.0002394079981724185,0.01547281481090039
874,1074_off,0.00021979511895850928,0.014825488826966526
875,1074_def,0.00017923516442634602,0.013387873782880762
876,1075_off,0.0009621839571713301,0.031019090205409477
877,1075_def,0.0005353025707681198,0.023136606725449604
878,1077_off,0.0006804814096893384,0.026086038597098994
879,1077_def,0.00043467125347350285,0.02084877103029104
880,1080_off,0.0005437233226296996,0.023317875602843832
881,1080_def,0.00037309854206050926,0.019315758904596764
882,1085_off,0.0009179273864538584,0.030297316489317307
883,1085_def,0.0005197539734917943,0.02279811337571147
884,1086_off,0.0008197360513493725,0.028631033012264377
885,1086_def,0.00048813833198283065,0.022093852809839
886,1088_off,8.385504486493887e-05,0.00915724002442542
887,1088_def,7.719213621006328e-05,0.008785905542974115
888,1089_off,0.0008130475147952698,0.028513988054905084
889,1089_def,0.0004854858430018226,0.022033743281653768
890,1093_off,0.0009345142453992357,0.030569825733870903
891,1093_def,0.0005271723379029324,0.0229602338381588
892,1096_off,0.0005461779950114439,0.023370451322373812
893,1096_def,0.0003737440572389071,0.019332461230761776
894,1099_off,0.0009580451927016378,0.03095230512743175
895,1099_def,0.0005340208255506503,0.02310889061704716
896,1108_off,0.00048826062125959327,0.02209662013203814
897,1108_def,0.00034487894837699284,0.018570916734964724
898,1109_off,0.0009417892487203598,0.030688584990519845
899,1109_def,0.0005288091986676837,0.02299585177086693
900,1110_off,0.00028183188661149935,0.016787849374220017
901,1110_def,0.0002267181850964726,0.015057163912784924
902,1112_off,5.3881386638533894e-05,0.007340394174602199
903,1112_def,5.05335039943965e-05,0.007108692143734775
904,1114_off,0.00019443138072243834,0.013943865343671329
905,1114_def,0.0001653548459288832,0.01285903751953789
906,1118_off,0.0008964166440339591,0.029940217835446006
907,1118_def,0.000513526926551313,0.02266113250813633
908,1120_off,0.0009101964684400782,0.03016946251493517
909,1120_def,0.0005185616448747332,0.022771948640262062
910,1121_off,0.0009332669383158858,0.030549417970165745
911,1121_def,0.0005259723775636061,0.022934087676722746
912,1122_off,0.000427932963367333,0.020686540633158872
913,1122_def,0.00031250637604219065,0.01767784987045061
914,1125_off,0.0005784866362909806,0.024051749131632414
915,1125_def,0.00038855579719258577,0.019711818718540046
916,1126_off,0.0008039113655116327,0.028353330765743073
917,1126_def,0.00048243423633317044,0.021964385635231648
918,1128_off,0.0007154077058376073,0.026747106494677274
919,1128_def,0.00044719493711247355,0.02114698411387481
920,1129_off,0.0008921833793548724,0.029869438885839025
921,1129_def,0.0005129418514023749,0.02264821960778319
922,1131_off,0.0009490909820526681,0.03080732026731095
923,1131_def,0.0005314461554773033,0.023053115960262365
924,1133_off,0.0005881788963672697,0.02425239980635462
925,1133_def,0.0003932828625919459,0.01983136058347853
926,1134_off,0.0001616466362623776,0.012714033044725721
927,1134_def,0.00014057689401150974,0.011856512725566053
928,1136_off,0.0006438653885655931,0.025374502725483965
929,1136_def,0.00041862945465008966,0.02046043632599485
930,1137_off,0.0009576865823962352,0.03094651163534002
931,1137_def,0.0005339067737939751,0.02310642278229097
932,1138_off,0.0006486746332303461,0.025469091723702007
933,1138_def,0.00042075679794800953,0.020512357201160708
934,1361_off,0.0008018360432196582,0.02831670961145836
935,1361_def,0.0004818792082604682,0.021951747271241717
936,1365_off,0.0005026986252999101,0.022420941668447162
937,1365_def,0.00035305976799943984,0.018789884725549537
938,1380_off,0.0007513345275668,0.027410482074688144
939,1380_def,0.0004621692390162446,0.02149812175554517
940,1381_off,0.0007611233743303877,0.027588464515633845
941,1381_def,0.0004663288740458244,0.021594649199415682
942,1425_off,0.00011259364674777714,0.010611015349521323
943,1425_def,0.00010117474273248128,0.01005856563991513
944,1429_off,0.0009170014799536917,0.03028203229563187
945,1429_def,0.0005208772675619862,0.022822735759807287
946,1432_off,0.0008977721680576321,0.029962846461203115
947,1432_def,0.0005144815686582095,0.022682186152534096
948,1434_off,0.0006834277249401343,0.026142450629964557
949,1434_def,0.00043451504503382493,0.02084502446709586
950,1442_off,0.0002947467142670876,0.017168189021183555
951,1442_def,0.0002356334576620274,0.015350356922952228
952,1444_off,0.00022929344343360563,0.015142438490335882
953,1444_def,0.000190500951256978,0.01380220820220366
954,1472_off,0.0008996102833087826,0.029993504018516786
955,1472_def,0.0005152076030593752,0.022698185016854874
956,1474_off,0.0009561327918171184,0.030921396990063667
957,1474_def,0.0005334262073388122,0.023096021461256312
958,1477_off,7.311509755506616e-05,0.008550736667391071
959,1477_def,6.753919582342419e-05,0.008218223398242724
960,1478_off,0.0009261830753398516,0.03043325607521896
961,1478_def,0.0005234603353311175,0.02287925556767784
962,1479_off,0.0008907601029989134,0.029845604416712915
963,1479_def,0.000512816210113905,0.02264544568150305
964,1489_off,0.0007122823420570951,0.026688618211835078
965,1489_def,0.00044686329212436455,0.021139141234316133
966,1495_off,5.7674465707092183e-05,0.007594370659053467
967,1495_def,5.332962085100052e-05,0.007302713252689066
968,1496_off,8.482404159415656e-05,0.009209996829215337
969,1496_def,7.77413680743266e-05,0.008817106559088793
970,1497_off,5.425304915816001e-05,0.007365666918763026
971,1497_def,5.092839921885547e-05,0.007136413610410727
972,1498_off,7.289229031987597e-05,0.008537698186272221
973,1498_def,6.759709332582634e-05,0.008221745150868296
974,1499_off,8.397185250970402e-05,0.009163615689764823
975,1499_def,7.72514326377687e-05,0.008789279415160762
976,1500_off,0.00010557056677491436,0.01027475385471177
977,1500_def,9.552370010762023e-05,0.009773622670618107
978,1501_off,6.661207812010741e-05,0.008161622272569799
979,1501_def,6.259242867168682e-05,0.007911537693248186
980,1502_off,0.00011049725280836995,0.010511767349421787
981,1502_def,9.984981961341887e-05,0.009992488159283396
982,1503_off,5.8073675388605114e-05,0.007620608596995723
983,1503_def,5.4111589760004786e-05,0.007356058031310301
984,1504_off,0.00014427342045790864,0.012011387116312115
985,1504_def,0.00012738692459184634,0.011286581616762728
986,1505_off,0.0002156666406245627,0.014685592961285653
987,1505_def,0.00018156026957878073,0.013474430213511098
988,1506_off,0.00011539972162174566,0.010742426244650025
989,1506_def,0.00010417998814550511,0.010206859857248217
990,1507_off,8.218592429189351e-05,0.009065645277193097
991,1507_def,7.612021518888816e-05,0.00872468997666325
992,1508_off,0.00011233005995936568,0.010598587639839833
993,1508_def,0.0001012383185707528,0.010061725427119982
994,1509_off,0.0001396052410275349,0.011815466179018706
995,1509_def,0.000123217441103312,0.011100335179773267
996,1510_off,8.665291744411053e-05,0.00930875488151399
997,1510_def,7.906707596420087e-05,0.008891966934497725
998,1511_off,0.0006015961841131362,0.024527457758869674
999,1511_def,0.0003993629543501133,0.019984067512649004
1000,1512_off,0.00039167881006899123,0.019790876940373087
1001,1512_def,0.0002941404098010567,0.017150522143685794
1002,1513_off,0.00014509865640553607,0.012045690366497724
1003,1513_def,0.00012840344529937007,0.011331524403158212
1004,1514_off,0.0008972654743841722,0.029954389901718448
1005,1514_def,0.0005137735493230131,0.022666573391737294
1006,1515_off,0.00011551473282344146,0.010747778041225148
1007,1515_def,0.00010335515645638306,0.01016637381057686
1008,1516_off,0.0005999422625671836,0.024493718839065325
1009,1516_def,0.00039933025999082654,0.019983249485277077
1010,1517_off,8.174053857547847e-05,0.009041047426901292
1011,1517_def,7.5278929886197e-05,0.008676343117131606
1012,1518_off,0.0005258921779724479,0.022932339129980786
1013,1518_def,0.00036426294118273355,0.019085673715714978
1014,1519_off,0.0003642967066806538,0.01908655827226726
1015,1519_def,0.00027964743696419215,0.016722662376672925
1016,1520_off,0.0003999587283271413,0.0199989681815623
1017,1520_def,0.00029937215703371915,0.017302374317813122
1018,1521_off,0.00010354891164903184,0.010175898567155228
1019,1521_def,9.344140257795047e-05,0.009666509327464101
1020,1522_off,0.0007412484696244786,0.02722587867497537
1021,1522_def,0.00045647618675545,0.02136530333871836
1022,1525_off,0.000750731052784883,0.027399471761055595
1023,1525_def,0.00046151651467212873,0.02148293542959455
1024,1526_off,0.0008940634124829669,0.02990089317199349
1025,1526_def,0.0005129681964230789,0.02264880121381878
1026,1527_off,0.0008233155410350372,0.02869347558304914
1027,1527_def,0.0004885011266960373,0.022102061593797923
1028,1528_off,0.0007558552910987036,0.027492822537868018
1029,1528_def,0.0004636761947579132,0.021533141776292498
1030,1529_off,0.0008940210621906659,0.02990018498589375
1031,1529_def,0.0005131861527743363,0.022653612355965136
1032,1530_off,0.0008892083380754791,0.029819596544478584
1033,1530_def,0.0005120247932025227,0.02262796484888826
1034,1531_off,0.00015622897062669207,0.012499158796762767
1035,1531_def,0.00013723609225672176,0.01171478093080369
1036,1532_off,0.00065752811480532,0.025642311026998328
1037,1532_def,0.00042592859051085685,0.020638037467522363
1038,1533_off,8.567942776962084e-05,0.009256318262118089
1039,1533_def,7.861112589337268e-05,0.00886629155246841
1040,1535_off,0.0009110671250811632,0.030183888501668622
1041,1535_def,0.0005186977610325584,0.02277493712466751
1042,1536_off,5.374247085663511e-05,0.007330925648008927
1043,1536_def,5.064173870482317e-05,0.0071163009144374414
1044,1538_off,0.00022296845577223786,0.014932128306850229
1045,1538_def,0.0001853729905326633,0.013615175009255786
1046,1539_off,0.0008610341339752662,0.029343383137860335
1047,1539_def,0.0005021894427777211,0.02240958372611417
1048,1540_off,0.00039639326766249133,0.019909627511897135
1049,1540_def,0.000295498700778748,0.017190075647848326
1050,1541_off,0.00013052874712745976,0.011424917817098718
1051,1541_def,0.00011562344167816414,0.010752834123065609
1052,1542_off,0.0002092063969229637,0.014463968920146493
1053,1542_def,0.00017755141148896017,0.013324841893582084
1054,1544_off,0.0002560801624853444,0.01600250488159102
1055,1544_def,0.0002100847967156456,0.014494302215548205
1056,1545_off,0.000641700308499197,0.025331804288269658
1057,1545_def,0.0004175248417457817,0.02043342462109036
1058,1548_off,0.00011516927940156195,0.010731695085193296
1059,1548_def,0.0001031854024647154,0.010158021582213506
1060,1554_off,0.0009165402207643926,0.030274415283608577
1061,1554_def,0.0005205205930715432,0.022814920404672534
1062,1559_off,0.00013820019490465914,0.011755857897433906
1063,1559_def,0.0001230976379313004,0.011094937491094775
1064,1562_off,0.0004277155133444877,0.020681284131902636
1065,1562_def,0.00031429157031866796,0.017728270370193137
1066,1563_off,0.0001182597937742539,0.01087473189436199
1067,1563_def,0.00010656647029497628,0.010323103714240998
1068,1564_off,0.0008648489048543629,0.02940831353298524
1069,1564_def,0.0005033672492818082,0.022435847416173257
1070,1565_off,0.00030369417347327125,0.017426823390201417
1071,1565_def,0.0002399997892952451,0.015491926584361453
1072,1569_off,0.00044566058259891254,0.02111067461259617
1073,1569_def,0.00032361854453952335,0.01798940089440233
1074,1572_off,0.0009120794188545161,0.030200652622990053
1075,1572_def,0.0005198439894714106,0.02280008748824027
1076,1575_off,0.0009353739457658503,0.030583883758702888
1077,1575_def,0.000527340473250118,0.022963894993012792
1078,1576_off,0.0007368092837739687,0.0271442311324887
1079,1576_def,0.0004562893692891639,0.02136093090876809
1080,1578_off,0.000957262771136756,0.030939663397276253
1081,1578_def,0.0005335425321562641,0.023098539610898867
1082,1585_off,0.0008572078682129772,0.02927811244279551
1083,1585_def,0.0005007816396349452,0.022378150943162065
1084,1591_off,0.000947244112089136,0.030777331139803788
1085,1591_def,0.0005305259185739654,0.023033148255806574
1086,1593_off,0.0007660307100919516,0.02767725980099821
1087,1593_def,0.0004681499399683822,0.021636772864001282
1088,1594_off,0.00023777792367802648,0.015420049405823137
1089,1594_def,0.00019701695307795057,0.014036272763021905
1090,1600_off,0.00047270911264384074,0.02174187463499504
1091,1600_def,0.00033613627529032223,0.018334019616284974
1092,1601_off,0.0004661246173231956,0.021589919344990514
1093,1601_def,0.0003340707595281332,0.018277602674534023
1094,1607_off,0.00012012522049212741,0.010960165167191935
1095,1607_def,0.00010794517776508402,0.010389666874596318
1096,1609_off,0.0005159819862542729,0.022715236874271703
1097,1609_def,0.00036010449679170834,0.01897641949345841
1098,1612_off,0.000724677541551239,0.026919835466645017
1099,1612_def,0.0004526307704408362,0.021275120926585497
1100,1619_off,0.0008113523468618477,0.02848424734589011
1101,1619_def,0.00048606195848213755,0.022046812887175724
1102,1630_off,0.00011896980687310771,0.010907328127140382
1103,1630_def,0.00010703682921426053,0.010345860486893323
1104,1666_off,0.0008226399700209439,0.028681700961082204
1105,1666_def,0.0004890415650519097,0.022114284185835855
1106,1667_off,0.0009052446033008089,0.030087283082737944
1107,1667_def,0.0005174611771588117,0.022747773015370357
1108,1677_off,0.0007753199755103598,0.0278445681509044
1109,1677_def,0.0004713928440207475,0.02171158317628513
1110,1680_off,0.0009219433692516064,0.030363520369871583
1111,1680_def,0.000522632691699246,0.02286116120627397
1112,1682_off,0.0009450500459579704,0.030741666284669254
1113,1682_def,0.0005302925338062732,0.02302808141826568
1114,1683_off,0.0006431448512924504,0.025360300694046402
1115,1683_def,0.00041937456334393007,0.020478636755016922
1116,1709_off,0.00012343025691421926,0.011109917052535508
1117,1709_def,0.00010989139973985264,0.01048290988895033
1118,1710_off,5.9104173292860444e-05,0.0076879238610212865
1119,1710_def,5.480622471559072e-05,0.007403122632753744
1120,1711_off,0.00010295956461116745,0.010146899260915497
1121,1711_def,9.343366099768104e-05,0.009666108886086534
1122,1712_off,5.241224730968743e-05,0.00723963032962923
1123,1712_def,4.8954172443879643e-05,0.006996725837409927
1124,1713_off,3.800850636030902e-05,0.006165103921290299
1125,1713_def,3.611038142684668e-05,0.00600919141206591
1126,1714_off,0.00018511101615514844,0.013605550931702414
1127,1714_def,0.00015831228753349013,0.012582221089040287
1128,1715_off,7.181534407159732e-05,0.008474393433845121
1129,1715_def,6.638026155487175e-05,0.008147408272258839
1130,1716_off,6.397304367339442e-05,0.007998315052146572
1131,1716_def,5.997432200428637e-05,0.007744309007541368
1132,1717_off,4.118643567741731e-05,0.006417665905718161
1133,1717_def,3.887728406767519e-05,0.006235165119519707
1134,1718_off,4.469250360880807e-05,0.006685245216804547
1135,1718_def,4.205535665599023e-05,0.006485010150800863
1136,1719_off,9.394269548389446e-05,0.00969240400952697
1137,1719_def,8.627773913110878e-05,0.009288581115063203
1138,1720_off,0.00013724084122122452,0.011714983620185925
1139,1720_def,0.0001222526677489378,0.011056792832866943
1140,1721_off,0.00015212471250197326,0.012333884728745168
1141,1721_def,0.0001336148801115795,0.011559190287886928
1142,1722_off,0.00021313701231369581,0.01459921272924317
1143,1722_def,0.00017681928784662248,0.013297341382645723
1144,1723_off,8.408763979970231e-05,0.009169931286531121
1145,1723_def,7.728729897683674e-05,0.008791319524214596
1146,1724_off,0.0002633406805141641,0.016227774971146355
1147,1724_def,0.0002147108732666215,0.014653015842024518
1148,1725_off,8.21337140814036e-05,0.009062765255781681
1149,1725_def,7.582266191425002e-05,0.008707620910113739
1150,1726_off,0.0009005380055887438,0.030008965420166418
1151,1726_def,0.0005149831846381767,0.02269324094610941
1152,1727_off,0.0001269215082859652,0.011265944624662648
1153,1727_def,0.00011380658684066488,0.010668017006016857
1154,1728_off,0.00039170277520662877,0.019791482390327127
1155,1728_def,0.0002948026119673535,0.01716981688799719
1156,1729_off,7.971424141396028e-05,0.00892828322881618
1157,1729_def,7.287290410736508e-05,0.00853656278061405
1158,1730_off,0.00011257923125680764,0.010610336057675442
1159,1730_def,0.00010208770173984825,0.010103845888563832
1160,1731_off,0.00011154885017304774,0.010561668910406524
1161,1731_def,0.0001008070385556915,0.010040270840753825
1162,1732_off,0.0002531418407061078,0.0159104318202275
1163,1732_def,0.00020667814587454128,0.014376305014660105
1164,1733_off,5.313505892565944e-05,0.00728937987250352
1165,1733_def,5.030477965272594e-05,0.007092586245702335
1166,1734_off,0.0006191806782279113,0.024883341379885286
1167,1734_def,0.00040771001895762755,0.02019183050041842
1168,1735_off,0.0002789338714578622,0.016701313465050053
1169,1735_def,0.0002252410442762774,0.015008032658422536
1170,1736_off,0.0003924043659494383,0.019809199023419353
1171,1736_def,0.0002937942113426549,0.01714042622990032
1172,1737_off,8.066307494709014e-05,0.008981262436155072
1173,1737_def,7.487579420230871e-05,0.008653080041367276
1174,1738_off,0.0004915145068322679,0.02217012645052499
1175,1738_def,0.00034707367200584386,0.018629913365494855
1176,1739_off,9.021515743850631e-05,0.009498166003945515
1177,1739_def,8.267369406847001e-05,0.009092507578686421
1178,1740_off,5.362052144922604e-05,0.00732260346114864
1179,1740_def,5.037527994468415e-05,0.007097554504523664
1180,1741_off,0.0002720817458433345,0.01649490060119595
1181,1741_def,0.00021982172507817988,0.014826386109844162
1182,1742_off,0.0002007166763004817,0.014167451298680425
1183,1742_def,0.00017083665252203941,0.013070449591427198
1184,1743_off,0.0006843628843564728,0.026160330356409356
1185,1743_def,0.00043661570637735825,0.020895351310216304
1186,1744_off,0.00022538165353417,0.015012716394249576
1187,1744_def,0.0001888638715053427,0.013742775247574366
1188,1745_off,0.0009534983416415787,0.030878768460571394
1189,1745_def,0.0005321420626950518,0.023068204583258138
1190,1746_off,0.0009411892770181734,0.030678808272456958
1191,1746_def,0.0005284101270555515,0.022987173098394494
1192,1747_off,7.919066464488942e-05,0.008898913677797387
1193,1747_def,7.291937085015896e-05,0.008539283977603682
1194,1748_off,0.0009538674709780467,0.03088474495569045
1195,1748_def,0.0005326012581829373,0.023078155432853322
1196,1749_off,7.632590709947434e-05,0.008736469944976307
1197,1749_def,6.975886392571315e-05,0.008352177196738175
1198,1750_off,0.0009513179234962615,0.030843442147339223
1199,1750_def,0.0005320367530374018,0.023065921898710266
1200,1751_off,0.000212940004970657,0.014592463978734264
1201,1751_def,0.00017838669001018473,0.013356148022921307
1202,1752_off,0.0003595580552327138,0.01896201611729918
1203,1752_def,0.00027523243079929027,0.01659013052387745
1204,1753_off,0.0006330561498413827,0.02516060710399061
1205,1753_def,0.00041323229016886477,0.020328115755496493
1206,1754_off,0.0007829763982070995,0.027981715426454817
1207,1754_def,0.0004738419027383866,0.02176790993040872
1208,1755_off,0.0009629526853054191,0.031031478941639552
1209,1755_def,0.0005355408133480836,0.023141754759483636
1210,1756_off,0.0007449039378134938,0.02729292834808119
1211,1756_def,0.00046057930493045954,0.02146111145608399
1212,1757_off,0.0006877547882739408,0.02622507937593213
1213,1757_def,0.000436054730326678,0.020881923530333073
1214,1760_off,0.000642961270015933,0.025356680973974748
1215,1760_def,0.0004186778250738735,0.020461618339561352
1216,1761_off,0.00010911181445465838,0.010445660077499095
1217,1761_def,9.915883521564677e-05,0.009957852942057678
1218,1762_off,0.0005182831333624761,0.022765832586630258
1219,1762_def,0.0003603086649894522,0.018981798254892823
1220,1763_off,0.00017791408885398213,0.013338444019224361
1221,1763_def,0.00015298549789818095,0.012368730650239778
1222,1764_off,0.0007905081907551547,0.028115977499549163
1223,1764_def,0.0004775569872001487,0.021853077293602124
1224,1765_off,0.0008601418203607294,0.029328174514632332
1225,1765_def,0.0005017878813300271,0.022400622342471362
1226,1766_off,0.0005905354991772668,0.02430093617902954
1227,1766_def,0.00039448792494331113,0.019861720090246743
1228,1800_off,9.382194011582896e-05,0.009686172624717616
1229,1800_def,8.626004319053937e-05,0.00928762850196644
1230,1801_off,0.0009621835895395021,0.03101908427951254
1231,1801_def,0.000535184477204401,0.023134054491255978
1232,1802_off,6.484781230425233e-05,0.008052813937019303
1233,1802_def,6.0726093612431474e-05,0.007792694887677271
1234,1817_off,0.0009497754728782674,0.03081842748873257
1235,1817_def,0.0005313278941563195,0.023050550842795916
1236,1820_off,0.0009614302033098219,0.031006937986680045
1237,1820_def,0.0005349510121444899,0.023129008023356514
1238,1823_off,0.0009470525425716239,0.030774218797097415
1239,1823_def,0.0005307889250849616,0.023038856852825
1240,1824_off,0.0009599129838482775,0.03098246252072739
1241,1824_def,0.0005345999233471815,0.02312141698398222
1242,1829_off,0.0009134380729539645,0.030223138039488298
1243,1829_def,0.0005195133893652763,0.022792836360691845
1244,1831_off,0.000829757362090085,0.028805509231570357
1245,1831_def,0.0004922806837176705,0.022187399210310127
1246,1838_off,0.0001905711437440241,0.013804750767182437
1247,1838_def,0.0001626867902469535,0.012754873196035839
1248,1844_off,0.0009347903418362597,0.030574341233070904
1249,1844_def,0.000526683181419503,0.022949579112033908
1250,1845_off,0.0009214145984176691,0.03035481178359815
1251,1845_def,0.0005225465450796541,0.022859277002557497
1252,1847_off,0.0006702291692404862,0.025888784622698807
1253,1847_def,0.0004295572036572415,0.02072576183538838
1254,1852_off,0.0008459855809312205,0.029085831274543634
1255,1852_def,0.0004967365387304374,0.022287587099783533
1256,1853_off,0.00010607785283100171,0.01029941031472199
1257,1853_def,9.622314043855917e-05,0.009809339449655067
1258,1855_off,0.0009148215067222641,0.03024601637773583
1259,1855_def,0.0005204017188616388,0.02281231507019046
1260,1858_off,0.0009640960527096692,0.031049896178726093
1261,1858_def,0.0005358941793079586,0.02314938831390494
1262,1861_off,0.0009249318327843306,0.03041269196872139
1263,1861_def,0.0005237996609247513,0.022886669939612254
1264,1863_off,9.992010608584243e-05,0.009996004506093543
1265,1863_def,9.144946992566655e-05,0.009562921620805357
1266,1864_off,0.0008551259195053643,0.029242536133265943
1267,1864_def,0.0005007850241124417,0.02237822656316719
1268,1868_off,0.0009621796033932765,0.03101902002632057
1269,1868_def,0.0005351833297078692,0.023134029690217595
1270,1869_off,0.0005400559002075239,0.023239102827078414
1271,1869_def,0.0003699817529741851,0.019234909746972693
1272,1871_off,0.0008220706096180904,0.0286717737438424
1273,1871_def,0.0004883465954457023,0.022098565461262463
1274,1872_off,0.0007988589039647922,0.02826409213056015
1275,1872_def,0.0004806961172616954,0.021924783174793207
1276,1882_off,5.2006461202562926e-05,0.007211550540803477
1277,1882_def,4.876244210913501e-05,0.006983010962982588
1278,1883_off,9.969707467471669e-05,0.009984842245860307
1279,1883_def,8.944234807748284e-05,0.009457396474584474
1280,1884_off,6.260805993515991e-05,0.00791252550928968
1281,1884_def,5.8376949535787324e-05,0.007640480975422118
1282,1885_off,5.4400750970547704e-05,0.007375686474528843
1283,1885_def,5.102992532616171e-05,0.007143523313195087
1284,1886_off,0.0002514126351032394,0.015855996818340982
1285,1886_def,0.00020732255385601614,0.01439869972796211
1286,1887_off,8.288255221029714e-05,0.009103985512416918
1287,1887_def,7.615873504131473e-05,0.008726897217299785
1288,1888_off,6.816782856569908e-05,0.008256381081666415
1289,1888_def,6.318439357933103e-05,0.007948861149833416
1290,1889_off,4.418450839679504e-05,0.006647142874709031
1291,1889_def,4.177108722746896e-05,0.006463055564318549
1292,1890_off,4.424080560533473e-05,0.006651376218898968
1293,1890_def,4.17350489336346e-05,0.006460266939812519
1294,1891_off,4.360011481046056e-05,0.006603038301453396
1295,1891_def,4.109909281979494e-05,0.00641085741689791
1296,1892_off,0.0004356898285841957,0.02087318443803426
1297,1892_def,0.0003196480824709129,0.01787870472016675
1298,1893_off,0.0008627200716035037,0.029372096820000845
1299,1893_def,0.0005036931999035375,0.02244311029923298
1300,1894_off,6.656448383712623e-05,0.008158706014873084
1301,1894_def,6.231892159786655e-05,0.007894233439534618
1302,1895_off,0.0005148223535340212,0.022689697078939183
1303,1895_def,0.0003590709741614099,0.018949168165421137
1304,1897_off,4.9807862060263606e-05,0.007057468530589676
1305,1897_def,4.711964009614682e-05,0.006864374705400837
1306,1898_off,0.0004888218095800091,0.0221093149957209
1307,1898_def,0.0003470382015151652,0.01862896136436933
1308,1899_off,6.17275407090838e-05,0.007856687642326365
1309,1899_def,5.799765201923584e-05,0.007615618951814477
1310,1900_off,0.0004101932980253129,0.020253229323377368
1311,1900_def,0.0003046621903435556,0.0174545750547974
1312,1901_off,0.00020623096406673674,0.014360743854923976
1313,1901_def,0.00017394233289285617,0.013188719911077654
1314,1902_off,9.455288579835974e-05,0.009723830819093868
1315,1902_def,8.637308104939598e-05,0.009293711909102626
1316,1903_off,8.661904209986753e-05,0.009306935161473273
1317,1903_def,7.982645128159673e-05,0.008934564974390009
1318,1904_off,0.00010625898355636791,0.010308199821325153
1319,1904_def,9.632308876148707e-05,0.009814432676496745
1320,1905_off,7.218417015938388e-05,0.008496126773970825
1321,1905_def,6.693399002425037e-05,0.008181319577198434
1322,1906_off,0.0008096172166670374,0.028453773329156846
1323,1906_def,0.0004835606302758047,0.021990012057200074
1324,1907_off,0.0002794406429210242,0.016716478185342276
1325,1907_def,0.00022368152159939685,0.014955986146001769
1326,1908_off,0.00013143188366442974,0.011464374543097837
1327,1908_def,0.00011674784041329199,0.0108049914582702
1328,1909_off,0.00019500899960478278,0.013964562277593335
1329,1909_def,0.00016714205419766847,0.012928343056929935
1330,1910_off,0.0008938496692571682,0.02989731876368127
1331,1910_def,0.0005140400295541758,0.022672450894294066
1332,1911_off,0.0008423976836815255,0.029024087990521346
1333,1911_def,0.0004948313420370258,0.022244804832522714
1334,1913_off,0.00018900128487183985,0.013747773815125118
1335,1913_def,0.00016107394357934288,0.012691490991185507
1336,1914_off,0.0005549983193933547,0.023558402309862923
1337,1914_def,0.0003796819479139253,0.01948542911803395
1338,1915_off,0.00038246363419509676,0.01955667748353735
1339,1915_def,0.0002894207411077517,0.017012370237793194
1340,1916_off,0.00022563746960700754,0.015021233957535164
1341,1916_def,0.00018893298881394598,0.013745289695526464
1342,1917_off,0.00048613565486551306,0.022048484185211305
1343,1917_def,0.0003462560731845747,0.018607957254480532
1344,1918_off,0.00046630762472596156,0.021594157189526095
1345,1918_def,0.00033603989033039605,0.01833139084549768
1346,1919_off,0.00045388359026949125,0.02130454388785386
1347,1919_def,0.0003284801569049165,0.01812402154338039
1348,1920_off,0.0009165817691299201,0.030275101471835236
1349,1920_def,0.0005212158816140029,0.02283015290386823
1350,1921_off,0.00013839814814089655,0.011764274229245787
1351,1921_def,0.0001231052264381316,0.011095279466427676
1352,1922_off,0.00015780334426127694,0.012561980109094144
1353,1922_def,0.00013829742707480817,0.011759992647736145
1354,1924_off,0.00020180303374236683,0.014205739464820788
1355,1924_def,0.0001714460350328986,0.013093740299582034
1356,1926_off,0.0009481854807717743,0.03079262055707137
1357,1926_def,0.0005310460913445532,0.023044437318896577
1358,1928_off,0.00026999843760903123,0.016431629183043025
1359,1928_def,0.00021924329403466675,0.01480686644886982
1360,1930_off,0.0008697530501755392,0.029491575918820262
1361,1930_def,0.0005054863063413267,0.022483022624667857
1362,1934_off,0.00024555674704521466,0.015670250382339608
1363,1934_def,0.00020227243474190714,0.014222251394976364
1364,1937_off,0.0008672944634858541,0.029449863556319816
1365,1937_def,0.0005049177499186905,0.02247037493943282
1366,1938_off,5.5410273646663665e-05,0.007443807738426864
1367,1938_def,5.232862583485882e-05,0.007233852765633181
1368,1942_off,0.0008109316174191694,0.02847686108789326
1369,1942_def,0.00048540958543364217,0.022032012741318985
1370,1943_off,0.0009341514672292873,0.030563891558983244
1371,1943_def,0.0005262854156424858,0.022940911395201494
1372,1944_off,0.00020207950683553928,0.014215467169092237
1373,1944_def,0.00017160830698681348,0.013099935381016713
1374,1950_off,0.0009648660664001592,0.031062293321648986
1375,1950_def,0.0005361319427937344,0.023154523160577815
1376,1952_off,7.651524237654481e-05,0.008747299147539474
1377,1952_def,7.078037160830439e-05,0.008413107131631237
1378,1953_off,0.0008421705669396649,0.02902017517072674
1379,1953_def,0.0004954922264142629,0.0222596546786841
1380,1954_off,0.0009625646077178677,0.031025225345158537
1381,1954_def,0.000535420729367588,0.023139160083451345
1382,1956_off,0.00016525538843811973,0.01285516971642614
1383,1956_def,0.00014355371620699327,0.011981390412092967
1384,1960_off,0.0001491039517815369,0.012210812904206537
1385,1960_def,0.00013141661009249346,0.011463708391811676
1386,1965_off,0.0008176960900094347,0.028595385816761326
1387,1965_def,0.00048666068781887453,0.02206038729983847
1388,1967_off,0.0009618035068595703,0.03101295708022004
1389,1967_def,0.0005350663534384298,0.023131501322621276
1390,1975_off,0.0008904790730806234,0.029840895983207733
1391,1975_def,0.0005126059412937389,0.022640802576183974
1392,1983_off,0.0004892146797734217,0.022118197932323096
1393,1983_def,0.0003451340927299694,0.01857778492528023
1394,1985_off,0.0004591244180601877,0.021427188757748593
1395,1985_def,0.00033164420560621074,0.018211101164021103
1396,2000_off,0.0007035306249488025,0.026524151729109123
1397,2000_def,0.00044442013786567103,0.021081274578774192
1398,2030_off,6.498956601116935e-05,0.008061610633810674
1399,2030_def,6.072352891577313e-05,0.007792530328190782
1400,2031_off,0.00012217982043595017,0.011053498108560484
1401,2031_def,0.00010967147933755667,0.010472415162585786
1402,2032_off,0.00012013434200896844,0.010960581280615023
1403,2032_def,0.00010812697098042366,0.01039841194512045
1404,2033_off,0.00020408830632944329,0.014285947862478124
1405,2033_def,0.00017206904300355887,0.013117509024336857
1406,2034_off,5.51773813040981e-05,0.007428147905373055
1407,2034_def,5.1914465591945726e-05,0.0072051693659445455
1408,2035_off,0.00019028527446149945,0.013794392863098378
1409,2035_def,0.00016249763628116475,0.012747456070964306
1410,2036_off,0.00014976725201047768,0.01223794312825802
1411,2036_def,0.00013196323166270838,0.011487525045139549
1412,2037_off,4.0264170097485155e-05,0.006345405432081165
1413,2037_def,3.840675959294594e-05,0.0061973187422421595
1414,2038_off,0.00012414432581450677,0.011142007261463563
1415,2038_def,0.00011072100450481492,0.010522404882193753
1416,2039_off,9.219272331240113e-05,0.009601704187924201
1417,2039_def,8.47074992904967e-05,0.009203667708609253
1418,2040_off,0.00048277805933923774,0.021972211070787524
1419,2040_def,0.00034359417669192874,0.018536293499292915
1420,2041_off,0.00017686164859424724,0.013298934114967532
1421,2041_def,0.000152666668619556,0.012355835407594098
1422,2042_off,0.0002650501007179382,0.01628035935469295
1423,2042_def,0.00021473531411137214,0.01465384980513217
1424,2043_off,0.00040619001056338617,0.02015415616103503
1425,2043_def,0.00030201859416546155,0.017378682175742254
1426,2044_off,0.00038429057931187887,0.019603330821875115
1427,2044_def,0.00028973799006115305,0.01702169175085582
1428,2045_off,5.854681472873081e-05,0.007651589032921908
1429,2045_def,5.519267330718924e-05,0.0074291771621889085
1430,2046_off,7.983364749756317e-05,0.008934967683073239
1431,2046_def,7.372026084380149e-05,0.008586050363455918
1432,2047_off,6.837333954498209e-05,0.008268817300254135
1433,2047_def,6.407044433668332e-05,0.008004401560184454
1434,2048_off,0.00010806009120162909,0.010395195582653992
1435,2048_def,9.74366931582166e-05,0.00987100264199218
1436,2049_off,0.0001424988656755083,0.01193728887459411
1437,2049_def,0.00012636425744288768,0.011241185766763561
1438,2050_off,8.565638373982111e-05,0.009255073405425864
1439,2050_def,7.826295467023741e-05,0.008846635217428003
1440,2051_off,0.0003058194695996781,0.01748769480519597
1441,2051_def,0.0002407856720820459,0.015517270123383362
1442,2052_off,7.694851983849855e-05,0.008772030542496905
1443,2052_def,7.143394258220778e-05,0.008451860303046175
1444,2053_off,0.0005712212361413407,0.023900235064562455
1445,2053_def,0.0003874390747023152,0.019683472120088853
1446,2054_off,0.00021708255203718417,0.014733721594939419
1447,2054_def,0.00018281412107412526,0.013520877230199424
1448,2055_off,0.0005996483906614401,0.024487719180467587
1449,2055_def,0.0003999215299930319,0.019998038153604767
1450,2056_off,0.00020731294313275735,0.014398365988290385
1451,2056_def,0.00017502552987987567,0.01322972145889231
1452,2057_off,0.0008088126079434431,0.0284396309389458
1453,2057_def,0.00048386774312853757,0.021996993956641838
1454,2058_off,0.000198060130443949,0.014073383759563619
1455,2058_def,0.0001690547889891193,0.01300210709804835
1456,2059_off,0.0001054063044012326,0.01026675724857818
1457,2059_def,9.605035471656606e-05,0.009800528287626441
1458,2060_off,0.000123594066565356,0.011117286834716283
1459,2060_def,0.00011083066036771324,0.010527614182126605
1460,2061_off,0.0005092199476628295,0.022565902323258193
1461,2061_def,0.0003569690640891835,0.018893624958942725
1462,2062_off,0.0005280233262077612,0.022978758151992486
1463,2062_def,0.0003659726961134396,0.019130412857893048
1464,2063_off,0.00018285520840901582,0.013522396548282993
1465,2063_def,0.00015716473285447651,0.012536535919243263
1466,2064_off,0.0005974775131250779,0.024443353148148023
1467,2064_def,0.0003979229666889067,0.01994800658434087
1468,2065_off,0.0008519365666077519,0.02918795242232233
1469,2065_def,0.0004990762811740252,0.02234001524560861
1470,2066_off,0.0007864819253417222,0.028044285074533853
1471,2066_def,0.0004748638003812382,0.021791369860135874
1472,2067_off,0.00010167838870991031,0.010083570236275955
1473,2067_def,9.302649783511715e-05,0.009645024511898203
1474,2068_off,0.0007290478577996892,0.027000886241004926
1475,2068_def,0.0004547737580106383,0.021325425154276254
1476,2069_off,0.00037696180530638883,0.01941550425063405
1477,2069_def,0.0002840348002573077,0.016853332022401614
1478,2071_off,0.0006762693804956785,0.026005179878164246
1479,2071_def,0.0004322862356717619,0.02079149431069739
1480,2072_off,9.145540298834759e-05,0.009563231827596129
1481,2072_def,8.332818320827755e-05,0.009128427203427629
1482,2073_off,0.00017517326711318193,0.01323530381642907
1483,2073_def,0.0001516370965416949,0.012314101532052386
1484,2074_off,0.000538296248890944,0.023201212228910455
1485,2074_def,0.00037223646962029807,0.0192934307374375
1486,2078_off,0.00020539842288738725,0.014331727840263616
1487,2078_def,0.00017380888070404318,0.013183659609685134
1488,2079_off,0.0009107712790875798,0.03017898737677558
1489,2079_def,0.000518445155146448,0.02276939075044495
1490,2080_off,0.0008104204274641007,0.028467884140977194
1491,2080_def,0.00048404990402612914,0.022001134153177858
1492,2081_off,0.0009508641606387596,0.030836085365019333
1493,2081_def,0.0005318963352991114,0.023062877862467888
1494,2082_off,0.0009237873732214598,0.030393870652180185
1495,2082_def,0.0005226421280060006,0.022861367588269968
1496,2084_off,0.0005363398974616252,0.023159013309327865
1497,2084_def,0.0003702482849974914,0.019241836840527764
1498,2091_off,0.00047122921166722355,0.02170781452996187
1499,2091_def,0.00033756621437887546,0.018372975109624337
1500,2092_off,0.0009094894626409701,0.03015774299646726
1501,2092_def,0.0005181755078431285,0.02276346871289893
1502,2098_off,0.0002780533696512947,0.016674932373215032
1503,2098_def,0.00022441300075921942,0.014980420580184638
1504,2101_off,0.0006730845036178909,0.025943872178568313
1505,2101_def,0.0004300881252874862,0.02073856613383592
1506,2106_off,0.0007752781458931049,0.027843817013712486
1507,2106_def,0.00047046816391188844,0.021690278096693192
1508,2109_off,0.00040628904824018723,0.020156613015092275
1509,2109_def,0.00030056469269755455,0.017336801685938343
1510,2121_off,0.0009561894668007817,0.030922313412821843
1511,2121_def,0.0005333264959197667,0.02309386273276445
1512,2123_off,0.0009538677892455799,0.03088475010819385
1513,2123_def,0.0005327205995318987,0.02308074087918104
1514,2124_off,0.00015867098205556894,0.012596467046579725
1515,2124_def,0.00013981401061402367,0.011824297468096092
1516,2128_off,0.0007440414526297095,0.027277123246957503
1517,2128_def,0.00045936458542046804,0.021432792291730632
1518,2130_off,0.0005925364315762642,0.02434207122609463
1519,2130_def,0.0003974241372973589,0.01993549942432742
1520,2137_off,0.00019380649309412237,0.013921440051019232
1521,2137_def,0.0001657907296265873,0.01287597490004494
1522,2143_off,0.0008444186087289638,0.029058881752898953
1523,2143_def,0.0004957380628378001,0.022265176011830673
1524,2173_off,0.0009296602567320669,0.03049033054481481
1525,2173_def,0.0005247202952209293,0.022906774002921695
1526,2198_off,0.0001028582425240151,0.01014190527090522
1527,2198_def,9.366336735785819e-05,0.009677983641123713
1528,2199_off,4.769137387060492e-05,0.006905894139834821
1529,2199_def,4.516282404421031e-05,0.00672032916189455
1530,2200_off,4.272908165659892e-05,0.006536748553875919
1531,2200_def,4.044325661202501e-05,0.006359501286423725
1532,2201_off,0.00011401776634875464,0.010677910205126968
1533,2201_def,0.00010295841288111164,0.010146842507948551
1534,2202_off,5.673773334096892e-05,0.007532445375903427
1535,2202_def,5.33513234989002e-05,0.0073041990319883945
1536,2203_off,5.776735315839135e-05,0.007600483745025138
1537,2203_def,5.409545688070148e-05,0.007354961378600263
1538,2204_off,0.0001940494240555942,0.013930162384394311
1539,2204_def,0.00016496342941919843,0.012843808991852784
1540,2205_off,0.00014403220488268354,0.01200134179509456
1541,2205_def,0.00012704620295852023,0.011271477407976304
1542,2206_off,0.0003032930966119635,0.017415312130764797
1543,2206_def,0.00024016728240239913,0.015497331460687002
1544,2207_off,4.306501955533916e-05,0.006562394346222967
1545,2207_def,4.0766044808054215e-05,0.00638482927007874
1546,2208_off,0.00040624228925585133,0.020155453089817935
1547,2208_def,0.00030266931495391233,0.01739739391270751
1548,2209_off,8.180521075107026e-05,0.009044623306200776
1549,2209_def,7.602877415696653e-05,0.008719448041990189
1550,2210_off,4.910236775106632e-05,0.007007308167268393
1551,2210_def,4.6230168568768484e-05,0.006799277062215401
1552,2211_off,8.153562573033716e-05,0.009029707953767783
1553,2211_def,7.539377232347903e-05,0.008682958730955655
1554,2212_off,0.00017957302843940755,0.0134004861269809
1555,2212_def,0.0001552328611304866,0.012459248016252289
1556,2213_off,0.0008684328143275714,0.02946918414764093
1557,2213_def,0.0005050943580471951,0.022474304395179733
1558,2214_off,0.0004078098272801946,0.020194301851764886
1559,2214_def,0.0003031785800397625,0.01741202400755761
1560,2215_off,0.00010229932827663014,0.010114313040272688
1561,2215_def,9.287361763372077e-05,0.009637095912863002
1562,2216_off,5.065902220523799e-05,0.007117515170706557
1563,2216_def,4.788552711153318e-05,0.006919936929736656
1564,2217_off,8.793236873269805e-05,0.009377226068123667
1565,2217_def,8.02450367179766e-05,0.00895795940591252
1566,2218_off,0.0008832866628956228,0.02972013901205078
1567,2218_def,0.0005103702128367315,0.022591374744285297
1568,2219_off,0.0005593884515362791,0.023651394283134328
1569,2219_def,0.0003793387143467045,0.019476619684809387
1570,2220_off,0.0006450608789362004,0.02539804872300627
1571,2220_def,0.00041840104202826053,0.020454853752306823
1572,2221_off,0.00041576228405748345,0.020390249730140222
1573,2221_def,0.000307144428496352,0.017525536468147043
1574,2222_off,7.050611155853679e-05,0.008396791742001036
1575,2222_def,6.551474525088146e-05,0.008094117941498101
1576,2223_off,7.546575482936124e-05,0.008687102786853695
1577,2223_def,7.003009990821666e-05,0.008368398885582395
1578,2224_off,0.00010828119391675481,0.010405824999333537
1579,2224_def,9.799644272166879e-05,0.009899315265293291
1580,2225_off,6.418948553988478e-05,0.008011834093382412
1581,2225_def,5.934151921034638e-05,0.0077033446768495556
1582,2226_off,0.0004555915072144358,0.02134458964736581
1583,2226_def,0.0003285841561519587,0.018126890415952723
1584,2228_off,0.0006977242640816264,0.02641447073256677
1585,2228_def,0.0004421927261700578,0.02102837906663416
1586,2229_off,9.547733652662289e-05,0.009771250509869394
1587,2229_def,8.71437799290072e-05,0.009335083284524419
1588,2230_off,0.00010851480126737375,0.010417043787340713
1589,2230_def,9.854443462050478e-05,0.009926954952073913
1590,2237_off,0.0009610602331218346,0.03100097148674271
1591,2237_def,0.0005348417604921959,0.0231266461142163
1592,2238_off,0.0007848448516174569,0.028015082573811145
1593,2238_def,0.00047519271087636324,0.021798915360089897
1594,2239_off,9.578259400715907e-05,0.009786858229644438
1595,2239_def,8.706721839622443e-05,0.009330981641618658
1596,2240_off,9.327378305490918e-05,0.00965783531930987
1597,2240_def,8.48616118157609e-05,0.00921203624698475
1598,2241_off,0.0008340883043720666,0.02888058698108587
1599,2241_def,0.0004927337781642043,0.022197607487389363
1600,2242_off,0.0004305749222950822,0.020750299330252617
1601,2242_def,0.0003151691802218097,0.01775300482233387
1602,2243_off,0.00016779102869623374,0.012953417645402842
1603,2243_def,0.00014568489010514834,0.012069999590105558
1604,2244_off,0.0007959266718107932,0.02821217240502392
1605,2244_def,0.0004797850737220592,0.021903996752238145
1606,2245_off,0.0007616736139122059,0.027598434990270843
1607,2245_def,0.00046564489362688324,0.02157880658486199
1608,2246_off,9.353591494643298e-05,0.009671396742272182
1609,2246_def,8.539199026020388e-05,0.00924077866092484
1610,2248_off,7.692363172632275e-05,0.008770611821664595
1611,2248_def,7.097219211931072e-05,0.008424499517437858
1612,2249_off,0.0007188394715132024,0.02681118183730815
1613,2249_def,0.0004510357404692897,0.021237602041409707
1614,2250_off,0.00012102246029735574,0.011001020875234977
1615,2250_def,0.00010869942490113353,0.010425901634925084
1616,2253_off,0.000698132215162147,0.02642219171761016
1617,2253_def,0.000441701921712933,0.021016705776903597
1618,2254_off,0.00035478727069286273,0.018835797585790275
1619,2254_def,0.00027379090992104676,0.01654662835507726
1620,2256_off,0.0008712477226143678,0.029516905708667496
1621,2256_def,0.0005053211304626882,0.02247934897773261
1622,2257_off,0.000803130711239629,0.028339560886499793
1623,2257_def,0.00048172562814992917,0.021948248862948706
1624,2260_off,0.0001516989234747507,0.012316611688071955
1625,2260_def,0.00013316929019165067,0.011539899921214684
1626,2261_off,0.0005643753882058685,0.02375658620689994
1627,2261_def,0.00038196237502898336,0.0195438577314967
1628,2264_off,0.0008833880150408466,0.029721844072009507
1629,2264_def,0.000508802927793051,0.02255666038652555
1630,2294_off,0.00014814645333959746,0.012171542767439035
1631,2294_def,0.00013005945344704082,0.011404361159093516
1632,2306_off,0.00012180567795409169,0.011036560965902905
1633,2306_def,0.00010939896567280612,0.010459396047229789
1634,2321_off,0.0008848666365227086,0.029746707994712768
1635,2321_def,0.0005102104404981414,0.022587838331680644
1636,2343_off,0.000865580246222644,0.02942074516769832
1637,2343_def,0.0005040636775792199,0.022451362488259366
1638,2347_off,0.0009004844519373666,0.03000807311270363
1639,2347_def,0.0005157449563915176,0.022710018854935315
1640,2349_off,0.0008972190796801558,0.029953615469257726
1641,2349_def,0.0005145588786765301,0.02268389028973051
1642,2351_off,0.0005447148357536195,0.02333912671360305
1643,2351_def,0.0003737413741042181,0.019332391836092557
1644,2352_off,0.0008087172854322515,0.0284379550149488
1645,2352_def,0.00048388524324093996,0.02199739173722512
1646,2357_off,0.0004576479371155101,0.021392707568597062
1647,2357_def,0.0003295675978375259,0.018153996745552365
1648,2365_off,0.00010195244159436186,0.01009715017192286
1649,2365_def,9.282571065882308e-05,0.009634610041865891
1650,2366_off,0.0003737738906479753,0.019333232803852938
1651,2366_def,0.00028302469805396147,0.016823337898703737
1652,2367_off,0.000953513654775871,0.03087901641529197
1653,2367_def,0.0005322602042257197,0.023070765141748543
1654,2369_off,0.0009192422511723207,0.030319008083582167
1655,2369_def,0.0005215769453620142,0.022838059141748763
1656,2370_off,0.0007137133776071895,0.026715414606687082
1657,2370_def,0.00044751868920972504,0.021154637534349888
1658,2397_off,0.00010453007779044186,0.01022399519710577
1659,2397_def,9.447181853674355e-05,0.009719661441467164
1660,2398_off,0.00042347218241654594,0.020578439746893978
1661,2398_def,0.00031189287617291875,0.017660489126094973
1662,2399_off,5.7858781570073255e-05,0.00760649601130989
1663,2399_def,5.454973702100101e-05,0.007385779378034589
1664,2400_off,7.216728266447364e-05,0.008495132880919147
1665,2400_def,6.726516644496607e-05,0.008201534395768031
1666,2401_off,0.00042508664509828623,0.020617629473299936
1667,2401_def,0.00031183539200462684,0.017658861571591383
1668,2402_off,0.00038446705318053603,0.01960783142472762
1669,2402_def,0.00029099964444543816,0.017058711687740025
1670,2403_off,5.836702664779849e-05,0.0076398315850415505
1671,2403_def,5.4897571132297224e-05,0.007409289516026298
1672,2404_off,0.00010834696913283943,0.010408985019339755
1673,2404_def,9.816361454729031e-05,0.009907755272880448
1674,2405_off,6.21886632897499e-05,0.007885978904977485
1675,2405_def,5.819081293050292e-05,0.0076282903019289265
1676,2406_off,5.684306601008986e-05,0.007539434064310786
1677,2406_def,5.3577179405232924e-05,0.007319643393310423
1678,2407_off,0.00010012156515246573,0.01000607641148446
1679,2407_def,9.146479485624573e-05,0.009563722855470339
1680,2408_off,0.0001907851562089704,0.013812499998514766
1681,2408_def,0.00016364849188964074,0.01279251702713898
1682,2409_off,0.000584198423717054,0.02417019701444434
1683,2409_def,0.00039283684752232964,0.019820112197521226
1684,2410_off,0.00012878256155999702,0.011348240460970018
1685,2410_def,0.00011442941362874429,0.010697168486508207
1686,2411_off,0.000205670184958926,0.014341205840476804
1687,2411_def,0.00017333473911478124,0.013165665160362435
1688,2412_off,0.00023487775127868163,0.015325721884422985
1689,2412_def,0.00019456515151840726,0.0139486612805103
1690,2413_off,0.00014231731569504743,0.011929682128835094
1691,2413_def,0.0001263337644162375,0.011239829376651475
1692,2414_off,0.0005516520865419894,0.023487274991833118
1693,2414_def,0.0003778770006772552,0.019439058636602113
1694,2415_off,0.000618854651315558,0.024876789409318034
1695,2415_def,0.0004077419724940437,0.020192621734040475
1696,2416_off,0.0001822642327830232,0.013500527129820642
1697,2416_def,0.00015629016382014575,0.01250160644957862
1698,2417_off,0.00039584438354587785,0.01989583834740014
1699,2417_def,0.00029613462139273705,0.01720856244410721
1700,2418_off,0.00021352175020543403,0.014612383453955553
1701,2418_def,0.00017997034033285562,0.013415302468929115
1702,2419_off,6.514725227507685e-05,0.008071384780511759
1703,2419_def,6.065692844843007e-05,0.007788255802708978
1704,2420_off,0.00012989385211520585,0.011397098407717899
1705,2420_def,0.00011603326489746504,0.010771873787668747
1706,2421_off,0.0005633333563046552,0.023734644642476852
1707,2421_def,0.0003835711023451968,0.01958497133889138
1708,2422_off,6.273712764378014e-05,0.007920677221284814
1709,2422_def,5.8857164146826376e-05,0.007671842291576801
1710,2423_off,0.00059925679341628,0.024479722086173283
1711,2423_def,0.0003993031138190602,0.019982570250572377
1712,2424_off,0.00024493180894869383,0.01565029740767548
1713,2424_def,0.00020144793025960158,0.014193235369696423
1714,2425_off,0.0007798891066697683,0.027926494707889285
1715,2425_def,0.00047320752462355327,0.021753333643916586
1716,2427_off,0.00013272059093787013,0.01152044230652062
1717,2427_def,0.00011904169727535119,0.0109106231387282
1718,2428_off,0.0005240034820716271,0.022891122341895494
1719,2428_def,0.0003615515587839478,0.01901450916494948
1720,2429_off,0.0001647183301627778,0.012834263911996581
1721,2429_def,0.00014297048123960673,0.011957026438024076
1722,2430_off,6.181622819250164e-05,0.00786232969243224
1723,2430_def,5.787461753082726e-05,0.0076075368898762
1724,2431_off,0.0005086458442158611,0.022553178140028537
1725,2431_def,0.0003568763367555086,0.018891170867776
1726,2432_off,0.0009403704634173758,0.030665460430545893
1727,2432_def,0.0005285864817144021,0.02299100871459106
1728,2434_off,0.0003911778649899563,0.01977821693151221
1729,2434_def,0.00029441264593064537,0.017158456979887365
1730,2435_off,0.0006757089821876604,0.025994402901156635
1731,2435_def,0.0004339137696483762,0.020830596958521765
1732,2436_off,0.00010682891995298956,0.010335807658474956
1733,2436_def,9.751200392480843e-05,0.009874816652718593
1734,2437_off,0.00040929797542829573,0.02023111404318348
1735,2437_def,0.00030479609770309103,0.01745841051479461
1736,2440_off,5.717442134192872e-05,0.007561376947483092
1737,2440_def,5.412977481733323e-05,0.007357293987420459
1738,2441_off,0.0006616206622473932,0.025721987913988942
1739,2441_def,0.0004267367262531106,0.020657606982734243
1740,2442_off,0.0009606573907554824,0.03099447355183634
1741,2442_def,0.0005349481400973067,0.023128945935716714
1742,2443_off,0.00013221423791247777,0.011498445021500854
1743,2443_def,0.00011820939127758696,0.01087241423408743
1744,2446_off,8.2024570120004e-05,0.009056741694450825
1745,2446_def,7.58805122597323e-05,0.008710942099436335
1746,2447_off,0.0006961569488164328,0.026384786313639774
1747,2447_def,0.000439648023443145,0.02096778537287963
1748,2449_off,8.014655886419166e-05,0.008952461050693918
1749,2449_def,7.414725782205328e-05,0.00861088020019169
1750,2450_off,0.0009580520284199032,0.030952415550646498
1751,2450_def,0.0005340233422810737,0.023108945070709604
1752,2451_off,0.000895493970617526,0.02992480527284223
1753,2451_def,0.0005139205410960333,0.022669815638774685
1754,2452_off,0.00040247337432798086,0.020061739065394626
1755,2452_def,0.0003010884677239309,0.017351900983002724
1756,2453_off,0.0008087939466137839,0.028439302850347507
1757,2453_def,0.0004844270830026809,0.022009704291577406
1758,2454_off,0.00034430380216144633,0.018555425140951265
1759,2454_def,0.0002627793188547664,0.01621046942117243
1760,2456_off,0.0008971463889188855,0.029952402055910064
1761,2456_def,0.0005150253379980823,0.02269416969175304
1762,2457_off,0.00015225510220809714,0.012339169429426648
1763,2457_def,0.000133664721491421,0.011561346006906852
1764,2462_off,0.0009617965764595006,0.031012845346073948
1765,2462_def,0.0005354195326798788,0.023139134224941925
1766,2466_off,0.0008934480099877677,0.029890600696335423
1767,2466_def,0.0005132172159400822,0.022654297957343153
1768,2469_off,0.0004889265802425504,0.02211168424707965
1769,2469_def,0.00034620854179272215,0.01860668003144898
1770,2470_off,0.00018712968086646997,0.01367953511148935
1771,2470_def,0.000159556810932664,0.012631579906435457
1772,2471_off,0.0005182155486662143,0.022764348193309077
1773,2471_def,0.00036129809857546167,0.019007843080567077
1774,2484_off,0.00013278947122052068,0.01152343139956674
1775,2484_def,0.00011882110175725827,0.010900509243024303
1776,2486_off,0.0009520710522286017,0.03085564862757874
1777,2486_def,0.0005324967818680815,0.023075891789226293
1778,2492_off,0.0008913109704157394,0.029854831609234366
1779,2492_def,0.0005130014692680671,0.02264953574067396
1780,2499_off,0.00046266537362959527,0.021509657682761835
1781,2499_def,0.00033426778372952227,0.01828299165151924
1782,2501_off,8.492198179883607e-05,0.009215312354925148
1783,2501_def,7.856359982761125e-05,0.008863610992570197
1784,2541_off,0.0009039081965879645,0.0300650660499518
1785,2541_def,0.0005164542953395901,0.022725630801797122
1786,2544_off,3.4002931941861326e-05,0.005831203301365964
1787,2544_def,3.2182679134484365e-05,0.005672977977613201
1788,2545_off,0.00014415468627242129,0.012006443531388522
1789,2545_def,0.0001273049732063796,0.011282950554105057
1790,2546_off,4.136735510212702e-05,0.006431745882894241
1791,2546_def,3.928627402569727e-05,0.0062678763569248295
1792,2547_off,5.846977213041746e-05,0.007646552957406197
1793,2547_def,5.448014898196541e-05,0.0073810669270753405
1794,2548_off,5.01933768866477e-05,0.007084728427162731
1795,2548_def,4.7304092730067114e-05,0.0068777970841009195
1796,2549_off,7.940199614614536e-05,0.008910779772059533
1797,2549_def,7.351737198519367e-05,0.00857422719463356
1798,2550_off,6.271352753151712e-05,0.007919187302464636
1799,2550_def,5.861915360305224e-05,0.007656314622783748
1800,2551_off,0.00012030387885134339,0.010968312488771616
1801,2551_def,0.0001073615344681253,0.010361541124182508
1802,2552_off,0.00026979462559856694,0.016425426192296106
1803,2552_def,0.00021946286903283448,0.01481427922758426
1804,2553_off,0.0001305956166349364,0.011427843918908605
1805,2553_def,0.00011667335469185533,0.010801544088316972
1806,2554_off,9.850149940450662e-05,0.009924792159259892
1807,2554_def,9.030899366503132e-05,0.009503104422504854
1808,2555_off,7.911344866580933e-05,0.008894574113795968
1809,2555_def,7.306402457552486e-05,0.008547749679039792
1810,2556_off,0.00020528845089327937,0.01432789066447952
1811,2556_def,0.00017373296994612245,0.013180780323870149
1812,2557_off,7.391079614983496e-05,0.008597138835091297
1813,2557_def,6.83137741004314e-05,0.008265214703831437
1814,2558_off,0.0006756263722644816,0.025992813858150905
1815,2558_def,0.00043208433191077735,0.02078663830230317
1816,2559_off,0.0009373603297387809,0.030616340894019014
1817,2559_def,0.0005274136853950524,0.02296548900840242
1818,2560_off,0.00044994481055572153,0.021211902568032917
1819,2560_def,0.00032644671960911474,0.01806783660566795
1820,2561_off,6.164108413342798e-05,0.007851183613534202
1821,2561_def,5.752151937496806e-05,0.007584294256881656
1822,2562_off,0.00013321417224895134,0.011541844404121523
1823,2562_def,0.00011880122608119404,0.010899597519229507
1824,2563_off,0.00012351457613752397,0.011113711177528593
1825,2563_def,0.0001100006839207701,0.01048812108629425
1826,2564_off,5.348052265186483e-05,0.007313037853851492
1827,2564_def,5.042263282163285e-05,0.007100889579597253
1828,2565_off,0.00046124321649856855,0.02147657366757017
1829,2565_def,0.0003327540143784886,0.018241546381227897
1830,2566_off,0.00011103918863600721,0.010537513399090282
1831,2566_def,0.00010029918277660275,0.010014947966744648
1832,2567_off,0.00019768430689440984,0.014060025138470053
1833,2567_def,0.00016850379396529517,0.012980901123007415
1834,2568_off,0.00011404694093711253,0.010679276236576734
1835,2568_def,0.00010291421403018177,0.010144664313331504
1836,2569_off,0.0009084413359070284,0.030140360580242373
1837,2569_def,0.000518788225128353,0.02277692308298803
1838,2570_off,8.186185528632174e-05,0.009047754157044816
1839,2570_def,7.598680020553892e-05,0.00871704079407335
1840,2571_off,7.008593037232022e-05,0.008371734012277279
1841,2571_def,6.555107769811659e-05,0.00809636200389512
1842,2572_off,9.537145805799922e-05,0.009765831150393664
1843,2572_def,8.762928551151468e-05,0.009361051517405227
1844,2573_off,0.0006672976501683402,0.025832105027820327
1845,2573_def,0.0004290000831076804,0.020712317183446193
1846,2574_off,0.00013520023077300043,0.01162756340653537
1847,2574_def,0.00012079269670339337,0.010990573083483562
1848,2575_off,0.0001254817898757973,0.011201865464100045
1849,2575_def,0.0001127569820869805,0.010618709059343348
1850,2580_off,0.0007043101168597916,0.026538841663866785
1851,2580_def,0.00044379107568716847,0.02106634936782281
1852,2581_off,7.000148204257474e-05,0.008366688833856243
1853,2581_def,6.503703016994378e-05,0.008064553934964028
1854,2582_off,0.000964097774314765,0.031049923901915848
1855,2582_def,0.0005357766266260056,0.023146849172749315
1856,2583_off,0.0009452299883854905,0.030744592831675143
1857,2583_def,0.0005300032648110527,0.023021799773498438
1858,2584_off,9.301448622845355e-05,0.009644401807704485
1859,2584_def,8.570212982350309e-05,0.009257544481313773
1860,2585_off,6.438961139474293e-05,0.008024313764724242
1861,2585_def,6.0390870188474544e-05,0.007771156296747257
1862,2586_off,8.872891374571141e-05,0.00941960263204937
1863,2586_def,8.186678055996687e-05,0.009048026335061524
1864,2588_off,9.718173465544954e-05,0.009858079663679409
1865,2588_def,8.931930746109737e-05,0.009450889241817268
1866,2590_off,6.288478597686762e-05,0.007929992810644132
1867,2590_def,5.9048813612190554e-05,0.007684322586421691
1868,2591_off,0.0009275725407844309,0.030456075597233977
1869,2591_def,0.0005245002095203017,0.022901969555483688
1870,2592_off,0.00010190795980129736,0.01009494724113491
1871,2592_def,9.306345026451851e-05,0.00964693994303471
1872,2594_off,4.7029715097935375e-05,0.006857821454218196
1873,2594_def,4.489829261924003e-05,0.006700618823604282
1874,2599_off,0.000650396996314422,0.025502882117800375
1875,2599_def,0.0004230834688417254,0.02056899289809118
1876,2601_off,0.0009083825434626664,0.030139385253562596
1877,2601_def,0.0005185534193589493,0.022771768033223713
1878,2602_off,0.0009610362589171843,0.031000584815728628
1879,2602_def,0.0005349478378551738,0.02312893940186566
1880,2604_off,0.0006447050526946686,0.025391042765012008
1881,2604_def,0.0004181276098512534,0.02044816886303645
1882,2605_off,0.00010336548178052298,0.010166881615349073
1883,2605_def,9.420611565512095e-05,0.009705983497571019
1884,2617_off,7.602858005039886e-05,0.008719436911314793
1885,2617_def,7.041751658708957e-05,0.008391514558593672
1886,2624_off,0.00015160862822854212,0.012312945554518713
1887,2624_def,0.00013252406997455888,0.011511909918625966
1888,2632_off,0.0009423917511655575,0.030698399814413087
1889,2632_def,0.0005291161563558826,0.023002524999570863
1890,2637_off,0.0009648659686689203,0.031062291748499827
1891,2637_def,0.0005362510394493798,0.023157094797262023
1892,2639_off,0.0007639543584366733,0.02763972428293512
1893,2639_def,0.0004665926141732234,0.02160075494452042
1894,2648_off,0.0004221018169614644,0.020545116620780336
1895,2648_def,0.0003108314888663974,0.017630413746319098
1896,2657_off,0.0009510124866238507,0.030838490342814297
1897,2657_def,0.0005315847940737181,0.0230561227025213
1898,2667_off,0.0009108343386867776,0.0301800321187168
1899,2667_def,0.000519451996942703,0.02279148957270461
1900,2668_off,0.0006981080426541274,0.02642173428551062
1901,2668_def,0.00044217193844810416,0.02102788478302333
1902,2669_off,0.0003869774231114522,0.019671741740665778
1903,2669_def,0.00029132623686943743,0.017068281602710844
1904,2673_off,0.0009343429098253724,0.03056702324115602
1905,2673_def,0.0005266585657312887,0.02294904280642852
1906,2679_off,0.0001678063009917819,0.012954007140332366
1907,2679_def,0.00014580267762180404,0.012074877954737433
1908,2682_off,0.0008676836253587788,0.029456470008451096
1909,2682_def,0.0005051429648236837,0.022475385754724738
1910,2684_off,0.0008905214194462939,0.02984160551053334
1911,2684_def,0.0005122501797435584,0.02263294456635191
1912,2688_off,0.0009633318933591415,0.031037588394705242
1913,2688_def,0.0005356579841598533,0.023144286209772234
1914,2693_off,0.00028315443406813986,0.016827193291459507
1915,2693_def,0.00022699532199189288,0.015066363927367906
1916,2694_off,0.0002473908412118895,0.015728663045913645
1917,2694_def,0.00020356573511175598,0.014267646446129649
1918,2696_off,0.0007433892209249041,0.02726516497153289
1919,2696_def,0.00045798718582139454,0.021400635173316574
1920,2724_off,0.0009460647492078177,0.03075816556961448
1921,2724_def,0.0005302733650535176,0.023027665210644296
1922,2730_off,4.534686348303807e-05,0.0067340079806188285
1923,2730_def,4.2808023439405684e-05,0.006542784074031916
1924,2731_off,8.684989037764184e-05,0.009319328858755969
1925,2731_def,7.96657634907504e-05,0.008925567964603172
1926,2732_off,7.887528925466435e-05,0.008881176118885626
1927,2732_def,7.294507854452706e-05,0.00854078910549412
1928,2733_off,7.029672685342003e-05,0.008384314334125363
1929,2733_def,6.56969428115508e-05,0.008105365063434886
1930,2734_off,6.056404124514218e-05,0.007782290231361342
1931,2734_def,5.692213728603258e-05,0.007544676088874365
1932,2735_off,0.00013574490109527273,0.011650961380730464
1933,2735_def,0.00012011098195339024,0.01095951558935842
1934,2736_off,5.65651130718204e-05,0.007520978199132105
1935,2736_def,5.323568014885607e-05,0.007296278513657224
1936,2737_off,0.00045031882584287787,0.02122071690218966
1937,2737_def,0.0003266943895524687,0.01807468919656625
1938,2738_off,4.370760780073537e-05,0.006611172951960595
1939,2738_def,4.143850227218292e-05,0.006437274444373404
1940,2739_off,0.0006239725819503537,0.024979443187356152
1941,2739_def,0.00041151966796721686,0.020285947549158675
1942,2740_off,0.00012734507636556075,0.01128472757161469
1943,2740_def,0.00011363900941657069,0.010660159915149993
1944,2741_off,0.00046123326539546593,0.021476341992887567
1945,2741_def,0.0003337237911351493,0.018268108581217413
1946,2742_off,0.00011505113622322626,0.010726189268478636
1947,2742_def,0.00010333787238918531,0.010165523714456885
1948,2743_off,9.534331770780745e-05,0.009764390288584713
1949,2743_def,8.698121059247545e-05,0.009326371780734213
1950,2744_off,6.539441122682113e-05,0.00808668110084855
1951,2744_def,6.078996205706756e-05,0.007796791779768622
1952,2745_off,0.0002827316268384656,0.016814625385017223
1953,2745_def,0.000227777078196146,0.015092285386784402
1954,2746_off,6.454465865754043e-05,0.008033969047584166
1955,2746_def,6.027356026752572e-05,0.007763604850037496
1956,2747_off,5.616834999168318e-05,0.007494554689351675
1957,2747_def,5.284099253411612e-05,0.007269181008484802
1958,2748_off,0.00011086012851144322,0.010529013653303106
1959,2748_def,0.00010012201612589931,0.010006098946437583
1960,2749_off,6.72024417561089e-05,0.008197709543287619
1961,2749_def,6.285911267859497e-05,0.00792837389876354
1962,2750_off,0.0009470653051065262,0.030774426153976065
1963,2750_def,0.0005304654832904436,0.023031836298707135
1964,2751_off,0.00037340243340232683,0.019323623713018396
1965,2751_def,0.0002845188073771897,0.016867685299921557
1966,2752_off,0.0007771534734479438,0.027877472508244783
1967,2752_def,0.0004725386318385588,0.021737953717830914
1968,2753_off,0.00010685408085933766,0.010337024758572346
1969,2753_def,9.722542602768128e-05,0.009860295433083192
1970,2754_off,7.812204032355619e-05,0.008838667338663458
1971,2754_def,7.216604757325926e-05,0.008495060186558967
1972,2755_off,6.910055191590058e-05,0.008312674173567769
1973,2755_def,6.449528826767729e-05,0.008030895857105686
1974,2756_off,0.00013750632782554077,0.011726309215841989
1975,2756_def,0.00012200541957575058,0.011045606347129639
1976,2757_off,7.918646133663385e-05,0.00889867750492363
1977,2757_def,7.321700401862234e-05,0.008556693521368073
1978,2758_off,0.0003419487780348889,0.018491857073720013
1979,2758_def,0.00026492550298756496,0.01627653227771705
1980,2760_off,9.681620669873958e-05,0.009839522686530051
1981,2760_def,8.81325540563497e-05,0.00938789401603734
1982,2761_off,0.0005488712704648925,0.023428001845332277
1983,2761_def,0.0003765211528510314,0.019404152979479197
1984,2762_off,0.0009487176091042747,0.030801259862289314
1985,2762_def,0.0005314457029418726,0.023053106145200317
1986,2763_off,0.000748751797977375,0.027363329438819667
1987,2763_def,0.0004612359704823762,0.02147640497109272
1988,2764_off,0.0006794293985876586,0.026065866542044187
1989,2764_def,0.0004336894041970245,0.02082521078397586
1990,2765_off,0.0009176532155591988,0.03029279147848872
1991,2765_def,0.0005206597883755651,0.022817970733077144
1992,2766_off,0.0006259776889267469,0.02501954613750511
1993,2766_def,0.0004100484783464712,0.02024965378337297
1994,2767_off,0.0001808432247635665,0.013447796279077346
1995,2767_def,0.00015565969378345017,0.012476365407579652
1996,2768_off,9.420530117238385e-05,0.009705941539715962
1997,2768_def,8.621431912327225e-05,0.00928516661795965
1998,2770_off,0.0004753702189563591,0.02180298646874687
1999,2770_def,0.0003389742768553323,0.01841125408154839
2000,2772_off,4.4042522976537845e-05,0.0066364540966195075
2001,2772_def,4.190485568949023e-05,0.0064733959935639835
2002,2774_off,0.0004108861945344365,0.020270327933569216
2003,2774_def,0.00030332859056576925,0.01741633114538677
2004,2775_off,0.0007860277606908613,0.028036186628906244
2005,2775_def,0.0004755401593486328,0.021806883302036374
2006,2776_off,0.0005929384273904773,0.02435032704894284
2007,2776_def,0.0003965171139543152,0.01991273748017372
2008,2779_off,0.0008038835053705928,0.02835283945869607
2009,2779_def,0.0004819237185238103,0.021952761068344234
2010,2782_off,0.0006874137145547589,0.02621857575374297
2011,2782_def,0.0004371892657900708,0.02090907137560324
2012,2784_off,0.0009141588726831145,0.030235060322134542
2013,2784_def,0.000520207630838322,0.022808060654915883
2014,2788_off,0.00043615234184374416,0.020884260624780188
2015,2788_def,0.0003194076203389923,0.017871978635254474
2016,2798_off,0.0008969995001752255,0.029949949919410974
2017,2798_def,0.0005145840742427388,0.02268444564548005
2018,2800_off,0.0009557438975444566,0.03091510791739949
2019,2800_def,0.00053341847857228,0.023095854142513975
2020,2804_off,0.00011608437385230192,0.010774245860026673
2021,2804_def,0.00010482126145419439,0.010238225503191185
2022,2809_off,0.000816449020527759,0.02857357206454522
2023,2809_def,0.0004867012783940532,0.02206130726847467
2024,2810_off,0.0006662621657619661,0.025812054659828346
2025,2810_def,0.00042981517305447565,0.020731984300941277
2026,2823_off,0.0007358045654323246,0.027125717786490453
2027,2823_def,0.00045522612471028364,0.021336028794278556
2028,2824_off,0.0009060675798191763,0.030100956460205316
2029,2824_def,0.0005177874643256715,0.02275494373373996
2030,2825_off,0.0009579898408523658,0.030951410967068462
2031,2825_def,0.0005338852994812807,0.023105958094856847
2032,2839_off,0.0008037638640682656,0.028350729515627383
2033,2839_def,0.0004825588353551351,0.021967221839712347
2034,2845_off,0.0009136727017670184,0.030227019399322496
2035,2845_def,0.0005200648100552181,0.022804929512173857
2036,2852_off,0.0007412046245040009,0.0272250734526833
2037,2852_def,0.00045857666381260946,0.02141440318600099
2038,2853_off,0.0004045191824825648,0.020112662242541757
2039,2853_def,0.0003014533731193366,0.017362412652604953
2040,2857_off,0.0006002715264809292,0.024500439311998655
2041,2857_def,0.0004002540639905497,0.020006350591513428
2042,2863_off,0.00011993537478111842,0.01095150102867723
2043,2863_def,0.00010753950224673028,0.010370125469189381
2044,2866_off,0.000604106258237551,0.024578573153003633
2045,2866_def,0.0004025623596381108,0.02006395672937197
2046,2867_off,0.0008083423194253448,0.02843136154716029
2047,2867_def,0.00048285982821525927,0.021974071725905948
2048,2873_off,0.0006924002295082265,0.026313498997819092
2049,2873_def,0.00043847906367359106,0.020939891682470353
2050,2876_off,0.0007506621037979976,0.02739821351471657
2051,2876_def,0.0004612394808509638,0.021476486697105834
2052,2891_off,0.0008885058629871771,0.02980781546821533
2053,2891_def,0.0005113285484502598,0.022612575007067634
2054,101106_off,8.250373168429951e-05,0.009083156482429416
2055,101106_def,7.566205031717836e-05,0.00869839354807417
2056,101107_off,5.795464142928448e-05,0.007612794587356504
2057,101107_def,5.4462649235541455e-05,0.007379881383568537
2058,101108_off,4.3635338495553085e-05,0.00660570499610398
2059,101108_def,4.114009539575527e-05,0.006414054520796909
2060,101109_off,5.786668825927564e-05,0.007607015726240852
2061,101109_def,5.431518027912683e-05,0.007369883328732337
2062,101110_off,9.858761162225533e-05,0.009929129449365404
2063,101110_def,9.045320990352052e-05,0.009510689244398669
2064,101111_off,0.00010369474597934946,0.01018306171931357
2065,101111_def,9.426881372211608e-05,0.009709212827109934
2066,101112_off,7.022715302316503e-05,0.008380164259915496
2067,101112_def,6.581546558598787e-05,0.008112673146749343
2068,101113_off,0.0003170258602483097,0.017805220028079115
2069,101113_def,0.00025032463586724217,0.015821650857835354
2070,101114_off,6.476613534111e-05,0.008047741008575637
2071,101114_def,5.9982220699879504e-05,0.007744818958496028
2072,101115_off,0.00011998530970353312,0.010953780612351752
2073,101115_def,0.00010807829986998402,0.010396071367107096
2074,101117_off,0.0008549117813538809,0.029238874488493584
2075,101117_def,0.0005002477734333611,0.022366219471188265
2076,101118_off,0.00041566152910750255,0.020387778915504813
2077,101118_def,0.00030873294865399817,0.017570798179194883
2078,101119_off,0.0002304870786820754,0.015181800903781982
2079,101119_def,0.000191750517444478,0.013847401107950835
2080,101120_off,0.00018971785730695362,0.013773810558699928
2081,101120_def,0.00016254830657335485,0.012749443382883616
2082,101121_off,0.00018762019546069296,0.013697452152159282
2083,101121_def,0.00016037428491282323,0.012663896908646376
2084,101122_off,9.096750112394957e-05,0.009537688458109206
2085,101122_def,8.278225232068427e-05,0.009098475274499803
2086,101123_off,9.358572340786652e-05,0.009673971439272835
2087,101123_def,8.616193817035552e-05,0.009282345510179823
2088,101124_off,0.00012217149359686983,0.011053121441333658
2089,101124_def,0.00010957192571968979,0.010467660947876071
2090,101125_off,0.0008955170545003728,0.02992519096848628
2091,101125_def,0.0005142126386894984,0.02267625715786224
2092,101126_off,9.753120448561224e-05,0.009875788803210214
2093,101126_def,8.934330180785397e-05,0.009452158579279866
2094,101127_off,6.100707915846153e-05,0.007810702859439829
2095,101127_def,5.727241462026941e-05,0.007567854030058284
2096,101128_off,0.0001112453498553052,0.01054729111456137
2097,101128_def,0.00010065966591152971,0.0100329290793631
2098,101129_off,0.00016278346316951265,0.01275866227978124
2099,101129_def,0.0001421114556232274,0.011921050944578142
2100,101130_off,0.00016384239333346097,0.012800093489246904
2101,101130_def,0.00014254191979366676,0.011939092084143867
2102,101131_off,0.00012369370432690376,0.011121767140472945
2103,101131_def,0.00011078392664037915,0.010525394369826678
2104,101132_off,0.000144852437903434,0.01203546583657791
2105,101132_def,0.00012847496235105746,0.011334679631602186
2106,101133_off,0.00011905420849387713,0.010911196473983828
2107,101133_def,0.00010673973413872205,0.010331492348093864
2108,101134_off,0.0007015537494027889,0.02648685993852025
2109,101134_def,0.0004427283018124044,0.021041109804675332
2110,101135_off,6.806001103956269e-05,0.008249849152533802
2111,101135_def,6.327005473057293e-05,0.007954247590474722
2112,101136_off,0.0003434141680228357,0.01853143728972029
2113,101136_def,0.00026631698881825883,0.01631922145257729
2114,101137_off,0.0004495088175766203,0.021201622993927145
2115,101137_def,0.0003245387487194677,0.018014959026305545
2116,101138_off,8.028986992613885e-05,0.008960461479529882
2117,101138_def,7.442924506577844e-05,0.008627238553893038
2118,101139_off,7.566616323260333e-05,0.008698629962965623
2119,101139_def,7.066431890276876e-05,0.008406207165111312
2120,101141_off,7.086474598845046e-05,0.008418120098243458
2121,101141_def,6.614366599851935e-05,0.0081328756291068
2122,101142_off,0.0001409142129770084,0.011870729252114565
2123,101142_def,0.00012520364691080447,0.011189443547862622
2124,101143_off,0.00033205194306437527,0.018222292475546957
2125,101143_def,0.00025941683657882894,0.016106422215340966
2126,101144_off,0.0003354145522256659,0.018314326420200824
2127,101144_def,0.0002605676911184835,0.01614210925246399
2128,101145_off,5.763246514468338e-05,0.007591604912314877
2129,101145_def,5.37867219191393e-05,0.007333943135799411
2130,101146_off,0.0005708569957663056,0.023892613832862775
2131,101146_def,0.0003855235333672132,0.01963475320362375
2132,101147_off,0.00086955017780644,0.029488136221308393
2133,101147_def,0.0005058582860479584,0.022491293561019525
2134,101148_off,0.0009614244578259267,0.031006845338181804
2135,101148_def,0.0005350664543250981,0.023131503503341456
2136,101149_off,0.0009572596859570046,0.030939613539231622
2137,101149_def,0.0005342424460869175,0.02311368525542644
2138,101150_off,5.290907695312845e-05,0.007273862588276496
2139,101150_def,4.9953895663532586e-05,0.0070678069911064055
2140,101152_off,0.00078121874571596,0.027950290619525944
2141,101152_def,0.0004743662154771477,0.02177994985019818
2142,101153_off,0.00036870254810636953,0.01920162878784947
2143,101153_def,0.00028104795342742494,0.01676448488404654
2144,101154_off,0.00011064018133030697,0.010518563653384761
2145,101154_def,0.00010015124549202892,0.010007559417361903
2146,101155_off,0.00011704181385348995,0.010818586499792381
2147,101155_def,0.00010494985324462058,0.010244503562624232
2148,101156_off,0.0008367099555433824,0.028925939147128522
2149,101156_def,0.0004938018009950325,0.022221651626173795
2150,101158_off,0.00045668331841044416,0.02137015017285663
2151,101158_def,0.0003295153109070448,0.018152556594238863
2152,101159_off,0.0008998802623743533,0.029998004306526015
2153,101159_def,0.0005154968726711423,0.022704556209517557
2154,101160_off,0.0005330466946642447,0.023087804024294833
2155,101160_def,0.000369262248853277,0.019216197564900218
2156,101161_off,8.103632935005016e-05,0.009002018070968874
2157,101161_def,7.470121531200996e-05,0.008642986481072961
2158,101162_off,8.521968502375434e-05,0.00923145086233764
2159,101162_def,7.804210978916403e-05,0.008834144542012205
2160,101165_off,0.0008207586356687018,0.028648885417563837
2161,101165_def,0.00048804314865845107,0.022091698636783254
2162,101166_off,0.0009120077688771916,0.0301994663674243
2163,101166_def,0.0005192550308678994,0.022787168118656154
2164,101177_off,0.00020704592443667672,0.014389090465928579
2165,101177_def,0.0001754169455236553,0.01324450623933015
2166,101178_off,0.0008811201584416519,0.02968366821067861
2167,101178_def,0.0005091988989142992,0.0225654359345061
2168,101179_off,0.00015483368981624286,0.012443218627680013
2169,101179_def,0.0001355333247411239,0.0116418780590214
2170,101180_off,0.00034777608402350755,0.018648755562329287
2171,101180_def,0.00026891652149255835,0.01639867438217365
2172,101181_off,6.959735068037091e-05,0.008342502662892647
2173,101181_def,6.467415126007965e-05,0.008042024077312854
2174,101182_off,0.0005965254050058501,0.02442386957477971
2175,101182_def,0.0003970521412303222,0.019926167248879606
2176,101183_off,0.0005057744215246659,0.02248942910624158
2177,101183_def,0.00035751743027368177,0.018908131326857282
2178,101184_off,0.0009618003747199368,0.031012906582904107
2179,101184_def,0.000535301345800624,0.02313658025293764
2180,101185_off,0.0006635519245059815,0.02575950163543506
2181,101185_def,0.0004272363872448355,0.020669697318655526
2182,101187_off,0.0001698269343198018,0.013031766354558456
2183,101187_def,0.00014707342449921392,0.012127383250281733
2184,101188_off,0.0008713720882639636,0.029519012318571288
2185,101188_def,0.0005054119497699806,0.02248136894786393
2186,101189_off,0.0002943395395818835,0.017156326517698463
2187,101189_def,0.00023424531395380022,0.015305074777791848
2188,101190_off,0.000962188904900037,0.03101916995826995
2189,101190_def,0.0005351875465613231,0.02313412082966031
2190,101194_off,0.0006585051811177764,0.02566135579266568
2191,101194_def,0.0004261036248893992,0.020642277609057562
2192,101195_off,0.0007931886599811921,0.028163605237632346
2193,101195_def,0.00047859202356030547,0.021876746183112
2194,101198_off,0.00019125489398809576,0.013829493627320407
2195,101198_def,0.00016300347144908897,0.012767281286518637
2196,101204_off,0.0006497508671232983,0.02549021120201436
2197,101204_def,0.0004212783574167839,0.020525066563029312
2198,101207_off,0.0007680423545796469,0.02771357708019026
2199,101207_def,0.0004685054187818504,0.021644985996342212
2200,101209_off,0.0008773365322321848,0.029619867187956547
2201,101209_def,0.0005076292774043098,0.022530629760490712
2202,101211_off,0.0003109228924153569,0.017633005768029366
2203,101211_def,0.00024454439963987823,0.015637915450592454
2204,101212_off,0.0006759792175624558,0.02599960033466776
2205,101212_def,0.0004336518729055808,0.02082430966216121
2206,101213_off,0.0009547513693952356,0.030899051270148015
2207,101213_def,0.000533211763753816,0.023091378558973388
2208,101214_off,0.0005256494193297783,0.022927045586594412
2209,101214_def,0.00036452023787120533,0.0190924130971233
2210,101215_off,0.0008928274220290397,0.029880217904644533
2211,101215_def,0.0005131193010965813,0.022652136788757507
2212,101219_off,0.0008902406007214576,0.029836899985110008
2213,101219_def,0.0005121274958196936,0.02263023410881323
2214,101223_off,0.0008859934709245452,0.029765642457782515
2215,101223_def,0.0005103963385962087,0.022591952961092333
2216,101230_off,0.0009089197350932662,0.030148295724522576
2217,101230_def,0.0005184706538848431,0.02276995067813813
2218,101232_off,0.0009557282869724488,0.030914855441558333
2219,101232_def,0.0005334143544814102,0.023095764860281424
2220,101235_off,0.00022335545669697804,0.014945081354645683
2221,101235_def,0.00018687888630006282,0.0136703652584729
2222,101236_off,0.00011794695168554165,0.010860338470118767
2223,101236_def,0.00010587876251902162,0.010289740643914287
2224,101238_off,0.0008686735685475989,0.02947326871162408
2225,101238_def,0.0005046252257842312,0.02246386488973416
2226,101247_off,0.0009583809139426916,0.030957727854974946
2227,101247_def,0.0005341243853360678,0.023111131199836755
2228,101249_off,0.0003098834962022301,0.01760350806521899
2229,101249_def,0.0002461908321508109,0.015690469468782983
2230,101261_off,0.0006653516734137162,0.025794411670238115
2231,101261_def,0.0004286299559142393,0.020703380301637684
2232,200081_off,0.000184059953436701,0.013566869699260069
2233,200081_def,0.00015810016694404913,0.012573788885775407
2234,200745_off,0.00010094887566890204,0.010047331768629025
2235,200745_def,9.16430718876342e-05,0.009573038801114
2236,200746_off,5.703524573191039e-05,0.007552168280163677
2237,200746_def,5.3013748252540415e-05,0.00728105406191579
2238,200747_off,0.0003062624841374314,0.0175003566860059
2239,200747_def,0.00024275000894490324,0.015580436737938486
2240,200748_off,0.0001505446181148613,0.01226966251022665
2241,200748_def,0.00013268296381567987,0.011518809131836496
2242,200749_off,0.00019774855305418584,0.014062309662860715
2243,200749_def,0.00016865162808357413,0.012986594167970836
2244,200750_off,0.00014762426017512188,0.012150072434974282
2245,200750_def,0.0001291608953521134,0.0113648975073299
2246,200751_off,7.47078640535376e-05,0.008643371104698537
2247,200751_def,6.942205660628752e-05,0.008331989954763959
2248,200752_off,5.0121598186958934e-05,0.00707966088078793
2249,200752_def,4.7256526412074815e-05,0.006874338252666566
2250,200753_off,0.0006790599637053387,0.026058779014093095
2251,200753_def,0.00043427187775503203,0.02083919090931872
2252,200754_off,0.0008045811961782649,0.028365140510462218
2253,200754_def,0.00048297518059599044,0.021976696307588875
2254,200755_off,5.8902927697704497e-05,0.0076748242779691375
2255,200755_def,5.551989598752403e-05,0.007451167424472761
2256,200756_off,0.0002867190436937415,0.01693278015252491
2257,200756_def,0.00022998952711627941,0.015165405603421209
2258,200757_off,7.442516222826277e-05,0.008627001925829318
2259,200757_def,6.907959243474191e-05,0.008311413383699664
2260,200758_off,0.00011943974637728737,0.010928849270499039
2261,200758_def,0.00010732820500311628,0.010359932673676808
2262,200759_off,0.0006342618469549658,0.02518455572280293
2263,200759_def,0.0004154647992770375,0.02038295364457854
2264,200760_off,0.00022515558156557572,0.015005185155991103
2265,200760_def,0.00018887017804654027,0.01374300469499084
2266,200761_off,0.00019801963965182976,0.014071945126805667
2267,200761_def,0.00016892282117895646,0.012997031244824968
2268,200762_off,0.0005421343230325954,0.023283778109074036
2269,200762_def,0.00037437911290647767,0.019348878853992488
2270,200763_off,0.0004578025803786814,0.021396321655337898
2271,200763_def,0.00032958451820352914,0.018154462762734927
2272,200764_off,0.0003062208094714686,0.017499165965024408
2273,200764_def,0.0002416307493141888,0.015544476488907203
2274,200765_off,5.5651023850421766e-05,0.00745996138397658
2275,200765_def,5.229955522994219e-05,0.007231843141961957
2276,200766_off,0.0003176197267954569,0.017821888979439215
2277,200766_def,0.0002484292473923968,0.015761638474232204
2278,200767_off,0.00024723277334900263,0.015723637408341703
2279,200767_def,0.00020307368247903762,0.01425039236228384
2280,200768_off,4.877321632474192e-05,0.006983782379537748
2281,200768_def,4.569482635802855e-05,0.006759794845853574
2282,200769_off,0.00015365915771545864,0.012395933111930648
2283,200769_def,0.00013496425156880447,0.01161741156922679
2284,200770_off,0.00012872134632481693,0.011345543015863848
2285,200770_def,0.00011474682769778695,0.010711994571403916
2286,200771_off,0.000215212467211923,0.014670121581361315
2287,200771_def,0.00018141363706625463,0.013468987974835178
2288,200772_off,0.000690724009133222,0.02628162873821221
2289,200772_def,0.0004378433195594605,0.020924705961123096
2290,200776_off,0.00033105353505791566,0.0181948766156277
2291,200776_def,0.0002588830875248292,0.01608984423556764
2292,200777_off,0.0004130956512324479,0.02032475464138369
2293,200777_def,0.00030702327513885486,0.01752207964651613
2294,200778_off,0.0006744472937834399,0.025970123099119877
2295,200778_def,0.0004303272419273307,0.020744330356204096
2296,200779_off,0.0001928407578753207,0.013886711557288165
2297,200779_def,0.00016631083192694975,0.012896155703423782
2298,200780_off,0.0002935672931632528,0.017133805565701182
2299,200780_def,0.00023442480275596994,0.01531093735719567
2300,200781_off,0.0006367479415041187,0.02523386497356516
2301,200781_def,0.0004155569694902215,0.020385214482320797
2302,200782_off,5.8098583350519425e-05,0.00762224267197781
2303,200782_def,5.455680891883164e-05,0.007386258113472047
2304,200783_off,0.00018270413418842679,0.013516809319821996
2305,200783_def,0.0001571944937268652,0.012537722828602696
2306,200784_off,0.0005837097535638619,0.02416008595936409
2307,200784_def,0.0003932914486374547,0.019831577058757953
2308,200785_off,0.000935498456193499,0.030585919247155202
2309,200785_def,0.0005275102921783002,0.022967592215517505
2310,200786_off,0.0006263421781378518,0.02502682916667335
2311,200786_def,0.0004077176195989814,0.020192018710346458
2312,200788_off,0.0008605761389513904,0.029335578040178285
2313,200788_def,0.0005023083687989019,0.02241223703245399
2314,200789_off,0.00013711677849527067,0.011709687378204025
2315,200789_def,0.00012148421818492037,0.011021987941606559
2316,200790_off,0.0008535350759468418,0.029215322622672537
2317,200790_def,0.0004997177828532477,0.022354368317025818
2318,200792_off,0.0005011061013084697,0.022385399288564627
2319,200792_def,0.00035417483356183155,0.01881953329819397
2320,200793_off,0.0006145101430884582,0.024789315099220836
2321,200793_def,0.0004065513270263445,0.020163117988702652
2322,200794_off,5.4666965366123196e-05,0.007393711203862591
2323,200794_def,5.1298810804292876e-05,0.007162318814761939
2324,200796_off,0.0002850894604523059,0.016884592398168984
2325,200796_def,0.0002281579889172173,0.015104899500401097
2326,200797_off,0.00017614921033867634,0.013272121546259149
2327,200797_def,0.00015253464062945466,0.012350491513678905
2328,200798_off,0.0008866462710859193,0.0297766061042208
2329,200798_def,0.000510648465552223,0.022597532288996136
2330,200799_off,0.0009535018742452207,0.03087882566169285
2331,200799_def,0.0005324871990225355,0.023075684150692815
2332,200801_off,0.0006835307113913666,0.026144420272619675
2333,200801_def,0.00043538884879998645,0.020865973468783727
2334,200806_off,0.0008627812816592548,0.02937313877778905
2335,200806_def,0.0005019079615157557,0.022403302468961037
2336,200807_off,0.0008651952907396455,0.029414202194512185
2337,200807_def,0.000502854792350456,0.02242442401379478
2338,200809_off,0.00031253981749238593,0.017678795702546764
2339,200809_def,0.0002456037856588517,0.01567175119949432
2340,200810_off,0.0006437085434771213,0.02537141193306201
2341,200810_def,0.000419412536550489,0.020479563875983518
2342,200811_off,0.00019376525490985783,0.013919958868827804
2343,200811_def,0.00016524388965097626,0.012854722464953347
2344,200814_off,0.0004915839633355635,0.022171692838742908
2345,200814_def,0.00034770208215038683,0.018646771359953625
2346,200816_off,0.00041852897407304297,0.020457980693925855
2347,200816_def,0.00030902120381041953,0.017578998942215665
2348,200817_off,0.000591299423330751,0.02431664909749596
2349,200817_def,0.00039513960243718214,0.019878118684553178
2350,200818_off,0.0007203010867323274,0.02683842556358937
2351,200818_def,0.00045000342786074513,0.021213284230895156
2352,200821_off,0.00032827033761696496,0.01811823218796373
2353,200821_def,0.0002574287589703149,0.01604458659393613
2354,200822_off,0.0006936351180844377,0.02633695347006631
2355,200822_def,0.0004389234858005556,0.020950500848441682
2356,200823_off,0.0008777192107695186,0.02962632631241205
2357,200823_def,0.0005082214708391797,0.02254376789357049
2358,200826_off,8.320920981794479e-05,0.009121908233365691
2359,200826_def,7.676894918088143e-05,0.00876178915409869
2360,200827_off,0.0008671242705013086,0.02944697387680623
2361,200827_def,0.0005038960325757067,0.022447628662638434
2362,200829_off,0.0009341187118946635,0.0305633557040889
2363,200829_def,0.0005266046075302071,0.0229478671673471
2364,200835_off,0.0004048727488327491,0.02012144996844783
2365,200835_def,0.00030210209604138757,0.017381084432261055
2366,200837_off,0.0009553594504308521,0.030908889504976594
2367,200837_def,0.0005331844704564037,0.023090787566828544
2368,200838_off,0.0008993246588224051,0.029988742201406265
2369,200838_def,0.0005157220469723379,0.022709514459193926
2370,200839_off,0.0006998753834102526,0.026455157973640085
2371,200839_def,0.0004430891013493644,0.02104968173985926
2372,200840_off,0.0009561986629333096,0.030922462109820907
2373,200840_def,0.0005333184822571253,0.023093689230114907
2374,200841_off,0.0008383779009333729,0.028954756102122028
2375,200841_def,0.0004947691626207054,0.02224340717202977
2376,200848_off,0.0009446162119270592,0.030734609350487264
2377,200848_def,0.0005299272160277052,0.023020148045303817
2378,200970_off,0.0009422133712825817,0.030695494315657823
2379,200970_def,0.0005295145806713876,0.023011183817252593
2380,200971_off,0.0009103761285488012,0.030172439883920578
2381,200971_def,0.0005183089257623555,0.02276639905128511
2382,200978_off,0.0008077709115480417,0.02842131086962812
2383,200978_def,0.00048400991698148096,0.02200022538478824
2384,200984_off,0.0009591770035002103,0.030970582873110577
2385,200984_def,0.0005342506255064154,0.02311386219363643
2386,201041_off,0.0007683658026706759,0.02771941201884838
2387,201041_def,0.000468574136412742,0.021646573318027544
2388,201043_off,0.0007147145202049128,0.02673414521178698
2389,201043_def,0.00044803894165273836,0.02116693037860564
2390,201141_off,0.00041840692258127566,0.020454997496486663
2391,201141_def,0.00030868391260314,0.017569402738941923
2392,201142_off,4.634588843255038e-05,0.006807781461867763
2393,201142_def,4.3709721082739476e-05,0.006611332776584422
2394,201143_off,4.9896014402875795e-05,0.00706371109282336
2395,201143_def,4.697506248400347e-05,0.006853835603806343
2396,201144_off,6.158592780252798e-05,0.007847670214944558
2397,201144_def,5.723925900067983e-05,0.007565663156702116
2398,201145_off,4.3203106397337676e-05,0.0065729069974660125
2399,201145_def,4.112752273250397e-05,0.006413074358878429
2400,201146_off,0.00019780960316625364,0.014064480195380619
2401,201146_def,0.00016900456982446064,0.0130001757612911
2402,201147_off,7.190148225644138e-05,0.008479474173345974
2403,201147_def,6.661587404128194e-05,0.008161854816233988
2404,201148_off,0.000160419829715026,0.012665694995341788
2405,201148_def,0.00014080850014495672,0.011866275748732487
2406,201149_off,8.555723621977687e-05,0.009249715466963127
2407,201149_def,7.88281160252638e-05,0.00887851992312141
2408,201150_off,8.938493122567513e-05,0.009454360434512487
2409,201150_def,8.213182719857604e-05,0.009062661154350638
2410,201151_off,0.0003509824367396368,0.01873452526058872
2411,201151_def,0.0002700068464900827,0.016431885055893092
2412,201152_off,5.035091109334498e-05,0.007095837589273375
2413,201152_def,4.736712360082125e-05,0.006882377757782643
2414,201153_off,0.00029918825078693097,0.01729705902131721
2415,201153_def,0.00023859079355418772,0.015446384481625068
2416,201154_off,0.0001578902567484512,0.012565438979536337
2417,201154_def,0.00013783040025215103,0.011740119260559113
2418,201155_off,8.735243992413087e-05,0.009346252720964208
2419,201155_def,8.04831932329441e-05,0.008971242569061663
2420,201156_off,8.432980436569304e-05,0.009183126067178488
2421,201156_def,7.78816714738941e-05,0.008825059290106447
2422,201157_off,0.00040219655081519007,0.020054838588609736
2423,201157_def,0.00030064812989689086,0.017339207879741532
2424,201158_off,6.552626051425464e-05,0.008094829245527952
2425,201158_def,6.162746823294283e-05,0.007850316441580098
2426,201159_off,0.0004165284083607389,0.020409027619187028
2427,201159_def,0.0003083099614417185,0.017558757400275182
2428,201160_off,0.00012095913623281896,0.0109981423991881
2429,201160_def,0.00010911741995395744,0.01044592839119422
2430,201161_off,0.00018839115694360597,0.01372556581506227
2431,201161_def,0.00016118714789467107,0.012695950058765632
2432,201162_off,6.961691613454245e-05,0.00834367521746517
2433,201162_def,6.497359189275866e-05,0.008060619820631578
2434,201163_off,7.238743255435943e-05,0.008508080427120998
2435,201163_def,6.749227336171775e-05,0.008215368120888909
2436,201164_off,0.00019855824955548757,0.014091069851345126
2437,201164_def,0.0001694473393959708,0.013017193990871105
2438,201165_off,0.0007573033713735033,0.02751914554221303
2439,201165_def,0.00046580403559325106,0.021582493729716476
2440,201166_off,9.960476070778277e-05,0.009980218469942568
2441,201166_def,9.099786851357808e-05,0.009539280293270455
2442,201167_off,7.199390284883873e-05,0.008484922088554421
2443,201167_def,6.702218381699979e-05,0.008186707752020942
2444,201168_off,0.00016031920997224605,0.012661722235629955
2445,201168_def,0.00014003844813372527,0.011833784184855041
2446,201169_off,0.0007290769317610621,0.02700142462465753
2447,201169_def,0.0004534916459509123,0.021295343292628846
2448,201171_off,0.00010891938128172579,0.01043644485836656
2449,201171_def,9.895432579950466e-05,0.009947578891343595
2450,201172_off,0.0007248077092906066,0.026922253050044056
2451,201172_def,0.00045111687476331045,0.02123951211217693
2452,201173_off,0.0009369656440754179,0.030609894545316846
2453,201173_def,0.0005273575913529784,0.02296426770774497
2454,201174_off,0.0008095330669687844,0.028452294581786976
2455,201174_def,0.0004848993642910582,0.02202043061093625
2456,201175_off,0.00011027379104219665,0.010501132845659874
2457,201175_def,9.994604553054402e-05,0.009997301912543406
2458,201176_off,0.0007247199780368618,0.026920623656164835
2459,201176_def,0.00045209926336980326,0.02126262597540114
2460,201177_off,0.00014602713310877394,0.012084168697464212
2461,201177_def,0.00012895128768434456,0.011355672048995805
2462,201178_off,0.0005006130351245198,0.022374383457975325
2463,201178_def,0.00035322323728333106,0.018794234149954903
2464,201180_off,0.0009431731012922008,0.03071112341305998
2465,201180_def,0.0005289054429934237,0.02299794432103495
2466,201181_off,0.0006138664988917396,0.024776329407152697
2467,201181_def,0.00040602359752679224,0.020150027233897035
2468,201182_off,0.0009387661477923631,0.03063929091529964
2469,201182_def,0.0005279431158956647,0.02297701277136923
2470,201186_off,0.0008115198937655248,0.028487188239022902
2471,201186_def,0.00048348198205710265,0.021988223713094758
2472,201187_off,0.00021598976584677587,0.014696590279611657
2473,201187_def,0.00018060388602827486,0.013438894524040096
2474,201188_off,7.136976632176477e-05,0.008448062873923511
2475,201188_def,6.572759098240433e-05,0.008107255453136057
2476,201189_off,0.00025361979493197117,0.01592544488960893
2477,201189_def,0.00020898878226296993,0.01445644431604708
2478,201192_off,0.0009112362685836851,0.030186690255536216
2479,201192_def,0.0005187076064353928,0.022775153269196515
2480,201193_off,0.000921741308011175,0.030360192819071076
2481,201193_def,0.0005228698083195231,0.022866346632541088
2482,201196_off,8.278919772385004e-05,0.009098856946004263
2483,201196_def,7.605217826900612e-05,0.008720790002574658
2484,201199_off,0.0007978268974525109,0.028245829735600102
2485,201199_def,0.0004793120294072566,0.02189319596146841
2486,201202_off,0.00015927550860790024,0.012620440111497707
2487,201202_def,0.00013914350307499393,0.011795910438579717
2488,201203_off,0.0008544679352676,0.02923128350359594
2489,201203_def,0.0004996488785743426,0.0223528270823702
2490,201207_off,0.0008362924462600845,0.028918721380104005
2491,201207_def,0.0004942100125465473,0.02223083472446654
2492,201208_off,0.0008592997524757709,0.029313815044715197
2493,201208_def,0.0005019237873760838,0.022403655669914313
2494,201228_off,0.00010374707939380648,0.010185631025803285
2495,201228_def,9.427428858228407e-05,0.009709494764522203
2496,201229_off,8.807310046405943e-05,0.00938472697866376
2497,201229_def,8.123196292826129e-05,0.00901287761640317
2498,201234_off,0.0008498674462712954,0.02915248610789988
2499,201234_def,0.0004980062490718513,0.022316053617784916
2500,201235_off,0.0009453254153434361,0.03074614472325654
2501,201235_def,0.0005298106575101015,0.023017616243001825
2502,201238_off,0.0005865620574293574,0.024219043280636777
2503,201238_def,0.00038943570576875164,0.019734125411802562
2504,201242_off,0.0008598674489224821,0.02932349653302761
2505,201242_def,0.0005014062239262641,0.02239210182020134
2506,201274_off,0.0003865322221301815,0.019660422735286787
2507,201274_def,0.0002909871364371418,0.017058345067360484
2508,201281_off,0.0009049612568130332,0.030082573972534884
2509,201281_def,0.0005170134835231618,0.02273793050220626
2510,201286_off,0.0009358070636405208,0.030590963757955072
2511,201286_def,0.0005267068584482419,0.02295009495510295
2512,201291_off,0.0008904484734455602,0.029840383265728344
2513,201291_def,0.000512601871368159,0.022640712695676322
2514,201336_off,0.0008337813375049113,0.02887527207672529
2515,201336_def,0.0004923889146976695,0.02218983809534602
2516,201446_off,0.0006253648583179284,0.02500729610169657
2517,201446_def,0.00041055554091410485,0.020262170192605355
2518,201563_off,9.44878482179561e-05,0.009720486007291822
2519,201563_def,8.677933627537699e-05,0.009315542725755542
2520,201564_off,8.89651793202812e-05,0.009432135459177905
2521,201564_def,8.17691554968361e-05,0.009042629899362028
2522,201565_off,6.927300642851339e-05,0.008323040696074565
2523,201565_def,6.463932143048703e-05,0.008039858296667115
2524,201566_off,5.120253522731863e-05,0.007155594680200845
2525,201566_def,4.774831188681817e-05,0.006910015331880109
2526,201567_off,5.687702249370403e-05,0.0075416856533340095
2527,201567_def,5.349464534425342e-05,0.0073140033732733145
2528,201568_off,6.417327846579016e-05,0.00801082258359216
2529,201568_def,6.0060734248889605e-05,0.007749886079736244
2530,201569_off,5.221889931154528e-05,0.007226264547575413
2531,201569_def,4.933536300763919e-05,0.007023913653202122
2532,201570_off,0.0006191813946601486,0.02488335577570173
2533,201570_def,0.0004088829230864588,0.020220853668588248
2534,201571_off,6.491093995428388e-05,0.008056732585501635
2535,201571_def,6.0550713428790966e-05,0.007781433892849759
2536,201572_off,5.241766550840017e-05,0.007240004524059372
2537,201572_def,4.915678462970105e-05,0.007011189958181211
2538,201573_off,9.991390766639874e-05,0.009995694456434667
2539,201573_def,9.137499858045228e-05,0.009559027072900897
2540,201574_off,0.00010782929217155202,0.01038408841312284
2541,201574_def,9.747217405807635e-05,0.009872799707179131
2542,201575_off,0.00012359811970605113,0.01111746912323354
2543,201575_def,0.00011068258662995885,0.01052057919650619
2544,201576_off,0.00024951009524085284,0.015795888554964322
2545,201576_def,0.00020501471105611194,0.014318334786423732
2546,201577_off,6.7407267525765e-05,0.008210192904296768
2547,201577_def,6.273037157682158e-05,0.007920250726891263
2548,201578_off,0.00011090728096398157,0.010531252582859342
2549,201578_def,0.00010087443956613314,0.01004362681336444
2550,201579_off,0.00010228062911907113,0.010113388607142075
2551,201579_def,9.232178610719693e-05,0.009608422664891305
2552,201580_off,8.419137913053543e-05,0.009175586037443898
2553,201580_def,7.779804320885945e-05,0.008820319903997783
2554,201581_off,0.00011302252981425688,0.010631205473240412
2555,201581_def,0.00010177982329566751,0.01008859867849185
2556,201582_off,0.00025805067804877794,0.016063955865501436
2557,201582_def,0.00021141759443467709,0.01454020613453183
2558,201583_off,8.000295349357961e-05,0.008944437013785698
2559,201583_def,7.456910970984224e-05,0.008635340740807062
2560,201584_off,6.299082439565213e-05,0.007936675903402642
2561,201584_def,5.911693773985092e-05,0.007688753978366776
2562,201585_off,0.0001126757891094175,0.010614885261245996
2563,201585_def,0.0001015558312642393,0.010077491317993745
2564,201586_off,6.0906338993563935e-05,0.007804251341004077
2565,201586_def,5.7123045618978194e-05,0.00755797893745267
2566,201587_off,5.60055099401754e-05,0.007483682912856169
2567,201587_def,5.267466788222357e-05,0.007257731593426666
2568,201588_off,5.6742037618078025e-05,0.007532731086271302
2569,201588_def,5.341580397766849e-05,0.007308611631333853
2570,201589_off,0.00013351203511632935,0.011554740806973099
2571,201589_def,0.00011915677255039973,0.010915895407633757
2572,201590_off,0.00024926413190366477,0.015788100959382823
2573,201590_def,0.00020477433422808584,0.014309938302735125
2574,201591_off,0.00039781351822372566,0.019945263052256936
2575,201591_def,0.00029792256451636334,0.017260433497347724
2576,201592_off,0.0008140234837168255,0.028531096784330346
2577,201592_def,0.00048487932007590146,0.02201997547854905
2578,201593_off,0.0001908786171571204,0.013815882786022773
2579,201593_def,0.00016303914206094119,0.012768678164200912
2580,201594_off,0.0009501821266571296,0.030825024357770257
2581,201594_def,0.000531223454722041,0.02304828528810855
2582,201595_off,0.0004575298683495625,0.02138994783419451
2583,201595_def,0.00033071013378374803,0.018185437409744865
2584,201596_off,8.94530309991721e-05,0.009457961249612524
2585,201596_def,8.200092138512263e-05,0.009055436012977102
2586,201599_off,6.730801597201817e-05,0.008204146267102882
2587,201599_def,6.236151377897406e-05,0.007896930655575878
2588,201600_off,0.00013867652008872172,0.011776099527802987
2589,201600_def,0.000122590530817315,0.011072060820701583
2590,201601_off,8.5384843077527e-05,0.009240391933112307
2591,201601_def,7.871198233907323e-05,0.008871977363534763
2592,201602_off,0.0004725909590368991,0.021739157275223416
2593,201602_def,0.00033900284247567703,0.018412029830403735
2594,201603_off,0.0002905360753106332,0.017045118811866145
2595,201603_def,0.00023184624218064182,0.015226498027473088
2596,201604_off,0.00024225250284247175,0.015564462818949833
2597,201604_def,0.00020066456131572464,0.014165611928742246
2598,201605_off,0.0007231078727311511,0.026890665159700886
2599,201605_def,0.00045230927529054315,0.021267563924684537
2600,201606_off,0.0007946413565206272,0.02818938375560252
2601,201606_def,0.00047858975545668584,0.021876694344820147
2602,201607_off,0.0009501670760024076,0.03082478022634399
2603,201607_def,0.0005319087340369325,0.02306314666382132
2604,201609_off,6.021990698145847e-05,0.007760148644288875
2605,201609_def,5.6396344922951136e-05,0.007509749990708821
2606,201611_off,0.000302896599101788,0.017403924818896112
2607,201611_def,0.00024029488105571745,0.015501447708382512
2608,201612_off,0.0007120961088341661,0.02668512898290293
2609,201612_def,0.0004465144322329406,0.02113088810800295
2610,201616_off,0.0005429115180304963,0.02330046175573558
2611,201616_def,0.0003723962904387547,0.01929757213845189
2612,201619_off,0.0008982351821325965,0.029970571935360135
2613,201619_def,0.0005148171618558025,0.022689582672579117
2614,201621_off,0.0009495004323686161,0.030813964892052046
2615,201621_def,0.0005312391375672402,0.02304862550277652
2616,201623_off,0.000581136574707043,0.02410677445671741
2617,201623_def,0.0003905914370626736,0.01976338627519772
2618,201627_off,0.00010644505616568403,0.010317221339376414
2619,201627_def,9.684256332517908e-05,0.009840861919830959
2620,201628_off,0.0004280645808309859,0.02068972162284901
2621,201628_def,0.00031541914839329087,0.01776004359209996
2622,201629_off,0.0008741292491131023,0.02956567687561207
2623,201629_def,0.0005065353225813502,0.022506339608682487
2624,201631_off,0.0009633324371535845,0.031037597154960055
2625,201631_def,0.000535539478924408,0.023141725927951183
2626,201632_off,0.0005270787428484089,0.0229581955486142
2627,201632_def,0.0003668051486121291,0.01915215780563979
2628,201633_off,0.0007191248663711465,0.026816503619434554
2629,201633_def,0.00045025557929859026,0.02121922664233054
2630,201634_off,0.0008469919682186051,0.029103126433745997
2631,201634_def,0.0004976015343995752,0.022306983982591084
2632,201785_off,0.0007262393853769975,0.026948829016805117
2633,201785_def,0.00045236181670627376,0.02126879913644101
2634,201802_off,0.0009502123221670382,0.030825514142785004
2635,201802_def,0.0005318076442754515,0.02306095497318902
2636,201805_off,0.0006034724765732109,0.02456567679859871
2637,201805_def,0.0004013224284887657,0.020033033432028353
2638,201814_off,0.00045620469118518,0.021358948737828367
2639,201814_def,0.0003304050598910455,0.018177047612058607
2640,201821_off,0.0009606628322183971,0.03099456133289189
2641,201821_def,0.0005349485452540178,0.023128954694365628
2642,201858_off,0.0002829092705295277,0.016819906971488507
2643,201858_def,0.00022828626409721707,0.01510914504852002
2644,201880_off,0.0003055944085669617,0.01748125878096202
2645,201880_def,0.00024139831948653552,0.015536998406594999
2646,201933_off,7.048225491548726e-05,0.008395371040965804
2647,201933_def,6.56778055180802e-05,0.008104184444969168
2648,201934_off,0.0003582093004111479,0.018926418055489207
2649,201934_def,0.0002732051879945654,0.016528919746751913
2650,201935_off,4.6255524021139446e-05,0.006801141376352902
2651,201935_def,4.343239694084724e-05,0.006590326011727131
2652,201936_off,8.445934847250804e-05,0.009190176737827627
2653,201936_def,7.757982724598989e-05,0.008807941146828235
2654,201937_off,7.586388275420638e-05,0.008709987528935181
2655,201937_def,6.993830153951492e-05,0.008362912264248318
2656,201938_off,0.00028493563341159514,0.01688003653466411
2657,201938_def,0.0002277733176366672,0.015092160800782213
2658,201939_off,6.849626327662754e-05,0.008276246931830124
2659,201939_def,6.277654050915486e-05,0.00792316480386183
2660,201941_off,0.00015504932867220408,0.012451880527542982
2661,201941_def,0.00013601903550365538,0.011662719901620522
2662,201942_off,5.2388023710658064e-05,0.007237957150374549
2663,201942_def,4.879720359581627e-05,0.006985499523714555
2664,201943_off,9.845135152013061e-05,0.009922265442938453
2665,201943_def,8.889214145711925e-05,0.009428262907721616
2666,201944_off,0.0003147692801420118,0.017741738363024402
2667,201944_def,0.00024776900936379024,0.015740680079456233
2668,201945_off,0.0001099123272926727,0.01048390801622528
2669,201945_def,9.895699150184233e-05,0.009947712877935427
2670,201946_off,0.00016015260346803815,0.012655141384751028
2671,201946_def,0.00013990322621315555,0.01182806942037269
2672,201947_off,0.0002561500520851589,0.016004688440740072
2673,201947_def,0.000210037331658868,0.014492664753552674
2674,201948_off,0.0002574487468273447,0.01604520946660855
2675,201948_def,0.00021062185412029473,0.014512816891296283
2676,201949_off,8.517133237163819e-05,0.009228831582147233
2677,201949_def,7.849641568867078e-05,0.008859820296635299
2678,201950_off,5.052813855456254e-05,0.007108314747854272
2679,201950_def,4.752867568673907e-05,0.006894104415131749
2680,201951_off,9.67561354939827e-05,0.009836469666195424
2681,201951_def,8.792365427453283e-05,0.009376761395840934
2682,201952_off,6.877935048819877e-05,0.008293331688061123
2683,201952_def,6.388539551726724e-05,0.007992834010366238
2684,201953_off,0.00025307633790691347,0.01590837320114516
2685,201953_def,0.00020746725527810795,0.014403723660154966
2686,201954_off,7.054054354191616e-05,0.008398841797647825
2687,201954_def,6.557526050668096e-05,0.008097855302898475
2688,201956_off,0.000105769540902448,0.01028443196790411
2689,201956_def,9.615898695729726e-05,0.009806068883976763
2690,201957_off,0.00030443678566212097,0.017448116966083217
2691,201957_def,0.00024074931972629002,0.015516098727653483
2692,201958_off,0.00030996786751913966,0.01760590433687346
2693,201958_def,0.00024526348096414174,0.015660890171511378
2694,201959_off,6.842665616688805e-05,0.008272040628943263
2695,201959_def,6.370704301196647e-05,0.007981669187079007
2696,201960_off,9.27633505064153e-05,0.00963137324094624
2697,201960_def,8.476107392495624e-05,0.009206577753158675
2698,201961_off,8.128098878751795e-05,0.00901559697344097
2699,201961_def,7.522297319790257e-05,0.008673117847573764
2700,201962_off,0.00015784720373488025,0.012563725710746803
2701,201962_def,0.0001375786124232538,0.011729390965572501
2702,201963_off,0.0005604235621078601,0.023673266823737278
2703,201963_def,0.00038044081604371113,0.019504892105410662
2704,201964_off,0.0005431113706731191,0.02330474995946361
2705,201964_def,0.0003742685873903093,0.019346022521187896
2706,201965_off,0.0003442886743796057,0.018555017498768513
2707,201965_def,0.0002670273627137864,0.016340971902362063
2708,201966_off,0.0006025637951102696,0.024547174890611537
2709,201966_def,0.0004007408873123886,0.020018513613962167
2710,201967_off,9.229586783730284e-05,0.009607073843647859
2711,201967_def,8.399131561698974e-05,0.009164677605731133
2712,201969_off,0.0006059142337222062,0.024615325180102867
2713,201969_def,0.00040243261798574844,0.020060723266765543
2714,201970_off,0.0002449034776372391,0.015649392244979965
2715,201970_def,0.00020175624795844724,0.014204092648192888
2716,201971_off,0.00016298178093187136,0.012766431801089582
2717,201971_def,0.00014171121682991143,0.01190425204831918
2718,201972_off,0.0004528895183049508,0.02128120105409821
2719,201972_def,0.000328441588342669,0.018122957494367993
2720,201973_off,0.00011068718815264278,0.010520797885742448
2721,201973_def,0.0001000404286824299,0.010002021229852989
2722,201974_off,0.0003646711639159014,0.019096365201679125
2723,201974_def,0.0002776850448138863,0.01666388444552729
2724,201975_off,0.00010534603579670221,0.01026382169548469
2725,201975_def,9.572589909095828e-05,0.009783961318962697
2726,201976_off,7.25881818778261e-05,0.008519869827516504
2727,201976_def,6.753467445995943e-05,0.008217948312076406
2728,201977_off,0.0001142495901375135,0.010688759990640331
2729,201977_def,0.00010356554792487638,0.010176715969549135
2730,201978_off,0.00015536803782301425,0.012464671589055776
2731,201978_def,0.00013574868311525993,0.011651123684660631
2732,201979_off,0.00039940925428513346,0.01998522590027777
2733,201979_def,0.0002974951589574194,0.017248047975275908
2734,201980_off,6.757719644591691e-05,0.008220535046206963
2735,201980_def,6.312817570506491e-05,0.00794532414096901
2736,201981_off,0.0009425371500910252,0.03070076790718801
2737,201981_def,0.0005287042537361251,0.022993569834545594
2738,201985_off,0.00025982605647959645,0.016119120834573963
2739,201985_def,0.00021264533819356727,0.014582363943941575
2740,201986_off,0.00046780923032714946,0.021628898037744537
2741,201986_def,0.00033665728420631633,0.01834822291684719
2742,201988_off,7.74841724664966e-05,0.008802509441431836
2743,201988_def,7.166431831871409e-05,0.008465478032498466
2744,201991_off,0.0006609350361217216,0.025708656832314707
2745,201991_def,0.0004266102753262469,0.020654546117652814
2746,202066_off,8.27409535964758e-05,0.009096205450432384
2747,202066_def,7.656524996663907e-05,0.008750157139539786
2748,202068_off,0.0008895205687005798,0.029824831411100712
2749,202068_def,0.0005115833638886296,0.02261820867992489
2750,202077_off,0.0009381922054733254,0.030629923367082156
2751,202077_def,0.0005279077697408948,0.02297624359508958
2752,202079_off,0.0009527859340353673,0.030867230747758493
2753,202079_def,0.0005323808256991027,0.023073379156489035
2754,202081_off,0.0008920291458918839,0.029866856980470573
2755,202081_def,0.000512924440036477,0.022647835217443565
2756,202082_off,0.0008299815088840482,0.02880939966198616
2757,202082_def,0.0004918706588659778,0.02217815724684938
2758,202083_off,5.382113493387613e-05,0.007336288907470598
2759,202083_def,5.0693450673671556e-05,0.007119933333513142
2760,202087_off,0.00014620426007532785,0.012091495361423576
2761,202087_def,0.0001282719596461089,0.01132572115346784
2762,202091_off,0.0008374903336893973,0.028939425248083232
2763,202091_def,0.0004932250749053785,0.022208671164781077
2764,202130_off,0.00026861337923507147,0.01638942888678771
2765,202130_def,0.00021800524234734676,0.014765000587448236
2766,202132_off,0.0009121721208180309,0.03020218735154841
2767,202132_def,0.0005185507999332649,0.02277171051838805
2768,202148_off,0.000815955507764161,0.0285649349336588
2769,202148_def,0.0004855014239826049,0.022034096849714645
2770,202178_off,0.0005046291898003719,0.022463953120507793
2771,202178_def,0.0003528195852521266,0.01878349236037129
2772,202197_off,0.000956494883272443,0.03092725146650512
2773,202197_def,0.0005335380450106745,0.023098442480190617
2774,202220_off,0.0007916614646202842,0.028136479250614924
2775,202220_def,0.0004776088318318829,0.021854263470359347
2776,202227_off,0.0007280387737367435,0.0269821936420437
2777,202227_def,0.00045424667911494744,0.021313063578822906
2778,202322_off,8.63224858482313e-05,0.009290989497800075
2779,202322_def,7.862853569927276e-05,0.008867273295623224
2780,202323_off,7.587167732253936e-05,0.008710434967470876
2781,202323_def,7.023056196592782e-05,0.008380367651000033
2782,202324_off,8.246326780693133e-05,0.00908092879649055
2783,202324_def,7.581279534683403e-05,0.008707054343854414
2784,202325_off,0.00010043881620660393,0.01002191679303934
2785,202325_def,9.131586308831246e-05,0.009555933397021583
2786,202326_off,8.064128607622333e-05,0.008980049335957087
2787,202326_def,7.450483909328265e-05,0.008631618567411483
2788,202327_off,0.00019461316935501818,0.013950382408916903
2789,202327_def,0.0001661888599230679,0.012891425829715962
2790,202328_off,9.171734186875919e-05,0.009576917138033469
2791,202328_def,8.355545741623543e-05,0.009140867432373988
2792,202329_off,8.534377569401001e-05,0.009238169499095046
2793,202329_def,7.83809021140022e-05,0.008853298939604503
2794,202330_off,6.575385399058149e-05,0.008108875013871005
2795,202330_def,6.115337760644477e-05,0.007820062506556119
2796,202331_off,5.880381253741706e-05,0.007668364397798077
2797,202331_def,5.484516291423366e-05,0.007405752015442703
2798,202332_off,0.000282835289559837,0.016817707619049542
2799,202332_def,0.00022672408496418354,0.015057359827147107
2800,202333_off,0.00031715383822140963,0.017808813498417283
2801,202333_def,0.0002500374580192504,0.015812572783049896
2802,202334_off,9.870592979011946e-05,0.00993508579681723
2803,202334_def,8.974536366625598e-05,0.009473402961251884
2804,202335_off,8.951528762856855e-05,0.00946125190598837
2805,202335_def,8.230763426817628e-05,0.009072355497233136
2806,202336_off,0.00023735848175004747,0.0154064428649201
2807,202336_def,0.0001966939988624697,0.014024763772073656
2808,202337_off,0.00020317273450971382,0.014253867352747248
2809,202337_def,0.00017251124196095068,0.013134353503730234
2810,202338_off,0.0001878093951658334,0.013704356795042713
2811,202338_def,0.00016053213687241592,0.012670127737020488
2812,202339_off,6.643148851359283e-05,0.00815055142389721
2813,202339_def,6.2061338621596e-05,0.007877901917490215
2814,202340_off,7.998070533459309e-05,0.008943193240369633
2815,202340_def,7.358340273598196e-05,0.008578076866989592
2816,202341_off,0.0002404927403779989,0.015507828357897145
2817,202341_def,0.00019834278525997608,0.014083422356088596
2818,202342_off,0.0008863182829872066,0.029771098115239328
2819,202342_def,0.0005109357920537992,0.022603888870143543
2820,202343_off,0.0004746551937430147,0.02178658288357802
2821,202343_def,0.00033676427620965576,0.01835113828103466
2822,202344_off,0.00012181262261427709,0.01103687558207834
2823,202344_def,0.00010863767940540464,0.010422940055733057
2824,202345_off,0.0006632308258234549,0.025753268255183745
2825,202345_def,0.00042798464161718735,0.020687789674520268
2826,202346_off,0.0006226782693778792,0.024953522183809626
2827,202346_def,0.00041068840350358215,0.02026544851474011
2828,202347_off,0.0001871378809851851,0.01367983483033275
2829,202347_def,0.00016091375821916345,0.01268517868298131
2830,202348_off,0.00017725119990670652,0.013313572019060345
2831,202348_def,0.00015250254032898479,0.012349191889714273
2832,202349_off,0.00013723843304685733,0.0117148808379282
2833,202349_def,0.0001217987005994871,0.01103624485952931
2834,202350_off,0.0006783632417708505,0.02604540730667982
2835,202350_def,0.0004335400216923672,0.020821623896621684
2836,202351_off,0.0006577150878202034,0.02564595655888474
2837,202351_def,0.00042469855427028363,0.02060821569836369
2838,202353_off,0.0009125506095254406,0.03020845261719707
2839,202353_def,0.000519220341402088,0.02278640694366025
2840,202354_off,0.0007612148102334982,0.0275901216059933
2841,202354_def,0.0004661549196219817,0.021590621103200845
2842,202355_off,0.00011543651706842337,0.010744138730881288
2843,202355_def,0.0001033838428388012,0.010167784559027655
2844,202356_off,0.0007431445240368582,0.027260677248316083
2845,202356_def,0.0004587527772708071,0.021418514824114374
2846,202357_off,0.00013727120990822232,0.011716279695714947
2847,202357_def,0.00012149706344952876,0.011022570637085016
2848,202359_off,0.0009375780828001758,0.03061989684502833
2849,202359_def,0.0005275833618566532,0.022969182873072633
2850,202360_off,0.0009465063891677314,0.030765343963098015
2851,202360_def,0.0005307530962097583,0.023038079264768543
2852,202361_off,0.00019322370855632184,0.01390049310479027
2853,202361_def,0.00016472819841680358,0.012834648355790804
2854,202362_off,9.94776709618572e-05,0.009973849355281901
2855,202362_def,9.085500993023445e-05,0.009531789440091218
2856,202363_off,0.0007469287996578634,0.027329998164249178
2857,202363_def,0.00045981632797827354,0.021443328285932515
2858,202365_off,0.0005975603790987699,0.02444504815087853
2859,202365_def,0.0003991318209489058,0.01997828373381722
2860,202366_off,0.0007031907496052042,0.02651774405195895
2861,202366_def,0.00044331228505826986,0.021054982428353387
2862,202371_off,0.0009637125427050288,0.031043719859337553
2863,202371_def,0.0005357757649177366,0.023146830558798685
2864,202374_off,0.0008540167418303806,0.029223564837821903
2865,202374_def,0.0004996067003483087,0.02235188359732371
2866,202376_off,0.0006010776781716811,0.02451688557243112
2867,202376_def,0.0003985622040076275,0.01996402274111176
2868,202377_off,0.000943004220136586,0.030708373778768977
2869,202377_def,0.000529310795931215,0.023006755441200635
2870,202378_off,0.0008778639881204113,0.0296287696018652
2871,202378_def,0.0005081129939532791,0.02254136184779613
2872,202379_off,0.00034868661744459617,0.018673152316751346
2873,202379_def,0.0002672420949746103,0.016347540945800085
2874,202380_off,0.0008616403836192709,0.02935371158165984
2875,202380_def,0.0005021091202773378,0.022407791508253058
2876,202382_off,0.0008299451857258036,0.028808769250452258
2877,202382_def,0.000490781786048903,0.02215359533007911
2878,202385_off,0.0009543572069104842,0.030892672382144024
2879,202385_def,0.0005326368784276602,0.02307892715070742
2880,202386_off,0.0006170001305046207,0.0248394873237074
2881,202386_def,0.00040730894173843463,0.02018189638607915
2882,202388_off,0.00027427750138385123,0.016561325471828977
2883,202388_def,0.00022127244056430417,0.014875229092834308
2884,202389_off,0.00013842405709767343,0.011765375348779717
2885,202389_def,0.00012308606362196214,0.011094415875653938
2886,202390_off,0.00014898539434023516,0.012205957329936687
2887,202390_def,0.0001311516981989615,0.011452148191451308
2888,202391_off,0.00010772322771477923,0.01037898009029689
2889,202391_def,9.75114570634901e-05,0.009874788962984986
2890,202395_off,0.0009211003595821405,0.03034963524627834
2891,202395_def,0.0005221041836597231,0.022849599201292856
2892,202396_off,0.00045576289016124,0.021348603939397068
2893,202396_def,0.00032752623373060493,0.01809768586672354
2894,202397_off,8.575673621003018e-05,0.009260493302736641
2895,202397_def,7.883550654406335e-05,0.008878936115552547
2896,202399_off,0.0003843753459813234,0.019605492750281065
2897,202399_def,0.00028948233238284383,0.017014180332382865
2898,202406_off,0.0008580692138181848,0.02929281846832402
2899,202406_def,0.0005006272780629722,0.02237470174243608
2900,202407_off,0.0005439220109137871,0.02332213564221311
2901,202407_def,0.00037323260270905555,0.0193192288331873
2902,202408_off,0.0009497454672293143,0.030817940671454904
2903,202408_def,0.0005315468660847167,0.02305530017338132
2904,202412_off,0.00046632762151883265,0.021594620198531686
2905,202412_def,0.0003322581381951742,0.01822794936889979
2906,202419_off,0.0006623617906640888,0.02573639039694745
2907,202419_def,0.0004269210775678142,0.020662068569429686
2908,202458_off,0.0009016203830836899,0.030026994239911693
2909,202458_def,0.0005158030566061037,0.0227112979947449
2910,202498_off,0.0001632448792464008,0.012776731947035627
2911,202498_def,0.0001423122879131208,0.011929471401244935
2912,202536_off,0.0009338432889192762,0.030558849600717565
2913,202536_def,0.0005259568866221774,0.02293374994679626
2914,202545_off,0.00092116940880146,0.03035077278754958
2915,202545_def,0.0005221327844997974,0.022850225042651055
2916,202620_off,0.0008799814050354203,0.029664480528662898
2917,202620_def,0.0005089946164304252,0.02256090903377843
2918,202622_off,0.000899268557654608,0.029987806816348005
2919,202622_def,0.0005151982793463024,0.022697979631374737
2920,202681_off,6.064439872615598e-05,0.007787451362683171
2921,202681_def,5.67436082300244e-05,0.007532835338040013
2922,202682_off,0.0001418962260774986,0.011912020234934904
2923,202682_def,0.0001252584908728042,0.011191893980591677
2924,202683_off,8.440400103602837e-05,0.009187165016262001
2925,202683_def,7.763160545195657e-05,0.008810879947653161
2926,202684_off,7.64749055436098e-05,0.008744993170015045
2927,202684_def,7.048168858635183e-05,0.008395337312243734
2928,202685_off,7.815712647979187e-05,0.008840651926175573
2929,202685_def,7.153185092562067e-05,0.008457650437658244
2930,202686_off,0.0003634112184861878,0.019063347515223757
2931,202686_def,0.0002777667581310871,0.0166663360739872
2932,202687_off,8.399664392349523e-05,0.009164968299099307
2933,202687_def,7.70764081833548e-05,0.008779317068163947
2934,202688_off,0.00010705216872846325,0.010346601796167825
2935,202688_def,9.690091686132213e-05,0.009843826332342629
2936,202689_off,8.40132524664918e-05,0.009165874342717763
2937,202689_def,7.611335325452065e-05,0.00872429671976605
2938,202690_off,0.0002963841256228377,0.017215810338837893
2939,202690_def,0.00023685619285417127,0.015390132970646201
2940,202691_off,7.524470271348854e-05,0.008674370450556544
2941,202691_def,6.91397925007126e-05,0.00831503412504799
2942,202692_off,8.337203873909754e-05,0.009130829028029029
2943,202692_def,7.671526792295833e-05,0.008758725245317284
2944,202693_off,7.656736594936922e-05,0.008750278049831858
2945,202693_def,7.116278889928483e-05,0.00843580398653767
2946,202694_off,6.323129895729664e-05,0.00795181104889299
2947,202694_def,5.942546552804452e-05,0.007708791444062066
2948,202695_off,6.623344894166297e-05,0.008138393511109116
2949,202695_def,6.198797206546904e-05,0.007873244062358859
2950,202696_off,7.540299528712036e-05,0.008683489810388469
2951,202696_def,6.845938006870846e-05,0.008274018374931764
2952,202697_off,0.00010266492336625664,0.010132370076455786
2953,202697_def,9.358604927041417e-05,0.009673988281490431
2954,202698_off,0.0003600778106962932,0.018975716342111915
2955,202698_def,0.00027522826302901765,0.016590004913471776
2956,202699_off,5.925985951793743e-05,0.007698042577041091
2957,202699_def,5.5264500161276184e-05,0.0074340096960709015
2958,202700_off,0.0002271466595542373,0.0150713854556984
2959,202700_def,0.00018994350189568656,0.013781999198073063
2960,202701_off,0.0006064097617061302,0.024625388559495465
2961,202701_def,0.0004024613577340171,0.020061439572822713
2962,202702_off,0.00012413653113765047,0.011141657468153043
2963,202702_def,0.00011092334229625129,0.010532015110901204
2964,202703_off,0.00014405241351291066,0.012002183697682295
2965,202703_def,0.00012787944315124065,0.011308379333540269
2966,202704_off,6.990437682643141e-05,0.008360883734775374
2967,202704_def,6.491715569464285e-05,0.008057118324478228
2968,202705_off,0.00029078696500069563,0.017052476799594117
2969,202705_def,0.00023219416276758925,0.01523791858383517
2970,202706_off,0.0003748267765905092,0.019360443605209804
2971,202706_def,0.0002845725973566547,0.016869279692881222
2972,202707_off,0.000793662228628038,0.028172011440932614
2973,202707_def,0.0004787481836433097,0.021880314980440973
2974,202708_off,0.00014780768316410638,0.012157618317915165
2975,202708_def,0.00012967859260063408,0.011387650881574922
2976,202709_off,7.59487758092043e-05,0.008714859483044136
2977,202709_def,6.995160734446623e-05,0.008363707751019654
2978,202710_off,5.923659006079118e-05,0.007696531040721604
2979,202710_def,5.543605728632543e-05,0.007445539422118818
2980,202711_off,7.505437183476502e-05,0.008663392628454803
2981,202711_def,6.917611878250421e-05,0.008317218211788375
2982,202712_off,0.0008651811327240688,0.02941396152720794
2983,202712_def,0.0005038473744932349,0.02244654482305094
2984,202713_off,0.00016901731138282495,0.013000665805366468
2985,202713_def,0.0001463857707094673,0.012098998748221576
2986,202714_off,0.0001415833956462863,0.011898882117505253
2987,202714_def,0.00012506621599241293,0.011183300764640684
2988,202715_off,0.0008807753899157638,0.029677860265116214
2989,202715_def,0.0005089640627304914,0.022560231885565614
2990,202716_off,0.0006711278677300516,0.025906135715888845
2991,202716_def,0.00042967177446127014,0.020728525621984555
2992,202717_off,0.0008851041248341476,0.029750699568819348
2993,202717_def,0.0005101618908576181,0.022586763620705337
2994,202718_off,0.00010541351117282666,0.010267108218618651
2995,202718_def,9.565516265407413e-05,0.009780345732849843
2996,202719_off,0.0005705965078782039,0.023887161988779746
2997,202719_def,0.00038260374301671995,0.019560259277850076
2998,202720_off,0.00018364951827017325,0.013551734880456202
2999,202720_def,0.00015832842968933132,0.012582862539554793
3000,202721_off,0.0004492749412566684,0.021196106747623924
3001,202721_def,0.00032534475998197365,0.01803731576432518
3002,202722_off,0.00013040781289673845,0.011419624026067516
3003,202722_def,0.00011699073278297741,0.010816225440650607
3004,202723_off,0.000690041955939882,0.02626864967865463
3005,202723_def,0.0004396045817419889,0.020966749431945545
3006,202724_off,0.000508503332887296,0.022550018467559975
3007,202724_def,0.0003521419822829337,0.018765446498363255
3008,202725_off,0.0005728780017773678,0.02393486999708517
3009,202725_def,0.0003879536660759097,0.01969653944417419
3010,202726_off,0.0006813891077492979,0.026103430957429674
3011,202726_def,0.00043547187106882535,0.02086796279153347
3012,202727_off,0.0009337787815725168,0.030557794121508785
3013,202727_def,0.0005262520475470319,0.022940184121907826
3014,202728_off,0.0009591409596679623,0.030970000963318717
3015,202728_def,0.0005343583396902765,0.023116192153775597
3016,202729_off,0.0007896271496114691,0.028100305151572094
3017,202729_def,0.00047628839080319905,0.021824032413905525
3018,202730_off,0.00016882257353808644,0.01299317411328296
3019,202730_def,0.0001462071838305497,0.012091616262127644
3020,202731_off,0.0008734870624901933,0.02955481453993906
3021,202731_def,0.000506653711315574,0.022508969574717853
3022,202732_off,0.0003880591242252808,0.019699216335308387
3023,202732_def,0.00029150616155796945,0.017073551521519167
3024,202734_off,0.00010550137470342088,0.010271386211384561
3025,202734_def,9.567674303569563e-05,0.009781448923124611
3026,202738_off,9.092160832013609e-05,0.00953528228843468
3027,202738_def,8.350475628691817e-05,0.009138093689983605
3028,202775_off,0.0009319446791644708,0.03052776898439306
3029,202775_def,0.000526024727094563,0.022935228952303113
3030,202779_off,0.0006391776344172798,0.025281962629852925
3031,202779_def,0.0004163384691879338,0.020404373775931812
3032,202809_off,0.0007399495175597922,0.027202013115940376
3033,202809_def,0.0004584684764646715,0.021411876995365713
3034,202810_off,0.0009260463123548198,0.030431009059096608
3035,202810_def,0.000523790244623037,0.022886464222833483
3036,202814_off,0.0009040376949412147,0.030067219607759123
3037,202814_def,0.0005170161646467099,0.02273798945920043
3038,202862_off,0.0009498157292187577,0.030819080603073767
3039,202862_def,0.0005312194615495667,0.02304819866170818
3040,202874_off,0.0007843010285848962,0.028005374994541605
3041,202874_def,0.0004737884852124103,0.02176668291707329
3042,202880_off,0.0009367488144568858,0.030606352518013084
3043,202880_def,0.0005275525872041497,0.022968512951520168
3044,202918_off,0.0009304624414998391,0.030503482448727706
3045,202918_def,0.0005250796965238002,0.0229146175295116
3046,202933_off,0.0006919516242512376,0.02630497337484373
3047,202933_def,0.00043888246459403347,0.020949521822562763
3048,202951_off,0.0005325071199501442,0.023076115789927562
3049,202951_def,0.00036855922397578493,0.019197896342458592
3050,202952_off,0.0007679864500389247,0.02771256844897139
3051,202952_def,0.0004699976954654725,0.021679430238488107
3052,202954_off,0.0002802210112895537,0.016739803203429653
3053,202954_def,0.00022532992528771412,0.015010993481036294
3054,202962_off,0.000404506058830289,0.020112335986411153
3055,202962_def,0.00030270920130073717,0.017398540206026974
3056,202970_off,0.0003726103803000699,0.019303118408694225
3057,202970_def,0.00028392049451549155,0.016849940489968847
3058,203006_off,0.0009591388953297344,0.03096996763527102
3059,203006_def,0.0005342414160338321,0.023113662973095202
3060,203076_off,6.547825275050474e-05,0.008091863367019041
3061,203076_def,6.056961584841606e-05,0.007782648382679
3062,203077_off,0.0001352802614990431,0.011631004320308847
3063,203077_def,0.0001200112126496269,0.010954962923242913
3064,203078_off,6.89875204794208e-05,0.008305872650084445
3065,203078_def,6.390812730944396e-05,0.00799425589466862
3066,203079_off,0.00010885390519604477,0.010433307490726264
3067,203079_def,9.890368811522653e-05,0.00994503333907064
3068,203080_off,0.00023610045127235384,0.015365560558351064
3069,203080_def,0.00019563570845167674,0.013986983536548427
3070,203081_off,6.398594366357909e-05,0.007999121430730945
3071,203081_def,5.917548721567816e-05,0.007692560511018302
3072,203082_off,8.194522216531691e-05,0.009052360032903956
3073,203082_def,7.549064223347954e-05,0.008688535102851317
3074,203083_off,7.374706423544744e-05,0.008587611090137202
3075,203083_def,6.785739195394735e-05,0.008237559830067843
3076,203084_off,6.268456256855143e-05,0.007917358307450247
3077,203084_def,5.783320011640705e-05,0.007604814272315074
3078,203085_off,7.399321139538139e-05,0.008601930678364096
3079,203085_def,6.872983045246318e-05,0.008290345617190106
3080,203086_off,0.00015813547634403543,0.012575192894903657
3081,203086_def,0.0001388207430544776,0.011782221482151726
3082,203087_off,0.000114364910204488,0.010694153084956658
3083,203087_def,0.00010295277930537002,0.010146564901747292
3084,203088_off,0.0003057912559750084,0.01748688811581433
3085,203088_def,0.00024233786435081097,0.015567204769990371
3086,203089_off,0.00014909034545001795,0.01221025574875555
3087,203089_def,0.00013116603092527872,0.011452773940198013
3088,203090_off,9.473480989381444e-05,0.009733180872346637
3089,203090_def,8.677803843792992e-05,0.009315473065707932
3090,203091_off,0.0009591299331072285,0.03096982294278139
3091,203091_def,0.0005342383770712408,0.02311359723347365
3092,203092_off,0.0001599816137813335,0.012648383840686268
3093,203092_def,0.00014005060098123704,0.011834297654750662
3094,203093_off,0.0001867950278795434,0.013667297753379905
3095,203093_def,0.00016100671648135338,0.012688842204131683
3096,203094_off,0.0002577712699658548,0.016055256770474112
3097,203094_def,0.00021104831750929284,0.014527502108390582
3098,203095_off,8.496877475197658e-05,0.009217850874904442
3099,203095_def,7.779567438473674e-05,0.008820185620764268
3100,203096_off,0.00018664956714409595,0.01366197522849811
3101,203096_def,0.00016096843589488325,0.012687333679496385
3102,203097_off,0.0009397062326551576,0.030654628241998917
3103,203097_def,0.0005283779464712991,0.022986473119452212
3104,203098_off,0.00036409572700862056,0.01908129259271029
3105,203098_def,0.000278231936443115,0.016680285862152214
3106,203099_off,0.0006590658331932081,0.02567227752251849
3107,203099_def,0.00042429204774458817,0.020598350607380876
3108,203100_off,0.0003179873959961633,0.017832201097906095
3109,203100_def,0.00024748467123246074,0.015731645534795804
3110,203101_off,0.00020022920560632885,0.014150236945236247
3111,203101_def,0.0001702277294567943,0.013047134913719345
3112,203102_off,0.0006302475975218742,0.025104732572203876
3113,203102_def,0.00041238175496806503,0.020307184811491352
3114,203103_off,0.00042784126473174324,0.020684324130407144
3115,203103_def,0.0003147622696180254,0.017741540790416864
3116,203104_off,0.0005694365625191127,0.02386286995562589
3117,203104_def,0.0003855017625069858,0.019634198799721517
3118,203105_off,0.00031028332919049025,0.01761486103239223
3119,203105_def,0.0002456536847895231,0.01567334312740977
3120,203106_off,0.0003544879793401098,0.01882785116098249
3121,203106_def,0.0002721771565978501,0.016497792476505763
3122,203107_off,0.00014289189141534163,0.011953739641440315
3123,203107_def,0.00012658691322171538,0.01125108497975708
3124,203108_off,0.000607350275088606,0.024644477577920088
3125,203108_def,0.000403706422354937,0.02009244689814899
3126,203109_off,6.359251481350636e-05,0.007974491508146858
3127,203109_def,5.95104443857314e-05,0.0077143012895356505
3128,203110_off,7.829286572721709e-05,0.008848325588901952
3129,203110_def,7.19501232740502e-05,0.008482341850812793
3130,203111_off,0.0005306383251789089,0.023035588231666865
3131,203111_def,0.00036796500923768407,0.01918241406178284
3132,203112_off,0.00019956789786314952,0.014126850245654533
3133,203112_def,0.00016965870259317065,0.013025310076661157
3134,203113_off,0.0005614868246386361,0.02369571321228032
3135,203113_def,0.0003825254366095553,0.01955825750442905
3136,203114_off,7.508542118670845e-05,0.008665184428891774
3137,203114_def,6.945545294988221e-05,0.00833399381748524
3138,203115_off,9.040668966211073e-05,0.009508243247946002
3139,203115_def,8.274176479317698e-05,0.009096250040163638
3140,203116_off,0.0007178722904538903,0.026793138869006937
3141,203116_def,0.0004466279593700577,0.021133574221367708
3142,203117_off,0.0005085699792121769,0.022551496163496047
3143,203117_def,0.0003567318228064256,0.018887345573330987
3144,203118_off,0.00012324297526622512,0.0111014852729815
3145,203118_def,0.00011037961890196795,0.010506170515557415
3146,203119_off,0.0007438700969517176,0.027273982051613174
3147,203119_def,0.00045855232124581135,0.021413834809435962
3148,203120_off,0.0004003804355606925,0.020009508628666833
3149,203120_def,0.0002988310419325247,0.01728673022675268
3150,203121_off,0.00020769988140166521,0.014411796605616705
3151,203121_def,0.0001749470023901672,0.0132267532822748
3152,203122_off,0.0009278217031534623,0.030460165842514094
3153,203122_def,0.0005244688647622989,0.02290128522075342
3154,203123_off,0.0005277299163159628,0.022972372892584754
3155,203123_def,0.0003669680407799409,0.019156409913653992
3156,203124_off,0.00017632428853536243,0.01327871562069775
3157,203124_def,0.0001516520672480792,0.012314709385449549
3158,203126_off,0.0009291648375810673,0.030482205261120256
3159,203126_def,0.000524546906413696,0.022902989027934674
3160,203128_off,0.0006887917674159549,0.02624484268224816
3161,203128_def,0.000438265938727267,0.020934802094294252
3162,203129_off,0.0008208578619063574,0.028650617129590026
3163,203129_def,0.0004863541443496017,0.022053438379300443
3164,203130_off,0.0009468833539088881,0.030771469804169057
3165,203130_def,0.0005306417594106086,0.02303566277341741
3166,203133_off,0.0004795356524688312,0.021898302501993875
3167,203133_def,0.00034133728547928685,0.01847531557184577
3168,203135_off,0.0003370451045660353,0.01835878821071901
3169,203135_def,0.00026035142515656856,0.01613540904831881
3170,203136_off,0.0008471006204075452,0.029104993049433033
3171,203136_def,0.0004972223538944593,0.022298483219592748
3172,203138_off,0.0001952935895992987,0.01397474828393337
3173,203138_def,0.00016534277190997598,0.012858568034970923
3174,203139_off,0.0007964756176713523,0.02822189961131873
3175,203139_def,0.00047860744515753207,0.021877098645787837
3176,203141_off,0.0001911408889710312,0.013825371205542048
3177,203141_def,0.00016317295827334777,0.012773917107659176
3178,203142_off,0.0003772593158527527,0.01942316441398653
3179,203142_def,0.0002858824428492857,0.0169080585180347
3180,203143_off,0.0002227846829072434,0.014925973432484845
3181,203143_def,0.00018615718300165254,0.013643943088478952
3182,203144_off,0.0003109331787359251,0.01763329744364125
3183,203144_def,0.00024428893563251445,0.015629745219692945
3184,203145_off,9.196447234900887e-05,0.009589810860961173
3185,203145_def,8.424631815496641e-05,0.009178579310272718
3186,203146_off,0.0008338090817302479,0.028875752487688488
3187,203146_def,0.0004924311288647381,0.022190789279895793
3188,203147_off,0.0009629483134242279,0.03103140849887784
3189,203147_def,0.000535657308248778,0.02314427160765225
3190,203148_off,0.00021797128323991207,0.014763850556000357
3191,203148_def,0.00018333099046783448,0.01353997749140797
3192,203156_off,0.0003613224085401821,0.01900848254175441
3193,203156_def,0.0002747498412839473,0.01657557966660434
3194,203158_off,0.0007697262710203072,0.027743941158752252
3195,203158_def,0.000470488518624349,0.021690747304423354
3196,203159_off,0.0009278655857613221,0.030460886161786594
3197,203159_def,0.0005247147351262471,0.022906652639053292
3198,203162_off,0.0008262632545775093,0.02874479526066431
3199,203162_def,0.0004905205881662807,0.022147699387662836
3200,203183_off,0.0009583929051136988,0.03095792152444506
3201,203183_def,0.000534359665554891,0.023116220832023797
3202,203186_off,0.0004094104370534172,0.020233893274736257
3203,203186_def,0.00030330084486975445,0.017415534584667634
3204,203187_off,0.00036776555077507283,0.019177214364319777
3205,203187_def,0.00027996888549343873,0.016732270781141416
3206,203197_off,0.000531355893131395,0.023051158173319514
3207,203197_def,0.00036725075637003427,0.01916378763110347
3208,203199_off,0.0006070234925608155,0.024637846751711392
3209,203199_def,0.00040361872520476653,0.02009026443839818
3210,203200_off,8.831547448001773e-05,0.009397631322839694
3211,203200_def,8.060294586289357e-05,0.008977914338135199
3212,203203_off,0.0009618030868630012,0.031012950308911293
3213,203203_def,0.0005349485490299719,0.02312895477599392
3214,203210_off,0.00011205007633730238,0.010585370864419553
3215,203210_def,0.0001005875314309297,0.01002933354869254
3216,203263_off,0.0007733377414997493,0.027808950744315206
3217,203263_def,0.0004711101655978546,0.0217050723472154
3218,203268_off,0.000697676729518463,0.026413570934624934
3219,203268_def,0.00044236335399163416,0.021032435759836144
3220,203315_off,0.0007495351490290926,0.0273776395810357
3221,203315_def,0.0004603758892112647,0.021456371762515317
3222,203317_off,0.0009565179471416516,0.030927624337178754
3223,203317_def,0.0005337800063095656,0.02310367949720489
3224,203318_off,0.0008632178740880992,0.029380569669223557
3225,203318_def,0.0005046025142073952,0.022463359370481415
3226,203382_off,0.00013390289315377024,0.011571641765703354
3227,203382_def,0.00011928588593105103,0.010921807814233459
3228,203457_off,0.00012721275282283716,0.011278863099747119
3229,203457_def,0.00011311079387578815,0.010635355841521626
3230,203458_off,0.00011060504585088489,0.010516893355496427
3231,203458_def,9.989304973103845e-05,0.009994651055991823
3232,203459_off,0.0001379882356084636,0.011746839388042368
3233,203459_def,0.0001226063223411114,0.011072773922604551
3234,203460_off,0.00018298071813170266,0.013527036561335326
3235,203460_def,0.0001563881319210669,0.012505524056234785
3236,203461_off,0.0003972028420203104,0.01992994836973519
3237,203461_def,0.00029772126049448837,0.017254601139826107
3238,203462_off,0.0003481275440176413,0.018658176331507893
3239,203462_def,0.00026955146825873326,0.016418022665922145
3240,203463_off,0.00010700488196177941,0.010344316408626498
3241,203463_def,9.67158864072809e-05,0.009834423542195084
3242,203464_off,0.0006694422141307609,0.025873581393590663
3243,203464_def,0.00042968047243899205,0.020728735427878665
3244,203467_off,0.0009353918967187976,0.030584177228083112
3245,203467_def,0.000526879121394483,0.02295384763812993
3246,203468_off,7.987002064864369e-05,0.008937002889595801
3247,203468_def,7.285207861012543e-05,0.00853534291110354
3248,203469_off,0.00011715525119250202,0.010823827936201777
3249,203469_def,0.00010564490097319218,0.010278370540761418
3250,203471_off,6.571268894154509e-05,0.008106336345202133
3251,203471_def,6.12152456520127e-05,0.007824017232343798
3252,203473_off,0.00013309580654321165,0.011536715587341644
3253,203473_def,0.00011836658345745334,0.01087964077796015
3254,203474_off,0.000949394777366256,0.03081225044306657
3255,203474_def,0.0005314356191856049,0.023052887437056663
3256,203475_off,0.0007168837916902425,0.026774685650633557
3257,203475_def,0.00045005484037924403,0.021214495996352212
3258,203476_off,0.00012084278874659574,0.010992851711298381
3259,203476_def,0.00010757568555672274,0.010371869916110728
3260,203477_off,0.00022108148119389425,0.014868809003881052
3261,203477_def,0.00018521309479217876,0.013609301774601765
3262,203479_off,0.0008509374987361847,0.029170833014094483
3263,203479_def,0.0004989744362390836,0.022337735700806462
3264,203480_off,0.000943180647032045,0.030711246263088136
3265,203480_def,0.0005294810522449079,0.02301045528113053
3266,203481_off,0.0003908271141960336,0.019769347844479687
3267,203481_def,0.00029368708374599267,0.01713730094694006
3268,203482_off,7.902005954768727e-05,0.008889322783411977
3269,203482_def,7.303176926752338e-05,0.008545862698845762
3270,203484_off,6.548143118127466e-05,0.008092059761350917
3271,203484_def,6.0861465624631204e-05,0.007801375880229795
3272,203485_off,0.000508213479303022,0.022543590647965153
3273,203485_def,0.0003564587004141706,0.01888011388774365
3274,203486_off,7.972306158163928e-05,0.008928777160487279
3275,203486_def,7.318455956180158e-05,0.008554797458841535
3276,203487_off,0.0001278434093899165,0.011306785988507808
3277,203487_def,0.0001135936845985038,0.01065803380546824
3278,203488_off,0.00013723267041982812,0.011714634882053649
3279,203488_def,0.00012181859997360842,0.011037146369130403
3280,203489_off,0.00045864047360374093,0.02141589301438866
3281,203489_def,0.000331693844073534,0.018212463975902163
3282,203490_off,0.00010621207557533865,0.010305924295051786
3283,203490_def,9.67510076192481e-05,0.009836209006484567
3284,203491_off,0.000833417514865693,0.028868971489571515
3285,203491_def,0.0004922938167403223,0.02218769516512074
3286,203492_off,0.00033380655004281123,0.018270373560570985
3287,203492_def,0.0002598719900899851,0.016120545589091737
3288,203493_off,0.00010087587346022549,0.010043698196392874
3289,203493_def,9.227295164290527e-05,0.009605881096646224
3290,203495_off,0.0007990559805309903,0.028267578257271886
3291,203495_def,0.00048073283852994415,0.021925620596232712
3292,203496_off,7.933293074484025e-05,0.008906903544152718
3293,203496_def,7.32697090924244e-05,0.008559772724344052
3294,203497_off,8.75150278268594e-05,0.009354946703581982
3295,203497_def,7.904294416532598e-05,0.008890609887140813
3296,203498_off,0.00023996413670705072,0.015490775858782889
3297,203498_def,0.0001972486478552039,0.014044523767476202
3298,203499_off,0.00022639086816124082,0.015046290843966855
3299,203499_def,0.00018735314821669184,0.013687700618317594
3300,203500_off,8.912798024780409e-05,0.009440761634942601
3301,203500_def,8.023818768884376e-05,0.008957577110404564
3302,203501_off,7.441573244489508e-05,0.008626455381261477
3303,203501_def,6.89874868068911e-05,0.008305870623052776
3304,203502_off,0.0009129666046334169,0.03021533724176212
3305,203502_def,0.000519285780796571,0.022787842828942168
3306,203503_off,0.00010042420218700618,0.010021187663496087
3307,203503_def,9.147354493608184e-05,0.009564180306543883
3308,203504_off,0.0001268243404640268,0.011261631341152436
3309,203504_def,0.00011324469340209304,0.010641648998256476
3310,203505_off,0.0008730419672918991,0.02954728358566823
3311,203505_def,0.0005066690877232063,0.022509311133910925
3312,203506_off,8.572634662486591e-05,0.009258852338430823
3313,203506_def,7.887630288078025e-05,0.008881233184686699
3314,203507_off,7.269070666465534e-05,0.008525884509225734
3315,203507_def,6.702486929156148e-05,0.008186871764695076
3316,203508_off,0.0005278552015195528,0.02297509959759811
3317,203508_def,0.00036576629666655667,0.019125017559901918
3318,203510_off,0.0009129482496850941,0.03021503350461644
3319,203510_def,0.0005193429830771106,0.022789097899590292
3320,203511_off,0.0009271308577966743,0.03044882358641585
3321,203511_def,0.0005245658608444093,0.022903402822384476
3322,203512_off,0.0004161910417478771,0.020400760812966684
3323,203512_def,0.0003085444546373052,0.017565433516919107
3324,203513_off,0.000922023162749056,0.030364834311239968
3325,203513_def,0.0005226066423643281,0.022860591470133227
3326,203515_off,0.0003974850723330775,0.019937027670469776
3327,203515_def,0.00029656723356939665,0.017221127534786933
3328,203516_off,0.00013742108370993664,0.011722673914680756
3329,203516_def,0.00012226471137325365,0.011057337445029597
3330,203517_off,0.0008668578400119562,0.029442449626550373
3331,203517_def,0.0005042626946780302,0.022455794233961757
3332,203518_off,0.00031142570105742397,0.017647257607272128
3333,203518_def,0.00024655285929104173,0.015702001760636818
3334,203519_off,0.0009385315988374059,0.03063546309161012
3335,203519_def,0.0005276663986306329,0.02297099037113187
3336,203521_off,0.00012582860760616062,0.011217335138354413
3337,203521_def,0.0001125550139495108,0.010609194783276947
3338,203524_off,0.00012204026361974606,0.011047183515256097
3339,203524_def,0.00010944703384345691,0.01046169364125412
3340,203526_off,0.00016140523884852087,0.012704536152434723
3341,203526_def,0.00014108543628894981,0.011877939058984509
3342,203527_off,0.0003218365535292411,0.01793980360899308
3343,203527_def,0.00024988389800386686,0.015807716406991457
3344,203530_off,0.00031548223292195414,0.017761819527344437
3345,203530_def,0.0002480171848812976,0.015748561359098728
3346,203539_off,0.0007662478078147267,0.02768118147432885
3347,203539_def,0.00046829624574805845,0.021640153551859526
3348,203540_off,0.0007161519272304385,0.026761015063529233
3349,203540_def,0.00044920049638273285,0.021194350577046064
3350,203543_off,0.0007111523293019665,0.026667439496546468
3351,203543_def,0.0004464902317365934,0.021130315467039137
3352,203544_off,0.0003702852616465,0.019242797656434992
3353,203544_def,0.00028296116393642463,0.01682144951948032
3354,203545_off,0.0007081321263336716,0.02661075208132366
3355,203545_def,0.0004468993620741924,0.021139994372614965
3356,203546_off,0.00021340681195589276,0.014608450018940844
3357,203546_def,0.00017853843260764765,0.013361827442668449
3358,203548_off,0.0009561839862539832,0.030922224794700384
3359,203548_def,0.0005333304832014813,0.02309394906033789
3360,203552_off,0.00010328451567929389,0.010162898980079153
3361,203552_def,9.464408721099482e-05,0.009728519271245488
3362,203561_off,0.0005678452849552881,0.023829504505030904
3363,203561_def,0.00038351521129102826,0.019583544400619317
3364,203564_off,0.0009568580717871425,0.030933122567680466
3365,203564_def,0.0005334157978867157,0.0230957961085284
3366,203565_off,0.0009449350447645045,0.0307397957827391
3367,203565_def,0.0005296913182352394,0.023015023750481756
3368,203569_off,0.0008777668953219662,0.029627131068025572
3369,203569_def,0.0005077701532916082,0.022533755862962752
3370,203580_off,0.0007956983672212178,0.028208125907639058
3371,203580_def,0.00047906691391968683,0.021887597262369544
3372,203584_off,0.0002071374530401504,0.014392270600574129
3373,203584_def,0.00017552278856723864,0.013248501370616929
3374,203585_off,0.00018252909549627,0.013510332915819285
3375,203585_def,0.00015708211483334998,0.01253324039637595
3376,203590_off,0.000964482096294306,0.031056112060177558
3377,203590_def,0.000535895042890183,0.02314940696627417
3378,203613_off,0.000191875253620138,0.013851904331901012
3379,203613_def,0.00016396257180133406,0.012804787065833389
3380,203648_off,0.0004465193308889627,0.021131004019898408
3381,203648_def,0.0003210502947668597,0.01791787640226541
3382,203658_off,0.0007606173459500011,0.027579291976952584
3383,203658_def,0.0004659587492100995,0.021586077670806697
3384,203687_off,0.0009606830142228574,0.030994886904501803
3385,203687_def,0.000534834515024843,0.02312648946608289
3386,203705_off,0.0008065588260855583,0.028399979332484705
3387,203705_def,0.00048301407963717157,0.021977581296338585
3388,203710_off,0.000598733635551958,0.024469034217801854
3389,203710_def,0.0003974904559297749,0.01993716268504059
3390,203798_off,0.0003935333823494282,0.019837675830334262
3391,203798_def,0.00029419710777285873,0.01715217501580656
3392,203805_off,0.000917076706661714,0.030283274371535752
3393,203805_def,0.0005205904097597473,0.022816450419812177
3394,203810_off,0.000886505285051426,0.029774238614134637
3395,203810_def,0.000510476769424396,0.022593732967891692
3396,203816_off,0.0009395650989215091,0.030652326158409397
3397,203816_def,0.0005283422407630478,0.022985696438503834
3398,203893_off,0.0008694464368947341,0.029486377140888878
3399,203893_def,0.0005055871107389257,0.02248526430218079
3400,203894_off,0.0001810613991632566,0.013455905735522102
3401,203894_def,0.00015620718784922733,0.012498287396648683
3402,203895_off,0.00041923582930774835,0.020475249187928053
3403,203895_def,0.0003094171205526055,0.017590256409518466
3404,203897_off,9.183180616142187e-05,0.00958289132576499
3405,203897_def,8.298417280059242e-05,0.00910956490731541
3406,203898_off,0.00035517585193443934,0.01884610972944919
3407,203898_def,0.00027288478612138884,0.01651922474335248
3408,203900_off,0.00042900982741525746,0.02071255241188921
3409,203900_def,0.0003134791954630213,0.017705343697963654
3410,203901_off,0.00010875003604403427,0.010428328535486128
3411,203901_def,9.817364831546428e-05,0.009908261619248064
3412,203902_off,0.0005727777083221512,0.02393277477272853
3413,203902_def,0.00038637276750085655,0.01965636709824215
3414,203903_off,7.606775977739368e-05,0.008721683311001018
3415,203903_def,6.970991188734891e-05,0.008349246186773325
3416,203906_off,0.0007065379785800175,0.026580782128824153
3417,203906_def,0.0004451286301513167,0.02109807171642273
3418,203909_off,0.0003849049676562248,0.019618995072536838
3419,203909_def,0.00028878045159943936,0.016993541467258653
3420,203910_off,0.0007788861221340456,0.027908531350360335
3421,203910_def,0.00047302308002558944,0.021749093774812538
3422,203912_off,0.0007449784850452904,0.02729429400159107
3423,203912_def,0.000460592914408284,0.02146142852673801
3424,203913_off,0.0006929002797605123,0.026322999064705987
3425,203913_def,0.00043886652145573904,0.02094914130592801
3426,203914_off,0.00010249777328162454,0.010124118395278896
3427,203914_def,9.231454963509496e-05,0.009608046088310306
3428,203915_off,9.326074055299128e-05,0.009657160066654756
3429,203915_def,8.521054120599947e-05,0.009230955595494948
3430,203917_off,0.00017796699071588454,0.013340426931544752
3431,203917_def,0.00015327723468886695,0.012380518352995844
3432,203918_off,0.00011222241712146481,0.010593508253712025
3433,203918_def,0.00010173345313699583,0.01008630027001952
3434,203919_off,0.0008109961926437357,0.028477994884537356
3435,203919_def,0.00048327434194244176,0.021983501585107906
3436,203920_off,0.00021782657706417806,0.014758949050124743
3437,203920_def,0.00018201518660958661,0.013491300404689929
3438,203921_off,0.0006155218892305287,0.024809713606378625
3439,203921_def,0.00040617848212486953,0.02015387015252578
3440,203922_off,0.00019959390174524084,0.014127770586516503
3441,203922_def,0.00016946373514160657,0.013017823748292438
3442,203923_off,0.0005822228540689737,0.024129294520747465
3443,203923_def,0.0003917363807473827,0.019792331362105443
3444,203924_off,7.804962783604647e-05,0.008834570042511774
3445,203924_def,7.139204546312119e-05,0.0084493813657049
3446,203925_off,0.00011145288181647351,0.010557124694559286
3447,203925_def,0.00010076641161161692,0.010038247437258006
3448,203926_off,9.784784978961635e-05,0.009891807205441094
3449,203926_def,8.96549849045471e-05,0.009468631627883044
3450,203928_off,0.0006803782253163516,0.02608406075204456
3451,203928_def,0.00043335912575626995,0.020817279499403134
3452,203930_off,0.000312283610786841,0.017671548058583918
3453,203930_def,0.00024461485213228947,0.015640167906141207
3454,203932_off,8.89697628508356e-05,0.009432378430217672
3455,203932_def,8.102836250317822e-05,0.00900157555671107
3456,203933_off,0.00012674375809108078,0.011258053032877434
3457,203933_def,0.00011302955013281267,0.010631535643208494
3458,203934_off,0.0007123507939215292,0.026689900597820313
3459,203934_def,0.00044771591236220223,0.021159298484642684
3460,203935_off,8.229271618735679e-05,0.009071533287562626
3461,203935_def,7.578948256567412e-05,0.008705715511413989
3462,203937_off,9.214280565675106e-05,0.00959910441951493
3463,203937_def,8.437662918233134e-05,0.009185675216462389
3464,203939_off,0.00012107897779785556,0.011003589314303563
3465,203939_def,0.00010784474314348225,0.010384832359912327
3466,203940_off,0.000483370299245225,0.021985683961278642
3467,203940_def,0.000343954940349343,0.01854602222443786
3468,203943_off,0.00018633441877836512,0.013650436578306393
3469,203943_def,0.0001599269115041102,0.012646221234191271
3470,203944_off,9.255238847673809e-05,0.009620415192533953
3471,203944_def,8.307714028094065e-05,0.009114666218844256
3472,203945_off,0.000954988572101695,0.030902889381119285
3473,203945_def,0.0005331834839754034,0.023090766205897183
3474,203946_off,0.0008522008428834213,0.02919247921782974
3475,203946_def,0.0004997158619182204,0.022354325351444188
3476,203948_off,0.00043704142834288855,0.020905535830083106
3477,203948_def,0.00031909362750286006,0.01786319197408067
3478,203949_off,0.00055571205548377,0.023573545670598006
3479,203949_def,0.0003775171925212971,0.019429801659340145
3480,203950_off,0.0008659261745225089,0.029426623566466283
3481,203950_def,0.0005035472512549702,0.022439858539103366
3482,203951_off,0.0009446885304461839,0.03073578582769902
3483,203951_def,0.0005300690176275573,0.023023227784729865
3484,203952_off,8.098980677356243e-05,0.008999433691825416
3485,203952_def,7.33475142244152e-05,0.008564316331407616
3486,203953_off,0.00014169021125829155,0.01190336974382849
3487,203953_def,0.00012553180131355602,0.011204097523386523
3488,203954_off,0.00011541966872002121,0.010743354630655231
3489,203954_def,0.00010247585759423458,0.010123035987006793
3490,203955_off,0.0008381666166691653,0.028951107347891986
3491,203955_def,0.0004937236081965872,0.02221989217337895
3492,203956_off,0.0006728601847265696,0.025939548660810767
3493,203956_def,0.0004315851680501591,0.02077462798824949
3494,203957_off,0.00019196864401927976,0.013855274952857478
3495,203957_def,0.0001641459397185529,0.012811945196516917
3496,203958_off,0.0009486818731380177,0.030800679751233052
3497,203958_def,0.000531331618280046,0.0230506316243188
3498,203960_off,0.00026395796522609707,0.016246783227029805
3499,203960_def,0.00021433574955896087,0.014640210024414298
3500,203961_off,0.0005797323156808409,0.024077631023023027
3501,203961_def,0.00039025243934716775,0.019754808005829055
3502,203962_off,0.0005319635661147169,0.0230643353711898
3503,203962_def,0.0003683386815576457,0.01919215156144943
3504,203963_off,0.0008694247074402913,0.029486008672594047
3505,203963_def,0.0005048760371789968,0.02246944674839585
3506,203966_off,0.0008037106843640655,0.028349791610593287
3507,203966_def,0.000481966561315608,0.021953736841722596
3508,203967_off,0.00011534218295171085,0.010739747806709004
3509,203967_def,0.000104010104077209,0.010198534408296567
3510,203968_off,0.0009633286238612247,0.031037535724687048
3511,203968_def,0.000535775531878426,0.023146825524862497
3512,203991_off,9.327529306769162e-05,0.009657913494523112
3513,203991_def,8.439859548976934e-05,0.009186870821436934
3514,203992_off,0.00011032340082746105,0.010503494695931495
3515,203992_def,9.888478270967714e-05,0.009944082798814436
3516,203994_off,0.00010961740298855025,0.010469832997166204
3517,203994_def,9.87393753573304e-05,0.009936768859006956
3518,203995_off,0.0005423553298430861,0.023288523565118638
3519,203995_def,0.0003710552673629046,0.019262794900089256
3520,203996_off,0.0008641933514648104,0.029397165704618707
3521,203996_def,0.0005032501053178599,0.022433236621536803
3522,203998_off,0.000489991320930532,0.022135747580114207
3523,203998_def,0.00034635955097410485,0.01861073751827436
3524,203999_off,0.0001142788360265324,0.010690127970540503
3525,203999_def,0.00010020418090228877,0.01001020383919772
3526,204001_off,9.678495237689124e-05,0.009837934355183067
3527,204001_def,8.863129001798424e-05,0.009414419260792683
3528,204002_off,0.0008955191625563162,0.029925226190562305
3529,204002_def,0.0005136757007470695,0.022664414855607225
3530,204014_off,0.0004431961048135463,0.021052223274835993
3531,204014_def,0.00032408784037111436,0.01800243984495197
3532,204020_off,0.00014244112114672296,0.011934869967734168
3533,204020_def,0.00012599096846959128,0.011224569856773635
3534,204021_off,0.000964096621944973,0.0310499053451854
3535,204021_def,0.0005356569060058034,0.023144262917747096
3536,204022_off,0.00085398074436709,0.029222948933451086
3537,204022_def,0.0004992329899509073,0.0223435223264128
3538,204025_off,0.00020356317680815896,0.014267556791832264
3539,204025_def,0.00017268054644117118,0.013140797024578502
3540,204028_off,0.00028841043400408415,0.016982650971037596
3541,204028_def,0.00023083380154676356,0.015193215642080631
3542,204033_off,0.000960273067655392,0.030988273066684308
3543,204033_def,0.0005345931040869355,0.02312126951719856
3544,204037_off,0.0005886952515026367,0.02426304291515466
3545,204037_def,0.00039435529100278495,0.019858380875660154
3546,204038_off,0.00013066040201214308,0.01143067810815015
3547,204038_def,0.00011627143605477332,0.010782923353839315
3548,204054_off,0.0009120875226970002,0.030200786789370243
3549,204054_def,0.0005196327108876371,0.02279545373287483
3550,204060_off,9.170094722540981e-05,0.00957606115401368
3551,204060_def,8.393701864790118e-05,0.009161714831182052
3552,204065_off,0.0009280364427790761,0.030463690563998908
3553,204065_def,0.0005245048341964907,0.02290207052203994
3554,204066_off,0.0008498130622616074,0.02915155334217385
3555,204066_def,0.0004979829471360801,0.02231553152259834
3556,204067_off,0.0008174368352191362,0.028590852299627868
3557,204067_def,0.0004875051907071316,0.022079519711876244
3558,204079_off,0.0009120465093130194,0.03020010776989081
3559,204079_def,0.0005190420656013439,0.022782494718562845
3560,204098_off,0.0007657918377117904,0.027672944146075067
3561,204098_def,0.0004677598039968236,0.021627755408197672
3562,204179_off,0.0009123324217082142,0.03020484103100386
3563,204179_def,0.0005194767268336874,0.022792032090923516
3564,204222_off,0.0009561967070893827,0.030922430484833865
3565,204222_def,0.0005333246420462115,0.023093822594932426
3566,204456_off,0.00010512006875259098,0.01025280784724804
3567,204456_def,9.395923140528516e-05,0.00969325700707895
3568,1626143_off,0.00022538799131793528,0.015012927473278996
3569,1626143_def,0.00018782311912632477,0.013704857501131661
3570,1626144_off,0.00016825395710482266,0.012971274305357305
3571,1626144_def,0.00014573500344152295,0.012072075357680756
3572,1626145_off,0.00011863367457650417,0.010891908674631098
3573,1626145_def,0.00010467993302230361,0.010231321176773975
3574,1626146_off,0.0009387287466175446,0.030638680562608184
3575,1626146_def,0.0005278472440234715,0.022974926420414744
3576,1626147_off,0.00027310557513429473,0.016525906181940362
3577,1626147_def,0.00022060949317720028,0.014852928774393294
3578,1626148_off,0.0006140330778049206,0.024779690833521727
3579,1626148_def,0.00040675972705633194,0.020168285178872595
3580,1626149_off,0.0001203198244943849,0.010969039360599673
3581,1626149_def,0.00010733369991291321,0.010360197870355239
3582,1626150_off,0.000328115982396904,0.018113972021533652
3583,1626150_def,0.00025453989048131864,0.0159543063303084
3584,1626151_off,0.0007643102011202832,0.027646160694032782
3585,1626151_def,0.0004670327920275469,0.02161094148868917
3586,1626153_off,0.00011083444850997032,0.010527794095154518
3587,1626153_def,0.00010022944103039892,0.0100114654786599
3588,1626154_off,0.0007205900301780658,0.026843808041670723
3589,1626154_def,0.0004500923445342766,0.021215379905490182
3590,1626155_off,0.00029679213716147655,0.017227656171443537
3591,1626155_def,0.00023479489023588672,0.01532301831350099
3592,1626156_off,8.207666217100705e-05,0.009059617109514456
3593,1626156_def,7.537890374645236e-05,0.008682102495735255
3594,1626157_off,9.971141796718863e-05,0.009985560473362956
3595,1626157_def,8.910486426060759e-05,0.00943953729059892
3596,1626158_off,0.00014218029698951775,0.011923937981619904
3597,1626158_def,0.0001253983594532098,0.011198140892720086
3598,1626159_off,0.00013870048429407352,0.011777116977175421
3599,1626159_def,0.00012294698242555494,0.01108814603193676
3600,1626161_off,0.00014129514205330238,0.011886763312748445
3601,1626161_def,0.00012449040503427033,0.011157526833231025
3602,1626162_off,8.286818095738931e-05,0.009103196194600515
3603,1626162_def,7.635626984746241e-05,0.008738207473358732
3604,1626163_off,0.00015371601510942993,0.012398226288845914
3605,1626163_def,0.00013464427259823569,0.011603631871023645
3606,1626164_off,8.660758650214506e-05,0.009306319707711801
3607,1626164_def,7.858133115103145e-05,0.008864611167503708
3608,1626166_off,0.0001468959545620709,0.01212006413192896
3609,1626166_def,0.00012973877573200357,0.011390293048556897
3610,1626167_off,9.855289506398093e-05,0.009927381077806016
3611,1626167_def,8.860268826464126e-05,0.009412900098515933
3612,1626168_off,0.00011770168740471265,0.010849040851831679
3613,1626168_def,0.00010605885679388246,0.010298488082912095
3614,1626169_off,0.0001380118345507022,0.011747843825600603
3615,1626169_def,0.0001222333767364249,0.011055920438227878
3616,1626170_off,0.00022287514576086237,0.014929003508635878
3617,1626170_def,0.00018580858509390215,0.013631162279640799
3618,1626171_off,9.459746149091488e-05,0.009726122633964414
3619,1626171_def,8.634159440374795e-05,0.009292017778919063
3620,1626172_off,0.00012911742528662944,0.011362984875754673
3621,1626172_def,0.00011467738937985803,0.010708752932991686
3622,1626173_off,0.0004405147103445436,0.020988442303909637
3623,1626173_def,0.00032096030978921903,0.017915365187157615
3624,1626174_off,0.00016139757922097292,0.012704234696390527
3625,1626174_def,0.00013981776008685382,0.011824456016530056
3626,1626175_off,0.0006968004153370499,0.026396977390168178
3627,1626175_def,0.000440717795608825,0.020993279772556384
3628,1626176_off,0.0008211253748750823,0.028655285286925382
3629,1626176_def,0.0004895524835733655,0.022125832946430862
3630,1626177_off,0.000857419415257596,0.029281724936512807
3631,1626177_def,0.0005017343802557512,0.02239942812340867
3632,1626178_off,0.00017274885282047133,0.013143395787256477
3633,1626178_def,0.00014889035676307583,0.012202063627234364
3634,1626179_off,9.522565768416194e-05,0.009758363473665137
3635,1626179_def,8.617650665727566e-05,0.009283130218696475
3636,1626181_off,9.132237193684557e-05,0.009556273956770263
3637,1626181_def,8.4212146456167e-05,0.009176717629750138
3638,1626183_off,0.0009454746797312865,0.030748571994993305
3639,1626183_def,0.0005300818449363071,0.023023506356250497
3640,1626184_off,0.00040047810598694514,0.020011949080160712
3641,1626184_def,0.0002970560096280374,0.017235312867135234
3642,1626185_off,0.0003247148643713101,0.018019846402544892
3643,1626185_def,0.000251755019791541,0.0158667898388912
3644,1626187_off,0.0008515745038182208,0.02918174949892862
3645,1626187_def,0.0004981947497312783,0.022320276649971844
3646,1626188_off,0.0003039678465384638,0.017434673686033353
3647,1626188_def,0.00024048463426328776,0.015507567000122482
3648,1626191_off,0.0006928965896900659,0.02632292897247694
3649,1626191_def,0.0004387743081969249,0.020946940306329345
3650,1626192_off,0.00010798012179330527,0.010391348410735985
3651,1626192_def,9.793218740558028e-05,0.009896069290661837
3652,1626195_off,0.00020692884404600303,0.014385021517050402
3653,1626195_def,0.00017449222505606013,0.013209550524376676
3654,1626196_off,8.803020261337108e-05,0.00938244118624631
3655,1626196_def,8.094597393172478e-05,0.008996998051112648
3656,1626199_off,0.0005891032259837516,0.02427144878213395
3657,1626199_def,0.0003954578945199869,0.01988612316465899
3658,1626202_off,0.0005347697415914064,0.023125089007210466
3659,1626202_def,0.00037027414019434726,0.019242508677257943
3660,1626203_off,0.00030033876446356665,0.01733028460422871
3661,1626203_def,0.00023902765609968245,0.015460519270053074
3662,1626204_off,0.00011208125548745273,0.010586843509160448
3663,1626204_def,0.00010064736370143656,0.010032315968979275
3664,1626205_off,0.0009595319280505982,0.03097631237010949
3665,1626205_def,0.0005345963271813225,0.023121339216864635
3666,1626208_off,0.0006878373704853093,0.02622665381792556
3667,1626208_def,0.0004364482301011366,0.020891343424996312
3668,1626209_off,0.0001802955648680551,0.013427418399232784
3669,1626209_def,0.0001554836654686293,0.012469308941101319
3670,1626210_off,0.0005837142715809606,0.024160179460859982
3671,1626210_def,0.00039238770024913684,0.01980877836337054
3672,1626214_off,0.0007963068286679104,0.028218909062327522
3673,1626214_def,0.000479291590369611,0.02189272916677158
3674,1626220_off,0.0001111079416202419,0.010540775190669892
3675,1626220_def,9.979818147578573e-05,0.009989903977305575
3676,1626224_off,0.00013227192711716317,0.011500953313406814
3677,1626224_def,0.00011665438364460966,0.010800665888944518
3678,1626242_off,0.0009254566070090735,0.030421318298342586
3679,1626242_def,0.0005239508679403249,0.022889973087365675
3680,1626245_off,0.0002836746487634019,0.016842643758133755
3681,1626245_def,0.00022634881836848924,0.015044893431609585
3682,1626246_off,0.0002811945874644796,0.016768857667249715
3683,1626246_def,0.00022733061749208785,0.015077487108006023
3684,1626251_off,0.0009461556566787497,0.030759643311955843
3685,1626251_def,0.0005304153994128162,0.0230307489980855
3686,1626253_off,0.0007333240310649481,0.02707995626039577
3687,1626253_def,0.00045488441545447965,0.021328019492078482
3688,1626254_off,0.0007752145354800726,0.027842674718497728
3689,1626254_def,0.0004711101315745062,0.02170507156345047
3690,1626257_off,0.00035312236672323043,0.018791550407649456
3691,1626257_def,0.0002719195155674246,0.016489982279172546
3692,1626259_off,0.0007344028661117269,0.02709986837812551
3693,1626259_def,0.0004557551163628418,0.02134842187054682
3694,1626262_off,0.0009606556384094714,0.03099444528313858
3695,1626262_def,0.0005350646400220779,0.02313146428616394
3696,1626266_off,0.0009599354566423295,0.030982825188196273
3697,1626266_def,0.0005347199963835202,0.02312401341427392
3698,1626273_off,0.0005353611942414758,0.023137873589452334
3699,1626273_def,0.000369161071584714,0.019213564780766582
3700,1626296_off,0.0009618007285060081,0.031012912286755786
3701,1626296_def,0.0005351837814043995,0.023134039452814968
3702,1626643_off,0.0009595207610521827,0.03097613211897481
3703,1626643_def,0.0005344774207827854,0.023118767717652804
3704,1626780_off,0.0007998643897479576,0.028281873872640716
3705,1626780_def,0.0004804293819150974,0.021918699366410804
3706,1627098_off,0.0003703587770964004,0.019244707768537313
3707,1627098_def,0.00028220496523343315,0.01679895726625415
3708,1627215_off,0.0008351756980035505,0.02889940653376035
3709,1627215_def,0.0004930326208481931,0.02220433788358016
3710,1627293_off,0.0009133426096613558,0.03022155869013635
3711,1627293_def,0.0005198383613777639,0.02279996406527352
3712,1627362_off,0.0006588515228807718,0.025668103219380504
3713,1627362_def,0.00042581154284475255,0.020635201546017248
3714,1627395_off,0.0008136188317835621,0.02852400448365485
3715,1627395_def,0.00048434063784724235,0.02200774040757575
3716,1627732_off,0.00012623760746745364,0.011235551053128352
3717,1627732_def,0.00011203219687733064,0.010584526294422941
3718,1627733_off,0.00027612557617506323,0.016617026694780965
3719,1627733_def,0.00022161768646064973,0.014886829295073203
3720,1627734_off,0.00010368236109043255,0.010182453588916207
3721,1627734_def,9.198662571406075e-05,0.00959096583843675
3722,1627735_off,0.0006647298680423239,0.0257823557504415
3723,1627735_def,0.0004270190728312832,0.020664439814117468
3724,1627736_off,0.00010838431560022344,0.010410778818139566
3725,1627736_def,9.829141739997228e-05,0.009914202812126263
3726,1627737_off,0.00021457975861441554,0.014648541177005155
3727,1627737_def,0.00017874485741292578,0.013369549633885421
3728,1627738_off,0.000504412822383254,0.02245913672390936
3729,1627738_def,0.00035256095843438017,0.018776606680504872
3730,1627739_off,0.0001673503172974506,0.012936395065761195
3731,1627739_def,0.00014414005899954677,0.012005834373318114
3732,1627740_off,0.000603208374360097,0.024560300779104823
3733,1627740_def,0.000399795716629001,0.01999489226350072
3734,1627741_off,9.387212476565397e-05,0.009688762808824147
3735,1627741_def,8.479939093691499e-05,0.009208658476505413
3736,1627742_off,0.00010513446500501118,0.010253509887107496
3737,1627742_def,9.408697710067227e-05,0.009699844179195472
3738,1627743_off,0.0008705131455733832,0.029504459757355044
3739,1627743_def,0.0005054120557642336,0.022481371305243674
3740,1627744_off,0.0008866973554637776,0.02977746388569345
3741,1627744_def,0.0005112765242417231,0.02261142463980815
3742,1627745_off,0.00025183442557639616,0.01586929190532445
3743,1627745_def,0.0002065602704517396,0.014372204787427
3744,1627746_off,0.00033717747748614684,0.018362393021775426
3745,1627746_def,0.0002617423480730144,0.016178453203968986
3746,1627747_off,0.00010408359326083171,0.01020213670075204
3747,1627747_def,9.449114048033245e-05,0.009720655352409756
3748,1627748_off,0.0002636834876500673,0.0162383338939088
3749,1627748_def,0.0002139165388468004,0.014625885916647935
3750,1627749_off,0.00011425218853314446,0.010688881537988176
3751,1627749_def,0.00010115822881702354,0.010057744718227022
3752,1627750_off,0.00011933354512694497,0.010923989432755094
3753,1627750_def,0.00010606793304880385,0.010298928733067526
3754,1627751_off,0.0001229081031034132,0.011086392700216477
3755,1627751_def,0.00010900648197961784,0.010440616934818452
3756,1627752_off,0.00010186984006487943,0.01009305900432963
3757,1627752_def,9.259816837815935e-05,0.009622794208448986
3758,1627753_off,0.0008744319258211592,0.02957079515030259
3759,1627753_def,0.0005071811984963175,0.022520683792822932
3760,1627754_off,0.0009471962883140038,0.030776554198188005
3761,1627754_def,0.000530407176292091,0.02303057047257169
3762,1627755_off,0.00035465592261894874,0.018832310602232238
3763,1627755_def,0.000268807412724184,0.016395347288916572
3764,1627756_off,0.00022698069066907277,0.015065878357038223
3765,1627756_def,0.00018959176591571428,0.013769232582671929
3766,1627757_off,0.0008928763097257787,0.029881035954695056
3767,1627757_def,0.0005130339378212973,0.022650252489129063
3768,1627758_off,0.0004859261556103076,0.022043732796654645
3769,1627758_def,0.00034384447518983106,0.018543043849105007
3770,1627759_off,9.843919542138549e-05,0.009921652857331055
3771,1627759_def,8.945151267987951e-05,0.00945788098253935
3772,1627760_off,0.0009550646710987835,0.03090412061681716
3773,1627760_def,0.0005330863047767231,0.023088661822997084
3774,1627761_off,0.00018942014545483257,0.013762999144620789
3775,1627761_def,0.00016152967863629152,0.012709432663824594
3776,1627762_off,0.0008990651917049395,0.029984415813968088
3777,1627762_def,0.0005149374187683914,0.02269223256465506
3778,1627763_off,0.00010026405199455622,0.010013193895783513
3779,1627763_def,9.114391930907361e-05,0.009546932455457806
3780,1627767_off,0.00036682070252101593,0.019152563862862224
3781,1627767_def,0.0002778682594895498,0.016669380897008437
3782,1627770_off,0.0006855737909812246,0.026183464075275154
3783,1627770_def,0.0004361534892163089,0.020884288094553498
3784,1627771_off,0.0009426412787496466,0.03070246372442522
3785,1627771_def,0.000529179295756436,0.0230038974036235
3786,1627772_off,0.0008118965012993904,0.028493797593500774
3787,1627772_def,0.00048542058418999534,0.022032262348428845
3788,1627773_off,0.0008647108133214607,0.029405965607703834
3789,1627773_def,0.0005025487829658631,0.022417599848464222
3790,1627774_off,0.0002839428408757796,0.016850603576008177
3791,1627774_def,0.00022914457352634566,0.01513752204049083
3792,1627775_off,0.0002588071637143019,0.016087484691967913
3793,1627775_def,0.00021129710768243656,0.014536062316956287
3794,1627777_off,0.0001493990201389291,0.012222889189505447
3795,1627777_def,0.00013052946113857624,0.011424949065032029
3796,1627778_off,0.0009094740218554045,0.030157486995030014
3797,1627778_def,0.0005185214001194179,0.02277106497552141
3798,1627779_off,0.0009450052301788247,0.030740937366626035
3799,1627779_def,0.0005298076962113646,0.02301755191612185
3800,1627780_off,0.0002671269562380531,0.01634401897447666
3801,1627780_def,0.00021649277343857484,0.014713693398959176
3802,1627781_off,0.0006502829982625605,0.025500647016547646
3803,1627781_def,0.00042221661793317837,0.02054791030575076
3804,1627782_off,0.00034707192998254693,0.01862986661204387
3805,1627782_def,0.0002676143600714789,0.01635892294961618
3806,1627783_off,0.00010442452924514906,0.01021883208811795
3807,1627783_def,9.379770949266808e-05,0.00968492175975976
3808,1627784_off,0.0008593488637756072,0.02931465271456592
3809,1627784_def,0.0005014737439215496,0.022393609443802257
3810,1627785_off,0.0004314726387265841,0.020771919476220393
3811,1627785_def,0.0003143956903518228,0.017731206680647055
3812,1627786_off,0.0004982011110772058,0.022320419151019674
3813,1627786_def,0.0003516142698009656,0.018751380477206623
3814,1627787_off,0.0009316485370953656,0.030522918227053022
3815,1627787_def,0.0005255702104351414,0.02292531810979166
3816,1627788_off,0.00019684350663740492,0.0140300928948245
3817,1627788_def,0.00016786451372497642,0.012956253846115259
3818,1627789_off,0.00019335862911756932,0.013905345343340788
3819,1627789_def,0.00016512370526224968,0.012850046897278223
3820,1627790_off,0.000460241629717732,0.02145324287183017
3821,1627790_def,0.00033074078115072136,0.01818628002508268
3822,1627791_off,0.000957257663350675,0.030939580852860225
3823,1627791_def,0.0005337720927878324,0.023103508235500347
3824,1627812_off,0.00021586982953773033,0.014692509300243111
3825,1627812_def,0.00018043819471135698,0.013432728490941704
3826,1627814_off,0.00018300090087749305,0.013527782555817974
3827,1627814_def,0.00015681551182869405,0.012522600042670614
3828,1627815_off,0.0007825973289656412,0.027974941089583035
3829,1627815_def,0.0004741002401974282,0.0217738430277576
3830,1627816_off,0.0006655544719370844,0.025798342426153746
3831,1627816_def,0.0004282023794358406,0.020693051477146635
3832,1627817_off,0.0008946352326427506,0.02991045356798774
3833,1627817_def,0.0005139898598990208,0.022671344466065984
3834,1627819_off,0.0005154308930394319,0.02270310315880699
3835,1627819_def,0.0003591854449090475,0.018952188393667035
3836,1627820_off,0.00041355014655516264,0.02033593239945399
3837,1627820_def,0.0003061516418337823,0.01749718954100293
3838,1627821_off,0.0008832339986920904,0.029719252996872083
3839,1627821_def,0.0005097925124485946,0.022578585262336404
3840,1627822_off,0.0009349739386380393,0.030577343551035287
3841,1627822_def,0.0005269459753848496,0.022955303861740748
3842,1627823_off,0.00019777417230070255,0.014063220552231361
3843,1627823_def,0.00016940976023483155,0.013015750467600075
3844,1627824_off,0.0006786657152811021,0.026051213316870714
3845,1627824_def,0.00043407998198703333,0.02083458619668347
3846,1627826_off,0.0001298949714931813,0.01139714751563659
3847,1627826_def,0.00011543976911905915,0.010744290070500663
3848,1627827_off,0.00011257803098884793,0.010610279496264361
3849,1627827_def,0.00010052969707876584,0.010026449874146175
3850,1627832_off,0.00011344270428753349,0.010650948515861557
3851,1627832_def,0.00010139307151438173,0.010069412669782767
3852,1627834_off,0.000710639522366953,0.026657822911238513
3853,1627834_def,0.0004481049773853693,0.021168490200894566
3854,1627835_off,0.000433408715453916,0.020818470535894706
3855,1627835_def,0.00031629451364314614,0.017784670748797856
3856,1627846_off,0.00032148763492279557,0.01793007626650806
3857,1627846_def,0.0002524501426238716,0.015888679700461948
3858,1627848_off,0.0008164739502371042,0.028574008298401263
3859,1627848_def,0.00048756227410582867,0.022080812351583188
3860,1627849_off,0.0009096419242650546,0.030160270626522146
3861,1627849_def,0.0005183487478204095,0.022767273614124495
3862,1627850_off,0.0008232469998631896,0.028692281189602015
3863,1627850_def,0.0004886768395578874,0.02210603626971347
3864,1627851_off,0.0005628429870015497,0.02372431215022998
3865,1627851_def,0.00038198103880377106,0.01954433521007484
3866,1627852_off,0.0007021257365578665,0.026497655303023823
3867,1627852_def,0.00044285677441674193,0.021044162478386776
3868,1627853_off,0.0002652609096225587,0.01628683239990388
3869,1627853_def,0.00021429943231257085,0.014638969646548587
3870,1627854_off,0.0001365403468814573,0.011685048005098538
3871,1627854_def,0.00012173495532473917,0.011033356484984031
3872,1627855_off,0.0006834479984407242,0.026142838377665196
3873,1627855_def,0.0004349527065103901,0.020855519809162993
3874,1627856_off,0.0009418557688419522,0.03068966876396603
3875,1627856_def,0.0005287060628723265,0.02299360917455819
3876,1627858_off,0.0007178853327716126,0.026793382257035273
3877,1627858_def,0.00044917933420807475,0.021193851330234312
3878,1627861_off,0.0009471845308709453,0.030776363184608822
3879,1627861_def,0.0005303945920705187,0.023030297264050214
3880,1627863_off,0.00016281526898879643,0.01275990865910867
3881,1627863_def,0.0001425274255316931,0.01193848506016124
3882,1627866_off,0.0009472587329616654,0.03077756866553408
3883,1627866_def,0.0005302965793205484,0.02302816925681563
3884,1627868_off,0.0009347134306017307,0.030573083433009022
3885,1627868_def,0.0005268524984923163,0.02295326770837469
3886,1627875_off,0.0008009294212066014,0.028300696479178766
3887,1627875_def,0.00048017233116115656,0.02191283484994939
3888,1627879_off,0.00085438219149489,0.029229816822807664
3889,1627879_def,0.0004988387866032007,0.022334699160794638
3890,1627883_off,0.0007434441385894228,0.02726617205603718
3891,1627883_def,0.000459718727469957,0.021441052387183728
3892,1627884_off,0.0001385412116533189,0.01177035308108125
3893,1627884_def,0.00012280448172152572,0.011081718355991805
3894,1627885_off,0.0003177134721318663,0.017824518847134874
3895,1627885_def,0.0002484610916073221,0.015762648622846417
3896,1627936_off,0.00013960313240601356,0.011815376947267217
3897,1627936_def,0.0001242629057957457,0.011147327293829033
3898,1627982_off,0.0008856123412253812,0.02975923959420639
3899,1627982_def,0.0005103446164733428,0.022590808229750053
3900,1627988_off,0.0007514032964296803,0.027411736472352136
3901,1627988_def,0.0004626054603312197,0.02150826493074743
3902,1628021_off,0.00022197859596586355,0.01489894613608169
3903,1628021_def,0.00018570300833617483,0.013627289104446813
3904,1628035_off,0.00034470948879884516,0.018566353675367846
3905,1628035_def,0.0002660999218631821,0.016312569443934395
3906,1628070_off,0.0009217918685223427,0.030361025485354454
3907,1628070_def,0.0005226277652764855,0.02286105345946432
3908,1628221_off,0.0009058641595508399,0.030097577303677448
3909,1628221_def,0.000518167647133117,0.022763296051607224
3910,1628238_off,0.0009584739571111526,0.03095923056393929
3911,1628238_def,0.0005342607517365251,0.023114081243616955
3912,1628249_off,0.0009302470027859458,0.030499950865303795
3913,1628249_def,0.0005254576074613829,0.02292286211321315
3914,1628365_off,0.00019931259070683505,0.014117811115992276
3915,1628365_def,0.00016759203721774724,0.012945734325164689
3916,1628366_off,0.00016408089198203035,0.012809406386793665
3917,1628366_def,0.00014201809981843197,0.011917134715124771
3918,1628367_off,0.00017570484075125567,0.013255370260813377
3919,1628367_def,0.00015077457205450436,0.01227902976845094
3920,1628368_off,0.00012201648901957044,0.011046107414812262
3921,1628368_def,0.00010693706029584458,0.01034103767983874
3922,1628369_off,0.00010264273501589382,0.010131275093288792
3923,1628369_def,9.250491335502374e-05,0.009617947460608409
3924,1628370_off,0.00012734453020934325,0.011284703372678577
3925,1628370_def,0.00011415110527870653,0.010684152061755136
3926,1628371_off,0.00023450847500257191,0.015313669547256527
3927,1628371_def,0.00019428863143597827,0.013938745690914167
3928,1628372_off,0.0001561778228878691,0.012497112582027462
3929,1628372_def,0.00013648768146998,0.011682794249235925
3930,1628373_off,0.00019996982444855612,0.014141068716633695
3931,1628373_def,0.00016927921012265857,0.013010734419034867
3932,1628374_off,0.00012250319987296775,0.011068116365171073
3933,1628374_def,0.00010866114746296181,0.01042406578370272
3934,1628378_off,0.00011094295953202368,0.010532946384180624
3935,1628378_def,9.927338541365888e-05,0.009963603033725245
3936,1628379_off,0.0001322713416137448,0.011500927858818384
3937,1628379_def,0.00011817437913791267,0.010870803978451303
3938,1628380_off,0.00019190392230166193,0.013852939121416146
3939,1628380_def,0.0001621574719842237,0.012734106642565222
3940,1628381_off,0.00012878608341498017,0.011348395631761354
3941,1628381_def,0.00011279640944553429,0.010620565401405628
3942,1628382_off,0.0002155050527588916,0.014680090352545232
3943,1628382_def,0.00018112577834123003,0.013458297750504335
3944,1628383_off,0.0007780870843999304,0.027894212381781466
3945,1628383_def,0.00047270178054387656,0.02174170601732708
3946,1628384_off,0.00011936077021656183,0.010925235476481129
3947,1628384_def,0.00010743506390697352,0.010365088707144456
3948,1628385_off,0.0003911757641958431,0.01977816382265662
3949,1628385_def,0.0002932897099808532,0.017125703196682267
3950,1628386_off,0.00012728720621973938,0.011282163188845453
3951,1628386_def,0.00011214982508236579,0.010590081448334843
3952,1628387_off,0.0009386652652263195,0.03063764457699579
3953,1628387_def,0.0005281049653267708,0.022980534487404135
3954,1628388_off,0.0004934368348843334,0.022213438159914223
3955,1628388_def,0.00034978940825201594,0.0187026577857805
3956,1628389_off,0.00012311898741857328,0.011095899576806437
3957,1628389_def,0.00010748233943094407,0.010367368973415775
3958,1628390_off,0.0002575182107832052,0.01604737395286859
3959,1628390_def,0.00021051429881146117,0.014509110889763754
3960,1628391_off,0.0003993382844268617,0.019983450263326943
3961,1628391_def,0.00029778240460202936,0.01725637286923383
3962,1628392_off,0.00020778514489037532,0.014414754416582175
3963,1628392_def,0.00017334951973555271,0.013166226480489871
3964,1628393_off,0.0005973621055790817,0.02444099231985235
3965,1628393_def,0.0003966619164135808,0.019916373073769752
3966,1628394_off,0.0007215706013217911,0.026862066214678855
3967,1628394_def,0.00045044370771680413,0.02122365915003358
3968,1628395_off,0.00036803364330747796,0.019184202962528256
3969,1628395_def,0.00027946843754793723,0.016717309518817232
3970,1628396_off,0.00037839259323761454,0.01945231588365803
3971,1628396_def,0.00028647209829137994,0.016925486648583548
3972,1628397_off,0.0005115606136794562,0.022617705756319675
3973,1628397_def,0.0003564907254315806,0.018880961983743852
3974,1628398_off,0.00010175878665847647,0.010087556030004318
3975,1628398_def,9.180630831417518e-05,0.009581560849578485
3976,1628399_off,0.0008992579878198343,0.02998763058028817
3977,1628399_def,0.0005151450857008743,0.022696807830637204
3978,1628400_off,0.00023450813136988329,0.01531365832745015
3979,1628400_def,0.0001936014209638782,0.013914072766946355
3980,1628401_off,0.00011286361831337147,0.010623729021081604
3981,1628401_def,0.00010165413134932397,0.010082367348461569
3982,1628402_off,0.0002551551062966428,0.015973575250914956
3983,1628402_def,0.00020830176557709075,0.014432663149158951
3984,1628403_off,0.0006355455214600446,0.025210028192369095
3985,1628403_def,0.0004150882799456453,0.020373715418294358
3986,1628404_off,0.0001051195615223805,0.010252783111057236
3987,1628404_def,9.477824335026921e-05,0.009735411822325197
3988,1628405_off,0.0007546341127214277,0.02747060452049477
3989,1628405_def,0.00046303637792311766,0.021518280087477196
3990,1628407_off,0.00025374195366945746,0.01592927975990934
3991,1628407_def,0.0002072301457721106,0.014395490466535365
3992,1628408_off,0.00038820729831992855,0.019702976889798367
3993,1628408_def,0.00029139634264037,0.017070335164851624
3994,1628409_off,0.0008188543897675368,0.02861563191277692
3995,1628409_def,0.0004885944088902711,0.02210417175309383
3996,1628410_off,0.00034775283652981563,0.01864813225311896
3997,1628410_def,0.00026878951793996085,0.0163948015523202
3998,1628411_off,0.0002562810884339644,0.016008781603668792
3999,1628411_def,0.00020902641124566183,0.014457745717976292
4000,1628412_off,0.0004475870774637154,0.021156253861771356
4001,1628412_def,0.0003245460014212872,0.018015160321831366
4002,1628413_off,0.0005936089277016038,0.024364090947572904
4003,1628413_def,0.0003977434602528516,0.01994350671905148
4004,1628414_off,0.0004237561281840557,0.020585337699053075
4005,1628414_def,0.00030938398231296116,0.017589314435558914
4006,1628415_off,0.00012886492694278833,0.011351868874453596
4007,1628415_def,0.00011267448911076973,0.010614824026368489
4008,1628416_off,0.0004346119490068333,0.020847348728479438
4009,1628416_def,0.0003164408809797479,0.017788785258688912
4010,1628417_off,0.000724578474938488,0.026917995373699134
4011,1628417_def,0.00045242789733880974,0.02127035254382987
4012,1628418_off,0.00021770987815794207,0.014754995023989066
4013,1628418_def,0.00018278144173971734,0.013519668699332736
4014,1628419_off,0.0008760140332346282,0.0295975342424775
4015,1628419_def,0.0005069888135627547,0.022516412093465395
4016,1628420_off,0.00013487303648450501,0.011613485113629975
4017,1628420_def,0.00011971940701844588,0.010941636395825164
4018,1628421_off,0.000888130560565195,0.029801519433834158
4019,1628421_def,0.0005114589495573773,0.022615458199147266
4020,1628422_off,0.0002586397455998012,0.016082280485049415
4021,1628422_def,0.00020966638458213164,0.014479861345404231
4022,1628424_off,0.0006271477978992112,0.02504291911697219
4023,1628424_def,0.0004108818940776875,0.020270221855660277
4024,1628425_off,0.00021818429478008268,0.014771062750529586
4025,1628425_def,0.0001825025162208654,0.01350934921529773
4026,1628426_off,0.0006861298458146775,0.02619408035825418
4027,1628426_def,0.0004366967054178142,0.02089728942752658
4028,1628427_off,0.0004777129519245685,0.021856645486546387
4029,1628427_def,0.0003392656463576942,0.018419165191660945
4030,1628429_off,0.000936151876260704,0.030596599096316308
4031,1628429_def,0.0005275819080168352,0.02296915122543354
4032,1628430_off,0.0009280253942743058,0.03046350922455103
4033,1628430_def,0.0005239331954357423,0.02288958705253859
4034,1628432_off,0.0004907096947821068,0.022151968192061555
4035,1628432_def,0.00034684264917610945,0.018623712013884595
4036,1628435_off,0.000950220639589707,0.030825649053827026
4037,1628435_def,0.0005314474437704754,0.023053143902090133
4038,1628436_off,0.00026281410405620186,0.01621154230960774
4039,1628436_def,0.00021303867144059258,0.014595844320922055
4040,1628439_off,0.000797285558350738,0.028236245471923813
4041,1628439_def,0.0004802502939374974,0.02191461370723877
4042,1628443_off,0.0006482841961962246,0.025461425651291104
4043,1628443_def,0.000421053839198696,0.020519596467735324
4044,1628444_off,0.000884801234042611,0.029745608651406193
4045,1628444_def,0.0005106317870014117,0.02259716325120062
4046,1628449_off,0.0001922297233501186,0.013864693409885363
4047,1628449_def,0.00016305324803844812,0.012769230518651002
4048,1628450_off,0.0009497437319424492,0.03081791251760004
4049,1628450_def,0.0005313132085366896,0.023050232288128674
4050,1628451_off,0.0009385527807465583,0.030635808798635596
4051,1628451_def,0.0005282369258033866,0.02298340544400213
4052,1628455_off,0.0005333043687476184,0.023093383657394568
4053,1628455_def,0.0003694103550403063,0.01922005085946201
4054,1628462_off,0.00048736563912298237,0.02207635928143457
4055,1628462_def,0.00034630649039460573,0.01860931192695221
4056,1628463_off,0.0006802124179433681,0.026080882230924782
4057,1628463_def,0.00043460014311290856,0.020847065575589015
4058,1628464_off,0.0001602789040719211,0.012660130491899407
4059,1628464_def,0.00013960943870418066,0.011815643812513165
4060,1628467_off,0.0001417039027902013,0.011903944841530529
4061,1628467_def,0.00012503824192670922,0.011182049987668148
4062,1628469_off,0.0005316322549302755,0.023057151925818496
4063,1628469_def,0.0003666524822571115,0.019148171773229722
4064,1628470_off,0.0001259906127209104,0.011224554009888784
4065,1628470_def,0.00011237833645554558,0.010600864891863569
4066,1628475_off,0.0009569578253132091,0.030934734932001745
4067,1628475_def,0.0005335565827291698,0.023098843753079284
4068,1628476_off,0.0006931278087155825,0.026327320576078048
4069,1628476_def,0.0004397170256561744,0.020969430742301384
4070,1628492_off,0.000918551436577208,0.030307613508443847
4071,1628492_def,0.000521199994521174,0.022829804960208793
4072,1628493_off,0.0009500588178863486,0.03082302415218774
4073,1628493_def,0.0005313975712423717,0.02305206219066684
4074,1628495_off,0.0008778159187983234,0.02962795839740436
4075,1628495_def,0.0005084604334714473,0.022549067241716392
4076,1628499_off,0.0008445462849013928,0.029061078522680344
4077,1628499_def,0.0004954498384668487,0.022258702533320508
4078,1628500_off,0.0009572770070921568,0.030939893456380176
4079,1628500_def,0.0005340111029234985,0.02310868025057897
4080,1628502_off,0.0008867418034617675,0.029778210212532377
4081,1628502_def,0.0005111053765898218,0.022607639783706345
4082,1628503_off,0.0008003826038083582,0.028291033982665924
4083,1628503_def,0.00048134151073267163,0.021939496592508035
4084,1628504_off,0.0008822072853685583,0.029701974435524622
4085,1628504_def,0.0005095769077496607,0.02257381021780906
4086,1628505_off,0.0009539680325123894,0.03088637292581292
4087,1628505_def,0.0005329718099460555,0.023086182229767993
4088,1628506_off,0.0009216385522416442,0.030358500493957937
4089,1628506_def,0.000522102521785703,0.02284956283576784
4090,1628510_off,0.0008297787111039008,0.028805879800900037
4091,1628510_def,0.0004916117330041713,0.022172319071404583
4092,1628513_off,0.0008759755037124486,0.02959688334457614
4093,1628513_def,0.0005069014027546155,0.022514470963240853
4094,1628515_off,0.0006847341742939388,0.02616742582475278
4095,1628515_def,0.00043549116858269287,0.020868425158183185
4096,1628518_off,0.0008665921196096328,0.029437936741722112
4097,1628518_def,0.0005044281646233074,0.022459478280300888
4098,1628537_off,0.0008613746934137887,0.029349185566447812
4099,1628537_def,0.0005026453501242561,0.022419753569659414
4100,1628539_off,0.0004955438629287146,0.022260814516291055
4101,1628539_def,0.00034989065393142816,0.018705364308973727
4102,1628571_off,0.0009599023263086023,0.030982290527147963
4103,1628571_def,0.0005341276889631067,0.023111202672364474
4104,1628578_off,0.0009370364274211165,0.030611050740232956
4105,1628578_def,0.0005273534689818096,0.02296417795136176
4106,1628591_off,0.0009524357245469857,0.030861557390173714
4107,1628591_def,0.0005320464357486528,0.023066131789891708
4108,1628605_off,0.0009344266432606663,0.03056839287991219
4109,1628605_def,0.0005266842158127706,0.022949601648237176
4110,1628656_off,0.0009189607779691759,0.030314365867838568
4111,1628656_def,0.0005212031186406545,0.022829873382054805
4112,1628681_off,0.000793721139629505,0.028173056980553335
4113,1628681_def,0.000478257455591809,0.021869098188809912
4114,1628769_off,0.0009583982314741989,0.03095800755013473
4115,1628769_def,0.0005341274347552429,0.023111197172696246
4116,1628778_off,0.0006726839752188228,0.025936151896895243
4117,1628778_def,0.0004314535052007986,0.020771458908820022
4118,1628935_off,0.0009292041980280264,0.030482850884194317
4119,1628935_def,0.0005254013801302062,0.022921635633833076
4120,1628959_off,0.0008827430444938881,0.029710991980980508
4121,1628959_def,0.0005095084918334036,0.02257229478439008
4122,1628960_off,0.0001343184799293832,0.01158958497658062
4123,1628960_def,0.00011992210314776496,0.010950895084319134
4124,1628961_off,0.0009003282443166428,0.030005470239885305
4125,1628961_def,0.0005157349601155902,0.02270979876871634
4126,1628962_off,0.0006160157310528742,0.024819664201049824
4127,1628962_def,0.00040648382064422225,0.020161443912682004
4128,1628963_off,0.0001827502585123296,0.013518515396016294
4129,1628963_def,0.00015698168332468952,0.012529233149905445
4130,1628964_off,0.0002120358110418559,0.014561449482859043
4131,1628964_def,0.00017708664620956222,0.01330739066119133
4132,1628966_off,0.00022396656326556736,0.014965512462510842
4133,1628966_def,0.00018700564227607753,0.01367500063166644
4134,1628968_off,0.0009319339962353383,0.030527594013209397
4135,1628968_def,0.0005261108519313213,0.022937106441993097
4136,1628969_off,0.00012413676218887192,0.01114166783694757
4137,1628969_def,0.000108561819356129,0.010419300329490892
4138,1628970_off,0.00015082433322025676,0.012281055867483738
4139,1628970_def,0.00012947382971548264,0.0113786567623548
4140,1628971_off,0.00011158641641328211,0.010563447184195229
4141,1628971_def,0.00010059124979990499,0.010029518921658456
4142,1628972_off,0.00016602961435929306,0.012885247935499458
4143,1628972_def,0.00014376394981445914,0.011990160541646602
4144,1628973_off,0.00012128572585335572,0.011012979880729634
4145,1628973_def,0.00010793401155878797,0.010389129489942263
4146,1628975_off,0.00017566765478113617,0.013253967510943135
4147,1628975_def,0.00015174450855726655,0.012318462101953578
4148,1628976_off,0.00017772234677478082,0.013331254508664247
4149,1628976_def,0.00015051057075296417,0.012268274970547577
4150,1628977_off,0.00021701229633267616,0.014731337221470296
4151,1628977_def,0.00018193608566199277,0.013488368532257442
4152,1628978_off,0.00012918071084521072,0.011365769258840808
4153,1628978_def,0.00011543151748186494,0.010743906062594968
4154,1628979_off,0.0009610467491434836,0.031000754009273445
4155,1628979_def,0.0005350704613815892,0.023131590117879686
4156,1628980_off,0.0006470327481614035,0.025436838407345428
4157,1628980_def,0.000420080067206221,0.020495854878638777
4158,1628981_off,0.0003729377895454794,0.01931159728105056
4159,1628981_def,0.0002817947078567698,0.016786742026276863
4160,1628982_off,0.0007863564095764035,0.028042047171638582
4161,1628982_def,0.00047444445177407564,0.021781745838524415
4162,1628983_off,0.0001382416744688783,0.01175762197337873
4163,1628983_def,0.00012020904624253042,0.010963988610105833
4164,1628984_off,0.00015548433502962807,0.012469335789432734
4165,1628984_def,0.00013567836022054556,0.01164810543481409
4166,1628985_off,0.0009081054671779884,0.030134788321439863
4167,1628985_def,0.0005174573281714955,0.022747688413803622
4168,1628987_off,0.0009285255985753795,0.030471718011549326
4169,1628987_def,0.000524535352376459,0.022902736787913776
4170,1628988_off,0.0001715063874751201,0.013096044726371398
4171,1628988_def,0.0001484135283777998,0.01218250911667214
4172,1628989_off,0.00012755879635399523,0.011294193036866124
4173,1628989_def,0.0001127264931582577,0.010617273339151521
4174,1628990_off,0.0004034499790080832,0.02008606429861468
4175,1628990_def,0.0003005668011650002,0.0173368624948403
4176,1628991_off,0.0001510491700920044,0.012290206267268438
4177,1628991_def,0.00013095789091648754,0.011443683450554177
4178,1628993_off,0.0006600193054082515,0.025690840885581216
4179,1628993_def,0.00042492794407214524,0.020613780441057997
4180,1628994_off,0.0009464940277759003,0.030765143064447144
4181,1628994_def,0.0005299433534939915,0.023020498550074705
4182,1628995_off,0.00020551337485695786,0.014335737680948193
4183,1628995_def,0.00017278280359563924,0.013144687276448963
4184,1628997_off,0.00017967535237549927,0.013404303502066017
4185,1628997_def,0.00015406746079911704,0.012412391421443212
4186,1628998_off,0.0002457626204453765,0.015676817931116523
4187,1628998_def,0.00020183206010613916,0.014206761070213687
4188,1628999_off,0.000955044907298311,0.030903800855207293
4189,1628999_def,0.0005333235993124211,0.023093800018888645
4190,1629001_off,0.00014534977257689842,0.012056109346588493
4191,1629001_def,0.00012809964158081664,0.011318111219669854
4192,1629002_off,0.00026973011483698257,0.01642346232793142
4193,1629002_def,0.00021845322678133329,0.014780163286693869
4194,1629003_off,0.00019058309286464536,0.013805183550559744
4195,1629003_def,0.00016283564740001216,0.012760707166925043
4196,1629004_off,0.00022354720276526751,0.014951495001011355
4197,1629004_def,0.00018631669145895532,0.013649787231270505
4198,1629005_off,0.0009580258794832363,0.030951993142336348
4199,1629005_def,0.0005341299809987966,0.02311125225942542
4200,1629006_off,0.00015214211947739962,0.01233459036520466
4201,1629006_def,0.00013343320080580983,0.011551328962756183
4202,1629007_off,0.0007281652931701845,0.026984538038850776
4203,1629007_def,0.0004533332658793705,0.021291624312845897
4204,1629008_off,0.00017231244518633402,0.013126783504969297
4205,1629008_def,0.000149114653207247,0.012211251090991741
4206,1629010_off,0.00040732703024280763,0.020182344517989174
4207,1629010_def,0.00030258141087630494,0.017394867371621575
4208,1629011_off,0.00018771035984225173,0.013700743039786262
4209,1629011_def,0.00015784302023428166,0.012563559218401514
4210,1629012_off,0.0001433382227071055,0.011972394192771366
4211,1629012_def,0.00012492973119814895,0.011177196929380325
4212,1629013_off,0.00013314502129158304,0.011538848352048962
4213,1629013_def,0.00011901750085759237,0.010909514235638192
4214,1629014_off,0.00016269258452617874,0.012755100333834255
4215,1629014_def,0.000140160817834614,0.011838953409597236
4216,1629015_off,0.0008605066884302561,0.02933439429117731
4217,1629015_def,0.000502071586122857,0.022406953967972914
4218,1629016_off,0.0004298883408826011,0.02073374883812865
4219,1629016_def,0.00031471320133392175,0.017740157872294198
4220,1629017_off,0.000723267178817908,0.02689362710416555
4221,1629017_def,0.0004516984743926482,0.02125319915665988
4222,1629018_off,0.0001465169547670187,0.012104418811616635
4223,1629018_def,0.0001280663145088913,0.011316638834428325
4224,1629019_off,0.00043356167916980975,0.020822143961893302
4225,1629019_def,0.00031778611278900564,0.017826556391771397
4226,1629020_off,0.0001944100165791136,0.013943099245831739
4227,1629020_def,0.00016515357999548157,0.012851209281444356
4228,1629021_off,0.00021659475796519996,0.01471715862404153
4229,1629021_def,0.00017920676646327198,0.013386813155612205
4230,1629022_off,0.0001706454236815562,0.01306313223088384
4231,1629022_def,0.0001476972195848418,0.012153074491043072
4232,1629023_off,0.00015314788310140292,0.012375293253147698
4233,1629023_def,0.0001329961449779507,0.011532395457057077
4234,1629026_off,0.0001785341670607376,0.013361667824816542
4235,1629026_def,0.00015313554542567995,0.012374794762972029
4236,1629027_off,0.00014601908851893334,0.012083835836311802
4237,1629027_def,0.000125341652881467,0.011195608642743235
4238,1629028_off,0.0001487110552198653,0.012194714232808627
4239,1629028_def,0.00012843402992653938,0.01133287385999418
4240,1629029_off,0.00012681878341655925,0.01126138461365028
4241,1629029_def,0.00011151281573913977,0.010559962866371253
4242,1629033_off,0.000522307893114195,0.02285405638205601
4243,1629033_def,0.00036178461884249746,0.01902063665712842
4244,1629034_off,0.000848435599011827,0.029127917862624975
4245,1629034_def,0.0004978668995977432,0.02231293121931189
4246,1629035_off,0.0006213515675476327,0.02492692455052634
4247,1629035_def,0.0004084819658723807,0.02021093678859
4248,1629044_off,0.0009576929160594386,0.030946613967596497
4249,1629044_def,0.0005337887792411141,0.023103869356476073
4250,1629045_off,0.0008901827632279326,0.029835930741773962
4251,1629045_def,0.0005121167391519824,0.022629996446132783
4252,1629048_off,0.0003045179477736202,0.017450442624002985
4253,1629048_def,0.00023945672328760202,0.015474389270262075
4254,1629052_off,0.00025363800149971603,0.015926016498161617
4255,1629052_def,0.00020703589929065363,0.014388742102444315
4256,1629053_off,0.0009528209781273603,0.030867798401041827
4257,1629053_def,0.0005325044085261005,0.023076057040276626
4258,1629055_off,0.0009633327325030611,0.031037601912890452
4259,1629055_def,0.0005355389295249,0.023141714057625464
4260,1629056_off,0.00025652456460633526,0.016016384255078776
4261,1629056_def,0.0002091245874047309,0.01446114059833217
4262,1629057_off,0.00021813663558469519,0.014769449400187373
4263,1629057_def,0.00018331203630454377,0.013539277539977669
4264,1629058_off,0.0006629238505546463,0.025747307637006365
4265,1629058_def,0.00042644946711210775,0.02065065294638665
4266,1629059_off,0.0004329897289763915,0.02080840524827387
4267,1629059_def,0.00031713189237726,0.01780819733654308
4268,1629060_off,0.00015254585410305287,0.012350945474053915
4269,1629060_def,0.0001338159161719205,0.011567882959812504
4270,1629061_off,0.0008400781238661227,0.028984101225777603
4271,1629061_def,0.0004952320234717228,0.022253809190152657
4272,1629065_off,0.0005678243720514336,0.023829065698248296
4273,1629065_def,0.00038363703843128554,0.01958665460029572
4274,1629066_off,0.0003570373854627479,0.01889543292604718
4275,1629066_def,0.00027427984579272806,0.01656139625130466
4276,1629067_off,0.0003988779357783744,0.019971928694504554
4277,1629067_def,0.00029752298622364576,0.017248854635124204
4278,1629076_off,0.0006314727095917674,0.02512912074848158
4279,1629076_def,0.0004139255193162664,0.020345159604099113
4280,1629083_off,0.000961058206105962,0.031000938793945613
4281,1629083_def,0.0005348375448090602,0.023126554970618954
4282,1629091_off,0.000905399164797789,0.030089851525020674
4283,1629091_def,0.0005173657706992375,0.022745675868156512
4284,1629093_off,0.0009648662676543948,0.031062296561175172
4285,1629093_def,0.0005361319973559419,0.023154524338796983
4286,1629094_off,0.0009176318895531094,0.030292439478409615
4287,1629094_def,0.0005209437532166026,0.022824192279609867
4288,1629102_off,0.0008297383811111703,0.028805179761827043
4289,1629102_def,0.0004909645229304578,0.022157719262831582
4290,1629103_off,0.0004779624129898102,0.021862351497261456
4291,1629103_def,0.0003410200921619319,0.018466729330391233
4292,1629109_off,0.0003423160928693883,0.01850178620753651
4293,1629109_def,0.0002656926222743837,0.016300080437666058
4294,1629111_off,0.0003522701060393508,0.018768860009050918
4295,1629111_def,0.00026987790770593816,0.016427961154870625
4296,1629116_off,0.0009536927479408456,0.030881916196066034
4297,1629116_def,0.0005325382492615032,0.023076790272078637
4298,1629117_off,0.0003828636011123601,0.019566900651670924
4299,1629117_def,0.00028845576078055874,0.01698398542099465
4300,1629118_off,0.000939987058023016,0.03065920837241262
4301,1629118_def,0.0005279685541570189,0.022977566323634426
4302,1629121_off,0.0006999092852079936,0.026455798706672865
4303,1629121_def,0.0004430007776318823,0.021047583653043937
4304,1629122_off,0.000950910673527312,0.030836839551538223
4305,1629122_def,0.0005319148962700018,0.023063280258237374
4306,1629123_off,0.0008849921004769072,0.02974881679120881
4307,1629123_def,0.0005113220099389931,0.022612430429721463
4308,1629126_off,0.0006510160014797124,0.025515015216137193
4309,1629126_def,0.000422044812822646,0.02054372928225657
4310,1629130_off,0.0001490576538537455,0.012208916981196387
4311,1629130_def,0.00013006634772400006,0.011404663420022533
4312,1629133_off,0.0008980392714300706,0.029967303372677206
4313,1629133_def,0.0005143382024465311,0.022679025606196824
4314,1629134_off,0.00023194793205777862,0.015229836901877137
4315,1629134_def,0.0001923251542993465,0.01386813449240187
4316,1629139_off,0.00030725504895043023,0.017528692163148687
4317,1629139_def,0.0002433168197278297,0.015598615955520851
4318,1629140_off,0.0006759914944457857,0.02599983643113521
4319,1629140_def,0.00043277232292026545,0.020803180596251754
4320,1629147_off,0.0009356731899735573,0.030588775555316975
4321,1629147_def,0.0005265410621635978,0.022946482566258336
4322,1629150_off,0.0009319968090166389,0.030528622782835108
4323,1629150_def,0.0005261559032649735,0.022938088483240564
4324,1629151_off,0.0006431235094070055,0.025359879917046246
4325,1629151_def,0.00041979449982675456,0.02048888722763524
4326,1629152_off,0.0009521877572198096,0.03085753971430337
4327,1629152_def,0.0005324063948017133,0.023073933232149936
4328,1629155_off,0.0009625642457026691,0.03102521951095059
4329,1629155_def,0.0005353025823628861,0.023136606976021486
4330,1629162_off,0.00026665185887679533,0.01632947821814265
4331,1629162_def,0.00021589620200949638,0.014693406753013285
4332,1629164_off,0.0004388342940770705,0.020948372110430692
4333,1629164_def,0.000320119937088547,0.01789189584947741
4334,1629168_off,0.000829934180202909,0.02880857823987343
4335,1629168_def,0.0004911988769504518,0.022163006947398898
4336,1629185_off,0.0005203431341331189,0.022811030974796358
4337,1629185_def,0.00036269202639675334,0.01904447495723506
4338,1629203_off,0.0008589871899483691,0.029308483242030267
4339,1629203_def,0.0005010454014020606,0.02238404345515038
4340,1629216_off,0.00022831986235300966,0.015110256859266478
4341,1629216_def,0.0001891672646526216,0.01375380909612394
4342,1629232_off,0.0009591917545747975,0.030970821018739516
4343,1629232_def,0.0005342585753215762,0.023114034163719155
4344,1629234_off,0.0002159190911354634,0.014694185623417972
4345,1629234_def,0.00017987298249570296,0.013411673366724339
4346,1629244_off,0.0007803463982829621,0.027934680923235228
4347,1629244_def,0.00047378405353199247,0.02176658111720792
4348,1629308_off,0.00028991686655037094,0.017026945308844185
4349,1629308_def,0.00023139638602431677,0.015211718707112512
4350,1629309_off,0.000952946512378105,0.0308698317516974
4351,1629309_def,0.0005322989870909465,0.02307160564613886
4352,1629312_off,0.00033055524957979407,0.018181178443098623
4353,1629312_def,0.0002563718031026807,0.016011614631344356
4354,1629346_off,0.0008197510239952833,0.028631294486894637
4355,1629346_def,0.00048775497825253737,0.022085175531395204
4356,1629353_off,0.0009197875729317928,0.030327999817524938
4357,1629353_def,0.0005217937306960368,0.02284280479048133
4358,1629541_off,0.0008491244289326068,0.029139739685395388
4359,1629541_def,0.0004983205964816064,0.022323095584654166
4360,1629597_off,0.0009225925608095943,0.03037420880960678
4361,1629597_def,0.0005230618294139195,0.022870545017859095
4362,1629598_off,0.0007734031935891313,0.027810127536369394
4363,1629598_def,0.00047115109095415935,0.021706015086932914
4364,1629599_off,0.00025163626525280406,0.015863047161652266
4365,1629599_def,0.00020553804565306202,0.014336598119953772
4366,1629600_off,0.0009559140702329301,0.030917860052612472
4367,1629600_def,0.0005333402112316088,0.023094159677970724
4368,1629602_off,0.0009629543171351315,0.03103150523476313
4369,1629602_def,0.0005354230775637822,0.02313921082413534
4370,1629603_off,0.0006798334376558438,0.02607361573805681
4371,1629603_def,0.0004332817016157505,0.020815419803975863
4372,1629604_off,0.0005002519323233544,0.02236631244356911
4373,1629604_def,0.00034960108959281304,0.01869762256525714
4374,1629605_off,0.0008181788989463396,0.02860382664865559
4375,1629605_def,0.0004880407139819001,0.022091643532836124
4376,1629606_off,0.0008950575436169272,0.029917512323335428
4377,1629606_def,0.0005137987646735578,0.022667129608169575
4378,1629607_off,0.0009162765962290629,0.030270061054267182
4379,1629607_def,0.0005209783075564245,0.022824949234476394
4380,1629608_off,0.0009430145886483909,0.030708542600527154
4381,1629608_def,0.0005290503101032411,0.023001093671893978
4382,1629610_off,0.0006193743686641106,0.024887233045561948
4383,1629610_def,0.00040758965850638395,0.020188849855957224
4384,1629611_off,0.00016666548053694737,0.01290989854866983
4385,1629611_def,0.0001438200003683526,0.011992497670141638
4386,1629614_off,0.00031669076717918206,0.017795807573110643
4387,1629614_def,0.00024598150741624866,0.015683797608240443
4388,1629617_off,0.0007317085027938396,0.0270501109571447
4389,1629617_def,0.0004532333668973336,0.021289278214569267
4390,1629618_off,0.0008833418180242928,0.02972106690588837
4391,1629618_def,0.0005097277052556097,0.02257715006938674
4392,1629619_off,0.000926778298467518,0.030443033660716504
4393,1629619_def,0.0005236800806751563,0.02288405734731401
4394,1629620_off,0.0007177043616048844,0.02679000488250953
4395,1629620_def,0.0004486686526318808,0.021181800032855583
4396,1629621_off,0.0009427359690932753,0.03070400574995509
4397,1629621_def,0.0005292142826147879,0.023004657846070822
4398,1629622_off,0.00017657428511430118,0.013288125718636965
4399,1629622_def,0.0001511625272330111,0.012294817088229132
4400,1629623_off,0.0007864258745830909,0.028043285730867753
4401,1629623_def,0.0004747648039809439,0.021789098282878616
4402,1629625_off,0.0009330535162706702,0.03054592470806327
4403,1629625_def,0.0005259665600935144,0.02293396084616686
4404,1629626_off,0.0003589227967831154,0.018945257896980854
4405,1629626_def,0.00027441906893879513,0.016565598961063712
4406,1629627_off,0.00020240515165289782,0.014226916449213365
4407,1629627_def,0.00017154716203106495,0.013097601384645394
4408,1629628_off,0.00015429963250910818,0.01242174031724654
4409,1629628_def,0.00013343263190853763,0.01155130433797576
4410,1629629_off,0.00019384735159235866,0.013922907440343007
4411,1629629_def,0.00016608782468559746,0.012887506534842086
4412,1629630_off,0.00018807235355600556,0.01371394740969957
4413,1629630_def,0.0001580009283098884,0.01256984201610698
4414,1629631_off,0.0001759465857185691,0.013264485882180625
4415,1629631_def,0.0001509160019773043,0.012284787420924478
4416,1629632_off,0.00014611827994025288,0.012087939441453737
4417,1629632_def,0.0001280531038006885,0.01131605513421919
4418,1629633_off,0.0003341494932992822,0.018279756379648012
4419,1629633_def,0.0002597238984873095,0.016115951677990025
4420,1629634_off,0.0002201789260408488,0.014838427343921889
4421,1629634_def,0.00018313710698024144,0.01353281592944504
4422,1629635_off,0.0004464542616928291,0.02112946430207896
4423,1629635_def,0.0003225538734763864,0.01795978489504778
4424,1629636_off,0.00017088801322637413,0.01307241420803266
4425,1629636_def,0.0001452896750518781,0.01205361667931572
4426,1629637_off,0.00021361001221279722,0.014615403251802436
4427,1629637_def,0.00017895247541881013,0.013377311965369206
4428,1629638_off,0.00018732708189899585,0.013686748404898655
4429,1629638_def,0.00016038072985111065,0.012664151367190407
4430,1629639_off,0.00014405342546321107,0.012002225854532611
4431,1629639_def,0.00012726139201283714,0.011281019103469205
4432,1629640_off,0.0001800331635370547,0.013417643740130185
4433,1629640_def,0.00015230822796935187,0.012341321970086992
4434,1629641_off,0.00034039217193700756,0.018449720104570896
4435,1629641_def,0.00026325800269439223,0.016225227354166483
4436,1629642_off,0.00026994819892092856,0.016430100392904743
4437,1629642_def,0.00021793079129339945,0.01476247917164998
4438,1629643_off,0.00027368907585652226,0.016543550884151874
4439,1629643_def,0.00022014395991447076,0.014837249068289942
4440,1629644_off,0.0005566938400492961,0.0235943603441436
4441,1629644_def,0.00037825651854900933,0.019448817921637534
4442,1629645_off,0.0002272994656431155,0.015076454014227466
4443,1629645_def,0.00018693756418935615,0.01367251126126273
4444,1629646_off,0.0005698801680203257,0.023872163036062016
4445,1629646_def,0.0003869421078026136,0.019670844104984757
4446,1629647_off,0.00022138012508646847,0.014878848244621237
4447,1629647_def,0.00018282750457584594,0.013521372141016086
4448,1629648_off,0.0008096567925296521,0.028454468762035466
4449,1629648_def,0.00048375603116663444,0.021994454554878928
4450,1629649_off,0.0006011829793057521,0.024519033001033138
4451,1629649_def,0.00039853632911076973,0.019963374692440396
4452,1629650_off,0.00041621655598606693,0.02040138612903709
4453,1629650_def,0.0003074280381965811,0.01753362592838632
4454,1629651_off,0.00019885790727671197,0.014101698737269634
4455,1629651_def,0.00016717227385614877,0.012929511740825668
4456,1629652_off,0.000208148118279417,0.014427339265416094
4457,1629652_def,0.0001713426888146387,0.013089793306795898
4458,1629653_off,0.0008421800761331431,0.029020339007894844
4459,1629653_def,0.0004956749078515561,0.02226375772082413
4460,1629655_off,0.00018561382651837303,0.013624016533987803
4461,1629655_def,0.00015900917649880442,0.012609884079514943
4462,1629656_off,0.00027976406217583355,0.016726149053976336
4463,1629656_def,0.00022403044425059552,0.014967646583568023
4464,1629657_off,0.0007163125507247956,0.026764015967802656
4465,1629657_def,0.0004498228806895728,0.02120902828253979
4466,1629658_off,0.0006382389269910771,0.025263391042990985
4467,1629658_def,0.0004146369980129805,0.02036263730495096
4468,1629659_off,0.00020817369254225643,0.014428225550713311
4469,1629659_def,0.00017506055197616315,0.013231045006958564
4470,1629660_off,0.00032458341531442356,0.018016198692133244
4471,1629660_def,0.00025359947946059836,0.015924807046259568
4472,1629661_off,0.0001642884930935249,0.012817507288608223
4473,1629661_def,0.0001429330093849212,0.01195545939664893
4474,1629662_off,0.0007497544237781724,0.027381643920301287
4475,1629662_def,0.0004602381023707325,0.021453160661560628
4476,1629663_off,0.0007892502226527736,0.02809359753845658
4477,1629663_def,0.0004769789504023977,0.021839847765092082
4478,1629665_off,0.000932312402741481,0.03053379116227595
4479,1629665_def,0.0005258971620854123,0.02293244779968794
4480,1629667_off,0.00022636340223511505,0.015045378102098833
4481,1629667_def,0.0001885546285593482,0.013731519528418848
4482,1629668_off,0.0009329469594795812,0.03054418045192212
4483,1629668_def,0.0005266612010181173,0.02294910022240779
4484,1629669_off,0.00028124713561134625,0.016770424431461067
4485,1629669_def,0.00022604221373526462,0.015034700320766778
4486,1629670_off,0.00027578328198025326,0.016606723999038862
4487,1629670_def,0.00022139986429137805,0.014879511560914157
4488,1629671_off,0.0006304374724511591,0.025108513943504485
4489,1629671_def,0.0004119598911789671,0.020296795096245296
4490,1629672_off,0.00031152098617889926,0.017649957115497456
4491,1629672_def,0.0002436094273142953,0.015607992417806183
4492,1629673_off,0.00013619426894451983,0.011670230029631799
4493,1629673_def,0.00011969463495610184,0.010940504328233768
4494,1629674_off,0.0007049817583053228,0.026551492581497613
4495,1629674_def,0.0004443803122264738,0.021080329983813675
4496,1629675_off,0.0002062057345345071,0.014359865407952371
4497,1629675_def,0.00017246706733853347,0.01313267175172415
4498,1629676_off,0.00033008455889206015,0.01816822938241534
4499,1629676_def,0.00025542505090145546,0.015982022741238215
4500,1629677_off,0.0005673942608204579,0.02382003906001117
4501,1629677_def,0.0003835469469279342,0.019584354646705472
4502,1629678_off,0.0004771385002483509,0.02184350018308309
4503,1629678_def,0.00033966120566808965,0.018429899773685414
4504,1629680_off,0.00017121022989078375,0.013084732702305528
4505,1629680_def,0.0001470794634034006,0.012127632225764459
4506,1629681_off,0.0006474801326976909,0.025445630915693383
4507,1629681_def,0.00042094438498663814,0.020516929228971817
4508,1629682_off,0.0007295995337119153,0.027011100194399992
4509,1629682_def,0.00045341833084562653,0.021293621834850607
4510,1629683_off,0.0007899381766732352,0.028105838835964944
4511,1629683_def,0.00047742678365224995,0.02185009802385907
4512,1629684_off,0.00014127030387583206,0.011885718483786837
4513,1629684_def,0.00012421804749042104,0.011145315046710033
4514,1629685_off,0.00052963929088895,0.023013893431771817
4515,1629685_def,0.0003675621543489291,0.019171910555521823
4516,1629686_off,0.0008575903241618102,0.029284643145543198
4517,1629686_def,0.0005006484687637868,0.022375175278951154
4518,1629690_off,0.0008527238549131565,0.029201435836498802
4519,1629690_def,0.000499397220197627,0.02234719714410796
4520,1629712_off,0.0008437603899347633,0.02904755394064642
4521,1629712_def,0.0004955937310121018,0.02226193457478711
4522,1629713_off,0.0006757135460163719,0.025994490685842874
4523,1629713_def,0.0004315864402575069,0.02077465860748395
4524,1629714_off,0.0007942692989116714,0.028182783732478796
4525,1629714_def,0.0004774712187550825,0.021851114817214305
4526,1629716_off,0.0008645798143153332,0.029403738101053296
4527,1629716_def,0.0005029773911570983,0.0224271574471019
4528,1629717_off,0.0004659492671774791,0.0215858580366285
4529,1629717_def,0.00033408581089844797,0.018278014413454433
4530,1629718_off,0.0007322690664788022,0.02706047055168853
4531,1629718_def,0.0004539583333154817,0.021306297973028576
4532,1629719_off,0.0008144420505305378,0.028538431115436913
4533,1629719_def,0.0004868983751014475,0.022065773838717904
4534,1629723_off,0.00023518055165522148,0.015335597531730595
4535,1629723_def,0.00019427292765044878,0.013938182365374934
4536,1629724_off,0.0009180901786912724,0.03030000294870072
4537,1629724_def,0.0005211028968670988,0.02282767830654486
4538,1629725_off,0.0008375805175384707,0.02894098335472502
4539,1629725_def,0.0004931001793583736,0.02220585912227612
4540,1629726_off,0.000222004982280269,0.014899831619191842
4541,1629726_def,0.00018528254362502165,0.013611853056252909
4542,1629729_off,0.0009381069973320796,0.03062853240578268
4543,1629729_def,0.0005276385957068067,0.022970385188472716
4544,1629730_off,0.0007637370286772985,0.027635792528481945
4545,1629730_def,0.00046650050537536234,0.021598622765708057
4546,1629731_off,0.0002533612998590328,0.015917327032483587
4547,1629731_def,0.00020734481648583078,0.014399472784995664
4548,1629734_off,0.0009536757248483807,0.030881640578965048
4549,1629734_def,0.0005328846568785771,0.023084294593480156
4550,1629735_off,0.0006840931657454882,0.026155174741253177
4551,1629735_def,0.0004357111977385931,0.020873696312311174
4552,1629738_off,0.0008450766538650257,0.02907020216415816
4553,1629738_def,0.0004964090733049311,0.02228023952530428
4554,1629739_off,0.000954485537736602,0.030894749355458478
4555,1629739_def,0.0005327804344913054,0.02308203705246366
4556,1629740_off,0.00043565202792256435,0.02087227893457167
4557,1629740_def,0.0003200912116177589,0.017891093080573888
4558,1629741_off,0.0006937373699080064,0.026338894621984545
4559,1629741_def,0.00044047631022315156,0.020987527491897456
4560,1629742_off,0.0009532391322670349,0.030874570964906298
4561,1629742_def,0.0005322914120212167,0.02307144148121692
4562,1629743_off,0.0007710327846664133,0.027767477103014117
4563,1629743_def,0.00046892276974546483,0.021654624673391704
4564,1629744_off,0.00047930673856352044,0.02189307512807464
4565,1629744_def,0.00034231202781743596,0.018501676351548146
4566,1629745_off,0.0009535985011041129,0.030880390235618994
4567,1629745_def,0.0005327340185888043,0.02308103157549082
4568,1629750_off,0.0002863555702477538,0.01692204391460304
4569,1629750_def,0.00022944550106000772,0.015147458567694045
4570,1629751_off,0.0008710656336320177,0.029513821061191277
4571,1629751_def,0.0005060552866927022,0.022495672621477718
4572,1629752_off,0.0007344339607699254,0.02710044207702017
4573,1629752_def,0.0004545461263720097,0.021320087391284534
4574,1629755_off,0.0008572808592684335,0.02927935892857686
4575,1629755_def,0.0005009579911863615,0.02238209085823667
4576,1629760_off,0.0009483145556095753,0.03079471635864788
4577,1629760_def,0.0005309791223226151,0.023042984232139185
4578,1629783_off,0.0009568870892074108,0.030933591598897966
4579,1629783_def,0.0005336606988125429,0.02310109735083039
4580,1629788_off,0.0009637177416738512,0.031043803595465734
4581,1629788_def,0.0005357775988411157,0.023146870173764652
4582,1629833_off,0.0007321987916137345,0.027059172042280498
4583,1629833_def,0.0004533001982411991,0.021290847757691543
4584,1629873_off,0.0009592004793687518,0.03097096187348323
4585,1629873_def,0.0005344884013275341,0.023119005197618996
4586,1629875_off,0.0007959683919757504,0.028212911795412937
4587,1629875_def,0.00047941301777295453,0.021895502227008964
4588,1629958_off,0.0009644817946623521,0.031056107203935784
4589,1629958_def,0.0005360132215003031,0.023151959344735882
4590,1629962_off,0.0008280240636662162,0.028775407271943453
4591,1629962_def,0.0004896686097511788,0.022128457012434887
4592,1630162_off,0.00017969727355509872,0.01340512116898235
4593,1630162_def,0.00015109872997296603,0.0122922223366227
4594,1630163_off,0.0002179957723960415,0.014764679894804409
4595,1630163_def,0.00018194991787169352,0.013488881268351854
4596,1630164_off,0.00032924006189009587,0.018144973460716217
4597,1630164_def,0.0002535375235616643,0.015922861663710586
4598,1630165_off,0.00024104641776827556,0.015525669639931012
4599,1630165_def,0.00019622685473574732,0.014008099611858395
4600,1630166_off,0.00017858816261847506,0.013363688211660547
4601,1630166_def,0.00015293528026203042,0.012366700459784349
4602,1630167_off,0.0002369794255815095,0.015394136077789798
4603,1630167_def,0.00019431396234880857,0.013939654312385533
4604,1630168_off,0.00024319725755453392,0.015594783023643963
4605,1630168_def,0.0001979367183648612,0.014068998484784238
4606,1630169_off,0.0001710610643196321,0.013079031474831464
4607,1630169_def,0.00014659669934522163,0.01210771239108452
4608,1630170_off,0.0002140158730034308,0.01462928135635619
4609,1630170_def,0.00017779959687637712,0.013334151524426933
4610,1630171_off,0.0001948566485564472,0.013959106295047945
4611,1630171_def,0.00016422070894011142,0.01281486281394036
4612,1630172_off,0.00021244556063782606,0.01457551236278938
4613,1630172_def,0.00017851945901027028,0.01336111743119827
4614,1630173_off,0.00022182775301911992,0.01489388307390386
4615,1630173_def,0.00018464941532923354,0.013588576648392338
4616,1630174_off,0.0002395023354238895,0.01547586299447916
4617,1630174_def,0.00019548686396706554,0.013981661702639838
4618,1630175_off,0.00021220223258374562,0.01456716281860492
4619,1630175_def,0.0001762392582051025,0.013275513481786778
4620,1630176_off,0.0008372007885616176,0.02893442220887809
4621,1630176_def,0.0004944114799179266,0.022235365522471778
4622,1630177_off,0.00029027374177705283,0.01703742180545674
4623,1630177_def,0.00022858040156626232,0.01511887567136731
4624,1630178_off,0.00016744254040870757,0.012939959057458705
4625,1630178_def,0.0001439898796209023,0.011999578310128331
4626,1630179_off,0.0009200785036089531,0.030332795842271994
4627,1630179_def,0.0005217626886819852,0.02284212531009287
4628,1630180_off,0.0001620552306151453,0.012730091539935812
4629,1630180_def,0.00013945222607860918,0.011808989206473566
4630,1630181_off,0.00031181977571384805,0.017658419400213825
4631,1630181_def,0.00024383201156259708,0.015615121247130843
4632,1630182_off,0.00023404611935274604,0.015298565924711573
4633,1630182_def,0.00019405266741924515,0.013930278799049399
4634,1630183_off,0.00019737712961841422,0.01404909711043433
4635,1630183_def,0.00016588360014229968,0.012879580744042085
4636,1630184_off,0.00042577370923857423,0.02063428480075271
4637,1630184_def,0.0003121417409379807,0.017667533527291824
4638,1630185_off,0.0007525876126853756,0.027433330324358646
4639,1630185_def,0.0004625283380936608,0.02150647200480964
4640,1630186_off,0.0007578400151403077,0.027528894186659728
4641,1630186_def,0.00046491774674614633,0.021561951366844013
4642,1630187_off,0.0008406201082853887,0.02899344940301841
4643,1630187_def,0.0004950300028594683,0.022249269715194437
4644,1630188_off,0.00029080636014802594,0.017053045480148875
4645,1630188_def,0.00023172436954919964,0.015222495509909
4646,1630189_off,0.0009136577817322563,0.030226772598679078
4647,1630189_def,0.0005196025849552971,0.02279479293512659
4648,1630190_off,0.000701290549291547,0.026481890968953613
4649,1630190_def,0.0004417953320300862,0.021018927946736154
4650,1630191_off,0.0002423933913521571,0.015568988128717843
4651,1630191_def,0.00019553939899668598,0.013983540288377831
4652,1630192_off,0.0003789412855841121,0.019466414297042794
4653,1630192_def,0.0002822805121223801,0.016801205674664543
4654,1630193_off,0.00018947072784513314,0.013764836644331568
4655,1630193_def,0.00016009370039949788,0.012652813932066569
4656,1630194_off,0.0003209748242102888,0.01791577026561484
4657,1630194_def,0.0002499236556190204,0.015808973895197004
4658,1630195_off,0.0007724782387328153,0.027793492740798433
4659,1630195_def,0.00047049473758624215,0.021690890659127902
4660,1630196_off,0.0009588155410616028,0.03096474674628557
4661,1630196_def,0.000534023475716661,0.02310894795780762
4662,1630197_off,0.00029662241192589364,0.017222729514391546
4663,1630197_def,0.00023494491148411099,0.015327912822172201
4664,1630198_off,0.00026961207034477034,0.016419868158568458
4665,1630198_def,0.00021824384905486024,0.014773078523275378
4666,1630199_off,0.000802405437249719,0.028326761856056173
4667,1630199_def,0.0004817384925443959,0.021948541922970553
4668,1630200_off,0.00024727790652161056,0.015725072544239996
4669,1630200_def,0.00019964269756490768,0.014129497427895574
4670,1630201_off,0.00031036036882218176,0.017617047676105713
4671,1630201_def,0.00024453282948489787,0.01563754550704483
4672,1630202_off,0.00023330977608035364,0.015274481204949439
4673,1630202_def,0.00019228985411707318,0.013866861725605877
4674,1630203_off,0.000941697308157141,0.030687086993671148
4675,1630203_def,0.0005292681740847421,0.02300582913273812
4676,1630204_off,0.0007872569978566702,0.028058100396439353
4677,1630204_def,0.000476089558745506,0.021819476591923695
4678,1630205_off,0.00029999089991314696,0.01732024537681689
4679,1630205_def,0.00023770190052733743,0.015417584133947103
4680,1630206_off,0.0008072175332966408,0.02841157393205524
4681,1630206_def,0.00048314977808367344,0.02198066828109813
4682,1630207_off,0.0008488155838499813,0.02913443982385763
4683,1630207_def,0.0004971854249959571,0.02229765514568644
4684,1630208_off,0.0003163572264467218,0.017786433775400897
4685,1630208_def,0.0002441324036181756,0.015624736913566755
4686,1630209_off,0.00048495855899220557,0.022021774655831113
4687,1630209_def,0.0003440655315455585,0.018549003518937575
4688,1630210_off,0.0007081416720117431,0.026610931438259412
4689,1630210_def,0.0004449296616145317,0.021093355864217806
4690,1630211_off,0.0009039626977196035,0.030065972422650883
4691,1630211_def,0.0005163672487879582,0.022723715558595568
4692,1630214_off,0.000255705633127324,0.015990798389302643
4693,1630214_def,0.0002080573137720853,0.014424191962535901
4694,1630215_off,0.0005556899831325724,0.023573077506608517
4695,1630215_def,0.0003782562928082678,0.019448812118180066
4696,1630216_off,0.0008656593982458695,0.029422090310613037
4697,1630216_def,0.0005038749341291515,0.022447158709492643
4698,1630217_off,0.0001873371146680368,0.013687114913963308
4699,1630217_def,0.00015947087982506015,0.012628178008923543
4700,1630218_off,0.0009022663103734927,0.030037748090918744
4701,1630218_def,0.0005166104157495468,0.022729065439422422
4702,1630219_off,0.0005215049115860733,0.022836482031741958
4703,1630219_def,0.0003624650530123634,0.01903851498968245
4704,1630221_off,0.0007642285576492658,0.02764468407577243
4705,1630221_def,0.00046690502542042677,0.021607985223533147
4706,1630222_off,0.0007252724274801281,0.026930882411835826
4707,1630222_def,0.0004524118854483776,0.021269976150630202
4708,1630223_off,0.0008510651184227055,0.029173020385669796
4709,1630223_def,0.0004986952372887227,0.0223314853354792
4710,1630224_off,0.00026177697670199274,0.016179523376848675
4711,1630224_def,0.00020482392200240297,0.01431167083196099
4712,1630225_off,0.000872267193519028,0.029534169931098926
4713,1630225_def,0.000506524331269485,0.022506095424784038
4714,1630227_off,0.0005329948142522461,0.023086680451122592
4715,1630227_def,0.00036547156086045923,0.019117310502799793
4716,1630228_off,0.0002408688267854327,0.015519949316458243
4717,1630228_def,0.00019661822898056034,0.01402206222281731
4718,1630230_off,0.00025870119384481435,0.01608419080478761
4719,1630230_def,0.0002080787571051428,0.014424935254798989
4720,1630231_off,0.0002264220432376612,0.015047326780450447
4721,1630231_def,0.0001850052094532124,0.01360166201069606
4722,1630233_off,0.0005810961512871984,0.024105936017653377
4723,1630233_def,0.000391330029537557,0.019782063328620626
4724,1630234_off,0.0009319477483582153,0.030527819253235486
4725,1630234_def,0.0005256965649625935,0.022928073729875206
4726,1630235_off,0.00042411351121468126,0.02059401639347413
4727,1630235_def,0.0003115571245803498,0.017650980839045455
4728,1630237_off,0.0004400948932163629,0.020978438769755078
4729,1630237_def,0.0003203260975022764,0.017897656201365485
4730,1630238_off,0.0009025914002474278,0.030043158959194485
4731,1630238_def,0.0005165811017971058,0.022728420574186534
4732,1630240_off,0.0004027725065018035,0.020069192970864663
4733,1630240_def,0.0002992336376198337,0.01729837095277569
4734,1630241_off,0.00047664745556065096,0.021832257225505816
4735,1630241_def,0.00034052126874014596,0.01845321838434006
4736,1630243_off,0.0007797144587735765,0.027923367611618347
4737,1630243_def,0.00047340099294809713,0.02175778005560533
4738,1630245_off,0.00021013365699429934,0.014495987617071812
4739,1630245_def,0.00017617225175647704,0.013272989556105175
4740,1630249_off,0.0004916561287981031,0.022173320202398716
4741,1630249_def,0.00034656034796508404,0.018616131390949194
4742,1630250_off,0.0009258612696483029,0.03042796854290971
4743,1630250_def,0.0005231234575012568,0.022871892302589587
4744,1630253_off,0.0008551245046981256,0.0292425119423439
4745,1630253_def,0.0005007471038972321,0.022377379290194642
4746,1630256_off,0.00021293945980362114,0.014592445298976492
4747,1630256_def,0.00017763078515523823,0.013327819970094067
4748,1630257_off,0.0009592033752456542,0.030971008624932676
4749,1630257_def,0.0005342581308834426,0.023114024549685037
4750,1630259_off,0.0009500651712157671,0.030823127213437756
4751,1630259_def,0.0005314098909889773,0.023052329404834065
4752,1630264_off,0.0004157525846208506,0.02039001188378395
4753,1630264_def,0.00030708715565204545,0.017523902409339234
4754,1630266_off,0.0009625739099849465,0.03102537525937352
4755,1630266_def,0.0005354243398395895,0.02313923809980764
4756,1630267_off,0.0003340289616856136,0.018276459221786195
4757,1630267_def,0.00025720015229176765,0.01603746090538548
4758,1630268_off,0.0009428727305639353,0.03070623276411379
4759,1630268_def,0.0005292310544082563,0.023005022373565654
4760,1630270_off,0.0009040634810924342,0.030067648413077373
4761,1630270_def,0.0005166046577747053,0.02272893877361425
4762,1630271_off,0.000715351555327854,0.026746056818302284
4763,1630271_def,0.0004482223226822878,0.021171261716824714
4764,1630273_off,0.0006991432689281978,0.02644131745825457
4765,1630273_def,0.0004411677830519624,0.021003994454673672
4766,1630278_off,0.0009644827152608268,0.031056122025469098
4767,1630278_def,0.0005360136260150033,0.023151968080813417
4768,1630284_off,0.0007124718617260794,0.026692168546711963
4769,1630284_def,0.0004468436150826894,0.021138675811949278
4770,1630285_off,0.0007867020311883157,0.02804820905491678
4771,1630285_def,0.0004730978108135127,0.021750811727692203
4772,1630286_off,0.0009562997213470797,0.030924096128214965
4773,1630286_def,0.0005334750283670731,0.023097078351321257
4774,1630288_off,0.0006947435833111887,0.026357988984579014
4775,1630288_def,0.00044030400962022435,0.020983422257111074
4776,1630296_off,0.0007956964611574381,0.028208092121897187
4777,1630296_def,0.00047898910667643746,0.021885819762495474
4778,1630306_off,0.0009576265133030299,0.03094554108919458
4779,1630306_def,0.0005338885429036735,0.023106028280595377
4780,1630311_off,0.0009461556611032024,0.030759643383875608
4781,1630311_def,0.000530152340360698,0.023025037249930737
4782,1630314_off,0.0006398080168065171,0.025294426595724936
4783,1630314_def,0.00041483692826967453,0.020367545955997608
4784,1630322_off,0.0004957703354009048,0.022265900731856882
4785,1630322_def,0.00035034333496361373,0.018717460697530896
4786,1630346_off,0.0006192020640982027,0.02488377109881464
4787,1630346_def,0.0004075408546696955,0.020187641136836555
4788,1630466_off,0.0008042880161528371,0.028359972076023577
4789,1630466_def,0.0004814154052607175,0.02194118058037711
4790,1630492_off,0.0009511739361230578,0.030841107893898004
4791,1630492_def,0.0005321938060353113,0.02306932608541722
4792,1630525_off,0.0009633361492651504,0.03103765695514322
4793,1630525_def,0.0005357770601819179,0.023146858538080666
4794,1630526_off,0.0003820747084105943,0.019546731399663585
4795,1630526_def,0.0002863728559388123,0.016922554651671605
4796,1630527_off,0.0004905704241188186,0.022148824441013085
4797,1630527_def,0.0003456349856295603,0.018591261001598584
4798,1630528_off,0.0004034613841835756,0.020086348204279833
4799,1630528_def,0.0002988386552272328,0.017286950431676284
4800,1630529_off,0.00022225335371690416,0.014908163995506091
4801,1630529_def,0.00018344107128897554,0.013544041911075716
4802,1630530_off,0.00025051099573527273,0.015827539156017676
4803,1630530_def,0.00020376271173352316,0.014274547689279795
4804,1630531_off,0.0006536281552026855,0.025566152530302356
4805,1630531_def,0.00042316609702724875,0.020571001361801733
4806,1630532_off,0.00024248157864385542,0.015571820017064654
4807,1630532_def,0.00019485147128021227,0.013958920849414264
4808,1630533_off,0.0003023271125021999,0.01738755625446543
4809,1630533_def,0.00023961449536942002,0.01547948627601769
4810,1630534_off,0.0003357022537292247,0.018322179284387126
4811,1630534_def,0.00025842599192107876,0.016075633484285427
4812,1630535_off,0.0006259888216989432,0.0250197686180137
4813,1630535_def,0.00040857821303908615,0.02021331771479106
4814,1630536_off,0.0009372309787884045,0.030614228371598794
4815,1630536_def,0.0005268214119812389,0.022952590528766876
4816,1630537_off,0.0002968206208199477,0.017228482835698205
4817,1630537_def,0.00023639226386755482,0.015375053296413473
4818,1630538_off,0.00030175303624153796,0.017371040160034688
4819,1630538_def,0.00023964916572909753,0.015480606116334642
4820,1630539_off,0.0006684965272057362,0.02585529978951581
4821,1630539_def,0.0004283055270197511,0.0206955436512248
4822,1630540_off,0.00037126603615139083,0.01926826500106823
4823,1630540_def,0.0002796043193452652,0.016721373129778106
4824,1630541_off,0.00032183099547685004,0.017939648699928604
4825,1630541_def,0.00025207770785071014,0.015876955244967787
4826,1630543_off,0.00037452148856803027,0.019352557675098924
4827,1630543_def,0.0002825556472858684,0.016809391639374352
4828,1630544_off,0.00029361620820355814,0.0171352329486225
4829,1630544_def,0.00023289756186046937,0.015260981680759247
4830,1630547_off,0.0005805632814901879,0.02409488081502351
4831,1630547_def,0.00038879195829629446,0.019717808151422267
4832,1630548_off,0.0006697709451587144,0.02587993325259388
4833,1630548_def,0.00042889285043913844,0.020709728400902277
4834,1630549_off,0.0004226256907895477,0.02055786201893445
4835,1630549_def,0.0003097753455107928,0.017600435946612026
4836,1630550_off,0.0004068902433777781,0.020171520601525758
4837,1630550_def,0.00029943537568222873,0.01730420109921948
4838,1630551_off,0.000674359350150417,0.02596842987456918
4839,1630551_def,0.00043178626280200247,0.0207794673368208
4840,1630552_off,0.00032279799898559026,0.017966580058141012
4841,1630552_def,0.0002513982977439147,0.015855544700322178
4842,1630553_off,0.0005353918912631071,0.023138536930046097
4843,1630553_def,0.0003658937546504503,0.019128349501471638
4844,1630554_off,0.0008385328441421477,0.02895743158745519
4845,1630554_def,0.0004943435448512263,0.022233837834508604
4846,1630555_off,0.0009514808902190713,0.030846083871685744
4847,1630555_def,0.0005320614974424747,0.023066458276954326
4848,1630556_off,0.00042986931231867633,0.02073328995404917
4849,1630556_def,0.0003138785692090967,0.017716618447353227
4850,1630557_off,0.00021725283604327625,0.014739499178848522
4851,1630557_def,0.0001805980876985046,0.013438678792891234
4852,1630558_off,0.000236852241594031,0.015390004600195252
4853,1630558_def,0.00019492268602698963,0.013961471485018678
4854,1630559_off,0.00019531232732768476,0.013975418681659765
4855,1630559_def,0.00016587168061806768,0.012879118006217183
4856,1630560_off,0.0002621373417310857,0.016190656000640794
4857,1630560_def,0.0002122107796355978,0.014567456182724484
4858,1630561_off,0.000657897552322521,0.02564951368588732
4859,1630561_def,0.0004242125718519253,0.020596421336045865
4860,1630562_off,0.0008872376325397245,0.029786534416405754
4861,1630562_def,0.0005115931208235836,0.02261842436651111
4862,1630563_off,0.0005337653409861989,0.02310336211433736
4863,1630563_def,0.00036793266921718683,0.019181571083130466
4864,1630564_off,0.000913384917750891,0.03022225864740905
4865,1630564_def,0.0005195938740392664,0.022794601861828304
4866,1630565_off,0.0009536243458875386,0.030880808698729677
4867,1630565_def,0.0005320606714447366,0.023066440372210374
4868,1630567_off,0.0002055679359068154,0.014337640527883777
4869,1630567_def,0.00017231947006699283,0.013127051080383317
4870,1630568_off,0.0006075236411125424,0.02464799466716395
4871,1630568_def,0.0004027232861730944,0.020067966667629642
4872,1630570_off,0.00032720531789603573,0.01808881748197034
4873,1630570_def,0.00025282759955545466,0.015900553435508297
4874,1630572_off,0.0004662037320059812,0.021591751480738684
4875,1630572_def,0.0003332885932705571,0.01825619328530888
4876,1630573_off,0.0003133322883337379,0.01770119454538981
4877,1630573_def,0.00024602884017247133,0.01568530650553158
4878,1630575_off,0.0009595413095994907,0.030976463800755093
4879,1630575_def,0.0005345986088653241,0.023121388558331096
4880,1630577_off,0.0004640210097933139,0.021541146900601972
4881,1630577_def,0.0003283303556922452,0.018119888401760237
4882,1630578_off,0.0002782826591856113,0.016681806232707874
4883,1630578_def,0.0002177297361522591,0.014755667933111638
4884,1630579_off,0.0004222468083320413,0.020548644926905554
4885,1630579_def,0.0003093788333521226,0.017589168068789456
4886,1630580_off,0.00080522105076607,0.02837641715872654
4887,1630580_def,0.0004821738612509163,0.021958457624590037
4888,1630581_off,0.0002574795434857058,0.016046169121809287
4889,1630581_def,0.000205189069135061,0.01432442212220308
4890,1630582_off,0.000912650063398832,0.030210098698925696
4891,1630582_def,0.0005194487324803183,0.02279141795677308
4892,1630583_off,0.0002824965646246298,0.01680763411740718
4893,1630583_def,0.0002257452322766716,0.015024820540581229
4894,1630585_off,0.0008833201523529975,0.029720702420249046
4895,1630585_def,0.0005094455609051137,0.02257090075528918
4896,1630586_off,0.000547013006033574,0.02338830917431985
4897,1630586_def,0.00036967840062117254,0.019227022666579777
4898,1630587_off,0.0004048059725939011,0.020119790570329033
4899,1630587_def,0.0003007658872629412,0.0173426032435428
4900,1630589_off,0.0009542911362930113,0.030891603006205606
4901,1630589_def,0.0005327360680566214,0.0230810759726799
4902,1630590_off,0.0006923344837242587,0.026312249689531657
4903,1630590_def,0.0004374837610166283,0.020916112473799434
4904,1630591_off,0.00028109064265604785,0.016765758040006656
4905,1630591_def,0.0002232878018160503,0.014942817733481537
4906,1630592_off,0.0006591795976163767,0.025674493132608806
4907,1630592_def,0.00042511664544127395,0.02061835700149927
4908,1630593_off,0.0007600144909501399,0.02756836032393185
4909,1630593_def,0.00046575011362850625,0.02158124448748279
4910,1630595_off,0.00027767346872735986,0.016663537101328754
4911,1630595_def,0.00022049264456645197,0.014848994732521523
4912,1630596_off,0.00022543334768019448,0.015014437974169879
4913,1630596_def,0.0001858526266282623,0.013632777656378846
4914,1630598_off,0.0002792937141702265,0.01671208287946857
4915,1630598_def,0.00022317474068583968,0.014939034128277493
4916,1630600_off,0.0008658453199819461,0.02942524970126755
4917,1630600_def,0.0005042691099223155,0.022455937075132614
4918,1630602_off,0.0008915284241459796,0.02985847323869691
4919,1630602_def,0.0005126261575143623,0.022641249027259124
4920,1630604_off,0.0009476681444064791,0.030784219080666624
4921,1630604_def,0.0005308889178892,0.02304102684103293
4922,1630605_off,0.0009557499973316685,0.030915206571065775
4923,1630605_def,0.0005333043151270129,0.023093382496442848
4924,1630606_off,0.0008334553308484542,0.028869626441096433
4925,1630606_def,0.0004934202675950075,0.022213065245368716
4926,1630608_off,0.00096295882507099,0.03103157786950238
4927,1630608_def,0.0005356594388883366,0.023144317637129347
4928,1630610_off,0.0008658400665334185,0.02942516043343551
4929,1630610_def,0.0005028675950158564,0.022424709474502817
4930,1630611_off,0.0008426345424310385,0.029028168086033927
4931,1630611_def,0.0004950886806332349,0.022250588321058723
4932,1630612_off,0.0009216257263881479,0.030358289253318408
4933,1630612_def,0.0005229196789446571,0.02286743708736633
4934,1630613_off,0.0004840364792869173,0.022000829059081326
4935,1630613_def,0.0003428862822498026,0.01851718883226616
4936,1630618_off,0.0009363296464233381,0.03059950402250563
4937,1630618_def,0.0005274094657845134,0.02296539713970811
4938,1630620_off,0.0009460611760840487,0.03075810748541023
4939,1630620_def,0.0005304750596800924,0.023032044192387538
4940,1630622_off,0.0009633413600447699,0.031037740897893486
4941,1630622_def,0.0005356611901377292,0.02314435547034588
4942,1630624_off,0.0009587696564502576,0.030964005820472543
4943,1630624_def,0.0005343628291591432,0.02311628926015469
4944,1630625_off,0.00040076235904229355,0.02001904990358667
4945,1630625_def,0.000297992376384888,0.017262455688136842
4946,1630631_off,0.00030883680909186224,0.017573753415018153
4947,1630631_def,0.0002426414937255315,0.015576953929620885
4948,1630637_off,0.0009070380301467232,0.03011707207128082
4949,1630637_def,0.0005172110806326337,0.022742275185931457
4950,1630639_off,0.000733348063488896,0.027080399987609045
4951,1630639_def,0.00045343381664038926,0.0212939854569404
4952,1630640_off,0.0009577438756735054,0.030947437303814114
4953,1630640_def,0.0005340331049923123,0.023109156302044267
4954,1630641_off,0.0008228383989246189,0.028685159907600635
4955,1630641_def,0.0004887385125501339,0.022107431161266428
4956,1630643_off,0.0008521835140516393,0.029192182413304412
4957,1630643_def,0.000498730429348421,0.02233227326871183
4958,1630644_off,0.000917011367092935,0.030282195546111498
4959,1630644_def,0.0005212333858425428,0.02283053625832172
4960,1630647_off,0.0005350529783973253,0.023131212212016156
4961,1630647_def,0.00036891320112378414,0.019207113294917175
4962,1630648_off,0.0009388000100423613,0.030639843505513558
4963,1630648_def,0.0005278283770220619,0.022974515816923367
4964,1630649_off,0.0007785638466703998,0.027902756972571722
4965,1630649_def,0.00047205921582462243,0.0217269237542875
4966,1630658_off,0.000924055131310003,0.030398275137086365
4967,1630658_def,0.0005232244051169499,0.02287409900120549
4968,1630678_off,0.0005185080843736111,0.022770772590617366
4969,1630678_def,0.0003607690033797507,0.01899392016882641
4970,1630686_off,0.0008452354670658233,0.029072933582041962
4971,1630686_def,0.0004941772617254466,0.022230098104269503
4972,1630688_off,0.0004763755186508055,0.021826028467194974
4973,1630688_def,0.0003401063657721487,0.01844197293599979
4974,1630691_off,0.0008478087276712604,0.029117155212541976
4975,1630691_def,0.0004977799274517018,0.022310982216202445
4976,1630692_off,0.0003778500866686453,0.01943836635802107
4977,1630692_def,0.00028586065128576553,0.016907414092218995
4978,1630693_off,0.0009637228508495069,0.031043885885138588
4979,1630693_def,0.0005357788053527562,0.023146896235840264
4980,1630695_off,0.0007968764221874668,0.02822899966678711
4981,1630695_def,0.00047918963345111885,0.021890400486311776
4982,1630696_off,0.0007881534657845212,0.028074071058265156
4983,1630696_def,0.00047530767560787353,0.021801552137585837
4984,1630698_off,0.0008558314967271646,0.029254597873277367
4985,1630698_def,0.0005008203543898511,0.022379015938817578
4986,1630699_off,0.00048385301798305094,0.021996659245963942
4987,1630699_def,0.0003440379102849984,0.018548258955627034
4988,1630700_off,0.0003647793357116941,0.01909919725307046
4989,1630700_def,0.00027643523147346285,0.01662634149395058
4990,1630701_off,0.0009644816686796869,0.0310561051756283
4991,1630701_def,0.0005361320151692829,0.02315452472345919
4992,1630702_off,0.0004335636988103639,0.020822192459257597
4993,1630702_def,0.00031655163916561436,0.017791898132734865
4994,1630703_off,0.0004747272825333427,0.021788237251630583
4995,1630703_def,0.00033396227967750813,0.018274634871250046
4996,1630758_off,0.0009167809934982569,0.030278391527593682
4997,1630758_def,0.0005202909774063115,0.02280988771139199
4998,1630787_off,0.0009321872369149837,0.030531741465481193
4999,1630787_def,0.00052593528431518,0.022933278969985517
5000,1630792_off,0.0008199322024255222,0.028634458305082745
5001,1630792_def,0.0004874441778646647,0.022078138007193104
5002,1630846_off,0.000666544876039173,0.025817530401631622
5003,1630846_def,0.00042702513940557425,0.0206645866013713
5004,1630929_off,0.0009421566497109778,0.030694570362052274
5005,1630929_def,0.0005290142041080183,0.02300030878288416
5006,1630994_off,0.0009307002708267972,0.030507380595960663
5007,1630994_def,0.0005254894459903785,0.02292355657376007
5008,1631093_off,0.0002952539423143989,0.017182954993667385
5009,1631093_def,0.0002292809516602716,0.015142026009100355
5010,1631094_off,0.0002959359286486102,0.017202788397484
5011,1631094_def,0.0002291064069955313,0.01513626132819896
5012,1631095_off,0.0002984170100245585,0.017274750650141335
5013,1631095_def,0.00023229906362102448,0.015241360294311807
5014,1631096_off,0.0004242946771781782,0.020598414433596054
5015,1631096_def,0.00030559844484987566,0.01748137422658401
5016,1631097_off,0.00029632070732318796,0.01721396837812792
5017,1631097_def,0.00023389677357559736,0.015293684107356126
5018,1631098_off,0.0005487828548208507,0.02342611480422758
5019,1631098_def,0.00037426700185365087,0.019345981542781717
5020,1631099_off,0.000274121838334836,0.016556625209710945
5021,1631099_def,0.0002191998961907602,0.014805400912868256
5022,1631100_off,0.0004551956294498699,0.02133531413993874
5023,1631100_def,0.0003283502173661191,0.018120436456281044
5024,1631101_off,0.00034617165422719774,0.018605688759817458
5025,1631101_def,0.0002636555275839334,0.016237472943285647
5026,1631102_off,0.000707143645198467,0.026592172630277258
5027,1631102_def,0.0004447809947788188,0.021089831549322976
5028,1631103_off,0.00032557538676206474,0.018043707677804603
5029,1631103_def,0.0002518256591660735,0.015869015696194692
5030,1631104_off,0.00047042406585496454,0.02168926153318652
5031,1631104_def,0.0003334362770477828,0.018260237595600526
5032,1631105_off,0.00034248578365376597,0.01850637143401607
5033,1631105_def,0.0002593295612273841,0.016103712653527575
5034,1631106_off,0.00039582936982903534,0.019895461035850246
5035,1631106_def,0.0002928369821646781,0.017112480304288975
5036,1631107_off,0.0005195865211076526,0.022794440574571088
5037,1631107_def,0.00036252165295094156,0.019040001390518372
5038,1631108_off,0.00044591479309795477,0.02111669465370835
5039,1631108_def,0.00032486235040757566,0.01802393826020206
5040,1631109_off,0.0004985356838431333,0.02232791266202762
5041,1631109_def,0.0003499297631401982,0.01870640968064685
5042,1631110_off,0.0003274982423607105,0.01809691250906382
5043,1631110_def,0.0002521446592676376,0.015879063551344507
5044,1631111_off,0.0008136106807478237,0.028523861603012724
5045,1631111_def,0.00048414903817698584,0.02200338697057764
5046,1631112_off,0.0008889601871744394,0.029815435384619816
5047,1631112_def,0.0005119038095955064,0.022625291370400213
5048,1631113_off,0.0007938620191770594,0.028175557122744874
5049,1631113_def,0.0004791039312654144,0.02188844286982092
5050,1631114_off,0.0003025660553399341,0.017394425984778403
5051,1631114_def,0.0002344313040282588,0.015311149663831871
5052,1631115_off,0.0006316581266421183,0.02513280976417317
5053,1631115_def,0.00041330543733674574,0.02032991483840367
5054,1631116_off,0.0006232050459057109,0.02496407510615426
5055,1631116_def,0.00040936814926104305,0.020232848273563538
5056,1631117_off,0.00033164377940419213,0.01821108946230818
5057,1631117_def,0.00025555486413032,0.015986083451875258
5058,1631119_off,0.0004409444246699589,0.02099867673616504
5059,1631119_def,0.0003182290624347416,0.01783897593570723
5060,1631120_off,0.000893134782311064,0.02988536066891387
5061,1631120_def,0.0005129631260828871,0.022648689279578346
5062,1631121_off,0.0004504540080384242,0.021223901809950596
5063,1631121_def,0.0003244787038604124,0.018013292421442905
5064,1631123_off,0.0008559627842300577,0.029256841665327746
5065,1631123_def,0.0005007502538013447,0.02237744967151853
5066,1631124_off,0.0006922890669537933,0.026311386640650344
5067,1631124_def,0.0004375945826953052,0.02091876150003401
5068,1631128_off,0.0003400683869829731,0.018440943223788014
5069,1631128_def,0.0002582114422198945,0.016068958965032378
5070,1631131_off,0.0009317941381339655,0.030525303243931344
5071,1631131_def,0.0005258363203937746,0.022931121219726142
5072,1631132_off,0.0005999808395642474,0.024494506313952266
5073,1631132_def,0.00040044517793451996,0.02001112635346946
5074,1631133_off,0.00039712168497974166,0.019927912208250558
5075,1631133_def,0.00029244277071472063,0.01710095818118741
5076,1631157_off,0.0008677159670680965,0.02945701897796341
5077,1631157_def,0.0005044848207724694,0.02246073954197567
5078,1631159_off,0.0009262708167239547,0.030434697578979732
5079,1631159_def,0.000523696540266223,0.022884416974575144
5080,1631160_off,0.0009046435576688071,0.030077293057534402
5081,1631160_def,0.0005173942773890948,0.022746302499287545
5082,1631165_off,0.0005328575789860938,0.023083708085706114
5083,1631165_def,0.00036868229665337337,0.01920110144375508
5084,1631167_off,0.000962208473701233,0.031019485387434025
5085,1631167_def,0.0005351981611928571,0.023134350243584907
5086,1631169_off,0.0008368478962407408,0.02892832342602559
5087,1631169_def,0.0004931940807836122,0.02220797336056607
5088,1631170_off,0.0003932891556504095,0.019831519247158286
5089,1631170_def,0.0002939252619251405,0.017144248654436287
5090,1631172_off,0.0005656294597300762,0.023782965747149287
5091,1631172_def,0.00038372103156001795,0.01958879862472474
5092,1631173_off,0.000900805764017025,0.030013426395815338
5093,1631173_def,0.0005154113102995531,0.022702671875784865
5094,1631197_off,0.0007259024807838105,0.026942577471055187
5095,1631197_def,0.00045294705151583786,0.02128255274904394
5096,1631199_off,0.0009283448047947638,0.03046875128381148
5097,1631199_def,0.0005248212049020135,0.022908976513629182
5098,1631200_off,0.000537449633018085,0.023182959971023653
5099,1631200_def,0.0003651993249295838,0.019110189034375977
5100,1631204_off,0.0004980583649190636,0.022317221263389034
5101,1631204_def,0.00034900654006728133,0.01868171673233703
5102,1631205_off,0.000852379259457984,0.029195534923306062
5103,1631205_def,0.000498961719952617,0.022337451062120248
5104,1631207_off,0.000572453010889671,0.023925990280230222
5105,1631207_def,0.0003876027011456136,0.019687628123916136
5106,1631209_off,0.0009618274101933131,0.03101334245439071
5107,1631209_def,0.0005351914265166982,0.023134204687360622
5108,1631210_off,0.0009383780064267974,0.030632956214293086
5109,1631210_def,0.0005278304163256059,0.02297456019874169
5110,1631211_off,0.0009587912183368783,0.03096435399514865
5111,1631211_def,0.0005340180085940776,0.023108829667338796
5112,1631212_off,0.0004810205258553895,0.021932180143692727
5113,1631212_def,0.0003363423522130948,0.018339638824499647
5114,1631213_off,0.0009205201541645455,0.030340075052058546
5115,1631213_def,0.0005223810572164842,0.022855657006887468
5116,1631214_off,0.0009470700085051731,0.030774502571206137
5117,1631214_def,0.0005309096792119324,0.023041477366087713
5118,1631216_off,0.0004525140678379364,0.021272378048491344
5119,1631216_def,0.0003270777943621303,0.018085292211134724
5120,1631217_off,0.0008084602976624778,0.028433436261951838
5121,1631217_def,0.00048313439381169254,0.02198031832826114
5122,1631218_off,0.0005366239296824802,0.02316514471533645
5123,1631218_def,0.000369031080896285,0.019210181698679607
5124,1631219_off,0.00082477716754466,0.028718933955574674
5125,1631219_def,0.0004889883558476094,0.02211308110254221
5126,1631220_off,0.0009160549841321291,0.030266400250643106
5127,1631220_def,0.0005205888365425346,0.022816415944283068
5128,1631221_off,0.0008219754614991061,0.028670114431217503
5129,1631221_def,0.0004886068466812272,0.02210445309618013
5130,1631222_off,0.0005205507831272761,0.022815582024732047
5131,1631222_def,0.00035942603638746323,0.01895853465823409
5132,1631223_off,0.0003529820557619877,0.018787816684276745
5133,1631223_def,0.000270266771955665,0.01643979233310643
5134,1631230_off,0.0006112797677909503,0.02472407263763295
5135,1631230_def,0.00040198930549761993,0.02004967095734042
5136,1631241_off,0.0007426917082762857,0.0272523706909378
5137,1631241_def,0.0004578172285189478,0.021396663957704898
5138,1631243_off,0.0009093181350440036,0.03015490233849222
5139,1631243_def,0.0005185598312776634,0.02277190881936917
5140,1631245_off,0.0008649723328477861,0.029410411980245806
5141,1631245_def,0.0005031248065959486,0.022430443744962975
5142,1631246_off,0.00047516415778271314,0.021798260430197478
5143,1631246_def,0.00033843959174802856,0.018396727745662502
5144,1631250_off,0.000947343934627801,0.03077895278640586
5145,1631250_def,0.0005307643505699483,0.023038323519083335
5146,1631254_off,0.0007467454380614223,0.027326643373481167
5147,1631254_def,0.00046039764552306033,0.021456878746058578
5148,1631257_off,0.0009208755681699951,0.030345931657637323
5149,1631257_def,0.0005217648795566575,0.02284217326693451
5150,1631260_off,0.0005600902258149519,0.023666225423902138
5151,1631260_def,0.00038206592462745474,0.019546506711621253
5152,1631262_off,0.0008653477277567981,0.02941679329493271
5153,1631262_def,0.0005035607227182037,0.022440158705281113
5154,1631288_off,0.0006955622125788734,0.02637351346671265
5155,1631288_def,0.00044010723749288475,0.020978732981114107
5156,1631298_off,0.0008807328463045229,0.029677143499746112
5157,1631298_def,0.00050836578345032,0.022546968387131782
5158,1631303_off,0.0007226590839852437,0.02688231917051138
5159,1631303_def,0.0004502386057700833,0.021218826682219808
5160,1631306_off,0.0008759127744181872,0.029595823597565032
5161,1631306_def,0.0005079344345446053,0.02253740079389381
5162,1631309_off,0.0009451200389187305,0.03074280466903972
5163,1631309_def,0.0005299421860742215,0.023020473193968483
5164,1631311_off,0.0007383138377555749,0.027171931064162054
5165,1631311_def,0.0004569400165134911,0.021376155325817856
5166,1631320_off,0.0009595108207389935,0.030975971667390734
5167,1631320_def,0.0005342397904487039,0.02311362780804225
5168,1631321_off,0.0008677771480630632,0.029458057438722318
5169,1631321_def,0.0005043089413313548,0.022456823936865045
5170,1631323_off,0.000358437615248326,0.01893244873882737
5171,1631323_def,0.0002741008372705087,0.016555990978208122
5172,1631338_off,0.000883955179604033,0.02973138374855824
5173,1631338_def,0.0005095721248618735,0.022573704278692798
5174,1631367_off,0.0006338767767432994,0.025176909594771542
5175,1631367_def,0.00041340548503573596,0.020332375292516514
5176,1631376_off,0.0009637159617773439,0.031043774927952045
5177,1631376_def,0.0005357761812906561,0.023146839552963944
5178,1631386_off,0.0009336863648060937,0.030556281920516667
5179,1631386_def,0.0005261920449392132,0.0229388762789116
5180,1631466_off,0.0007994543033175551,0.028274622956240374
5181,1631466_def,0.0004802014349825886,0.021913498921500157
5182,1631495_off,0.0009618202900610435,0.031013227662741644
5183,1631495_def,0.0005351887182680601,0.023134146153857938
5184,1641645_off,0.0008794013505546346,0.02965470199740059
5185,1641645_def,0.000507310235562895,0.022523548467390634
5186,1641705_off,0.0004422463832840358,0.02102965485413481
5187,1641705_def,0.0003168350972461245,0.017799862281661746
5188,1641706_off,0.00040617420991225016,0.020153764162365556
5189,1641706_def,0.00029706318985028385,0.017235521165612715
5190,1641707_off,0.0006148426423626302,0.024796020696124414
5191,1641707_def,0.0004029496088752152,0.02007360478028835
5192,1641708_off,0.0005065275504611107,0.02250616694288725
5193,1641708_def,0.0003523724919456114,0.018771587358175426
5194,1641709_off,0.00047440065063890596,0.021780740360210576
5195,1641709_def,0.0003356663976957375,0.018321200771121347
5196,1641710_off,0.0005393216265777908,0.023223299218194448
5197,1641710_def,0.0003697630248277225,0.01922922319875981
5198,1641711_off,0.0005045254620624288,0.022461644242183804
5199,1641711_def,0.00035293150804553057,0.018786471410180534
5200,1641712_off,0.0006839935234364393,0.02615326984215242
5201,1641712_def,0.0004333886464520782,0.020817988530405097
5202,1641713_off,0.0005419991973573693,0.02328087621541271
5203,1641713_def,0.0003675101375188287,0.019170553917892637
5204,1641715_off,0.0006038029749358696,0.024572402709866808
5205,1641715_def,0.0003986317707194212,0.0199657649670485
5206,1641716_off,0.0007663480863924135,0.027682992728251286
5207,1641716_def,0.0004671826018862118,0.021614407275847555
5208,1641717_off,0.00046310688896556877,0.02151991842376659
5209,1641717_def,0.0003295850626695897,0.018154477758106666
5210,1641718_off,0.0004293321500371169,0.020720331803258288
5211,1641718_def,0.0003108632981164572,0.01763131583621759
5212,1641720_off,0.0008888580865184517,0.02981372312406573
5213,1641720_def,0.0005120870528228064,0.022629340530002335
5214,1641721_off,0.0008950444705040729,0.029917293836576746
5215,1641721_def,0.0005138386609379817,0.022668009637768854
5216,1641722_off,0.000536045095829487,0.023152647706676813
5217,1641722_def,0.00036915496562680243,0.019213405883049532
5218,1641723_off,0.0008375823879690398,0.028941015669271868
5219,1641723_def,0.0004942384016426961,0.022231473222499135
5220,1641724_off,0.00091617290258219,0.030268348197121528
5221,1641724_def,0.0005210306518336036,0.02282609585175712
5222,1641726_off,0.0005060762037020297,0.02249613752851875
5223,1641726_def,0.00035456378455843185,0.01882986416728575
5224,1641727_off,0.0009457970295030019,0.030753813251416514
5225,1641727_def,0.0005302600386288504,0.02302737585199083
5226,1641729_off,0.000681885695239033,0.02611294114493871
5227,1641729_def,0.0004332264717137967,0.020814093103322967
5228,1641730_off,0.0007636782219679378,0.027634728548837563
5229,1641730_def,0.00046580248160731845,0.021582457728611875
5230,1641731_off,0.00043802731049061186,0.020929101999144918
5231,1641731_def,0.00031958135045906974,0.017876838379844176
5232,1641732_off,0.000840601552805679,0.028993129406907407
5233,1641732_def,0.0004951566489803153,0.022252115606843214
5234,1641733_off,0.0006425169232534975,0.025347917532876296
5235,1641733_def,0.0004161658101303269,0.020400142404658036
5236,1641734_off,0.0008792470401945796,0.02965210009754081
5237,1641734_def,0.0005082775237758937,0.022545011061782465
5238,1641735_off,0.0009218216942114757,0.030361516665204254
5239,1641735_def,0.0005226722516357197,0.022862026411403686
5240,1641738_off,0.0007486870552569412,0.027362146393456438
5241,1641738_def,0.00046031539065887844,0.021454961912314795
5242,1641739_off,0.00046626077824549374,0.02159307245959902
5243,1641739_def,0.0003313119383185761,0.018201976220140935
5244,1641741_off,0.0007928878279721719,0.028158263937469084
5245,1641741_def,0.00047746577668274974,0.021850990290665312
5246,1641745_off,0.000954037236671011,0.03088749320794763
5247,1641745_def,0.000532671621056072,0.023079679830016533
5248,1641748_off,0.0006676700384382633,0.025839311880122954
5249,1641748_def,0.00042872895374753,0.020705771025188363
5250,1641749_off,0.0009168595723543726,0.03027968910597288
5251,1641749_def,0.0005213636330152743,0.022833388557445308
5252,1641753_off,0.0009005454494338276,0.0300090894469297
5253,1641753_def,0.0005154676552056416,0.022703912773036315
5254,1641754_off,0.000927748271934315,0.030458960453933995
5255,1641754_def,0.0005241294490914007,0.022893873614821078
5256,1641757_off,0.0009440203894052145,0.03072491479899032
5257,1641757_def,0.0005295813272928152,0.023012634079844385
5258,1641763_off,0.0007721212917688703,0.027787070586315327
5259,1641763_def,0.0004706949503641126,0.021695505303267602
5260,1641764_off,0.0004235989925955438,0.020581520657996673
5261,1641764_def,0.0003092363346760526,0.01758511685136191
5262,1641765_off,0.0007729115545042639,0.02780128692172835
5263,1641765_def,0.0004694188900360666,0.02166607694152466
5264,1641766_off,0.0009170395243100551,0.030282660456275225
5265,1641766_def,0.0005215034560357529,0.022836450162749745
5266,1641767_off,0.0006081625143391991,0.024660951205077213
5267,1641767_def,0.00040058969352054554,0.02001473690860176
5268,1641771_off,0.0009402910260171825,0.030664165177242027
5269,1641771_def,0.0005280540598468068,0.022979426882470476
5270,1641774_off,0.0008565645831595606,0.029267124613797654
5271,1641774_def,0.0005010319817431609,0.022383743693653233
5272,1641775_off,0.0009070659937469298,0.030117536316022427
5273,1641775_def,0.0005183817416225123,0.022767998190937038
5274,1641778_off,0.0007960064432077864,0.028213586145823193
5275,1641778_def,0.0004793156891942477,0.021893279544057526
5276,1641787_off,0.0007580852982282463,0.027533348837877426
5277,1641787_def,0.00046455596065990873,0.021553560278058676
5278,1641788_off,0.000935388824196071,0.03058412699744871
5279,1641788_def,0.0005265093143019668,0.022945790775259125
5280,1641793_off,0.0009358341773746653,0.03059140692048447
5281,1641793_def,0.0005267041770286414,0.022950036536542626
5282,1641806_off,0.0009625695379498599,0.031025304800273275
5283,1641806_def,0.0005355410463717289,0.023141759794184383
5284,1641809_off,0.0009480220836992559,0.03078996725719688
5285,1641809_def,0.0005306629473954096,0.02303612266409887
5286,1641816_off,0.0009280725933760793,0.03046428389731292
5287,1641816_def,0.0005249463662091305,0.02291170805961726
5288,1641847_off,0.0009558905226841772,0.030917479242075625
5289,1641847_def,0.000533222039663707,0.023091601063237408
5290,1641851_off,0.0008844462937754343,0.029739641789628776
5291,1641851_def,0.0005094502817970376,0.022571005334212243
5292,1641854_off,0.0006638211054198668,0.025764725991554167
5293,1641854_def,0.00042645860191484154,0.020650874119873028
5294,1641871_off,0.0005516410923637507,0.023487040945247888
5295,1641871_def,0.0003737963538394663,0.01933381374275304
5296,1641877_off,0.0007895562894998145,0.028099044280897073
5297,1641877_def,0.00047626012804215034,0.021823384889657935
5298,1641926_off,0.0009398328451865463,0.030656693317879968
5299,1641926_def,0.0005280330603441086,0.02297896995829249
5300,1641931_off,0.0008047747740030313,0.028368552553893745
5301,1641931_def,0.0004823667952779919,0.021962850345025618
5302,1641970_off,0.0008826747969419525,0.02970984343516392
5303,1641970_def,0.0005091815801869812,0.02256505218666647
5304,1641998_off,0.0006981174990039409,0.02642191323511492
5305,1641998_def,0.0004386411685129047,0.02094376204297845
5306,1642013_off,0.0008916260628213744,0.029860108218514116
5307,1642013_def,0.0005122848591961849,0.022633710681109823
5308,META_home,3.7609368057784925e-07,0.0006132647720013349
5309,META_rb_margin,3.749636436449595e-09,6.123427501366857e-05
5310,META_playoff,5.128235407554033e-06,0.002264560753778541
