Name,Off,Def,Rapm,Season
Tim Duncan,3.89961142851225,-3.16624850841585,7.0658599369281,1998-1999-2000-2001-2002-2003-2004-2005-2006-2007-2008
Manu Ginobili,2.46198754699644,-3.64950346150074,6.11149100849718,1998-1999-2000-2001-2002-2003-2004-2005-2006-2007-2008
David Robinson,1.52592649482267,-4.02202248947404,5.54794898429671,1998-1999-2000-2001-2002-2003-2004-2005-2006-2007-2008
Shaquille O'Neal,4.08500978401541,-1.15838930456201,5.24339908857742,1998-1999-2000-2001-2002-2003-2004-2005-2006-2007-2008
Baron Davis,3.0755821352318797,-2.14918599443764,5.22476812966952,1998-1999-2000-2001-2002-2003-2004-2005-2006-2007-2008
Ray Allen,3.67932043530138,-0.9341852641920899,4.613505699493469,1998-1999-2000-2001-2002-2003-2004-2005-2006-2007-2008
Ben Wallace,-0.14891427438825,-4.67873855034607,4.52982427595782,1998-1999-2000-2001-2002-2003-2004-2005-2006-2007-2008
Josh Howard,2.06505165555233,-2.44260389343138,4.507655548983711,1998-1999-2000-2001-2002-2003-2004-2005-2006-2007-2008
Peja Stojakovic,3.08020417498311,-1.2675073135572998,4.347711488540409,1998-1999-2000-2001-2002-2003-2004-2005-2006-2007-2008
Robert Horry,3.5020450196678503,-0.84426028008894,4.34630529975679,1998-1999-2000-2001-2002-2003-2004-2005-2006-2007-2008
Tyson Chandler,3.51892450139046,-0.79330464628579,4.31222914767625,1998-1999-2000-2001-2002-2003-2004-2005-2006-2007-2008
Reggie Miller,2.75411232961341,-1.29517716365756,4.049289493270971,1998-1999-2000-2001-2002-2003-2004-2005-2006-2007-2008
Rasheed Wallace,1.9620946658679501,-2.07133871525088,4.033433381118829,1998-1999-2000-2001-2002-2003-2004-2005-2006-2007-2008
Derek Fisher,1.70273042651008,-2.29102864183333,3.9937590683434094,1998-1999-2000-2001-2002-2003-2004-2005-2006-2007-2008
Jermaine O'Neal,1.60975155357337,-2.30278701030009,3.91253856387346,1998-1999-2000-2001-2002-2003-2004-2005-2006-2007-2008
Kevin Garnett,1.51584643571744,-2.3286786133678397,3.84452504908528,1998-1999-2000-2001-2002-2003-2004-2005-2006-2007-2008
John Stockton,2.04302436694843,-1.7556798700204101,3.7987042369688404,1998-1999-2000-2001-2002-2003-2004-2005-2006-2007-2008
Jason Kidd,1.6314622447045,-2.13780337808015,3.7692656227846495,1998-1999-2000-2001-2002-2003-2004-2005-2006-2007-2008
Tayshaun Prince,1.09644496374116,-2.5909517884514397,3.6873967521925994,1998-1999-2000-2001-2002-2003-2004-2005-2006-2007-2008
Raja Bell,2.6353069865301,-1.02757111011607,3.6628780966461703,1998-1999-2000-2001-2002-2003-2004-2005-2006-2007-2008
Jaren Jackson,1.74065026867463,-1.6094412068611699,3.3500914755358,1998-1999-2000-2001-2002-2003-2004-2005-2006-2007-2008
Dwyane Wade,2.1711283471897,-1.08732553133653,3.25845387852623,1998-1999-2000-2001-2002-2003-2004-2005-2006-2007-2008
Paul Pierce,2.4100262250426203,-0.74543722723822,3.15546345228084,1998-1999-2000-2001-2002-2003-2004-2005-2006-2007-2008
Jamal Mashburn,0.8938584015187999,-2.2031450013583997,3.0970034028772,1998-1999-2000-2001-2002-2003-2004-2005-2006-2007-2008
Jason Collins,0.4566686318712,-2.6218787636315,3.0785473955027003,1998-1999-2000-2001-2002-2003-2004-2005-2006-2007-2008
Michael Jordan,2.04334185276196,-0.9504621307158799,2.99380398347784,1998-1999-2000-2001-2002-2003-2004-2005-2006-2007-2008
Ben Gordon,1.80500861416483,-1.1383102793251,2.94331889348993,1998-1999-2000-2001-2002-2003-2004-2005-2006-2007-2008
Steve Nash,3.74820272931051,0.8399782703114299,2.9082244589990798,1998-1999-2000-2001-2002-2003-2004-2005-2006-2007-2008
Anderson Varejao,0.25617880623763,-2.62321062365061,2.8793894298882403,1998-1999-2000-2001-2002-2003-2004-2005-2006-2007-2008
LeBron James,1.69879489436479,-1.17800767852563,2.8768025728904196,1998-1999-2000-2001-2002-2003-2004-2005-2006-2007-2008
Kenyon Martin,0.18626125907645,-2.67353656264424,2.8597978217206896,1998-1999-2000-2001-2002-2003-2004-2005-2006-2007-2008
Arvydas Sabonis,1.16154884506807,-1.57939828835582,2.74094713342389,1998-1999-2000-2001-2002-2003-2004-2005-2006-2007-2008
Damon Jones,1.4166304489944799,-1.28495884420839,2.70158929320287,1998-1999-2000-2001-2002-2003-2004-2005-2006-2007-2008
Vlade Divac,-0.28124418639128,-2.89024182131205,2.6089976349207697,1998-1999-2000-2001-2002-2003-2004-2005-2006-2007-2008
Shawn Kemp,0.9009933278661,-1.65889818285015,2.55989151071625,1998-1999-2000-2001-2002-2003-2004-2005-2006-2007-2008
Lamar Odom,0.17422748987612,-2.37198002553609,2.5462075154122097,1998-1999-2000-2001-2002-2003-2004-2005-2006-2007-2008
Jason Richardson,2.81391334565088,0.31020392174391004,2.50370942390697,1998-1999-2000-2001-2002-2003-2004-2005-2006-2007-2008
Steven Smith,0.45731455800719,-2.01175356579485,2.46906812380204,1998-1999-2000-2001-2002-2003-2004-2005-2006-2007-2008
Mike James,0.55371421539939,-1.8026588356295,2.35637305102889,1998-1999-2000-2001-2002-2003-2004-2005-2006-2007-2008
Jeff Hornacek,1.16736037828465,-1.14924692389859,2.31660730218324,1998-1999-2000-2001-2002-2003-2004-2005-2006-2007-2008
Mookie Blaylock,1.14764128166937,-1.1047226657099,2.25236394737927,1998-1999-2000-2001-2002-2003-2004-2005-2006-2007-2008
Jerome Williams,2.0736246854728,-0.17502830968219998,2.248652995155,1998-1999-2000-2001-2002-2003-2004-2005-2006-2007-2008
Dennis Rodman,0.8670162814891099,-1.3579606148785899,2.2249768963677,1998-1999-2000-2001-2002-2003-2004-2005-2006-2007-2008
Dirk Nowitzki,2.15035125384894,0.00773291621438236,2.142618337634558,1998-1999-2000-2001-2002-2003-2004-2005-2006-2007-2008
Daniel Gibson,1.04628550415985,-1.09267437418411,2.13895987834396,1998-1999-2000-2001-2002-2003-2004-2005-2006-2007-2008
Dikembe Mutombo,1.06123152005195,-1.06351992099171,2.12475144104366,1998-1999-2000-2001-2002-2003-2004-2005-2006-2007-2008
Shawn Bradley,0.47317516869902,-1.63489129209454,2.10806646079356,1998-1999-2000-2001-2002-2003-2004-2005-2006-2007-2008
Shawn Marion,1.06921702417484,-1.03035289939802,2.0995699235728598,1998-1999-2000-2001-2002-2003-2004-2005-2006-2007-2008
Alonzo Mourning,0.7538736380537701,-1.30177180836394,2.05564544641771,1998-1999-2000-2001-2002-2003-2004-2005-2006-2007-2008
Fabricio Oberto,0.8679401659352499,-1.15779451412403,2.02573468005928,1998-1999-2000-2001-2002-2003-2004-2005-2006-2007-2008
Gilbert Arenas,2.63317392538886,0.6181721653590799,2.01500176002978,1998-1999-2000-2001-2002-2003-2004-2005-2006-2007-2008
Eric Snow,-0.40381366119027995,-2.40305232092929,1.99923865973901,1998-1999-2000-2001-2002-2003-2004-2005-2006-2007-2008
Jon Barry,1.35594674986768,-0.63980057323901,1.9957473231066898,1998-1999-2000-2001-2002-2003-2004-2005-2006-2007-2008
Chris Paul,2.6005995074318102,0.61129843836424,1.98930106906757,1998-1999-2000-2001-2002-2003-2004-2005-2006-2007-2008
Antoine Walker,0.68442230217681,-1.29326788644179,1.9776901886185998,1998-1999-2000-2001-2002-2003-2004-2005-2006-2007-2008
Kenny Anderson,0.60669451218313,-1.36856067178424,1.97525518396737,1998-1999-2000-2001-2002-2003-2004-2005-2006-2007-2008
Allen Iverson,2.10517253798669,0.13276264230169002,1.9724098956849998,1998-1999-2000-2001-2002-2003-2004-2005-2006-2007-2008
George McCloud,2.16741719410549,0.19754341434599998,1.96987377975949,1998-1999-2000-2001-2002-2003-2004-2005-2006-2007-2008
Dan Majerle,0.63081325145837,-1.3245438705675,1.9553571220258699,1998-1999-2000-2001-2002-2003-2004-2005-2006-2007-2008
Larry Johnson,-0.99076028247482,-2.94354985698486,1.95278957451004,1998-1999-2000-2001-2002-2003-2004-2005-2006-2007-2008
Horace Grant,0.57537218245517,-1.34235363793957,1.91772582039474,1998-1999-2000-2001-2002-2003-2004-2005-2006-2007-2008
Metta World Peace,0.8906378367159999,-1.02090889289831,1.91154672961431,1998-1999-2000-2001-2002-2003-2004-2005-2006-2007-2008
David Wesley,0.9238901961673899,-0.9696881001001699,1.8935782962675598,1998-1999-2000-2001-2002-2003-2004-2005-2006-2007-2008
Karl Malone,0.10760723146726,-1.74390765018346,1.85151488165072,1998-1999-2000-2001-2002-2003-2004-2005-2006-2007-2008
Chris Morris,-0.03704922339522,-1.86750508517586,1.83045586178064,1998-1999-2000-2001-2002-2003-2004-2005-2006-2007-2008
Ervin Johnson,0.67139982994665,-1.15204637575177,1.8234462056984198,1998-1999-2000-2001-2002-2003-2004-2005-2006-2007-2008
James Posey,0.08219898049148,-1.70532143329247,1.78752041378395,1998-1999-2000-2001-2002-2003-2004-2005-2006-2007-2008
Jalen Rose,1.94397970787311,0.15809391629719,1.78588579157592,1998-1999-2000-2001-2002-2003-2004-2005-2006-2007-2008
Kevin Martin,2.08749716660321,0.35726057872563,1.7302365878775798,1998-1999-2000-2001-2002-2003-2004-2005-2006-2007-2008
Antoine Carr,0.49424765074861005,-1.22613090639045,1.72037855713906,1998-1999-2000-2001-2002-2003-2004-2005-2006-2007-2008
Aaron McKie,0.01743814060617,-1.69742521397305,1.71486335457922,1998-1999-2000-2001-2002-2003-2004-2005-2006-2007-2008
Troy Murphy,1.39402516382991,-0.29911558897075996,1.69314075280067,1998-1999-2000-2001-2002-2003-2004-2005-2006-2007-2008
Zan Tabak,0.20783005041802002,-1.44620584894139,1.65403589935941,1998-1999-2000-2001-2002-2003-2004-2005-2006-2007-2008
Amar'e Stoudemire,2.12924782664414,0.47707746125475,1.65217036538939,1998-1999-2000-2001-2002-2003-2004-2005-2006-2007-2008
Greg Anthony,-0.44731260526736,-2.06538427781627,1.6180716725489102,1998-1999-2000-2001-2002-2003-2004-2005-2006-2007-2008
Robert Traylor,0.43298682365721003,-1.1833508188495399,1.61633764250675,1998-1999-2000-2001-2002-2003-2004-2005-2006-2007-2008
Mikki Moore,0.7248676580258999,-0.8597528859142899,1.58462054394019,1998-1999-2000-2001-2002-2003-2004-2005-2006-2007-2008
Rasho Nesterovic,1.13693514419316,-0.43722731246422,1.5741624566573802,1998-1999-2000-2001-2002-2003-2004-2005-2006-2007-2008
Scottie Pippen,0.54937978684583,-1.02390066505383,1.57328045189966,1998-1999-2000-2001-2002-2003-2004-2005-2006-2007-2008
Vladimir Radmanovic,1.6265297022363099,0.10589890702739999,1.52063079520891,1998-1999-2000-2001-2002-2003-2004-2005-2006-2007-2008
Kobe Bryant,2.13511759849662,0.6245739114101699,1.51054368708645,1998-1999-2000-2001-2002-2003-2004-2005-2006-2007-2008
Kurt Thomas,-0.78100695358173,-2.26985525579243,1.4888483022107002,1998-1999-2000-2001-2002-2003-2004-2005-2006-2007-2008
Ronnie Brewer,1.0607917158112898,-0.42325473692972004,1.48404645274101,1998-1999-2000-2001-2002-2003-2004-2005-2006-2007-2008
Vin Baker,1.89395552901345,0.44045667517506,1.45349885383839,1998-1999-2000-2001-2002-2003-2004-2005-2006-2007-2008
Latrell Sprewell,0.54117529178325,-0.9046597970713,1.44583508885455,1998-1999-2000-2001-2002-2003-2004-2005-2006-2007-2008
Bison Dele,1.20384947932889,-0.23655141735426,1.4404008966831499,1998-1999-2000-2001-2002-2003-2004-2005-2006-2007-2008
Corey Maggette,0.78611549737164,-0.65168718304309,1.43780268041473,1998-1999-2000-2001-2002-2003-2004-2005-2006-2007-2008
Chris Childs,-0.44197233199812996,-1.8655962198702198,1.42362388787209,1998-1999-2000-2001-2002-2003-2004-2005-2006-2007-2008
Joe Dumars,0.80493402794469,-0.60601756512336,1.41095159306805,1998-1999-2000-2001-2002-2003-2004-2005-2006-2007-2008
Steve Blake,0.14910366671371,-1.23521538387106,1.38431905058477,1998-1999-2000-2001-2002-2003-2004-2005-2006-2007-2008
Eric Williams,0.19979793777688998,-1.18310246845998,1.38290040623687,1998-1999-2000-2001-2002-2003-2004-2005-2006-2007-2008
Jason Maxiell,0.63548134211844,-0.73912056235425,1.37460190447269,1998-1999-2000-2001-2002-2003-2004-2005-2006-2007-2008
Tom Hammonds,0.76537663296302,-0.55073158451211,1.3161082174751302,1998-1999-2000-2001-2002-2003-2004-2005-2006-2007-2008
Derrick McKey,0.74290863740534,-0.56351895991056,1.3064275973159,1998-1999-2000-2001-2002-2003-2004-2005-2006-2007-2008
T.J. Ford,1.89324492201173,0.5974754209302501,1.2957695010814798,1998-1999-2000-2001-2002-2003-2004-2005-2006-2007-2008
Antonio Daniels,1.6736515561386298,0.38207092386329,1.2915806322753398,1998-1999-2000-2001-2002-2003-2004-2005-2006-2007-2008
Pau Gasol,2.8886469496797003,1.5975693017684498,1.2910776479112502,1998-1999-2000-2001-2002-2003-2004-2005-2006-2007-2008
Matt Geiger,0.5757505485075101,-0.71455467116311,1.2903052196706202,1998-1999-2000-2001-2002-2003-2004-2005-2006-2007-2008
Todd MacCulloch,1.86974520605919,0.58477183571702,1.28497337034217,1998-1999-2000-2001-2002-2003-2004-2005-2006-2007-2008
Bobby Simmons,1.2605573086872,-0.01034173084487,1.27089903953207,1998-1999-2000-2001-2002-2003-2004-2005-2006-2007-2008
Keith Van Horn,1.5756702330352101,0.31272652461256,1.26294370842265,1998-1999-2000-2001-2002-2003-2004-2005-2006-2007-2008
Zaza Pachulia,1.33808000440158,0.08140456070018,1.2566754437013998,1998-1999-2000-2001-2002-2003-2004-2005-2006-2007-2008
Glenn Robinson,0.87675350972634,-0.37096094883632996,1.24771445856267,1998-1999-2000-2001-2002-2003-2004-2005-2006-2007-2008
Charles Barkley,1.15863929512783,-0.08780222019684,1.24644151532467,1998-1999-2000-2001-2002-2003-2004-2005-2006-2007-2008
Andrei Kirilenko,1.75160951362972,0.51214546860065,1.2394640450290701,1998-1999-2000-2001-2002-2003-2004-2005-2006-2007-2008
Dee Brown,1.07892929233914,-0.16003569723588001,1.23896498957502,1998-1999-2000-2001-2002-2003-2004-2005-2006-2007-2008
Avery Johnson,-0.26858214501564004,-1.49815325415033,1.22957110913469,1998-1999-2000-2001-2002-2003-2004-2005-2006-2007-2008
Doug Christie,-1.02444268659816,-2.2467812361444297,1.2223385495462697,1998-1999-2000-2001-2002-2003-2004-2005-2006-2007-2008
Mike Dunleavy,1.48026530268533,0.26905390621102,1.21121139647431,1998-1999-2000-2001-2002-2003-2004-2005-2006-2007-2008
Tim Thomas,3.11465545228032,1.90370258139212,1.2109528708882,1998-1999-2000-2001-2002-2003-2004-2005-2006-2007-2008
Al Harrington,-0.41915673342424,-1.61236767330942,1.19321093988518,1998-1999-2000-2001-2002-2003-2004-2005-2006-2007-2008
Allan Houston,0.18904467087527,-0.9993156576137099,1.1883603284889799,1998-1999-2000-2001-2002-2003-2004-2005-2006-2007-2008
Reggie Evans,0.05066350515391,-1.11673487426843,1.16739837942234,1998-1999-2000-2001-2002-2003-2004-2005-2006-2007-2008
Eddie Jones,1.17665500487053,0.012346563182220001,1.16430844168831,1998-1999-2000-2001-2002-2003-2004-2005-2006-2007-2008
Al Jefferson,0.66564145909324,-0.49823409707134003,1.16387555616458,1998-1999-2000-2001-2002-2003-2004-2005-2006-2007-2008
Rashard Lewis,3.1878737669393504,2.03558905245158,1.1522847144877704,1998-1999-2000-2001-2002-2003-2004-2005-2006-2007-2008
Tariq Abdul-Wahad,0.5951324456820599,-0.55491487530835,1.15004732099041,1998-1999-2000-2001-2002-2003-2004-2005-2006-2007-2008
Scott Burrell,0.44374425651641003,-0.69856441097037,1.14230866748678,1998-1999-2000-2001-2002-2003-2004-2005-2006-2007-2008
Chris Andersen,0.71406555985482,-0.42717334845684996,1.1412389083116699,1998-1999-2000-2001-2002-2003-2004-2005-2006-2007-2008
Sam Perkins,0.38012536589309,-0.7557808188162,1.13590618470929,1998-1999-2000-2001-2002-2003-2004-2005-2006-2007-2008
Antawn Jamison,1.74920427450342,0.6146068759309701,1.13459739857245,1998-1999-2000-2001-2002-2003-2004-2005-2006-2007-2008
Brendan Haywood,0.73108457617225,-0.39563498833063,1.12671956450288,1998-1999-2000-2001-2002-2003-2004-2005-2006-2007-2008
David West,0.20947499515612,-0.9066725907688801,1.116147585925,1998-1999-2000-2001-2002-2003-2004-2005-2006-2007-2008
Sam Cassell,1.6852750550806601,0.57429853714807,1.1109765179325901,1998-1999-2000-2001-2002-2003-2004-2005-2006-2007-2008
Derrick Coleman,0.17768753275691,-0.9307817765664601,1.10846930932337,1998-1999-2000-2001-2002-2003-2004-2005-2006-2007-2008
LaPhonso Ellis,1.2200658659487,0.11768190777969,1.10238395816901,1998-1999-2000-2001-2002-2003-2004-2005-2006-2007-2008
Eddy Curry,1.5496497787188102,0.46831073492959,1.08133904378922,1998-1999-2000-2001-2002-2003-2004-2005-2006-2007-2008
Raef LaFrentz,0.74668287538605,-0.33008655069071,1.07676942607676,1998-1999-2000-2001-2002-2003-2004-2005-2006-2007-2008
Chris Mullin,0.49555353320526,-0.5782334748915899,1.07378700809685,1998-1999-2000-2001-2002-2003-2004-2005-2006-2007-2008
Jerome Kersey,-0.80905829895291,-1.88237964652357,1.07332134757066,1998-1999-2000-2001-2002-2003-2004-2005-2006-2007-2008
Olumide Oyedeji,0.36099108081688003,-0.70956644121061,1.07055752202749,1998-1999-2000-2001-2002-2003-2004-2005-2006-2007-2008
Walter McCarty,0.63248954316426,-0.43097500503108,1.06346454819534,1998-1999-2000-2001-2002-2003-2004-2005-2006-2007-2008
Brad Miller,1.0345533643245701,-0.01948483787084,1.05403820219541,1998-1999-2000-2001-2002-2003-2004-2005-2006-2007-2008
Richard Jefferson,-0.43110173956418,-1.48045320053493,1.04935146097075,1998-1999-2000-2001-2002-2003-2004-2005-2006-2007-2008
DeSagana Diop,-0.25798213020761,-1.30437085260581,1.0463887223982,1998-1999-2000-2001-2002-2003-2004-2005-2006-2007-2008
Scott Padgett,0.675753630853,-0.3524418222146,1.0281954530675999,1998-1999-2000-2001-2002-2003-2004-2005-2006-2007-2008
Darius Miles,0.70753901648609,-0.31113167811905,1.01867069460514,1998-1999-2000-2001-2002-2003-2004-2005-2006-2007-2008
Lazaro Borrell,0.82861474211209,-0.18937551114109,1.01799025325318,1998-1999-2000-2001-2002-2003-2004-2005-2006-2007-2008
Tarence Kinsey,0.71064370585034,-0.30622081551947,1.01686452136981,1998-1999-2000-2001-2002-2003-2004-2005-2006-2007-2008
Thabo Sefolosha,0.04798584961933,-0.9630508133278801,1.01103666294721,1998-1999-2000-2001-2002-2003-2004-2005-2006-2007-2008
Matt Bullard,0.67987648562318,-0.32834407976613,1.00822056538931,1998-1999-2000-2001-2002-2003-2004-2005-2006-2007-2008
Morris Peterson,1.66134634181479,0.65701690121415,1.00432944060064,1998-1999-2000-2001-2002-2003-2004-2005-2006-2007-2008
Sasha Vujacic,0.9748814208866899,-0.02864609680032,1.00352751768701,1998-1999-2000-2001-2002-2003-2004-2005-2006-2007-2008
Maurice Evans,0.59141491633719,-0.39248126140886,0.9838961777460499,1998-1999-2000-2001-2002-2003-2004-2005-2006-2007-2008
Lou Williams,0.6812166237414801,-0.27787383585182,0.9590904595933,1998-1999-2000-2001-2002-2003-2004-2005-2006-2007-2008
Chauncey Billups,1.39812319488658,0.47115337738571006,0.92696981750087,1998-1999-2000-2001-2002-2003-2004-2005-2006-2007-2008
Richard Hamilton,0.81434105190479,-0.10416603181207,0.91850708371686,1998-1999-2000-2001-2002-2003-2004-2005-2006-2007-2008
Keith Bogans,0.8650981450955201,-0.05262055988242,0.9177187049779401,1998-1999-2000-2001-2002-2003-2004-2005-2006-2007-2008
Dwight Howard,0.7531087207583,-0.15954680529210002,0.9126555260504,1998-1999-2000-2001-2002-2003-2004-2005-2006-2007-2008
Vince Carter,2.03181525510453,1.1221305765617502,0.9096846785427798,1998-1999-2000-2001-2002-2003-2004-2005-2006-2007-2008
Bo Outlaw,-0.49855607022984,-1.40095578340042,0.90239971317058,1998-1999-2000-2001-2002-2003-2004-2005-2006-2007-2008
Brian Cook,1.07800807542423,0.17733258505005,0.9006754903741799,1998-1999-2000-2001-2002-2003-2004-2005-2006-2007-2008
Chris Webber,0.42001923872358,-0.47492090604243997,0.89494014476602,1998-1999-2000-2001-2002-2003-2004-2005-2006-2007-2008
Chuck Hayes,-0.72349389521452,-1.6138078919435102,0.8903139967289901,1998-1999-2000-2001-2002-2003-2004-2005-2006-2007-2008
Michael Dickerson,0.57456991156279,-0.3102607281446,0.88483063970739,1998-1999-2000-2001-2002-2003-2004-2005-2006-2007-2008
Antonio Davis,-0.61295522815864,-1.49496696353928,0.8820117353806399,1998-1999-2000-2001-2002-2003-2004-2005-2006-2007-2008
Rodney Stuckey,0.6651863939313399,-0.21611414428428,0.8813005382156199,1998-1999-2000-2001-2002-2003-2004-2005-2006-2007-2008
Mike Bibby,1.90179713176729,1.02582853432331,0.8759685974439799,1998-1999-2000-2001-2002-2003-2004-2005-2006-2007-2008
Fred Jones,-0.91559928538095,-1.7833531168193102,0.8677538314383602,1998-1999-2000-2001-2002-2003-2004-2005-2006-2007-2008
Detlef Schrempf,1.70486549315907,0.8512495437926599,0.85361594936641,1998-1999-2000-2001-2002-2003-2004-2005-2006-2007-2008
Todd Fuller,-0.43029980566469006,-1.27725282403944,0.8469530183747499,1998-1999-2000-2001-2002-2003-2004-2005-2006-2007-2008
Chris Duhon,-0.057624757953720004,-0.8951644623133,0.83753970435958,1998-1999-2000-2001-2002-2003-2004-2005-2006-2007-2008
Brevin Knight,0.01970175424795,-0.8033828949503,0.82308464919825,1998-1999-2000-2001-2002-2003-2004-2005-2006-2007-2008
Walt Williams,-0.30010128315633,-1.11818544114508,0.81808415798875,1998-1999-2000-2001-2002-2003-2004-2005-2006-2007-2008
Tony Battie,-1.22501837051593,-2.03563447095702,0.8106161004410899,1998-1999-2000-2001-2002-2003-2004-2005-2006-2007-2008
Boris Diaw,1.3868272119663598,0.58452180246999,0.8023054094963699,1998-1999-2000-2001-2002-2003-2004-2005-2006-2007-2008
Luol Deng,0.89192054695642,0.09039091489151001,0.8015296320649099,1998-1999-2000-2001-2002-2003-2004-2005-2006-2007-2008
Stephen Jackson,0.90462637680914,0.10535306324563999,0.7992733135635,1998-1999-2000-2001-2002-2003-2004-2005-2006-2007-2008
Tony Allen,0.9816485524457901,0.1891147000459,0.79253385239989,1998-1999-2000-2001-2002-2003-2004-2005-2006-2007-2008
Jahidi White,0.41549206303965003,-0.37097162096841,0.78646368400806,1998-1999-2000-2001-2002-2003-2004-2005-2006-2007-2008
Bobby Jackson,-0.18897178249718,-0.97369232845329,0.7847205459561101,1998-1999-2000-2001-2002-2003-2004-2005-2006-2007-2008
Fred Hoiberg,-0.08342842306143,-0.85998926402429,0.77656084096286,1998-1999-2000-2001-2002-2003-2004-2005-2006-2007-2008
Jerome Moiso,-0.05191989256144,-0.8276656145460101,0.7757457219845701,1998-1999-2000-2001-2002-2003-2004-2005-2006-2007-2008
Felton Spencer,0.52974318236533,-0.23980100163006002,0.76954418399539,1998-1999-2000-2001-2002-2003-2004-2005-2006-2007-2008
Luke Ridnour,0.9873129645296901,0.22147184496366998,0.76584111956602,1998-1999-2000-2001-2002-2003-2004-2005-2006-2007-2008
Paul Millsap,0.49666184103567,-0.26818801185512,0.76484985289079,1998-1999-2000-2001-2002-2003-2004-2005-2006-2007-2008
Greg Buckner,-0.22183652416042002,-0.9808710043448601,0.7590344801844401,1998-1999-2000-2001-2002-2003-2004-2005-2006-2007-2008
Donyell Marshall,0.54380783564907,-0.20151289207786002,0.7453207277269299,1998-1999-2000-2001-2002-2003-2004-2005-2006-2007-2008
Matt Carroll,0.23679020468314002,-0.50614444164009,0.7429346463232299,1998-1999-2000-2001-2002-2003-2004-2005-2006-2007-2008
Cory Alexander,1.0075008224908,0.26994475738108,0.73755606510972,1998-1999-2000-2001-2002-2003-2004-2005-2006-2007-2008
Orien Greene,-0.49945573982695,-1.23482931172464,0.73537357189769,1998-1999-2000-2001-2002-2003-2004-2005-2006-2007-2008
Zach Randolph,0.6412779380685001,-0.09058013589008,0.73185807395858,1998-1999-2000-2001-2002-2003-2004-2005-2006-2007-2008
Bobby Phills,1.45572539103955,0.72547994310256,0.73024544793699,1998-1999-2000-2001-2002-2003-2004-2005-2006-2007-2008
Matt Barnes,1.0074076584185399,0.27887708450042004,0.7285305739181199,1998-1999-2000-2001-2002-2003-2004-2005-2006-2007-2008
Ron Harper,0.68500079022581,-0.03725803800542,0.72225882823123,1998-1999-2000-2001-2002-2003-2004-2005-2006-2007-2008
Jamal Crawford,1.7632757229588802,1.0438754388529699,0.7194002841059102,1998-1999-2000-2001-2002-2003-2004-2005-2006-2007-2008
Nick Collison,0.70064734030232,-0.014736692737370001,0.71538403303969,1998-1999-2000-2001-2002-2003-2004-2005-2006-2007-2008
Anthony Parker,0.9530435188111599,0.23767525665213002,0.7153682621590299,1998-1999-2000-2001-2002-2003-2004-2005-2006-2007-2008
Gordan Giricek,-0.47909790306577005,-1.1915531957896999,0.7124552927239299,1998-1999-2000-2001-2002-2003-2004-2005-2006-2007-2008
Jamaal Tinsley,-0.29422907488738,-1.00639669262325,0.7121676177358699,1998-1999-2000-2001-2002-2003-2004-2005-2006-2007-2008
Micheal Williams,0.64376854681271,-0.06798533409174999,0.71175388090446,1998-1999-2000-2001-2002-2003-2004-2005-2006-2007-2008
Marcin Gortat,0.28293972095002,-0.42798680410207995,0.7109265250521,1998-1999-2000-2001-2002-2003-2004-2005-2006-2007-2008
Lindsey Hunter,-0.98057352741509,-1.6903384630718499,0.7097649356567599,1998-1999-2000-2001-2002-2003-2004-2005-2006-2007-2008
Clar. Weatherspoon,0.05789516587753,-0.64749052442541,0.7053856903029401,1998-1999-2000-2001-2002-2003-2004-2005-2006-2007-2008
Todd Day,0.32133096026485,-0.37675906116988,0.69809002143473,1998-1999-2000-2001-2002-2003-2004-2005-2006-2007-2008
Mickael Pietrus,0.73085119163483,0.040195782435630004,0.6906554091992001,1998-1999-2000-2001-2002-2003-2004-2005-2006-2007-2008
Andre Miller,0.8604369001105601,0.17063017882056,0.6898067212900001,1998-1999-2000-2001-2002-2003-2004-2005-2006-2007-2008
Cuttino Mobley,-0.06134311320074,-0.7502449068750601,0.68890179367432,1998-1999-2000-2001-2002-2003-2004-2005-2006-2007-2008
Ike Diogu,0.009193031627179696,-0.67518813940232,0.6843811710294997,1998-1999-2000-2001-2002-2003-2004-2005-2006-2007-2008
Bracey Wright,0.50169680405337,-0.17808929865692,0.67978610271029,1998-1999-2000-2001-2002-2003-2004-2005-2006-2007-2008
Quentin Richardson,1.53136511222619,0.85295718532181,0.6784079269043799,1998-1999-2000-2001-2002-2003-2004-2005-2006-2007-2008
Caron Butler,0.07884768615309999,-0.59412448839849,0.67297217455159,1998-1999-2000-2001-2002-2003-2004-2005-2006-2007-2008
Jared Reiner,0.54242968527353,-0.12703187705075,0.66946156232428,1998-1999-2000-2001-2002-2003-2004-2005-2006-2007-2008
Tony Delk,-0.0564044580062,-0.7033623137309499,0.64695785572475,1998-1999-2000-2001-2002-2003-2004-2005-2006-2007-2008
Matt Harpring,0.8555488856431801,0.21394534052365,0.64160354511953,1998-1999-2000-2001-2002-2003-2004-2005-2006-2007-2008
Jeff Green,0.6245955120946399,-0.01373780795292,0.6383333200475599,1998-1999-2000-2001-2002-2003-2004-2005-2006-2007-2008
Speedy Claxton,-1.2710782142905699,-1.9066981314722902,0.6356199171817201,1998-1999-2000-2001-2002-2003-2004-2005-2006-2007-2008
James Jones,0.22689892415368001,-0.40616961353702,0.6330685376907,1998-1999-2000-2001-2002-2003-2004-2005-2006-2007-2008
Loy Vaught,-0.20458819863503,-0.83169878596735,0.6271105873323201,1998-1999-2000-2001-2002-2003-2004-2005-2006-2007-2008
Jay Williams,0.44520044565144995,-0.1744181021062,0.61961854775765,1998-1999-2000-2001-2002-2003-2004-2005-2006-2007-2008
Shaun Livingston,0.2218627290955,-0.39632606552324,0.61818879461874,1998-1999-2000-2001-2002-2003-2004-2005-2006-2007-2008
Raymond Felton,0.37553943680383,-0.24257191718239,0.6181113539862201,1998-1999-2000-2001-2002-2003-2004-2005-2006-2007-2008
Jim Jackson,1.32475049626834,0.70887556092209,0.61587493534625,1998-1999-2000-2001-2002-2003-2004-2005-2006-2007-2008
Tyronn Lue,1.57981295408177,0.96484749616766,0.6149654579141101,1998-1999-2000-2001-2002-2003-2004-2005-2006-2007-2008
Lucious Harris,0.38732237984231,-0.22712433811151,0.61444671795382,1998-1999-2000-2001-2002-2003-2004-2005-2006-2007-2008
Antonio Burks,0.21107330243920003,-0.39502548774651997,0.60609879018572,1998-1999-2000-2001-2002-2003-2004-2005-2006-2007-2008
Juwan Howard,0.16846979076295,-0.43554390888916,0.6040136996521099,1998-1999-2000-2001-2002-2003-2004-2005-2006-2007-2008
Patrick Ewing,0.33236285223795,-0.27072087695087,0.60308372918882,1998-1999-2000-2001-2002-2003-2004-2005-2006-2007-2008
Brian Scalabrine,0.32531612933834003,-0.27416584883417,0.59948197817251,1998-1999-2000-2001-2002-2003-2004-2005-2006-2007-2008
Omar Cook,0.36898652450263997,-0.22969020643688,0.59867673093952,1998-1999-2000-2001-2002-2003-2004-2005-2006-2007-2008
Kevin Durant,0.5608627188207901,-0.03757673905238,0.59843945787317,1998-1999-2000-2001-2002-2003-2004-2005-2006-2007-2008
Shane Battier,0.7155197374672401,0.1185181951658,0.59700154230144,1998-1999-2000-2001-2002-2003-2004-2005-2006-2007-2008
Daniel Ewing,0.17970788734024,-0.41639113585633,0.5960990231965699,1998-1999-2000-2001-2002-2003-2004-2005-2006-2007-2008
Dwayne Jones,-0.35029975678425,-0.94504208641299,0.5947423296287401,1998-1999-2000-2001-2002-2003-2004-2005-2006-2007-2008
Daequan Cook,0.44350120047197,-0.15007250529249,0.59357370576446,1998-1999-2000-2001-2002-2003-2004-2005-2006-2007-2008
Keyon Dooling,-0.11990212648711,-0.71281022441563,0.59290809792852,1998-1999-2000-2001-2002-2003-2004-2005-2006-2007-2008
Steve Francis,0.22798180218733,-0.362184248526,0.5901660507133301,1998-1999-2000-2001-2002-2003-2004-2005-2006-2007-2008
Rafael Araujo,0.32822651089774,-0.25200093994041,0.58022745083815,1998-1999-2000-2001-2002-2003-2004-2005-2006-2007-2008
Andris Biedrins,0.6314771885488,0.05271362461974,0.57876356392906,1998-1999-2000-2001-2002-2003-2004-2005-2006-2007-2008
Delonte West,-0.30450337911509,-0.8814233216240801,0.57691994250899,1998-1999-2000-2001-2002-2003-2004-2005-2006-2007-2008
Andrew Bogut,1.54233139937308,0.9811016297114301,0.56122976966165,1998-1999-2000-2001-2002-2003-2004-2005-2006-2007-2008
Tim Legler,-0.20939206452391,-0.77051497924126,0.56112291471735,1998-1999-2000-2001-2002-2003-2004-2005-2006-2007-2008
Stanley Roberts,-0.05527833644987001,-0.61252534526271,0.55724700881284,1998-1999-2000-2001-2002-2003-2004-2005-2006-2007-2008
Anthony Miller,0.04052914290714,-0.51471892413402,0.55524806704116,1998-1999-2000-2001-2002-2003-2004-2005-2006-2007-2008
Mengke Bateer,0.07997875507557,-0.47204673938415,0.55202549445972,1998-1999-2000-2001-2002-2003-2004-2005-2006-2007-2008
Deron Williams,1.9190395607408002,1.38931285624284,0.5297267044979601,1998-1999-2000-2001-2002-2003-2004-2005-2006-2007-2008
Joe Kleine,0.47581643304017,-0.05277065458169,0.52858708762186,1998-1999-2000-2001-2002-2003-2004-2005-2006-2007-2008
God Shammgod,0.24969518072994,-0.27527899018025004,0.52497417091019,1998-1999-2000-2001-2002-2003-2004-2005-2006-2007-2008
Grant Hill,1.06703225168868,0.54582054568578,0.5212117060029,1998-1999-2000-2001-2002-2003-2004-2005-2006-2007-2008
Josh Boone,0.43229895401322005,-0.08560211692063,0.5179010709338501,1998-1999-2000-2001-2002-2003-2004-2005-2006-2007-2008
Mark Jackson,2.45557720333873,1.93952193097339,0.51605527236534,1998-1999-2000-2001-2002-2003-2004-2005-2006-2007-2008
Carlos Arroyo,0.33312665245857,-0.16741060673709,0.50053725919566,1998-1999-2000-2001-2002-2003-2004-2005-2006-2007-2008
Joakim Noah,0.28366610538210996,-0.21457485752670002,0.4982409629088099,1998-1999-2000-2001-2002-2003-2004-2005-2006-2007-2008
Bonzi Wells,0.56698832129982,0.07437585928375,0.49261246201607,1998-1999-2000-2001-2002-2003-2004-2005-2006-2007-2008
Andres Nocioni,0.1975053444064,-0.27982404109,0.4773293854964,1998-1999-2000-2001-2002-2003-2004-2005-2006-2007-2008
Gary Grant,0.6261010456805199,0.15327832056749002,0.47282272511303,1998-1999-2000-2001-2002-2003-2004-2005-2006-2007-2008
Doug Overton,0.47273471448584004,0.001945535635080685,0.4707891788507593,1998-1999-2000-2001-2002-2003-2004-2005-2006-2007-2008
Darrick Martin,-0.51925125750508,-0.9888389991928301,0.4695877416877501,1998-1999-2000-2001-2002-2003-2004-2005-2006-2007-2008
Malik Allen,-0.04166882031581,-0.5040259648530501,0.46235714453724003,1998-1999-2000-2001-2002-2003-2004-2005-2006-2007-2008
Jud Buechler,-0.57091239292121,-1.02848882119509,0.45757642827388006,1998-1999-2000-2001-2002-2003-2004-2005-2006-2007-2008
Ndudi Ebi,0.22009746284789,-0.23492951879506,0.45502698164294997,1998-1999-2000-2001-2002-2003-2004-2005-2006-2007-2008
LaMarcus Aldridge,0.26532656412562,-0.17983337083987,0.44515993496549,1998-1999-2000-2001-2002-2003-2004-2005-2006-2007-2008
Hedo Turkoglu,0.19838869081568,-0.2382145260122,0.43660321682787995,1998-1999-2000-2001-2002-2003-2004-2005-2006-2007-2008
Desmond Mason,0.96760343954051,0.54142176521786,0.4261816743226499,1998-1999-2000-2001-2002-2003-2004-2005-2006-2007-2008
Ryan Hollins,0.20715868688744002,-0.20940899485247,0.41656768173991,1998-1999-2000-2001-2002-2003-2004-2005-2006-2007-2008
Marquis Daniels,-0.40252123319627,-0.81486468629164,0.41234345309537007,1998-1999-2000-2001-2002-2003-2004-2005-2006-2007-2008
Jerry Stackhouse,0.79744270449946,0.39218908984982004,0.4052536146496399,1998-1999-2000-2001-2002-2003-2004-2005-2006-2007-2008
Steven Hunter,0.7223206642962,0.32118797785012,0.40113268644607997,1998-1999-2000-2001-2002-2003-2004-2005-2006-2007-2008
Sam Mack,0.18036241978592,-0.21991907625255,0.40028149603847,1998-1999-2000-2001-2002-2003-2004-2005-2006-2007-2008
Ryan Bowen,0.30513407861292,-0.09509206415273,0.40022614276564994,1998-1999-2000-2001-2002-2003-2004-2005-2006-2007-2008
Corey Beck,0.08235273302387999,-0.31109753744686,0.39345027047073994,1998-1999-2000-2001-2002-2003-2004-2005-2006-2007-2008
Stephen Graham,-0.03163212757919,-0.42039058798234996,0.3887584604031599,1998-1999-2000-2001-2002-2003-2004-2005-2006-2007-2008
Ansu Sesay,0.45971333549920995,0.07412641095693,0.38558692454228,1998-1999-2000-2001-2002-2003-2004-2005-2006-2007-2008
Andre Owens,0.28361899817957004,-0.10146997164918,0.38508896982875,1998-1999-2000-2001-2002-2003-2004-2005-2006-2007-2008
Jamaal Magloire,0.29948282890175004,-0.07523684595414,0.37471967485589003,1998-1999-2000-2001-2002-2003-2004-2005-2006-2007-2008
Anthony Carter,-0.43982464605225,-0.80822775440001,0.3684031083477601,1998-1999-2000-2001-2002-2003-2004-2005-2006-2007-2008
Dahntay Jones,0.35073464856322,-0.01567492880024,0.36640957736346,1998-1999-2000-2001-2002-2003-2004-2005-2006-2007-2008
Brian Shaw,0.31661279155464,-0.04116132662799,0.35777411818263,1998-1999-2000-2001-2002-2003-2004-2005-2006-2007-2008
Mahmoud Abdul-Rauf,-0.04957538089863,-0.40471564308689,0.35514026218826,1998-1999-2000-2001-2002-2003-2004-2005-2006-2007-2008
Scot Pollard,-0.44182683082461,-0.78685097781737,0.34502414699276,1998-1999-2000-2001-2002-2003-2004-2005-2006-2007-2008
Ha Ha,0.19180771605198998,-0.15036824210291,0.3421759581549,1998-1999-2000-2001-2002-2003-2004-2005-2006-2007-2008
Shandon Anderson,0.8260291108285901,0.48547869659104004,0.34055041423755006,1998-1999-2000-2001-2002-2003-2004-2005-2006-2007-2008
Daniel Santiago,0.14275702219368,-0.19400674762835,0.33676376982203,1998-1999-2000-2001-2002-2003-2004-2005-2006-2007-2008
Adrian Griffin,-0.21620679047674998,-0.55239402202033,0.33618723154358,1998-1999-2000-2001-2002-2003-2004-2005-2006-2007-2008
Mark Davis,-0.32580211614136,-0.65386276544251,0.32806064930115,1998-1999-2000-2001-2002-2003-2004-2005-2006-2007-2008
Travis Best,0.051004122183780004,-0.27672349541929,0.32772761760307,1998-1999-2000-2001-2002-2003-2004-2005-2006-2007-2008
Elton Brand,1.28903866539816,0.9648933392738399,0.32414532612432007,1998-1999-2000-2001-2002-2003-2004-2005-2006-2007-2008
Bobby Jones,0.43315477192925006,0.11072644039503,0.32242833153422,1998-1999-2000-2001-2002-2003-2004-2005-2006-2007-2008
Lou Amundson,0.11842383847656,-0.20047469416771,0.31889853264427004,1998-1999-2000-2001-2002-2003-2004-2005-2006-2007-2008
Toni Kukoc,0.58920539481426,0.27091813884148,0.31828725597278,1998-1999-2000-2001-2002-2003-2004-2005-2006-2007-2008
Duane Ferrell,-0.35773252705641,-0.67495326017692,0.31722073312051,1998-1999-2000-2001-2002-2003-2004-2005-2006-2007-2008
Muggsy Bogues,-0.34557570491522,-0.66206247542177,0.31648677050655,1998-1999-2000-2001-2002-2003-2004-2005-2006-2007-2008
David Wingate,-0.07501818400806,-0.39049850727353996,0.31548032326548,1998-1999-2000-2001-2002-2003-2004-2005-2006-2007-2008
Ruben Wolkowyski,-0.18872213719044,-0.49926942246,0.31054728526956,1998-1999-2000-2001-2002-2003-2004-2005-2006-2007-2008
Buck Williams,0.50576464392808,0.19602064579044998,0.30974399813763,1998-1999-2000-2001-2002-2003-2004-2005-2006-2007-2008
Devean George,-1.12310189436854,-1.42236972541307,0.29926783104453003,1998-1999-2000-2001-2002-2003-2004-2005-2006-2007-2008
Tracy McGrady,1.39567327077779,1.0966787574532602,0.2989945133245299,1998-1999-2000-2001-2002-2003-2004-2005-2006-2007-2008
Bill Wennington,-0.15607932066853,-0.45301285807013,0.2969335374016,1998-1999-2000-2001-2002-2003-2004-2005-2006-2007-2008
Trevor Ariza,-0.07228158440258001,-0.36911909367762,0.29683750927504,1998-1999-2000-2001-2002-2003-2004-2005-2006-2007-2008
William Cunningham,0.25002987861836,-0.040398531480340005,0.2904284100987,1998-1999-2000-2001-2002-2003-2004-2005-2006-2007-2008
George Lynch,-0.64282441469789,-0.9307342353442299,0.28790982064633996,1998-1999-2000-2001-2002-2003-2004-2005-2006-2007-2008
Tim James,0.10696775164023001,-0.178964138735,0.28593189037523,1998-1999-2000-2001-2002-2003-2004-2005-2006-2007-2008
James Augustine,0.26234350069087997,-0.02251780719277,0.28486130788364994,1998-1999-2000-2001-2002-2003-2004-2005-2006-2007-2008
Mark Jones,0.2979010491292,0.01965470564959,0.27824634347960997,1998-1999-2000-2001-2002-2003-2004-2005-2006-2007-2008
Allan Ray,-0.12620460482824,-0.39820134942409,0.27199674459585005,1998-1999-2000-2001-2002-2003-2004-2005-2006-2007-2008
Walter Herrmann,0.06444134612006,-0.20745396851165,0.27189531463170996,1998-1999-2000-2001-2002-2003-2004-2005-2006-2007-2008
Yao Ming,0.38971202452679,0.12402766614263,0.26568435838416,1998-1999-2000-2001-2002-2003-2004-2005-2006-2007-2008
John Starks,-0.15824831314747,-0.41823578940136,0.25998747625389,1998-1999-2000-2001-2002-2003-2004-2005-2006-2007-2008
Benoit Benjamin,-0.04696279695875,-0.29830550264426,0.25134270568551,1998-1999-2000-2001-2002-2003-2004-2005-2006-2007-2008
Eduardo Najera,0.35862767791547,0.11191989148451,0.24670778643096003,1998-1999-2000-2001-2002-2003-2004-2005-2006-2007-2008
David Lee,0.79809180965967,0.55215730811469,0.24593450154497992,1998-1999-2000-2001-2002-2003-2004-2005-2006-2007-2008
Sean Lampley,0.16146568575161,-0.0813005658818,0.24276625163341,1998-1999-2000-2001-2002-2003-2004-2005-2006-2007-2008
Willie Green,0.8951567299688599,0.65536643218186,0.2397902977869999,1998-1999-2000-2001-2002-2003-2004-2005-2006-2007-2008
Clyde Drexler,-0.36952348150707,-0.6092343178397001,0.23971083633263002,1998-1999-2000-2001-2002-2003-2004-2005-2006-2007-2008
Chris Whitney,0.2075531036147,-0.0318840362412,0.2394371398559,1998-1999-2000-2001-2002-2003-2004-2005-2006-2007-2008
Nikoloz Tskitishvili,0.1512650541926,-0.08745046102402,0.23871551521662,1998-1999-2000-2001-2002-2003-2004-2005-2006-2007-2008
Chucky Brown,0.9755331401331601,0.73744600222743,0.23808713790573008,1998-1999-2000-2001-2002-2003-2004-2005-2006-2007-2008
Quincy Lewis,-0.8088794360003,-1.04424344700501,0.23536401100471005,1998-1999-2000-2001-2002-2003-2004-2005-2006-2007-2008
Mitchell Butler,-0.002418959153054474,-0.23671574837706,0.23429678922400554,1998-1999-2000-2001-2002-2003-2004-2005-2006-2007-2008
Dwayne Schintzius,0.1254078510641,-0.10533426112552999,0.23074211218963,1998-1999-2000-2001-2002-2003-2004-2005-2006-2007-2008
Ledell Eackles,-0.015305325536640001,-0.24032256075022002,0.22501723521358,1998-1999-2000-2001-2002-2003-2004-2005-2006-2007-2008
Kyle Korver,0.7586339515076,0.5338827742454,0.2247511772622,1998-1999-2000-2001-2002-2003-2004-2005-2006-2007-2008
Marco Belinelli,0.3044213191856,0.07995605190055,0.22446526728504998,1998-1999-2000-2001-2002-2003-2004-2005-2006-2007-2008
Von Wafer,0.13078853104951,-0.09181241860063,0.22260094965014,1998-1999-2000-2001-2002-2003-2004-2005-2006-2007-2008
Josh Davis,-0.15813507385849002,-0.38014139429091004,0.22200632043242002,1998-1999-2000-2001-2002-2003-2004-2005-2006-2007-2008
DJ Mbenga,-0.48049870950258,-0.69726133528227,0.21676262577969,1998-1999-2000-2001-2002-2003-2004-2005-2006-2007-2008
Aaron Gray,0.30515555714748,0.08846581519842,0.21668974194906,1998-1999-2000-2001-2002-2003-2004-2005-2006-2007-2008
Charles Shackleford,-0.11717714810711,-0.325947227294,0.20877007918689,1998-1999-2000-2001-2002-2003-2004-2005-2006-2007-2008
Reggie Jordan,0.43991812526994994,0.23370363114148,0.20621449412846996,1998-1999-2000-2001-2002-2003-2004-2005-2006-2007-2008
Erik Daniels,0.0051823792306969485,-0.20097935170518,0.20616173093587695,1998-1999-2000-2001-2002-2003-2004-2005-2006-2007-2008
Kevin Burleson,-0.13591003674922,-0.34152110210083003,0.20561106535161,1998-1999-2000-2001-2002-2003-2004-2005-2006-2007-2008
Kenny Satterfield,0.21988661237189,0.015176843017809999,0.20470976935407997,1998-1999-2000-2001-2002-2003-2004-2005-2006-2007-2008
Ruben Boumtje-Boumtje,0.03509518096454,-0.16845479502789001,0.20354997599243002,1998-1999-2000-2001-2002-2003-2004-2005-2006-2007-2008
Marcus Haislip,0.08396150910125999,-0.11715433816427,0.20111584726553003,1998-1999-2000-2001-2002-2003-2004-2005-2006-2007-2008
Erick Dampier,0.4054380331453,0.20740806983147003,0.19802996331383,1998-1999-2000-2001-2002-2003-2004-2005-2006-2007-2008
Jerald Honeycutt,-0.15113157827085,-0.34720711350421,0.19607553523336,1998-1999-2000-2001-2002-2003-2004-2005-2006-2007-2008
Julian Wright,-0.04021497541195,-0.23235299130445003,0.1921380158925,1998-1999-2000-2001-2002-2003-2004-2005-2006-2007-2008
Chris Crawford,-0.2331794296991,-0.42429996047466,0.19112053077556002,1998-1999-2000-2001-2002-2003-2004-2005-2006-2007-2008
Mark Price,0.30636343728158,0.11831619499563001,0.18804724228595,1998-1999-2000-2001-2002-2003-2004-2005-2006-2007-2008
Gary Payton,-0.045574334952509996,-0.22924644595756,0.18367211100505,1998-1999-2000-2001-2002-2003-2004-2005-2006-2007-2008
Derrick Dial,0.021816339813420002,-0.15883971516765,0.18065605498107,1998-1999-2000-2001-2002-2003-2004-2005-2006-2007-2008
Nick Van Exel,1.78788013169408,1.61015716672317,0.17772296497091006,1998-1999-2000-2001-2002-2003-2004-2005-2006-2007-2008
Bryon Russell,0.30421596245,0.12670678659841,0.17750917585158998,1998-1999-2000-2001-2002-2003-2004-2005-2006-2007-2008
Jason Lawson,0.012476047531860001,-0.1640756760803,0.17655172361216,1998-1999-2000-2001-2002-2003-2004-2005-2006-2007-2008
Cedric Ceballos,0.3218302281463,0.14812093166646,0.17370929647984001,1998-1999-2000-2001-2002-2003-2004-2005-2006-2007-2008
Rodney Carney,0.34741690466634,0.17474494681806002,0.17267195784828002,1998-1999-2000-2001-2002-2003-2004-2005-2006-2007-2008
Yaroslav Korolev,-0.04798154637202,-0.21948258458614,0.17150103821412,1998-1999-2000-2001-2002-2003-2004-2005-2006-2007-2008
Channing Frye,0.39411275293686,0.22374111319839,0.17037163973847003,1998-1999-2000-2001-2002-2003-2004-2005-2006-2007-2008
Lynn Greer,0.20966570918928,0.040150461575669996,0.16951524761360998,1998-1999-2000-2001-2002-2003-2004-2005-2006-2007-2008
Popeye Jones,0.4975770171171,0.32806520378615,0.16951181333095,1998-1999-2000-2001-2002-2003-2004-2005-2006-2007-2008
Joe Johnson,0.5667383925316299,0.39813589887243,0.16860249365919996,1998-1999-2000-2001-2002-2003-2004-2005-2006-2007-2008
Primoz Brezec,-0.18042259278266,-0.34883137602523,0.16840878324257,1998-1999-2000-2001-2002-2003-2004-2005-2006-2007-2008
A.J. Guyton,0.026193900912260003,-0.14154672615788,0.16774062707013998,1998-1999-2000-2001-2002-2003-2004-2005-2006-2007-2008
Junior Harrington,-0.06151214354277,-0.22598434669416,0.16447220315139,1998-1999-2000-2001-2002-2003-2004-2005-2006-2007-2008
Ben Davis,0.09051979387116,-0.07367885690845,0.16419865077961002,1998-1999-2000-2001-2002-2003-2004-2005-2006-2007-2008
Kendall Gill,1.57765910034193,1.4141357199747602,0.16352338036716985,1998-1999-2000-2001-2002-2003-2004-2005-2006-2007-2008
Mardy Collins,0.43602304431834005,0.27270857475382,0.16331446956452003,1998-1999-2000-2001-2002-2003-2004-2005-2006-2007-2008
Doug West,0.43450774502043,0.27288344491475,0.16162430010568002,1998-1999-2000-2001-2002-2003-2004-2005-2006-2007-2008
Jason Terry,1.53596154444951,1.37745487866324,0.15850666578627015,1998-1999-2000-2001-2002-2003-2004-2005-2006-2007-2008
Ime Udoka,-0.6474359294503099,-0.80558653900091,0.15815060955060006,1998-1999-2000-2001-2002-2003-2004-2005-2006-2007-2008
Leon Smith,0.18449311717862,0.02656462328,0.15792849389862001,1998-1999-2000-2001-2002-2003-2004-2005-2006-2007-2008
Brandon Armstrong,-0.09966417972888,-0.25747355981687997,0.157809380088,1998-1999-2000-2001-2002-2003-2004-2005-2006-2007-2008
Jayson Williams,0.22830598793200998,0.07260700692907,0.15569898100294,1998-1999-2000-2001-2002-2003-2004-2005-2006-2007-2008
Kirk Hinrich,0.8349676365720401,0.68093592284135,0.15403171373069005,1998-1999-2000-2001-2002-2003-2004-2005-2006-2007-2008
Chris Mihm,0.43533349456912,0.2813732630618,0.15396023150732002,1998-1999-2000-2001-2002-2003-2004-2005-2006-2007-2008
Chris Owens,0.21201004489908,0.05930714460337,0.15270290029571,1998-1999-2000-2001-2002-2003-2004-2005-2006-2007-2008
Rick Fox,0.02164186035689,-0.13105091582009998,0.15269277617699,1998-1999-2000-2001-2002-2003-2004-2005-2006-2007-2008
Robert Swift,0.08804483107158,-0.06074342529798,0.14878825636956,1998-1999-2000-2001-2002-2003-2004-2005-2006-2007-2008
Monty Williams,0.14961135264538,0.0033937672801367365,0.14621758536524326,1998-1999-2000-2001-2002-2003-2004-2005-2006-2007-2008
Stephane Lasme,0.32964056985293,0.18567144542813,0.1439691244248,1998-1999-2000-2001-2002-2003-2004-2005-2006-2007-2008
Yakhouba Diawara,0.08130238890566,-0.06016234826938,0.14146473717504,1998-1999-2000-2001-2002-2003-2004-2005-2006-2007-2008
Shelden Williams,0.67697886408686,0.53908111885896,0.1378977452279,1998-1999-2000-2001-2002-2003-2004-2005-2006-2007-2008
Vladimir Stepania,-0.04988341621901,-0.18540476012692,0.13552134390790999,1998-1999-2000-2001-2002-2003-2004-2005-2006-2007-2008
Richie Frahm,-0.24415161776208,-0.37931212729705,0.13516050953497,1998-1999-2000-2001-2002-2003-2004-2005-2006-2007-2008
Antonio Lang,0.11995650779044001,-0.014384979622780002,0.13434148741322,1998-1999-2000-2001-2002-2003-2004-2005-2006-2007-2008
Rodney Buford,-0.41750391587118,-0.5499484787726401,0.13244456290146003,1998-1999-2000-2001-2002-2003-2004-2005-2006-2007-2008
Mario Kasun,0.110141434992,-0.01877996655346,0.12892140154546003,1998-1999-2000-2001-2002-2003-2004-2005-2006-2007-2008
Jeff Grayer,-0.08288324880971,-0.21019296779774002,0.12730971898803004,1998-1999-2000-2001-2002-2003-2004-2005-2006-2007-2008
Quinton Ross,1.1445236333108901,1.021038409352,0.12348522395889006,1998-1999-2000-2001-2002-2003-2004-2005-2006-2007-2008
Chris Wilcox,0.39017996623775003,0.26742754586365997,0.12275242037409002,1998-1999-2000-2001-2002-2003-2004-2005-2006-2007-2008
Ruben Patterson,1.2396653561620201,1.11733815003182,0.1223272061302001,1998-1999-2000-2001-2002-2003-2004-2005-2006-2007-2008
Sean Elliott,-0.9685094148157001,-1.09024032180363,0.12173090698793,1998-1999-2000-2001-2002-2003-2004-2005-2006-2007-2008
Bobby Hurley,0.08357090485403,-0.03805825083635,0.12162915569037999,1998-1999-2000-2001-2002-2003-2004-2005-2006-2007-2008
Dennis Scott,0.3708078165803,0.25026223699003,0.12054557959026999,1998-1999-2000-2001-2002-2003-2004-2005-2006-2007-2008
Donta Smith,-0.33605391938725,-0.45608054623153,0.12002662684427999,1998-1999-2000-2001-2002-2003-2004-2005-2006-2007-2008
Chuck Person,0.20155212605081999,0.0830589833632,0.11849314268762,1998-1999-2000-2001-2002-2003-2004-2005-2006-2007-2008
Lawrence Roberts,-0.07768044246717999,-0.19566416395866998,0.11798372149148999,1998-1999-2000-2001-2002-2003-2004-2005-2006-2007-2008
Sasha Pavlovic,0.35502663665211004,0.23876243278917,0.11626420386294002,1998-1999-2000-2001-2002-2003-2004-2005-2006-2007-2008
Arvydas Macijauskas,0.22587982960470998,0.11031432027819,0.11556550932651999,1998-1999-2000-2001-2002-2003-2004-2005-2006-2007-2008
Terry Davis,-0.35703363996955,-0.47135725098085,0.11432361101130001,1998-1999-2000-2001-2002-2003-2004-2005-2006-2007-2008
Steve Kerr,0.23059758251334,0.11672129390095001,0.11387628861238999,1998-1999-2000-2001-2002-2003-2004-2005-2006-2007-2008
Marko Milic,0.25379300893222,0.14043784232505,0.11335516660717002,1998-1999-2000-2001-2002-2003-2004-2005-2006-2007-2008
Tim Young,-0.09519801575226,-0.2042893029358,0.10909128718354003,1998-1999-2000-2001-2002-2003-2004-2005-2006-2007-2008
Kebu Stewart,-0.017322065755580002,-0.1256575080536,0.10833544229802,1998-1999-2000-2001-2002-2003-2004-2005-2006-2007-2008
Jeryl Sasser,-0.4794244376319,-0.58594461649592,0.10652017886402,1998-1999-2000-2001-2002-2003-2004-2005-2006-2007-2008
Carlos Boozer,1.27789561781487,1.1727346946916,0.10516092312327,1998-1999-2000-2001-2002-2003-2004-2005-2006-2007-2008
Joel Anthony,0.11163245833280999,0.00688209925135664,0.10475035908145336,1998-1999-2000-2001-2002-2003-2004-2005-2006-2007-2008
Brandon Roy,0.10832682054016,0.003860260689806981,0.10446655985035304,1998-1999-2000-2001-2002-2003-2004-2005-2006-2007-2008
Luther Head,-0.6577248041431301,-0.7615800826136699,0.10385527847053995,1998-1999-2000-2001-2002-2003-2004-2005-2006-2007-2008
Alan Anderson,-0.33643503982281003,-0.43849446284778004,0.10205942302497001,1998-1999-2000-2001-2002-2003-2004-2005-2006-2007-2008
Pavel Podkolzin,-0.28990647944358,-0.3904274940287,0.10052101458511999,1998-1999-2000-2001-2002-2003-2004-2005-2006-2007-2008
Wang Zhi-zhi,-0.09333289189177,-0.19244229104017,0.09910939914840002,1998-1999-2000-2001-2002-2003-2004-2005-2006-2007-2008
Anthony Avent,0.0625609556836,-0.03278404583013,0.09534500151373,1998-1999-2000-2001-2002-2003-2004-2005-2006-2007-2008
Jamison Brewer,0.02348055537655,-0.07114437910221,0.09462493447876,1998-1999-2000-2001-2002-2003-2004-2005-2006-2007-2008
Kerry Kittles,-0.06069846362303,-0.1529405452495,0.09224208162647,1998-1999-2000-2001-2002-2003-2004-2005-2006-2007-2008
Jeff Sheppard,0.08402615613582,-0.0059769529437590525,0.09000310907957905,1998-1999-2000-2001-2002-2003-2004-2005-2006-2007-2008
Harold Jamison,0.18543263990955,0.09797783705359,0.08745480285596,1998-1999-2000-2001-2002-2003-2004-2005-2006-2007-2008
Jameer Nelson,0.99523984891218,0.90863325149713,0.0866065974150499,1998-1999-2000-2001-2002-2003-2004-2005-2006-2007-2008
Theo Ratliff,-0.95817036250819,-1.04405699967366,0.08588663716546999,1998-1999-2000-2001-2002-2003-2004-2005-2006-2007-2008
Grant Long,-1.10953486614831,-1.19450033172274,0.08496546557442991,1998-1999-2000-2001-2002-2003-2004-2005-2006-2007-2008
Ricky Pierce,0.10333356428389999,0.01909259960967,0.08424096467422999,1998-1999-2000-2001-2002-2003-2004-2005-2006-2007-2008
Acie Law,-0.08371318806996,-0.16714651566326,0.0834333275933,1998-1999-2000-2001-2002-2003-2004-2005-2006-2007-2008
Luc Longley,-0.34577061280756,-0.42919911148752,0.08342849867995997,1998-1999-2000-2001-2002-2003-2004-2005-2006-2007-2008
Donald Royal,-0.45871379523795,-0.54090875163083,0.08219495639288002,1998-1999-2000-2001-2002-2003-2004-2005-2006-2007-2008
Gerald Madkins,-0.07129007004285,-0.1488957857897,0.07760571574684999,1998-1999-2000-2001-2002-2003-2004-2005-2006-2007-2008
Marko Jaric,0.06544030327758,-0.01095783261803,0.07639813589561001,1998-1999-2000-2001-2002-2003-2004-2005-2006-2007-2008
Horacio Llamas,0.12085807869695,0.04460144304639,0.07625663565056001,1998-1999-2000-2001-2002-2003-2004-2005-2006-2007-2008
Nate Robinson,0.66437081634506,0.58849850667284,0.07587230967221999,1998-1999-2000-2001-2002-2003-2004-2005-2006-2007-2008
David Noel,0.20026091795932,0.124660084814,0.07560083314532,1998-1999-2000-2001-2002-2003-2004-2005-2006-2007-2008
JJ Redick,0.19160595263432,0.11764480161976999,0.07396115101455002,1998-1999-2000-2001-2002-2003-2004-2005-2006-2007-2008
Beno Udrih,-0.63394087766972,-0.70673824456521,0.07279736689548999,1998-1999-2000-2001-2002-2003-2004-2005-2006-2007-2008
Charles Jones,0.11063823797187,0.04295985667902,0.06767838129284999,1998-1999-2000-2001-2002-2003-2004-2005-2006-2007-2008
Luke Walton,0.7252882122347499,0.66051616281321,0.06477204942153995,1998-1999-2000-2001-2002-2003-2004-2005-2006-2007-2008
Paul Grant,-0.04543224622272,-0.10634047497162,0.0609082287489,1998-1999-2000-2001-2002-2003-2004-2005-2006-2007-2008
Anthony Bowie,0.06762032302876,0.009215421522153483,0.058404901506606516,1998-1999-2000-2001-2002-2003-2004-2005-2006-2007-2008
Alton Ford,-0.12679835441666001,-0.18274532546341,0.05594697104674999,1998-1999-2000-2001-2002-2003-2004-2005-2006-2007-2008
Shavlik Randolph,0.08548196987282,0.031135815172390002,0.05434615470043,1998-1999-2000-2001-2002-2003-2004-2005-2006-2007-2008
Jason Smith,0.46391438353405995,0.41028172683079,0.05363265670326996,1998-1999-2000-2001-2002-2003-2004-2005-2006-2007-2008
Joe Crispin,-0.11018625031275,-0.16310202779069,0.05291577747793998,1998-1999-2000-2001-2002-2003-2004-2005-2006-2007-2008
Mario West,0.01995608822505,-0.03210083889478,0.052056927119829996,1998-1999-2000-2001-2002-2003-2004-2005-2006-2007-2008
Carmelo Anthony,0.0810686291278,0.0292128767915,0.05185575233630001,1998-1999-2000-2001-2002-2003-2004-2005-2006-2007-2008
Keon Clark,0.29105264568271,0.23934741686762,0.05170522881508999,1998-1999-2000-2001-2002-2003-2004-2005-2006-2007-2008
Ricky Davis,0.78882466638016,0.73913782541995,0.04968684096021006,1998-1999-2000-2001-2002-2003-2004-2005-2006-2007-2008
Tyrone Corbin,0.11888944399921,0.06956737946747,0.049322064531740005,1998-1999-2000-2001-2002-2003-2004-2005-2006-2007-2008
Rex Chapman,0.46665845207380996,0.41965652340914,0.04700192866466998,1998-1999-2000-2001-2002-2003-2004-2005-2006-2007-2008
Etdrick Bohannon,0.1328143302958,0.08658792122362001,0.046226409072179994,1998-1999-2000-2001-2002-2003-2004-2005-2006-2007-2008
Adam Harrington,0.31333591446049003,0.26865204790938,0.044683866551109994,1998-1999-2000-2001-2002-2003-2004-2005-2006-2007-2008
Demetris Nichols,-0.05000853454537,-0.09455200439299,0.044543469847620004,1998-1999-2000-2001-2002-2003-2004-2005-2006-2007-2008
John Edwards,0.08560877686115,0.04111473024305,0.0444940466181,1998-1999-2000-2001-2002-2003-2004-2005-2006-2007-2008
Kelly McCarty,-0.06832104523644,-0.11264030668974,0.04431926145329999,1998-1999-2000-2001-2002-2003-2004-2005-2006-2007-2008
Derek Strong,-0.1553786356154,-0.19653719111604,0.041158555500640015,1998-1999-2000-2001-2002-2003-2004-2005-2006-2007-2008
Darko Milicic,-0.12104534020792,-0.16151187996337998,0.040466539755459996,1998-1999-2000-2001-2002-2003-2004-2005-2006-2007-2008
Ivano Newbill,-0.14631221979123,-0.18226799058416002,0.03595577079293002,1998-1999-2000-2001-2002-2003-2004-2005-2006-2007-2008
Obinna Ekezie,-0.26272505107051,-0.29649906168240003,0.03377401061189001,1998-1999-2000-2001-2002-2003-2004-2005-2006-2007-2008
Kevin Edwards,0.0,-0.03310471222524,0.03310471222524,1998-1999-2000-2001-2002-2003-2004-2005-2006-2007-2008
Alvin Williams,-0.34587530363497,-0.37794747663265005,0.03207217299768003,1998-1999-2000-2001-2002-2003-2004-2005-2006-2007-2008
Carl Landry,-0.62619993407102,-0.6582639519779,0.03206401790687993,1998-1999-2000-2001-2002-2003-2004-2005-2006-2007-2008
Lionel Chalmers,-0.07751714621030001,-0.10775482067289001,0.030237674462590004,1998-1999-2000-2001-2002-2003-2004-2005-2006-2007-2008
Randy Foye,0.65771539676154,0.62952221579981,0.028193180961729944,1998-1999-2000-2001-2002-2003-2004-2005-2006-2007-2008
Reggie Hanson,0.02756625271166,-0.0003311190666315663,0.02789737177829157,1998-1999-2000-2001-2002-2003-2004-2005-2006-2007-2008
Josh McRoberts,-0.015286572172280001,-0.040235424254439996,0.02494885208216,1998-1999-2000-2001-2002-2003-2004-2005-2006-2007-2008
Alexander Johnson,0.11239786899991,0.08751539017214,0.02488247882777001,1998-1999-2000-2001-2002-2003-2004-2005-2006-2007-2008
Erick Barkley,0.15773558421158998,0.13402118205712998,0.02371440215446,1998-1999-2000-2001-2002-2003-2004-2005-2006-2007-2008
Priest Lauderdale,-0.27488296516092997,-0.29647520351706,0.021592238356130024,1998-1999-2000-2001-2002-2003-2004-2005-2006-2007-2008
Jamie Feick,1.1670908614720799,1.14613715599185,0.020953705480229907,1998-1999-2000-2001-2002-2003-2004-2005-2006-2007-2008
Elden Campbell,-1.12652060800297,-1.1466675301004399,0.02014692209746996,1998-1999-2000-2001-2002-2003-2004-2005-2006-2007-2008
Andrew DeClercq,-1.02725758077009,-1.04586271995547,0.018605139185380072,1998-1999-2000-2001-2002-2003-2004-2005-2006-2007-2008
Billy Thomas,0.2020341696747,0.18357752333184998,0.018456646342850016,1998-1999-2000-2001-2002-2003-2004-2005-2006-2007-2008
Kendrick Perkins,-1.51646734076595,-1.52526216585182,0.008794825085869928,1998-1999-2000-2001-2002-2003-2004-2005-2006-2007-2008
Norman Richardson,0.07520414268116,0.06663142839859,0.00857271428257,1998-1999-2000-2001-2002-2003-2004-2005-2006-2007-2008
Pepe Sanchez,-0.09597426803557,-0.10037236177115,0.004398093735579997,1998-1999-2000-2001-2002-2003-2004-2005-2006-2007-2008
Gheorghe Muresan,-0.37187115553703,-0.37511927951724,0.0032481239802100055,1998-1999-2000-2001-2002-2003-2004-2005-2006-2007-2008
Jack Haley,0.12037588535162001,0.11990911344479001,0.0004667719068299995,1998-1999-2000-2001-2002-2003-2004-2005-2006-2007-2008
Keith Closs,-0.20104003600394998,-0.20132959832488997,0.0002895623209400039,1998-1999-2000-2001-2002-2003-2004-2005-2006-2007-2008
Darius Songaila,0.20810315700621998,0.20869745880413,-0.0005943017979099987,1998-1999-2000-2001-2002-2003-2004-2005-2006-2007-2008
Toby Bailey,-0.38613015801912,-0.3839281274124,-0.0022020306067199995,1998-1999-2000-2001-2002-2003-2004-2005-2006-2007-2008
Vassilis Spanoulis,-0.04338150823555,-0.04002375312168,-0.003357755113870002,1998-1999-2000-2001-2002-2003-2004-2005-2006-2007-2008
Sebastian Telfair,-0.33838909526072,-0.33433253496985,-0.004056560290869975,1998-1999-2000-2001-2002-2003-2004-2005-2006-2007-2008
Rod Strickland,0.11530975020161,0.11957283814078999,-0.004263087939179993,1998-1999-2000-2001-2002-2003-2004-2005-2006-2007-2008
Ramon Sessions,-0.20676538025097999,-0.20132818057805998,-0.005437199672920015,1998-1999-2000-2001-2002-2003-2004-2005-2006-2007-2008
Will Conroy,-0.07834116844534,-0.0724027929238,-0.005938375521539996,1998-1999-2000-2001-2002-2003-2004-2005-2006-2007-2008
Travis Williams,-0.11086429073652,-0.10341583302738,-0.007448457709140015,1998-1999-2000-2001-2002-2003-2004-2005-2006-2007-2008
Greg Minor,0.2804968974211,0.28798698002998,-0.007490082608879994,1998-1999-2000-2001-2002-2003-2004-2005-2006-2007-2008
Andre Barrett,0.33536935357279,0.34290704204685996,-0.00753768847406998,1998-1999-2000-2001-2002-2003-2004-2005-2006-2007-2008
Udonis Haslem,-0.46330251196831995,-0.45471777259004,-0.008584739378279978,1998-1999-2000-2001-2002-2003-2004-2005-2006-2007-2008
Danny Manning,0.04690057949581,0.05610422745874,-0.009203647962930002,1998-1999-2000-2001-2002-2003-2004-2005-2006-2007-2008
Khalid Reeves,-0.11429192993243,-0.10484708912875002,-0.00944484080367999,1998-1999-2000-2001-2002-2003-2004-2005-2006-2007-2008
Chris Richard,-0.04933331539121,-0.03988410170829,-0.009449213682919993,1998-1999-2000-2001-2002-2003-2004-2005-2006-2007-2008
Evan Eschmeyer,-0.3733950955397,-0.3625188554278,-0.010876240111900009,1998-1999-2000-2001-2002-2003-2004-2005-2006-2007-2008
Hanno Mottola,-0.24002416748013,-0.22623402409208998,-0.01379014338804001,1998-1999-2000-2001-2002-2003-2004-2005-2006-2007-2008
Steve Goodrich,-0.18259307489134,-0.16577712794073,-0.01681594695061,1998-1999-2000-2001-2002-2003-2004-2005-2006-2007-2008
Linas Kleiza,0.03677595739057,0.05674911577369,-0.01997315838312,1998-1999-2000-2001-2002-2003-2004-2005-2006-2007-2008
Sean Colson,-0.1386736263587,-0.11853847891419,-0.020135147444509997,1998-1999-2000-2001-2002-2003-2004-2005-2006-2007-2008
Antonis Fotsis,-0.19627822770858003,-0.17478009778469,-0.02149812992389003,1998-1999-2000-2001-2002-2003-2004-2005-2006-2007-2008
Dominique Wilkins,-0.07948530844736,-0.05783587184078,-0.02164943660658,1998-1999-2000-2001-2002-2003-2004-2005-2006-2007-2008
Tremaine Fowlkes,0.052332577609049996,0.07537146037763,-0.02303888276858,1998-1999-2000-2001-2002-2003-2004-2005-2006-2007-2008
Salim Stoudamire,0.14943198932718002,0.17345619467191,-0.024024205344729987,1998-1999-2000-2001-2002-2003-2004-2005-2006-2007-2008
Anthony Roberson,-0.08025897336724,-0.055976084050880004,-0.02428288931636,1998-1999-2000-2001-2002-2003-2004-2005-2006-2007-2008
Nick Anderson,0.6861855554442601,0.7117463320533001,-0.025560776609040003,1998-1999-2000-2001-2002-2003-2004-2005-2006-2007-2008
Josh Childress,0.70330309098955,0.730449919623,-0.02714682863344999,1998-1999-2000-2001-2002-2003-2004-2005-2006-2007-2008
Jeremy Richardson,0.040522553892470004,0.07041644216344,-0.02989388827097,1998-1999-2000-2001-2002-2003-2004-2005-2006-2007-2008
Shannon Brown,0.0,0.03088821318245,-0.03088821318245,1998-1999-2000-2001-2002-2003-2004-2005-2006-2007-2008
James Collins,-0.03238743451443,0.0,-0.03238743451443,1998-1999-2000-2001-2002-2003-2004-2005-2006-2007-2008
Harold Ellis,0.0011827148696994725,0.03788000681733,-0.03669729194763053,1998-1999-2000-2001-2002-2003-2004-2005-2006-2007-2008
Harvey Grant,-0.29371503585004,-0.25669682050595,-0.037018215344089986,1998-1999-2000-2001-2002-2003-2004-2005-2006-2007-2008
Jermareo Davidson,-0.11770470375242,-0.07885453559648001,-0.038850168155939994,1998-1999-2000-2001-2002-2003-2004-2005-2006-2007-2008
Awvee Storey,-0.39629384108554,-0.35723498769933,-0.03905885338621003,1998-1999-2000-2001-2002-2003-2004-2005-2006-2007-2008
Erick Strickland,0.53977265509205,0.5823531829405,-0.04258052784845007,1998-1999-2000-2001-2002-2003-2004-2005-2006-2007-2008
Ira Bowman,-0.04342957985576,0.006594578736820893,-0.0500241585925809,1998-1999-2000-2001-2002-2003-2004-2005-2006-2007-2008
Efthimios Rentzias,0.0014257326616515166,0.05145410891732,-0.05002837625566849,1998-1999-2000-2001-2002-2003-2004-2005-2006-2007-2008
Pops Mensah-Bonsu,0.028691330099459997,0.07898781155326,-0.0502964814538,1998-1999-2000-2001-2002-2003-2004-2005-2006-2007-2008
Alando Tucker,-0.10083313812266001,-0.04626581226698,-0.05456732585568001,1998-1999-2000-2001-2002-2003-2004-2005-2006-2007-2008
Corey Brewer,-0.007609901839492098,0.04904838113598,-0.05665828297547209,1998-1999-2000-2001-2002-2003-2004-2005-2006-2007-2008
Luis Scola,-0.40169028650269,-0.34497919929777,-0.05671108720492002,1998-1999-2000-2001-2002-2003-2004-2005-2006-2007-2008
Jabari Smith,0.40444606150394,0.46124501112813,-0.056798949624189965,1998-1999-2000-2001-2002-2003-2004-2005-2006-2007-2008
Victor Alexander,-0.005444745472410457,0.053891627073489996,-0.059336372545900455,1998-1999-2000-2001-2002-2003-2004-2005-2006-2007-2008
Donnell Harvey,-0.06430677541516,-0.001703684249301544,-0.06260309116585845,1998-1999-2000-2001-2002-2003-2004-2005-2006-2007-2008
Spencer Hawes,0.09807646158222999,0.16134329248908,-0.06326683090685001,1998-1999-2000-2001-2002-2003-2004-2005-2006-2007-2008
Adam Morrison,-0.004100276855309758,0.06619962880612999,-0.07029990566143976,1998-1999-2000-2001-2002-2003-2004-2005-2006-2007-2008
Antonio Harvey,-0.02685823713279,0.04404194160531,-0.0709001787381,1998-1999-2000-2001-2002-2003-2004-2005-2006-2007-2008
Olden Polynice,0.7730103540826,0.8474522120822,-0.07444185799960001,1998-1999-2000-2001-2002-2003-2004-2005-2006-2007-2008
Gabe Pruitt,0.06946663052534,0.14480533889109998,-0.07533870836576,1998-1999-2000-2001-2002-2003-2004-2005-2006-2007-2008
Hubert Davis,0.6664066555656499,0.7421483938990501,-0.07574173833340006,1998-1999-2000-2001-2002-2003-2004-2005-2006-2007-2008
Joe Stephens,0.04460144304639,0.12085807869695,-0.07625663565056001,1998-1999-2000-2001-2002-2003-2004-2005-2006-2007-2008
Esteban Batista,-0.20236437487789,-0.1195570822313,-0.08280729264659,1998-1999-2000-2001-2002-2003-2004-2005-2006-2007-2008
Tyrone Nesby,0.86301402531305,0.9487301935205601,-0.08571616820750999,1998-1999-2000-2001-2002-2003-2004-2005-2006-2007-2008
Negele Knight,0.08982454990182,0.17826932168532,-0.0884447717835,1998-1999-2000-2001-2002-2003-2004-2005-2006-2007-2008
Dan Gadzuric,-0.44909123415827,-0.35857500702908995,-0.09051622712918003,1998-1999-2000-2001-2002-2003-2004-2005-2006-2007-2008
Mario Bennett,-0.06014561594763,0.03374580205501,-0.09389141800263999,1998-1999-2000-2001-2002-2003-2004-2005-2006-2007-2008
Tracy Murray,-0.14238038698117,-0.048099543530209996,-0.09428084345096,1998-1999-2000-2001-2002-2003-2004-2005-2006-2007-2008
Lavor Postell,0.04788556222481,0.142746331521,-0.09486076929619,1998-1999-2000-2001-2002-2003-2004-2005-2006-2007-2008
Mark Hendrickson,-0.04657571163424,0.048610104763999996,-0.09518581639824,1998-1999-2000-2001-2002-2003-2004-2005-2006-2007-2008
Chris Dudley,-0.9152503172651301,-0.81966048745167,-0.09558982981346005,1998-1999-2000-2001-2002-2003-2004-2005-2006-2007-2008
Kirk Haston,0.036153238215,0.13366855688127,-0.09751531866627001,1998-1999-2000-2001-2002-2003-2004-2005-2006-2007-2008
Jamario Moon,-0.25612050123281,-0.15753275218526,-0.09858774904754998,1998-1999-2000-2001-2002-2003-2004-2005-2006-2007-2008
Stephon Marbury,1.1896464744042201,1.28847662048252,-0.09883014607830007,1998-1999-2000-2001-2002-2003-2004-2005-2006-2007-2008
Gerald Wallace,-0.72111194151347,-0.62003499218532,-0.10107694932815006,1998-1999-2000-2001-2002-2003-2004-2005-2006-2007-2008
Fred Vinson,-0.13283578067551,-0.0315526717687,-0.10128310890681001,1998-1999-2000-2001-2002-2003-2004-2005-2006-2007-2008
Bubba Wells,-0.0021705521324313147,0.10126218549826,-0.1034327376306913,1998-1999-2000-2001-2002-2003-2004-2005-2006-2007-2008
Kevin Ollie,-0.7822841538130599,-0.67719367097869,-0.10509048283436992,1998-1999-2000-2001-2002-2003-2004-2005-2006-2007-2008
Andrae Patterson,-0.77886402814814,-0.67367880949588,-0.10518521865226002,1998-1999-2000-2001-2002-2003-2004-2005-2006-2007-2008
Jonathan Bender,-0.69874242552976,-0.59012665059638,-0.10861577493337998,1998-1999-2000-2001-2002-2003-2004-2005-2006-2007-2008
Maurice Carter,-0.07086063549448,0.03778587167544,-0.10864650716992,1998-1999-2000-2001-2002-2003-2004-2005-2006-2007-2008
Mike Hall,-0.1289581732004,-0.01832202416922,-0.11063614903117999,1998-1999-2000-2001-2002-2003-2004-2005-2006-2007-2008
Chris Quinn,-0.00020771578585297379,0.11216927952962001,-0.11237699531547297,1998-1999-2000-2001-2002-2003-2004-2005-2006-2007-2008
Torraye Braggs,-0.11925220979668999,-0.0058899282044356386,-0.11336228159225434,1998-1999-2000-2001-2002-2003-2004-2005-2006-2007-2008
Stojko Vrankovic,0.03683748865369,0.15162000397278,-0.11478251531908999,1998-1999-2000-2001-2002-2003-2004-2005-2006-2007-2008
Jackson Vroman,0.027274482422489997,0.14255323494481,-0.11527875252231999,1998-1999-2000-2001-2002-2003-2004-2005-2006-2007-2008
Greg Ostertag,-0.90773987036635,-0.79012629334843,-0.11761357701792,1998-1999-2000-2001-2002-2003-2004-2005-2006-2007-2008
Loren Meyer,-0.14177404242753,-0.02398520497105,-0.11778883745648,1998-1999-2000-2001-2002-2003-2004-2005-2006-2007-2008
Dorell Wright,-0.36331846099999,-0.24303822395426003,-0.12028023704572996,1998-1999-2000-2001-2002-2003-2004-2005-2006-2007-2008
Kasib Powell,0.21518781856616,0.33570128819262,-0.12051346962645998,1998-1999-2000-2001-2002-2003-2004-2005-2006-2007-2008
Ken Johnson,0.08568613137795,0.20634257383636,-0.12065644245841001,1998-1999-2000-2001-2002-2003-2004-2005-2006-2007-2008
Charles Smith,-0.86973016069737,-0.74750896070892,-0.12222119998844998,1998-1999-2000-2001-2002-2003-2004-2005-2006-2007-2008
Brian Evans,-0.0335304083373,0.08938254220789,-0.12291295054519,1998-1999-2000-2001-2002-2003-2004-2005-2006-2007-2008
Hersey Hawkins,0.87474895050492,0.99871466953548,-0.12396571903056011,1998-1999-2000-2001-2002-2003-2004-2005-2006-2007-2008
Eddie Robinson,0.2812403069326,0.40533281019789,-0.12409250326529003,1998-1999-2000-2001-2002-2003-2004-2005-2006-2007-2008
Carlos Rogers,-0.002940453039671842,0.12396705658512001,-0.12690750962479183,1998-1999-2000-2001-2002-2003-2004-2005-2006-2007-2008
David Vanterpool,0.01705580221025,0.14862290610935,-0.13156710389909998,1998-1999-2000-2001-2002-2003-2004-2005-2006-2007-2008
Makhtar N'diaye,0.13298079264361,0.26663402762530997,-0.13365323498169998,1998-1999-2000-2001-2002-2003-2004-2005-2006-2007-2008
Coby Karl,-0.10642519091653,0.028003493575709998,-0.13442868449224,1998-1999-2000-2001-2002-2003-2004-2005-2006-2007-2008
Rony Seikaly,0.10510388545582,0.24336102168742002,-0.13825713623160002,1998-1999-2000-2001-2002-2003-2004-2005-2006-2007-2008
Anthony Grundy,0.10826430916488,0.24746583523170002,-0.13920152606682,1998-1999-2000-2001-2002-2003-2004-2005-2006-2007-2008
Brent Price,-0.17098050248363,-0.03092822199087,-0.14005228049275997,1998-1999-2000-2001-2002-2003-2004-2005-2006-2007-2008
DJ Strawberry,-0.32162510239171,-0.1770475031667,-0.14457759922500998,1998-1999-2000-2001-2002-2003-2004-2005-2006-2007-2008
Jackie Butler,0.05529236526349,0.20167254314041,-0.14638017787692,1998-1999-2000-2001-2002-2003-2004-2005-2006-2007-2008
Vinny Del Negro,-0.896217162346,-0.74905423482524,-0.14716292752076002,1998-1999-2000-2001-2002-2003-2004-2005-2006-2007-2008
Larry Hughes,-0.60059092991509,-0.45179009429186,-0.14880083562322996,1998-1999-2000-2001-2002-2003-2004-2005-2006-2007-2008
Isaiah Rider,0.85010378199418,1.0009794093920599,-0.15087562739787996,1998-1999-2000-2001-2002-2003-2004-2005-2006-2007-2008
Tony Parker,1.2212776294377998,1.3759781681627499,-0.15470053872495004,1998-1999-2000-2001-2002-2003-2004-2005-2006-2007-2008
Bryce Drew,-1.00482313981522,-0.84930582263511,-0.15551731718010994,1998-1999-2000-2001-2002-2003-2004-2005-2006-2007-2008
Bryant Reeves,-0.5190922782544299,-0.36068217608703,-0.15841010216739998,1998-1999-2000-2001-2002-2003-2004-2005-2006-2007-2008
Keith Askins,-0.33308997129163,-0.17423761613046,-0.15885235516116997,1998-1999-2000-2001-2002-2003-2004-2005-2006-2007-2008
Chris Carr,-0.01636347679848,0.14395863108756002,-0.16032210788604,1998-1999-2000-2001-2002-2003-2004-2005-2006-2007-2008
Hakeem Olajuwon,-0.29018333348686,-0.12961208583907002,-0.16057124764778996,1998-1999-2000-2001-2002-2003-2004-2005-2006-2007-2008
Matt Bonner,-0.004912518399197105,0.1578909570736,-0.1628034754727971,1998-1999-2000-2001-2002-2003-2004-2005-2006-2007-2008
Nate McMillan,-0.54185756415318,-0.3778266564048,-0.16403090774838003,1998-1999-2000-2001-2002-2003-2004-2005-2006-2007-2008
Michael Finley,1.15070606583156,1.3173851497617701,-0.16667908393021014,1998-1999-2000-2001-2002-2003-2004-2005-2006-2007-2008
Lonny Baxter,0.050880023547029994,0.21780601538535999,-0.16692599183832998,1998-1999-2000-2001-2002-2003-2004-2005-2006-2007-2008
Rick Brunson,-0.13615043285417,0.03704762378747,-0.17319805664164,1998-1999-2000-2001-2002-2003-2004-2005-2006-2007-2008
Chris Mills,-0.7287955981448699,-0.54744990872392,-0.18134568942094997,1998-1999-2000-2001-2002-2003-2004-2005-2006-2007-2008
Zydrunas Ilgauskas,-0.39203998967938,-0.20874039255574997,-0.18329959712362998,1998-1999-2000-2001-2002-2003-2004-2005-2006-2007-2008
Glen Davis,0.32181260536033,0.50585833125308,-0.18404572589274998,1998-1999-2000-2001-2002-2003-2004-2005-2006-2007-2008
Mike Penberthy,-0.038372195683199994,0.14799945220598,-0.18637164788918,1998-1999-2000-2001-2002-2003-2004-2005-2006-2007-2008
C.J. Watson,-0.15454864134135,0.031932224669199996,-0.18648086601055,1998-1999-2000-2001-2002-2003-2004-2005-2006-2007-2008
Kedrick Brown,-0.32285150492602,-0.1343151770732,-0.18853632785282,1998-1999-2000-2001-2002-2003-2004-2005-2006-2007-2008
Jamal Sampson,-0.22067889228454,-0.03098606466535,-0.18969282761918999,1998-1999-2000-2001-2002-2003-2004-2005-2006-2007-2008
Dan Schayes,0.25089470774486,0.44127973834641004,-0.19038503060155001,1998-1999-2000-2001-2002-2003-2004-2005-2006-2007-2008
J.J. Barea,-0.38634073906444,-0.19468065348325,-0.19166008558119002,1998-1999-2000-2001-2002-2003-2004-2005-2006-2007-2008
Damir Markota,0.008801710589236435,0.20286131006924,-0.19405959948000356,1998-1999-2000-2001-2002-2003-2004-2005-2006-2007-2008
Ersan Ilyasova,-0.42406013341354,-0.22954375726017,-0.19451637615337,1998-1999-2000-2001-2002-2003-2004-2005-2006-2007-2008
Maceo Baston,0.19887898065479,0.39920868501241,-0.20032970435762001,1998-1999-2000-2001-2002-2003-2004-2005-2006-2007-2008
Rex Walters,0.34538942137865003,0.5532638868780401,-0.20787446549939004,1998-1999-2000-2001-2002-2003-2004-2005-2006-2007-2008
Billy Owens,-0.04736117544583,0.16179563004104,-0.20915680548687002,1998-1999-2000-2001-2002-2003-2004-2005-2006-2007-2008
Eric Riley,-0.73469988497508,-0.52364645325234,-0.21105343172273996,1998-1999-2000-2001-2002-2003-2004-2005-2006-2007-2008
Damon Stoudamire,1.7270876903828902,1.9382399121963,-0.21115222181340987,1998-1999-2000-2001-2002-2003-2004-2005-2006-2007-2008
Hakim Warrick,-0.39901573837883997,-0.18768280279722,-0.21133293558162,1998-1999-2000-2001-2002-2003-2004-2005-2006-2007-2008
Eddie Griffin,-0.78613611654726,-0.57453594336092,-0.21160017318634,1998-1999-2000-2001-2002-2003-2004-2005-2006-2007-2008
Robert Archibald,-0.38067266819597,-0.16513696156808,-0.21553570662789,1998-1999-2000-2001-2002-2003-2004-2005-2006-2007-2008
Dontae' Jones,-0.09430126045174,0.12357764214633,-0.21787890259807002,1998-1999-2000-2001-2002-2003-2004-2005-2006-2007-2008
Gerald Brown,-0.1884464021187,0.03450474075693,-0.22295114287563,1998-1999-2000-2001-2002-2003-2004-2005-2006-2007-2008
Kevin Johnson,-9.938495743172696e-06,0.22750993503519,-0.22751987353093317,1998-1999-2000-2001-2002-2003-2004-2005-2006-2007-2008
Rajon Rondo,-0.21512232061707,0.01511627777367,-0.23023859839074,1998-1999-2000-2001-2002-2003-2004-2005-2006-2007-2008
Gerald Wilkins,0.05204035099269,0.28512929440593,-0.23308894341324002,1998-1999-2000-2001-2002-2003-2004-2005-2006-2007-2008
Eric Murdock,-0.55205969253475,-0.31867148218333,-0.23338821035142002,1998-1999-2000-2001-2002-2003-2004-2005-2006-2007-2008
Anthony Goldwire,0.8205700968216101,1.0545589108956401,-0.23398881407402997,1998-1999-2000-2001-2002-2003-2004-2005-2006-2007-2008
Melvin Sanders,-0.16128147460304998,0.0745933072563,-0.23587478185934999,1998-1999-2000-2001-2002-2003-2004-2005-2006-2007-2008
Jamel Thomas,-0.35520106758475,-0.11907851136594,-0.23612255621880995,1998-1999-2000-2001-2002-2003-2004-2005-2006-2007-2008
Courtney Alexander,0.27841432365177,0.5196490301597501,-0.24123470650798,1998-1999-2000-2001-2002-2003-2004-2005-2006-2007-2008
Ryan Gomes,-0.17971382942226,0.06157291461303999,-0.2412867440353,1998-1999-2000-2001-2002-2003-2004-2005-2006-2007-2008
Bernard Robinson,-0.17606170897654,0.06737823420975,-0.24343994318628998,1998-1999-2000-2001-2002-2003-2004-2005-2006-2007-2008
Lee Nailon,0.41365508709883997,0.66176593790769,-0.24811085080885,1998-1999-2000-2001-2002-2003-2004-2005-2006-2007-2008
Antonio McDyess,-0.58828826831136,-0.33914823055679,-0.24914003775457003,1998-1999-2000-2001-2002-2003-2004-2005-2006-2007-2008
Mike Conley,0.03777703685687,0.28739550337845,-0.24961846652158,1998-1999-2000-2001-2002-2003-2004-2005-2006-2007-2008
Amal McCaskill,-0.30024962550887,-0.04911011159976,-0.25113951390911005,1998-1999-2000-2001-2002-2003-2004-2005-2006-2007-2008
Drew Gooden,-0.09153583566019001,0.1624370025711,-0.25397283823128997,1998-1999-2000-2001-2002-2003-2004-2005-2006-2007-2008
Reggie Slater,-0.39838656352815,-0.14246415038977,-0.25592241313838,1998-1999-2000-2001-2002-2003-2004-2005-2006-2007-2008
Ryan Humphrey,-0.51204343067165,-0.25556446605173,-0.25647896461992004,1998-1999-2000-2001-2002-2003-2004-2005-2006-2007-2008
Viktor Khryapa,-0.49686786743179995,-0.23771534819822002,-0.25915251923357996,1998-1999-2000-2001-2002-2003-2004-2005-2006-2007-2008
Sherman Douglas,1.08642304209162,1.3456579691303598,-0.2592349270387399,1998-1999-2000-2001-2002-2003-2004-2005-2006-2007-2008
Hassan Adams,-0.34572990687667,-0.08261441083004001,-0.26311549604663,1998-1999-2000-2001-2002-2003-2004-2005-2006-2007-2008
Noel Felix,-0.27460226240898,-0.008348797448665988,-0.26625346496031405,1998-1999-2000-2001-2002-2003-2004-2005-2006-2007-2008
Emeka Okafor,-0.22536668063347998,0.04168373662249,-0.26705041725597,1998-1999-2000-2001-2002-2003-2004-2005-2006-2007-2008
Joseph Forte,-0.2445725636684,0.024385198182660002,-0.26895776185105996,1998-1999-2000-2001-2002-2003-2004-2005-2006-2007-2008
Rawle Marshall,-0.26117303724482,0.01414201019714,-0.27531504744195995,1998-1999-2000-2001-2002-2003-2004-2005-2006-2007-2008
Horace Jenkins,-0.29277321141409,-0.01645497700206,-0.27631823441202996,1998-1999-2000-2001-2002-2003-2004-2005-2006-2007-2008
Ron Mercer,-0.45166188167078003,-0.17473193830915,-0.27692994336163,1998-1999-2000-2001-2002-2003-2004-2005-2006-2007-2008
Sean Williams,0.038337562197419996,0.31676495132665,-0.27842738912923,1998-1999-2000-2001-2002-2003-2004-2005-2006-2007-2008
Mike Smith,-0.23391931385759002,0.04524598532257,-0.27916529918016,1998-1999-2000-2001-2002-2003-2004-2005-2006-2007-2008
Trajan Langdon,-0.51592264141263,-0.23572751246192003,-0.28019512895071,1998-1999-2000-2001-2002-2003-2004-2005-2006-2007-2008
Jannero Pargo,0.28968617014314,0.57061032301142,-0.28092415286828,1998-1999-2000-2001-2002-2003-2004-2005-2006-2007-2008
Rik Smits,1.79193306237487,2.0800036007781597,-0.28807053840329,1998-1999-2000-2001-2002-2003-2004-2005-2006-2007-2008
Chris Kaman,-1.08038410962471,-0.78643761672625,-0.29394649289846003,1998-1999-2000-2001-2002-2003-2004-2005-2006-2007-2008
Terry Cummings,-0.16770851413402,0.13058405783903,-0.29829257197305,1998-1999-2000-2001-2002-2003-2004-2005-2006-2007-2008
Kornel David,-0.92386992585113,-0.618922461324,-0.30494746452713006,1998-1999-2000-2001-2002-2003-2004-2005-2006-2007-2008
Marcus Vinicius,0.23124304330177,0.54158807708174,-0.31034503377996997,1998-1999-2000-2001-2002-2003-2004-2005-2006-2007-2008
Dominic McGuire,-0.16818891763658,0.14291059701804,-0.31109951465462,1998-1999-2000-2001-2002-2003-2004-2005-2006-2007-2008
Eric Piatkowski,0.11366848971911,0.42770625371839,-0.31403776399927996,1998-1999-2000-2001-2002-2003-2004-2005-2006-2007-2008
Smush Parker,-0.99923788464319,-0.68441303026754,-0.31482485437565,1998-1999-2000-2001-2002-2003-2004-2005-2006-2007-2008
Steve Henson,-0.22946878605662,0.08826150893891,-0.31773029499553,1998-1999-2000-2001-2002-2003-2004-2005-2006-2007-2008
Chris Porter,-0.27558853670347,0.04250558455151,-0.31809412125498,1998-1999-2000-2001-2002-2003-2004-2005-2006-2007-2008
Chris Jefferies,-0.23005574876841997,0.09636230761791,-0.32641805638633,1998-1999-2000-2001-2002-2003-2004-2005-2006-2007-2008
Clifford Robinson,-0.5258722509067,-0.19842431298819,-0.32744793791850996,1998-1999-2000-2001-2002-2003-2004-2005-2006-2007-2008
Greg Anderson,-0.26465577180554,0.06335604205938,-0.32801181386492,1998-1999-2000-2001-2002-2003-2004-2005-2006-2007-2008
Frank Williams,0.12987912550313999,0.45815196497929,-0.32827283947615,1998-1999-2000-2001-2002-2003-2004-2005-2006-2007-2008
Derrick Zimmerman,-0.22179947767056998,0.10655893223126,-0.32835840990182996,1998-1999-2000-2001-2002-2003-2004-2005-2006-2007-2008
Andre Brown,0.0019860362017038095,0.33272780609573,-0.3307417698940262,1998-1999-2000-2001-2002-2003-2004-2005-2006-2007-2008
Brandon Hunter,0.13955302868893,0.47072851335043997,-0.33117548466151,1998-1999-2000-2001-2002-2003-2004-2005-2006-2007-2008
Randolph Morris,-0.0834958200365,0.24843064652193,-0.33192646655843,1998-1999-2000-2001-2002-2003-2004-2005-2006-2007-2008
Marcus Williams,-0.17986512968024,0.15511172797845,-0.33497685765869,1998-1999-2000-2001-2002-2003-2004-2005-2006-2007-2008
Michael Bradley,-0.34950684784375,-0.013833623941840002,-0.33567322390191,1998-1999-2000-2001-2002-2003-2004-2005-2006-2007-2008
Mike Batiste,-0.44204664591873,-0.10453181628583,-0.3375148296329,1998-1999-2000-2001-2002-2003-2004-2005-2006-2007-2008
Eddie House,0.18279295856385,0.52087423482092,-0.33808127625706996,1998-1999-2000-2001-2002-2003-2004-2005-2006-2007-2008
Jarrett Jack,0.11623015590248001,0.45622240460806,-0.33999224870558004,1998-1999-2000-2001-2002-2003-2004-2005-2006-2007-2008
Michael Sweetney,0.73359219541168,1.07373715333092,-0.34014495791924,1998-1999-2000-2001-2002-2003-2004-2005-2006-2007-2008
Charlie Ward,-0.06509795613594001,0.27808686890102,-0.34318482503696,1998-1999-2000-2001-2002-2003-2004-2005-2006-2007-2008
Don MacLean,0.48369103055074,0.83218358356228,-0.34849255301154003,1998-1999-2000-2001-2002-2003-2004-2005-2006-2007-2008
Boniface Ndong,-0.04014603807345,0.31194770754884,-0.35209374562229,1998-1999-2000-2001-2002-2003-2004-2005-2006-2007-2008
Rashad McCants,-0.16231136553221,0.19392401439999,-0.3562353799322,1998-1999-2000-2001-2002-2003-2004-2005-2006-2007-2008
Arron Afflalo,-0.44006854513379995,-0.08213957998384,-0.35792896514996,1998-1999-2000-2001-2002-2003-2004-2005-2006-2007-2008
Uros Slokar,-0.20770889173387003,0.155083085361,-0.36279197709487,1998-1999-2000-2001-2002-2003-2004-2005-2006-2007-2008
Tyrus Thomas,-0.051045308846269996,0.31331672949655,-0.36436203834282,1998-1999-2000-2001-2002-2003-2004-2005-2006-2007-2008
Mike Harris,-0.24524832270878,0.11931065467786,-0.36455897738664,1998-1999-2000-2001-2002-2003-2004-2005-2006-2007-2008
Alex Acker,-0.12593539878353,0.2405102455546,-0.36644564433813,1998-1999-2000-2001-2002-2003-2004-2005-2006-2007-2008
Bimbo Coles,-1.0846611085671098,-0.71712874352437,-0.36753236504273995,1998-1999-2000-2001-2002-2003-2004-2005-2006-2007-2008
Mark West,-0.23437853092193997,0.13564137257086,-0.3700199034928,1998-1999-2000-2001-2002-2003-2004-2005-2006-2007-2008
Mark Strickland,-0.21435765937286,0.15620437762041,-0.37056203699327,1998-1999-2000-2001-2002-2003-2004-2005-2006-2007-2008
Cedric Simmons,-0.25711689408505,0.11761029128479,-0.37472718536984,1998-1999-2000-2001-2002-2003-2004-2005-2006-2007-2008
Luke Schenscher,-0.34297335737469004,0.03556740932427,-0.37854076669896,1998-1999-2000-2001-2002-2003-2004-2005-2006-2007-2008
Ira Newble,-0.95152544472733,-0.57089459589186,-0.3806308488354701,1998-1999-2000-2001-2002-2003-2004-2005-2006-2007-2008
Maciej Lampe,-0.45128007881618,-0.06986684826024,-0.38141323055593995,1998-1999-2000-2001-2002-2003-2004-2005-2006-2007-2008
Shawn Respert,-0.31060718669833,0.07898320071255001,-0.38959038741088003,1998-1999-2000-2001-2002-2003-2004-2005-2006-2007-2008
Brandon Bass,0.0017960890409838748,0.39212579673926,-0.39032970769827613,1998-1999-2000-2001-2002-2003-2004-2005-2006-2007-2008
Reggie Geary,-0.30228262828072,0.08988784512618,-0.3921704734069,1998-1999-2000-2001-2002-2003-2004-2005-2006-2007-2008
Alton Lister,-0.18401594846376002,0.20979208556672,-0.39380803403048,1998-1999-2000-2001-2002-2003-2004-2005-2006-2007-2008
Mamadou N'diaye,-0.10847016695035,0.28892091168039996,-0.39739107863074996,1998-1999-2000-2001-2002-2003-2004-2005-2006-2007-2008
Emanual Davis,-0.26899020824676,0.13533514440782,-0.40432535265458003,1998-1999-2000-2001-2002-2003-2004-2005-2006-2007-2008
William Avery,-0.47174504279327,-0.0659943071722,-0.40575073562107,1998-1999-2000-2001-2002-2003-2004-2005-2006-2007-2008
Rusty LaRue,-0.43189412782487996,-0.02510494898565,-0.40678917883923,1998-1999-2000-2001-2002-2003-2004-2005-2006-2007-2008
John Crotty,-0.72963999616557,-0.32066049486355,-0.40897950130202,1998-1999-2000-2001-2002-2003-2004-2005-2006-2007-2008
Bruno Sundov,-0.15229414700747998,0.25702933360025,-0.40932348060773,1998-1999-2000-2001-2002-2003-2004-2005-2006-2007-2008
Luke Jackson,0.02188635358043,0.43606119718491,-0.41417484360448,1998-1999-2000-2001-2002-2003-2004-2005-2006-2007-2008
Rick Mahorn,-0.50825716462971,-0.09027355560302,-0.41798360902669,1998-1999-2000-2001-2002-2003-2004-2005-2006-2007-2008
John Salmons,-0.21477128767011,0.20409149928478001,-0.41886278695489004,1998-1999-2000-2001-2002-2003-2004-2005-2006-2007-2008
Aleksandar Radojevic,-0.55422585744416,-0.13055696067310998,-0.42366889677105,1998-1999-2000-2001-2002-2003-2004-2005-2006-2007-2008
Jared Jeffries,0.5956395214650501,1.02041845130637,-0.42477892984132004,1998-1999-2000-2001-2002-2003-2004-2005-2006-2007-2008
Tony Farmer,-0.19868005168439998,0.22648809925546998,-0.42516815093987,1998-1999-2000-2001-2002-2003-2004-2005-2006-2007-2008
Monta Ellis,-0.34358214299019,0.08187943535118,-0.42546157834137,1998-1999-2000-2001-2002-2003-2004-2005-2006-2007-2008
John Thomas,-0.27386084164578,0.15463592159241998,-0.42849676323819996,1998-1999-2000-2001-2002-2003-2004-2005-2006-2007-2008
Mark Pope,0.06200178689428,0.49333049989125,-0.43132871299696995,1998-1999-2000-2001-2002-2003-2004-2005-2006-2007-2008
Nick Fazekas,-0.20262200583791,0.23297855295203002,-0.4356005587899401,1998-1999-2000-2001-2002-2003-2004-2005-2006-2007-2008
Vincent Yarbrough,-0.14510944070034998,0.29604493565921,-0.44115437635956,1998-1999-2000-2001-2002-2003-2004-2005-2006-2007-2008
Chris Robinson,-0.24614552716982,0.19559601873766,-0.44174154590748,1998-1999-2000-2001-2002-2003-2004-2005-2006-2007-2008
Cal Bowdler,-0.60025705165265,-0.15650869456802,-0.44374835708463,1998-1999-2000-2001-2002-2003-2004-2005-2006-2007-2008
Jeff Trepagnier,-0.17808094441759,0.27027129234445,-0.44835223676203995,1998-1999-2000-2001-2002-2003-2004-2005-2006-2007-2008
Lance Allred,-0.15570745404432002,0.29471832633722,-0.45042578038153996,1998-1999-2000-2001-2002-2003-2004-2005-2006-2007-2008
Laron Profit,0.06673884592436,0.51717957550574,-0.45044072958138,1998-1999-2000-2001-2002-2003-2004-2005-2006-2007-2008
Joel Przybilla,0.14573521589219,0.59667719098943,-0.45094197509723993,1998-1999-2000-2001-2002-2003-2004-2005-2006-2007-2008
Chris Garner,-0.61137463649261,-0.15795613979711,-0.45341849669550005,1998-1999-2000-2001-2002-2003-2004-2005-2006-2007-2008
Zarko Cabarkapa,-0.22065428021725,0.23324081772409,-0.45389509794134003,1998-1999-2000-2001-2002-2003-2004-2005-2006-2007-2008
Tamar Slay,-0.6843748065620601,-0.22276541635044,-0.46160939021162,1998-1999-2000-2001-2002-2003-2004-2005-2006-2007-2008
Cherokee Parks,-1.6634630074887,-1.19783878640237,-0.46562422108633006,1998-1999-2000-2001-2002-2003-2004-2005-2006-2007-2008
Tierre Brown,-0.38864244006319,0.07878856868523,-0.46743100874842,1998-1999-2000-2001-2002-2003-2004-2005-2006-2007-2008
Jim McIlvaine,-0.0569548652098,0.41070660255172997,-0.46766146776152995,1998-1999-2000-2001-2002-2003-2004-2005-2006-2007-2008
Charles O'Bannon,-0.6555420690726099,-0.18786671454876,-0.46767535452385,1998-1999-2000-2001-2002-2003-2004-2005-2006-2007-2008
James Robinson,-1.17173169792561,-0.70308201687231,-0.4686496810533,1998-1999-2000-2001-2002-2003-2004-2005-2006-2007-2008
Mateen Cleaves,-0.44743803773652996,0.025768748454280004,-0.47320678619081,1998-1999-2000-2001-2002-2003-2004-2005-2006-2007-2008
Scott Williams,-0.94712396546768,-0.47231019465696,-0.47481377081072,1998-1999-2000-2001-2002-2003-2004-2005-2006-2007-2008
Paul McPherson,-0.35621315931561,0.13031471738708,-0.48652787670269,1998-1999-2000-2001-2002-2003-2004-2005-2006-2007-2008
Marty Conlon,-0.12966504437464,0.35868060566652,-0.48834565004116,1998-1999-2000-2001-2002-2003-2004-2005-2006-2007-2008
Jumaine Jones,0.07652422788344,0.56651419333757,-0.48998996545413,1998-1999-2000-2001-2002-2003-2004-2005-2006-2007-2008
Dean Oliver,-0.38176944391844997,0.10915774593715001,-0.4909271898556,1998-1999-2000-2001-2002-2003-2004-2005-2006-2007-2008
Juan Carlos Navarro,-0.07439652086431,0.41819337553273006,-0.49258989639704004,1998-1999-2000-2001-2002-2003-2004-2005-2006-2007-2008
Jared Dudley,-0.17707782199002,0.31570298494541,-0.49278080693542997,1998-1999-2000-2001-2002-2003-2004-2005-2006-2007-2008
Ronald Dupree,-0.8609891757356201,-0.36369811169363003,-0.49729106404198997,1998-1999-2000-2001-2002-2003-2004-2005-2006-2007-2008
Jose Calderon,0.32338793515623,0.82494561442013,-0.5015576792639,1998-1999-2000-2001-2002-2003-2004-2005-2006-2007-2008
John Lucas III,-0.33989003791357997,0.16244737425732,-0.5023374121708999,1998-1999-2000-2001-2002-2003-2004-2005-2006-2007-2008
Steve Novak,-0.26810573625122003,0.23437919285317,-0.50248492910439,1998-1999-2000-2001-2002-2003-2004-2005-2006-2007-2008
Lorenzen Wright,-0.8823778784749899,-0.37734471264929,-0.5050331658256999,1998-1999-2000-2001-2002-2003-2004-2005-2006-2007-2008
Lari Ketner,-0.5768920737441601,-0.07168880308869,-0.50520327065547,1998-1999-2000-2001-2002-2003-2004-2005-2006-2007-2008
Ryan Robertson,-0.37872852865888995,0.14197328018475,-0.5207018088436399,1998-1999-2000-2001-2002-2003-2004-2005-2006-2007-2008
Zendon Hamilton,-0.17317434006937,0.34814325224531,-0.52131759231468,1998-1999-2000-2001-2002-2003-2004-2005-2006-2007-2008
Shareef Abdur-Rahim,0.74376506374785,1.2674930394828599,-0.52372797573501,1998-1999-2000-2001-2002-2003-2004-2005-2006-2007-2008
Rudy Gay,0.12199127870982,0.64619067359699,-0.52419939488717,1998-1999-2000-2001-2002-2003-2004-2005-2006-2007-2008
Carlos Delfino,-0.5755112871316099,-0.05091882977939,-0.5245924573522199,1998-1999-2000-2001-2002-2003-2004-2005-2006-2007-2008
Andray Blatche,-0.46184701511680004,0.06321658436525,-0.5250635994820501,1998-1999-2000-2001-2002-2003-2004-2005-2006-2007-2008
Chucky Atkins,-0.38663098798157,0.14055539716928,-0.52718638515085,1998-1999-2000-2001-2002-2003-2004-2005-2006-2007-2008
Jeff McInnis,0.35897466206428,0.8869494065636301,-0.52797474449935,1998-1999-2000-2001-2002-2003-2004-2005-2006-2007-2008
Jason Kapono,-0.73906353173575,-0.21059406383906001,-0.5284694678966899,1998-1999-2000-2001-2002-2003-2004-2005-2006-2007-2008
Wayne Simien,-0.61226019841414,-0.08296993739436,-0.52929026101978,1998-1999-2000-2001-2002-2003-2004-2005-2006-2007-2008
Solomon Jones,-0.264400037376,0.26569690743173996,-0.53009694480774,1998-1999-2000-2001-2002-2003-2004-2005-2006-2007-2008
Kareem Rush,-0.8866626179375,-0.3534423692059,-0.5332202487315999,1998-1999-2000-2001-2002-2003-2004-2005-2006-2007-2008
Terry Porter,0.26163973742908003,0.7968957369302501,-0.5352559995011701,1998-1999-2000-2001-2002-2003-2004-2005-2006-2007-2008
Ronnie Price,-0.5486239480944599,-0.0033206832610330303,-0.545303264833427,1998-1999-2000-2001-2002-2003-2004-2005-2006-2007-2008
Charlie Bell,0.54443807503474,1.08975305959471,-0.54531498455997,1998-1999-2000-2001-2002-2003-2004-2005-2006-2007-2008
Justin Williams,0.32877511033252,0.87581589528059,-0.5470407849480701,1998-1999-2000-2001-2002-2003-2004-2005-2006-2007-2008
Chris Bosh,0.47044177933493997,1.01982610827209,-0.54938432893715,1998-1999-2000-2001-2002-2003-2004-2005-2006-2007-2008
Nenad Krstic,0.5184843746354201,1.07102058533874,-0.5525362107033199,1998-1999-2000-2001-2002-2003-2004-2005-2006-2007-2008
Vonteego Cummings,-0.83839329826368,-0.28326115490106,-0.5551321433626201,1998-1999-2000-2001-2002-2003-2004-2005-2006-2007-2008
Alvin Sims,-0.21524360484929,0.34090228519719,-0.55614589004648,1998-1999-2000-2001-2002-2003-2004-2005-2006-2007-2008
Craig Smith,0.21233732446008002,0.7713954452985999,-0.5590581208385199,1998-1999-2000-2001-2002-2003-2004-2005-2006-2007-2008
Gerald Green,-0.54638357639568,0.01577300868308,-0.56215658507876,1998-1999-2000-2001-2002-2003-2004-2005-2006-2007-2008
Oleksiy Pecherov,-0.16241377407673,0.40010126371675003,-0.56251503779348,1998-1999-2000-2001-2002-2003-2004-2005-2006-2007-2008
Travis Outlaw,0.37283780860570004,0.93538084919248,-0.56254304058678,1998-1999-2000-2001-2002-2003-2004-2005-2006-2007-2008
Tyus Edney,-0.0622421597786,0.5072548337282,-0.5694969935067999,1998-1999-2000-2001-2002-2003-2004-2005-2006-2007-2008
Terrell Brandon,1.03808451425602,1.61028549860244,-0.5722009843464202,1998-1999-2000-2001-2002-2003-2004-2005-2006-2007-2008
Rodney Rogers,-0.60079250758378,-0.02818011939147,-0.57261238819231,1998-1999-2000-2001-2002-2003-2004-2005-2006-2007-2008
Terence Morris,-0.36277642580117,0.21062630733282,-0.57340273313399,1998-1999-2000-2001-2002-2003-2004-2005-2006-2007-2008
Chris Herren,-0.88765381607884,-0.30937342556164,-0.5782803905171999,1998-1999-2000-2001-2002-2003-2004-2005-2006-2007-2008
Earl Barron,-0.462893024915,0.11569333849622002,-0.5785863634112199,1998-1999-2000-2001-2002-2003-2004-2005-2006-2007-2008
Dell Curry,-1.21204844909526,-0.6318195462635701,-0.58022890283169,1998-1999-2000-2001-2002-2003-2004-2005-2006-2007-2008
Ben Handlogten,0.04484436841302,0.6258509599512699,-0.58100659153825,1998-1999-2000-2001-2002-2003-2004-2005-2006-2007-2008
Troy Hudson,-0.40848598013399007,0.17444017756603,-0.58292615770002,1998-1999-2000-2001-2002-2003-2004-2005-2006-2007-2008
Andrew Bynum,-0.4383545807057,0.14711283880894999,-0.5854674195146501,1998-1999-2000-2001-2002-2003-2004-2005-2006-2007-2008
James Cotton,-0.18642159712132,0.39923767906764,-0.58565927618896,1998-1999-2000-2001-2002-2003-2004-2005-2006-2007-2008
Sergio Rodriguez,0.30246246980588,0.88985820018321,-0.5873957303773301,1998-1999-2000-2001-2002-2003-2004-2005-2006-2007-2008
Johnny Taylor,-0.56986858077446,0.021966243638800002,-0.59183482441326,1998-1999-2000-2001-2002-2003-2004-2005-2006-2007-2008
Dion Glover,-0.32379011967332,0.26853649425439,-0.59232661392771,1998-1999-2000-2001-2002-2003-2004-2005-2006-2007-2008
Casey Jacobsen,-0.75195937926001,-0.15687948030854,-0.59507989895147,1998-1999-2000-2001-2002-2003-2004-2005-2006-2007-2008
James Singleton,-0.56196474169377,0.03320824087125,-0.5951729825650199,1998-1999-2000-2001-2002-2003-2004-2005-2006-2007-2008
Jerome James,0.08510857897639,0.68291063344806,-0.59780205447167,1998-1999-2000-2001-2002-2003-2004-2005-2006-2007-2008
Lamond Murray,0.68693035243452,1.2864762712161,-0.59954591878158,1998-1999-2000-2001-2002-2003-2004-2005-2006-2007-2008
Marvin Williams,0.9472127234633599,1.5540804287678,-0.60686770530444,1998-1999-2000-2001-2002-2003-2004-2005-2006-2007-2008
Anthony Peeler,-0.41652052722173993,0.19392904639327999,-0.61044957361502,1998-1999-2000-2001-2002-2003-2004-2005-2006-2007-2008
Sean Marks,-0.65628131859252,-0.0457074512053,-0.6105738673872201,1998-1999-2000-2001-2002-2003-2004-2005-2006-2007-2008
Anthony Johnson,-1.8257415262765302,-1.21213736179208,-0.6136041644844501,1998-1999-2000-2001-2002-2003-2004-2005-2006-2007-2008
Charles R. Jones,-0.3081683168156,0.30687550646844003,-0.61504382328404,1998-1999-2000-2001-2002-2003-2004-2005-2006-2007-2008
J.R. Reid,-1.23662944283941,-0.6198954020787499,-0.61673404076066,1998-1999-2000-2001-2002-2003-2004-2005-2006-2007-2008
Cedric Henderson,-0.42259203862104,0.19596523244220002,-0.6185572710632401,1998-1999-2000-2001-2002-2003-2004-2005-2006-2007-2008
Roy Rogers,-0.24400181803829,0.37712579545270003,-0.62112761349099,1998-1999-2000-2001-2002-2003-2004-2005-2006-2007-2008
Hilton Armstrong,-0.0164880294072,0.60528288080743,-0.62177091021463,1998-1999-2000-2001-2002-2003-2004-2005-2006-2007-2008
Royal Ivey,-0.08486734715086,0.54305546070621,-0.62792280785707,1998-1999-2000-2001-2002-2003-2004-2005-2006-2007-2008
Michael Ruffin,-0.02341279716151,0.60808890249077,-0.63150169965228,1998-1999-2000-2001-2002-2003-2004-2005-2006-2007-2008
David Vaughn,-0.26572044198065004,0.36755669601648,-0.63327713799713,1998-1999-2000-2001-2002-2003-2004-2005-2006-2007-2008
John Celestand,-0.5061917893430601,0.13140205882751,-0.6375938481705701,1998-1999-2000-2001-2002-2003-2004-2005-2006-2007-2008
Alan Henderson,-0.1469499859365,0.49381174168621,-0.64076172762271,1998-1999-2000-2001-2002-2003-2004-2005-2006-2007-2008
Damone Brown,-0.18829937535378,0.45761975778034003,-0.6459191331341201,1998-1999-2000-2001-2002-2003-2004-2005-2006-2007-2008
Carl Herrera,-0.77375724782587,-0.11777910714223999,-0.6559781406836299,1998-1999-2000-2001-2002-2003-2004-2005-2006-2007-2008
Lee Mayberry,0.54478338405459,1.20353707074284,-0.6587536866882501,1998-1999-2000-2001-2002-2003-2004-2005-2006-2007-2008
Thurl Bailey,-1.51999197053929,-0.86072572597331,-0.65926624456598,1998-1999-2000-2001-2002-2003-2004-2005-2006-2007-2008
Vernon Maxwell,-1.0526814639932098,-0.39316776389056995,-0.65951370010264,1998-1999-2000-2001-2002-2003-2004-2005-2006-2007-2008
Anfernee Hardaway,-2.0204334736875302,-1.35629562514871,-0.6641378485388202,1998-1999-2000-2001-2002-2003-2004-2005-2006-2007-2008
Drew Barry,-0.61960893082471,0.04535899854464,-0.66496792936935,1998-1999-2000-2001-2002-2003-2004-2005-2006-2007-2008
Randell Jackson,-0.28714953680578,0.38300986727597003,-0.67015940408175,1998-1999-2000-2001-2002-2003-2004-2005-2006-2007-2008
Kelenna Azubuike,-0.2292043804911,0.44140042313486,-0.6706048036259601,1998-1999-2000-2001-2002-2003-2004-2005-2006-2007-2008
Dan McClintock,-0.24248437225723998,0.43084130029474,-0.67332567255198,1998-1999-2000-2001-2002-2003-2004-2005-2006-2007-2008
Elliot Perry,-1.1409548228689,-0.463345432315,-0.6776093905539,1998-1999-2000-2001-2002-2003-2004-2005-2006-2007-2008
Dan Langhi,-0.61312742646082,0.06626188242074,-0.6793893088815599,1998-1999-2000-2001-2002-2003-2004-2005-2006-2007-2008
Randy Brown,-2.02809193395029,-1.34567207649426,-0.6824198574560298,1998-1999-2000-2001-2002-2003-2004-2005-2006-2007-2008
Blue Edwards,0.45502771286333005,1.14578343678873,-0.6907557239254001,1998-1999-2000-2001-2002-2003-2004-2005-2006-2007-2008
Jarvis Hayes,-0.54595605874307,0.15297797924081,-0.69893403798388,1998-1999-2000-2001-2002-2003-2004-2005-2006-2007-2008
Andre Iguodala,-0.18686839452297,0.51301936329563,-0.6998877578186,1998-1999-2000-2001-2002-2003-2004-2005-2006-2007-2008
Paul Shirley,-0.27001010598312003,0.43076823624283,-0.70077834222595,1998-1999-2000-2001-2002-2003-2004-2005-2006-2007-2008
Zeljko Rebraca,-0.21036048234966997,0.49314447982131,-0.70350496217098,1998-1999-2000-2001-2002-2003-2004-2005-2006-2007-2008
Ike Austin,-1.29329963196176,-0.58952464754748,-0.70377498441428,1998-1999-2000-2001-2002-2003-2004-2005-2006-2007-2008
Aaron Brooks,-0.72238308896756,-0.0175070971248,-0.7048759918427601,1998-1999-2000-2001-2002-2003-2004-2005-2006-2007-2008
Jermaine Jackson,-0.36811748303649,0.33703720806911003,-0.7051546911056,1998-1999-2000-2001-2002-2003-2004-2005-2006-2007-2008
Ryan Stack,-0.10808602106415,0.59740368973242,-0.70548971079657,1998-1999-2000-2001-2002-2003-2004-2005-2006-2007-2008
Melvin Ely,-0.15280300609095,0.5528618120793699,-0.70566481817032,1998-1999-2000-2001-2002-2003-2004-2005-2006-2007-2008
Alvin Jones,-0.39397831756431007,0.31333028324502,-0.70730860080933,1998-1999-2000-2001-2002-2003-2004-2005-2006-2007-2008
Voshon Lenard,0.66734592835056,1.37807131756008,-0.71072538920952,1998-1999-2000-2001-2002-2003-2004-2005-2006-2007-2008
Rasual Butler,0.15012544346544998,0.86341854988182,-0.7132931064163699,1998-1999-2000-2001-2002-2003-2004-2005-2006-2007-2008
Will Bynum,-0.38237137858792997,0.33485626194488,-0.71722764053281,1998-1999-2000-2001-2002-2003-2004-2005-2006-2007-2008
Mouhamed Sene,-0.32235125263364,0.40512870312064997,-0.7274799557542899,1998-1999-2000-2001-2002-2003-2004-2005-2006-2007-2008
Duane Causwell,0.08167549574252,0.81672619144033,-0.73505069569781,1998-1999-2000-2001-2002-2003-2004-2005-2006-2007-2008
Charles Oakley,-1.09539254822921,-0.35642176149286,-0.73897078673635,1998-1999-2000-2001-2002-2003-2004-2005-2006-2007-2008
Michael Redd,1.40095486648564,2.148929954306,-0.74797508782036,1998-1999-2000-2001-2002-2003-2004-2005-2006-2007-2008
Scott Brooks,-0.36050208827345,0.38854002300857,-0.74904211128202,1998-1999-2000-2001-2002-2003-2004-2005-2006-2007-2008
Dale Davis,-0.99850361050819,-0.24790122193926,-0.75060238856893,1998-1999-2000-2001-2002-2003-2004-2005-2006-2007-2008
Chris Anstey,-0.3779423687404,0.37492562402859,-0.7528679927689901,1998-1999-2000-2001-2002-2003-2004-2005-2006-2007-2008
Bostjan Nachbar,-0.42897046420405,0.33135121395304,-0.76032167815709,1998-1999-2000-2001-2002-2003-2004-2005-2006-2007-2008
Sam Jacobson,-0.4143945449383,0.34755763592074,-0.76195218085904,1998-1999-2000-2001-2002-2003-2004-2005-2006-2007-2008
Thaddeus Young,0.25829680294072,1.0282204792585201,-0.7699236763178,1998-1999-2000-2001-2002-2003-2004-2005-2006-2007-2008
Michael Stewart,-0.17988036017208,0.59105774777713,-0.77093810794921,1998-1999-2000-2001-2002-2003-2004-2005-2006-2007-2008
Oscar Torres,-0.64652179767927,0.12476165709553999,-0.7712834547748101,1998-1999-2000-2001-2002-2003-2004-2005-2006-2007-2008
Roger Mason Jr.,0.6248638513682699,1.40624167318657,-0.7813778218183,1998-1999-2000-2001-2002-2003-2004-2005-2006-2007-2008
Carl Thomas,-0.695048833041,0.08921843710512001,-0.78426727014612,1998-1999-2000-2001-2002-2003-2004-2005-2006-2007-2008
Leon Powe,0.07025710199944,0.85623588784829,-0.7859787858488501,1998-1999-2000-2001-2002-2003-2004-2005-2006-2007-2008
Shawne Williams,0.23400723368527002,1.02309367542321,-0.78908644173794,1998-1999-2000-2001-2002-2003-2004-2005-2006-2007-2008
Dana Barros,-0.28281457306197,0.50879340182812,-0.7916079748900899,1998-1999-2000-2001-2002-2003-2004-2005-2006-2007-2008
Nick Young,-0.24882956630712,0.5440861627626801,-0.7929157290697999,1998-1999-2000-2001-2002-2003-2004-2005-2006-2007-2008
Donell Taylor,-0.8093478386351599,-0.015270933898779999,-0.7940769047363799,1998-1999-2000-2001-2002-2003-2004-2005-2006-2007-2008
Jelani McCoy,-0.29389697903139,0.50243743792593,-0.79633441695732,1998-1999-2000-2001-2002-2003-2004-2005-2006-2007-2008
Dan Dickau,-0.15299716576056,0.6475004635771999,-0.80049762933776,1998-1999-2000-2001-2002-2003-2004-2005-2006-2007-2008
Antoine Wright,-1.6078612987563,-0.80008806939655,-0.8077732293597499,1998-1999-2000-2001-2002-2003-2004-2005-2006-2007-2008
Marlon Garnett,-1.28556484463746,-0.47448012497283004,-0.8110847196646299,1998-1999-2000-2001-2002-2003-2004-2005-2006-2007-2008
Mirsad Turkcan,-0.55902615793012,0.25851578000124,-0.81754193793136,1998-1999-2000-2001-2002-2003-2004-2005-2006-2007-2008
Will Solomon,-0.46206590556404004,0.36551210897024,-0.82757801453428,1998-1999-2000-2001-2002-2003-2004-2005-2006-2007-2008
Brad Lohaus,-0.31872189719717003,0.5141623460043501,-0.8328842432015201,1998-1999-2000-2001-2002-2003-2004-2005-2006-2007-2008
Sean Rooks,-0.4724241608492,0.3680940400924,-0.8405182009416,1998-1999-2000-2001-2002-2003-2004-2005-2006-2007-2008
Qyntel Woods,-0.16960506485801,0.67673447549746,-0.84633954035547,1998-1999-2000-2001-2002-2003-2004-2005-2006-2007-2008
Pat Garrity,-0.78468822930053,0.06274065251370001,-0.84742888181423,1998-1999-2000-2001-2002-2003-2004-2005-2006-2007-2008
Reece Gaines,-0.29545828896082,0.55676695469686,-0.85222524365768,1998-1999-2000-2001-2002-2003-2004-2005-2006-2007-2008
Matt Maloney,-0.61578662274013,0.23747524148939,-0.85326186422952,1998-1999-2000-2001-2002-2003-2004-2005-2006-2007-2008
Wally Szczerbiak,-0.24362953330072998,0.61407105751785,-0.85770059081858,1998-1999-2000-2001-2002-2003-2004-2005-2006-2007-2008
Shammond Williams,0.31273994489497997,1.1741055130176001,-0.86136556812262,1998-1999-2000-2001-2002-2003-2004-2005-2006-2007-2008
Pooh Richardson,-0.32442433704557,0.54989527893169,-0.8743196159772599,1998-1999-2000-2001-2002-2003-2004-2005-2006-2007-2008
Amir Johnson,-0.20309232260944998,0.67258536597145,-0.8756776885809,1998-1999-2000-2001-2002-2003-2004-2005-2006-2007-2008
Pape Sow,0.65974803821471,1.53760459194804,-0.8778565537333299,1998-1999-2000-2001-2002-2003-2004-2005-2006-2007-2008
J.R. Henderson,-0.8413420088213599,0.03774846897105,-0.8790904777924099,1998-1999-2000-2001-2002-2003-2004-2005-2006-2007-2008
A.C. Green,-0.6796272647450801,0.19954696234668,-0.8791742270917601,1998-1999-2000-2001-2002-2003-2004-2005-2006-2007-2008
Tim Hardaway,-0.41590152878272996,0.46346118966294003,-0.87936271844567,1998-1999-2000-2001-2002-2003-2004-2005-2006-2007-2008
Dale Ellis,0.13601786275140001,1.01977039550093,-0.88375253274953,1998-1999-2000-2001-2002-2003-2004-2005-2006-2007-2008
Dalibor Bagaric,-0.43469700164660996,0.45519573400154,-0.88989273564815,1998-1999-2000-2001-2002-2003-2004-2005-2006-2007-2008
Al Thornton,-0.43803160886518,0.45218907135396,-0.8902206802191399,1998-1999-2000-2001-2002-2003-2004-2005-2006-2007-2008
Hot Rod Williams,-0.13755113256533,0.75716115251949,-0.8947122850848201,1998-1999-2000-2001-2002-2003-2004-2005-2006-2007-2008
Ed Gray,-0.8964819365051699,0.01336237799968,-0.9098443145048498,1998-1999-2000-2001-2002-2003-2004-2005-2006-2007-2008
Loren Woods,-0.07069297582856,0.8582738322477799,-0.9289668080763399,1998-1999-2000-2001-2002-2003-2004-2005-2006-2007-2008
Darrell Armstrong,-0.32299368144143,0.60679541424934,-0.9297890956907701,1998-1999-2000-2001-2002-2003-2004-2005-2006-2007-2008
Adam Keefe,-0.7720074902973,0.16402889123266,-0.93603638152996,1998-1999-2000-2001-2002-2003-2004-2005-2006-2007-2008
Johan Petro,-0.40979178717099995,0.52775404742468,-0.93754583459568,1998-1999-2000-2001-2002-2003-2004-2005-2006-2007-2008
Donny Marshall,-0.23693855281314,0.70084483570043,-0.9377833885135699,1998-1999-2000-2001-2002-2003-2004-2005-2006-2007-2008
Gerard King,-0.16230782089798002,0.77600405701833,-0.93831187791631,1998-1999-2000-2001-2002-2003-2004-2005-2006-2007-2008
David Benoit,-0.39583711366835,0.55924225985765,-0.955079373526,1998-1999-2000-2001-2002-2003-2004-2005-2006-2007-2008
DeJuan Wheat,-0.55254114418996,0.41385662798001005,-0.96639777216997,1998-1999-2000-2001-2002-2003-2004-2005-2006-2007-2008
Michael Hawkins,-0.72943457787855,0.23996211419625998,-0.96939669207481,1998-1999-2000-2001-2002-2003-2004-2005-2006-2007-2008
Jarron Collins,-0.8531110707617501,0.11677940173425,-0.9698904724960001,1998-1999-2000-2001-2002-2003-2004-2005-2006-2007-2008
Andrew Lang,-0.8703255884856299,0.10230896635691,-0.9726345548425399,1998-1999-2000-2001-2002-2003-2004-2005-2006-2007-2008
Herb Williams,-0.51283607830386,0.46059814320634,-0.9734342215102001,1998-1999-2000-2001-2002-2003-2004-2005-2006-2007-2008
Brian Grant,-1.39933791727584,-0.42006914058549005,-0.9792687766903501,1998-1999-2000-2001-2002-2003-2004-2005-2006-2007-2008
Randy Livingston,-1.0891850604509998,-0.10545082113136,-0.98373423931964,1998-1999-2000-2001-2002-2003-2004-2005-2006-2007-2008
Linton Johnson,-0.49011304832538,0.49610762870221,-0.9862206770275901,1998-1999-2000-2001-2002-2003-2004-2005-2006-2007-2008
Brian Skinner,-0.47967113847362,0.5083547862497201,-0.9880259247233399,1998-1999-2000-2001-2002-2003-2004-2005-2006-2007-2008
Maurice Ager,-0.69694292054454,0.29530526328957,-0.99224818383411,1998-1999-2000-2001-2002-2003-2004-2005-2006-2007-2008
Predrag Drobnjak,-1.04133309222644,-0.047094593504210004,-0.99423849872223,1998-1999-2000-2001-2002-2003-2004-2005-2006-2007-2008
Milt Palacio,-0.7825513359970501,0.21439631549303,-0.99694765149008,1998-1999-2000-2001-2002-2003-2004-2005-2006-2007-2008
B.J. Armstrong,-0.9196941303323901,0.08259974929134,-1.00229387962373,1998-1999-2000-2001-2002-2003-2004-2005-2006-2007-2008
Jason Collier,-0.19640992039697,0.80620435472027,-1.00261427511724,1998-1999-2000-2001-2002-2003-2004-2005-2006-2007-2008
Tom Gugliotta,-0.45067761096721,0.5533282889765799,-1.00400589994379,1998-1999-2000-2001-2002-2003-2004-2005-2006-2007-2008
Earl Watson,-0.48266074184905,0.5230164186010801,-1.00567716045013,1998-1999-2000-2001-2002-2003-2004-2005-2006-2007-2008
Pat Burke,-0.44784488428288,0.5591853013214899,-1.00703018560437,1998-1999-2000-2001-2002-2003-2004-2005-2006-2007-2008
Michael Doleac,-1.8493801121501299,-0.8168018845449,-1.03257822760523,1998-1999-2000-2001-2002-2003-2004-2005-2006-2007-2008
John Coker,-0.75599448511332,0.28180122814956005,-1.0377957132628801,1998-1999-2000-2001-2002-2003-2004-2005-2006-2007-2008
J.R. Bremer,-0.90499179122949,0.13361896285473,-1.03861075408422,1998-1999-2000-2001-2002-2003-2004-2005-2006-2007-2008
Bill Curley,-0.14657395571325,0.89432705920788,-1.0409010149211302,1998-1999-2000-2001-2002-2003-2004-2005-2006-2007-2008
Eddie Gill,-0.9540129760012801,0.09324796804971999,-1.0472609440510001,1998-1999-2000-2001-2002-2003-2004-2005-2006-2007-2008
Eric Montross,-0.64420746355681,0.41956570601686005,-1.06377316957367,1998-1999-2000-2001-2002-2003-2004-2005-2006-2007-2008
Kyle Lowry,-0.18869555083987,0.87727662224624,-1.06597217308611,1998-1999-2000-2001-2002-2003-2004-2005-2006-2007-2008
Earl Boykins,-0.5855435125376199,0.48888265239203,-1.07442616492965,1998-1999-2000-2001-2002-2003-2004-2005-2006-2007-2008
Mickael Gelabale,-0.33636930088961997,0.7665189706497,-1.10288827153932,1998-1999-2000-2001-2002-2003-2004-2005-2006-2007-2008
Mehmet Okur,-0.94025747808817,0.16945338097721002,-1.10971085906538,1998-1999-2000-2001-2002-2003-2004-2005-2006-2007-2008
Samuel Dalembert,-0.14615227648238,0.9703783683605101,-1.11653064484289,1998-1999-2000-2001-2002-2003-2004-2005-2006-2007-2008
Gary Trent,-0.61528444699835,0.5031856870874,-1.11847013408575,1998-1999-2000-2001-2002-2003-2004-2005-2006-2007-2008
Keith McLeod,-0.3260572762764,0.79909772773934,-1.12515500401574,1998-1999-2000-2001-2002-2003-2004-2005-2006-2007-2008
Joey Graham,-0.32909172918109003,0.79642591481659,-1.12551764399768,1998-1999-2000-2001-2002-2003-2004-2005-2006-2007-2008
Jason Caffey,-2.15607189495317,-1.02367763202541,-1.13239426292776,1998-1999-2000-2001-2002-2003-2004-2005-2006-2007-2008
Cory Carr,-1.36332823391103,-0.22633139291954998,-1.1369968409914801,1998-1999-2000-2001-2002-2003-2004-2005-2006-2007-2008
Quincy Douby,-0.18476355114801002,0.96323416347628,-1.1479977146242901,1998-1999-2000-2001-2002-2003-2004-2005-2006-2007-2008
Corliss Williamson,-1.68463118542975,-0.53396178445249,-1.15066940097726,1998-1999-2000-2001-2002-2003-2004-2005-2006-2007-2008
James White,-0.50882863740003,0.6498402529092,-1.15866889030923,1998-1999-2000-2001-2002-2003-2004-2005-2006-2007-2008
Flip Murray,0.0034700068053659682,1.16329776890895,-1.159827762103584,1998-1999-2000-2001-2002-2003-2004-2005-2006-2007-2008
Shawnelle Scott,-0.94205347659741,0.21851182499024002,-1.16056530158765,1998-1999-2000-2001-2002-2003-2004-2005-2006-2007-2008
Zoran Planinic,-0.72511899179297,0.43953823154474,-1.16465722333771,1998-1999-2000-2001-2002-2003-2004-2005-2006-2007-2008
Rodney White,-0.6720274332211,0.49825312176112,-1.17028055498222,1998-1999-2000-2001-2002-2003-2004-2005-2006-2007-2008
Devin Harris,-0.39062940154497,0.78330669274434,-1.17393609428931,1998-1999-2000-2001-2002-2003-2004-2005-2006-2007-2008
Corie Blount,0.66460511159613,1.84230183919396,-1.1776967275978303,1998-1999-2000-2001-2002-2003-2004-2005-2006-2007-2008
Nene,-0.65097070049549,0.52792797480594,-1.1788986753014299,1998-1999-2000-2001-2002-2003-2004-2005-2006-2007-2008
Etan Thomas,-0.04930887726555001,1.13321162949241,-1.18252050675796,1998-1999-2000-2001-2002-2003-2004-2005-2006-2007-2008
Othella Harrington,-0.93800271373934,0.24933325891026,-1.1873359726495998,1998-1999-2000-2001-2002-2003-2004-2005-2006-2007-2008
Charlie Villanueva,-0.29285883455116,0.8963253727043201,-1.1891842072554801,1998-1999-2000-2001-2002-2003-2004-2005-2006-2007-2008
Christian Laettner,-1.3055906215841901,-0.1041826436594,-1.2014079779247901,1998-1999-2000-2001-2002-2003-2004-2005-2006-2007-2008
Justin Reed,-0.13312428926899,1.0696299431486,-1.20275423241759,1998-1999-2000-2001-2002-2003-2004-2005-2006-2007-2008
Rodrick Rhodes,-0.66935048164608,0.53450435438047,-1.2038548360265502,1998-1999-2000-2001-2002-2003-2004-2005-2006-2007-2008
Marc Jackson,-0.32629980684389,0.8835648755281,-1.20986468237199,1998-1999-2000-2001-2002-2003-2004-2005-2006-2007-2008
Josh Powell,-1.07778830726144,0.14152784889684,-1.21931615615828,1998-1999-2000-2001-2002-2003-2004-2005-2006-2007-2008
John Salley,-0.8148288613616699,0.40867111117971,-1.2234999725413798,1998-1999-2000-2001-2002-2003-2004-2005-2006-2007-2008
Felipe Lopez,-0.3770342397706,0.8464826050451899,-1.2235168448157898,1998-1999-2000-2001-2002-2003-2004-2005-2006-2007-2008
Jake Tsakalidis,-0.8616533641143,0.37146318138924,-1.23311654550354,1998-1999-2000-2001-2002-2003-2004-2005-2006-2007-2008
Keith Booth,-0.71325164174762,0.5355731827957401,-1.2488248245433602,1998-1999-2000-2001-2002-2003-2004-2005-2006-2007-2008
Mark Blount,-1.5458160292515999,-0.29568641793197004,-1.25012961131963,1998-1999-2000-2001-2002-2003-2004-2005-2006-2007-2008
Eddie Johnson,-0.23199878973923002,1.02680636651677,-1.2588051562559999,1998-1999-2000-2001-2002-2003-2004-2005-2006-2007-2008
Corey Benjamin,-0.56839022129726,0.69891885518487,-1.26730907648213,1998-1999-2000-2001-2002-2003-2004-2005-2006-2007-2008
Roshown McLeod,-0.7820366874351101,0.49874864485382,-1.28078533228893,1998-1999-2000-2001-2002-2003-2004-2005-2006-2007-2008
Marcus Fizer,-0.08618807348453,1.20016806350175,-1.28635613698628,1998-1999-2000-2001-2002-2003-2004-2005-2006-2007-2008
David Harrison,-0.95764463642356,0.32925130780598,-1.28689594422954,1998-1999-2000-2001-2002-2003-2004-2005-2006-2007-2008
Danny Fortson,0.17872171048149,1.4718304762689,-1.29310876578741,1998-1999-2000-2001-2002-2003-2004-2005-2006-2007-2008
Martell Webster,-0.7533393799905,0.54232655760007,-1.2956659375905701,1998-1999-2000-2001-2002-2003-2004-2005-2006-2007-2008
Stacey Augmon,-0.89130203514581,0.41444725604067,-1.3057492911864799,1998-1999-2000-2001-2002-2003-2004-2005-2006-2007-2008
Kwame Brown,0.22930745116146997,1.53919109242557,-1.3098836412641,1998-1999-2000-2001-2002-2003-2004-2005-2006-2007-2008
Jordan Farmar,-0.54004770284387,0.79286395702433,-1.3329116598682,1998-1999-2000-2001-2002-2003-2004-2005-2006-2007-2008
Calvin Booth,-0.36999892278407004,0.9709574108597199,-1.34095633364379,1998-1999-2000-2001-2002-2003-2004-2005-2006-2007-2008
CJ Miles,-0.6619309603674499,0.69245962107323,-1.35439058144068,1998-1999-2000-2001-2002-2003-2004-2005-2006-2007-2008
Danny Granger,0.14149560554732,1.51243410899014,-1.37093850344282,1998-1999-2000-2001-2002-2003-2004-2005-2006-2007-2008
Mark Madsen,-2.13128127385919,-0.75931281712802,-1.37196845673117,1998-1999-2000-2001-2002-2003-2004-2005-2006-2007-2008
Francisco Garcia,-0.35259651236259004,1.0252410496819802,-1.37783756204457,1998-1999-2000-2001-2002-2003-2004-2005-2006-2007-2008
Eric Washington,-1.26266397179395,0.12790938183060999,-1.39057335362456,1998-1999-2000-2001-2002-2003-2004-2005-2006-2007-2008
Derek Anderson,-1.4431446507538,-0.047198011662909996,-1.39594663909089,1998-1999-2000-2001-2002-2003-2004-2005-2006-2007-2008
John Amaechi,-1.49283413166634,-0.0742569486562,-1.4185771830101401,1998-1999-2000-2001-2002-2003-2004-2005-2006-2007-2008
Rafer Alston,-2.38965995259886,-0.96766572412345,-1.4219942284754101,1998-1999-2000-2001-2002-2003-2004-2005-2006-2007-2008
Howard Eisley,-2.4522500603675,-1.02805345404048,-1.4241966063270202,1998-1999-2000-2001-2002-2003-2004-2005-2006-2007-2008
Damien Wilkins,0.01631847808188,1.45678470146425,-1.44046622338237,1998-1999-2000-2001-2002-2003-2004-2005-2006-2007-2008
P.J. Brown,-1.0693990940023501,0.38162979421219,-1.4510288882145401,1998-1999-2000-2001-2002-2003-2004-2005-2006-2007-2008
Jiri Welsch,-0.7067806915893801,0.75314159133409,-1.45992228292347,1998-1999-2000-2001-2002-2003-2004-2005-2006-2007-2008
Bryant Stith,-0.85136159226686,0.60952377202441,-1.46088536429127,1998-1999-2000-2001-2002-2003-2004-2005-2006-2007-2008
Kris Humphries,-0.94284560728117,0.52926444035526,-1.47211004763643,1998-1999-2000-2001-2002-2003-2004-2005-2006-2007-2008
Slava Medvedenko,-1.5330081161074,-0.04795850786059,-1.4850496082468099,1998-1999-2000-2001-2002-2003-2004-2005-2006-2007-2008
Armen Gilliam,-1.1529339492738802,0.34720750903859,-1.5001414583124701,1998-1999-2000-2001-2002-2003-2004-2005-2006-2007-2008
Malik Sealy,-0.9564401503585699,0.54454283203335,-1.5009829823919199,1998-1999-2000-2001-2002-2003-2004-2005-2006-2007-2008
Devin Brown,-0.46618726129103993,1.03742011775776,-1.5036073790487998,1998-1999-2000-2001-2002-2003-2004-2005-2006-2007-2008
DerMarr Johnson,-2.03023392048539,-0.50596876726058,-1.52426515322481,1998-1999-2000-2001-2002-2003-2004-2005-2006-2007-2008
Austin Croshere,-0.78799373931888,0.74283733099232,-1.5308310703112,1998-1999-2000-2001-2002-2003-2004-2005-2006-2007-2008
Kevin Willis,-1.22450437826792,0.30815776358253,-1.53266214185045,1998-1999-2000-2001-2002-2003-2004-2005-2006-2007-2008
Joe Smith,-0.33391205924990996,1.21809440184347,-1.55200646109338,1998-1999-2000-2001-2002-2003-2004-2005-2006-2007-2008
Adonal Foyle,-1.23066128309211,0.32580491293664,-1.55646619602875,1998-1999-2000-2001-2002-2003-2004-2005-2006-2007-2008
Tyrone Hill,-1.77101041294677,-0.21202873346165002,-1.5589816794851201,1998-1999-2000-2001-2002-2003-2004-2005-2006-2007-2008
Terry Dehere,-1.2072064237855,0.35223457147411,-1.55944099525961,1998-1999-2000-2001-2002-2003-2004-2005-2006-2007-2008
Darvin Ham,-1.71383920299552,-0.15163008886627,-1.56220911412925,1998-1999-2000-2001-2002-2003-2004-2005-2006-2007-2008
Haywoode Workman,-1.28962831906832,0.29253535825227,-1.5821636773205898,1998-1999-2000-2001-2002-2003-2004-2005-2006-2007-2008
Eldridge Recasner,-0.93536530585339,0.65177979809274,-1.58714510394613,1998-1999-2000-2001-2002-2003-2004-2005-2006-2007-2008
Lawrence Funderburke,-0.36243561591758,1.23671001466575,-1.59914563058333,1998-1999-2000-2001-2002-2003-2004-2005-2006-2007-2008
Nazr Mohammed,-0.82411564853433,0.7794609757281601,-1.60357662426249,1998-1999-2000-2001-2002-2003-2004-2005-2006-2007-2008
Kelvin Cato,-1.83704674037826,-0.22544237529282,-1.61160436508544,1998-1999-2000-2001-2002-2003-2004-2005-2006-2007-2008
Robert Pack,-0.62529250290215,1.00133910669844,-1.6266316096005902,1998-1999-2000-2001-2002-2003-2004-2005-2006-2007-2008
Bob Sura,-0.56947248188905,1.06658322384189,-1.6360557057309397,1998-1999-2000-2001-2002-2003-2004-2005-2006-2007-2008
Glen Rice,0.14821546907003,1.7870930010492998,-1.63887753197927,1998-1999-2000-2001-2002-2003-2004-2005-2006-2007-2008
Pete Chilcutt,0.019663372516950002,1.66256215053915,-1.6428987780222,1998-1999-2000-2001-2002-2003-2004-2005-2006-2007-2008
Michael Olowokandi,-0.73793601817642,0.90558354915599,-1.6435195673324101,1998-1999-2000-2001-2002-2003-2004-2005-2006-2007-2008
Mike Wilks,-0.64004925096767,1.0085220091221698,-1.64857126008984,1998-1999-2000-2001-2002-2003-2004-2005-2006-2007-2008
Kenny Thomas,0.58951485093025,2.25873265854872,-1.6692178076184703,1998-1999-2000-2001-2002-2003-2004-2005-2006-2007-2008
Josh Smith,-0.08219708271391,1.61824319779482,-1.7004402805087298,1998-1999-2000-2001-2002-2003-2004-2005-2006-2007-2008
Vitaly Potapenko,-0.93576413591147,0.78482697217866,-1.72059110809013,1998-1999-2000-2001-2002-2003-2004-2005-2006-2007-2008
Oliver Miller,-0.9357751931851901,0.80923596434943,-1.7450111575346199,1998-1999-2000-2001-2002-2003-2004-2005-2006-2007-2008
Brian Cardinal,-0.76729566101418,0.99770623469259,-1.76500189570677,1998-1999-2000-2001-2002-2003-2004-2005-2006-2007-2008
Marcus Banks,-1.25817808181483,0.53015851488299,-1.78833659669782,1998-1999-2000-2001-2002-2003-2004-2005-2006-2007-2008
John Wallace,-0.13503550524156,1.65778873090979,-1.79282423615135,1998-1999-2000-2001-2002-2003-2004-2005-2006-2007-2008
Juan Dixon,-0.46079251682276,1.39482145209973,-1.8556139689224898,1998-1999-2000-2001-2002-2003-2004-2005-2006-2007-2008
Dean Garrett,-0.96068537262975,0.9116102626661999,-1.8722956352959501,1998-1999-2000-2001-2002-2003-2004-2005-2006-2007-2008
Dickey Simpkins,-2.24986503574841,-0.35329256907764,-1.89657246667077,1998-1999-2000-2001-2002-2003-2004-2005-2006-2007-2008
Jeff Foster,-1.9826234972437602,-0.04507355046224,-1.93754994678152,1998-1999-2000-2001-2002-2003-2004-2005-2006-2007-2008
Andrea Bargnani,-0.67973850361094,1.26822692596258,-1.9479654295735198,1998-1999-2000-2001-2002-2003-2004-2005-2006-2007-2008
Kirk Snyder,-1.08508397306413,0.87424891942249,-1.9593328924866198,1998-1999-2000-2001-2002-2003-2004-2005-2006-2007-2008
JR Smith,-1.09250010224926,0.87341567367498,-1.9659157759242403,1998-1999-2000-2001-2002-2003-2004-2005-2006-2007-2008
Mitch Richmond,-0.13519209446526,1.83121037862489,-1.9664024730901497,1998-1999-2000-2001-2002-2003-2004-2005-2006-2007-2008
Mario Elie,-2.76301129290197,-0.7789097917943499,-1.98410150110762,1998-1999-2000-2001-2002-2003-2004-2005-2006-2007-2008
Derek Harper,-1.24918147284127,0.75111637898063,-2.0002978518219,1998-1999-2000-2001-2002-2003-2004-2005-2006-2007-2008
Stromile Swift,-0.95415115730539,1.05183992551066,-2.00599108281605,1998-1999-2000-2001-2002-2003-2004-2005-2006-2007-2008
Michael Curry,-1.58121884126607,0.42949964245299,-2.0107184837190597,1998-1999-2000-2001-2002-2003-2004-2005-2006-2007-2008
Francisco Elson,-1.71629063526025,0.29716358398502996,-2.01345421924528,1998-1999-2000-2001-2002-2003-2004-2005-2006-2007-2008
Sam Mitchell,-1.26025755821964,0.75888092480255,-2.0191384830221897,1998-1999-2000-2001-2002-2003-2004-2005-2006-2007-2008
Jason Hart,-1.62920987321996,0.42832239386037,-2.05753226708033,1998-1999-2000-2001-2002-2003-2004-2005-2006-2007-2008
Maurice Taylor,-0.9854127225510301,1.0777486136729302,-2.06316133622396,1998-1999-2000-2001-2002-2003-2004-2005-2006-2007-2008
Marcus Camby,-1.5255937671406299,0.5387682650927,-2.06436203223333,1998-1999-2000-2001-2002-2003-2004-2005-2006-2007-2008
Terry Mills,-0.84451976452086,1.22023385285319,-2.06475361737405,1998-1999-2000-2001-2002-2003-2004-2005-2006-2007-2008
Moochie Norris,-1.0070380325496902,1.0784930671703699,-2.0855310997200602,1998-1999-2000-2001-2002-2003-2004-2005-2006-2007-2008
Ronny Turiaf,-0.94831598650961,1.14893251744479,-2.0972485039544,1998-1999-2000-2001-2002-2003-2004-2005-2006-2007-2008
Malik Rose,-3.46280679020266,-1.3527829918144,-2.11002379838826,1998-1999-2000-2001-2002-2003-2004-2005-2006-2007-2008
Al Horford,-0.9391891467003101,1.2179141501722102,-2.15710329687252,1998-1999-2000-2001-2002-2003-2004-2005-2006-2007-2008
Johnny Newman,-1.54284836966909,0.64662170610834,-2.1894700757774297,1998-1999-2000-2001-2002-2003-2004-2005-2006-2007-2008
Will Perdue,-2.09263343539292,0.09708937639569,-2.1897228117886103,1998-1999-2000-2001-2002-2003-2004-2005-2006-2007-2008
Sarunas Jasikevicius,-1.73225389608242,0.46115184905312,-2.19340574513554,1998-1999-2000-2001-2002-2003-2004-2005-2006-2007-2008
Jake Voskuhl,-2.3733617902549398,-0.17979753830852,-2.19356425194642,1998-1999-2000-2001-2002-2003-2004-2005-2006-2007-2008
Bruce Bowen,-3.81662998704977,-1.59821358351647,-2.2184164035333005,1998-1999-2000-2001-2002-2003-2004-2005-2006-2007-2008
Don Reid,-0.77466304794416,1.47284501703042,-2.24750806497458,1998-1999-2000-2001-2002-2003-2004-2005-2006-2007-2008
Wesley Person,-1.3499483715026601,0.94063008697126,-2.29057845847392,1998-1999-2000-2001-2002-2003-2004-2005-2006-2007-2008
Calbert Cheaney,-0.91084488381578,1.4255530091280701,-2.33639789294385,1998-1999-2000-2001-2002-2003-2004-2005-2006-2007-2008
Jason Williams,-0.55785951308361,1.78221029342345,-2.3400698065070604,1998-1999-2000-2001-2002-2003-2004-2005-2006-2007-2008
Michael Smith,-0.72845435034743,1.61706208186915,-2.3455164322165802,1998-1999-2000-2001-2002-2003-2004-2005-2006-2007-2008
Chris Gatling,-0.6227894202428099,1.89408310534986,-2.51687252559267,1998-1999-2000-2001-2002-2003-2004-2005-2006-2007-2008
Anthony Mason,-0.8073668399325501,1.72587411261228,-2.5332409525448303,1998-1999-2000-2001-2002-2003-2004-2005-2006-2007-2008
Mike Miller,-0.5098779017884499,2.04179415789776,-2.55167205968621,1998-1999-2000-2001-2002-2003-2004-2005-2006-2007-2008
Greg Foster,-2.2827443635474,0.29429602959941,-2.57704039314681,1998-1999-2000-2001-2002-2003-2004-2005-2006-2007-2008
Mo Williams,-0.42182512641816006,2.17460949148574,-2.5964346179039,1998-1999-2000-2001-2002-2003-2004-2005-2006-2007-2008
Brent Barry,-0.8078862822262399,1.79265830418796,-2.6005445864142,1998-1999-2000-2001-2002-2003-2004-2005-2006-2007-2008
Travis Knight,-1.57634235593681,1.08443384622598,-2.66077620216279,1998-1999-2000-2001-2002-2003-2004-2005-2006-2007-2008
Aaron Williams,-2.12378163338692,0.54806669627404,-2.67184832966096,1998-1999-2000-2001-2002-2003-2004-2005-2006-2007-2008
Mark Bryant,-2.38495659231031,0.32271952604225,-2.7076761183525604,1998-1999-2000-2001-2002-2003-2004-2005-2006-2007-2008
Trenton Hassell,-0.61540526756781,2.14072119312927,-2.75612646069708,1998-1999-2000-2001-2002-2003-2004-2005-2006-2007-2008
Danny Ferry,-1.9287693736666298,0.82872757943315,-2.7574969530997797,1998-1999-2000-2001-2002-2003-2004-2005-2006-2007-2008
Tony Massenburg,-0.8671082976845599,2.04725979198749,-2.9143680896720503,1998-1999-2000-2001-2002-2003-2004-2005-2006-2007-2008
Otis Thorpe,-2.30093202663009,0.63188901699062,-2.9328210436207103,1998-1999-2000-2001-2002-2003-2004-2005-2006-2007-2008
DeShawn Stevenson,-1.51073297783698,1.49184399803507,-3.00257697587205,1998-1999-2000-2001-2002-2003-2004-2005-2006-2007-2008
Jacque Vaughn,-2.5669293741613997,0.47092957568988003,-3.03785894985128,1998-1999-2000-2001-2002-2003-2004-2005-2006-2007-2008
Leandro Barbosa,-0.9971167464459699,2.09853614780994,-3.09565289425591,1998-1999-2000-2001-2002-2003-2004-2005-2006-2007-2008
Samaki Walker,-2.60411885086575,1.3403901176014599,-3.94450896846721,1998-1999-2000-2001-2002-2003-2004-2005-2006-2007-2008
