Name,Off,Def,Rapm,Season
LeBron James,4.30304395641527,-2.39852129634327,6.70156525275854,2005-2006-2007-2008-2009-2010-2011-2012-2013-2014-2015
Manu Ginobili,3.20087852734007,-2.59196937539344,5.79284790273351,2005-2006-2007-2008-2009-2010-2011-2012-2013-2014-2015
Kevin Garnett,1.24059458139195,-4.3756542059938,5.61624878738575,2005-2006-2007-2008-2009-2010-2011-2012-2013-2014-2015
Russell Westbrook,3.90386268910943,-1.17495922343882,5.07882191254825,2005-2006-2007-2008-2009-2010-2011-2012-2013-2014-2015
Tim Duncan,2.7261029511782198,-1.7115050989977998,4.43760805017602,2005-2006-2007-2008-2009-2010-2011-2012-2013-2014-2015
Vince Carter,2.1845194166110598,-2.22382501398613,4.40834443059719,2005-2006-2007-2008-2009-2010-2011-2012-2013-2014-2015
Danny Green,1.3661025262186302,-2.8469807713777,4.21308329759633,2005-2006-2007-2008-2009-2010-2011-2012-2013-2014-2015
Anderson Varejao,0.87477348153162,-3.29080561397433,4.16557909550595,2005-2006-2007-2008-2009-2010-2011-2012-2013-2014-2015
Tyson Chandler,1.88249293255549,-2.27534594703544,4.157838879590931,2005-2006-2007-2008-2009-2010-2011-2012-2013-2014-2015
Draymond Green,2.1860566333371,-1.88711120050696,4.07316783384406,2005-2006-2007-2008-2009-2010-2011-2012-2013-2014-2015
Derek Fisher,1.85436324841289,-2.18679405476974,4.041157303182629,2005-2006-2007-2008-2009-2010-2011-2012-2013-2014-2015
Marcin Gortat,2.14075065903688,-1.86641005570794,4.0071607147448205,2005-2006-2007-2008-2009-2010-2011-2012-2013-2014-2015
Dwyane Wade,2.60239582331619,-1.2092648471330099,3.8116606704491995,2005-2006-2007-2008-2009-2010-2011-2012-2013-2014-2015
Dirk Nowitzki,3.81296464923873,0.08186727063280999,3.73109737860592,2005-2006-2007-2008-2009-2010-2011-2012-2013-2014-2015
James Harden,4.0465758418118005,0.37552129115486,3.6710545506569403,2005-2006-2007-2008-2009-2010-2011-2012-2013-2014-2015
Chauncey Billups,3.3963892218869502,-0.26748024935038,3.66386947123733,2005-2006-2007-2008-2009-2010-2011-2012-2013-2014-2015
Steve Nash,4.40695849214846,0.8300031811944599,3.5769553109539998,2005-2006-2007-2008-2009-2010-2011-2012-2013-2014-2015
Ray Allen,3.79378404900003,0.29298717498208005,3.5007968740179494,2005-2006-2007-2008-2009-2010-2011-2012-2013-2014-2015
Stephen Curry,2.08624556308585,-1.30599982328427,3.39224538637012,2005-2006-2007-2008-2009-2010-2011-2012-2013-2014-2015
Josh Howard,1.3943273551336,-1.9960976058262099,3.39042496095981,2005-2006-2007-2008-2009-2010-2011-2012-2013-2014-2015
Matt Barnes,2.67259454508217,-0.6677269934441,3.3403215385262697,2005-2006-2007-2008-2009-2010-2011-2012-2013-2014-2015
Patty Mills,2.53394637343394,-0.65024659072837,3.18419296416231,2005-2006-2007-2008-2009-2010-2011-2012-2013-2014-2015
Tayshaun Prince,0.78576591630639,-2.39782598340248,3.18359189970887,2005-2006-2007-2008-2009-2010-2011-2012-2013-2014-2015
Rashard Lewis,3.2229022135001997,0.11179872470662999,3.11110348879357,2005-2006-2007-2008-2009-2010-2011-2012-2013-2014-2015
Lamar Odom,1.02554636199544,-2.0779125571295203,3.10345891912496,2005-2006-2007-2008-2009-2010-2011-2012-2013-2014-2015
Blake Griffin,2.1154167144930702,-0.97704297146441,3.09245968595748,2005-2006-2007-2008-2009-2010-2011-2012-2013-2014-2015
Paul George,0.9047750529964199,-2.1582282191481497,3.0630032721445697,2005-2006-2007-2008-2009-2010-2011-2012-2013-2014-2015
Eric Bledsoe,1.07077301642893,-1.98696096249753,3.05773397892646,2005-2006-2007-2008-2009-2010-2011-2012-2013-2014-2015
David West,1.3923254105187,-1.5376121798341902,2.92993759035289,2005-2006-2007-2008-2009-2010-2011-2012-2013-2014-2015
Nick Collison,0.8834020087708699,-1.99401050579091,2.87741251456178,2005-2006-2007-2008-2009-2010-2011-2012-2013-2014-2015
Luol Deng,0.94460970634233,-1.78781398237217,2.7324236887145,2005-2006-2007-2008-2009-2010-2011-2012-2013-2014-2015
Shawn Marion,1.87737108823064,-0.85344847380664,2.73081956203728,2005-2006-2007-2008-2009-2010-2011-2012-2013-2014-2015
Kevin Durant,1.56937567598651,-1.12882352574743,2.69819920173394,2005-2006-2007-2008-2009-2010-2011-2012-2013-2014-2015
Damon Jones,1.5982386619592601,-1.07367827725621,2.67191693921547,2005-2006-2007-2008-2009-2010-2011-2012-2013-2014-2015
Jason Maxiell,0.98069264521577,-1.6902863121257798,2.67097895734155,2005-2006-2007-2008-2009-2010-2011-2012-2013-2014-2015
Jason Richardson,3.23388969490256,0.58787767812046,2.6460120167821,2005-2006-2007-2008-2009-2010-2011-2012-2013-2014-2015
Jon Barry,1.56479925655439,-0.9909781749793101,2.5557774315337,2005-2006-2007-2008-2009-2010-2011-2012-2013-2014-2015
JJ Redick,0.9475114175962701,-1.5908665884622202,2.53837800605849,2005-2006-2007-2008-2009-2010-2011-2012-2013-2014-2015
Metta World Peace,2.3131226835265797,-0.17754437990021998,2.4906670634268,2005-2006-2007-2008-2009-2010-2011-2012-2013-2014-2015
Chris Andersen,2.56906367164292,0.17311266561612998,2.3959510060267903,2005-2006-2007-2008-2009-2010-2011-2012-2013-2014-2015
Rajon Rondo,0.23222308263673,-2.12849993661605,2.36072301925278,2005-2006-2007-2008-2009-2010-2011-2012-2013-2014-2015
Tracy McGrady,1.17835491692806,-1.18106808218656,2.3594229991146203,2005-2006-2007-2008-2009-2010-2011-2012-2013-2014-2015
Harrison Barnes,0.65222580526144,-1.6729481893237201,2.32517399458516,2005-2006-2007-2008-2009-2010-2011-2012-2013-2014-2015
Joel Anthony,0.30014117917996996,-2.02206227243045,2.32220345161042,2005-2006-2007-2008-2009-2010-2011-2012-2013-2014-2015
Chris Paul,3.1060089038370102,0.7871259402022,2.31888296363481,2005-2006-2007-2008-2009-2010-2011-2012-2013-2014-2015
George Hill,1.1663853305790202,-1.12740713825713,2.2937924688361497,2005-2006-2007-2008-2009-2010-2011-2012-2013-2014-2015
Antonio Daniels,2.18836095579743,-0.09849090596078,2.28685186175821,2005-2006-2007-2008-2009-2010-2011-2012-2013-2014-2015
Shane Battier,1.09495631272913,-1.19148283202049,2.28643914474962,2005-2006-2007-2008-2009-2010-2011-2012-2013-2014-2015
Kobe Bryant,2.92114919854157,0.6903243735057599,2.2308248250358096,2005-2006-2007-2008-2009-2010-2011-2012-2013-2014-2015
Mike Dunleavy,0.88226862420047,-1.33638171176084,2.21865033596131,2005-2006-2007-2008-2009-2010-2011-2012-2013-2014-2015
Zach Randolph,0.8593047878663299,-1.3591337184427,2.2184385063090297,2005-2006-2007-2008-2009-2010-2011-2012-2013-2014-2015
Marc Gasol,-0.09733992889067,-2.30522190363208,2.20788197474141,2005-2006-2007-2008-2009-2010-2011-2012-2013-2014-2015
Pau Gasol,2.0498570674492798,-0.15553097391213,2.20538804136141,2005-2006-2007-2008-2009-2010-2011-2012-2013-2014-2015
Jason Thompson,2.02013380805435,-0.16322433344557,2.1833581414999204,2005-2006-2007-2008-2009-2010-2011-2012-2013-2014-2015
Brian Scalabrine,1.45957171660959,-0.7179467410334299,2.17751845764302,2005-2006-2007-2008-2009-2010-2011-2012-2013-2014-2015
Jason Kidd,1.2021155663390701,-0.8945826838505601,2.0966982501896303,2005-2006-2007-2008-2009-2010-2011-2012-2013-2014-2015
Kyle Korver,1.37561225007416,-0.7044569701689201,2.08006922024308,2005-2006-2007-2008-2009-2010-2011-2012-2013-2014-2015
Derrick Rose,1.28472823773085,-0.78962686621277,2.07435510394362,2005-2006-2007-2008-2009-2010-2011-2012-2013-2014-2015
Iman Shumpert,0.87461063292001,-1.1823114664828,2.05692209940281,2005-2006-2007-2008-2009-2010-2011-2012-2013-2014-2015
Dikembe Mutombo,1.1360946361444402,-0.9183793331450399,2.05447396928948,2005-2006-2007-2008-2009-2010-2011-2012-2013-2014-2015
Kawhi Leonard,0.76158180180707,-1.24817487066112,2.00975667246819,2005-2006-2007-2008-2009-2010-2011-2012-2013-2014-2015
Ben Wallace,0.03701265213986,-1.96719882282643,2.00421147496629,2005-2006-2007-2008-2009-2010-2011-2012-2013-2014-2015
Baron Davis,1.4330431633768899,-0.56799744303991,2.0010406064168,2005-2006-2007-2008-2009-2010-2011-2012-2013-2014-2015
Lavoy Allen,0.77377319792512,-1.20413754829347,1.9779107462185899,2005-2006-2007-2008-2009-2010-2011-2012-2013-2014-2015
Pablo Prigioni,0.32242157389367,-1.65189011508071,1.9743116889743797,2005-2006-2007-2008-2009-2010-2011-2012-2013-2014-2015
Paul Millsap,0.9915979668600999,-0.9552674883130099,1.94686545517311,2005-2006-2007-2008-2009-2010-2011-2012-2013-2014-2015
Fabricio Oberto,0.36611975632494,-1.5639009824278598,1.9300207387528,2005-2006-2007-2008-2009-2010-2011-2012-2013-2014-2015
Trevor Ariza,-0.03063867720804,-1.90730143208864,1.8766627548806,2005-2006-2007-2008-2009-2010-2011-2012-2013-2014-2015
Jared Dudley,1.5098713059074,-0.35245073572072,1.8623220416281199,2005-2006-2007-2008-2009-2010-2011-2012-2013-2014-2015
Mike Conley,0.49794484384288,-1.36060721125208,1.85855205509496,2005-2006-2007-2008-2009-2010-2011-2012-2013-2014-2015
Eddie Jones,0.9239609477907199,-0.92924045468968,1.8532014024803998,2005-2006-2007-2008-2009-2010-2011-2012-2013-2014-2015
Robert Horry,0.7635573751312199,-1.08552959815455,1.8490869732857698,2005-2006-2007-2008-2009-2010-2011-2012-2013-2014-2015
Raja Bell,1.52156814296546,-0.32180594931208,1.8433740922775401,2005-2006-2007-2008-2009-2010-2011-2012-2013-2014-2015
Ty Lawson,1.83800249300577,0.00043619211852052105,1.8375663008872494,2005-2006-2007-2008-2009-2010-2011-2012-2013-2014-2015
Mickael Pietrus,0.18021443492325,-1.6547207384795999,1.8349351734028498,2005-2006-2007-2008-2009-2010-2011-2012-2013-2014-2015
Gilbert Arenas,1.78788174229354,-0.030644647582480002,1.8185263898760202,2005-2006-2007-2008-2009-2010-2011-2012-2013-2014-2015
Brendan Haywood,1.22426496179029,-0.56837495619549,1.7926399179857802,2005-2006-2007-2008-2009-2010-2011-2012-2013-2014-2015
Tony Allen,0.62555511208814,-1.13636526340294,1.76192037549108,2005-2006-2007-2008-2009-2010-2011-2012-2013-2014-2015
Mario Chalmers,0.83862416335924,-0.86705931608371,1.70568347944295,2005-2006-2007-2008-2009-2010-2011-2012-2013-2014-2015
Dee Brown,0.64736640324077,-1.05608392528526,1.70345032852603,2005-2006-2007-2008-2009-2010-2011-2012-2013-2014-2015
Boris Diaw,1.75578639696404,0.059868507595300005,1.69591788936874,2005-2006-2007-2008-2009-2010-2011-2012-2013-2014-2015
Goran Dragic,1.76140754983897,0.08898209798901,1.6724254518499602,2005-2006-2007-2008-2009-2010-2011-2012-2013-2014-2015
Klay Thompson,0.7311566897376001,-0.93693778527063,1.6680944750082298,2005-2006-2007-2008-2009-2010-2011-2012-2013-2014-2015
Ben Gordon,1.2263720562459401,-0.44011432633274006,1.6664863825786802,2005-2006-2007-2008-2009-2010-2011-2012-2013-2014-2015
Roy Hibbert,0.9562131274316101,-0.68544057510974,1.64165370254135,2005-2006-2007-2008-2009-2010-2011-2012-2013-2014-2015
Tony Parker,1.74016133493697,0.11538553428931,1.6247758006476598,2005-2006-2007-2008-2009-2010-2011-2012-2013-2014-2015
Sam Cassell,1.28914311626606,-0.33495121177664,1.6240943280427003,2005-2006-2007-2008-2009-2010-2011-2012-2013-2014-2015
Rasho Nesterovic,0.87510576104552,-0.70665507057433,1.5817608316198501,2005-2006-2007-2008-2009-2010-2011-2012-2013-2014-2015
Scot Pollard,1.12803216442183,-0.44293012230207995,1.57096228672391,2005-2006-2007-2008-2009-2010-2011-2012-2013-2014-2015
Serge Ibaka,1.72703134886967,0.16113934770873,1.56589200116094,2005-2006-2007-2008-2009-2010-2011-2012-2013-2014-2015
Wilson Chandler,0.6802154157646201,-0.8636236379262301,1.54383905369085,2005-2006-2007-2008-2009-2010-2011-2012-2013-2014-2015
Channing Frye,2.04068843126643,0.52332810694133,1.5173603243251,2005-2006-2007-2008-2009-2010-2011-2012-2013-2014-2015
Jeff Teague,0.70703090103671,-0.7972070465762799,1.50423794761299,2005-2006-2007-2008-2009-2010-2011-2012-2013-2014-2015
Mike James,1.3236204103838098,-0.17909517015204998,1.50271558053586,2005-2006-2007-2008-2009-2010-2011-2012-2013-2014-2015
Al Harrington,-0.0950956933473,-1.59251994318603,1.4974242498387298,2005-2006-2007-2008-2009-2010-2011-2012-2013-2014-2015
Jason Collins,-0.055324694603359995,-1.52593890655257,1.4706142119492098,2005-2006-2007-2008-2009-2010-2011-2012-2013-2014-2015
Reggie Evans,-0.27496160431243,-1.7208680644442702,1.44590646013184,2005-2006-2007-2008-2009-2010-2011-2012-2013-2014-2015
Anthony Johnson,0.45833760214659003,-0.9612972796895399,1.41963488183613,2005-2006-2007-2008-2009-2010-2011-2012-2013-2014-2015
Bobby Jackson,0.03290742056945,-1.3750741405526699,1.40798156112212,2005-2006-2007-2008-2009-2010-2011-2012-2013-2014-2015
Josh McRoberts,1.2069999840369499,-0.18952853531570998,1.3965285193526598,2005-2006-2007-2008-2009-2010-2011-2012-2013-2014-2015
Chris Copeland,1.3259867963195,-0.059941264244919995,1.38592806056442,2005-2006-2007-2008-2009-2010-2011-2012-2013-2014-2015
Kyrylo Fesenko,0.45829828472861,-0.9056895023886,1.36398778711721,2005-2006-2007-2008-2009-2010-2011-2012-2013-2014-2015
Jermaine O'Neal,-0.10499494463598,-1.45140236283235,1.34640741819637,2005-2006-2007-2008-2009-2010-2011-2012-2013-2014-2015
Corey Maggette,0.9550837219605399,-0.37761399791846,1.3326977198789998,2005-2006-2007-2008-2009-2010-2011-2012-2013-2014-2015
Ronnie Brewer,-0.4640294874618,-1.79353302771415,1.32950354025235,2005-2006-2007-2008-2009-2010-2011-2012-2013-2014-2015
Joe Johnson,1.3825338069206,0.06455957228847001,1.31797423463213,2005-2006-2007-2008-2009-2010-2011-2012-2013-2014-2015
Andre Iguodala,1.09897365096357,-0.17825964434556,1.2772332953091299,2005-2006-2007-2008-2009-2010-2011-2012-2013-2014-2015
Scott Padgett,1.21497654241687,-0.06118237886338,1.27615892128025,2005-2006-2007-2008-2009-2010-2011-2012-2013-2014-2015
David Lee,0.61307039456991,-0.6529957392222699,1.26606613379218,2005-2006-2007-2008-2009-2010-2011-2012-2013-2014-2015
Kevin Martin,2.2420627624606704,0.9960910006655501,1.24597176179512,2005-2006-2007-2008-2009-2010-2011-2012-2013-2014-2015
Spencer Hawes,1.0457951154523901,-0.19858658160761003,1.2443816970600001,2005-2006-2007-2008-2009-2010-2011-2012-2013-2014-2015
Ryan Bowen,0.79275989416248,-0.44002970319469,1.23278959735717,2005-2006-2007-2008-2009-2010-2011-2012-2013-2014-2015
Glenn Robinson,-0.09875834489949001,-1.32747563466828,1.22871728976879,2005-2006-2007-2008-2009-2010-2011-2012-2013-2014-2015
Otto Porter Jr.,0.5489193172535499,-0.67340617720685,1.2223254944603998,2005-2006-2007-2008-2009-2010-2011-2012-2013-2014-2015
Carmelo Anthony,1.46773210512978,0.24581052386692,1.2219215812628599,2005-2006-2007-2008-2009-2010-2011-2012-2013-2014-2015
Greg Ostertag,0.47484109920340994,-0.74701951690305,1.22186061610646,2005-2006-2007-2008-2009-2010-2011-2012-2013-2014-2015
Sasha Vujacic,0.49324986583283004,-0.6949261810315099,1.18817604686434,2005-2006-2007-2008-2009-2010-2011-2012-2013-2014-2015
Michael Kidd-Gilchrist,0.49159996481598,-0.6939160230936701,1.1855159879096502,2005-2006-2007-2008-2009-2010-2011-2012-2013-2014-2015
JaVale McGee,1.07386555861199,-0.10457644019388,1.17844199880587,2005-2006-2007-2008-2009-2010-2011-2012-2013-2014-2015
Jarrett Jack,0.28882746166044,-0.8839906208728799,1.1728180825333199,2005-2006-2007-2008-2009-2010-2011-2012-2013-2014-2015
John Wall,0.06536306725357,-1.1039928313785898,1.16935589863216,2005-2006-2007-2008-2009-2010-2011-2012-2013-2014-2015
Shaquille O'Neal,0.45562466213819,-0.68150548741087,1.13713014954906,2005-2006-2007-2008-2009-2010-2011-2012-2013-2014-2015
DeMarre Carroll,0.62735725911142,-0.50061087507209,1.12796813418351,2005-2006-2007-2008-2009-2010-2011-2012-2013-2014-2015
Nikola Mirotic,0.5420469792406301,-0.57805458581169,1.12010156505232,2005-2006-2007-2008-2009-2010-2011-2012-2013-2014-2015
Anthony Davis,0.54477301214661,-0.57480864333453,1.11958165548114,2005-2006-2007-2008-2009-2010-2011-2012-2013-2014-2015
Jason Terry,2.07743353548593,0.96679402302711,1.11063951245882,2005-2006-2007-2008-2009-2010-2011-2012-2013-2014-2015
Stephen Jackson,0.98864105002374,-0.11548275029906001,1.1041238003228,2005-2006-2007-2008-2009-2010-2011-2012-2013-2014-2015
Andrei Kirilenko,1.15482150568661,0.05575522131049,1.09906628437612,2005-2006-2007-2008-2009-2010-2011-2012-2013-2014-2015
Mikki Moore,0.12811597110967,-0.9587958773438999,1.0869118484535698,2005-2006-2007-2008-2009-2010-2011-2012-2013-2014-2015
Kyrie Irving,1.46281897817449,0.40101519737783997,1.06180378079665,2005-2006-2007-2008-2009-2010-2011-2012-2013-2014-2015
Patrick Patterson,0.79382583351024,-0.26645086270767,1.06027669621791,2005-2006-2007-2008-2009-2010-2011-2012-2013-2014-2015
Lou Williams,0.89637116280687,-0.16285600295983998,1.05922716576671,2005-2006-2007-2008-2009-2010-2011-2012-2013-2014-2015
Jimmy Butler,-0.32180517717081003,-1.3764370131216,1.05463183595079,2005-2006-2007-2008-2009-2010-2011-2012-2013-2014-2015
Ish Smith,0.13556230972669,-0.9096449800067701,1.04520728973346,2005-2006-2007-2008-2009-2010-2011-2012-2013-2014-2015
Andrew Bogut,0.9865805474213301,-0.05010253991567999,1.03668308733701,2005-2006-2007-2008-2009-2010-2011-2012-2013-2014-2015
Lance Stephenson,0.13250311964713,-0.90047088772149,1.03297400736862,2005-2006-2007-2008-2009-2010-2011-2012-2013-2014-2015
Tarence Kinsey,0.76766104904122,-0.26227442470801,1.0299354737492301,2005-2006-2007-2008-2009-2010-2011-2012-2013-2014-2015
Matthew Dellavedova,-0.23826919476114,-1.26646611064513,1.0281969158839899,2005-2006-2007-2008-2009-2010-2011-2012-2013-2014-2015
Jonas Jerebko,0.20201427956613,-0.8177475590783599,1.01976183864449,2005-2006-2007-2008-2009-2010-2011-2012-2013-2014-2015
Steven Hunter,0.66276477060337,-0.35344415175934,1.01620892236271,2005-2006-2007-2008-2009-2010-2011-2012-2013-2014-2015
Pero Antic,-0.11688973843902,-1.13064277281009,1.01375303437107,2005-2006-2007-2008-2009-2010-2011-2012-2013-2014-2015
T.J. Ford,1.84500798385318,0.83323171423367,1.01177626961951,2005-2006-2007-2008-2009-2010-2011-2012-2013-2014-2015
Antoine Walker,-0.03968158618716,-1.04303873267364,1.00335714648648,2005-2006-2007-2008-2009-2010-2011-2012-2013-2014-2015
Troy Murphy,1.08036802119758,0.08121135538952,0.99915666580806,2005-2006-2007-2008-2009-2010-2011-2012-2013-2014-2015
Greg Oden,0.22821571113643999,-0.76606300959259,0.9942787207290299,2005-2006-2007-2008-2009-2010-2011-2012-2013-2014-2015
Derrick Favors,0.30404212517679996,-0.6821976783674599,0.98623980354426,2005-2006-2007-2008-2009-2010-2011-2012-2013-2014-2015
Shareef Abdur-Rahim,1.30367491460206,0.31892195880108,0.9847529558009801,2005-2006-2007-2008-2009-2010-2011-2012-2013-2014-2015
Alonzo Mourning,0.25056393254460996,-0.72149182886851,0.97205576141312,2005-2006-2007-2008-2009-2010-2011-2012-2013-2014-2015
Gordan Giricek,-0.82424965174066,-1.79203108719045,0.9677814354497898,2005-2006-2007-2008-2009-2010-2011-2012-2013-2014-2015
Isaiah Thomas,1.0378113112818899,0.07103300673587999,0.96677830454601,2005-2006-2007-2008-2009-2010-2011-2012-2013-2014-2015
Shaun Livingston,1.1170735813513502,0.16057122927758,0.95650235207377,2005-2006-2007-2008-2009-2010-2011-2012-2013-2014-2015
Greivis Vasquez,0.041265641923719995,-0.91504355817207,0.9563092000957899,2005-2006-2007-2008-2009-2010-2011-2012-2013-2014-2015
Kentavious Caldwell-Pope,0.7920427596057701,-0.15156632578976,0.94360908539553,2005-2006-2007-2008-2009-2010-2011-2012-2013-2014-2015
Dwight Howard,-0.06801369568911,-1.00914909273753,0.9411353970484199,2005-2006-2007-2008-2009-2010-2011-2012-2013-2014-2015
James Anderson,1.23605532427233,0.30886298112021,0.9271923431521198,2005-2006-2007-2008-2009-2010-2011-2012-2013-2014-2015
Morris Almond,0.14478912736393,-0.76727345269851,0.91206258006244,2005-2006-2007-2008-2009-2010-2011-2012-2013-2014-2015
Al Jefferson,0.07437931824635,-0.8353554175658799,0.90973473581223,2005-2006-2007-2008-2009-2010-2011-2012-2013-2014-2015
Walter Herrmann,0.19938646158936998,-0.70827376520842,0.90766022679779,2005-2006-2007-2008-2009-2010-2011-2012-2013-2014-2015
Derrick Williams,-0.38261815352338996,-1.2853948806879198,0.90277672716453,2005-2006-2007-2008-2009-2010-2011-2012-2013-2014-2015
Rudy Gay,0.21218495875901,-0.68363419026315,0.89581914902216,2005-2006-2007-2008-2009-2010-2011-2012-2013-2014-2015
Hamed Haddadi,0.68546442964205,-0.210240294085,0.8957047237270501,2005-2006-2007-2008-2009-2010-2011-2012-2013-2014-2015
Antawn Jamison,2.24106491562962,1.3479548435147501,0.8931100721148699,2005-2006-2007-2008-2009-2010-2011-2012-2013-2014-2015
Matt Harpring,0.9505748171501099,0.06975764253268,0.8808171746174299,2005-2006-2007-2008-2009-2010-2011-2012-2013-2014-2015
Jrue Holiday,-0.8703429683302301,-1.74947094620862,0.8791279778783899,2005-2006-2007-2008-2009-2010-2011-2012-2013-2014-2015
Luke Walton,0.33859430692216,-0.53852217507915,0.8771164820013101,2005-2006-2007-2008-2009-2010-2011-2012-2013-2014-2015
Keith Bogans,-0.19644231006249002,-1.06081712854682,0.8643748184843301,2005-2006-2007-2008-2009-2010-2011-2012-2013-2014-2015
Al-Farouq Aminu,-1.02514575112043,-1.88716978201011,0.8620240308896802,2005-2006-2007-2008-2009-2010-2011-2012-2013-2014-2015
Gary Payton,-0.3942595319508,-1.2393378120529,0.8450782801021,2005-2006-2007-2008-2009-2010-2011-2012-2013-2014-2015
Amar'e Stoudemire,2.5762879617865297,1.7322020954423498,0.84408586634418,2005-2006-2007-2008-2009-2010-2011-2012-2013-2014-2015
Danilo Gallinari,1.02740509014077,0.18624522793941,0.84115986220136,2005-2006-2007-2008-2009-2010-2011-2012-2013-2014-2015
Adrian Griffin,-0.37926508379611,-1.22029230643077,0.8410272226346601,2005-2006-2007-2008-2009-2010-2011-2012-2013-2014-2015
Rodrigue Beaubois,0.14260394934322002,-0.69312451473202,0.83572846407524,2005-2006-2007-2008-2009-2010-2011-2012-2013-2014-2015
E'Twaun Moore,-0.65464509038672,-1.47712292513514,0.82247783474842,2005-2006-2007-2008-2009-2010-2011-2012-2013-2014-2015
Rodney Rogers,0.17130508487686,-0.6431931472990801,0.8144982321759401,2005-2006-2007-2008-2009-2010-2011-2012-2013-2014-2015
Brian Cook,0.52811560215002,-0.28423488317415,0.81235048532417,2005-2006-2007-2008-2009-2010-2011-2012-2013-2014-2015
Kenneth Faried,1.5013324317500198,0.68933164538181,0.81200078636821,2005-2006-2007-2008-2009-2010-2011-2012-2013-2014-2015
Josh Boone,0.61596671545137,-0.18870414351022,0.8046708589615901,2005-2006-2007-2008-2009-2010-2011-2012-2013-2014-2015
CJ McCollum,0.9633305239350499,0.16609924576293,0.79723127817212,2005-2006-2007-2008-2009-2010-2011-2012-2013-2014-2015
Cole Aldrich,0.3332705696588,-0.45823886816897,0.7915094378277701,2005-2006-2007-2008-2009-2010-2011-2012-2013-2014-2015
Elton Brand,0.37989382448715997,-0.40887409524847,0.78876791973563,2005-2006-2007-2008-2009-2010-2011-2012-2013-2014-2015
Vin Baker,0.16326725617843,-0.6144754014145,0.7777426575929299,2005-2006-2007-2008-2009-2010-2011-2012-2013-2014-2015
Jordan Adams,0.38743437305284,-0.38615533775883,0.7735897108116699,2005-2006-2007-2008-2009-2010-2011-2012-2013-2014-2015
Ivan Johnson,-1.01369808274848,-1.77107790006691,0.75737981731843,2005-2006-2007-2008-2009-2010-2011-2012-2013-2014-2015
Richard Hamilton,-0.08739978476171001,-0.84121586332128,0.7538160785595699,2005-2006-2007-2008-2009-2010-2011-2012-2013-2014-2015
JR Smith,0.41945750696367,-0.33405754381181996,0.75351505077549,2005-2006-2007-2008-2009-2010-2011-2012-2013-2014-2015
Joffrey Lauvergne,0.57291617696871,-0.18016265657066,0.75307883353937,2005-2006-2007-2008-2009-2010-2011-2012-2013-2014-2015
Ben McLemore,0.66166217372369,-0.07931177419626,0.74097394791995,2005-2006-2007-2008-2009-2010-2011-2012-2013-2014-2015
DeMarcus Cousins,1.36437744748872,0.62359015277496,0.7407872947137599,2005-2006-2007-2008-2009-2010-2011-2012-2013-2014-2015
Brad Miller,0.77649584733021,0.03928262832035,0.73721321900986,2005-2006-2007-2008-2009-2010-2011-2012-2013-2014-2015
Anthony Tolliver,-0.5523386975214201,-1.28554491488467,0.73320621736325,2005-2006-2007-2008-2009-2010-2011-2012-2013-2014-2015
Dan Gadzuric,-0.35399300753061,-1.08446946746611,0.7304764599354999,2005-2006-2007-2008-2009-2010-2011-2012-2013-2014-2015
Jodie Meeks,-0.12468992528697001,-0.84944391984464,0.72475399455767,2005-2006-2007-2008-2009-2010-2011-2012-2013-2014-2015
Andris Biedrins,0.31404865594964,-0.41069274547655005,0.7247414014261899,2005-2006-2007-2008-2009-2010-2011-2012-2013-2014-2015
Theo Ratliff,-0.055816709783400004,-0.76768313711391,0.71186642733051,2005-2006-2007-2008-2009-2010-2011-2012-2013-2014-2015
Bracey Wright,0.46556796601552997,-0.23456011503653001,0.7001280810520599,2005-2006-2007-2008-2009-2010-2011-2012-2013-2014-2015
Dion Waiters,1.0551103262031,0.35524476002841,0.69986556617469,2005-2006-2007-2008-2009-2010-2011-2012-2013-2014-2015
Timofey Mozgov,-0.09189411544901001,-0.78517272114346,0.69327860569445,2005-2006-2007-2008-2009-2010-2011-2012-2013-2014-2015
Alan Anderson,-1.83990513181672,-2.52818473398303,0.6882796021663098,2005-2006-2007-2008-2009-2010-2011-2012-2013-2014-2015
DeMar DeRozan,1.22773869444041,0.5459447448753301,0.6817939495650799,2005-2006-2007-2008-2009-2010-2011-2012-2013-2014-2015
Kyle Weaver,0.27432991922203,-0.40307526492823,0.67740518415026,2005-2006-2007-2008-2009-2010-2011-2012-2013-2014-2015
Carlos Boozer,0.91601596152628,0.24270050069917998,0.6733154608271,2005-2006-2007-2008-2009-2010-2011-2012-2013-2014-2015
Josh Harrellson,0.12676257434796,-0.54219794008975,0.66896051443771,2005-2006-2007-2008-2009-2010-2011-2012-2013-2014-2015
Chris Singleton,-0.32319462339196003,-0.99111785370076,0.6679232303088,2005-2006-2007-2008-2009-2010-2011-2012-2013-2014-2015
Shelvin Mack,-0.10875700240018,-0.75935089039208,0.6505938879919,2005-2006-2007-2008-2009-2010-2011-2012-2013-2014-2015
Meyers Leonard,0.32070156620099,-0.32756237049284,0.64826393669383,2005-2006-2007-2008-2009-2010-2011-2012-2013-2014-2015
Chris Wright,0.1168928977616,-0.53043130304301,0.64732420080461,2005-2006-2007-2008-2009-2010-2011-2012-2013-2014-2015
Ben Uzoh,-0.43487030703691,-1.08095149708875,0.64608119005184,2005-2006-2007-2008-2009-2010-2011-2012-2013-2014-2015
Omar Cook,0.38729137407319,-0.25638522237693,0.64367659645012,2005-2006-2007-2008-2009-2010-2011-2012-2013-2014-2015
Avery Bradley,0.062254628257390004,-0.57892662865877,0.64118125691616,2005-2006-2007-2008-2009-2010-2011-2012-2013-2014-2015
Orien Greene,-0.61370129470545,-1.25182278131074,0.6381214866052901,2005-2006-2007-2008-2009-2010-2011-2012-2013-2014-2015
Daniel Gibson,0.08360192414134,-0.55162528796619,0.63522721210753,2005-2006-2007-2008-2009-2010-2011-2012-2013-2014-2015
John Lucas III,-0.99023855199923,-1.62296374872225,0.63272519672302,2005-2006-2007-2008-2009-2010-2011-2012-2013-2014-2015
Daniel Ewing,0.20806213558921,-0.42162070463957,0.6296828402287801,2005-2006-2007-2008-2009-2010-2011-2012-2013-2014-2015
Jan Vesely,-0.044724544231779996,-0.67093401581081,0.62620947157903,2005-2006-2007-2008-2009-2010-2011-2012-2013-2014-2015
Antonio Burks,0.20905795980228,-0.41256815288997,0.62162611269225,2005-2006-2007-2008-2009-2010-2011-2012-2013-2014-2015
Allen Iverson,0.28983738253538,-0.32898137661981997,0.6188187591551999,2005-2006-2007-2008-2009-2010-2011-2012-2013-2014-2015
Julyan Stone,0.5714636963159601,-0.04592996747228,0.61739366378824,2005-2006-2007-2008-2009-2010-2011-2012-2013-2014-2015
Jared Sullinger,0.25515827527589,-0.36110555237066,0.61626382764655,2005-2006-2007-2008-2009-2010-2011-2012-2013-2014-2015
Jared Reiner,0.5016174796461,-0.11365345442581999,0.61527093407192,2005-2006-2007-2008-2009-2010-2011-2012-2013-2014-2015
Nene,0.09904015552767999,-0.51324776117604,0.61228791670372,2005-2006-2007-2008-2009-2010-2011-2012-2013-2014-2015
Tornike Shengelia,0.33035720773819,-0.27955889182459004,0.60991609956278,2005-2006-2007-2008-2009-2010-2011-2012-2013-2014-2015
Rafael Araujo,0.29653894638586004,-0.31202555570125,0.6085645020871101,2005-2006-2007-2008-2009-2010-2011-2012-2013-2014-2015
Travis Diener,0.45563633796636,-0.15156319347707,0.60719953144343,2005-2006-2007-2008-2009-2010-2011-2012-2013-2014-2015
Patrick O'Bryant,0.29353390581647,-0.31310558131923,0.6066394871356999,2005-2006-2007-2008-2009-2010-2011-2012-2013-2014-2015
Taj Gibson,-1.69684018303813,-2.2874985815888103,0.5906583985506801,2005-2006-2007-2008-2009-2010-2011-2012-2013-2014-2015
Rafer Alston,-0.59584012012724,-1.18463870084262,0.58879858071538,2005-2006-2007-2008-2009-2010-2011-2012-2013-2014-2015
Tim Thomas,1.6825960446717,1.10099046133691,0.5816055833347902,2005-2006-2007-2008-2009-2010-2011-2012-2013-2014-2015
Gerald Wallace,0.10385779692744,-0.47596942904917,0.5798272259766101,2005-2006-2007-2008-2009-2010-2011-2012-2013-2014-2015
Deron Williams,2.4678870701752,1.89160241982926,0.5762846503459398,2005-2006-2007-2008-2009-2010-2011-2012-2013-2014-2015
Marquis Daniels,-0.8159920423115999,-1.3885988773267,0.5726068350150999,2005-2006-2007-2008-2009-2010-2011-2012-2013-2014-2015
Ömer Aşik,-1.05173708280376,-1.62350743120457,0.57177034840081,2005-2006-2007-2008-2009-2010-2011-2012-2013-2014-2015
Darius Miles,0.85268281988972,0.28428960451981,0.5683932153699099,2005-2006-2007-2008-2009-2010-2011-2012-2013-2014-2015
DeJuan Blair,0.45280160257068,-0.11333331266371,0.56613491523439,2005-2006-2007-2008-2009-2010-2011-2012-2013-2014-2015
Maurice Taylor,-0.10924655468598,-0.66312645892328,0.5538799042372999,2005-2006-2007-2008-2009-2010-2011-2012-2013-2014-2015
Walter McCarty,0.4465474703126,-0.10594674926849,0.55249421958109,2005-2006-2007-2008-2009-2010-2011-2012-2013-2014-2015
Nick Calathes,0.42296418719422996,-0.12910118457147998,0.55206537176571,2005-2006-2007-2008-2009-2010-2011-2012-2013-2014-2015
Darius Songaila,0.8704974462733001,0.31916779740607,0.55132964886723,2005-2006-2007-2008-2009-2010-2011-2012-2013-2014-2015
Jae Crowder,0.46460121889706,-0.08443583500983,0.5490370539068901,2005-2006-2007-2008-2009-2010-2011-2012-2013-2014-2015
Danny Granger,0.71138055289681,0.16266317754520002,0.54871737535161,2005-2006-2007-2008-2009-2010-2011-2012-2013-2014-2015
Casper Ware,0.32440335437011997,-0.22041679271667,0.5448201470867899,2005-2006-2007-2008-2009-2010-2011-2012-2013-2014-2015
Nate Robinson,1.0996639616631099,0.56010327231296,0.5395606893501499,2005-2006-2007-2008-2009-2010-2011-2012-2013-2014-2015
Bradley Beal,0.7051661063637901,0.16873596722329,0.5364301391405001,2005-2006-2007-2008-2009-2010-2011-2012-2013-2014-2015
Patrick Beverley,1.01276077429724,0.4790343275544,0.53372644674284,2005-2006-2007-2008-2009-2010-2011-2012-2013-2014-2015
Greg Monroe,-0.29615677363264,-0.8292028017181499,0.5330460280855099,2005-2006-2007-2008-2009-2010-2011-2012-2013-2014-2015
Darrick Martin,0.34534229189545,-0.1794664841446,0.5248087760400499,2005-2006-2007-2008-2009-2010-2011-2012-2013-2014-2015
Anthony Carter,0.5124755005022199,-0.0004037329600799186,0.5128792334622999,2005-2006-2007-2008-2009-2010-2011-2012-2013-2014-2015
Damian Lillard,0.66082610743003,0.14925900975849,0.5115670976715401,2005-2006-2007-2008-2009-2010-2011-2012-2013-2014-2015
Vladimir Radmanovic,1.1178378929767399,0.60888038690975,0.50895750606699,2005-2006-2007-2008-2009-2010-2011-2012-2013-2014-2015
Ekpe Udoh,0.09966393908092999,-0.40802621475719003,0.5076901538381201,2005-2006-2007-2008-2009-2010-2011-2012-2013-2014-2015
Morris Peterson,1.07190903145869,0.56615891965915,0.5057501117995401,2005-2006-2007-2008-2009-2010-2011-2012-2013-2014-2015
Brandon Davies,0.25029189235693,-0.24251539853973,0.49280729089666003,2005-2006-2007-2008-2009-2010-2011-2012-2013-2014-2015
Jason Smith,0.94799827452437,0.45921174459937,0.488786529925,2005-2006-2007-2008-2009-2010-2011-2012-2013-2014-2015
Chris Duhon,-0.47955211192556996,-0.96737970744314,0.48782759551757005,2005-2006-2007-2008-2009-2010-2011-2012-2013-2014-2015
Ndudi Ebi,0.17791772628250002,-0.30801400634632,0.48593173262881995,2005-2006-2007-2008-2009-2010-2011-2012-2013-2014-2015
Thomas Gardner,0.13392756911441,-0.34359887860375,0.47752644771816,2005-2006-2007-2008-2009-2010-2011-2012-2013-2014-2015
Kris Joseph,0.38811469901229,-0.08885927533139,0.47697397434368005,2005-2006-2007-2008-2009-2010-2011-2012-2013-2014-2015
Rasheed Wallace,0.45160378328207,-0.02320422933335,0.47480801261542,2005-2006-2007-2008-2009-2010-2011-2012-2013-2014-2015
Robert Traylor,0.9329168865568499,0.45965708830971,0.47325979824713993,2005-2006-2007-2008-2009-2010-2011-2012-2013-2014-2015
Shelden Williams,0.19910006805487,-0.26182863871097,0.46092870676583997,2005-2006-2007-2008-2009-2010-2011-2012-2013-2014-2015
Evan Fournier,-0.17182458787293,-0.6309371889988601,0.45911260112593,2005-2006-2007-2008-2009-2010-2011-2012-2013-2014-2015
Ike Diogu,-0.0962040117245,-0.54500347581858,0.44879946409408,2005-2006-2007-2008-2009-2010-2011-2012-2013-2014-2015
Cartier Martin,0.15663852820299,-0.27611658898712,0.43275511719011,2005-2006-2007-2008-2009-2010-2011-2012-2013-2014-2015
Archie Goodwin,0.26333901755689,-0.16057531971746,0.42391433727435,2005-2006-2007-2008-2009-2010-2011-2012-2013-2014-2015
Grant Hill,0.98702396217721,0.5681345396319301,0.41888942254528,2005-2006-2007-2008-2009-2010-2011-2012-2013-2014-2015
Vlade Divac,0.10736588658530001,-0.30124451023115,0.40861039681644995,2005-2006-2007-2008-2009-2010-2011-2012-2013-2014-2015
Aron Baynes,-0.08566306791347,-0.49344912915640005,0.4077860612429301,2005-2006-2007-2008-2009-2010-2011-2012-2013-2014-2015
David Stockton,0.30222499643311,-0.10460468651143999,0.40682968294455,2005-2006-2007-2008-2009-2010-2011-2012-2013-2014-2015
Doug McDermott,0.042716535174579996,-0.36264093846773,0.40535747364231,2005-2006-2007-2008-2009-2010-2011-2012-2013-2014-2015
Markieff Morris,-0.01751909101821,-0.42282245544632,0.40530336442811,2005-2006-2007-2008-2009-2010-2011-2012-2013-2014-2015
Thomas Robinson,0.03892318151772,-0.36228081699512,0.40120399851284,2005-2006-2007-2008-2009-2010-2011-2012-2013-2014-2015
Carrick Felix,0.25493803175935,-0.14453676560338,0.39947479736273,2005-2006-2007-2008-2009-2010-2011-2012-2013-2014-2015
Kenyon Martin,-0.28296639536829,-0.67938167124124,0.39641527587294995,2005-2006-2007-2008-2009-2010-2011-2012-2013-2014-2015
Christian Eyenga,0.20272036026655,-0.19304109927141,0.39576145953796,2005-2006-2007-2008-2009-2010-2011-2012-2013-2014-2015
Javaris Crittenton,0.28097452463856,-0.11082633231580001,0.39180085695436007,2005-2006-2007-2008-2009-2010-2011-2012-2013-2014-2015
Bobby Jones,0.44131456862651,0.06016623802312,0.38114833060339,2005-2006-2007-2008-2009-2010-2011-2012-2013-2014-2015
Viacheslav Kravtsov,0.10353137744532001,-0.27605060950391996,0.37958198694923995,2005-2006-2007-2008-2009-2010-2011-2012-2013-2014-2015
Kevin Jones,0.21553169788314,-0.15818645676469,0.37371815464783004,2005-2006-2007-2008-2009-2010-2011-2012-2013-2014-2015
O.J. Mayo,0.37652765488209,0.008059433819322679,0.36846822106276733,2005-2006-2007-2008-2009-2010-2011-2012-2013-2014-2015
Noah Vonleh,0.15475768758628,-0.21327723596598,0.36803492355226,2005-2006-2007-2008-2009-2010-2011-2012-2013-2014-2015
Andre Owens,0.24533660297812,-0.11939038387394,0.36472698685206,2005-2006-2007-2008-2009-2010-2011-2012-2013-2014-2015
Fred Hoiberg,0.34025579705663,-0.012465432870959999,0.35272122992759003,2005-2006-2007-2008-2009-2010-2011-2012-2013-2014-2015
Sean Williams,0.012621781694839998,-0.33273167831428996,0.34535346000913,2005-2006-2007-2008-2009-2010-2011-2012-2013-2014-2015
Wesley Johnson,0.09729409975406,-0.24656311998986,0.34385721974392,2005-2006-2007-2008-2009-2010-2011-2012-2013-2014-2015
Cory Joseph,-0.44969269687105,-0.7930331370525799,0.34334044018153,2005-2006-2007-2008-2009-2010-2011-2012-2013-2014-2015
Nick Van Exel,0.27294260644532997,-0.06931038584366,0.34225299228899,2005-2006-2007-2008-2009-2010-2011-2012-2013-2014-2015
Jack Cooley,0.12526513105939,-0.21675045560005002,0.34201558665944004,2005-2006-2007-2008-2009-2010-2011-2012-2013-2014-2015
Bo Outlaw,0.16820065578357,-0.16969613313528,0.33789678891885,2005-2006-2007-2008-2009-2010-2011-2012-2013-2014-2015
Dwayne Jones,-0.62617677575464,-0.96243059775431,0.33625382199966997,2005-2006-2007-2008-2009-2010-2011-2012-2013-2014-2015
Chuck Hayes,-1.75615720912333,-2.08949795160643,0.3333407424831,2005-2006-2007-2008-2009-2010-2011-2012-2013-2014-2015
Jameer Nelson,0.71273105083008,0.38365174892822,0.32907930190186,2005-2006-2007-2008-2009-2010-2011-2012-2013-2014-2015
Lawrence Funderburke,0.42031436907863995,0.09141869474014,0.3288956743385,2005-2006-2007-2008-2009-2010-2011-2012-2013-2014-2015
Steven Smith,-0.10688073317487001,-0.43558026864880994,0.32869953547393993,2005-2006-2007-2008-2009-2010-2011-2012-2013-2014-2015
Yakhouba Diawara,-0.07951202429433,-0.40736599994028005,0.32785397564595004,2005-2006-2007-2008-2009-2010-2011-2012-2013-2014-2015
Nik Stauskas,0.1859549495307,-0.13853133850735,0.32448628803804996,2005-2006-2007-2008-2009-2010-2011-2012-2013-2014-2015
Elliot Williams,0.12150376431644999,-0.20282585869019001,0.32432962300664003,2005-2006-2007-2008-2009-2010-2011-2012-2013-2014-2015
Ricky Rubio,-0.12932549654816,-0.45269970842788,0.32337421187972,2005-2006-2007-2008-2009-2010-2011-2012-2013-2014-2015
Tyler Zeller,0.2802995629608,-0.03999313554212,0.32029269850291997,2005-2006-2007-2008-2009-2010-2011-2012-2013-2014-2015
Nicolas Batum,0.97076078403986,0.6526569522358799,0.31810383180398,2005-2006-2007-2008-2009-2010-2011-2012-2013-2014-2015
Bonzi Wells,0.20914279041357003,-0.09739629148896001,0.30653908190253,2005-2006-2007-2008-2009-2010-2011-2012-2013-2014-2015
JaJuan Johnson,-0.74491522690272,-1.0470134947924399,0.3020982678897199,2005-2006-2007-2008-2009-2010-2011-2012-2013-2014-2015
Ha Ha,0.11731667771726999,-0.1839032225093,0.30121990022656997,2005-2006-2007-2008-2009-2010-2011-2012-2013-2014-2015
Laron Profit,0.24085288614842,-0.05791953631743,0.29877242246585,2005-2006-2007-2008-2009-2010-2011-2012-2013-2014-2015
Kyle Singler,0.56293796243643,0.26507715735707,0.29786080507936,2005-2006-2007-2008-2009-2010-2011-2012-2013-2014-2015
Dahntay Jones,-0.53752272134306,-0.83247916519806,0.2949564438549999,2005-2006-2007-2008-2009-2010-2011-2012-2013-2014-2015
Enes Freedom,0.29108699536645,-0.00229067270282819,0.2933776680692782,2005-2006-2007-2008-2009-2010-2011-2012-2013-2014-2015
Jarvis Varnado,0.31661238644148,0.02681703824376,0.28979534819772,2005-2006-2007-2008-2009-2010-2011-2012-2013-2014-2015
Mitch McGary,0.24858499624005,-0.04084539664075,0.2894303928808,2005-2006-2007-2008-2009-2010-2011-2012-2013-2014-2015
John Thomas,0.33854937216474,0.05051069448019,0.28803867768455005,2005-2006-2007-2008-2009-2010-2011-2012-2013-2014-2015
Darius Miller,0.46846582453432,0.18125519954935002,0.28721062498497,2005-2006-2007-2008-2009-2010-2011-2012-2013-2014-2015
Josh Davis,-0.13800442496082999,-0.42512673315601,0.28712230819518003,2005-2006-2007-2008-2009-2010-2011-2012-2013-2014-2015
Tyreke Evans,2.06763331016944,1.78091314498217,0.28672016518727017,2005-2006-2007-2008-2009-2010-2011-2012-2013-2014-2015
Jannero Pargo,-0.51382704623956,-0.79512494233829,0.28129789609873007,2005-2006-2007-2008-2009-2010-2011-2012-2013-2014-2015
Anthony Roberson,0.07015449584171,-0.20596859379702998,0.27612308963874,2005-2006-2007-2008-2009-2010-2011-2012-2013-2014-2015
Quinton Ross,1.27642752496763,1.00122874140936,0.2751987835582701,2005-2006-2007-2008-2009-2010-2011-2012-2013-2014-2015
Robert Sacre,0.10782305365627,-0.16586321983868,0.27368627349495,2005-2006-2007-2008-2009-2010-2011-2012-2013-2014-2015
Sergio Rodriguez,0.5647146574972001,0.29241791986237997,0.27229673763482004,2005-2006-2007-2008-2009-2010-2011-2012-2013-2014-2015
JaMychal Green,-0.01680121686279,-0.28898396700851003,0.27218275014572,2005-2006-2007-2008-2009-2010-2011-2012-2013-2014-2015
DJ Mbenga,-0.46619974047272,-0.7359961490697899,0.26979640859707,2005-2006-2007-2008-2009-2010-2011-2012-2013-2014-2015
Gary Neal,1.12088564751834,0.8615531357252,0.25933251179313993,2005-2006-2007-2008-2009-2010-2011-2012-2013-2014-2015
Jose Calderon,1.3328209233702502,1.07630105753502,0.2565198658352301,2005-2006-2007-2008-2009-2010-2011-2012-2013-2014-2015
James Augustine,0.25450151677568,-0.00019795807458176986,0.2546994748502618,2005-2006-2007-2008-2009-2010-2011-2012-2013-2014-2015
Solomon Hill,0.33584236044471,0.08325959712945,0.25258276331526003,2005-2006-2007-2008-2009-2010-2011-2012-2013-2014-2015
Jared Jeffries,-0.006533646891727641,-0.25688838325831,0.25035473636658234,2005-2006-2007-2008-2009-2010-2011-2012-2013-2014-2015
Antonio Davis,-0.35999839498193004,-0.6093840261994901,0.24938563121756,2005-2006-2007-2008-2009-2010-2011-2012-2013-2014-2015
Pape Sy,0.05310724272411,-0.19572768406769,0.24883492679180003,2005-2006-2007-2008-2009-2010-2011-2012-2013-2014-2015
Jeffery Taylor,0.38520667087331,0.13662413399787,0.24858253687544,2005-2006-2007-2008-2009-2010-2011-2012-2013-2014-2015
Bobby Simmons,0.08087893649879,-0.16544167004296,0.24632060654175003,2005-2006-2007-2008-2009-2010-2011-2012-2013-2014-2015
Linas Kleiza,-0.27089366222935,-0.51628002783406,0.24538636560471,2005-2006-2007-2008-2009-2010-2011-2012-2013-2014-2015
Michael Sweetney,0.80375035545164,0.56252090682608,0.24122944862555998,2005-2006-2007-2008-2009-2010-2011-2012-2013-2014-2015
Travis Outlaw,1.00330788435005,0.76499560940786,0.23831227494218993,2005-2006-2007-2008-2009-2010-2011-2012-2013-2014-2015
Othello Hunter,0.00435798563134285,-0.23215222469939,0.23651021033073283,2005-2006-2007-2008-2009-2010-2011-2012-2013-2014-2015
Jonny Flynn,0.3752087931325,0.1388119113399,0.23639688179260002,2005-2006-2007-2008-2009-2010-2011-2012-2013-2014-2015
Elijah Millsap,0.04866523828357,-0.18772824261388,0.23639348089745,2005-2006-2007-2008-2009-2010-2011-2012-2013-2014-2015
Mark Jones,0.26473828948030004,0.03371846062383,0.23101982885647002,2005-2006-2007-2008-2009-2010-2011-2012-2013-2014-2015
Kevin Burleson,-0.12965148249697,-0.36009272151312,0.23044123901615,2005-2006-2007-2008-2009-2010-2011-2012-2013-2014-2015
Brook Lopez,-0.28310910621196,-0.51251087582301,0.22940176961105002,2005-2006-2007-2008-2009-2010-2011-2012-2013-2014-2015
James Ennis III,0.10960121352734001,-0.1149235735227,0.22452478705003998,2005-2006-2007-2008-2009-2010-2011-2012-2013-2014-2015
Tyler Johnson,0.10960121352734001,-0.1149235735227,0.22452478705003998,2005-2006-2007-2008-2009-2010-2011-2012-2013-2014-2015
Jalen Rose,0.56944100017752,0.35154519423319996,0.21789580594432004,2005-2006-2007-2008-2009-2010-2011-2012-2013-2014-2015
Peja Stojakovic,1.28357766598347,1.06709817737006,0.21647948861340996,2005-2006-2007-2008-2009-2010-2011-2012-2013-2014-2015
Erik Daniels,0.0003609632010296813,-0.21377449774930998,0.21413546095033967,2005-2006-2007-2008-2009-2010-2011-2012-2013-2014-2015
Nando De Colo,0.01579820652159,-0.19756878866042998,0.21336699518202,2005-2006-2007-2008-2009-2010-2011-2012-2013-2014-2015
Jeff Ayres,0.5692024162966,0.35649487035973,0.21270754593686997,2005-2006-2007-2008-2009-2010-2011-2012-2013-2014-2015
James Young,0.26522612409873,0.057020765877459995,0.20820535822126998,2005-2006-2007-2008-2009-2010-2011-2012-2013-2014-2015
David Wesley,0.68774913514468,0.48094752878276,0.20680160636192,2005-2006-2007-2008-2009-2010-2011-2012-2013-2014-2015
Jordan Hamilton,0.30652889503419,0.10072705467004,0.20580184036415,2005-2006-2007-2008-2009-2010-2011-2012-2013-2014-2015
Erick Green,0.37323952990635,0.16950093670177,0.20373859320458,2005-2006-2007-2008-2009-2010-2011-2012-2013-2014-2015
Kosta Koufos,-0.03033730778617,-0.2330941537819,0.20275684599572996,2005-2006-2007-2008-2009-2010-2011-2012-2013-2014-2015
Dante Cunningham,0.2783113172235,0.07732574811979,0.20098556910371,2005-2006-2007-2008-2009-2010-2011-2012-2013-2014-2015
Andre Roberson,0.33676016185764,0.14084342373498002,0.19591673812266003,2005-2006-2007-2008-2009-2010-2011-2012-2013-2014-2015
LaMarcus Aldridge,0.8746572757604401,0.67892051582924,0.1957367599312001,2005-2006-2007-2008-2009-2010-2011-2012-2013-2014-2015
Allan Ray,-0.16233812914311002,-0.35408126237537,0.19174313323226,2005-2006-2007-2008-2009-2010-2011-2012-2013-2014-2015
Clar. Weatherspoon,0.12858512361117,-0.06292559642756,0.19151072003873001,2005-2006-2007-2008-2009-2010-2011-2012-2013-2014-2015
James Michael McAdoo,0.06255775105338,-0.12627991438337,0.18883766543675,2005-2006-2007-2008-2009-2010-2011-2012-2013-2014-2015
Jeff Withey,-0.21893567178495,-0.40406919018821,0.18513351840326003,2005-2006-2007-2008-2009-2010-2011-2012-2013-2014-2015
Devin Ebanks,-0.12358019268901999,-0.30859052827621003,0.18501033558719002,2005-2006-2007-2008-2009-2010-2011-2012-2013-2014-2015
Cory Jefferson,0.10783609681929,-0.07644059769601,0.1842766945153,2005-2006-2007-2008-2009-2010-2011-2012-2013-2014-2015
Stephen Graham,-0.12538356426291,-0.30618389873249,0.18080033446958002,2005-2006-2007-2008-2009-2010-2011-2012-2013-2014-2015
Charles Jenkins,-0.47254471863252,-0.65064085612485,0.17809613749233,2005-2006-2007-2008-2009-2010-2011-2012-2013-2014-2015
Joe Crawford,-0.07481121114315,-0.25286301086743,0.17805179972428,2005-2006-2007-2008-2009-2010-2011-2012-2013-2014-2015
Yaroslav Korolev,-0.049290354353489996,-0.22232861747091998,0.17303826311742998,2005-2006-2007-2008-2009-2010-2011-2012-2013-2014-2015
Lynn Greer,0.19381055583048,0.021494624586369998,0.17231593124411002,2005-2006-2007-2008-2009-2010-2011-2012-2013-2014-2015
Shavlik Randolph,0.10238683450835,-0.06266130659495,0.16504814110330002,2005-2006-2007-2008-2009-2010-2011-2012-2013-2014-2015
Anthony Bennett,0.40890162925605,0.25079932856494,0.15810230069111,2005-2006-2007-2008-2009-2010-2011-2012-2013-2014-2015
James Posey,-0.15758100314046,-0.31291108855495997,0.15533008541449997,2005-2006-2007-2008-2009-2010-2011-2012-2013-2014-2015
Kelly Olynyk,0.55574361530837,0.40419027391233,0.15155334139604001,2005-2006-2007-2008-2009-2010-2011-2012-2013-2014-2015
Chris Richard,-0.0009973224816491582,-0.14986194030967,0.14886461782802085,2005-2006-2007-2008-2009-2010-2011-2012-2013-2014-2015
Stephane Lasme,0.33149468919822,0.18270536982357,0.14878931937464998,2005-2006-2007-2008-2009-2010-2011-2012-2013-2014-2015
Shawne Williams,0.48450634724405,0.33730969809482003,0.14719664914922997,2005-2006-2007-2008-2009-2010-2011-2012-2013-2014-2015
Othyus Jeffers,0.045240515577740004,-0.10038680452773,0.14562732010547,2005-2006-2007-2008-2009-2010-2011-2012-2013-2014-2015
Dwight Powell,0.058167769652720004,-0.08543013026171001,0.14359789991443,2005-2006-2007-2008-2009-2010-2011-2012-2013-2014-2015
Jonas Valanciunas,0.5174387851771499,0.3750203701622,0.14241841501494995,2005-2006-2007-2008-2009-2010-2011-2012-2013-2014-2015
Elden Campbell,-0.8800023644433,-1.02159831539703,0.1415959509537299,2005-2006-2007-2008-2009-2010-2011-2012-2013-2014-2015
Courtney Lee,0.28161836056837997,0.14038386886062,0.14123449170775998,2005-2006-2007-2008-2009-2010-2011-2012-2013-2014-2015
Brandon Knight,-0.21123951257957999,-0.35051550919465,0.13927599661507,2005-2006-2007-2008-2009-2010-2011-2012-2013-2014-2015
Justin Dentmon,-0.04011045539833,-0.17803689429243,0.1379264388941,2005-2006-2007-2008-2009-2010-2011-2012-2013-2014-2015
Jumaine Jones,0.7215270084532,0.58416259274823,0.13736441570497,2005-2006-2007-2008-2009-2010-2011-2012-2013-2014-2015
Andres Nocioni,0.05852507417724,-0.07854921798502999,0.13707429216227,2005-2006-2007-2008-2009-2010-2011-2012-2013-2014-2015
Robert Swift,0.06283370511067,-0.06924358640168,0.13207729151235,2005-2006-2007-2008-2009-2010-2011-2012-2013-2014-2015
Kyle Anderson,0.12662766288533,-0.004431744455111005,0.131059407340441,2005-2006-2007-2008-2009-2010-2011-2012-2013-2014-2015
Voshon Lenard,0.46719163836502997,0.33780685674296,0.12938478162206998,2005-2006-2007-2008-2009-2010-2011-2012-2013-2014-2015
Alexey Shved,0.1216717408092,-0.00620151358194795,0.12787325439114794,2005-2006-2007-2008-2009-2010-2011-2012-2013-2014-2015
Russ Smith,0.05625347720111,-0.07063006113861,0.12688353833972002,2005-2006-2007-2008-2009-2010-2011-2012-2013-2014-2015
Roko Ukic,-0.017691906505380002,-0.14125397491875,0.12356206841337,2005-2006-2007-2008-2009-2010-2011-2012-2013-2014-2015
Lawrence Roberts,-0.08123774580767,-0.20429022401101,0.12305247820333998,2005-2006-2007-2008-2009-2010-2011-2012-2013-2014-2015
Bobby Brown,-0.01363472637737,-0.13346424197925,0.11982951560188002,2005-2006-2007-2008-2009-2010-2011-2012-2013-2014-2015
Jamaal Magloire,1.45701420690831,1.34033432250368,0.11667988440463001,2005-2006-2007-2008-2009-2010-2011-2012-2013-2014-2015
Chris Johnson,0.20946909849064999,0.09485446092829002,0.11461463756235997,2005-2006-2007-2008-2009-2010-2011-2012-2013-2014-2015
Ricky Ledo,0.07035207162113,-0.04407806729417,0.11443013891530002,2005-2006-2007-2008-2009-2010-2011-2012-2013-2014-2015
Zaza Pachulia,0.13573406745941,0.02144262652354,0.11429144093587,2005-2006-2007-2008-2009-2010-2011-2012-2013-2014-2015
Tony Mitchell,0.052299916317850005,-0.059643308693000004,0.11194322501085,2005-2006-2007-2008-2009-2010-2011-2012-2013-2014-2015
Mario Kasun,0.10472829684903999,-0.006763987775657025,0.11149228462469703,2005-2006-2007-2008-2009-2010-2011-2012-2013-2014-2015
Ime Udoka,-0.67204638351103,-0.78255452134,0.11050813782897007,2005-2006-2007-2008-2009-2010-2011-2012-2013-2014-2015
Pavel Podkolzin,-0.28176290689223,-0.39198342688756005,0.11022051999533002,2005-2006-2007-2008-2009-2010-2011-2012-2013-2014-2015
Drew Gooden,-0.55787923201829,-0.66566071654204,0.10778148452374997,2005-2006-2007-2008-2009-2010-2011-2012-2013-2014-2015
Pat Garrity,0.18150301218262,0.07470736118252,0.1067956510001,2005-2006-2007-2008-2009-2010-2011-2012-2013-2014-2015
Luther Head,-0.79002019752446,-0.89345218359063,0.10343198606617005,2005-2006-2007-2008-2009-2010-2011-2012-2013-2014-2015
Bernard James,0.13735340374038998,0.034326901436810005,0.10302650230357999,2005-2006-2007-2008-2009-2010-2011-2012-2013-2014-2015
Anthony Randolph,0.57969839292091,0.47771800779290996,0.10198038512800002,2005-2006-2007-2008-2009-2010-2011-2012-2013-2014-2015
Richie Frahm,-0.28323169245965,-0.38467726075936,0.10144556829970999,2005-2006-2007-2008-2009-2010-2011-2012-2013-2014-2015
Alec Burks,-0.76539021735443,-0.8656825008842,0.10029228352976997,2005-2006-2007-2008-2009-2010-2011-2012-2013-2014-2015
Trey Thompkins,0.028508676853489998,-0.07130259094462,0.09981126779811,2005-2006-2007-2008-2009-2010-2011-2012-2013-2014-2015
Ray McCallum,0.1599617651963,0.06525427853429,0.09470748666201001,2005-2006-2007-2008-2009-2010-2011-2012-2013-2014-2015
Arvydas Macijauskas,0.21307738603963,0.12469410960464002,0.08838327643499,2005-2006-2007-2008-2009-2010-2011-2012-2013-2014-2015
David Noel,0.18412368314344002,0.09938590788690001,0.08473777525654,2005-2006-2007-2008-2009-2010-2011-2012-2013-2014-2015
Adonis Thomas,0.15788385869153,0.07472432109697,0.08315953759455999,2005-2006-2007-2008-2009-2010-2011-2012-2013-2014-2015
Mardy Collins,0.15583874443566,0.07432088628897,0.08151785814668999,2005-2006-2007-2008-2009-2010-2011-2012-2013-2014-2015
Tony Snell,-0.5727548357949199,-0.6536867330287,0.08093189723378004,2005-2006-2007-2008-2009-2010-2011-2012-2013-2014-2015
J.J. Barea,0.13618211608992,0.05779374863543,0.07838836745449,2005-2006-2007-2008-2009-2010-2011-2012-2013-2014-2015
Justin Hamilton,-0.08180954881798999,-0.15809093225258,0.07628138343459001,2005-2006-2007-2008-2009-2010-2011-2012-2013-2014-2015
Aaron Gray,0.47969986490495997,0.40537860295742,0.07432126194753999,2005-2006-2007-2008-2009-2010-2011-2012-2013-2014-2015
Greg Buckner,-1.6734540604130599,-1.74526334173961,0.07180928132655001,2005-2006-2007-2008-2009-2010-2011-2012-2013-2014-2015
Xavier Henry,-0.57007858224872,-0.64182252348038,0.07174394123166004,2005-2006-2007-2008-2009-2010-2011-2012-2013-2014-2015
John Jenkins,-0.15961280375502,-0.23066499722942,0.0710521934744,2005-2006-2007-2008-2009-2010-2011-2012-2013-2014-2015
Tony Wroten,-0.23053677946902,-0.30067761282619,0.07014083335716999,2005-2006-2007-2008-2009-2010-2011-2012-2013-2014-2015
Brandan Wright,0.11353904152291999,0.0453931325001,0.06814590902282,2005-2006-2007-2008-2009-2010-2011-2012-2013-2014-2015
Jeff Adrien,0.36634421950914,0.29998579854764,0.06635842096149999,2005-2006-2007-2008-2009-2010-2011-2012-2013-2014-2015
Michael Bradley,-0.15524196020594,-0.22150288978531,0.06626092957937,2005-2006-2007-2008-2009-2010-2011-2012-2013-2014-2015
Brian Roberts,-0.10188252732053,-0.16675773093828,0.06487520361774998,2005-2006-2007-2008-2009-2010-2011-2012-2013-2014-2015
Jawad Williams,-0.008587550743861392,-0.06942475235665,0.060837201612788605,2005-2006-2007-2008-2009-2010-2011-2012-2013-2014-2015
Jeremy Richardson,-0.046319458702369996,-0.10325411380932,0.056934655106950005,2005-2006-2007-2008-2009-2010-2011-2012-2013-2014-2015
Junior Harrington,0.27348385865358,0.22054618514641,0.05293767350716999,2005-2006-2007-2008-2009-2010-2011-2012-2013-2014-2015
Donta Smith,-0.37753926576458996,-0.43010530378088,0.052566038016290055,2005-2006-2007-2008-2009-2010-2011-2012-2013-2014-2015
Rodney Carney,0.44363108039849003,0.39249445523156,0.05113662516693,2005-2006-2007-2008-2009-2010-2011-2012-2013-2014-2015
Primoz Brezec,-0.31962585124445,-0.36935391787957,0.04972806663512,2005-2006-2007-2008-2009-2010-2011-2012-2013-2014-2015
Quincy Pondexter,-0.27993915193368,-0.32761531449933,0.04767616256564997,2005-2006-2007-2008-2009-2010-2011-2012-2013-2014-2015
Kenny Thomas,0.58664865776008,0.5419228578795,0.044725799880580064,2005-2006-2007-2008-2009-2010-2011-2012-2013-2014-2015
Demetris Nichols,-0.052488015670429995,-0.09645632088775,0.04396830521732001,2005-2006-2007-2008-2009-2010-2011-2012-2013-2014-2015
Jerome Williams,0.59327331532487,0.55195931254148,0.041314002783390036,2005-2006-2007-2008-2009-2010-2011-2012-2013-2014-2015
John Edwards,0.08305063175535,0.04423995778606,0.038810673969290006,2005-2006-2007-2008-2009-2010-2011-2012-2013-2014-2015
Ronnie Price,-0.08586065259514,-0.12249110333842,0.03663045074328001,2005-2006-2007-2008-2009-2010-2011-2012-2013-2014-2015
Nikoloz Tskitishvili,-0.053523734064799995,-0.08786130710902999,0.03433757304423,2005-2006-2007-2008-2009-2010-2011-2012-2013-2014-2015
Josh Selby,0.06993092985734001,0.03632400596063,0.03360692389671,2005-2006-2007-2008-2009-2010-2011-2012-2013-2014-2015
Renaldo Balkman,-0.22535630379205998,-0.25853540268167996,0.03317909888961999,2005-2006-2007-2008-2009-2010-2011-2012-2013-2014-2015
Kevin Willis,0.07981297145338001,0.04675665847697,0.033056312976410006,2005-2006-2007-2008-2009-2010-2011-2012-2013-2014-2015
Lionel Chalmers,-0.09734109006855,-0.1218720471209,0.024530957052349995,2005-2006-2007-2008-2009-2010-2011-2012-2013-2014-2015
Vassilis Spanoulis,-0.0099507628536678,-0.034333329847690004,0.024382566994022203,2005-2006-2007-2008-2009-2010-2011-2012-2013-2014-2015
Jerome Dyson,-1.11938579042059,-1.14362807506745,0.02424228464686009,2005-2006-2007-2008-2009-2010-2011-2012-2013-2014-2015
Lindsey Hunter,-0.94716136194559,-0.9700532696487499,0.022891907703159915,2005-2006-2007-2008-2009-2010-2011-2012-2013-2014-2015
Tyshawn Taylor,0.15656058607321,0.1339294205438,0.02263116552941001,2005-2006-2007-2008-2009-2010-2011-2012-2013-2014-2015
Billy Thomas,0.15987225164477,0.13903005370541002,0.020842197939359992,2005-2006-2007-2008-2009-2010-2011-2012-2013-2014-2015
Eric Snow,-1.73699786259419,-1.75645966995636,0.01946180736216996,2005-2006-2007-2008-2009-2010-2011-2012-2013-2014-2015
Andre Barrett,0.32703540038338,0.30892570223858,0.018109698144800006,2005-2006-2007-2008-2009-2010-2011-2012-2013-2014-2015
Bismack Biyombo,-0.80538126716388,-0.8216998711176,0.01631860395371991,2005-2006-2007-2008-2009-2010-2011-2012-2013-2014-2015
Salim Stoudamire,0.22077410202212003,0.20803341347785,0.012740688544270011,2005-2006-2007-2008-2009-2010-2011-2012-2013-2014-2015
Cory Alexander,-0.03630037884609,-0.04754737984838,0.011247001002289998,2005-2006-2007-2008-2009-2010-2011-2012-2013-2014-2015
Jacque Vaughn,-0.9714223926234399,-0.97894956356654,0.0075271709431000075,2005-2006-2007-2008-2009-2010-2011-2012-2013-2014-2015
Donte Greene,-0.17775842133607,-0.18267791868876998,0.004919497352699992,2005-2006-2007-2008-2009-2010-2011-2012-2013-2014-2015
Damjan Rudez,-0.03493467780603,-0.036874874580900004,0.0019401967748700023,2005-2006-2007-2008-2009-2010-2011-2012-2013-2014-2015
Corey Brewer,0.047706927152410004,0.04639762579757,0.0013093013548400023,2005-2006-2007-2008-2009-2010-2011-2012-2013-2014-2015
Daniel Santiago,-0.013800865552190001,-0.01337100886653,-0.00042985668566000083,2005-2006-2007-2008-2009-2010-2011-2012-2013-2014-2015
Bryce Cotton,-0.10386965050880001,-0.10063419059486,-0.003235459913940005,2005-2006-2007-2008-2009-2010-2011-2012-2013-2014-2015
Carl Landry,-0.87677286814094,-0.87342638767414,-0.003346480466799931,2005-2006-2007-2008-2009-2010-2011-2012-2013-2014-2015
Will Conroy,-0.07592811495357,-0.0714824250772,-0.0044456898763699975,2005-2006-2007-2008-2009-2010-2011-2012-2013-2014-2015
Sebastian Telfair,-0.51822794672312,-0.51322116500964,-0.005006781713479992,2005-2006-2007-2008-2009-2010-2011-2012-2013-2014-2015
Ryan Kelly,0.02347208353369,0.03106724498716,-0.00759516145347,2005-2006-2007-2008-2009-2010-2011-2012-2013-2014-2015
Jamaal Franklin,0.245313550069,0.25438631190694,-0.009072761837940028,2005-2006-2007-2008-2009-2010-2011-2012-2013-2014-2015
Jimmer Fredette,0.07266585936829,0.08174124022196,-0.00907538085367,2005-2006-2007-2008-2009-2010-2011-2012-2013-2014-2015
Tim Frazier,-0.038589629974800005,-0.024624627501329998,-0.013965002473470003,2005-2006-2007-2008-2009-2010-2011-2012-2013-2014-2015
Dominique Jones,-0.22759675815476,-0.21347758849427,-0.014119169660489978,2005-2006-2007-2008-2009-2010-2011-2012-2013-2014-2015
Alexander Johnson,0.06764851483474,0.08258681897003,-0.014938304135289994,2005-2006-2007-2008-2009-2010-2011-2012-2013-2014-2015
Brandon Hunter,0.19152564158742,0.21307517031737,-0.021549528729949995,2005-2006-2007-2008-2009-2010-2011-2012-2013-2014-2015
Kevin Love,0.5367071717751599,0.5616323928789799,-0.02492522110382001,2005-2006-2007-2008-2009-2010-2011-2012-2013-2014-2015
Kendall Marshall,0.29981122617507,0.3258350331808,-0.02602380700573001,2005-2006-2007-2008-2009-2010-2011-2012-2013-2014-2015
Michael Finley,-0.025417683176539998,0.0011556002335213207,-0.02657328341006132,2005-2006-2007-2008-2009-2010-2011-2012-2013-2014-2015
Nemanja Nedovic,0.0,0.02990980636134,-0.02990980636134,2005-2006-2007-2008-2009-2010-2011-2012-2013-2014-2015
Tarik Black,0.06665604867343,0.09800946092729,-0.031353412253860014,2005-2006-2007-2008-2009-2010-2011-2012-2013-2014-2015
Lester Hudson,-0.45009088474035003,-0.41757030325245,-0.03252058148790005,2005-2006-2007-2008-2009-2010-2011-2012-2013-2014-2015
Trey Burke,0.10750713133184,0.1427407071686,-0.03523357583675999,2005-2006-2007-2008-2009-2010-2011-2012-2013-2014-2015
Jake Voskuhl,-0.9862806181065,-0.9506291522111999,-0.03565146589530003,2005-2006-2007-2008-2009-2010-2011-2012-2013-2014-2015
Andre Drummond,0.39165117243231,0.42835531715624003,-0.03670414472393005,2005-2006-2007-2008-2009-2010-2011-2012-2013-2014-2015
Solomon Alabi,-0.51207961208535,-0.47437764279791,-0.03770196928744003,2005-2006-2007-2008-2009-2010-2011-2012-2013-2014-2015
Jermareo Davidson,-0.11271553163964002,-0.07490295896511,-0.03781257267453001,2005-2006-2007-2008-2009-2010-2011-2012-2013-2014-2015
Ian Clark,0.15260838624605,0.19196785048615,-0.03935946424009999,2005-2006-2007-2008-2009-2010-2011-2012-2013-2014-2015
JaKarr Sampson,-0.10949653922603,-0.06949905809913,-0.0399974811269,2005-2006-2007-2008-2009-2010-2011-2012-2013-2014-2015
Awvee Storey,-0.41356406706916,-0.37288108750339,-0.040682979565769994,2005-2006-2007-2008-2009-2010-2011-2012-2013-2014-2015
Hollis Thompson,0.10554054362186,0.15202474060906,-0.04648419698719999,2005-2006-2007-2008-2009-2010-2011-2012-2013-2014-2015
Andray Blatche,-0.14573067332622,-0.09814809262343001,-0.047582580702790006,2005-2006-2007-2008-2009-2010-2011-2012-2013-2014-2015
Jordan Hill,-0.01630785272631,0.03221698993993,-0.048524842666240006,2005-2006-2007-2008-2009-2010-2011-2012-2013-2014-2015
Wesley Matthews,1.45117924859937,1.50288478753557,-0.05170553893620016,2005-2006-2007-2008-2009-2010-2011-2012-2013-2014-2015
AJ Price,0.18113112394316,0.23339998821319,-0.052268864270029976,2005-2006-2007-2008-2009-2010-2011-2012-2013-2014-2015
Christian Laettner,-0.87533771498189,-0.8225224534096199,-0.052815261572270074,2005-2006-2007-2008-2009-2010-2011-2012-2013-2014-2015
Grant Jerrett,0.03822843014319,0.09656748769843,-0.058339057555240006,2005-2006-2007-2008-2009-2010-2011-2012-2013-2014-2015
Paul Pierce,0.18208939602311,0.24115931172898,-0.05906991570586999,2005-2006-2007-2008-2009-2010-2011-2012-2013-2014-2015
Phil Pressey,0.16226342120533,0.22159509403967,-0.05933167283434001,2005-2006-2007-2008-2009-2010-2011-2012-2013-2014-2015
Gabe Pruitt,0.21171974613088002,0.27111012751298,-0.059390381382099997,2005-2006-2007-2008-2009-2010-2011-2012-2013-2014-2015
Damion James,0.0015781567620481096,0.06309692648591,-0.061518769723861895,2005-2006-2007-2008-2009-2010-2011-2012-2013-2014-2015
Lonny Baxter,-0.07430450042963,-0.01271803169998,-0.06158646872964999,2005-2006-2007-2008-2009-2010-2011-2012-2013-2014-2015
Henry Walker,0.32021040561015,0.38236517373587003,-0.06215476812572,2005-2006-2007-2008-2009-2010-2011-2012-2013-2014-2015
Joe Alexander,0.07104869575388,0.1361931360097,-0.06514444025582,2005-2006-2007-2008-2009-2010-2011-2012-2013-2014-2015
Shandon Anderson,-0.11062278830797001,-0.04270588828821,-0.06791690001976,2005-2006-2007-2008-2009-2010-2011-2012-2013-2014-2015
Pops Mensah-Bonsu,-0.12683641589425,-0.05883073964044,-0.06800567625380999,2005-2006-2007-2008-2009-2010-2011-2012-2013-2014-2015
Erick Strickland,0.47586660914684,0.54715071868752,-0.07128410954068001,2005-2006-2007-2008-2009-2010-2011-2012-2013-2014-2015
Alando Tucker,-0.13396085274568,-0.06081371601278,-0.07314713673289999,2005-2006-2007-2008-2009-2010-2011-2012-2013-2014-2015
Tyronn Lue,1.01972491545717,1.0966559447447901,-0.07693102928762012,2005-2006-2007-2008-2009-2010-2011-2012-2013-2014-2015
Esteban Batista,-0.21316333865458,-0.13600717794182,-0.07715616071276002,2005-2006-2007-2008-2009-2010-2011-2012-2013-2014-2015
Gustavo Ayon,-0.61191389959103,-0.53462197896054,-0.07729192063048998,2005-2006-2007-2008-2009-2010-2011-2012-2013-2014-2015
Mo Williams,1.17365193380684,1.25264665436098,-0.0789947205541399,2005-2006-2007-2008-2009-2010-2011-2012-2013-2014-2015
Kendrick Perkins,-1.7777690066352099,-1.6964843164293801,-0.08128469020582986,2005-2006-2007-2008-2009-2010-2011-2012-2013-2014-2015
Devean George,-0.8889116014336901,-0.8059672329136001,-0.08294436852009004,2005-2006-2007-2008-2009-2010-2011-2012-2013-2014-2015
Tiago Splitter,-1.43594114486302,-1.3524949615470598,-0.08344618331596002,2005-2006-2007-2008-2009-2010-2011-2012-2013-2014-2015
Henry Sims,-0.28421764732692,-0.20065668418147,-0.08356096314545,2005-2006-2007-2008-2009-2010-2011-2012-2013-2014-2015
Courtney Fortson,-0.28964614386066,-0.20474916201753,-0.08489698184313003,2005-2006-2007-2008-2009-2010-2011-2012-2013-2014-2015
DeSagana Diop,-1.21495236735755,-1.12732582214259,-0.08762654521496001,2005-2006-2007-2008-2009-2010-2011-2012-2013-2014-2015
Dwight Buycks,-0.15362473964204,-0.062355259041949995,-0.09126948060008999,2005-2006-2007-2008-2009-2010-2011-2012-2013-2014-2015
Aaron McKie,-0.72439341686524,-0.62816391036458,-0.09622950650066,2005-2006-2007-2008-2009-2010-2011-2012-2013-2014-2015
Dionte Christmas,-0.059211264853790004,0.04078804248036,-0.09999930733415,2005-2006-2007-2008-2009-2010-2011-2012-2013-2014-2015
Rodney Buford,-0.12116774203268,-0.0186071695732,-0.10256057245948001,2005-2006-2007-2008-2009-2010-2011-2012-2013-2014-2015
Rudy Fernandez,0.0034157054085605714,0.10700821674393,-0.10359251133536942,2005-2006-2007-2008-2009-2010-2011-2012-2013-2014-2015
Giannis Antetokounmpo,-0.71710861892576,-0.6132476512905,-0.10386096763526001,2005-2006-2007-2008-2009-2010-2011-2012-2013-2014-2015
Acie Law,-0.22293439731627002,-0.11902763019322,-0.10390676712305001,2005-2006-2007-2008-2009-2010-2011-2012-2013-2014-2015
Torraye Braggs,-0.13052524741552,-0.025217818522090003,-0.10530742889342999,2005-2006-2007-2008-2009-2010-2011-2012-2013-2014-2015
Gigi Datome,0.15387825835816,0.25945195121467,-0.10557369285651001,2005-2006-2007-2008-2009-2010-2011-2012-2013-2014-2015
Jon Brockman,-0.75334381758951,-0.64143117019311,-0.11191264739639997,2005-2006-2007-2008-2009-2010-2011-2012-2013-2014-2015
Randolph Morris,0.03065646916898,0.14329054502483998,-0.11263407585586001,2005-2006-2007-2008-2009-2010-2011-2012-2013-2014-2015
Shammond Williams,-0.025648985051660002,0.08721954356672,-0.11286852861838001,2005-2006-2007-2008-2009-2010-2011-2012-2013-2014-2015
Rick Brunson,-0.2915272307039,-0.17265925229475002,-0.11886797840915,2005-2006-2007-2008-2009-2010-2011-2012-2013-2014-2015
Wayne Ellington,-0.68183392512719,-0.56241351775241,-0.11942040737477995,2005-2006-2007-2008-2009-2010-2011-2012-2013-2014-2015
Mike Hall,-0.13329238108489,-0.010732303780800001,-0.12256007730408998,2005-2006-2007-2008-2009-2010-2011-2012-2013-2014-2015
KJ McDaniels,0.0225636499296,0.14534298987298,-0.12277933994338001,2005-2006-2007-2008-2009-2010-2011-2012-2013-2014-2015
Langston Galloway,0.18345597923607,0.30874177518323,-0.12528579594716,2005-2006-2007-2008-2009-2010-2011-2012-2013-2014-2015
Patrick Ewing,-0.006367411437748225,0.11903658272421999,-0.1254039941619682,2005-2006-2007-2008-2009-2010-2011-2012-2013-2014-2015
Alexis Ajinca,0.28246077359484,0.41103631795104,-0.1285755443562,2005-2006-2007-2008-2009-2010-2011-2012-2013-2014-2015
Fab Melo,-0.02921409298483,0.10154213208464001,-0.13075622506947002,2005-2006-2007-2008-2009-2010-2011-2012-2013-2014-2015
Josh Akognon,-0.03556335893404,0.09742946049233,-0.13299281942636998,2005-2006-2007-2008-2009-2010-2011-2012-2013-2014-2015
Marcus Camby,-0.73843232118787,-0.60532051513303,-0.13311180605484005,2005-2006-2007-2008-2009-2010-2011-2012-2013-2014-2015
Coby Karl,-0.10449948598153999,0.02905148377096,-0.1335509697525,2005-2006-2007-2008-2009-2010-2011-2012-2013-2014-2015
Festus Ezeli,0.41927923625747,0.5564908916892499,-0.13721165543177996,2005-2006-2007-2008-2009-2010-2011-2012-2013-2014-2015
Victor Claver,-0.80043268740436,-0.66254251268457,-0.1378901747197901,2005-2006-2007-2008-2009-2010-2011-2012-2013-2014-2015
Chris Quinn,-0.24989383146418,-0.11167148105968,-0.1382223504045,2005-2006-2007-2008-2009-2010-2011-2012-2013-2014-2015
Adam Morrison,-0.09800460464381,0.04270609096147,-0.14071069560528,2005-2006-2007-2008-2009-2010-2011-2012-2013-2014-2015
Peyton Siva,0.09919651976201,0.24505113288912,-0.14585461312711,2005-2006-2007-2008-2009-2010-2011-2012-2013-2014-2015
Beno Udrih,-0.78836126305238,-0.64090207302453,-0.14745919002785002,2005-2006-2007-2008-2009-2010-2011-2012-2013-2014-2015
Damone Brown,0.03476611096797,0.185275758317,-0.15050964734903,2005-2006-2007-2008-2009-2010-2011-2012-2013-2014-2015
Anthony Grundy,0.0946917899963,0.24562087188224999,-0.15092908188595,2005-2006-2007-2008-2009-2010-2011-2012-2013-2014-2015
Aaron Williams,0.057662613478189996,0.20866189566039,-0.15099928218220002,2005-2006-2007-2008-2009-2010-2011-2012-2013-2014-2015
Zoran Dragic,-0.1479304003228,0.004306781418303637,-0.15223718174110365,2005-2006-2007-2008-2009-2010-2011-2012-2013-2014-2015
James Singleton,-0.3048646620063,-0.15022789174258,-0.15463677026372,2005-2006-2007-2008-2009-2010-2011-2012-2013-2014-2015
Troy Daniels,0.49493250082386997,0.65699428955846,-0.16206178873459004,2005-2006-2007-2008-2009-2010-2011-2012-2013-2014-2015
Kasib Powell,0.20098392518399,0.36830728437469,-0.16732335919070002,2005-2006-2007-2008-2009-2010-2011-2012-2013-2014-2015
Jim Jackson,0.93679887872521,1.10490608848268,-0.16810720975747007,2005-2006-2007-2008-2009-2010-2011-2012-2013-2014-2015
Mirza Teletovic,0.20789470449073,0.37645645647513004,-0.16856175198440002,2005-2006-2007-2008-2009-2010-2011-2012-2013-2014-2015
DJ Strawberry,-0.35596859623989,-0.18673014632906,-0.16923844991083,2005-2006-2007-2008-2009-2010-2011-2012-2013-2014-2015
P.J. Tucker,-0.26152356279621,-0.09088995800347,-0.17063360479274,2005-2006-2007-2008-2009-2010-2011-2012-2013-2014-2015
Dontell Jefferson,-0.0710518452218,0.10011568955349,-0.17116753477529,2005-2006-2007-2008-2009-2010-2011-2012-2013-2014-2015
Sean May,-0.18856494526795,-0.016760876010820002,-0.17180406925713002,2005-2006-2007-2008-2009-2010-2011-2012-2013-2014-2015
Qyntel Woods,-0.13647701685813,0.03535021068713,-0.17182722754525998,2005-2006-2007-2008-2009-2010-2011-2012-2013-2014-2015
Robbie Hummel,0.55184375580862,0.72656466368227,-0.17472090787365005,2005-2006-2007-2008-2009-2010-2011-2012-2013-2014-2015
Toure' Murry,0.10894502111842999,0.28442393872489,-0.17547891760646003,2005-2006-2007-2008-2009-2010-2011-2012-2013-2014-2015
Adreian Payne,0.16434830659143,0.33990944575142,-0.17556113915999003,2005-2006-2007-2008-2009-2010-2011-2012-2013-2014-2015
Xavier Silas,-0.30992005458156,-0.12970279719980998,-0.18021725738175,2005-2006-2007-2008-2009-2010-2011-2012-2013-2014-2015
Mateen Cleaves,0.0743143948381,0.25724666786287,-0.18293227302477,2005-2006-2007-2008-2009-2010-2011-2012-2013-2014-2015
Jared Cunningham,-0.08094652344018001,0.10675019197752,-0.1876967154177,2005-2006-2007-2008-2009-2010-2011-2012-2013-2014-2015
Jabari Smith,-0.0036526695069827087,0.18756935279258,-0.1912220222995627,2005-2006-2007-2008-2009-2010-2011-2012-2013-2014-2015
Jordan Williams,0.046878561526160004,0.24201833976311998,-0.19513977823695997,2005-2006-2007-2008-2009-2010-2011-2012-2013-2014-2015
Damir Markota,-0.003931318670398184,0.19150954332593,-0.1954408619963282,2005-2006-2007-2008-2009-2010-2011-2012-2013-2014-2015
Justin Holiday,0.14685502101642,0.34559659741275,-0.19874157639633,2005-2006-2007-2008-2009-2010-2011-2012-2013-2014-2015
Kevin Murphy,-0.041145447847,0.16339361556930002,-0.20453906341630002,2005-2006-2007-2008-2009-2010-2011-2012-2013-2014-2015
Joe Smith,0.25366368711396,0.45934148848683,-0.20567780137287,2005-2006-2007-2008-2009-2010-2011-2012-2013-2014-2015
Walker Russell,-0.17456093001845,0.03236005924328,-0.20692098926173003,2005-2006-2007-2008-2009-2010-2011-2012-2013-2014-2015
Alex Len,-0.03548593352171,0.17163355296954,-0.20711948649124998,2005-2006-2007-2008-2009-2010-2011-2012-2013-2014-2015
Trey Johnson,-0.1889202588229,0.01847087596227,-0.20739113478517002,2005-2006-2007-2008-2009-2010-2011-2012-2013-2014-2015
Larry Sanders,-1.13775427191553,-0.9287815590298,-0.2089727128857301,2005-2006-2007-2008-2009-2010-2011-2012-2013-2014-2015
Jamal Sampson,-0.2584963310146,-0.04917477269743001,-0.20932155831717,2005-2006-2007-2008-2009-2010-2011-2012-2013-2014-2015
Michael Olowokandi,-0.15979484328423,0.054454770783340004,-0.21424961406757,2005-2006-2007-2008-2009-2010-2011-2012-2013-2014-2015
Jerami Grant,-0.09629463281961,0.12251537429447999,-0.21881000711408996,2005-2006-2007-2008-2009-2010-2011-2012-2013-2014-2015
Nick Young,0.27206855836725996,0.49111456677557,-0.21904600840831004,2005-2006-2007-2008-2009-2010-2011-2012-2013-2014-2015
Kim English,-0.18298170222949,0.03742006007071,-0.22040176230019998,2005-2006-2007-2008-2009-2010-2011-2012-2013-2014-2015
Blake Ahearn,-0.059399472142879994,0.16135603228146,-0.22075550442433997,2005-2006-2007-2008-2009-2010-2011-2012-2013-2014-2015
Quincy Miller,-0.06845273056881,0.15330067942113,-0.22175340998994,2005-2006-2007-2008-2009-2010-2011-2012-2013-2014-2015
Darko Milicic,-0.15712365604353,0.06528364275479,-0.22240729879832002,2005-2006-2007-2008-2009-2010-2011-2012-2013-2014-2015
Arron Afflalo,-0.23392571565860001,-0.0102104760062,-0.22371523965240003,2005-2006-2007-2008-2009-2010-2011-2012-2013-2014-2015
Luke Ridnour,-0.08190216408217,0.14597117295465,-0.22787333703682003,2005-2006-2007-2008-2009-2010-2011-2012-2013-2014-2015
Maceo Baston,0.18914345846313999,0.41985255578687997,-0.23070909732373998,2005-2006-2007-2008-2009-2010-2011-2012-2013-2014-2015
Joel Przybilla,0.32169180054799,0.55563060774596,-0.23393880719797,2005-2006-2007-2008-2009-2010-2011-2012-2013-2014-2015
Mark Blount,-0.45348940793665,-0.21297298460323,-0.24051642333341997,2005-2006-2007-2008-2009-2010-2011-2012-2013-2014-2015
Reggie Williams,-0.26647313630567004,-0.025191801504959997,-0.24128133480071004,2005-2006-2007-2008-2009-2010-2011-2012-2013-2014-2015
Melvin Sanders,-0.17126537988433,0.07460452175855001,-0.24586990164288,2005-2006-2007-2008-2009-2010-2011-2012-2013-2014-2015
Ricky Davis,0.36319794455447,0.60967912225251,-0.24648117769803995,2005-2006-2007-2008-2009-2010-2011-2012-2013-2014-2015
Bernard Robinson,-0.1875189843389,0.06255737188970001,-0.25007635622859997,2005-2006-2007-2008-2009-2010-2011-2012-2013-2014-2015
Darvin Ham,-0.19404928535760002,0.05740510899145,-0.25145439434905004,2005-2006-2007-2008-2009-2010-2011-2012-2013-2014-2015
Michael Ruffin,0.14800765823137,0.40221565253948005,-0.25420799430811003,2005-2006-2007-2008-2009-2010-2011-2012-2013-2014-2015
Lorenzo Brown,-0.023205487033699998,0.23459447602211,-0.25779996305581004,2005-2006-2007-2008-2009-2010-2011-2012-2013-2014-2015
Rob Kurz,0.08152889158959,0.34116452298838,-0.25963563139879003,2005-2006-2007-2008-2009-2010-2011-2012-2013-2014-2015
Eric Piatkowski,-0.16197638300014,0.09812662943023999,-0.26010301243038,2005-2006-2007-2008-2009-2010-2011-2012-2013-2014-2015
Jackie Butler,-0.043532383384,0.21786511898839,-0.26139750237239,2005-2006-2007-2008-2009-2010-2011-2012-2013-2014-2015
Noel Felix,-0.27541721958607,-0.012854199533049998,-0.26256302005302,2005-2006-2007-2008-2009-2010-2011-2012-2013-2014-2015
Chris Babb,-0.13052148446532,0.13204805407621,-0.26256953854153003,2005-2006-2007-2008-2009-2010-2011-2012-2013-2014-2015
Nazr Mohammed,-0.3963930211607,-0.13302321111091,-0.26336981004979004,2005-2006-2007-2008-2009-2010-2011-2012-2013-2014-2015
Rawle Marshall,-0.25443095060783,0.01053050117433,-0.26496145178216,2005-2006-2007-2008-2009-2010-2011-2012-2013-2014-2015
Speedy Claxton,-0.008320438715384685,0.25843804841229,-0.2667584871276747,2005-2006-2007-2008-2009-2010-2011-2012-2013-2014-2015
Jeremy Evans,-0.16508376202526,0.10197728123336,-0.26706104325862,2005-2006-2007-2008-2009-2010-2011-2012-2013-2014-2015
Mark Madsen,-0.52748559118983,-0.25830143779193,-0.26918415339790003,2005-2006-2007-2008-2009-2010-2011-2012-2013-2014-2015
Hassan Adams,-0.36162380701645,-0.09011708792993,-0.27150671908652,2005-2006-2007-2008-2009-2010-2011-2012-2013-2014-2015
Isaiah Canaan,-0.13196237697047,0.14418843058886,-0.27615080755933,2005-2006-2007-2008-2009-2010-2011-2012-2013-2014-2015
Tyler Honeycutt,0.0349171453222,0.31107185692601,-0.27615471160381,2005-2006-2007-2008-2009-2010-2011-2012-2013-2014-2015
Horace Jenkins,-0.30142941953581004,-0.02259703310834,-0.27883238642747,2005-2006-2007-2008-2009-2010-2011-2012-2013-2014-2015
Joakim Noah,0.25418729313581,0.53460347327448,-0.28041618013867,2005-2006-2007-2008-2009-2010-2011-2012-2013-2014-2015
Cedric Simmons,-0.16565503544971,0.11541453070888999,-0.28106956615859996,2005-2006-2007-2008-2009-2010-2011-2012-2013-2014-2015
Kyle O'Quinn,-0.20986184711226002,0.07237273578314,-0.2822345828954,2005-2006-2007-2008-2009-2010-2011-2012-2013-2014-2015
Lance Thomas,-0.71925229051314,-0.43078187117940003,-0.28847041933374,2005-2006-2007-2008-2009-2010-2011-2012-2013-2014-2015
Rodney White,-0.1963449554851,0.09849595246176002,-0.29484090794686,2005-2006-2007-2008-2009-2010-2011-2012-2013-2014-2015
Jamaal Tinsley,-0.64422640257219,-0.34696531544446,-0.29726108712773,2005-2006-2007-2008-2009-2010-2011-2012-2013-2014-2015
Malcolm Thomas,0.06986430048767,0.36786531773269004,-0.29800101724502,2005-2006-2007-2008-2009-2010-2011-2012-2013-2014-2015
Bob Sura,0.3466188067366,0.6448279152212,-0.2982091084846,2005-2006-2007-2008-2009-2010-2011-2012-2013-2014-2015
Latrell Sprewell,-0.03493287706598,0.26518807462318,-0.30012095168916003,2005-2006-2007-2008-2009-2010-2011-2012-2013-2014-2015
Viktor Khryapa,-0.59905460208407,-0.29888095343362003,-0.30017364865045,2005-2006-2007-2008-2009-2010-2011-2012-2013-2014-2015
Armon Johnson,-0.53870390202954,-0.23702558165503,-0.30167832037451,2005-2006-2007-2008-2009-2010-2011-2012-2013-2014-2015
Jackson Vroman,-0.02844008790068,0.27484445878825997,-0.30328454668893995,2005-2006-2007-2008-2009-2010-2011-2012-2013-2014-2015
DeQuan Jones,-0.27484277195095,0.030164087762089998,-0.30500685971304003,2005-2006-2007-2008-2009-2010-2011-2012-2013-2014-2015
Jiri Welsch,0.008678419701654897,0.31465605442286004,-0.30597763472120515,2005-2006-2007-2008-2009-2010-2011-2012-2013-2014-2015
Sean Marks,-0.9035895863378799,-0.59684440572587,-0.3067451806120099,2005-2006-2007-2008-2009-2010-2011-2012-2013-2014-2015
Glenn Robinson III,-0.30570748613179,0.0018862862117157092,-0.30759377234350577,2005-2006-2007-2008-2009-2010-2011-2012-2013-2014-2015
Slava Medvedenko,-0.3037635570252,0.00411270784990456,-0.30787626487510455,2005-2006-2007-2008-2009-2010-2011-2012-2013-2014-2015
Kevin Ollie,-0.14853802225479998,0.15945395047775002,-0.30799197273254997,2005-2006-2007-2008-2009-2010-2011-2012-2013-2014-2015
Ira Newble,-0.42952042422886,-0.12034973338326,-0.3091706908456,2005-2006-2007-2008-2009-2010-2011-2012-2013-2014-2015
Pat Burke,-0.01792877861174,0.29188745032484004,-0.30981622893658,2005-2006-2007-2008-2009-2010-2011-2012-2013-2014-2015
Elfrid Payton,-0.19504409052496,0.11545313540734001,-0.3104972259323,2005-2006-2007-2008-2009-2010-2011-2012-2013-2014-2015
Mamadou N'diaye,-0.12362614046611,0.19422456298052,-0.31785070344663,2005-2006-2007-2008-2009-2010-2011-2012-2013-2014-2015
Marcus Vinicius,0.21707166953417,0.53753321146596,-0.32046154193179005,2005-2006-2007-2008-2009-2010-2011-2012-2013-2014-2015
Clint Capela,-0.42750441946634005,-0.10607984502970999,-0.32142457443663003,2005-2006-2007-2008-2009-2010-2011-2012-2013-2014-2015
Malcolm Lee,-0.20398824411372,0.11832360061220001,-0.32231184472592,2005-2006-2007-2008-2009-2010-2011-2012-2013-2014-2015
Derrick Zimmerman,-0.25625907601276005,0.07236665960356,-0.32862573561632,2005-2006-2007-2008-2009-2010-2011-2012-2013-2014-2015
Calvin Booth,0.11713093197152,0.45051728652247003,-0.33338635455095,2005-2006-2007-2008-2009-2010-2011-2012-2013-2014-2015
Boniface Ndong,-0.05259656666284,0.28405254020046,-0.3366491068633,2005-2006-2007-2008-2009-2010-2011-2012-2013-2014-2015
Scott Machado,-0.30758025095228997,0.029215850375369997,-0.33679610132765997,2005-2006-2007-2008-2009-2010-2011-2012-2013-2014-2015
Ben Hansbrough,-0.15688474096865,0.17997144147910998,-0.33685618244776,2005-2006-2007-2008-2009-2010-2011-2012-2013-2014-2015
Sundiata Gaines,0.15700323437495,0.49605154867263,-0.33904831429768,2005-2006-2007-2008-2009-2010-2011-2012-2013-2014-2015
Gary Forbes,-0.6678399027923699,-0.32800507553741004,-0.33983482725495995,2005-2006-2007-2008-2009-2010-2011-2012-2013-2014-2015
Mike Harris,-0.23123686543717,0.10895204699128999,-0.34018891242846,2005-2006-2007-2008-2009-2010-2011-2012-2013-2014-2015
Eddie Griffin,-0.47454022522278005,-0.13111541785437,-0.34342480736841,2005-2006-2007-2008-2009-2010-2011-2012-2013-2014-2015
Aaron Gordon,-0.35949636813612,-0.01582188554052,-0.3436744825956,2005-2006-2007-2008-2009-2010-2011-2012-2013-2014-2015
Darrell Armstrong,-0.27949378639207,0.06435917822204999,-0.34385296461412,2005-2006-2007-2008-2009-2010-2011-2012-2013-2014-2015
Danny Fortson,-0.16233516010158,0.18773038027941,-0.35006554038098997,2005-2006-2007-2008-2009-2010-2011-2012-2013-2014-2015
Dexter Pittman,-0.46794707062612007,-0.1168177070894,-0.35112936353672003,2005-2006-2007-2008-2009-2010-2011-2012-2013-2014-2015
Marcus Williams,-0.25748931015625004,0.10200253397651998,-0.35949184413277,2005-2006-2007-2008-2009-2010-2011-2012-2013-2014-2015
Mehmet Okur,0.49263101437495,0.8530015700775001,-0.36037055570255005,2005-2006-2007-2008-2009-2010-2011-2012-2013-2014-2015
Rashad McCants,-0.19997652657255,0.16306825914498,-0.36304478571752996,2005-2006-2007-2008-2009-2010-2011-2012-2013-2014-2015
Derrick Byars,-0.22299302218845998,0.14034267531411,-0.36333569750257,2005-2006-2007-2008-2009-2010-2011-2012-2013-2014-2015
Vernon Macklin,-0.12857332326697,0.23551380009668002,-0.36408712336365,2005-2006-2007-2008-2009-2010-2011-2012-2013-2014-2015
Lamond Murray,-0.12129448457934,0.24302539685087002,-0.36431988143021,2005-2006-2007-2008-2009-2010-2011-2012-2013-2014-2015
Uros Slokar,-0.24231415448811,0.12622713416304002,-0.36854128865115005,2005-2006-2007-2008-2009-2010-2011-2012-2013-2014-2015
Jerry Stackhouse,0.20094247205270002,0.56997121380174,-0.36902874174903993,2005-2006-2007-2008-2009-2010-2011-2012-2013-2014-2015
Matt Carroll,-1.1737290439417,-0.80411591871373,-0.3696131252279701,2005-2006-2007-2008-2009-2010-2011-2012-2013-2014-2015
Quentin Richardson,-0.41854213638015997,-0.04679308735951,-0.37174904902065,2005-2006-2007-2008-2009-2010-2011-2012-2013-2014-2015
Terrence Jones,0.56374445412619,0.9388665686444,-0.37512211451821,2005-2006-2007-2008-2009-2010-2011-2012-2013-2014-2015
Gorgui Dieng,-0.11004707268641001,0.26509464977881003,-0.37514172246522004,2005-2006-2007-2008-2009-2010-2011-2012-2013-2014-2015
Michael Stewart,0.25204799650756,0.63243515685179,-0.38038716034423,2005-2006-2007-2008-2009-2010-2011-2012-2013-2014-2015
Jerryd Bayless,-0.30262111473251996,0.08665499457057001,-0.38927610930309,2005-2006-2007-2008-2009-2010-2011-2012-2013-2014-2015
Andre Brown,-0.08817545986447001,0.30110556372645997,-0.38928102359093,2005-2006-2007-2008-2009-2010-2011-2012-2013-2014-2015
Jerome Jordan,-0.36709751121073,0.024495371988920003,-0.39159288319965,2005-2006-2007-2008-2009-2010-2011-2012-2013-2014-2015
Quincy Acy,-0.26270572223875,0.12992719992881,-0.39263292216755996,2005-2006-2007-2008-2009-2010-2011-2012-2013-2014-2015
Zach LaVine,0.26864602976405,0.66310973473866,-0.39446370497461003,2005-2006-2007-2008-2009-2010-2011-2012-2013-2014-2015
Omri Casspi,0.02063781794587,0.41618968133245,-0.39555186338658,2005-2006-2007-2008-2009-2010-2011-2012-2013-2014-2015
Ryan Anderson,0.26709998168155,0.6650526689396099,-0.39795268725805993,2005-2006-2007-2008-2009-2010-2011-2012-2013-2014-2015
Tyler Ennis,-0.0893700561907,0.31097817612806,-0.40034823231876,2005-2006-2007-2008-2009-2010-2011-2012-2013-2014-2015
Luke Schenscher,-0.38158756917811,0.01944215252574,-0.40102972170385004,2005-2006-2007-2008-2009-2010-2011-2012-2013-2014-2015
Marcus Morris Sr.,-0.68974250437316,-0.28423520112634004,-0.40550730324682,2005-2006-2007-2008-2009-2010-2011-2012-2013-2014-2015
Ryan Gomes,-0.18737509300234,0.22044724025006,-0.4078223332524,2005-2006-2007-2008-2009-2010-2011-2012-2013-2014-2015
Ramon Sessions,-0.60868289858943,-0.20046239178890002,-0.40822050680052996,2005-2006-2007-2008-2009-2010-2011-2012-2013-2014-2015
Dewayne Dedmon,-0.01021263719651,0.40476407760634003,-0.41497671480285003,2005-2006-2007-2008-2009-2010-2011-2012-2013-2014-2015
Jason Williams,0.7343344888044,1.14989072462459,-0.4155562358201899,2005-2006-2007-2008-2009-2010-2011-2012-2013-2014-2015
Rodney Stuckey,-0.41461207142907003,0.002070903848475015,-0.416682975277545,2005-2006-2007-2008-2009-2010-2011-2012-2013-2014-2015
Rodney Hood,-0.29670442304465,0.12116466177898,-0.41786908482362994,2005-2006-2007-2008-2009-2010-2011-2012-2013-2014-2015
Jeff Foster,-0.7832969854644,-0.36439865652341,-0.41889832894099,2005-2006-2007-2008-2009-2010-2011-2012-2013-2014-2015
Jamal Crawford,1.75803184129571,2.17742036762432,-0.4193885263286099,2005-2006-2007-2008-2009-2010-2011-2012-2013-2014-2015
Will Barton,-1.0393083808522698,-0.61840471007565,-0.42090367077661994,2005-2006-2007-2008-2009-2010-2011-2012-2013-2014-2015
Luke Jackson,-0.05416408962264,0.36752057814195,-0.42168466776459,2005-2006-2007-2008-2009-2010-2011-2012-2013-2014-2015
Bojan Bogdanovic,-0.57949085713409,-0.15523251503615998,-0.42425834209792995,2005-2006-2007-2008-2009-2010-2011-2012-2013-2014-2015
Ognjen Kuzmic,0.01913890766212,0.4490953733449,-0.42995646568278,2005-2006-2007-2008-2009-2010-2011-2012-2013-2014-2015
Joel Freeland,-0.7622402387994199,-0.33075855203829,-0.43148168676112997,2005-2006-2007-2008-2009-2010-2011-2012-2013-2014-2015
Carlos Arroyo,-0.7950029537972,-0.36073288506259,-0.43427006873461,2005-2006-2007-2008-2009-2010-2011-2012-2013-2014-2015
Juwan Howard,-0.29894311397599,0.13577604051044,-0.43471915448642995,2005-2006-2007-2008-2009-2010-2011-2012-2013-2014-2015
Kostas Papanikolaou,-0.72425635736532,-0.28844519591406,-0.43581116145126003,2005-2006-2007-2008-2009-2010-2011-2012-2013-2014-2015
Larry Hughes,-0.54598285319519,-0.10990779629022,-0.43607505690496995,2005-2006-2007-2008-2009-2010-2011-2012-2013-2014-2015
Brandon Rush,0.24534898964937998,0.68277472179134,-0.43742573214196007,2005-2006-2007-2008-2009-2010-2011-2012-2013-2014-2015
Nick Fazekas,-0.2196312910364,0.21782116302165,-0.43745245405805,2005-2006-2007-2008-2009-2010-2011-2012-2013-2014-2015
Maurice Evans,-0.67769786294879,-0.23547438061209,-0.4422234823367,2005-2006-2007-2008-2009-2010-2011-2012-2013-2014-2015
Lazar Hayward,-0.23954665659526,0.20636761864258002,-0.44591427523784,2005-2006-2007-2008-2009-2010-2011-2012-2013-2014-2015
Lance Allred,-0.15626512754219002,0.29195676571723,-0.44822189325942,2005-2006-2007-2008-2009-2010-2011-2012-2013-2014-2015
Arnett Moultrie,0.046299503464000004,0.49492938841477996,-0.44862988495078,2005-2006-2007-2008-2009-2010-2011-2012-2013-2014-2015
Maciej Lampe,-0.51896714537223,-0.06764463972458,-0.45132250564765,2005-2006-2007-2008-2009-2010-2011-2012-2013-2014-2015
Jermaine Jackson,-0.26091796330608996,0.19314644308276002,-0.45406440638885004,2005-2006-2007-2008-2009-2010-2011-2012-2013-2014-2015
Zarko Cabarkapa,-0.20230217314035998,0.25573206564484996,-0.45803423878521,2005-2006-2007-2008-2009-2010-2011-2012-2013-2014-2015
Cody Zeller,-0.32353372847291,0.13581821233821,-0.45935194081112,2005-2006-2007-2008-2009-2010-2011-2012-2013-2014-2015
Jeremy Pargo,-0.32439012199918,0.14046002151478,-0.46485014351396,2005-2006-2007-2008-2009-2010-2011-2012-2013-2014-2015
Shane Larkin,-0.39381076266094006,0.07122807933907,-0.46503884200001006,2005-2006-2007-2008-2009-2010-2011-2012-2013-2014-2015
Manny Harris,-0.14362923368399,0.32209142388990997,-0.46572065757389997,2005-2006-2007-2008-2009-2010-2011-2012-2013-2014-2015
Ronald Dupree,-0.8935334665056,-0.42633240847675996,-0.46720105802884,2005-2006-2007-2008-2009-2010-2011-2012-2013-2014-2015
Chris Wilcox,0.1449704115818,0.61805843868846,-0.47308802710666004,2005-2006-2007-2008-2009-2010-2011-2012-2013-2014-2015
Stephon Marbury,-0.07562435721832,0.39754601976532006,-0.47317037698364006,2005-2006-2007-2008-2009-2010-2011-2012-2013-2014-2015
Luke Harangody,-0.22313935222328,0.25091776571808,-0.4740571179413599,2005-2006-2007-2008-2009-2010-2011-2012-2013-2014-2015
Austin Rivers,-0.05137454150071,0.42589724696549,-0.4772717884662,2005-2006-2007-2008-2009-2010-2011-2012-2013-2014-2015
Francisco Garcia,0.09292627846372,0.57372069228602,-0.4807944138223,2005-2006-2007-2008-2009-2010-2011-2012-2013-2014-2015
Antonio McDyess,-1.7497754800882,-1.26662855991606,-0.48314692017213995,2005-2006-2007-2008-2009-2010-2011-2012-2013-2014-2015
Othella Harrington,-0.09397863051898,0.39304984579093,-0.48702847630991003,2005-2006-2007-2008-2009-2010-2011-2012-2013-2014-2015
Ryan Hollins,-1.84604146286454,-1.3564743061134799,-0.48956715675106016,2005-2006-2007-2008-2009-2010-2011-2012-2013-2014-2015
Gary Harris,0.22574575941746003,0.71543576688161,-0.48969000746415,2005-2006-2007-2008-2009-2010-2011-2012-2013-2014-2015
Mike Muscala,-0.54489497397163,-0.05421744458005,-0.49067752939158,2005-2006-2007-2008-2009-2010-2011-2012-2013-2014-2015
Wayne Simien,-0.66942858733218,-0.17666744332487,-0.49276114400730997,2005-2006-2007-2008-2009-2010-2011-2012-2013-2014-2015
Andrew Nicholson,0.23674499188100998,0.73327919182355,-0.49653419994254,2005-2006-2007-2008-2009-2010-2011-2012-2013-2014-2015
Dale Davis,-1.57697452311845,-1.06892713511263,-0.50804738800582,2005-2006-2007-2008-2009-2010-2011-2012-2013-2014-2015
Ervin Johnson,0.014160146065709998,0.5272135401714401,-0.51305339410573,2005-2006-2007-2008-2009-2010-2011-2012-2013-2014-2015
Joe Ingles,-0.44309967024877006,0.07216166086796,-0.51526133111673,2005-2006-2007-2008-2009-2010-2011-2012-2013-2014-2015
Bostjan Nachbar,-0.4929506063001,0.02409879922586,-0.51704940552596,2005-2006-2007-2008-2009-2010-2011-2012-2013-2014-2015
Oleksiy Pecherov,-0.05032585808249,0.46717051677009,-0.5174963748525799,2005-2006-2007-2008-2009-2010-2011-2012-2013-2014-2015
Ersan Ilyasova,-0.60310720680897,-0.08513270275695,-0.51797450405202,2005-2006-2007-2008-2009-2010-2011-2012-2013-2014-2015
Donatas Motiejunas,-0.36269088882962,0.15556342596199,-0.51825431479161,2005-2006-2007-2008-2009-2010-2011-2012-2013-2014-2015
Shawn Bradley,0.14669903433972,0.66582563097408,-0.51912659663436,2005-2006-2007-2008-2009-2010-2011-2012-2013-2014-2015
Von Wafer,-0.73201815088406,-0.21112840052759002,-0.52088975035647,2005-2006-2007-2008-2009-2010-2011-2012-2013-2014-2015
Emeka Okafor,-0.5119356875089399,0.01285984281288,-0.52479553032182,2005-2006-2007-2008-2009-2010-2011-2012-2013-2014-2015
Jason Kapono,-0.65032482511003,-0.12495659246403001,-0.525368232646,2005-2006-2007-2008-2009-2010-2011-2012-2013-2014-2015
Jusuf Nurkic,0.16687950004971,0.69772483489535,-0.53084533484564,2005-2006-2007-2008-2009-2010-2011-2012-2013-2014-2015
Jerome James,-0.46041218377939,0.07138644566154001,-0.53179862944093,2005-2006-2007-2008-2009-2010-2011-2012-2013-2014-2015
Justin Williams,0.27916381812483004,0.8129242420724201,-0.53376042394759,2005-2006-2007-2008-2009-2010-2011-2012-2013-2014-2015
Cleanthony Early,-0.33067537528783,0.20511953198586003,-0.5357949072736901,2005-2006-2007-2008-2009-2010-2011-2012-2013-2014-2015
Gordon Hayward,-0.46240413390462,0.07375325916487001,-0.53615739306949,2005-2006-2007-2008-2009-2010-2011-2012-2013-2014-2015
Jordan Crawford,-0.31664926194343,0.21970439851066997,-0.5363536604541,2005-2006-2007-2008-2009-2010-2011-2012-2013-2014-2015
Reggie Jackson,0.56812002962616,1.1074091890329298,-0.5392891594067699,2005-2006-2007-2008-2009-2010-2011-2012-2013-2014-2015
Andre Miller,0.03378578923917,0.57651982982783,-0.5427340405886599,2005-2006-2007-2008-2009-2010-2011-2012-2013-2014-2015
Marko Jaric,-0.51357431324054,0.029763865084279997,-0.54333817832482,2005-2006-2007-2008-2009-2010-2011-2012-2013-2014-2015
Juan Carlos Navarro,-0.15300488848231,0.39634936193001,-0.54935425041232,2005-2006-2007-2008-2009-2010-2011-2012-2013-2014-2015
Josh Childress,0.6129186824062,1.16595337849672,-0.55303469609052,2005-2006-2007-2008-2009-2010-2011-2012-2013-2014-2015
Victor Oladipo,-0.30330669739542,0.25504068014762,-0.55834737754304,2005-2006-2007-2008-2009-2010-2011-2012-2013-2014-2015
Ben Handlogten,0.01952466006682,0.58057181871751,-0.56104715865069,2005-2006-2007-2008-2009-2010-2011-2012-2013-2014-2015
James Jones,-0.24047411578151998,0.3247122503687,-0.56518636615022,2005-2006-2007-2008-2009-2010-2011-2012-2013-2014-2015
Dante Exum,-0.30575311507508,0.25961038620418003,-0.56536350127926,2005-2006-2007-2008-2009-2010-2011-2012-2013-2014-2015
P.J. Brown,-0.75038943538542,-0.18410935223633,-0.56628008314909,2005-2006-2007-2008-2009-2010-2011-2012-2013-2014-2015
Malik Rose,0.44200864246714,1.01054457292978,-0.5685359304626401,2005-2006-2007-2008-2009-2010-2011-2012-2013-2014-2015
Kevin Seraphin,-0.8747250161196201,-0.30417097193117,-0.57055404418845,2005-2006-2007-2008-2009-2010-2011-2012-2013-2014-2015
Lee Nailon,-0.21747448170242,0.35639821665265,-0.57387269835507,2005-2006-2007-2008-2009-2010-2011-2012-2013-2014-2015
Kemba Walker,-0.6552549707076101,-0.08050609406932,-0.57474887663829,2005-2006-2007-2008-2009-2010-2011-2012-2013-2014-2015
Landry Fields,-0.60790069888243,-0.029825674359839998,-0.57807502452259,2005-2006-2007-2008-2009-2010-2011-2012-2013-2014-2015
Jordan Farmar,-1.00631453566049,-0.4255470663595,-0.5807674693009899,2005-2006-2007-2008-2009-2010-2011-2012-2013-2014-2015
Donyell Marshall,0.20842521230561,0.78968441443666,-0.5812592021310501,2005-2006-2007-2008-2009-2010-2011-2012-2013-2014-2015
Milt Palacio,-0.24040864333305,0.34097806197052,-0.5813867053035701,2005-2006-2007-2008-2009-2010-2011-2012-2013-2014-2015
Derek Anderson,-0.67012415236086,-0.08631805091052,-0.5838061014503401,2005-2006-2007-2008-2009-2010-2011-2012-2013-2014-2015
Julian Wright,-0.6506228889521,-0.0629654211297,-0.5876574678223999,2005-2006-2007-2008-2009-2010-2011-2012-2013-2014-2015
Nikola Pekovic,0.02889862172135,0.61677985818315,-0.5878812364618,2005-2006-2007-2008-2009-2010-2011-2012-2013-2014-2015
Troy Hudson,-0.00907549523118698,0.58100219785105,-0.590077693082237,2005-2006-2007-2008-2009-2010-2011-2012-2013-2014-2015
Brandon Roy,-0.72434311081792,-0.1218285030639,-0.60251460775402,2005-2006-2007-2008-2009-2010-2011-2012-2013-2014-2015
John Henson,-0.62348652367922,-0.01815252940875,-0.60533399427047,2005-2006-2007-2008-2009-2010-2011-2012-2013-2014-2015
Yi Jianlian,-0.79134770508466,-0.18531258200796,-0.6060351230766999,2005-2006-2007-2008-2009-2010-2011-2012-2013-2014-2015
Darnell Jackson,-0.11941554342759,0.49395356416587,-0.6133691075934601,2005-2006-2007-2008-2009-2010-2011-2012-2013-2014-2015
Shannon Brown,0.5259181285473,1.14251357157763,-0.61659544303033,2005-2006-2007-2008-2009-2010-2011-2012-2013-2014-2015
Orlando Johnson,-0.40563814302378,0.21391843498722,-0.619556578011,2005-2006-2007-2008-2009-2010-2011-2012-2013-2014-2015
Kelenna Azubuike,-0.25744378133012,0.36242250899851003,-0.61986629032863,2005-2006-2007-2008-2009-2010-2011-2012-2013-2014-2015
Justin Harper,-0.42308119584042997,0.19739784922478001,-0.62047904506521,2005-2006-2007-2008-2009-2010-2011-2012-2013-2014-2015
Glen Davis,-0.17719961490286001,0.44375594323538997,-0.62095555813825,2005-2006-2007-2008-2009-2010-2011-2012-2013-2014-2015
Malik Allen,-0.7997718500569099,-0.17842232893273,-0.62134952112418,2005-2006-2007-2008-2009-2010-2011-2012-2013-2014-2015
Derrick Brown,-0.42113770364523,0.20086881897196002,-0.62200652261719,2005-2006-2007-2008-2009-2010-2011-2012-2013-2014-2015
Corliss Williamson,-0.50246505031249,0.12102647513827999,-0.6234915254507699,2005-2006-2007-2008-2009-2010-2011-2012-2013-2014-2015
Alan Henderson,-0.19714800508372998,0.43595291500993,-0.63310092009366,2005-2006-2007-2008-2009-2010-2011-2012-2013-2014-2015
Tristan Thompson,0.5609107619981499,1.19846183625957,-0.6375510742614201,2005-2006-2007-2008-2009-2010-2011-2012-2013-2014-2015
Earl Barron,-0.5693698638382699,0.07113759203573,-0.6405074558739999,2005-2006-2007-2008-2009-2010-2011-2012-2013-2014-2015
Luke Babbitt,-0.32624159143797,0.31526015377885,-0.64150174521682,2005-2006-2007-2008-2009-2010-2011-2012-2013-2014-2015
Diante Garrett,-0.11432756680079001,0.53061119699366,-0.64493876379445,2005-2006-2007-2008-2009-2010-2011-2012-2013-2014-2015
Joey Dorsey,-0.5699227401992201,0.07931424521612,-0.64923698541534,2005-2006-2007-2008-2009-2010-2011-2012-2013-2014-2015
Kelvin Cato,-0.39172772870614003,0.25936880311377,-0.65109653181991,2005-2006-2007-2008-2009-2010-2011-2012-2013-2014-2015
Terrence Williams,-0.66656064567922,-0.014135812373059999,-0.65242483330616,2005-2006-2007-2008-2009-2010-2011-2012-2013-2014-2015
Robert Covington,-0.42296103378843003,0.23365037950807,-0.6566114132965,2005-2006-2007-2008-2009-2010-2011-2012-2013-2014-2015
Markel Brown,-0.40065611055534,0.25645032061446,-0.6571064311698,2005-2006-2007-2008-2009-2010-2011-2012-2013-2014-2015
Calbert Cheaney,-0.53616083472376,0.12605646797233,-0.66221730269609,2005-2006-2007-2008-2009-2010-2011-2012-2013-2014-2015
Keyon Dooling,-1.02862907922292,-0.36554065878155,-0.6630884204413701,2005-2006-2007-2008-2009-2010-2011-2012-2013-2014-2015
Kirk Hinrich,-0.1599888625982,0.5126839426486101,-0.6726728052468101,2005-2006-2007-2008-2009-2010-2011-2012-2013-2014-2015
Michael Redd,0.77175515638654,1.44593771565801,-0.67418255927147,2005-2006-2007-2008-2009-2010-2011-2012-2013-2014-2015
Cuttino Mobley,-0.36466859412207997,0.31283674076893,-0.6775053348910101,2005-2006-2007-2008-2009-2010-2011-2012-2013-2014-2015
Jabari Brown,-0.10982738362795999,0.56890034139698,-0.6787277250249399,2005-2006-2007-2008-2009-2010-2011-2012-2013-2014-2015
Vander Blue,-0.10982738362795999,0.56890034139698,-0.6787277250249399,2005-2006-2007-2008-2009-2010-2011-2012-2013-2014-2015
Chris Kaman,-1.60354303778554,-0.9223560146679599,-0.6811870231175801,2005-2006-2007-2008-2009-2010-2011-2012-2013-2014-2015
Tony Battie,-0.22737003187972,0.45823631850760005,-0.6856063503873201,2005-2006-2007-2008-2009-2010-2011-2012-2013-2014-2015
Joe Harris,-0.51604410889357,0.17542535394217,-0.69146946283574,2005-2006-2007-2008-2009-2010-2011-2012-2013-2014-2015
Eric Maynor,-0.41117460912767,0.29005923023026997,-0.70123383935794,2005-2006-2007-2008-2009-2010-2011-2012-2013-2014-2015
Eduardo Najera,-0.68745072210631,0.014055618962080001,-0.70150634106839,2005-2006-2007-2008-2009-2010-2011-2012-2013-2014-2015
Charlie Bell,0.64708463354142,1.3493772723511699,-0.70229263880975,2005-2006-2007-2008-2009-2010-2011-2012-2013-2014-2015
Erick Dampier,-0.13123475264661,0.57298158350811,-0.70421633615472,2005-2006-2007-2008-2009-2010-2011-2012-2013-2014-2015
Wally Szczerbiak,-0.46075154490775005,0.24417083466068001,-0.70492237956843,2005-2006-2007-2008-2009-2010-2011-2012-2013-2014-2015
Nick Johnson,-0.8103040096195,-0.10530243513265,-0.70500157448685,2005-2006-2007-2008-2009-2010-2011-2012-2013-2014-2015
Jake Tsakalidis,0.29884036972391,1.00420065417232,-0.7053602844484099,2005-2006-2007-2008-2009-2010-2011-2012-2013-2014-2015
Eddie Gill,-0.53705002585936,0.16919540662975,-0.70624543248911,2005-2006-2007-2008-2009-2010-2011-2012-2013-2014-2015
Khris Middleton,-0.6493554722927201,0.05740721171935,-0.70676268401207,2005-2006-2007-2008-2009-2010-2011-2012-2013-2014-2015
Paul Shirley,-0.28436286520881,0.4283102109932,-0.7126730762020099,2005-2006-2007-2008-2009-2010-2011-2012-2013-2014-2015
Stacey Augmon,-0.44014482193298,0.27643687433202,-0.716581696265,2005-2006-2007-2008-2009-2010-2011-2012-2013-2014-2015
Hedo Turkoglu,0.27583820301509004,0.99280441372814,-0.71696621071305,2005-2006-2007-2008-2009-2010-2011-2012-2013-2014-2015
Anthony Peeler,-0.28777985296232,0.43355187134362994,-0.72133172430595,2005-2006-2007-2008-2009-2010-2011-2012-2013-2014-2015
Steven Adams,-0.48737674707914,0.23894202573484002,-0.72631877281398,2005-2006-2007-2008-2009-2010-2011-2012-2013-2014-2015
D.J. Kennedy,-0.52749824530636,0.21154246519065,-0.73904071049701,2005-2006-2007-2008-2009-2010-2011-2012-2013-2014-2015
Linton Johnson,-0.41245553288169,0.32955479338143,-0.74201032626312,2005-2006-2007-2008-2009-2010-2011-2012-2013-2014-2015
Chris Mihm,0.13220697276398,0.87479447417468,-0.7425875014107001,2005-2006-2007-2008-2009-2010-2011-2012-2013-2014-2015
Norris Cole,-0.9722376226609399,-0.22623526794246,-0.7460023547184799,2005-2006-2007-2008-2009-2010-2011-2012-2013-2014-2015
Anthony Morrow,-0.0505996285434,0.6985002638467299,-0.74909989239013,2005-2006-2007-2008-2009-2010-2011-2012-2013-2014-2015
Chris Bosh,-0.54246866684231,0.20865934349239998,-0.75112801033471,2005-2006-2007-2008-2009-2010-2011-2012-2013-2014-2015
Maurice Ager,-0.57392262832718,0.18432154149892,-0.7582441698261,2005-2006-2007-2008-2009-2010-2011-2012-2013-2014-2015
Dominic McGuire,-0.49499418292943004,0.26354499676844,-0.75853917969787,2005-2006-2007-2008-2009-2010-2011-2012-2013-2014-2015
Josh Smith,-0.07898128508086,0.68055824399875,-0.75953952907961,2005-2006-2007-2008-2009-2010-2011-2012-2013-2014-2015
Mouhamed Sene,-0.40219919056957,0.36176207893545,-0.76396126950502,2005-2006-2007-2008-2009-2010-2011-2012-2013-2014-2015
Alex Acker,-0.30532523185481,0.4646807006022,-0.77000593245701,2005-2006-2007-2008-2009-2010-2011-2012-2013-2014-2015
Smush Parker,-1.31800066514473,-0.54525473552753,-0.7727459296172,2005-2006-2007-2008-2009-2010-2011-2012-2013-2014-2015
Marcus Smart,-0.23221778548885003,0.5405861649649399,-0.77280395045379,2005-2006-2007-2008-2009-2010-2011-2012-2013-2014-2015
Damon Stoudamire,-0.37675283216569,0.39800177927813,-0.7747546114438201,2005-2006-2007-2008-2009-2010-2011-2012-2013-2014-2015
Daequan Cook,0.44233571841331004,1.21851055271871,-0.7761748343053999,2005-2006-2007-2008-2009-2010-2011-2012-2013-2014-2015
Randy Livingston,-0.47141629111137,0.30754029813187,-0.7789565892432401,2005-2006-2007-2008-2009-2010-2011-2012-2013-2014-2015
Devin Harris,-0.8265973548797301,-0.04403024402194,-0.7825671108577901,2005-2006-2007-2008-2009-2010-2011-2012-2013-2014-2015
Rudy Gobert,-0.57686788331159,0.20676430433688,-0.7836321876484701,2005-2006-2007-2008-2009-2010-2011-2012-2013-2014-2015
Luc Mbah a Moute,-0.25250243935038,0.53177906256007,-0.7842815019104501,2005-2006-2007-2008-2009-2010-2011-2012-2013-2014-2015
Earl Watson,0.038957312107080005,0.82705799313364,-0.7881006810265601,2005-2006-2007-2008-2009-2010-2011-2012-2013-2014-2015
Anthony Parker,0.28145727607525,1.0740795154907299,-0.7926222394154799,2005-2006-2007-2008-2009-2010-2011-2012-2013-2014-2015
Terrence Ross,-0.24571574139195,0.54744360638637,-0.7931593477783199,2005-2006-2007-2008-2009-2010-2011-2012-2013-2014-2015
Kurt Thomas,-0.61380476243659,0.17943629802945,-0.7932410604660399,2005-2006-2007-2008-2009-2010-2011-2012-2013-2014-2015
Arinze Onuaku,0.02103672591218,0.81494379234879,-0.79390706643661,2005-2006-2007-2008-2009-2010-2011-2012-2013-2014-2015
Marquis Teague,-0.41470465080070995,0.3849523080942,-0.79965695889491,2005-2006-2007-2008-2009-2010-2011-2012-2013-2014-2015
Tobias Harris,-0.7211617338020201,0.08457558698195,-0.80573732078397,2005-2006-2007-2008-2009-2010-2011-2012-2013-2014-2015
Craig Smith,-0.05956052892022,0.74689290250493,-0.80645343142515,2005-2006-2007-2008-2009-2010-2011-2012-2013-2014-2015
Michael Doleac,-1.06257893593342,-0.25270910546725,-0.80986983046617,2005-2006-2007-2008-2009-2010-2011-2012-2013-2014-2015
Jon Leuer,-0.81967209283797,-0.007501235446003932,-0.8121708573919662,2005-2006-2007-2008-2009-2010-2011-2012-2013-2014-2015
Miles Plumlee,-0.41495589551946,0.40315504889987996,-0.81811094441934,2005-2006-2007-2008-2009-2010-2011-2012-2013-2014-2015
DeAndre Jordan,0.27566997752332,1.09390284664694,-0.8182328691236199,2005-2006-2007-2008-2009-2010-2011-2012-2013-2014-2015
Casey Jacobsen,-0.8216337981735501,0.01083598273144,-0.83246978090499,2005-2006-2007-2008-2009-2010-2011-2012-2013-2014-2015
Matt Bonner,-0.15919045270416,0.67447631556042,-0.83366676826458,2005-2006-2007-2008-2009-2010-2011-2012-2013-2014-2015
Donell Taylor,-0.88159661138291,-0.04669902240559,-0.8348975889773201,2005-2006-2007-2008-2009-2010-2011-2012-2013-2014-2015
Allen Crabbe,-0.33236992708552,0.5054552098945,-0.83782513698002,2005-2006-2007-2008-2009-2010-2011-2012-2013-2014-2015
Reece Gaines,-0.29052644150458,0.55404975362109,-0.84457619512567,2005-2006-2007-2008-2009-2010-2011-2012-2013-2014-2015
Brevin Knight,-0.18617532173181,0.6613548239372,-0.84753014566901,2005-2006-2007-2008-2009-2010-2011-2012-2013-2014-2015
Kyle Lowry,-0.07510565911105001,0.7818669867213499,-0.8569726458324,2005-2006-2007-2008-2009-2010-2011-2012-2013-2014-2015
Eddy Curry,-0.37167056714281,0.48568107891245,-0.8573516460552599,2005-2006-2007-2008-2009-2010-2011-2012-2013-2014-2015
Maurice Harkless,0.09610311761656999,0.96352126399292,-0.8674181463763501,2005-2006-2007-2008-2009-2010-2011-2012-2013-2014-2015
Al Thornton,-0.43079463765316,0.43851093662681995,-0.8693055742799799,2005-2006-2007-2008-2009-2010-2011-2012-2013-2014-2015
Andrew Wiggins,-0.05423995291148,0.82370862489677,-0.87794857780825,2005-2006-2007-2008-2009-2010-2011-2012-2013-2014-2015
Garrett Temple,-0.40236538173628,0.47743025987101,-0.8797956416072901,2005-2006-2007-2008-2009-2010-2011-2012-2013-2014-2015
Darryl Watkins,-0.42094151591328,0.46517268761888,-0.8861142035321599,2005-2006-2007-2008-2009-2010-2011-2012-2013-2014-2015
Gerald Henderson,-0.22050517130113,0.6681360339965401,-0.8886412052976701,2005-2006-2007-2008-2009-2010-2011-2012-2013-2014-2015
Nolan Smith,0.13728925353582,1.02639877807234,-0.88910952453652,2005-2006-2007-2008-2009-2010-2011-2012-2013-2014-2015
Jeff McInnis,-0.15969885689624,0.7371473014416701,-0.89684615833791,2005-2006-2007-2008-2009-2010-2011-2012-2013-2014-2015
Jeremy Lamb,-0.45562894791924,0.45308595107271005,-0.90871489899195,2005-2006-2007-2008-2009-2010-2011-2012-2013-2014-2015
Mike Taylor,-0.61545976687784,0.29365530840617,-0.90911507528401,2005-2006-2007-2008-2009-2010-2011-2012-2013-2014-2015
Jarron Collins,-0.98430723004221,-0.07005566602504999,-0.91425156401716,2005-2006-2007-2008-2009-2010-2011-2012-2013-2014-2015
Craig Brackins,-0.46734082228621,0.44984675919577,-0.91718758148198,2005-2006-2007-2008-2009-2010-2011-2012-2013-2014-2015
Pape Sow,0.5747586684526099,1.49566515866411,-0.9209064902115001,2005-2006-2007-2008-2009-2010-2011-2012-2013-2014-2015
Tony Massenburg,-0.62261634743781,0.30089270687046,-0.92350905430827,2005-2006-2007-2008-2009-2010-2011-2012-2013-2014-2015
Bryon Russell,-0.5202108149050899,0.41013446793435,-0.9303452828394398,2005-2006-2007-2008-2009-2010-2011-2012-2013-2014-2015
Reggie Bullock Jr.,-0.45443952209933,0.47748263703226,-0.9319221591315899,2005-2006-2007-2008-2009-2010-2011-2012-2013-2014-2015
Zeljko Rebraca,-0.99401880298848,-0.05357423331608,-0.9404445696724001,2005-2006-2007-2008-2009-2010-2011-2012-2013-2014-2015
Dan Dickau,-0.15574037230461,0.7929065309715599,-0.9486469032761699,2005-2006-2007-2008-2009-2010-2011-2012-2013-2014-2015
MarShon Brooks,-0.04276738657798,0.90693107938269,-0.9496984659606701,2005-2006-2007-2008-2009-2010-2011-2012-2013-2014-2015
Johnny O'Bryant III,-0.37727220512992,0.57463901295475,-0.95191121808467,2005-2006-2007-2008-2009-2010-2011-2012-2013-2014-2015
Samardo Samuels,-0.5685775704377499,0.38600635812123,-0.9545839285589799,2005-2006-2007-2008-2009-2010-2011-2012-2013-2014-2015
Amir Johnson,-0.4047387521222,0.5511677029516301,-0.9559064550738301,2005-2006-2007-2008-2009-2010-2011-2012-2013-2014-2015
Chase Budinger,-0.77429715414803,0.18290216034683998,-0.95719931449487,2005-2006-2007-2008-2009-2010-2011-2012-2013-2014-2015
Zoran Planinic,-0.5761213788058,0.38376337145885,-0.9598847502646499,2005-2006-2007-2008-2009-2010-2011-2012-2013-2014-2015
Hakim Warrick,-0.7168367348863001,0.24377502654136998,-0.96061176142767,2005-2006-2007-2008-2009-2010-2011-2012-2013-2014-2015
Eddie House,-0.20743768289578998,0.75906922030955,-0.9665069032053399,2005-2006-2007-2008-2009-2010-2011-2012-2013-2014-2015
Antoine Wright,-1.41883684614582,-0.44382437762091004,-0.97501246852491,2005-2006-2007-2008-2009-2010-2011-2012-2013-2014-2015
Eric Gordon,0.17496800922398,1.15402128450898,-0.9790532752849999,2005-2006-2007-2008-2009-2010-2011-2012-2013-2014-2015
Chris Douglas-Roberts,-0.80476747854868,0.17721682344998999,-0.9819843019986699,2005-2006-2007-2008-2009-2010-2011-2012-2013-2014-2015
Chucky Atkins,0.29100535278253004,1.28517388025668,-0.9941685274741499,2005-2006-2007-2008-2009-2010-2011-2012-2013-2014-2015
Perry Jones III,-0.54282903892037,0.46883272443651003,-1.0116617633568799,2005-2006-2007-2008-2009-2010-2011-2012-2013-2014-2015
Tom Gugliotta,-0.22661689270201,0.7891526960883599,-1.01576958879037,2005-2006-2007-2008-2009-2010-2011-2012-2013-2014-2015
DerMarr Johnson,-1.33444947367647,-0.31060191158444,-1.02384756209203,2005-2006-2007-2008-2009-2010-2011-2012-2013-2014-2015
Predrag Drobnjak,-0.93845110757549,0.08598593108807,-1.0244370386635602,2005-2006-2007-2008-2009-2010-2011-2012-2013-2014-2015
Jarvis Hayes,-0.81706649521411,0.20816938575750998,-1.02523588097162,2005-2006-2007-2008-2009-2010-2011-2012-2013-2014-2015
Jason Collier,-0.14546018173574002,0.88202355736237,-1.02748373909811,2005-2006-2007-2008-2009-2010-2011-2012-2013-2014-2015
Stromile Swift,-0.06590173028064,0.96677617411046,-1.0326779043910999,2005-2006-2007-2008-2009-2010-2011-2012-2013-2014-2015
Steve Blake,-0.93646152203779,0.09712756225343,-1.03358908429122,2005-2006-2007-2008-2009-2010-2011-2012-2013-2014-2015
Vitaly Potapenko,-0.27698076597675003,0.76032450644162,-1.03730527241837,2005-2006-2007-2008-2009-2010-2011-2012-2013-2014-2015
Mason Plumlee,-0.6628878676716701,0.37461379267897,-1.03750166035064,2005-2006-2007-2008-2009-2010-2011-2012-2013-2014-2015
Mickell Gladness,-0.76651554206012,0.27612320374081,-1.0426387458009299,2005-2006-2007-2008-2009-2010-2011-2012-2013-2014-2015
Mike Bibby,1.33618449673451,2.38337844051325,-1.04719394377874,2005-2006-2007-2008-2009-2010-2011-2012-2013-2014-2015
James Johnson,-0.99460256897081,0.056068759045039995,-1.05067132801585,2005-2006-2007-2008-2009-2010-2011-2012-2013-2014-2015
Howard Eisley,-0.92954253902977,0.13276499292658,-1.06230753195635,2005-2006-2007-2008-2009-2010-2011-2012-2013-2014-2015
Mickael Gelabale,-0.26534671647606,0.80010625193642,-1.06545296841248,2005-2006-2007-2008-2009-2010-2011-2012-2013-2014-2015
Doron Lamb,-0.56632919899113,0.50305206703182,-1.06938126602295,2005-2006-2007-2008-2009-2010-2011-2012-2013-2014-2015
Mike Miller,-0.41503013883217,0.65865677601267,-1.0736869148448398,2005-2006-2007-2008-2009-2010-2011-2012-2013-2014-2015
Loren Woods,-0.31052676253425,0.76846770403039,-1.07899446656464,2005-2006-2007-2008-2009-2010-2011-2012-2013-2014-2015
Chandler Parsons,-0.55947864251088,0.52340501221553,-1.08288365472641,2005-2006-2007-2008-2009-2010-2011-2012-2013-2014-2015
Michael Carter-Williams,-0.95168735171391,0.14113125079209002,-1.0928186025059998,2005-2006-2007-2008-2009-2010-2011-2012-2013-2014-2015
Mario West,-0.39462083966351,0.7018199523868199,-1.09644079205033,2005-2006-2007-2008-2009-2010-2011-2012-2013-2014-2015
Jeremy Tyler,-0.38518303349328,0.7145209912649,-1.09970402475818,2005-2006-2007-2008-2009-2010-2011-2012-2013-2014-2015
Travis Best,-0.17720585298439,0.92439273973169,-1.10159859271608,2005-2006-2007-2008-2009-2010-2011-2012-2013-2014-2015
Cory Higgins,-1.11247918433406,-0.007567158962607446,-1.1049120253714526,2005-2006-2007-2008-2009-2010-2011-2012-2013-2014-2015
Tony Delk,-0.09736979129032,1.0094783776551401,-1.1068481689454601,2005-2006-2007-2008-2009-2010-2011-2012-2013-2014-2015
Quincy Douby,-0.23334768350412,0.88046950537983,-1.11381718888395,2005-2006-2007-2008-2009-2010-2011-2012-2013-2014-2015
Greg Stiemsma,-0.72322725638624,0.3912075474992,-1.1144348038854401,2005-2006-2007-2008-2009-2010-2011-2012-2013-2014-2015
Tim Hardaway Jr.,-0.54445558624609,0.57279802553423,-1.11725361178032,2005-2006-2007-2008-2009-2010-2011-2012-2013-2014-2015
Trevor Booker,0.05269769050598,1.17371408100321,-1.1210163904972301,2005-2006-2007-2008-2009-2010-2011-2012-2013-2014-2015
Darius Morris,-0.9964331817877801,0.12629102334402,-1.1227242051318,2005-2006-2007-2008-2009-2010-2011-2012-2013-2014-2015
Steve Francis,-0.56256225237596,0.57020599643808,-1.13276824881404,2005-2006-2007-2008-2009-2010-2011-2012-2013-2014-2015
Randy Foye,-0.45051741118032,0.68454586654776,-1.13506327772808,2005-2006-2007-2008-2009-2010-2011-2012-2013-2014-2015
Royal Ivey,-0.52932756236351,0.61393072931188,-1.14325829167539,2005-2006-2007-2008-2009-2010-2011-2012-2013-2014-2015
Hasheem Thabeet,-0.79105533271239,0.35914601972852,-1.15020135244091,2005-2006-2007-2008-2009-2010-2011-2012-2013-2014-2015
Alonzo Gee,-1.09283997471244,0.05750028190368,-1.15034025661612,2005-2006-2007-2008-2009-2010-2011-2012-2013-2014-2015
DeAndre Liggins,-1.1916238487314899,-0.03852056410747,-1.15310328462402,2005-2006-2007-2008-2009-2010-2011-2012-2013-2014-2015
Lou Amundson,-1.10103847080868,0.05268730711501,-1.15372577792369,2005-2006-2007-2008-2009-2010-2011-2012-2013-2014-2015
Dennis Schroder,-0.52978056649778,0.63483937879301,-1.1646199452907902,2005-2006-2007-2008-2009-2010-2011-2012-2013-2014-2015
Yao Ming,-0.08915291229668,1.08509412807838,-1.17424704037506,2005-2006-2007-2008-2009-2010-2011-2012-2013-2014-2015
Tyler Hansbrough,-0.9594567511565301,0.23837952184667002,-1.1978362730032002,2005-2006-2007-2008-2009-2010-2011-2012-2013-2014-2015
Joey Graham,-0.7919565301255,0.40955983446775995,-1.20151636459326,2005-2006-2007-2008-2009-2010-2011-2012-2013-2014-2015
Al Horford,-2.04001431458555,-0.8383371570871,-1.20167715749845,2005-2006-2007-2008-2009-2010-2011-2012-2013-2014-2015
Keith McLeod,-0.45530994919624,0.74774136420256,-1.2030513133988001,2005-2006-2007-2008-2009-2010-2011-2012-2013-2014-2015
Justin Reed,-0.27934435422264997,0.92723429681395,-1.2065786510366,2005-2006-2007-2008-2009-2010-2011-2012-2013-2014-2015
Roger Mason Jr.,0.5370187325739401,1.745056092706,-1.20803736013206,2005-2006-2007-2008-2009-2010-2011-2012-2013-2014-2015
Reggie Miller,-1.16793608158373,0.04390836060249,-1.21184444218622,2005-2006-2007-2008-2009-2010-2011-2012-2013-2014-2015
Anthony Goldwire,-0.44356607132881,0.76940625069447,-1.21297232202328,2005-2006-2007-2008-2009-2010-2011-2012-2013-2014-2015
Tyrus Thomas,-0.5518917824928,0.67108157568141,-1.22297335817421,2005-2006-2007-2008-2009-2010-2011-2012-2013-2014-2015
Greg Smith,-1.05984074005111,0.16564885717168,-1.2254895972227902,2005-2006-2007-2008-2009-2010-2011-2012-2013-2014-2015
Daniel Orton,-1.0228859639473902,0.20466214841839003,-1.22754811236578,2005-2006-2007-2008-2009-2010-2011-2012-2013-2014-2015
Melvin Ely,-0.2761904332541,0.95554657190732,-1.23173700516142,2005-2006-2007-2008-2009-2010-2011-2012-2013-2014-2015
James White,-0.24866088566753,0.99408132326788,-1.2427422089354099,2005-2006-2007-2008-2009-2010-2011-2012-2013-2014-2015
Monta Ellis,-0.043839576693510005,1.21167259173441,-1.25551216842792,2005-2006-2007-2008-2009-2010-2011-2012-2013-2014-2015
Marcus Banks,-1.24128894299594,0.01545511971075,-1.25674406270669,2005-2006-2007-2008-2009-2010-2011-2012-2013-2014-2015
Raymond Felton,-1.6624679821026,-0.40360860595207004,-1.25885937615053,2005-2006-2007-2008-2009-2010-2011-2012-2013-2014-2015
Brent Barry,-0.54917271026603,0.7114114841636799,-1.2605841944297098,2005-2006-2007-2008-2009-2010-2011-2012-2013-2014-2015
Bruce Bowen,-2.03372012457377,-0.7613009048049899,-1.27241921976878,2005-2006-2007-2008-2009-2010-2011-2012-2013-2014-2015
Udonis Haslem,-1.4012294568762,-0.12515437026203,-1.2760750866141701,2005-2006-2007-2008-2009-2010-2011-2012-2013-2014-2015
Raef LaFrentz,-0.24389294531400002,1.03252481386331,-1.27641775917731,2005-2006-2007-2008-2009-2010-2011-2012-2013-2014-2015
Steve Novak,-0.6580805273561801,0.623832175617,-1.28191270297318,2005-2006-2007-2008-2009-2010-2011-2012-2013-2014-2015
Delonte West,-1.1952310891592899,0.10893706071059998,-1.3041681498698898,2005-2006-2007-2008-2009-2010-2011-2012-2013-2014-2015
Ruben Patterson,-0.40865039685169,0.90490300321577,-1.31355340006746,2005-2006-2007-2008-2009-2010-2011-2012-2013-2014-2015
Thaddeus Young,-0.21017666083054998,1.1107727014009,-1.3209493622314499,2005-2006-2007-2008-2009-2010-2011-2012-2013-2014-2015
David Harrison,-1.06912066230841,0.28473375945766,-1.35385442176607,2005-2006-2007-2008-2009-2010-2011-2012-2013-2014-2015
Toni Kukoc,0.01922943388777,1.37695087015113,-1.35772143626336,2005-2006-2007-2008-2009-2010-2011-2012-2013-2014-2015
Willie Green,-0.6768840285566,0.70779723496717,-1.38468126352377,2005-2006-2007-2008-2009-2010-2011-2012-2013-2014-2015
Clifford Robinson,-0.52332754147692,0.8691337705361399,-1.3924613120130598,2005-2006-2007-2008-2009-2010-2011-2012-2013-2014-2015
Earl Boykins,-0.55035875019732,0.84865395715362,-1.39901270735094,2005-2006-2007-2008-2009-2010-2011-2012-2013-2014-2015
Brian Cardinal,-0.7056472920920199,0.69935509606653,-1.40500238815855,2005-2006-2007-2008-2009-2010-2011-2012-2013-2014-2015
Etan Thomas,-0.33112923680066,1.08844408665838,-1.41957332345904,2005-2006-2007-2008-2009-2010-2011-2012-2013-2014-2015
Luis Scola,-1.27411642421978,0.15032631257615,-1.4244427367959298,2005-2006-2007-2008-2009-2010-2011-2012-2013-2014-2015
Marcus Fizer,-0.5474114709794901,0.87962568724596,-1.42703715822545,2005-2006-2007-2008-2009-2010-2011-2012-2013-2014-2015
Chris Webber,-0.31144796372426997,1.12013427352367,-1.4315822372479399,2005-2006-2007-2008-2009-2010-2011-2012-2013-2014-2015
Sasha Pavlovic,-1.6316830487543899,-0.1882501013244,-1.4434329474299898,2005-2006-2007-2008-2009-2010-2011-2012-2013-2014-2015
Dorell Wright,-0.8479981302099,0.59544601801076,-1.4434441482206601,2005-2006-2007-2008-2009-2010-2011-2012-2013-2014-2015
Damien Wilkins,-0.42147612450275,1.03735889071403,-1.45883501521678,2005-2006-2007-2008-2009-2010-2011-2012-2013-2014-2015
Jorge Gutierrez,-0.51291099829257,0.95323965564377,-1.4661506539363398,2005-2006-2007-2008-2009-2010-2011-2012-2013-2014-2015
Terrel Harris,-1.05743870808037,0.42638018906159997,-1.4838188971419701,2005-2006-2007-2008-2009-2010-2011-2012-2013-2014-2015
Evan Turner,-1.7978507698908501,-0.30505164335268997,-1.4927991265381602,2005-2006-2007-2008-2009-2010-2011-2012-2013-2014-2015
Wesley Person,-0.93483769456648,0.5597075525920899,-1.4945452471585698,2005-2006-2007-2008-2009-2010-2011-2012-2013-2014-2015
Keith Van Horn,-0.52574528285368,0.9720264859855899,-1.4977717688392698,2005-2006-2007-2008-2009-2010-2011-2012-2013-2014-2015
Fred Jones,-1.88477629248389,-0.37022724452171,-1.51454904796218,2005-2006-2007-2008-2009-2010-2011-2012-2013-2014-2015
Austin Daye,-0.5523798062094,0.96364929063938,-1.51602909684878,2005-2006-2007-2008-2009-2010-2011-2012-2013-2014-2015
Marvin Williams,-0.43571159523123004,1.08116539394788,-1.51687698917911,2005-2006-2007-2008-2009-2010-2011-2012-2013-2014-2015
Brian Skinner,-0.49571196344074997,1.0341599761264,-1.52987193956715,2005-2006-2007-2008-2009-2010-2011-2012-2013-2014-2015
Will Bynum,0.01424018047852,1.5449945077701,-1.53075432729158,2005-2006-2007-2008-2009-2010-2011-2012-2013-2014-2015
Darrell Arthur,-0.64143683583386,0.9015579147254,-1.54299475055926,2005-2006-2007-2008-2009-2010-2011-2012-2013-2014-2015
Leon Powe,-0.23539864818964998,1.315702635859,-1.55110128404865,2005-2006-2007-2008-2009-2010-2011-2012-2013-2014-2015
Nenad Krstic,-0.58806789883928,0.96837613410209,-1.55644403294137,2005-2006-2007-2008-2009-2010-2011-2012-2013-2014-2015
Ian Mahinmi,-1.68921474284736,-0.12793400572886,-1.5612807371185,2005-2006-2007-2008-2009-2010-2011-2012-2013-2014-2015
Solomon Jones,-0.85595385970382,0.71654184797524,-1.57249570767906,2005-2006-2007-2008-2009-2010-2011-2012-2013-2014-2015
Sam Young,-1.56977997416673,0.006045996800470786,-1.5758259709672005,2005-2006-2007-2008-2009-2010-2011-2012-2013-2014-2015
Mike Scott,-0.9312300794636699,0.69537600897687,-1.6266060884405398,2005-2006-2007-2008-2009-2010-2011-2012-2013-2014-2015
Marc Jackson,-0.66025333011529,0.9755582694264501,-1.6358115995417402,2005-2006-2007-2008-2009-2010-2011-2012-2013-2014-2015
Ed Davis,-0.78424871439597,0.8544680649124701,-1.63871677930844,2005-2006-2007-2008-2009-2010-2011-2012-2013-2014-2015
Lorenzen Wright,-1.0160939194637901,0.64910121966475,-1.6651951391285402,2005-2006-2007-2008-2009-2010-2011-2012-2013-2014-2015
Brian Grant,-0.9643287239479201,0.7041359206251899,-1.6684646445731102,2005-2006-2007-2008-2009-2010-2011-2012-2013-2014-2015
Adonal Foyle,-0.9637564978076,0.71340965826168,-1.6771661560692799,2005-2006-2007-2008-2009-2010-2011-2012-2013-2014-2015
Brandon Bass,-1.4471355170059,0.27610539008189,-1.7232409070877899,2005-2006-2007-2008-2009-2010-2011-2012-2013-2014-2015
Desmond Mason,-0.6113074607543799,1.11804968310864,-1.72935714386302,2005-2006-2007-2008-2009-2010-2011-2012-2013-2014-2015
Thabo Sefolosha,-2.58637136320445,-0.83200604694695,-1.7543653162575001,2005-2006-2007-2008-2009-2010-2011-2012-2013-2014-2015
JJ Hickson,-0.84928693696242,0.91982405802187,-1.7691109949842898,2005-2006-2007-2008-2009-2010-2011-2012-2013-2014-2015
Andrew Goudelock,-0.80900277287203,0.9653900599246401,-1.77439283279667,2005-2006-2007-2008-2009-2010-2011-2012-2013-2014-2015
Nikola Vucevic,-0.60709086447934,1.17593486728958,-1.78302573176892,2005-2006-2007-2008-2009-2010-2011-2012-2013-2014-2015
Carlos Delfino,-0.8151243673783201,0.97281617441888,-1.7879405417971999,2005-2006-2007-2008-2009-2010-2011-2012-2013-2014-2015
Mike Wilks,-0.76384085144516,1.0345983992032501,-1.79843925064841,2005-2006-2007-2008-2009-2010-2011-2012-2013-2014-2015
Aaron Brooks,-1.39675120243972,0.40186289811069004,-1.7986141005504102,2005-2006-2007-2008-2009-2010-2011-2012-2013-2014-2015
DJ White,-1.39948755835434,0.40599030421711996,-1.8054778625714598,2005-2006-2007-2008-2009-2010-2011-2012-2013-2014-2015
Hilton Armstrong,-0.91852043132906,0.94055956820689,-1.8590799995359502,2005-2006-2007-2008-2009-2010-2011-2012-2013-2014-2015
Flip Murray,-0.49397029715685,1.38490124752755,-1.8788715446844,2005-2006-2007-2008-2009-2010-2011-2012-2013-2014-2015
Brandon Jennings,-0.13109046033413999,1.7478619359518,-1.8789523962859398,2005-2006-2007-2008-2009-2010-2011-2012-2013-2014-2015
Moochie Norris,-1.1825263658063,0.70745909962247,-1.88998546542877,2005-2006-2007-2008-2009-2010-2011-2012-2013-2014-2015
Darren Collison,-0.83425760040912,1.06975999504713,-1.9040175954562497,2005-2006-2007-2008-2009-2010-2011-2012-2013-2014-2015
Kirk Snyder,-1.17803717018892,0.73319584034767,-1.91123301053659,2005-2006-2007-2008-2009-2010-2011-2012-2013-2014-2015
Kwame Brown,-0.20806350409757002,1.72967531522727,-1.93773881932484,2005-2006-2007-2008-2009-2010-2011-2012-2013-2014-2015
Toney Douglas,-0.66304913045718,1.27599121494215,-1.93904034539933,2005-2006-2007-2008-2009-2010-2011-2012-2013-2014-2015
Leandro Barbosa,-1.31812376649095,0.63616126079128,-1.95428502728223,2005-2006-2007-2008-2009-2010-2011-2012-2013-2014-2015
Andrea Bargnani,-0.65079641408907,1.3207008063671,-1.9714972204561698,2005-2006-2007-2008-2009-2010-2011-2012-2013-2014-2015
Jeremy Lin,-1.1118148846244,0.8684976487542099,-1.98031253337861,2005-2006-2007-2008-2009-2010-2011-2012-2013-2014-2015
Kent Bazemore,-1.49961838389842,0.51249501480735,-2.01211339870577,2005-2006-2007-2008-2009-2010-2011-2012-2013-2014-2015
Caron Butler,-1.15572830920711,0.9117529359082799,-2.06748124511539,2005-2006-2007-2008-2009-2010-2011-2012-2013-2014-2015
Jason Hart,-1.6421221312459302,0.46309054077269,-2.10521267201862,2005-2006-2007-2008-2009-2010-2011-2012-2013-2014-2015
Jeff Green,-1.98367835566612,0.12976973260711,-2.11344808827323,2005-2006-2007-2008-2009-2010-2011-2012-2013-2014-2015
Johan Petro,-1.04147013029141,1.0770402777239598,-2.11851040801537,2005-2006-2007-2008-2009-2010-2011-2012-2013-2014-2015
Devin Brown,-0.79379105113941,1.32703764948169,-2.1208287006211,2005-2006-2007-2008-2009-2010-2011-2012-2013-2014-2015
Trenton Hassell,-0.7501745746367601,1.39896012871256,-2.14913470334932,2005-2006-2007-2008-2009-2010-2011-2012-2013-2014-2015
Samuel Dalembert,-0.78831300534877,1.36755315357371,-2.15586615892248,2005-2006-2007-2008-2009-2010-2011-2012-2013-2014-2015
C.J. Watson,-1.49398323070897,0.67020555166165,-2.16418878237062,2005-2006-2007-2008-2009-2010-2011-2012-2013-2014-2015
Marcus Thornton,-0.14701705768875,2.0190386322355,-2.1660556899242502,2005-2006-2007-2008-2009-2010-2011-2012-2013-2014-2015
CJ Miles,-0.7131861203297101,1.46641816063918,-2.1796042809688903,2005-2006-2007-2008-2009-2010-2011-2012-2013-2014-2015
Martell Webster,-1.06721641524231,1.12510713423468,-2.1923235494769897,2005-2006-2007-2008-2009-2010-2011-2012-2013-2014-2015
Sarunas Jasikevicius,-1.8367960512547101,0.38147052621788,-2.21826657747259,2005-2006-2007-2008-2009-2010-2011-2012-2013-2014-2015
Robin Lopez,-0.69612543553655,1.5338177548229401,-2.2299431903594904,2005-2006-2007-2008-2009-2010-2011-2012-2013-2014-2015
Zydrunas Ilgauskas,-1.28266433603312,0.94829588337488,-2.230960219408,2005-2006-2007-2008-2009-2010-2011-2012-2013-2014-2015
Gerald Green,-1.62708283862391,0.60407338178881,-2.23115622041272,2005-2006-2007-2008-2009-2010-2011-2012-2013-2014-2015
Josh Powell,-2.14894223430074,0.08246155646712,-2.23140379076786,2005-2006-2007-2008-2009-2010-2011-2012-2013-2014-2015
Austin Croshere,-0.52926017542173,1.73662661447553,-2.26588678989726,2005-2006-2007-2008-2009-2010-2011-2012-2013-2014-2015
Juan Dixon,-0.64482657352899,1.6696271133819902,-2.31445368691098,2005-2006-2007-2008-2009-2010-2011-2012-2013-2014-2015
Marreese Speights,-1.80864111351741,0.51782466939129,-2.3264657829087003,2005-2006-2007-2008-2009-2010-2011-2012-2013-2014-2015
Rasual Butler,-0.5050209429694901,1.84051942714416,-2.34554037011365,2005-2006-2007-2008-2009-2010-2011-2012-2013-2014-2015
Jamario Moon,-2.0156060217058998,0.39497555976707005,-2.41058158147297,2005-2006-2007-2008-2009-2010-2011-2012-2013-2014-2015
Andrew Bynum,-1.64114286010737,0.7881066350094701,-2.42924949511684,2005-2006-2007-2008-2009-2010-2011-2012-2013-2014-2015
Michael Beasley,-1.47918634861987,1.03228994093485,-2.51147628955472,2005-2006-2007-2008-2009-2010-2011-2012-2013-2014-2015
Francisco Elson,-1.87274684094425,0.65172116664456,-2.52446800758881,2005-2006-2007-2008-2009-2010-2011-2012-2013-2014-2015
Charlie Villanueva,-0.14261148944979,2.40005341292263,-2.5426649023724197,2005-2006-2007-2008-2009-2010-2011-2012-2013-2014-2015
Ronny Turiaf,-1.7815983220890699,0.9223290411671701,-2.70392736325624,2005-2006-2007-2008-2009-2010-2011-2012-2013-2014-2015
John Salmons,-1.32596612982847,1.38086563065213,-2.7068317604806,2005-2006-2007-2008-2009-2010-2011-2012-2013-2014-2015
Byron Mullens,-1.7614078352032099,0.97081348138998,-2.73222131659319,2005-2006-2007-2008-2009-2010-2011-2012-2013-2014-2015
D.J. Augustin,-1.0519425067367498,1.69611044405364,-2.74805295079039,2005-2006-2007-2008-2009-2010-2011-2012-2013-2014-2015
Marco Belinelli,-1.4732294449642,1.50129066360041,-2.97452010856461,2005-2006-2007-2008-2009-2010-2011-2012-2013-2014-2015
Kris Humphries,-1.39386755393242,1.63558455548869,-3.0294521094211104,2005-2006-2007-2008-2009-2010-2011-2012-2013-2014-2015
Earl Clark,-2.00379156052284,1.0368254466109899,-3.04061700713383,2005-2006-2007-2008-2009-2010-2011-2012-2013-2014-2015
Donald Sloan,-1.61443802260193,1.54219964770969,-3.15663767031162,2005-2006-2007-2008-2009-2010-2011-2012-2013-2014-2015
Richard Jefferson,-2.07551930084337,1.3866595440362801,-3.46217884487965,2005-2006-2007-2008-2009-2010-2011-2012-2013-2014-2015
DeShawn Stevenson,-3.38588278873292,0.82726628927049,-4.21314907800341,2005-2006-2007-2008-2009-2010-2011-2012-2013-2014-2015
