Name,Off,Def,Rapm,Season
LeBron James,6.40772399849787,-0.9402880057919,7.348012004289771,2010-2011-2012-2013-2014-2015-2016-2017-2018-2019-2020
Draymond Green,3.26671610447007,-3.4359577439563402,6.702673848426411,2010-2011-2012-2013-2014-2015-2016-2017-2018-2019-2020
Joel Embiid,2.04775270018894,-3.10743939596966,5.1551920961586,2010-2011-2012-2013-2014-2015-2016-2017-2018-2019-2020
Kevin Durant,3.80718103232095,-1.2914596150772701,5.09864064739822,2010-2011-2012-2013-2014-2015-2016-2017-2018-2019-2020
Stephen Curry,4.31969568420979,-0.6193561452923401,4.93905182950213,2010-2011-2012-2013-2014-2015-2016-2017-2018-2019-2020
Kawhi Leonard,3.0975385839360396,-1.2222482724821702,4.31978685641821,2010-2011-2012-2013-2014-2015-2016-2017-2018-2019-2020
Manu Ginobili,2.85066029130882,-1.2483998803955298,4.09906017170435,2010-2011-2012-2013-2014-2015-2016-2017-2018-2019-2020
Eric Bledsoe,1.71303527993437,-2.3458419637530903,4.05887724368746,2010-2011-2012-2013-2014-2015-2016-2017-2018-2019-2020
Chris Paul,2.78224966970547,-1.0274274153929,3.8096770850983703,2010-2011-2012-2013-2014-2015-2016-2017-2018-2019-2020
Kevin Garnett,0.49514946320012004,-3.24355218298934,3.73870164618946,2010-2011-2012-2013-2014-2015-2016-2017-2018-2019-2020
James Harden,3.89118484601315,0.21541299477824002,3.6757718512349102,2010-2011-2012-2013-2014-2015-2016-2017-2018-2019-2020
Dirk Nowitzki,4.14255792375286,0.49533475117836,3.6472231725745,2010-2011-2012-2013-2014-2015-2016-2017-2018-2019-2020
Tim Duncan,0.99695827487863,-2.64736519633004,3.64432347120867,2010-2011-2012-2013-2014-2015-2016-2017-2018-2019-2020
Russell Westbrook,3.0177817246514,-0.613639266722,3.6314209913733997,2010-2011-2012-2013-2014-2015-2016-2017-2018-2019-2020
Kyle Lowry,3.00712555911709,-0.57306001985374,3.58018557897083,2010-2011-2012-2013-2014-2015-2016-2017-2018-2019-2020
Danny Green,1.49745887787798,-1.71977244873102,3.217231326609,2010-2011-2012-2013-2014-2015-2016-2017-2018-2019-2020
Rajon Rondo,1.11635203997005,-2.04595744985012,3.16230948982017,2010-2011-2012-2013-2014-2015-2016-2017-2018-2019-2020
Mike Conley,1.2399089177033,-1.88045707829219,3.12036599599549,2010-2011-2012-2013-2014-2015-2016-2017-2018-2019-2020
Tyson Chandler,0.75203401954528,-2.3530697498827298,3.10510376942801,2010-2011-2012-2013-2014-2015-2016-2017-2018-2019-2020
Blake Griffin,2.46438781149463,-0.5466849737299101,3.01107278522454,2010-2011-2012-2013-2014-2015-2016-2017-2018-2019-2020
George Hill,2.34772877926739,-0.6135888110299901,2.96131759029738,2010-2011-2012-2013-2014-2015-2016-2017-2018-2019-2020
Marcin Gortat,2.1447488015711498,-0.77665427420761,2.92140307577876,2010-2011-2012-2013-2014-2015-2016-2017-2018-2019-2020
Rashard Lewis,1.5945877255521101,-1.32216466392175,2.9167523894738605,2010-2011-2012-2013-2014-2015-2016-2017-2018-2019-2020
Derrick Rose,1.84938972138546,-1.04677626314314,2.8961659845286003,2010-2011-2012-2013-2014-2015-2016-2017-2018-2019-2020
Serge Ibaka,2.32904964763383,-0.53850004688132,2.86754969451515,2010-2011-2012-2013-2014-2015-2016-2017-2018-2019-2020
Myles Turner,1.0950063503776701,-1.6918625467056798,2.78686889708335,2010-2011-2012-2013-2014-2015-2016-2017-2018-2019-2020
Ray Allen,3.0782774747158697,0.30523353183347,2.7730439428824,2010-2011-2012-2013-2014-2015-2016-2017-2018-2019-2020
Shane Battier,0.90579304923651,-1.7768852317643702,2.6826782810008805,2010-2011-2012-2013-2014-2015-2016-2017-2018-2019-2020
P.J. Tucker,1.0407989776614701,-1.58571999747409,2.62651897513556,2010-2011-2012-2013-2014-2015-2016-2017-2018-2019-2020
JaVale McGee,1.66116679113592,-0.92892378882316,2.59009057995908,2010-2011-2012-2013-2014-2015-2016-2017-2018-2019-2020
Paul Millsap,1.57117750890414,-0.9278952917269,2.49907280063104,2010-2011-2012-2013-2014-2015-2016-2017-2018-2019-2020
JJ Redick,1.72867367472422,-0.75198275340986,2.48065642813408,2010-2011-2012-2013-2014-2015-2016-2017-2018-2019-2020
Patty Mills,2.55283808624897,0.07404208922524999,2.4787959970237203,2010-2011-2012-2013-2014-2015-2016-2017-2018-2019-2020
Iman Shumpert,1.14457258844476,-1.2940322779846298,2.43860486642939,2010-2011-2012-2013-2014-2015-2016-2017-2018-2019-2020
Paul George,0.64125129783788,-1.78292535364062,2.4241766514785,2010-2011-2012-2013-2014-2015-2016-2017-2018-2019-2020
Luol Deng,0.52058425529587,-1.8758598124462198,2.39644406774209,2010-2011-2012-2013-2014-2015-2016-2017-2018-2019-2020
David West,0.6782854174905201,-1.6535258980906,2.33181131558112,2010-2011-2012-2013-2014-2015-2016-2017-2018-2019-2020
Boris Diaw,1.1760798969499,-1.1418876844233201,2.31796758137322,2010-2011-2012-2013-2014-2015-2016-2017-2018-2019-2020
Brook Lopez,0.73518536449309,-1.57734582401772,2.31253118851081,2010-2011-2012-2013-2014-2015-2016-2017-2018-2019-2020
Otto Porter Jr.,1.6214797127053902,-0.63725365931216,2.2587333720175504,2010-2011-2012-2013-2014-2015-2016-2017-2018-2019-2020
Ricky Rubio,0.8350107045975601,-1.4129057417867,2.24791644638426,2010-2011-2012-2013-2014-2015-2016-2017-2018-2019-2020
Mario Chalmers,0.95661771991018,-1.28040585917336,2.23702357908354,2010-2011-2012-2013-2014-2015-2016-2017-2018-2019-2020
Jimmy Butler,1.05327025902854,-1.1404628451653198,2.19373310419386,2010-2011-2012-2013-2014-2015-2016-2017-2018-2019-2020
Ersan Ilyasova,1.1763611574706,-1.01059340486168,2.18695456233228,2010-2011-2012-2013-2014-2015-2016-2017-2018-2019-2020
JR Smith,1.96447978746585,-0.20528801943154998,2.1697678068974002,2010-2011-2012-2013-2014-2015-2016-2017-2018-2019-2020
Jared Dudley,1.23409737646782,-0.9331264880501001,2.1672238645179203,2010-2011-2012-2013-2014-2015-2016-2017-2018-2019-2020
Pablo Prigioni,0.50635748492472,-1.64587165590682,2.15222914083154,2010-2011-2012-2013-2014-2015-2016-2017-2018-2019-2020
Jayson Tatum,0.79674585421615,-1.3476860120346599,2.14443186625081,2010-2011-2012-2013-2014-2015-2016-2017-2018-2019-2020
Nick Collison,0.1691498110631,-1.96879833099409,2.1379481420571897,2010-2011-2012-2013-2014-2015-2016-2017-2018-2019-2020
Marc Gasol,0.76886778644134,-1.3576431229655,2.12651090940684,2010-2011-2012-2013-2014-2015-2016-2017-2018-2019-2020
Terry Rozier,0.9461494077780699,-1.16116811725535,2.1073175250334195,2010-2011-2012-2013-2014-2015-2016-2017-2018-2019-2020
Channing Frye,3.5736676102948497,1.47064122918308,2.10302638111177,2010-2011-2012-2013-2014-2015-2016-2017-2018-2019-2020
Derrick Favors,1.53301557060441,-0.53167699320385,2.06469256380826,2010-2011-2012-2013-2014-2015-2016-2017-2018-2019-2020
Metta World Peace,2.22714640169787,0.16266080146607,2.0644856002318,2010-2011-2012-2013-2014-2015-2016-2017-2018-2019-2020
Vince Carter,1.2734215019225101,-0.7839770966988701,2.05739859862138,2010-2011-2012-2013-2014-2015-2016-2017-2018-2019-2020
Jason Kidd,0.02117411793085,-2.01334044705609,2.03451456498694,2010-2011-2012-2013-2014-2015-2016-2017-2018-2019-2020
Tracy McGrady,0.051961764627919994,-1.9388135986557702,1.9907753632836902,2010-2011-2012-2013-2014-2015-2016-2017-2018-2019-2020
Jason Maxiell,0.45609128320334996,-1.4823297490785199,1.93842103228187,2010-2011-2012-2013-2014-2015-2016-2017-2018-2019-2020
Victor Oladipo,0.84191167797787,-1.09586295735483,1.9377746353327001,2010-2011-2012-2013-2014-2015-2016-2017-2018-2019-2020
Dion Waiters,1.56032751113929,-0.36786989930481,1.9281974104441002,2010-2011-2012-2013-2014-2015-2016-2017-2018-2019-2020
Derek Fisher,1.0953609360735699,-0.8274332427712799,1.92279417884485,2010-2011-2012-2013-2014-2015-2016-2017-2018-2019-2020
Pau Gasol,1.19614804221539,-0.72181772722728,1.91796576944267,2010-2011-2012-2013-2014-2015-2016-2017-2018-2019-2020
Jameer Nelson,0.9248579599547699,-0.98474539165422,1.9096033516089899,2010-2011-2012-2013-2014-2015-2016-2017-2018-2019-2020
Tony Parker,1.77313882821724,-0.08592985547881,1.85906868369605,2010-2011-2012-2013-2014-2015-2016-2017-2018-2019-2020
Anthony Davis,0.8938422600815401,-0.9490204339113301,1.84286269399287,2010-2011-2012-2013-2014-2015-2016-2017-2018-2019-2020
Jason Thompson,1.8600328753323299,0.020723021563729998,1.8393098537686,2010-2011-2012-2013-2014-2015-2016-2017-2018-2019-2020
CJ McCollum,2.94262725027348,1.14034903178832,1.80227821848516,2010-2011-2012-2013-2014-2015-2016-2017-2018-2019-2020
Matt Barnes,1.3745484220597,-0.41123872899784003,1.7857871510575398,2010-2011-2012-2013-2014-2015-2016-2017-2018-2019-2020
Kyrie Irving,3.02042230249427,1.28614989730157,1.7342724051927,2010-2011-2012-2013-2014-2015-2016-2017-2018-2019-2020
Joel Anthony,0.5172013135943999,-1.2071719925898199,1.72437330618422,2010-2011-2012-2013-2014-2015-2016-2017-2018-2019-2020
Reggie Evans,0.4760600727873,-1.23112150594573,1.7071815787330302,2010-2011-2012-2013-2014-2015-2016-2017-2018-2019-2020
Wilson Chandler,0.86786379286665,-0.83581786436186,1.70368165722851,2010-2011-2012-2013-2014-2015-2016-2017-2018-2019-2020
Anderson Varejao,1.03447036000315,-0.65806574934633,1.6925361093494802,2010-2011-2012-2013-2014-2015-2016-2017-2018-2019-2020
Drew Gooden,0.56283094487261,-1.1083798299162702,1.67121077478888,2010-2011-2012-2013-2014-2015-2016-2017-2018-2019-2020
Steve Nash,1.93147465788839,0.35659248005212,1.57488217783627,2010-2011-2012-2013-2014-2015-2016-2017-2018-2019-2020
Kobe Bryant,2.0122530860828,0.44677952232741996,1.5654735637553798,2010-2011-2012-2013-2014-2015-2016-2017-2018-2019-2020
Joe Ingles,0.55756593550491,-0.9962098458712,1.55377578137611,2010-2011-2012-2013-2014-2015-2016-2017-2018-2019-2020
Chris Andersen,1.52662779030304,-0.02696960270552,1.55359739300856,2010-2011-2012-2013-2014-2015-2016-2017-2018-2019-2020
Andre Iguodala,1.97743389429876,0.43888155464080003,1.5385523396579601,2010-2011-2012-2013-2014-2015-2016-2017-2018-2019-2020
Seth Curry,1.1728156829191099,-0.35835864137525,1.5311743242943598,2010-2011-2012-2013-2014-2015-2016-2017-2018-2019-2020
Nene,-0.17863604182876,-1.7069228164513401,1.5282867746225801,2010-2011-2012-2013-2014-2015-2016-2017-2018-2019-2020
Spencer Hawes,0.6431380975607199,-0.8578456054016701,1.50098370296239,2010-2011-2012-2013-2014-2015-2016-2017-2018-2019-2020
E'Twaun Moore,-0.045023048423350004,-1.53724347808839,1.49222042966504,2010-2011-2012-2013-2014-2015-2016-2017-2018-2019-2020
Danny Granger,0.83935838717456,-0.6254035110827499,1.46476189825731,2010-2011-2012-2013-2014-2015-2016-2017-2018-2019-2020
Jason Terry,1.49995743664948,0.043301125192770004,1.45665631145671,2010-2011-2012-2013-2014-2015-2016-2017-2018-2019-2020
Tony Allen,-0.43049064667470005,-1.87528374789619,1.44479310122149,2010-2011-2012-2013-2014-2015-2016-2017-2018-2019-2020
Harrison Barnes,-0.37994019707982,-1.8244847342558799,1.44454453717606,2010-2011-2012-2013-2014-2015-2016-2017-2018-2019-2020
Mike Dunleavy,-0.38466083540466,-1.80975528293391,1.4250944475292502,2010-2011-2012-2013-2014-2015-2016-2017-2018-2019-2020
Danilo Gallinari,1.8650139790218099,0.47410892271299004,1.3909050563088199,2010-2011-2012-2013-2014-2015-2016-2017-2018-2019-2020
Kyle Korver,0.49662901950967997,-0.89162757656094,1.38825659607062,2010-2011-2012-2013-2014-2015-2016-2017-2018-2019-2020
Giannis Antetokounmpo,0.5552050866399599,-0.81396525519827,1.3691703418382302,2010-2011-2012-2013-2014-2015-2016-2017-2018-2019-2020
Fred VanVleet,1.08960896038757,-0.278014378569,1.36762333895657,2010-2011-2012-2013-2014-2015-2016-2017-2018-2019-2020
Trevor Ariza,-0.6146853980092699,-1.95289887998835,1.33821348197908,2010-2011-2012-2013-2014-2015-2016-2017-2018-2019-2020
Grant Hill,2.08997043542447,0.75212954974571,1.33784088567876,2010-2011-2012-2013-2014-2015-2016-2017-2018-2019-2020
Markieff Morris,0.7657949391829,-0.55707200988526,1.32286694906816,2010-2011-2012-2013-2014-2015-2016-2017-2018-2019-2020
Josh McRoberts,0.8160289051027401,-0.49655498568259,1.31258389078533,2010-2011-2012-2013-2014-2015-2016-2017-2018-2019-2020
Al Horford,0.16587936428537,-1.14615057035378,1.31202993463915,2010-2011-2012-2013-2014-2015-2016-2017-2018-2019-2020
Marcus Morris Sr.,1.00383826146683,-0.29729216427987,1.3011304257467,2010-2011-2012-2013-2014-2015-2016-2017-2018-2019-2020
Roy Hibbert,0.39150412403097,-0.90881454634736,1.30031867037833,2010-2011-2012-2013-2014-2015-2016-2017-2018-2019-2020
Chris Copeland,1.22487313837791,-0.04611335389192,1.27098649226983,2010-2011-2012-2013-2014-2015-2016-2017-2018-2019-2020
Michael Kidd-Gilchrist,0.52914015546437,-0.72778592692283,1.2569260823872002,2010-2011-2012-2013-2014-2015-2016-2017-2018-2019-2020
Khris Middleton,1.44862828827955,0.20421501892746,1.24441326935209,2010-2011-2012-2013-2014-2015-2016-2017-2018-2019-2020
Jarrett Jack,0.033372171576,-1.18500445669599,1.21837662827199,2010-2011-2012-2013-2014-2015-2016-2017-2018-2019-2020
Kentavious Caldwell-Pope,0.9615545402791701,-0.25570479625271,1.21725933653188,2010-2011-2012-2013-2014-2015-2016-2017-2018-2019-2020
Tayshaun Prince,0.14772430682399001,-1.06204481296224,1.20976911978623,2010-2011-2012-2013-2014-2015-2016-2017-2018-2019-2020
Torrey Craig,1.50518417866413,0.30037668167195,1.20480749699218,2010-2011-2012-2013-2014-2015-2016-2017-2018-2019-2020
Tobias Harris,0.69692139917785,-0.47953477803994,1.17645617721779,2010-2011-2012-2013-2014-2015-2016-2017-2018-2019-2020
John Lucas III,-0.6287383555769099,-1.80046810859937,1.17172975302246,2010-2011-2012-2013-2014-2015-2016-2017-2018-2019-2020
Lavoy Allen,0.09531062442367999,-1.0722207654692502,1.16753138989293,2010-2011-2012-2013-2014-2015-2016-2017-2018-2019-2020
James Singleton,0.45262938742116,-0.71485101098768,1.1674803984088398,2010-2011-2012-2013-2014-2015-2016-2017-2018-2019-2020
Brendan Haywood,1.44346266358118,0.28972473104684,1.15373793253434,2010-2011-2012-2013-2014-2015-2016-2017-2018-2019-2020
Norman Powell,-0.36637495979402,-1.5182919430861,1.15191698329208,2010-2011-2012-2013-2014-2015-2016-2017-2018-2019-2020
Kevin Love,2.21417798466924,1.0834436646735601,1.13073431999568,2010-2011-2012-2013-2014-2015-2016-2017-2018-2019-2020
Lamar Odom,0.6807611703531901,-0.43641656627972,1.11717773663291,2010-2011-2012-2013-2014-2015-2016-2017-2018-2019-2020
Eric Gordon,2.26587970658297,1.14974999948839,1.11612970709458,2010-2011-2012-2013-2014-2015-2016-2017-2018-2019-2020
Meyers Leonard,0.93786411864369,-0.17531655606631,1.1131806747100002,2010-2011-2012-2013-2014-2015-2016-2017-2018-2019-2020
Landry Shamet,1.07490161435036,-0.036131070221799996,1.11103268457216,2010-2011-2012-2013-2014-2015-2016-2017-2018-2019-2020
Pero Antic,-0.26592800526366,-1.36204259274075,1.0961145874770901,2010-2011-2012-2013-2014-2015-2016-2017-2018-2019-2020
Shabazz Napier,1.07950705751005,-0.014854926320879999,1.09436198383093,2010-2011-2012-2013-2014-2015-2016-2017-2018-2019-2020
Nikola Jokic,1.2785414410798102,0.19489412784517002,1.08364731323464,2010-2011-2012-2013-2014-2015-2016-2017-2018-2019-2020
Kyrylo Fesenko,0.33290835734507,-0.69510502759034,1.02801338493541,2010-2011-2012-2013-2014-2015-2016-2017-2018-2019-2020
Alan Anderson,-1.3711473678106,-2.3980436271883803,1.0268962593777802,2010-2011-2012-2013-2014-2015-2016-2017-2018-2019-2020
Dāvis Bertāns,0.79842913456599,-0.20194368790032,1.00037282246631,2010-2011-2012-2013-2014-2015-2016-2017-2018-2019-2020
Mike Miller,-0.05362013377767,-1.04831885681568,0.99469872303801,2010-2011-2012-2013-2014-2015-2016-2017-2018-2019-2020
Malcolm Brogdon,1.05127586107623,0.0616180257618,0.98965783531443,2010-2011-2012-2013-2014-2015-2016-2017-2018-2019-2020
Rodrigue Beaubois,0.31526974049988,-0.67048087514756,0.9857506156474399,2010-2011-2012-2013-2014-2015-2016-2017-2018-2019-2020
Joffrey Lauvergne,0.56480100784784,-0.40072065319391,0.9655216610417499,2010-2011-2012-2013-2014-2015-2016-2017-2018-2019-2020
Lance Stephenson,0.70166405433212,-0.26104890724083,0.96271296157295,2010-2011-2012-2013-2014-2015-2016-2017-2018-2019-2020
Jason Collins,-0.21865808509376,-1.1802954252836702,0.96163734018991,2010-2011-2012-2013-2014-2015-2016-2017-2018-2019-2020
Greivis Vasquez,-0.190066304764,-1.14482579799167,0.95475949322767,2010-2011-2012-2013-2014-2015-2016-2017-2018-2019-2020
Kevon Looney,0.72530427312068,-0.2290228646019,0.95432713772258,2010-2011-2012-2013-2014-2015-2016-2017-2018-2019-2020
Ty Lawson,1.21677340023775,0.27504552842791,0.9417278718098401,2010-2011-2012-2013-2014-2015-2016-2017-2018-2019-2020
Nazr Mohammed,-0.01155236372839,-0.94648281919462,0.93493045546623,2010-2011-2012-2013-2014-2015-2016-2017-2018-2019-2020
Shelvin Mack,-0.0028338138516712315,-0.9377374496484601,0.9349036357967888,2010-2011-2012-2013-2014-2015-2016-2017-2018-2019-2020
Thon Maker,0.82928131594918,-0.08876913230603,0.91805044825521,2010-2011-2012-2013-2014-2015-2016-2017-2018-2019-2020
Jason Richardson,2.33495270659891,1.41733757458189,0.9176151320170202,2010-2011-2012-2013-2014-2015-2016-2017-2018-2019-2020
Jrue Holiday,-0.43144688742945,-1.32768790818912,0.89624102075967,2010-2011-2012-2013-2014-2015-2016-2017-2018-2019-2020
James Anderson,1.23519344260991,0.35404012796681,0.8811533146431001,2010-2011-2012-2013-2014-2015-2016-2017-2018-2019-2020
Ben McLemore,0.65694547720514,-0.21735874355922002,0.87430422076436,2010-2011-2012-2013-2014-2015-2016-2017-2018-2019-2020
Shawne Williams,0.38662727360834,-0.47183142901172,0.85845870262006,2010-2011-2012-2013-2014-2015-2016-2017-2018-2019-2020
John Wall,0.7839460913003801,-0.07113116453604,0.85507725583642,2010-2011-2012-2013-2014-2015-2016-2017-2018-2019-2020
Morris Almond,0.10784156440529001,-0.74253024312379,0.85037180752908,2010-2011-2012-2013-2014-2015-2016-2017-2018-2019-2020
Zach Randolph,-0.34601506253667,-1.17197087939794,0.8259558168612701,2010-2011-2012-2013-2014-2015-2016-2017-2018-2019-2020
Jordan Adams,0.39468219630854,-0.41884781585442,0.8135300121629601,2010-2011-2012-2013-2014-2015-2016-2017-2018-2019-2020
Andre Roberson,-0.048460760710500005,-0.85225445181693,0.8037936911064301,2010-2011-2012-2013-2014-2015-2016-2017-2018-2019-2020
Al-Farouq Aminu,-0.42049728089855,-1.22170642650983,0.8012091456112801,2010-2011-2012-2013-2014-2015-2016-2017-2018-2019-2020
Ben Uzoh,-0.38830193687072,-1.1815585114231202,0.7932565745524001,2010-2011-2012-2013-2014-2015-2016-2017-2018-2019-2020
Lou Williams,1.9435059820798801,1.15372917354905,0.7897768085308301,2010-2011-2012-2013-2014-2015-2016-2017-2018-2019-2020
Kenneth Faried,1.28121943450426,0.5120619103235701,0.7691575241806899,2010-2011-2012-2013-2014-2015-2016-2017-2018-2019-2020
Francisco Garcia,0.5274788824333301,-0.23007939172849998,0.7575582741618301,2010-2011-2012-2013-2014-2015-2016-2017-2018-2019-2020
Dwyane Wade,0.49475363625529,-0.25396077707172,0.7487144133270099,2010-2011-2012-2013-2014-2015-2016-2017-2018-2019-2020
Rasual Butler,0.9359916756250599,0.19592887772967998,0.74006279789538,2010-2011-2012-2013-2014-2015-2016-2017-2018-2019-2020
Nick Calathes,0.42191063177527005,-0.31058988243394,0.73250051420921,2010-2011-2012-2013-2014-2015-2016-2017-2018-2019-2020
Wesley Johnson,-0.04518470546077,-0.7771017990946599,0.7319170936338899,2010-2011-2012-2013-2014-2015-2016-2017-2018-2019-2020
Cole Aldrich,0.17140942028831,-0.55754928022528,0.72895870051359,2010-2011-2012-2013-2014-2015-2016-2017-2018-2019-2020
Jan Vesely,-0.03787016834977,-0.75493603216784,0.71706586381807,2010-2011-2012-2013-2014-2015-2016-2017-2018-2019-2020
Chris Singleton,-0.35062401891990996,-1.0676597606624099,0.7170357417425,2010-2011-2012-2013-2014-2015-2016-2017-2018-2019-2020
Matthew Dellavedova,-1.54068975282918,-2.25636744019959,0.71567768737041,2010-2011-2012-2013-2014-2015-2016-2017-2018-2019-2020
Gerald Wallace,0.7602872016171001,0.05397203509796,0.7063151665191401,2010-2011-2012-2013-2014-2015-2016-2017-2018-2019-2020
Ivan Johnson,-0.94352555069839,-1.6497316091603698,0.7062060584619799,2010-2011-2012-2013-2014-2015-2016-2017-2018-2019-2020
Georges Niang,0.31209728011449,-0.39404032550261003,0.7061376056171,2010-2011-2012-2013-2014-2015-2016-2017-2018-2019-2020
Thaddeus Young,0.08754120159564001,-0.61313734372039,0.70067854531603,2010-2011-2012-2013-2014-2015-2016-2017-2018-2019-2020
Jose Calderon,0.35576704449535,-0.33180317363017003,0.68757021812552,2010-2011-2012-2013-2014-2015-2016-2017-2018-2019-2020
Jamal Murray,1.6414889116584699,0.9618933062759899,0.67959560538248,2010-2011-2012-2013-2014-2015-2016-2017-2018-2019-2020
Josh Harrellson,0.14786428456367,-0.52589618967685,0.67376047424052,2010-2011-2012-2013-2014-2015-2016-2017-2018-2019-2020
Sean Williams,0.08525004089172,-0.5858023849977,0.67105242588942,2010-2011-2012-2013-2014-2015-2016-2017-2018-2019-2020
Jeff Teague,0.50010966704788,-0.17006340274364,0.67017306979152,2010-2011-2012-2013-2014-2015-2016-2017-2018-2019-2020
Brian Roberts,0.35541723512398,-0.31260092734186,0.66801816246584,2010-2011-2012-2013-2014-2015-2016-2017-2018-2019-2020
Hamed Haddadi,0.51548319821099,-0.14945408065827,0.66493727886926,2010-2011-2012-2013-2014-2015-2016-2017-2018-2019-2020
Shaun Livingston,1.36604103187837,0.7065002552431601,0.65954077663521,2010-2011-2012-2013-2014-2015-2016-2017-2018-2019-2020
Bismack Biyombo,-0.78987614396885,-1.44596747626165,0.6560913322928,2010-2011-2012-2013-2014-2015-2016-2017-2018-2019-2020
Jakob Poeltl,1.06549140504594,0.41439416541867,0.65109723962727,2010-2011-2012-2013-2014-2015-2016-2017-2018-2019-2020
Julyan Stone,0.59271053175533,-0.050551685660000005,0.64326221741533,2010-2011-2012-2013-2014-2015-2016-2017-2018-2019-2020
Marquis Daniels,-0.43089783457793995,-1.07172136954822,0.64082353497028,2010-2011-2012-2013-2014-2015-2016-2017-2018-2019-2020
Chris Wright,0.09147277599218,-0.54522642136718,0.63669919735936,2010-2011-2012-2013-2014-2015-2016-2017-2018-2019-2020
Pat Connaughton,-0.24814811363515998,-0.8768530741898,0.62870496055464,2010-2011-2012-2013-2014-2015-2016-2017-2018-2019-2020
Rudy Gay,0.41503014525176,-0.21075615477409,0.62578630002585,2010-2011-2012-2013-2014-2015-2016-2017-2018-2019-2020
Tornike Shengelia,0.29972324540322004,-0.29500398012114,0.5947272255243601,2010-2011-2012-2013-2014-2015-2016-2017-2018-2019-2020
Taj Gibson,-1.50989013313832,-2.10024075171152,0.5903506185731998,2010-2011-2012-2013-2014-2015-2016-2017-2018-2019-2020
Thomas Robinson,0.06943069372734,-0.51126825064332,0.58069894437066,2010-2011-2012-2013-2014-2015-2016-2017-2018-2019-2020
Jonas Valanciunas,0.50272097973187,-0.07523006425041,0.57795104398228,2010-2011-2012-2013-2014-2015-2016-2017-2018-2019-2020
Travis Outlaw,0.79305476013239,0.22130756826436002,0.57174719186803,2010-2011-2012-2013-2014-2015-2016-2017-2018-2019-2020
Nikola Mirotic,1.13251487232412,0.56079018206702,0.5717246902570999,2010-2011-2012-2013-2014-2015-2016-2017-2018-2019-2020
Sasha Vujacic,-0.13965626780907,-0.70941898925102,0.56976272144195,2010-2011-2012-2013-2014-2015-2016-2017-2018-2019-2020
Darius Miller,0.8759457478369599,0.31228683213113,0.5636589157058299,2010-2011-2012-2013-2014-2015-2016-2017-2018-2019-2020
David Lee,0.2657752221429,-0.29280429262965996,0.5585795147725601,2010-2011-2012-2013-2014-2015-2016-2017-2018-2019-2020
Derrick Williams,-0.19631529659453,-0.7540534922576501,0.5577381956631201,2010-2011-2012-2013-2014-2015-2016-2017-2018-2019-2020
Jeff Foster,0.6703952939634901,0.11695123014985,0.5534440638136401,2010-2011-2012-2013-2014-2015-2016-2017-2018-2019-2020
Goran Dragic,0.49700563428826006,-0.05407067919889,0.55107631348715,2010-2011-2012-2013-2014-2015-2016-2017-2018-2019-2020
Leandro Barbosa,-0.2550946087653,-0.79675065814453,0.5416560493792302,2010-2011-2012-2013-2014-2015-2016-2017-2018-2019-2020
Ekpe Udoh,0.31422785839808,-0.22641922482507,0.54064708322315,2010-2011-2012-2013-2014-2015-2016-2017-2018-2019-2020
Bryn Forbes,0.55784840872491,0.023369548649740002,0.53447886007517,2010-2011-2012-2013-2014-2015-2016-2017-2018-2019-2020
Wes Iwundu,0.17973797159146998,-0.35279186289427,0.5325298344857401,2010-2011-2012-2013-2014-2015-2016-2017-2018-2019-2020
DeMarcus Cousins,0.8436665229253499,0.31410064176402,0.52956588116133,2010-2011-2012-2013-2014-2015-2016-2017-2018-2019-2020
DeJuan Blair,0.38434579308714,-0.14220523435406002,0.5265510274412,2010-2011-2012-2013-2014-2015-2016-2017-2018-2019-2020
Casper Ware,0.31379878597688,-0.2091669622138,0.52296574819068,2010-2011-2012-2013-2014-2015-2016-2017-2018-2019-2020
Melvin Frazier Jr.,-0.1400181918593,-0.65738524291653,0.51736705105723,2010-2011-2012-2013-2014-2015-2016-2017-2018-2019-2020
Jason Williams,0.12750794273554,-0.37415107509256,0.5016590178281,2010-2011-2012-2013-2014-2015-2016-2017-2018-2019-2020
Theo Pinson,0.35972965346201,-0.14096689589262998,0.50069654935464,2010-2011-2012-2013-2014-2015-2016-2017-2018-2019-2020
Jonas Jerebko,0.41351410314958,-0.08404390054827,0.49755800369785,2010-2011-2012-2013-2014-2015-2016-2017-2018-2019-2020
Keith Bogans,-0.69518319500024,-1.18355347582815,0.48837028082791,2010-2011-2012-2013-2014-2015-2016-2017-2018-2019-2020
David Stockton,0.42496277571739,-0.059561993543299996,0.48452476926068994,2010-2011-2012-2013-2014-2015-2016-2017-2018-2019-2020
Hassan Whiteside,0.0756412428225,-0.40094433053154005,0.47658557335404006,2010-2011-2012-2013-2014-2015-2016-2017-2018-2019-2020
Kris Joseph,0.37133383632907996,-0.10380642968343999,0.4751402660125199,2010-2011-2012-2013-2014-2015-2016-2017-2018-2019-2020
Randolph Morris,0.28196408560181,-0.18889705990818,0.47086114550999003,2010-2011-2012-2013-2014-2015-2016-2017-2018-2019-2020
Delon Wright,-0.3339382177895,-0.80259540320601,0.4686571854165099,2010-2011-2012-2013-2014-2015-2016-2017-2018-2019-2020
Ben Simmons,0.62143801181377,0.15365906115512,0.46777895065865,2010-2011-2012-2013-2014-2015-2016-2017-2018-2019-2020
Brian Cook,-0.07286555827612999,-0.5405011338841901,0.46763557560806,2010-2011-2012-2013-2014-2015-2016-2017-2018-2019-2020
Anthony Carter,-0.02417274375353,-0.4911736662819,0.46700092252837,2010-2011-2012-2013-2014-2015-2016-2017-2018-2019-2020
Brandon Davies,0.24106671228986,-0.22535819675836002,0.46642490904822004,2010-2011-2012-2013-2014-2015-2016-2017-2018-2019-2020
Richard Hamilton,-0.87049568964411,-1.32625196414106,0.45575627449695005,2010-2011-2012-2013-2014-2015-2016-2017-2018-2019-2020
Trey Lyles,0.17965648974440002,-0.27375658778310996,0.45341307752751003,2010-2011-2012-2013-2014-2015-2016-2017-2018-2019-2020
Solomon Hill,0.776285443231,0.32323501428629997,0.45305042894470005,2010-2011-2012-2013-2014-2015-2016-2017-2018-2019-2020
Justin Anderson,0.3026240163227,-0.13523567705713,0.43785969337983,2010-2011-2012-2013-2014-2015-2016-2017-2018-2019-2020
Mike James,-0.06426195766863001,-0.5017634658585399,0.43750150818990996,2010-2011-2012-2013-2014-2015-2016-2017-2018-2019-2020
Cartier Martin,0.18940974556412002,-0.24746993347158,0.43687967903569996,2010-2011-2012-2013-2014-2015-2016-2017-2018-2019-2020
Dejounte Murray,0.20199875863389002,-0.23407764640081,0.4360764050347,2010-2011-2012-2013-2014-2015-2016-2017-2018-2019-2020
Andrei Kirilenko,0.64032501218538,0.21091625215317,0.42940876003220996,2010-2011-2012-2013-2014-2015-2016-2017-2018-2019-2020
Domantas Sabonis,0.44825951297652,0.026363939911229997,0.42189557306529,2010-2011-2012-2013-2014-2015-2016-2017-2018-2019-2020
T.J. McConnell,-0.20870649523088,-0.6254180288671499,0.41671153363626995,2010-2011-2012-2013-2014-2015-2016-2017-2018-2019-2020
Tristan Thompson,0.8288865009079299,0.41305362229236003,0.4158328786155699,2010-2011-2012-2013-2014-2015-2016-2017-2018-2019-2020
Andray Blatche,0.35535981983691,-0.059521779232029996,0.41488159906894007,2010-2011-2012-2013-2014-2015-2016-2017-2018-2019-2020
Marcus Camby,0.22356951516634,-0.19056272474900002,0.41413223991534,2010-2011-2012-2013-2014-2015-2016-2017-2018-2019-2020
O.J. Mayo,0.32609619376049004,-0.0869584721535,0.41305466591399004,2010-2011-2012-2013-2014-2015-2016-2017-2018-2019-2020
Deron Williams,1.86973546593808,1.45978657408582,0.40994889185226,2010-2011-2012-2013-2014-2015-2016-2017-2018-2019-2020
Wayne Selden,0.5822058036604799,0.17424521502634,0.40796058863414,2010-2011-2012-2013-2014-2015-2016-2017-2018-2019-2020
Mickael Pietrus,-0.8119661037016199,-1.21871573826196,0.40674963456034,2010-2011-2012-2013-2014-2015-2016-2017-2018-2019-2020
Jeff Ayres,0.6282030026112101,0.22296495882872,0.40523804378249006,2010-2011-2012-2013-2014-2015-2016-2017-2018-2019-2020
Carrick Felix,0.26619648915507,-0.13877981073626,0.40497629989133005,2010-2011-2012-2013-2014-2015-2016-2017-2018-2019-2020
Christian Eyenga,0.22242809709864,-0.17827473617394002,0.40070283327258,2010-2011-2012-2013-2014-2015-2016-2017-2018-2019-2020
Taurean Prince,0.28850918514346,-0.11130871699563,0.3998179021390901,2010-2011-2012-2013-2014-2015-2016-2017-2018-2019-2020
Dante Cunningham,0.2463645382706,-0.15149836546502002,0.39786290373562005,2010-2011-2012-2013-2014-2015-2016-2017-2018-2019-2020
Khem Birch,-0.31193295891371,-0.69918644551286,0.38725348659915004,2010-2011-2012-2013-2014-2015-2016-2017-2018-2019-2020
Dzanan Musa,0.27236776417164,-0.11256452620413002,0.38493229037577004,2010-2011-2012-2013-2014-2015-2016-2017-2018-2019-2020
Jerome Robinson,0.49296509820277,0.10957683170627001,0.3833882664965,2010-2011-2012-2013-2014-2015-2016-2017-2018-2019-2020
Viacheslav Kravtsov,0.0908917789478,-0.28812101908385,0.37901279803165,2010-2011-2012-2013-2014-2015-2016-2017-2018-2019-2020
Kosta Koufos,-0.09262348941071001,-0.46593365345961,0.3733101640489,2010-2011-2012-2013-2014-2015-2016-2017-2018-2019-2020
Archie Goodwin,0.20992313190515,-0.15868732063233998,0.36861045253749,2010-2011-2012-2013-2014-2015-2016-2017-2018-2019-2020
Avery Bradley,1.4012328845837,1.0369394168235802,0.36429346776011995,2010-2011-2012-2013-2014-2015-2016-2017-2018-2019-2020
Mo Williams,-0.34962076491835,-0.69907988422249,0.3494591193041401,2010-2011-2012-2013-2014-2015-2016-2017-2018-2019-2020
Anthony Tolliver,-0.8277064328793099,-1.17554337560912,0.34783694272981,2010-2011-2012-2013-2014-2015-2016-2017-2018-2019-2020
DeMarre Carroll,0.13826187833908002,-0.20464913101631999,0.3429110093554,2010-2011-2012-2013-2014-2015-2016-2017-2018-2019-2020
Kevin Jones,0.20748534424449,-0.13214108878544,0.33962643302993,2010-2011-2012-2013-2014-2015-2016-2017-2018-2019-2020
Jordan McRae,0.16981722769801,-0.16903015231324,0.33884738001125003,2010-2011-2012-2013-2014-2015-2016-2017-2018-2019-2020
Jack Cooley,0.12161822276342,-0.21695480986534,0.33857303262876004,2010-2011-2012-2013-2014-2015-2016-2017-2018-2019-2020
Ömer Aşik,-1.22818803164405,-1.56506158638493,0.33687355474088,2010-2011-2012-2013-2014-2015-2016-2017-2018-2019-2020
Gary Neal,1.13337328845624,0.7970522965086599,0.33632099194758003,2010-2011-2012-2013-2014-2015-2016-2017-2018-2019-2020
James Young,0.33955145726489,0.00733967999228097,0.33221177727260903,2010-2011-2012-2013-2014-2015-2016-2017-2018-2019-2020
Caleb Swanigan,0.09602454009998,-0.2355489677297,0.33157350782968,2010-2011-2012-2013-2014-2015-2016-2017-2018-2019-2020
Nik Stauskas,0.17295481381597,-0.15812501482511,0.33107982864108,2010-2011-2012-2013-2014-2015-2016-2017-2018-2019-2020
Henry Walker,0.36986093400447,0.04243985689396,0.32742107711051,2010-2011-2012-2013-2014-2015-2016-2017-2018-2019-2020
Briante Weber,0.07444485676103,-0.24746547194489,0.32191032870591996,2010-2011-2012-2013-2014-2015-2016-2017-2018-2019-2020
Alec Burks,-0.28480858827494,-0.6049441331611399,0.3201355448862,2010-2011-2012-2013-2014-2015-2016-2017-2018-2019-2020
Damian Lillard,1.93960508144936,1.62097194111225,0.31863314033710977,2010-2011-2012-2013-2014-2015-2016-2017-2018-2019-2020
Treveon Graham,1.02376128167877,0.70534618658159,0.31841509509717997,2010-2011-2012-2013-2014-2015-2016-2017-2018-2019-2020
Lonnie Walker IV,0.07854454970134,-0.23741362095774,0.31595817065908,2010-2011-2012-2013-2014-2015-2016-2017-2018-2019-2020
Brandon Knight,-0.050920754126630004,-0.36301076643001,0.31209001230338,2010-2011-2012-2013-2014-2015-2016-2017-2018-2019-2020
Klay Thompson,0.03730620203795,-0.26872822778728,0.30603442982523,2010-2011-2012-2013-2014-2015-2016-2017-2018-2019-2020
Derrick White,0.6094522138085,0.30507019043960004,0.30438202336889997,2010-2011-2012-2013-2014-2015-2016-2017-2018-2019-2020
Ronnie Price,0.12155886769726999,-0.18031209565412,0.30187096335138996,2010-2011-2012-2013-2014-2015-2016-2017-2018-2019-2020
Jeffery Taylor,0.41556961848909996,0.11479141508249,0.30077820340660993,2010-2011-2012-2013-2014-2015-2016-2017-2018-2019-2020
Jarvis Varnado,0.33325673594175,0.040421767731,0.29283496821075,2010-2011-2012-2013-2014-2015-2016-2017-2018-2019-2020
Nick Young,-0.18484337312299,-0.46711294730614006,0.28226957418315,2010-2011-2012-2013-2014-2015-2016-2017-2018-2019-2020
Mitch McGary,0.25301069068140997,-0.029054863295940002,0.28206555397735,2010-2011-2012-2013-2014-2015-2016-2017-2018-2019-2020
Tyler Johnson,0.45876814216756,0.18330255724249,0.27546558492507,2010-2011-2012-2013-2014-2015-2016-2017-2018-2019-2020
Nando De Colo,0.01386032367377,-0.25614802435704,0.27000834803081,2010-2011-2012-2013-2014-2015-2016-2017-2018-2019-2020
Elliot Williams,0.11568519244964999,-0.15081283142745,0.2664980238771,2010-2011-2012-2013-2014-2015-2016-2017-2018-2019-2020
Cedi Osman,0.08644987369696,-0.17972989043892,0.26617976413587996,2010-2011-2012-2013-2014-2015-2016-2017-2018-2019-2020
C.J. Wilcox,0.03248953651997,-0.23019468682618002,0.26268422334615,2010-2011-2012-2013-2014-2015-2016-2017-2018-2019-2020
Ante Zizic,-0.08491870324558,-0.33334335646183,0.24842465321624996,2010-2011-2012-2013-2014-2015-2016-2017-2018-2019-2020
Denzel Valentine,-0.17071999061407,-0.41432844539693997,0.24360845478286997,2010-2011-2012-2013-2014-2015-2016-2017-2018-2019-2020
Erick Green,0.38542186626921,0.14397960502863,0.24144226124058,2010-2011-2012-2013-2014-2015-2016-2017-2018-2019-2020
Joel Bolomboy,0.07788590230221,-0.16202052441511,0.23990642671732001,2010-2011-2012-2013-2014-2015-2016-2017-2018-2019-2020
JaJuan Johnson,-0.8119480971358,-1.05114010470208,0.23919200756628012,2010-2011-2012-2013-2014-2015-2016-2017-2018-2019-2020
Dakari Johnson,0.19390057108562,-0.04450517209159,0.23840574317721,2010-2011-2012-2013-2014-2015-2016-2017-2018-2019-2020
Tyrus Thomas,-0.03861168795442,-0.27487738121776,0.23626569326333996,2010-2011-2012-2013-2014-2015-2016-2017-2018-2019-2020
Zhaire Smith,-0.07119804700501,-0.30678191210932,0.23558386510430998,2010-2011-2012-2013-2014-2015-2016-2017-2018-2019-2020
Robert Sacre,0.0860891141027,-0.1470738732973,0.2331629874,2010-2011-2012-2013-2014-2015-2016-2017-2018-2019-2020
Earl Boykins,-0.07411677820752,-0.30543040357521,0.23131362536769,2010-2011-2012-2013-2014-2015-2016-2017-2018-2019-2020
Von Wafer,0.12178600309549,-0.1049839952398,0.22676999833528996,2010-2011-2012-2013-2014-2015-2016-2017-2018-2019-2020
Jared Jeffries,-0.36506231290557,-0.58811734016252,0.22305502725695,2010-2011-2012-2013-2014-2015-2016-2017-2018-2019-2020
Elijah Millsap,0.04130954350333,-0.17986406670105,0.22117361020438003,2010-2011-2012-2013-2014-2015-2016-2017-2018-2019-2020
Pape Sy,0.044005175586029996,-0.17680140119847998,0.22080657678451,2010-2011-2012-2013-2014-2015-2016-2017-2018-2019-2020
Raja Bell,0.23638328841772,0.01824404982742,0.2181392385903,2010-2011-2012-2013-2014-2015-2016-2017-2018-2019-2020
Tyrone Wallace,0.15557085282768,-0.06109890937383,0.21666976220151,2010-2011-2012-2013-2014-2015-2016-2017-2018-2019-2020
Joel Przybilla,0.5236011578670999,0.30915350114661,0.21444765672048996,2010-2011-2012-2013-2014-2015-2016-2017-2018-2019-2020
Jordan Mickey,0.29823255426154,0.08388470857739,0.21434784568415002,2010-2011-2012-2013-2014-2015-2016-2017-2018-2019-2020
Jordan Hamilton,0.31497944823615004,0.10179538458852,0.21318406364762998,2010-2011-2012-2013-2014-2015-2016-2017-2018-2019-2020
Sheldon Mac,0.11989666872247999,-0.09206575750436001,0.21196242622684003,2010-2011-2012-2013-2014-2015-2016-2017-2018-2019-2020
Robert Williams III,0.17235335815788,-0.032428167877179996,0.20478152603506,2010-2011-2012-2013-2014-2015-2016-2017-2018-2019-2020
Brad Wanamaker,0.12660271711842,-0.06983683089067,0.19643954800909,2010-2011-2012-2013-2014-2015-2016-2017-2018-2019-2020
Cory Jefferson,0.11550124591074001,-0.07920595234161,0.19470719825235,2010-2011-2012-2013-2014-2015-2016-2017-2018-2019-2020
Jacob Evans,-0.05056971192081,-0.24432996313403,0.19376025121322,2010-2011-2012-2013-2014-2015-2016-2017-2018-2019-2020
Devin Harris,-0.13386574271165,-0.32495696372065,0.19109122100900003,2010-2011-2012-2013-2014-2015-2016-2017-2018-2019-2020
Jonny Flynn,0.29854669749144,0.1113374333614,0.18720926413004,2010-2011-2012-2013-2014-2015-2016-2017-2018-2019-2020
Peja Stojakovic,0.46137893046698997,0.27519400221365004,0.18618492825333996,2010-2011-2012-2013-2014-2015-2016-2017-2018-2019-2020
Juancho Hernangomez,0.0642286858104,-0.11890882567586,0.18313751148626,2010-2011-2012-2013-2014-2015-2016-2017-2018-2019-2020
Frank Kaminsky,-0.12151696357435,-0.2894712812404,0.16795431766605,2010-2011-2012-2013-2014-2015-2016-2017-2018-2019-2020
Quincy Pondexter,-0.22384503313871,-0.39008232598688,0.16623729284817002,2010-2011-2012-2013-2014-2015-2016-2017-2018-2019-2020
Tyus Jones,-0.10468801568796,-0.2708653622053,0.16617734651733998,2010-2011-2012-2013-2014-2015-2016-2017-2018-2019-2020
Lamar Patterson,-0.04274159649276,-0.20861738650476003,0.165875790012,2010-2011-2012-2013-2014-2015-2016-2017-2018-2019-2020
Jared Sullinger,0.17819871979704,0.012812479832760001,0.16538623996427998,2010-2011-2012-2013-2014-2015-2016-2017-2018-2019-2020
T.J. Leaf,0.15405811899611002,-0.01023262596017,0.16429074495628002,2010-2011-2012-2013-2014-2015-2016-2017-2018-2019-2020
Joey Graham,-0.11636387842861001,-0.27984945926927,0.16348558084065998,2010-2011-2012-2013-2014-2015-2016-2017-2018-2019-2020
Sindarius Thornwell,0.05011926089397,-0.11209672948612,0.16221599038009,2010-2011-2012-2013-2014-2015-2016-2017-2018-2019-2020
T.J. Ford,0.054608404598669995,-0.10677369940069,0.16138210399935998,2010-2011-2012-2013-2014-2015-2016-2017-2018-2019-2020
Ray McCallum,0.15328138106135,-0.006295043095572432,0.15957642415692241,2010-2011-2012-2013-2014-2015-2016-2017-2018-2019-2020
Chris Richard,0.05070550715742,-0.10806109005947,0.15876659721689,2010-2011-2012-2013-2014-2015-2016-2017-2018-2019-2020
Anthony Bennett,0.42238977185797,0.26562388498567,0.15676588687229998,2010-2011-2012-2013-2014-2015-2016-2017-2018-2019-2020
Devin Ebanks,-0.09779043581496,-0.25360252749761,0.15581209168265,2010-2011-2012-2013-2014-2015-2016-2017-2018-2019-2020
Othyus Jeffers,0.04536926713657,-0.10972386250572999,0.15509312964230001,2010-2011-2012-2013-2014-2015-2016-2017-2018-2019-2020
Donovan Mitchell,-0.12144292919168,-0.27640945344003,0.15496652424835,2010-2011-2012-2013-2014-2015-2016-2017-2018-2019-2020
Justin Dentmon,-0.009911913425441076,-0.15342337169387,0.14351145826842893,2010-2011-2012-2013-2014-2015-2016-2017-2018-2019-2020
Brian Cardinal,-0.0448873243018,-0.18827584287010002,0.1433885185683,2010-2011-2012-2013-2014-2015-2016-2017-2018-2019-2020
Roger Mason Jr.,0.01473505884136,-0.12846781885853,0.14320287769989,2010-2011-2012-2013-2014-2015-2016-2017-2018-2019-2020
Malik Beasley,0.72073296086938,0.57854522158527,0.14218773928411002,2010-2011-2012-2013-2014-2015-2016-2017-2018-2019-2020
Tim Quarterman,0.13985112866395,0.00022990316084860565,0.13962122550310138,2010-2011-2012-2013-2014-2015-2016-2017-2018-2019-2020
Jamaal Magloire,0.22956871734384002,0.09087800620455,0.13869071113929002,2010-2011-2012-2013-2014-2015-2016-2017-2018-2019-2020
Shavlik Randolph,0.02453706540295,-0.11215612744151002,0.13669319284446002,2010-2011-2012-2013-2014-2015-2016-2017-2018-2019-2020
Ish Smith,-0.43786583401708,-0.5745119247195299,0.13664609070244996,2010-2011-2012-2013-2014-2015-2016-2017-2018-2019-2020
Patrick Beverley,1.3003622706931,1.16376100998043,0.13660126071266993,2010-2011-2012-2013-2014-2015-2016-2017-2018-2019-2020
Charles Jenkins,-0.50845065029665,-0.64351312539019,0.13506247509353997,2010-2011-2012-2013-2014-2015-2016-2017-2018-2019-2020
Michael Finley,-0.67516038219611,-0.8086053819376601,0.13344499974155005,2010-2011-2012-2013-2014-2015-2016-2017-2018-2019-2020
Larry Hughes,-0.21614168550425,-0.34718972034833,0.13104803484407998,2010-2011-2012-2013-2014-2015-2016-2017-2018-2019-2020
Russ Smith,0.05515595727069,-0.07342559239091,0.12858154966160001,2010-2011-2012-2013-2014-2015-2016-2017-2018-2019-2020
Brandon Paul,0.14950900974274,0.02345575124381,0.12605325849893,2010-2011-2012-2013-2014-2015-2016-2017-2018-2019-2020
Anthony Johnson,0.27745094368558,0.16003242693595998,0.11741851674961999,2010-2011-2012-2013-2014-2015-2016-2017-2018-2019-2020
Ricky Ledo,0.06959738312915,-0.04422459861629,0.11382198174543999,2010-2011-2012-2013-2014-2015-2016-2017-2018-2019-2020
Tony Mitchell,0.04648794996484,-0.06484588584849,0.11133383581333,2010-2011-2012-2013-2014-2015-2016-2017-2018-2019-2020
Justin Hamilton,-0.0485629543613,-0.15592750623485,0.10736455187355001,2010-2011-2012-2013-2014-2015-2016-2017-2018-2019-2020
Isaiah Thomas,0.8221009736847199,0.7194351589439301,0.1026658147407899,2010-2011-2012-2013-2014-2015-2016-2017-2018-2019-2020
Khyri Thomas,-0.020240451191800003,-0.12282834022568001,0.10258788903388001,2010-2011-2012-2013-2014-2015-2016-2017-2018-2019-2020
Bernard James,0.13009090861834,0.028614985867209997,0.10147592275113002,2010-2011-2012-2013-2014-2015-2016-2017-2018-2019-2020
Alexey Shved,0.10467189332737999,0.0035435536055089235,0.10112833972187106,2010-2011-2012-2013-2014-2015-2016-2017-2018-2019-2020
Trey Thompkins,0.02993361405214,-0.07011147474222,0.10004508879435998,2010-2011-2012-2013-2014-2015-2016-2017-2018-2019-2020
Chris Johnson,0.16489925902941,0.06518838274017004,0.09971087628923997,2010-2011-2012-2013-2014-2015-2016-2017-2018-2019-2020
Devin Brown,-0.0072835617321124705,-0.1000283155494,0.09274475381728754,2010-2011-2012-2013-2014-2015-2016-2017-2018-2019-2020
Shawn Marion,-0.17840591653137,-0.2700699246066,0.09166400807523001,2010-2011-2012-2013-2014-2015-2016-2017-2018-2019-2020
Shabazz Muhammad,0.16252934549643,0.07446270916663,0.08806663632980001,2010-2011-2012-2013-2014-2015-2016-2017-2018-2019-2020
Kyle Weaver,0.08957696257676,0.0025548731301973256,0.08702208944656267,2010-2011-2012-2013-2014-2015-2016-2017-2018-2019-2020
Stanley Johnson,0.23864985109711,0.15200348090939,0.08664637018772,2010-2011-2012-2013-2014-2015-2016-2017-2018-2019-2020
Mickael Gelabale,0.09500119355825,0.01835021717667,0.07665097638158,2010-2011-2012-2013-2014-2015-2016-2017-2018-2019-2020
Anthony Randolph,0.30717852015218,0.23993895309203,0.06723956706015002,2010-2011-2012-2013-2014-2015-2016-2017-2018-2019-2020
Jeff Adrien,0.34182152472569,0.27514136221246,0.06668016251323,2010-2011-2012-2013-2014-2015-2016-2017-2018-2019-2020
Jannero Pargo,-0.57003394675093,-0.6366985092722101,0.06666456252128003,2010-2011-2012-2013-2014-2015-2016-2017-2018-2019-2020
Adonis Thomas,0.1552651394696,0.09081487571324,0.06445026375636001,2010-2011-2012-2013-2014-2015-2016-2017-2018-2019-2020
Shelden Williams,-0.68825914909938,-0.7509507545576699,0.06269160545828997,2010-2011-2012-2013-2014-2015-2016-2017-2018-2019-2020
Dan Gadzuric,-0.4218881808861,-0.48437187786444,0.06248369697834004,2010-2011-2012-2013-2014-2015-2016-2017-2018-2019-2020
Xavier Henry,-0.5927720552086899,-0.65229142783003,0.05951937262134001,2010-2011-2012-2013-2014-2015-2016-2017-2018-2019-2020
Tony Bradley,0.09119500199352,0.03258846410238,0.05860653789114001,2010-2011-2012-2013-2014-2015-2016-2017-2018-2019-2020
Jaylen Brown,0.6264581605777,0.56884906357142,0.05760909700627996,2010-2011-2012-2013-2014-2015-2016-2017-2018-2019-2020
Josh Huestis,-0.11234904894856,-0.16255528762451002,0.050206238675950005,2010-2011-2012-2013-2014-2015-2016-2017-2018-2019-2020
KJ McDaniels,-0.30984064127225,-0.35832016093047,0.048479519658219984,2010-2011-2012-2013-2014-2015-2016-2017-2018-2019-2020
Jeff Withey,-0.37458737978227996,-0.42226382694792997,0.047676447165650004,2010-2011-2012-2013-2014-2015-2016-2017-2018-2019-2020
John Jenkins,-0.22473613284876,-0.27211335586972,0.04737722302096,2010-2011-2012-2013-2014-2015-2016-2017-2018-2019-2020
Tony Wroten,-0.23443420460631,-0.28110102086676003,0.04666681626045001,2010-2011-2012-2013-2014-2015-2016-2017-2018-2019-2020
Brandan Wright,0.010756521126309999,-0.03302482881325,0.04378134993956,2010-2011-2012-2013-2014-2015-2016-2017-2018-2019-2020
Tomas Satoransky,-0.31436916682216,-0.35647039208851,0.042101225266350004,2010-2011-2012-2013-2014-2015-2016-2017-2018-2019-2020
JaMychal Green,1.6465355182472001,1.60584455443143,0.04069096381577007,2010-2011-2012-2013-2014-2015-2016-2017-2018-2019-2020
Gilbert Arenas,-0.051429588596000005,-0.09203868806746,0.04060909947146,2010-2011-2012-2013-2014-2015-2016-2017-2018-2019-2020
Carlos Boozer,0.26949597854691004,0.2321469986448,0.03734897990211,2010-2011-2012-2013-2014-2015-2016-2017-2018-2019-2020
Brian Scalabrine,-0.08223084339109,-0.11944979793687999,0.03721895454578999,2010-2011-2012-2013-2014-2015-2016-2017-2018-2019-2020
Shai Gilgeous-Alexander,0.59381274014799,0.56087032573263,0.032942414415360055,2010-2011-2012-2013-2014-2015-2016-2017-2018-2019-2020
Jarred Vanderbilt,-0.05109706295501,-0.08380304655973,0.03270598360472,2010-2011-2012-2013-2014-2015-2016-2017-2018-2019-2020
Jordan Bell,0.8997872829800799,0.8675413557966101,0.03224592718346995,2010-2011-2012-2013-2014-2015-2016-2017-2018-2019-2020
RJ Hunter,-0.0783613711945,-0.10857322042,0.03021184922550001,2010-2011-2012-2013-2014-2015-2016-2017-2018-2019-2020
DJ Mbenga,0.18789762836469,0.15879855990649,0.02909906845820001,2010-2011-2012-2013-2014-2015-2016-2017-2018-2019-2020
Malcolm Delaney,0.024142060186180002,-0.004723605389987848,0.02886566557616785,2010-2011-2012-2013-2014-2015-2016-2017-2018-2019-2020
Josh Selby,0.07205898294610999,0.04441255434508,0.027646428601029994,2010-2011-2012-2013-2014-2015-2016-2017-2018-2019-2020
Jordan Hill,0.05931278092659,0.034433173271289995,0.024879607655300003,2010-2011-2012-2013-2014-2015-2016-2017-2018-2019-2020
Jerome Dyson,-1.1430577083228999,-1.1670245905266199,0.023966882203720064,2010-2011-2012-2013-2014-2015-2016-2017-2018-2019-2020
Wade Baldwin IV,-0.01469569080796,-0.03753150356079,0.022835812752830004,2010-2011-2012-2013-2014-2015-2016-2017-2018-2019-2020
Jerian Grant,-0.36958532509964004,-0.39195488909571996,0.02236956399607995,2010-2011-2012-2013-2014-2015-2016-2017-2018-2019-2020
JaKarr Sampson,-0.1342274450935,-0.15638153428102,0.02215408918752001,2010-2011-2012-2013-2014-2015-2016-2017-2018-2019-2020
Rodney Stuckey,-1.0423894794103101,-1.06187162414222,0.01948214473190997,2010-2011-2012-2013-2014-2015-2016-2017-2018-2019-2020
Pascal Siakam,0.46242816997175,0.44312932460665994,0.019298845365090054,2010-2011-2012-2013-2014-2015-2016-2017-2018-2019-2020
Dominique Jones,-0.16792232694064,-0.18444881088728,0.016526483946639987,2010-2011-2012-2013-2014-2015-2016-2017-2018-2019-2020
Tyshawn Taylor,0.10922025178504,0.09698087094209,0.012239380842949992,2010-2011-2012-2013-2014-2015-2016-2017-2018-2019-2020
Bobby Brown,-0.05842710675113,-0.06801247959057,0.009585372839440005,2010-2011-2012-2013-2014-2015-2016-2017-2018-2019-2020
Dwight Powell,-0.10486556039991,-0.11213739626754,0.007271835867630008,2010-2011-2012-2013-2014-2015-2016-2017-2018-2019-2020
Grayson Allen,-0.13043439616281,-0.13440204451161,0.003967648348800006,2010-2011-2012-2013-2014-2015-2016-2017-2018-2019-2020
Mehmet Okur,0.23537607712845002,0.23358411742191001,0.001791959706540008,2010-2011-2012-2013-2014-2015-2016-2017-2018-2019-2020
Damjan Rudez,-0.037267349549920004,-0.03822231607314,0.0009549665232199973,2010-2011-2012-2013-2014-2015-2016-2017-2018-2019-2020
Ronnie Brewer,-1.44919913076237,-1.44848248991155,-0.0007166408508200647,2010-2011-2012-2013-2014-2015-2016-2017-2018-2019-2020
Jamaal Franklin,0.24350670083571002,0.24749742538209002,-0.003990724546379994,2010-2011-2012-2013-2014-2015-2016-2017-2018-2019-2020
Andris Biedrins,-0.12394277649684,-0.11810885276277,-0.005833923734069996,2010-2011-2012-2013-2014-2015-2016-2017-2018-2019-2020
Gorgui Dieng,-0.4335532423556,-0.42749246176725003,-0.006060780588349954,2010-2011-2012-2013-2014-2015-2016-2017-2018-2019-2020
Bruce Brown,0.04492983156025,0.05558186952854,-0.01065203796829,2010-2011-2012-2013-2014-2015-2016-2017-2018-2019-2020
Gigi Datome,0.14830714738982,0.16009909473878,-0.011791947348959993,2010-2011-2012-2013-2014-2015-2016-2017-2018-2019-2020
Arron Afflalo,0.0841568048217,0.09826336483579,-0.01410656001409001,2010-2011-2012-2013-2014-2015-2016-2017-2018-2019-2020
Nate Robinson,0.5694840242350501,0.58410119822058,-0.014617173985529992,2010-2011-2012-2013-2014-2015-2016-2017-2018-2019-2020
Ben Wallace,-0.06205951854447,-0.04579207344048,-0.01626744510399,2010-2011-2012-2013-2014-2015-2016-2017-2018-2019-2020
Phil Pressey,0.09879644700597999,0.11719781097835999,-0.01840136397238,2010-2011-2012-2013-2014-2015-2016-2017-2018-2019-2020
Trey Burke,0.06423298818854,0.08315860180125,-0.018925613612709998,2010-2011-2012-2013-2014-2015-2016-2017-2018-2019-2020
Bryce Cotton,-0.11533083353040001,-0.09459004969901,-0.02074078383139001,2010-2011-2012-2013-2014-2015-2016-2017-2018-2019-2020
Isaiah Taylor,-0.12293853180639999,-0.10087977195464,-0.02205875985176,2010-2011-2012-2013-2014-2015-2016-2017-2018-2019-2020
Salah Mejri,-0.28259735792854,-0.2596391528497,-0.022958205078839986,2010-2011-2012-2013-2014-2015-2016-2017-2018-2019-2020
Gary Harris,1.01174639943344,1.03622987437702,-0.024483474943580094,2010-2011-2012-2013-2014-2015-2016-2017-2018-2019-2020
Nerlens Noel,-0.27385211735649,-0.2480273780341,-0.025824739322390013,2010-2011-2012-2013-2014-2015-2016-2017-2018-2019-2020
Daniel Ochefu,-0.07390535781797,-0.04683247383797,-0.027072883980000004,2010-2011-2012-2013-2014-2015-2016-2017-2018-2019-2020
Luis Montero,0.15191539385275998,0.17913212645665,-0.02721673260389001,2010-2011-2012-2013-2014-2015-2016-2017-2018-2019-2020
Nemanja Nedovic,0.0,0.02993367307208,-0.02993367307208,2010-2011-2012-2013-2014-2015-2016-2017-2018-2019-2020
Jimmer Fredette,0.01437271819326,0.04469654546343,-0.030323827270170002,2010-2011-2012-2013-2014-2015-2016-2017-2018-2019-2020
Lester Hudson,-0.40858788344159,-0.37664237726598,-0.03194550617561004,2010-2011-2012-2013-2014-2015-2016-2017-2018-2019-2020
Stephen Graham,-0.0668613747773,-0.032649305338540005,-0.03421206943876,2010-2011-2012-2013-2014-2015-2016-2017-2018-2019-2020
Deonte Burton,-0.21318408309848,-0.17778444507376,-0.035399638024719994,2010-2011-2012-2013-2014-2015-2016-2017-2018-2019-2020
Marcus Georges-Hunt,-0.08234792251360999,-0.04663354680216,-0.035714375711449996,2010-2011-2012-2013-2014-2015-2016-2017-2018-2019-2020
Kyle Singler,0.18128457469834,0.21707123246051002,-0.035786657762170014,2010-2011-2012-2013-2014-2015-2016-2017-2018-2019-2020
John Holland,-0.07071563779583999,-0.034140750188240004,-0.03657488760759999,2010-2011-2012-2013-2014-2015-2016-2017-2018-2019-2020
Tyreke Evans,1.84034166543415,1.8776983684004802,-0.03735670296633013,2010-2011-2012-2013-2014-2015-2016-2017-2018-2019-2020
Damion James,0.01965945036469,0.06188658205978,-0.04222713169509,2010-2011-2012-2013-2014-2015-2016-2017-2018-2019-2020
Bam Adebayo,-0.34196052398563,-0.29811636893181004,-0.04384415505381996,2010-2011-2012-2013-2014-2015-2016-2017-2018-2019-2020
Hollis Thompson,0.07388529179846,0.1196168911507,-0.04573159935223999,2010-2011-2012-2013-2014-2015-2016-2017-2018-2019-2020
Ryan Kelly,-0.01632493287602,0.03306306073903,-0.04938799361505,2010-2011-2012-2013-2014-2015-2016-2017-2018-2019-2020
Daniel Theis,-0.14649220751435998,-0.09242068655338,-0.05407152096097999,2010-2011-2012-2013-2014-2015-2016-2017-2018-2019-2020
Zhou Qi,-0.08124828665553,-0.02598901484094,-0.05525927181458999,2010-2011-2012-2013-2014-2015-2016-2017-2018-2019-2020
Yi Jianlian,-0.39458470074608,-0.3376928836161,-0.05689181712997997,2010-2011-2012-2013-2014-2015-2016-2017-2018-2019-2020
Grant Jerrett,0.03881562152826,0.09685769867442999,-0.05804207714617,2010-2011-2012-2013-2014-2015-2016-2017-2018-2019-2020
Troy Williams,-0.17880942676069,-0.1187413906455,-0.060068036115189995,2010-2011-2012-2013-2014-2015-2016-2017-2018-2019-2020
Joe Young,0.03724778439141,0.10141275387269,-0.06416496948127999,2010-2011-2012-2013-2014-2015-2016-2017-2018-2019-2020
Eddie House,-0.17146378945082,-0.10689871293668,-0.06456507651414,2010-2011-2012-2013-2014-2015-2016-2017-2018-2019-2020
Gary Clark,-0.00775768199520292,0.05711595102647,-0.06487363302167291,2010-2011-2012-2013-2014-2015-2016-2017-2018-2019-2020
Linas Kleiza,-0.42863696955936,-0.36277519589676,-0.0658617736626,2010-2011-2012-2013-2014-2015-2016-2017-2018-2019-2020
Dwight Buycks,-0.14877398919325,-0.08178880673183,-0.06698518246141999,2010-2011-2012-2013-2014-2015-2016-2017-2018-2019-2020
Adam Morrison,-0.0984435187048,-0.027726124516380003,-0.07071739418841999,2010-2011-2012-2013-2014-2015-2016-2017-2018-2019-2020
Cody Zeller,-0.52832408036272,-0.45755670815955,-0.07076737220316999,2010-2011-2012-2013-2014-2015-2016-2017-2018-2019-2020
Mario West,0.13905973512134,0.20989328273253,-0.07083354761118997,2010-2011-2012-2013-2014-2015-2016-2017-2018-2019-2020
Solomon Alabi,-0.5195108963378701,-0.4475657296447,-0.07194516669317003,2010-2011-2012-2013-2014-2015-2016-2017-2018-2019-2020
Earl Barron,-0.10014446238104001,-0.026832883455450002,-0.07331157892559,2010-2011-2012-2013-2014-2015-2016-2017-2018-2019-2020
Rodney McGruder,-0.4390577943435,-0.36210879817128,-0.07694899617222001,2010-2011-2012-2013-2014-2015-2016-2017-2018-2019-2020
Courtney Fortson,-0.2969702645375,-0.21552933559860002,-0.08144092893889997,2010-2011-2012-2013-2014-2015-2016-2017-2018-2019-2020
Enes Freedom,0.31991597076988004,0.40143298047933,-0.08151700970945,2010-2011-2012-2013-2014-2015-2016-2017-2018-2019-2020
Gustavo Ayon,-0.6445362242184,-0.56197943388035,-0.08255679033805,2010-2011-2012-2013-2014-2015-2016-2017-2018-2019-2020
AJ Price,0.18592226739171,0.27229039092316004,-0.08636812353145001,2010-2011-2012-2013-2014-2015-2016-2017-2018-2019-2020
Travis Diener,-0.035730853282229996,0.052625031143479994,-0.08835588442571,2010-2011-2012-2013-2014-2015-2016-2017-2018-2019-2020
Josh Powell,-0.29896483725310996,-0.20825754771011998,-0.09070728954299,2010-2011-2012-2013-2014-2015-2016-2017-2018-2019-2020
Kelenna Azubuike,-0.30645672818607,-0.21398192341859998,-0.09247480476747001,2010-2011-2012-2013-2014-2015-2016-2017-2018-2019-2020
Raul Neto,-0.5625105530980801,-0.46899831613070997,-0.09351223696737006,2010-2011-2012-2013-2014-2015-2016-2017-2018-2019-2020
Kelly Olynyk,0.68113986940305,0.77752024053291,-0.09638037112985999,2010-2011-2012-2013-2014-2015-2016-2017-2018-2019-2020
Jerry Stackhouse,-0.961155812251,-0.8646215747569399,-0.09653423749406004,2010-2011-2012-2013-2014-2015-2016-2017-2018-2019-2020
Josh Smith,0.2511764876312,0.34855600061935,-0.09737951298815001,2010-2011-2012-2013-2014-2015-2016-2017-2018-2019-2020
Ivica Zubac,-0.15921356570147,-0.05952700965457999,-0.09968655604689,2010-2011-2012-2013-2014-2015-2016-2017-2018-2019-2020
Henry Sims,-0.32682561376843,-0.22391852689817998,-0.10290708687025,2010-2011-2012-2013-2014-2015-2016-2017-2018-2019-2020
Dwight Howard,-0.09006854581207001,0.01737920596053,-0.10744775177259999,2010-2011-2012-2013-2014-2015-2016-2017-2018-2019-2020
Alexis Ajinca,0.26677560611595,0.37581625474345,-0.10904064862749999,2010-2011-2012-2013-2014-2015-2016-2017-2018-2019-2020
Jae Crowder,-0.41325637233804,-0.30218337653166,-0.11107299580638005,2010-2011-2012-2013-2014-2015-2016-2017-2018-2019-2020
Dionte Christmas,-0.07687433743543,0.03695770434773,-0.11383204178316,2010-2011-2012-2013-2014-2015-2016-2017-2018-2019-2020
Fab Melo,-0.024589752492070002,0.09228902842342,-0.11687878091548999,2010-2011-2012-2013-2014-2015-2016-2017-2018-2019-2020
Charlie Bell,0.05603147880315999,0.17292237527539,-0.11689089647223,2010-2011-2012-2013-2014-2015-2016-2017-2018-2019-2020
Sebastian Telfair,-0.23731043914606,-0.12022210764044,-0.11708833150562001,2010-2011-2012-2013-2014-2015-2016-2017-2018-2019-2020
Bobby Simmons,-0.19617424462969,-0.07776649814325999,-0.11840774648642997,2010-2011-2012-2013-2014-2015-2016-2017-2018-2019-2020
Jawad Williams,-0.19723541154587,-0.07877119935874001,-0.11846421218712998,2010-2011-2012-2013-2014-2015-2016-2017-2018-2019-2020
Jon Brockman,-0.7553033745336301,-0.63533396225161,-0.11996941228202004,2010-2011-2012-2013-2014-2015-2016-2017-2018-2019-2020
Joakim Noah,-0.01140249313816,0.10924312807815001,-0.12064562121631,2010-2011-2012-2013-2014-2015-2016-2017-2018-2019-2020
Jarell Martin,-0.62277090697168,-0.49962053722862004,-0.12315036974305996,2010-2011-2012-2013-2014-2015-2016-2017-2018-2019-2020
Chinanu Onuaku,-0.10765799919829,0.01605645729618,-0.12371445649447,2010-2011-2012-2013-2014-2015-2016-2017-2018-2019-2020
Greg Monroe,-0.49007793917091996,-0.36351329467243004,-0.12656464449848998,2010-2011-2012-2013-2014-2015-2016-2017-2018-2019-2020
Patrick Ewing,-0.005558368908047412,0.12104234949802001,-0.12660071840606743,2010-2011-2012-2013-2014-2015-2016-2017-2018-2019-2020
Mike Scott,0.5357502575216601,0.6629260217156301,-0.12717576419397003,2010-2011-2012-2013-2014-2015-2016-2017-2018-2019-2020
Chris Kaman,-0.77824356057021,-0.64818074748259,-0.13006281308762002,2010-2011-2012-2013-2014-2015-2016-2017-2018-2019-2020
Joe Smith,-0.11317500329815,0.01834552098809,-0.13152052428624,2010-2011-2012-2013-2014-2015-2016-2017-2018-2019-2020
Josh Akognon,-0.03540720125591,0.09675373706023001,-0.13216093831614,2010-2011-2012-2013-2014-2015-2016-2017-2018-2019-2020
Peyton Siva,0.08495486788491,0.21919761906632998,-0.13424275118141998,2010-2011-2012-2013-2014-2015-2016-2017-2018-2019-2020
Primoz Brezec,-0.22541817377601997,-0.0889572203405,-0.13646095343551998,2010-2011-2012-2013-2014-2015-2016-2017-2018-2019-2020
Xavier Silas,-0.28011916723378,-0.14131372398918002,-0.1388054432446,2010-2011-2012-2013-2014-2015-2016-2017-2018-2019-2020
Richaun Holmes,-0.18592199263757,-0.04194758762834,-0.14397440500922998,2010-2011-2012-2013-2014-2015-2016-2017-2018-2019-2020
Adreian Payne,0.18513440487576,0.33262132688658,-0.14748692201082,2010-2011-2012-2013-2014-2015-2016-2017-2018-2019-2020
Victor Claver,-0.8772842584319899,-0.72963301718479,-0.14765124124719994,2010-2011-2012-2013-2014-2015-2016-2017-2018-2019-2020
Jake Layman,-0.46886162003321,-0.3129463815864,-0.15591523844681004,2010-2011-2012-2013-2014-2015-2016-2017-2018-2019-2020
Andrew Bogut,-1.25030030731078,-1.0917821176506102,-0.1585181896601699,2010-2011-2012-2013-2014-2015-2016-2017-2018-2019-2020
Guerschon Yabusele,-0.2522258887479,-0.09292667634903,-0.15929921239887,2010-2011-2012-2013-2014-2015-2016-2017-2018-2019-2020
Andres Nocioni,-0.16920054588814,-0.006697444835748528,-0.16250310105239146,2010-2011-2012-2013-2014-2015-2016-2017-2018-2019-2020
Isaiah Hartenstein,-0.07020776151817,0.09348056800297999,-0.16368832952115,2010-2011-2012-2013-2014-2015-2016-2017-2018-2019-2020
Kendall Marshall,0.23992915332696,0.4060418859376,-0.16611273261063997,2010-2011-2012-2013-2014-2015-2016-2017-2018-2019-2020
Kevin Martin,0.41204210473456,0.57876357125595,-0.16672146652139005,2010-2011-2012-2013-2014-2015-2016-2017-2018-2019-2020
Chris Douglas-Roberts,-0.21981292838286,-0.052837905417189995,-0.16697502296567002,2010-2011-2012-2013-2014-2015-2016-2017-2018-2019-2020
Jamal Crawford,1.81047825203231,1.977647440288,-0.16716918825568985,2010-2011-2012-2013-2014-2015-2016-2017-2018-2019-2020
Damien Wilkins,-0.40635826352393,-0.23787742576631,-0.16848083775762002,2010-2011-2012-2013-2014-2015-2016-2017-2018-2019-2020
Jared Cunningham,-0.07955653968869,0.09743889903276,-0.17699543872145,2010-2011-2012-2013-2014-2015-2016-2017-2018-2019-2020
Elton Brand,-1.01006755318067,-0.82825251845821,-0.1818150347224599,2010-2011-2012-2013-2014-2015-2016-2017-2018-2019-2020
Marcus Smart,-0.10678526190946999,0.07906695076645,-0.18585221267592,2010-2011-2012-2013-2014-2015-2016-2017-2018-2019-2020
PJ Hairston,-0.11895719498636001,0.07029500776217999,-0.18925220274854,2010-2011-2012-2013-2014-2015-2016-2017-2018-2019-2020
Jodie Meeks,-1.03470707732237,-0.8453944479766299,-0.18931262934574009,2010-2011-2012-2013-2014-2015-2016-2017-2018-2019-2020
Trey Johnson,-0.17493924458464,0.014518442873120001,-0.18945768745776,2010-2011-2012-2013-2014-2015-2016-2017-2018-2019-2020
Robbie Hummel,0.5523670464534101,0.74263787628358,-0.19027082983016996,2010-2011-2012-2013-2014-2015-2016-2017-2018-2019-2020
Shaquille O'Neal,-0.045685934301,0.14505413848166002,-0.19074007278266,2010-2011-2012-2013-2014-2015-2016-2017-2018-2019-2020
Quincy Miller,-0.000905018793936904,0.19301609083753002,-0.19392110963146691,2010-2011-2012-2013-2014-2015-2016-2017-2018-2019-2020
James White,0.23717122736667,0.43678475484832,-0.19961352748164998,2010-2011-2012-2013-2014-2015-2016-2017-2018-2019-2020
Deyonta Davis,-0.0448183751321,0.155860698196,-0.20067907332809998,2010-2011-2012-2013-2014-2015-2016-2017-2018-2019-2020
Al Harrington,-0.71362340479604,-0.5121516317974201,-0.20147177299862,2010-2011-2012-2013-2014-2015-2016-2017-2018-2019-2020
Terrence Jones,0.64623664888141,0.8486314938502101,-0.20239484496880006,2010-2011-2012-2013-2014-2015-2016-2017-2018-2019-2020
Kevin Murphy,-0.04185845919599,0.16150534128652,-0.20336380048251,2010-2011-2012-2013-2014-2015-2016-2017-2018-2019-2020
Dwayne Jones,-0.18967854548097002,0.0144662692239,-0.20414481470487,2010-2011-2012-2013-2014-2015-2016-2017-2018-2019-2020
Toure' Murry,0.09425834153786,0.30325701245124,-0.20899867091338,2010-2011-2012-2013-2014-2015-2016-2017-2018-2019-2020
Larry Sanders,-1.16318752746808,-0.9500114241651999,-0.21317610330288012,2010-2011-2012-2013-2014-2015-2016-2017-2018-2019-2020
Tony Battie,-0.45602874591694,-0.23623388303051002,-0.21979486288643,2010-2011-2012-2013-2014-2015-2016-2017-2018-2019-2020
Zoran Dragic,-0.24490145847371,-0.024846597355379998,-0.22005486111833003,2010-2011-2012-2013-2014-2015-2016-2017-2018-2019-2020
Theo Ratliff,-0.39898636295169,-0.1778206190647,-0.22116574388699,2010-2011-2012-2013-2014-2015-2016-2017-2018-2019-2020
Reggie Williams,-0.27413393862026003,-0.05196992101418,-0.22216401760608,2010-2011-2012-2013-2014-2015-2016-2017-2018-2019-2020
Chris Boucher,-0.16220471053758,0.06052479495942,-0.22272950549700002,2010-2011-2012-2013-2014-2015-2016-2017-2018-2019-2020
Walker Russell,-0.15531603764615,0.06771186915627,-0.22302790680242,2010-2011-2012-2013-2014-2015-2016-2017-2018-2019-2020
Melvin Ely,0.20980685531705998,0.43519356649127994,-0.22538671117422,2010-2011-2012-2013-2014-2015-2016-2017-2018-2019-2020
Ryan Hollins,-1.6155390221685901,-1.38941007797812,-0.22612894419047017,2010-2011-2012-2013-2014-2015-2016-2017-2018-2019-2020
Kevin Ollie,-0.10799424023312999,0.11946730775939,-0.22746154799252,2010-2011-2012-2013-2014-2015-2016-2017-2018-2019-2020
Kim English,-0.20240262888814997,0.026725583606399997,-0.22912821249454995,2010-2011-2012-2013-2014-2015-2016-2017-2018-2019-2020
Aaron Harrison,-0.15778332234077,0.07151784415131,-0.22930116649208,2010-2011-2012-2013-2014-2015-2016-2017-2018-2019-2020
Tony Snell,-0.78360985032239,-0.55407039543926,-0.22953945488313,2010-2011-2012-2013-2014-2015-2016-2017-2018-2019-2020
Justin Holiday,0.11705388085893,0.34820273886909003,-0.23114885801016,2010-2011-2012-2013-2014-2015-2016-2017-2018-2019-2020
Andre Miller,0.13939655712250001,0.37507987831463,-0.23568332119213,2010-2011-2012-2013-2014-2015-2016-2017-2018-2019-2020
Etan Thomas,0.02102090228136,0.2588965008657,-0.23787559858434001,2010-2011-2012-2013-2014-2015-2016-2017-2018-2019-2020
Blake Ahearn,-0.09303224707942,0.14525629246015,-0.23828853953957002,2010-2011-2012-2013-2014-2015-2016-2017-2018-2019-2020
Cristiano Felicio,-0.24163063274874,-0.0028105610259070786,-0.23882007172283293,2010-2011-2012-2013-2014-2015-2016-2017-2018-2019-2020
Nemanja Bjelica,-0.53816312987505,-0.29638098695448,-0.24178214292057,2010-2011-2012-2013-2014-2015-2016-2017-2018-2019-2020
Jeremy Evans,-0.19955484440327,0.044209224802,-0.24376406920527002,2010-2011-2012-2013-2014-2015-2016-2017-2018-2019-2020
Rashad Vaughn,-0.17954624947929002,0.06496920547563,-0.24451545495492003,2010-2011-2012-2013-2014-2015-2016-2017-2018-2019-2020
Aaron Holiday,-0.21143391627215002,0.035190301874549995,-0.24662421814670002,2010-2011-2012-2013-2014-2015-2016-2017-2018-2019-2020
Alex Len,-0.07044051340452,0.17777541107781,-0.24821592448232999,2010-2011-2012-2013-2014-2015-2016-2017-2018-2019-2020
Patrick McCaw,-0.53851795048097,-0.28565765579284,-0.2528602946881299,2010-2011-2012-2013-2014-2015-2016-2017-2018-2019-2020
Malik Allen,-0.09929136398241,0.16195350608603998,-0.26124487006845,2010-2011-2012-2013-2014-2015-2016-2017-2018-2019-2020
Chris Babb,-0.14479061080933,0.11684133055328001,-0.26163194136261003,2010-2011-2012-2013-2014-2015-2016-2017-2018-2019-2020
Mikki Moore,-0.44774506984676,-0.18209442457681999,-0.26565064526994,2010-2011-2012-2013-2014-2015-2016-2017-2018-2019-2020
Malcolm Lee,-0.17058392481878,0.0968666368506,-0.26745056166937997,2010-2011-2012-2013-2014-2015-2016-2017-2018-2019-2020
Tyler Honeycutt,0.02430730577578,0.29648055177385,-0.27217324599806997,2010-2011-2012-2013-2014-2015-2016-2017-2018-2019-2020
Gary Forbes,-0.6395331656734,-0.36565235471161,-0.27388081096179007,2010-2011-2012-2013-2014-2015-2016-2017-2018-2019-2020
Flip Murray,0.58245654385493,0.85750268815059,-0.2750461442956601,2010-2011-2012-2013-2014-2015-2016-2017-2018-2019-2020
Donte Greene,-0.46395581198238006,-0.1865212486726,-0.27743456330978006,2010-2011-2012-2013-2014-2015-2016-2017-2018-2019-2020
Malcolm Thomas,0.08484141735081,0.36317857309212,-0.27833715574131,2010-2011-2012-2013-2014-2015-2016-2017-2018-2019-2020
Carlos Arroyo,-0.26566084879074997,0.01363412953356,-0.27929497832431,2010-2011-2012-2013-2014-2015-2016-2017-2018-2019-2020
Luke Walton,-0.68016204201998,-0.39805703624458,-0.2821050057754,2010-2011-2012-2013-2014-2015-2016-2017-2018-2019-2020
Brandon Rush,0.24970578971145,0.53218812193109,-0.28248233221964,2010-2011-2012-2013-2014-2015-2016-2017-2018-2019-2020
Garrett Temple,-0.062128346541570005,0.22189667275643002,-0.28402501929800006,2010-2011-2012-2013-2014-2015-2016-2017-2018-2019-2020
Bobby Portis,-0.38281919744675,-0.09452061288587,-0.28829858456088003,2010-2011-2012-2013-2014-2015-2016-2017-2018-2019-2020
Aaron Jackson,-0.20854181148976,0.07997877812041,-0.28852058961016996,2010-2011-2012-2013-2014-2015-2016-2017-2018-2019-2020
Bradley Beal,1.04071305004246,1.33839169985596,-0.29767864981350006,2010-2011-2012-2013-2014-2015-2016-2017-2018-2019-2020
Kyle O'Quinn,-0.19712043354092,0.10613040432374,-0.30325083786466,2010-2011-2012-2013-2014-2015-2016-2017-2018-2019-2020
Elfrid Payton,-0.18275414979785,0.121407315794,-0.30416146559185,2010-2011-2012-2013-2014-2015-2016-2017-2018-2019-2020
Zach Collins,-0.10043416368293999,0.2082695640455,-0.30870372772844,2010-2011-2012-2013-2014-2015-2016-2017-2018-2019-2020
Steve Novak,0.04536915756102,0.35418687201771,-0.30881771445669,2010-2011-2012-2013-2014-2015-2016-2017-2018-2019-2020
Skal Labissiere,-0.37334904688063003,-0.06268740760559,-0.31066163927504004,2010-2011-2012-2013-2014-2015-2016-2017-2018-2019-2020
Anfernee Simons,-0.41420049344644005,-0.10273375528365,-0.31146673816279,2010-2011-2012-2013-2014-2015-2016-2017-2018-2019-2020
Jordan Williams,-0.06960926163533,0.24230590146720998,-0.31191516310254,2010-2011-2012-2013-2014-2015-2016-2017-2018-2019-2020
DeQuan Jones,-0.27684509567817,0.04267611973373,-0.3195212154119,2010-2011-2012-2013-2014-2015-2016-2017-2018-2019-2020
Josh Richardson,0.8483008977919501,1.16881932939306,-0.32051843160110993,2010-2011-2012-2013-2014-2015-2016-2017-2018-2019-2020
Rondae Hollis-Jefferson,0.19703055613668002,0.5182463173564,-0.32121576121972,2010-2011-2012-2013-2014-2015-2016-2017-2018-2019-2020
Jordan Farmar,-1.0352135430276899,-0.70379172922928,-0.33142181379840996,2010-2011-2012-2013-2014-2015-2016-2017-2018-2019-2020
Semi Ojeleye,-0.17936344533335,0.15303188235106,-0.33239532768441,2010-2011-2012-2013-2014-2015-2016-2017-2018-2019-2020
Greg Oden,0.03069417614571,0.36634264469044997,-0.33564846854474,2010-2011-2012-2013-2014-2015-2016-2017-2018-2019-2020
Ben Hansbrough,-0.14695956911296,0.18882887113806998,-0.33578844025102994,2010-2011-2012-2013-2014-2015-2016-2017-2018-2019-2020
Lance Thomas,-0.7555903926430599,-0.40650361438212,-0.34908677826094,2010-2011-2012-2013-2014-2015-2016-2017-2018-2019-2020
Eduardo Najera,-0.48118880386967,-0.1282311035512,-0.35295770031846996,2010-2011-2012-2013-2014-2015-2016-2017-2018-2019-2020
Derrick Byars,-0.21485915169091999,0.13891625341607,-0.35377540510698996,2010-2011-2012-2013-2014-2015-2016-2017-2018-2019-2020
Scott Machado,-0.3166841958318,0.04203736446176,-0.35872156029356,2010-2011-2012-2013-2014-2015-2016-2017-2018-2019-2020
Ben Gordon,-0.40966241484252003,-0.05056158936633,-0.35910082547619,2010-2011-2012-2013-2014-2015-2016-2017-2018-2019-2020
Dexter Pittman,-0.48801325788291,-0.12533420185384,-0.36267905602906997,2010-2011-2012-2013-2014-2015-2016-2017-2018-2019-2020
Quincy Acy,-0.2792821838169,0.08486382086395,-0.36414600468084996,2010-2011-2012-2013-2014-2015-2016-2017-2018-2019-2020
Luke Ridnour,-0.69567489031342,-0.32947462329421,-0.36620026701921,2010-2011-2012-2013-2014-2015-2016-2017-2018-2019-2020
Josh Childress,-0.04431797992931,0.32265632245678,-0.36697430238609,2010-2011-2012-2013-2014-2015-2016-2017-2018-2019-2020
Zach LaVine,0.28984876380886,0.65945771685089,-0.36960895304203,2010-2011-2012-2013-2014-2015-2016-2017-2018-2019-2020
Matt Bonner,0.17024325877918,0.54730196013072,-0.37705870135154,2010-2011-2012-2013-2014-2015-2016-2017-2018-2019-2020
Troy Daniels,0.5316747008004701,0.91098667638581,-0.3793119755853399,2010-2011-2012-2013-2014-2015-2016-2017-2018-2019-2020
Craig Smith,-0.27899959457009,0.10765119786608,-0.38665079243617,2010-2011-2012-2013-2014-2015-2016-2017-2018-2019-2020
OG Anunoby,0.9015575792349699,1.28937940836507,-0.3878218291301,2010-2011-2012-2013-2014-2015-2016-2017-2018-2019-2020
Sam Dekker,-0.24589441391206,0.14301811237058998,-0.38891252628264994,2010-2011-2012-2013-2014-2015-2016-2017-2018-2019-2020
Reggie Jackson,0.8326181396916901,1.22334406407577,-0.39072592438408,2010-2011-2012-2013-2014-2015-2016-2017-2018-2019-2020
Landry Fields,-0.27875758946336,0.12283265544753,-0.40159024491088996,2010-2011-2012-2013-2014-2015-2016-2017-2018-2019-2020
Markelle Fultz,-0.28069223525735,0.12278980602652,-0.40348204128386994,2010-2011-2012-2013-2014-2015-2016-2017-2018-2019-2020
Erick Dampier,-1.3456544037450602,-0.94167748324739,-0.4039769204976701,2010-2011-2012-2013-2014-2015-2016-2017-2018-2019-2020
Vernon Macklin,-0.08620158856741,0.32546501742595996,-0.41166660599337,2010-2011-2012-2013-2014-2015-2016-2017-2018-2019-2020
Jermaine O'Neal,-1.03103379307038,-0.61822666810768,-0.4128071249627,2010-2011-2012-2013-2014-2015-2016-2017-2018-2019-2020
Tyler Ennis,-0.11348391739529,0.30510735604345,-0.41859127343874,2010-2011-2012-2013-2014-2015-2016-2017-2018-2019-2020
Jonathan Isaac,-0.17530322310527,0.24627203194320998,-0.42157525504848,2010-2011-2012-2013-2014-2015-2016-2017-2018-2019-2020
Chris Bosh,-0.92518452781047,-0.50343332748578,-0.42175120032469005,2010-2011-2012-2013-2014-2015-2016-2017-2018-2019-2020
Troy Murphy,-0.16566122868185998,0.25886283040368,-0.42452405908554003,2010-2011-2012-2013-2014-2015-2016-2017-2018-2019-2020
Ognjen Kuzmic,0.04817376494721,0.47580510082027,-0.42763133587306,2010-2011-2012-2013-2014-2015-2016-2017-2018-2019-2020
Beno Udrih,-0.68372213426973,-0.25536130013218,-0.42836083413755005,2010-2011-2012-2013-2014-2015-2016-2017-2018-2019-2020
Bojan Bogdanovic,-0.11384265522417,0.31720470353326,-0.43104735875743005,2010-2011-2012-2013-2014-2015-2016-2017-2018-2019-2020
Omri Casspi,0.04805491484226,0.47923842108763004,-0.43118350624537,2010-2011-2012-2013-2014-2015-2016-2017-2018-2019-2020
Lazar Hayward,-0.23748697885758002,0.19642239552561,-0.43390937438319,2010-2011-2012-2013-2014-2015-2016-2017-2018-2019-2020
Rodions Kurucs,0.295451400306,0.7296399465131,-0.43418854620709996,2010-2011-2012-2013-2014-2015-2016-2017-2018-2019-2020
Armon Johnson,-0.62768014304915,-0.19325339536209002,-0.43442674768706,2010-2011-2012-2013-2014-2015-2016-2017-2018-2019-2020
Larry Nance Jr.,-0.5315848043039201,-0.09435948655870001,-0.43722531774522,2010-2011-2012-2013-2014-2015-2016-2017-2018-2019-2020
Hilton Armstrong,-0.1596264990639,0.28066056416162,-0.44028706322552,2010-2011-2012-2013-2014-2015-2016-2017-2018-2019-2020
Alex Abrines,-0.07830361739234,0.36254503854875003,-0.44084865594109,2010-2011-2012-2013-2014-2015-2016-2017-2018-2019-2020
Stephen Jackson,0.40494043478959996,0.8466604379920201,-0.44172000320242005,2010-2011-2012-2013-2014-2015-2016-2017-2018-2019-2020
Joel Freeland,-0.86324614117814,-0.42101078770054,-0.4422353534776,2010-2011-2012-2013-2014-2015-2016-2017-2018-2019-2020
Kostas Papanikolaou,-0.70810611239548,-0.26487713431751003,-0.44322897807797,2010-2011-2012-2013-2014-2015-2016-2017-2018-2019-2020
Kyle Anderson,-0.36312970916397996,0.08416361042097,-0.44729331958495,2010-2011-2012-2013-2014-2015-2016-2017-2018-2019-2020
Timofey Mozgov,-1.44009429081975,-0.99267834382218,-0.4474159469975699,2010-2011-2012-2013-2014-2015-2016-2017-2018-2019-2020
Jerome Jordan,-0.42377425717265005,0.028904027339410002,-0.45267828451206005,2010-2011-2012-2013-2014-2015-2016-2017-2018-2019-2020
Tim Frazier,-0.36618551478644,0.08654397952118001,-0.45272949430762,2010-2011-2012-2013-2014-2015-2016-2017-2018-2019-2020
Furkan Korkmaz,-0.16899221979116,0.28607591522664,-0.4550681350178,2010-2011-2012-2013-2014-2015-2016-2017-2018-2019-2020
Emeka Okafor,-0.38831909676364,0.06713135565116,-0.45545045241480003,2010-2011-2012-2013-2014-2015-2016-2017-2018-2019-2020
Arnett Moultrie,0.038460379804570004,0.49534395157607003,-0.4568835717715001,2010-2011-2012-2013-2014-2015-2016-2017-2018-2019-2020
Manny Harris,-0.08038456130864,0.38229688372536996,-0.46268144503401004,2010-2011-2012-2013-2014-2015-2016-2017-2018-2019-2020
Luke Harangody,-0.22955573623097003,0.23542778060486,-0.46498351683583,2010-2011-2012-2013-2014-2015-2016-2017-2018-2019-2020
Monte Morris,-0.13673085916864,0.33281438345163,-0.46954524262027,2010-2011-2012-2013-2014-2015-2016-2017-2018-2019-2020
Jeremy Pargo,-0.33459848307336004,0.13803450263397998,-0.47263298570733997,2010-2011-2012-2013-2014-2015-2016-2017-2018-2019-2020
Will Bynum,0.23745224903690998,0.71298277023186,-0.47553052119495,2010-2011-2012-2013-2014-2015-2016-2017-2018-2019-2020
Royal Ivey,-0.13967211621324,0.33738341702235,-0.47705553323558997,2010-2011-2012-2013-2014-2015-2016-2017-2018-2019-2020
Shane Larkin,-0.309643484734,0.18047735000056,-0.49012083473456,2010-2011-2012-2013-2014-2015-2016-2017-2018-2019-2020
Rasheed Wallace,-0.43261769112071,0.05802858001675,-0.49064627113746,2010-2011-2012-2013-2014-2015-2016-2017-2018-2019-2020
Sundiata Gaines,0.01667927874524,0.51514081818518,-0.49846153943994,2010-2011-2012-2013-2014-2015-2016-2017-2018-2019-2020
Michael Redd,-0.27748894130931,0.22468268844954,-0.50217162975885,2010-2011-2012-2013-2014-2015-2016-2017-2018-2019-2020
Andrew Nicholson,0.24198598938778,0.74894861326738,-0.5069626238796,2010-2011-2012-2013-2014-2015-2016-2017-2018-2019-2020
Allen Crabbe,0.41386754289185,0.92210998638602,-0.50824244349417,2010-2011-2012-2013-2014-2015-2016-2017-2018-2019-2020
Semaj Christon,-0.14432781579393,0.36424323897038,-0.5085710547643101,2010-2011-2012-2013-2014-2015-2016-2017-2018-2019-2020
Patrick Patterson,-0.06240498114926,0.44823137863944,-0.5106363597887,2010-2011-2012-2013-2014-2015-2016-2017-2018-2019-2020
Samuel Dalembert,0.004737721222572252,0.5255220801028501,-0.5207843588802777,2010-2011-2012-2013-2014-2015-2016-2017-2018-2019-2020
Leon Powe,-0.01366730908972,0.51545101585555,-0.52911832494527,2010-2011-2012-2013-2014-2015-2016-2017-2018-2019-2020
Cleanthony Early,-0.32660653176140997,0.20522621041042,-0.5318327421718301,2010-2011-2012-2013-2014-2015-2016-2017-2018-2019-2020
Steven Adams,-0.06000753271597999,0.47604086927394,-0.5360484019899201,2010-2011-2012-2013-2014-2015-2016-2017-2018-2019-2020
Dominic McGuire,-0.55838366790817,-0.02224213092796,-0.53614153698021,2010-2011-2012-2013-2014-2015-2016-2017-2018-2019-2020
Abdel Nader,-0.4540630780381,0.08399493909255,-0.5380580171306499,2010-2011-2012-2013-2014-2015-2016-2017-2018-2019-2020
Jusuf Nurkic,0.6454153352948699,1.18433320749952,-0.5389178722046502,2010-2011-2012-2013-2014-2015-2016-2017-2018-2019-2020
Vladimir Radmanovic,-0.55412955878336,-0.01421533353919,-0.53991422524417,2010-2011-2012-2013-2014-2015-2016-2017-2018-2019-2020
Rudy Fernandez,0.005528001845077001,0.54659072527943,-0.541062723434353,2010-2011-2012-2013-2014-2015-2016-2017-2018-2019-2020
D.J. Wilson,-0.31930249290206003,0.23278196918077002,-0.55208446208283,2010-2011-2012-2013-2014-2015-2016-2017-2018-2019-2020
Tyler Zeller,-0.26548798898228,0.29066479035492,-0.5561527793372,2010-2011-2012-2013-2014-2015-2016-2017-2018-2019-2020
Antawn Jamison,0.006665601264662107,0.5669879616733801,-0.560322360408718,2010-2011-2012-2013-2014-2015-2016-2017-2018-2019-2020
Glenn Robinson III,-0.25922921946803,0.33114244607483,-0.59037166554286,2010-2011-2012-2013-2014-2015-2016-2017-2018-2019-2020
Tarik Black,-0.15583437920901,0.44078078223461,-0.5966151614436199,2010-2011-2012-2013-2014-2015-2016-2017-2018-2019-2020
Sasha Pavlovic,-1.1663997991388,-0.56525821597878,-0.60114158316002,2010-2011-2012-2013-2014-2015-2016-2017-2018-2019-2020
Earl Watson,-0.36935338108658,0.23395596160648,-0.60330934269306,2010-2011-2012-2013-2014-2015-2016-2017-2018-2019-2020
Orlando Johnson,-0.40136882849467004,0.20391654859769998,-0.6052853770923701,2010-2011-2012-2013-2014-2015-2016-2017-2018-2019-2020
Alfonzo McKinnie,0.42093681944387,1.02672022591689,-0.60578340647302,2010-2011-2012-2013-2014-2015-2016-2017-2018-2019-2020
Justin Harper,-0.4120763379132,0.19380119416156,-0.6058775320747599,2010-2011-2012-2013-2014-2015-2016-2017-2018-2019-2020
Festus Ezeli,0.08652949485705999,0.69243419897207,-0.6059047041150101,2010-2011-2012-2013-2014-2015-2016-2017-2018-2019-2020
Courtney Lee,-0.46275428652945,0.1437076308851,-0.60646191741455,2010-2011-2012-2013-2014-2015-2016-2017-2018-2019-2020
Jerryd Bayless,-0.6036469197325199,0.01266050880922,-0.61630742854174,2010-2011-2012-2013-2014-2015-2016-2017-2018-2019-2020
Eddy Curry,-0.5575514376449999,0.06008677304405,-0.61763821068905,2010-2011-2012-2013-2014-2015-2016-2017-2018-2019-2020
Jarrett Allen,-0.31502482449122,0.30553355270567,-0.62055837719689,2010-2011-2012-2013-2014-2015-2016-2017-2018-2019-2020
Nikola Pekovic,-0.0008813243384320194,0.62081827872654,-0.6216996030649721,2010-2011-2012-2013-2014-2015-2016-2017-2018-2019-2020
Danuel House Jr.,-0.47432730969452,0.1481037139611,-0.62243102365562,2010-2011-2012-2013-2014-2015-2016-2017-2018-2019-2020
Doug McDermott,-0.10144696380786,0.5262381105173699,-0.6276850743252299,2010-2011-2012-2013-2014-2015-2016-2017-2018-2019-2020
Jordan Crawford,-0.40589164562318997,0.22575622681653998,-0.63164787243973,2010-2011-2012-2013-2014-2015-2016-2017-2018-2019-2020
Damian Jones,-0.3111791960007,0.32119640007826,-0.63237559607896,2010-2011-2012-2013-2014-2015-2016-2017-2018-2019-2020
LaMarcus Aldridge,0.35437899009438,0.99520194839724,-0.64082295830286,2010-2011-2012-2013-2014-2015-2016-2017-2018-2019-2020
Quinn Cook,-0.38689785446579,0.25613562670697,-0.6430334811727599,2010-2011-2012-2013-2014-2015-2016-2017-2018-2019-2020
Dante Exum,0.44167970003326,1.08774746053127,-0.6460677604980101,2010-2011-2012-2013-2014-2015-2016-2017-2018-2019-2020
Jamaal Tinsley,-0.6598626798107801,-0.01311593582024,-0.64674674399054,2010-2011-2012-2013-2014-2015-2016-2017-2018-2019-2020
Terrence Williams,-0.67188857457922,-0.02381306075806,-0.64807551382116,2010-2011-2012-2013-2014-2015-2016-2017-2018-2019-2020
Jabari Parker,-0.36013798085607,0.29724994846821,-0.65738792932428,2010-2011-2012-2013-2014-2015-2016-2017-2018-2019-2020
Cheick Diallo,-0.4246672146275,0.23275940715886,-0.65742662178636,2010-2011-2012-2013-2014-2015-2016-2017-2018-2019-2020
Joey Dorsey,-0.5618010599892,0.09565974936941,-0.6574608093586101,2010-2011-2012-2013-2014-2015-2016-2017-2018-2019-2020
Mike Muscala,-0.8123430651876399,-0.15205277186775,-0.6602902933198899,2010-2011-2012-2013-2014-2015-2016-2017-2018-2019-2020
Daniel Gibson,-0.24406501046958,0.41666289301296006,-0.66072790348254,2010-2011-2012-2013-2014-2015-2016-2017-2018-2019-2020
Markel Brown,-0.39940249782382997,0.26240662163826,-0.6618091194620901,2010-2011-2012-2013-2014-2015-2016-2017-2018-2019-2020
Diante Garrett,-0.11917930417676001,0.5529875857881,-0.67216688996486,2010-2011-2012-2013-2014-2015-2016-2017-2018-2019-2020
Nick Johnson,-0.77984250676184,-0.10659526889336,-0.6732472378684801,2010-2011-2012-2013-2014-2015-2016-2017-2018-2019-2020
Jarron Collins,-0.64380363836432,0.02991255893302,-0.67371619729734,2010-2011-2012-2013-2014-2015-2016-2017-2018-2019-2020
Derrick Brown,-0.46930746540332,0.20596274828131,-0.67527021368463,2010-2011-2012-2013-2014-2015-2016-2017-2018-2019-2020
Paul Zipser,-0.10312089292976001,0.57386273513259,-0.67698362806235,2010-2011-2012-2013-2014-2015-2016-2017-2018-2019-2020
Luke Babbitt,-0.47328956242053005,0.21205664642335997,-0.68534620884389,2010-2011-2012-2013-2014-2015-2016-2017-2018-2019-2020
Brandon Roy,-0.6305297207468901,0.05650364535656,-0.68703336610345,2010-2011-2012-2013-2014-2015-2016-2017-2018-2019-2020
Tiago Splitter,-2.06874433621479,-1.37952749201522,-0.6892168441995697,2010-2011-2012-2013-2014-2015-2016-2017-2018-2019-2020
D.J. Kennedy,-0.49510210278253003,0.19683542954603,-0.69193753232856,2010-2011-2012-2013-2014-2015-2016-2017-2018-2019-2020
Jabari Brown,-0.14626436088574002,0.54684084246469,-0.69310520335043,2010-2011-2012-2013-2014-2015-2016-2017-2018-2019-2020
Vander Blue,-0.14626436088574002,0.54684084246469,-0.69310520335043,2010-2011-2012-2013-2014-2015-2016-2017-2018-2019-2020
Darren Collison,-0.7655631119674701,-0.05490974491841,-0.71065336704906,2010-2011-2012-2013-2014-2015-2016-2017-2018-2019-2020
Noah Vonleh,-0.20072731251453,0.5177057936545301,-0.71843310616906,2010-2011-2012-2013-2014-2015-2016-2017-2018-2019-2020
Chris Wilcox,-0.31560171185572,0.40370551796538,-0.7193072298211001,2010-2011-2012-2013-2014-2015-2016-2017-2018-2019-2020
Keyon Dooling,-0.6784067185928601,0.05230038569108,-0.73070710428394,2010-2011-2012-2013-2014-2015-2016-2017-2018-2019-2020
Andre Drummond,0.62822705439606,1.36332383878267,-0.73509678438661,2010-2011-2012-2013-2014-2015-2016-2017-2018-2019-2020
Clint Capela,-0.54365227156594,0.19309683689468,-0.73674910846062,2010-2011-2012-2013-2014-2015-2016-2017-2018-2019-2020
DeSagana Diop,-0.6882114196706199,0.05131769259225,-0.73952911226287,2010-2011-2012-2013-2014-2015-2016-2017-2018-2019-2020
Mirza Teletovic,0.15857569329794,0.9047844489733999,-0.7462087556754599,2010-2011-2012-2013-2014-2015-2016-2017-2018-2019-2020
Boban Marjanovic,0.40979810031805,1.16887685275298,-0.75907875243493,2010-2011-2012-2013-2014-2015-2016-2017-2018-2019-2020
Aaron Gray,-0.17532161342139,0.58688936447371,-0.7622109778951,2010-2011-2012-2013-2014-2015-2016-2017-2018-2019-2020
Ryan Anderson,0.6414328726388401,1.40919603663229,-0.7677631639934499,2010-2011-2012-2013-2014-2015-2016-2017-2018-2019-2020
James Michael McAdoo,-0.6034621819664,0.17017135286065,-0.7736335348270501,2010-2011-2012-2013-2014-2015-2016-2017-2018-2019-2020
Karl-Anthony Towns,0.75364115050208,1.53159464580676,-0.7779534953046799,2010-2011-2012-2013-2014-2015-2016-2017-2018-2019-2020
Arinze Onuaku,0.03862481786395,0.8178713571644101,-0.7792465393004601,2010-2011-2012-2013-2014-2015-2016-2017-2018-2019-2020
Jason Smith,-0.38434191887465,0.39539786075295,-0.7797397796276,2010-2011-2012-2013-2014-2015-2016-2017-2018-2019-2020
Ronny Turiaf,-1.0813418953173801,-0.29721331701784,-0.7841285782995401,2010-2011-2012-2013-2014-2015-2016-2017-2018-2019-2020
Paul Pierce,-1.05474300257941,-0.26827307293456,-0.7864699296448501,2010-2011-2012-2013-2014-2015-2016-2017-2018-2019-2020
Ramon Sessions,-0.95280634067223,-0.16566954398758998,-0.7871367966846401,2010-2011-2012-2013-2014-2015-2016-2017-2018-2019-2020
Caris LeVert,-0.38736466611991,0.40878149854513,-0.79614616466504,2010-2011-2012-2013-2014-2015-2016-2017-2018-2019-2020
Cameron Payne,-0.82561212788217,-0.0269811783592,-0.79863094952297,2010-2011-2012-2013-2014-2015-2016-2017-2018-2019-2020
Marquis Teague,-0.44028654408267004,0.36008859414363,-0.8003751382263,2010-2011-2012-2013-2014-2015-2016-2017-2018-2019-2020
Terrance Ferguson,-0.012322967785810001,0.80178261321345,-0.81410558099926,2010-2011-2012-2013-2014-2015-2016-2017-2018-2019-2020
Lorenzo Brown,-0.26314462421182,0.55689136021959,-0.82003598443141,2010-2011-2012-2013-2014-2015-2016-2017-2018-2019-2020
Amar'e Stoudemire,0.88757597647588,1.7112211380952198,-0.8236451616193399,2010-2011-2012-2013-2014-2015-2016-2017-2018-2019-2020
Malcolm Miller,-0.9572702828273,-0.12841320045095,-0.8288570823763499,2010-2011-2012-2013-2014-2015-2016-2017-2018-2019-2020
Evan Fournier,-0.81932685734594,0.01690081386387,-0.8362276712098099,2010-2011-2012-2013-2014-2015-2016-2017-2018-2019-2020
Jon Leuer,-0.90549059868312,-0.06558359520908999,-0.83990700347403,2010-2011-2012-2013-2014-2015-2016-2017-2018-2019-2020
J.J. Barea,-0.05285947621069,0.7915825975387499,-0.84444207374944,2010-2011-2012-2013-2014-2015-2016-2017-2018-2019-2020
Juwan Howard,-0.15777400807133998,0.69007095317743,-0.8478449612487701,2010-2011-2012-2013-2014-2015-2016-2017-2018-2019-2020
Lucas Nogueira,-0.49050996175509,0.3702300683371,-0.8607400300921899,2010-2011-2012-2013-2014-2015-2016-2017-2018-2019-2020
Quentin Richardson,-1.42031165507288,-0.55882642487374,-0.86148523019914,2010-2011-2012-2013-2014-2015-2016-2017-2018-2019-2020
Aron Baynes,-0.70168205160773,0.16272190464331002,-0.86440395625104,2010-2011-2012-2013-2014-2015-2016-2017-2018-2019-2020
Langston Galloway,-0.1935746247223,0.67327984735654,-0.8668544720788399,2010-2011-2012-2013-2014-2015-2016-2017-2018-2019-2020
Nolan Smith,0.08048305635209,0.9527633791800401,-0.8722803228279501,2010-2011-2012-2013-2014-2015-2016-2017-2018-2019-2020
James Ennis III,0.58609877870688,1.46058872193288,-0.8744899432259999,2010-2011-2012-2013-2014-2015-2016-2017-2018-2019-2020
Daequan Cook,0.67783173593173,1.55925847476911,-0.8814267388373799,2010-2011-2012-2013-2014-2015-2016-2017-2018-2019-2020
Antonio McDyess,-0.8167061033136,0.06562264685601,-0.88232875016961,2010-2011-2012-2013-2014-2015-2016-2017-2018-2019-2020
Ian Clark,-1.08457265805952,-0.19573945659357,-0.88883320146595,2010-2011-2012-2013-2014-2015-2016-2017-2018-2019-2020
Jonah Bolden,-0.68232951486616,0.20703691027761,-0.88936642514377,2010-2011-2012-2013-2014-2015-2016-2017-2018-2019-2020
Craig Brackins,-0.43290090097668,0.4599627885718,-0.89286368954848,2010-2011-2012-2013-2014-2015-2016-2017-2018-2019-2020
Hakim Warrick,-0.31073948442606997,0.5837956683469,-0.8945351527729701,2010-2011-2012-2013-2014-2015-2016-2017-2018-2019-2020
Norris Cole,-1.04578228067662,-0.14998122495842,-0.8958010557181999,2010-2011-2012-2013-2014-2015-2016-2017-2018-2019-2020
Miles Plumlee,-0.48762130325068,0.40821046573225994,-0.8958317689829399,2010-2011-2012-2013-2014-2015-2016-2017-2018-2019-2020
Samardo Samuels,-0.5352799547014899,0.36407223824573,-0.89935219294722,2010-2011-2012-2013-2014-2015-2016-2017-2018-2019-2020
Chuck Hayes,-0.99941177074683,-0.09909849658904,-0.9003132741577901,2010-2011-2012-2013-2014-2015-2016-2017-2018-2019-2020
Sterling Brown,-0.25166196060355,0.65571507954869,-0.9073770401522401,2010-2011-2012-2013-2014-2015-2016-2017-2018-2019-2020
Darryl Watkins,-0.46434337247977,0.44936348708682006,-0.91370685956659,2010-2011-2012-2013-2014-2015-2016-2017-2018-2019-2020
Carl Landry,-0.76980220381987,0.15064819851721,-0.9204504023370801,2010-2011-2012-2013-2014-2015-2016-2017-2018-2019-2020
Dorell Wright,-0.021635844686680002,0.899133488301,-0.92076933298768,2010-2011-2012-2013-2014-2015-2016-2017-2018-2019-2020
Eric Moreland,-0.8154501789693,0.10823504288918001,-0.92368522185848,2010-2011-2012-2013-2014-2015-2016-2017-2018-2019-2020
DeAndre Jordan,0.06371434437654,0.99755887164559,-0.93384452726905,2010-2011-2012-2013-2014-2015-2016-2017-2018-2019-2020
Kendrick Perkins,-1.6421964944396499,-0.698328209949,-0.94386828449065,2010-2011-2012-2013-2014-2015-2016-2017-2018-2019-2020
Nicolas Batum,0.08079017620637,1.02868612848142,-0.94789595227505,2010-2011-2012-2013-2014-2015-2016-2017-2018-2019-2020
Johnny O'Bryant III,-0.39155110458195,0.561382507436,-0.9529336120179501,2010-2011-2012-2013-2014-2015-2016-2017-2018-2019-2020
Kurt Thomas,0.10799045681918,1.06361579757226,-0.9556253407530799,2010-2011-2012-2013-2014-2015-2016-2017-2018-2019-2020
Kirk Hinrich,-0.90453306315162,0.0534115267818,-0.95794458993342,2010-2011-2012-2013-2014-2015-2016-2017-2018-2019-2020
Chris Duhon,-0.68406636714487,0.27500166936828,-0.9590680365131501,2010-2011-2012-2013-2014-2015-2016-2017-2018-2019-2020
Xavier Munford,-0.7889699146451601,0.17234176500471,-0.9613116796498702,2010-2011-2012-2013-2014-2015-2016-2017-2018-2019-2020
Darius Morris,-0.88623564890019,0.1016353391984,-0.98787098809859,2010-2011-2012-2013-2014-2015-2016-2017-2018-2019-2020
Perry Jones III,-0.54607408667431,0.44231122213070007,-0.98838530880501,2010-2011-2012-2013-2014-2015-2016-2017-2018-2019-2020
Kevin Seraphin,-1.03598726518492,-0.038639493493730005,-0.9973477716911902,2010-2011-2012-2013-2014-2015-2016-2017-2018-2019-2020
Chase Budinger,-0.7886773069497199,0.2129347837543,-1.00161209070402,2010-2011-2012-2013-2014-2015-2016-2017-2018-2019-2020
Joe Johnson,0.20346912096875,1.21522109036523,-1.01175196939648,2010-2011-2012-2013-2014-2015-2016-2017-2018-2019-2020
Mike Bibby,-0.05319468332578001,0.98085332727026,-1.03404801059604,2010-2011-2012-2013-2014-2015-2016-2017-2018-2019-2020
Aaron Brooks,-0.50902240516979,0.5260974653306499,-1.03511987050044,2010-2011-2012-2013-2014-2015-2016-2017-2018-2019-2020
Maurice Evans,-0.98767974944546,0.05219474691021,-1.0398744963556699,2010-2011-2012-2013-2014-2015-2016-2017-2018-2019-2020
Matt Carroll,-1.49835277496037,-0.45736618331589,-1.0409865916444798,2010-2011-2012-2013-2014-2015-2016-2017-2018-2019-2020
Mickell Gladness,-0.79710260124377,0.26665969411526,-1.06376229535903,2010-2011-2012-2013-2014-2015-2016-2017-2018-2019-2020
Tim Hardaway Jr.,-1.02110443402802,0.05034388637496,-1.07144832040298,2010-2011-2012-2013-2014-2015-2016-2017-2018-2019-2020
Gerald Henderson,-0.6249076213499201,0.44953591306395,-1.07444353441387,2010-2011-2012-2013-2014-2015-2016-2017-2018-2019-2020
Donatas Motiejunas,-1.2191033440367,-0.14314589844966,-1.07595744558704,2010-2011-2012-2013-2014-2015-2016-2017-2018-2019-2020
Hasheem Thabeet,-0.7564403910887599,0.32878763617173,-1.08522802726049,2010-2011-2012-2013-2014-2015-2016-2017-2018-2019-2020
Luke Kennard,0.12556210021317,1.21136577809057,-1.0858036778774,2010-2011-2012-2013-2014-2015-2016-2017-2018-2019-2020
Spencer Dinwiddie,-0.18370657992592998,0.9076290416068901,-1.09133562153282,2010-2011-2012-2013-2014-2015-2016-2017-2018-2019-2020
Cory Higgins,-1.12410841622105,-0.028187350359219997,-1.0959210658618301,2010-2011-2012-2013-2014-2015-2016-2017-2018-2019-2020
Eric Maynor,-0.62184197060241,0.47548037991219,-1.0973223505146,2010-2011-2012-2013-2014-2015-2016-2017-2018-2019-2020
Montrezl Harrell,0.04595741111213,1.14340257424854,-1.09744516313641,2010-2011-2012-2013-2014-2015-2016-2017-2018-2019-2020
Dewayne Dedmon,-0.33785180850898,0.76541382017154,-1.10326562868052,2010-2011-2012-2013-2014-2015-2016-2017-2018-2019-2020
Isaiah Canaan,-0.52708549538757,0.5770825820647499,-1.1041680774523202,2010-2011-2012-2013-2014-2015-2016-2017-2018-2019-2020
Trevor Booker,0.05454083130655,1.16096189518878,-1.10642106388223,2010-2011-2012-2013-2014-2015-2016-2017-2018-2019-2020
Gordon Hayward,-0.7993535904408701,0.30806642107427,-1.10742001151514,2010-2011-2012-2013-2014-2015-2016-2017-2018-2019-2020
Doron Lamb,-0.57292900523715,0.54059958976133,-1.1135285949984801,2010-2011-2012-2013-2014-2015-2016-2017-2018-2019-2020
Shannon Brown,0.28092808425572,1.3967661496904,-1.11583806543468,2010-2011-2012-2013-2014-2015-2016-2017-2018-2019-2020
John Salmons,-0.84211358641891,0.28147729450959,-1.1235908809285,2010-2011-2012-2013-2014-2015-2016-2017-2018-2019-2020
Corey Brewer,-0.68091691416723,0.44410766180073,-1.12502457596796,2010-2011-2012-2013-2014-2015-2016-2017-2018-2019-2020
Kris Humphries,-0.00994574868280787,1.1199451151488,-1.1298908638316079,2010-2011-2012-2013-2014-2015-2016-2017-2018-2019-2020
Hedo Turkoglu,-1.8026188717381602,-0.66859493718174,-1.13402393455642,2010-2011-2012-2013-2014-2015-2016-2017-2018-2019-2020
Royce O'Neale,-1.21200176172914,-0.07448115325717,-1.13752060847197,2010-2011-2012-2013-2014-2015-2016-2017-2018-2019-2020
Greg Stiemsma,-0.70648524768343,0.43129924668504005,-1.13778449436847,2010-2011-2012-2013-2014-2015-2016-2017-2018-2019-2020
Daniel Orton,-1.00038421027034,0.14279583529127,-1.14318004556161,2010-2011-2012-2013-2014-2015-2016-2017-2018-2019-2020
John Henson,-0.82864478622631,0.3269731594138,-1.1556179456401101,2010-2011-2012-2013-2014-2015-2016-2017-2018-2019-2020
Al Jefferson,-0.6533444781757299,0.50718031856723,-1.1605247967429602,2010-2011-2012-2013-2014-2015-2016-2017-2018-2019-2020
Jeremy Tyler,-0.41616829827559,0.7552315040045,-1.17139980228009,2010-2011-2012-2013-2014-2015-2016-2017-2018-2019-2020
Jonathon Simmons,0.057930454972509995,1.24328349592485,-1.18535304095234,2010-2011-2012-2013-2014-2015-2016-2017-2018-2019-2020
MarShon Brooks,-0.29840177160419,0.8880830607386699,-1.1864848323428598,2010-2011-2012-2013-2014-2015-2016-2017-2018-2019-2020
Johan Petro,-0.71158882551492,0.47560066102408993,-1.18718948653901,2010-2011-2012-2013-2014-2015-2016-2017-2018-2019-2020
Jeremy Lamb,-0.7172828712746,0.49291906057345,-1.2102019318480501,2010-2011-2012-2013-2014-2015-2016-2017-2018-2019-2020
Cory Joseph,-1.7171695516638201,-0.50562494577009,-1.2115446058937303,2010-2011-2012-2013-2014-2015-2016-2017-2018-2019-2020
Gerald Green,-0.72696642325743,0.491348386495,-1.2183148097524301,2010-2011-2012-2013-2014-2015-2016-2017-2018-2019-2020
Rudy Gobert,-1.0561221345210399,0.16520653545664,-1.22132866997768,2010-2011-2012-2013-2014-2015-2016-2017-2018-2019-2020
Alonzo Gee,-1.12557983162875,0.0961492272869,-1.22172905891565,2010-2011-2012-2013-2014-2015-2016-2017-2018-2019-2020
Anthony Morrow,-0.68508451915863,0.54928233815367,-1.2343668573123,2010-2011-2012-2013-2014-2015-2016-2017-2018-2019-2020
Jordan Clarkson,-0.09043798113879,1.15135651048521,-1.2417944916239998,2010-2011-2012-2013-2014-2015-2016-2017-2018-2019-2020
Chauncey Billups,-0.003484657646438607,1.24636595103447,-1.2498506086809087,2010-2011-2012-2013-2014-2015-2016-2017-2018-2019-2020
Josh Howard,-0.77028397728988,0.49786644975398997,-1.26815042704387,2010-2011-2012-2013-2014-2015-2016-2017-2018-2019-2020
Brad Miller,-0.64897605545898,0.62442265101057,-1.2733987064695502,2010-2011-2012-2013-2014-2015-2016-2017-2018-2019-2020
Dennis Schroder,-0.50439624023915,0.77287739248915,-1.2772736327282999,2010-2011-2012-2013-2014-2015-2016-2017-2018-2019-2020
Reggie Bullock Jr.,-0.48201819618201996,0.80450397250408,-1.2865221686861,2010-2011-2012-2013-2014-2015-2016-2017-2018-2019-2020
Greg Smith,-1.08868128998829,0.21932309078898,-1.3080043807772699,2010-2011-2012-2013-2014-2015-2016-2017-2018-2019-2020
Aaron Gordon,-0.65497744699046,0.65913051526644,-1.3141079622569,2010-2011-2012-2013-2014-2015-2016-2017-2018-2019-2020
Charlie Villanueva,-0.15669768648169,1.1665672551309099,-1.3232649416125999,2010-2011-2012-2013-2014-2015-2016-2017-2018-2019-2020
Maurice Harkless,-0.30898392551651,1.0185956730146,-1.32757959853111,2010-2011-2012-2013-2014-2015-2016-2017-2018-2019-2020
Andrew Harrison,0.09369943850574,1.44070663123733,-1.34700719273159,2010-2011-2012-2013-2014-2015-2016-2017-2018-2019-2020
Darrell Arthur,-0.5277002745330001,0.82017599486719,-1.34787626940019,2010-2011-2012-2013-2014-2015-2016-2017-2018-2019-2020
Austin Rivers,-0.73290178693817,0.6273436859498,-1.36024547288797,2010-2011-2012-2013-2014-2015-2016-2017-2018-2019-2020
Baron Davis,-0.70422433981249,0.65705794783454,-1.3612822876470299,2010-2011-2012-2013-2014-2015-2016-2017-2018-2019-2020
Chandler Parsons,-0.83755449664026,0.55327896610307,-1.39083346274333,2010-2011-2012-2013-2014-2015-2016-2017-2018-2019-2020
Glen Davis,-0.8425083915609101,0.55609242022295,-1.3986008117838602,2010-2011-2012-2013-2014-2015-2016-2017-2018-2019-2020
Terrel Harris,-1.06436802044764,0.34613683293761,-1.41050485338525,2010-2011-2012-2013-2014-2015-2016-2017-2018-2019-2020
Ed Davis,-0.44315370102821,0.97892994648041,-1.42208364750862,2010-2011-2012-2013-2014-2015-2016-2017-2018-2019-2020
Kenyon Martin,-1.24148094768028,0.18442383243438001,-1.4259047801146598,2010-2011-2012-2013-2014-2015-2016-2017-2018-2019-2020
Zaza Pachulia,-0.6018877662607001,0.84382380320209,-1.44571156946279,2010-2011-2012-2013-2014-2015-2016-2017-2018-2019-2020
Kemba Walker,-0.6701519470781,0.7810122393187701,-1.45116418639687,2010-2011-2012-2013-2014-2015-2016-2017-2018-2019-2020
Monta Ellis,0.30992910279918,1.76393655286433,-1.4540074500651499,2010-2011-2012-2013-2014-2015-2016-2017-2018-2019-2020
James Jones,-0.82281403242523,0.64263392366242,-1.4654479560876499,2010-2011-2012-2013-2014-2015-2016-2017-2018-2019-2020
Dario Saric,0.25868607988213,1.73113336224618,-1.4724472823640498,2010-2011-2012-2013-2014-2015-2016-2017-2018-2019-2020
Raymond Felton,-1.74416896033126,-0.26559265308865,-1.47857630724261,2010-2011-2012-2013-2014-2015-2016-2017-2018-2019-2020
Martell Webster,-0.5509516045748201,0.9324913617071899,-1.4834429662820101,2010-2011-2012-2013-2014-2015-2016-2017-2018-2019-2020
Dahntay Jones,-1.49820542602049,-0.013800998152520002,-1.48440442786797,2010-2011-2012-2013-2014-2015-2016-2017-2018-2019-2020
Randy Foye,-1.03795193322228,0.45399277857896003,-1.49194471180124,2010-2011-2012-2013-2014-2015-2016-2017-2018-2019-2020
Willie Green,-1.26060496948351,0.24761202184985,-1.50821699133336,2010-2011-2012-2013-2014-2015-2016-2017-2018-2019-2020
Nenad Krstic,-1.33800954006985,0.18529842885586,-1.5233079689257099,2010-2011-2012-2013-2014-2015-2016-2017-2018-2019-2020
D'Angelo Russell,-0.48408450779828,1.04762106244529,-1.53170557024357,2010-2011-2012-2013-2014-2015-2016-2017-2018-2019-2020
Austin Daye,-0.50700891483976,1.03496056980604,-1.5419694846458,2010-2011-2012-2013-2014-2015-2016-2017-2018-2019-2020
Andrew Bynum,-0.67578334228077,0.92689894706588,-1.60268228934665,2010-2011-2012-2013-2014-2015-2016-2017-2018-2019-2020
Anthony Parker,-0.5939026295667701,1.0301636250257902,-1.62406625459256,2010-2011-2012-2013-2014-2015-2016-2017-2018-2019-2020
Robert Covington,-0.9427564174563,0.6925985689608,-1.6353549864171,2010-2011-2012-2013-2014-2015-2016-2017-2018-2019-2020
JJ Hickson,-0.8325253633006,0.81590409770577,-1.6484294610063697,2010-2011-2012-2013-2014-2015-2016-2017-2018-2019-2020
Joe Harris,-0.68199061717589,0.97924693354013,-1.6612375507160202,2010-2011-2012-2013-2014-2015-2016-2017-2018-2019-2020
Mason Plumlee,-1.20537323677781,0.45949960284395003,-1.6648728396217602,2010-2011-2012-2013-2014-2015-2016-2017-2018-2019-2020
Sam Young,-1.64506642442529,0.02727045980446,-1.67233688422975,2010-2011-2012-2013-2014-2015-2016-2017-2018-2019-2020
Andrew Wiggins,0.12976306050842,1.8119985104717702,-1.6822354499633503,2010-2011-2012-2013-2014-2015-2016-2017-2018-2019-2020
Jorge Gutierrez,-0.67939733517114,1.00859476354229,-1.6879920987134298,2010-2011-2012-2013-2014-2015-2016-2017-2018-2019-2020
DeAndre Liggins,-1.72456812692561,-0.004566293623418505,-1.7200018333021914,2010-2011-2012-2013-2014-2015-2016-2017-2018-2019-2020
Michael Carter-Williams,-1.7486946192436799,-0.02376980863848,-1.7249248106052,2010-2011-2012-2013-2014-2015-2016-2017-2018-2019-2020
Brandon Bass,-2.10526905539035,-0.35570278250565995,-1.74956627288469,2010-2011-2012-2013-2014-2015-2016-2017-2018-2019-2020
Kent Bazemore,-1.22019304003322,0.53591543720738,-1.7561084772405997,2010-2011-2012-2013-2014-2015-2016-2017-2018-2019-2020
Andrew Goudelock,-0.9368879323142201,0.82516620159662,-1.7620541339108402,2010-2011-2012-2013-2014-2015-2016-2017-2018-2019-2020
Tyler Hansbrough,-1.19968952222242,0.56807997924837,-1.76776950147079,2010-2011-2012-2013-2014-2015-2016-2017-2018-2019-2020
Steve Blake,-0.54745360543342,1.2248985148834202,-1.7723521203168402,2010-2011-2012-2013-2014-2015-2016-2017-2018-2019-2020
Michael Beasley,-0.88476595402885,0.9055856633387,-1.7903516173675498,2010-2011-2012-2013-2014-2015-2016-2017-2018-2019-2020
Wesley Matthews,0.69592329642215,2.50302325867519,-1.80709996225304,2010-2011-2012-2013-2014-2015-2016-2017-2018-2019-2020
Justise Winslow,-1.26272294888541,0.55158001355383,-1.81430296243924,2010-2011-2012-2013-2014-2015-2016-2017-2018-2019-2020
Wayne Ellington,-1.27077222615735,0.57255654351359,-1.8433287696709397,2010-2011-2012-2013-2014-2015-2016-2017-2018-2019-2020
Carlos Delfino,-0.32778965990648,1.5229163343535799,-1.85070599426006,2010-2011-2012-2013-2014-2015-2016-2017-2018-2019-2020
Ian Mahinmi,-2.32456280015094,-0.44577654644423004,-1.8787862537067102,2010-2011-2012-2013-2014-2015-2016-2017-2018-2019-2020
Toney Douglas,-0.49309870023552,1.4352109120108,-1.92830961224632,2010-2011-2012-2013-2014-2015-2016-2017-2018-2019-2020
Evan Turner,-2.33263750011555,-0.39489375441202,-1.93774374570353,2010-2011-2012-2013-2014-2015-2016-2017-2018-2019-2020
James Johnson,-1.7185221182043,0.22670579900011,-1.94522791720441,2010-2011-2012-2013-2014-2015-2016-2017-2018-2019-2020
Marreese Speights,-2.2191906412808797,-0.14735586846789,-2.07183477281299,2010-2011-2012-2013-2014-2015-2016-2017-2018-2019-2020
C.J. Watson,-1.47063600576942,0.60391352864658,-2.074549534416,2010-2011-2012-2013-2014-2015-2016-2017-2018-2019-2020
Marcus Thornton,-0.05536167869631,2.02216995331836,-2.07753163201467,2010-2011-2012-2013-2014-2015-2016-2017-2018-2019-2020
Marvin Williams,-1.31742392203224,0.79798729720299,-2.11541121923523,2010-2011-2012-2013-2014-2015-2016-2017-2018-2019-2020
Jamario Moon,-1.68898388262713,0.42854340848979,-2.11752729111692,2010-2011-2012-2013-2014-2015-2016-2017-2018-2019-2020
Carmelo Anthony,-0.76948879881266,1.3706272101399801,-2.14011600895264,2010-2011-2012-2013-2014-2015-2016-2017-2018-2019-2020
DeMar DeRozan,-0.24290107427291002,1.98495964103981,-2.22786071531272,2010-2011-2012-2013-2014-2015-2016-2017-2018-2019-2020
CJ Miles,0.42234380115982,2.69874221652809,-2.27639841536827,2010-2011-2012-2013-2014-2015-2016-2017-2018-2019-2020
Jeremy Lin,-1.95552842754825,0.33031210860960997,-2.2858405361578598,2010-2011-2012-2013-2014-2015-2016-2017-2018-2019-2020
Lou Amundson,-1.62284739909723,0.6732964014477401,-2.29614380054497,2010-2011-2012-2013-2014-2015-2016-2017-2018-2019-2020
Kelly Oubre Jr.,-0.57962641653781,1.73529831450547,-2.3149247310432797,2010-2011-2012-2013-2014-2015-2016-2017-2018-2019-2020
Zydrunas Ilgauskas,-1.2425785247755399,1.07318632574,-2.31576485051554,2010-2011-2012-2013-2014-2015-2016-2017-2018-2019-2020
Amir Johnson,-1.23425957023066,1.09552952686702,-2.32978909709768,2010-2011-2012-2013-2014-2015-2016-2017-2018-2019-2020
Jerami Grant,-0.39074810739340005,1.95507871001946,-2.34582681741286,2010-2011-2012-2013-2014-2015-2016-2017-2018-2019-2020
DJ White,-1.64920172818382,0.72250181615876,-2.37170354434258,2010-2011-2012-2013-2014-2015-2016-2017-2018-2019-2020
Luis Scola,-2.2556942669642597,0.16928758701021,-2.42498185397447,2010-2011-2012-2013-2014-2015-2016-2017-2018-2019-2020
Will Barton,-1.7471071994779,0.72141219755813,-2.46851939703603,2010-2011-2012-2013-2014-2015-2016-2017-2018-2019-2020
Rodney Hood,-0.34154523322693,2.1977839996965303,-2.5393292329234605,2010-2011-2012-2013-2014-2015-2016-2017-2018-2019-2020
Nikola Vucevic,-0.6989959470197801,1.84583720756284,-2.54483315458262,2010-2011-2012-2013-2014-2015-2016-2017-2018-2019-2020
Terrence Ross,-1.78019897941691,0.86959354106314,-2.6497925204800503,2010-2011-2012-2013-2014-2015-2016-2017-2018-2019-2020
Udonis Haslem,-2.35799962587786,0.36802649349653,-2.72602611937439,2010-2011-2012-2013-2014-2015-2016-2017-2018-2019-2020
Earl Clark,-1.7951395258505,0.9445826825679601,-2.7397222084184603,2010-2011-2012-2013-2014-2015-2016-2017-2018-2019-2020
Byron Mullens,-1.7851174656358701,0.9775832264165699,-2.7627006920524404,2010-2011-2012-2013-2014-2015-2016-2017-2018-2019-2020
DeShawn Stevenson,-2.42752663867167,0.35312202871983,-2.7806486673915,2010-2011-2012-2013-2014-2015-2016-2017-2018-2019-2020
Robin Lopez,-0.91706368676316,1.9351706141700402,-2.8522343009332,2010-2011-2012-2013-2014-2015-2016-2017-2018-2019-2020
D.J. Augustin,-0.9317642237007601,1.9852077817526799,-2.9169720054534403,2010-2011-2012-2013-2014-2015-2016-2017-2018-2019-2020
Brandon Jennings,-0.59188928281695,2.41098012491997,-3.00286940773692,2010-2011-2012-2013-2014-2015-2016-2017-2018-2019-2020
Caron Butler,-1.76222246324928,1.25302381459392,-3.0152462778432,2010-2011-2012-2013-2014-2015-2016-2017-2018-2019-2020
Luc Mbah a Moute,-2.18290872521942,0.96313806428513,-3.1460467895045503,2010-2011-2012-2013-2014-2015-2016-2017-2018-2019-2020
Richard Jefferson,-1.99749751775764,1.1572989147622301,-3.15479643251987,2010-2011-2012-2013-2014-2015-2016-2017-2018-2019-2020
Donald Sloan,-1.504227631821,1.6580209181674601,-3.1622485499884596,2010-2011-2012-2013-2014-2015-2016-2017-2018-2019-2020
Marco Belinelli,-1.2067375642857399,1.99677648446381,-3.20351404874955,2010-2011-2012-2013-2014-2015-2016-2017-2018-2019-2020
Delonte West,-1.8333777550114598,1.41294013549122,-3.24631789050268,2010-2011-2012-2013-2014-2015-2016-2017-2018-2019-2020
Thabo Sefolosha,-3.5998582176425797,-0.2836790290796,-3.3161791885629803,2010-2011-2012-2013-2014-2015-2016-2017-2018-2019-2020
Jeff Green,-3.0364859208753,0.28730862955355,-3.32379455042885,2010-2011-2012-2013-2014-2015-2016-2017-2018-2019-2020
