Name,Off,Def,Rapm,Season
Tim Duncan,3.82758353371647,-2.80571500334207,6.633298537058541,2002-2003-2004-2005-2006-2007-2008-2009-2010-2011-2012
LeBron James,3.9012665647202196,-2.56696353176507,6.468230096485289,2002-2003-2004-2005-2006-2007-2008-2009-2010-2011-2012
Kevin Garnett,2.24682231497267,-3.78493372269499,6.03175603766766,2002-2003-2004-2005-2006-2007-2008-2009-2010-2011-2012
Manu Ginobili,2.4241407660236,-3.38331580258577,5.80745656860937,2002-2003-2004-2005-2006-2007-2008-2009-2010-2011-2012
Anderson Varejao,1.3080947151451698,-3.1228217641677,4.43091647931287,2002-2003-2004-2005-2006-2007-2008-2009-2010-2011-2012
Jason Kidd,2.62408193468187,-1.6795768783082698,4.30365881299014,2002-2003-2004-2005-2006-2007-2008-2009-2010-2011-2012
Dwyane Wade,2.87006332971651,-1.39186938640432,4.26193271612083,2002-2003-2004-2005-2006-2007-2008-2009-2010-2011-2012
Jermaine O'Neal,1.5855739881645299,-2.64206675394465,4.22764074210918,2002-2003-2004-2005-2006-2007-2008-2009-2010-2011-2012
Danny Green,2.08635906507929,-2.05807181887341,4.1444308839527,2002-2003-2004-2005-2006-2007-2008-2009-2010-2011-2012
James Harden,3.53971471557157,-0.32481118064353004,3.8645258962151,2002-2003-2004-2005-2006-2007-2008-2009-2010-2011-2012
Tyson Chandler,2.59212397796349,-1.21374261730994,3.80586659527343,2002-2003-2004-2005-2006-2007-2008-2009-2010-2011-2012
Baron Davis,2.0718700052348797,-1.70343159395747,3.77530159919235,2002-2003-2004-2005-2006-2007-2008-2009-2010-2011-2012
Chauncey Billups,3.54562417262141,-0.18602651560304,3.73165068822445,2002-2003-2004-2005-2006-2007-2008-2009-2010-2011-2012
Nick Collison,2.25876806383934,-1.45495361286171,3.71372167670105,2002-2003-2004-2005-2006-2007-2008-2009-2010-2011-2012
Ben Wallace,-0.54159768518895,-4.11600323832422,3.57440555313527,2002-2003-2004-2005-2006-2007-2008-2009-2010-2011-2012
Lamar Odom,1.0189865781540801,-2.46611739586044,3.4851039740145193,2002-2003-2004-2005-2006-2007-2008-2009-2010-2011-2012
Josh Howard,1.23672311537754,-2.23734068576943,3.4740638011469698,2002-2003-2004-2005-2006-2007-2008-2009-2010-2011-2012
Tayshaun Prince,0.7389193934873,-2.62852621455139,3.3674456080386896,2002-2003-2004-2005-2006-2007-2008-2009-2010-2011-2012
Dirk Nowitzki,3.4795854866802998,0.12668610180911,3.35289938487119,2002-2003-2004-2005-2006-2007-2008-2009-2010-2011-2012
Jason Collins,0.49214464552298004,-2.85107867345484,3.3432233189778198,2002-2003-2004-2005-2006-2007-2008-2009-2010-2011-2012
Raja Bell,2.1220471597723103,-1.2041742859970899,3.3262214457694,2002-2003-2004-2005-2006-2007-2008-2009-2010-2011-2012
Rashard Lewis,3.7695802670467002,0.47811851000225997,3.29146175704444,2002-2003-2004-2005-2006-2007-2008-2009-2010-2011-2012
Kevin Durant,1.9233737310827,-1.35251113981004,3.2758848708927397,2002-2003-2004-2005-2006-2007-2008-2009-2010-2011-2012
Steve Nash,4.8659256232807,1.59681307708716,3.26911254619354,2002-2003-2004-2005-2006-2007-2008-2009-2010-2011-2012
Derek Fisher,1.91384888413327,-1.2983464919921999,3.21219537612547,2002-2003-2004-2005-2006-2007-2008-2009-2010-2011-2012
Shaquille O'Neal,2.65902764114513,-0.53694964475853,3.1959772859036604,2002-2003-2004-2005-2006-2007-2008-2009-2010-2011-2012
Doug Christie,-0.009321404808431822,-3.1610815881557,3.1517601833472684,2002-2003-2004-2005-2006-2007-2008-2009-2010-2011-2012
Kobe Bryant,3.28934707169266,0.16593249880381,3.1234145728888505,2002-2003-2004-2005-2006-2007-2008-2009-2010-2011-2012
Mike James,0.9251457761098499,-2.1733851516002,3.09853092771005,2002-2003-2004-2005-2006-2007-2008-2009-2010-2011-2012
David West,1.30527545312872,-1.76507489525611,3.0703503483848302,2002-2003-2004-2005-2006-2007-2008-2009-2010-2011-2012
Ray Allen,2.6800894966376902,-0.34190035186737,3.02198984850506,2002-2003-2004-2005-2006-2007-2008-2009-2010-2011-2012
Marcin Gortat,1.7039614657847197,-1.1618568584885298,2.8658183242732496,2002-2003-2004-2005-2006-2007-2008-2009-2010-2011-2012
Russell Westbrook,2.43907747186682,-0.42671036579767,2.86578783766449,2002-2003-2004-2005-2006-2007-2008-2009-2010-2011-2012
Paul George,1.54053321054123,-1.28796760249859,2.82850081303982,2002-2003-2004-2005-2006-2007-2008-2009-2010-2011-2012
Zach Randolph,2.2441791538727203,-0.535505090368,2.77968424424072,2002-2003-2004-2005-2006-2007-2008-2009-2010-2011-2012
Robert Horry,1.32459945983027,-1.40629749325572,2.73089695308599,2002-2003-2004-2005-2006-2007-2008-2009-2010-2011-2012
Eric Bledsoe,1.3351000243453501,-1.36639207135319,2.7014920956985398,2002-2003-2004-2005-2006-2007-2008-2009-2010-2011-2012
Jason Richardson,3.89975253279138,1.23616680628007,2.6635857265113096,2002-2003-2004-2005-2006-2007-2008-2009-2010-2011-2012
Jason Maxiell,1.28798793166567,-1.32729890947809,2.61528684114376,2002-2003-2004-2005-2006-2007-2008-2009-2010-2011-2012
Metta World Peace,2.03263388053267,-0.52605875594191,2.55869263647458,2002-2003-2004-2005-2006-2007-2008-2009-2010-2011-2012
Marc Gasol,0.37262246720924,-2.15768799483332,2.53031046204256,2002-2003-2004-2005-2006-2007-2008-2009-2010-2011-2012
Shawn Marion,1.46429664301722,-0.9501795234747199,2.41447616649194,2002-2003-2004-2005-2006-2007-2008-2009-2010-2011-2012
Vince Carter,1.57537545852886,-0.82103894405649,2.39641440258535,2002-2003-2004-2005-2006-2007-2008-2009-2010-2011-2012
Ty Lawson,2.00317690608016,-0.37980050552585004,2.38297741160601,2002-2003-2004-2005-2006-2007-2008-2009-2010-2011-2012
Luol Deng,0.8405893713972599,-1.47681919780611,2.3174085692033697,2002-2003-2004-2005-2006-2007-2008-2009-2010-2011-2012
Pau Gasol,2.7943514274201697,0.49467728949984,2.29967413792033,2002-2003-2004-2005-2006-2007-2008-2009-2010-2011-2012
Joel Anthony,0.75243095170882,-1.52060118361418,2.2730321353229996,2002-2003-2004-2005-2006-2007-2008-2009-2010-2011-2012
Ben Gordon,1.83756062107082,-0.35833295294017004,2.1958935740109897,2002-2003-2004-2005-2006-2007-2008-2009-2010-2011-2012
Jared Dudley,2.0405751646129002,-0.08708717083518,2.12766233544808,2002-2003-2004-2005-2006-2007-2008-2009-2010-2011-2012
Kenyon Martin,0.30920790998414,-1.8144704214673801,2.12367833145152,2002-2003-2004-2005-2006-2007-2008-2009-2010-2011-2012
Mickael Pietrus,0.6446665229569399,-1.46230757858252,2.1069741015394596,2002-2003-2004-2005-2006-2007-2008-2009-2010-2011-2012
Damon Jones,1.72677465690393,-0.32132296058937,2.0480976174933,2002-2003-2004-2005-2006-2007-2008-2009-2010-2011-2012
Chris Andersen,1.8995710199466502,-0.12648114596557,2.02605216591222,2002-2003-2004-2005-2006-2007-2008-2009-2010-2011-2012
Vlade Divac,0.011841447702579999,-2.00339405105146,2.01523549875404,2002-2003-2004-2005-2006-2007-2008-2009-2010-2011-2012
Al Harrington,-0.66644619627365,-2.6731479969183,2.00670180064465,2002-2003-2004-2005-2006-2007-2008-2009-2010-2011-2012
Lavoy Allen,0.61351618267375,-1.37827813727037,1.99179431994412,2002-2003-2004-2005-2006-2007-2008-2009-2010-2011-2012
Shane Battier,1.1002503051686798,-0.86954465013259,1.9697949553012697,2002-2003-2004-2005-2006-2007-2008-2009-2010-2011-2012
Fabricio Oberto,0.70615246003466,-1.2170695065533,1.92322196658796,2002-2003-2004-2005-2006-2007-2008-2009-2010-2011-2012
Jon Barry,1.47593480941099,-0.42593149074919,1.90186630016018,2002-2003-2004-2005-2006-2007-2008-2009-2010-2011-2012
Mike Dunleavy,1.4348114111116699,-0.43303286887116005,1.86784427998283,2002-2003-2004-2005-2006-2007-2008-2009-2010-2011-2012
Lou Williams,1.51521034503449,-0.34531458929012,1.86052493432461,2002-2003-2004-2005-2006-2007-2008-2009-2010-2011-2012
Tracy McGrady,1.5403938564864499,-0.30401832188531,1.8444121783717597,2002-2003-2004-2005-2006-2007-2008-2009-2010-2011-2012
Rajon Rondo,0.12436419666138,-1.69935756676058,1.82372176342196,2002-2003-2004-2005-2006-2007-2008-2009-2010-2011-2012
Gilbert Arenas,1.9778642285337,0.17759279996273,1.8002714285709698,2002-2003-2004-2005-2006-2007-2008-2009-2010-2011-2012
Antonio Daniels,2.34647863461222,0.55775962000193,1.78871901461029,2002-2003-2004-2005-2006-2007-2008-2009-2010-2011-2012
Jason Thompson,2.2263275061425,0.46484725071725996,1.76148025542524,2002-2003-2004-2005-2006-2007-2008-2009-2010-2011-2012
Dee Brown,0.69391471799055,-1.0505493595775401,1.74446407756809,2002-2003-2004-2005-2006-2007-2008-2009-2010-2011-2012
Antoine Walker,0.37665910042719,-1.36253934450721,1.7391984449343998,2002-2003-2004-2005-2006-2007-2008-2009-2010-2011-2012
Taj Gibson,-1.5209823494977,-3.25429674137007,1.7333143918723697,2002-2003-2004-2005-2006-2007-2008-2009-2010-2011-2012
Boris Diaw,1.4502336500697302,-0.26915792151607,1.7193915715858001,2002-2003-2004-2005-2006-2007-2008-2009-2010-2011-2012
Derrick Coleman,0.98798086742914,-0.7205718121151999,1.7085526795443402,2002-2003-2004-2005-2006-2007-2008-2009-2010-2011-2012
Scot Pollard,0.7386501639138,-0.9344486514367201,1.67309881535052,2002-2003-2004-2005-2006-2007-2008-2009-2010-2011-2012
Corey Brewer,0.49256912751723003,-1.1531924981077402,1.64576162562497,2002-2003-2004-2005-2006-2007-2008-2009-2010-2011-2012
Courtney Lee,1.1874223457961999,-0.43226922194648,1.6196915677426802,2002-2003-2004-2005-2006-2007-2008-2009-2010-2011-2012
Corey Maggette,1.34055134702533,-0.26407861000293,1.6046299570282598,2002-2003-2004-2005-2006-2007-2008-2009-2010-2011-2012
Ronnie Brewer,-0.21487520955657002,-1.8150784595632599,1.6002032500066896,2002-2003-2004-2005-2006-2007-2008-2009-2010-2011-2012
Brendan Haywood,1.55169077737256,-0.0475973944322,1.5992881718047598,2002-2003-2004-2005-2006-2007-2008-2009-2010-2011-2012
Channing Frye,2.2431059425522397,0.64393237957517,1.5991735629770698,2002-2003-2004-2005-2006-2007-2008-2009-2010-2011-2012
Sam Cassell,1.65468380938733,0.07529421631001999,1.5793895930773099,2002-2003-2004-2005-2006-2007-2008-2009-2010-2011-2012
Kevin Martin,2.04149107998255,0.52040305131804,1.5210880286645099,2002-2003-2004-2005-2006-2007-2008-2009-2010-2011-2012
Tony Parker,1.75709406056311,0.25409250721838,1.50300155334473,2002-2003-2004-2005-2006-2007-2008-2009-2010-2011-2012
Reggie Evans,-0.13279762942748,-1.6318016150872399,1.49900398565976,2002-2003-2004-2005-2006-2007-2008-2009-2010-2011-2012
Blake Griffin,0.88140698785725,-0.61419500028883,1.49560198814608,2002-2003-2004-2005-2006-2007-2008-2009-2010-2011-2012
Rasheed Wallace,0.79393488687215,-0.69895512993918,1.49289001681133,2002-2003-2004-2005-2006-2007-2008-2009-2010-2011-2012
Peja Stojakovic,1.77506696182608,0.28852247259505,1.48654448923103,2002-2003-2004-2005-2006-2007-2008-2009-2010-2011-2012
Roy Hibbert,0.76943164297737,-0.70517160657392,1.47460324955129,2002-2003-2004-2005-2006-2007-2008-2009-2010-2011-2012
Andre Iguodala,0.40178137897855004,-1.07191191160769,1.47369329058624,2002-2003-2004-2005-2006-2007-2008-2009-2010-2011-2012
Elton Brand,1.1177591550424,-0.34838155554853,1.46614071059093,2002-2003-2004-2005-2006-2007-2008-2009-2010-2011-2012
T.J. Ford,2.2359160375785203,0.77709944341626,1.4588165941622602,2002-2003-2004-2005-2006-2007-2008-2009-2010-2011-2012
Scott Padgett,0.96347546154658,-0.48617587665412004,1.4496513382007001,2002-2003-2004-2005-2006-2007-2008-2009-2010-2011-2012
Dwight Howard,0.73010325607971,-0.70850873076301,1.43861198684272,2002-2003-2004-2005-2006-2007-2008-2009-2010-2011-2012
Derrick Favors,0.38287835225744,-1.05464459370374,1.43752294596118,2002-2003-2004-2005-2006-2007-2008-2009-2010-2011-2012
Joakim Noah,1.3478751146902,-0.07343100556961,1.42130612025981,2002-2003-2004-2005-2006-2007-2008-2009-2010-2011-2012
Todd MacCulloch,1.34265177377172,-0.06534385481305,1.4079956285847701,2002-2003-2004-2005-2006-2007-2008-2009-2010-2011-2012
Ryan Bowen,1.2459068904791,-0.15707289450606002,1.40297978498516,2002-2003-2004-2005-2006-2007-2008-2009-2010-2011-2012
Kyrylo Fesenko,0.5032936034876501,-0.89669470427782,1.39998830776547,2002-2003-2004-2005-2006-2007-2008-2009-2010-2011-2012
Eddie Jones,0.06101341712773,-1.32374569781385,1.38475911494158,2002-2003-2004-2005-2006-2007-2008-2009-2010-2011-2012
Nick Van Exel,1.38545171877931,0.004185300256141474,1.3812664185231687,2002-2003-2004-2005-2006-2007-2008-2009-2010-2011-2012
Jeff Teague,1.44094159731413,0.07324360140236,1.36769799591177,2002-2003-2004-2005-2006-2007-2008-2009-2010-2011-2012
Greg Oden,0.26075323061069,-1.0596442754917799,1.32039750610247,2002-2003-2004-2005-2006-2007-2008-2009-2010-2011-2012
Alonzo Mourning,0.7348138558481799,-0.5757884902624401,1.31060234611062,2002-2003-2004-2005-2006-2007-2008-2009-2010-2011-2012
Avery Bradley,0.5888635349729501,-0.71333674266699,1.3022002776399402,2002-2003-2004-2005-2006-2007-2008-2009-2010-2011-2012
Nene,0.70627042121632,-0.58760681388897,1.29387723510529,2002-2003-2004-2005-2006-2007-2008-2009-2010-2011-2012
Tony Delk,0.9663807380450499,-0.31989550690325996,1.28627624494831,2002-2003-2004-2005-2006-2007-2008-2009-2010-2011-2012
Eric Williams,-0.22873109179586001,-1.50811339395874,1.2793823021628798,2002-2003-2004-2005-2006-2007-2008-2009-2010-2011-2012
George Lynch,-0.29338751468108,-1.55413499472853,1.26074748004745,2002-2003-2004-2005-2006-2007-2008-2009-2010-2011-2012
Goran Dragic,1.48539788486702,0.22563101958125,1.25976686528577,2002-2003-2004-2005-2006-2007-2008-2009-2010-2011-2012
Al Jefferson,0.5900846698692299,-0.66215660475399,1.2522412746232199,2002-2003-2004-2005-2006-2007-2008-2009-2010-2011-2012
Paul Pierce,1.0683497664578,-0.17445069451892,1.24280046097672,2002-2003-2004-2005-2006-2007-2008-2009-2010-2011-2012
Joe Johnson,0.43868288554109,-0.7891264153237401,1.22780930086483,2002-2003-2004-2005-2006-2007-2008-2009-2010-2011-2012
Carlos Boozer,1.58586566038628,0.38699566196501,1.1988699984212698,2002-2003-2004-2005-2006-2007-2008-2009-2010-2011-2012
Tony Allen,0.31342711513356,-0.86614959610028,1.17957671123384,2002-2003-2004-2005-2006-2007-2008-2009-2010-2011-2012
Shelvin Mack,0.33139251434845,-0.83576623042745,1.1671587447759,2002-2003-2004-2005-2006-2007-2008-2009-2010-2011-2012
Paul Millsap,0.77865257976101,-0.38198334042584003,1.1606359201868501,2002-2003-2004-2005-2006-2007-2008-2009-2010-2011-2012
Arvydas Sabonis,0.82791456091913,-0.33264195282733,1.16055651374646,2002-2003-2004-2005-2006-2007-2008-2009-2010-2011-2012
Mario Chalmers,0.10220152756688002,-1.05596148952314,1.15816301709002,2002-2003-2004-2005-2006-2007-2008-2009-2010-2011-2012
Beno Udrih,-0.45406489364857,-1.6119882900786298,1.15792339643006,2002-2003-2004-2005-2006-2007-2008-2009-2010-2011-2012
Allen Iverson,1.26414597745575,0.11581244291032,1.1483335345454302,2002-2003-2004-2005-2006-2007-2008-2009-2010-2011-2012
Kenny Anderson,-0.02736381569108,-1.1695855423305601,1.14222172663948,2002-2003-2004-2005-2006-2007-2008-2009-2010-2011-2012
Andrei Kirilenko,1.8533610621196202,0.72390633606756,1.12945472605206,2002-2003-2004-2005-2006-2007-2008-2009-2010-2011-2012
Devean George,-0.30187330713888,-1.42652914557946,1.1246558384405798,2002-2003-2004-2005-2006-2007-2008-2009-2010-2011-2012
Matt Barnes,1.1109819771499698,-0.012273313554610001,1.1232552907045799,2002-2003-2004-2005-2006-2007-2008-2009-2010-2011-2012
Glenn Robinson,0.36580958577164,-0.74692922427026,1.1127388100419,2002-2003-2004-2005-2006-2007-2008-2009-2010-2011-2012
Tarence Kinsey,0.84579018945338,-0.24700660759468,1.0927967970480599,2002-2003-2004-2005-2006-2007-2008-2009-2010-2011-2012
Carl Landry,-0.43653305162509004,-1.50461058296454,1.06807753133945,2002-2003-2004-2005-2006-2007-2008-2009-2010-2011-2012
Amar'e Stoudemire,2.29284685513187,1.2325247989858301,1.0603220561460398,2002-2003-2004-2005-2006-2007-2008-2009-2010-2011-2012
DeMarcus Cousins,1.65826232848868,0.59968016105652,1.0585821674321598,2002-2003-2004-2005-2006-2007-2008-2009-2010-2011-2012
Damon Stoudamire,0.84654259126141,-0.1890107534597,1.03555334472111,2002-2003-2004-2005-2006-2007-2008-2009-2010-2011-2012
Spencer Hawes,0.97208983815344,-0.05339894709333,1.02548878524677,2002-2003-2004-2005-2006-2007-2008-2009-2010-2011-2012
Trevor Ariza,0.24546537326263002,-0.76732677108155,1.01279214434418,2002-2003-2004-2005-2006-2007-2008-2009-2010-2011-2012
David Robinson,-0.22634996522156997,-1.23245539863347,1.0061054334119,2002-2003-2004-2005-2006-2007-2008-2009-2010-2011-2012
Sasha Vujacic,0.54783037520141,-0.42493108089027,0.97276145609168,2002-2003-2004-2005-2006-2007-2008-2009-2010-2011-2012
Walter McCarty,0.73154894583081,-0.23980843412018,0.97135737995099,2002-2003-2004-2005-2006-2007-2008-2009-2010-2011-2012
Hamed Haddadi,0.69469452023657,-0.27631268324197,0.9710072034785401,2002-2003-2004-2005-2006-2007-2008-2009-2010-2011-2012
George Hill,0.85662196606751,-0.11295111733937999,0.9695730834068901,2002-2003-2004-2005-2006-2007-2008-2009-2010-2011-2012
Derrick Rose,0.83323474211293,-0.13509513851547,0.9683298806284,2002-2003-2004-2005-2006-2007-2008-2009-2010-2011-2012
JJ Redick,0.22834099148355,-0.7348458921830601,0.96318688366661,2002-2003-2004-2005-2006-2007-2008-2009-2010-2011-2012
Antawn Jamison,2.49063414884801,1.54871811543252,0.9419160334154899,2002-2003-2004-2005-2006-2007-2008-2009-2010-2011-2012
Walter Herrmann,0.28383008308863,-0.65547680163021,0.93930688471884,2002-2003-2004-2005-2006-2007-2008-2009-2010-2011-2012
Jan Vesely,0.2810912644697,-0.6549817137647099,0.9360729782344099,2002-2003-2004-2005-2006-2007-2008-2009-2010-2011-2012
James Anderson,1.34179015539565,0.40865788305153,0.9331322723441199,2002-2003-2004-2005-2006-2007-2008-2009-2010-2011-2012
Rodrigue Beaubois,0.2476706085457,-0.67909024163127,0.9267608501769701,2002-2003-2004-2005-2006-2007-2008-2009-2010-2011-2012
Dan Majerle,0.17255711727614,-0.75366136387925,0.92621848115539,2002-2003-2004-2005-2006-2007-2008-2009-2010-2011-2012
James Posey,-0.19352375118365,-1.11056726990303,0.91704351871938,2002-2003-2004-2005-2006-2007-2008-2009-2010-2011-2012
Tariq Abdul-Wahad,-0.07125086227463999,-0.98154238090361,0.9102915186289701,2002-2003-2004-2005-2006-2007-2008-2009-2010-2011-2012
Deron Williams,2.4068273258339,1.49921828011218,0.90760904572172,2002-2003-2004-2005-2006-2007-2008-2009-2010-2011-2012
Keith Bogans,-0.021398651420060002,-0.92822466223166,0.9068260108116001,2002-2003-2004-2005-2006-2007-2008-2009-2010-2011-2012
John Wall,0.08306669143223,-0.81680332845851,0.8998700198907399,2002-2003-2004-2005-2006-2007-2008-2009-2010-2011-2012
Walt Williams,0.20542974524052998,-0.69026059932202,0.89569034456255,2002-2003-2004-2005-2006-2007-2008-2009-2010-2011-2012
Tim Thomas,2.43108336925551,1.53867098294803,0.89241238630748,2002-2003-2004-2005-2006-2007-2008-2009-2010-2011-2012
Mike Conley,0.61898242583798,-0.27094958395212,0.8899320097901,2002-2003-2004-2005-2006-2007-2008-2009-2010-2011-2012
Quincy Lewis,-0.37348853773755003,-1.26228002762523,0.88879148988768,2002-2003-2004-2005-2006-2007-2008-2009-2010-2011-2012
Kyle Korver,1.35902677809511,0.49006871393915996,0.86895806415595,2002-2003-2004-2005-2006-2007-2008-2009-2010-2011-2012
Morris Almond,0.14263897078972998,-0.7206840258653601,0.8633229966550902,2002-2003-2004-2005-2006-2007-2008-2009-2010-2011-2012
Daniel Gibson,0.39628876520971,-0.45524455107238,0.85153331628209,2002-2003-2004-2005-2006-2007-2008-2009-2010-2011-2012
Morris Peterson,1.4196367887127102,0.5687511883318299,0.8508856003808801,2002-2003-2004-2005-2006-2007-2008-2009-2010-2011-2012
Troy Murphy,0.8854640732786001,0.03776979314415,0.84769428013445,2002-2003-2004-2005-2006-2007-2008-2009-2010-2011-2012
Jimmy Butler,0.18760737145721001,-0.6593437790690899,0.8469511505263001,2002-2003-2004-2005-2006-2007-2008-2009-2010-2011-2012
Kendrick Perkins,-0.8428471223956799,-1.68722026554473,0.8443731431490501,2002-2003-2004-2005-2006-2007-2008-2009-2010-2011-2012
Jalen Rose,1.37961909636617,0.54711583265883,0.8325032637073401,2002-2003-2004-2005-2006-2007-2008-2009-2010-2011-2012
Cartier Martin,0.10382916266395001,-0.72469714373768,0.82852630640163,2002-2003-2004-2005-2006-2007-2008-2009-2010-2011-2012
Jameer Nelson,1.0841848109874601,0.26040478536476996,0.82378002562269,2002-2003-2004-2005-2006-2007-2008-2009-2010-2011-2012
Jason Smith,1.18703477577715,0.36760413754463,0.8194306382325199,2002-2003-2004-2005-2006-2007-2008-2009-2010-2011-2012
Danilo Gallinari,0.97605594047168,0.15767101860437,0.81838492186731,2002-2003-2004-2005-2006-2007-2008-2009-2010-2011-2012
Josh Boone,0.68762889800993,-0.10839685510218,0.79602575311211,2002-2003-2004-2005-2006-2007-2008-2009-2010-2011-2012
David Lee,0.96495475740492,0.17042096168086,0.7945337957240599,2002-2003-2004-2005-2006-2007-2008-2009-2010-2011-2012
Carmelo Anthony,1.86682046899933,1.07714458659395,0.7896758824053799,2002-2003-2004-2005-2006-2007-2008-2009-2010-2011-2012
Bobby Simmons,0.75734279149754,-0.032059994882989995,0.78940278638053,2002-2003-2004-2005-2006-2007-2008-2009-2010-2011-2012
E'Twaun Moore,-0.5704193024641799,-1.35965619841934,0.7892368959551601,2002-2003-2004-2005-2006-2007-2008-2009-2010-2011-2012
Shawn Kemp,0.06419959072455,-0.71078239851406,0.7749819892386101,2002-2003-2004-2005-2006-2007-2008-2009-2010-2011-2012
Kawhi Leonard,0.74239237113533,-0.03153519330771,0.77392756444304,2002-2003-2004-2005-2006-2007-2008-2009-2010-2011-2012
Bonzi Wells,0.7914232676342101,0.021246091143170002,0.77017717649104,2002-2003-2004-2005-2006-2007-2008-2009-2010-2011-2012
Jerome Moiso,-0.06976259091028,-0.83902705430701,0.7692644633967299,2002-2003-2004-2005-2006-2007-2008-2009-2010-2011-2012
Chris Wright,0.24095514535884002,-0.5166113852131,0.75756653057194,2002-2003-2004-2005-2006-2007-2008-2009-2010-2011-2012
Kosta Koufos,0.41360204123228,-0.34250008548575,0.75610212671803,2002-2003-2004-2005-2006-2007-2008-2009-2010-2011-2012
Mike Bibby,2.29696616680979,1.54861008750002,0.7483560793097699,2002-2003-2004-2005-2006-2007-2008-2009-2010-2011-2012
Jerry Stackhouse,0.7906697884117899,0.05635428157286,0.7343155068389299,2002-2003-2004-2005-2006-2007-2008-2009-2010-2011-2012
Chris Bosh,-0.006388399518976367,-0.73712698981264,0.7307385902936636,2002-2003-2004-2005-2006-2007-2008-2009-2010-2011-2012
Brad Miller,0.11101246968378001,-0.61915344133368,0.73016591101746,2002-2003-2004-2005-2006-2007-2008-2009-2010-2011-2012
JaVale McGee,0.8065118520280801,0.0775856027817,0.72892624924638,2002-2003-2004-2005-2006-2007-2008-2009-2010-2011-2012
Marquis Daniels,-0.70882766623795,-1.4242877722068998,0.7154601059689499,2002-2003-2004-2005-2006-2007-2008-2009-2010-2011-2012
Chris Singleton,-0.28701674540419,-0.99666726510577,0.7096505197015801,2002-2003-2004-2005-2006-2007-2008-2009-2010-2011-2012
Anthony Johnson,-0.13595258897047,-0.8330019254764099,0.6970493365059399,2002-2003-2004-2005-2006-2007-2008-2009-2010-2011-2012
Chris Duhon,-0.20944186209409998,-0.9064343132625,0.6969924511684,2002-2003-2004-2005-2006-2007-2008-2009-2010-2011-2012
Bracey Wright,0.51550570519193,-0.17960902008588,0.69511472527781,2002-2003-2004-2005-2006-2007-2008-2009-2010-2011-2012
Andris Biedrins,0.57263625258908,-0.11844427412056,0.6910805267096399,2002-2003-2004-2005-2006-2007-2008-2009-2010-2011-2012
Kendall Gill,0.09236190087049,-0.59845558704041,0.6908174879109,2002-2003-2004-2005-2006-2007-2008-2009-2010-2011-2012
Josh Harrellson,0.16972727400511,-0.51997280162104,0.68970007562615,2002-2003-2004-2005-2006-2007-2008-2009-2010-2011-2012
Orien Greene,-0.5259556620702,-1.21530485622031,0.68934919415011,2002-2003-2004-2005-2006-2007-2008-2009-2010-2011-2012
Kyle Weaver,0.31511859234072,-0.36900446926865,0.6841230616093701,2002-2003-2004-2005-2006-2007-2008-2009-2010-2011-2012
Matt Harpring,1.31027776426894,0.62697514264487,0.68330262162407,2002-2003-2004-2005-2006-2007-2008-2009-2010-2011-2012
Brian Scalabrine,0.8296304364871899,0.14825452138408,0.6813759151031099,2002-2003-2004-2005-2006-2007-2008-2009-2010-2011-2012
Bobby Jackson,-0.0433585028929,-0.71707217358817,0.67371367069527,2002-2003-2004-2005-2006-2007-2008-2009-2010-2011-2012
Monty Williams,0.20089985023944998,-0.46730720186111996,0.66820705210057,2002-2003-2004-2005-2006-2007-2008-2009-2010-2011-2012
Kyrie Irving,0.51291344441806,-0.15420877770159,0.66712222211965,2002-2003-2004-2005-2006-2007-2008-2009-2010-2011-2012
Brian Cook,0.57853468181788,-0.08222956394465,0.66076424576253,2002-2003-2004-2005-2006-2007-2008-2009-2010-2011-2012
Travis Diener,0.49661153107601,-0.16058031640788,0.65719184748389,2002-2003-2004-2005-2006-2007-2008-2009-2010-2011-2012
Ervin Johnson,-0.09123881767431,-0.74719966356038,0.65596084588607,2002-2003-2004-2005-2006-2007-2008-2009-2010-2011-2012
Richard Hamilton,-0.005761952966751372,-0.66163195876154,0.6558700057947886,2002-2003-2004-2005-2006-2007-2008-2009-2010-2011-2012
Omar Cook,0.41093751871574996,-0.22186467770093998,0.63280219641669,2002-2003-2004-2005-2006-2007-2008-2009-2010-2011-2012
Dan Gadzuric,-0.55432058628783,-1.18524830482904,0.63092771854121,2002-2003-2004-2005-2006-2007-2008-2009-2010-2011-2012
Shaun Livingston,-0.14059855655931,-0.76227164526812,0.6216730887088099,2002-2003-2004-2005-2006-2007-2008-2009-2010-2011-2012
Rafael Araujo,0.36640029520118,-0.25469095332324,0.62109124852442,2002-2003-2004-2005-2006-2007-2008-2009-2010-2011-2012
Jay Williams,0.43780802993471,-0.18307442601069002,0.6208824559454,2002-2003-2004-2005-2006-2007-2008-2009-2010-2011-2012
Antonio Burks,0.22134110344385,-0.39643959049238,0.61778069393623,2002-2003-2004-2005-2006-2007-2008-2009-2010-2011-2012
Speedy Claxton,-1.37571197309777,-1.99206946274963,0.61635748965186,2002-2003-2004-2005-2006-2007-2008-2009-2010-2011-2012
Patrick O'Bryant,0.31349686199675997,-0.29973825440383,0.61323511640059,2002-2003-2004-2005-2006-2007-2008-2009-2010-2011-2012
Jared Reiner,0.51051952500523,-0.10012107515447,0.6106406001597,2002-2003-2004-2005-2006-2007-2008-2009-2010-2011-2012
Daniel Ewing,0.20686467501738,-0.40105106092501003,0.60791573594239,2002-2003-2004-2005-2006-2007-2008-2009-2010-2011-2012
Jamaal Tinsley,0.03996213544807,-0.56698257180632,0.60694470725439,2002-2003-2004-2005-2006-2007-2008-2009-2010-2011-2012
Mengke Bateer,0.08104411212484,-0.52455044610433,0.60559455822917,2002-2003-2004-2005-2006-2007-2008-2009-2010-2011-2012
Gordan Giricek,-0.56348645338479,-1.16831251448547,0.60482606110068,2002-2003-2004-2005-2006-2007-2008-2009-2010-2011-2012
Clar. Weatherspoon,0.44614749703181,-0.15620548143867,0.60235297847048,2002-2003-2004-2005-2006-2007-2008-2009-2010-2011-2012
Stephen Jackson,0.92878406828955,0.32930888058602004,0.5994751877035299,2002-2003-2004-2005-2006-2007-2008-2009-2010-2011-2012
Chris Johnson,0.12093759501581999,-0.47428452265511,0.5952221176709299,2002-2003-2004-2005-2006-2007-2008-2009-2010-2011-2012
Ivan Johnson,-0.45733257624475,-1.05196016829056,0.5946275920458101,2002-2003-2004-2005-2006-2007-2008-2009-2010-2011-2012
Jason Terry,2.3072438195956,1.71597493803879,0.5912688815568099,2002-2003-2004-2005-2006-2007-2008-2009-2010-2011-2012
Ben Uzoh,-0.32327726492185005,-0.90890793342639,0.5856306685045399,2002-2003-2004-2005-2006-2007-2008-2009-2010-2011-2012
Luke Walton,0.27260001789364996,-0.30069561630385,0.5732956341975,2002-2003-2004-2005-2006-2007-2008-2009-2010-2011-2012
Mo Williams,1.73747497731641,1.16818942620017,0.56928555111624,2002-2003-2004-2005-2006-2007-2008-2009-2010-2011-2012
Latrell Sprewell,0.53962995368456,-0.02810807256607,0.5677380262506301,2002-2003-2004-2005-2006-2007-2008-2009-2010-2011-2012
Kerry Kittles,-0.73874286336188,-1.2941364752726499,0.55539361191077,2002-2003-2004-2005-2006-2007-2008-2009-2010-2011-2012
Aaron Gray,0.66281076099556,0.11024882340332999,0.55256193759223,2002-2003-2004-2005-2006-2007-2008-2009-2010-2011-2012
Dwayne Jones,-0.47043107162882003,-1.0131318608422601,0.54270078921344,2002-2003-2004-2005-2006-2007-2008-2009-2010-2011-2012
Anthony Carter,0.54042573382612,0.007574272980228101,0.5328514608458919,2002-2003-2004-2005-2006-2007-2008-2009-2010-2011-2012
Alan Anderson,-1.1176246380056498,-1.6447378930354102,0.5271132550297603,2002-2003-2004-2005-2006-2007-2008-2009-2010-2011-2012
Grant Hill,1.1585323144980402,0.6415047622655999,0.5170275522324401,2002-2003-2004-2005-2006-2007-2008-2009-2010-2011-2012
Chris Paul,1.6109151996102502,1.09612031693039,0.5147948826798601,2002-2003-2004-2005-2006-2007-2008-2009-2010-2011-2012
Dikembe Mutombo,0.47696085405952005,-0.03755186048172,0.51451271454124,2002-2003-2004-2005-2006-2007-2008-2009-2010-2011-2012
Jamaal Magloire,1.16880797854642,0.65806296963058,0.51074500891584,2002-2003-2004-2005-2006-2007-2008-2009-2010-2011-2012
Shelden Williams,0.27501226561294,-0.23149885604424,0.50651112165718,2002-2003-2004-2005-2006-2007-2008-2009-2010-2011-2012
LaPhonso Ellis,0.50093530597484,-0.0011675886530542689,0.5021028946278943,2002-2003-2004-2005-2006-2007-2008-2009-2010-2011-2012
Darius Miles,0.30922234869278,-0.18347239672579999,0.49269474541858,2002-2003-2004-2005-2006-2007-2008-2009-2010-2011-2012
Wilson Chandler,-0.04820287083176,-0.54004084248201,0.49183797165025,2002-2003-2004-2005-2006-2007-2008-2009-2010-2011-2012
John Lucas III,-0.7969295427573899,-1.27919155667601,0.48226201391862006,2002-2003-2004-2005-2006-2007-2008-2009-2010-2011-2012
Ndudi Ebi,0.20437566442618,-0.27714061929382,0.48151628372,2002-2003-2004-2005-2006-2007-2008-2009-2010-2011-2012
Andrew Bogut,1.43454609434548,0.9596935053637901,0.4748525889816899,2002-2003-2004-2005-2006-2007-2008-2009-2010-2011-2012
Kenneth Faried,0.9243552117642699,0.45164528316207,0.47270992860219996,2002-2003-2004-2005-2006-2007-2008-2009-2010-2011-2012
Ansu Sesay,0.46401205428661,-0.007389583935290429,0.47140163822190045,2002-2003-2004-2005-2006-2007-2008-2009-2010-2011-2012
Nate Robinson,0.70546741319802,0.23436192707063003,0.47110548612738995,2002-2003-2004-2005-2006-2007-2008-2009-2010-2011-2012
Voshon Lenard,0.51190366763965,0.044856892045419997,0.46704677559423,2002-2003-2004-2005-2006-2007-2008-2009-2010-2011-2012
Fred Hoiberg,-0.61243916616506,-1.07746489044609,0.46502572428103,2002-2003-2004-2005-2006-2007-2008-2009-2010-2011-2012
Patty Mills,0.55468512099214,0.09749179808925,0.45719332290289005,2002-2003-2004-2005-2006-2007-2008-2009-2010-2011-2012
Tony Battie,-0.41077704639346,-0.86783322902433,0.45705618263087,2002-2003-2004-2005-2006-2007-2008-2009-2010-2011-2012
Josh McRoberts,0.54285865144743,0.08647193058237,0.45638672086505994,2002-2003-2004-2005-2006-2007-2008-2009-2010-2011-2012
Thomas Gardner,0.1180627823543,-0.33759852734309,0.45566130969739005,2002-2003-2004-2005-2006-2007-2008-2009-2010-2011-2012
Ike Diogu,-0.02158520447714,-0.47537199922280005,0.45378679474566,2002-2003-2004-2005-2006-2007-2008-2009-2010-2011-2012
Keon Clark,0.46061210224445,0.008137675350343815,0.4524744268941062,2002-2003-2004-2005-2006-2007-2008-2009-2010-2011-2012
Steven Hunter,0.80587880294307,0.35730170681424,0.44857709612883,2002-2003-2004-2005-2006-2007-2008-2009-2010-2011-2012
Robert Traylor,0.04474284484114,-0.39966629644852,0.44440914128965997,2002-2003-2004-2005-2006-2007-2008-2009-2010-2011-2012
Jeff Ayres,0.45588414143485,0.01317856883001,0.44270557260484,2002-2003-2004-2005-2006-2007-2008-2009-2010-2011-2012
Vladimir Radmanovic,0.91755875182018,0.48445084076626,0.43310791105392,2002-2003-2004-2005-2006-2007-2008-2009-2010-2011-2012
Greg Ostertag,-0.33427251283209,-0.7638999979194501,0.42962748508736,2002-2003-2004-2005-2006-2007-2008-2009-2010-2011-2012
Kevin Ollie,-0.56777276937159,-0.9940940642856799,0.42632129491408993,2002-2003-2004-2005-2006-2007-2008-2009-2010-2011-2012
Bobby Jones,0.46692828840795,0.058627897483899995,0.40830039092404996,2002-2003-2004-2005-2006-2007-2008-2009-2010-2011-2012
Ekpe Udoh,0.06794658565317001,-0.34019163223216,0.40813821788533,2002-2003-2004-2005-2006-2007-2008-2009-2010-2011-2012
Bo Outlaw,-0.5168536405802799,-0.91860687517941,0.40175323459913,2002-2003-2004-2005-2006-2007-2008-2009-2010-2011-2012
Isaiah Thomas,1.00335929183399,0.60280827352161,0.40055101831237994,2002-2003-2004-2005-2006-2007-2008-2009-2010-2011-2012
O.J. Mayo,0.69022154075328,0.2939674646878,0.39625407606548,2002-2003-2004-2005-2006-2007-2008-2009-2010-2011-2012
Darius Songaila,0.50316006760791,0.10829723079207,0.39486283681583995,2002-2003-2004-2005-2006-2007-2008-2009-2010-2011-2012
Jordan Crawford,0.19486933763194,-0.19991171745505,0.39478105508698996,2002-2003-2004-2005-2006-2007-2008-2009-2010-2011-2012
Steven Smith,-1.20384846035164,-1.5974522491045002,0.39360378875286006,2002-2003-2004-2005-2006-2007-2008-2009-2010-2011-2012
Donyell Marshall,0.38366999857474005,-0.006822483354881866,0.3904924819296219,2002-2003-2004-2005-2006-2007-2008-2009-2010-2011-2012
Andre Owens,0.27997063743651,-0.10958796006119,0.3895585974977,2002-2003-2004-2005-2006-2007-2008-2009-2010-2011-2012
Shareef Abdur-Rahim,0.51414843653711,0.13168267464635,0.38246576189076,2002-2003-2004-2005-2006-2007-2008-2009-2010-2011-2012
Christian Eyenga,0.210062099766,-0.1658031720951,0.3758652718611,2002-2003-2004-2005-2006-2007-2008-2009-2010-2011-2012
Cuttino Mobley,-0.40811003168783005,-0.77963402087345,0.37152398918561996,2002-2003-2004-2005-2006-2007-2008-2009-2010-2011-2012
Javaris Crittenton,0.29894244698048,-0.07016150968532,0.36910395666580004,2002-2003-2004-2005-2006-2007-2008-2009-2010-2011-2012
Shawne Williams,0.58957319456763,0.23296713222268,0.35660606234494996,2002-2003-2004-2005-2006-2007-2008-2009-2010-2011-2012
Tyreke Evans,1.42447420071324,1.06836155408714,0.3561126466261,2002-2003-2004-2005-2006-2007-2008-2009-2010-2011-2012
Olumide Oyedeji,0.15579274257112,-0.18786782279727,0.34366056536839,2002-2003-2004-2005-2006-2007-2008-2009-2010-2011-2012
Kevin Seraphin,-0.38686135547721,-0.72788091370916,0.34101955823195,2002-2003-2004-2005-2006-2007-2008-2009-2010-2011-2012
Eddy Curry,0.8864548637327999,0.54692816321934,0.3395267005134599,2002-2003-2004-2005-2006-2007-2008-2009-2010-2011-2012
Andrew DeClercq,-0.54431169084383,-0.8775818016061899,0.33327011076235996,2002-2003-2004-2005-2006-2007-2008-2009-2010-2011-2012
Linas Kleiza,-0.18414032411094,-0.5172664625304499,0.33312613841950994,2002-2003-2004-2005-2006-2007-2008-2009-2010-2011-2012
Yakhouba Diawara,-0.01449059529973,-0.34749202589642997,0.3330014305967,2002-2003-2004-2005-2006-2007-2008-2009-2010-2011-2012
Jordan Hamilton,0.3574524279309,0.024842190186930003,0.33261023774396997,2002-2003-2004-2005-2006-2007-2008-2009-2010-2011-2012
Dell Curry,-0.1195015065759,-0.45075738891003003,0.33125588233413,2002-2003-2004-2005-2006-2007-2008-2009-2010-2011-2012
Greg Buckner,-1.2545621274824998,-1.57990255024052,0.3253404227580199,2002-2003-2004-2005-2006-2007-2008-2009-2010-2011-2012
Courtney Alexander,0.15025451428881,-0.16742449460354,0.31767900889235,2002-2003-2004-2005-2006-2007-2008-2009-2010-2011-2012
Andres Nocioni,0.25493013736198,-0.06169899036101,0.31662912772299,2002-2003-2004-2005-2006-2007-2008-2009-2010-2011-2012
Mikki Moore,0.12617177150148,-0.18950842314885,0.31568019465033004,2002-2003-2004-2005-2006-2007-2008-2009-2010-2011-2012
Travis Outlaw,1.1679127182795301,0.8543441879197801,0.3135685303597501,2002-2003-2004-2005-2006-2007-2008-2009-2010-2011-2012
Ha Ha,0.15798308135831,-0.15425792507892,0.31224100643723,2002-2003-2004-2005-2006-2007-2008-2009-2010-2011-2012
John Thomas,0.42887203755921,0.11988229433767,0.30898974322154,2002-2003-2004-2005-2006-2007-2008-2009-2010-2011-2012
JaJuan Johnson,-0.71921689168176,-1.02410973504935,0.30489284336759004,2002-2003-2004-2005-2006-2007-2008-2009-2010-2011-2012
LaMarcus Aldridge,0.60753453321939,0.30460978680229,0.30292474641710004,2002-2003-2004-2005-2006-2007-2008-2009-2010-2011-2012
Steve Kerr,0.35447293240085,0.052624297193650006,0.3018486352072,2002-2003-2004-2005-2006-2007-2008-2009-2010-2011-2012
Sean Williams,0.04072494392718,-0.26108496948061,0.30180991340779,2002-2003-2004-2005-2006-2007-2008-2009-2010-2011-2012
Dana Barros,0.23477906181113,-0.05463867465865,0.28941773646978003,2002-2003-2004-2005-2006-2007-2008-2009-2010-2011-2012
Julyan Stone,0.37917749373779003,0.09039478041447001,0.28878271332332,2002-2003-2004-2005-2006-2007-2008-2009-2010-2011-2012
Doug Overton,0.11908350233732999,-0.16493258553028,0.28401608786761,2002-2003-2004-2005-2006-2007-2008-2009-2010-2011-2012
Zaza Pachulia,0.6070069266884099,0.32516664128858,0.28184028539982997,2002-2003-2004-2005-2006-2007-2008-2009-2010-2011-2012
Serge Ibaka,0.9026077777622901,0.62253790474863,0.28006987301366004,2002-2003-2004-2005-2006-2007-2008-2009-2010-2011-2012
DJ Mbenga,-0.43134693713999,-0.7067866425336999,0.27543970539371,2002-2003-2004-2005-2006-2007-2008-2009-2010-2011-2012
Jodie Meeks,0.044785353543940004,-0.22420082311013,0.26898617665407004,2002-2003-2004-2005-2006-2007-2008-2009-2010-2011-2012
Kenny Satterfield,0.23879162853255,-0.029619555064929998,0.26841118359748,2002-2003-2004-2005-2006-2007-2008-2009-2010-2011-2012
Kevin Burleson,-0.10008993853914999,-0.36688893015086,0.26679899161171,2002-2003-2004-2005-2006-2007-2008-2009-2010-2011-2012
Rudy Gay,-0.29529778716051003,-0.56047938632631,0.26518159916580003,2002-2003-2004-2005-2006-2007-2008-2009-2010-2011-2012
Josh Davis,-0.14499364424927,-0.40684152650820005,0.26184788225893,2002-2003-2004-2005-2006-2007-2008-2009-2010-2011-2012
James Augustine,0.25713006404964,-0.0033547803478757104,0.26048484439751574,2002-2003-2004-2005-2006-2007-2008-2009-2010-2011-2012
Anthony Roberson,0.07635946746324,-0.17776488460096,0.2541243520642,2002-2003-2004-2005-2006-2007-2008-2009-2010-2011-2012
Laron Profit,0.2487064146418,-0.0033720610415903358,0.2520784756833903,2002-2003-2004-2005-2006-2007-2008-2009-2010-2011-2012
Sean Lampley,0.17123359042125,-0.0783602474613,0.24959383788255002,2002-2003-2004-2005-2006-2007-2008-2009-2010-2011-2012
Pape Sy,0.05667825366352,-0.19142367919837,0.24810193286189,2002-2003-2004-2005-2006-2007-2008-2009-2010-2011-2012
Marcus Haislip,0.1344356250872,-0.1105254067165,0.2449610318037,2002-2003-2004-2005-2006-2007-2008-2009-2010-2011-2012
Jared Jeffries,0.07476162273344,-0.17005574561335,0.24481736834679,2002-2003-2004-2005-2006-2007-2008-2009-2010-2011-2012
Chuck Hayes,-1.44633572835067,-1.68702138102633,0.2406856526756599,2002-2003-2004-2005-2006-2007-2008-2009-2010-2011-2012
Donnell Harvey,0.12571076843083,-0.10871790513328,0.23442867356411,2002-2003-2004-2005-2006-2007-2008-2009-2010-2011-2012
Mark Jones,0.28635682107754,0.06280444296504001,0.22355237811250003,2002-2003-2004-2005-2006-2007-2008-2009-2010-2011-2012
Jannero Pargo,-0.008919104850972963,-0.22665771270593,0.21773860785495705,2002-2003-2004-2005-2006-2007-2008-2009-2010-2011-2012
Vladimir Stepania,-2.7699969901242345e-05,-0.21514774485300003,0.21512004488309877,2002-2003-2004-2005-2006-2007-2008-2009-2010-2011-2012
Othello Hunter,-0.00023001963525665092,-0.21385272348118,0.21362270384592338,2002-2003-2004-2005-2006-2007-2008-2009-2010-2011-2012
Maurice Taylor,-0.21096588587369,-0.41845088275071,0.20748499687702002,2002-2003-2004-2005-2006-2007-2008-2009-2010-2011-2012
Ime Udoka,-0.51601525150775,-0.7227083091406701,0.20669305763292004,2002-2003-2004-2005-2006-2007-2008-2009-2010-2011-2012
Erik Daniels,0.004038061444047398,-0.1996601718995,0.2036982333435474,2002-2003-2004-2005-2006-2007-2008-2009-2010-2011-2012
Allan Ray,-0.15435558877835,-0.35594113704094,0.20158554826258998,2002-2003-2004-2005-2006-2007-2008-2009-2010-2011-2012
Nikoloz Tskitishvili,0.13964034137795,-0.061523351732810004,0.20116369311076002,2002-2003-2004-2005-2006-2007-2008-2009-2010-2011-2012
Sergio Rodriguez,0.59743130886404,0.40229003039226,0.19514127847177998,2002-2003-2004-2005-2006-2007-2008-2009-2010-2011-2012
Jonny Flynn,0.42017735467421,0.2251132118547,0.19506414281950998,2002-2003-2004-2005-2006-2007-2008-2009-2010-2011-2012
Jonas Jerebko,-0.06784620385061,-0.26103795512999,0.19319175127938001,2002-2003-2004-2005-2006-2007-2008-2009-2010-2011-2012
Stephen Graham,-0.09343987750456,-0.28622716529201,0.19278728778745,2002-2003-2004-2005-2006-2007-2008-2009-2010-2011-2012
Danny Manning,0.3590381752979,0.16851744573989,0.19052072955801,2002-2003-2004-2005-2006-2007-2008-2009-2010-2011-2012
Ruben Boumtje-Boumtje,0.02429434265289,-0.16410587449264,0.18840021714553,2002-2003-2004-2005-2006-2007-2008-2009-2010-2011-2012
Horace Grant,-0.54786829511564,-0.73358106481674,0.1857127697011,2002-2003-2004-2005-2006-2007-2008-2009-2010-2011-2012
Yaroslav Korolev,-0.03830369396712,-0.22117944309831,0.18287574913118998,2002-2003-2004-2005-2006-2007-2008-2009-2010-2011-2012
Greivis Vasquez,-0.06899000494325,-0.24807304840192998,0.17908304345867998,2002-2003-2004-2005-2006-2007-2008-2009-2010-2011-2012
Bruno Sundov,0.057883820583089995,-0.11838656842222,0.17627038900531,2002-2003-2004-2005-2006-2007-2008-2009-2010-2011-2012
Tiago Splitter,0.7937273347286101,0.61775128143943,0.1759760532891801,2002-2003-2004-2005-2006-2007-2008-2009-2010-2011-2012
Joe Crawford,-0.06307267247743,-0.23891598902951,0.17584331655208,2002-2003-2004-2005-2006-2007-2008-2009-2010-2011-2012
Chris Wilcox,0.46555167881480997,0.29077010517839,0.17478157363642,2002-2003-2004-2005-2006-2007-2008-2009-2010-2011-2012
Chandler Parsons,-0.17285293184623002,-0.34526993410411,0.17241700225787998,2002-2003-2004-2005-2006-2007-2008-2009-2010-2011-2012
Greg Monroe,-0.739388470702,-0.91049749944899,0.17110902874699005,2002-2003-2004-2005-2006-2007-2008-2009-2010-2011-2012
DeMar DeRozan,-0.13058460314589,-0.30083484136338,0.17025023821749,2002-2003-2004-2005-2006-2007-2008-2009-2010-2011-2012
Devin Ebanks,-0.10493646495851999,-0.27405398353931,0.16911751858079,2002-2003-2004-2005-2006-2007-2008-2009-2010-2011-2012
Stephane Lasme,0.35459159068972,0.18593504175331999,0.1686565489364,2002-2003-2004-2005-2006-2007-2008-2009-2010-2011-2012
Anfernee Hardaway,-0.92353932983614,-1.08901692603463,0.16547759619849003,2002-2003-2004-2005-2006-2007-2008-2009-2010-2011-2012
Lynn Greer,0.2006866229656,0.036092430891209996,0.16459419207439,2002-2003-2004-2005-2006-2007-2008-2009-2010-2011-2012
Theo Ratliff,-0.63443961278069,-0.79797633162413,0.16353671884343995,2002-2003-2004-2005-2006-2007-2008-2009-2010-2011-2012
Darrick Martin,-0.0926135954475,-0.25601767784435003,0.16340408239685,2002-2003-2004-2005-2006-2007-2008-2009-2010-2011-2012
Chris Owens,0.21827403429689002,0.06371137711246,0.15456265718443002,2002-2003-2004-2005-2006-2007-2008-2009-2010-2011-2012
Eric Snow,-0.94648872778078,-1.09833851382692,0.15184978604614008,2002-2003-2004-2005-2006-2007-2008-2009-2010-2011-2012
Othyus Jeffers,0.0469123060017,-0.10299360747724,0.14990591347894,2002-2003-2004-2005-2006-2007-2008-2009-2010-2011-2012
Chris Webber,0.1221219194997,-0.02696786837927,0.14908978787897,2002-2003-2004-2005-2006-2007-2008-2009-2010-2011-2012
Primoz Brezec,-0.36086858269254,-0.50912827070789,0.14825968801534997,2002-2003-2004-2005-2006-2007-2008-2009-2010-2011-2012
Leon Smith,0.16707407609841,0.02213914342583,0.14493493267258,2002-2003-2004-2005-2006-2007-2008-2009-2010-2011-2012
Luther Head,-0.6403007371753701,-0.78386912986652,0.14356839269115,2002-2003-2004-2005-2006-2007-2008-2009-2010-2011-2012
Cal Bowdler,-0.34185972578855,-0.48225176278477,0.14039203699622002,2002-2003-2004-2005-2006-2007-2008-2009-2010-2011-2012
Junior Harrington,-0.05977567457767,-0.19968773018185998,0.13991205560418998,2002-2003-2004-2005-2006-2007-2008-2009-2010-2011-2012
Rasho Nesterovic,0.37446756116491997,0.23567222652179998,0.13879533464312,2002-2003-2004-2005-2006-2007-2008-2009-2010-2011-2012
Vin Baker,0.85175078775225,0.71646740138682,0.13528338636542994,2002-2003-2004-2005-2006-2007-2008-2009-2010-2011-2012
Justin Dentmon,-0.03199812431046,-0.16571499733477002,0.13371687302431,2002-2003-2004-2005-2006-2007-2008-2009-2010-2011-2012
Vonteego Cummings,-0.14311791287982,-0.27652185600355,0.13340394312373,2002-2003-2004-2005-2006-2007-2008-2009-2010-2011-2012
Roko Ukic,-0.007248815537619264,-0.13256414519450002,0.12531532965688075,2002-2003-2004-2005-2006-2007-2008-2009-2010-2011-2012
Randy Livingston,-0.09120304607572,-0.21594261033865003,0.12473956426293001,2002-2003-2004-2005-2006-2007-2008-2009-2010-2011-2012
Hakeem Olajuwon,-0.07209980653209,-0.19632444061402,0.12422463408192999,2002-2003-2004-2005-2006-2007-2008-2009-2010-2011-2012
Greg Smith,-0.30093888086261,-0.42340867558689,0.12246979472428002,2002-2003-2004-2005-2006-2007-2008-2009-2010-2011-2012
Charles Jenkins,-0.38835988037121,-0.5085857870385,0.12022590666729001,2002-2003-2004-2005-2006-2007-2008-2009-2010-2011-2012
Robert Swift,0.06748886573,-0.05141802634630001,0.11890689207630001,2002-2003-2004-2005-2006-2007-2008-2009-2010-2011-2012
Popeye Jones,0.40612564055579997,0.28742579549163,0.11869984506416996,2002-2003-2004-2005-2006-2007-2008-2009-2010-2011-2012
Arvydas Macijauskas,0.22945508367586,0.11089673731081,0.11855834636505001,2002-2003-2004-2005-2006-2007-2008-2009-2010-2011-2012
Chris Whitney,-0.050736016382320004,-0.16872889113818,0.11799287475585998,2002-2003-2004-2005-2006-2007-2008-2009-2010-2011-2012
Mario Kasun,0.12881874610191998,0.01305916114237,0.11575958495954998,2002-2003-2004-2005-2006-2007-2008-2009-2010-2011-2012
Jrue Holiday,-0.8931942090762901,-1.0077633601992901,0.11456915112300001,2002-2003-2004-2005-2006-2007-2008-2009-2010-2011-2012
Lawrence Roberts,-0.08010455346862,-0.19440305839764,0.11429850492902,2002-2003-2004-2005-2006-2007-2008-2009-2010-2011-2012
Harold Jamison,0.14408765071408,0.030542039877030004,0.11354561083705,2002-2003-2004-2005-2006-2007-2008-2009-2010-2011-2012
Bobby Brown,-0.01073806352772,-0.12289141233399999,0.11215334880627999,2002-2003-2004-2005-2006-2007-2008-2009-2010-2011-2012
Aaron McKie,-0.28387546016374,-0.39528286777535004,0.11140740761161004,2002-2003-2004-2005-2006-2007-2008-2009-2010-2011-2012
Pavel Podkolzin,-0.28322944089352,-0.39433521431784,0.11110577342432004,2002-2003-2004-2005-2006-2007-2008-2009-2010-2011-2012
DeSagana Diop,-0.98652544824614,-1.0961188218684101,0.10959337362227012,2002-2003-2004-2005-2006-2007-2008-2009-2010-2011-2012
Danny Granger,0.91122786132685,0.80164544218259,0.10958241914426001,2002-2003-2004-2005-2006-2007-2008-2009-2010-2011-2012
Allan Houston,0.56885532001518,0.46370476104768005,0.10515055896750002,2002-2003-2004-2005-2006-2007-2008-2009-2010-2011-2012
Anthony Peeler,-0.61686892445648,-0.71913031333876,0.10226138888228004,2002-2003-2004-2005-2006-2007-2008-2009-2010-2011-2012
Rodney Rogers,0.06832944835218001,-0.03320146301144,0.10153091136362001,2002-2003-2004-2005-2006-2007-2008-2009-2010-2011-2012
Richie Frahm,-0.26283947640924,-0.36425433156842,0.10141485515917999,2002-2003-2004-2005-2006-2007-2008-2009-2010-2011-2012
Chris Richard,-0.01875939776429,-0.11855021853757,0.09979082077328,2002-2003-2004-2005-2006-2007-2008-2009-2010-2011-2012
Derrick Dial,-0.006048785549362915,-0.10451721296328,0.09846842741391708,2002-2003-2004-2005-2006-2007-2008-2009-2010-2011-2012
Trey Thompkins,0.02771337724344,-0.07017526460854,0.09788864185198,2002-2003-2004-2005-2006-2007-2008-2009-2010-2011-2012
Mark Pope,0.08363962065722,-0.01337350951627,0.09701313017349,2002-2003-2004-2005-2006-2007-2008-2009-2010-2011-2012
Jamison Brewer,0.0070958999047491525,-0.08446351117385,0.09155941107859915,2002-2003-2004-2005-2006-2007-2008-2009-2010-2011-2012
Gary Payton,-0.9827289821369101,-1.06605596120668,0.08332697906976994,2002-2003-2004-2005-2006-2007-2008-2009-2010-2011-2012
Carlos Arroyo,0.04424499034308,-0.03596782194456,0.08021281228763999,2002-2003-2004-2005-2006-2007-2008-2009-2010-2011-2012
Jeremy Richardson,-0.02094159981064,-0.1009405602735,0.07999896046286001,2002-2003-2004-2005-2006-2007-2008-2009-2010-2011-2012
Brandon Armstrong,-0.18520138948192,-0.26515660548269,0.07995521600077,2002-2003-2004-2005-2006-2007-2008-2009-2010-2011-2012
David Noel,0.18308232013831,0.1129667521373,0.07011556800101,2002-2003-2004-2005-2006-2007-2008-2009-2010-2011-2012
Felton Spencer,0.16278760264237,0.0930836671676,0.06970393547477,2002-2003-2004-2005-2006-2007-2008-2009-2010-2011-2012
Steve Blake,-0.24111906122114998,-0.31080058159011004,0.06968152036896003,2002-2003-2004-2005-2006-2007-2008-2009-2010-2011-2012
Ronnie Price,0.03322848591001,-0.036184217982870005,0.06941270389288,2002-2003-2004-2005-2006-2007-2008-2009-2010-2011-2012
Jawad Williams,-0.0015353263852790375,-0.07067511271145,0.06913978632617096,2002-2003-2004-2005-2006-2007-2008-2009-2010-2011-2012
Jeryl Sasser,-0.49140824785505,-0.5600738798631799,0.06866563200812999,2002-2003-2004-2005-2006-2007-2008-2009-2010-2011-2012
Evan Eschmeyer,-0.30943027019909003,-0.37567301178933,0.06624274159023999,2002-2003-2004-2005-2006-2007-2008-2009-2010-2011-2012
Markieff Morris,-0.27457228115311,-0.33613340839625,0.061561127243139974,2002-2003-2004-2005-2006-2007-2008-2009-2010-2011-2012
Alton Ford,-0.11359477728407001,-0.17439993420004,0.06080515691596999,2002-2003-2004-2005-2006-2007-2008-2009-2010-2011-2012
Wesley Matthews,1.32467818620738,1.26545404210983,0.05922414409755012,2002-2003-2004-2005-2006-2007-2008-2009-2010-2011-2012
Joe Crispin,-0.11361780975840999,-0.17243315550512,0.05881534574671001,2002-2003-2004-2005-2006-2007-2008-2009-2010-2011-2012
Eric Piatkowski,-0.2679720517275,-0.32667425372348996,0.05870220199598996,2002-2003-2004-2005-2006-2007-2008-2009-2010-2011-2012
Donta Smith,-0.33999771114151,-0.39797331190287,0.05797560076136001,2002-2003-2004-2005-2006-2007-2008-2009-2010-2011-2012
Arron Afflalo,0.39593801454478994,0.33824131479289,0.05769669975189996,2002-2003-2004-2005-2006-2007-2008-2009-2010-2011-2012
Mark Strickland,-0.11210673770912999,-0.16449578246564,0.05238904475651002,2002-2003-2004-2005-2006-2007-2008-2009-2010-2011-2012
Pepe Sanchez,-0.11027231975369998,-0.1616542841719,0.051381964418200005,2002-2003-2004-2005-2006-2007-2008-2009-2010-2011-2012
Reggie Miller,-0.79181366264488,-0.8406197480883001,0.04880608544342007,2002-2003-2004-2005-2006-2007-2008-2009-2010-2011-2012
Hanno Mottola,-0.06497354051081,-0.11227175378276,0.04729821327195,2002-2003-2004-2005-2006-2007-2008-2009-2010-2011-2012
Dominique Jones,-0.19495141776388,-0.24035733122674,0.045405913462859986,2002-2003-2004-2005-2006-2007-2008-2009-2010-2011-2012
Renaldo Balkman,-0.21731190309831,-0.26204382147778,0.04473191837946998,2002-2003-2004-2005-2006-2007-2008-2009-2010-2011-2012
Josh Selby,0.09452140791053999,0.05171719403514,0.042804213875399996,2002-2003-2004-2005-2006-2007-2008-2009-2010-2011-2012
Larry Sanders,-0.55091864582611,-0.5932916077346899,0.04237296190857994,2002-2003-2004-2005-2006-2007-2008-2009-2010-2011-2012
Jeremy Evans,0.0072977623962707785,-0.0349096454652,0.04220740786147078,2002-2003-2004-2005-2006-2007-2008-2009-2010-2011-2012
John Edwards,0.08485112526564,0.04521030831372,0.03964081695192,2002-2003-2004-2005-2006-2007-2008-2009-2010-2011-2012
Billy Thomas,0.17604004173441,0.13937438865507001,0.036665653079340006,2002-2003-2004-2005-2006-2007-2008-2009-2010-2011-2012
Ian Mahinmi,-0.44609630060399,-0.48227290144324003,0.03617660083924997,2002-2003-2004-2005-2006-2007-2008-2009-2010-2011-2012
Demetris Nichols,-0.05346024642731,-0.08952512876277,0.03606488233546,2002-2003-2004-2005-2006-2007-2008-2009-2010-2011-2012
Daniel Santiago,-0.01116947788695,-0.04266530901105,0.031495831124099996,2002-2003-2004-2005-2006-2007-2008-2009-2010-2011-2012
Chris Childs,-0.12725855728906002,-0.15719457705912998,0.02993601977006998,2002-2003-2004-2005-2006-2007-2008-2009-2010-2011-2012
Rodney Stuckey,0.0169652000014,-0.009913148915203016,0.026878348916603016,2002-2003-2004-2005-2006-2007-2008-2009-2010-2011-2012
Lionel Chalmers,-0.07995541858107999,-0.10624096909469,0.026285550513610003,2002-2003-2004-2005-2006-2007-2008-2009-2010-2011-2012
Alexander Johnson,0.11743035173368,0.09177512786881001,0.025655223864869993,2002-2003-2004-2005-2006-2007-2008-2009-2010-2011-2012
Wesley Johnson,0.14581481077406,0.12180250065053,0.024012310123529994,2002-2003-2004-2005-2006-2007-2008-2009-2010-2011-2012
John Amaechi,-0.14623666426294002,-0.16923982391610998,0.02300315965316998,2002-2003-2004-2005-2006-2007-2008-2009-2010-2011-2012
Wayne Ellington,-0.4759862862098,-0.49832871660704,0.022342430397240005,2002-2003-2004-2005-2006-2007-2008-2009-2010-2011-2012
Donte Greene,-0.13505977250856002,-0.15509580260145,0.020036030092889998,2002-2003-2004-2005-2006-2007-2008-2009-2010-2011-2012
Calvin Booth,0.14334766608106,0.12606614825488,0.017281517826180006,2002-2003-2004-2005-2006-2007-2008-2009-2010-2011-2012
Quinton Ross,1.2648532202252398,1.24900289416136,0.015850326063879955,2002-2003-2004-2005-2006-2007-2008-2009-2010-2011-2012
Dahntay Jones,-0.058037536677870004,-0.07248243611088,0.014444899433009997,2002-2003-2004-2005-2006-2007-2008-2009-2010-2011-2012
Vassilis Spanoulis,-0.01086282600343,-0.02414172123846,0.013278895235029998,2002-2003-2004-2005-2006-2007-2008-2009-2010-2011-2012
Adrian Griffin,-0.22998806024646998,-0.24226117219190002,0.012273111945430024,2002-2003-2004-2005-2006-2007-2008-2009-2010-2011-2012
Salim Stoudamire,0.21203747886473,0.20029521025982,0.011742268604910018,2002-2003-2004-2005-2006-2007-2008-2009-2010-2011-2012
Erick Barkley,0.14562298115896,0.1345451795881,0.011077801570859996,2002-2003-2004-2005-2006-2007-2008-2009-2010-2011-2012
Shavlik Randolph,0.07508895759376001,0.06427345928978,0.01081549830398,2002-2003-2004-2005-2006-2007-2008-2009-2010-2011-2012
Cory Joseph,-0.0198216809191,-0.03028480398724,0.010463123068140004,2002-2003-2004-2005-2006-2007-2008-2009-2010-2011-2012
Rodney Carney,0.4738765676562,0.46425015670714,0.009626410949060017,2002-2003-2004-2005-2006-2007-2008-2009-2010-2011-2012
Cory Alexander,-0.02178524904715,-0.02820164021702,0.006416391169869999,2002-2003-2004-2005-2006-2007-2008-2009-2010-2011-2012
Obinna Ekezie,-0.20583966773263002,-0.21195137217763002,0.006111704444999996,2002-2003-2004-2005-2006-2007-2008-2009-2010-2011-2012
Ömer Aşik,-1.43185396598056,-1.43455726569206,0.0027032997114999693,2002-2003-2004-2005-2006-2007-2008-2009-2010-2011-2012
Adam Harrington,0.29521680048029003,0.29545002390744,-0.00023322342715000575,2002-2003-2004-2005-2006-2007-2008-2009-2010-2011-2012
Andre Barrett,0.37144897881075,0.37255531549018,-0.0011063366794300186,2002-2003-2004-2005-2006-2007-2008-2009-2010-2011-2012
John Stockton,-0.6064543930140099,-0.60523953453939,-0.0012148584746200265,2002-2003-2004-2005-2006-2007-2008-2009-2010-2011-2012
Awvee Storey,-0.38222951503325003,-0.37825929491367,-0.00397022011958,2002-2003-2004-2005-2006-2007-2008-2009-2010-2011-2012
Gabe Pruitt,0.26829534030209,0.27244862690971,-0.004153286607619985,2002-2003-2004-2005-2006-2007-2008-2009-2010-2011-2012
Will Conroy,-0.07805929595466,-0.07164896830758,-0.006410327647080006,2002-2003-2004-2005-2006-2007-2008-2009-2010-2011-2012
Norman Richardson,0.05915824082415,0.06558573200112,-0.006427491176970002,2002-2003-2004-2005-2006-2007-2008-2009-2010-2011-2012
Mardy Collins,0.30817243442267,0.31805812153537,-0.0098856871127,2002-2003-2004-2005-2006-2007-2008-2009-2010-2011-2012
Hubert Davis,-0.10933281299346999,-0.09597816349344,-0.013354649500029988,2002-2003-2004-2005-2006-2007-2008-2009-2010-2011-2012
Rudy Fernandez,0.18369786234672,0.20567280417878,-0.021974941832060016,2002-2003-2004-2005-2006-2007-2008-2009-2010-2011-2012
Jabari Smith,0.15656071732597002,0.17927690486793,-0.02271618754195999,2002-2003-2004-2005-2006-2007-2008-2009-2010-2011-2012
Tremaine Fowlkes,0.05585998714398999,0.0807590252926,-0.02489903814861,2002-2003-2004-2005-2006-2007-2008-2009-2010-2011-2012
Cole Aldrich,0.14220776996266,0.1687839353422,-0.026576165379539995,2002-2003-2004-2005-2006-2007-2008-2009-2010-2011-2012
Gerald Wallace,-0.65661929331849,-0.62944498508215,-0.027174308236340046,2002-2003-2004-2005-2006-2007-2008-2009-2010-2011-2012
Jahidi White,0.005200313290277705,0.03343394758477,-0.028233634294492296,2002-2003-2004-2005-2006-2007-2008-2009-2010-2011-2012
A.J. Guyton,-0.06736952680927,-0.03589493276046,-0.031474594048810006,2002-2003-2004-2005-2006-2007-2008-2009-2010-2011-2012
Kevin Love,-0.08163580740923,-0.04898392119539,-0.03265188621384,2002-2003-2004-2005-2006-2007-2008-2009-2010-2011-2012
Mitchell Butler,-0.06495054663928,-0.02576411044185,-0.03918643619743,2002-2003-2004-2005-2006-2007-2008-2009-2010-2011-2012
Jermareo Davidson,-0.11436381282312999,-0.07265677159493,-0.041707041228199994,2002-2003-2004-2005-2006-2007-2008-2009-2010-2011-2012
Efthimios Rentzias,0.003594833836154381,0.04559215129236,-0.04199731745620562,2002-2003-2004-2005-2006-2007-2008-2009-2010-2011-2012
Brandon Knight,-0.50292441424515,-0.45942668351664,-0.04349773072850997,2002-2003-2004-2005-2006-2007-2008-2009-2010-2011-2012
Malik Allen,-0.16708293478824998,-0.121724559863,-0.045358374925249995,2002-2003-2004-2005-2006-2007-2008-2009-2010-2011-2012
Jose Calderon,0.7247926268346799,0.77170499111432,-0.046912364279640045,2002-2003-2004-2005-2006-2007-2008-2009-2010-2011-2012
Raef LaFrentz,0.36451146173953,0.41175042115332,-0.047238959413790006,2002-2003-2004-2005-2006-2007-2008-2009-2010-2011-2012
Bimbo Coles,-0.15065625344008,-0.10250414153078001,-0.048152111909299994,2002-2003-2004-2005-2006-2007-2008-2009-2010-2011-2012
Al-Farouq Aminu,-0.99334768616327,-0.94392826790615,-0.049419418257119936,2002-2003-2004-2005-2006-2007-2008-2009-2010-2011-2012
Rod Strickland,-0.42167756703231996,-0.36771145166326,-0.05396611536905996,2002-2003-2004-2005-2006-2007-2008-2009-2010-2011-2012
Garrett Temple,-0.34852447283132,-0.2945214995694,-0.05400297326191997,2002-2003-2004-2005-2006-2007-2008-2009-2010-2011-2012
Alando Tucker,-0.10751900061754,-0.052895294293170005,-0.05462370632437,2002-2003-2004-2005-2006-2007-2008-2009-2010-2011-2012
Derrick Williams,-0.49867509443388,-0.44294007882027003,-0.05573501561360995,2002-2003-2004-2005-2006-2007-2008-2009-2010-2011-2012
Victor Alexander,-0.014075481472789999,0.042369086880450005,-0.05644456835323999,2002-2003-2004-2005-2006-2007-2008-2009-2010-2011-2012
Esteban Batista,-0.18457375854457,-0.12768344240922,-0.05689031613534999,2002-2003-2004-2005-2006-2007-2008-2009-2010-2011-2012
Jamal Mashburn,-0.02664854574975,0.03279057968556,-0.05943912543531,2002-2003-2004-2005-2006-2007-2008-2009-2010-2011-2012
Alec Burks,-0.83101951707785,-0.76616088111059,-0.06485863596726003,2002-2003-2004-2005-2006-2007-2008-2009-2010-2011-2012
Antonis Fotsis,-0.19385996884333,-0.12893685644616001,-0.06492311239717,2002-2003-2004-2005-2006-2007-2008-2009-2010-2011-2012
Marco Belinelli,-0.50695111578238,-0.44078816010611,-0.06616295567626997,2002-2003-2004-2005-2006-2007-2008-2009-2010-2011-2012
Solomon Alabi,-0.48026613335452994,-0.41277961606127,-0.06748651729325998,2002-2003-2004-2005-2006-2007-2008-2009-2010-2011-2012
Anthony Randolph,0.27664865335892,0.34418163093374005,-0.06753297757482002,2002-2003-2004-2005-2006-2007-2008-2009-2010-2011-2012
Jonathan Bender,-0.18918577670943001,-0.11962593419326,-0.06955984251617,2002-2003-2004-2005-2006-2007-2008-2009-2010-2011-2012
Eddie Griffin,-0.75450487512841,-0.68433182248987,-0.07017305263854008,2002-2003-2004-2005-2006-2007-2008-2009-2010-2011-2012
Acie Law,-0.21028872328397002,-0.13297110603455,-0.07731761724942002,2002-2003-2004-2005-2006-2007-2008-2009-2010-2011-2012
Lawrence Funderburke,0.33372950505265003,0.41288706064478,-0.07915755559212995,2002-2003-2004-2005-2006-2007-2008-2009-2010-2011-2012
Dean Garrett,0.01727145360953,0.09665437109278,-0.07938291748324999,2002-2003-2004-2005-2006-2007-2008-2009-2010-2011-2012
Timofey Mozgov,0.09842762691095,0.1786850182302,-0.08025739131925001,2002-2003-2004-2005-2006-2007-2008-2009-2010-2011-2012
Lee Nailon,0.51797618494837,0.59982496988766,-0.08184878493928995,2002-2003-2004-2005-2006-2007-2008-2009-2010-2011-2012
Lester Hudson,-0.19965608260437,-0.11619510757121,-0.08346097503316001,2002-2003-2004-2005-2006-2007-2008-2009-2010-2011-2012
Jerome Dyson,-1.10820262801345,-1.0215620610840799,-0.0866405669293701,2002-2003-2004-2005-2006-2007-2008-2009-2010-2011-2012
Joe Alexander,0.061343691970300006,0.14992253739868,-0.08857884542837999,2002-2003-2004-2005-2006-2007-2008-2009-2010-2011-2012
Scott Williams,-0.94815727609331,-0.85816666653824,-0.08999060955506999,2002-2003-2004-2005-2006-2007-2008-2009-2010-2011-2012
Rafer Alston,-1.6408152526364899,-1.54841341394994,-0.09240183868654983,2002-2003-2004-2005-2006-2007-2008-2009-2010-2011-2012
Pops Mensah-Bonsu,-0.12643195252539,-0.03394339510364,-0.09248855742175,2002-2003-2004-2005-2006-2007-2008-2009-2010-2011-2012
Jim Jackson,1.02251179245298,1.1152199650091,-0.09270817255611993,2002-2003-2004-2005-2006-2007-2008-2009-2010-2011-2012
Luis Scola,-0.41572064264484,-0.3225461882405,-0.09317445440434001,2002-2003-2004-2005-2006-2007-2008-2009-2010-2011-2012
Torraye Braggs,-0.11245488891847,-0.01726742273174,-0.09518746618673,2002-2003-2004-2005-2006-2007-2008-2009-2010-2011-2012
Felipe Lopez,0.25071560524131,0.34613483172886,-0.09541922648755,2002-2003-2004-2005-2006-2007-2008-2009-2010-2011-2012
Luc Mbah a Moute,0.15349051619001,0.24895252544322,-0.09546200925321001,2002-2003-2004-2005-2006-2007-2008-2009-2010-2011-2012
Kirk Haston,0.029757147878310002,0.12741062678223,-0.09765347890392,2002-2003-2004-2005-2006-2007-2008-2009-2010-2011-2012
Lavor Postell,0.03467673661812,0.13258581830627,-0.09790908168815002,2002-2003-2004-2005-2006-2007-2008-2009-2010-2011-2012
Chucky Brown,-0.12418400576698001,-0.02551302301388,-0.0986709827531,2002-2003-2004-2005-2006-2007-2008-2009-2010-2011-2012
Ken Johnson,0.09759053610059,0.20154076723052,-0.10395023112993,2002-2003-2004-2005-2006-2007-2008-2009-2010-2011-2012
Chris Quinn,-0.16978445150378998,-0.06340821758659,-0.1063762339172,2002-2003-2004-2005-2006-2007-2008-2009-2010-2011-2012
Courtney Fortson,-0.29796990723134004,-0.19143771209042998,-0.10653219514091003,2002-2003-2004-2005-2006-2007-2008-2009-2010-2011-2012
Maurice Carter,-0.06903510351183001,0.038693054934020005,-0.10772815844585001,2002-2003-2004-2005-2006-2007-2008-2009-2010-2011-2012
Tyrone Nesby,0.41054447683721,0.51929396169078,-0.10874948485356997,2002-2003-2004-2005-2006-2007-2008-2009-2010-2011-2012
Lonny Baxter,0.07553137648671,0.18762258451235,-0.11209120802564,2002-2003-2004-2005-2006-2007-2008-2009-2010-2011-2012
Mateen Cleaves,-0.14262441570994,-0.029624126996210004,-0.11300028871373,2002-2003-2004-2005-2006-2007-2008-2009-2010-2011-2012
Mike Hall,-0.12635615627347,-0.01051340917617,-0.1158427470973,2002-2003-2004-2005-2006-2007-2008-2009-2010-2011-2012
Quentin Richardson,0.16818184688096,0.28925801785755,-0.12107617097659,2002-2003-2004-2005-2006-2007-2008-2009-2010-2011-2012
Lindsey Hunter,-1.71585942366774,-1.59409113237231,-0.12176829129543001,2002-2003-2004-2005-2006-2007-2008-2009-2010-2011-2012
Sebastian Telfair,-0.49181358429627997,-0.36834919061777,-0.12346439367851002,2002-2003-2004-2005-2006-2007-2008-2009-2010-2011-2012
Avery Johnson,-0.11392077434929,0.0113979167256,-0.12531869107489,2002-2003-2004-2005-2006-2007-2008-2009-2010-2011-2012
Danny Fortson,-0.04960992094718,0.07595412058086,-0.12556404152804002,2002-2003-2004-2005-2006-2007-2008-2009-2010-2011-2012
Bryce Drew,0.03065054301544,0.15815699089822,-0.12750644788277998,2002-2003-2004-2005-2006-2007-2008-2009-2010-2011-2012
Michael Sweetney,0.94729908077931,1.07674818389914,-0.12944910311982993,2002-2003-2004-2005-2006-2007-2008-2009-2010-2011-2012
Jon Brockman,-0.7415138587652099,-0.6087425935593199,-0.13277126520589,2002-2003-2004-2005-2006-2007-2008-2009-2010-2011-2012
Randolph Morris,0.05274436374255,0.18650063621047,-0.13375627246792,2002-2003-2004-2005-2006-2007-2008-2009-2010-2011-2012
Coby Karl,-0.10526899252713999,0.029786854517249998,-0.13505584704439,2002-2003-2004-2005-2006-2007-2008-2009-2010-2011-2012
Adam Morrison,-0.08001570699172,0.0602597633459,-0.14027547033762,2002-2003-2004-2005-2006-2007-2008-2009-2010-2011-2012
DJ Strawberry,-0.32606454881098,-0.18538915312651,-0.14067539568447,2002-2003-2004-2005-2006-2007-2008-2009-2010-2011-2012
Lucious Harris,-0.5091378917619299,-0.36808502416728,-0.14105286759464997,2002-2003-2004-2005-2006-2007-2008-2009-2010-2011-2012
Xavier Henry,-0.67282312946881,-0.5295206988636401,-0.14330243060516995,2002-2003-2004-2005-2006-2007-2008-2009-2010-2011-2012
Wang Zhi-zhi,-0.55420787654321,-0.40969647978315005,-0.14451139676006,2002-2003-2004-2005-2006-2007-2008-2009-2010-2011-2012
Darius Morris,-0.09410347541863,0.052598179293230005,-0.14670165471186,2002-2003-2004-2005-2006-2007-2008-2009-2010-2011-2012
Chris Dudley,-0.06728683269967,0.08412978303766999,-0.15141661573734,2002-2003-2004-2005-2006-2007-2008-2009-2010-2011-2012
Kasib Powell,0.20647292437754,0.35819682334771996,-0.15172389897018,2002-2003-2004-2005-2006-2007-2008-2009-2010-2011-2012
Anthony Grundy,0.10903972840573,0.26247144265712,-0.15343171425139002,2002-2003-2004-2005-2006-2007-2008-2009-2010-2011-2012
Christian Laettner,-0.63586963915092,-0.48189908402544,-0.15397055512547994,2002-2003-2004-2005-2006-2007-2008-2009-2010-2011-2012
Alvin Williams,-0.38252226074187,-0.22658702525466998,-0.15593523548720004,2002-2003-2004-2005-2006-2007-2008-2009-2010-2011-2012
Rick Brunson,-0.28747289518446,-0.13122988546944,-0.15624300971502,2002-2003-2004-2005-2006-2007-2008-2009-2010-2011-2012
Henry Walker,0.30714220849611,0.46807567174228004,-0.16093346324617003,2002-2003-2004-2005-2006-2007-2008-2009-2010-2011-2012
Glen Rice,0.11852204054347999,0.27962618072734,-0.16110414018386002,2002-2003-2004-2005-2006-2007-2008-2009-2010-2011-2012
DeMarre Carroll,0.10191251030907,0.26362735099532003,-0.16171484068625,2002-2003-2004-2005-2006-2007-2008-2009-2010-2011-2012
Jud Buechler,-0.16506483136016,0.0004748482565679842,-0.165539679616728,2002-2003-2004-2005-2006-2007-2008-2009-2010-2011-2012
Robin Lopez,0.10013068021287,0.2666484218659,-0.16651774165303,2002-2003-2004-2005-2006-2007-2008-2009-2010-2011-2012
Kedrick Brown,-0.34789296269725,-0.18000488369568,-0.16788807900157,2002-2003-2004-2005-2006-2007-2008-2009-2010-2011-2012
Jackson Vroman,0.01742309817297,0.18665566378265,-0.16923256560968,2002-2003-2004-2005-2006-2007-2008-2009-2010-2011-2012
Bismack Biyombo,-0.75865819215824,-0.58807455466045,-0.17058363749778999,2002-2003-2004-2005-2006-2007-2008-2009-2010-2011-2012
Xavier Silas,-0.27572884812457,-0.10495814143244,-0.17077070669213001,2002-2003-2004-2005-2006-2007-2008-2009-2010-2011-2012
Chris Mills,-0.01198500326709,0.15887063050102002,-0.17085563376811,2002-2003-2004-2005-2006-2007-2008-2009-2010-2011-2012
Marko Jaric,-0.0594420494129,0.11336623572927002,-0.17280828514217003,2002-2003-2004-2005-2006-2007-2008-2009-2010-2011-2012
Rusty LaRue,-0.21344045547956,-0.03798043733225,-0.17546001814731,2002-2003-2004-2005-2006-2007-2008-2009-2010-2011-2012
Michael Ruffin,0.21187605465039003,0.39299997845262,-0.18112392380223,2002-2003-2004-2005-2006-2007-2008-2009-2010-2011-2012
Elden Campbell,-1.48064619472224,-1.29805839329574,-0.18258780142650002,2002-2003-2004-2005-2006-2007-2008-2009-2010-2011-2012
Trey Johnson,-0.17019419814752,0.014920989277459999,-0.18511518742497998,2002-2003-2004-2005-2006-2007-2008-2009-2010-2011-2012
Kirk Hinrich,0.08532714118351001,0.27299859596506004,-0.18767145478155003,2002-2003-2004-2005-2006-2007-2008-2009-2010-2011-2012
Steve Francis,-0.4004727225804,-0.21215288999611,-0.18831983258429,2002-2003-2004-2005-2006-2007-2008-2009-2010-2011-2012
Jordan Williams,0.13273530996618998,0.32295391162853,-0.19021860166234,2002-2003-2004-2005-2006-2007-2008-2009-2010-2011-2012
Brandon Rush,0.45471343617250004,0.64675404222503,-0.19204060605252996,2002-2003-2004-2005-2006-2007-2008-2009-2010-2011-2012
Jamal Sampson,-0.23038858220777,-0.03576972173206,-0.19461886047571,2002-2003-2004-2005-2006-2007-2008-2009-2010-2011-2012
Walker Russell,-0.15906608307766001,0.03568307988127,-0.19474916295893002,2002-2003-2004-2005-2006-2007-2008-2009-2010-2011-2012
Eddie Robinson,-0.030671948954930004,0.16648432038315,-0.19715626933807998,2002-2003-2004-2005-2006-2007-2008-2009-2010-2011-2012
Andre Miller,0.36130776250314,0.56572300981679,-0.20441524731365002,2002-2003-2004-2005-2006-2007-2008-2009-2010-2011-2012
Damir Markota,-0.009114433673090167,0.19590629390064998,-0.20502072757374018,2002-2003-2004-2005-2006-2007-2008-2009-2010-2011-2012
Rick Fox,-0.50406018763793,-0.29574407999342,-0.20831610764451003,2002-2003-2004-2005-2006-2007-2008-2009-2010-2011-2012
Brent Price,-0.39336257653602,-0.18369128272281002,-0.20967129381321004,2002-2003-2004-2005-2006-2007-2008-2009-2010-2011-2012
Jordan Hill,-0.08760872751357,0.12307867171941,-0.21068739923298002,2002-2003-2004-2005-2006-2007-2008-2009-2010-2011-2012
Dontell Jefferson,-0.06715024097906,0.14418030908641,-0.21133055006547002,2002-2003-2004-2005-2006-2007-2008-2009-2010-2011-2012
Sean May,-0.19242642046226,0.02080041446293,-0.21322683492519,2002-2003-2004-2005-2006-2007-2008-2009-2010-2011-2012
Robert Archibald,-0.37158221808421,-0.15627273058214,-0.21530948750207005,2002-2003-2004-2005-2006-2007-2008-2009-2010-2011-2012
Marcus Morris Sr.,-0.44193981537657007,-0.21895700859398,-0.22298280678259003,2002-2003-2004-2005-2006-2007-2008-2009-2010-2011-2012
John Starks,-0.23963114958975001,-0.01313959513895,-0.2264915544508,2002-2003-2004-2005-2006-2007-2008-2009-2010-2011-2012
Matt Carroll,-1.0454397203955201,-0.8132759712253299,-0.23216374917019011,2002-2003-2004-2005-2006-2007-2008-2009-2010-2011-2012
Randy Foye,0.71111167049665,0.9446065722587,-0.23349490176205007,2002-2003-2004-2005-2006-2007-2008-2009-2010-2011-2012
Frank Williams,0.17126525508524,0.40482609558675003,-0.23356084050151002,2002-2003-2004-2005-2006-2007-2008-2009-2010-2011-2012
Reggie Williams,-0.25264936436038,-0.01853939889826,-0.23410996546211998,2002-2003-2004-2005-2006-2007-2008-2009-2010-2011-2012
Maceo Baston,0.19672554458927002,0.43157576909693,-0.23485022450765997,2002-2003-2004-2005-2006-2007-2008-2009-2010-2011-2012
Desmond Mason,0.84291241199402,1.08032827112105,-0.23741585912702995,2002-2003-2004-2005-2006-2007-2008-2009-2010-2011-2012
Blake Ahearn,-0.04701840927505,0.19213140577675,-0.23914981505179997,2002-2003-2004-2005-2006-2007-2008-2009-2010-2011-2012
Jackie Butler,0.03230080589329,0.2721215937069,-0.23982078781361002,2002-2003-2004-2005-2006-2007-2008-2009-2010-2011-2012
John Wallace,-0.11161391109958,0.128665222535,-0.24027913363457998,2002-2003-2004-2005-2006-2007-2008-2009-2010-2011-2012
Ricky Davis,0.60260414002359,0.8441386663284299,-0.24153452630483993,2002-2003-2004-2005-2006-2007-2008-2009-2010-2011-2012
Dion Glover,-0.5687825292953901,-0.32556902260709997,-0.24321350668829006,2002-2003-2004-2005-2006-2007-2008-2009-2010-2011-2012
Ryan Humphrey,-0.49107910618341,-0.24640810054995999,-0.24467100563344998,2002-2003-2004-2005-2006-2007-2008-2009-2010-2011-2012
Bernard Robinson,-0.18313019040707001,0.06501120833404,-0.24814139874111,2002-2003-2004-2005-2006-2007-2008-2009-2010-2011-2012
Jerome Jordan,-0.20848385274358003,0.042396371331410006,-0.25088022407499,2002-2003-2004-2005-2006-2007-2008-2009-2010-2011-2012
Rob Kurz,0.08968423110691,0.34086106727495,-0.25117683616804004,2002-2003-2004-2005-2006-2007-2008-2009-2010-2011-2012
Yao Ming,0.25117830554129,0.50290053899913,-0.25172223345784,2002-2003-2004-2005-2006-2007-2008-2009-2010-2011-2012
Udonis Haslem,-0.51087341955718,-0.25731704131636,-0.25355637824082,2002-2003-2004-2005-2006-2007-2008-2009-2010-2011-2012
AJ Price,-0.01346211350392,0.24119489566653998,-0.25465700917045997,2002-2003-2004-2005-2006-2007-2008-2009-2010-2011-2012
Tobias Harris,-0.71535219314432,-0.45927904032057,-0.25607315282375,2002-2003-2004-2005-2006-2007-2008-2009-2010-2011-2012
Amal McCaskill,-0.30300009362626,-0.04648194023394,-0.25651815339232,2002-2003-2004-2005-2006-2007-2008-2009-2010-2011-2012
Terry Porter,-0.24311336739083,0.014976574463609999,-0.25808994185444,2002-2003-2004-2005-2006-2007-2008-2009-2010-2011-2012
Melvin Sanders,-0.16603055983858,0.09587318123817999,-0.26190374107676,2002-2003-2004-2005-2006-2007-2008-2009-2010-2011-2012
Joseph Forte,-0.24363879547313,0.022345615164970002,-0.2659844106381,2002-2003-2004-2005-2006-2007-2008-2009-2010-2011-2012
Rawle Marshall,-0.25116722326463004,0.01529762637093,-0.26646484963556,2002-2003-2004-2005-2006-2007-2008-2009-2010-2011-2012
Hassan Adams,-0.35501730447186003,-0.08717612641353,-0.26784117805833,2002-2003-2004-2005-2006-2007-2008-2009-2010-2011-2012
Malcolm Lee,-0.14655101759981998,0.1223237384083,-0.26887475600812,2002-2003-2004-2005-2006-2007-2008-2009-2010-2011-2012
Noel Felix,-0.27612862142148,-0.0040832699402410765,-0.27204535148123893,2002-2003-2004-2005-2006-2007-2008-2009-2010-2011-2012
Antonio Davis,-0.68293105367936,-0.40999963178374005,-0.27293142189562,2002-2003-2004-2005-2006-2007-2008-2009-2010-2011-2012
Enes Freedom,-0.36486269386958003,-0.09102780141449,-0.27383489245509,2002-2003-2004-2005-2006-2007-2008-2009-2010-2011-2012
Nicolas Batum,0.21601352043663,0.49260030094776003,-0.27658678051113,2002-2003-2004-2005-2006-2007-2008-2009-2010-2011-2012
Horace Jenkins,-0.28602069511988,-0.008753059092644776,-0.27726763602723525,2002-2003-2004-2005-2006-2007-2008-2009-2010-2011-2012
Dexter Pittman,-0.36154158681777004,-0.08041040135397999,-0.28113118546379,2002-2003-2004-2005-2006-2007-2008-2009-2010-2011-2012
Cedric Simmons,-0.16063702382171002,0.12119201408222001,-0.28182903790393,2002-2003-2004-2005-2006-2007-2008-2009-2010-2011-2012
Tyler Honeycutt,0.04985891509406,0.33189415105006,-0.282035235956,2002-2003-2004-2005-2006-2007-2008-2009-2010-2011-2012
Sam Mitchell,-0.1479565874339,0.13602066250585002,-0.28397724993975,2002-2003-2004-2005-2006-2007-2008-2009-2010-2011-2012
Terrence Williams,-0.0335428673425,0.25272176541862,-0.28626463276111996,2002-2003-2004-2005-2006-2007-2008-2009-2010-2011-2012
Marcus Williams,-0.14959164053369003,0.14019589827018,-0.28978753880387004,2002-2003-2004-2005-2006-2007-2008-2009-2010-2011-2012
Fred Jones,-1.6084498391322402,-1.31352407488875,-0.29492576424349004,2002-2003-2004-2005-2006-2007-2008-2009-2010-2011-2012
DeJuan Blair,-0.002273119255421995,0.29331782695944,-0.295590946214862,2002-2003-2004-2005-2006-2007-2008-2009-2010-2011-2012
Kareem Rush,-0.6665362567609,-0.36725912995414,-0.29927712680676,2002-2003-2004-2005-2006-2007-2008-2009-2010-2011-2012
Derrick Byars,-0.18556653915502,0.11398914396337,-0.29955568311839004,2002-2003-2004-2005-2006-2007-2008-2009-2010-2011-2012
Lance Thomas,-0.76552356417219,-0.46228153338847,-0.30324203078372003,2002-2003-2004-2005-2006-2007-2008-2009-2010-2011-2012
Malik Rose,-1.15583970773375,-0.8517067618924,-0.30413294584135003,2002-2003-2004-2005-2006-2007-2008-2009-2010-2011-2012
Don Reid,0.07630553686306,0.38685693419298,-0.31055139732992004,2002-2003-2004-2005-2006-2007-2008-2009-2010-2011-2012
Viktor Khryapa,-0.57921703075698,-0.26842166546048,-0.3107953652964999,2002-2003-2004-2005-2006-2007-2008-2009-2010-2011-2012
Marcus Vinicius,0.23727665652498003,0.54839819699305,-0.31112154046807,2002-2003-2004-2005-2006-2007-2008-2009-2010-2011-2012
Darko Milicic,-0.30806909795306,0.004376681715320578,-0.3124457796683806,2002-2003-2004-2005-2006-2007-2008-2009-2010-2011-2012
Ish Smith,-0.67727603437192,-0.36349280851347,-0.31378322585845,2002-2003-2004-2005-2006-2007-2008-2009-2010-2011-2012
Jumaine Jones,0.57599952567823,0.89244946537596,-0.31644993969773005,2002-2003-2004-2005-2006-2007-2008-2009-2010-2011-2012
Charlie Ward,0.12392745079135999,0.44104612678856003,-0.3171186759972,2002-2003-2004-2005-2006-2007-2008-2009-2010-2011-2012
Armon Johnson,-0.49526583566267,-0.17425844308243,-0.32100739258023997,2002-2003-2004-2005-2006-2007-2008-2009-2010-2011-2012
Luke Ridnour,0.29207379090015,0.6223236160178001,-0.33024982511765,2002-2003-2004-2005-2006-2007-2008-2009-2010-2011-2012
Mike Batiste,-0.4227835687753,-0.09136374168409,-0.33141982709121,2002-2003-2004-2005-2006-2007-2008-2009-2010-2011-2012
Jarrett Jack,0.06753689356892001,0.40564471002387,-0.33810781645494997,2002-2003-2004-2005-2006-2007-2008-2009-2010-2011-2012
Michael Bradley,-0.35005189715511004,-0.01102387356006,-0.33902802359505,2002-2003-2004-2005-2006-2007-2008-2009-2010-2011-2012
Andre Brown,-0.026900389467539997,0.31530456284697,-0.34220495231451,2002-2003-2004-2005-2006-2007-2008-2009-2010-2011-2012
Derrick Zimmerman,-0.23536563449790998,0.11054145237804,-0.34590708687595,2002-2003-2004-2005-2006-2007-2008-2009-2010-2011-2012
James Johnson,-0.32772015112062003,0.018547178342860002,-0.34626732946348004,2002-2003-2004-2005-2006-2007-2008-2009-2010-2011-2012
Klay Thompson,-0.03612108491937,0.3108965786059,-0.34701766352527,2002-2003-2004-2005-2006-2007-2008-2009-2010-2011-2012
James Singleton,-0.31779802882426,0.0312462262056,-0.34904425502986,2002-2003-2004-2005-2006-2007-2008-2009-2010-2011-2012
Larry Hughes,-0.45914760662836995,-0.11000769088706,-0.34913991574131,2002-2003-2004-2005-2006-2007-2008-2009-2010-2011-2012
Zendon Hamilton,0.040219825427749996,0.39128672658022,-0.35106690115247,2002-2003-2004-2005-2006-2007-2008-2009-2010-2011-2012
Hedo Turkoglu,0.02960357345158,0.38070416640488997,-0.35110059295331,2002-2003-2004-2005-2006-2007-2008-2009-2010-2011-2012
Mike Harris,-0.23527689939969,0.1192278707074,-0.35450477010709003,2002-2003-2004-2005-2006-2007-2008-2009-2010-2011-2012
Karl Malone,-1.80905493254969,-1.4516636672321301,-0.35739126531756005,2002-2003-2004-2005-2006-2007-2008-2009-2010-2011-2012
Boniface Ndong,-0.016044856781870002,0.34178809183543,-0.35783294861730003,2002-2003-2004-2005-2006-2007-2008-2009-2010-2011-2012
Michael Jordan,-0.1304625446045,0.23120992221826003,-0.36167246682276,2002-2003-2004-2005-2006-2007-2008-2009-2010-2011-2012
Brandon Hunter,0.15124272191004998,0.51973445913872,-0.36849173722867,2002-2003-2004-2005-2006-2007-2008-2009-2010-2011-2012
Trajan Langdon,-0.29658628311303004,0.07196847612834,-0.36855475924137,2002-2003-2004-2005-2006-2007-2008-2009-2010-2011-2012
Chris Mihm,0.49482581979302,0.86412118117414,-0.3692953613811201,2002-2003-2004-2005-2006-2007-2008-2009-2010-2011-2012
Marcus Thornton,0.21211504410749002,0.58219997520904,-0.37008493110155,2002-2003-2004-2005-2006-2007-2008-2009-2010-2011-2012
Michael Stewart,0.11690788867646999,0.48886836880837997,-0.37196048013190997,2002-2003-2004-2005-2006-2007-2008-2009-2010-2011-2012
Uros Slokar,-0.22662730551897997,0.14548578600262999,-0.37211309152160993,2002-2003-2004-2005-2006-2007-2008-2009-2010-2011-2012
Ron Mercer,0.008250914139514606,0.38091726869908,-0.3726663545595654,2002-2003-2004-2005-2006-2007-2008-2009-2010-2011-2012
Tyrone Hill,0.39676310577135,0.76953762810754,-0.37277452233619,2002-2003-2004-2005-2006-2007-2008-2009-2010-2011-2012
Chris Jefferies,-0.25867418069226,0.11720430005712999,-0.37587848074939,2002-2003-2004-2005-2006-2007-2008-2009-2010-2011-2012
Patrick Patterson,-0.19558161683063,0.18046185001755,-0.37604346684817996,2002-2003-2004-2005-2006-2007-2008-2009-2010-2011-2012
Jerome James,0.42255658899091997,0.80504532836676,-0.3824887393758401,2002-2003-2004-2005-2006-2007-2008-2009-2010-2011-2012
Sundiata Gaines,0.2115446548849,0.59486145828515,-0.38331680340025,2002-2003-2004-2005-2006-2007-2008-2009-2010-2011-2012
Kevin Willis,-0.81518660835257,-0.42987471377485,-0.38531189457771997,2002-2003-2004-2005-2006-2007-2008-2009-2010-2011-2012
Andray Blatche,-0.47225444607100997,-0.08502964165865,-0.38722480441235996,2002-2003-2004-2005-2006-2007-2008-2009-2010-2011-2012
Mitch Richmond,0.08878432014009,0.48490123614019004,-0.39611691600010007,2002-2003-2004-2005-2006-2007-2008-2009-2010-2011-2012
Vernon Macklin,-0.12873040085873,0.27068937859742,-0.39941977945615,2002-2003-2004-2005-2006-2007-2008-2009-2010-2011-2012
Gary Forbes,-0.62644118367641,-0.22662548326537,-0.39981570041104,2002-2003-2004-2005-2006-2007-2008-2009-2010-2011-2012
Luke Harangody,-0.13299912595336,0.26784399224586,-0.40084311819921997,2002-2003-2004-2005-2006-2007-2008-2009-2010-2011-2012
Nick Young,0.34064310634701,0.74261065533652,-0.40196754898951004,2002-2003-2004-2005-2006-2007-2008-2009-2010-2011-2012
Luke Schenscher,-0.35675502762766004,0.04529050785477,-0.40204553548243,2002-2003-2004-2005-2006-2007-2008-2009-2010-2011-2012
Dale Davis,-1.45933845013584,-1.05657598837478,-0.40276246176106,2002-2003-2004-2005-2006-2007-2008-2009-2010-2011-2012
Luke Jackson,0.007318170505958587,0.41256533059828,-0.4052471600923214,2002-2003-2004-2005-2006-2007-2008-2009-2010-2011-2012
Travis Knight,0.14023283131247,0.54730221196705,-0.40706938065458,2002-2003-2004-2005-2006-2007-2008-2009-2010-2011-2012
Patrick Ewing,0.11510947998492368,0.52228878565195,-0.4071793056670263,2002-2003-2004-2005-2006-2007-2008-2009-2010-2011-2012
Bob Sura,0.43209808876029004,0.83977293920629,-0.40767485044600005,2002-2003-2004-2005-2006-2007-2008-2009-2010-2011-2012
Anthony Mason,0.025192290950069997,0.43321221923668,-0.40801992828661,2002-2003-2004-2005-2006-2007-2008-2009-2010-2011-2012
Brandon Roy,-0.43773462637493,-0.02937853287302,-0.40835609350191004,2002-2003-2004-2005-2006-2007-2008-2009-2010-2011-2012
Rashad McCants,-0.11306695667964,0.29594104062888,-0.40900799730852,2002-2003-2004-2005-2006-2007-2008-2009-2010-2011-2012
Ryan Gomes,-0.15447047872138,0.25790655042005,-0.41237702914143004,2002-2003-2004-2005-2006-2007-2008-2009-2010-2011-2012
Mamadou N'diaye,-0.12128092332236,0.29940279447559,-0.42068371779795,2002-2003-2004-2005-2006-2007-2008-2009-2010-2011-2012
Earl Watson,-0.13519668263626,0.28746220097781,-0.42265888361407,2002-2003-2004-2005-2006-2007-2008-2009-2010-2011-2012
Dean Oliver,-0.37483254331715,0.04947863363240999,-0.42431117694956,2002-2003-2004-2005-2006-2007-2008-2009-2010-2011-2012
Manny Harris,0.006943313699582545,0.4324612675308,-0.4255179538312175,2002-2003-2004-2005-2006-2007-2008-2009-2010-2011-2012
Maciej Lampe,-0.49627553653884005,-0.07034166496710001,-0.42593387157174,2002-2003-2004-2005-2006-2007-2008-2009-2010-2011-2012
Lazar Hayward,-0.22402551821332997,0.20376955985391998,-0.42779507806725,2002-2003-2004-2005-2006-2007-2008-2009-2010-2011-2012
David Wesley,-0.18020128498266,0.24791155512474003,-0.4281128401074,2002-2003-2004-2005-2006-2007-2008-2009-2010-2011-2012
Ronald Dupree,-0.7855551478479,-0.35496734304411,-0.43058780480379,2002-2003-2004-2005-2006-2007-2008-2009-2010-2011-2012
Joel Przybilla,0.92862520361846,1.3599932987410799,-0.43136809512261987,2002-2003-2004-2005-2006-2007-2008-2009-2010-2011-2012
Jeremy Pargo,-0.2971113867553,0.13686004578664998,-0.43397143254195003,2002-2003-2004-2005-2006-2007-2008-2009-2010-2011-2012
Jimmer Fredette,-0.11894792980293001,0.3169574252454,-0.43590535504833006,2002-2003-2004-2005-2006-2007-2008-2009-2010-2011-2012
Keyon Dooling,-0.86938733351843,-0.43281436956415,-0.43657296395428,2002-2003-2004-2005-2006-2007-2008-2009-2010-2011-2012
Eric Gordon,0.23511261621324003,0.67241951757953,-0.4373069013662899,2002-2003-2004-2005-2006-2007-2008-2009-2010-2011-2012
Amir Johnson,-0.5546105864539,-0.11491847941809,-0.43969210703581,2002-2003-2004-2005-2006-2007-2008-2009-2010-2011-2012
Lance Allred,-0.1557158787182,0.28603548860125,-0.44175136731945,2002-2003-2004-2005-2006-2007-2008-2009-2010-2011-2012
Nick Fazekas,-0.18871390217456,0.25509631178024,-0.4438102139548,2002-2003-2004-2005-2006-2007-2008-2009-2010-2011-2012
Zarko Cabarkapa,-0.20307619422639,0.24325350988708,-0.44632970411346995,2002-2003-2004-2005-2006-2007-2008-2009-2010-2011-2012
Jerryd Bayless,-0.3211706869305,0.13124381777687,-0.45241450470736994,2002-2003-2004-2005-2006-2007-2008-2009-2010-2011-2012
Jeff Trepagnier,-0.16852039475222,0.28508037237164,-0.45360076712386,2002-2003-2004-2005-2006-2007-2008-2009-2010-2011-2012
JR Smith,0.35567108531986996,0.81425346474023,-0.45858237942035995,2002-2003-2004-2005-2006-2007-2008-2009-2010-2011-2012
Tierre Brown,-0.39688143314213004,0.06899113585555,-0.46587256899768004,2002-2003-2004-2005-2006-2007-2008-2009-2010-2011-2012
Tamar Slay,-0.7216564121558801,-0.2368112051165,-0.48484520703938,2002-2003-2004-2005-2006-2007-2008-2009-2010-2011-2012
Lance Stephenson,-0.14698365201858,0.34189062156961997,-0.4888742735882,2002-2003-2004-2005-2006-2007-2008-2009-2010-2011-2012
Jelani McCoy,-0.16092355328972,0.33175574857435997,-0.49267930186407993,2002-2003-2004-2005-2006-2007-2008-2009-2010-2011-2012
Vincent Yarbrough,-0.16965424451853,0.32439113967262,-0.49404538419114996,2002-2003-2004-2005-2006-2007-2008-2009-2010-2011-2012
Cherokee Parks,-0.30010213380245,0.19439259805446998,-0.49449473185691994,2002-2003-2004-2005-2006-2007-2008-2009-2010-2011-2012
Steve Novak,-0.24785260210600998,0.24925103604089,-0.49710363814690006,2002-2003-2004-2005-2006-2007-2008-2009-2010-2011-2012
Alan Henderson,-0.23844382756413002,0.26042726833022,-0.49887109589434997,2002-2003-2004-2005-2006-2007-2008-2009-2010-2011-2012
Wayne Simien,-0.59700517919766,-0.09797856078546999,-0.49902661841219004,2002-2003-2004-2005-2006-2007-2008-2009-2010-2011-2012
Jeff Green,-0.87511484194524,-0.37471756832693,-0.50039727361831,2002-2003-2004-2005-2006-2007-2008-2009-2010-2011-2012
Derek Anderson,-0.53202071867944,-0.022114227319089998,-0.5099064913603499,2002-2003-2004-2005-2006-2007-2008-2009-2010-2011-2012
Eddie House,0.5656251800506601,1.07789224110879,-0.5122670610581299,2002-2003-2004-2005-2006-2007-2008-2009-2010-2011-2012
Oliver Miller,-0.20988131199666998,0.30404317768027,-0.5139244896769399,2002-2003-2004-2005-2006-2007-2008-2009-2010-2011-2012
Nikola Pekovic,0.08427605838461,0.60211772664728,-0.5178416682626701,2002-2003-2004-2005-2006-2007-2008-2009-2010-2011-2012
Tim Hardaway,-0.07504659164484,0.44372893847268,-0.5187755301175201,2002-2003-2004-2005-2006-2007-2008-2009-2010-2011-2012
Justin Williams,0.33669931061996,0.85909222492161,-0.52239291430165,2002-2003-2004-2005-2006-2007-2008-2009-2010-2011-2012
Brandan Wright,-0.39957244592738006,0.12435257410155,-0.52392502002893,2002-2003-2004-2005-2006-2007-2008-2009-2010-2011-2012
Juan Carlos Navarro,-0.10911968470985,0.41741931320242004,-0.52653899791227,2002-2003-2004-2005-2006-2007-2008-2009-2010-2011-2012
Jacque Vaughn,-1.08117756969459,-0.5533368843062,-0.5278406853883899,2002-2003-2004-2005-2006-2007-2008-2009-2010-2011-2012
Bryant Stith,-0.39815996003552,0.13139611537445,-0.5295560754099701,2002-2003-2004-2005-2006-2007-2008-2009-2010-2011-2012
Ersan Ilyasova,-0.53009626195352,0.003869307441588644,-0.5339655693951086,2002-2003-2004-2005-2006-2007-2008-2009-2010-2011-2012
Gordon Hayward,-0.29193234103742,0.24263331666624002,-0.5345656577036599,2002-2003-2004-2005-2006-2007-2008-2009-2010-2011-2012
Terence Morris,-0.34411130918486,0.1939042187121,-0.53801552789696,2002-2003-2004-2005-2006-2007-2008-2009-2010-2011-2012
Jason Kapono,-0.45086458355425,0.09024727741655,-0.5411118609708001,2002-2003-2004-2005-2006-2007-2008-2009-2010-2011-2012
Ed Davis,-0.56788023909777,-0.02523573280721,-0.54264450629056,2002-2003-2004-2005-2006-2007-2008-2009-2010-2011-2012
Brian Shaw,-0.12722379929875,0.43055064082536,-0.55777444012411,2002-2003-2004-2005-2006-2007-2008-2009-2010-2011-2012
Kenny Thomas,1.05695543259373,1.6179497021253,-0.5609942695315701,2002-2003-2004-2005-2006-2007-2008-2009-2010-2011-2012
Oleksiy Pecherov,-0.03463952253104,0.52750110964492,-0.56214063217596,2002-2003-2004-2005-2006-2007-2008-2009-2010-2011-2012
Smush Parker,-1.15095735053261,-0.5868833962514599,-0.5640739542811501,2002-2003-2004-2005-2006-2007-2008-2009-2010-2011-2012
Ben Handlogten,0.032009902910810004,0.5962805883935299,-0.56427068548272,2002-2003-2004-2005-2006-2007-2008-2009-2010-2011-2012
Maurice Evans,-0.43050212171693997,0.13605962865510002,-0.56656175037204,2002-2003-2004-2005-2006-2007-2008-2009-2010-2011-2012
Von Wafer,-0.69185161946677,-0.12523972672524,-0.56661189274153,2002-2003-2004-2005-2006-2007-2008-2009-2010-2011-2012
Derrick Brown,-0.30329772834679,0.26538583623719997,-0.56868356458399,2002-2003-2004-2005-2006-2007-2008-2009-2010-2011-2012
DeAndre Liggins,-0.57361571134721,-0.002898652235060392,-0.5707170591121496,2002-2003-2004-2005-2006-2007-2008-2009-2010-2011-2012
Kelenna Azubuike,-0.19367997926998,0.38235676937505997,-0.57603674864504,2002-2003-2004-2005-2006-2007-2008-2009-2010-2011-2012
Dalibor Bagaric,-0.18838429619103,0.38884608599153,-0.57723038218256,2002-2003-2004-2005-2006-2007-2008-2009-2010-2011-2012
Greg Anthony,-0.5137859110002999,0.06435677222766001,-0.5781426832279599,2002-2003-2004-2005-2006-2007-2008-2009-2010-2011-2012
Darnell Jackson,-0.11085718850563,0.47461732502285,-0.58547451352848,2002-2003-2004-2005-2006-2007-2008-2009-2010-2011-2012
Jerome Williams,0.28924544326464996,0.87536226969197,-0.58611682642732,2002-2003-2004-2005-2006-2007-2008-2009-2010-2011-2012
Sean Marks,-1.07728463785173,-0.48555941919943,-0.5917252186523,2002-2003-2004-2005-2006-2007-2008-2009-2010-2011-2012
Josh Childress,0.76350704369059,1.35777601837701,-0.5942689746864199,2002-2003-2004-2005-2006-2007-2008-2009-2010-2011-2012
Glen Davis,0.47934739320709996,1.07812042788394,-0.5987730346768401,2002-2003-2004-2005-2006-2007-2008-2009-2010-2011-2012
Charles Smith,-0.44437631624991,0.15470774239645,-0.5990840586463599,2002-2003-2004-2005-2006-2007-2008-2009-2010-2011-2012
Earl Barron,-0.46733818907684,0.13235509075539,-0.59969327983223,2002-2003-2004-2005-2006-2007-2008-2009-2010-2011-2012
Andrew Goudelock,-0.32840926128388,0.27300755193196996,-0.6014168132158499,2002-2003-2004-2005-2006-2007-2008-2009-2010-2011-2012
Yi Jianlian,-0.7747331410341001,-0.17012498081431,-0.6046081602197901,2002-2003-2004-2005-2006-2007-2008-2009-2010-2011-2012
Luke Babbitt,-0.22295887391125999,0.38408579319278,-0.60704466710404,2002-2003-2004-2005-2006-2007-2008-2009-2010-2011-2012
Julian Wright,-0.59328093398603,0.01530011279756,-0.60858104678359,2002-2003-2004-2005-2006-2007-2008-2009-2010-2011-2012
Tyronn Lue,1.06201171639292,1.67085517705438,-0.6088434606614601,2002-2003-2004-2005-2006-2007-2008-2009-2010-2011-2012
Jaren Jackson,-0.19905338939219,0.41166459582657,-0.61071798521876,2002-2003-2004-2005-2006-2007-2008-2009-2010-2011-2012
Mark Bryant,-0.68570737379027,-0.06431778025892,-0.62138959353135,2002-2003-2004-2005-2006-2007-2008-2009-2010-2011-2012
Daequan Cook,0.55976837936674,1.18117712389121,-0.62140874452447,2002-2003-2004-2005-2006-2007-2008-2009-2010-2011-2012
J.J. Barea,0.25963238953066,0.8817408391971,-0.62210844966644,2002-2003-2004-2005-2006-2007-2008-2009-2010-2011-2012
Damone Brown,-0.18961780582624,0.43451261427334004,-0.6241304200995801,2002-2003-2004-2005-2006-2007-2008-2009-2010-2011-2012
Michael Curry,-0.93668955191406,-0.31181898323373997,-0.6248705686803201,2002-2003-2004-2005-2006-2007-2008-2009-2010-2011-2012
Gary Neal,0.35620490632562996,0.9811785642509899,-0.62497365792536,2002-2003-2004-2005-2006-2007-2008-2009-2010-2011-2012
Lamond Murray,-0.07456363376977,0.55306126119572,-0.62762489496549,2002-2003-2004-2005-2006-2007-2008-2009-2010-2011-2012
James Jones,-0.69431065123866,-0.054920620637209996,-0.63939003060145,2002-2003-2004-2005-2006-2007-2008-2009-2010-2011-2012
Mark Jackson,0.45774510362853,1.10983482578092,-0.65208972215239,2002-2003-2004-2005-2006-2007-2008-2009-2010-2011-2012
Jeremy Tyler,-0.16506752139623,0.48716522096196,-0.65223274235819,2002-2003-2004-2005-2006-2007-2008-2009-2010-2011-2012
Anthony Parker,0.62067932648746,1.27452565370786,-0.6538463272204,2002-2003-2004-2005-2006-2007-2008-2009-2010-2011-2012
Caron Butler,-1.24038900393704,-0.5856547960401001,-0.65473420789694,2002-2003-2004-2005-2006-2007-2008-2009-2010-2011-2012
Shammond Williams,-0.10435734816423,0.55536665933475,-0.65972400749898,2002-2003-2004-2005-2006-2007-2008-2009-2010-2011-2012
Justin Harper,-0.43517977441329003,0.22598811439167002,-0.66116788880496,2002-2003-2004-2005-2006-2007-2008-2009-2010-2011-2012
Michael Olowokandi,-0.9658475281617,-0.30464386986539,-0.66120365829631,2002-2003-2004-2005-2006-2007-2008-2009-2010-2011-2012
D.J. Kennedy,-0.45248736601525996,0.21162436911174998,-0.66411173512701,2002-2003-2004-2005-2006-2007-2008-2009-2010-2011-2012
Jon Leuer,-0.5186749118726299,0.14624835026457,-0.6649232621372,2002-2003-2004-2005-2006-2007-2008-2009-2010-2011-2012
Lou Amundson,-0.82152136104465,-0.15471535411586002,-0.66680600692879,2002-2003-2004-2005-2006-2007-2008-2009-2010-2011-2012
Bostjan Nachbar,-0.29767760341656,0.37886834165787997,-0.67654594507444,2002-2003-2004-2005-2006-2007-2008-2009-2010-2011-2012
Charlie Bell,0.7440184425975099,1.4237740774091199,-0.6797556348116099,2002-2003-2004-2005-2006-2007-2008-2009-2010-2011-2012
Derrick McKey,0.003058546333696892,0.68813078069999,-0.685072234366293,2002-2003-2004-2005-2006-2007-2008-2009-2010-2011-2012
Linton Johnson,-0.33109855092443,0.35438841074863,-0.68548696167306,2002-2003-2004-2005-2006-2007-2008-2009-2010-2011-2012
Chris Kaman,-1.33221595593049,-0.64468392124156,-0.68753203468893,2002-2003-2004-2005-2006-2007-2008-2009-2010-2011-2012
Eric Maynor,-0.56349915829837,0.12403526918356,-0.68753442748193,2002-2003-2004-2005-2006-2007-2008-2009-2010-2011-2012
Monta Ellis,0.061182671106570004,0.7527097313154499,-0.69152706020888,2002-2003-2004-2005-2006-2007-2008-2009-2010-2011-2012
Paul Shirley,-0.2671827820807,0.42968704141665,-0.6968698234973499,2002-2003-2004-2005-2006-2007-2008-2009-2010-2011-2012
Jordan Farmar,-0.85542305522252,-0.156791305971,-0.6986317492515202,2002-2003-2004-2005-2006-2007-2008-2009-2010-2011-2012
Alvin Jones,-0.39797022946724003,0.30723174487957,-0.70520197434681,2002-2003-2004-2005-2006-2007-2008-2009-2010-2011-2012
Casey Jacobsen,-0.87209414177064,-0.15848399249323,-0.71361014927741,2002-2003-2004-2005-2006-2007-2008-2009-2010-2011-2012
Ira Newble,-1.18148347981009,-0.46561261724534,-0.71587086256475,2002-2003-2004-2005-2006-2007-2008-2009-2010-2011-2012
Brevin Knight,-0.73709240846685,-0.01408508275856,-0.72300732570829,2002-2003-2004-2005-2006-2007-2008-2009-2010-2011-2012
Kurt Thomas,-0.26004172847859,0.46718860798292,-0.7272303364615099,2002-2003-2004-2005-2006-2007-2008-2009-2010-2011-2012
Austin Croshere,-0.021598887934170002,0.71144268368089,-0.73304157161506,2002-2003-2004-2005-2006-2007-2008-2009-2010-2011-2012
Willie Green,-0.21609251255299,0.52397817071071,-0.7400706832637,2002-2003-2004-2005-2006-2007-2008-2009-2010-2011-2012
Keith Van Horn,-0.26116832093161,0.47939403574823997,-0.7405623566798499,2002-2003-2004-2005-2006-2007-2008-2009-2010-2011-2012
Dorell Wright,-0.82368444011983,-0.08000607906003,-0.7436783610598001,2002-2003-2004-2005-2006-2007-2008-2009-2010-2011-2012
Darrell Armstrong,-0.81367379917035,-0.06711685966966,-0.74655693950069,2002-2003-2004-2005-2006-2007-2008-2009-2010-2011-2012
Zeljko Rebraca,-0.30260407223789,0.44544657888296,-0.74805065112085,2002-2003-2004-2005-2006-2007-2008-2009-2010-2011-2012
Jeff McInnis,0.27772135488355004,1.03200145388576,-0.7542800990022099,2002-2003-2004-2005-2006-2007-2008-2009-2010-2011-2012
Corliss Williamson,-1.25091228606725,-0.4915828581812,-0.75932942788605,2002-2003-2004-2005-2006-2007-2008-2009-2010-2011-2012
Mouhamed Sene,-0.37839207367521,0.38104924710757,-0.7594413207827799,2002-2003-2004-2005-2006-2007-2008-2009-2010-2011-2012
Jamal Crawford,1.06873233056645,1.83275248196045,-0.7640201513940001,2002-2003-2004-2005-2006-2007-2008-2009-2010-2011-2012
Gustavo Ayon,-0.81772583181727,-0.04659174738953,-0.7711340844277399,2002-2003-2004-2005-2006-2007-2008-2009-2010-2011-2012
Milt Palacio,-0.63422727648164,0.14965226060264,-0.78387953708428,2002-2003-2004-2005-2006-2007-2008-2009-2010-2011-2012
Alex Acker,-0.2556205432664,0.5342916932419199,-0.78991223650832,2002-2003-2004-2005-2006-2007-2008-2009-2010-2011-2012
Shannon Brown,0.28256237297305004,1.0755435969465,-0.7929812239734501,2002-2003-2004-2005-2006-2007-2008-2009-2010-2011-2012
Oscar Torres,-0.64951327900227,0.14471283728631,-0.79422611628858,2002-2003-2004-2005-2006-2007-2008-2009-2010-2011-2012
Anthony Tolliver,-0.86454197090759,-0.06933193047806001,-0.79521004042953,2002-2003-2004-2005-2006-2007-2008-2009-2010-2011-2012
Donell Taylor,-0.82841928046148,-0.03214523728177,-0.79627404317971,2002-2003-2004-2005-2006-2007-2008-2009-2010-2011-2012
Grant Long,-0.36420713478909,0.43380333100998997,-0.7980104657990799,2002-2003-2004-2005-2006-2007-2008-2009-2010-2011-2012
Michael Finley,-0.26940308609126,0.53242063190855,-0.8018237179998101,2002-2003-2004-2005-2006-2007-2008-2009-2010-2011-2012
Evan Turner,-1.23659316645661,-0.42990120784974,-0.8066919586068699,2002-2003-2004-2005-2006-2007-2008-2009-2010-2011-2012
Emeka Okafor,-0.64211493848707,0.17377951626731,-0.8158944547543799,2002-2003-2004-2005-2006-2007-2008-2009-2010-2011-2012
Melvin Ely,-0.2260398449507,0.59144073694472,-0.8174805818954199,2002-2003-2004-2005-2006-2007-2008-2009-2010-2011-2012
Craig Smith,0.0009487495174785055,0.81849506086243,-0.8175463113449515,2002-2003-2004-2005-2006-2007-2008-2009-2010-2011-2012
Antonio McDyess,-1.19321572600922,-0.36451632675492,-0.8286993992543,2002-2003-2004-2005-2006-2007-2008-2009-2010-2011-2012
Eddie Gill,-0.6105939495096601,0.22133588181782,-0.8319298313274801,2002-2003-2004-2005-2006-2007-2008-2009-2010-2011-2012
Robert Pack,-0.09197832723109,0.74341168600448,-0.83539001323557,2002-2003-2004-2005-2006-2007-2008-2009-2010-2011-2012
Daniel Orton,-0.75655160034261,0.08049410863275,-0.83704570897536,2002-2003-2004-2005-2006-2007-2008-2009-2010-2011-2012
Maurice Ager,-0.56944460332235,0.27107784040415,-0.8405224437265,2002-2003-2004-2005-2006-2007-2008-2009-2010-2011-2012
Ruben Patterson,0.76933555547983,1.61021185004889,-0.8408762945690599,2002-2003-2004-2005-2006-2007-2008-2009-2010-2011-2012
Reece Gaines,-0.27536457548474,0.5693499278738,-0.8447145033585399,2002-2003-2004-2005-2006-2007-2008-2009-2010-2011-2012
Shawn Bradley,-0.55061840851791,0.29591846850441,-0.8465368770223201,2002-2003-2004-2005-2006-2007-2008-2009-2010-2011-2012
Anthony Morrow,-0.29549054213696,0.55194284612998,-0.84743338826694,2002-2003-2004-2005-2006-2007-2008-2009-2010-2011-2012
Norris Cole,-1.23893487497414,-0.39124226451332,-0.84769261046082,2002-2003-2004-2005-2006-2007-2008-2009-2010-2011-2012
Devin Harris,-0.69834199509812,0.15022306151464998,-0.8485650566127702,2002-2003-2004-2005-2006-2007-2008-2009-2010-2011-2012
Earl Boykins,-0.45614358665398996,0.39258701672548,-0.8487306033794699,2002-2003-2004-2005-2006-2007-2008-2009-2010-2011-2012
Josh Smith,-0.0631965227393,0.79571918473444,-0.85891570747374,2002-2003-2004-2005-2006-2007-2008-2009-2010-2011-2012
Will Solomon,-0.47540606100206,0.3863533371807,-0.86175939818276,2002-2003-2004-2005-2006-2007-2008-2009-2010-2011-2012
Rodney Buford,-0.26549401547691,0.59742056427768,-0.8629145797545901,2002-2003-2004-2005-2006-2007-2008-2009-2010-2011-2012
Othella Harrington,-0.25212698594755,0.61621463082493,-0.8683416167724799,2002-2003-2004-2005-2006-2007-2008-2009-2010-2011-2012
Thabo Sefolosha,-2.30196601694973,-1.42838299637983,-0.8735830205699,2002-2003-2004-2005-2006-2007-2008-2009-2010-2011-2012
Dominic McGuire,-0.44811760543833995,0.42565907886758003,-0.87377668430592,2002-2003-2004-2005-2006-2007-2008-2009-2010-2011-2012
Hakim Warrick,-0.60248998260228,0.27444312798932996,-0.87693311059161,2002-2003-2004-2005-2006-2007-2008-2009-2010-2011-2012
Dan Dickau,-0.20366494004614,0.67641660363769,-0.88008154368383,2002-2003-2004-2005-2006-2007-2008-2009-2010-2011-2012
Brook Lopez,-0.61176934732507,0.26893279486709,-0.88070214219216,2002-2003-2004-2005-2006-2007-2008-2009-2010-2011-2012
Eduardo Najera,-0.79957412523119,0.08443447046890999,-0.8840085957001,2002-2003-2004-2005-2006-2007-2008-2009-2010-2011-2012
Chris Douglas-Roberts,-0.55574765021298,0.32947221528835,-0.8852198655013299,2002-2003-2004-2005-2006-2007-2008-2009-2010-2011-2012
Craig Brackins,-0.40308005559970006,0.4821671544846,-0.8852472100843001,2002-2003-2004-2005-2006-2007-2008-2009-2010-2011-2012
Landry Fields,-0.40190574319694994,0.48600513700771,-0.8879108802046599,2002-2003-2004-2005-2006-2007-2008-2009-2010-2011-2012
Samardo Samuels,-0.46560270869075004,0.4234312600051,-0.8890339686958502,2002-2003-2004-2005-2006-2007-2008-2009-2010-2011-2012
Dante Cunningham,-0.87866544297474,0.01307951716524,-0.8917449601399801,2002-2003-2004-2005-2006-2007-2008-2009-2010-2011-2012
Erick Strickland,0.048054761301790004,0.94058992578375,-0.89253516448196,2002-2003-2004-2005-2006-2007-2008-2009-2010-2011-2012
Michael Redd,1.15288305932211,2.04818439872157,-0.8953013393994602,2002-2003-2004-2005-2006-2007-2008-2009-2010-2011-2012
Qyntel Woods,-0.22363866326200002,0.67920955756174,-0.90284822082374,2002-2003-2004-2005-2006-2007-2008-2009-2010-2011-2012
Jarvis Hayes,-0.74735935133868,0.16238851422622,-0.9097478655649,2002-2003-2004-2005-2006-2007-2008-2009-2010-2011-2012
Mike Taylor,-0.5800824718856701,0.33354580378305,-0.91362827566872,2002-2003-2004-2005-2006-2007-2008-2009-2010-2011-2012
J.R. Bremer,-0.87815048260802,0.037209988843199995,-0.91536047145122,2002-2003-2004-2005-2006-2007-2008-2009-2010-2011-2012
Darryl Watkins,-0.41272642624371003,0.5066187691570501,-0.9193451954007601,2002-2003-2004-2005-2006-2007-2008-2009-2010-2011-2012
Gary Trent,-0.5737361218938299,0.34811238051488,-0.9218485024087099,2002-2003-2004-2005-2006-2007-2008-2009-2010-2011-2012
Al Thornton,-0.409337299092,0.51272060209836,-0.9220579011903599,2002-2003-2004-2005-2006-2007-2008-2009-2010-2011-2012
Dan Langhi,-0.6260581307597599,0.29700155176369,-0.9230596825234499,2002-2003-2004-2005-2006-2007-2008-2009-2010-2011-2012
Erick Dampier,0.08707023115153,1.01319776835491,-0.9261275372033799,2002-2003-2004-2005-2006-2007-2008-2009-2010-2011-2012
Sasha Pavlovic,-1.0994468894051999,-0.17094303280576,-0.9285038565994399,2002-2003-2004-2005-2006-2007-2008-2009-2010-2011-2012
Shandon Anderson,-0.539447309421,0.3909451289421,-0.9303924383631,2002-2003-2004-2005-2006-2007-2008-2009-2010-2011-2012
Iman Shumpert,-0.46242939469914,0.47224588664812,-0.93467528134726,2002-2003-2004-2005-2006-2007-2008-2009-2010-2011-2012
Loren Woods,-0.10078688021850998,0.84628959916128,-0.94707647937979,2002-2003-2004-2005-2006-2007-2008-2009-2010-2011-2012
Jermaine Jackson,-0.5416985427544301,0.40645035134627,-0.9481488941007001,2002-2003-2004-2005-2006-2007-2008-2009-2010-2011-2012
Juwan Howard,-0.47919933327116,0.47171654746053,-0.9509158807316901,2002-2003-2004-2005-2006-2007-2008-2009-2010-2011-2012
Nolan Smith,0.17398013128781,1.12627125869578,-0.9522911274079701,2002-2003-2004-2005-2006-2007-2008-2009-2010-2011-2012
Austin Daye,-0.34374698971278,0.61075931873417,-0.9545063084469501,2002-2003-2004-2005-2006-2007-2008-2009-2010-2011-2012
Pape Sow,0.6557149482298,1.62058857963357,-0.9648736314037698,2002-2003-2004-2005-2006-2007-2008-2009-2010-2011-2012
Toney Douglas,-0.51133835084139,0.45508377968415004,-0.9664221305255402,2002-2003-2004-2005-2006-2007-2008-2009-2010-2011-2012
Donny Marshall,-0.31020940483849,0.65657979522723,-0.9667892000657201,2002-2003-2004-2005-2006-2007-2008-2009-2010-2011-2012
Predrag Drobnjak,-1.0082391333458098,-0.04106135590148,-0.9671777774443299,2002-2003-2004-2005-2006-2007-2008-2009-2010-2011-2012
Chase Budinger,-0.47424433312793995,0.50121556930016,-0.9754599024281,2002-2003-2004-2005-2006-2007-2008-2009-2010-2011-2012
Stacey Augmon,-0.89270825685442,0.09140834779879001,-0.9841166046532102,2002-2003-2004-2005-2006-2007-2008-2009-2010-2011-2012
Troy Hudson,-0.10655768829279,0.8861651516583,-0.99272283995109,2002-2003-2004-2005-2006-2007-2008-2009-2010-2011-2012
Kemba Walker,-1.12280980810866,-0.12261430441846001,-1.0001955036902,2002-2003-2004-2005-2006-2007-2008-2009-2010-2011-2012
Scottie Pippen,-0.60488074483373,0.39547760668884,-1.00035835152257,2002-2003-2004-2005-2006-2007-2008-2009-2010-2011-2012
D.J. Augustin,-0.49811422329848,0.51886925429802,-1.0169834775964999,2002-2003-2004-2005-2006-2007-2008-2009-2010-2011-2012
Marvin Williams,-0.00741455080958241,1.0154082211409199,-1.0228227719505023,2002-2003-2004-2005-2006-2007-2008-2009-2010-2011-2012
Alonzo Gee,-0.55974870211012,0.46968058323314,-1.0294292853432598,2002-2003-2004-2005-2006-2007-2008-2009-2010-2011-2012
Marcus Camby,-0.9281832342244201,0.10330844989924,-1.0314916841236599,2002-2003-2004-2005-2006-2007-2008-2009-2010-2011-2012
Sam Young,-1.1229089320556,-0.08915088256679,-1.03375804948881,2002-2003-2004-2005-2006-2007-2008-2009-2010-2011-2012
Richard Jefferson,-1.89865274814615,-0.86193465179321,-1.0367180963529399,2002-2003-2004-2005-2006-2007-2008-2009-2010-2011-2012
Jason Collier,-0.22894570681386,0.8171138687335501,-1.04605957554741,2002-2003-2004-2005-2006-2007-2008-2009-2010-2011-2012
Pat Burke,-0.44600049128668007,0.60463039361952,-1.0506308849062,2002-2003-2004-2005-2006-2007-2008-2009-2010-2011-2012
MarShon Brooks,-0.18125447770239,0.88359465290998,-1.06484913061237,2002-2003-2004-2005-2006-2007-2008-2009-2010-2011-2012
Jake Tsakalidis,-0.40546887554626004,0.65959210191216,-1.06506097745842,2002-2003-2004-2005-2006-2007-2008-2009-2010-2011-2012
Ryan Anderson,-0.5818906738685,0.48881370558185994,-1.07070437945036,2002-2003-2004-2005-2006-2007-2008-2009-2010-2011-2012
Antoine Wright,-1.40410751370586,-0.33053648725483,-1.07357102645103,2002-2003-2004-2005-2006-2007-2008-2009-2010-2011-2012
Mickell Gladness,-0.7129722918211601,0.36224170398170996,-1.0752139958028701,2002-2003-2004-2005-2006-2007-2008-2009-2010-2011-2012
Joey Graham,-0.55076112200626,0.52805579752629,-1.0788169195325499,2002-2003-2004-2005-2006-2007-2008-2009-2010-2011-2012
Corie Blount,0.05919268634086,1.14387969224142,-1.08468700590056,2002-2003-2004-2005-2006-2007-2008-2009-2010-2011-2012
Mario West,-0.36589524115301,0.73071348575186,-1.0966087269048699,2002-2003-2004-2005-2006-2007-2008-2009-2010-2011-2012
Johnny Newman,-0.73792144717486,0.36663657319545,-1.1045580203703098,2002-2003-2004-2005-2006-2007-2008-2009-2010-2011-2012
Tyler Hansbrough,-0.59652657114445,0.50816787563958,-1.10469444678403,2002-2003-2004-2005-2006-2007-2008-2009-2010-2011-2012
Quincy Douby,-0.14799234717661,0.95816274478752,-1.1061550919641299,2002-2003-2004-2005-2006-2007-2008-2009-2010-2011-2012
Brandon Jennings,0.25409859020993997,1.36448884611698,-1.11039025590704,2002-2003-2004-2005-2006-2007-2008-2009-2010-2011-2012
Keith McLeod,-0.33609663917999,0.78371080658736,-1.1198074457673501,2002-2003-2004-2005-2006-2007-2008-2009-2010-2011-2012
Travis Best,0.24725265539462002,1.36980974444497,-1.12255708905035,2002-2003-2004-2005-2006-2007-2008-2009-2010-2011-2012
Cory Higgins,-1.10134283767432,0.02664941289557,-1.1279922505698898,2002-2003-2004-2005-2006-2007-2008-2009-2010-2011-2012
Mark Blount,-1.6396040189325,-0.5114683400985,-1.128135678834,2002-2003-2004-2005-2006-2007-2008-2009-2010-2011-2012
Omri Casspi,-0.68002735958284,0.45209429953793995,-1.1321216591207799,2002-2003-2004-2005-2006-2007-2008-2009-2010-2011-2012
Drew Gooden,-0.59018324492885,0.54234939661134,-1.13253264154019,2002-2003-2004-2005-2006-2007-2008-2009-2010-2011-2012
Hasheem Thabeet,-0.61145706810736,0.52545010453236,-1.1369071726397202,2002-2003-2004-2005-2006-2007-2008-2009-2010-2011-2012
Mickael Gelabale,-0.33744140340434997,0.80197147240893,-1.13941287581328,2002-2003-2004-2005-2006-2007-2008-2009-2010-2011-2012
Joe Smith,0.13961974206980998,1.28360451140988,-1.14398476934007,2002-2003-2004-2005-2006-2007-2008-2009-2010-2011-2012
Royal Ivey,-0.42821468896652,0.74425474767997,-1.17246943664649,2002-2003-2004-2005-2006-2007-2008-2009-2010-2011-2012
Clifford Robinson,-1.00513956481377,0.17399979385022002,-1.1791393586639898,2002-2003-2004-2005-2006-2007-2008-2009-2010-2011-2012
Anthony Goldwire,-0.40693983842147996,0.77860415277277,-1.18554399119425,2002-2003-2004-2005-2006-2007-2008-2009-2010-2011-2012
James White,-0.50437081133136,0.6817014779794,-1.1860722893107598,2002-2003-2004-2005-2006-2007-2008-2009-2010-2011-2012
Stephon Marbury,-1.51579436546627,-0.32445497511505,-1.19133939035122,2002-2003-2004-2005-2006-2007-2008-2009-2010-2011-2012
Rodney White,-0.7097592546318701,0.48475225936670996,-1.19451151399858,2002-2003-2004-2005-2006-2007-2008-2009-2010-2011-2012
Justin Reed,-0.1523484447391,1.04849821104327,-1.20084665578237,2002-2003-2004-2005-2006-2007-2008-2009-2010-2011-2012
Tom Gugliotta,-0.3386799096836,0.86949805572072,-1.20817796540432,2002-2003-2004-2005-2006-2007-2008-2009-2010-2011-2012
Zoran Planinic,-0.75285716560407,0.45884369575054995,-1.2117008613546199,2002-2003-2004-2005-2006-2007-2008-2009-2010-2011-2012
Wally Szczerbiak,-0.13118066612841,1.08742558936781,-1.2186062554962198,2002-2003-2004-2005-2006-2007-2008-2009-2010-2011-2012
Pat Garrity,-0.50276898052382,0.71682137819054,-1.21959035871436,2002-2003-2004-2005-2006-2007-2008-2009-2010-2011-2012
Mehmet Okur,-0.93078509406542,0.30070589093221,-1.23149098499763,2002-2003-2004-2005-2006-2007-2008-2009-2010-2011-2012
Jarron Collins,-1.33452141138883,-0.10058394520841,-1.2339374661804199,2002-2003-2004-2005-2006-2007-2008-2009-2010-2011-2012
Quincy Pondexter,-0.9776380806514899,0.25775219422532003,-1.23539027487681,2002-2003-2004-2005-2006-2007-2008-2009-2010-2011-2012
Gerald Green,-1.0967319173549501,0.14376465673701,-1.24049657409196,2002-2003-2004-2005-2006-2007-2008-2009-2010-2011-2012
Nikola Vucevic,-0.23718765457752,1.0071447710116401,-1.24433242558916,2002-2003-2004-2005-2006-2007-2008-2009-2010-2011-2012
Howard Eisley,-0.93759379929515,0.30866581585517,-1.24625961515032,2002-2003-2004-2005-2006-2007-2008-2009-2010-2011-2012
Chucky Atkins,-0.18634407697761,1.0641948311368399,-1.25053890811445,2002-2003-2004-2005-2006-2007-2008-2009-2010-2011-2012
Will Bynum,-0.13739848360898999,1.12459156400622,-1.26199004761521,2002-2003-2004-2005-2006-2007-2008-2009-2010-2011-2012
Vitaly Potapenko,-0.5168661490606,0.74764575908831,-1.26451190814891,2002-2003-2004-2005-2006-2007-2008-2009-2010-2011-2012
Delonte West,-0.8177562901981701,0.44916051339605995,-1.26691680359423,2002-2003-2004-2005-2006-2007-2008-2009-2010-2011-2012
Terrel Harris,-0.82666793866781,0.44282670308506006,-1.26949464175287,2002-2003-2004-2005-2006-2007-2008-2009-2010-2011-2012
Marcus Fizer,-0.015534494446669999,1.27522762134419,-1.29076211579086,2002-2003-2004-2005-2006-2007-2008-2009-2010-2011-2012
Etan Thomas,-0.01505085501598,1.2791873624583399,-1.2942382174743199,2002-2003-2004-2005-2006-2007-2008-2009-2010-2011-2012
Roger Mason Jr.,0.49913911461957,1.81882266059128,-1.3196835459717102,2002-2003-2004-2005-2006-2007-2008-2009-2010-2011-2012
Ramon Sessions,-0.74214884628374,0.58170787720508,-1.3238567234888199,2002-2003-2004-2005-2006-2007-2008-2009-2010-2011-2012
Darvin Ham,-1.91757119270427,-0.58869482725296,-1.3288763654513103,2002-2003-2004-2005-2006-2007-2008-2009-2010-2011-2012
David Harrison,-0.9853524933049499,0.34589016893736,-1.33124266224231,2002-2003-2004-2005-2006-2007-2008-2009-2010-2011-2012
Marc Jackson,-0.28375243096657,1.05426340051426,-1.3380158314808301,2002-2003-2004-2005-2006-2007-2008-2009-2010-2011-2012
Damien Wilkins,-0.36970878912397,0.97712286898613,-1.3468316581101,2002-2003-2004-2005-2006-2007-2008-2009-2010-2011-2012
Brian Cardinal,-0.53573951463332,0.8168352463303601,-1.35257476096368,2002-2003-2004-2005-2006-2007-2008-2009-2010-2011-2012
Danny Ferry,-1.6803024589106899,-0.32378486616477,-1.3565175927459199,2002-2003-2004-2005-2006-2007-2008-2009-2010-2011-2012
Aaron Brooks,-0.99929272536767,0.36374470479929,-1.3630374301669599,2002-2003-2004-2005-2006-2007-2008-2009-2010-2011-2012
Raymond Felton,-0.27592832582253,1.089825995603,-1.36575432142553,2002-2003-2004-2005-2006-2007-2008-2009-2010-2011-2012
Michael Doleac,-1.25858009289937,0.11130311320035999,-1.3698832060997301,2002-2003-2004-2005-2006-2007-2008-2009-2010-2011-2012
Jeff Foster,-1.28087237362158,0.08929131511654001,-1.37016368873812,2002-2003-2004-2005-2006-2007-2008-2009-2010-2011-2012
Tristan Thompson,-0.32118203168363,1.08635083153268,-1.4075328632163102,2002-2003-2004-2005-2006-2007-2008-2009-2010-2011-2012
Jason Williams,0.38754609358601,1.8084989793980801,-1.4209528858120701,2002-2003-2004-2005-2006-2007-2008-2009-2010-2011-2012
Kelvin Cato,-1.7151861055342499,-0.27953235793481,-1.43565374759944,2002-2003-2004-2005-2006-2007-2008-2009-2010-2011-2012
Jiri Welsch,-0.7284199496892599,0.71354944408141,-1.44196939377067,2002-2003-2004-2005-2006-2007-2008-2009-2010-2011-2012
Slava Medvedenko,-1.55209417970415,-0.07294899452386,-1.47914518518029,2002-2003-2004-2005-2006-2007-2008-2009-2010-2011-2012
Earl Clark,-0.98473708208864,0.49726295086664996,-1.4820000329552898,2002-2003-2004-2005-2006-2007-2008-2009-2010-2011-2012
Gerald Henderson,-0.68668691133154,0.80732794247624,-1.49401485380778,2002-2003-2004-2005-2006-2007-2008-2009-2010-2011-2012
Darrell Arthur,-1.05023777100233,0.46449878891438,-1.51473655991671,2002-2003-2004-2005-2006-2007-2008-2009-2010-2011-2012
Zydrunas Ilgauskas,-0.58911524943002,0.94046757265507,-1.52958282208509,2002-2003-2004-2005-2006-2007-2008-2009-2010-2011-2012
Thaddeus Young,0.226351572927,1.7599107140185901,-1.53355914109159,2002-2003-2004-2005-2006-2007-2008-2009-2010-2011-2012
DerMarr Johnson,-1.88643785750578,-0.35190749715207,-1.5345303603537102,2002-2003-2004-2005-2006-2007-2008-2009-2010-2011-2012
Leon Powe,-0.11804866094491,1.41667705478906,-1.53472571573397,2002-2003-2004-2005-2006-2007-2008-2009-2010-2011-2012
Hilton Armstrong,-0.78360807774381,0.75348870416169,-1.5370967819055,2002-2003-2004-2005-2006-2007-2008-2009-2010-2011-2012
DJ White,-1.21891575073772,0.32598104946555,-1.5448968002032701,2002-2003-2004-2005-2006-2007-2008-2009-2010-2011-2012
Ryan Hollins,-2.43490379911654,-0.8878432999531499,-1.54706049916339,2002-2003-2004-2005-2006-2007-2008-2009-2010-2011-2012
Flip Murray,0.004132124493154586,1.56095942481048,-1.5568273003173254,2002-2003-2004-2005-2006-2007-2008-2009-2010-2011-2012
Brandon Bass,-1.1017206036776301,0.46069416886526,-1.56241477254289,2002-2003-2004-2005-2006-2007-2008-2009-2010-2011-2012
DeAndre Jordan,-0.6252735777346999,0.95448053070686,-1.5797541084415598,2002-2003-2004-2005-2006-2007-2008-2009-2010-2011-2012
Solomon Jones,-0.83098678799369,0.75133863927763,-1.58232542727132,2002-2003-2004-2005-2006-2007-2008-2009-2010-2011-2012
Tony Massenburg,-0.95321891733154,0.63288815328102,-1.58610707061256,2002-2003-2004-2005-2006-2007-2008-2009-2010-2011-2012
Marcus Banks,-1.17202632200123,0.42952005029446,-1.60154637229569,2002-2003-2004-2005-2006-2007-2008-2009-2010-2011-2012
Mark Madsen,-2.00257799442838,-0.38351496590001,-1.61906302852837,2002-2003-2004-2005-2006-2007-2008-2009-2010-2011-2012
Marreese Speights,-1.27558878527294,0.34909641940717,-1.6246852046801101,2002-2003-2004-2005-2006-2007-2008-2009-2010-2011-2012
Greg Stiemsma,-0.42261210594705995,1.2271893735236201,-1.64980147947068,2002-2003-2004-2005-2006-2007-2008-2009-2010-2011-2012
Adonal Foyle,-0.7844356253680801,0.8893659695896801,-1.6738015949577598,2002-2003-2004-2005-2006-2007-2008-2009-2010-2011-2012
P.J. Brown,-1.2182577052596602,0.4700894473249,-1.68834715258456,2002-2003-2004-2005-2006-2007-2008-2009-2010-2011-2012
Nenad Krstic,-0.34124279450596,1.3639279963416902,-1.70517079084765,2002-2003-2004-2005-2006-2007-2008-2009-2010-2011-2012
Lorenzen Wright,-0.92983181570828,0.77707660545366,-1.70690842116194,2002-2003-2004-2005-2006-2007-2008-2009-2010-2011-2012
Tyrus Thomas,-0.7008113292325799,1.03010747612375,-1.73091880535633,2002-2003-2004-2005-2006-2007-2008-2009-2010-2011-2012
John Salmons,-0.51072282247504,1.23112077124704,-1.74184359372208,2002-2003-2004-2005-2006-2007-2008-2009-2010-2011-2012
Bryon Russell,-1.03868958193212,0.70469640708377,-1.74338598901589,2002-2003-2004-2005-2006-2007-2008-2009-2010-2011-2012
Johan Petro,-0.7541577101200599,0.98945441176385,-1.7436121218839098,2002-2003-2004-2005-2006-2007-2008-2009-2010-2011-2012
Francisco Garcia,-0.8556124575170301,0.88835846043051,-1.74397091794754,2002-2003-2004-2005-2006-2007-2008-2009-2010-2011-2012
Mike Wilks,-0.65163394390024,1.09324241540086,-1.7448763593011,2002-2003-2004-2005-2006-2007-2008-2009-2010-2011-2012
CJ Miles,-0.51944120734046,1.24428215274478,-1.7637233600852402,2002-2003-2004-2005-2006-2007-2008-2009-2010-2011-2012
JJ Hickson,-0.60708332409992,1.17996729035608,-1.787050614456,2002-2003-2004-2005-2006-2007-2008-2009-2010-2011-2012
Darren Collison,-1.3861140249544501,0.40754701242864,-1.7936610373830901,2002-2003-2004-2005-2006-2007-2008-2009-2010-2011-2012
Brent Barry,-0.03075414297278,1.77528205329382,-1.8060361962666,2002-2003-2004-2005-2006-2007-2008-2009-2010-2011-2012
Samaki Walker,-1.73448230526465,0.0769824675566,-1.81146477282125,2002-2003-2004-2005-2006-2007-2008-2009-2010-2011-2012
Matt Bonner,-0.60325386520405,1.22850304978781,-1.83175691499186,2002-2003-2004-2005-2006-2007-2008-2009-2010-2011-2012
C.J. Watson,-1.4667332417055,0.38535555060075,-1.8520887923062501,2002-2003-2004-2005-2006-2007-2008-2009-2010-2011-2012
Andrea Bargnani,-0.45895499406107,1.40146348352447,-1.86041847758554,2002-2003-2004-2005-2006-2007-2008-2009-2010-2011-2012
Carlos Delfino,-0.5426134218176201,1.33469793510988,-1.8773113569275,2002-2003-2004-2005-2006-2007-2008-2009-2010-2011-2012
Wesley Person,-0.85424721026969,1.03242596195158,-1.88667317222127,2002-2003-2004-2005-2006-2007-2008-2009-2010-2011-2012
Toni Kukoc,-0.5554960115703,1.34676892006356,-1.90226493163386,2002-2003-2004-2005-2006-2007-2008-2009-2010-2011-2012
Kirk Snyder,-1.1305485224144298,0.80226036357406,-1.93280888598849,2002-2003-2004-2005-2006-2007-2008-2009-2010-2011-2012
Calbert Cheaney,-1.24970893706195,0.7152961364120499,-1.965005073474,2002-2003-2004-2005-2006-2007-2008-2009-2010-2011-2012
Nazr Mohammed,-1.1473561428453598,0.8220680681184299,-1.9694242109637896,2002-2003-2004-2005-2006-2007-2008-2009-2010-2011-2012
Kris Humphries,-0.87039189361595,1.11313182240578,-1.98352371602173,2002-2003-2004-2005-2006-2007-2008-2009-2010-2011-2012
Martell Webster,-1.05397200598501,0.99455852317093,-2.04853052915594,2002-2003-2004-2005-2006-2007-2008-2009-2010-2011-2012
Mike Miller,-0.9078888470708301,1.14794514193334,-2.0558339890041704,2002-2003-2004-2005-2006-2007-2008-2009-2010-2011-2012
Jake Voskuhl,-2.27490161611426,-0.1696966720545,-2.1052049440597598,2002-2003-2004-2005-2006-2007-2008-2009-2010-2011-2012
Josh Powell,-1.9287710743951298,0.1852195301999,-2.11399060459503,2002-2003-2004-2005-2006-2007-2008-2009-2010-2011-2012
Al Horford,-1.31872554377901,0.8038522455327299,-2.12257778931174,2002-2003-2004-2005-2006-2007-2008-2009-2010-2011-2012
Brian Skinner,-0.64579664324258,1.48180838016961,-2.12760502341219,2002-2003-2004-2005-2006-2007-2008-2009-2010-2011-2012
Kyle Lowry,-0.70871677444526,1.42160543880594,-2.1303222132512,2002-2003-2004-2005-2006-2007-2008-2009-2010-2011-2012
Samuel Dalembert,-0.41041497104605,1.76362478412849,-2.1740397551745403,2002-2003-2004-2005-2006-2007-2008-2009-2010-2011-2012
Andrew Bynum,-1.31335023040975,0.86283070388335,-2.1761809342931,2002-2003-2004-2005-2006-2007-2008-2009-2010-2011-2012
Aaron Williams,-1.97850678830373,0.20564447850793,-2.1841512668116603,2002-2003-2004-2005-2006-2007-2008-2009-2010-2011-2012
Michael Beasley,-1.5043676562301,0.68716069439486,-2.1915283506249597,2002-2003-2004-2005-2006-2007-2008-2009-2010-2011-2012
Rasual Butler,-0.35074685343653,1.89032972406109,-2.24107657749762,2002-2003-2004-2005-2006-2007-2008-2009-2010-2011-2012
Charlie Villanueva,-0.48043072918844004,1.7610875418010499,-2.2415182709894896,2002-2003-2004-2005-2006-2007-2008-2009-2010-2011-2012
Sarunas Jasikevicius,-1.7711771753177101,0.50530349271244,-2.27648066803015,2002-2003-2004-2005-2006-2007-2008-2009-2010-2011-2012
Leandro Barbosa,-0.9485290361161599,1.34735801574169,-2.29588705185785,2002-2003-2004-2005-2006-2007-2008-2009-2010-2011-2012
Devin Brown,-1.00879325165622,1.30131543191231,-2.31010868356853,2002-2003-2004-2005-2006-2007-2008-2009-2010-2011-2012
Brian Grant,-2.1808332223110902,0.12968665210183,-2.31051987441292,2002-2003-2004-2005-2006-2007-2008-2009-2010-2011-2012
Bruce Bowen,-2.90282697442936,-0.59095458823049,-2.3118723861988704,2002-2003-2004-2005-2006-2007-2008-2009-2010-2011-2012
Kwame Brown,-0.032163268891149996,2.28490146132434,-2.31706473021549,2002-2003-2004-2005-2006-2007-2008-2009-2010-2011-2012
Francisco Elson,-1.91819102005217,0.44458036431723996,-2.36277138436941,2002-2003-2004-2005-2006-2007-2008-2009-2010-2011-2012
Stromile Swift,-0.8085144368986901,1.64667259415665,-2.45518703105534,2002-2003-2004-2005-2006-2007-2008-2009-2010-2011-2012
Jamario Moon,-1.97692774273607,0.48602958857649003,-2.46295733131256,2002-2003-2004-2005-2006-2007-2008-2009-2010-2011-2012
Jason Hart,-1.7903624647350298,0.68610259476873,-2.47646505950376,2002-2003-2004-2005-2006-2007-2008-2009-2010-2011-2012
Juan Dixon,-0.62283733459304,1.8874708194368501,-2.5103081540298904,2002-2003-2004-2005-2006-2007-2008-2009-2010-2011-2012
Byron Mullens,-1.6403690317551098,1.05878482700193,-2.6991538587570396,2002-2003-2004-2005-2006-2007-2008-2009-2010-2011-2012
Ronny Turiaf,-1.53860692347485,1.16754293885136,-2.7061498623262104,2002-2003-2004-2005-2006-2007-2008-2009-2010-2011-2012
Moochie Norris,-1.97233287192599,0.9666006992848,-2.93893357121079,2002-2003-2004-2005-2006-2007-2008-2009-2010-2011-2012
Trenton Hassell,-0.9092130051956899,2.31460801969778,-3.2238210248934704,2002-2003-2004-2005-2006-2007-2008-2009-2010-2011-2012
Donald Sloan,-1.64768069149709,1.6038351993016902,-3.25151589079878,2002-2003-2004-2005-2006-2007-2008-2009-2010-2011-2012
DeShawn Stevenson,-3.4699237554736597,1.08053662215449,-4.55046037762815,2002-2003-2004-2005-2006-2007-2008-2009-2010-2011-2012
