Name,Off,Def,Rapm,Season
LeBron James,4.32842254384855,-2.27172154465022,6.60014408849877,2004-2005-2006-2007-2008-2009-2010-2011-2012-2013-2014
Manu Ginobili,3.5153412164091096,-2.85247193437155,6.36781315078066,2004-2005-2006-2007-2008-2009-2010-2011-2012-2013-2014
Kevin Garnett,1.3459051653223701,-4.47981098582475,5.82571615114712,2004-2005-2006-2007-2008-2009-2010-2011-2012-2013-2014
Russell Westbrook,3.52591085570513,-1.1105866239692799,4.63649747967441,2004-2005-2006-2007-2008-2009-2010-2011-2012-2013-2014
Anderson Varejao,1.05960294590446,-3.2887464178497097,4.34834936375417,2004-2005-2006-2007-2008-2009-2010-2011-2012-2013-2014
Tyson Chandler,2.04491343679484,-2.22043531455422,4.26534875134906,2004-2005-2006-2007-2008-2009-2010-2011-2012-2013-2014
Vince Carter,2.30588844084905,-1.94803608905959,4.25392452990864,2004-2005-2006-2007-2008-2009-2010-2011-2012-2013-2014
Tim Duncan,2.35347037754162,-1.670215801202,4.02368617874362,2004-2005-2006-2007-2008-2009-2010-2011-2012-2013-2014
Derek Fisher,2.07451599676674,-1.76884758359003,3.84336358035677,2004-2005-2006-2007-2008-2009-2010-2011-2012-2013-2014
Dwyane Wade,2.8361663188176403,-0.9056177809986999,3.74178409981634,2004-2005-2006-2007-2008-2009-2010-2011-2012-2013-2014
Danny Green,1.08642293368168,-2.62655852041168,3.71298145409336,2004-2005-2006-2007-2008-2009-2010-2011-2012-2013-2014
Marcin Gortat,1.87817311880176,-1.82078249707713,3.6989556158788908,2004-2005-2006-2007-2008-2009-2010-2011-2012-2013-2014
Chauncey Billups,3.51628628122869,-0.10234720437009,3.6186334855987803,2004-2005-2006-2007-2008-2009-2010-2011-2012-2013-2014
Dirk Nowitzki,3.71036299282718,0.10706337850663,3.6032996143205502,2004-2005-2006-2007-2008-2009-2010-2011-2012-2013-2014
Ben Wallace,0.18886185950558002,-3.3034762464625,3.49233810596808,2004-2005-2006-2007-2008-2009-2010-2011-2012-2013-2014
Ray Allen,3.96106473862511,0.5209350071700201,3.4401297314550896,2004-2005-2006-2007-2008-2009-2010-2011-2012-2013-2014
Rashard Lewis,3.5211991779419702,0.09638625164324,3.42481292629873,2004-2005-2006-2007-2008-2009-2010-2011-2012-2013-2014
James Harden,3.7750420905682898,0.39080510984718003,3.3842369807211092,2004-2005-2006-2007-2008-2009-2010-2011-2012-2013-2014
Josh Howard,1.03516779184118,-2.1713317093635798,3.20649950120476,2004-2005-2006-2007-2008-2009-2010-2011-2012-2013-2014
Eric Bledsoe,1.1545477802155601,-1.9741809678688798,3.1287287480844403,2004-2005-2006-2007-2008-2009-2010-2011-2012-2013-2014
Robert Horry,1.21316424570972,-1.90747341302577,3.12063765873549,2004-2005-2006-2007-2008-2009-2010-2011-2012-2013-2014
David West,1.13599394226202,-1.94383879673913,3.07983273900115,2004-2005-2006-2007-2008-2009-2010-2011-2012-2013-2014
Kevin Durant,1.99646292991885,-1.01057211526397,3.0070350451828203,2004-2005-2006-2007-2008-2009-2010-2011-2012-2013-2014
Chris Andersen,2.86417077222638,-0.10809260982135,2.9722633820477298,2004-2005-2006-2007-2008-2009-2010-2011-2012-2013-2014
Metta World Peace,2.15263885862217,-0.7876941595582001,2.9403330181803704,2004-2005-2006-2007-2008-2009-2010-2011-2012-2013-2014
Tayshaun Prince,0.66426024986883,-2.26801803420635,2.93227828407518,2004-2005-2006-2007-2008-2009-2010-2011-2012-2013-2014
Marc Gasol,0.06249222325546,-2.86948260058682,2.93197482384228,2004-2005-2006-2007-2008-2009-2010-2011-2012-2013-2014
Nick Collison,0.9235088031096199,-2.00238191168001,2.92589071478963,2004-2005-2006-2007-2008-2009-2010-2011-2012-2013-2014
Kawhi Leonard,1.29951652109493,-1.5990713230660598,2.8985878441609896,2004-2005-2006-2007-2008-2009-2010-2011-2012-2013-2014
Steve Nash,3.79717814313068,0.90262448769295,2.89455365543773,2004-2005-2006-2007-2008-2009-2010-2011-2012-2013-2014
Shawn Marion,2.28549002538038,-0.60462084236223,2.89011086774261,2004-2005-2006-2007-2008-2009-2010-2011-2012-2013-2014
Lamar Odom,0.66720302981757,-2.20529529037256,2.8724983201901297,2004-2005-2006-2007-2008-2009-2010-2011-2012-2013-2014
Jason Richardson,3.5973373204216905,0.78665799782149,2.8106793226002003,2004-2005-2006-2007-2008-2009-2010-2011-2012-2013-2014
Paul George,1.02319582620556,-1.78422516732019,2.80742099352575,2004-2005-2006-2007-2008-2009-2010-2011-2012-2013-2014
Jermaine O'Neal,0.24092520674615,-2.42653599161529,2.66746119836144,2004-2005-2006-2007-2008-2009-2010-2011-2012-2013-2014
Kobe Bryant,2.56765781879056,-0.02021970265187,2.58787752144243,2004-2005-2006-2007-2008-2009-2010-2011-2012-2013-2014
Jason Maxiell,1.11298222086609,-1.42926883947472,2.54225106034081,2004-2005-2006-2007-2008-2009-2010-2011-2012-2013-2014
Patty Mills,2.1996933093338003,-0.32607483775404,2.52576814708784,2004-2005-2006-2007-2008-2009-2010-2011-2012-2013-2014
Pablo Prigioni,1.05121325578667,-1.4657137181796,2.51692697396627,2004-2005-2006-2007-2008-2009-2010-2011-2012-2013-2014
Damon Jones,2.00588322982732,-0.5048503703671,2.51073360019442,2004-2005-2006-2007-2008-2009-2010-2011-2012-2013-2014
Baron Davis,1.2297158518898799,-1.27909325434569,2.50880910623557,2004-2005-2006-2007-2008-2009-2010-2011-2012-2013-2014
Zach Randolph,1.24930380819716,-1.24006353881655,2.48936734701371,2004-2005-2006-2007-2008-2009-2010-2011-2012-2013-2014
Luol Deng,0.9692874497740599,-1.50912700601164,2.4784144557856997,2004-2005-2006-2007-2008-2009-2010-2011-2012-2013-2014
Antonio Daniels,2.4234398018703502,0.02782831786036,2.39561148400999,2004-2005-2006-2007-2008-2009-2010-2011-2012-2013-2014
Jason Kidd,1.1137719924374,-1.28109932138271,2.39487131382011,2004-2005-2006-2007-2008-2009-2010-2011-2012-2013-2014
Shaquille O'Neal,1.1891164681833,-1.19003856630825,2.37915503449155,2004-2005-2006-2007-2008-2009-2010-2011-2012-2013-2014
Jason Collins,0.06378056716434001,-2.29948803945767,2.36326860662201,2004-2005-2006-2007-2008-2009-2010-2011-2012-2013-2014
Lavoy Allen,1.024160728445,-1.32536188895696,2.3495226174019597,2004-2005-2006-2007-2008-2009-2010-2011-2012-2013-2014
Stephen Curry,2.07082150928303,-0.26360012444806996,2.3344216337311,2004-2005-2006-2007-2008-2009-2010-2011-2012-2013-2014
Rajon Rondo,0.28586668824964,-2.04560839852502,2.33147508677466,2004-2005-2006-2007-2008-2009-2010-2011-2012-2013-2014
Blake Griffin,2.42541512097375,0.11087448709144002,2.31454063388231,2004-2005-2006-2007-2008-2009-2010-2011-2012-2013-2014
Jon Barry,1.3454862476031801,-0.9504457019006001,2.29593194950378,2004-2005-2006-2007-2008-2009-2010-2011-2012-2013-2014
Tracy McGrady,1.52965621135433,-0.74907442929489,2.2787306406492203,2004-2005-2006-2007-2008-2009-2010-2011-2012-2013-2014
Matt Barnes,2.34288567041555,0.07172970158726999,2.2711559688282796,2004-2005-2006-2007-2008-2009-2010-2011-2012-2013-2014
George Hill,1.14919896018347,-1.09093817606699,2.24013713625046,2004-2005-2006-2007-2008-2009-2010-2011-2012-2013-2014
Boris Diaw,1.94229977361948,-0.29073321092397997,2.23303298454346,2004-2005-2006-2007-2008-2009-2010-2011-2012-2013-2014
Andrew Bogut,2.05266766594392,-0.16273380390053,2.21540146984445,2004-2005-2006-2007-2008-2009-2010-2011-2012-2013-2014
Joe Johnson,1.94252770848456,-0.19858919392393,2.14111690240849,2004-2005-2006-2007-2008-2009-2010-2011-2012-2013-2014
Mike James,0.12104784042384,-2.01994746913364,2.14099530955748,2004-2005-2006-2007-2008-2009-2010-2011-2012-2013-2014
Shane Battier,1.05226883409248,-1.01269898741094,2.06496782150342,2004-2005-2006-2007-2008-2009-2010-2011-2012-2013-2014
Al Harrington,-0.92418783804983,-2.97886398273104,2.05467614468121,2004-2005-2006-2007-2008-2009-2010-2011-2012-2013-2014
JJ Redick,1.18206306537934,-0.82420114164977,2.0062642070291097,2004-2005-2006-2007-2008-2009-2010-2011-2012-2013-2014
Brendan Haywood,1.52387679511392,-0.47770937572178,2.0015861708357,2004-2005-2006-2007-2008-2009-2010-2011-2012-2013-2014
Taj Gibson,-0.75233941149664,-2.74925069566287,1.99691128416623,2004-2005-2006-2007-2008-2009-2010-2011-2012-2013-2014
Joel Anthony,0.27936234538994004,-1.71672200868278,1.9960843540727198,2004-2005-2006-2007-2008-2009-2010-2011-2012-2013-2014
Greivis Vasquez,0.52523271798335,-1.43301050646478,1.95824322444813,2004-2005-2006-2007-2008-2009-2010-2011-2012-2013-2014
Mickael Pietrus,0.38300816282152,-1.5435976000848899,1.92660576290641,2004-2005-2006-2007-2008-2009-2010-2011-2012-2013-2014
Raja Bell,1.81370949957587,-0.10256212375052,1.9162716233263901,2004-2005-2006-2007-2008-2009-2010-2011-2012-2013-2014
Dikembe Mutombo,1.24501939846005,-0.66054837011387,1.90556776857392,2004-2005-2006-2007-2008-2009-2010-2011-2012-2013-2014
Fabricio Oberto,0.49549376720654004,-1.40876271313392,1.90425648034046,2004-2005-2006-2007-2008-2009-2010-2011-2012-2013-2014
Pau Gasol,2.44872877324997,0.5493722679216501,1.8993565053283201,2004-2005-2006-2007-2008-2009-2010-2011-2012-2013-2014
Gilbert Arenas,1.9656652086239499,0.08333801673106,1.8823271918928897,2004-2005-2006-2007-2008-2009-2010-2011-2012-2013-2014
Chris Paul,3.3155588515368,1.43734605236362,1.8782127991731796,2004-2005-2006-2007-2008-2009-2010-2011-2012-2013-2014
Eddie Jones,0.51888515256653,-1.34882335096835,1.86770850353488,2004-2005-2006-2007-2008-2009-2010-2011-2012-2013-2014
Jason Thompson,1.8097163018917701,-0.03684845259946,1.84656475449123,2004-2005-2006-2007-2008-2009-2010-2011-2012-2013-2014
Mario Chalmers,0.9193268655733401,-0.90932091707911,1.82864778265245,2004-2005-2006-2007-2008-2009-2010-2011-2012-2013-2014
Tony Parker,1.83818934993383,0.05592874750606,1.7822606024277698,2004-2005-2006-2007-2008-2009-2010-2011-2012-2013-2014
Harrison Barnes,1.3218165632571501,-0.4582420414206,1.7800586046777498,2004-2005-2006-2007-2008-2009-2010-2011-2012-2013-2014
Dee Brown,0.69316050676977,-1.04834169846172,1.7415022052314897,2004-2005-2006-2007-2008-2009-2010-2011-2012-2013-2014
Jared Dudley,1.89407744517675,0.16278518086046,1.73129226431629,2004-2005-2006-2007-2008-2009-2010-2011-2012-2013-2014
Kevin Martin,2.28377123674173,0.62848938840975,1.6552818483319802,2004-2005-2006-2007-2008-2009-2010-2011-2012-2013-2014
Goran Dragic,1.70764912051273,0.0850354554871,1.62261366502563,2004-2005-2006-2007-2008-2009-2010-2011-2012-2013-2014
Serge Ibaka,1.8639090900387598,0.2461030193974,1.61780607064136,2004-2005-2006-2007-2008-2009-2010-2011-2012-2013-2014
Wilson Chandler,0.5080971505804199,-1.10912217882642,1.61721932940684,2004-2005-2006-2007-2008-2009-2010-2011-2012-2013-2014
Lou Williams,1.13219032205436,-0.47279298368186,1.6049833057362202,2004-2005-2006-2007-2008-2009-2010-2011-2012-2013-2014
Channing Frye,2.14091248940766,0.53914991679086,1.6017625726167999,2004-2005-2006-2007-2008-2009-2010-2011-2012-2013-2014
Patrick Patterson,1.14815408294792,-0.44589754021451,1.5940516231624302,2004-2005-2006-2007-2008-2009-2010-2011-2012-2013-2014
Trevor Ariza,0.20906978669218,-1.36103687820221,1.5701066648943898,2004-2005-2006-2007-2008-2009-2010-2011-2012-2013-2014
Anthony Johnson,0.09258197810810001,-1.43597554513589,1.52855752324399,2004-2005-2006-2007-2008-2009-2010-2011-2012-2013-2014
Sam Cassell,1.02418159240139,-0.48351798231229,1.5076995747136799,2004-2005-2006-2007-2008-2009-2010-2011-2012-2013-2014
Ben Gordon,1.41779916766051,-0.07583152950124,1.49363069716175,2004-2005-2006-2007-2008-2009-2010-2011-2012-2013-2014
Ty Lawson,1.61456129673016,0.12431268259232,1.49024861413784,2004-2005-2006-2007-2008-2009-2010-2011-2012-2013-2014
Brad Miller,0.7349837599469601,-0.75189039483018,1.48687415477714,2004-2005-2006-2007-2008-2009-2010-2011-2012-2013-2014
Tony Allen,0.68550821220315,-0.7923919584224001,1.4779001706255501,2004-2005-2006-2007-2008-2009-2010-2011-2012-2013-2014
Ryan Bowen,1.1011949722468,-0.35519611870284,1.45639109094964,2004-2005-2006-2007-2008-2009-2010-2011-2012-2013-2014
Roy Hibbert,0.75312469783675,-0.6846416826374699,1.4377663804742198,2004-2005-2006-2007-2008-2009-2010-2011-2012-2013-2014
Brian Scalabrine,0.80302374154643,-0.6282406465669801,1.43126438811341,2004-2005-2006-2007-2008-2009-2010-2011-2012-2013-2014
Scott Padgett,1.43398308158651,0.006046930813955862,1.4279361507725543,2004-2005-2006-2007-2008-2009-2010-2011-2012-2013-2014
Bobby Jackson,0.15621603537896,-1.26697542535545,1.42319146073441,2004-2005-2006-2007-2008-2009-2010-2011-2012-2013-2014
Shelvin Mack,0.7693551665413101,-0.6467588514620499,1.41611401800336,2004-2005-2006-2007-2008-2009-2010-2011-2012-2013-2014
Mike Dunleavy,0.6423289838216,-0.76778793018197,1.4101169140035699,2004-2005-2006-2007-2008-2009-2010-2011-2012-2013-2014
Chris Copeland,1.37415798320161,-0.02580238616472,1.39996036936633,2004-2005-2006-2007-2008-2009-2010-2011-2012-2013-2014
Corey Maggette,1.0761245703695501,-0.30556878839616997,1.38169335876572,2004-2005-2006-2007-2008-2009-2010-2011-2012-2013-2014
Kyrylo Fesenko,0.4655823519784,-0.8991149380268101,1.36469729000521,2004-2005-2006-2007-2008-2009-2010-2011-2012-2013-2014
Josh McRoberts,1.2348405602509298,-0.11284722167945001,1.34768778193038,2004-2005-2006-2007-2008-2009-2010-2011-2012-2013-2014
Kyle Korver,1.4934228543045098,0.15170606836833,1.34171678593618,2004-2005-2006-2007-2008-2009-2010-2011-2012-2013-2014
Deron Williams,3.04544007970178,1.7188369484179,1.3266031312838797,2004-2005-2006-2007-2008-2009-2010-2011-2012-2013-2014
Reggie Evans,-0.2295931449234,-1.55133661580803,1.3217434708846298,2004-2005-2006-2007-2008-2009-2010-2011-2012-2013-2014
Scot Pollard,1.09968084381168,-0.20684994436644,1.30653078817812,2004-2005-2006-2007-2008-2009-2010-2011-2012-2013-2014
Richard Hamilton,0.08445328634303,-1.20718509574984,1.29163838209287,2004-2005-2006-2007-2008-2009-2010-2011-2012-2013-2014
Spencer Hawes,1.01974708954666,-0.26737326428547,1.28712035383213,2004-2005-2006-2007-2008-2009-2010-2011-2012-2013-2014
Derrick Favors,0.47378703339842,-0.77190994315326,1.2456969765516799,2004-2005-2006-2007-2008-2009-2010-2011-2012-2013-2014
Derrick Rose,0.9048969933843499,-0.33444336740917,1.2393403607935198,2004-2005-2006-2007-2008-2009-2010-2011-2012-2013-2014
Pero Antic,0.5613695682154,-0.6586120284111,1.2199815966265002,2004-2005-2006-2007-2008-2009-2010-2011-2012-2013-2014
Alonzo Mourning,0.55562752356947,-0.66288129528833,1.2185088188578002,2004-2005-2006-2007-2008-2009-2010-2011-2012-2013-2014
Sasha Vujacic,0.64609566922644,-0.56436111091113,1.2104567801375699,2004-2005-2006-2007-2008-2009-2010-2011-2012-2013-2014
Draymond Green,0.89844347220675,-0.30732639186966,1.20576986407641,2004-2005-2006-2007-2008-2009-2010-2011-2012-2013-2014
Kenyon Martin,-0.54080333322457,-1.73732129755537,1.1965179643308,2004-2005-2006-2007-2008-2009-2010-2011-2012-2013-2014
Greg Ostertag,0.52499087880034,-0.66858453360328,1.19357541240362,2004-2005-2006-2007-2008-2009-2010-2011-2012-2013-2014
T.J. Ford,2.0778763918461,0.89977666631535,1.1780997255307502,2004-2005-2006-2007-2008-2009-2010-2011-2012-2013-2014
Ronnie Brewer,-0.45443685475239004,-1.6177162938934402,1.16327943914105,2004-2005-2006-2007-2008-2009-2010-2011-2012-2013-2014
Glenn Robinson,-0.09740345211696,-1.25608928556577,1.15868583344881,2004-2005-2006-2007-2008-2009-2010-2011-2012-2013-2014
Mike Conley,0.40091487033000006,-0.75337800797843,1.1542928783084299,2004-2005-2006-2007-2008-2009-2010-2011-2012-2013-2014
John Wall,0.03726580097859,-1.11356032800655,1.1508261289851398,2004-2005-2006-2007-2008-2009-2010-2011-2012-2013-2014
Michael Kidd-Gilchrist,0.48585306116638,-0.62638792033771,1.11224098150409,2004-2005-2006-2007-2008-2009-2010-2011-2012-2013-2014
DeMar DeRozan,1.20714422280044,0.10698026815049,1.10016395464995,2004-2005-2006-2007-2008-2009-2010-2011-2012-2013-2014
Elton Brand,0.90707148293395,-0.19108700523554,1.09815848816949,2004-2005-2006-2007-2008-2009-2010-2011-2012-2013-2014
Tarence Kinsey,0.81741183441936,-0.27965978477627,1.09707161919563,2004-2005-2006-2007-2008-2009-2010-2011-2012-2013-2014
Danilo Gallinari,0.94482616801992,-0.15175471556626,1.09658088358618,2004-2005-2006-2007-2008-2009-2010-2011-2012-2013-2014
Jae Crowder,0.78450329672545,-0.31122694245839,1.0957302391838402,2004-2005-2006-2007-2008-2009-2010-2011-2012-2013-2014
LaMarcus Aldridge,1.0327162781356198,-0.0457906785224,1.0785069566580199,2004-2005-2006-2007-2008-2009-2010-2011-2012-2013-2014
Rodney Rogers,-0.05902452924759,-1.13203301967195,1.07300849042436,2004-2005-2006-2007-2008-2009-2010-2011-2012-2013-2014
Klay Thompson,-0.041812737025999996,-1.11295889528644,1.0711461582604398,2004-2005-2006-2007-2008-2009-2010-2011-2012-2013-2014
Aron Baynes,0.28075949680433,-0.7620190621294101,1.04277855893374,2004-2005-2006-2007-2008-2009-2010-2011-2012-2013-2014
Damian Lillard,0.91758741036876,-0.12382301695487001,1.04141042732363,2004-2005-2006-2007-2008-2009-2010-2011-2012-2013-2014
Steven Hunter,0.7586952836636099,-0.28188610686574,1.04058139052935,2004-2005-2006-2007-2008-2009-2010-2011-2012-2013-2014
Al Jefferson,0.29285906541669,-0.74677349674476,1.03963256216145,2004-2005-2006-2007-2008-2009-2010-2011-2012-2013-2014
Troy Murphy,1.1668132369191,0.12939821301031,1.03741502390879,2004-2005-2006-2007-2008-2009-2010-2011-2012-2013-2014
Andre Iguodala,0.4492757314855,-0.58549546218575,1.03477119367125,2004-2005-2006-2007-2008-2009-2010-2011-2012-2013-2014
Gary Payton,-1.0740470096941301,-2.09438702557381,1.02034001587968,2004-2005-2006-2007-2008-2009-2010-2011-2012-2013-2014
Ish Smith,0.14761644017668,-0.8716392263289401,1.01925566650562,2004-2005-2006-2007-2008-2009-2010-2011-2012-2013-2014
Gordan Giricek,-0.59605322855079,-1.60542788663453,1.00937465808374,2004-2005-2006-2007-2008-2009-2010-2011-2012-2013-2014
Beno Udrih,-0.32554418513176997,-1.32776264715518,1.00221846202341,2004-2005-2006-2007-2008-2009-2010-2011-2012-2013-2014
Greg Oden,0.25827580947556,-0.7376818278377699,0.99595763731333,2004-2005-2006-2007-2008-2009-2010-2011-2012-2013-2014
Amar'e Stoudemire,2.93690816066677,1.9602986319544502,0.9766095287123199,2004-2005-2006-2007-2008-2009-2010-2011-2012-2013-2014
Andrei Kirilenko,1.4539728329239099,0.47943791411169995,0.97453491881221,2004-2005-2006-2007-2008-2009-2010-2011-2012-2013-2014
Corey Brewer,0.75569468277551,-0.20160690242873003,0.9573015852042399,2004-2005-2006-2007-2008-2009-2010-2011-2012-2013-2014
Paul Millsap,0.01907528815078,-0.9377917256503899,0.9568670138011699,2004-2005-2006-2007-2008-2009-2010-2011-2012-2013-2014
Kyrie Irving,0.57933125436885,-0.37564757625091,0.9549788306197601,2004-2005-2006-2007-2008-2009-2010-2011-2012-2013-2014
Matt Harpring,1.31594594976216,0.36807605871158,0.94786989105058,2004-2005-2006-2007-2008-2009-2010-2011-2012-2013-2014
David Lee,0.20244433846834,-0.73577765704265,0.93822199551099,2004-2005-2006-2007-2008-2009-2010-2011-2012-2013-2014
James Anderson,1.2393473908027,0.30849607203318,0.9308513187695199,2004-2005-2006-2007-2008-2009-2010-2011-2012-2013-2014
Jason Smith,1.13483092491679,0.21097195152742,0.9238589733893701,2004-2005-2006-2007-2008-2009-2010-2011-2012-2013-2014
Hamed Haddadi,0.70160969413513,-0.20638217583758997,0.9079918699727199,2004-2005-2006-2007-2008-2009-2010-2011-2012-2013-2014
Mikki Moore,0.24968705957245002,-0.64351442487001,0.89320148444246,2004-2005-2006-2007-2008-2009-2010-2011-2012-2013-2014
JaVale McGee,1.0511020564207,0.15881669041467,0.8922853660060299,2004-2005-2006-2007-2008-2009-2010-2011-2012-2013-2014
Jason Terry,2.34259475013374,1.45468736974003,0.8879073803937101,2004-2005-2006-2007-2008-2009-2010-2011-2012-2013-2014
Morris Almond,0.11969590206593,-0.76346591289141,0.88316181495734,2004-2005-2006-2007-2008-2009-2010-2011-2012-2013-2014
Adrian Griffin,-0.2984028549324,-1.17847408320067,0.8800712282682699,2004-2005-2006-2007-2008-2009-2010-2011-2012-2013-2014
Keith Bogans,-0.09310809142429,-0.9613579503523,0.8682498589280101,2004-2005-2006-2007-2008-2009-2010-2011-2012-2013-2014
Rudy Gay,0.19896160519847,-0.66914428923598,0.8681058944344501,2004-2005-2006-2007-2008-2009-2010-2011-2012-2013-2014
Walter Herrmann,0.19584603668785003,-0.6595065122253,0.85535254891315,2004-2005-2006-2007-2008-2009-2010-2011-2012-2013-2014
Rodrigue Beaubois,0.16396725840947,-0.6904013743772599,0.8543686327867299,2004-2005-2006-2007-2008-2009-2010-2011-2012-2013-2014
Brook Lopez,0.26640205173741,-0.57993926613618,0.84634131787359,2004-2005-2006-2007-2008-2009-2010-2011-2012-2013-2014
Jamaal Tinsley,-0.23855494150675002,-1.08178154707405,0.8432266055673,2004-2005-2006-2007-2008-2009-2010-2011-2012-2013-2014
Carlos Boozer,1.1021114925790099,0.26475932129785,0.83735217128116,2004-2005-2006-2007-2008-2009-2010-2011-2012-2013-2014
Andris Biedrins,0.47410605296411,-0.35711069716383,0.83121675012794,2004-2005-2006-2007-2008-2009-2010-2011-2012-2013-2014
Shareef Abdur-Rahim,1.41604368872112,0.58783842488921,0.8282052638319101,2004-2005-2006-2007-2008-2009-2010-2011-2012-2013-2014
Antoine Walker,0.00509573992987,-0.81941274202545,0.8245084819553201,2004-2005-2006-2007-2008-2009-2010-2011-2012-2013-2014
Doug Christie,-0.38629649612831,-1.20754822639806,0.82125173026975,2004-2005-2006-2007-2008-2009-2010-2011-2012-2013-2014
Cory Joseph,-0.22765595833515,-1.0383732654978999,0.8107173071627499,2004-2005-2006-2007-2008-2009-2010-2011-2012-2013-2014
Josh Boone,0.63406320462244,-0.15735716852738,0.7914203731498201,2004-2005-2006-2007-2008-2009-2010-2011-2012-2013-2014
Ömer Aşik,-0.89083330328396,-1.6777058492517798,0.7868725459678199,2004-2005-2006-2007-2008-2009-2010-2011-2012-2013-2014
Allen Iverson,0.64737067842465,-0.13881590957536,0.78618658800001,2004-2005-2006-2007-2008-2009-2010-2011-2012-2013-2014
Isaiah Thomas,0.88670571261436,0.10950557746338,0.77720013515098,2004-2005-2006-2007-2008-2009-2010-2011-2012-2013-2014
Iman Shumpert,-0.11447209393149001,-0.88657680817259,0.7721047142410999,2004-2005-2006-2007-2008-2009-2010-2011-2012-2013-2014
Lance Stephenson,0.0700829382135,-0.693982634292,0.7640655725055,2004-2005-2006-2007-2008-2009-2010-2011-2012-2013-2014
Ivan Johnson,-1.02398846022725,-1.7865888467617501,0.7626003865345,2004-2005-2006-2007-2008-2009-2010-2011-2012-2013-2014
Kerry Kittles,-0.59398131776178,-1.34937797697318,0.7553966592114,2004-2005-2006-2007-2008-2009-2010-2011-2012-2013-2014
Nene,0.63941930659522,-0.10665690067327999,0.7460762072685,2004-2005-2006-2007-2008-2009-2010-2011-2012-2013-2014
DeMarcus Cousins,1.4205128937993998,0.69434038327859,0.7261725105208099,2004-2005-2006-2007-2008-2009-2010-2011-2012-2013-2014
Brian Cook,0.57698986823322,-0.14422826812902,0.72121813636224,2004-2005-2006-2007-2008-2009-2010-2011-2012-2013-2014
Luke Walton,0.36067471064138,-0.35415060169939,0.71482531234077,2004-2005-2006-2007-2008-2009-2010-2011-2012-2013-2014
Bracey Wright,0.50856312475613,-0.20476817308147,0.7133312978376,2004-2005-2006-2007-2008-2009-2010-2011-2012-2013-2014
John Lucas III,-0.7903949550771,-1.50154148043566,0.7111465253585599,2004-2005-2006-2007-2008-2009-2010-2011-2012-2013-2014
Stephen Jackson,1.3941226796406798,0.6907741005433901,0.7033485790972899,2004-2005-2006-2007-2008-2009-2010-2011-2012-2013-2014
Dan Gadzuric,-0.27202944155284997,-0.97327607329778,0.70124663174493,2004-2005-2006-2007-2008-2009-2010-2011-2012-2013-2014
Orien Greene,-0.5541742070130701,-1.24267373176579,0.68849952475272,2004-2005-2006-2007-2008-2009-2010-2011-2012-2013-2014
Devean George,-0.40355650885877997,-1.08821511342246,0.68465860456368,2004-2005-2006-2007-2008-2009-2010-2011-2012-2013-2014
Kyle Weaver,0.28990374393716,-0.39039696386244,0.6803007077996001,2004-2005-2006-2007-2008-2009-2010-2011-2012-2013-2014
Carmelo Anthony,1.36633464149273,0.6865789782169199,0.67975566327581,2004-2005-2006-2007-2008-2009-2010-2011-2012-2013-2014
Josh Harrellson,0.16307521370326,-0.51644808945829,0.67952330316155,2004-2005-2006-2007-2008-2009-2010-2011-2012-2013-2014
Chris Wright,0.13658568684994,-0.53640229194369,0.67298797879363,2004-2005-2006-2007-2008-2009-2010-2011-2012-2013-2014
Chris Singleton,-0.29381222489899,-0.9528169333350199,0.65900470843603,2004-2005-2006-2007-2008-2009-2010-2011-2012-2013-2014
Antawn Jamison,2.07045956466816,1.41232411203286,0.6581354526353,2004-2005-2006-2007-2008-2009-2010-2011-2012-2013-2014
Patrick Beverley,1.06798476680696,0.41398753789501996,0.6539972289119401,2004-2005-2006-2007-2008-2009-2010-2011-2012-2013-2014
Daniel Ewing,0.24121923194487999,-0.41068811259243004,0.65190734453731,2004-2005-2006-2007-2008-2009-2010-2011-2012-2013-2014
Omar Cook,0.38927499521611,-0.26156896637102,0.65084396158713,2004-2005-2006-2007-2008-2009-2010-2011-2012-2013-2014
Daniel Gibson,0.17504788097922,-0.4740139962999,0.64906187727912,2004-2005-2006-2007-2008-2009-2010-2011-2012-2013-2014
Vladimir Radmanovic,1.38293900583431,0.73478544649116,0.64815355934315,2004-2005-2006-2007-2008-2009-2010-2011-2012-2013-2014
Theo Ratliff,-0.04863741778444,-0.69584392987196,0.64720651208752,2004-2005-2006-2007-2008-2009-2010-2011-2012-2013-2014
Cole Aldrich,0.13318968465797,-0.51040865955979,0.64359834421776,2004-2005-2006-2007-2008-2009-2010-2011-2012-2013-2014
Jameer Nelson,0.87286353282539,0.2316884393089,0.6411750935164899,2004-2005-2006-2007-2008-2009-2010-2011-2012-2013-2014
Rafael Araujo,0.34770661102133,-0.2880344378232,0.63574104884453,2004-2005-2006-2007-2008-2009-2010-2011-2012-2013-2014
Antonio Burks,0.22104569533333,-0.40801145493441,0.62905715026774,2004-2005-2006-2007-2008-2009-2010-2011-2012-2013-2014
Derrick Williams,-0.76665613338055,-1.3939974077798198,0.6273412743992699,2004-2005-2006-2007-2008-2009-2010-2011-2012-2013-2014
Jan Vesely,-0.011374984084249999,-0.63277646338834,0.6214014793040901,2004-2005-2006-2007-2008-2009-2010-2011-2012-2013-2014
Travis Diener,0.46601474920271,-0.15310208512332,0.61911683432603,2004-2005-2006-2007-2008-2009-2010-2011-2012-2013-2014
Jared Reiner,0.5240325186216399,-0.09494940955562,0.6189819281772599,2004-2005-2006-2007-2008-2009-2010-2011-2012-2013-2014
Peja Stojakovic,0.94486798038774,0.33269268269826,0.6121752976894801,2004-2005-2006-2007-2008-2009-2010-2011-2012-2013-2014
Tyler Zeller,0.40367151787779004,-0.20627756083472001,0.60994907871251,2004-2005-2006-2007-2008-2009-2010-2011-2012-2013-2014
Tornike Shengelia,0.33383116813638997,-0.27556162186420996,0.6093927900006,2004-2005-2006-2007-2008-2009-2010-2011-2012-2013-2014
Tyreke Evans,1.8622073718976802,1.2621978536668301,0.60000951823085,2004-2005-2006-2007-2008-2009-2010-2011-2012-2013-2014
Julyan Stone,0.55980400848795,-0.04009827348127,0.5999022819692199,2004-2005-2006-2007-2008-2009-2010-2011-2012-2013-2014
Tim Thomas,1.7638974814746597,1.167864471698,0.5960330097766599,2004-2005-2006-2007-2008-2009-2010-2011-2012-2013-2014
Patrick O'Bryant,0.28548765647505,-0.30565534422839,0.59114300070344,2004-2005-2006-2007-2008-2009-2010-2011-2012-2013-2014
Avery Bradley,-0.01258964151197,-0.59550899227917,0.5829193507672,2004-2005-2006-2007-2008-2009-2010-2011-2012-2013-2014
Jodie Meeks,-0.10484003429427999,-0.68417225874038,0.5793322244461,2004-2005-2006-2007-2008-2009-2010-2011-2012-2013-2014
Festus Ezeli,0.83344388936821,0.25771259553416,0.57573129383405,2004-2005-2006-2007-2008-2009-2010-2011-2012-2013-2014
Robbie Hummel,0.58762633575023,0.01678506305698,0.57084127269325,2004-2005-2006-2007-2008-2009-2010-2011-2012-2013-2014
Nate Robinson,1.1816501577660101,0.61342187174924,0.56822828601677,2004-2005-2006-2007-2008-2009-2010-2011-2012-2013-2014
Morris Peterson,1.39511346474325,0.83060844282771,0.5645050219155401,2004-2005-2006-2007-2008-2009-2010-2011-2012-2013-2014
Darius Miles,0.86221014142953,0.3013599811264,0.56085016030313,2004-2005-2006-2007-2008-2009-2010-2011-2012-2013-2014
Ben Uzoh,-0.41655009979354995,-0.9759709857412501,0.5594208859477001,2004-2005-2006-2007-2008-2009-2010-2011-2012-2013-2014
Vin Baker,0.22864164296804002,-0.32399685616462,0.5526384991326599,2004-2005-2006-2007-2008-2009-2010-2011-2012-2013-2014
Marquis Daniels,-0.8762220098731699,-1.41713667846872,0.54091466859555,2004-2005-2006-2007-2008-2009-2010-2011-2012-2013-2014
Jeff Teague,0.28543353815064004,-0.25472084719091,0.54015438534155,2004-2005-2006-2007-2008-2009-2010-2011-2012-2013-2014
Vlade Divac,-1.11024748088299,-1.64977570028331,0.53952821940032,2004-2005-2006-2007-2008-2009-2010-2011-2012-2013-2014
Casper Ware,0.32569166024419,-0.20908620262387,0.53477786286806,2004-2005-2006-2007-2008-2009-2010-2011-2012-2013-2014
Ryan Kelly,0.29387362671457,-0.24080124658899998,0.53467487330357,2004-2005-2006-2007-2008-2009-2010-2011-2012-2013-2014
Dennis Schroder,0.39619540735074,-0.12731320451477,0.5235086118655099,2004-2005-2006-2007-2008-2009-2010-2011-2012-2013-2014
Danny Granger,0.9502378525255,0.43732119475289,0.51291665777261,2004-2005-2006-2007-2008-2009-2010-2011-2012-2013-2014
Ike Diogu,-0.0035732139107668304,-0.51233513154304,0.5087619176322732,2004-2005-2006-2007-2008-2009-2010-2011-2012-2013-2014
Bradley Beal,0.62265295752063,0.11459098029109999,0.5080619772295301,2004-2005-2006-2007-2008-2009-2010-2011-2012-2013-2014
Grant Hill,1.10650718984044,0.60031261975502,0.50619457008542,2004-2005-2006-2007-2008-2009-2010-2011-2012-2013-2014
Darius Songaila,0.5661020229109001,0.06148869377623,0.5046133291346699,2004-2005-2006-2007-2008-2009-2010-2011-2012-2013-2014
Jonas Jerebko,0.15636696722866,-0.34746429761086,0.50383126483952,2004-2005-2006-2007-2008-2009-2010-2011-2012-2013-2014
Anthony Carter,0.54782506199865,0.046854425210040004,0.50097063678861,2004-2005-2006-2007-2008-2009-2010-2011-2012-2013-2014
Rafer Alston,-1.50364149060048,-2.00331225683942,0.49967076623893997,2004-2005-2006-2007-2008-2009-2010-2011-2012-2013-2014
Rasheed Wallace,-0.007304604141379678,-0.5060560070358601,0.49875140289448033,2004-2005-2006-2007-2008-2009-2010-2011-2012-2013-2014
Ndudi Ebi,0.19186057660156,-0.29999945990011,0.49186003650167004,2004-2005-2006-2007-2008-2009-2010-2011-2012-2013-2014
Brandon Davies,0.24929142902323,-0.22794448534306,0.47723591436629,2004-2005-2006-2007-2008-2009-2010-2011-2012-2013-2014
Kris Joseph,0.38963997254142,-0.08436257341783,0.47400254595925007,2004-2005-2006-2007-2008-2009-2010-2011-2012-2013-2014
Thomas Gardner,0.12663892381291,-0.34371408733053,0.47035301114343997,2004-2005-2006-2007-2008-2009-2010-2011-2012-2013-2014
Chris Johnson,0.51958173897391,0.05729697506114003,0.46228476391276996,2004-2005-2006-2007-2008-2009-2010-2011-2012-2013-2014
Matthew Dellavedova,0.16498150234786998,-0.29214112736297,0.45712262971084,2004-2005-2006-2007-2008-2009-2010-2011-2012-2013-2014
Kenneth Faried,1.2887083958949699,0.83610570556626,0.45260269032871003,2004-2005-2006-2007-2008-2009-2010-2011-2012-2013-2014
Arron Afflalo,0.39717557421818,-0.051502583459160006,0.44867815767734004,2004-2005-2006-2007-2008-2009-2010-2011-2012-2013-2014
Shelden Williams,0.24180309359979998,-0.20615915100756,0.44796224460736,2004-2005-2006-2007-2008-2009-2010-2011-2012-2013-2014
Jonathan Bender,-0.17943523023078,-0.62242250059356,0.44298727036277996,2004-2005-2006-2007-2008-2009-2010-2011-2012-2013-2014
George Lynch,-0.34646161890509997,-0.7789934738187599,0.43253185491366,2004-2005-2006-2007-2008-2009-2010-2011-2012-2013-2014
Trey Burke,0.283958271005,-0.14725467673145,0.43121294773645,2004-2005-2006-2007-2008-2009-2010-2011-2012-2013-2014
Rasho Nesterovic,0.1278280574294,-0.30085460191449,0.42868265934389,2004-2005-2006-2007-2008-2009-2010-2011-2012-2013-2014
Dwight Howard,0.12760090506742,-0.29546662237642,0.4230675274438401,2004-2005-2006-2007-2008-2009-2010-2011-2012-2013-2014
Evan Fournier,-0.1716203368642,-0.5930900704114099,0.42146973354720996,2004-2005-2006-2007-2008-2009-2010-2011-2012-2013-2014
Greg Monroe,-0.34207370057571,-0.7622320205067901,0.42015831993108005,2004-2005-2006-2007-2008-2009-2010-2011-2012-2013-2014
Kosta Koufos,-0.16074631620329,-0.5782473396314,0.41750102342810996,2004-2005-2006-2007-2008-2009-2010-2011-2012-2013-2014
Carrick Felix,0.26136615485518,-0.15551431763776,0.41688047249294,2004-2005-2006-2007-2008-2009-2010-2011-2012-2013-2014
Chris Duhon,-0.39376042046698,-0.8078782209352301,0.4141178004682501,2004-2005-2006-2007-2008-2009-2010-2011-2012-2013-2014
Archie Goodwin,0.27366991929773,-0.13559341417809,0.40926333347582006,2004-2005-2006-2007-2008-2009-2010-2011-2012-2013-2014
Wesley Johnson,0.14976065087083,-0.24344731619254,0.39320796706337,2004-2005-2006-2007-2008-2009-2010-2011-2012-2013-2014
Kevin Jones,0.23926323501534003,-0.15133347493388,0.39059670994922,2004-2005-2006-2007-2008-2009-2010-2011-2012-2013-2014
JR Smith,0.3628160607748,-0.02400977036872,0.38682583114352,2004-2005-2006-2007-2008-2009-2010-2011-2012-2013-2014
Christian Eyenga,0.19955579880122998,-0.18691850396159998,0.38647430276282996,2004-2005-2006-2007-2008-2009-2010-2011-2012-2013-2014
Markieff Morris,0.008255274146668327,-0.37784357018181,0.3860988443284783,2004-2005-2006-2007-2008-2009-2010-2011-2012-2013-2014
Javaris Crittenton,0.29012935635961,-0.09570222263142,0.38583157899103,2004-2005-2006-2007-2008-2009-2010-2011-2012-2013-2014
Bobby Jones,0.44036849513877,0.05618913231566,0.38417936282311,2004-2005-2006-2007-2008-2009-2010-2011-2012-2013-2014
Andre Owens,0.25942157908117,-0.1209261920894,0.38034777117057,2004-2005-2006-2007-2008-2009-2010-2011-2012-2013-2014
Viacheslav Kravtsov,0.1009063971455,-0.27873977734542,0.37964617449092,2004-2005-2006-2007-2008-2009-2010-2011-2012-2013-2014
Jordan Hill,0.18211431482529,-0.19746471111655,0.37957902594184,2004-2005-2006-2007-2008-2009-2010-2011-2012-2013-2014
Clar. Weatherspoon,-0.06250113635689,-0.44067758037936,0.37817644402247,2004-2005-2006-2007-2008-2009-2010-2011-2012-2013-2014
Dwayne Jones,-0.6003063686594501,-0.97432454128371,0.37401817262426,2004-2005-2006-2007-2008-2009-2010-2011-2012-2013-2014
Jose Calderon,1.43680353716192,1.0667928312392299,0.37001070592269003,2004-2005-2006-2007-2008-2009-2010-2011-2012-2013-2014
Yakhouba Diawara,-0.02025923923874,-0.38651071360821,0.36625147436947,2004-2005-2006-2007-2008-2009-2010-2011-2012-2013-2014
Nick Van Exel,0.36858609191061,0.007487183380711711,0.36109890852989823,2004-2005-2006-2007-2008-2009-2010-2011-2012-2013-2014
Ricky Rubio,-0.0740378523023,-0.43046996779834995,0.35643211549605,2004-2005-2006-2007-2008-2009-2010-2011-2012-2013-2014
Robert Sacre,0.050986676267439995,-0.30289175270978,0.35387842897722005,2004-2005-2006-2007-2008-2009-2010-2011-2012-2013-2014
Voshon Lenard,0.49348379604157,0.14126239308575,0.35222140295582,2004-2005-2006-2007-2008-2009-2010-2011-2012-2013-2014
DeJuan Blair,0.34953077127377,0.003970271223542128,0.34556050005022787,2004-2005-2006-2007-2008-2009-2010-2011-2012-2013-2014
Bobby Simmons,0.26063387203182997,-0.08474463680082,0.34537850883265,2004-2005-2006-2007-2008-2009-2010-2011-2012-2013-2014
Lawrence Funderburke,0.44310214286511,0.1004236139694,0.34267852889571004,2004-2005-2006-2007-2008-2009-2010-2011-2012-2013-2014
Sean Williams,0.03013898086876,-0.31095780076504,0.3410967816338,2004-2005-2006-2007-2008-2009-2010-2011-2012-2013-2014
Cartier Martin,0.08810268405422,-0.25294288779083,0.34104557184505,2004-2005-2006-2007-2008-2009-2010-2011-2012-2013-2014
Jarrett Jack,0.21112578989397002,-0.12659591048742,0.33772170038139,2004-2005-2006-2007-2008-2009-2010-2011-2012-2013-2014
Alan Anderson,-1.84071768979483,-2.17216213104512,0.33144444125028993,2004-2005-2006-2007-2008-2009-2010-2011-2012-2013-2014
Jimmy Butler,-0.6620835609590301,-0.99254914425124,0.33046558329220993,2004-2005-2006-2007-2008-2009-2010-2011-2012-2013-2014
Mike Muscala,0.1519595364962,-0.17547387867964,0.32743341517584,2004-2005-2006-2007-2008-2009-2010-2011-2012-2013-2014
Kentavious Caldwell-Pope,0.40336415586049,0.08091757291726,0.32244658294323003,2004-2005-2006-2007-2008-2009-2010-2011-2012-2013-2014
JaJuan Johnson,-0.73240212895236,-1.0471307073499798,0.31472857839761986,2004-2005-2006-2007-2008-2009-2010-2011-2012-2013-2014
Ha Ha,0.13524299097788,-0.16637260156724998,0.30161559254513004,2004-2005-2006-2007-2008-2009-2010-2011-2012-2013-2014
Elliot Williams,0.10804573761748999,-0.18944420296019,0.29748994057767997,2004-2005-2006-2007-2008-2009-2010-2011-2012-2013-2014
Josh Davis,-0.12765955210922,-0.41939666517176005,0.29173711306254,2004-2005-2006-2007-2008-2009-2010-2011-2012-2013-2014
Kendrick Perkins,-1.59529338588153,-1.8863503522427,0.2910569663611702,2004-2005-2006-2007-2008-2009-2010-2011-2012-2013-2014
Shawne Williams,0.55986216316629,0.26890974886415003,0.29095241430214,2004-2005-2006-2007-2008-2009-2010-2011-2012-2013-2014
John Thomas,0.38880850640035,0.09974902896818,0.28905947743217,2004-2005-2006-2007-2008-2009-2010-2011-2012-2013-2014
Malik Allen,-0.08690453790045,-0.37002698994542,0.28312245204497,2004-2005-2006-2007-2008-2009-2010-2011-2012-2013-2014
Anthony Peeler,-0.9986854133666601,-1.28113052658131,0.2824451132146499,2004-2005-2006-2007-2008-2009-2010-2011-2012-2013-2014
Austin Rivers,0.45127097404588,0.17105462607805,0.28021634796783,2004-2005-2006-2007-2008-2009-2010-2011-2012-2013-2014
DJ Mbenga,-0.45441093564554996,-0.7321668276511,0.27775589200555,2004-2005-2006-2007-2008-2009-2010-2011-2012-2013-2014
Anthony Bennett,0.27853593591840997,0.002001794176099957,0.27653414174231,2004-2005-2006-2007-2008-2009-2010-2011-2012-2013-2014
Laron Profit,0.25652506737918,-0.018445736471540002,0.27497080385072,2004-2005-2006-2007-2008-2009-2010-2011-2012-2013-2014
E'Twaun Moore,-0.6001511839310499,-0.8740037602783199,0.27385257634726995,2004-2005-2006-2007-2008-2009-2010-2011-2012-2013-2014
Darius Miller,0.47087082896672,0.19762637666997002,0.27324445229675,2004-2005-2006-2007-2008-2009-2010-2011-2012-2013-2014
Jannero Pargo,-0.38673783855824,-0.65757465469553,0.27083681613729,2004-2005-2006-2007-2008-2009-2010-2011-2012-2013-2014
Jarvis Varnado,0.3224945182558,0.05590622947439,0.26658828878140994,2004-2005-2006-2007-2008-2009-2010-2011-2012-2013-2014
Chuck Hayes,-1.62395102074217,-1.88496523152804,0.26101421078587006,2004-2005-2006-2007-2008-2009-2010-2011-2012-2013-2014
James Augustine,0.25327590868264,-0.005550673105874945,0.258826581788515,2004-2005-2006-2007-2008-2009-2010-2011-2012-2013-2014
Anthony Roberson,0.06943017347937999,-0.18726542669068,0.25669560017006,2004-2005-2006-2007-2008-2009-2010-2011-2012-2013-2014
Fred Hoiberg,-0.68512257544092,-0.9395491951732201,0.2544266197323001,2004-2005-2006-2007-2008-2009-2010-2011-2012-2013-2014
Courtney Lee,0.65732328795124,0.40702112266639,0.25030216528484994,2004-2005-2006-2007-2008-2009-2010-2011-2012-2013-2014
Pape Sy,0.05261220250462,-0.19731907520164002,0.24993127770626,2004-2005-2006-2007-2008-2009-2010-2011-2012-2013-2014
Jared Jeffries,0.11474572999111,-0.13318477824936,0.24793050824047,2004-2005-2006-2007-2008-2009-2010-2011-2012-2013-2014
Wang Zhi-zhi,0.032644884181489996,-0.20845411251365,0.24109899669514,2004-2005-2006-2007-2008-2009-2010-2011-2012-2013-2014
Gerald Wallace,0.01636697106709,-0.22416790788651,0.2405348789536,2004-2005-2006-2007-2008-2009-2010-2011-2012-2013-2014
Thomas Robinson,-0.008306721332903689,-0.24799052825618,0.23968380692327632,2004-2005-2006-2007-2008-2009-2010-2011-2012-2013-2014
Sergio Rodriguez,0.57391094859824,0.33437093108326,0.23954001751498002,2004-2005-2006-2007-2008-2009-2010-2011-2012-2013-2014
Kelly Olynyk,0.54759103739172,0.30818364656885,0.23940739082286996,2004-2005-2006-2007-2008-2009-2010-2011-2012-2013-2014
Mark Jones,0.2775472488187,0.04261230522277,0.23493494359593,2004-2005-2006-2007-2008-2009-2010-2011-2012-2013-2014
Devin Ebanks,-0.09857331183219999,-0.33341741084188997,0.23484409900968997,2004-2005-2006-2007-2008-2009-2010-2011-2012-2013-2014
Jonny Flynn,0.4193060227554,0.18524052152362,0.23406550123178,2004-2005-2006-2007-2008-2009-2010-2011-2012-2013-2014
Othello Hunter,-0.002869401862081042,-0.23128198068184,0.228412578819759,2004-2005-2006-2007-2008-2009-2010-2011-2012-2013-2014
Kevin Burleson,-0.13161388120411,-0.359843228303,0.22822934709889,2004-2005-2006-2007-2008-2009-2010-2011-2012-2013-2014
Jordan Hamilton,0.32431607659352,0.09971722408541,0.22459885250811001,2004-2005-2006-2007-2008-2009-2010-2011-2012-2013-2014
Eric Snow,-1.51424568418511,-1.73218566521393,0.21793998102882015,2004-2005-2006-2007-2008-2009-2010-2011-2012-2013-2014
Jalen Rose,0.6455669680334201,0.43122433943826,0.21434262859516004,2004-2005-2006-2007-2008-2009-2010-2011-2012-2013-2014
Erik Daniels,0.004745267165632946,-0.20502460251255,0.20976986967818295,2004-2005-2006-2007-2008-2009-2010-2011-2012-2013-2014
Quinton Ross,1.33375174206534,1.12414572039529,0.20960602167005,2004-2005-2006-2007-2008-2009-2010-2011-2012-2013-2014
Linas Kleiza,-0.20905046832315,-0.41337765590474995,0.20432718758159998,2004-2005-2006-2007-2008-2009-2010-2011-2012-2013-2014
Walter McCarty,0.21465655885287002,0.01206563703045,0.20259092182242003,2004-2005-2006-2007-2008-2009-2010-2011-2012-2013-2014
Antonio Davis,-0.36726166392424,-0.56893671614723,0.20167505222298998,2004-2005-2006-2007-2008-2009-2010-2011-2012-2013-2014
Stephen Graham,-0.10001328768640999,-0.30039085050728,0.20037756282087002,2004-2005-2006-2007-2008-2009-2010-2011-2012-2013-2014
Allan Ray,-0.15833207619557,-0.34659825585618,0.18826617966061,2004-2005-2006-2007-2008-2009-2010-2011-2012-2013-2014
Ekpe Udoh,-0.0061199218772175585,-0.19374370996914,0.18762378809192246,2004-2005-2006-2007-2008-2009-2010-2011-2012-2013-2014
Jrue Holiday,-0.98735527518515,-1.1729639304027701,0.18560865521762004,2004-2005-2006-2007-2008-2009-2010-2011-2012-2013-2014
Jeff Withey,-0.21813606649922,-0.39768667990354,0.17955061340432002,2004-2005-2006-2007-2008-2009-2010-2011-2012-2013-2014
Shavlik Randolph,0.11338699231687,-0.0648928825254,0.17827987484227,2004-2005-2006-2007-2008-2009-2010-2011-2012-2013-2014
Yaroslav Korolev,-0.044396419172720004,-0.22214829632674002,0.17775187715402002,2004-2005-2006-2007-2008-2009-2010-2011-2012-2013-2014
Dion Waiters,0.4154877156385,0.23775796170662,0.17772975393187998,2004-2005-2006-2007-2008-2009-2010-2011-2012-2013-2014
Joe Crawford,-0.07084434903327,-0.24283553594584,0.17199118691257,2004-2005-2006-2007-2008-2009-2010-2011-2012-2013-2014
Alexey Shved,0.18179124162896002,0.01195196790891,0.16983927372005,2004-2005-2006-2007-2008-2009-2010-2011-2012-2013-2014
Mirza Teletovic,0.47365613351957003,0.30417889273480003,0.16947724078477003,2004-2005-2006-2007-2008-2009-2010-2011-2012-2013-2014
Darrick Martin,-0.0010123280600030842,-0.17028168360136,0.16926935554135691,2004-2005-2006-2007-2008-2009-2010-2011-2012-2013-2014
Shane Larkin,0.07747546163332,-0.09169317497282001,0.16916863660613998,2004-2005-2006-2007-2008-2009-2010-2011-2012-2013-2014
Travis Outlaw,1.13999939251604,0.9758397115899301,0.16415968092610994,2004-2005-2006-2007-2008-2009-2010-2011-2012-2013-2014
Lynn Greer,0.20268910023105002,0.03941660569732,0.16327249453373,2004-2005-2006-2007-2008-2009-2010-2011-2012-2013-2014
Nando De Colo,-0.002210761311685382,-0.16301110901213,0.1608003477004446,2004-2005-2006-2007-2008-2009-2010-2011-2012-2013-2014
Charles Jenkins,-0.40801098021784005,-0.56828381640224,0.16027283618439994,2004-2005-2006-2007-2008-2009-2010-2011-2012-2013-2014
Ime Udoka,-0.54008978533825,-0.70010174089362,0.16001195555536998,2004-2005-2006-2007-2008-2009-2010-2011-2012-2013-2014
Ronnie Price,0.03167305432934,-0.12755014788273,0.15922320221206998,2004-2005-2006-2007-2008-2009-2010-2011-2012-2013-2014
Maurice Taylor,-0.22226730907640999,-0.37770569575091,0.15543838667450002,2004-2005-2006-2007-2008-2009-2010-2011-2012-2013-2014
Stephane Lasme,0.3346332842604,0.18155210881022002,0.15308117545018,2004-2005-2006-2007-2008-2009-2010-2011-2012-2013-2014
Othyus Jeffers,0.051680458572170004,-0.10093286290475,0.15261332147692,2004-2005-2006-2007-2008-2009-2010-2011-2012-2013-2014
Bismack Biyombo,-0.7565592166695301,-0.89981130347618,0.14325208680664994,2004-2005-2006-2007-2008-2009-2010-2011-2012-2013-2014
Jeffery Taylor,0.2419350528256,0.09996180396117,0.14197324886443,2004-2005-2006-2007-2008-2009-2010-2011-2012-2013-2014
Brandon Knight,-0.22281927681215,-0.36445526032737,0.14163598351522003,2004-2005-2006-2007-2008-2009-2010-2011-2012-2013-2014
Robert Swift,0.07526935030103,-0.06173830824538,0.13700765854641,2004-2005-2006-2007-2008-2009-2010-2011-2012-2013-2014
James Posey,-0.17222789940734,-0.30693550640656997,0.13470760699922998,2004-2005-2006-2007-2008-2009-2010-2011-2012-2013-2014
Jamaal Franklin,0.12781686111401,-0.0035734244167012668,0.13139028553071128,2004-2005-2006-2007-2008-2009-2010-2011-2012-2013-2014
Gigi Datome,0.08442611475505,-0.04610455353756,0.13053066829261,2004-2005-2006-2007-2008-2009-2010-2011-2012-2013-2014
Justin Dentmon,-0.041143985609330004,-0.17128125268412,0.13013726707479,2004-2005-2006-2007-2008-2009-2010-2011-2012-2013-2014
Chris Richard,-0.01140141419215,-0.13746638472594,0.12606497053379,2004-2005-2006-2007-2008-2009-2010-2011-2012-2013-2014
Roko Ukic,-0.01383026056344,-0.13853085243401,0.12470059187057,2004-2005-2006-2007-2008-2009-2010-2011-2012-2013-2014
Pat Garrity,0.19179573023425,0.06907186853123,0.12272386170302002,2004-2005-2006-2007-2008-2009-2010-2011-2012-2013-2014
Bo Outlaw,-0.18992880726748002,-0.31111371508922997,0.12118490782174998,2004-2005-2006-2007-2008-2009-2010-2011-2012-2013-2014
Jim Jackson,0.6056265901528299,0.48650054966497003,0.11912604048785998,2004-2005-2006-2007-2008-2009-2010-2011-2012-2013-2014
Bobby Brown,-0.01059341588252,-0.12920774289095,0.11861432700843,2004-2005-2006-2007-2008-2009-2010-2011-2012-2013-2014
Lawrence Roberts,-0.08122411659356,-0.19833877413912,0.11711465754556,2004-2005-2006-2007-2008-2009-2010-2011-2012-2013-2014
Tony Mitchell,0.056821434866549995,-0.058065745170180004,0.11488718003672999,2004-2005-2006-2007-2008-2009-2010-2011-2012-2013-2014
Ben McLemore,-0.01370287984683,-0.12853922939112,0.11483634954429002,2004-2005-2006-2007-2008-2009-2010-2011-2012-2013-2014
Mario Kasun,0.12354700409427999,0.009978332147776327,0.11356867194650368,2004-2005-2006-2007-2008-2009-2010-2011-2012-2013-2014
Quincy Acy,-0.05891729381723,-0.16977921250824,0.11086191869100999,2004-2005-2006-2007-2008-2009-2010-2011-2012-2013-2014
Pavel Podkolzin,-0.27972122422776,-0.38707284614471,0.10735162191694998,2004-2005-2006-2007-2008-2009-2010-2011-2012-2013-2014
Marcus Haislip,0.006658847176711539,-0.09958162634781001,0.10624047352452155,2004-2005-2006-2007-2008-2009-2010-2011-2012-2013-2014
John Henson,0.04616943803941,-0.057845849231329995,0.10401528727074,2004-2005-2006-2007-2008-2009-2010-2011-2012-2013-2014
Richie Frahm,-0.26757540860603,-0.36769913749438,0.10012372888834999,2004-2005-2006-2007-2008-2009-2010-2011-2012-2013-2014
Trey Thompkins,0.02877193113933,-0.07046198712434,0.09923391826367,2004-2005-2006-2007-2008-2009-2010-2011-2012-2013-2014
Luther Head,-0.67214010742484,-0.77046665824668,0.09832655082184003,2004-2005-2006-2007-2008-2009-2010-2011-2012-2013-2014
Jamaal Magloire,0.5971795772802599,0.49921438873147,0.09796518854878998,2004-2005-2006-2007-2008-2009-2010-2011-2012-2013-2014
Dahntay Jones,-0.45186444548582,-0.54817990292088,0.09631545743506,2004-2005-2006-2007-2008-2009-2010-2011-2012-2013-2014
Ervin Johnson,0.12270131546195,0.02662823926635,0.0960730761956,2004-2005-2006-2007-2008-2009-2010-2011-2012-2013-2014
Arvydas Macijauskas,0.21540879115381,0.12281272256034,0.09259606859347001,2004-2005-2006-2007-2008-2009-2010-2011-2012-2013-2014
Giannis Antetokounmpo,0.09220761826097,1.1569925304424335e-05,0.09219604833566558,2004-2005-2006-2007-2008-2009-2010-2011-2012-2013-2014
Greg Buckner,-1.53535832081933,-1.6250768115134901,0.08971849069416005,2004-2005-2006-2007-2008-2009-2010-2011-2012-2013-2014
Aaron Gray,0.51018051024879,0.42489533530762996,0.08528517494116004,2004-2005-2006-2007-2008-2009-2010-2011-2012-2013-2014
Michael Bradley,-0.14686403761206,-0.23124745961956,0.0843834220075,2004-2005-2006-2007-2008-2009-2010-2011-2012-2013-2014
Jerome Williams,0.63943637382886,0.55731179529732,0.08212457853153995,2004-2005-2006-2007-2008-2009-2010-2011-2012-2013-2014
Anthony Randolph,0.58135870542904,0.50367573513861,0.07768297029042996,2004-2005-2006-2007-2008-2009-2010-2011-2012-2013-2014
Adonis Thomas,0.15460355822799998,0.07716997765714,0.07743358057085999,2004-2005-2006-2007-2008-2009-2010-2011-2012-2013-2014
Primoz Brezec,-0.28727688873567003,-0.36203249867129,0.07475560993561998,2004-2005-2006-2007-2008-2009-2010-2011-2012-2013-2014
Brandan Wright,0.11744282016317,0.0433463786134,0.07409644154977,2004-2005-2006-2007-2008-2009-2010-2011-2012-2013-2014
Jeremy Evans,0.08768426784406,0.015151357744459998,0.0725329100996,2004-2005-2006-2007-2008-2009-2010-2011-2012-2013-2014
Junior Harrington,0.28970419358948,0.21820947431637003,0.07149471927310998,2004-2005-2006-2007-2008-2009-2010-2011-2012-2013-2014
David Noel,0.18896929578383,0.11829127091239,0.07067802487144001,2004-2005-2006-2007-2008-2009-2010-2011-2012-2013-2014
Hollis Thompson,-0.06396965169892,-0.13319083984874,0.06922118814981999,2004-2005-2006-2007-2008-2009-2010-2011-2012-2013-2014
Dana Barros,0.03403280101216,-0.03440545434574,0.0684382553579,2004-2005-2006-2007-2008-2009-2010-2011-2012-2013-2014
Rodney Carney,0.47699045174396,0.414405272101,0.06258517964296004,2004-2005-2006-2007-2008-2009-2010-2011-2012-2013-2014
Tiago Splitter,-0.8471017945867999,-0.90914577862585,0.062043984039050065,2004-2005-2006-2007-2008-2009-2010-2011-2012-2013-2014
Jawad Williams,-0.003856722782492701,-0.06528051710604,0.061423794323547304,2004-2005-2006-2007-2008-2009-2010-2011-2012-2013-2014
Mardy Collins,0.21005237722298997,0.14947860983286998,0.06057376739011999,2004-2005-2006-2007-2008-2009-2010-2011-2012-2013-2014
Jeremy Richardson,-0.04440120746661,-0.10368010248282,0.05927889501621,2004-2005-2006-2007-2008-2009-2010-2011-2012-2013-2014
Alexis Ajinca,0.23248945316158,0.17493798168774,0.05755147147384,2004-2005-2006-2007-2008-2009-2010-2011-2012-2013-2014
Jeff Adrien,0.33356945310634,0.27611144386267,0.05745800924367001,2004-2005-2006-2007-2008-2009-2010-2011-2012-2013-2014
Bernard James,0.07464677510826999,0.02014964628513,0.05449712882313999,2004-2005-2006-2007-2008-2009-2010-2011-2012-2013-2014
Al-Farouq Aminu,-1.2744255271900902,-1.32887318454852,0.05444765735843002,2004-2005-2006-2007-2008-2009-2010-2011-2012-2013-2014
Anthony Tolliver,-0.83662860504429,-0.8871523042227201,0.05052369917842997,2004-2005-2006-2007-2008-2009-2010-2011-2012-2013-2014
Josh Selby,0.09130227383415,0.04080185979242,0.05050041404173,2004-2005-2006-2007-2008-2009-2010-2011-2012-2013-2014
Robert Traylor,0.30890652252797,0.26236633136674,0.046540191161230024,2004-2005-2006-2007-2008-2009-2010-2011-2012-2013-2014
Nicolas Batum,0.7291780752018,0.68323102621888,0.04594704898292007,2004-2005-2006-2007-2008-2009-2010-2011-2012-2013-2014
Alec Burks,-0.70211082183376,-0.74802160208323,0.045910780249470026,2004-2005-2006-2007-2008-2009-2010-2011-2012-2013-2014
Tony Wroten,-0.23537179340548997,-0.28063099612736997,0.045259202721880006,2004-2005-2006-2007-2008-2009-2010-2011-2012-2013-2014
Demetris Nichols,-0.05160597445507,-0.09676416864919,0.045158194194120004,2004-2005-2006-2007-2008-2009-2010-2011-2012-2013-2014
Xavier Henry,-0.5752546011544499,-0.61838297316475,0.043128372010299995,2004-2005-2006-2007-2008-2009-2010-2011-2012-2013-2014
Renaldo Balkman,-0.22203800444139998,-0.26350913131197,0.041471126870569995,2004-2005-2006-2007-2008-2009-2010-2011-2012-2013-2014
Donta Smith,-0.36143093760576,-0.40265341327794,0.041222475672180035,2004-2005-2006-2007-2008-2009-2010-2011-2012-2013-2014
John Edwards,0.08444660405179,0.04472072887551,0.03972587517628,2004-2005-2006-2007-2008-2009-2010-2011-2012-2013-2014
Charlie Ward,0.025606312748339997,-0.011562144393839999,0.03716845714218,2004-2005-2006-2007-2008-2009-2010-2011-2012-2013-2014
Salim Stoudamire,0.21138912899330997,0.17506214088808,0.036326988105229975,2004-2005-2006-2007-2008-2009-2010-2011-2012-2013-2014
Daniel Santiago,-0.01160732397069,-0.04616147842323,0.034554154452539995,2004-2005-2006-2007-2008-2009-2010-2011-2012-2013-2014
Kirk Hinrich,0.19444370513893,0.16038066163393,0.03406304350499999,2004-2005-2006-2007-2008-2009-2010-2011-2012-2013-2014
Nikoloz Tskitishvili,-0.03292423240524,-0.06650086652226,0.033576634117020006,2004-2005-2006-2007-2008-2009-2010-2011-2012-2013-2014
Lionel Chalmers,-0.08247656199263001,-0.11274506224957001,0.03026850025694,2004-2005-2006-2007-2008-2009-2010-2011-2012-2013-2014
Jerome Dyson,-1.10869646308253,-1.1380528542772999,0.02935639119476998,2004-2005-2006-2007-2008-2009-2010-2011-2012-2013-2014
Andre Barrett,0.3579946329882,0.33108354374557,0.026911089242629988,2004-2005-2006-2007-2008-2009-2010-2011-2012-2013-2014
Billy Thomas,0.16407479350253998,0.13832207914734,0.025752714355199994,2004-2005-2006-2007-2008-2009-2010-2011-2012-2013-2014
Kyle Singler,0.41526662958565996,0.39077743602439996,0.02448919356126001,2004-2005-2006-2007-2008-2009-2010-2011-2012-2013-2014
Andres Nocioni,0.08015877417586001,0.05629941147663,0.023859362699230002,2004-2005-2006-2007-2008-2009-2010-2011-2012-2013-2014
Tyshawn Taylor,0.1574463508349,0.13540676360939,0.022039587225509992,2004-2005-2006-2007-2008-2009-2010-2011-2012-2013-2014
Andre Drummond,0.24915084926115,0.22986854258968,0.01928230667147001,2004-2005-2006-2007-2008-2009-2010-2011-2012-2013-2014
David Wesley,-0.17412671801935,-0.19116276977577001,0.01703605175642001,2004-2005-2006-2007-2008-2009-2010-2011-2012-2013-2014
Alexander Johnson,0.0965263699485,0.08254520212348,0.013981167825020003,2004-2005-2006-2007-2008-2009-2010-2011-2012-2013-2014
Justin Hamilton,-0.19330334691336,-0.20647085541166,0.013167508498299996,2004-2005-2006-2007-2008-2009-2010-2011-2012-2013-2014
Khris Middleton,0.37772635393567,0.3663974365476,0.01132891738806997,2004-2005-2006-2007-2008-2009-2010-2011-2012-2013-2014
Cory Alexander,-0.03272856050302,-0.04204109643967,0.00931253593665,2004-2005-2006-2007-2008-2009-2010-2011-2012-2013-2014
CJ McCollum,-0.05713601685736999,-0.0655032801007,0.008367263243330009,2004-2005-2006-2007-2008-2009-2010-2011-2012-2013-2014
Vassilis Spanoulis,-0.01490274870166,-0.022530682891239998,0.00762793418958,2004-2005-2006-2007-2008-2009-2010-2011-2012-2013-2014
Steven Smith,-0.52456861994493,-0.53170356267805,0.0071349427331200005,2004-2005-2006-2007-2008-2009-2010-2011-2012-2013-2014
Donte Greene,-0.16534081216091,-0.17049580124234,0.0051549890814300055,2004-2005-2006-2007-2008-2009-2010-2011-2012-2013-2014
Elden Campbell,-1.32316771522948,-1.32798753920037,0.0048198239708899596,2004-2005-2006-2007-2008-2009-2010-2011-2012-2013-2014
Dominique Jones,-0.22575293085704,-0.22940137427635002,0.0036484434193100133,2004-2005-2006-2007-2008-2009-2010-2011-2012-2013-2014
AJ Price,0.19877490450742,0.20067911828069002,-0.0019042137732700175,2004-2005-2006-2007-2008-2009-2010-2011-2012-2013-2014
Will Conroy,-0.07453707333105,-0.0704667101935,-0.004070363137549996,2004-2005-2006-2007-2008-2009-2010-2011-2012-2013-2014
Ersan Ilyasova,-0.36684242972666997,-0.3623938794273,-0.00444855029937,2004-2005-2006-2007-2008-2009-2010-2011-2012-2013-2014
Jake Voskuhl,-0.9411799037131199,-0.93645471645159,-0.004725187261529935,2004-2005-2006-2007-2008-2009-2010-2011-2012-2013-2014
Solomon Hill,-0.0002119266664618744,0.007661924953941348,-0.007873851620403223,2004-2005-2006-2007-2008-2009-2010-2011-2012-2013-2014
John Jenkins,-0.13705860708634,-0.1290967162538,-0.007961890832539998,2004-2005-2006-2007-2008-2009-2010-2011-2012-2013-2014
Lucious Harris,-0.59712048369872,-0.58561435907321,-0.011506124625510015,2004-2005-2006-2007-2008-2009-2010-2011-2012-2013-2014
Jeff Ayres,0.39034966339694,0.40400536776618,-0.013655704369239978,2004-2005-2006-2007-2008-2009-2010-2011-2012-2013-2014
Kendall Marshall,0.30845883552291997,0.32393889461413,-0.015480059091210014,2004-2005-2006-2007-2008-2009-2010-2011-2012-2013-2014
Awvee Storey,-0.39984086495851,-0.38148554074242996,-0.018355324216080045,2004-2005-2006-2007-2008-2009-2010-2011-2012-2013-2014
Jimmer Fredette,0.08592062847095,0.10642400847194,-0.02050338000099001,2004-2005-2006-2007-2008-2009-2010-2011-2012-2013-2014
O.J. Mayo,0.49489660290932996,0.52344815884504,-0.028551555935710064,2004-2005-2006-2007-2008-2009-2010-2011-2012-2013-2014
Christian Laettner,-0.7988731429058199,-0.76979475736662,-0.02907838553919996,2004-2005-2006-2007-2008-2009-2010-2011-2012-2013-2014
Glen Davis,0.18328887804820998,0.21257787476999,-0.029288996721779995,2004-2005-2006-2007-2008-2009-2010-2011-2012-2013-2014
Nemanja Nedovic,0.0,0.02970852306393,-0.02970852306393,2004-2005-2006-2007-2008-2009-2010-2011-2012-2013-2014
Jermareo Davidson,-0.11392804168544,-0.0766312148801,-0.03729682680534001,2004-2005-2006-2007-2008-2009-2010-2011-2012-2013-2014
Brandon Armstrong,-0.22950222575707,-0.18825730347496,-0.04124492228211,2004-2005-2006-2007-2008-2009-2010-2011-2012-2013-2014
Devin Harris,-0.33103374937139,-0.28656290243789,-0.044470846933499994,2004-2005-2006-2007-2008-2009-2010-2011-2012-2013-2014
Ryan Humphrey,-0.02308649162346,0.02485139220153,-0.047937883824989994,2004-2005-2006-2007-2008-2009-2010-2011-2012-2013-2014
Gabe Pruitt,0.23469542833497,0.28351097614348,-0.04881554780850998,2004-2005-2006-2007-2008-2009-2010-2011-2012-2013-2014
Zaza Pachulia,0.36765222281671,0.42360397470496,-0.055951751888249975,2004-2005-2006-2007-2008-2009-2010-2011-2012-2013-2014
Rodney Stuckey,-0.11135390175882999,-0.05046611834937,-0.06088778340945999,2004-2005-2006-2007-2008-2009-2010-2011-2012-2013-2014
Alando Tucker,-0.12010890752998,-0.058906847364090006,-0.06120206016589,2004-2005-2006-2007-2008-2009-2010-2011-2012-2013-2014
Lonny Baxter,-0.07336271219982,-0.0120279079194,-0.06133480428042,2004-2005-2006-2007-2008-2009-2010-2011-2012-2013-2014
Solomon Alabi,-0.49901482044282,-0.43743134845408,-0.061583471988739966,2004-2005-2006-2007-2008-2009-2010-2011-2012-2013-2014
Damion James,0.0046706303455281845,0.06658957915893,-0.06191894881340181,2004-2005-2006-2007-2008-2009-2010-2011-2012-2013-2014
Ricky Davis,0.76925883747373,0.8317226518539601,-0.06246381438023002,2004-2005-2006-2007-2008-2009-2010-2011-2012-2013-2014
Shaun Livingston,0.41490336231463,0.47752732224024,-0.06262395992561003,2004-2005-2006-2007-2008-2009-2010-2011-2012-2013-2014
Andray Blatche,-0.14152803006331,-0.07717193273669,-0.06435609732661998,2004-2005-2006-2007-2008-2009-2010-2011-2012-2013-2014
Acie Law,-0.21541488563334,-0.14661032040635,-0.06880456522698998,2004-2005-2006-2007-2008-2009-2010-2011-2012-2013-2014
Sebastian Telfair,-0.52508227427222,-0.45214421731422,-0.07293805695800003,2004-2005-2006-2007-2008-2009-2010-2011-2012-2013-2014
Joe Alexander,0.06725730837906,0.14277074438419,-0.07551343600513,2004-2005-2006-2007-2008-2009-2010-2011-2012-2013-2014
Pops Mensah-Bonsu,-0.12798855824204,-0.04903397718605999,-0.07895458105598001,2004-2005-2006-2007-2008-2009-2010-2011-2012-2013-2014
Wayne Ellington,-0.61327445289368,-0.53286942640113,-0.08040502649254996,2004-2005-2006-2007-2008-2009-2010-2011-2012-2013-2014
Aaron McKie,-0.61939203135934,-0.53882789097234,-0.08056414038700001,2004-2005-2006-2007-2008-2009-2010-2011-2012-2013-2014
Andre Roberson,-0.02553341274141,0.05637604759008,-0.08190946033149,2004-2005-2006-2007-2008-2009-2010-2011-2012-2013-2014
Tyronn Lue,1.10408238397299,1.1875681404221599,-0.08348575644916995,2004-2005-2006-2007-2008-2009-2010-2011-2012-2013-2014
Esteban Batista,-0.20638794537507,-0.12172861954447001,-0.0846593258306,2004-2005-2006-2007-2008-2009-2010-2011-2012-2013-2014
Michael Carter-Williams,-0.21616276041608,-0.13027760834431998,-0.08588515207176002,2004-2005-2006-2007-2008-2009-2010-2011-2012-2013-2014
Courtney Fortson,-0.289511371224,-0.20146703649314,-0.08804433473086001,2004-2005-2006-2007-2008-2009-2010-2011-2012-2013-2014
Rudy Gobert,0.0003356462152953521,0.08922051601153999,-0.08888486979624464,2004-2005-2006-2007-2008-2009-2010-2011-2012-2013-2014
Troy Daniels,0.58271549555495,0.6718782444613299,-0.08916274890637997,2004-2005-2006-2007-2008-2009-2010-2011-2012-2013-2014
Tony Snell,0.09658235882503,0.18583160750142,-0.08924924867639,2004-2005-2006-2007-2008-2009-2010-2011-2012-2013-2014
Robert Covington,-0.2010510500483,-0.10648275349995999,-0.09456829654834002,2004-2005-2006-2007-2008-2009-2010-2011-2012-2013-2014
Gary Neal,0.87645835476482,0.9731208258881,-0.09666247112327994,2004-2005-2006-2007-2008-2009-2010-2011-2012-2013-2014
Maurice Carter,-0.07043189069564,0.03313514828406,-0.1035670389797,2004-2005-2006-2007-2008-2009-2010-2011-2012-2013-2014
Dionte Christmas,-0.05543188972861,0.049061467431310006,-0.10449335715991999,2004-2005-2006-2007-2008-2009-2010-2011-2012-2013-2014
Dwight Buycks,-0.15461382127127998,-0.04827098665402,-0.10634283461725999,2004-2005-2006-2007-2008-2009-2010-2011-2012-2013-2014
Mo Williams,1.29953118316171,1.40639726362065,-0.10686608045893994,2004-2005-2006-2007-2008-2009-2010-2011-2012-2013-2014
Henry Sims,-0.21189002168568,-0.10456881281193,-0.10732120887374998,2004-2005-2006-2007-2008-2009-2010-2011-2012-2013-2014
Rick Brunson,-0.27272100689201,-0.16370643998238002,-0.10901456690962999,2004-2005-2006-2007-2008-2009-2010-2011-2012-2013-2014
Lindsey Hunter,-2.12759285857946,-2.01769524151268,-0.10989761706678008,2004-2005-2006-2007-2008-2009-2010-2011-2012-2013-2014
Torraye Braggs,-0.12303763657509001,-0.013073761560280001,-0.10996387501481002,2004-2005-2006-2007-2008-2009-2010-2011-2012-2013-2014
Gustavo Ayon,-0.62022410025527,-0.5095040330157,-0.11072006723957,2004-2005-2006-2007-2008-2009-2010-2011-2012-2013-2014
Terrence Jones,0.99794465813914,1.1087996830038,-0.11085502486465997,2004-2005-2006-2007-2008-2009-2010-2011-2012-2013-2014
Jon Brockman,-0.75065634669562,-0.63839434864845,-0.11226199804717005,2004-2005-2006-2007-2008-2009-2010-2011-2012-2013-2014
Chris Quinn,-0.21596922220047998,-0.10337100130577001,-0.11259822089470999,2004-2005-2006-2007-2008-2009-2010-2011-2012-2013-2014
Carl Landry,-1.01300796817833,-0.89807643083954,-0.11493153733879002,2004-2005-2006-2007-2008-2009-2010-2011-2012-2013-2014
Jacque Vaughn,-0.89324116008289,-0.77612335863959,-0.1171178014433,2004-2005-2006-2007-2008-2009-2010-2011-2012-2013-2014
Scott Williams,-0.33103310087022003,-0.21200048925087,-0.11903261161935,2004-2005-2006-2007-2008-2009-2010-2011-2012-2013-2014
Mike Hall,-0.13159483028692998,-0.01073737001188,-0.12085746027505,2004-2005-2006-2007-2008-2009-2010-2011-2012-2013-2014
Shammond Williams,-0.02086599672543,0.10042891308084,-0.12129490980627,2004-2005-2006-2007-2008-2009-2010-2011-2012-2013-2014
Randolph Morris,0.03567054780843,0.15996285347354,-0.12429230566511,2004-2005-2006-2007-2008-2009-2010-2011-2012-2013-2014
Patrick Ewing,-0.006594037454274149,0.11981371096071,-0.12640774841498414,2004-2005-2006-2007-2008-2009-2010-2011-2012-2013-2014
Justin Holiday,0.16744757432955,0.29438927770852,-0.12694170337897,2004-2005-2006-2007-2008-2009-2010-2011-2012-2013-2014
DeSagana Diop,-1.15317231593281,-1.02466141673455,-0.12851089919826003,2004-2005-2006-2007-2008-2009-2010-2011-2012-2013-2014
Fab Melo,-0.028327038174919997,0.10059295366594001,-0.12891999184086,2004-2005-2006-2007-2008-2009-2010-2011-2012-2013-2014
Coby Karl,-0.10421028816601,0.02887319894091,-0.13308348710692,2004-2005-2006-2007-2008-2009-2010-2011-2012-2013-2014
Lester Hudson,-0.26351628493234996,-0.12975442242957,-0.13376186250278,2004-2005-2006-2007-2008-2009-2010-2011-2012-2013-2014
Josh Akognon,-0.03547330583574,0.09844629040414,-0.13391959623988,2004-2005-2006-2007-2008-2009-2010-2011-2012-2013-2014
Ian Clark,-0.013041250351889999,0.12164406447470999,-0.1346853148266,2004-2005-2006-2007-2008-2009-2010-2011-2012-2013-2014
Peyton Siva,0.11066953166844,0.24814975975200998,-0.13748022808356997,2004-2005-2006-2007-2008-2009-2010-2011-2012-2013-2014
Rudy Fernandez,0.03131225133093,0.17208941488545001,-0.14077716355452002,2004-2005-2006-2007-2008-2009-2010-2011-2012-2013-2014
Adam Morrison,-0.09560214247502,0.04527434364042,-0.14087648611544,2004-2005-2006-2007-2008-2009-2010-2011-2012-2013-2014
Mike Bibby,1.26005456402712,1.4041840387792401,-0.14412947475212004,2004-2005-2006-2007-2008-2009-2010-2011-2012-2013-2014
Qyntel Woods,-0.08406714524612,0.06276771789863,-0.14683486314475003,2004-2005-2006-2007-2008-2009-2010-2011-2012-2013-2014
Toure' Murry,0.13287272993034,0.28161316256963,-0.14874043263929,2004-2005-2006-2007-2008-2009-2010-2011-2012-2013-2014
Joakim Noah,0.16358855414925,0.31238609246528,-0.14879753831603001,2004-2005-2006-2007-2008-2009-2010-2011-2012-2013-2014
Damone Brown,0.03490395418136,0.18580211607508001,-0.15089816189372002,2004-2005-2006-2007-2008-2009-2010-2011-2012-2013-2014
Victor Claver,-0.7807337230775799,-0.62841119071099,-0.15232253236658994,2004-2005-2006-2007-2008-2009-2010-2011-2012-2013-2014
Anthony Grundy,0.10281528792997,0.25778354085822,-0.15496825292825,2004-2005-2006-2007-2008-2009-2010-2011-2012-2013-2014
DJ Strawberry,-0.34097301693213,-0.18594894451471,-0.15502407241742003,2004-2005-2006-2007-2008-2009-2010-2011-2012-2013-2014
Kyle O'Quinn,-0.12239346485268,0.03603311748768,-0.15842658234036,2004-2005-2006-2007-2008-2009-2010-2011-2012-2013-2014
Tamar Slay,-0.32241568157089,-0.16046145887991,-0.16195422269097998,2004-2005-2006-2007-2008-2009-2010-2011-2012-2013-2014
Nick Calathes,0.06732962868055001,0.22981517798846002,-0.16248554930791,2004-2005-2006-2007-2008-2009-2010-2011-2012-2013-2014
Kasib Powell,0.19385421558758,0.36509020231097,-0.17123598672339,2004-2005-2006-2007-2008-2009-2010-2011-2012-2013-2014
Eduardo Najera,-0.7511879097345,-0.57893402592398,-0.17225388381051998,2004-2005-2006-2007-2008-2009-2010-2011-2012-2013-2014
Xavier Silas,-0.30082408186028,-0.12784101465983,-0.17298306720044998,2004-2005-2006-2007-2008-2009-2010-2011-2012-2013-2014
Sean May,-0.18852558995342,-0.0135628948655,-0.17496269508791998,2004-2005-2006-2007-2008-2009-2010-2011-2012-2013-2014
Michael Finley,-0.20616779432424,-0.030751976120279998,-0.17541581820396,2004-2005-2006-2007-2008-2009-2010-2011-2012-2013-2014
Mateen Cleaves,0.09771940015743999,0.27378675339722,-0.17606735323978,2004-2005-2006-2007-2008-2009-2010-2011-2012-2013-2014
Dontell Jefferson,-0.07139860871341,0.1063531601434,-0.17775176885681,2004-2005-2006-2007-2008-2009-2010-2011-2012-2013-2014
Kevin Willis,-0.24386613858113,-0.0606013957084,-0.18326474287272998,2004-2005-2006-2007-2008-2009-2010-2011-2012-2013-2014
P.J. Tucker,-0.24413358521058,-0.05909083520078,-0.18504275000980003,2004-2005-2006-2007-2008-2009-2010-2011-2012-2013-2014
Jared Cunningham,-0.07938095934434,0.10912983808258,-0.18851079742692,2004-2005-2006-2007-2008-2009-2010-2011-2012-2013-2014
James Singleton,-0.30881944838492004,-0.11977645657827,-0.18904299180665002,2004-2005-2006-2007-2008-2009-2010-2011-2012-2013-2014
Luke Ridnour,0.08373671862185,0.27357664486055,-0.1898399262387,2004-2005-2006-2007-2008-2009-2010-2011-2012-2013-2014
Amir Johnson,-0.11158537736349,0.082525584488,-0.19411096185149002,2004-2005-2006-2007-2008-2009-2010-2011-2012-2013-2014
Jordan Williams,0.07559022624109,0.27011038457375,-0.19452015833265998,2004-2005-2006-2007-2008-2009-2010-2011-2012-2013-2014
Jamal Sampson,-0.24672851162379,-0.0462639566789,-0.20046455494489,2004-2005-2006-2007-2008-2009-2010-2011-2012-2013-2014
Damir Markota,-0.0037860412012544254,0.19887441489844998,-0.2026604560997044,2004-2005-2006-2007-2008-2009-2010-2011-2012-2013-2014
Trey Johnson,-0.18994555624396,0.01283530798064,-0.2027808642246,2004-2005-2006-2007-2008-2009-2010-2011-2012-2013-2014
Walker Russell,-0.17295417935953,0.02995296762667,-0.2029071469862,2004-2005-2006-2007-2008-2009-2010-2011-2012-2013-2014
Kevin Murphy,-0.039744562289839996,0.16448543991505,-0.20423000220489,2004-2005-2006-2007-2008-2009-2010-2011-2012-2013-2014
Bonzi Wells,0.18592737092172,0.39103812414993,-0.20511075322820999,2004-2005-2006-2007-2008-2009-2010-2011-2012-2013-2014
Maceo Baston,0.21681035837364002,0.4335016893878,-0.21669133101416,2004-2005-2006-2007-2008-2009-2010-2011-2012-2013-2014
Larry Sanders,-1.12306078278468,-0.90521496883095,-0.21784581395372996,2004-2005-2006-2007-2008-2009-2010-2011-2012-2013-2014
Alex Len,-0.03119302090624,0.18896911259309002,-0.22016213349933,2004-2005-2006-2007-2008-2009-2010-2011-2012-2013-2014
Nick Young,0.26293220747874,0.48415077875313994,-0.22121857127439995,2004-2005-2006-2007-2008-2009-2010-2011-2012-2013-2014
Blake Ahearn,-0.05077136218225,0.17324971429219999,-0.22402107647444996,2004-2005-2006-2007-2008-2009-2010-2011-2012-2013-2014
Kemba Walker,-0.47678188381495,-0.25196995729372,-0.22481192652123003,2004-2005-2006-2007-2008-2009-2010-2011-2012-2013-2014
Enes Freedom,-0.36780352702195995,-0.14293608017378,-0.22486744684817997,2004-2005-2006-2007-2008-2009-2010-2011-2012-2013-2014
Joe Smith,0.46703257361532,0.6921016502631,-0.22506907664777992,2004-2005-2006-2007-2008-2009-2010-2011-2012-2013-2014
Kim English,-0.19009567503473,0.03934843090377,-0.22944410593849998,2004-2005-2006-2007-2008-2009-2010-2011-2012-2013-2014
Henry Walker,0.24631735463258997,0.48103785858147,-0.23472050394888005,2004-2005-2006-2007-2008-2009-2010-2011-2012-2013-2014
Michael Ruffin,0.19396066401092998,0.43064291241188,-0.23668224840095003,2004-2005-2006-2007-2008-2009-2010-2011-2012-2013-2014
Joel Przybilla,0.39602264839201995,0.63610957479532,-0.24008692640330004,2004-2005-2006-2007-2008-2009-2010-2011-2012-2013-2014
Reggie Williams,-0.26695253767895,-0.02655106462764,-0.24040147305131,2004-2005-2006-2007-2008-2009-2010-2011-2012-2013-2014
Jabari Smith,-0.10751864567508,0.13864407952755,-0.24616272520263,2004-2005-2006-2007-2008-2009-2010-2011-2012-2013-2014
Larry Hughes,-0.37013097765992004,-0.11996734015759,-0.25016363750233006,2004-2005-2006-2007-2008-2009-2010-2011-2012-2013-2014
Bernard Robinson,-0.18661530402621002,0.06413230230554,-0.25074760633175,2004-2005-2006-2007-2008-2009-2010-2011-2012-2013-2014
Michael Sweetney,0.8011859601387801,1.05202208308374,-0.2508361229449599,2004-2005-2006-2007-2008-2009-2010-2011-2012-2013-2014
Rob Kurz,0.08191980720439,0.33456319994131,-0.25264339273692,2004-2005-2006-2007-2008-2009-2010-2011-2012-2013-2014
Kevin Love,-0.06677406683719,0.18852376301348,-0.25529782985067,2004-2005-2006-2007-2008-2009-2010-2011-2012-2013-2014
Wesley Matthews,1.46433031982768,1.7199406564781499,-0.25561033665047006,2004-2005-2006-2007-2008-2009-2010-2011-2012-2013-2014
Latrell Sprewell,0.19472598287568,0.45060607986187,-0.25588009698619,2004-2005-2006-2007-2008-2009-2010-2011-2012-2013-2014
Melvin Sanders,-0.16588702846998,0.0901353436537,-0.25602237212367995,2004-2005-2006-2007-2008-2009-2010-2011-2012-2013-2014
Darko Milicic,-0.31212557358739,-0.05401285295588,-0.25811272063151,2004-2005-2006-2007-2008-2009-2010-2011-2012-2013-2014
Rawle Marshall,-0.23817784185586,0.025764107807550004,-0.26394194966341,2004-2005-2006-2007-2008-2009-2010-2011-2012-2013-2014
Jerome Jordan,-0.21777011448397,0.04836021315623,-0.26613032764019995,2004-2005-2006-2007-2008-2009-2010-2011-2012-2013-2014
Chris Babb,-0.13001396722925,0.13714250865978,-0.26715647588903,2004-2005-2006-2007-2008-2009-2010-2011-2012-2013-2014
Noel Felix,-0.27455513450096003,-0.00644283967039321,-0.2681122948305668,2004-2005-2006-2007-2008-2009-2010-2011-2012-2013-2014
Ira Newble,-0.36945531001463,-0.09992562430914001,-0.26952968570549,2004-2005-2006-2007-2008-2009-2010-2011-2012-2013-2014
Speedy Claxton,-0.01161061291319,0.2602297360251,-0.27184034893829,2004-2005-2006-2007-2008-2009-2010-2011-2012-2013-2014
Hassan Adams,-0.36091047373451,-0.08848247474407,-0.27242799899044,2004-2005-2006-2007-2008-2009-2010-2011-2012-2013-2014
Quincy Pondexter,-0.56692281782202,-0.29425519140155,-0.27266762642047,2004-2005-2006-2007-2008-2009-2010-2011-2012-2013-2014
Tyler Honeycutt,0.0446178055017,0.3184812760998,-0.2738634705981,2004-2005-2006-2007-2008-2009-2010-2011-2012-2013-2014
Horace Jenkins,-0.29026163498696,-0.016168479005900002,-0.27409315598106,2004-2005-2006-2007-2008-2009-2010-2011-2012-2013-2014
Isaiah Canaan,-0.12181518571906999,0.15406859276067,-0.27588377847974,2004-2005-2006-2007-2008-2009-2010-2011-2012-2013-2014
Brian Roberts,-0.23750741821513002,0.042790513516319996,-0.28029793173145,2004-2005-2006-2007-2008-2009-2010-2011-2012-2013-2014
Cedric Simmons,-0.1642247298033,0.11814888263946999,-0.28237361244277004,2004-2005-2006-2007-2008-2009-2010-2011-2012-2013-2014
Brandon Rush,0.34479339647984,0.63042509527118,-0.28563169879134004,2004-2005-2006-2007-2008-2009-2010-2011-2012-2013-2014
Cuttino Mobley,-0.45553507972968005,-0.1695083558865,-0.28602672384318,2004-2005-2006-2007-2008-2009-2010-2011-2012-2013-2014
Jackie Butler,-0.01841303722668,0.26814944495091003,-0.28656248217759,2004-2005-2006-2007-2008-2009-2010-2011-2012-2013-2014
Ray McCallum,-0.04198994043966,0.24581848365608003,-0.28780842409574003,2004-2005-2006-2007-2008-2009-2010-2011-2012-2013-2014
Kareem Rush,-0.58009651035539,-0.28220438528735,-0.29789212506803997,2004-2005-2006-2007-2008-2009-2010-2011-2012-2013-2014
Eric Piatkowski,-0.20541986264297,0.09494494430716,-0.30036480695013,2004-2005-2006-2007-2008-2009-2010-2011-2012-2013-2014
DeQuan Jones,-0.27179949537728,0.0304255349848,-0.30222503036208004,2004-2005-2006-2007-2008-2009-2010-2011-2012-2013-2014
Quincy Miller,-0.10368538324070001,0.19940274086941,-0.30308812411011,2004-2005-2006-2007-2008-2009-2010-2011-2012-2013-2014
Kenny Thomas,0.7932221372688,1.09830236618474,-0.30508022891593994,2004-2005-2006-2007-2008-2009-2010-2011-2012-2013-2014
Malcolm Thomas,0.08167039547749999,0.38697878498717,-0.30530838950967,2004-2005-2006-2007-2008-2009-2010-2011-2012-2013-2014
Kevin Ollie,-0.13802607948944,0.16734921078358,-0.30537529027302,2004-2005-2006-2007-2008-2009-2010-2011-2012-2013-2014
Armon Johnson,-0.5174532228616899,-0.20985731578734,-0.30759590707435,2004-2005-2006-2007-2008-2009-2010-2011-2012-2013-2014
Jackson Vroman,-0.01412185108719,0.29355417334474,-0.30767602443193,2004-2005-2006-2007-2008-2009-2010-2011-2012-2013-2014
Pat Burke,-0.01103859026989,0.29889307883618,-0.30993166910607006,2004-2005-2006-2007-2008-2009-2010-2011-2012-2013-2014
Eddie Griffin,-0.42057753614594995,-0.10815185360455999,-0.31242568254138997,2004-2005-2006-2007-2008-2009-2010-2011-2012-2013-2014
Paul Pierce,0.14498774274925,0.45768612055741,-0.31269837780816,2004-2005-2006-2007-2008-2009-2010-2011-2012-2013-2014
Victor Oladipo,-0.14858407370145998,0.16453097796277,-0.31311505166423004,2004-2005-2006-2007-2008-2009-2010-2011-2012-2013-2014
Jamal Crawford,1.28279214077222,1.59681131247821,-0.31401917170599,2004-2005-2006-2007-2008-2009-2010-2011-2012-2013-2014
Rodney Buford,-0.38397631202106003,-0.06833227943049,-0.31564403259057,2004-2005-2006-2007-2008-2009-2010-2011-2012-2013-2014
Viktor Khryapa,-0.59547948967378,-0.27942550596971,-0.31605398370406995,2004-2005-2006-2007-2008-2009-2010-2011-2012-2013-2014
Boniface Ndong,-0.02222850973935,0.29383586112525,-0.3160643708646,2004-2005-2006-2007-2008-2009-2010-2011-2012-2013-2014
Mamadou N'diaye,-0.11302213057944001,0.20321405497335,-0.31623618555279,2004-2005-2006-2007-2008-2009-2010-2011-2012-2013-2014
Karl Malone,-1.62814163861275,-1.311552383436,-0.31658925517675013,2004-2005-2006-2007-2008-2009-2010-2011-2012-2013-2014
Drew Gooden,-0.604253564655,-0.28673430834686997,-0.31751925630813,2004-2005-2006-2007-2008-2009-2010-2011-2012-2013-2014
Marcus Vinicius,0.22223483655664,0.54054727054262,-0.31831243398597997,2004-2005-2006-2007-2008-2009-2010-2011-2012-2013-2014
Aaron Williams,-0.64872104173915,-0.32840901284367,-0.32031202889548,2004-2005-2006-2007-2008-2009-2010-2011-2012-2013-2014
Sean Marks,-0.86396274882873,-0.54179824734968,-0.32216450147905,2004-2005-2006-2007-2008-2009-2010-2011-2012-2013-2014
Shandon Anderson,-0.55475276999072,-0.23211226783441002,-0.32264050215630996,2004-2005-2006-2007-2008-2009-2010-2011-2012-2013-2014
Dexter Pittman,-0.43305759389913,-0.10986236883112001,-0.32319522506801,2004-2005-2006-2007-2008-2009-2010-2011-2012-2013-2014
Danny Fortson,-0.10442982127264,0.22038454953375,-0.32481437080639003,2004-2005-2006-2007-2008-2009-2010-2011-2012-2013-2014
Allen Crabbe,-0.23508150480478998,0.09239196173809,-0.32747346654287995,2004-2005-2006-2007-2008-2009-2010-2011-2012-2013-2014
Frank Williams,-0.026522488596430003,0.30132820928034,-0.32785069787676996,2004-2005-2006-2007-2008-2009-2010-2011-2012-2013-2014
Ben Hansbrough,-0.14975822235187,0.17867253425522,-0.32843075660709,2004-2005-2006-2007-2008-2009-2010-2011-2012-2013-2014
Calvin Booth,0.13944187636303,0.4685276173292,-0.32908574096617,2004-2005-2006-2007-2008-2009-2010-2011-2012-2013-2014
Malcolm Lee,-0.19124681581894,0.13883100833154,-0.33007782415048,2004-2005-2006-2007-2008-2009-2010-2011-2012-2013-2014
Scott Machado,-0.3035759598635,0.02893938731001,-0.33251534717350995,2004-2005-2006-2007-2008-2009-2010-2011-2012-2013-2014
Dewayne Dedmon,0.036016000989750004,0.36854667500668,-0.33253067401693,2004-2005-2006-2007-2008-2009-2010-2011-2012-2013-2014
Lance Thomas,-0.83588465998744,-0.5031625680181699,-0.33272209196927,2004-2005-2006-2007-2008-2009-2010-2011-2012-2013-2014
Jerryd Bayless,-0.0401201541883,0.29549283883174,-0.33561299302004,2004-2005-2006-2007-2008-2009-2010-2011-2012-2013-2014
Derrick Zimmerman,-0.25438949619231,0.08535050218211,-0.33973999837442,2004-2005-2006-2007-2008-2009-2010-2011-2012-2013-2014
Mike Harris,-0.23456138077452,0.11288769636251,-0.34744907713703005,2004-2005-2006-2007-2008-2009-2010-2011-2012-2013-2014
Sundiata Gaines,0.18694597613292,0.53500863735892,-0.34806266122600005,2004-2005-2006-2007-2008-2009-2010-2011-2012-2013-2014
Samaki Walker,-0.32048334633676,0.027673772386979996,-0.34815711872374,2004-2005-2006-2007-2008-2009-2010-2011-2012-2013-2014
Omri Casspi,0.09810576255942,0.4473871548479,-0.34928139228848,2004-2005-2006-2007-2008-2009-2010-2011-2012-2013-2014
Marcus Williams,-0.23763765759956001,0.11197103682927997,-0.34960869442884,2004-2005-2006-2007-2008-2009-2010-2011-2012-2013-2014
Andrew Nicholson,0.20672164055564,0.5600972426235801,-0.35337560206794005,2004-2005-2006-2007-2008-2009-2010-2011-2012-2013-2014
Jerry Stackhouse,0.47030204997614,0.82719479013516,-0.3568927401590199,2004-2005-2006-2007-2008-2009-2010-2011-2012-2013-2014
Derrick Byars,-0.21697027007623998,0.14206780660984,-0.35903807668608,2004-2005-2006-2007-2008-2009-2010-2011-2012-2013-2014
Ryan Gomes,-0.11781903661926,0.24249935048927,-0.36031838710853,2004-2005-2006-2007-2008-2009-2010-2011-2012-2013-2014
James Jones,-0.28522271985448,0.07828611783636,-0.36350883769084,2004-2005-2006-2007-2008-2009-2010-2011-2012-2013-2014
Brandon Hunter,0.13575795660395001,0.50024211498479,-0.3644841583808399,2004-2005-2006-2007-2008-2009-2010-2011-2012-2013-2014
Uros Slokar,-0.23077668032173998,0.13614990741612,-0.36692658773786,2004-2005-2006-2007-2008-2009-2010-2011-2012-2013-2014
DeMarre Carroll,-0.02150013519623,0.3466702030528,-0.36817033824903,2004-2005-2006-2007-2008-2009-2010-2011-2012-2013-2014
Gorgui Dieng,-0.09115737304993,0.27939121873330003,-0.37054859178323,2004-2005-2006-2007-2008-2009-2010-2011-2012-2013-2014
Rashad McCants,-0.15244116814993,0.2213907058218,-0.37383187397173,2004-2005-2006-2007-2008-2009-2010-2011-2012-2013-2014
Vernon Macklin,-0.12592699263747,0.25180707499648003,-0.37773406763395,2004-2005-2006-2007-2008-2009-2010-2011-2012-2013-2014
Bob Sura,0.40626540096487,0.78468860102431,-0.3784232000594401,2004-2005-2006-2007-2008-2009-2010-2011-2012-2013-2014
Matt Carroll,-1.1349949061753102,-0.75627356371367,-0.37872134246164,2004-2005-2006-2007-2008-2009-2010-2011-2012-2013-2014
Andre Brown,-0.07007725084437,0.30905182148207,-0.37912907232644,2004-2005-2006-2007-2008-2009-2010-2011-2012-2013-2014
Lamond Murray,-0.02300009455037,0.36392987735208,-0.38692997190245,2004-2005-2006-2007-2008-2009-2010-2011-2012-2013-2014
Luke Jackson,-0.02126904398746,0.36762806257346997,-0.38889710656092996,2004-2005-2006-2007-2008-2009-2010-2011-2012-2013-2014
Phil Pressey,0.10505051135023999,0.49647573252475,-0.39142522117451006,2004-2005-2006-2007-2008-2009-2010-2011-2012-2013-2014
Juwan Howard,-0.12684032928912,0.26519753336602997,-0.39203786265515006,2004-2005-2006-2007-2008-2009-2010-2011-2012-2013-2014
Hedo Turkoglu,0.07702043744882,0.469547307455,-0.39252687000618003,2004-2005-2006-2007-2008-2009-2010-2011-2012-2013-2014
Terrence Ross,-0.11453314184776,0.27886918849109,-0.39340233033885,2004-2005-2006-2007-2008-2009-2010-2011-2012-2013-2014
Luke Schenscher,-0.36416022827164,0.030385788666469998,-0.39454601693811,2004-2005-2006-2007-2008-2009-2010-2011-2012-2013-2014
Tim Hardaway Jr.,-0.16226567668489,0.23314571389584,-0.39541139058072994,2004-2005-2006-2007-2008-2009-2010-2011-2012-2013-2014
Gary Forbes,-0.65631491967211,-0.25904532274925995,-0.39726959692285,2004-2005-2006-2007-2008-2009-2010-2011-2012-2013-2014
Jonas Valanciunas,0.20127485717966997,0.60228047078139,-0.40100561360172005,2004-2005-2006-2007-2008-2009-2010-2011-2012-2013-2014
Quentin Richardson,-0.31181010766057,0.10352547874654999,-0.41533558640712,2004-2005-2006-2007-2008-2009-2010-2011-2012-2013-2014
Carlos Arroyo,-0.65968392985468,-0.23832722883093999,-0.42135670102374007,2004-2005-2006-2007-2008-2009-2010-2011-2012-2013-2014
Jermaine Jackson,-0.22418218269847,0.19719098450286,-0.42137316720133,2004-2005-2006-2007-2008-2009-2010-2011-2012-2013-2014
Ognjen Kuzmic,0.01336421607072,0.43674974872317,-0.42338553265245,2004-2005-2006-2007-2008-2009-2010-2011-2012-2013-2014
Marcus Morris Sr.,-0.67553433002302,-0.24964684219431002,-0.42588748782870994,2004-2005-2006-2007-2008-2009-2010-2011-2012-2013-2014
Marcus Camby,-0.71261380031095,-0.28629281370406,-0.42632098660689,2004-2005-2006-2007-2008-2009-2010-2011-2012-2013-2014
Michael Doleac,-0.9160997400883399,-0.48554724658328996,-0.43055249350505004,2004-2005-2006-2007-2008-2009-2010-2011-2012-2013-2014
Manny Harris,-0.03448117392518,0.39843154555653004,-0.43291271948171,2004-2005-2006-2007-2008-2009-2010-2011-2012-2013-2014
Ronald Dupree,-0.78354872495877,-0.35055409374418,-0.43299463121459,2004-2005-2006-2007-2008-2009-2010-2011-2012-2013-2014
Emeka Okafor,-0.46922607605137,-0.03045916641471,-0.43876690963666,2004-2005-2006-2007-2008-2009-2010-2011-2012-2013-2014
Nick Fazekas,-0.20306920533944,0.23783888722235,-0.44090809256179003,2004-2005-2006-2007-2008-2009-2010-2011-2012-2013-2014
Lazar Hayward,-0.23435535391533002,0.20690714569051002,-0.44126249960584,2004-2005-2006-2007-2008-2009-2010-2011-2012-2013-2014
Maciej Lampe,-0.50650664631891,-0.06361637470954999,-0.44289027160935995,2004-2005-2006-2007-2008-2009-2010-2011-2012-2013-2014
Lance Allred,-0.15772549588319001,0.28809519125086,-0.44582068713405,2004-2005-2006-2007-2008-2009-2010-2011-2012-2013-2014
Erick Strickland,0.24238522600016,0.6894471932008299,-0.44706196720067,2004-2005-2006-2007-2008-2009-2010-2011-2012-2013-2014
Miles Plumlee,-0.40038542662648,0.050401355796650005,-0.45078678242313,2004-2005-2006-2007-2008-2009-2010-2011-2012-2013-2014
Arnett Moultrie,0.049232446043860005,0.5042574815099,-0.45502503546603995,2004-2005-2006-2007-2008-2009-2010-2011-2012-2013-2014
Luke Harangody,-0.19780928112776,0.25744710111281,-0.45525638224056997,2004-2005-2006-2007-2008-2009-2010-2011-2012-2013-2014
Jeremy Pargo,-0.31429893599986003,0.14162488428870998,-0.45592382028857,2004-2005-2006-2007-2008-2009-2010-2011-2012-2013-2014
Zarko Cabarkapa,-0.20270581964036,0.25733988282697,-0.46004570246733,2004-2005-2006-2007-2008-2009-2010-2011-2012-2013-2014
Jordan Crawford,-0.27184083223761,0.18858243356635,-0.46042326580396,2004-2005-2006-2007-2008-2009-2010-2011-2012-2013-2014
Kelvin Cato,-1.00281593397894,-0.53683121006889,-0.46598472391004997,2004-2005-2006-2007-2008-2009-2010-2011-2012-2013-2014
Donyell Marshall,0.37102471989886004,0.83842185143777,-0.4673971315389101,2004-2005-2006-2007-2008-2009-2010-2011-2012-2013-2014
Otto Porter Jr.,-0.21762275948649001,0.25222607439956996,-0.46984883388606,2004-2005-2006-2007-2008-2009-2010-2011-2012-2013-2014
Cody Zeller,-0.32022980244675997,0.15010742494692,-0.47033722739368,2004-2005-2006-2007-2008-2009-2010-2011-2012-2013-2014
Jerome James,-0.31660468226838,0.15697182701884999,-0.47357650928722994,2004-2005-2006-2007-2008-2009-2010-2011-2012-2013-2014
Michael Stewart,0.17517743134169,0.64990789506092,-0.47473046371923,2004-2005-2006-2007-2008-2009-2010-2011-2012-2013-2014
Fred Jones,-1.8290793235563398,-1.3470400732797099,-0.48203925027662986,2004-2005-2006-2007-2008-2009-2010-2011-2012-2013-2014
Chris Wilcox,0.19645896241455998,0.67856874243849,-0.48210978002393,2004-2005-2006-2007-2008-2009-2010-2011-2012-2013-2014
Gordon Hayward,-0.33260609254272,0.15612110704359,-0.48872719958631006,2004-2005-2006-2007-2008-2009-2010-2011-2012-2013-2014
Reggie Miller,-1.17164101092047,-0.67510705103676,-0.4965339598837101,2004-2005-2006-2007-2008-2009-2010-2011-2012-2013-2014
Wayne Simien,-0.63964904446372,-0.14253329641314,-0.49711574805057995,2004-2005-2006-2007-2008-2009-2010-2011-2012-2013-2014
Jason Kapono,-0.57101011321164,-0.07213022639935,-0.49887988681229,2004-2005-2006-2007-2008-2009-2010-2011-2012-2013-2014
Marko Jaric,-0.44475632476841,0.05412926113643,-0.49888558590483995,2004-2005-2006-2007-2008-2009-2010-2011-2012-2013-2014
Mike Scott,-0.35882838680208,0.14082341267394,-0.49965179947602,2004-2005-2006-2007-2008-2009-2010-2011-2012-2013-2014
Maurice Evans,-0.57056647522326,-0.06390296093134,-0.50666351429192,2004-2005-2006-2007-2008-2009-2010-2011-2012-2013-2014
Othella Harrington,-0.07958996928591,0.43057543356701006,-0.51016540285292,2004-2005-2006-2007-2008-2009-2010-2011-2012-2013-2014
Oliver Miller,-0.18326314654071998,0.32724517473065,-0.51050832127137,2004-2005-2006-2007-2008-2009-2010-2011-2012-2013-2014
Wally Szczerbiak,-0.15942813233329,0.35369197864425,-0.51312011097754,2004-2005-2006-2007-2008-2009-2010-2011-2012-2013-2014
Jordan Farmar,-0.8167458218364401,-0.30279903057581997,-0.51394679126062,2004-2005-2006-2007-2008-2009-2010-2011-2012-2013-2014
Nikola Pekovic,0.07694921185837,0.5909571854861,-0.51400797362773,2004-2005-2006-2007-2008-2009-2010-2011-2012-2013-2014
Lou Amundson,-0.69937062820869,-0.17973546715469,-0.5196351610540001,2004-2005-2006-2007-2008-2009-2010-2011-2012-2013-2014
Landry Fields,-0.50970433714942,0.010116434515829999,-0.51982077166525,2004-2005-2006-2007-2008-2009-2010-2011-2012-2013-2014
Donatas Motiejunas,-0.36207530286205003,0.16613327663071,-0.52820857949276,2004-2005-2006-2007-2008-2009-2010-2011-2012-2013-2014
Oleksiy Pecherov,-0.04682865667097,0.48943207930666,-0.53626073597763,2004-2005-2006-2007-2008-2009-2010-2011-2012-2013-2014
Von Wafer,-0.7132003108552599,-0.17514752278978998,-0.53805278806547,2004-2005-2006-2007-2008-2009-2010-2011-2012-2013-2014
Mark Jackson,-0.34268238620581,0.20250130785373,-0.54518369405954,2004-2005-2006-2007-2008-2009-2010-2011-2012-2013-2014
Juan Carlos Navarro,-0.13475547866314,0.41361861801562994,-0.5483740966787699,2004-2005-2006-2007-2008-2009-2010-2011-2012-2013-2014
Darvin Ham,-1.6320439157500402,-1.08020053699258,-0.55184337875746,2004-2005-2006-2007-2008-2009-2010-2011-2012-2013-2014
Justin Williams,0.29861249482087,0.8510021889960201,-0.55238969417515,2004-2005-2006-2007-2008-2009-2010-2011-2012-2013-2014
Shannon Brown,0.6272364761848,1.18018765958884,-0.55295118340404,2004-2005-2006-2007-2008-2009-2010-2011-2012-2013-2014
Shawn Bradley,0.19023448466672999,0.74931635839255,-0.55908187372582,2004-2005-2006-2007-2008-2009-2010-2011-2012-2013-2014
Steve Francis,-0.67089848532576,-0.11042757977082002,-0.5604709055549401,2004-2005-2006-2007-2008-2009-2010-2011-2012-2013-2014
Ben Handlogten,0.024734791614630002,0.58875356314969,-0.5640187715350601,2004-2005-2006-2007-2008-2009-2010-2011-2012-2013-2014
Troy Hudson,0.005462089924212288,0.5720250492991901,-0.5665629593749778,2004-2005-2006-2007-2008-2009-2010-2011-2012-2013-2014
Chandler Parsons,-0.14304796940397999,0.42873559024746,-0.57178355965144,2004-2005-2006-2007-2008-2009-2010-2011-2012-2013-2014
Brevin Knight,-0.51269379222796,0.06156350429032,-0.57425729651828,2004-2005-2006-2007-2008-2009-2010-2011-2012-2013-2014
Milt Palacio,-0.21642859692609,0.35922854213864,-0.5756571390647299,2004-2005-2006-2007-2008-2009-2010-2011-2012-2013-2014
Lee Nailon,-0.20320250546034002,0.37771528302477,-0.58091778848511,2004-2005-2006-2007-2008-2009-2010-2011-2012-2013-2014
Julian Wright,-0.58046085819743,0.0004721069271123062,-0.5809329651245423,2004-2005-2006-2007-2008-2009-2010-2011-2012-2013-2014
Derek Anderson,-0.61881386324694,-0.03751843490905,-0.5812954283378899,2004-2005-2006-2007-2008-2009-2010-2011-2012-2013-2014
Gary Trent,-0.38121498312004,0.20107888634343002,-0.5822938694634701,2004-2005-2006-2007-2008-2009-2010-2011-2012-2013-2014
Francisco Garcia,0.12425777861425999,0.71169431735299,-0.58743653873873,2004-2005-2006-2007-2008-2009-2010-2011-2012-2013-2014
Mark Blount,-0.76032967289902,-0.16832032954262,-0.5920093433564,2004-2005-2006-2007-2008-2009-2010-2011-2012-2013-2014
Kelenna Azubuike,-0.21858874750764,0.37379647613116,-0.5923852236388,2004-2005-2006-2007-2008-2009-2010-2011-2012-2013-2014
Keyon Dooling,-0.8298500940866901,-0.2367165554216,-0.59313353866509,2004-2005-2006-2007-2008-2009-2010-2011-2012-2013-2014
Jason Williams,0.71478273295389,1.31047204786094,-0.59568931490705,2004-2005-2006-2007-2008-2009-2010-2011-2012-2013-2014
Dante Cunningham,-0.68099790299177,-0.08253708503283,-0.59846081795894,2004-2005-2006-2007-2008-2009-2010-2011-2012-2013-2014
Chris Bosh,-0.36076777021269,0.23894273904508997,-0.59971050925778,2004-2005-2006-2007-2008-2009-2010-2011-2012-2013-2014
Yi Jianlian,-0.78201366236322,-0.18215955655582,-0.5998541058074001,2004-2005-2006-2007-2008-2009-2010-2011-2012-2013-2014
Josh Childress,0.64310973009049,1.24828546228818,-0.6051757321976899,2004-2005-2006-2007-2008-2009-2010-2011-2012-2013-2014
Erick Dampier,0.17591612455091998,0.7816131996882401,-0.60569707513732,2004-2005-2006-2007-2008-2009-2010-2011-2012-2013-2014
Bostjan Nachbar,-0.37199416719927,0.23531424504298,-0.6073084122422501,2004-2005-2006-2007-2008-2009-2010-2011-2012-2013-2014
Eric Maynor,-0.30335986735107,0.30537970117612,-0.60873956852719,2004-2005-2006-2007-2008-2009-2010-2011-2012-2013-2014
Orlando Johnson,-0.39680032378416,0.21196118654649,-0.60876151033065,2004-2005-2006-2007-2008-2009-2010-2011-2012-2013-2014
Darnell Jackson,-0.11877179058889999,0.49565594553826,-0.61442773612716,2004-2005-2006-2007-2008-2009-2010-2011-2012-2013-2014
Earl Barron,-0.54138686825551,0.07525288158660999,-0.61663974984212,2004-2005-2006-2007-2008-2009-2010-2011-2012-2013-2014
Anthony Parker,0.50087136702497,1.12015171546879,-0.6192803484438201,2004-2005-2006-2007-2008-2009-2010-2011-2012-2013-2014
Tony Battie,-0.08121893356837,0.53819489179974,-0.6194138253681101,2004-2005-2006-2007-2008-2009-2010-2011-2012-2013-2014
Mark Madsen,-1.50465929720304,-0.8791455111428601,-0.6255137860601799,2004-2005-2006-2007-2008-2009-2010-2011-2012-2013-2014
Alan Henderson,-0.12900681542543999,0.49677477115576996,-0.62578158658121,2004-2005-2006-2007-2008-2009-2010-2011-2012-2013-2014
Luke Babbitt,-0.26137524148356,0.36478506114736,-0.6261603026309199,2004-2005-2006-2007-2008-2009-2010-2011-2012-2013-2014
Meyers Leonard,-0.40461534179231,0.22194152700787,-0.62655686880018,2004-2005-2006-2007-2008-2009-2010-2011-2012-2013-2014
Antonio McDyess,-1.24567071718064,-0.61567333818006,-0.62999737900058,2004-2005-2006-2007-2008-2009-2010-2011-2012-2013-2014
Brandon Roy,-0.63308189008244,0.004692651748223887,-0.6377745418306638,2004-2005-2006-2007-2008-2009-2010-2011-2012-2013-2014
Justin Harper,-0.42119925095698996,0.21851831437326,-0.6397175653302499,2004-2005-2006-2007-2008-2009-2010-2011-2012-2013-2014
Terrence Williams,-0.64528040522147,-0.0037137600312193977,-0.6415666451902506,2004-2005-2006-2007-2008-2009-2010-2011-2012-2013-2014
P.J. Brown,-1.10261178199182,-0.45050337571107,-0.65210840628075,2004-2005-2006-2007-2008-2009-2010-2011-2012-2013-2014
Gerald Henderson,-0.09141567043535,0.5649393603009599,-0.65635503073631,2004-2005-2006-2007-2008-2009-2010-2011-2012-2013-2014
Jumaine Jones,0.48662815028913,1.14349903794083,-0.6568708876517001,2004-2005-2006-2007-2008-2009-2010-2011-2012-2013-2014
Calbert Cheaney,-0.51737971500644,0.14150635989611998,-0.65888607490256,2004-2005-2006-2007-2008-2009-2010-2011-2012-2013-2014
Chris Kaman,-1.6236035739600099,-0.9641159597895,-0.6594876141705098,2004-2005-2006-2007-2008-2009-2010-2011-2012-2013-2014
Diante Garrett,-0.11573644698474,0.54465614345616,-0.6603925904409,2004-2005-2006-2007-2008-2009-2010-2011-2012-2013-2014
Daequan Cook,0.55016028962987,1.21156067181205,-0.66140038218218,2004-2005-2006-2007-2008-2009-2010-2011-2012-2013-2014
Garrett Temple,-0.12446973450397,0.53722184142848,-0.66169157593245,2004-2005-2006-2007-2008-2009-2010-2011-2012-2013-2014
Eric Gordon,-0.06767336953690001,0.60234116639033,-0.6700145359272299,2004-2005-2006-2007-2008-2009-2010-2011-2012-2013-2014
Derrick Brown,-0.40392123404088,0.27007069840528,-0.67399193244616,2004-2005-2006-2007-2008-2009-2010-2011-2012-2013-2014
Ryan Hollins,-1.97724137331833,-1.29670829577765,-0.6805330775406802,2004-2005-2006-2007-2008-2009-2010-2011-2012-2013-2014
J.J. Barea,-0.01170497668144,0.67323899692346,-0.6849439736049,2004-2005-2006-2007-2008-2009-2010-2011-2012-2013-2014
Timofey Mozgov,-0.12212489439945001,0.56437352095034,-0.6864984153497901,2004-2005-2006-2007-2008-2009-2010-2011-2012-2013-2014
Joel Freeland,-0.81772708551507,-0.13060369972359,-0.6871233857914801,2004-2005-2006-2007-2008-2009-2010-2011-2012-2013-2014
Rodney White,-0.3000384146972,0.39906488030353,-0.69910329500073,2004-2005-2006-2007-2008-2009-2010-2011-2012-2013-2014
Kenny Anderson,-0.67099483035406,0.03627832156113,-0.70727315191519,2004-2005-2006-2007-2008-2009-2010-2011-2012-2013-2014
Paul Shirley,-0.27420225220996,0.43451539277732004,-0.7087176449872801,2004-2005-2006-2007-2008-2009-2010-2011-2012-2013-2014
D.J. Kennedy,-0.49699867934138997,0.21482613581871002,-0.7118248151601,2004-2005-2006-2007-2008-2009-2010-2011-2012-2013-2014
James Johnson,-0.7652219385474099,-0.05168633242892,-0.71353560611849,2004-2005-2006-2007-2008-2009-2010-2011-2012-2013-2014
Linton Johnson,-0.37638887703316,0.36129092528596,-0.73767980231912,2004-2005-2006-2007-2008-2009-2010-2011-2012-2013-2014
Charlie Bell,0.71312556012325,1.45405264293357,-0.74092708281032,2004-2005-2006-2007-2008-2009-2010-2011-2012-2013-2014
Luc Mbah a Moute,-0.17815526930458,0.57180868370947,-0.7499639530140499,2004-2005-2006-2007-2008-2009-2010-2011-2012-2013-2014
Mouhamed Sene,-0.39650345882143,0.36898263781033,-0.76548609663176,2004-2005-2006-2007-2008-2009-2010-2011-2012-2013-2014
Eddie Gill,-0.4997560849474,0.26707120694149,-0.7668272918888899,2004-2005-2006-2007-2008-2009-2010-2011-2012-2013-2014
Randy Livingston,-0.443703061547,0.32520599987814,-0.76890906142514,2004-2005-2006-2007-2008-2009-2010-2011-2012-2013-2014
Jorge Gutierrez,-0.28577377599567,0.49710602649462,-0.7828798024902901,2004-2005-2006-2007-2008-2009-2010-2011-2012-2013-2014
Maurice Ager,-0.5708503610388099,0.21714519797903,-0.78799555901784,2004-2005-2006-2007-2008-2009-2010-2011-2012-2013-2014
Dale Davis,-1.44512985202717,-0.65685009516669,-0.7882797568604799,2004-2005-2006-2007-2008-2009-2010-2011-2012-2013-2014
Alex Acker,-0.28030618998986,0.51045716552129,-0.79076335551115,2004-2005-2006-2007-2008-2009-2010-2011-2012-2013-2014
Mehmet Okur,-0.8413182707724599,-0.048099861091810005,-0.7932184096806498,2004-2005-2006-2007-2008-2009-2010-2011-2012-2013-2014
Dominic McGuire,-0.45940355402933003,0.33476933632875,-0.79417289035808,2004-2005-2006-2007-2008-2009-2010-2011-2012-2013-2014
Chris Webber,-0.27760385364128,0.51895534849157,-0.79655920213285,2004-2005-2006-2007-2008-2009-2010-2011-2012-2013-2014
Damon Stoudamire,-0.37683057842436,0.42205140582712003,-0.79888198425148,2004-2005-2006-2007-2008-2009-2010-2011-2012-2013-2014
Earl Boykins,-0.33629593366537996,0.46259210029636,-0.79888803396174,2004-2005-2006-2007-2008-2009-2010-2011-2012-2013-2014
Craig Smith,0.001190912899835637,0.8016860322682701,-0.8004951193684344,2004-2005-2006-2007-2008-2009-2010-2011-2012-2013-2014
Raymond Felton,-1.19093711227704,-0.39016171765988,-0.8007753946171601,2004-2005-2006-2007-2008-2009-2010-2011-2012-2013-2014
Kevin Seraphin,-0.9097978293859801,-0.10276003339942999,-0.8070377959865501,2004-2005-2006-2007-2008-2009-2010-2011-2012-2013-2014
Steve Blake,-1.00496867067992,-0.19736729621188998,-0.80760137446803,2004-2005-2006-2007-2008-2009-2010-2011-2012-2013-2014
Jake Tsakalidis,0.28597764842227,1.0939066326614,-0.8079289842391301,2004-2005-2006-2007-2008-2009-2010-2011-2012-2013-2014
Smush Parker,-1.17091029861437,-0.36275525416592,-0.8081550444484501,2004-2005-2006-2007-2008-2009-2010-2011-2012-2013-2014
Donell Taylor,-0.85071862525439,-0.040523489272100005,-0.81019513598229,2004-2005-2006-2007-2008-2009-2010-2011-2012-2013-2014
Tobias Harris,-0.70470166300422,0.10680788857991,-0.81150955158413,2004-2005-2006-2007-2008-2009-2010-2011-2012-2013-2014
Anfernee Hardaway,-0.46651701119091,0.35451862602727,-0.82103563721818,2004-2005-2006-2007-2008-2009-2010-2011-2012-2013-2014
Will Barton,-1.29735331183355,-0.47447035280625005,-0.8228829590273,2004-2005-2006-2007-2008-2009-2010-2011-2012-2013-2014
Eddy Curry,-0.26509197776480004,0.55826824473495,-0.8233602224997499,2004-2005-2006-2007-2008-2009-2010-2011-2012-2013-2014
Casey Jacobsen,-0.79612729624158,0.03251520815426,-0.82864250439584,2004-2005-2006-2007-2008-2009-2010-2011-2012-2013-2014
Jeremy Lamb,-0.49133620550496004,0.34130865042802,-0.8326448559329801,2004-2005-2006-2007-2008-2009-2010-2011-2012-2013-2014
Michael Redd,0.78888551833584,1.63042784272726,-0.8415423243914202,2004-2005-2006-2007-2008-2009-2010-2011-2012-2013-2014
Reece Gaines,-0.27586281935119,0.56760759052607,-0.8434704098772599,2004-2005-2006-2007-2008-2009-2010-2011-2012-2013-2014
Darrell Armstrong,-1.2434198388359998,-0.3962654754536,-0.8471543633823998,2004-2005-2006-2007-2008-2009-2010-2011-2012-2013-2014
Randy Foye,-0.3775347870191,0.47104798378326,-0.8485827708023599,2004-2005-2006-2007-2008-2009-2010-2011-2012-2013-2014
Mike Miller,-0.37734636373851,0.47351622514846,-0.8508625888869699,2004-2005-2006-2007-2008-2009-2010-2011-2012-2013-2014
Michael Olowokandi,-0.71708398298888,0.13415765167274,-0.85124163466162,2004-2005-2006-2007-2008-2009-2010-2011-2012-2013-2014
Jeff McInnis,-0.12021116657801999,0.73122128737834,-0.85143245395636,2004-2005-2006-2007-2008-2009-2010-2011-2012-2013-2014
Jon Leuer,-0.68903843989239,0.17417171744549,-0.8632101573378801,2004-2005-2006-2007-2008-2009-2010-2011-2012-2013-2014
Thaddeus Young,0.37903130190452,1.24290649681003,-0.86387519490551,2004-2005-2006-2007-2008-2009-2010-2011-2012-2013-2014
Marquis Teague,-0.42897652367201,0.44598805464319996,-0.8749645783152099,2004-2005-2006-2007-2008-2009-2010-2011-2012-2013-2014
Nolan Smith,0.1897366151803,1.06930020431363,-0.87956358913333,2004-2005-2006-2007-2008-2009-2010-2011-2012-2013-2014
Al Thornton,-0.41920362744847,0.46622800126576003,-0.8854316287142301,2004-2005-2006-2007-2008-2009-2010-2011-2012-2013-2014
Darryl Watkins,-0.41801495428575,0.47219050741342994,-0.8902054616991799,2004-2005-2006-2007-2008-2009-2010-2011-2012-2013-2014
Anthony Morrow,-0.37405173678805,0.51650542602443,-0.89055716281248,2004-2005-2006-2007-2008-2009-2010-2011-2012-2013-2014
Yao Ming,0.15876084069866,1.04946840075154,-0.8907075600528801,2004-2005-2006-2007-2008-2009-2010-2011-2012-2013-2014
Kurt Thomas,-0.81448634996929,0.07859997148451,-0.8930863214538001,2004-2005-2006-2007-2008-2009-2010-2011-2012-2013-2014
Jarron Collins,-0.90840370675926,-0.01511545970589,-0.8932882470533701,2004-2005-2006-2007-2008-2009-2010-2011-2012-2013-2014
Craig Brackins,-0.44359651230593,0.45650347731602,-0.90009998962195,2004-2005-2006-2007-2008-2009-2010-2011-2012-2013-2014
Stacey Augmon,-1.07434680444665,-0.17234830222576,-0.9019985022208901,2004-2005-2006-2007-2008-2009-2010-2011-2012-2013-2014
Eddie House,-0.01501447535681,0.89371273255435,-0.9087272079111599,2004-2005-2006-2007-2008-2009-2010-2011-2012-2013-2014
Zeljko Rebraca,-0.95115624862436,-0.04088051578382,-0.91027573284054,2004-2005-2006-2007-2008-2009-2010-2011-2012-2013-2014
Stephon Marbury,-0.25747799168279,0.65305968462073,-0.9105376763035199,2004-2005-2006-2007-2008-2009-2010-2011-2012-2013-2014
Malik Rose,0.32565615429756,1.24752427905559,-0.9218681247580299,2004-2005-2006-2007-2008-2009-2010-2011-2012-2013-2014
Mike Taylor,-0.59987023122504,0.32481945234666004,-0.9246896835717,2004-2005-2006-2007-2008-2009-2010-2011-2012-2013-2014
Pape Sow,0.6578420882285,1.5839444941206302,-0.9261024058921301,2004-2005-2006-2007-2008-2009-2010-2011-2012-2013-2014
Hakim Warrick,-0.6713920005459001,0.25588574682067,-0.92727774736657,2004-2005-2006-2007-2008-2009-2010-2011-2012-2013-2014
Reggie Bullock Jr.,-0.44780568628311,0.49834248642305995,-0.94614817270617,2004-2005-2006-2007-2008-2009-2010-2011-2012-2013-2014
Samardo Samuels,-0.56174339217533,0.38763383363349996,-0.94937722580883,2004-2005-2006-2007-2008-2009-2010-2011-2012-2013-2014
Tony Massenburg,-0.61877606635784,0.33166919858644,-0.9504452649442799,2004-2005-2006-2007-2008-2009-2010-2011-2012-2013-2014
Earl Watson,-0.35292418984628,0.60328287536757,-0.95620706521385,2004-2005-2006-2007-2008-2009-2010-2011-2012-2013-2014
Josh Smith,-0.46902318754686,0.48887529358007,-0.95789848112693,2004-2005-2006-2007-2008-2009-2010-2011-2012-2013-2014
MarShon Brooks,-0.02036610531827,0.9430318798660899,-0.96339798518436,2004-2005-2006-2007-2008-2009-2010-2011-2012-2013-2014
Ed Davis,-0.50622700878004,0.45841375759853,-0.9646407663785699,2004-2005-2006-2007-2008-2009-2010-2011-2012-2013-2014
Chase Budinger,-0.73901069294473,0.22922153700305,-0.96823222994778,2004-2005-2006-2007-2008-2009-2010-2011-2012-2013-2014
Dan Dickau,-0.11217112869094999,0.85791885333758,-0.97008998202853,2004-2005-2006-2007-2008-2009-2010-2011-2012-2013-2014
Chris Douglas-Roberts,-0.75879664977477,0.21345488878974,-0.9722515385645101,2004-2005-2006-2007-2008-2009-2010-2011-2012-2013-2014
Perry Jones III,-0.51367945623788,0.45957326367983,-0.97325271991771,2004-2005-2006-2007-2008-2009-2010-2011-2012-2013-2014
Kyle Lowry,0.07151046739135,1.05355554372782,-0.9820450763364699,2004-2005-2006-2007-2008-2009-2010-2011-2012-2013-2014
Jeff Foster,-1.19511629141602,-0.21115695837783002,-0.9839593330381899,2004-2005-2006-2007-2008-2009-2010-2011-2012-2013-2014
Darius Morris,-0.85889422444433,0.12546342291728999,-0.98435764736162,2004-2005-2006-2007-2008-2009-2010-2011-2012-2013-2014
Andre Miller,-0.051114601031700006,0.9376560919724399,-0.9887706930041399,2004-2005-2006-2007-2008-2009-2010-2011-2012-2013-2014
Kent Bazemore,-0.8387691549520601,0.15799995292812,-0.9967691078801799,2004-2005-2006-2007-2008-2009-2010-2011-2012-2013-2014
Antoine Wright,-1.38613653398146,-0.38717652944039,-0.99896000454107,2004-2005-2006-2007-2008-2009-2010-2011-2012-2013-2014
Loren Woods,-0.27183017445683,0.72783208997245,-0.99966226442928,2004-2005-2006-2007-2008-2009-2010-2011-2012-2013-2014
Nazr Mohammed,-0.71578942433071,0.30117928838338,-1.01696871271409,2004-2005-2006-2007-2008-2009-2010-2011-2012-2013-2014
Jarvis Hayes,-0.8165674974939,0.20575283288281002,-1.02232033037671,2004-2005-2006-2007-2008-2009-2010-2011-2012-2013-2014
Tom Gugliotta,-0.19613491068609998,0.82728793184018,-1.0234228425262801,2004-2005-2006-2007-2008-2009-2010-2011-2012-2013-2014
Predrag Drobnjak,-0.9238205643076199,0.10764962651505999,-1.0314701908226798,2004-2005-2006-2007-2008-2009-2010-2011-2012-2013-2014
Mickell Gladness,-0.7089991992222899,0.32475459696064,-1.03375379618293,2004-2005-2006-2007-2008-2009-2010-2011-2012-2013-2014
Vitaly Potapenko,-0.25230747288471,0.78350203471724,-1.03580950760195,2004-2005-2006-2007-2008-2009-2010-2011-2012-2013-2014
Jason Collier,-0.11759872878405,0.92288032699556,-1.04047905577961,2004-2005-2006-2007-2008-2009-2010-2011-2012-2013-2014
Corliss Williamson,-1.7265858403976,-0.68303739686788,-1.04354844352972,2004-2005-2006-2007-2008-2009-2010-2011-2012-2013-2014
Raef LaFrentz,0.03015925181126,1.08531155814932,-1.0551523063380601,2004-2005-2006-2007-2008-2009-2010-2011-2012-2013-2014
Chris Mihm,0.26455705702239996,1.32072959299927,-1.05617253597687,2004-2005-2006-2007-2008-2009-2010-2011-2012-2013-2014
Doron Lamb,-0.5477394647313399,0.5102781845842,-1.05801764931554,2004-2005-2006-2007-2008-2009-2010-2011-2012-2013-2014
Mickael Gelabale,-0.24529781486231,0.81337339407118,-1.05867120893349,2004-2005-2006-2007-2008-2009-2010-2011-2012-2013-2014
Will Bynum,0.12819898102883,1.19138118517644,-1.06318220414761,2004-2005-2006-2007-2008-2009-2010-2011-2012-2013-2014
Howard Eisley,-0.8632857077430899,0.20623129062043002,-1.0695169983635198,2004-2005-2006-2007-2008-2009-2010-2011-2012-2013-2014
Robin Lopez,0.39751399049258995,1.47674360532455,-1.07922961483196,2004-2005-2006-2007-2008-2009-2010-2011-2012-2013-2014
Jeremy Tyler,-0.30134463868946,0.77804491427251,-1.07938955296197,2004-2005-2006-2007-2008-2009-2010-2011-2012-2013-2014
Trevor Booker,0.06734347614547,1.15508912577858,-1.08774564963311,2004-2005-2006-2007-2008-2009-2010-2011-2012-2013-2014
Alonzo Gee,-0.5735702289799001,0.51599653883134,-1.0895667678112402,2004-2005-2006-2007-2008-2009-2010-2011-2012-2013-2014
Mario West,-0.386508708097,0.7071042019113,-1.0936129100083,2004-2005-2006-2007-2008-2009-2010-2011-2012-2013-2014
Cory Higgins,-1.10801454419004,0.008320601739945793,-1.1163351459299857,2004-2005-2006-2007-2008-2009-2010-2011-2012-2013-2014
Maurice Harkless,-0.037968765948639994,1.0788075659949,-1.11677633194354,2004-2005-2006-2007-2008-2009-2010-2011-2012-2013-2014
Steven Adams,-0.85547375438933,0.26547867616796,-1.12095243055729,2004-2005-2006-2007-2008-2009-2010-2011-2012-2013-2014
Tony Delk,-0.09497907134107,1.0286596313182799,-1.12363870265935,2004-2005-2006-2007-2008-2009-2010-2011-2012-2013-2014
Roger Mason Jr.,0.67408428035392,1.79876341140526,-1.12467913105134,2004-2005-2006-2007-2008-2009-2010-2011-2012-2013-2014
Travis Best,-0.14137974889854,0.98478971628295,-1.12616946518149,2004-2005-2006-2007-2008-2009-2010-2011-2012-2013-2014
Hasheem Thabeet,-0.76827972687187,0.3649169133922,-1.13319664026407,2004-2005-2006-2007-2008-2009-2010-2011-2012-2013-2014
DeAndre Liggins,-1.18288650597572,-0.04449954846556,-1.13838695751016,2004-2005-2006-2007-2008-2009-2010-2011-2012-2013-2014
Joey Graham,-0.67063243285953,0.47890536122834,-1.14953779408787,2004-2005-2006-2007-2008-2009-2010-2011-2012-2013-2014
Quincy Douby,-0.21699599703224,0.9368469073997,-1.15384290443194,2004-2005-2006-2007-2008-2009-2010-2011-2012-2013-2014
Marvin Williams,-0.30076507499937,0.8560407411251401,-1.15680581612451,2004-2005-2006-2007-2008-2009-2010-2011-2012-2013-2014
DerMarr Johnson,-1.36178236990219,-0.20333025957495,-1.15845211032724,2004-2005-2006-2007-2008-2009-2010-2011-2012-2013-2014
Royal Ivey,-0.44727613345077,0.7175470025101499,-1.1648231359609198,2004-2005-2006-2007-2008-2009-2010-2011-2012-2013-2014
Reggie Jackson,0.15234979674835,1.32005928772298,-1.16770949097463,2004-2005-2006-2007-2008-2009-2010-2011-2012-2013-2014
Justin Reed,-0.19806280154403,0.98903164060369,-1.18709444214772,2004-2005-2006-2007-2008-2009-2010-2011-2012-2013-2014
Keith McLeod,-0.34594212186047,0.8465202632862,-1.1924623851466702,2004-2005-2006-2007-2008-2009-2010-2011-2012-2013-2014
Rick Fox,-1.15891051931174,0.04225001801062,-1.20116053732236,2004-2005-2006-2007-2008-2009-2010-2011-2012-2013-2014
Anthony Goldwire,-0.40902452461215,0.79618231410415,-1.2052068387163,2004-2005-2006-2007-2008-2009-2010-2011-2012-2013-2014
Daniel Orton,-0.9996446475009401,0.20839441897600003,-1.20803906647694,2004-2005-2006-2007-2008-2009-2010-2011-2012-2013-2014
Aaron Brooks,-0.8919120552074101,0.31667106748778,-1.20858312269519,2004-2005-2006-2007-2008-2009-2010-2011-2012-2013-2014
Zoran Planinic,-0.83257662449842,0.37883525102696003,-1.21141187552538,2004-2005-2006-2007-2008-2009-2010-2011-2012-2013-2014
Tristan Thompson,-0.11477855006554001,1.11498759027217,-1.22976614033771,2004-2005-2006-2007-2008-2009-2010-2011-2012-2013-2014
James White,-0.23060361679441,0.99998042340124,-1.23058404019565,2004-2005-2006-2007-2008-2009-2010-2011-2012-2013-2014
Greg Stiemsma,-0.68061418564595,0.55354028921705,-1.234154474863,2004-2005-2006-2007-2008-2009-2010-2011-2012-2013-2014
Steve Novak,-0.53996273397781,0.7028313891443599,-1.24279412312217,2004-2005-2006-2007-2008-2009-2010-2011-2012-2013-2014
Willie Green,-0.43644410823798,0.82983580062873,-1.26627990886671,2004-2005-2006-2007-2008-2009-2010-2011-2012-2013-2014
Melvin Ely,-0.1967427676103,1.07110749505445,-1.2678502626647499,2004-2005-2006-2007-2008-2009-2010-2011-2012-2013-2014
Desmond Mason,-0.48452307798371,0.7896669611577,-1.27419003914141,2004-2005-2006-2007-2008-2009-2010-2011-2012-2013-2014
Tyrus Thomas,-0.50678306072128,0.77006022733625,-1.27684328805753,2004-2005-2006-2007-2008-2009-2010-2011-2012-2013-2014
Mason Plumlee,-0.5766210467824799,0.70227406266908,-1.27889510945156,2004-2005-2006-2007-2008-2009-2010-2011-2012-2013-2014
Ryan Anderson,-0.82708204793041,0.46017955472571004,-1.28726160265612,2004-2005-2006-2007-2008-2009-2010-2011-2012-2013-2014
Brent Barry,-0.24317261440602,1.0463314802074999,-1.28950409461352,2004-2005-2006-2007-2008-2009-2010-2011-2012-2013-2014
Sasha Pavlovic,-1.453040214402,-0.1476384162206,-1.3054017981814001,2004-2005-2006-2007-2008-2009-2010-2011-2012-2013-2014
Matt Bonner,-0.20421993380318,1.10508987580901,-1.30930980961219,2004-2005-2006-2007-2008-2009-2010-2011-2012-2013-2014
Ruben Patterson,-0.34133050249714003,0.98148060082808,-1.3228111033252201,2004-2005-2006-2007-2008-2009-2010-2011-2012-2013-2014
Brian Cardinal,-0.61129129942215,0.71249937185432,-1.32379067127647,2004-2005-2006-2007-2008-2009-2010-2011-2012-2013-2014
Greg Smith,-1.09990111627908,0.22409384147421002,-1.32399495775329,2004-2005-2006-2007-2008-2009-2010-2011-2012-2013-2014
Austin Daye,-0.31198607217179003,1.01453363218106,-1.32651970435285,2004-2005-2006-2007-2008-2009-2010-2011-2012-2013-2014
Tyler Hansbrough,-0.9883173493885801,0.34495033642837003,-1.33326768581695,2004-2005-2006-2007-2008-2009-2010-2011-2012-2013-2014
Slava Medvedenko,-1.62457512071657,-0.28989833343928,-1.3346767872772902,2004-2005-2006-2007-2008-2009-2010-2011-2012-2013-2014
David Harrison,-1.01965720234049,0.32189693192207003,-1.34155413426256,2004-2005-2006-2007-2008-2009-2010-2011-2012-2013-2014
Clifford Robinson,-0.33441908190073,1.0332891796858,-1.36770826158653,2004-2005-2006-2007-2008-2009-2010-2011-2012-2013-2014
Delonte West,-1.09057568012875,0.28615309147338996,-1.3767287716021401,2004-2005-2006-2007-2008-2009-2010-2011-2012-2013-2014
Brandon Bass,-1.2905525051631002,0.09044413473095,-1.38099663989405,2004-2005-2006-2007-2008-2009-2010-2011-2012-2013-2014
Marcus Fizer,-0.49020035483839997,0.91357576349263,-1.40377611833103,2004-2005-2006-2007-2008-2009-2010-2011-2012-2013-2014
Etan Thomas,-0.28145849823333,1.14363611826066,-1.4250946164939902,2004-2005-2006-2007-2008-2009-2010-2011-2012-2013-2014
Terrel Harris,-1.01708578504438,0.41602412537163,-1.43310991041601,2004-2005-2006-2007-2008-2009-2010-2011-2012-2013-2014
Ramon Sessions,-0.74297574367617,0.69587379929473,-1.4388495429709,2004-2005-2006-2007-2008-2009-2010-2011-2012-2013-2014
Damien Wilkins,-0.32989300078307,1.11604597477833,-1.4459389755614,2004-2005-2006-2007-2008-2009-2010-2011-2012-2013-2014
Dorell Wright,-0.7905417470585899,0.6636429062729,-1.45418465333149,2004-2005-2006-2007-2008-2009-2010-2011-2012-2013-2014
Stromile Swift,-0.11858737328922,1.34086958261202,-1.45945695590124,2004-2005-2006-2007-2008-2009-2010-2011-2012-2013-2014
Bryon Russell,-0.7396609506633101,0.73440499458138,-1.4740659452446898,2004-2005-2006-2007-2008-2009-2010-2011-2012-2013-2014
Luis Scola,-1.09750938790775,0.38463159521456003,-1.48214098312231,2004-2005-2006-2007-2008-2009-2010-2011-2012-2013-2014
Leon Powe,-0.16072535137056002,1.33686874341155,-1.49759409478211,2004-2005-2006-2007-2008-2009-2010-2011-2012-2013-2014
Jiri Welsch,-0.76554945854242,0.73275896829652,-1.49830842683894,2004-2005-2006-2007-2008-2009-2010-2011-2012-2013-2014
Marcus Banks,-1.2069639806747599,0.2935260817516,-1.50049006242636,2004-2005-2006-2007-2008-2009-2010-2011-2012-2013-2014
Wesley Person,-0.90652281439424,0.60726561900928,-1.5137884334035199,2004-2005-2006-2007-2008-2009-2010-2011-2012-2013-2014
Chucky Atkins,0.024352857143470002,1.5794284343591598,-1.55507557721569,2004-2005-2006-2007-2008-2009-2010-2011-2012-2013-2014
Sam Young,-1.5251774776184102,0.03264579081171,-1.55782326843012,2004-2005-2006-2007-2008-2009-2010-2011-2012-2013-2014
Marc Jackson,-0.5018221123648401,1.06560181043531,-1.5674239228001499,2004-2005-2006-2007-2008-2009-2010-2011-2012-2013-2014
Ian Mahinmi,-1.60727792478065,-0.03023733259382,-1.5770405921868298,2004-2005-2006-2007-2008-2009-2010-2011-2012-2013-2014
Darrell Arthur,-0.6533508617802399,0.9244354454611,-1.5777863072413398,2004-2005-2006-2007-2008-2009-2010-2011-2012-2013-2014
Monta Ellis,-0.48972748729869,1.09236297156129,-1.5820904588599798,2004-2005-2006-2007-2008-2009-2010-2011-2012-2013-2014
Udonis Haslem,-1.5810255263341702,0.005880148851192229,-1.5869056751853623,2004-2005-2006-2007-2008-2009-2010-2011-2012-2013-2014
Nenad Krstic,-0.27293380027043,1.31850050423712,-1.59143430450755,2004-2005-2006-2007-2008-2009-2010-2011-2012-2013-2014
Solomon Jones,-0.8452951452475399,0.75183228091206,-1.5971274261595998,2004-2005-2006-2007-2008-2009-2010-2011-2012-2013-2014
Norris Cole,-1.5834590427965998,0.02216565257186,-1.6056246953684599,2004-2005-2006-2007-2008-2009-2010-2011-2012-2013-2014
Brian Skinner,-0.52439403136937,1.08853366981085,-1.6129277011802203,2004-2005-2006-2007-2008-2009-2010-2011-2012-2013-2014
Lorenzen Wright,-1.3188079836306,0.32936079217308,-1.6481687758036803,2004-2005-2006-2007-2008-2009-2010-2011-2012-2013-2014
Toni Kukoc,-0.46897493193466006,1.17929887725158,-1.64827380918624,2004-2005-2006-2007-2008-2009-2010-2011-2012-2013-2014
Evan Turner,-1.7671766666042799,-0.10760956603737,-1.65956710056691,2004-2005-2006-2007-2008-2009-2010-2011-2012-2013-2014
Adonal Foyle,-0.92610880009967,0.73468223481992,-1.6607910349195898,2004-2005-2006-2007-2008-2009-2010-2011-2012-2013-2014
Caron Butler,-1.6822362067008803,-0.02051474603615,-1.66172146066473,2004-2005-2006-2007-2008-2009-2010-2011-2012-2013-2014
Mike Wilks,-0.73171422587801,1.02310162759849,-1.7548158534765002,2004-2005-2006-2007-2008-2009-2010-2011-2012-2013-2014
Flip Murray,-0.26376862916678,1.4959091822489299,-1.7596778114157101,2004-2005-2006-2007-2008-2009-2010-2011-2012-2013-2014
Nikola Vucevic,-0.45961635291790004,1.3084498938593399,-1.7680662467772401,2004-2005-2006-2007-2008-2009-2010-2011-2012-2013-2014
Andrew Goudelock,-0.80877040117469,0.96152335546386,-1.77029375663855,2004-2005-2006-2007-2008-2009-2010-2011-2012-2013-2014
Bruce Bowen,-2.23987427946814,-0.44920509040906004,-1.7906691890590798,2004-2005-2006-2007-2008-2009-2010-2011-2012-2013-2014
DJ White,-1.35042399110681,0.44617213410562995,-1.79659612521244,2004-2005-2006-2007-2008-2009-2010-2011-2012-2013-2014
Brandon Jennings,0.01030466809647,1.80987837456496,-1.79957370646849,2004-2005-2006-2007-2008-2009-2010-2011-2012-2013-2014
Hilton Armstrong,-0.85907113012531,0.96393413078197,-1.82300526090728,2004-2005-2006-2007-2008-2009-2010-2011-2012-2013-2014
Carlos Delfino,-0.69701651406923,1.12732691025829,-1.82434342432752,2004-2005-2006-2007-2008-2009-2010-2011-2012-2013-2014
Toney Douglas,-0.60915308959893,1.21960063816596,-1.82875372776489,2004-2005-2006-2007-2008-2009-2010-2011-2012-2013-2014
Austin Croshere,-0.42227967705373,1.4078338648485,-1.8301135419022299,2004-2005-2006-2007-2008-2009-2010-2011-2012-2013-2014
Thabo Sefolosha,-2.60129488559841,-0.75626250285621,-1.8450323827422,2004-2005-2006-2007-2008-2009-2010-2011-2012-2013-2014
CJ Miles,-0.5383460481522,1.31986483873991,-1.85821088689211,2004-2005-2006-2007-2008-2009-2010-2011-2012-2013-2014
Moochie Norris,-1.14160305518824,0.7541793871238099,-1.89578244231205,2004-2005-2006-2007-2008-2009-2010-2011-2012-2013-2014
Andrea Bargnani,-0.5978161858336001,1.30618418331758,-1.90400036915118,2004-2005-2006-2007-2008-2009-2010-2011-2012-2013-2014
Jeremy Lin,-1.08744981089378,0.8244903875116101,-1.9119401984053903,2004-2005-2006-2007-2008-2009-2010-2011-2012-2013-2014
DeAndre Jordan,0.18748219992102,2.1000804737199097,-1.9125982737988898,2004-2005-2006-2007-2008-2009-2010-2011-2012-2013-2014
Kirk Snyder,-1.12357235008461,0.8080091628401599,-1.93158151292477,2004-2005-2006-2007-2008-2009-2010-2011-2012-2013-2014
Keith Van Horn,-0.96080881455016,0.97602317431482,-1.93683198886498,2004-2005-2006-2007-2008-2009-2010-2011-2012-2013-2014
Samuel Dalembert,-0.46389707656121,1.49864304850707,-1.9625401250682801,2004-2005-2006-2007-2008-2009-2010-2011-2012-2013-2014
Darren Collison,-0.8808224319791299,1.1137783786531499,-1.99460081063228,2004-2005-2006-2007-2008-2009-2010-2011-2012-2013-2014
Kwame Brown,-0.025388964432109997,1.97969535451941,-2.00508431895152,2004-2005-2006-2007-2008-2009-2010-2011-2012-2013-2014
Zydrunas Ilgauskas,-0.96927898937339,1.08593582522808,-2.05521481460147,2004-2005-2006-2007-2008-2009-2010-2011-2012-2013-2014
Johan Petro,-0.95626927441181,1.0991322588018,-2.05540153321361,2004-2005-2006-2007-2008-2009-2010-2011-2012-2013-2014
Marreese Speights,-1.46875659370746,0.61581373139296,-2.08457032510042,2004-2005-2006-2007-2008-2009-2010-2011-2012-2013-2014
JJ Hickson,-1.05294064217596,1.06680125552568,-2.11974189770164,2004-2005-2006-2007-2008-2009-2010-2011-2012-2013-2014
Brian Grant,-2.16847122599664,0.029679488230319996,-2.19815071422696,2004-2005-2006-2007-2008-2009-2010-2011-2012-2013-2014
Gerald Green,-1.5603608873978598,0.64951340227595,-2.20987428967381,2004-2005-2006-2007-2008-2009-2010-2011-2012-2013-2014
Martell Webster,-0.9626325222547499,1.25119390087823,-2.21382642313298,2004-2005-2006-2007-2008-2009-2010-2011-2012-2013-2014
Rasual Butler,-0.32806338835323,1.88810212882407,-2.2161655171773003,2004-2005-2006-2007-2008-2009-2010-2011-2012-2013-2014
Marcus Thornton,-0.12774729857881,2.09758518124108,-2.22533247981989,2004-2005-2006-2007-2008-2009-2010-2011-2012-2013-2014
Sarunas Jasikevicius,-1.7996934470069101,0.45887703399894997,-2.25857048100586,2004-2005-2006-2007-2008-2009-2010-2011-2012-2013-2014
Josh Powell,-2.11142759749996,0.14772886558734,-2.2591564630873,2004-2005-2006-2007-2008-2009-2010-2011-2012-2013-2014
Devin Brown,-1.05934201354195,1.25364219184426,-2.31298420538621,2004-2005-2006-2007-2008-2009-2010-2011-2012-2013-2014
Jeff Green,-2.2374135692372,0.08525944473527,-2.3226730139724703,2004-2005-2006-2007-2008-2009-2010-2011-2012-2013-2014
Juan Dixon,-0.59412537163678,1.7463629989162601,-2.34048837055304,2004-2005-2006-2007-2008-2009-2010-2011-2012-2013-2014
Andrew Bynum,-1.45933201563371,0.89684990723683,-2.35618192287054,2004-2005-2006-2007-2008-2009-2010-2011-2012-2013-2014
Leandro Barbosa,-1.35336485051915,1.02846170544673,-2.38182655596588,2004-2005-2006-2007-2008-2009-2010-2011-2012-2013-2014
C.J. Watson,-1.63853582281081,0.75787945456855,-2.39641527737936,2004-2005-2006-2007-2008-2009-2010-2011-2012-2013-2014
Jamario Moon,-2.00752563907431,0.40931768086165,-2.41684331993596,2004-2005-2006-2007-2008-2009-2010-2011-2012-2013-2014
Francisco Elson,-2.0225029808664403,0.41568051569507003,-2.43818349656151,2004-2005-2006-2007-2008-2009-2010-2011-2012-2013-2014
Jason Hart,-1.9428098010370602,0.5753856431941,-2.5181954442311603,2004-2005-2006-2007-2008-2009-2010-2011-2012-2013-2014
Charlie Villanueva,-0.66617568502263,1.87187997978929,-2.53805566481192,2004-2005-2006-2007-2008-2009-2010-2011-2012-2013-2014
Ronny Turiaf,-1.6437513010412501,0.97631776038817,-2.62006906142942,2004-2005-2006-2007-2008-2009-2010-2011-2012-2013-2014
Michael Beasley,-1.4968392643186499,1.1661832936174,-2.6630225579360496,2004-2005-2006-2007-2008-2009-2010-2011-2012-2013-2014
Earl Clark,-1.8093531835156398,0.88958723063023,-2.69894041414587,2004-2005-2006-2007-2008-2009-2010-2011-2012-2013-2014
John Salmons,-1.23409741702008,1.4912141781899801,-2.72531159521006,2004-2005-2006-2007-2008-2009-2010-2011-2012-2013-2014
Al Horford,-1.80608326239086,0.9228490249733301,-2.72893228736419,2004-2005-2006-2007-2008-2009-2010-2011-2012-2013-2014
Byron Mullens,-1.7441641288080598,1.0491419982933898,-2.7933061271014497,2004-2005-2006-2007-2008-2009-2010-2011-2012-2013-2014
Richard Jefferson,-2.17975011740337,0.62652894766624,-2.80627906506961,2004-2005-2006-2007-2008-2009-2010-2011-2012-2013-2014
Kris Humphries,-1.2170384829024798,1.7401958180447499,-2.95723430094723,2004-2005-2006-2007-2008-2009-2010-2011-2012-2013-2014
Donald Sloan,-1.4131456178575001,1.55749422839308,-2.97063984625058,2004-2005-2006-2007-2008-2009-2010-2011-2012-2013-2014
Marco Belinelli,-1.08840320458907,1.89112628336024,-2.97952948794931,2004-2005-2006-2007-2008-2009-2010-2011-2012-2013-2014
D.J. Augustin,-1.3342484332862499,1.7997871700715502,-3.1340356033578,2004-2005-2006-2007-2008-2009-2010-2011-2012-2013-2014
Trenton Hassell,-0.98250587898086,2.29780096497182,-3.28030684395268,2004-2005-2006-2007-2008-2009-2010-2011-2012-2013-2014
DeShawn Stevenson,-3.21139920443826,0.94271379672614,-4.1541130011644,2004-2005-2006-2007-2008-2009-2010-2011-2012-2013-2014
