Name,Off,Def,Rapm,Season
LeBron James,6.13254883342076,-2.8115558098493,8.944104643270059,2007-2008-2009-2010-2011-2012-2013-2014-2015-2016-2017
Draymond Green,3.29573925890967,-3.11062929740374,6.40636855631341,2007-2008-2009-2010-2011-2012-2013-2014-2015-2016-2017
Russell Westbrook,4.19997118375965,-1.34711618546509,5.54708736922474,2007-2008-2009-2010-2011-2012-2013-2014-2015-2016-2017
Kevin Garnett,1.09878346124728,-3.99805087045694,5.09683433170422,2007-2008-2009-2010-2011-2012-2013-2014-2015-2016-2017
Stephen Curry,4.1330306521329305,-0.82588958134882,4.95892023348175,2007-2008-2009-2010-2011-2012-2013-2014-2015-2016-2017
Kevin Durant,3.34917697510198,-1.12578984922403,4.47496682432601,2007-2008-2009-2010-2011-2012-2013-2014-2015-2016-2017
Manu Ginobili,2.5159980288282,-1.8707058613843202,4.38670389021252,2007-2008-2009-2010-2011-2012-2013-2014-2015-2016-2017
Tim Duncan,1.7103538801274298,-2.40772441081328,4.118078290940709,2007-2008-2009-2010-2011-2012-2013-2014-2015-2016-2017
Marcin Gortat,2.5715421908421203,-1.52421278705298,4.0957549778951,2007-2008-2009-2010-2011-2012-2013-2014-2015-2016-2017
Paul George,1.2773303124384,-2.39327585036688,3.67060616280528,2007-2008-2009-2010-2011-2012-2013-2014-2015-2016-2017
Dirk Nowitzki,4.50721350693002,0.87702864605615,3.63018486087387,2007-2008-2009-2010-2011-2012-2013-2014-2015-2016-2017
Anderson Varejao,0.35547295545423996,-3.14216173670167,3.49763469215591,2007-2008-2009-2010-2011-2012-2013-2014-2015-2016-2017
Danny Green,1.32331334885728,-2.12640554015316,3.4497188890104398,2007-2008-2009-2010-2011-2012-2013-2014-2015-2016-2017
Kawhi Leonard,2.40837940199218,-0.97195139317668,3.38033079516886,2007-2008-2009-2010-2011-2012-2013-2014-2015-2016-2017
Blake Griffin,2.07572513967429,-1.29821305650964,3.3739381961839303,2007-2008-2009-2010-2011-2012-2013-2014-2015-2016-2017
Jason Maxiell,1.2525861626268902,-2.11431365957881,3.3668998222057005,2007-2008-2009-2010-2011-2012-2013-2014-2015-2016-2017
Tyson Chandler,1.13705085057426,-2.17042651373776,3.3074773643120197,2007-2008-2009-2010-2011-2012-2013-2014-2015-2016-2017
Ray Allen,3.37680012565684,0.08683603305707001,3.2899640925997695,2007-2008-2009-2010-2011-2012-2013-2014-2015-2016-2017
Chris Paul,3.81566570074129,0.59030672415336,3.2253589765879305,2007-2008-2009-2010-2011-2012-2013-2014-2015-2016-2017
Jason Kidd,1.17028737687195,-1.99886467604578,3.16915205291773,2007-2008-2009-2010-2011-2012-2013-2014-2015-2016-2017
Pau Gasol,2.44314007547114,-0.63840859165313,3.08154866712427,2007-2008-2009-2010-2011-2012-2013-2014-2015-2016-2017
Vince Carter,1.18688204853506,-1.7603408850778601,2.9472229336129203,2007-2008-2009-2010-2011-2012-2013-2014-2015-2016-2017
James Harden,3.23601328617304,0.36179247339369003,2.8742208127793503,2007-2008-2009-2010-2011-2012-2013-2014-2015-2016-2017
Eric Bledsoe,1.04743363880457,-1.81536371280785,2.86279735161242,2007-2008-2009-2010-2011-2012-2013-2014-2015-2016-2017
Derek Fisher,1.3767242750519901,-1.47915320226965,2.8558774773216404,2007-2008-2009-2010-2011-2012-2013-2014-2015-2016-2017
Chauncey Billups,2.99579676283831,0.16645408122768,2.82934268161063,2007-2008-2009-2010-2011-2012-2013-2014-2015-2016-2017
Mike Conley,1.1790398880205701,-1.6416387154526197,2.82067860347319,2007-2008-2009-2010-2011-2012-2013-2014-2015-2016-2017
Rashard Lewis,2.6514020486444903,-0.16912106275317002,2.82052311139766,2007-2008-2009-2010-2011-2012-2013-2014-2015-2016-2017
Patty Mills,2.80417840898127,-0.01014206945906,2.81432047844033,2007-2008-2009-2010-2011-2012-2013-2014-2015-2016-2017
Lamar Odom,1.03621485391696,-1.73174186144778,2.7679567153647398,2007-2008-2009-2010-2011-2012-2013-2014-2015-2016-2017
Kobe Bryant,3.40918954829761,0.71479894874154,2.69439059955607,2007-2008-2009-2010-2011-2012-2013-2014-2015-2016-2017
Luol Deng,0.58638412009218,-2.07937274099223,2.6657568610844096,2007-2008-2009-2010-2011-2012-2013-2014-2015-2016-2017
JR Smith,2.3657042599041,-0.29624711903155,2.66195137893565,2007-2008-2009-2010-2011-2012-2013-2014-2015-2016-2017
Fabricio Oberto,1.01443993332776,-1.63214610381146,2.6465860371392202,2007-2008-2009-2010-2011-2012-2013-2014-2015-2016-2017
Shane Battier,0.98066327723783,-1.6166976616669202,2.59736093890475,2007-2008-2009-2010-2011-2012-2013-2014-2015-2016-2017
George Hill,1.4640602833185,-1.0878603330544099,2.55192061637291,2007-2008-2009-2010-2011-2012-2013-2014-2015-2016-2017
Tayshaun Prince,0.9069219443832601,-1.6269588777190602,2.5338808221023204,2007-2008-2009-2010-2011-2012-2013-2014-2015-2016-2017
Joel Anthony,0.43245161340226,-2.04844743926538,2.48089905266764,2007-2008-2009-2010-2011-2012-2013-2014-2015-2016-2017
Boris Diaw,1.5376832957837,-0.9352978128273299,2.47298110861103,2007-2008-2009-2010-2011-2012-2013-2014-2015-2016-2017
Reggie Evans,0.5092607941006599,-1.94009253867018,2.44935333277084,2007-2008-2009-2010-2011-2012-2013-2014-2015-2016-2017
Jason Richardson,3.25053918598156,0.81375734388136,2.4367818421002005,2007-2008-2009-2010-2011-2012-2013-2014-2015-2016-2017
Mario Chalmers,1.09215513800903,-1.2743278744011302,2.36648301241016,2007-2008-2009-2010-2011-2012-2013-2014-2015-2016-2017
David West,1.19798231569903,-1.16215998887729,2.3601423045763203,2007-2008-2009-2010-2011-2012-2013-2014-2015-2016-2017
JaVale McGee,2.09001379476368,-0.24013328335026,2.33014707811394,2007-2008-2009-2010-2011-2012-2013-2014-2015-2016-2017
Marc Gasol,0.70694564350506,-1.6147109953080399,2.3216566388131,2007-2008-2009-2010-2011-2012-2013-2014-2015-2016-2017
Rajon Rondo,0.44484228205143,-1.8519423208397299,2.29678460289116,2007-2008-2009-2010-2011-2012-2013-2014-2015-2016-2017
Otto Porter Jr.,1.83856096130877,-0.39150281061049,2.23006377191926,2007-2008-2009-2010-2011-2012-2013-2014-2015-2016-2017
Jason Thompson,1.95673117786423,-0.25337934829869,2.21011052616292,2007-2008-2009-2010-2011-2012-2013-2014-2015-2016-2017
Steve Nash,2.6921285362997103,0.49669923026927,2.19542930603044,2007-2008-2009-2010-2011-2012-2013-2014-2015-2016-2017
Derrick Rose,1.36043663924971,-0.8313838501778199,2.19182048942753,2007-2008-2009-2010-2011-2012-2013-2014-2015-2016-2017
Paul Millsap,0.59822518795641,-1.5851516064766602,2.18337679443307,2007-2008-2009-2010-2011-2012-2013-2014-2015-2016-2017
Nick Collison,0.21043009859358,-1.9690463008347199,2.1794763994283,2007-2008-2009-2010-2011-2012-2013-2014-2015-2016-2017
Tracy McGrady,0.28206845702539,-1.85168826479668,2.13375672182207,2007-2008-2009-2010-2011-2012-2013-2014-2015-2016-2017
Pablo Prigioni,0.4868601277619,-1.6436457558354,2.1305058835973,2007-2008-2009-2010-2011-2012-2013-2014-2015-2016-2017
Jeff Teague,0.9680712219235801,-1.12308510084784,2.09115632277142,2007-2008-2009-2010-2011-2012-2013-2014-2015-2016-2017
Nene,0.10848749307832001,-1.98076363825463,2.08925113133295,2007-2008-2009-2010-2011-2012-2013-2014-2015-2016-2017
Matt Barnes,1.69990991268546,-0.38694570631732,2.08685561900278,2007-2008-2009-2010-2011-2012-2013-2014-2015-2016-2017
Lou Williams,1.9767755984496898,-0.10924769237111,2.0860232908208,2007-2008-2009-2010-2011-2012-2013-2014-2015-2016-2017
Tony Parker,1.8145802458090499,-0.19114938501093,2.00572963081998,2007-2008-2009-2010-2011-2012-2013-2014-2015-2016-2017
Kyle Korver,1.15985288578017,-0.80947290272417,1.9693257885043398,2007-2008-2009-2010-2011-2012-2013-2014-2015-2016-2017
Raja Bell,1.50568237917732,-0.45156197548601,1.95724435466333,2007-2008-2009-2010-2011-2012-2013-2014-2015-2016-2017
Channing Frye,3.5659674641031,1.65305370807109,1.91291375603201,2007-2008-2009-2010-2011-2012-2013-2014-2015-2016-2017
Kevin Love,2.98073752467937,1.09497836107764,1.8857591636017301,2007-2008-2009-2010-2011-2012-2013-2014-2015-2016-2017
Josh McRoberts,1.2202511023212,-0.66520249750525,1.8854535998264497,2007-2008-2009-2010-2011-2012-2013-2014-2015-2016-2017
Dion Waiters,1.5329811277818401,-0.34935059599703,1.8823317237788701,2007-2008-2009-2010-2011-2012-2013-2014-2015-2016-2017
Jared Dudley,1.41760070598651,-0.42767414942719,1.8452748554136997,2007-2008-2009-2010-2011-2012-2013-2014-2015-2016-2017
Morris Peterson,1.35740782614198,-0.46170692903148,1.81911475517346,2007-2008-2009-2010-2011-2012-2013-2014-2015-2016-2017
Spencer Hawes,0.9721564304634601,-0.83403283664407,1.8061892671075301,2007-2008-2009-2010-2011-2012-2013-2014-2015-2016-2017
Shawn Marion,0.43783356096861,-1.36026695855755,1.79810051952616,2007-2008-2009-2010-2011-2012-2013-2014-2015-2016-2017
Metta World Peace,1.9536426240452098,0.1897812893654,1.7638613346798098,2007-2008-2009-2010-2011-2012-2013-2014-2015-2016-2017
CJ McCollum,1.79091043850459,0.04634468907592,1.7445657494286702,2007-2008-2009-2010-2011-2012-2013-2014-2015-2016-2017
Chris Andersen,1.88931400276099,0.14798267005805,1.74133133270294,2007-2008-2009-2010-2011-2012-2013-2014-2015-2016-2017
Wilson Chandler,0.7962188862361,-0.93987685556915,1.7360957418052498,2007-2008-2009-2010-2011-2012-2013-2014-2015-2016-2017
JJ Redick,0.75028072556657,-0.98156390608272,1.73184463164929,2007-2008-2009-2010-2011-2012-2013-2014-2015-2016-2017
Serge Ibaka,1.8963810228480398,0.19720403051824,1.6991769923297997,2007-2008-2009-2010-2011-2012-2013-2014-2015-2016-2017
Dee Brown,0.63158455933766,-1.0604083958582,1.6919929551958601,2007-2008-2009-2010-2011-2012-2013-2014-2015-2016-2017
Danny Granger,1.39835102527159,-0.28482057610001,1.6831716013716,2007-2008-2009-2010-2011-2012-2013-2014-2015-2016-2017
Al Harrington,-0.0191553462266,-1.66331669235141,1.64416134612481,2007-2008-2009-2010-2011-2012-2013-2014-2015-2016-2017
Mike Dunleavy,0.4491399122441,-1.16162454835666,1.6107644606007603,2007-2008-2009-2010-2011-2012-2013-2014-2015-2016-2017
Mickael Pietrus,-0.01193433088972,-1.6221837478853598,1.6102494169956398,2007-2008-2009-2010-2011-2012-2013-2014-2015-2016-2017
Markieff Morris,1.15382276154894,-0.44848974749691006,1.60231250904585,2007-2008-2009-2010-2011-2012-2013-2014-2015-2016-2017
Shaun Livingston,1.9630489319239701,0.36582779033388,1.59722114159009,2007-2008-2009-2010-2011-2012-2013-2014-2015-2016-2017
Tony Allen,-0.25778451664266,-1.82829892210971,1.57051440546705,2007-2008-2009-2010-2011-2012-2013-2014-2015-2016-2017
Klay Thompson,0.5650776008568601,-0.9987751998602801,1.5638528007171402,2007-2008-2009-2010-2011-2012-2013-2014-2015-2016-2017
Antonio Daniels,0.89912813516501,-0.64079688536783,1.53992502053284,2007-2008-2009-2010-2011-2012-2013-2014-2015-2016-2017
Iman Shumpert,0.40240836278340003,-1.09916578722697,1.50157415001037,2007-2008-2009-2010-2011-2012-2013-2014-2015-2016-2017
Luke Walton,0.9093521494454301,-0.57968144569523,1.4890335951406601,2007-2008-2009-2010-2011-2012-2013-2014-2015-2016-2017
Jae Crowder,0.6838691903833399,-0.8043243126537101,1.4881935030370501,2007-2008-2009-2010-2011-2012-2013-2014-2015-2016-2017
Al-Farouq Aminu,-0.52039165834109,-2.00628934324549,1.4858976849044,2007-2008-2009-2010-2011-2012-2013-2014-2015-2016-2017
Kentavious Caldwell-Pope,1.21474985795797,-0.21201543868035003,1.42676529663832,2007-2008-2009-2010-2011-2012-2013-2014-2015-2016-2017
Dan Gadzuric,0.04399090428355,-1.3700740615728502,1.4140649658564,2007-2008-2009-2010-2011-2012-2013-2014-2015-2016-2017
Kyrylo Fesenko,0.41627081205334004,-0.98963405469412,1.40590486674746,2007-2008-2009-2010-2011-2012-2013-2014-2015-2016-2017
Chris Copeland,1.29963328732137,-0.09125500039662,1.39088828771799,2007-2008-2009-2010-2011-2012-2013-2014-2015-2016-2017
Gordan Giricek,-0.32470466236036,-1.71330421753925,1.38859955517889,2007-2008-2009-2010-2011-2012-2013-2014-2015-2016-2017
Lavoy Allen,0.24238769152018,-1.09145625921148,1.3338439507316602,2007-2008-2009-2010-2011-2012-2013-2014-2015-2016-2017
Jameer Nelson,1.13632122840702,-0.17622090987255,1.3125421382795701,2007-2008-2009-2010-2011-2012-2013-2014-2015-2016-2017
Stephen Jackson,1.33053660928508,0.03593414745906,1.2946024618260201,2007-2008-2009-2010-2011-2012-2013-2014-2015-2016-2017
Jarrett Jack,0.24081948889095997,-1.02970159263771,1.2705210815286698,2007-2008-2009-2010-2011-2012-2013-2014-2015-2016-2017
Taj Gibson,-1.22070887622395,-2.4713936880050897,1.2506848117811398,2007-2008-2009-2010-2011-2012-2013-2014-2015-2016-2017
Michael Kidd-Gilchrist,0.47595196520805,-0.7604532186664,1.23640518387445,2007-2008-2009-2010-2011-2012-2013-2014-2015-2016-2017
Lance Stephenson,0.6456611300617601,-0.5648431393918001,1.2105042694535602,2007-2008-2009-2010-2011-2012-2013-2014-2015-2016-2017
Anthony Davis,0.48743005424600006,-0.7189536987941401,1.20638375304014,2007-2008-2009-2010-2011-2012-2013-2014-2015-2016-2017
Roy Hibbert,0.35193860804993,-0.85284855140379,1.2047871594537198,2007-2008-2009-2010-2011-2012-2013-2014-2015-2016-2017
Kyrie Irving,3.1623757260453704,1.96080737694515,1.2015683491002203,2007-2008-2009-2010-2011-2012-2013-2014-2015-2016-2017
DeMarre Carroll,0.6970292501223,-0.47697490329194003,1.17400415341424,2007-2008-2009-2010-2011-2012-2013-2014-2015-2016-2017
Rafer Alston,-0.10667233300131,-1.2743371882421801,1.16766485524087,2007-2008-2009-2010-2011-2012-2013-2014-2015-2016-2017
Terry Rozier,0.54329678310448,-0.60551129578183,1.1488080788863102,2007-2008-2009-2010-2011-2012-2013-2014-2015-2016-2017
Harrison Barnes,-0.23533938541089,-1.36683503019211,1.13149564478122,2007-2008-2009-2010-2011-2012-2013-2014-2015-2016-2017
Brendan Haywood,1.30451703868646,0.1752730394381,1.12924399924836,2007-2008-2009-2010-2011-2012-2013-2014-2015-2016-2017
Ty Lawson,1.3289608722535,0.2107821342737,1.1181787379798,2007-2008-2009-2010-2011-2012-2013-2014-2015-2016-2017
Kyle Lowry,1.1854436462350701,0.08311814607584,1.10232550015923,2007-2008-2009-2010-2011-2012-2013-2014-2015-2016-2017
Myles Turner,0.88609756416087,-0.21200666728056003,1.09810423144143,2007-2008-2009-2010-2011-2012-2013-2014-2015-2016-2017
Ish Smith,0.1332082846313,-0.93958899818779,1.07279728281909,2007-2008-2009-2010-2011-2012-2013-2014-2015-2016-2017
Greg Monroe,0.10763556007935,-0.94449784727384,1.05213340735319,2007-2008-2009-2010-2011-2012-2013-2014-2015-2016-2017
Tim Thomas,0.6500014304595599,-0.39734150092341,1.0473429313829699,2007-2008-2009-2010-2011-2012-2013-2014-2015-2016-2017
Danilo Gallinari,1.12847494853474,0.08719944810143,1.0412755004333099,2007-2008-2009-2010-2011-2012-2013-2014-2015-2016-2017
Andre Iguodala,1.2233530681372,0.18743822824685,1.03591483989035,2007-2008-2009-2010-2011-2012-2013-2014-2015-2016-2017
Keith Bogans,0.16896968169291,-0.86261362171067,1.03158330340358,2007-2008-2009-2010-2011-2012-2013-2014-2015-2016-2017
Greg Oden,0.23820863114911,-0.7886431742469601,1.02685180539607,2007-2008-2009-2010-2011-2012-2013-2014-2015-2016-2017
Ronnie Brewer,-0.54703200640607,-1.55193296986657,1.0049009634605,2007-2008-2009-2010-2011-2012-2013-2014-2015-2016-2017
Kenneth Faried,1.64620838115616,0.6434756684071601,1.002732712749,2007-2008-2009-2010-2011-2012-2013-2014-2015-2016-2017
Lindsey Hunter,0.07528932399174,-0.9267904276335901,1.00207975162533,2007-2008-2009-2010-2011-2012-2013-2014-2015-2016-2017
Greivis Vasquez,-0.07240177519418001,-1.05114002295439,0.9787382477602101,2007-2008-2009-2010-2011-2012-2013-2014-2015-2016-2017
Baron Davis,0.61663102063554,-0.36079191693041,0.9774229375659501,2007-2008-2009-2010-2011-2012-2013-2014-2015-2016-2017
Shelvin Mack,0.13633901172486002,-0.8402509127472301,0.9765899244720901,2007-2008-2009-2010-2011-2012-2013-2014-2015-2016-2017
Andrei Kirilenko,1.21778858058112,0.24346038703406,0.97432819354706,2007-2008-2009-2010-2011-2012-2013-2014-2015-2016-2017
Mikki Moore,-0.013384860807220001,-0.98393942703777,0.9705545662305501,2007-2008-2009-2010-2011-2012-2013-2014-2015-2016-2017
Nazr Mohammed,0.13594569822501001,-0.82949070278408,0.9654364010090899,2007-2008-2009-2010-2011-2012-2013-2014-2015-2016-2017
Sam Cassell,0.22289522619695,-0.74002305644061,0.96291828263756,2007-2008-2009-2010-2011-2012-2013-2014-2015-2016-2017
Jrue Holiday,-0.70236256716892,-1.65447641971849,0.95211385254957,2007-2008-2009-2010-2011-2012-2013-2014-2015-2016-2017
Tarence Kinsey,0.77098796073219,-0.17809072682564,0.94907868755783,2007-2008-2009-2010-2011-2012-2013-2014-2015-2016-2017
Joffrey Lauvergne,0.5605733686914199,-0.38321522031947,0.94378858901089,2007-2008-2009-2010-2011-2012-2013-2014-2015-2016-2017
Sasha Vujacic,0.10908069446917999,-0.82365808705392,0.9327387815231001,2007-2008-2009-2010-2011-2012-2013-2014-2015-2016-2017
Drew Gooden,-0.17982201592233,-1.11141682324047,0.9315948073181399,2007-2008-2009-2010-2011-2012-2013-2014-2015-2016-2017
Rodrigue Beaubois,0.24547008205186,-0.68065466887087,0.92612475092273,2007-2008-2009-2010-2011-2012-2013-2014-2015-2016-2017
Carmelo Anthony,1.53229952021636,0.6119846751200501,0.9203148450963101,2007-2008-2009-2010-2011-2012-2013-2014-2015-2016-2017
Rudy Gay,0.17039695133082,-0.7474628419556,0.9178597932864199,2007-2008-2009-2010-2011-2012-2013-2014-2015-2016-2017
Deron Williams,2.42925070095463,1.51404565837995,0.9152050425746799,2007-2008-2009-2010-2011-2012-2013-2014-2015-2016-2017
Morris Almond,0.10512580460022002,-0.78211709580102,0.8872429004012399,2007-2008-2009-2010-2011-2012-2013-2014-2015-2016-2017
Wesley Johnson,0.03761540465358,-0.8481805632986801,0.88579596795226,2007-2008-2009-2010-2011-2012-2013-2014-2015-2016-2017
Hamed Haddadi,0.70379825915157,-0.17544049902942999,0.879238758181,2007-2008-2009-2010-2011-2012-2013-2014-2015-2016-2017
Bracey Wright,0.5744388337302601,-0.29185410115533,0.86629293488559,2007-2008-2009-2010-2011-2012-2013-2014-2015-2016-2017
Donyell Marshall,0.031047722459680002,-0.82417195109294,0.8552196735526199,2007-2008-2009-2010-2011-2012-2013-2014-2015-2016-2017
James Anderson,1.19506573112123,0.34392574544118,0.8511399856800501,2007-2008-2009-2010-2011-2012-2013-2014-2015-2016-2017
Mike Miller,-0.04271437585635,-0.8916473418090101,0.84893296595266,2007-2008-2009-2010-2011-2012-2013-2014-2015-2016-2017
Josh Boone,0.64119047508267,-0.19322455691863,0.8344150320013001,2007-2008-2009-2010-2011-2012-2013-2014-2015-2016-2017
Goran Dragic,0.45641096663251,-0.37602300179726,0.83243396842977,2007-2008-2009-2010-2011-2012-2013-2014-2015-2016-2017
Zach Randolph,-0.14383366711215,-0.97580191412323,0.83196824701108,2007-2008-2009-2010-2011-2012-2013-2014-2015-2016-2017
Bobby Jackson,0.11241194346374,-0.71720793746589,0.8296198809296299,2007-2008-2009-2010-2011-2012-2013-2014-2015-2016-2017
DeMarcus Cousins,1.33956724927022,0.5148027555082699,0.8247644937619499,2007-2008-2009-2010-2011-2012-2013-2014-2015-2016-2017
Anthony Johnson,0.8316363417549899,0.00963591880246936,0.8220004229525205,2007-2008-2009-2010-2011-2012-2013-2014-2015-2016-2017
Walter Herrmann,0.16590109268789,-0.65609473537058,0.82199582805847,2007-2008-2009-2010-2011-2012-2013-2014-2015-2016-2017
Jonas Jerebko,0.34788791494792,-0.47292808723285,0.82081600218077,2007-2008-2009-2010-2011-2012-2013-2014-2015-2016-2017
Theo Ratliff,0.6907911604993,-0.1284316891633,0.8192228496626,2007-2008-2009-2010-2011-2012-2013-2014-2015-2016-2017
Jason Collins,-0.62877331404112,-1.43850511644593,0.8097318024048099,2007-2008-2009-2010-2011-2012-2013-2014-2015-2016-2017
Solomon Hill,0.6434773868967301,-0.16162757375543002,0.8051049606521601,2007-2008-2009-2010-2011-2012-2013-2014-2015-2016-2017
Ben McLemore,0.6520115285478401,-0.15018830974482,0.8021998382926601,2007-2008-2009-2010-2011-2012-2013-2014-2015-2016-2017
Jordan Adams,0.39375744885187003,-0.40486673989947997,0.79862418875135,2007-2008-2009-2010-2011-2012-2013-2014-2015-2016-2017
Ivan Johnson,-0.94091110015391,-1.7260412904222402,0.7851301902683301,2007-2008-2009-2010-2011-2012-2013-2014-2015-2016-2017
Pero Antic,-0.33314331243161,-1.10947175906937,0.7763284466377599,2007-2008-2009-2010-2011-2012-2013-2014-2015-2016-2017
Dwight Howard,0.22063068990082,-0.55355942784929,0.7741901177501099,2007-2008-2009-2010-2011-2012-2013-2014-2015-2016-2017
Chucky Atkins,0.27295315238614,-0.50069621040743,0.77364936279357,2007-2008-2009-2010-2011-2012-2013-2014-2015-2016-2017
E'Twaun Moore,-0.70519942065541,-1.47513753483193,0.7699381141765199,2007-2008-2009-2010-2011-2012-2013-2014-2015-2016-2017
Vladimir Radmanovic,0.64241097541027,-0.11025732299205002,0.7526682984023201,2007-2008-2009-2010-2011-2012-2013-2014-2015-2016-2017
Ben Wallace,0.03472015863285,-0.71138649271285,0.7461066513457,2007-2008-2009-2010-2011-2012-2013-2014-2015-2016-2017
Mo Williams,0.83863448033506,0.11117711138327001,0.7274573689517899,2007-2008-2009-2010-2011-2012-2013-2014-2015-2016-2017
Cole Aldrich,0.21498804624098,-0.51111412223792,0.7261021684789,2007-2008-2009-2010-2011-2012-2013-2014-2015-2016-2017
John Wall,0.68491407299068,-0.04082747950264,0.72574155249332,2007-2008-2009-2010-2011-2012-2013-2014-2015-2016-2017
Alan Anderson,-1.65966622766314,-2.3819066399607802,0.7222404122976401,2007-2008-2009-2010-2011-2012-2013-2014-2015-2016-2017
Ben Gordon,0.50420216723983,-0.21632312100360002,0.72052528824343,2007-2008-2009-2010-2011-2012-2013-2014-2015-2016-2017
Hassan Whiteside,0.32838077549831,-0.38690369317374,0.71528446867205,2007-2008-2009-2010-2011-2012-2013-2014-2015-2016-2017
Ekpe Udoh,0.16976841423984002,-0.53690730669126,0.7066757209311,2007-2008-2009-2010-2011-2012-2013-2014-2015-2016-2017
Bismack Biyombo,-0.63994936437734,-1.34650458720092,0.70655522282358,2007-2008-2009-2010-2011-2012-2013-2014-2015-2016-2017
Andre Roberson,-0.0006454931686924564,-0.70537568174407,0.7047301885753776,2007-2008-2009-2010-2011-2012-2013-2014-2015-2016-2017
Ben Uzoh,-0.38714456383671,-1.08842558384715,0.70128102001044,2007-2008-2009-2010-2011-2012-2013-2014-2015-2016-2017
Chris Singleton,-0.36799437066356,-1.0629186042963499,0.6949242336327899,2007-2008-2009-2010-2011-2012-2013-2014-2015-2016-2017
Trevor Ariza,-1.05093090653157,-1.7418894573144699,0.6909585507828999,2007-2008-2009-2010-2011-2012-2013-2014-2015-2016-2017
John Lucas III,-0.93429607272049,-1.60804305357262,0.6737469808521299,2007-2008-2009-2010-2011-2012-2013-2014-2015-2016-2017
Brian Roberts,0.37671093141122997,-0.28818421115833,0.66489514256956,2007-2008-2009-2010-2011-2012-2013-2014-2015-2016-2017
Jodie Meeks,-0.07175380992989,-0.73496450275035,0.66321069282046,2007-2008-2009-2010-2011-2012-2013-2014-2015-2016-2017
Eric Gordon,1.89356836034147,1.23699157740427,0.6565767829371998,2007-2008-2009-2010-2011-2012-2013-2014-2015-2016-2017
Kyle Weaver,0.26204226616337,-0.39320787035797,0.65525013652134,2007-2008-2009-2010-2011-2012-2013-2014-2015-2016-2017
Carlos Boozer,0.81674240714014,0.16204128023979,0.65470112690035,2007-2008-2009-2010-2011-2012-2013-2014-2015-2016-2017
Josh Harrellson,0.11554117016165,-0.53589539667941,0.6514365668410601,2007-2008-2009-2010-2011-2012-2013-2014-2015-2016-2017
Jan Vesely,-0.10374906323456999,-0.75152723997324,0.64777817673867,2007-2008-2009-2010-2011-2012-2013-2014-2015-2016-2017
Derrick Favors,0.68218311496033,0.03790035129245,0.64428276366788,2007-2008-2009-2010-2011-2012-2013-2014-2015-2016-2017
David Lee,0.5619736529779701,-0.08174877740664001,0.6437224303846101,2007-2008-2009-2010-2011-2012-2013-2014-2015-2016-2017
Julyan Stone,0.59047804240806,-0.04917273759981,0.6396507800078699,2007-2008-2009-2010-2011-2012-2013-2014-2015-2016-2017
Chris Wright,0.11601127208418,-0.51712988757408,0.63314115965826,2007-2008-2009-2010-2011-2012-2013-2014-2015-2016-2017
Brian Scalabrine,0.86269918119267,0.23065489960526997,0.6320442815874,2007-2008-2009-2010-2011-2012-2013-2014-2015-2016-2017
O.J. Mayo,0.45940339783448003,-0.16081631164431,0.62021970947879,2007-2008-2009-2010-2011-2012-2013-2014-2015-2016-2017
Nick Calathes,0.42740413006938,-0.18524698219657,0.61265111226595,2007-2008-2009-2010-2011-2012-2013-2014-2015-2016-2017
DeJuan Blair,0.41139886300168,-0.1988102344603,0.61020909746198,2007-2008-2009-2010-2011-2012-2013-2014-2015-2016-2017
Avery Bradley,1.3854726762979899,0.7787415670303001,0.6067311092676899,2007-2008-2009-2010-2011-2012-2013-2014-2015-2016-2017
Travis Diener,0.45947260752354996,-0.14689066121791,0.60636326874146,2007-2008-2009-2010-2011-2012-2013-2014-2015-2016-2017
Brook Lopez,-0.09375230716888,-0.6974175407170501,0.60366523354817,2007-2008-2009-2010-2011-2012-2013-2014-2015-2016-2017
Marquis Daniels,-0.36966175484838004,-0.9704164999560999,0.60075474510772,2007-2008-2009-2010-2011-2012-2013-2014-2015-2016-2017
Patrick O'Bryant,0.30119411807148,-0.29869833141157,0.5998924494830501,2007-2008-2009-2010-2011-2012-2013-2014-2015-2016-2017
Tornike Shengelia,0.30926741598887997,-0.28747604705398,0.59674346304286,2007-2008-2009-2010-2011-2012-2013-2014-2015-2016-2017
Courtney Lee,0.26273906406404,-0.31737483594796,0.580113900012,2007-2008-2009-2010-2011-2012-2013-2014-2015-2016-2017
Nate Robinson,1.06444160227611,0.49277610076611,0.5716655015100001,2007-2008-2009-2010-2011-2012-2013-2014-2015-2016-2017
Dikembe Mutombo,0.5402731339519999,-0.028333268085609997,0.5686064020376099,2007-2008-2009-2010-2011-2012-2013-2014-2015-2016-2017
Tristan Thompson,0.76150450081373,0.19840473195768,0.56309976885605,2007-2008-2009-2010-2011-2012-2013-2014-2015-2016-2017
Dejounte Murray,0.57726736766854,0.0241738598526,0.55309350781594,2007-2008-2009-2010-2011-2012-2013-2014-2015-2016-2017
Bryn Forbes,0.5303402840921,-0.02103022405772,0.55137050814982,2007-2008-2009-2010-2011-2012-2013-2014-2015-2016-2017
Jakob Poeltl,0.48926523838046,-0.05954312481791,0.54880836319837,2007-2008-2009-2010-2011-2012-2013-2014-2015-2016-2017
Dāvis Bertāns,0.62229276390809,0.07469294913547,0.54759981477262,2007-2008-2009-2010-2011-2012-2013-2014-2015-2016-2017
Casper Ware,0.31814056201087,-0.21399238894475003,0.5321329509556201,2007-2008-2009-2010-2011-2012-2013-2014-2015-2016-2017
Steven Hunter,0.30559943081481,-0.22527784501147,0.53087727582628,2007-2008-2009-2010-2011-2012-2013-2014-2015-2016-2017
Andre Drummond,0.8362587409953101,0.32328085157742,0.5129778894178901,2007-2008-2009-2010-2011-2012-2013-2014-2015-2016-2017
Shelden Williams,0.21818390868093,-0.29478926591578003,0.51297317459671,2007-2008-2009-2010-2011-2012-2013-2014-2015-2016-2017
Damon Jones,-0.03219536780311,-0.53758016412722,0.50538479632411,2007-2008-2009-2010-2011-2012-2013-2014-2015-2016-2017
Joe Ingles,-0.01143381918223,-0.50796977515809,0.49653595597586003,2007-2008-2009-2010-2011-2012-2013-2014-2015-2016-2017
P.J. Brown,-0.14720595499657002,-0.63690069250891,0.48969473751234,2007-2008-2009-2010-2011-2012-2013-2014-2015-2016-2017
Bostjan Nachbar,0.46965650675292,-0.01582149185114,0.48547799860406,2007-2008-2009-2010-2011-2012-2013-2014-2015-2016-2017
Derrick Williams,-0.25342135325441,-0.7317489332295101,0.4783275799751,2007-2008-2009-2010-2011-2012-2013-2014-2015-2016-2017
Thomas Gardner,0.12456517544533,-0.35264618422679,0.47721135967212,2007-2008-2009-2010-2011-2012-2013-2014-2015-2016-2017
Brandon Davies,0.24200102385749997,-0.23048803394576,0.47248905780326,2007-2008-2009-2010-2011-2012-2013-2014-2015-2016-2017
Kris Joseph,0.37601744863948,-0.09624555360257,0.47226300224205,2007-2008-2009-2010-2011-2012-2013-2014-2015-2016-2017
Rafael Araujo,0.46601410375417,-0.005149362751335436,0.47116346650550545,2007-2008-2009-2010-2011-2012-2013-2014-2015-2016-2017
Thomas Robinson,0.05422436446371,-0.41655638852455995,0.47078075298827,2007-2008-2009-2010-2011-2012-2013-2014-2015-2016-2017
Delon Wright,-0.29442548204775,-0.76514311753593,0.47071763548817996,2007-2008-2009-2010-2011-2012-2013-2014-2015-2016-2017
Evan Fournier,-0.14522783793809,-0.6046298354115399,0.4594019974734499,2007-2008-2009-2010-2011-2012-2013-2014-2015-2016-2017
Ömer Aşik,-1.14076232563323,-1.5987026462784,0.45794032064517004,2007-2008-2009-2010-2011-2012-2013-2014-2015-2016-2017
Wayne Selden,0.64435225152962,0.18660712372322,0.45774512780640003,2007-2008-2009-2010-2011-2012-2013-2014-2015-2016-2017
Ronnie Price,0.31640320413376,-0.14126919697581,0.45767240110956997,2007-2008-2009-2010-2011-2012-2013-2014-2015-2016-2017
Grant Hill,1.11859181528696,0.66998851398663,0.44860330130033,2007-2008-2009-2010-2011-2012-2013-2014-2015-2016-2017
Cartier Martin,0.10383593294252,-0.33981440119229,0.44365033413481,2007-2008-2009-2010-2011-2012-2013-2014-2015-2016-2017
Francisco Garcia,0.62041938002762,0.18069333968856,0.43972604033906,2007-2008-2009-2010-2011-2012-2013-2014-2015-2016-2017
Josh Childress,0.70708891829139,0.28249476397006,0.42459415432132996,2007-2008-2009-2010-2011-2012-2013-2014-2015-2016-2017
Kosta Koufos,0.040513336142870005,-0.38156464287241,0.42207797901528,2007-2008-2009-2010-2011-2012-2013-2014-2015-2016-2017
Bobby Jones,0.44559763646903,0.02512041308541,0.42047722338362004,2007-2008-2009-2010-2011-2012-2013-2014-2015-2016-2017
Joe Smith,0.010429215084799999,-0.41000122138747996,0.42043043647227996,2007-2008-2009-2010-2011-2012-2013-2014-2015-2016-2017
Jacque Vaughn,-0.6006423486108401,-1.02013938763968,0.41949703902884,2007-2008-2009-2010-2011-2012-2013-2014-2015-2016-2017
David Stockton,0.3005351246483,-0.11760139415605,0.41813651880435004,2007-2008-2009-2010-2011-2012-2013-2014-2015-2016-2017
Christian Eyenga,0.22000435458733003,-0.19345486462254,0.41345921920987,2007-2008-2009-2010-2011-2012-2013-2014-2015-2016-2017
Taurean Prince,0.33440825325074003,-0.07856225371461,0.41297050696535,2007-2008-2009-2010-2011-2012-2013-2014-2015-2016-2017
Dale Davis,-0.05327739304743,-0.46263873109042997,0.40936133804299996,2007-2008-2009-2010-2011-2012-2013-2014-2015-2016-2017
Patrick McCaw,-0.05716844745238,-0.45925488708872997,0.40208643963635,2007-2008-2009-2010-2011-2012-2013-2014-2015-2016-2017
Carrick Felix,0.26088974172093,-0.13930835325237,0.4001980949733,2007-2008-2009-2010-2011-2012-2013-2014-2015-2016-2017
Leandro Barbosa,-0.02740427467708,-0.42713946863506996,0.39973519395798995,2007-2008-2009-2010-2011-2012-2013-2014-2015-2016-2017
Archie Goodwin,0.22805999880504998,-0.17166255028061,0.39972254908566,2007-2008-2009-2010-2011-2012-2013-2014-2015-2016-2017
Javaris Crittenton,0.29438370343639003,-0.10034896572849002,0.39473266916488,2007-2008-2009-2010-2011-2012-2013-2014-2015-2016-2017
Gary Neal,1.2180291812650301,0.82336801271636,0.3946611685486701,2007-2008-2009-2010-2011-2012-2013-2014-2015-2016-2017
Patrick Patterson,0.8171514322904601,0.42354017848180003,0.39361125380865997,2007-2008-2009-2010-2011-2012-2013-2014-2015-2016-2017
Fred VanVleet,0.37105686013370004,-0.02198392530053,0.39304078543423004,2007-2008-2009-2010-2011-2012-2013-2014-2015-2016-2017
Tyreke Evans,1.99199056758744,1.59985608703693,0.39213448055051003,2007-2008-2009-2010-2011-2012-2013-2014-2015-2016-2017
Viacheslav Kravtsov,0.10131310160850002,-0.2829546034064,0.3842677050149,2007-2008-2009-2010-2011-2012-2013-2014-2015-2016-2017
Jonas Valanciunas,0.47939974563897997,0.09543259835581999,0.38396714728315995,2007-2008-2009-2010-2011-2012-2013-2014-2015-2016-2017
Jeff Ayres,0.6751041750075101,0.29548623256648004,0.37961794244103003,2007-2008-2009-2010-2011-2012-2013-2014-2015-2016-2017
Jason Terry,1.4362010544414199,1.0720935805833398,0.36410747385808,2007-2008-2009-2010-2011-2012-2013-2014-2015-2016-2017
Andre Owens,0.23037485405024002,-0.13194884387983,0.36232369793007,2007-2008-2009-2010-2011-2012-2013-2014-2015-2016-2017
Tyler Johnson,0.40092470032487004,0.04497962691431,0.35594507341056003,2007-2008-2009-2010-2011-2012-2013-2014-2015-2016-2017
Derek Anderson,0.2092879551026,-0.14126318131514,0.35055113641774005,2007-2008-2009-2010-2011-2012-2013-2014-2015-2016-2017
Josh Howard,-0.13719458384719,-0.48715501336083,0.34996042951364004,2007-2008-2009-2010-2011-2012-2013-2014-2015-2016-2017
Yakhouba Diawara,-0.08771726525372,-0.43738803435522994,0.34967076910150996,2007-2008-2009-2010-2011-2012-2013-2014-2015-2016-2017
Pascal Siakam,0.26192681609678,-0.08555709007406,0.34748390617084,2007-2008-2009-2010-2011-2012-2013-2014-2015-2016-2017
Jack Cooley,0.12936006229975,-0.21403195891946,0.34339202121921,2007-2008-2009-2010-2011-2012-2013-2014-2015-2016-2017
Quinton Ross,0.38513820946459,0.04456890192671,0.34056930753788,2007-2008-2009-2010-2011-2012-2013-2014-2015-2016-2017
Jordan McRae,0.16779883647739,-0.17174561780539,0.33954445428278,2007-2008-2009-2010-2011-2012-2013-2014-2015-2016-2017
Tyronn Lue,0.64988255561161,0.31161968514769,0.33826287046392,2007-2008-2009-2010-2011-2012-2013-2014-2015-2016-2017
Matthew Dellavedova,-1.25005258952466,-1.58526193665804,0.3352093471333801,2007-2008-2009-2010-2011-2012-2013-2014-2015-2016-2017
Nik Stauskas,0.18415613020696,-0.15064927546205,0.33480540566901,2007-2008-2009-2010-2011-2012-2013-2014-2015-2016-2017
DJ Mbenga,0.059831502709000006,-0.27312472363157997,0.33295622634058003,2007-2008-2009-2010-2011-2012-2013-2014-2015-2016-2017
Earl Boykins,0.35585164682376,0.023270451425,0.33258119539876,2007-2008-2009-2010-2011-2012-2013-2014-2015-2016-2017
Tony Snell,-0.25309810738328,-0.58444069258346,0.33134258520018,2007-2008-2009-2010-2011-2012-2013-2014-2015-2016-2017
Kevin Jones,0.18901960553896,-0.14208518898112002,0.33110479452008,2007-2008-2009-2010-2011-2012-2013-2014-2015-2016-2017
Tyler Zeller,0.36512676278943,0.03495081313571,0.33017594965372,2007-2008-2009-2010-2011-2012-2013-2014-2015-2016-2017
Damian Lillard,0.9677470253978001,0.64053888143154,0.32720814396626,2007-2008-2009-2010-2011-2012-2013-2014-2015-2016-2017
Steven Adams,0.059401651908919995,-0.26593269487365,0.32533434678256995,2007-2008-2009-2010-2011-2012-2013-2014-2015-2016-2017
James Young,0.34401449698754,0.01921163524407,0.32480286174347,2007-2008-2009-2010-2011-2012-2013-2014-2015-2016-2017
Sean Williams,-0.02391633277969,-0.34643127966289,0.32251494688320004,2007-2008-2009-2010-2011-2012-2013-2014-2015-2016-2017
Briante Weber,0.07721768121798,-0.24235709230903,0.31957477352700997,2007-2008-2009-2010-2011-2012-2013-2014-2015-2016-2017
Norman Powell,-0.34398297938076,-0.66159214750924,0.31760916812847995,2007-2008-2009-2010-2011-2012-2013-2014-2015-2016-2017
Sergio Rodriguez,0.55326739403414,0.24162465195514998,0.31164274207899006,2007-2008-2009-2010-2011-2012-2013-2014-2015-2016-2017
Ricky Rubio,-0.15929806041983,-0.46800273778039997,0.30870467736057,2007-2008-2009-2010-2011-2012-2013-2014-2015-2016-2017
Jarvis Varnado,0.32520554329441,0.01839352335776,0.30681201993665,2007-2008-2009-2010-2011-2012-2013-2014-2015-2016-2017
Dwyane Wade,0.5233953119476,0.21676369777703003,0.30663161417056994,2007-2008-2009-2010-2011-2012-2013-2014-2015-2016-2017
JaJuan Johnson,-0.77133935572161,-1.07031177345722,0.29897241773560995,2007-2008-2009-2010-2011-2012-2013-2014-2015-2016-2017
Antoine Walker,-0.02355543932284,-0.32006231081583997,0.296506871493,2007-2008-2009-2010-2011-2012-2013-2014-2015-2016-2017
Ryan Bowen,0.30597235606842,0.01175883659479,0.29421351947363,2007-2008-2009-2010-2011-2012-2013-2014-2015-2016-2017
DerMarr Johnson,0.07873550722445999,-0.21481692615352,0.29355243337798,2007-2008-2009-2010-2011-2012-2013-2014-2015-2016-2017
Darius Miller,0.4616757609782,0.17047756000167,0.29119820097653004,2007-2008-2009-2010-2011-2012-2013-2014-2015-2016-2017
Josh Smith,0.36337911127268,0.07535134210229,0.28802776917039,2007-2008-2009-2010-2011-2012-2013-2014-2015-2016-2017
Mitch McGary,0.25525695902667,-0.02960257955645,0.28485953858312,2007-2008-2009-2010-2011-2012-2013-2014-2015-2016-2017
Jeffery Taylor,0.40587804335142996,0.12334481924626998,0.28253322410515996,2007-2008-2009-2010-2011-2012-2013-2014-2015-2016-2017
Elliot Williams,0.10529335244477998,-0.17367730597029,0.27897065841507,2007-2008-2009-2010-2011-2012-2013-2014-2015-2016-2017
Dante Cunningham,0.26243934952144,-0.016126143281809998,0.27856549280325,2007-2008-2009-2010-2011-2012-2013-2014-2015-2016-2017
Anthony Tolliver,-0.8145004941951899,-1.09222031901395,0.27771982481876006,2007-2008-2009-2010-2011-2012-2013-2014-2015-2016-2017
Nando De Colo,0.026945937231010002,-0.24973980160178,0.27668573883279,2007-2008-2009-2010-2011-2012-2013-2014-2015-2016-2017
Andray Blatche,0.10359774028900999,-0.17134349156594,0.27494123185495,2007-2008-2009-2010-2011-2012-2013-2014-2015-2016-2017
Anthony Roberson,0.15903323732056998,-0.112968192829,0.27200143014956996,2007-2008-2009-2010-2011-2012-2013-2014-2015-2016-2017
Allan Ray,-0.17106498274743,-0.44221510224726,0.27115011949983003,2007-2008-2009-2010-2011-2012-2013-2014-2015-2016-2017
Jason Williams,0.52031468289523,0.24923078070146001,0.27108390219376993,2007-2008-2009-2010-2011-2012-2013-2014-2015-2016-2017
Gerald Wallace,0.28924737378054,0.0200811173067,0.26916625647384,2007-2008-2009-2010-2011-2012-2013-2014-2015-2016-2017
Pat Garrity,0.07157637834215,-0.19605588644560998,0.26763226478776,2007-2008-2009-2010-2011-2012-2013-2014-2015-2016-2017
Shabazz Napier,0.62247480219504,0.35630524228909,0.26616955990595004,2007-2008-2009-2010-2011-2012-2013-2014-2015-2016-2017
James Augustine,0.23839818905917,-0.02631719635339,0.26471538541256,2007-2008-2009-2010-2011-2012-2013-2014-2015-2016-2017
Jared Reiner,0.32471799191696,0.06196332331943,0.26275466859753,2007-2008-2009-2010-2011-2012-2013-2014-2015-2016-2017
C.J. Wilcox,0.03464535960868,-0.22651560600801998,0.2611609656167,2007-2008-2009-2010-2011-2012-2013-2014-2015-2016-2017
Andrew Bogut,-0.99830609400551,-1.25453524758541,0.2562291535799,2007-2008-2009-2010-2011-2012-2013-2014-2015-2016-2017
Jimmy Butler,-0.61962897712346,-0.87451405797506,0.2548850808516,2007-2008-2009-2010-2011-2012-2013-2014-2015-2016-2017
James Singleton,-0.01505600816027,-0.26902088583282996,0.25396487767256,2007-2008-2009-2010-2011-2012-2013-2014-2015-2016-2017
Pape Sy,0.052435041231340004,-0.20012052469629,0.25255556592763,2007-2008-2009-2010-2011-2012-2013-2014-2015-2016-2017
Calvin Booth,0.16089124411007,-0.09132631869319,0.25221756280325996,2007-2008-2009-2010-2011-2012-2013-2014-2015-2016-2017
Darrick Martin,0.05316739462956,-0.19847155079582,0.25163894542538,2007-2008-2009-2010-2011-2012-2013-2014-2015-2016-2017
Robert Sacre,0.09296548566247,-0.15687650182568,0.24984198748814998,2007-2008-2009-2010-2011-2012-2013-2014-2015-2016-2017
Joel Bolomboy,0.08194849115955,-0.16711647346816,0.24906496462771002,2007-2008-2009-2010-2011-2012-2013-2014-2015-2016-2017
Patrick Beverley,1.2033068310544701,0.96029700739797,0.24300982365650006,2007-2008-2009-2010-2011-2012-2013-2014-2015-2016-2017
Giannis Antetokounmpo,-0.5315634465158701,-0.7718277634280499,0.24026431691217992,2007-2008-2009-2010-2011-2012-2013-2014-2015-2016-2017
Michael Ruffin,-0.07798283697505,-0.31789350410468,0.23991066712963,2007-2008-2009-2010-2011-2012-2013-2014-2015-2016-2017
Jordan Hamilton,0.33339377495524997,0.09528872698629,0.23810504796895998,2007-2008-2009-2010-2011-2012-2013-2014-2015-2016-2017
Othello Hunter,-0.006532104305292182,-0.24328535876884,0.23675325446354786,2007-2008-2009-2010-2011-2012-2013-2014-2015-2016-2017
Jared Jeffries,-0.55367840932337,-0.7872671097236,0.23358870040023003,2007-2008-2009-2010-2011-2012-2013-2014-2015-2016-2017
Elijah Millsap,0.05416611704444001,-0.17828311543241002,0.23244923247685004,2007-2008-2009-2010-2011-2012-2013-2014-2015-2016-2017
Jonny Flynn,0.35523975944423003,0.12479094335279999,0.23044881609143006,2007-2008-2009-2010-2011-2012-2013-2014-2015-2016-2017
Denzel Valentine,-0.17938856324204,-0.40951121633961,0.23012265309757,2007-2008-2009-2010-2011-2012-2013-2014-2015-2016-2017
Jordan Mickey,0.29732192730029,0.06814752305186,0.22917440424843,2007-2008-2009-2010-2011-2012-2013-2014-2015-2016-2017
Earl Watson,0.2357388778596,0.009672413341669588,0.2260664645179304,2007-2008-2009-2010-2011-2012-2013-2014-2015-2016-2017
Trey Lyles,0.08214979911087,-0.14210837590472,0.22425817501559,2007-2008-2009-2010-2011-2012-2013-2014-2015-2016-2017
Erick Green,0.38541346955884004,0.16479695684675,0.22061651271209,2007-2008-2009-2010-2011-2012-2013-2014-2015-2016-2017
Sheldon Mac,0.12574433580243,-0.09260279285327999,0.21834712865571,2007-2008-2009-2010-2011-2012-2013-2014-2015-2016-2017
Rasho Nesterovic,0.77673112291581,0.55980900155449,0.21692212136132008,2007-2008-2009-2010-2011-2012-2013-2014-2015-2016-2017
Jamal Crawford,1.80573999817619,1.58995142285842,0.2157885753177699,2007-2008-2009-2010-2011-2012-2013-2014-2015-2016-2017
Justin Anderson,0.47365347934266,0.26995914431087,0.20369433503179005,2007-2008-2009-2010-2011-2012-2013-2014-2015-2016-2017
Meyers Leonard,0.18191541949433,-0.0188296361855,0.20074505567982998,2007-2008-2009-2010-2011-2012-2013-2014-2015-2016-2017
Devin Harris,-0.35226890129752997,-0.54480136880964,0.19253246751211,2007-2008-2009-2010-2011-2012-2013-2014-2015-2016-2017
Matt Harpring,0.44621179805231,0.25969602157415,0.18651577647816,2007-2008-2009-2010-2011-2012-2013-2014-2015-2016-2017
Joe Crawford,-0.06922320405778,-0.25300039967047,0.18377719561269001,2007-2008-2009-2010-2011-2012-2013-2014-2015-2016-2017
Alec Burks,-0.8010663790251701,-0.98401084472431,0.18294446569914,2007-2008-2009-2010-2011-2012-2013-2014-2015-2016-2017
Cory Jefferson,0.10420548087561,-0.07798192354898001,0.18218740442459003,2007-2008-2009-2010-2011-2012-2013-2014-2015-2016-2017
Allen Iverson,0.35385794746228,0.17844854351395,0.17540940394833,2007-2008-2009-2010-2011-2012-2013-2014-2015-2016-2017
Chris Richard,0.0250871344685,-0.14968877014015,0.17477590460864997,2007-2008-2009-2010-2011-2012-2013-2014-2015-2016-2017
Jose Calderon,1.1696430504249,0.99486986213971,0.17477318828518998,2007-2008-2009-2010-2011-2012-2013-2014-2015-2016-2017
Lamar Patterson,-0.05317456888576,-0.21909831133924998,0.16592374245348998,2007-2008-2009-2010-2011-2012-2013-2014-2015-2016-2017
Jeff Foster,0.52169908842481,0.35587501211097,0.16582407631384005,2007-2008-2009-2010-2011-2012-2013-2014-2015-2016-2017
Anthony Bennett,0.42528761235247997,0.26026072385179,0.16502688850068997,2007-2008-2009-2010-2011-2012-2013-2014-2015-2016-2017
Lucas Nogueira,-0.11524785473881001,-0.27815016512112,0.16290231038230998,2007-2008-2009-2010-2011-2012-2013-2014-2015-2016-2017
Shawne Williams,0.49350785660376,0.33109563136882,0.16241222523494003,2007-2008-2009-2010-2011-2012-2013-2014-2015-2016-2017
Pat Connaughton,0.09994348364,-0.061863067274910005,0.16180655091491003,2007-2008-2009-2010-2011-2012-2013-2014-2015-2016-2017
Isaiah Thomas,0.9103269046020099,0.7495204078333,0.16080649676871,2007-2008-2009-2010-2011-2012-2013-2014-2015-2016-2017
Tim Quarterman,0.14354472724425,-0.01454871054195,0.15809343778620003,2007-2008-2009-2010-2011-2012-2013-2014-2015-2016-2017
Marcus Camby,0.14268271803978,-0.015106607400050001,0.15778932543983,2007-2008-2009-2010-2011-2012-2013-2014-2015-2016-2017
Josh Richardson,0.5958243823581699,0.44293120620052995,0.15289317615763998,2007-2008-2009-2010-2011-2012-2013-2014-2015-2016-2017
Othyus Jeffers,0.04182763118722,-0.10769562301612,0.14952325420334,2007-2008-2009-2010-2011-2012-2013-2014-2015-2016-2017
Ime Udoka,-0.4252228063923,-0.57328044632081,0.14805763992850998,2007-2008-2009-2010-2011-2012-2013-2014-2015-2016-2017
Quincy Pondexter,-0.26526217946255,-0.41087097689898,0.14560879743643002,2007-2008-2009-2010-2011-2012-2013-2014-2015-2016-2017
Brian Cook,0.12613249743948998,-0.01935238856826,0.14548488600775,2007-2008-2009-2010-2011-2012-2013-2014-2015-2016-2017
Frank Kaminsky,-0.15740445522453,-0.29993682288088996,0.14253236765636,2007-2008-2009-2010-2011-2012-2013-2014-2015-2016-2017
Jannero Pargo,-0.64238481122283,-0.7840215903669601,0.14163677914413006,2007-2008-2009-2010-2011-2012-2013-2014-2015-2016-2017
Lynn Greer,0.18189415279597,0.04406762089476,0.13782653190121,2007-2008-2009-2010-2011-2012-2013-2014-2015-2016-2017
Boban Marjanovic,0.21677804193198,0.07991029208378,0.1368677498482,2007-2008-2009-2010-2011-2012-2013-2014-2015-2016-2017
Ray McCallum,0.1531198210268,0.02194892872469,0.13117089230211001,2007-2008-2009-2010-2011-2012-2013-2014-2015-2016-2017
Russ Smith,0.0557584808994,-0.07281613161109,0.12857461251049,2007-2008-2009-2010-2011-2012-2013-2014-2015-2016-2017
Stanley Johnson,0.28774845804329,0.15977495151135,0.12797350653194003,2007-2008-2009-2010-2011-2012-2013-2014-2015-2016-2017
Aaron Gray,0.50291880438168,0.37714507600145997,0.12577372838022005,2007-2008-2009-2010-2011-2012-2013-2014-2015-2016-2017
Stephane Lasme,0.32003795002096,0.19461191395913,0.12542603606183,2007-2008-2009-2010-2011-2012-2013-2014-2015-2016-2017
Justin Dentmon,-0.03035417744416,-0.15357518802429998,0.12322101058013998,2007-2008-2009-2010-2011-2012-2013-2014-2015-2016-2017
Roko Ukic,-0.01517065972356,-0.13492951430300001,0.11975885457944,2007-2008-2009-2010-2011-2012-2013-2014-2015-2016-2017
Ricky Ledo,0.06956334224813,-0.04847921024614,0.11804255249427001,2007-2008-2009-2010-2011-2012-2013-2014-2015-2016-2017
Bradley Beal,1.28908002061684,1.1712172342348,0.11786278638203987,2007-2008-2009-2010-2011-2012-2013-2014-2015-2016-2017
Linton Johnson,0.26532861225139,0.14858123169428,0.11674738055711001,2007-2008-2009-2010-2011-2012-2013-2014-2015-2016-2017
Thon Maker,-0.09821072388044999,-0.21226658225443001,0.11405585837398002,2007-2008-2009-2010-2011-2012-2013-2014-2015-2016-2017
Justin Hamilton,-0.053228329290280006,-0.16711234499646,0.11388401570618,2007-2008-2009-2010-2011-2012-2013-2014-2015-2016-2017
Jake Voskuhl,-0.38263696833613,-0.4926621350009,0.11002516666477001,2007-2008-2009-2010-2011-2012-2013-2014-2015-2016-2017
Devin Ebanks,-0.1515475029233,-0.2610767267562,0.10952922383289998,2007-2008-2009-2010-2011-2012-2013-2014-2015-2016-2017
Tony Mitchell,0.04777233269258,-0.06132175279013,0.10909408548271,2007-2008-2009-2010-2011-2012-2013-2014-2015-2016-2017
Jeff Adrien,0.38200636213237,0.27717575954731,0.10483060258505995,2007-2008-2009-2010-2011-2012-2013-2014-2015-2016-2017
Jake Layman,0.02583449062849,-0.07832649272911,0.1041609833576,2007-2008-2009-2010-2011-2012-2013-2014-2015-2016-2017
Trey Thompkins,0.02947541589845,-0.07048600614076,0.09996142203921,2007-2008-2009-2010-2011-2012-2013-2014-2015-2016-2017
Charles Jenkins,-0.52194011890024,-0.61865765039036,0.09671753149012004,2007-2008-2009-2010-2011-2012-2013-2014-2015-2016-2017
Kevin Willis,-0.14694544337058,-0.24034910109843,0.09340365772785,2007-2008-2009-2010-2011-2012-2013-2014-2015-2016-2017
Travis Outlaw,0.7653088217276,0.6737138169546,0.091595004773,2007-2008-2009-2010-2011-2012-2013-2014-2015-2016-2017
Chris Johnson,0.17001537905183,0.07923933271075005,0.09077604634107994,2007-2008-2009-2010-2011-2012-2013-2014-2015-2016-2017
Bernard James,0.1292103063076,0.03871342520621,0.09049688110138998,2007-2008-2009-2010-2011-2012-2013-2014-2015-2016-2017
Alexey Shved,0.09468011997836,0.005463777456191708,0.08921634252216828,2007-2008-2009-2010-2011-2012-2013-2014-2015-2016-2017
Jared Sullinger,0.17612188229071,0.0876623034375,0.08845957885321,2007-2008-2009-2010-2011-2012-2013-2014-2015-2016-2017
Bobby Brown,-0.09068789375546,-0.177513416846,0.08682552309054,2007-2008-2009-2010-2011-2012-2013-2014-2015-2016-2017
Richard Hamilton,-0.62646326911651,-0.71208761725271,0.08562434813620001,2007-2008-2009-2010-2011-2012-2013-2014-2015-2016-2017
Casey Jacobsen,-0.05385731128697,-0.13679271861364,0.08293540732667,2007-2008-2009-2010-2011-2012-2013-2014-2015-2016-2017
Brad Miller,0.1430012610481,0.061056339021459995,0.08194492202664,2007-2008-2009-2010-2011-2012-2013-2014-2015-2016-2017
Amar'e Stoudemire,1.6546048506553401,1.57514616359463,0.07945868706071002,2007-2008-2009-2010-2011-2012-2013-2014-2015-2016-2017
Charlie Bell,0.57220083592269,0.49469494812776005,0.07750588779492995,2007-2008-2009-2010-2011-2012-2013-2014-2015-2016-2017
Jawad Williams,-0.007651589055391008,-0.08310835967325,0.07545677061785899,2007-2008-2009-2010-2011-2012-2013-2014-2015-2016-2017
Anthony Randolph,0.56098849097792,0.48760139256517,0.07338709841275001,2007-2008-2009-2010-2011-2012-2013-2014-2015-2016-2017
Nikola Mirotic,0.43227693303677994,0.35916316143007,0.07311377160671,2007-2008-2009-2010-2011-2012-2013-2014-2015-2016-2017
Rasheed Wallace,0.191595827034,0.12400980692805,0.06758602010595,2007-2008-2009-2010-2011-2012-2013-2014-2015-2016-2017
Adonis Thomas,0.15090243187053,0.08522218236637,0.06568024950416002,2007-2008-2009-2010-2011-2012-2013-2014-2015-2016-2017
Scot Pollard,0.0667507396623,0.0013052154909677096,0.06544552417133229,2007-2008-2009-2010-2011-2012-2013-2014-2015-2016-2017
Ronald Dupree,-0.0664611608333,-0.13078970737878,0.06432854654548,2007-2008-2009-2010-2011-2012-2013-2014-2015-2016-2017
Rawle Marshall,0.1789219747035,0.1149831923672,0.06393878233629999,2007-2008-2009-2010-2011-2012-2013-2014-2015-2016-2017
Corey Brewer,-0.35489712678451,-0.41626510037357,0.06136797358906,2007-2008-2009-2010-2011-2012-2013-2014-2015-2016-2017
Brandon Knight,-0.22891188013390001,-0.28998082912616,0.06106894899226001,2007-2008-2009-2010-2011-2012-2013-2014-2015-2016-2017
Demetris Nichols,-0.04454142984706,-0.10263567012205001,0.05809424027499,2007-2008-2009-2010-2011-2012-2013-2014-2015-2016-2017
Mehmet Okur,0.79564189589168,0.73781570111034,0.05782619478133999,2007-2008-2009-2010-2011-2012-2013-2014-2015-2016-2017
Jeremy Richardson,-0.05805966428267,-0.11437089289289,0.05631122861021999,2007-2008-2009-2010-2011-2012-2013-2014-2015-2016-2017
KJ McDaniels,-0.29404554755829,-0.35006686260882997,0.05602131505053998,2007-2008-2009-2010-2011-2012-2013-2014-2015-2016-2017
Andris Biedrins,-0.34242770178699,-0.39776466271575,0.05533696092876002,2007-2008-2009-2010-2011-2012-2013-2014-2015-2016-2017
Josh Huestis,-0.14120689860688,-0.19604343968092,0.05483654107404001,2007-2008-2009-2010-2011-2012-2013-2014-2015-2016-2017
J.J. Barea,0.58234350552082,0.53113831606793,0.05120518945289001,2007-2008-2009-2010-2011-2012-2013-2014-2015-2016-2017
Jeff Withey,-0.36464024796377004,-0.4128118934205,0.04817164545672997,2007-2008-2009-2010-2011-2012-2013-2014-2015-2016-2017
Tony Wroten,-0.24109702470656,-0.28857293490818,0.04747591020162001,2007-2008-2009-2010-2011-2012-2013-2014-2015-2016-2017
Ryan Anderson,0.72037643681008,0.67586555875433,0.04451087805575002,2007-2008-2009-2010-2011-2012-2013-2014-2015-2016-2017
Xavier Henry,-0.5789932672136,-0.62137414517481,0.042380877961210005,2007-2008-2009-2010-2011-2012-2013-2014-2015-2016-2017
Daniel Gibson,-0.11978831818897,-0.16067535225867,0.04088703406970001,2007-2008-2009-2010-2011-2012-2013-2014-2015-2016-2017
Devean George,-0.5609088438056,-0.60046593208094,0.03955708827533995,2007-2008-2009-2010-2011-2012-2013-2014-2015-2016-2017
Mardy Collins,0.12224516405182999,0.08287222380834,0.03937294024348999,2007-2008-2009-2010-2011-2012-2013-2014-2015-2016-2017
Josh Selby,0.07691309499248,0.03799236782689,0.03892072716559,2007-2008-2009-2010-2011-2012-2013-2014-2015-2016-2017
LaMarcus Aldridge,0.80235233921292,0.7636945197380101,0.038657819474909996,2007-2008-2009-2010-2011-2012-2013-2014-2015-2016-2017
Michael Doleac,-0.12369879249304999,-0.16083301006198,0.03713421756893001,2007-2008-2009-2010-2011-2012-2013-2014-2015-2016-2017
Renaldo Balkman,-0.22947916479487,-0.2649119404647,0.03543277566983001,2007-2008-2009-2010-2011-2012-2013-2014-2015-2016-2017
Malcolm Delaney,0.023845941578,-0.005261300203267985,0.029107241781267987,2007-2008-2009-2010-2011-2012-2013-2014-2015-2016-2017
David Noel,0.17305703551154,0.14426739444424,0.02878964106730001,2007-2008-2009-2010-2011-2012-2013-2014-2015-2016-2017
Jaylen Brown,0.23088137011463,0.20692032689550002,0.02396104321913,2007-2008-2009-2010-2011-2012-2013-2014-2015-2016-2017
Bo Outlaw,0.07190521931594,0.05216045364258,0.01974476567336,2007-2008-2009-2010-2011-2012-2013-2014-2015-2016-2017
Daniel Ewing,0.0130090918675,-0.006592238469736076,0.019601330337236073,2007-2008-2009-2010-2011-2012-2013-2014-2015-2016-2017
Donte Greene,-0.20234058906287,-0.22156593609534,0.019225347032470006,2007-2008-2009-2010-2011-2012-2013-2014-2015-2016-2017
Kelly Olynyk,0.55511554795335,0.53658079278966,0.01853475516369,2007-2008-2009-2010-2011-2012-2013-2014-2015-2016-2017
Salim Stoudamire,0.20310188275853,0.18627914811274,0.01682273464579001,2007-2008-2009-2010-2011-2012-2013-2014-2015-2016-2017
Junior Harrington,0.26753565430347,0.25151503667083,0.016020617632640007,2007-2008-2009-2010-2011-2012-2013-2014-2015-2016-2017
Tyshawn Taylor,0.13027717679271,0.11590655839241999,0.014370618400290011,2007-2008-2009-2010-2011-2012-2013-2014-2015-2016-2017
Dwight Powell,-0.12087971735035999,-0.13467903306226,0.013799315711900021,2007-2008-2009-2010-2011-2012-2013-2014-2015-2016-2017
Dominique Jones,-0.19573812092442,-0.20733029305485,0.011592172130430031,2007-2008-2009-2010-2011-2012-2013-2014-2015-2016-2017
Vassilis Spanoulis,-0.02770138004772,-0.036673344271990004,0.008971964224270004,2007-2008-2009-2010-2011-2012-2013-2014-2015-2016-2017
Terrence Jones,0.8359007228811799,0.82765112093795,0.008249601943229913,2007-2008-2009-2010-2011-2012-2013-2014-2015-2016-2017
RJ Hunter,-0.08860464975856,-0.09673872127720999,0.008134071518649992,2007-2008-2009-2010-2011-2012-2013-2014-2015-2016-2017
Viktor Khryapa,-0.04074500882755,-0.04762876985368,0.006883761026130002,2007-2008-2009-2010-2011-2012-2013-2014-2015-2016-2017
John Jenkins,-0.20598925284509,-0.21150685708669997,0.005517604241609981,2007-2008-2009-2010-2011-2012-2013-2014-2015-2016-2017
Enes Freedom,0.05495851688600999,0.050521727689439994,0.00443678919657,2007-2008-2009-2010-2011-2012-2013-2014-2015-2016-2017
Pat Burke,0.12040253785086,0.11636979126757,0.004032746583289997,2007-2008-2009-2010-2011-2012-2013-2014-2015-2016-2017
Jamaal Franklin,0.25355865091258,0.25088450680251,0.0026741441100700068,2007-2008-2009-2010-2011-2012-2013-2014-2015-2016-2017
Will Conroy,-0.07277228051229,-0.07518308013064,0.002410799618350005,2007-2008-2009-2010-2011-2012-2013-2014-2015-2016-2017
Damjan Rudez,-0.036040539577220004,-0.03787018350247,0.001829643925249999,2007-2008-2009-2010-2011-2012-2013-2014-2015-2016-2017
Othella Harrington,0.028354639857040002,0.028536107568590003,-0.00018146771155000017,2007-2008-2009-2010-2011-2012-2013-2014-2015-2016-2017
Awvee Storey,-0.26023425479775,-0.25810002651984,-0.0021342282779099764,2007-2008-2009-2010-2011-2012-2013-2014-2015-2016-2017
Jerome Dyson,-1.11724396254253,-1.11278177153384,-0.0044621910086899835,2007-2008-2009-2010-2011-2012-2013-2014-2015-2016-2017
Bryce Cotton,-0.09885072551293,-0.09403167777517,-0.004819047737760006,2007-2008-2009-2010-2011-2012-2013-2014-2015-2016-2017
Shareef Abdur-Rahim,0.5297947369106201,0.5356911362028001,-0.005896399292179989,2007-2008-2009-2010-2011-2012-2013-2014-2015-2016-2017
Tomas Satoransky,-0.12848868337064,-0.1215417759386,-0.006946907432040005,2007-2008-2009-2010-2011-2012-2013-2014-2015-2016-2017
Eddie House,0.38902455330002,0.39759729674573,-0.008572743445710036,2007-2008-2009-2010-2011-2012-2013-2014-2015-2016-2017
Mike James,-0.15128546335871,-0.13990565746315,-0.011379805895559997,2007-2008-2009-2010-2011-2012-2013-2014-2015-2016-2017
Salah Mejri,-0.28967977011262,-0.27779799370656,-0.011881776406060017,2007-2008-2009-2010-2011-2012-2013-2014-2015-2016-2017
Trey Burke,0.06985101218096999,0.08296243110133,-0.013111418920360005,2007-2008-2009-2010-2011-2012-2013-2014-2015-2016-2017
Desmond Mason,0.10173757754484,0.11740547204305,-0.01566789449821001,2007-2008-2009-2010-2011-2012-2013-2014-2015-2016-2017
Jimmer Fredette,0.036721462871999996,0.052773456719880006,-0.016051993847880006,2007-2008-2009-2010-2011-2012-2013-2014-2015-2016-2017
Tim Frazier,-0.08219673041030999,-0.06345855418648999,-0.01873817622382,2007-2008-2009-2010-2011-2012-2013-2014-2015-2016-2017
Chris Duhon,-0.5215918467805101,-0.50223287658465,-0.019358970195859984,2007-2008-2009-2010-2011-2012-2013-2014-2015-2016-2017
Jordan Hill,0.030735121548979998,0.051937216255329995,-0.02120209470635,2007-2008-2009-2010-2011-2012-2013-2014-2015-2016-2017
Slava Medvedenko,-0.08821837914049,-0.06531286079195,-0.02290551834854,2007-2008-2009-2010-2011-2012-2013-2014-2015-2016-2017
Cody Zeller,-0.54997521380754,-0.52663271038771,-0.023342503419830022,2007-2008-2009-2010-2011-2012-2013-2014-2015-2016-2017
Luis Montero,0.14790751360658,0.17266348259177,-0.024755968985190006,2007-2008-2009-2010-2011-2012-2013-2014-2015-2016-2017
JaKarr Sampson,-0.13522454830467,-0.11001629928156999,-0.025208249023100017,2007-2008-2009-2010-2011-2012-2013-2014-2015-2016-2017
Tobias Harris,0.09773657333317001,0.12330074835431,-0.025564175021139997,2007-2008-2009-2010-2011-2012-2013-2014-2015-2016-2017
Robert Horry,-0.98078653082053,-0.9545882156925599,-0.026198315127970093,2007-2008-2009-2010-2011-2012-2013-2014-2015-2016-2017
Isaiah Taylor,-0.12088210894573,-0.09443348576884,-0.026448623176889993,2007-2008-2009-2010-2011-2012-2013-2014-2015-2016-2017
Daniel Ochefu,-0.07471604420737,-0.04645994791589,-0.028256096291479998,2007-2008-2009-2010-2011-2012-2013-2014-2015-2016-2017
Nemanja Nedovic,0.0,0.03009041835686,-0.03009041835686,2007-2008-2009-2010-2011-2012-2013-2014-2015-2016-2017
Tony Battie,-0.12223123664667,-0.08768208915733,-0.034549147489339994,2007-2008-2009-2010-2011-2012-2013-2014-2015-2016-2017
John Holland,-0.0704958631894,-0.03443128106148,-0.03606458212792,2007-2008-2009-2010-2011-2012-2013-2014-2015-2016-2017
Tarik Black,0.06181403094849,0.09821954744719001,-0.036405516498700004,2007-2008-2009-2010-2011-2012-2013-2014-2015-2016-2017
Jermareo Davidson,-0.11329693718073999,-0.0716373367038,-0.04165960047693999,2007-2008-2009-2010-2011-2012-2013-2014-2015-2016-2017
Ryan Kelly,-0.008662095407828143,0.03352498258143,-0.042187077989258144,2007-2008-2009-2010-2011-2012-2013-2014-2015-2016-2017
Gabe Pruitt,0.23457454949978,0.27803859570904,-0.04346404620925999,2007-2008-2009-2010-2011-2012-2013-2014-2015-2016-2017
Joey Graham,-0.37636553178728,-0.3314831215445,-0.044882410242780016,2007-2008-2009-2010-2011-2012-2013-2014-2015-2016-2017
Jermaine O'Neal,-0.57484344360602,-0.52852664972867,-0.046316793877350035,2007-2008-2009-2010-2011-2012-2013-2014-2015-2016-2017
Ira Newble,-0.06179510271567,-0.013965174047219999,-0.04782992866845,2007-2008-2009-2010-2011-2012-2013-2014-2015-2016-2017
Damion James,0.01350527334949,0.0642959281048,-0.05079065475531,2007-2008-2009-2010-2011-2012-2013-2014-2015-2016-2017
Ike Diogu,0.04434868145669,0.09601632436229,-0.05166764290560001,2007-2008-2009-2010-2011-2012-2013-2014-2015-2016-2017
Hollis Thompson,0.0782781850843,0.13556699724469,-0.05728881216039,2007-2008-2009-2010-2011-2012-2013-2014-2015-2016-2017
Lester Hudson,-0.43186256983264,-0.37373201213228,-0.05813055770035997,2007-2008-2009-2010-2011-2012-2013-2014-2015-2016-2017
Rodney Carney,0.33102672259553,0.39000975590551,-0.05898303330997999,2007-2008-2009-2010-2011-2012-2013-2014-2015-2016-2017
Gigi Datome,0.14441544939981,0.20509501100106,-0.060679561601250015,2007-2008-2009-2010-2011-2012-2013-2014-2015-2016-2017
Loren Woods,-0.003028141232954337,0.058917866020020006,-0.06194600725297435,2007-2008-2009-2010-2011-2012-2013-2014-2015-2016-2017
Sean Marks,-0.7019432132154,-0.63981088732317,-0.06213232589223003,2007-2008-2009-2010-2011-2012-2013-2014-2015-2016-2017
Luther Head,-0.67665963198186,-0.61340413820238,-0.06325549377947998,2007-2008-2009-2010-2011-2012-2013-2014-2015-2016-2017
Grant Jerrett,0.03773228309,0.10164681452256999,-0.06391453143256999,2007-2008-2009-2010-2011-2012-2013-2014-2015-2016-2017
Kendall Marshall,0.29760022907634,0.36248030976343004,-0.06488008068709002,2007-2008-2009-2010-2011-2012-2013-2014-2015-2016-2017
Joel Przybilla,0.5561181003241701,0.62162418811988,-0.06550608779570992,2007-2008-2009-2010-2011-2012-2013-2014-2015-2016-2017
Mark Blount,-0.11765642464449,-0.05191224593737,-0.06574417870712,2007-2008-2009-2010-2011-2012-2013-2014-2015-2016-2017
Solomon Alabi,-0.51992676488894,-0.45415437119601,-0.06577239369293005,2007-2008-2009-2010-2011-2012-2013-2014-2015-2016-2017
Alexander Johnson,0.06379822003648,0.13048495259745,-0.06668673256096999,2007-2008-2009-2010-2011-2012-2013-2014-2015-2016-2017
Dwight Buycks,-0.1424935605104,-0.07244896657938,-0.07004459393101999,2007-2008-2009-2010-2011-2012-2013-2014-2015-2016-2017
Jalen Rose,0.14245699027093,0.21271460863993,-0.07025761836899999,2007-2008-2009-2010-2011-2012-2013-2014-2015-2016-2017
Spencer Dinwiddie,0.02925513906571,0.10023667002951,-0.0709815309638,2007-2008-2009-2010-2011-2012-2013-2014-2015-2016-2017
Phil Pressey,0.09392329524147,0.16764913908562,-0.07372584384415001,2007-2008-2009-2010-2011-2012-2013-2014-2015-2016-2017
Troy Williams,-0.17630900694177,-0.10196594705944001,-0.07434305988233,2007-2008-2009-2010-2011-2012-2013-2014-2015-2016-2017
Joe Alexander,0.07337348016585,0.14890076262177,-0.07552728245592,2007-2008-2009-2010-2011-2012-2013-2014-2015-2016-2017
Brian Cardinal,-0.08977807879367,-0.01382335302325,-0.07595472577041999,2007-2008-2009-2010-2011-2012-2013-2014-2015-2016-2017
Larry Sanders,-1.0860188356213,-1.00942952168594,-0.07658931393536,2007-2008-2009-2010-2011-2012-2013-2014-2015-2016-2017
Eric Piatkowski,-0.09566237929094999,-0.016864123930739997,-0.07879825536021,2007-2008-2009-2010-2011-2012-2013-2014-2015-2016-2017
Courtney Fortson,-0.29169317505504,-0.21261135924985,-0.07908181580518997,2007-2008-2009-2010-2011-2012-2013-2014-2015-2016-2017
Domantas Sabonis,-0.18718223440530002,-0.10645078134788001,-0.08073145305742,2007-2008-2009-2010-2011-2012-2013-2014-2015-2016-2017
Gustavo Ayon,-0.61911778636836,-0.53457577386579,-0.08454201250257003,2007-2008-2009-2010-2011-2012-2013-2014-2015-2016-2017
Wayne Ellington,-0.6925302508329501,-0.60523654668696,-0.08729370414599005,2007-2008-2009-2010-2011-2012-2013-2014-2015-2016-2017
AJ Price,0.13307958252672,0.22094496336124,-0.08786538083452002,2007-2008-2009-2010-2011-2012-2013-2014-2015-2016-2017
Rodney Stuckey,-0.74413672772703,-0.65560035127006,-0.08853637645697002,2007-2008-2009-2010-2011-2012-2013-2014-2015-2016-2017
Jusuf Nurkic,0.27050717091424,0.36244021469638,-0.09193304378214001,2007-2008-2009-2010-2011-2012-2013-2014-2015-2016-2017
Henry Walker,0.30840593541826,0.40335722411432,-0.09495128869606001,2007-2008-2009-2010-2011-2012-2013-2014-2015-2016-2017
Rudy Fernandez,-0.059959411166580004,0.03531816869097,-0.09527757985755,2007-2008-2009-2010-2011-2012-2013-2014-2015-2016-2017
Brandan Wright,-0.05408994495711,0.04174482348925,-0.09583476844635999,2007-2008-2009-2010-2011-2012-2013-2014-2015-2016-2017
Alando Tucker,-0.16712742393408,-0.07127954208314,-0.09584788185094,2007-2008-2009-2010-2011-2012-2013-2014-2015-2016-2017
Pops Mensah-Bonsu,-0.15173646716954,-0.05285493755363999,-0.09888152961590002,2007-2008-2009-2010-2011-2012-2013-2014-2015-2016-2017
Andres Nocioni,-0.75259154338069,-0.65037018173299,-0.10222136164770007,2007-2008-2009-2010-2011-2012-2013-2014-2015-2016-2017
Langston Galloway,0.19842066729154,0.30117577379791,-0.10275510650636999,2007-2008-2009-2010-2011-2012-2013-2014-2015-2016-2017
Dionte Christmas,-0.07055195846103,0.03328933198603,-0.10384129044706,2007-2008-2009-2010-2011-2012-2013-2014-2015-2016-2017
Marcus Banks,0.1125506233243,0.21931594712250002,-0.1067653237982,2007-2008-2009-2010-2011-2012-2013-2014-2015-2016-2017
Randolph Morris,0.02470852597019,0.13186334015379,-0.10715481418360001,2007-2008-2009-2010-2011-2012-2013-2014-2015-2016-2017
Jon Brockman,-0.76342773282782,-0.6540757219528199,-0.109352010875,2007-2008-2009-2010-2011-2012-2013-2014-2015-2016-2017
Alexis Ajinca,0.27577096124956,0.38655864666229,-0.11078768541273,2007-2008-2009-2010-2011-2012-2013-2014-2015-2016-2017
Malcolm Brogdon,-0.08128184527474,0.02978970391002,-0.11107154918475999,2007-2008-2009-2010-2011-2012-2013-2014-2015-2016-2017
Gilbert Arenas,-0.39835237482864,-0.28718752667352004,-0.11116484815511998,2007-2008-2009-2010-2011-2012-2013-2014-2015-2016-2017
Eduardo Najera,-0.03413727765263,0.0789035062731,-0.11304078392572998,2007-2008-2009-2010-2011-2012-2013-2014-2015-2016-2017
Shammond Williams,0.03398217087372,0.15245067553447,-0.11846850466075001,2007-2008-2009-2010-2011-2012-2013-2014-2015-2016-2017
Corey Maggette,0.36742630727118,0.48737735774399005,-0.11995105047281004,2007-2008-2009-2010-2011-2012-2013-2014-2015-2016-2017
Wayne Simien,-0.052055488860140005,0.07017469901785,-0.12223018787799,2007-2008-2009-2010-2011-2012-2013-2014-2015-2016-2017
Patrick Ewing,-0.005036436111467184,0.11835529049404,-0.12339172660550718,2007-2008-2009-2010-2011-2012-2013-2014-2015-2016-2017
Aron Baynes,-0.23828484768085,-0.11345176218507001,-0.12483308549578001,2007-2008-2009-2010-2011-2012-2013-2014-2015-2016-2017
Adreian Payne,0.20355732583383998,0.32877678799079996,-0.12521946215696,2007-2008-2009-2010-2011-2012-2013-2014-2015-2016-2017
Khris Middleton,-0.43457455184089994,-0.30718134045925,-0.12739321138164994,2007-2008-2009-2010-2011-2012-2013-2014-2015-2016-2017
Kenyon Martin,-0.5789343143460101,-0.45028025052336,-0.12865406382265004,2007-2008-2009-2010-2011-2012-2013-2014-2015-2016-2017
Adam Morrison,-0.091968389622,0.037633027070149996,-0.12960141669215,2007-2008-2009-2010-2011-2012-2013-2014-2015-2016-2017
Mike Hall,-0.13735630171155,-0.007507807143477756,-0.12984849456807224,2007-2008-2009-2010-2011-2012-2013-2014-2015-2016-2017
Coby Karl,-0.10523832441341,0.025605414765169997,-0.13084373917858,2007-2008-2009-2010-2011-2012-2013-2014-2015-2016-2017
Josh Akognon,-0.0354517767464,0.0972820367755,-0.1327338135219,2007-2008-2009-2010-2011-2012-2013-2014-2015-2016-2017
Chris Quinn,-0.29812117753909,-0.1641705193092,-0.13395065822989,2007-2008-2009-2010-2011-2012-2013-2014-2015-2016-2017
Fab Melo,-0.02987339942183,0.10488819945517001,-0.134761598877,2007-2008-2009-2010-2011-2012-2013-2014-2015-2016-2017
Henry Sims,-0.34370249437812,-0.2066629749289,-0.13703951944921997,2007-2008-2009-2010-2011-2012-2013-2014-2015-2016-2017
Earl Barron,-0.13870898815938,-0.0007064828631904511,-0.13800250529618951,2007-2008-2009-2010-2011-2012-2013-2014-2015-2016-2017
Peyton Siva,0.09142349088363,0.22971382313863997,-0.13829033225501,2007-2008-2009-2010-2011-2012-2013-2014-2015-2016-2017
Kyle Singler,0.14905015936261,0.29168760225865,-0.14263744289604,2007-2008-2009-2010-2011-2012-2013-2014-2015-2016-2017
Acie Law,-0.24859483071909,-0.10044655515129,-0.1481482755678,2007-2008-2009-2010-2011-2012-2013-2014-2015-2016-2017
PJ Hairston,-0.10548344372487001,0.053771977328560004,-0.15925542105343,2007-2008-2009-2010-2011-2012-2013-2014-2015-2016-2017
T.J. Ford,0.49661556434903,0.65885907807991,-0.16224351373088,2007-2008-2009-2010-2011-2012-2013-2014-2015-2016-2017
Linas Kleiza,-0.5914314995239099,-0.4215629661384,-0.16986853338551,2007-2008-2009-2010-2011-2012-2013-2014-2015-2016-2017
Mark Madsen,-0.22114513378865003,-0.050794072673730005,-0.17035106111492002,2007-2008-2009-2010-2011-2012-2013-2014-2015-2016-2017
Robbie Hummel,0.56386736971217,0.73464054419262,-0.17077317448044999,2007-2008-2009-2010-2011-2012-2013-2014-2015-2016-2017
Joe Young,-0.0236900431232,0.14716391896742,-0.17085396209061998,2007-2008-2009-2010-2011-2012-2013-2014-2015-2016-2017
Victor Claver,-0.8431527699042599,-0.67054180347708,-0.1726109664271799,2007-2008-2009-2010-2011-2012-2013-2014-2015-2016-2017
Michael Sweetney,-0.17272512935929998,0.0013169794372778672,-0.17404210879657786,2007-2008-2009-2010-2011-2012-2013-2014-2015-2016-2017
Zoran Dragic,-0.19616547034279,-0.02178261087235,-0.17438285947044,2007-2008-2009-2010-2011-2012-2013-2014-2015-2016-2017
Esteban Batista,-0.25789076132534,-0.0819613447997,-0.17592941652563998,2007-2008-2009-2010-2011-2012-2013-2014-2015-2016-2017
Xavier Silas,-0.31235321871991,-0.13519637627777,-0.17715684244214,2007-2008-2009-2010-2011-2012-2013-2014-2015-2016-2017
Sean May,-0.20173122117283998,-0.024263971115129998,-0.17746725005771,2007-2008-2009-2010-2011-2012-2013-2014-2015-2016-2017
Jared Cunningham,-0.08169839018824,0.09973030526424,-0.18142869545248,2007-2008-2009-2010-2011-2012-2013-2014-2015-2016-2017
Dontell Jefferson,-0.09314394115529,0.08837205209067,-0.18151599324596,2007-2008-2009-2010-2011-2012-2013-2014-2015-2016-2017
Justin Holiday,0.16873946478182,0.35547083108455,-0.18673136630273002,2007-2008-2009-2010-2011-2012-2013-2014-2015-2016-2017
Kasib Powell,0.18492318915437,0.37430875392467,-0.18938556477029997,2007-2008-2009-2010-2011-2012-2013-2014-2015-2016-2017
Doug McDermott,0.055109237366229996,0.24487619912719,-0.18976696176096,2007-2008-2009-2010-2011-2012-2013-2014-2015-2016-2017
Jake Tsakalidis,-0.04336886069364,0.14726327222507998,-0.19063213291872,2007-2008-2009-2010-2011-2012-2013-2014-2015-2016-2017
Alan Henderson,-0.05647078044613,0.13472123385853,-0.19119201430465999,2007-2008-2009-2010-2011-2012-2013-2014-2015-2016-2017
Cristiano Felicio,-0.20991233827415,-0.01684822571481,-0.19306411255934,2007-2008-2009-2010-2011-2012-2013-2014-2015-2016-2017
Deyonta Davis,-0.04661439046128,0.14735001775076,-0.19396440821204,2007-2008-2009-2010-2011-2012-2013-2014-2015-2016-2017
Emeka Okafor,-0.14270719997686,0.05466548796640999,-0.19737268794326998,2007-2008-2009-2010-2011-2012-2013-2014-2015-2016-2017
Darius Songaila,0.40752225724837,0.60499128396381,-0.19746902671543995,2007-2008-2009-2010-2011-2012-2013-2014-2015-2016-2017
Sebastian Telfair,-0.23605349613493998,-0.03803377284473,-0.19801972329021,2007-2008-2009-2010-2011-2012-2013-2014-2015-2016-2017
Kevin Martin,0.9112818669737901,1.10980599158232,-0.19852412460853003,2007-2008-2009-2010-2011-2012-2013-2014-2015-2016-2017
Toure' Murry,0.10830119164383001,0.3076024822434,-0.19930129059957,2007-2008-2009-2010-2011-2012-2013-2014-2015-2016-2017
Trey Johnson,-0.18236908548876998,0.01934297878293,-0.20171206427169996,2007-2008-2009-2010-2011-2012-2013-2014-2015-2016-2017
Glenn Robinson III,-0.04465017869856,0.15790690016631,-0.20255707886487,2007-2008-2009-2010-2011-2012-2013-2014-2015-2016-2017
Kevin Murphy,-0.04191143142587,0.16224683587555,-0.20415826730142,2007-2008-2009-2010-2011-2012-2013-2014-2015-2016-2017
Kendrick Perkins,-1.98230287327168,-1.77537429595543,-0.20692857731624997,2007-2008-2009-2010-2011-2012-2013-2014-2015-2016-2017
DJ Strawberry,-0.39661310790243,-0.18851420479976,-0.20809890310266996,2007-2008-2009-2010-2011-2012-2013-2014-2015-2016-2017
Walker Russell,-0.17070820293582,0.04499524582961,-0.21570344876543002,2007-2008-2009-2010-2011-2012-2013-2014-2015-2016-2017
Marcus Morris Sr.,-0.42509009636932,-0.20610979036852997,-0.21898030600079002,2007-2008-2009-2010-2011-2012-2013-2014-2015-2016-2017
Elton Brand,-0.7148774423218,-0.49267861351155,-0.22219882881024997,2007-2008-2009-2010-2011-2012-2013-2014-2015-2016-2017
Quincy Miller,-0.04808762501082,0.17551291349428,-0.22360053850509998,2007-2008-2009-2010-2011-2012-2013-2014-2015-2016-2017
Kim English,-0.18605176770265,0.03806618582927,-0.22411795353192002,2007-2008-2009-2010-2011-2012-2013-2014-2015-2016-2017
Aaron Harrison,-0.15178165347034,0.07478734472078,-0.22656899819112,2007-2008-2009-2010-2011-2012-2013-2014-2015-2016-2017
Alex Len,-0.05519221424001999,0.17163717803387002,-0.22682939227389004,2007-2008-2009-2010-2011-2012-2013-2014-2015-2016-2017
Blake Ahearn,-0.07227570266518,0.1551942300594,-0.22746993272457997,2007-2008-2009-2010-2011-2012-2013-2014-2015-2016-2017
Joakim Noah,0.27155179654111,0.49927736981426996,-0.22772557327315995,2007-2008-2009-2010-2011-2012-2013-2014-2015-2016-2017
Stephen Graham,-0.24388587521549,-0.0150252081151,-0.22886066710039,2007-2008-2009-2010-2011-2012-2013-2014-2015-2016-2017
Paul Pierce,-0.24692313788302,-0.0179964969143,-0.22892664096871998,2007-2008-2009-2010-2011-2012-2013-2014-2015-2016-2017
Montrezl Harrell,-0.40088290685259,-0.17175187662741,-0.22913103022517994,2007-2008-2009-2010-2011-2012-2013-2014-2015-2016-2017
Dante Exum,0.13221768857851,0.3645457294686,-0.23232804089008996,2007-2008-2009-2010-2011-2012-2013-2014-2015-2016-2017
DeMar DeRozan,0.48326116438675,0.7157002446169001,-0.23243908023015003,2007-2008-2009-2010-2011-2012-2013-2014-2015-2016-2017
Reggie Williams,-0.27124281143384,-0.03517460155925,-0.23606820987459,2007-2008-2009-2010-2011-2012-2013-2014-2015-2016-2017
Damir Markota,-0.013276740144910001,0.22450219082661999,-0.23777893097152997,2007-2008-2009-2010-2011-2012-2013-2014-2015-2016-2017
Bruce Bowen,-1.74767781544789,-1.50905815579065,-0.2386196596572401,2007-2008-2009-2010-2011-2012-2013-2014-2015-2016-2017
Bernard Robinson,-0.18147376437023,0.05751313770392,-0.23898690207415,2007-2008-2009-2010-2011-2012-2013-2014-2015-2016-2017
Maceo Baston,0.16775294966279,0.40787877299777003,-0.24012582333498003,2007-2008-2009-2010-2011-2012-2013-2014-2015-2016-2017
Jamal Sampson,-0.29381827557925,-0.05344463229536,-0.24037364328388997,2007-2008-2009-2010-2011-2012-2013-2014-2015-2016-2017
Arron Afflalo,-0.23877012172331,0.0019258930698428259,-0.24069601479315283,2007-2008-2009-2010-2011-2012-2013-2014-2015-2016-2017
Damian Jones,-0.11128432459413999,0.12963986716019,-0.24092419175433,2007-2008-2009-2010-2011-2012-2013-2014-2015-2016-2017
Rashad Vaughn,-0.17443872951667,0.06817561912623,-0.2426143486429,2007-2008-2009-2010-2011-2012-2013-2014-2015-2016-2017
Lorenzo Brown,-0.008970246523213396,0.23961839506617,-0.24858864158938343,2007-2008-2009-2010-2011-2012-2013-2014-2015-2016-2017
Jerome James,-0.39587125660379,-0.14656673814391,-0.24930451845988,2007-2008-2009-2010-2011-2012-2013-2014-2015-2016-2017
David Harrison,0.12993084633291999,0.37981020353819,-0.24987935720527,2007-2008-2009-2010-2011-2012-2013-2014-2015-2016-2017
Dahntay Jones,-0.96149406452955,-0.70621298986049,-0.25528107466905997,2007-2008-2009-2010-2011-2012-2013-2014-2015-2016-2017
Adrian Griffin,-0.25521456287258004,0.00017043636886145705,-0.2553849992414415,2007-2008-2009-2010-2011-2012-2013-2014-2015-2016-2017
Orien Greene,-0.24317890335727,0.01398368393528,-0.25716258729255,2007-2008-2009-2010-2011-2012-2013-2014-2015-2016-2017
Jeremy Evans,-0.18509346402129,0.0741284518379,-0.25922191585919,2007-2008-2009-2010-2011-2012-2013-2014-2015-2016-2017
Luke Jackson,-0.03979420936539,0.22138075526938,-0.26117496463476997,2007-2008-2009-2010-2011-2012-2013-2014-2015-2016-2017
Wade Baldwin IV,-0.051857918213180004,0.21015940157962,-0.26201731979279996,2007-2008-2009-2010-2011-2012-2013-2014-2015-2016-2017
Hassan Adams,-0.35444605405408003,-0.09145426636034,-0.26299178769374,2007-2008-2009-2010-2011-2012-2013-2014-2015-2016-2017
Bobby Portis,-0.36420135883038,-0.09965895530551,-0.26454240352487,2007-2008-2009-2010-2011-2012-2013-2014-2015-2016-2017
Speedy Claxton,-0.01059643204006,0.25402752742294,-0.264623959463,2007-2008-2009-2010-2011-2012-2013-2014-2015-2016-2017
Rob Kurz,0.09233540596497,0.35833174165536,-0.26599633569039,2007-2008-2009-2010-2011-2012-2013-2014-2015-2016-2017
Shavlik Randolph,-0.17406347146191,0.09343657422889999,-0.26750004569081004,2007-2008-2009-2010-2011-2012-2013-2014-2015-2016-2017
Jordan Williams,-0.011786082013669999,0.25636723151988,-0.26815331353355,2007-2008-2009-2010-2011-2012-2013-2014-2015-2016-2017
Juwan Howard,0.06574782598034,0.33459462130365997,-0.26884679532331995,2007-2008-2009-2010-2011-2012-2013-2014-2015-2016-2017
Zaza Pachulia,0.45064546160932994,0.71957363802362,-0.26892817641429,2007-2008-2009-2010-2011-2012-2013-2014-2015-2016-2017
Chris Babb,-0.14582680567076,0.12316134982987,-0.26898815550063,2007-2008-2009-2010-2011-2012-2013-2014-2015-2016-2017
Kyle O'Quinn,-0.18933475510475,0.08040636556424,-0.26974112066899,2007-2008-2009-2010-2011-2012-2013-2014-2015-2016-2017
DeSagana Diop,-0.58461432538177,-0.31464434942209,-0.26996997595968003,2007-2008-2009-2010-2011-2012-2013-2014-2015-2016-2017
Kwame Brown,0.67645066267289,0.94743215167365,-0.27098148900076,2007-2008-2009-2010-2011-2012-2013-2014-2015-2016-2017
Billy Thomas,-0.13777070808897002,0.13408057889926,-0.27185128698823,2007-2008-2009-2010-2011-2012-2013-2014-2015-2016-2017
Cedric Simmons,-0.16637815524564,0.10561693882348,-0.27199509406912,2007-2008-2009-2010-2011-2012-2013-2014-2015-2016-2017
Steve Francis,-0.09907384061586999,0.17734604015122,-0.27641988076708995,2007-2008-2009-2010-2011-2012-2013-2014-2015-2016-2017
Tyler Honeycutt,0.021585122023509998,0.2982065646411,-0.27662144261759003,2007-2008-2009-2010-2011-2012-2013-2014-2015-2016-2017
Bobby Simmons,-0.46815986602801,-0.19039827273848,-0.27776159328953,2007-2008-2009-2010-2011-2012-2013-2014-2015-2016-2017
Malcolm Thomas,0.07549748149853999,0.36458053171624,-0.28908305021770003,2007-2008-2009-2010-2011-2012-2013-2014-2015-2016-2017
Randy Livingston,-0.12612070489034,0.16410051006155,-0.29022121495189,2007-2008-2009-2010-2011-2012-2013-2014-2015-2016-2017
Carl Landry,-1.09444944588542,-0.7969441037044,-0.29750534218102,2007-2008-2009-2010-2011-2012-2013-2014-2015-2016-2017
Ruben Patterson,0.28221962523758,0.58299874193214,-0.30077911669456,2007-2008-2009-2010-2011-2012-2013-2014-2015-2016-2017
Malcolm Lee,-0.18595907095352002,0.11836687128461,-0.30432594223813003,2007-2008-2009-2010-2011-2012-2013-2014-2015-2016-2017
Marc Jackson,0.39913311890231995,0.70438222876943,-0.30524910986711,2007-2008-2009-2010-2011-2012-2013-2014-2015-2016-2017
Luke Schenscher,-0.25691017127537996,0.04899961950514,-0.30590979078052,2007-2008-2009-2010-2011-2012-2013-2014-2015-2016-2017
P.J. Tucker,-0.83222453266066,-0.52483380617728,-0.30739072648337995,2007-2008-2009-2010-2011-2012-2013-2014-2015-2016-2017
Jeff McInnis,-0.27247423123647,0.03519460083738,-0.30766883207385004,2007-2008-2009-2010-2011-2012-2013-2014-2015-2016-2017
Lorenzen Wright,0.024620680293629998,0.33597238346865,-0.31135170317502,2007-2008-2009-2010-2011-2012-2013-2014-2015-2016-2017
Primoz Brezec,-0.37828670086084,-0.06554504018355001,-0.31274166067729003,2007-2008-2009-2010-2011-2012-2013-2014-2015-2016-2017
DeQuan Jones,-0.27624618060968,0.03898095696902,-0.31522713757869997,2007-2008-2009-2010-2011-2012-2013-2014-2015-2016-2017
Flip Murray,-0.004917088537496277,0.31065711471973,-0.3155742032572263,2007-2008-2009-2010-2011-2012-2013-2014-2015-2016-2017
Lance Thomas,-0.72257385743193,-0.40201339580007,-0.32056046163186,2007-2008-2009-2010-2011-2012-2013-2014-2015-2016-2017
Troy Daniels,0.58916597624416,0.91467424653806,-0.3255082702939,2007-2008-2009-2010-2011-2012-2013-2014-2015-2016-2017
Elfrid Payton,-0.20433487869891998,0.12362695239037001,-0.32796183108929,2007-2008-2009-2010-2011-2012-2013-2014-2015-2016-2017
Raul Neto,-0.61541475460348,-0.28549012253311,-0.32992463207037004,2007-2008-2009-2010-2011-2012-2013-2014-2015-2016-2017
Chuck Hayes,-1.93421568892947,-1.60376216682232,-0.33045352210714984,2007-2008-2009-2010-2011-2012-2013-2014-2015-2016-2017
Kevin Ollie,-0.22348039725034,0.10851076716813,-0.33199116441847,2007-2008-2009-2010-2011-2012-2013-2014-2015-2016-2017
Gary Forbes,-0.65406308959629,-0.31964902015322,-0.33441406944307,2007-2008-2009-2010-2011-2012-2013-2014-2015-2016-2017
Brandon Rush,0.37508038400464,0.70956659251727,-0.33448620851263,2007-2008-2009-2010-2011-2012-2013-2014-2015-2016-2017
Derrick Byars,-0.20354281436165,0.13095736572461,-0.33450018008626,2007-2008-2009-2010-2011-2012-2013-2014-2015-2016-2017
Kirk Hinrich,-0.42189874856695,-0.08469313049101,-0.33720561807593996,2007-2008-2009-2010-2011-2012-2013-2014-2015-2016-2017
JaMychal Green,0.53884202473442,0.8762015610139,-0.33735953627947995,2007-2008-2009-2010-2011-2012-2013-2014-2015-2016-2017
Mike Harris,-0.23632865777015,0.10104214666198,-0.33737080443212997,2007-2008-2009-2010-2011-2012-2013-2014-2015-2016-2017
Zach LaVine,0.31566142317060003,0.6563089481280401,-0.34064752495744,2007-2008-2009-2010-2011-2012-2013-2014-2015-2016-2017
Dexter Pittman,-0.49504247912708,-0.15300761049372,-0.34203486863335997,2007-2008-2009-2010-2011-2012-2013-2014-2015-2016-2017
Ben Hansbrough,-0.14186816297115998,0.20410497995574,-0.3459731429269,2007-2008-2009-2010-2011-2012-2013-2014-2015-2016-2017
Marcus Vinicius,0.19867685776462,0.54483556366743,-0.34615870590281006,2007-2008-2009-2010-2011-2012-2013-2014-2015-2016-2017
Marcus Williams,-0.27203202944548,0.07459945775626001,-0.34663148720174,2007-2008-2009-2010-2011-2012-2013-2014-2015-2016-2017
Quincy Acy,-0.25363649048025,0.09701873652147999,-0.35065522700172996,2007-2008-2009-2010-2011-2012-2013-2014-2015-2016-2017
Scott Machado,-0.31855449017122,0.03935708678263,-0.35791157695385,2007-2008-2009-2010-2011-2012-2013-2014-2015-2016-2017
Brent Barry,-0.18488374048512998,0.17834085180789,-0.36322459229302,2007-2008-2009-2010-2011-2012-2013-2014-2015-2016-2017
Aaron Gordon,-0.37001038790152,-0.006539780682140706,-0.3634706072193793,2007-2008-2009-2010-2011-2012-2013-2014-2015-2016-2017
Uros Slokar,-0.21944554562603,0.15100908711238,-0.37045463273841,2007-2008-2009-2010-2011-2012-2013-2014-2015-2016-2017
Tiago Splitter,-1.79356432068322,-1.42256955567823,-0.37099476500498973,2007-2008-2009-2010-2011-2012-2013-2014-2015-2016-2017
Greg Buckner,-0.9424660170307001,-0.5648006862375601,-0.37766533079314,2007-2008-2009-2010-2011-2012-2013-2014-2015-2016-2017
Damien Wilkins,0.04430585164978,0.42378427195804996,-0.37947842030827,2007-2008-2009-2010-2011-2012-2013-2014-2015-2016-2017
Ersan Ilyasova,-0.60479749158285,-0.22527595373707,-0.37952153784578,2007-2008-2009-2010-2011-2012-2013-2014-2015-2016-2017
Carlos Arroyo,-0.33155368336254,0.04950629490595,-0.38105997826849,2007-2008-2009-2010-2011-2012-2013-2014-2015-2016-2017
Chris Bosh,-0.44965762427767003,-0.06597136689239,-0.38368625738528,2007-2008-2009-2010-2011-2012-2013-2014-2015-2016-2017
Anthony Carter,-0.17789898484066002,0.20796710886048,-0.38586609370114,2007-2008-2009-2010-2011-2012-2013-2014-2015-2016-2017
Reggie Jackson,0.47629205953855996,0.86238687426667,-0.3860948147281101,2007-2008-2009-2010-2011-2012-2013-2014-2015-2016-2017
Gorgui Dieng,-0.12918996663946,0.25702695260163,-0.38621691924109003,2007-2008-2009-2010-2011-2012-2013-2014-2015-2016-2017
Armon Johnson,-0.59801385953386,-0.21147373112525,-0.38654012840860996,2007-2008-2009-2010-2011-2012-2013-2014-2015-2016-2017
Vernon Macklin,-0.12537162249088,0.2684626596864,-0.39383428217728,2007-2008-2009-2010-2011-2012-2013-2014-2015-2016-2017
Alex Acker,-0.13590730104405999,0.25990843768923,-0.39581573873329007,2007-2008-2009-2010-2011-2012-2013-2014-2015-2016-2017
Chris Mihm,-0.12836340610207,0.26787896905681996,-0.39624237515889,2007-2008-2009-2010-2011-2012-2013-2014-2015-2016-2017
Sam Dekker,-0.23614453669209998,0.16050216810647,-0.39664670479857,2007-2008-2009-2010-2011-2012-2013-2014-2015-2016-2017
Dennis Schroder,-0.04121993452746,0.35580800540945,-0.39702793993691005,2007-2008-2009-2010-2011-2012-2013-2014-2015-2016-2017
Jonathon Simmons,0.47436264407988,0.8739806334603599,-0.39961798938047993,2007-2008-2009-2010-2011-2012-2013-2014-2015-2016-2017
Ognjen Kuzmic,0.03639043610249,0.43748849761595004,-0.40109806151346006,2007-2008-2009-2010-2011-2012-2013-2014-2015-2016-2017
Tyler Ennis,-0.10098008561317999,0.30149820729772997,-0.40247829291091,2007-2008-2009-2010-2011-2012-2013-2014-2015-2016-2017
Will Barton,-1.06469661836925,-0.65961651564008,-0.40508010272917,2007-2008-2009-2010-2011-2012-2013-2014-2015-2016-2017
Darrell Armstrong,0.05021092396971,0.46518959427367,-0.41497867030395996,2007-2008-2009-2010-2011-2012-2013-2014-2015-2016-2017
Lance Allred,-0.13499212510203001,0.28098612893414,-0.41597825403617006,2007-2008-2009-2010-2011-2012-2013-2014-2015-2016-2017
Omri Casspi,-0.01594836076179,0.40126653959001,-0.41721490035180003,2007-2008-2009-2010-2011-2012-2013-2014-2015-2016-2017
Jerome Jordan,-0.40451036187837996,0.01650895421811,-0.42101931609648996,2007-2008-2009-2010-2011-2012-2013-2014-2015-2016-2017
Nick Fazekas,-0.20562106932795,0.22215721440710998,-0.42777828373505994,2007-2008-2009-2010-2011-2012-2013-2014-2015-2016-2017
Arnett Moultrie,0.07111292335633,0.49962264435533005,-0.42850972099900003,2007-2008-2009-2010-2011-2012-2013-2014-2015-2016-2017
Ryan Hollins,-1.8577356683884199,-1.4283009165915,-0.4294347517969199,2007-2008-2009-2010-2011-2012-2013-2014-2015-2016-2017
Marko Jaric,-0.22578066185901,0.20491133789586002,-0.43069199975487,2007-2008-2009-2010-2011-2012-2013-2014-2015-2016-2017
Kostas Papanikolaou,-0.71613428343111,-0.27731035038880997,-0.4388239330423,2007-2008-2009-2010-2011-2012-2013-2014-2015-2016-2017
Jarron Collins,-0.5609541445549999,-0.12201763369885998,-0.43893651085613994,2007-2008-2009-2010-2011-2012-2013-2014-2015-2016-2017
Nick Young,0.24151870636470002,0.68237093352295,-0.44085222715825,2007-2008-2009-2010-2011-2012-2013-2014-2015-2016-2017
Lazar Hayward,-0.23893746909130997,0.2033419299426,-0.44227939903391,2007-2008-2009-2010-2011-2012-2013-2014-2015-2016-2017
Sundiata Gaines,0.07444972836566001,0.52033239877404,-0.44588267040838,2007-2008-2009-2010-2011-2012-2013-2014-2015-2016-2017
Keith McLeod,0.0004320789700868713,0.45152531479136,-0.45109323582127314,2007-2008-2009-2010-2011-2012-2013-2014-2015-2016-2017
Jordan Crawford,-0.32146495603907,0.12977728480234,-0.45124224084140996,2007-2008-2009-2010-2011-2012-2013-2014-2015-2016-2017
Mason Plumlee,-0.32352851929838,0.12808701067185,-0.45161552997023,2007-2008-2009-2010-2011-2012-2013-2014-2015-2016-2017
Manny Harris,-0.16542558391198,0.28844313617051004,-0.45386872008248996,2007-2008-2009-2010-2011-2012-2013-2014-2015-2016-2017
Joel Freeland,-0.80949576958445,-0.35473686363473,-0.45475890594972,2007-2008-2009-2010-2011-2012-2013-2014-2015-2016-2017
Pape Sow,-0.27475948897938,0.18175672757900999,-0.45651621655839003,2007-2008-2009-2010-2011-2012-2013-2014-2015-2016-2017
Gary Harris,0.24965201396326997,0.7065711430709001,-0.45691912910763005,2007-2008-2009-2010-2011-2012-2013-2014-2015-2016-2017
Malik Rose,0.012071653243290001,0.46971411235763005,-0.4576424591143401,2007-2008-2009-2010-2011-2012-2013-2014-2015-2016-2017
Jerian Grant,-0.24596114214318998,0.21371875671285,-0.45967989885603994,2007-2008-2009-2010-2011-2012-2013-2014-2015-2016-2017
Jeremy Pargo,-0.32202182841839,0.14097257155152,-0.46299439996991,2007-2008-2009-2010-2011-2012-2013-2014-2015-2016-2017
Shane Larkin,-0.38679187742218,0.08096770693317,-0.46775958435535003,2007-2008-2009-2010-2011-2012-2013-2014-2015-2016-2017
Semaj Christon,-0.10450444586706,0.36368245377832,-0.46818689964538,2007-2008-2009-2010-2011-2012-2013-2014-2015-2016-2017
Kyle Anderson,-0.30134201844874,0.17021064696914,-0.47155266541788,2007-2008-2009-2010-2011-2012-2013-2014-2015-2016-2017
Dan Dickau,-0.06380939514981,0.40944935390295,-0.47325874905276,2007-2008-2009-2010-2011-2012-2013-2014-2015-2016-2017
Andre Brown,-0.17536534577222,0.29845661229742,-0.47382195806964,2007-2008-2009-2010-2011-2012-2013-2014-2015-2016-2017
Brian Skinner,-0.18940511819522,0.28522573348219005,-0.47463085167741004,2007-2008-2009-2010-2011-2012-2013-2014-2015-2016-2017
Darko Milicic,-0.03347338056533,0.44743004132386,-0.48090342188919005,2007-2008-2009-2010-2011-2012-2013-2014-2015-2016-2017
Ryan Gomes,-0.21508419322987002,0.27229006877132,-0.48737426200119,2007-2008-2009-2010-2011-2012-2013-2014-2015-2016-2017
Clifford Robinson,-0.31883781463341004,0.1760082593275,-0.49484607396090996,2007-2008-2009-2010-2011-2012-2013-2014-2015-2016-2017
Luke Harangody,-0.23701361555359,0.2590969341834,-0.49611054973699,2007-2008-2009-2010-2011-2012-2013-2014-2015-2016-2017
Damon Stoudamire,-0.53066328130025,-0.032616460537160004,-0.4980468207630899,2007-2008-2009-2010-2011-2012-2013-2014-2015-2016-2017
Alonzo Mourning,-0.3068972859345,0.19239875820059,-0.49929604413509,2007-2008-2009-2010-2011-2012-2013-2014-2015-2016-2017
Allen Crabbe,0.7831824358566399,1.28794848644299,-0.5047660505863499,2007-2008-2009-2010-2011-2012-2013-2014-2015-2016-2017
Larry Hughes,-1.187909995459,-0.68224136524694,-0.50566863021206,2007-2008-2009-2010-2011-2012-2013-2014-2015-2016-2017
Jarell Martin,-0.50949880063703,-0.0011147836294321198,-0.5083840170075978,2007-2008-2009-2010-2011-2012-2013-2014-2015-2016-2017
Andrew Nicholson,0.24458881381436998,0.75473258295461,-0.51014376914024,2007-2008-2009-2010-2011-2012-2013-2014-2015-2016-2017
Jerryd Bayless,-0.51327582224877,0.007359052829868909,-0.5206348750786389,2007-2008-2009-2010-2011-2012-2013-2014-2015-2016-2017
Shaquille O'Neal,-0.50675869249641,0.014694168655,-0.52145286115141,2007-2008-2009-2010-2011-2012-2013-2014-2015-2016-2017
Darnell Jackson,-0.06975329318427,0.45567769151932,-0.5254309847035901,2007-2008-2009-2010-2011-2012-2013-2014-2015-2016-2017
Cleanthony Early,-0.32381568799367,0.20471975195354,-0.52853543994721,2007-2008-2009-2010-2011-2012-2013-2014-2015-2016-2017
Brandon Roy,-0.7473690745475,-0.21809900771127003,-0.52927006683623,2007-2008-2009-2010-2011-2012-2013-2014-2015-2016-2017
Justin Williams,0.27787236289837997,0.81234624246301,-0.53447387956463,2007-2008-2009-2010-2011-2012-2013-2014-2015-2016-2017
Michael Finley,-0.7016309989014,-0.16537850303341,-0.53625249586799,2007-2008-2009-2010-2011-2012-2013-2014-2015-2016-2017
Oleksiy Pecherov,-0.058743383468370006,0.48183884293482,-0.54058222640319,2007-2008-2009-2010-2011-2012-2013-2014-2015-2016-2017
Julian Wright,-0.53012102027221,0.01586219482909,-0.5459832151013,2007-2008-2009-2010-2011-2012-2013-2014-2015-2016-2017
Joe Johnson,0.16463150223285,0.7172942505734,-0.55266274834055,2007-2008-2009-2010-2011-2012-2013-2014-2015-2016-2017
Nikola Pekovic,-0.01479115782856,0.5548138019437799,-0.5696049597723399,2007-2008-2009-2010-2011-2012-2013-2014-2015-2016-2017
Shannon Brown,0.45460942518722,1.02767978881399,-0.5730703636267699,2007-2008-2009-2010-2011-2012-2013-2014-2015-2016-2017
Luke Babbitt,-0.31809679884121,0.26285968947443,-0.5809564883156401,2007-2008-2009-2010-2011-2012-2013-2014-2015-2016-2017
Eddy Curry,-0.39629049505466,0.19144074331384,-0.5877312383685,2007-2008-2009-2010-2011-2012-2013-2014-2015-2016-2017
Landry Fields,-0.56395041530227,0.028278433685010002,-0.59222884898728,2007-2008-2009-2010-2011-2012-2013-2014-2015-2016-2017
Festus Ezeli,0.21878374034509002,0.81360133808822,-0.59481759774313,2007-2008-2009-2010-2011-2012-2013-2014-2015-2016-2017
Jamaal Tinsley,-0.39325915956266,0.20526650374175998,-0.59852566330442,2007-2008-2009-2010-2011-2012-2013-2014-2015-2016-2017
Daequan Cook,0.57282898202094,1.17267356360479,-0.5998445815838501,2007-2008-2009-2010-2011-2012-2013-2014-2015-2016-2017
Juan Carlos Navarro,-0.22399435549195,0.37914201987917,-0.60313637537112,2007-2008-2009-2010-2011-2012-2013-2014-2015-2016-2017
Etan Thomas,-0.18619330471651,0.42283985665017,-0.6090331613666801,2007-2008-2009-2010-2011-2012-2013-2014-2015-2016-2017
Timofey Mozgov,-1.44804195040863,-0.8313646049668499,-0.6166773454417801,2007-2008-2009-2010-2011-2012-2013-2014-2015-2016-2017
Paul Zipser,-0.049798220706080004,0.57011941263811,-0.61991763334419,2007-2008-2009-2010-2011-2012-2013-2014-2015-2016-2017
Justin Harper,-0.41294886355454996,0.20710008503639,-0.62004894859094,2007-2008-2009-2010-2011-2012-2013-2014-2015-2016-2017
Yi Jianlian,-0.7859051119315799,-0.16499553196543001,-0.6209095799661499,2007-2008-2009-2010-2011-2012-2013-2014-2015-2016-2017
Stromile Swift,-0.12705807429914,0.49486486931284,-0.62192294361198,2007-2008-2009-2010-2011-2012-2013-2014-2015-2016-2017
Orlando Johnson,-0.39906344857021,0.22325579139292,-0.62231923996313,2007-2008-2009-2010-2011-2012-2013-2014-2015-2016-2017
Ramon Sessions,-0.9132437688445599,-0.28907329780107,-0.6241704710434899,2007-2008-2009-2010-2011-2012-2013-2014-2015-2016-2017
Donell Taylor,-0.74327089112382,-0.11644906356697,-0.62682182755685,2007-2008-2009-2010-2011-2012-2013-2014-2015-2016-2017
Derrick Brown,-0.45506369613326,0.17856975647669002,-0.63363345260995,2007-2008-2009-2010-2011-2012-2013-2014-2015-2016-2017
Kelenna Azubuike,-0.24627051579932,0.3897091690827,-0.63597968488202,2007-2008-2009-2010-2011-2012-2013-2014-2015-2016-2017
Antonio McDyess,-1.54372649619416,-0.90761485303719,-0.63611164315697,2007-2008-2009-2010-2011-2012-2013-2014-2015-2016-2017
Jackie Butler,-0.43235503021017,0.20394039277089998,-0.63629542298107,2007-2008-2009-2010-2011-2012-2013-2014-2015-2016-2017
Von Wafer,-0.8062791642556401,-0.16661510206001,-0.63966406219563,2007-2008-2009-2010-2011-2012-2013-2014-2015-2016-2017
Luke Ridnour,-0.75952582970295,-0.11882681484247999,-0.6406990148604699,2007-2008-2009-2010-2011-2012-2013-2014-2015-2016-2017
Noah Vonleh,-0.0445978740086,0.59760650447998,-0.64220437848858,2007-2008-2009-2010-2011-2012-2013-2014-2015-2016-2017
Glen Davis,-0.03219600594394,0.61272438217341,-0.64492038811735,2007-2008-2009-2010-2011-2012-2013-2014-2015-2016-2017
Terrence Williams,-0.67992420183252,-0.03267847716464,-0.6472457246678801,2007-2008-2009-2010-2011-2012-2013-2014-2015-2016-2017
Robert Covington,-0.44586499793440004,0.20394490813613,-0.64980990607053,2007-2008-2009-2010-2011-2012-2013-2014-2015-2016-2017
Joey Dorsey,-0.56437835805896,0.08708087362422,-0.65145923168318,2007-2008-2009-2010-2011-2012-2013-2014-2015-2016-2017
Markel Brown,-0.39712688843744004,0.2546394496923,-0.6517663381297399,2007-2008-2009-2010-2011-2012-2013-2014-2015-2016-2017
Diante Garrett,-0.10677987417337001,0.55024840370629,-0.65702827787966,2007-2008-2009-2010-2011-2012-2013-2014-2015-2016-2017
Joe Harris,-0.49564669774598,0.16361674475499,-0.65926344250097,2007-2008-2009-2010-2011-2012-2013-2014-2015-2016-2017
Ian Clark,-1.03905035878297,-0.36701309494628,-0.67203726383669,2007-2008-2009-2010-2011-2012-2013-2014-2015-2016-2017
Nick Johnson,-0.78101976403079,-0.10522277469674,-0.67579698933405,2007-2008-2009-2010-2011-2012-2013-2014-2015-2016-2017
Jason Smith,-0.02377495191282,0.656023571194,-0.6797985231068201,2007-2008-2009-2010-2011-2012-2013-2014-2015-2016-2017
Justin Reed,0.03420697839045,0.72166982616973,-0.68746284777928,2007-2008-2009-2010-2011-2012-2013-2014-2015-2016-2017
Rashad McCants,-0.32863348867811,0.36445065656271,-0.69308414524082,2007-2008-2009-2010-2011-2012-2013-2014-2015-2016-2017
Vander Blue,-0.13233346723805,0.5669316597383,-0.69926512697635,2007-2008-2009-2010-2011-2012-2013-2014-2015-2016-2017
Jabari Brown,-0.13233346723805,0.5669316597383,-0.69926512697635,2007-2008-2009-2010-2011-2012-2013-2014-2015-2016-2017
Mike Muscala,-0.8410496234334499,-0.13972244619565,-0.7013271772378,2007-2008-2009-2010-2011-2012-2013-2014-2015-2016-2017
Anthony Parker,0.59589976069078,1.29796649918495,-0.70206673849417,2007-2008-2009-2010-2011-2012-2013-2014-2015-2016-2017
Gordon Hayward,-0.5003616764751301,0.20953469046761003,-0.70989636694274,2007-2008-2009-2010-2011-2012-2013-2014-2015-2016-2017
Bonzi Wells,-0.43515204525618,0.27900123370888,-0.71415327896506,2007-2008-2009-2010-2011-2012-2013-2014-2015-2016-2017
Austin Croshere,-0.01050623901465,0.70805972237047,-0.71856596138512,2007-2008-2009-2010-2011-2012-2013-2014-2015-2016-2017
Craig Smith,-0.06016346144189,0.69030586875217,-0.75046933019406,2007-2008-2009-2010-2011-2012-2013-2014-2015-2016-2017
Marquis Teague,-0.39825129294128997,0.3564033093754,-0.75465460231669,2007-2008-2009-2010-2011-2012-2013-2014-2015-2016-2017
D.J. Kennedy,-0.53331673956436,0.22612775337771002,-0.7594444929420701,2007-2008-2009-2010-2011-2012-2013-2014-2015-2016-2017
Eric Snow,-1.5515482252815098,-0.79092611705348,-0.7606221082280299,2007-2008-2009-2010-2011-2012-2013-2014-2015-2016-2017
Arinze Onuaku,0.04865240704508,0.8162375728304601,-0.76758516578538,2007-2008-2009-2010-2011-2012-2013-2014-2015-2016-2017
Eddie Jones,-0.24381221431478,0.52732890849062,-0.7711411228053999,2007-2008-2009-2010-2011-2012-2013-2014-2015-2016-2017
Brevin Knight,-0.3235254841177,0.44922092377698,-0.7727464078946801,2007-2008-2009-2010-2011-2012-2013-2014-2015-2016-2017
Mouhamed Sene,-0.41731469916586994,0.35673213228358,-0.77404683144945,2007-2008-2009-2010-2011-2012-2013-2014-2015-2016-2017
Keyon Dooling,-1.04506239037529,-0.25794870014651,-0.7871136902287801,2007-2008-2009-2010-2011-2012-2013-2014-2015-2016-2017
Eric Maynor,-0.44734953490843,0.34734977627303,-0.7946993111814599,2007-2008-2009-2010-2011-2012-2013-2014-2015-2016-2017
Cameron Payne,-0.83840398215194,-0.042535062513770004,-0.7958689196381701,2007-2008-2009-2010-2011-2012-2013-2014-2015-2016-2017
Chris Webber,0.12539685430913,0.9214628435367,-0.79606598922757,2007-2008-2009-2010-2011-2012-2013-2014-2015-2016-2017
Michael Redd,-0.47567374249007,0.32478001032211,-0.80045375281218,2007-2008-2009-2010-2011-2012-2013-2014-2015-2016-2017
Clint Capela,-0.7277449301724901,0.0746349292023,-0.8023798593747901,2007-2008-2009-2010-2011-2012-2013-2014-2015-2016-2017
Jon Leuer,-0.8859376764099,-0.07373508826536,-0.8122025881445399,2007-2008-2009-2010-2011-2012-2013-2014-2015-2016-2017
Al Jefferson,-0.18285177101644998,0.63375029757491,-0.81660206859136,2007-2008-2009-2010-2011-2012-2013-2014-2015-2016-2017
Nolan Smith,0.14945397191499,0.96657098927503,-0.8171170173600399,2007-2008-2009-2010-2011-2012-2013-2014-2015-2016-2017
Jason Kapono,-0.23499776453481,0.58527949570716,-0.82027726024197,2007-2008-2009-2010-2011-2012-2013-2014-2015-2016-2017
Andrew Wiggins,-0.005771200170444709,0.8154736220946901,-0.8212448222651347,2007-2008-2009-2010-2011-2012-2013-2014-2015-2016-2017
Rudy Gobert,-0.95684348386164,-0.13283407735865002,-0.8240094065029899,2007-2008-2009-2010-2011-2012-2013-2014-2015-2016-2017
James Michael McAdoo,-0.62702292710318,0.20276294753718999,-0.8297858746403699,2007-2008-2009-2010-2011-2012-2013-2014-2015-2016-2017
Andre Miller,-0.03570632271028,0.79781871854282,-0.8335250412531,2007-2008-2009-2010-2011-2012-2013-2014-2015-2016-2017
Al Thornton,-0.40860713652137,0.42862084342470996,-0.83722797994608,2007-2008-2009-2010-2011-2012-2013-2014-2015-2016-2017
Royal Ivey,-0.5018728097207701,0.33646732032963,-0.8383401300504001,2007-2008-2009-2010-2011-2012-2013-2014-2015-2016-2017
Kevin Seraphin,-0.95584614725048,-0.11421230767039,-0.84163383958009,2007-2008-2009-2010-2011-2012-2013-2014-2015-2016-2017
Miles Plumlee,-0.44521774904408995,0.39824611599605003,-0.84346386504014,2007-2008-2009-2010-2011-2012-2013-2014-2015-2016-2017
Smush Parker,-0.63933366637304,0.21155811115834,-0.85089177753138,2007-2008-2009-2010-2011-2012-2013-2014-2015-2016-2017
Maurice Ager,-0.65862953221871,0.20215225286496002,-0.86078178508367,2007-2008-2009-2010-2011-2012-2013-2014-2015-2016-2017
Garrett Temple,-0.46542323929992,0.39908616348455,-0.8645094027844701,2007-2008-2009-2010-2011-2012-2013-2014-2015-2016-2017
James Posey,-0.35475828443363,0.5105463513171,-0.8653046357507299,2007-2008-2009-2010-2011-2012-2013-2014-2015-2016-2017
Yao Ming,-0.45612769566562,0.40926983078338,-0.865397526449,2007-2008-2009-2010-2011-2012-2013-2014-2015-2016-2017
Jamaal Magloire,0.32146238761802,1.18818792518635,-0.86672553756833,2007-2008-2009-2010-2011-2012-2013-2014-2015-2016-2017
Gary Payton,-0.70380328082736,0.16491269556382,-0.86871597639118,2007-2008-2009-2010-2011-2012-2013-2014-2015-2016-2017
John Henson,-0.8472837635736599,0.02884062022591,-0.8761243837995699,2007-2008-2009-2010-2011-2012-2013-2014-2015-2016-2017
Stephon Marbury,-0.82115459911723,0.05945377333908,-0.88060837245631,2007-2008-2009-2010-2011-2012-2013-2014-2015-2016-2017
Thaddeus Young,-0.30521387380202,0.57650510057301,-0.88171897437503,2007-2008-2009-2010-2011-2012-2013-2014-2015-2016-2017
Ricky Davis,0.03088386680897,0.91427093745589,-0.88338707064692,2007-2008-2009-2010-2011-2012-2013-2014-2015-2016-2017
Mirza Teletovic,0.10434725307326,0.98969046575678,-0.88534321268352,2007-2008-2009-2010-2011-2012-2013-2014-2015-2016-2017
Dominic McGuire,-0.55658626287769,0.33007685146303,-0.8866631143407199,2007-2008-2009-2010-2011-2012-2013-2014-2015-2016-2017
Mike Taylor,-0.63574496033273,0.25277937491765,-0.88852433525038,2007-2008-2009-2010-2011-2012-2013-2014-2015-2016-2017
Jarvis Hayes,-0.5879578942225799,0.30306259328204,-0.89102048750462,2007-2008-2009-2010-2011-2012-2013-2014-2015-2016-2017
Troy Murphy,0.19628578562089,1.0922564914816701,-0.89597070586078,2007-2008-2009-2010-2011-2012-2013-2014-2015-2016-2017
Craig Brackins,-0.46305313952896,0.44763819184937004,-0.9106913313783299,2007-2008-2009-2010-2011-2012-2013-2014-2015-2016-2017
Xavier Munford,-0.76838370129491,0.15458229199617,-0.92296599329108,2007-2008-2009-2010-2011-2012-2013-2014-2015-2016-2017
Darryl Watkins,-0.43763348146457,0.48682139390209,-0.9244548753666599,2007-2008-2009-2010-2011-2012-2013-2014-2015-2016-2017
Antoine Wright,-1.1614171138195,-0.23341668398037999,-0.92800042983912,2007-2008-2009-2010-2011-2012-2013-2014-2015-2016-2017
Chase Budinger,-0.75170393943894,0.17662894972878,-0.9283328891677199,2007-2008-2009-2010-2011-2012-2013-2014-2015-2016-2017
DeAndre Jordan,-0.10347990993993,0.8260788888774601,-0.9295587988173901,2007-2008-2009-2010-2011-2012-2013-2014-2015-2016-2017
Jerry Stackhouse,-0.8009246889456401,0.1290430795448,-0.9299677684904399,2007-2008-2009-2010-2011-2012-2013-2014-2015-2016-2017
Marcus Smart,-0.08883044485880999,0.8412082295982601,-0.9300386744570701,2007-2008-2009-2010-2011-2012-2013-2014-2015-2016-2017
Samardo Samuels,-0.57485014204657,0.355713166792,-0.9305633088385701,2007-2008-2009-2010-2011-2012-2013-2014-2015-2016-2017
Sarunas Jasikevicius,-0.5672832931823399,0.36749776645098,-0.9347810596333199,2007-2008-2009-2010-2011-2012-2013-2014-2015-2016-2017
Kirk Snyder,-0.35730287080173,0.58367478472996,-0.94097765553169,2007-2008-2009-2010-2011-2012-2013-2014-2015-2016-2017
Tim Hardaway Jr.,-0.91347718649699,0.03133385293648,-0.9448110394334699,2007-2008-2009-2010-2011-2012-2013-2014-2015-2016-2017
Malik Allen,-0.77112004107381,0.18222602420097,-0.95334606527478,2007-2008-2009-2010-2011-2012-2013-2014-2015-2016-2017
Johnny O'Bryant III,-0.38822509814796,0.5653561289475,-0.95358122709546,2007-2008-2009-2010-2011-2012-2013-2014-2015-2016-2017
Matt Bonner,-0.20291510074182,0.7512710163783,-0.9541861171201199,2007-2008-2009-2010-2011-2012-2013-2014-2015-2016-2017
Quentin Richardson,-1.37971651982673,-0.4218212034634,-0.9578953163633299,2007-2008-2009-2010-2011-2012-2013-2014-2015-2016-2017
Will Bynum,0.36823507897491,1.3276501753582102,-0.9594150963833,2007-2008-2009-2010-2011-2012-2013-2014-2015-2016-2017
Anthony Morrow,-0.28673972591469,0.67662616545681,-0.9633658913715,2007-2008-2009-2010-2011-2012-2013-2014-2015-2016-2017
Dwayne Jones,-0.70357685152755,0.26735047984413,-0.97092733137168,2007-2008-2009-2010-2011-2012-2013-2014-2015-2016-2017
Victor Oladipo,-0.22065995810800001,0.75564357519322,-0.9763035333012201,2007-2008-2009-2010-2011-2012-2013-2014-2015-2016-2017
Donatas Motiejunas,-1.0841833399573,-0.10781245548422999,-0.97637088447307,2007-2008-2009-2010-2011-2012-2013-2014-2015-2016-2017
Cory Joseph,-1.84777110648724,-0.85719439905842,-0.99057670742882,2007-2008-2009-2010-2011-2012-2013-2014-2015-2016-2017
Gerald Henderson,-0.46546786986397,0.53867756998379,-1.00414543984776,2007-2008-2009-2010-2011-2012-2013-2014-2015-2016-2017
Mike Wilks,-0.26403858765266,0.74412709285792,-1.0081656805105799,2007-2008-2009-2010-2011-2012-2013-2014-2015-2016-2017
Isaiah Canaan,-0.4505641594058,0.57087615281661,-1.0214403122224098,2007-2008-2009-2010-2011-2012-2013-2014-2015-2016-2017
Trevor Booker,-0.026947958035940002,0.99642517029948,-1.0233731283354202,2007-2008-2009-2010-2011-2012-2013-2014-2015-2016-2017
Matt Carroll,-0.9109825087902901,0.11279782259252999,-1.02378033138282,2007-2008-2009-2010-2011-2012-2013-2014-2015-2016-2017
Hakim Warrick,-0.27964395904246,0.7543263909637,-1.03397035000616,2007-2008-2009-2010-2011-2012-2013-2014-2015-2016-2017
Darius Morris,-0.9438352564139101,0.09968130479382001,-1.04351656120773,2007-2008-2009-2010-2011-2012-2013-2014-2015-2016-2017
Perry Jones III,-0.55346778867001,0.49160640024219,-1.0450741889122,2007-2008-2009-2010-2011-2012-2013-2014-2015-2016-2017
Brandon Bass,-1.31622071176527,-0.26378311015911,-1.05243760160616,2007-2008-2009-2010-2011-2012-2013-2014-2015-2016-2017
Melvin Ely,-0.8225641104790101,0.23229068064267003,-1.0548547911216801,2007-2008-2009-2010-2011-2012-2013-2014-2015-2016-2017
Nicolas Batum,0.25954445974045004,1.3152652861779,-1.05572082643745,2007-2008-2009-2010-2011-2012-2013-2014-2015-2016-2017
Alex Abrines,-0.08653557767199001,0.97420452234764,-1.06074010001963,2007-2008-2009-2010-2011-2012-2013-2014-2015-2016-2017
Chris Douglas-Roberts,-0.82484187725311,0.23593162999151,-1.06077350724462,2007-2008-2009-2010-2011-2012-2013-2014-2015-2016-2017
Doron Lamb,-0.5489178187506,0.5282080712384699,-1.0771258899890699,2007-2008-2009-2010-2011-2012-2013-2014-2015-2016-2017
Dewayne Dedmon,-0.30640168133793,0.77559995047242,-1.08200163181035,2007-2008-2009-2010-2011-2012-2013-2014-2015-2016-2017
Mickael Gelabale,-0.29126453027302,0.79079187205871,-1.08205640233173,2007-2008-2009-2010-2011-2012-2013-2014-2015-2016-2017
Mickell Gladness,-0.78522086954657,0.2991853475892,-1.08440621713577,2007-2008-2009-2010-2011-2012-2013-2014-2015-2016-2017
Devin Brown,-0.4795111080817,0.60593788792526,-1.08544899600696,2007-2008-2009-2010-2011-2012-2013-2014-2015-2016-2017
MarShon Brooks,-0.16555796622835,0.92084852987046,-1.08640649609881,2007-2008-2009-2010-2011-2012-2013-2014-2015-2016-2017
Beno Udrih,-0.72157901215107,0.38012099261255,-1.1017000047636198,2007-2008-2009-2010-2011-2012-2013-2014-2015-2016-2017
Quincy Douby,-0.25686330049543,0.8517915352564199,-1.10865483575185,2007-2008-2009-2010-2011-2012-2013-2014-2015-2016-2017
Hasheem Thabeet,-0.78122910082105,0.33128296363752,-1.11251206445857,2007-2008-2009-2010-2011-2012-2013-2014-2015-2016-2017
James White,-0.17851045332048,0.9344855738336899,-1.11299602715417,2007-2008-2009-2010-2011-2012-2013-2014-2015-2016-2017
Cory Higgins,-1.13512615622909,-0.021246745040029998,-1.11387941118906,2007-2008-2009-2010-2011-2012-2013-2014-2015-2016-2017
DeAndre Liggins,-1.1779846593036,-0.062225062619880006,-1.11575959668372,2007-2008-2009-2010-2011-2012-2013-2014-2015-2016-2017
Greg Stiemsma,-0.72409845829084,0.40272696360278,-1.12682542189362,2007-2008-2009-2010-2011-2012-2013-2014-2015-2016-2017
Roger Mason Jr.,0.69856827323157,1.82858109364405,-1.13001282041248,2007-2008-2009-2010-2011-2012-2013-2014-2015-2016-2017
Mario West,-0.43383160339632004,0.71414761721397,-1.1479792206102901,2007-2008-2009-2010-2011-2012-2013-2014-2015-2016-2017
Peja Stojakovic,0.13060940620176,1.28418464778731,-1.1535752415855498,2007-2008-2009-2010-2011-2012-2013-2014-2015-2016-2017
Ed Davis,-0.29084409861529004,0.86776365682361,-1.1586077554389,2007-2008-2009-2010-2011-2012-2013-2014-2015-2016-2017
Norris Cole,-1.17187972361101,-0.01105305921661,-1.1608266643943999,2007-2008-2009-2010-2011-2012-2013-2014-2015-2016-2017
Wesley Matthews,0.85156611336406,2.02297166959569,-1.1714055562316301,2007-2008-2009-2010-2011-2012-2013-2014-2015-2016-2017
Francisco Elson,-0.8760426874721999,0.30045008977301,-1.17649277724521,2007-2008-2009-2010-2011-2012-2013-2014-2015-2016-2017
Jeremy Tyler,-0.4094824609893,0.7771407114236301,-1.18662317241293,2007-2008-2009-2010-2011-2012-2013-2014-2015-2016-2017
Mike Scott,-0.24881779101446003,0.93999757832092,-1.18881536933538,2007-2008-2009-2010-2011-2012-2013-2014-2015-2016-2017
Tyrus Thomas,-0.5039860948029601,0.6917152176856101,-1.1957013124885703,2007-2008-2009-2010-2011-2012-2013-2014-2015-2016-2017
Dorell Wright,-0.5227211800832899,0.68683950433996,-1.20956068442325,2007-2008-2009-2010-2011-2012-2013-2014-2015-2016-2017
Alonzo Gee,-1.20782744401283,0.003089817250371831,-1.2109172612632018,2007-2008-2009-2010-2011-2012-2013-2014-2015-2016-2017
Hedo Turkoglu,-0.3648636216479,0.8465734814547101,-1.21143710310261,2007-2008-2009-2010-2011-2012-2013-2014-2015-2016-2017
Raef LaFrentz,-0.39431040956488994,0.8198149158130099,-1.2141253253778999,2007-2008-2009-2010-2011-2012-2013-2014-2015-2016-2017
James Ennis III,-0.01976290323343,1.19978023015447,-1.2195431333879,2007-2008-2009-2010-2011-2012-2013-2014-2015-2016-2017
Greg Smith,-1.0559461916072699,0.17258973550503,-1.2285359271123,2007-2008-2009-2010-2011-2012-2013-2014-2015-2016-2017
Daniel Orton,-1.04389488567603,0.18555473160905,-1.22944961728508,2007-2008-2009-2010-2011-2012-2013-2014-2015-2016-2017
Chandler Parsons,-0.66514979568489,0.5697061895596,-1.23485598524449,2007-2008-2009-2010-2011-2012-2013-2014-2015-2016-2017
Reggie Bullock Jr.,-0.46519150746051,0.77768467919028,-1.24287618665079,2007-2008-2009-2010-2011-2012-2013-2014-2015-2016-2017
Randy Foye,-0.6213111744815301,0.6520576670402101,-1.2733688415217401,2007-2008-2009-2010-2011-2012-2013-2014-2015-2016-2017
Andrew Harrison,0.16910905368538,1.45529726873439,-1.28618821504901,2007-2008-2009-2010-2011-2012-2013-2014-2015-2016-2017
Monta Ellis,0.1494438210603,1.43587831121637,-1.28643449015607,2007-2008-2009-2010-2011-2012-2013-2014-2015-2016-2017
Jeremy Lamb,-0.71028480525944,0.58024258838875,-1.29052739364819,2007-2008-2009-2010-2011-2012-2013-2014-2015-2016-2017
Kurt Thomas,-0.82189862028602,0.47796482123393996,-1.29986344151996,2007-2008-2009-2010-2011-2012-2013-2014-2015-2016-2017
Steve Novak,-0.7120256320520599,0.6071239311584,-1.31914956321046,2007-2008-2009-2010-2011-2012-2013-2014-2015-2016-2017
Jeremy Lin,-1.10214967036806,0.22354433853352998,-1.32569400890159,2007-2008-2009-2010-2011-2012-2013-2014-2015-2016-2017
Jason Hart,-0.96526800353604,0.36753653677734,-1.3328045403133801,2007-2008-2009-2010-2011-2012-2013-2014-2015-2016-2017
James Johnson,-1.5794585488472401,-0.24629283787255,-1.3331657109746902,2007-2008-2009-2010-2011-2012-2013-2014-2015-2016-2017
Chris Wilcox,-0.47921231228111005,0.85559003111077,-1.33480234339188,2007-2008-2009-2010-2011-2012-2013-2014-2015-2016-2017
Antawn Jamison,0.33561715295749,1.6723997388243799,-1.33678258586689,2007-2008-2009-2010-2011-2012-2013-2014-2015-2016-2017
Maurice Harkless,-0.48226433107018996,0.86753488120069,-1.34979921227088,2007-2008-2009-2010-2011-2012-2013-2014-2015-2016-2017
Gerald Green,-1.39731250793654,-0.04000499835907,-1.35730750957747,2007-2008-2009-2010-2011-2012-2013-2014-2015-2016-2017
Cuttino Mobley,-0.502748690453,0.86732743089549,-1.3700761213484898,2007-2008-2009-2010-2011-2012-2013-2014-2015-2016-2017
Kent Bazemore,-0.86386003061968,0.52081916801229,-1.38467919863197,2007-2008-2009-2010-2011-2012-2013-2014-2015-2016-2017
Kemba Walker,-0.7509782336464,0.6437680703593099,-1.39474630400571,2007-2008-2009-2010-2011-2012-2013-2014-2015-2016-2017
Luc Mbah a Moute,-1.12046374150193,0.28305842827009997,-1.4035221697720301,2007-2008-2009-2010-2011-2012-2013-2014-2015-2016-2017
Kris Humphries,-0.35852582842583997,1.05863263242555,-1.41715846085139,2007-2008-2009-2010-2011-2012-2013-2014-2015-2016-2017
Nenad Krstic,-1.48091111185826,-0.04834835269963,-1.4325627591586299,2007-2008-2009-2010-2011-2012-2013-2014-2015-2016-2017
Steve Blake,-0.71970035784915,0.72068872516244,-1.44038908301159,2007-2008-2009-2010-2011-2012-2013-2014-2015-2016-2017
Terrel Harris,-1.09253044775307,0.34939473294391,-1.44192518069698,2007-2008-2009-2010-2011-2012-2013-2014-2015-2016-2017
Rodney Hood,-0.10657326522888,1.33900169734652,-1.4455749625754002,2007-2008-2009-2010-2011-2012-2013-2014-2015-2016-2017
Maurice Evans,-1.09705913288086,0.35731191367389004,-1.4543710465547501,2007-2008-2009-2010-2011-2012-2013-2014-2015-2016-2017
Fred Jones,-0.5434673919459,0.9121550275781299,-1.45562241952403,2007-2008-2009-2010-2011-2012-2013-2014-2015-2016-2017
Adonal Foyle,-0.29360413466713997,1.17450287972427,-1.4681070143914101,2007-2008-2009-2010-2011-2012-2013-2014-2015-2016-2017
Rasual Butler,-0.06913707884873001,1.4026698443947498,-1.4718069232434798,2007-2008-2009-2010-2011-2012-2013-2014-2015-2016-2017
Al Horford,-1.16801836769949,0.30739952979062,-1.47541789749011,2007-2008-2009-2010-2011-2012-2013-2014-2015-2016-2017
Leon Powe,-0.14363693770275998,1.33798002356311,-1.48161696126587,2007-2008-2009-2010-2011-2012-2013-2014-2015-2016-2017
Sam Young,-1.50001110619022,-0.009824401775300496,-1.4901867044149195,2007-2008-2009-2010-2011-2012-2013-2014-2015-2016-2017
Mike Bibby,0.37405200426005003,1.8743407651497699,-1.50028876088972,2007-2008-2009-2010-2011-2012-2013-2014-2015-2016-2017
Michael Carter-Williams,-1.37512197171186,0.12922752526028,-1.50434949697214,2007-2008-2009-2010-2011-2012-2013-2014-2015-2016-2017
James Jones,-0.08981503611912,1.42614729598418,-1.5159623321033,2007-2008-2009-2010-2011-2012-2013-2014-2015-2016-2017
Delonte West,-1.22864020309257,0.3023184797629,-1.53095868285547,2007-2008-2009-2010-2011-2012-2013-2014-2015-2016-2017
Lou Amundson,-1.3376502776881,0.20075567796187,-1.53840595564997,2007-2008-2009-2010-2011-2012-2013-2014-2015-2016-2017
Chris Kaman,-1.46607839325564,0.08231040045084,-1.54838879370648,2007-2008-2009-2010-2011-2012-2013-2014-2015-2016-2017
Austin Daye,-0.54393161944473,1.01261367336054,-1.5565452928052699,2007-2008-2009-2010-2011-2012-2013-2014-2015-2016-2017
Bojan Bogdanovic,-0.77243618177875,0.7906467764278601,-1.5630829582066101,2007-2008-2009-2010-2011-2012-2013-2014-2015-2016-2017
Tyler Hansbrough,-1.21278919481481,0.36650060444973,-1.57928979926454,2007-2008-2009-2010-2011-2012-2013-2014-2015-2016-2017
Jordan Farmar,-1.65966560846455,-0.04521861182092,-1.6144469966436301,2007-2008-2009-2010-2011-2012-2013-2014-2015-2016-2017
Solomon Jones,-0.88892370366459,0.73901163634363,-1.62793534000822,2007-2008-2009-2010-2011-2012-2013-2014-2015-2016-2017
Austin Rivers,-0.65906028966897,0.9759075288070099,-1.6349678184759802,2007-2008-2009-2010-2011-2012-2013-2014-2015-2016-2017
Darrell Arthur,-0.71163260140736,0.94233535527922,-1.65396795668658,2007-2008-2009-2010-2011-2012-2013-2014-2015-2016-2017
Juan Dixon,-0.78455201658138,0.88891342504809,-1.67346544162947,2007-2008-2009-2010-2011-2012-2013-2014-2015-2016-2017
JJ Hickson,-0.7968488535324101,0.87718401053549,-1.6740328640679,2007-2008-2009-2010-2011-2012-2013-2014-2015-2016-2017
Amir Johnson,-1.21064711337296,0.48261818895460995,-1.6932653023275699,2007-2008-2009-2010-2011-2012-2013-2014-2015-2016-2017
Jorge Gutierrez,-0.69056290829834,1.02467604930907,-1.7152389576074103,2007-2008-2009-2010-2011-2012-2013-2014-2015-2016-2017
Justise Winslow,-1.12184494781981,0.6117853100334499,-1.7336302578532599,2007-2008-2009-2010-2011-2012-2013-2014-2015-2016-2017
DJ White,-1.45401263140786,0.3318610630568,-1.78587369446466,2007-2008-2009-2010-2011-2012-2013-2014-2015-2016-2017
Andrew Goudelock,-0.9696466860952,0.8298924882180999,-1.7995391743133,2007-2008-2009-2010-2011-2012-2013-2014-2015-2016-2017
Nikola Vucevic,-0.60872597579459,1.19409020338619,-1.80281617918078,2007-2008-2009-2010-2011-2012-2013-2014-2015-2016-2017
Willie Green,-0.68374856531847,1.15842342468206,-1.84217199000053,2007-2008-2009-2010-2011-2012-2013-2014-2015-2016-2017
Aaron Brooks,-1.12039132619904,0.72383397126114,-1.84422529746018,2007-2008-2009-2010-2011-2012-2013-2014-2015-2016-2017
Erick Dampier,-1.3292280425668,0.54466069840968,-1.8738887409764802,2007-2008-2009-2010-2011-2012-2013-2014-2015-2016-2017
Toney Douglas,-0.62734618029607,1.2891103720261,-1.91645655232217,2007-2008-2009-2010-2011-2012-2013-2014-2015-2016-2017
Trenton Hassell,-0.9140691307566,1.01042639338142,-1.9244955241380202,2007-2008-2009-2010-2011-2012-2013-2014-2015-2016-2017
Hilton Armstrong,-0.91011692608098,1.01652424300209,-1.9266411690830703,2007-2008-2009-2010-2011-2012-2013-2014-2015-2016-2017
Luis Scola,-1.88624646225029,0.0817949820932,-1.96804144434349,2007-2008-2009-2010-2011-2012-2013-2014-2015-2016-2017
Carlos Delfino,-0.65782966091035,1.35347929622683,-2.0113089571371803,2007-2008-2009-2010-2011-2012-2013-2014-2015-2016-2017
Johan Petro,-0.7955008197365301,1.2328063905017899,-2.02830721023832,2007-2008-2009-2010-2011-2012-2013-2014-2015-2016-2017
Ian Mahinmi,-2.34255545088146,-0.30615876637072,-2.03639668451074,2007-2008-2009-2010-2011-2012-2013-2014-2015-2016-2017
Darren Collison,-0.9887839886188301,1.0553951169903901,-2.0441791056092202,2007-2008-2009-2010-2011-2012-2013-2014-2015-2016-2017
Charlie Villanueva,-0.29923925951186003,1.7504843993683998,-2.04972365888026,2007-2008-2009-2010-2011-2012-2013-2014-2015-2016-2017
Evan Turner,-2.76989568338827,-0.69929347389042,-2.07060220949785,2007-2008-2009-2010-2011-2012-2013-2014-2015-2016-2017
Raymond Felton,-2.07696447095332,0.01243203600539,-2.08939650695871,2007-2008-2009-2010-2011-2012-2013-2014-2015-2016-2017
Andrea Bargnani,-0.6212064777231501,1.47139368807499,-2.09260016579814,2007-2008-2009-2010-2011-2012-2013-2014-2015-2016-2017
Ronny Turiaf,-1.70208025911412,0.39646834190850005,-2.0985486010226198,2007-2008-2009-2010-2011-2012-2013-2014-2015-2016-2017
Jeff Green,-2.2824199599705,-0.17059089558386,-2.11182906438664,2007-2008-2009-2010-2011-2012-2013-2014-2015-2016-2017
CJ Miles,0.07488888677238,2.19373327432521,-2.11884438755283,2007-2008-2009-2010-2011-2012-2013-2014-2015-2016-2017
Wally Szczerbiak,-1.46509603591043,0.6587242607275899,-2.1238202966380197,2007-2008-2009-2010-2011-2012-2013-2014-2015-2016-2017
Marcus Thornton,-0.16760862597168,1.96801727244264,-2.13562589841432,2007-2008-2009-2010-2011-2012-2013-2014-2015-2016-2017
Andrew Bynum,-1.55617787823576,0.5986700307962,-2.15484790903196,2007-2008-2009-2010-2011-2012-2013-2014-2015-2016-2017
Michael Beasley,-1.3711520409168299,0.78701566140132,-2.15816770231815,2007-2008-2009-2010-2011-2012-2013-2014-2015-2016-2017
Samuel Dalembert,-0.62614510466007,1.54900869174814,-2.17515379640821,2007-2008-2009-2010-2011-2012-2013-2014-2015-2016-2017
C.J. Watson,-1.40275848748245,0.77632588217501,-2.17908436965746,2007-2008-2009-2010-2011-2012-2013-2014-2015-2016-2017
Sasha Pavlovic,-2.64751299216259,-0.36532483442143,-2.28218815774116,2007-2008-2009-2010-2011-2012-2013-2014-2015-2016-2017
Jamario Moon,-1.93284843186589,0.35237583014127,-2.28522426200716,2007-2008-2009-2010-2011-2012-2013-2014-2015-2016-2017
Terrence Ross,-1.59980221049233,0.72492641275483,-2.32472862324716,2007-2008-2009-2010-2011-2012-2013-2014-2015-2016-2017
Josh Powell,-1.6879732812757902,0.64768131750772,-2.3356545987835102,2007-2008-2009-2010-2011-2012-2013-2014-2015-2016-2017
Marreese Speights,-2.2624560744527797,0.09267688077854,-2.3551329552313196,2007-2008-2009-2010-2011-2012-2013-2014-2015-2016-2017
Martell Webster,-0.78757241337396,1.60309057427191,-2.39066298764587,2007-2008-2009-2010-2011-2012-2013-2014-2015-2016-2017
Jerami Grant,-0.76245152095804,1.67279982644763,-2.43525134740567,2007-2008-2009-2010-2011-2012-2013-2014-2015-2016-2017
Zydrunas Ilgauskas,-0.8298356785172699,1.64799237541723,-2.4778280539345,2007-2008-2009-2010-2011-2012-2013-2014-2015-2016-2017
Thabo Sefolosha,-3.2510055775909796,-0.68926470232008,-2.5617408752708997,2007-2008-2009-2010-2011-2012-2013-2014-2015-2016-2017
Caron Butler,-1.6730639698894898,0.92749140581471,-2.6005553757042,2007-2008-2009-2010-2011-2012-2013-2014-2015-2016-2017
Robin Lopez,-0.65315056818896,1.9931628078086998,-2.64631337599766,2007-2008-2009-2010-2011-2012-2013-2014-2015-2016-2017
Kelly Oubre Jr.,-0.8055372261941701,1.9169161323828399,-2.72245335857701,2007-2008-2009-2010-2011-2012-2013-2014-2015-2016-2017
Byron Mullens,-1.78209650398174,0.9589904288005401,-2.74108693278228,2007-2008-2009-2010-2011-2012-2013-2014-2015-2016-2017
D.J. Augustin,-1.15429061921579,1.59115595798408,-2.74544657719987,2007-2008-2009-2010-2011-2012-2013-2014-2015-2016-2017
DeShawn Stevenson,-2.64622026162112,0.10170481203283001,-2.74792507365395,2007-2008-2009-2010-2011-2012-2013-2014-2015-2016-2017
Brandon Jennings,-0.58698027654906,2.21014600516627,-2.79712628171533,2007-2008-2009-2010-2011-2012-2013-2014-2015-2016-2017
John Salmons,-0.74612404899955,2.09496371556895,-2.8410877645685,2007-2008-2009-2010-2011-2012-2013-2014-2015-2016-2017
Earl Clark,-1.89294532729428,0.9519122676694299,-2.84485759496371,2007-2008-2009-2010-2011-2012-2013-2014-2015-2016-2017
Richard Jefferson,-1.71529081845116,1.16626136252074,-2.8815521809719,2007-2008-2009-2010-2011-2012-2013-2014-2015-2016-2017
Marvin Williams,-1.37691687609429,1.53430267574044,-2.9112195518347304,2007-2008-2009-2010-2011-2012-2013-2014-2015-2016-2017
Marco Belinelli,-1.47078871700841,1.53234410280938,-3.00313281981779,2007-2008-2009-2010-2011-2012-2013-2014-2015-2016-2017
Udonis Haslem,-2.34305925544505,0.75196788892724,-3.09502714437229,2007-2008-2009-2010-2011-2012-2013-2014-2015-2016-2017
Donald Sloan,-1.55085118024442,1.5669098559050298,-3.11776103614945,2007-2008-2009-2010-2011-2012-2013-2014-2015-2016-2017
