Name,Off,Def,Rapm
Nikola Jokic,8.04445336171348,-2.17860643222943,10.223059793942909
LeBron James,7.1618468242940505,-2.58219085933687,9.744037683630921
Joel Embiid,4.89777248820034,-4.65197280349505,9.54974529169539
Kevin Garnett,2.50465955462745,-6.995930098552559,9.50058965318001
Chris Paul,6.51057446348154,-2.4928332309720798,9.003407694453621
Draymond Green,2.835235175152,-5.47159196758494,8.30682714273694
Tim Duncan,2.77709802164465,-5.49054055993298,8.26763858157763
Stephen Curry,7.60211269563168,-0.48082551350249997,8.08293820913418
John Stockton,5.4462572419163,-2.3597481160775002,7.806005357993801
Paul George,4.22477758946808,-3.56875441914726,7.79353200861534
Manu Ginobili,4.81885427050063,-2.75488348701378,7.57373775751441
Jayson Tatum,5.53942051270331,-1.97134287385985,7.51076338656316
Shaquille O'Neal,4.95017916459966,-2.42970007146425,7.3798792360639105
Giannis Antetokounmpo,4.17989929867504,-3.12127266569751,7.301171964372549
Michael Jordan,5.90499388012784,-1.17070047141421,7.07569435154205
Dirk Nowitzki,5.31629217337015,-1.7315053165029899,7.0477974898731395
Kawhi Leonard,4.97702027735037,-1.96064442879933,6.9376647061497
Damian Lillard,7.72530238536194,0.82886884285709,6.89643354250485
Jrue Holiday,4.58261188689186,-2.1064564764532,6.6890683633450605
Franz Wagner,4.00715717538205,-2.66786252324655,6.675019698628599
Rasheed Wallace,2.34898939921331,-4.28441162411244,6.633401023325749
Kevin Durant,5.527036645008209,-1.0356093225953,6.56264596760351
Rudy Gobert,0.85382748534813,-5.47323080808162,6.327058293429751
Vlade Divac,1.6558883505501503,-4.61161303729248,6.26750138784263
Jeff Hornacek,5.18278591705607,-1.0844529836705301,6.2672389007266
David Robinson,1.2982953392830299,-4.96814882065366,6.2664441599366905
Paul Pierce,3.64795482902749,-2.5755611678921797,6.22351599691967
Steve Nash,6.5404492289815,0.39524130406579994,6.1452079249157
James Harden,7.16271733439326,1.06193913870942,6.100778195683841
Baron Davis,4.3644061360938995,-1.7339901051958901,6.09839624128979
Dikembe Mutombo,0.11703941716138,-5.913519926562031,6.03055934372341
Arvydas Sabonis,1.27027741840117,-4.73891174064455,6.00918915904572
Jimmy Butler,3.6034217189780495,-2.32711965536174,5.93054137433979
Alex Caruso,0.99914471127336,-4.801840131966769,5.80098484324013
Nene,0.83850298597293,-4.90369801761142,5.74220100358435
Detlef Schrempf,4.6103407965556205,-1.0316234428234599,5.641964239379081
Derrick White,3.6401773283285,-1.94312812934722,5.58330545767572
Mike Conley,5.14407030126432,-0.42883693341584994,5.57290723468017
Jason Kidd,3.3437253110953,-2.18472023699371,5.52844554808901
Kyle Lowry,3.6609995939725604,-1.82981048936454,5.4908100833371
Chet Holmgren,4.07757974160907,-1.33121814828769,5.40879788989676
Karl-Anthony Towns,6.402627879188779,1.0230042550053,5.37962362418348
Alonzo Mourning,0.9089293987288799,-4.46198508787126,5.37091448660014
Immanuel Quickley,2.04921183652247,-3.2485849773832802,5.29779681390575
Jose Alvarado,2.65124556678663,-2.62617495736992,5.27742052415655
Yao Ming,1.47202451338859,-3.8043378976554596,5.27636241104405
Clyde Drexler,4.0787615229750305,-1.12274905219109,5.20151057516612
George Hill,2.63097402767833,-2.54920947979162,5.18018350746995
Luol Deng,2.0470394797600497,-3.12452141618844,5.17156089594849
Herbert Jones,2.79527815695562,-2.35568486176152,5.150963018717141
Isaiah Hartenstein,4.0871501385081,-1.05923374760924,5.1463838861173405
Paul Millsap,2.72267502965428,-2.39764886413843,5.12032389379271
Otto Porter Jr.,3.6868451619317697,-1.40563512937888,5.0924802913106495
Jusuf Nurkic,1.7912485136301102,-3.2912206169378697,5.08246913056798
Bo Outlaw,0.0014914355410561837,-5.03725735099237,5.038748786533426
Ben Wallace,-0.52744428806041,-5.51346955814487,4.986025270084459
Vince Carter,3.20343410930449,-1.7799244580915499,4.98335856739604
Jalen Brunson,5.40852162856703,0.50491388557532,4.90360774299171
Lamar Odom,1.87538389706472,-3.01884742431725,4.8942313213819695
Ricky Rubio,1.8747620108296101,-2.9944275451069,4.869189555936511
Amir Johnson,1.34481775462164,-3.51572145788972,4.86053921251136
Jonathan Isaac,1.10074965595282,-3.7569980843438198,4.85774774029664
Fred VanVleet,2.94061096841251,-1.90932921420066,4.84994018261317
Josh Howard,3.4835605546309503,-1.34460948480449,4.828170039435441
Blake Griffin,3.2410348771150503,-1.56116477802933,4.80219965514438
Toni Kukoc,2.98969070270796,-1.79440166905082,4.78409237175878
Khris Middleton,4.1274425685018,-0.65423048152212,4.78167305002392
Shane Battier,1.78820232768757,-2.95513863418423,4.7433409618718
Chuck Hayes,0.53755969761378,-4.2051079930422395,4.7426676906560195
Aaron Gordon,3.72602139459342,-1.0028499066776801,4.7288713012711
Anthony Davis,2.61132425930454,-2.11060386831554,4.72192812762008
Robert Covington,1.35026430542521,-3.36670240275663,4.71696670818184
Rashard Lewis,4.0619691952183805,-0.63930396340763,4.701273158626011
Reggie Miller,4.1533391764393,-0.54313450168405,4.6964736781233505
Eddie Jones,1.8655815870635601,-2.8256655765485204,4.691247163612081
Steven Adams,3.43807268366855,-1.24400961996253,4.68208230363108
Andrei Kirilenko,2.70936070458989,-1.96267705655731,4.672037761147201
LaMarcus Aldridge,2.27442829987781,-2.37943740836,4.65386570823781
Kristaps Porzingis,3.23317350734694,-1.40390511252936,4.637078619876299
Desmond Bane,3.97897254571667,-0.62810298468473,4.6070755304014
Brandon Roy,4.99107978902754,0.38655102417908,4.60452876484846
Gheorghe Muresan,2.0438440477253,-2.5464822929132698,4.59032634063857
Pascal Siakam,4.187004810889601,-0.37811466570325,4.56511947659285
Andrew Bogut,-0.91933251518031,-5.4811366292139,4.56180411403359
Al Horford,2.4013943409626997,-2.14674453996487,4.54813888092757
Nikola Mirotic,2.96121574613541,-1.5735755033938599,4.53479124952927
Kenrich Williams,2.62220979932366,-1.89446106994755,4.516670869271209
Tony Allen,0.013628853937880001,-4.49780964860486,4.51143850254274
Luka Doncic,6.04830875099365,1.56544022896528,4.48286852202837
Kyrie Irving,5.4836014391261605,1.0207746021405,4.46282683698566
Metta World Peace,0.71660518232058,-3.7370479635330502,4.453653145853631
Andre Iguodala,0.97914013962614,-3.4668053033035195,4.445945442929659
Ja Morant,4.80915939876633,0.3722634334072,4.43689596535913
Ray Allen,5.4946738441482,1.14571122131173,4.34896262283647
Andre Roberson,0.23446211538753,-4.11331245696816,4.34777457235569
Jeff Foster,0.92513340974635,-3.4122101964490503,4.3373436061954
Mitch Richmond,2.99920318466422,-1.3320500686518,4.33125325331602
Patrick Beverley,2.49438167905639,-1.7865625204270499,4.28094419948344
Jarrett Allen,2.72119706924277,-1.50455872196615,4.22575579120892
Jared Sullinger,1.76713721313785,-2.44514978890119,4.212287002039041
Chris Bosh,2.42996906577344,-1.75494823755202,4.184917303325459
Kemba Walker,3.78695893485044,-0.3880295388224,4.17498847367284
Mike James,1.85097249954277,-2.29613524798035,4.14710774752312
Kevin Love,3.2319408052742298,-0.82318008144603,4.05512088672026
Eric Bledsoe,2.05221526159671,-1.9978477620543202,4.05006302365103
Terry Porter,2.24412220701689,-1.8002399433068899,4.04436215032378
Anderson Varejao,0.8752654134859501,-3.1618252677632497,4.0370906812492
Mikal Bridges,2.9495019071262,-1.08297934755923,4.03248125468543
Michael Kidd-Gilchrist,0.76464144607098,-3.2671628744571897,4.0318043205281695
Robert Horry,0.33023232215387,-3.6835092179114,4.01374154006527
Dwyane Wade,3.7747111143915304,-0.23733283606217,4.0120439504537
Jock Landale,2.60738698275608,-1.37930491103325,3.98669189378933
Donovan Mitchell,4.77619152286785,0.7984451415777,3.9777463812901503
Derek Fisher,1.78115296567988,-2.19544685376767,3.97659981944755
Sam Cassell,4.09475680256495,0.13246172072964,3.9622950818353098
Tracy McGrady,3.8800695520939197,-0.04931165583209,3.9293812079260095
Gilbert Arenas,4.29464057605789,0.36536402669366996,3.9292765493642197
Bam Adebayo,1.4170671333593199,-2.49750263559168,3.914569768951
Javonte Green,3.2008829471282896,-0.6714277377523,3.8723106848805893
Devin Booker,5.69435927108071,1.82426194863036,3.87009732245035
Brian Cardinal,1.90089709455052,-1.96675891464226,3.8676560091927796
Greg Minor,0.95134726320314,-2.91248239250228,3.8638296557054197
Jakob Poeltl,3.03585739672373,-0.82711462045745,3.86297201718118
Danny Green,1.8136236274147,-2.02622040052957,3.83984402794427
Dillon Brooks,2.43222238253002,-1.40282123358657,3.8350436161165904
Kobe Bryant,4.76438888392419,0.93290013429577,3.83148874962842
Sam Perkins,2.10778084362047,-1.7224676721602001,3.8302485157806703
Clint Capela,1.28872684493212,-2.5365465512667,3.82527339619882
Gerald Wallace,1.4508029890029501,-2.37214719624348,3.82295018524643
Domantas Sabonis,2.76315761875951,-1.02385894127099,3.7870165600304997
Marc Gasol,0.7560816554802601,-3.00245383394677,3.7585354894270298
Joe Dumars,4.5545129508466005,0.79599524222344,3.7585177086231605
DeMarre Carroll,1.7571533344075099,-1.95219183054228,3.7093451649497897
Shai Gilgeous-Alexander,4.40648412751504,0.70688600049518,3.6995981270198603
Jamal Murray,3.98328981990815,0.28648722432414003,3.6968025955840105
Tari Eason,1.74652715450236,-1.91634842755457,3.66287558205693
Chris Boucher,3.06723093503956,-0.55209306929265,3.61932400433221
Peja Stojakovic,4.01035132607639,0.39641736837554997,3.61393395770084
Jared Dudley,1.11646990348614,-2.4590169712030803,3.5754868746892203
Myles Turner,1.08926842486757,-2.48302299688192,3.57229142174949
Cody Zeller,1.39469060281456,-2.16252822567279,3.5572188284873496
Ron Harper,1.02601660465647,-2.52744324354975,3.5534598482062196
Victor Wembanyama,0.6295220696625801,-2.91618109921004,3.54570316887262
Hedo Turkoglu,2.3965077777563697,-1.14365072959654,3.54015850735291
Mitchell Robinson,2.72977641768826,-0.80923255058235,3.53900896827061
Andre Miller,3.53021482749887,-0.008323037869142125,3.5385378653680117
Thaddeus Young,1.93741934784727,-1.60035738646132,3.53777673430859
Ty Lawson,3.70922256455695,0.17439404595519,3.53482851860176
Marcus Smart,1.68052122149945,-1.84754547139135,3.5280666928908
Shawn Bradley,-1.86734318735568,-5.39409493635861,3.52675174900293
Joe Ingles,2.63894884714959,-0.85527191260943,3.4942207597590205
Danilo Gallinari,3.0970196514813,-0.38601944251761,3.48303909399891
Christian Koloko,0.9509382475302299,-2.52224484930642,3.4731830968366495
Chris Andersen,0.47479196086448,-2.98314681460685,3.45793877547133
Darius Garland,3.05979667877033,-0.39219633803624,3.45199301680657
Pero Antic,0.64886598229295,-2.80311289357646,3.4519788758694103
Brad Miller,2.37577770211236,-1.07500188023363,3.45077958234599
Pau Gasol,2.79231089776477,-0.65767996201451,3.44999085977928
Nick Calathes,-0.43406551889864997,-3.87359122946478,3.4395257105661297
Royce O'Neale,2.13672850774385,-1.29224473761293,3.42897324535678
CJ McCollum,4.3575247607890795,0.93560777044267,3.4219169903464097
Charlie Ward,0.22147329646198,-3.17637784827167,3.3978511447336497
Gordon Hayward,2.87936602559882,-0.50600343161305,3.3853694572118704
Tiago Splitter,-0.5337562784863901,-3.91430992044306,3.38055364195667
Charles Barkley,4.57768011451035,1.2159477901074098,3.36173232440294
Horace Grant,0.848766660832,-2.50130768795943,3.3500743487914297
Jon Barry,1.40664727526086,-1.9411105235366,3.34775779879746
Bradley Beal,4.81974626409744,1.47957349578479,3.3401727683126508
Terence Davis,2.92261465512789,-0.41642922614999994,3.33904388127789
Patrick Patterson,1.87893644817978,-1.45686625799969,3.33580270617947
Montrezl Harrell,2.26945032612839,-1.05075250424663,3.32020283037502
OG Anunoby,1.74107964138976,-1.5761607378152303,3.31724037920499
Nate McMillan,1.2828107783184601,-2.0342746315464,3.3170854098648603
Tim Hardaway,3.1284516074812205,-0.18379785728546,3.3122494647666803
Kenyon Martin,-0.0041047098481209335,-3.3139867371549503,3.3098820273068292
Aaron Holiday,2.1151353299812903,-1.1946453213558499,3.30978065133714
Ömer Aşik,-0.41056578670003996,-3.70840424818805,3.2978384614880096
Ryan Bowen,-0.8728517220001,-4.13972695087948,3.2668752288793796
Bogdan Bogdanovic,3.54163492915958,0.29087504086627,3.25075988829331
Malcolm Brogdon,3.0483996426033997,-0.20167497183736002,3.25007461444076
Dwight Howard,1.0246163202263399,-2.2212614668642603,3.2458777870906
Boban Marjanovic,2.47623848568503,-0.7511071111205401,3.22734559680557
Scot Pollard,-0.7016809103142799,-3.92797441530936,3.22629350499508
De'Anthony Melton,2.86822955184937,-0.3387742636742,3.2070038155235703
Cory Jefferson,0.31274144998291,-2.8856170008451603,3.19835845082807
Luc Mbah a Moute,-0.62986311422841,-3.82443819235737,3.1945750781289597
JJ Redick,2.8172937319528897,-0.37459465991044,3.19188839186333
Shawn Marion,1.0814762501594801,-2.11030008752794,3.19177633768742
Josh Hart,3.0310949172012402,-0.15492053779387,3.18601545499511
Robert Williams III,1.96298506080696,-1.22243702667195,3.18542208747891
Obi Toppin,4.10043413410303,0.9232522467100099,3.17718188739302
Kevin Huerter,3.4551052155621598,0.29047570524659,3.16462951031557
Serge Ibaka,1.30517250505293,-1.8434124197976898,3.1485849248506197
Scottie Pippen,2.2833664475485502,-0.83643280687883,3.11979925442738
Walker Kessler,2.5737689976788403,-0.53704655999351,3.11081555767235
Gigi Datome,0.7907612149378801,-2.3105211941126798,3.10128240905056
Delon Wright,1.6313511127990201,-1.46956325819725,3.10091437099627
Kelly Olynyk,3.2174377806680603,0.11766912945506,3.099768651213
Terry Mills,3.21462311529416,0.15629381275119,3.0583293025429703
Lauri Markkanen,3.39248954593446,0.33512932002964,3.0573602259048203
Mike Dunleavy,1.29355669325586,-1.75507685536132,3.04863354861718
Jamario Moon,2.3188541442754,-0.72349223473546,3.0423463790108602
Dāvis Bertāns,3.10343747406215,0.06276699056247,3.04067048349968
Ersan Ilyasova,1.94154973646023,-1.0767769964738299,3.01832673293406
Jerome Williams,1.04298641988426,-1.9729456804937402,3.015932100378
Luguentz Dort,2.35477149833258,-0.65952793189904,3.01429943023162
DeMarcus Cousins,1.62929236479222,-1.36349446356073,2.9927868283529504
Lucas Nogueira,1.27768351272373,-1.70878945067658,2.9864729634003098
Iman Shumpert,0.41297744858594,-2.5666726730697498,2.97965012165569
Tyrone Corbin,1.6980274550859,-1.27474030078951,2.97276775587541
Zion Williamson,4.131916961329081,1.1602706464304,2.9716463148986803
Tyson Chandler,-0.07576933911177999,-3.04426549922729,2.9684961601155098
Nick Collison,0.18875838222284,-2.76073354643738,2.9494919286602204
Kyrylo Fesenko,0.66466422447966,-2.28393103407614,2.9485952585558
Mookie Blaylock,0.9690977565857101,-1.9701206390372699,2.93921839562298
Aaron McKie,-0.86956849717355,-3.80278161955363,2.93321312238008
Bobby Phills,1.8744973959725,-1.0552813900737499,2.92977878604625
Dereck Lively II,3.45180833690486,0.52351804375954,2.92829029314532
Ante Zizic,1.9612852021684402,-0.96086017790177,2.9221453800702104
Hamed Haddadi,0.001964240247891414,-2.9066001416883602,2.9085643819362517
Kevon Looney,2.3338321259627497,-0.56293095463946,2.8967630806022098
Thabo Sefolosha,-0.90581713737555,-3.77483136932488,2.8690142319493295
Isaiah Joe,2.85445685191343,-0.00834532651225593,2.862802178425686
Evan Mobley,0.1293183505705,-2.73263976492325,2.8619581154937497
Chauncey Billups,4.24212653458036,1.39191109749949,2.85021543708087
Sam Hauser,2.56344641046883,-0.28481114250966,2.84825755297849
Deron Williams,3.85896842760916,1.02708334714635,2.83188508046281
Keon Ellis,1.17496216015146,-1.65365008162827,2.82861224177973
Russell Westbrook,3.00769195097034,0.20691399765166,2.80077795331868
Taj Gibson,0.09074072719235,-2.70225543772784,2.79299616492019
Trajan Langdon,0.15249024134935,-2.63357916634209,2.78606940769144
Michael Porter Jr.,4.55154043997483,1.7717024780128199,2.77983796196201
Goran Dragic,3.22724877968933,0.45103243062263,2.7762163490667
Tomas Satoransky,1.39009159098981,-1.37785037849565,2.7679419694854603
Monte Morris,3.00241988223684,0.2359247013209,2.76649518091594
Brandin Podziemski,2.91931602934201,0.16584591447775,2.75347011486426
Jalen Williams,2.46416929378094,-0.2835358724464,2.7477051662273397
Darius Songaila,1.34202293654683,-1.40268348264227,2.7447064191891
Tony Bradley,2.53460814006709,-0.20364727547193,2.7382554155390197
Dorian Finney-Smith,2.10693858368651,-0.62141538445371,2.7283539681402202
Raul Neto,1.23147725297667,-1.48978866224605,2.7212659152227205
Hassan Whiteside,0.96233467275163,-1.73818603539794,2.70052070814957
Victor Oladipo,0.20122319313945,-2.4747068694788,2.67593006261825
Anthony Edwards,3.11791549513006,0.45051563108334003,2.66739986404672
Dan Majerle,1.03939701230266,-1.62710216322895,2.66649917553161
Tre Jones,3.32607308853854,0.66348015059037,2.66259293794817
Gary Payton,1.7393250308933,-0.9155113445432199,2.65483637543652
Toumani Camara,0.24860267141531,-2.40282167711615,2.65142434853146
Quentin Richardson,2.0204066090674,-0.62748933871709,2.64789594778449
Ronnie Brewer,1.04017127386067,-1.6073082752406698,2.64747954910134
Greg Oden,2.8840327103920202,0.24636838112806,2.63766432926396
Danny Granger,2.61323983071328,-0.006646398035869347,2.619886228749149
Keegan Murray,4.25944522140073,1.6512306580200702,2.60821456338066
Anthony Tolliver,1.14514315143203,-1.45285924963987,2.5980024010719
Kyle Korver,1.6163177023011601,-0.9759260171016501,2.59224371940281
Matthew Dellavedova,0.57154980763309,-2.00877439238165,2.58032420001474
Isaac Bonga,-1.2581675508991201,-3.83109348187006,2.5729259309709396
Jordan Williams,1.96614111619667,-0.59538362506869,2.56152474126536
Ish Wainright,0.32809679743155,-2.22723253487244,2.5553293323039896
Lavoy Allen,-0.65474864689648,-3.20927784420476,2.5545291973082804
Karl Malone,2.55783078896053,0.005906889627010914,2.551923899333519
Greg Ostertag,-1.2836238034404,-3.81116082567234,2.5275370222319395
Kentavious Caldwell-Pope,1.8170957868551398,-0.70822142532031,2.52531721217545
Frank Ntilikina,-0.3372823533639,-2.8591068782737,2.5218245249098
Pablo Prigioni,0.42282909314744,-2.09190917758845,2.51473827073589
Isaiah Whitehead,0.7451861246505199,-1.7681610736732598,2.5133471983237796
Anthony Parker,1.8948779104198101,-0.61071140134692,2.5055893117667303
Okaro White,1.7186220791373898,-0.7861785075698201,2.50480058670721
Justise Winslow,-1.26168216288777,-3.76194819674385,2.50026603385608
Dejounte Murray,2.74786674993371,0.2503026768635,2.49756407307021
Anthony Gill,2.7742966610013,0.28785146698078,2.4864451940205203
Nemanja Bjelica,1.29401779049833,-1.19035353916891,2.4843713296672396
Isaiah Thomas,4.3702490585838705,1.8868217681237298,2.48342729046014
Cuttino Mobley,1.85593283238077,-0.6208325146277,2.4767653470084703
Willie Reed,0.70818983274936,-1.76733718224607,2.4755270149954303
Elijah Millsap,-0.43888012240642,-2.91394340120236,2.47506327879594
Othyus Jeffers,2.23663717869966,-0.23662052956854,2.4732577082682
Nikola Pekovic,0.8375725491225801,-1.63439242471164,2.4719649738342198
John Konchar,2.0970418514402698,-0.3747107456478,2.47175259708807
Darrell Armstrong,1.18410248082418,-1.28204956215749,2.4661520429816703
P.J. Tucker,1.1064226116993698,-1.35758725460954,2.46400986630891
Quincy Miller,1.63712922806094,-0.8246946725267299,2.4618239005876696
Brook Lopez,1.3867101737006802,-1.07143217654493,2.4581423502456103
Jason Thompson,1.86575795550675,-0.5876905199795099,2.45344847548626
Andre Drummond,1.94999564692626,-0.49697798153546,2.44697362846172
Ryan Anderson,3.1610138004008497,0.72614593915571,2.4348678612451398
Milos Teodosic,2.48529603182167,0.059737514010400006,2.42555851781127
Ryan Kelly,1.85779423576883,-0.56225893621695,2.42005317198578
Al-Farouq Aminu,-0.28258856584354997,-2.69894733747643,2.41635877163288
Raef LaFrentz,2.04809629627459,-0.36413042062693,2.41222671690152
Rudy Gay,1.4433467542812901,-0.96726323484183,2.41060998912312
Chandler Parsons,1.6129971795788698,-0.79257218616642,2.40556936574529
Jamal Mashburn,1.09162657982731,-1.31213166999011,2.40375824981742
Darius Miller,2.25607444219954,-0.14561632316175,2.4016907653612902
Jordan McLaughlin,0.64117797896894,-1.75072090367019,2.39189888263913
Matt Bonner,2.8365259680938797,0.45070470311862,2.38582126497526
Patty Mills,1.7270078929145698,-0.65084485707948,2.37785274999405
Hakeem Olajuwon,-0.50847852285453,-2.88240971592302,2.3739311930684894
Richie Frahm,0.9125795527656799,-1.46028557185721,2.3728651246228902
Steve Francis,2.10060974297464,-0.26913842589388,2.36974816886852
John Starks,1.6813420235135799,-0.66395669437796,2.3452987178915397
John Collins,2.15127404309268,-0.19393016523855,2.34520420833123
Kenneth Faried,3.08572165930824,0.74219358742522,2.34352807188302
Bracey Wright,0.92879930510343,-1.39822879467965,2.3270280997830803
De'Aaron Fox,4.72289921559551,2.3960648315664903,2.32683438402902
Jae Crowder,1.58183857923919,-0.73273742269078,2.3145760019299697
Day'Ron Sharpe,2.52778439012351,0.21550426283961002,2.3122801272839
P.J. Washington,2.1220584822949,-0.18655761137318,2.30861609366808
Svi Mykhailiuk,1.8350326246731001,-0.46590929174171997,2.30094191641482
Josh Smith,-0.12125018652022,-2.41086555053828,2.28961536401806
Tyrese Haliburton,5.16538250011391,2.88152165874715,2.2838608413667605
Boris Diaw,0.47546786649511,-1.79994774824273,2.27541561473784
Brendan Haywood,-1.37364792525292,-3.6476266219788402,2.27397869672592
Tremaine Fowlkes,-0.24225188535443,-2.51449452332995,2.27224263797552
Olumide Oyedeji,0.69189191672659,-1.57982379483712,2.2717157115637097
Jackie Butler,1.6244583713278902,-0.64425191870694,2.26871029003483
John Wall,1.9056128646567,-0.3591305679553,2.264743432612
T.J. Ford,0.9463275893447899,-1.29866354477412,2.24499113411891
Austin Reaves,2.1985907819032002,-0.01720295813999,2.2157937400431904
Lonzo Ball,0.19977125397010997,-2.01158174885492,2.21135300282503
Dean Wade,-0.777243858892,-2.98854892480706,2.21130506591506
Seth Curry,2.5397497878960102,0.33209725233245,2.20765253556356
Antawn Jamison,3.3798122078780004,1.17855813041609,2.2012540774619103
Vladimir Radmanovic,1.5402270871846,-0.65638614798462,2.1966132351692202
Nikola Jovic,1.50144185411839,-0.69366681907281,2.1951086731912
Josh Huestis,0.9863986344439499,-1.20583318829383,2.19223182273778
Jon Brockman,1.2849043198202899,-0.90701144306699,2.19191576288728
Eduardo Najera,0.36441408196354996,-1.82631949822363,2.19073358018718
Klay Thompson,2.83727982412132,0.65957301086282,2.1777068132585
Isaiah Stewart,0.66331036530343,-1.51355490501479,2.17686527031822
Jason Collins,-2.57306644788184,-4.7467187006546,2.17365225277276
Allen Iverson,3.87843787115257,1.70820895092464,2.17022892022793
Tyus Jones,3.03221680777491,0.86776863103294,2.1644481767419697
Joakim Noah,-0.33718882197871,-2.48765745571343,2.15046863373472
Ekpe Udoh,-0.34124709590343,-2.48673058700642,2.14548349110299
Gustavo Ayon,0.05812006962073,-2.08108055340367,2.1392006230244
Reggie Jackson,1.45723364058451,-0.6816153376627501,2.13884897824726
Kurt Thomas,-0.67192274167918,-2.81038631946431,2.13846357778513
Chris Mullin,1.9498774260869,-0.18082918455278998,2.13070661063969
Ben Sheppard,2.60290213949942,0.48082889591784994,2.1220732435815703
Landry Fields,0.22246607798677,-1.89891537181348,2.1213814498002503
Anfernee Hardaway,-0.6498652193838901,-2.75747696467979,2.1076117452959
Ben Simmons,1.85674992694077,-0.2508412299279,2.10759115686867
Naji Marshall,1.83221764342222,-0.2752596565339,2.1074772999561198
Rudy Fernandez,0.8170160417354201,-1.28717281300381,2.10418885473923
Kerry Kittles,1.65064925334732,-0.45237246366911,2.10302171701643
Grant Hill,2.33992119982446,0.23772242915205,2.1021987706724103
Rodney McGruder,2.05801781453686,-0.03941609480365,2.09743390934051
Rik Smits,2.4829199524464203,0.39311465515579,2.08980529729063
Rasho Nesterovic,-0.33468113304901,-2.4078886681868203,2.07320753513781
Paul Reed,1.95553028077866,-0.11214740541514001,2.0676776861938
Lazaro Borrell,1.8386907484769601,-0.22771957916389,2.06641032764085
Trevor Ariza,0.21350216126543997,-1.8386170701036202,2.05211923136906
Theo Ratliff,-0.95350389366092,-3.0005304897041,2.04702659604318
Marcin Gortat,-0.56083306967253,-2.59533087260899,2.03449780293646
Chris Mills,-0.35825488678328,-2.38955884198679,2.03130395520351
Marko Jaric,1.28772744447958,-0.74309306675048,2.0308205112300604
Alperen Sengun,2.37669092662528,0.36402360243783,2.01266732418745
Goga Bitadze,1.6478497232816198,-0.34970386112534,1.9975535844069598
Cody Martin,1.6359224395884602,-0.35821111699356,1.9941335565820202
Joe Johnson,2.4149574822556903,0.42126253205654,1.9936949501991499
Scott Burrell,-0.90866677590754,-2.89700834066503,1.9883415647574902
Nicolas Batum,2.79147910356658,0.8101184223909701,1.9813606811756102
Patrick Ewing,-0.33213735512816,-2.3088322605669402,1.9766949054387801
Tristan Vukcevic,0.32134068972158003,-1.65273867079971,1.97407936052129
Channing Frye,2.01978350406772,0.04664535003335,1.97313815403437
Zydrunas Ilgauskas,0.34415620990138,-1.6226012182499998,1.9667574281513798
DeMar DeRozan,2.97323615512241,1.02046622850062,1.9527699266217897
Rondae Hollis-Jefferson,0.07592582554553,-1.87345360742031,1.9493794329658403
Daniel Theis,0.44099203679393,-1.50690442508626,1.94789646188019
David Nwaba,1.1017010707282,-0.8401699754785901,1.94187104620679
Brent Barry,2.3023539584079202,0.36374459989963004,1.93860935850829
Salah Mejri,-0.33231121180727,-2.2696024644725696,1.9372912526653
Hersey Hawkins,1.22643944556171,-0.70800102690314,1.93444047246485
Jameer Nelson,2.1385201996929,0.22072566978729,1.91779452990561
Raul Lopez,-0.68188512811651,-2.59434213738783,1.9124570092713202
Bobby Simmons,1.90083737671029,-0.008254180607379438,1.9090915573176694
Ime Udoka,-0.09161543610867,-1.99904038226905,1.9074249461603798
Jared Jeffries,0.09718374319049,-1.8092869102989,1.90647065348939
Matt Barnes,1.5784378802019199,-0.32764862306102,1.90608650326294
Luke Kennard,3.07577221522115,1.1715011217985598,1.9042710934225902
Bruce Bowen,-1.32340353437335,-3.21997176926722,1.8965682348938702
Derrick Dial,0.52916373990475,-1.36098356798614,1.8901473078908901
PJ Dozier,-0.2774768497767,-2.1641508730680803,1.88667402329138
Jerome Kersey,-1.31344231076158,-3.1919814429972595,1.87853913223568
Buddy Hield,3.0099769623612502,1.13483782352668,1.8751391388345702
Ausar Thompson,0.95709740289665,-0.9048121356678899,1.86190953856454
Deni Avdija,1.55244523330978,-0.30007180489019003,1.85251703819997
Stephen Jackson,1.73390010591538,-0.11131611652102,1.8452162224364002
Terrell Brandon,2.25994668420626,0.41704374437736,1.8429029398288999
Tayshaun Prince,0.0734867581868,-1.75955596739534,1.8330427255821398
Josh Harrellson,-1.45519812031892,-3.2868434734882697,1.8316453531693497
Keith Askins,0.44966241367488,-1.37372065935462,1.8233830730295002
Litterial Green,0.50250465766842,-1.32087039597239,1.8233750536408098
Luke Walton,0.9550351492692399,-0.8613173236690801,1.81635247293832
Mason Plumlee,1.7104290567508,-0.10374479348901,1.81417385023981
Jason Richardson,2.56771183043378,0.75969564045605,1.8080161899777298
Walt Williams,1.31771647633398,-0.49019808233487,1.80791455866885
Yogi Ferrell,0.88898065798642,-0.91175058305257,1.80073124103899
Tyrone Wallace,0.35040996914529,-1.44695679036112,1.79736675950641
Larry Nance Jr.,-0.7333144639664599,-2.52825485290907,1.79494038894261
Cameron Payne,1.3765881813204202,-0.41061251094845996,1.78720069226888
Richard Hamilton,1.77453916030959,-0.010780650239560001,1.78531981054915
Langston Galloway,0.7566019372355101,-1.0265921738741,1.7831941111096101
Carmelo Anthony,3.3501865974008402,1.57491923866146,1.7752673587393801
Cameron Johnson,1.33462373045504,-0.43381379749948995,1.76843752795453
Jeremy Lamb,1.6384213191928998,-0.11995952456291001,1.75838084375581
Buddy Boeheim,0.9131969857186799,-0.83348261441772,1.7466796001364
Greivis Vasquez,2.05841676158146,0.31330765656119003,1.74510910502027
Reggie Bullock Jr.,0.78009149089381,-0.9634520674124001,1.7435435583062102
Hot Rod Williams,0.1551073979588,-1.58665197080931,1.74175936876811
Jorge Garbajosa,0.09555363582529,-1.6441367363177102,1.7396903721430002
Shawn Kemp,0.60876611924958,-1.11734504089423,1.72611116014381
Zaza Pachulia,-0.09881216507134001,-1.82301487323535,1.7242027081640097
Jalen Wilson,2.02741416203182,0.30795666546522,1.7194574965665999
LaMelo Ball,3.91522189491608,2.19973698897224,1.7154849059438402
Matisse Thybulle,-0.28757446436661,-2.00263132750652,1.7150568631399101
Gordan Giricek,0.6671948762493101,-1.0425058515438501,1.70970072779316
Mitchell Butler,-0.9723090750974699,-2.68117298259572,1.7088639074982501
Raymond Felton,1.49224446707986,-0.21036609206503998,1.7026105591449001
Mickael Gelabale,1.36783243326529,-0.32947845065984,1.69731088392513
Kevon Harris,1.2826338054047899,-0.41001862333724,1.6926524287420301
Pierre Jackson,0.55498874019376,-1.12904994756416,1.6840386877579199
DeAndre Jordan,1.20519694442232,-0.47622643770724,1.6814233821295599
Derrick Rose,2.3025196390299802,0.62778481427749,1.6747348247524898
Eric Piatkowski,2.1333114796246,0.46157794877499997,1.6717335308496
Vince Williams Jr.,0.9156087204745801,-0.7558949001859699,1.67150362066055
P.J. Brown,0.30263515717451,-1.3683803900988298,1.67101554727334
Devin Harris,1.8979992606423701,0.22842236736726002,1.6695768932751103
Jason Terry,2.44957554191657,0.78394773727331,1.6656278046432598
Alec Peters,1.29478357277206,-0.36948665897966,1.66427023175172
Kai Jones,0.77726789917478,-0.8771577910048299,1.65442569017961
Chris Webber,0.43540512305659,-1.2170426302501,1.65244775330669
Derek Strong,0.09963570890283,-1.55177639903881,1.65141210794164
Spencer Dinwiddie,2.1910442532332297,0.55871823803822,1.6323260151950096
Trae Young,6.104446211914389,4.4741151101541305,1.6303311017602593
Shabazz Napier,0.92536495141941,-0.70306528078139,1.6284302322008
Jaime Jaquez Jr.,1.7321037505305201,0.10485385048605,1.6272499000444702
Aron Baynes,-1.31689023489959,-2.94297389346755,1.6260836585679603
Adam Mokoka,0.8387010620796701,-0.78679668547596,1.62549774755563
Donte DiVincenzo,2.5935207967792198,0.9708691782555601,1.6226516185236601
Trey Lyles,1.4017287042057,-0.218714228553,1.6204429327586998
Dwight Powell,1.31235993740167,-0.30801930354138,1.6203792409430497
Kris Murray,0.6186867977318999,-1.00056275560948,1.61924955334138
Isaiah Taylor,0.74529384548336,-0.8676837367113799,1.6129775821947399
Damion Lee,1.08527661170202,-0.52596971820832,1.6112463299103403
Reggie Jordan,0.22511123427766,-1.38600473937157,1.6111159736492298
Popeye Jones,1.9156504579783,0.30704344604866,1.60860701192964
Chase Budinger,1.1709151677846898,-0.4376850841404,1.6086002519250902
Alan Williams,0.55290532798585,-1.05526765859752,1.6081729865833698
Darius Miles,-1.02199821429525,-2.6210628685791297,1.5990646542838798
Darren Collison,2.39742624467469,0.79880703949766,1.59861920517703
Sergey Karasev,0.45867551858396005,-1.13671234784526,1.5953878664292203
Landry Shamet,1.7150703723476102,0.12004454140510999,1.5950258309425
Jeremy Lin,-0.14378119751253,-1.73514620456042,1.5913650070478897
James Posey,-0.14619103210084,-1.7321674473695,1.5859764152686597
Jeff Withey,-0.14185648460177,-1.72556895586888,1.58371247126711
Wes Iwundu,-0.86818433489641,-2.4505293812575,1.5823450463610902
Anthony Miller,0.54716169070925,-1.02426255637871,1.5714242470879602
Danuel House Jr.,1.11918719590903,-0.44482756069578,1.5640147566048097
Quincy Pondexter,-0.62327184500838,-2.1851679133712,1.5618960683628198
Luka Samanic,0.14709412236469,-1.4112168755955299,1.5583109979602199
Dalen Terry,1.52737872242223,-0.01895640902026,1.54633513144249
Jaren Jackson,-0.46367201327331997,-2.00936720387942,1.5456951906061
Amen Thompson,1.04544878685927,-0.49675421410163,1.5422030009609
Trevelin Queen,0.8235790149419899,-0.71531194504112,1.53889095998311
Kevin Johnson,4.022689307798339,2.48935830284228,1.5333310049560598
Caris LeVert,2.49696748017776,0.9636469960621501,1.5333204841156098
Andrew Bynum,-0.34906108449044,-1.88236635047751,1.53330526598707
Derek Anderson,0.1955793196657,-1.33027408096199,1.52585340062769
Bryon Russell,0.15592305826046998,-1.36439074005634,1.52031379831681
Chris Copeland,2.88312073500354,1.36301750578792,1.5201032292156202
Doug Christie,0.28142432030109,-1.23431608983451,1.5157404101356
Lamar Patterson,0.9091993296434999,-0.60603651713242,1.5152358467759202
Devonte' Graham,1.7206734730253501,0.20746314476751002,1.5132103282578402
Mario Elie,0.30977480341814,-1.20111766476251,1.51089246818065
Duncan Robinson,2.9224711735590403,1.41605063212412,1.50642054143492
Keon Clark,-1.02763898221736,-2.5311834592348497,1.5035444770174897
Kyle Anderson,-0.64519214944591,-2.14783061880645,1.5026384693605401
Dante Exum,0.34174584935008,-1.15795571327066,1.4997015626207402
Khem Birch,0.93097122072053,-0.56219455573,1.49316577645053
Brad Wanamaker,-0.06623030886381001,-1.55039772549377,1.48416741662996
Olivier Sarr,0.10464536599457,-1.3737639182039498,1.47840928419852
Casey Jacobsen,-1.6616480341791,-3.13646947376834,1.4748214395892398
Renaldo Balkman,-0.72085337315194,-2.19446665726696,1.47361328411502
Adrian Griffin,0.12587565812153,-1.34723536422791,1.4731110223494401
Buck Williams,0.53966721853202,-0.92816761496434,1.46783483349636
Eric Snow,-1.33918806190487,-2.80329495428848,1.4641068923836102
Eric Williams,0.017230952645260002,-1.44685090692529,1.4640818595705498
David Andersen,0.88416604165678,-0.5785321682726899,1.46269820992947
Luke Kornet,1.13168904792722,-0.33026672046937,1.46195576839659
Omri Casspi,0.48239741385571,-0.97795591481602,1.4603533286717298
Amar'e Stoudemire,2.61805795886629,1.1577601873732402,1.4602977714930498
Caleb Martin,1.28483016252059,-0.17354471178163,1.45837487430222
Shavlik Randolph,-0.13248985710504,-1.58368743602471,1.45119757891967
Neemias Queta,1.9870508632084,0.53962316428179,1.4474276989266102
Anthony Morrow,2.27983395533283,0.84046617589131,1.43936777944152
Scott Padgett,-0.83039210092923,-2.26433302229825,1.43394092136902
Dale Davis,0.16869935616765,-1.26363775907794,1.43233711524559
Corliss Williamson,-0.18185782677248,-1.61260809891841,1.43075027214593
Dereon Seabron,0.6615233068820799,-0.75909033517819,1.42061364206027
Wesley Person,1.88380650837856,0.47571179027467003,1.40809471810389
Larry Johnson,-0.01816018015589,-1.42321496089392,1.40505478073803
Evan Fournier,1.59342775869183,0.18910208008307,1.40432567860876
Cory Joseph,0.5839596405958299,-0.8199661783940301,1.40392581898986
Keith Van Horn,2.0496936559081003,0.64586495892552,1.40382869698258
Miles McBride,0.6103041465622899,-0.79339314780241,1.4036972943647
Sindarius Thornwell,-1.30614962089228,-2.70752103487869,1.4013714139864102
Wesley Matthews,0.46483933829176,-0.93571756442059,1.4005569027123501
Kevin Jones,0.7486009351869,-0.64970557338056,1.39830650856746
Coby White,3.2930352297687504,1.89494542537689,1.3980898043918604
Glenn Robinson,2.08693164585762,0.68957503449875,1.39735661135887
Jordan Walsh,0.43366382921291996,-0.9557298467727601,1.38939367598568
Zach Collins,1.6078053847990301,0.21966182412883,1.3881435606702002
Jermaine O'Neal,-1.16231279602801,-2.54580736580713,1.3834945697791199
Nikola Vucevic,0.89202293477281,-0.48801053567189,1.3800334704447
Chris Chiozza,-0.21133298849598997,-1.5904482614724598,1.37911527297647
Maxi Kleber,-0.42558856735444,-1.8032986079294802,1.37771004057504
Ryan Rollins,-0.13173944627219,-1.50794374155551,1.37620429528332
Jared Rhoden,1.6198838541635001,0.25592786330042,1.36395599086308
JT Thor,0.48703139925424,-0.87603116413075,1.36306256338499
Brandon Ingram,2.52611311530866,1.16594439854804,1.36016871676062
Devontae Cacok,0.93172298387593,-0.42710145849259,1.35882444236852
George Lynch,-1.82691784417922,-3.18110822112457,1.3541903769453498
Mike Bibby,2.26372467409626,0.9108481585999599,1.3528765154963
Mychal Mulder,1.9916627988285098,0.64459074638251,1.3470720524459998
Ryan Broekhoff,1.32233195757536,-0.01971710908734,1.3420490666627
Furkan Korkmaz,1.27022337004307,-0.06760369863764,1.33782706868071
Roy Hibbert,-1.60857505421629,-2.93807042063308,1.32949536641679
Kostas Antetokounmpo,0.32464345117855997,-1.00070495321505,1.32534840439361
Tony Farmer,2.27231889278678,0.94718320928406,1.32513568350272
David Lee,1.37199221539549,0.04847174644129,1.3235204689542
Ron Baker,0.014201469765129999,-1.30691640259894,1.32111787236407
Nate Robinson,1.23837703313464,-0.06554829791793,1.30392533105257
Sidy Cissoko,-0.06041636971329,-1.3552041711902199,1.29478780147693
Markieff Morris,0.31598616361629,-0.9781651925706699,1.29415135618696
Kevin Burleson,-0.56872881913707,-1.8513488048532498,1.28261998571618
Dion Waiters,1.1165761694638,-0.1626171528515,1.2791933223153
Mark Williams,0.6206206302816,-0.6531544098535099,1.27377504013511
Max Strus,2.3554162524158198,1.08222410773668,1.2731921446791399
Matt Bullard,3.19886373339146,1.92884989296279,1.2700138404286698
Jordan Bell,1.9582477343772098,0.69308818002913,1.2651595543480798
Antonio Davis,-0.77635920306574,-2.03983279211654,1.2634735890508002
Enes Freedom,2.75812903560159,1.4961166226763,1.2620124129252899
Jarace Walker,1.55678212664742,0.29714680309473,1.25963532355269
Shawn Long,1.6147146236850498,0.36168301388319,1.25303160980186
Aaron Nesmith,2.52262067317255,1.27040210765446,1.2522185655180902
Jarred Vanderbilt,0.72919143852761,-0.52139358942331,1.2505850279509199
Jason Preston,1.3591770216046601,0.11316757925926,1.2460094423454
Xavier Cooks,0.93509084236489,-0.30906517779018,1.24415602015507
Rodney Rogers,0.73006371313617,-0.51397672047168,1.24404043360785
Amile Jefferson,0.87403635538318,-0.36833199065748,1.24236834604066
Ruben Patterson,1.4453515424263401,0.20419932051385,1.24115222191249
Nick Fazekas,0.08855019456302,-1.15022430902657,1.2387745035895898
Frank Kaminsky,1.02332583248031,-0.20323370305951002,1.22655953553982
Juaquin Hawkins,-0.08823258099321,-1.30993552387939,1.2217029428861799
Jalen Harris,0.8944731107711099,-0.32689203713513004,1.22136514790624
Tim Hardaway Jr.,2.37741160771744,1.15994149068725,1.21747011703019
Josh McRoberts,1.0775575187183801,-0.13843360630843002,1.21599112502681
Tobias Harris,1.72330771021437,0.5074541510923001,1.2158535591220698
Lindsey Hunter,-0.15305748400703,-1.3669521624928,1.21389467848577
Danny Ferry,0.56701294216423,-0.63906063481717,1.2060735769814
Mike Miller,2.01682246604165,0.81206048961588,1.2047619764257702
Daniel Ewing,-0.60327357782365,-1.8058812749364699,1.20260769711282
Miles Bridges,2.62037775096692,1.41897935607942,1.2013983948875
Corey Beck,0.18215188322148998,-1.01544877605348,1.1976006592749702
Dennis Rodman,1.30186064948619,0.10692711858786,1.19493353089833
JR Smith,2.42180052082943,1.2326474081571699,1.1891531126722599
AJ Price,-0.0536043432818,-1.24159397969861,1.1879896364168099
Anthony Brown,-0.70036512642126,-1.88608082160814,1.18571569518688
Bobby Jackson,0.03260270326437,-1.1515099902094,1.18411269347377
Derrick Jones Jr.,-0.05866048734348,-1.24170311724552,1.18304262990204
Nick Anderson,0.38123205898868,-0.79789478135569,1.17912684034437
Willie Warren,0.48614202851310007,-0.69201086867163,1.17815289718473
Drew Barry,0.9748547140383401,-0.20144634148891,1.1763010555272502
Dennis Scott,1.42276929501118,0.24991141349426,1.17285788151692
Gary Payton II,1.19549284255713,0.02556382042837,1.16992902212876
David Vanterpool,-0.01250864462083,-1.17972507001211,1.16721642539128
Eddie Robinson,0.35106709276157,-0.8128196504224101,1.16388674318398
Harvey Grant,-0.3693064211845,-1.52904939495021,1.1597429737657101
Wendell Carter Jr.,-1.47675892607922,-2.63572071293069,1.1589617868514699
Kenny Anderson,1.3764580264581299,0.22822452766778,1.14823349879035
Sean Lampley,-0.5457261582465299,-1.6935622157219,1.1478360574753699
Luc Longley,-1.67448787654838,-2.82130683371598,1.1468189571676002
Mindaugas Kuzminskas,0.20691939464043,-0.9396239646588599,1.1465433592992897
Allan Ray,-0.039713913765469996,-1.18354446272109,1.14383054895562
Andrew DeClercq,-0.40917679254466,-1.55258211377669,1.1434053212320299
Kadeem Allen,1.6677297956029,0.52892782001816,1.13880197558474
Eric Gordon,2.73743388631672,1.5988703599674199,1.1385635263493
Jaylen Brown,1.1907352092689,0.06125365504723,1.12948155422167
Sasha Vezenkov,1.2700308641342999,0.14182781241008,1.12820305172422
Aaron Wiggins,1.93443341524288,0.81093214969037,1.12350126555251
James Jones,1.07538323211919,-0.04599778072462,1.1213810128438102
Cartier Martin,0.12520461224407,-0.99324202527796,1.1184466375220299
Kelan Martin,-0.49145576924497997,-1.60718269331858,1.1157269240736
Austin Croshere,0.35231512948105004,-0.76280338555121,1.11511851503226
Antonio McDyess,-0.0288686534762,-1.14178757528293,1.11291892180673
Payton Pritchard,3.3137386838666396,2.20316821743727,1.1105704664293699
Jalen Duren,1.52254757064362,0.41617995935088004,1.10636761129274
Julian Wright,0.63708094772995,-0.46828013184183,1.1053610795717799
Latrell Sprewell,2.24267032602055,1.1387167469430102,1.1039535790775399
Darrick Martin,2.42108290820965,1.3180352897816299,1.10304761842802
David West,0.51770452954559,-0.58393053123556,1.10163506078115
Henry Ellenson,-1.03691783589861,-2.1376086294138696,1.10069079351526
Michael Redd,4.11503813765738,3.01471909342087,1.1003190442365098
Quentin Grimes,0.89701614858569,-0.20295678014135002,1.0999729287270401
Marvin Williams,0.8357386783178501,-0.26130465475586,1.0970433330737102
Paul McPherson,1.07776345749511,-0.01657636042868,1.09433981792379
Solomon Hill,0.8488118948703599,-0.24499300192991,1.09380489680027
Jaren Jackson Jr.,0.25317138921432997,-0.8345963225877299,1.08776771180206
Onyeka Okongwu,1.3984492782001499,0.31096986508282,1.08747941311733
Corey Brewer,-0.0601753804966,-1.146706776627,1.0865313961304
Shane Heal,0.22198458176507,-0.8644088297661799,1.08639341153125
Mario Chalmers,0.21885558569867,-0.85919020314233,1.078045788841
Ish Smith,0.72548796626677,-0.35044076016115,1.07592872642792
Nic Claxton,0.6160467734860701,-0.45830443892968004,1.07435121241575
Braxton Key,0.17985891341005,-0.88781244859305,1.0676713620031
Gabe Vincent,0.5287422892301701,-0.5376006912537,1.0663429804838702
Wally Szczerbiak,2.78638343820943,1.72341084602381,1.0629725921856201
Hamidou Diallo,-0.22048358893068998,-1.28095407637202,1.06047048744133
Daniel Gibson,0.40815552173561,-0.64688947415666,1.05504499589227
Joe Stephens,0.24852460977419,-0.8014524474903201,1.04997705726451
Josh Minott,0.8992685872949799,-0.14495000833479,1.04421859562977
Devon Hall,0.23566544661341998,-0.8070113021327799,1.0426767487461999
Cal Bowdler,0.94582611583015,-0.09635275025619,1.04217886608634
Malcolm Delaney,-0.40709350908260994,-1.4453036041649299,1.0382100950823199
Jules Bernard,0.57114999257179,-0.46341496772484003,1.03456496029663
Courtney Lee,1.0769725396268,0.04419661812943,1.0327759214973702
Scottie Barnes,1.55360238911071,0.52324198884704,1.0303604002636702
Adama Sanogo,0.47147778186501,-0.55638613645618,1.02786391832119
Jim McIlvaine,-0.6745385139330701,-1.7021779262337298,1.02763941230066
Tacko Fall,0.76129530330981,-0.26005969499037,1.02135499830018
Richaun Holmes,0.98941811674395,-0.02704049158936,1.01645860833331
Keith Bogans,1.08082718578203,0.06613819710215,1.01468898867988
Joey Dorsey,-0.55451565330218,-1.5680793900031302,1.0135637367009502
Quinton Ross,-1.4332837541801,-2.44497172927063,1.01168797509053
Brevin Knight,-0.96223280672401,-1.97385939835554,1.01162659163153
Dario Saric,1.97115355034088,0.96564178159086,1.00551176875002
Othello Hunter,0.28299912476136,-0.7220764480055499,1.00507557276691
Walter McCarty,-0.65284527631653,-1.65762415631239,1.0047788799958601
Julyan Stone,0.7345291100472601,-0.26824278728378004,1.00277189733104
Jabari Bird,0.9402598241232201,-0.060455736856890006,1.00071556098011
Henry Walker,-0.28531016755332,-1.28108179793417,0.9957716303808501
Lester Hudson,0.42571111781442,-0.56910550937311,0.99481662718753
Todd Day,2.00503506122251,1.01432528592174,0.9907097753007698
Rodions Kurucs,0.01115333024779,-0.97879723873287,0.98995056898066
Ivan Johnson,-2.48612611146958,-3.4759713319814605,0.9898452205118803
Igor Rakocevic,-0.30923032149275,-1.29894403741757,0.98971371592482
Shaun Livingston,0.38558911262121,-0.60070795329849,0.9862970659197001
Kyle O'Quinn,0.8364176164211199,-0.14956628609223,0.98598390251335
Alexey Shved,-0.03597200487586,-1.02101629690119,0.98504429202533
Jalen Suggs,0.35120253257252,-0.63132432302018,0.9825268555927
Chris Dudley,-1.76112465025854,-2.7408600570079398,0.9797354067493997
Wenyen Gabriel,1.54982990474018,0.5721312716722899,0.9776986330678898
Jonas Jerebko,0.45859302270512997,-0.51851463679527,0.9771076595004001
Willie Cauley-Stein,-0.82165508913895,-1.7982408228020001,0.97658573366305
Terry Davis,-0.04334109427205,-1.0175098473031199,0.9741687530310701
Quincy Acy,-0.6061159326997501,-1.577310868169,0.9711949354692501
C.J. Watson,-0.043159556018299995,-1.00552094825299,0.96236139223469
Dan Gadzuric,-0.6693261189477799,-1.6267734159791498,0.9574472970313698
Oshae Brissett,3.16960097988975,2.2173841242916397,0.9522168555981102
Kendrick Perkins,-1.41730879039848,-2.3650442462469603,0.9477354558484802
Jason Maxiell,0.38153546057204,-0.56528508331123,0.94682054388327
Christian Wood,1.8690100878623,0.9236235239272099,0.9453865639350899
Robert Woodard II,0.46753858144414007,-0.4701163232121,0.9376549046562401
Earl Watson,-0.37746341762297,-1.31478341655951,0.93731999893654
CJ Miles,1.14925762313226,0.21210206663906,0.9371555564932
Rod Strickland,1.51157612197415,0.58313509802482,0.92844102394933
De'Andre Hunter,1.14116909348742,0.21296738103844998,0.92820171244897
Anthony Grundy,0.67502950128705,-0.23935027965815,0.9143797809452001
Brandan Wright,0.21924032509483998,-0.69315568173032,0.91239600682516
Horacio Llamas,-0.59634082008293,-1.50758276970513,0.9112419496222001
Mehmet Okur,1.0784939337936301,0.170127904301,0.9083660294926301
Evan Eschmeyer,-1.3678442336105399,-2.27454786464107,0.90670363103053
Andre Ingram,0.26575183463984003,-0.63823168182736,0.9039835164672
Jordan Adams,0.25200459154881,-0.65136603872585,0.9033706302746599
Derrick Coleman,-0.36835384451912,-1.26893355148157,0.90057970696245
Lucious Harris,-0.32009112353533997,-1.22008432131401,0.8999931977786702
Jalen Smith,1.7262717400301002,0.8266992065610099,0.8995725334690902
Kelvin Cato,-2.23278755328908,-3.12979182133359,0.8970042680445097
Vernon Macklin,0.21546095301688,-0.68073555389782,0.8961965069147
Axel Toupane,1.27548534803727,0.38195065165311,0.89353469638416
Marcus Camby,-1.13279267090368,-2.02352654903887,0.8907338781351901
Marko Simonovic,0.27442542738423004,-0.60854767796622,0.8829731053504499
Desmon Farmer,0.7806355130881699,-0.10115539837108,0.8817909114592499
Marcus Morris Sr.,1.5307295858752001,0.65166513432674,0.87906445154846
Omari Johnson,1.17841945349439,0.30089876236261,0.87752069113178
Marcelo Huertas,-0.11687634868278,-0.9940195603943901,0.87714321171161
Dan Schayes,0.6426688236932699,-0.23433513496754999,0.87700395866082
Duop Reath,2.25809032095446,1.38396450653555,0.87412581441891
John Thomas,-0.64787155225268,-1.51971928856453,0.87184773631185
Zach Randolph,1.43883851645332,0.56731277202084,0.87152574443248
Luke Schenscher,-0.38767499830602004,-1.2570159663465001,0.8693409680404801
Casper Ware,0.31810194198436004,-0.54400974701288,0.86211168899724
Dennis Schroder,1.28829460004055,0.42631499641987,0.86197960362068
Thomas Gardner,-0.6624246304292201,-1.52210341081467,0.8596787803854499
Cason Wallace,0.67560262439089,-0.17857651154332999,0.85417913593422
Othella Harrington,-0.95040703814074,-1.8037188733947902,0.8533118352540501
Damon Jones,1.9838291414598201,1.1310893087135798,0.8527398327462401
Linas Kleiza,0.62056307278669,-0.22980895477678,0.85037202756347
Ochai Agbaji,2.1519214917433,1.30605968049393,0.84586181124937
Lou Williams,3.1955288992596103,2.35607502872392,0.8394538705356901
Jeff Teague,1.75809854228521,0.91932472891923,0.8387738133659801
Dwight Buycks,-0.37230244964535,-1.20924428620275,0.8369418365574
Mamadi Diakite,-1.28008948386458,-2.11696581855133,0.8368763346867499
Raja Bell,0.60651232012739,-0.22924604316107,0.8357583632884601
Josh Okogie,0.18714193731002002,-0.6481122780873,0.8352542153973199
Mark Jackson,1.01119461819019,0.17955893573507,0.83163568245512
Brian Cook,0.7265143694158199,-0.10506083526403999,0.8315752046798599
Mike Muscala,0.40839812507702,-0.4199283266032,0.82832645168022
Dakari Johnson,-0.55799306430354,-1.38600719593588,0.82801413163234
Tim Thomas,1.07396695329365,0.24980737426623997,0.8241595790274101
Damion James,-1.14586640551068,-1.9678580053543602,0.8219915998436802
Paolo Banchero,3.30561089939527,2.48731914245269,0.8182917569425799
Antonio Daniels,2.7064972011318003,1.88917192322401,0.8173252779077902
Jack Haley,1.01489548033014,0.19764872516315,0.81724675516699
Avery Bradley,0.30399804733506,-0.5119052534279199,0.8159033007629799
Jae'Sean Tate,0.04717975040216,-0.76713669101193,0.81431644141409
Luis Flores,0.55371718846061,-0.25983777052851,0.8135549589891201
Luka Garza,1.9691656087666698,1.15739368726363,0.8117719215030399
Vasilije Micic,1.64145249411808,0.82989804546943,0.8115544486486499
Matt Ryan,0.38534506432043003,-0.42472953683852,0.8100746011589499
Mikki Moore,0.31779824502804,-0.48966194217545,0.80746018720349
T.J. McConnell,1.56956451602846,0.76252587984297,0.8070386361854899
Marcus Garrett,1.02058178995437,0.21751338827614,0.8030684016782301
Travis Wear,-0.25547044148588,-1.05729286152195,0.80182242003607
Jason Lawson,0.75886765948585,-0.042433466608890004,0.8013011260947399
Jonas Valanciunas,1.62058680194924,0.8325998346228901,0.7879869673263498
Wilson Chandler,1.66643184864116,0.8807733296085499,0.78565851903261
Josh Green,1.44122684850543,0.6576879243663301,0.7835389241390999
Ronny Turiaf,-0.25102323366429,-1.0308276731753,0.77980443951101
Adam Keefe,0.20727018103415001,-0.5703015991054801,0.77757178013963
Elfrid Payton,1.4597328893988701,0.68398634776497,0.7757465416339
Daniel Gafford,1.63022911925013,0.85484793893082,0.77538118031931
Jevon Carter,-0.09572834966994,-0.86886793765993,0.7731395879899899
Mark Madsen,-1.45272693006507,-2.21928697175816,0.7665600416930899
Kirk Hinrich,-0.79042073763646,-1.5567161980175401,0.76629546038108
Lindy Waters III,1.0610299198587299,0.29563612434287,0.76539379551586
Isaiah Briscoe,-0.38481182491791,-1.14934909937488,0.7645372744569701
Jemerrio Jones,0.24943672308214002,-0.5142172854649599,0.7636540085471
Emeka Okafor,-0.65769149212332,-1.42087694126021,0.76318544913689
Andrew Gaze,0.16693231601603,-0.59483979737381,0.7617721133898401
Travis Best,-0.25355603777995,-1.01468490380901,0.7611288660290599
Dewayne Dedmon,-0.68170499971777,-1.44217819461901,0.76047319490124
Mark Macon,0.21821156673045,-0.54101599870357,0.75922756543402
Ruben Garces,0.19945806124902998,-0.5586117744790899,0.7580698357281199
Cade Cunningham,1.23864532715027,0.48156597800284,0.7570793491474299
Jamil Wilson,0.27821339261725,-0.47882189497356004,0.7570352875908101
Terance Mann,1.85475970672033,1.10853222128801,0.7462274854323201
Gian Clavell,0.19955711326674,-0.54283306358581,0.74239017685255
Lester Quinones,0.1701665527297,-0.5707109122826299,0.74087746501233
Corey Maggette,1.35793063933075,0.62109127517602,0.7368393641547301
Sam Dekker,1.9621361708374099,1.22560623243214,0.73652993840527
Glen Rice,0.76699428475724,0.03133831558209,0.73565596917515
Amida Brimah,0.27625756663885004,-0.45504791245535,0.7313054790942001
Walter Herrmann,0.20397442394366,-0.52526562218532,0.7292400461289801
Dyson Daniels,0.8824473223881,0.15360899182440999,0.7288383305636901
Torraye Braggs,0.13229898837526,-0.59615698793672,0.72845597631198
David Harrison,-1.6433533484448801,-2.36077300641465,0.71741965796977
Josh Magette,-0.01647531140838,-0.73078050678002,0.7143051953716401
Carlos Delfino,0.43929212083588,-0.27492583994493996,0.71421796078082
Larry Sanders,-3.5883830682571403,-4.29628733181527,0.7079042635581296
Chris Richard,0.15556973981837,-0.5503943949008,0.70596413471917
Matt Maloney,0.61459109427419,-0.0885531714929,0.70314426576709
Desmond Penigar,0.25939597212000004,-0.44353346857591,0.70292944069591
Charles Oakley,-0.67433658084854,-1.3760349265435698,0.70169834569503
Devin Cannady,0.62452759669957,-0.07502136066357,0.6995489573631399
Beno Udrih,1.0839257534989801,0.39129618104277003,0.69262957245621
Alec Burks,1.1267946915567701,0.43688811345717,0.6899065780996001
Mickael Pietrus,-0.89348039331251,-1.5826616017983,0.6891812084857899
Oscar Tshiebwe,0.19920308382471,-0.48564474828073,0.68484783210544
Maurice Ndour,-0.01763579841129,-0.70020955795085,0.68257375953956
Marshall Plumlee,0.02815559311623,-0.65421521728767,0.6823708104039
Johnny Taylor,0.45205219917741996,-0.22867936666505,0.68073156584247
Devon Dotson,0.4160369454822,-0.26408343832637005,0.68012038380857
Tyus Edney,0.06591510204168001,-0.6131485960309699,0.67906369807265
Tyreke Evans,0.89753318676914,0.22244041698337003,0.6750927697857699
Ronnie Price,-1.25015666718354,-1.9249473844330602,0.6747907172495201
Maozinha Pereira,-0.30078678170432,-0.97186768501218,0.6710809033078601
Isaiah Jackson,1.1091426424822601,0.44243248153279,0.66671016094947
Eddie Basden,-0.5913679567358501,-1.25709317714607,0.66572522041022
Kris Dunn,1.3527113695838,0.68797658025547,0.6647347893283301
Phil Pressey,-0.0008392353449329685,-0.66396534456642,0.663126109221487
Greg Monroe,1.0979040087437502,0.43694500946469,0.6609589992790601
Jamaal Tinsley,0.19981666959959,-0.45704403342729005,0.65686070302688
Elton Brand,0.66882638161412,0.015212837804660002,0.65361354380946
Kyle Singler,-0.63751663805967,-1.28779651817702,0.6502798801173499
Jerome Dyson,-0.93667720623669,-1.5772897577245302,0.64061255148784
Jay Huff,0.0655649045799,-0.57204255135356,0.63760745593346
Colby Jones,-0.15562370383071,-0.7929254812841,0.63730177745339
Fred Vinson,-0.16763753283311,-0.80396274265163,0.63632520981852
Jud Buechler,-1.61207157071581,-2.2482587466166897,0.6361871759008798
Tony Parker,1.42526220253016,0.78910818390632,0.63615401862384
Cameron McGriff,0.72038615966588,0.08546582260742,0.6349203370584601
Sasha Vujacic,1.69695290951327,1.06250112175896,0.6344517877543101
Rashad McCants,0.59619097691228,-0.03631938303238,0.63251035994466
Nate Williams,1.01555053961404,0.38624802835308003,0.62930251126096
Jamel Artis,0.56291388426059,-0.06544533377425,0.62835921803484
Sean May,0.82831740049914,0.2047093463576,0.62360805414154
Matt Costello,0.54120164940085,-0.08232880548405,0.6235304548849001
Steven Smith,1.6488076327471604,1.03272872123051,0.6160789115166503
Xavier Henry,-0.93402235730222,-1.54921926800546,0.6151969107032399
Johnathan Williams,0.56344167286778,-0.04878559913567,0.6122272720034501
Shaquille Harrison,-0.21866647425822003,-0.82973989262721,0.61107341836899
Joe Harris,1.4782413055491699,0.8828605790855,0.59538072646367
Gabriel Lundberg,0.59772434750389,0.003360868620808829,0.5943634788830812
Josh Richardson,1.16041643023049,0.56743003856432,0.5929863916661701
Hassani Gravett,0.53151617443807,-0.06116578925985,0.59268196369792
Sam Jacobson,2.08123168246452,1.49618556969827,0.58504611276625
Brandon Clarke,-0.25948129279834,-0.84442360839624,0.5849423155979
Taurean Green,0.70628432026149,0.12208579268261,0.58419852757888
Michael Carter-Williams,-0.35120500861352,-0.9347339475562201,0.5835289389427
Charles O'Bannon,0.043882706301529996,-0.53939515605985,0.58327786236138
Lonny Baxter,-1.4519497473266398,-2.03416309865376,0.5822133513271202
Ben Gordon,2.37860469131294,1.7968180827025602,0.5817866086103799
Chris Duhon,0.1399342784806,-0.43952023618796,0.57945451466856
Charlie Bell,0.9642186812740801,0.38821620689897,0.5760024743751101
Don Reid,-1.51808580853389,-2.0930177827059597,0.57493197417207
Harrison Barnes,0.19639526292169002,-0.37649171020268,0.57288697312437
Carldell Johnson,0.12153361730066,-0.44906733156066,0.57060094886132
Trey Murphy III,1.67941487185303,1.11409790808646,0.5653169637665699
Pat Garrity,1.04057769119958,0.47564473347185,0.56493295772773
Ricky Council IV,0.82290821114854,0.26226610483893,0.56064210630961
Allan Houston,1.20019730583198,0.64196536142093,0.55823194441105
Gerald Madkins,0.12039696885675999,-0.43581641339542,0.55621338225218
Kedrick Brown,-0.3606204063501,-0.9166419566928499,0.5560215503427499
Marquis Daniels,-0.50997974347502,-1.0610587679446601,0.5510790244696401
Michael Sweetney,0.03343181434051,-0.5162829139736,0.54971472831411
Jordan Ford,0.47838399951895,-0.06831050846024,0.54669450797919
Joe Smith,0.08418781482967,-0.45813545203918,0.54232326686885
Steve Blake,0.49487118011868,-0.04551530744848,0.54038648756716
Julian Phillips,0.6683645374764701,0.12884559530813,0.53951894216834
Alize Johnson,0.9136101325888799,0.37620367141655,0.5374064611723299
Matt Williams Jr.,0.15549433809851002,-0.38161951329526,0.53711385139377
Cole Anthony,2.42254549179188,1.8863440849853998,0.5362014068064802
Leandro Bolmaro,-0.73402304666773,-1.2702009857293501,0.53617793906162
Jarnell Stokes,-0.35620196206146,-0.89204053925399,0.5358385771925299
Micheal Williams,0.9438665787314899,0.40828491429497005,0.5355816644365199
Gabe York,0.56858132974417,0.033909007938459995,0.53467232180571
Rick Hughes,0.43787273619720996,-0.0959120805953,0.53378481679251
Tyrone Hill,-0.53877414902506,-1.07000430290155,0.5312301538764899
Travis Hansen,0.34792800122358,-0.18274416255321,0.5306721637767899
Monta Ellis,1.67171566877133,1.1425812692119401,0.5291343995593899
Leon Powe,-0.32399507554192,-0.85274038826815,0.52874531272623
Joel Freeland,-2.01659991949364,-2.54466997048571,0.5280700509920698
Toure' Murry,-0.44259309348768,-0.9682926180721699,0.52569952458449
Muggsy Bogues,0.29800131026837,-0.22319067946210003,0.52119198973047
Ashton Hagans,0.3351794008559,-0.18545973959012998,0.52063914044603
Myke Henry,0.84471465875172,0.32622263274324,0.5184920260084801
Devyn Marble,-0.7576323046287999,-1.2759230579697,0.5182907533409
Tarik Black,-1.6501555345842598,-2.1680244253738197,0.51786889078956
Zhaire Smith,1.0368468007023302,0.52153853402366,0.5153082666786701
Fred Hoiberg,-0.23455140888322001,-0.74862272176607,0.51407131288285
Mirza Teletovic,0.88976897096217,0.37945209143963,0.51031687952254
Rex Chapman,1.29783680548681,0.78848952184788,0.50934728363893
Cheikh Samb,-0.16496385231132,-0.67428940642862,0.5093255541173001
David Stockton,0.4199316776962,-0.08276493011073,0.50269660780693
Damjan Rudez,0.47691330542851995,-0.02306689817121,0.49998020359973
Darrell Arthur,-2.0597099703262503,-2.5595861641679303,0.49987619384168
Jamaal Franklin,0.6308600640321,0.13264947544316,0.4982105885889401
Desmond Ferguson,0.01647619359563,-0.48036066254868,0.49683685614430995
Matt Thomas,-0.20873166371330001,-0.70413032079059,0.49539865707728997
Gary Harris,0.9104305802843999,0.41540448589865997,0.49502609438573997
Tyler Zeller,-0.13245105157415,-0.62436212090236,0.49191106932821
Mac McClung,0.35468664583562,-0.13718154399076,0.49186818982638
Derrick Favors,-0.83851933856587,-1.3300734971102501,0.49155415854438
Tahjere McCall,0.35481245160173,-0.1356258129211,0.49043826452283
Jordan Schakel,0.09916822991332999,-0.38899349040778,0.48816172032111005
Lawrence Roberts,0.26378388722136,-0.22217167423273002,0.4859555614540901
Kebu Stewart,0.24109196567135,-0.24215871701898,0.48325068269032995
Jamie Feick,1.29819835985047,0.8156087295058999,0.48258963034457003
Malcolm Miller,0.29732882415661,-0.18281082291696,0.48013964707357
Caron Butler,0.89602048352148,0.41750719605759,0.47851328746388994
Jordan McRae,1.78687329520386,1.3151582557586698,0.47171503944519
Dewan Hernandez,0.41696298347363003,-0.05081781326927,0.4677807967429001
Amari Bailey,0.67711962763083,0.21047061273623,0.46664901489460003
Bojan Bogdanovic,2.52353034459026,2.0591549786620202,0.46437536592824
Keith Appling,0.03606366821573,-0.42823582932513,0.46429949754086003
Jerome James,-2.65967047118209,-3.11700316583135,0.45733269464925985
Lee Mayberry,1.6395169500380402,1.1849770454922999,0.4545399045457402
Wayne Ellington,0.37038010281492,-0.08214144219524999,0.45252154501017
Tony Mitchell,0.2161139821248,-0.23581248653309003,0.45192646865789
Terrence Ross,1.80122936994437,1.34932460836159,0.45190476158278003
Jordan Farmar,0.33750239511152996,-0.11384705333634,0.45134944844787
Robin Lopez,-1.00565309028289,-1.4569147916846799,0.45126170140178995
Morris Peterson,1.88837433350248,1.43963608521412,0.4487382482883601
Shawne Williams,1.0459494365470101,0.59739922924363,0.44855020730338
Steve Henson,-0.04297330863401,-0.48222962701433003,0.43925631838032003
Robbie Hummel,1.44843149075539,1.00952968744881,0.43890180330657996
Joe Alexander,0.9411029631048,0.50381391301828,0.43728905008651997
Christian Laettner,0.10548927754087,-0.33175767773589,0.43724695527675994
Alexis Ajinca,-1.35689906273213,-1.79235643490323,0.43545737217109987
Miye Oni,0.2682114942975,-0.16714516540017,0.43535665969767
Renaldo Major,0.09661344793449,-0.33835989489972,0.43497334283421
Alex Stepheson,-0.11720001325632001,-0.5511143491581,0.43391433590178
Brandon Jennings,1.7983530117411801,1.36574815090284,0.43260486083834
Al Harrington,0.5440338820671601,0.1137924638494,0.43024141821776
Bonzi Wells,0.10791822001996002,-0.31963276343666003,0.42755098345662
Denzel Valentine,-0.85712714865158,-1.28331875286582,0.42619160421424
Mario West,0.18035342756486,-0.24518830531251,0.42554173287737
Ervin Johnson,-1.44684708676615,-1.8716653034771502,0.42481821671100006
Jacob Wiley,-0.33654833221089003,-0.76033036510051,0.42378203288962
Jeff Sheppard,-0.45432523309401,-0.87496526075637,0.4206400276623601
Ky Bowman,-0.8449819485579,-1.26053193815816,0.41554998960026
Bones Hyland,2.948580922563,2.5363177292198302,0.4122631933431698
Leaky Black,0.31434892532322,-0.09615490610435,0.41050383142757
Greg Buckner,0.19771454265632002,-0.20881990507013,0.4065344477264501
Bison Dele,-0.59464066596995,-0.9924948159323399,0.3978541499623899
Cassius Stanley,-0.31251839646559,-0.7101353324895701,0.39761693602397996
Shayne Whittington,0.16828916695496998,-0.22020615564333,0.3884953225983
Leon Smith,0.32212895985369,-0.06419624122246,0.38632520107615004
Petr Cornelie,0.14189483785739002,-0.24434527944771,0.38624011730510005
Ron Harper Jr.,0.46045455115346,0.07626378560111001,0.38419076555235
Toney Douglas,1.85530275793405,1.47115260155145,0.38415015638259986
Devean George,-1.3332210364554902,-1.71547024844319,0.3822492119877001
C.J. Wilcox,-0.5659979311513199,-0.94535338886181,0.37935545771048995
Chris Singleton,-1.7315600906928401,-2.10844896774864,0.3768888770558001
Jerry Stackhouse,1.32810696744037,0.95136525123511,0.3767417162052601
Jarron Cumberland,0.37982358205037997,0.005332273091374362,0.3744913089590056
Obinna Ekezie,0.21165344302736,-0.1571230972845,0.36877654031186
Mike Harris,-0.48041166613261005,-0.84578530340657,0.3653736372739599
Mitchell Creek,0.19177511584496001,-0.17159876414719,0.36337387999215004
Brice Johnson,-0.07895611502306,-0.44225698426645,0.36330086924339
Joel Przybilla,-1.51667452054633,-1.87889172655857,0.36221720601224017
Jared Butler,1.28939204800712,0.9274157132038101,0.3619763348033099
GG Jackson II,-0.16652968191498,-0.5264258636728301,0.35989618175785
Lance Stephenson,0.63510251292959,0.27992322929957003,0.35517928363002
Thomas Welsh,0.17533705509637,-0.17723106953638,0.35256812463275
Carlik Jones,0.22095249127766,-0.12952256882326,0.35047506010092
Adonis Thomas,0.26933434698542,-0.07910545294224999,0.34843979992767005
Guillermo Diaz,0.33363868917627,-0.01387120053654,0.34750988971281
Reggie Geary,-1.28449686300452,-1.6276976874902802,0.34320082448576017
Jordan Goodwin,-0.31414938363472,-0.65720421576925,0.34305483213453003
Jalen McDaniels,1.04754228263535,0.70831142558576,0.33923085704959
Devin Robinson,0.67962335478103,0.3406181706794,0.33900518410163005
Calbert Cheaney,0.06918319441159,-0.26901081508315,0.33819400949474
Keldon Johnson,1.97423034528127,1.6362058483382,0.33802449694307
Shareef Abdur-Rahim,0.59579361309714,0.25973904366807,0.33605456942906997
Marcus Landry,0.57793438586618,0.24384194914256999,0.33409243672361
Maurice Baker,-0.06381509834909001,-0.39783123768773,0.33401613933864
Leandro Barbosa,2.05286445282049,1.72098376136208,0.33188069145841
Luke Babbitt,1.49301399884095,1.16160223716235,0.3314117616786001
Davion Mitchell,-0.07453149557826,-0.40506167813398003,0.33053018255572
Stephane Lasme,0.13269616084161,-0.196819508913,0.32951566975461005
Jeff Foote,0.08553535355828999,-0.24227191436562998,0.32780726792391995
Anthony Lamb,0.9118265339367101,0.58450122976988,0.3273253041668301
Jose Calderon,1.61138054797034,1.29162149221982,0.31975905575052
Jamal Robinson,-0.5174302912668,-0.83644106836096,0.3190107770941601
Killian Tillie,-0.30089857132917003,-0.6154771433156,0.31457857198642997
Eric Mika,0.24204574054129,-0.07118685775457,0.31323259829586
Donta Smith,0.61306645341556,0.30083061390460003,0.31223583951096
Vic Law,-0.181633971764,-0.49357510722926,0.31194113546526003
Luis Scola,0.23710093163725998,-0.07039320096190001,0.30749413259916
Simone Fontecchio,1.0328697291723,0.73286327823404,0.30000645093825995
Bruce Brown,1.8536216184707701,1.5585940780415701,0.29502754042920015
Tony Dumas,0.29505680138207,0.0009005085994331247,0.2941562927826369
Chris Johnson,0.18261210951049997,-0.11147741181722001,0.29408952132772
Nickeil Alexander-Walker,1.22852824653792,0.9357190002738099,0.2928092462641101
Jim Jackson,-0.57416755023564,-0.865712234822,0.2915446845863599
Joel Anthony,-2.33120844619042,-2.62190794409011,0.2906994978996901
Kevin Martin,3.3133543225431703,3.0237502295531,0.2896040929900704
Greg Whittington,0.03089998689987,-0.25850393809697003,0.28940392499684003
Cat Barber,0.26197839851092997,-0.02562326426864,0.28760166277957
Sam Merrill,0.24782236886014003,-0.03935445614187,0.28717682500201
Troy Bell,-0.06927868879907,-0.35447330712595,0.28519461832688
Danny Manning,-1.2456610056911699,-1.5225414047654,0.2768803990742301
Drew Peterson,0.47904730681408003,0.20507085179788,0.2739764550162
Tyrese Maxey,2.57890416673605,2.3058008676715502,0.2731032990644998
Marcus Paige,0.32831887108875,0.056735504133879996,0.27158336695487
Joel Bolomboy,-0.31867015587527,-0.59020181677257,0.27153166089729996
Ivica Zubac,-0.23618001866333,-0.5065169514205601,0.2703369327572301
Gui Santos,0.59632327250065,0.32612886759856,0.27019440490208996
Trevor Hudgins,0.031109654226549998,-0.23870755548349,0.26981720971004003
James Lang,0.39543091559207005,0.12600253101605,0.26942838457602003
Antonio Blakeney,2.00914619718783,1.7400805597144902,0.26906563747334
Julian Champagnie,1.56171193968054,1.2936476677470898,0.26806427193345006
Brian Bowen II,0.09178438551937,-0.17577456003560998,0.26755894555498
Donovan Williams,0.12238352647161,-0.14436036995013002,0.26674389642173996
Speedy Claxton,-1.2761466776889698,-1.54153453237427,0.2653878546853001
Melvin Ely,-0.34024627998981,-0.6056039076018,0.26535762761199
Jaden McDaniels,0.6909971979723399,0.42604659024554997,0.26495060772678997
Martynas Andriuskevicius,0.07185680782079,-0.19003844607994,0.26189525390073
Carrick Felix,0.27157475285648003,0.01583433501907,0.25574041783741003
Jaylen Adams,0.58327823583152,0.3315179339505,0.25176030188102
Chris Taft,0.034171887418350005,-0.21642470365546,0.25059659107381
Xavier McDaniel,0.71818317368517,0.46765200987145,0.25053116381372
Ledell Eackles,-1.40045360990871,-1.64997610942592,0.24952249951721
Andre Owens,-1.2027839688047,-1.44936364958555,0.24657968078085
Craig Porter Jr.,1.7890706336799098,1.54305919313023,0.24601144054967988
Julius Randle,1.3433088481636501,1.09925225808993,0.24405659007372005
Darrun Hilliard,0.25602302379148,0.012395009099859999,0.24362801469162
James Southerland,0.0179796833713,-0.22320050252707,0.24118018589837
Joe Crawford,-0.13804267445667,-0.37832269226323,0.24028001780656
Pat Connaughton,1.14072689361129,0.9007744541169901,0.23995243949430003
Filip Petrusev,0.08002051332106,-0.15478463645395998,0.23480514977501998
Bobby Portis,2.12168862670711,1.88970124491657,0.23198738179053996
Keith Benson,0.05080640125468999,-0.17919833208784,0.23000473334253
Shandon Anderson,0.47462592699616996,0.24624874830393,0.22837717869223997
DerMarr Johnson,-1.10654348806839,-1.3345833661676199,0.22803987809923
Donte Greene,-0.9515097415234199,-1.17893661855951,0.22742687703609013
Andrew Nembhard,1.41546921000617,1.1886412461001,0.22682796390607
Henri Drell,0.37932971098808,0.15459115349171001,0.22473855749637
Matt Mooney,-0.28085610038149,-0.50473697651558,0.22388087613409002
Clifford Robinson,-0.26506432519762,-0.48457649692668003,0.21951217172906
Hiram Fuller,-0.52837144747492,-0.74774958588311,0.21937813840818995
Lavor Postell,-1.12927181029292,-1.3457998386627998,0.21652802836987992
Matt Harpring,0.87790337837925,0.66202564483903,0.21587773354021997
Nigel Hayes,-0.39996848644846,-0.61572695425142,0.21575846780296
Markquis Nowell,0.05812496746148001,-0.15659298735948,0.21471795482096
Andris Biedrins,-0.35465690020136,-0.5681849924426899,0.21352809224132996
Korleone Young,-0.04823677272249,-0.26039379604118,0.21215702331869002
Harold Ellis,0.62394037798957,0.41363944363974,0.21030093434983005
Javin DeLaurier,0.21086625759275,0.0010611493000223225,0.20980510829272767
Todd MacCulloch,-0.4776716924035,-0.68724009047647,0.20956839807296998
Stacey Augmon,-1.8358603142519299,-2.0421729547925103,0.20631264054058013
Aaron Miles,-0.18082125036263,-0.38672030991747003,0.20589905955484003
Eric Moreland,-1.7708655278400602,-1.9759313256362598,0.2050657977961997
Jabari Parker,1.37791635415105,1.1757449183300102,0.20217143582103997
DeVaughn Akoon-Purcell,0.23417234968195,0.03338031240039,0.20079203728155998
RaiQuan Gray,0.8526588568097,0.65343215474992,0.19922670205978002
Troy Caupain,0.31361379514221,0.11846077939629,0.19515301574592
Vincent Hunter,0.0930865809143,-0.10177096658285001,0.19485754749715
Isaac Okoro,1.00778207975006,0.8142116086610499,0.19357047108901002
Billy Garrett,0.0099441982525998,-0.17999433247296,0.1899385307255598
James Johnson,-0.8556546599706301,-1.04374396093398,0.18808930096335003
J.R. Henderson,-1.00955660534345,-1.19680636557453,0.18724976023107992
Angel Delgado,-0.25543211652094,-0.44104480901193,0.18561269249099
Darius Days,0.10377869501979,-0.08128592003313,0.18506461505292
Stephon Marbury,3.05433098457459,2.86983957488482,0.18449140968977013
Jerel McNeal,-0.2323949132114,-0.41535821947088,0.18296330625947999
Andrew Funk,0.15657699088599,-0.025876152204129997,0.18245314309012
Scott Williams,-1.9353782046941999,-2.11735472204075,0.18197651734655
Jordan Poole,0.56793579924005,0.38724599387231,0.18068980536773996
Pape Sy,-0.0400877916356,-0.21724554257936,0.17715775094376
Ryan Reid,0.04273024638103,-0.13233152563992,0.17506177202095
Chris Owens,0.24618003219207,0.07216517673603999,0.17401485545603
Malik Beasley,0.8352663039509101,0.6615190184554101,0.17374728549550003
Leonard Miller,0.08735451234834,-0.08445558836402,0.17181010071236
Craig Sword,-0.07255242173933,-0.24378826402039,0.17123584228106
Chimezie Metu,-0.002814303705019908,-0.17404453022368,0.1712302265186601
Steven Hill,-0.0002688410433570236,-0.17059024348283,0.17032140243947297
Jerrelle Benimon,0.02190458465397,-0.14702696374171,0.16893154839568
Rodney Stuckey,1.08066421788613,0.91180062849205,0.16886358939408008
RJ Hunter,-1.99618903792581,-2.16484160036543,0.1686525624396199
Jeff Trepagnier,-0.8643334952200399,-1.03154028209884,0.16720678687880008
Mark Jones,0.20066212137551998,0.03418001025044,0.16648211112507996
Noel Felix,0.15606725427917,-0.005844701956084949,0.16191195623525495
Stanton Kidd,-0.06586890648648,-0.22662139656055,0.16075249007407
J.P. Macura,-0.13369826080560002,-0.29415536722659,0.16045710642098998
Moochie Norris,-0.0548761609092,-0.21462578378208,0.15974962287288003
Jerome Beasley,0.004029503305928198,-0.15315062506783,0.1571801283737582
Nigel Williams-Goss,-0.06348944476792,-0.21894497311904,0.15545552835111998
Chucky Atkins,1.76954556775799,1.6174124570059,0.1521331107520899
Marques Bolden,-0.26065808964903,-0.41195697078964005,0.15129888114061005
Kosta Perovic,-0.38820879412385,-0.53558641101861,0.14737761689475998
Tyson Wheeler,0.21188917406941998,0.06630067285923,0.14558850121018999
Bobby Jones,-1.72177244065806,-1.86666101310492,0.14488857244686001
Tre Scott,0.036671386243300005,-0.10674403349762,0.14341541974092
Darington Hobson,-0.19857802145457001,-0.34125912994006,0.14268110848549
Kyle Collinsworth,0.90836859220021,0.76795090887222,0.1404176833279901
Jerald Honeycutt,0.14479018252674,0.005219257381296471,0.1395709251454435
Keith Langford,-0.06495472809992,-0.20372238756577,0.13876765946584999
Julian Washburn,0.20091009935138998,0.06339922233212,0.13751087701926998
Jamorko Pickett,0.23329020415833002,0.09660884479139001,0.13668135936694004
Malcolm Cazalon,0.16257193462933,0.030765771040319998,0.13180616358901
David Benoit,-0.37395701482545,-0.50515745511334,0.13120044028789
Dell Curry,2.10854873386159,1.9822801363159899,0.12626859754560002
Tang Hamilton,-0.5691159018281,-0.69406131253465,0.12494541070654994
Timofey Mozgov,-1.8956011597074,-2.01810896471217,0.12250780500476996
Joe Wieskamp,-0.37351623723469995,-0.49536296582989997,0.12184672859519999
Jerami Grant,-0.07131804448632,-0.19238534912810998,0.12106730464179
Taylor Hendricks,0.61794870490461,0.49768701967789997,0.12026168522670999
Marko Milic,-0.46001782182478,-0.58027733727456,0.12025951544977999
Jodie Meeks,0.93513102174186,0.81522881730621,0.11990220443565003
Wayne Turner,-0.14660925870281,-0.26364956570929,0.11704030700648001
Matt Hurt,-0.49127295083525,-0.60761783382393,0.11634488298868
Billy Thomas,0.70410069563807,0.5887516693942499,0.11534902624382005
Kelly McCarty,-0.12092109313715999,-0.23620070343004,0.11527961029288
Saddiq Bey,2.9484134833041398,2.83483106843551,0.11358241486863
Georges Niang,1.1550756172019399,1.0439871545447,0.11108846265723993
Mustafa Shakur,-0.17371267657688,-0.28439659359853997,0.11068391702165999
Bruno Caboclo,-0.9335417231626999,-1.04287224439168,0.10933052122898013
Tornike Shengelia,0.14146905647773,0.03312311152032,0.10834594495740998
Mike Scott,-0.21000843150865,-0.31482309823154003,0.10481466672289
Coty Clarke,0.22390149415832,0.11943874753606,0.10446274662226
Deandre Ayton,0.33029722065295003,0.22712396136795,0.103173259285
Jamal Cain,-0.38748969730315996,-0.48896961267845,0.10147991537529004
AJ Griffin,1.02325762040805,0.92322794263058,0.10002967777747
Cam Whitmore,0.75696053260572,0.6570570488760099,0.09990348372971009
Mike Wilks,-1.1450757063630501,-1.24132594110922,0.09625023474616988
Emanual Davis,-0.88845110132246,-0.98424010934727,0.09578900802481011
David Wesley,0.0003846468494149897,-0.09535404850372,0.09573869535313499
Maurice Carter,-0.412813001213,-0.5081894900830399,0.09537648887004
Anzejs Pasecniks,0.8270926420110399,0.73299677061936,0.09409587139167994
JD Davison,-0.01349332504964,-0.10584655056464,0.092353225515
Tyrese Martin,0.17173215347117998,0.07966373615331,0.09206841731787
Andre Barrett,0.66443316550316,0.57236523348488,0.09206793201828002
Festus Ezeli,-1.7987801036147801,-1.88911781917796,0.09033771556317995
Mangok Mathiang,-0.10565791190045,-0.19590742683940002,0.09024951493895
Donta Hall,0.32964996828235,0.23953632855336,0.09011363972899
Richard Jefferson,0.22645270625764,0.13724053817112,0.08921216808652
Malcolm Lee,-1.2595839873671,-1.34775054083762,0.08816655347052005
Courtney Sims,-0.20504040352673,-0.29263614674632,0.08759574321958999
Rafer Alston,-0.7937358033839201,-0.8786732028319301,0.08493739944800995
Ahmad Caver,0.06698953463411,-0.015340662760289999,0.0823301973944
Chris Childs,-2.45968276545234,-2.54028798439913,0.08060521894679012
Izaiah Brockington,0.11301718456761001,0.03258558747517,0.08043159709244001
Trey Gilder,-0.12648839539523,-0.20680843253448,0.08032003713925001
Lynn Greer,0.47871992011757003,0.40009763815222,0.07862228196535001
Orlando Robinson,0.63407537902078,0.55608947132528,0.07798590769550004
Pooh Jeter,0.20339805117972,0.1261953748869,0.07720267629282002
Joel Ayayi,-0.14649814245841,-0.22177060402759,0.07527246156918001
Caleb Houstan,1.05513589389972,0.97993198119775,0.07520391270196998
Ben McLemore,0.63945629521951,0.56462908301477,0.07482721220474003
Isaiah Mobley,-0.17867307800195,-0.24979979518104,0.07112671717909001
Jonathan Kerner,0.02869454046023,-0.04064704372509,0.06934158418532
Edy Tavares,0.49341487515967,0.42674282996285,0.06667204519681999
Garret Siler,0.2629289480239,0.20125190048795,0.061677047535950005
Haywoode Workman,-0.32838432273827,-0.38736432417813,0.058980001439859965
Grant Riller,0.09588326193472,0.03696130599797,0.05892195593675
Hunter Tyson,-0.15715371603477998,-0.214906012154,0.05775229611921998
Francisco Garcia,-0.24118999362281998,-0.29695422915062997,0.05576423552781
Jalen Johnson,-0.27948296422461,-0.33334449676724004,0.053861532542630014
AJ Lawson,-0.07714362407804,-0.12993361867459002,0.05278999459655001
Michael Dickerson,-0.52217642702352,-0.57396018965888,0.051783762635360026
Voshon Lenard,0.73039872163124,0.6815502761123,0.048848445518940006
Tim Young,0.22210237593008,0.17410354342559,0.047998832504490004
MarShon Brooks,0.34160577631429,0.29440938605085,0.04719639026344001
Gerard King,-1.30474052087895,-1.35125653742247,0.04651601654352012
Kevin Salvadori,-0.37072106757677,-0.41483911877694,0.04411805120017004
Terry Taylor,1.5743364041099401,1.5321348981001899,0.04220150600975012
Yuta Tabuse,-0.13601568584363,-0.17738114081259,0.04136545496895999
Trevon Duval,0.10100177254368001,0.06036562768559,0.04063614485809
Slavko Vranes,0.03696581245594,-0.0021452088900612504,0.03911102134600125
James Singleton,-0.62228195590793,-0.65975051930945,0.03746856340151993
Greg Graham,0.07684525029907,0.03966720795083,0.037178042348239994
Jalen Crutcher,0.02819768570657,-0.008587498693105048,0.03678518439967505
Tony Bobbitt,0.0967017889275,0.06109458099999,0.035607207927509994
Collin Gillespie,0.16805792383114002,0.13287973717951,0.035178186651630014
Brandin Knight,0.11568490777024,0.08074224084431,0.034942666925930004
Robert Archibald,-2.26517628939826,-2.29983268091623,0.03465639151797005
Ade Murkey,-0.04260895836648,-0.07631197959093,0.03370302122444999
Louis King,-0.10061595260594,-0.1337551823768,0.03313922977086
Erick Strickland,-0.8412398535420701,-0.8742748656279,0.033035012085829915
Jacob Pullen,-0.19847622267449,-0.22952317462702002,0.031046951952530023
Jack Cooley,-0.66105432962612,-0.6910527711040201,0.029998441477900074
Randy Holcomb,0.08152986053787,0.055312563441,0.026217297096869995
Chris Herren,0.9154724759961499,0.8893440602878999,0.02612841570825003
Jeff Nordgaard,0.38243379163759,0.35656158275097,0.025872208886620028
Kirk Penney,-0.1659711290225,-0.19030020881978998,0.024329079797289994
Yante Maten,-0.04300999715188,-0.06717365944228,0.024163662290399995
Tim James,-0.64176791799594,-0.66447377912353,0.022705861127590016
Jawun Evans,-0.382101399566,-0.40456702092523994,0.022465621359239955
Paris Bass,-0.06761857501793,-0.08868011537829,0.021061540360360002
T.J. Warren,0.98670055714351,0.9685760026990099,0.018124554444500125
Jalen Slawson,0.19907389972694,0.18196056531854,0.017113334408399995
Billy Owens,-0.41844474807791,-0.43379530312349,0.01535055504558007
Adam Flagler,0.07928150498672999,0.06403196969735,0.01524953528937999
Cameron Oliver,0.71978373473287,0.7045776855614501,0.01520604917141996
Mychel Thompson,-0.1558516618215,-0.16734473879346,0.011493076971959997
Zach Lofton,-0.0027311410771262245,-0.013622130829800001,0.010890989752673778
Sim Bhullar,0.035476232152090004,0.02521466674456,0.010261565407530001
Wesley Johnson,-0.60880774074448,-0.61603845275292,0.007230712008439964
Dontae' Jones,-0.059198029550850004,-0.06424502551392,0.0050469959630700025
Pete Myers,-0.20265517629922,-0.20560713492274002,0.0029519586235200127
Sean Elliott,-1.41677801041513,-1.4194431151042999,0.0026651046891699656
Tyler Davis,-0.03645083375072,-0.03870372306047,0.002252889309749999
Andy Panko,-0.03645028865444,-0.03587210989621,-0.00057817875823
Dmytro Skapintsev,-0.04706671698587,-0.04473723146028,-0.0023294855255899995
Reggie Hanson,-0.22262366834382,-0.21884119678782,-0.0037824715560000246
Tyler Cavanaugh,0.29862813161265,0.30248778192192,-0.0038596503092699994
Esteban Batista,-0.46880897413369,-0.45986409295930997,-0.008944881174380043
Tim Breaux,-0.27060618964859,-0.26143842672381,-0.009167762924779978
Vincent Edwards,0.07336053203121,0.08394930127369,-0.010588769242480004
Feron Hunt,-0.19836488524760998,-0.18734980732554,-0.011015077922069995
Jett Howard,-0.41867237209317,-0.40620864768349,-0.012463724409679956
Brandon Sampson,1.08322863731795,1.09676844522651,-0.013539807908560103
Chris McCray,-0.06669700283924,-0.05296347484189,-0.013733527997350004
Charlie Brown Jr.,-0.93447648474017,-0.92029934538877,-0.014177139351399977
Rawle Alkins,0.48588785615060004,0.50192807017971,-0.01604021402910995
Jackson Vroman,-0.48054365843324,-0.46104233841828995,-0.019501320014950023
Daequan Cook,-0.37018379311717,-0.34885554219938997,-0.021328250917780015
Sundiata Gaines,-0.26411622784159,-0.24194833874632,-0.022167889095269996
Pepe Sanchez,-0.45072285847176996,-0.42842756721197,-0.0222952912598
Marvin Bagley III,1.115487628652,1.1380002220996701,-0.02251259344767005
Kosta Koufos,-1.55571039486528,-1.53058801908648,-0.02512237577879991
Shamorie Ponds,0.1695275178459,0.19502729616549,-0.025499778319590015
Jay Scrubb,0.07579466668516,0.10555377618893999,-0.029759109503779996
DeMarco Johnson,-0.17766674079175,-0.14773311440701,-0.029933626384739995
Trey McKinney-Jones,-0.0005131311101221679,0.030329446704389997,-0.030842577814512166
Chris Quinn,1.3288453227671901,1.3600299850337199,-0.031184662266529883
Kevin Edwards,-0.43524344901351,-0.40401479448415,-0.03122865452935995
Milton Doyle,-0.059739799179740004,-0.028015372757719998,-0.03172442642202
Kyle Alexander,-0.21338788379223003,-0.1801254761029,-0.033262407689330024
Jaime Echenique,-0.10773940316259,-0.07173098228178,-0.03600842088081
Robert Hite,-0.36268345244222,-0.32661254680949,-0.03607090563272999
Josh Reaves,-0.09559171689055,-0.05941966561481,-0.03617205127574
Mark Baker,-0.039817739541080005,-0.002680920151497659,-0.03713681938958234
Tremont Waters,0.41935325120392997,0.45650203789542,-0.037148786691490035
Kaiser Gates,-0.18112359805828002,-0.14390489426178002,-0.037218703796500004
Alex Scales,-0.03844380705344,0.0,-0.03844380705344
Alexander Johnson,1.52086069446087,1.55966283030301,-0.038802135842140074
Eric Riley,-0.63410351558771,-0.59426975825464,-0.03983375733307001
Shea Seals,-0.08481451763301,-0.04370862998969,-0.041105887643319995
Dedric Willoughby,0.05659016726259,0.09773362296926001,-0.04114345570667001
AJ Hammons,-0.12015053918869999,-0.0783648012398,-0.04178573794889999
Austin Rivers,1.36420225502665,1.40646594292149,-0.04226368789484007
Kevinn Pinkney,0.04674928897841,0.08951577416118,-0.04276648518277
Jerome Moiso,-3.21611446706619,-3.17197643413173,-0.04413803293445984
Matt Freije,-1.52476121108631,-1.47890375569382,-0.04585745539249005
Brandon Paul,-1.5696692243045498,-1.52046995452443,-0.04919926978011989
Guerschon Yabusele,-0.18851833251577998,-0.13775914064655,-0.05075919186922999
Tibor Pleiss,0.08360106975988,0.13811657103679,-0.05451550127691001
Ryan Arcidiacono,-1.10093239131936,-1.04543971220207,-0.05549267911729005
James Webb III,0.16848726818718,0.22503181664513,-0.05654454845795001
Scottie Lewis,-0.03349680071319,0.025471703885510004,-0.0589685045987
Wang Zhi-zhi,0.3750595593817,0.43436704564490003,-0.059307486263199996
Dexter Dennis,-0.30188976819056,-0.24228555431284998,-0.059604213877710026
Matt Geiger,0.0012374112647408077,0.06175499939678,-0.06051758813203919
Miles Plumlee,-0.9612421223471199,-0.9002327261652,-0.06100939618191997
Isaiah Rider,2.5446336585868,2.60647181104492,-0.06183815245811991
DJ Stephens,-0.30456944481654,-0.24076529785311002,-0.06380414696343
Naz Reid,-0.49165076923421996,-0.42766741920312,-0.06398335003109995
Jaron Blossomgame,-0.19283685520022,-0.12849427969632998,-0.06434257550389001
Trevor Winter,0.05375225440932999,0.11876682239531,-0.06501456798598
Dion Glover,-1.13825793768055,-1.07174127738324,-0.06651666029731003
Michael Finley,0.73678402568929,0.8034514174670601,-0.06666739177777006
Ousmane Dieng,0.11306195266619001,0.18015505112482,-0.06709309845863
Bob McCann,-0.0903987317473,-0.02056453978283,-0.06983419196447001
Jarell Martin,-1.18276226376319,-1.1128179869844002,-0.0699442767787899
Victor Alexander,-0.048717870466169995,0.02215475880648,-0.07087262927264999
Jon Teske,-0.10608899759054001,-0.03497211906039,-0.07111687853015002
Naz Mitrou-Long,0.11731870634064,0.18877082041377,-0.07145211407313
Pavel Podkolzin,-0.46255697894037,-0.39106115714294,-0.07149582179743
Oleksiy Pecherov,0.58047988621685,0.65411697464106,-0.07363708842421006
Darvin Ham,-3.41016362887235,-3.3358522223449496,-0.07431140652740045
Keyon Dooling,-0.44293216306749,-0.36653780021046,-0.07639436285703004
Peter John Ramos,-0.33978588810419996,-0.26334935911906,-0.07643652898513997
Andrae Patterson,-1.09603776387942,-1.01938910461123,-0.07664865926819003
Michael Gbinije,0.01724036790725,0.09400170844937,-0.07676134054212
Brandon Davies,0.61221588470467,0.6896426631807699,-0.07742677847609997
Blue Edwards,0.62331597033521,0.70159799038179,-0.07828202004658003
Chris McCullough,1.15465127346375,1.23493329867856,-0.08028202521481002
Julius Hodge,-0.29494270377660997,-0.21347880913716,-0.08146389463945
Donte Grantham,-0.030803131673889997,0.054499251595010005,-0.08530238326890001
Jamal Crawford,1.6351106058074798,1.7227391858383099,-0.08762858003082998
Tony Delk,-0.39043817274427,-0.3022127979148,-0.08822537482947
Thurl Bailey,-2.20008789539137,-2.1109529605016,-0.08913493488976985
James Collins,0.13930469257167,0.22916564113688,-0.08986094856521003
Yakhouba Diawara,-0.90682763424178,-0.8164371888198599,-0.0903904454219201
Quenton Jackson,-0.21857398166254,-0.1277893562521,-0.09078462541044
Roko Ukic,-1.03485274977053,-0.94218507715389,-0.09266767261664008
Benoit Benjamin,-0.6385054036175201,-0.54406511162145,-0.09444029199607001
Luther Head,-0.45566113625899,-0.36078823704595997,-0.09487289921303005
Juan Toscano-Anderson,-0.7853651545718401,-0.69031912962038,-0.0950460249514601
Ivan McFarlin,-0.033133440825039995,0.062411994757069995,-0.09554543558211
Jameel Warney,0.05226868724526,0.14992381593397,-0.09765512868871
Terrance Roberson,0.02518444514029,0.12771700322516,-0.10253255808487
Garrison Mathews,1.49233155986223,1.59514475304152,-0.10281319317928979
Malik Newman,-0.1779707464064,-0.07496875627615,-0.10300199013025002
Arron Afflalo,0.8061158988034899,0.90968416359705,-0.10356826479356006
Makhtar N'diaye,0.15626252104066,0.26093104990519,-0.10466852886453003
DaQuan Jeffries,0.39937575989012997,0.5043064591616601,-0.10493069927153004
Dorell Wright,-0.89249157314834,-0.7875193414548299,-0.10497223169351008
Ratko Varda,0.014442941299920001,0.12144943782804,-0.10700649652812
Ndudi Ebi,-0.01046171157786,0.09715960567566,-0.10762131725352
Marcus Derrickson,-0.26146814142894,-0.15364419990814,-0.10782394152079999
David Johnson,-0.08856006194945,0.02669375557785,-0.11525381752729999
Michael Foster Jr.,-0.08360659867515001,0.032516839144289995,-0.11612343781944
Malik Sealy,-0.08554742791244,0.03108875257754,-0.11663618048998
Dionte Christmas,-0.0075488903333535366,0.10986299440329,-0.11741188473664355
Josh Giddey,1.21542778392493,1.3345279229659102,-0.11910013904098005
Tyrell Terry,-0.67555988541424,-0.55505500529536,-0.12050488011887996
Tyler Hall,-0.08694531801139,0.03372650895353,-0.12067182696492
Kendall Gill,-0.8729720231143099,-0.75199419917484,-0.12097782393946993
Willy Hernangomez,1.41931780015036,1.5411097969509,-0.12179199680053994
Royce White,-0.00990968555487204,0.11220011194243999,-0.12210979749731202
Delonte West,-0.75341653912994,-0.62831765012875,-0.12509888900118998
Charles Bassey,0.031038225340089997,0.15740162062942,-0.12636339528933
Jaylin Williams,0.69322161988383,0.82108482731132,-0.12786320742749005
Gani Lawal,-0.09266655242199,0.03523428796262,-0.12790084038461
Grant Long,-3.05023710985405,-2.91755283353912,-0.1326842763149299
Stanley Umude,-0.13074682438444998,0.002081066895357837,-0.13282789127980782
Michael Beasley,0.74182123449967,0.8754666269000301,-0.13364539240036005
Kris Joseph,0.02712938818367,0.16113206275865,-0.13400267457498
Jordan Sibert,0.1161169576641,0.25094260662755,-0.13482564896345
Rick Mahorn,-0.9678394567158801,-0.83095187625097,-0.13688758046491012
Jeff Grayer,0.09589171554929,0.23414082181583,-0.13824910626654002
Dzanan Musa,0.25673302013404004,0.39531835666894,-0.1385853365349
Ian Mahinmi,-3.35285073605347,-3.21371848709859,-0.13913224895487977
Deng Gai,-0.0459849485837,0.09316733061284001,-0.13915227919654
Rodney Hood,0.6218360535315,0.76115681342503,-0.13932075989353002
Moussa Diabate,0.73460266011041,0.87409591070843,-0.13949325059801992
Taylor Griffin,-0.0701580569259,0.07008529690318,-0.14024335382908
Casey Shaw,-0.4164793575042,-0.27505403695137,-0.14142532055283
KJ McDaniels,-1.43914899523592,-1.29653940308211,-0.14260959215380997
Jalen Pickett,-0.24263684450129003,-0.09937770745149001,-0.1432591370498
Kasib Powell,-0.9426295995400199,-0.7993571581910001,-0.14327244134901984
Cedric Jackson,-0.33054859221451,-0.18405330468792,-0.14649528752658997
Alex Acker,0.3096598653651,0.45626186636134003,-0.14660200099624004
Kalin Lucas,-0.20629983656754,-0.05941619267744,-0.1468836438901
Roger Mason Jr.,1.18882958838498,1.33639162119056,-0.14756203280558
James Ennis III,1.1860445393318901,1.33366903904489,-0.14762449971299998
Ryan Humphrey,-2.54340233800752,-2.39510385984977,-0.14829847815775005
Gerald Henderson,-1.22067664152459,-1.07220705451915,-0.14846958700543994
Andre Dawkins,-0.22247585141725001,-0.07245433119823,-0.15002152021902
Xavier Silas,-0.23242851413322,-0.08165531067311001,-0.15077320346011
Sam Mack,-1.64587402530769,-1.49494035075013,-0.15093367455755996
Sasha Kaun,-0.62969368145711,-0.47804606656034,-0.15164761489677003
Elijah Bryant,-0.51963184272702,-0.3676675418193,-0.15196430090772
Isaiah Wong,-0.10852892843456,0.04543501627392,-0.15396394470848
MJ Walker,-0.25616532090763,-0.10109004453476,-0.15507527637287002
Carlos Boozer,1.20609744388091,1.36343898824334,-0.15734154436242986
Grant Williams,0.8048622639152001,0.96230219148997,-0.15743992757476996
Omar Cook,-0.31394739132716,-0.1551026079025,-0.15884478342466002
Josh Akognon,-0.06662357376355,0.09418811426239,-0.16081168802594
Ed Davis,-1.18118434588279,-1.01745316959875,-0.1637311762840399
Etdrick Bohannon,-0.3017671980139,-0.13703610461607002,-0.16473109339783
Bill Curley,-0.37621618045669997,-0.21111699666827,-0.16509918378842997
Chris Smith,-0.002173205462810729,0.16457678004416998,-0.16674998550698072
Chris Jefferies,-1.05035614097466,-0.8833703721740299,-0.16698576880062999
E.J. Liddell,0.03307751552795,0.20418898875248997,-0.17111147322453998
Shaq Buchanan,-0.03140406867177,0.1407097368369,-0.17211380550867
Michael McDonald,-0.20716337893358,-0.03100855351252,-0.17615482542106
Mike Hall,-0.10485915009422,0.07218509538546,-0.17704424547968
Stephen Graham,-0.46340442348206,-0.28270349978919,-0.18070092369286997
Frank Jackson,0.9366582854805201,1.11781791543754,-0.1811596299570199
Jamie Watson,0.18752794024216002,0.36889775173166,-0.18136981148950002
Jalen Lecque,-0.47464075341287,-0.29165185141867,-0.18298890199419998
Justin Champagnie,1.1114080792085999,1.29593368906638,-0.18452560985778005
Jerry Smith,-0.41935317304933,-0.23283853212925998,-0.18651464092007
Antonio Anderson,-0.13902932539909,0.04911454038189,-0.18814386578098002
Reggie Hearn,-0.07586846655743,0.11566449559488,-0.19153296215231
Dusty Hannahs,0.14638394225975,0.34132509225184,-0.19494114999209
Malcolm Hill,0.1546779035999,0.3502156117595,-0.19553770815959998
Trevor Booker,-0.3343964403725,-0.13850947077761,-0.19588696959489002
Guy Rucker,-0.18893876483468,0.007611351635270731,-0.19655011646995071
Derrick McKey,-0.31692885008186,-0.11822457476847,-0.19870427531339
Erik McCree,-0.021954768264880003,0.17962103444281002,-0.20157580270769002
Sherman Douglas,-0.37097319747492,-0.16780674160833,-0.20316645586659
God Shammgod,-0.2915558732913,-0.08703127031999,-0.20452460297131
Nate Huffman,0.17686148543386002,0.38233496424279,-0.20547347880893002
Antonis Fotsis,-0.68408199394708,-0.47621362130975997,-0.20786837263732008
Fab Melo,-0.16929969263737,0.03960483310941,-0.20890452574678
Jared Harper,0.54927130627867,0.7591177877944,-0.20984648151572996
Brian Oliver,-0.00943039533639511,0.20194079952825997,-0.2113711948646551
Robert Sacre,-0.9384947852377401,-0.7268026606472,-0.2116921245905401
Shelvin Mack,0.06590880778437,0.28235637151726,-0.21644756373288995
Al Jefferson,0.44862903794389997,0.66868682799207,-0.22005779004817
Andrew Wiggins,0.8506548749549699,1.07083814828543,-0.22018327333046
Chris Duarte,-0.373931400388,-0.15312853960173,-0.22080286078627
Nathan Jawai,-0.8994903041300399,-0.6755624524546701,-0.22392785167536988
Randy Livingston,-0.7884658978743599,-0.56437054023765,-0.22409535763670993
Elias Harris,0.15203435225549,0.37633335490266,-0.22429900264717
Jahmi'us Ramsey,0.67603167278593,0.9008415606436599,-0.2248098878577299
Rob Edwards,-0.37683426559053,-0.15023557260940998,-0.22659869298112004
Tre Mann,0.23406480646025,0.46410165699666006,-0.23003685053641004
DeJuan Wheat,-0.8758923531498,-0.64530595186967,-0.23058640128013003
Damyean Dotson,-0.8091571857307001,-0.57703926350766,-0.23211792222304004
Tito Maddox,-0.14651436402062,0.08579345632757,-0.23230782034818998
Scotty Pippen Jr.,-0.029398068391980003,0.20602063030783,-0.23541869869981
Armoni Brooks,0.66969139691692,0.90737302056504,-0.23768162364811996
Josh Davis,-1.1465843312872501,-0.9088856279821299,-0.2376987033051201
Jonathon Simmons,-0.22903384997138998,0.009933081464870205,-0.2389669314362602
Cliff Alexander,-0.23575810308091003,0.0037564077158250865,-0.2395145107967351
Oliver Lafayette,-0.14703700653029,0.09632660043960001,-0.24336360696988998
Kenny Thomas,-0.51822642862528,-0.27482927225234,-0.24339715637294002
Geno Carlisle,0.05100678738739,0.2972592345922,-0.24625244720481002
Russ Smith,-0.99494400729755,-0.7464486269139801,-0.2484953803835699
Duje Dukan,-0.29465485525129,-0.04388375727374,-0.25077109797755
Chima Moneke,-0.13294704559475998,0.11969432003554001,-0.2526413656303
Jumaine Jones,0.56906147636448,0.82274021191909,-0.25367873555461
Moses Wright,-0.02805420027392,0.22763908535294,-0.25569328562686
Romeo Langford,-1.36090527692623,-1.10386020086893,-0.25704507605729987
Isaac Humphries,-0.024726723257470003,0.23578247766892,-0.26050920092639
Joshua Primo,0.06374084973328,0.32428296403998996,-0.26054211430671
Ben Uzoh,-1.61134246428788,-1.34899194499996,-0.26235051928792
Cedric Bozeman,-0.9902194001771,-0.72457708201586,-0.26564231816123995
Allonzo Trier,0.02473151730426,0.29089450382397997,-0.26616298651972
J.J. Barea,0.6884029213158399,0.95542170794431,-0.26701878662847
Robert Franks,0.36160690186494,0.6296362069461601,-0.26802930508122
JaQuori McLaughlin,-0.01079985907407,0.25782200160065,-0.26862186067472
Jaden Springer,0.76308309043477,1.03432371876565,-0.27124062833088
Skal Labissiere,-0.16370205932578,0.10835930062989,-0.27206135995567
Derrick Zimmerman,-0.09966681737708001,0.17309005793105,-0.27275687530813003
Daishen Nix,-0.17341134550332998,0.10040683881929,-0.27381818432262
Trayvon Palmer,-0.38181946414152,-0.10537731147641999,-0.2764421526651
Peter Aluma,-0.26682885625169,0.013427119052240002,-0.28025597530393
Brandon Hunter,-0.72131015294808,-0.43919695782246,-0.28211319512562
Shane Edwards,-0.1711678317993,0.11153931886997001,-0.28270715066927005
Noah Clowney,-0.69436408762466,-0.40489159926574,-0.28947248835892
Tyler Johnson,-0.35895242747378,-0.06942302802337,-0.28952939945041
Charles Jones,-0.08793016236121,0.20327629527778,-0.29120645763899
Bernard Robinson,-1.25268002079945,-0.96146065964022,-0.29121936115923
Larry Owens,-0.9887305901807201,-0.69718498326208,-0.29154560691864007
Alan Anderson,-1.38235450103674,-1.0894841582344301,-0.2928703428023099
Oscar Torres,0.5397127560685699,0.8331179402662,-0.29340518419763
Darius Johnson-Odom,-0.54038319080374,-0.24519114634039002,-0.29519204446335
Rick Fox,0.26275856509741,0.55906230910348,-0.29630374400606996
David Wear,-0.02971168104056,0.26663103251938997,-0.29634271355994996
Walter Sharpe,-0.27020291601926,0.0275023100049,-0.29770522602416
Terry Cummings,-0.57640831072643,-0.27797960378871,-0.29842870693771995
Jeff Adrien,0.41871935844628994,0.7182698937355501,-0.29955053528926007
James Augustine,-0.24682436515118,0.056981873736969994,-0.30380623888815
Devin Vassell,0.12966289357357,0.43608465834964005,-0.30642176477607
JJ O'Brien,-0.16993887556383,0.13681823887326,-0.30675711443709003
Jaylen Nowell,1.20055150939521,1.5084992040816199,-0.30794769468641003
Andy Rautins,-0.36528250150527003,-0.056717029999830006,-0.30856547150544
Tyler Ennis,-1.56656165852637,-1.25773592376628,-0.30882573476008984
Ayo Dosunmu,0.22463735728094,0.53874121193816,-0.31410385465722
DeJon Jarreau,-0.41136659970533995,-0.09612723455543999,-0.3152393651499
Tracy Murray,1.8139556713123701,2.1299845886094197,-0.3160289172970499
Stanley Roberts,-2.57194172589708,-2.25048753298961,-0.32145419290747
Nate Wolters,-1.02555475188054,-0.70383584105155,-0.32171891082899
Derek Hood,-0.05865086959147,0.26346465346375997,-0.32211552305523
Isaiah Livers,1.79378308007896,2.11709137433035,-0.3233082942513902
Trey Jemison,0.38429574958092,0.70807529108707,-0.32377954150615
Tim Ohlbrecht,-0.27246893136708,0.05141920646733,-0.32388813783441
Dontonio Wingfield,-0.17578408682017002,0.14837940647333,-0.3241634932935
Dontell Jefferson,-0.40558946239893,-0.08037966158817,-0.32520980081076
Allen Crabbe,0.64097013834345,0.97247159017337,-0.33150145182992
Terquavion Smith,0.4099419880142,0.74192428223341,-0.33198229421920994
Bryce Drew,-0.57392949055136,-0.24171492043003,-0.33221457012132993
Bobby Hurley,-0.01267996836053,0.31982291965722,-0.33250288801774996
Daryl Macon,-0.47630071871502005,-0.14378606033305,-0.33251465838197003
Demetris Nichols,-0.50384862186615,-0.16976944379022998,-0.33407917807592
Jalen Jones,0.98730430782599,1.32213663059518,-0.33483232276919006
Yinka Dare,-0.030730687066619997,0.30642377929746,-0.33715446636408003
Scotty Hopson,-0.42986928765937005,-0.09170560965558,-0.33816367800379
Felipe Lopez,-1.4944882612887,-1.15405592046878,-0.3404323408199199
Paul Watson,0.9971997731875,1.33973328891644,-0.34253351572894003
Reggie Slater,0.8270884371257999,1.17050916886911,-0.34342073174331006
Dante Cunningham,-0.31958339671983,0.02426177754988,-0.34384517426971
Garth Joseph,0.030043999946430002,0.37422934836715,-0.34418534842071996
Justin Holiday,-0.17998499544582,0.16508793469025002,-0.34507293013607
Melvin Sanders,-0.53430186773638,-0.18217896305868,-0.3521229046777
Bernard James,-0.5856244439235201,-0.23152448697647002,-0.35409995694705004
Mark West,-2.49014035135474,-2.1342926238978497,-0.3558477274568903
Jaysean Paige,-0.34300317696414,0.01516419568715,-0.35816737265129
Hassan Adams,-0.68851098039861,-0.32961321434996,-0.35889776604865004
Will Magnay,-0.15772859896899,0.20120817054795,-0.35893676951694
Ha Ha,0.01829182050221,0.37839758471817,-0.36010576421596
Gerald Green,-0.22891848484163,0.13122029532996,-0.36013878017159
Andre Emmett,-0.5490487206041099,-0.18090506379302998,-0.36814365681107997
Brian Evans,-1.10785361265128,-0.73956299447376,-0.36829061817752007
Joey Graham,-0.38670172955186,-0.01793176430416,-0.3687699652477
Eddie Griffin,-0.46787920153692,-0.09865631449496,-0.36922288704196
Sherron Collins,0.13160645919184,0.50087885267969,-0.36927239348784996
Toby Bailey,-0.9696802210910099,-0.59933823219102,-0.3703419888999899
Darius Washington,0.2229420395302,0.59509931859508,-0.37215727906488
Pat Spencer,-0.26718511219707,0.10823635290933001,-0.3754214651064
Miles Simon,-0.42628513098718,-0.05082076088504,-0.37546437010214
Tyler Ulis,0.15030800461504001,0.52819142434141,-0.37788341972637
Deng Adel,-0.46155413664906,-0.08137855037244,-0.38017558627662
Bryce Cotton,0.18617100016683,0.5671467776435499,-0.38097577747671996
Carlos Arroyo,0.61334402332598,0.99559841031508,-0.38225438698909997
Seth Lundy,-0.08689948949909,0.29625864504354,-0.38315813454263004
Bob Sura,-0.3704055788381,0.017289154721249998,-0.38769473355935
E'Twaun Moore,-0.20483358277031002,0.18397688492882,-0.38881046769913
Keifer Sykes,0.34859829055299996,0.73760574771723,-0.38900745716423
Ricky Ledo,0.01261242965115,0.40283002502693005,-0.39021759537578005
Jordan Miller,-0.05853534669948,0.33266295724554,-0.39119830394502
Tariq Owens,-0.15510010804892,0.23695544008377,-0.39205554813269
Jake Voskuhl,-1.84287750029374,-1.44698105305911,-0.39589644723463013
Ben Bentil,-0.1070765756696,0.28931000168617,-0.39638657735577
Erick Dampier,-2.12660671409414,-1.7296806625886199,-0.3969260515055202
Cole Swider,-0.04310087194653,0.3540505470889,-0.39715141903543
Arvydas Macijauskas,-0.35309524431134,0.04596676406726,-0.3990620083786
Dwayne Schintzius,-0.18052754387214,0.21863725614330998,-0.39916480001545
Nathan Knight,-0.57447753626446,-0.1748865595213,-0.39959097674315996
Daniel Hamilton,-0.32655871869171005,0.07338931232846,-0.39994803102017
Jannero Pargo,-0.5778608045417,-0.17791270141586,-0.39994810312584006
Joe Chealey,-0.8282496271547399,-0.42793247276851,-0.40031715438622995
Brian Grant,-1.27545916230339,-0.8734482692926401,-0.40201089301074994
Ramon Sessions,0.62552842128769,1.02810373223853,-0.40257531095084004
Patrick Baldwin Jr.,-0.0031479975998157856,0.39946910132566,-0.4026170989254758
Ken Johnson,-0.40521477058650995,-0.002398799381709077,-0.4028159712048009
Taurean Prince,1.08470974721939,1.4889783060855901,-0.4042685588662
Ruben Wolkowyski,-0.6673874719834401,-0.26116601285645,-0.40622145912699
Arnoldas Kulboka,-0.22507514441769003,0.18156366995912002,-0.40663881437681004
Roger Powell,-0.07840099147178,0.33038326729616,-0.40878425876794006
Daniel Santiago,-2.2447105823982403,-1.83590648132005,-0.40880410107819004
Nenad Krstic,-0.10659804963186,0.30665187958925,-0.41324992922111004
Sean Higgins,-0.32763099439515997,0.08648190971144,-0.4141129041066
Sharrod Ford,-0.15412879851274,0.26138332014923,-0.41551211866197
Mo Williams,0.84146921926993,1.2577748380171,-0.41630561874717
Mitch McGary,-0.17166757918747,0.24496423980776,-0.41663181899523
Jontay Porter,-0.44686137859111996,-0.02946979002639,-0.41739158856472997
Priest Lauderdale,-0.76148546892569,-0.34329109045623,-0.41819437846945995
Matt Walsh,-0.20093470177192999,0.21904859180267,-0.4199832935746
Alvin Jones,0.28943555081191,0.71109193974598,-0.42165638893407
Andray Blatche,-0.77537666013461,-0.35236139332223,-0.42301526681238
Joe Crispin,-0.14140222373,0.28226978778796996,-0.42367201151797
Jason Miskiri,-0.13193275825487,0.29211317173209,-0.42404592998696
BJ Johnson,-0.03450593965623,0.38995205659625,-0.42445799625248004
RJ Barrett,1.4903705702121601,1.92015807740072,-0.4297875071885601
Vincent Yarbrough,0.03935615891804,0.47090601011765,-0.4315498511996099
Vin Baker,0.7045497621116,1.13778757594949,-0.43323781383789
Tom Gugliotta,-0.65078831038598,-0.21569232564346,-0.43509598474252
James Bouknight,0.16691124791063,0.6042371768935599,-0.43732592898292993
Mike Tobey,-0.6487294971007801,-0.21033780051825002,-0.43839169658252997
Tim Quarterman,-0.74934407099977,-0.31089747887698,-0.43844659212279
Ty-Shon Alexander,-0.07123001534536,0.36850134981515004,-0.43973136516051
Jarron Collins,-2.81455325418799,-2.37480140859645,-0.4397518455915399
Nick Young,0.06687419135724,0.50668894423863,-0.43981475288139005
RJ Nembhard Jr.,-0.8922319333371,-0.44927916649091004,-0.44295276684619006
Mile Ilic,-0.35524236004743,0.09076066234945,-0.44600302239688006
Alen Smailagic,0.24444361822442,0.69143196091395,-0.44698834268952997
John Butler Jr.,0.030535185842660004,0.47805071699678003,-0.44751553115411996
Tarence Kinsey,0.62602878138367,1.07377485177141,-0.44774607038774006
JaKarr Sampson,-1.22304357172496,-0.77472330866328,-0.44832026306167994
Donatas Motiejunas,-1.02264677608834,-0.56959835900423,-0.4530484170841099
Chaundee Brown Jr.,-0.4932748349834,-0.03833547851727,-0.45493935646613
Ed Stokes,-0.27929878270090003,0.17576903914954,-0.45506782185044004
Norman Richardson,-0.19847794051157,0.25708729497988,-0.45556523549145
Anthony Bowie,-0.22959222214553,0.22739019172329,-0.45698241386882
Patrick Williams,1.23687092251552,1.69661779804994,-0.4597468755344199
Jamaal Magloire,-0.9238981045631599,-0.46404272815203995,-0.45985537641111995
Ivano Newbill,-0.65275715890028,-0.19272642540495,-0.46003073349533
Moritz Wagner,0.16481910900688002,0.62756289161699,-0.46274378261010995
Kelly Oubre Jr.,0.7248552150305,1.18839819693601,-0.4635429819055099
Marial Shayok,-0.13271979262092,0.33139270852524,-0.46411250114616004
Doron Lamb,-0.124398037264,0.33991737180679,-0.46431540907078994
Fabricio Oberto,-0.92712962208919,-0.46277444838049003,-0.4643551737087
Cameron Bairstow,-0.57557902057199,-0.11068464173195999,-0.46489437884003
Damon Stoudamire,1.12525284386108,1.59026070863129,-0.46500786477021006
Greg Anthony,-0.86760662938566,-0.4001797924545,-0.46742683693116
Gerald Fitch,-0.70996457220444,-0.24210811400224003,-0.46785645820219995
Armon Johnson,-1.8918566217728499,-1.42210824165529,-0.46974838011756004
Omer Yurtseven,0.7064769508501401,1.17905812636185,-0.47258117551170997
Edmond Sumner,0.65886296026216,1.1328700599547599,-0.4740070996926
Troy Brown Jr.,1.25121545044199,1.72547592081248,-0.4742604703704901
Tim Kempton,-0.81411969780025,-0.33716300165616997,-0.47695669614408
Marco Belinelli,1.3771927550581,1.8541907586799002,-0.4769980036218001
Bryce Dejean-Jones,-0.21857384067899,0.25991475859361,-0.47848859927259996
Corsley Edwards,-0.42039127448466,0.059844626851669996,-0.48023590133633
James Anderson,0.8340803095178101,1.31506384134157,-0.48098353182375997
Kelenna Azubuike,0.87819061282268,1.36060270354847,-0.48241209072579
Khyri Thomas,-0.008583704089397879,0.47386283884395997,-0.4824465429333578
Kiwane Garris,-0.4186755349925,0.0647393402106,-0.4834148752031
Johnathan Motley,-0.32783162493714,0.15666345453397,-0.48449507947111
Jarvis Varnado,-0.5098453699897,-0.024901821169509997,-0.48494354882019
Martin Muursepp,-0.35873437876811,0.12646615469289,-0.485200533461
William Howard,-0.45488101025367,0.030752396206290004,-0.48563340645996
Branden Dawson,-0.08637812188381,0.40114943043455004,-0.48752755231836
Meyers Leonard,-0.01045464664314,0.47720426502245994,-0.4876589116656
Charles Cooke,-0.50557075602792,-0.01475304344196,-0.49081771258596
Vernon Maxwell,-0.77662848480197,-0.28300893568950997,-0.49361954911246003
Dan McClintock,-0.02659752674109,0.46889974134291,-0.495497268084
David Duke Jr.,-0.006909643761931416,0.48983629522405,-0.4967459389859814
Tyler Lydon,-0.33002780279791,0.17002417054182,-0.5000519733397301
Will Cherry,-0.14948461506081,0.35217755781217,-0.50166217287298
Donald Royal,-0.35888737027893003,0.14362307284516,-0.50251044312409
Sandro Mamukelashvili,0.02862793556487,0.53178345546313,-0.5031555198982599
Lance Allred,-0.23336597622887,0.27136756098173,-0.5047335372106001
Derek Grimm,0.27326459578323997,0.77814583395266,-0.50488123816942
Chris Kaman,-2.22205106148122,-1.7157425114853402,-0.5063085499958798
Jalen Rose,0.26963199919494,0.77604621804332,-0.50641421884838
Derrick Byars,-0.28753973845188,0.2195928452464,-0.5071325836982801
Marko Guduric,-0.27461069348467,0.23321299394308,-0.50782368742775
Ike Anigbogu,0.07147164026384,0.58594537130264,-0.5144737310388
Duane Washington Jr.,0.9641446322408801,1.48029113497317,-0.51614650273229
Ray Spalding,-0.8088149916899099,-0.29183790409985,-0.5169770875900599
Dennis Horner,-0.009659612904740844,0.50773745632717,-0.5173970692319109
Samardo Samuels,-2.05040111090819,-1.53236751497338,-0.5180335959348099
Markelle Fultz,0.3570585914518,0.8755693921945499,-0.5185108007427499
Tony Battie,-2.4362167196899898,-1.9133651173914998,-0.5228516022984901
Adonis Jordan,-0.26218261045895,0.26277569119658,-0.52495830165553
George McCloud,0.26159029910551,0.78685245098508,-0.5252621518795699
D'Angelo Russell,1.8240967714333902,2.3518091625462203,-0.52771239111283
Erick Barkley,-0.42359595100178,0.10608849068089,-0.52968444168267
Harold Jamison,0.06500367996381,0.59582015037109,-0.53081647040728
Vander Blue,-0.35144509933868,0.18043029935172,-0.5318753986904
Laron Profit,-0.62635042329861,-0.09281718130919,-0.5335332419894199
Rui Hachimura,0.9530572959905099,1.48737743126315,-0.5343201352726401
Chris Wright,-0.02303603321025,0.51263929155487,-0.5356753247651199
Ryan Robertson,-0.37985055284884,0.15648295397209,-0.53633350682093
Dale Ellis,1.65477304915016,2.19313283980392,-0.5383597906537598
Isaiah Hicks,-0.20841569548056,0.33070883013029,-0.53912452561085
Chris King,-0.51930255053686,0.02385127943609,-0.5431538299729499
Patricio Garino,-0.27703227483734,0.26856016050587,-0.54559243534321
Gorgui Dieng,-1.4226537940537,-0.8760340752576199,-0.5466197187960801
Treveon Graham,0.34642961286597,0.89726454751599,-0.5508349346500201
Chris Hunter,0.49566900164948,1.04688201379996,-0.55121301215048
Alvin Sims,-0.20037172044940002,0.35130488880263,-0.55167660925203
Randy Foye,0.1117498537955,0.6689427065957101,-0.55719285280021
Rajon Rondo,-0.19213922619863,0.36791908316463,-0.56005830936326
Deonte Burton,-2.55038417931919,-1.98966721506963,-0.5607169642495601
Dwayne Jones,-0.27192539734633,0.29058130242759,-0.56250669977392
Walt Lemon Jr.,0.3603023795839,0.92293238773745,-0.56263000815355
Chris Whitney,-0.42075761230689995,0.14348872783494002,-0.5642463401418399
Chris Livingston,-0.12811599236544,0.43641722193786,-0.5645332143033
Jeremy Sochan,0.8271819820221,1.3917366488331,-0.564554666811
Dan Dickau,1.21832551526043,1.78367980088538,-0.5653542856249502
Pervis Ellison,-1.0909612940262,-0.5238269625851101,-0.5671343314410899
Von Wafer,-1.39978139494032,-0.83234411389844,-0.5674372810418801
Johnny Juzang,0.69505083376161,1.2646972453691099,-0.5696464116075
Rayan Rupert,0.35354597796473003,0.9232753872321,-0.5697294092673699
Tyler Honeycutt,-0.18193373266513,0.38932153484087,-0.571255267506
Chris Douglas-Roberts,-1.11911999261349,-0.54258345128429,-0.5765365413292001
Yuta Watanabe,0.38969002345604004,0.96692135810105,-0.5772313346450099
Anthony Carter,-1.4372465052852,-0.8582511527746399,-0.57899535251056
Edwin Ubiles,-0.38446887985635,0.19772868636934002,-0.5821975662256901
Alex Garcia,-0.67435761667089,-0.09207998770284,-0.58227762896805
Donyell Marshall,-0.28778201838255996,0.29490345261572,-0.5826854709982799
Alex Kirk,-0.28893455594305,0.29461105701458,-0.5835456129576301
Karim Mane,-0.27891105351467,0.30688590505364,-0.58579695856831
Tyler Cook,0.76916945409699,1.35610819391974,-0.58693873982275
Awvee Storey,-0.24298010088636002,0.34504133156873,-0.58802143245509
Marcus Brown,0.33213046685517,0.9208330081184599,-0.58870254126329
Zach LaVine,1.71271686893817,2.30290682932141,-0.5901899603832399
Marcus Cousin,-0.30884126335272,0.28257427586855,-0.59141553922127
Dominick Barlow,1.49841536660502,2.09033732459647,-0.59192195799145
Ben Moore,-0.08097325622381,0.51263847931607,-0.59361173553988
Ira Bowman,-0.41667938677597005,0.17762776637278002,-0.59430715314875
Dariq Whitehead,0.12463575794380999,0.72014758347565,-0.59551182553184
Steve Kerr,-0.42200954662790996,0.17391812544262,-0.59592767207053
Kira Lewis Jr.,-0.9455145577179,-0.34795567050774,-0.59755888721016
Timothe Luwawu-Cabarrot,-0.50165216305424,0.09799434217996,-0.5996465052342
Scott Machado,-0.63313096272087,-0.029970754527689998,-0.6031602081931801
Jared Cunningham,-1.17043648962705,-0.56700840707032,-0.6034280825567301
Adrian Caldwell,0.0191135885656,0.6230455988329,-0.6039320102673
Udonis Haslem,-1.45904830509793,-0.85384631886833,-0.6052019862296001
Aaron Henry,-0.22789128762542,0.37754139670044,-0.6054326843258601
Negele Knight,-0.29681763055271,0.30873269892888,-0.6055503294815899
Dennis Smith Jr.,-1.24566557668149,-0.63793401965584,-0.6077315570256501
Vit Krejci,2.56290463142651,3.17137191686273,-0.6084672854362202
Jordan Clarkson,1.91797431799656,2.5285510916298803,-0.6105767736333201
DJ Strawberry,-0.24528885756781998,0.36561164669957,-0.61090050426739
Jericho Sims,-0.33129140371032,0.27972436123879,-0.6110157649491099
Kendall Brown,-1.2270046690641099,-0.6156032411186501,-0.6114014279454599
Jon Leuer,-1.8531469109091199,-1.24066027744741,-0.61248663346171
Travis Leslie,-0.5346324258496601,0.08568727646793,-0.62031970231759
Xavier Tillman,-1.21466566163808,-0.5942126797581,-0.6204529818799799
Keyontae Johnson,-0.38170471277917,0.23955843809852,-0.62126315087769
Felton Spencer,-1.37975653829297,-0.75375990424044,-0.6259966340525299
Solomon Alabi,-0.8164775660349399,-0.19035325524374,-0.6261243107911999
Charles Shackleford,-2.36614368633531,-1.7394568970061202,-0.6266867893291898
Tyler Herro,2.1001953634528703,2.72890977366693,-0.6287144102140599
Marcus Sasser,0.44876056992508,1.0785277575032899,-0.6297671875782099
Malik Fitts,-0.68085644022375,-0.05071457770691,-0.63014186251684
Justin Minaya,-0.84018911914182,-0.20987738434338002,-0.63031173479844
Tony Snell,-0.51120466367204,0.11925787169432,-0.63046253536636
Ibrahim Kutluay,-0.57139045580197,0.06236592839352,-0.63375638419549
Ben Handlogten,0.986398042599,1.6230974054538,-0.6366993628548001
Cam Reynolds,-0.26087592308563,0.37646565303032004,-0.63734157611595
Emanuel Terry,-0.53844307498865,0.10204756532581,-0.64049064031446
Pete Nance,-0.6153207105595,0.02586031268709,-0.64118102324659
Taze Moore,-0.16813310901875,0.47476322702211,-0.6428963360408599
Vassilis Spanoulis,-1.2820793538858901,-0.63804120323736,-0.6440381506485301
Nico Mannion,-0.21639031438728,0.42828868994124997,-0.64467900432853
Jake Tsakalidis,-2.92078721851634,-2.27240709140507,-0.6483801271112702
Jake Layman,-0.94385582098035,-0.29449677371455,-0.6493590472658
Patrick Christopher,-0.44414716810728005,0.20574404889511,-0.64989121700239
Reggie Evans,-1.1797121746625099,-0.52959699145087,-0.65011518321164
JaVale McGee,-0.1606898660607,0.48987853871843,-0.65056840477913
Smush Parker,0.67143566411185,1.32281128315928,-0.65137561904743
Trevor Keels,-0.38375544699474,0.27015834237073,-0.6539137893654701
Joe Wolf,-0.72769016043916,-0.07376189236381,-0.65392826807535
London Perrantes,0.11321110615535,0.76915011374576,-0.65593900759041
Aaron Jackson,-0.510730291225,0.15333897870091,-0.66406926992591
T.J. Leaf,-0.7255762504253,-0.05894618203521001,-0.66663006839009
Martell Webster,0.46453501432335,1.13221669703446,-0.66768168271111
Jared Terrell,-0.61134110482051,0.056979028505049996,-0.66832013332556
Victor Claver,-1.12291530015374,-0.45322791657143,-0.6696873835823101
AJ Green,1.01407802825351,1.6840376240049901,-0.6699595957514801
Lamar Stevens,0.04345405351528,0.71382271835332,-0.67036866483804
Maurice Harkless,-0.75501093151182,-0.08390421116108,-0.6711067203507399
TyTy Washington Jr.,-0.9512050354142101,-0.27668805093883,-0.67451698447538
Patrick O'Bryant,-0.10096835428873999,0.57676288039529,-0.6777312346840301
Danny Fortson,0.28543835233312,0.96518566939844,-0.67974731706532
Jack White,-0.59736338711921,0.08795996489395,-0.6853233520131601
Zach Norvell Jr.,0.18146513835443,0.86707197792937,-0.68560683957494
Brodric Thomas,-0.5096692111033999,0.17658859556774,-0.68625780667114
D.J. Kennedy,-0.3947790152783,0.29150719001618997,-0.68628620529449
Mahmoud Abdul-Rauf,0.61273048399314,1.3040489308568701,-0.6913184468637301
Jacob Toppin,-0.24166297592702998,0.45017547570659,-0.6918384516336199
Chuck Person,-0.58361901884046,0.10825670129597,-0.69187572013643
Jerian Grant,-0.63154128348177,0.060964525327900004,-0.6925058088096699
Damone Brown,-1.29012634682877,-0.59693238305173,-0.69319396377704
Paul Zipser,-0.5461222075287999,0.15164270723022,-0.6977649147590199
Max Christie,-0.95276506935895,-0.25354493542552003,-0.6992201339334301
Xavier Moon,-0.48681049247942004,0.21349827158371001,-0.70030876406313
Kirk Snyder,1.02585578484179,1.72652136899228,-0.7006655841504901
Eugene Omoruyi,0.36021836880772,1.06090395816482,-0.7006855893571001
Scott Brooks,-1.96731164552914,-1.26314323935296,-0.70416840617618
JaMychal Green,0.25971661869835,0.96695691725284,-0.7072402985544901
Dylan Windler,-0.69919373867882,0.009237588589315896,-0.7084313272681358
Maurice Evans,0.72841475839482,1.43986999621015,-0.71145523781533
Jaylen Hoard,0.26536807678158,0.97844250964587,-0.71307443286429
Dana Barros,0.48234955281709996,1.19826660641242,-0.7159170535953201
Chris Babb,-0.52491465529727,0.19469784499989998,-0.71961250029717
Justin Wright-Foreman,-0.26585579155749,0.45418776751664,-0.72004355907413
Spud Webb,-0.21389597553805997,0.50623722227263,-0.72013319781069
Bill Wennington,-1.85679986121027,-1.13638043531995,-0.7204194258903199
Trey Burke,1.5838444013318302,2.30734555140929,-0.7235011500774599
Travis Outlaw,0.0028785955614615767,0.72652297276638,-0.7236443772049184
Derrick Walton Jr.,-0.9978579122140001,-0.27071115121901,-0.7271467609949901
Oliver Miller,-1.39353477078212,-0.6660423139477399,-0.72749245683438
Jalen Green,1.3430419290762399,2.07396909480788,-0.7309271657316402
Troy Daniels,0.87676467535542,1.60829389067688,-0.73152921532146
Horace Jenkins,-1.13134703598513,-0.39925132981202,-0.73209570617311
Flip Murray,0.17888058657976,0.91130602062838,-0.73242543404862
Alex Len,-1.97992608207139,-1.24617773807806,-0.7337483439933299
James Thomas,-0.3731591760341,0.36339895993477,-0.73655813596887
Bonzie Colson,0.37134659592777,1.1098164509791901,-0.73846985505142
Jaylen Morris,-0.89165423022641,-0.1530657550011,-0.73858847522531
Jayson Williams,-0.8476069698075199,-0.10814174175125998,-0.7394652280562599
John Celestand,-0.9794219690231399,-0.23800625509384,-0.7414157139293001
C.J. Williams,-0.31162529028523,0.43056360034136,-0.7421888906265901
Kyle Weaver,-0.8308400535469501,-0.08777942548257,-0.7430606280643801
Linton Johnson,-1.46079670065462,-0.71710646547635,-0.74369023517827
Mike Smith,-0.07254012663159,0.67135992670495,-0.74390005333654
Terry Rozier,-0.46415830764762994,0.28019630341602,-0.74435461106365
Will Solomon,-0.95636718714763,-0.20910027649833,-0.7472669106493
Precious Achiuwa,-0.71944488786274,0.027851484476890002,-0.74729637233963
Robert Traylor,-0.6149618893766999,0.13322124409147001,-0.7481831334681699
Chris Gatling,-0.23531091028211001,0.51460415162811,-0.74991506191022
KZ Okpala,-1.47820239213565,-0.72747569092329,-0.75072670121236
Tim Frazier,0.53113782456406,1.28299913474147,-0.75186131017741
Luke Harangody,-0.09961234261711,0.65311493874878,-0.75272728136589
DeSagana Diop,-2.76868517014219,-2.01247681795922,-0.7562083521829701
Dexter Pittman,-1.4451256104824501,-0.68875780576933,-0.75636780471312
Kevin Hervey,-1.03001275346128,-0.27321093740861,-0.7568018160526699
Marcus Vinicius,0.10850818035448001,0.86903290174658,-0.7605247213920999
Damien Inglis,-1.13242396993669,-0.37188326010404005,-0.76054070983265
Aleksandar Radojevic,-1.2246432835110999,-0.46358487556882,-0.76105840794228
Nate Darling,-0.36735725847004,0.39520633548994,-0.7625635939599801
Jordan Hall,-0.59309461086747,0.16992511754619,-0.76301972841366
Rawle Marshall,-1.47092043894749,-0.70724293964034,-0.76367749930715
Saben Lee,-0.48762751157446,0.27908512484803,-0.76671263642249
Steve Goodrich,-0.5701206662219299,0.19778225438108,-0.7679029206030099
Zeljko Rebraca,-0.81214600927264,-0.03983353500421,-0.77231247426843
Jermaine Samuels Jr.,0.01815305315386,0.7921975199617101,-0.77404446680785
Kendrick Nunn,0.91102503241525,1.68628496444937,-0.77525993203412
Trey Johnson,-0.95329923653323,-0.17798454690979001,-0.77531468962344
Dijon Thompson,-0.27659206588075996,0.50286690372455,-0.77945896960531
Desmond Mason,-0.15836422869502,0.62232482238183,-0.7806890510768499
Georgios Papagiannis,0.67322026902033,1.45837767783696,-0.7851574088166299
Zoran Dragic,-0.53516032440353,0.25281169585360996,-0.7879720202571401
Jarvis Hayes,0.02791642300011,0.81634619644035,-0.78842977344024
Eric Murdock,-3.04605230910497,-2.25750840306196,-0.78854390604301
Larry Robinson,-1.01324173226167,-0.22399471340959998,-0.7892470188520702
Michael Doleac,-1.51293733978785,-0.72354668430723,-0.78939065548062
William Cunningham,-1.37206052013522,-0.58062479632619,-0.7914357238090302
Antonio Burks,-1.59808803471927,-0.8056306622642199,-0.7924573724550502
Steve Novak,0.40584196439910003,1.20278983151402,-0.79694786711492
Sean Colson,-0.68371049412243,0.11493612311843,-0.7986466172408601
Stephen Howard,-0.19727412896632998,0.60255983883242,-0.7998339677987499
Sheldon Mac,-1.2225440904714902,-0.42178620768456004,-0.80075788278693
Ty Jerome,-0.5900861959195101,0.2106968170689,-0.80078301298841
Matt Carroll,0.24460321713320998,1.04923954937639,-0.8046363322431799
Juancho Hernangomez,1.0109677893484599,1.81763421070827,-0.8066664213598098
Zabian Dowdell,-0.53574795139645,0.27704848539328997,-0.81279643678974
Bennedict Mathurin,1.21704668976562,2.02990474198348,-0.8128580522178599
Dairis Bertans,-0.36237060388457,0.45300312762561,-0.81537373151018
Jeff Dowtin Jr.,-0.015733429059790003,0.8038432214818,-0.81957665054159
DJ Carton,-0.6395503981571601,0.18316967079161,-0.82272006894877
Brian Scalabrine,-0.7581330812045101,0.06583410253852,-0.8239671837430301
Mickell Gladness,-0.9178415612330799,-0.09296806611137,-0.8248734951217098
Peyton Siva,-0.007239785103271092,0.81816808076544,-0.8254078658687112
Yves Pons,-0.91848644153217,-0.09224562506638001,-0.82624081646579
Deyonta Davis,-0.49698463611714,0.32985739750065,-0.82684203361779
Alondes Williams,-0.67516054093832,0.15350337659154,-0.82866391752986
Soumaila Samake,-0.95460135871225,-0.12360029604877,-0.8310010626634801
Efthimios Rentzias,-0.42307407307375,0.40932158305221,-0.83239565612596
Will Perdue,-0.53707022256488,0.29544089045182,-0.8325111130167
Jimmy Oliver,-0.4589361354846,0.37415454391166997,-0.83309067939627
John Crotty,-0.9752909245520099,-0.14138784552025,-0.8339030790317601
Samuel Dalembert,-1.21695801720452,-0.38001407959245,-0.83694393761207
Kaniel Dickens,-0.58527619236942,0.25732667958042,-0.8426028719498401
Ben Davis,0.13115685315178,0.97471073244178,-0.84355387929
Malik Hairston,-0.004929844406618137,0.8387773120279299,-0.8437071564345481
Lorenzo Brown,-1.34982005280115,-0.5008253922045199,-0.84899466059663
D.J. Augustin,0.64668740747674,1.50683292275152,-0.86014551527478
Diamond Stone,-0.81298053956976,0.05145781065926,-0.8644383502290199
Dragan Bender,-0.53956748999494,0.32705867186589,-0.86662616186083
Micah Potter,-0.8390995308706999,0.02906443192603,-0.8681639627967299
Travis Diener,1.42447969590995,2.293251434108,-0.8687717381980499
Mark Pope,-1.74816315416065,-0.8784138240518999,-0.8697493301087501
Andreas Glyniadakis,-0.70755207684083,0.16490192089685002,-0.87245399773768
Aleem Ford,-0.20146604869503998,0.67107130872602,-0.8725373574210601
Jamison Brewer,-1.20064754848095,-0.32741369681771,-0.8732338516632401
Tony Smith,1.17971824007647,2.05390024669912,-0.8741820066226499
Sasha Pavlovic,-2.27984338497166,-1.40472281670714,-0.8751205682645199
Nick Van Exel,1.83399032486273,2.71044056954232,-0.8764502446795899
Jordan Loyd,-0.38307554414645,0.49504273765640994,-0.87811828180286
Grant Jerrett,-0.27678002918025996,0.60583071414945,-0.8826107433297099
Khalid Reeves,1.3245754741756899,2.20877246625772,-0.8841969920820302
Deividas Sirvydis,-0.98231909430149,-0.09789359647203,-0.8844254978294599
Xavier Sneed,-0.86657669691805,0.022160585615860002,-0.88873728253391
Craig Smith,-0.68395489588932,0.20514942935386002,-0.8891043252431801
Alex Abrines,-0.46727878969373,0.42693116652060004,-0.89420995621433
Chance Comanche,-0.08794493942277999,0.8064231481073201,-0.8943680875301001
John Holland,-0.21827729004748,0.68003295188442,-0.8983102419318999
Ernest Brown,-0.56547232110328,0.33314523936838,-0.8986175604716601
Antonio Harvey,-1.19682860691421,-0.29625739550895996,-0.9005712114052499
Erick Green,-0.15831672064340999,0.74390422389627,-0.90222094453968
DeJuan Blair,-0.66893042703412,0.23549789846642002,-0.9044283255005401
Rodrigue Beaubois,-1.45355512768553,-0.54860528213571,-0.9049498455498199
Kobe Bufkin,-1.34110567623517,-0.43437091614234996,-0.90673476009282
Jabari Smith Jr.,1.172386620515,2.08051799749823,-0.9081313769832299
Greg Smith,-1.21254150425508,-0.30190365518627,-0.91063784906881
Tyrus Thomas,-1.32438760785562,-0.41351647751674997,-0.91087113033887
Myles Powell,-0.14331897202287,0.76831790252605,-0.9116368745489202
Thomas Hamilton,0.13626679114864998,1.0495400648545,-0.9132732737058499
Evan Turner,-2.42816986945638,-1.51436213538574,-0.91380773407064
Daniel Ochefu,-0.40540394525758006,0.50874302004798,-0.91414696530556
Paul Grant,-0.8815479187289499,0.03273254025552,-0.91428045898447
Mike Taylor,-0.41712328201403,0.50310715010028,-0.92023043211431
Maalik Wayns,-0.02903963805142,0.89194806945079,-0.9209877075022099
Charlie Villanueva,1.93709079056034,2.85824771302714,-0.9211569224667999
Antoine Walker,0.40121407203346,1.32475994677835,-0.92354587474489
Arinze Onuaku,0.15993444930851,1.0851769376881801,-0.9252424883796702
Jason Sasser,-0.97100910854671,-0.04383085805891,-0.9271782504878
Gal Mekel,-0.34826627062399,0.58090412578157,-0.9291703964055601
Salim Stoudamire,0.10967480499752,1.04379758020249,-0.9341227752049701
Lionel Chalmers,-0.68137650812286,0.25386235876656,-0.93523886688942
Mark Hendrickson,-0.6786033061968401,0.25764945097588005,-0.93625275717272
Noah Vonleh,-1.5838397318310202,-0.6449902221781599,-0.9388495096528602
Adam Harrington,0.04447488519554,0.98355055388063,-0.93907566868509
Anthony Black,-1.22816159856114,-0.28799517844346,-0.9401664201176801
Avery Johnson,0.37327606675575,1.314021045382,-0.94074497862625
Predrag Savovic,-1.73370064984474,-0.79295473459486,-0.94074591524988
John Salmons,-0.79449717997129,0.14632552130105,-0.94082270127234
Vladimir Stepania,-4.30027128009293,-3.35537859941007,-0.94489268068286
Cezary Trybanski,-1.07233724210792,-0.12584749036447998,-0.9464897517434399
Onuralp Bitim,-0.20644959856284,0.74414916636704,-0.9505987649298799
Sterling Brown,-1.40679662872936,-0.45565709663264004,-0.95113953209672
Doug McDermott,1.17920308617558,2.13326926683477,-0.95406618065919
Will Blalock,-1.15242226135047,-0.19790622636461,-0.9545160349858601
Stephen Zimmerman,-0.47964971251792,0.4774113157728,-0.9570610282907199
Arnett Moultrie,0.67639684085317,1.63398578229219,-0.95758894143902
Tyler Dorsey,0.35337836326466,1.31174010688783,-0.95836174362317
D'Moi Hodge,-0.27457705056402,0.6838403173040101,-0.9584173678680301
Anthony Mason,-0.04846228426588,0.91085676224407,-0.9593190465099498
Frank Williams,-1.1296175769751,-0.17004887473831,-0.9595687022367899
DJ Mbenga,-2.7070227170188,-1.74489846967978,-0.96212424733902
Hollis Thompson,0.21337570774952,1.1775380377088,-0.9641623299592801
Gabe Pruitt,-1.04922517270133,-0.08333993176055,-0.96588524094078
John Coker,-0.5674407442396,0.39945089678506995,-0.9668916410246701
Eric Dawson,-0.2297632659099,0.74979532940875,-0.9795585953186501
Jarell Eddie,-1.1849671218389302,-0.20406414049691998,-0.98090298134201
Bol Bol,-0.4472461533007,0.5340552468990399,-0.9813014001997401
Wayne Simien,-2.28537023674278,-1.29944235114933,-0.9859278855934499
Jason Kapono,-0.38925646122964,0.5986594066384,-0.9879158678680401
Santi Aldama,0.29578213462798003,1.28688273882128,-0.9911006041932999
Vincent Askew,-1.99887441452252,-1.00688698698018,-0.9919874275423399
Ansu Sesay,-3.1296306421462097,-2.13666552744144,-0.9929651147047698
Daniel Oturu,-0.48932547418312,0.50522207207469,-0.99454754625781
Brooks Thompson,2.0485704607547404,3.04543655298518,-0.9968660922304396
Brent Price,0.19822263139535,1.19836182853448,-1.0001391971391298
Coby Karl,-1.0132402249978099,-0.010995288117689999,-1.0022449368801198
George King,-0.15827816664185,0.84673945333312,-1.00501761997497
Gary Clark,0.38841327706681,1.3963967346414001,-1.00798345757459
Darryl Watkins,-0.63807785487659,0.37077881562801,-1.0088566705046
Vitor Faverani,-1.7864235565222202,-0.77524631121721,-1.0111772453050103
Juwan Morgan,0.03017320710672,1.04347832439847,-1.01330511729175
Chucky Brown,-0.31710813021636003,0.6992348960495199,-1.0163430262658801
Nerlens Noel,-2.59124701272693,-1.5699521435360901,-1.02129486919084
Cleanthony Early,-2.0738645265232,-1.04886770031414,-1.0249968262090599
Andres Nocioni,0.6139090569079,1.6394547550554601,-1.0255456981475601
Jeff Ayres,1.00757497361032,2.03878482917227,-1.0312098555619502
Kendall Marshall,1.04360366279033,2.07896662443202,-1.0353629616416902
Drew Gordon,-0.42676239975670005,0.60910593521329,-1.0358683349699902
Ignas Brazdeikis,0.8238084944649899,1.8596979841024601,-1.03588948963747
Josh Hall,-0.39877987706490997,0.63783667773244,-1.03661655479735
Markus Howard,0.63788073774418,1.6764282187991801,-1.0385474810550002
Kenneth Lofton Jr.,0.19554196585525002,1.23552400847768,-1.03998204262243
Alvin Williams,-0.18963956575685,0.85328695008654,-1.04292651584339
Ryan Gomes,0.70853267737743,1.75228270573051,-1.0437500283530798
Michael Ruffin,-1.6778625772601,-0.6323197025456301,-1.04554287471447
Larry Hughes,-0.67054961085431,0.37711927836383,-1.04766888921814
Mardy Collins,-1.5506075094710798,-0.50261889537352,-1.04798861409756
Jordan Hawkins,1.7730826817371401,2.82178440658106,-1.0487017248439197
Gary Forbes,-0.11367036420281999,0.9373387861535499,-1.05100915035637
Uros Slokar,-0.88823168265368,0.16412308985756,-1.05235477251124
Cory Carr,-1.59343189559439,-0.5398713388209799,-1.0535605567734099
Christian Eyenga,-0.16160724623137,0.8919905034755701,-1.0535977497069402
Brandon Bass,-1.47111804427821,-0.41511105245090996,-1.0560069918273
Freddie Gillespie,-0.78191255447118,0.27897662286297004,-1.06088917733415
Acie Law,-0.73941494351658,0.32608179017386,-1.06549673369044
Stanley Johnson,-1.1541479012011,-0.08562344591852,-1.06852445528258
Jan Vesely,-1.8477471913033598,-0.77814964787509,-1.06959754342827
Nassir Little,0.9843857189907599,2.05632955602135,-1.07194383703059
KJ Martin,1.64290015220613,2.7211234163096396,-1.0782232641035099
Anthony Peeler,0.045454378867240006,1.12835200666723,-1.08289762779999
Carl Landry,-0.05119727372827,1.03208200299809,-1.08327927672636
Carl Thomas,-1.05107903880448,0.034041770858320004,-1.0851208096628
Xavier Munford,-0.17269755566086,0.91742242500618,-1.0901199806670399
Kim English,-0.42403021637809996,0.66870637293462,-1.0927365893127199
Jarrett Culver,-0.76508612416662,0.32900960719167,-1.09409573135829
Kennedy Chandler,-0.2366679297273,0.8576756369305201,-1.09434356665782
Furkan Aldemir,0.26594202169999,1.36048375499376,-1.0945417332937701
Kostas Papanikolaou,-2.25226709777239,-1.1531250063760001,-1.0991420913963899
Pops Mensah-Bonsu,-1.33200911735825,-0.23260052643329998,-1.09940859092495
Doug Overton,-0.61241824549925,0.48840907227353003,-1.10082731777278
Gabriel Deck,0.51139602623444,1.6171506674069198,-1.10575464117248
DeAndre' Bembry,-0.98138280672346,0.12529586262507,-1.10667866934853
DaJuan Summers,-1.50851242792224,-0.39548122147661,-1.11303120644563
Rick Brunson,-0.18840368891639,0.93357390481663,-1.12197759373302
Sarunas Jasikevicius,-2.0019006562295,-0.8779050255415499,-1.1239956306879502
Damir Markota,-0.08098269323279,1.04411211279541,-1.1250948060282
Aaron Gray,-0.7347520950208101,0.39486775799303997,-1.12961985301385
Grayson Allen,0.9434013096539,2.0741987611564703,-1.13079745150257
Lorenzo Williams,-0.24587242395429001,0.88571053360717,-1.13158295756146
Shawnelle Scott,-1.01917415258571,0.11252869595461999,-1.13170284854033
Chris Wilcox,-0.5364795509161601,0.5978719772345,-1.1343515281506602
Reggie Perry,-0.0888177234438,1.04742769398199,-1.13624541742579
Luke Ridnour,0.9327719326012901,2.06935821443496,-1.13658628183367
Isaiah Todd,-1.38302366805544,-0.24541815273276002,-1.13760551532268
Jay Williams,-0.93588997260252,0.20246954248715,-1.1383595150896701
Kyle Wiltjer,-0.7867780624809501,0.35588058000805,-1.1426586424890002
Ivan Rabb,0.48926051159623996,1.6322455490710999,-1.1429850374748598
Timmy Allen,-0.90145574152095,0.24491711600259,-1.1463728575235401
Jordan Hamilton,0.07150149299633,1.21874111351388,-1.14723962051755
Devin Green,-0.6919467058440699,0.45730148015166994,-1.14924818599574
Alex Fudge,-0.53088140549467,0.61943869738984,-1.15032010288451
Ben Hansbrough,-1.48694251209742,-0.32867032230458,-1.1582721897928399
Dwayne Bacon,-0.5142608527487,0.64401187269837,-1.15827272544707
Malik Williams,-0.8077777038744399,0.3534484478587,-1.16122615173314
Mengke Bateer,-1.5785469968594201,-0.41616138480342996,-1.1623856120559901
Kessler Edwards,0.84910398372867,2.01219201498778,-1.1630880312591099
Rayjon Tucker,-0.45825140605728,0.70557024468275,-1.1638216507400299
Moses Moody,-0.10497769696854,1.05906867485974,-1.16404637182828
Vincent Poirier,-0.9194899639176499,0.24555750190247,-1.16504746582012
Justin Dentmon,-1.55785297589517,-0.39118073713625007,-1.1666722387589201
Elden Campbell,-1.7941322225141598,-0.62699807890601,-1.16713414360815
Javonte Smart,-0.76526861881853,0.40286523094719,-1.1681338497657199
Jake LaRavia,0.189401327732,1.36065621308133,-1.17125488534933
Sonny Weems,0.76548265147252,1.9436110387625698,-1.1781283872900499
Derrick Brown,-1.46433315424272,-0.28592351004819,-1.17840964419453
Talen Horton-Tucker,-0.53076868695445,0.64997180505702,-1.18074049201147
Frank Mason III,-0.82075436740813,0.36540506361377,-1.1861594310219001
Kevin Porter Jr.,0.5709231099815401,1.7586919064025102,-1.18776879642097
Lamond Murray,-0.81146872315889,0.37833719129479,-1.18980591445368
Kent Bazemore,-2.31961679599634,-1.1276262107268,-1.19199058526954
James Nunnally,-0.5230399825997499,0.67023623767922,-1.19327622027897
JaJuan Johnson,-1.8678518666172002,-0.66933378487122,-1.1985180817459802
Cedric Henderson,-2.06465320973497,-0.86240122447073,-1.20225198526424
Colin Castleton,-0.56727818995322,0.63650895447193,-1.2037871444251498
Francisco Elson,-2.7765191444944897,-1.57227776538915,-1.20424137910534
Vinny Del Negro,0.57547355565069,1.77974925118509,-1.2042756955344
Tosan Evbuomwan,-0.25126320120824003,0.9578722119073,-1.2091354131155398
Sharife Cooper,-1.03042176298771,0.17904263776976,-1.20946440075747
A.J. Guyton,-0.68107925035942,0.53238602724975,-1.2134652776091701
Orlando Johnson,-2.11115186659888,-0.8972603648394399,-1.2138915017594403
Randell Jackson,-1.0916708423779902,0.12333836853567999,-1.21500921091367
Tristan Thompson,0.02309623965563,1.23951107540596,-1.2164148357503302
Tariq Abdul-Wahad,-1.24377963950415,-0.0156361968223,-1.22814344268185
Kwame Brown,-1.8886668908318,-0.6588900247454,-1.2297768660864
Anfernee Simons,2.75906357075689,3.9905040185509097,-1.2314404477940195
Garrett Temple,-1.67834652948297,-0.44278850261163005,-1.23555802687134
Rafael Araujo,-1.18536511610976,0.051676250104050005,-1.23704136621381
Sergio Rodriguez,0.18429337614277,1.42722045140971,-1.24292707526694
Antonio Lang,-1.83484501017552,-0.58971221130255,-1.2451327988729701
Khalid El-Amin,-1.20602969404815,0.0446148197098,-1.25064451375795
DeMarcus Nelson,-1.11993662098552,0.13120205484516,-1.25113867583068
Johnny Newman,-1.2090953927271502,0.042526712915560004,-1.25162210564271
Erik Daniels,-1.62309655141921,-0.36610130358546,-1.2569952478337498
Robert Whaley,-1.23557312724265,0.02159708094526,-1.25717020818791
Rodney Purvis,-0.67055805015512,0.5876360844022299,-1.25819413455735
Jerome Robinson,-0.6271787473704801,0.63535460611515,-1.26253335348563
Justin James,-1.7185205394487,-0.45578175226823,-1.2627387871804703
Tyrone Nesby,-0.414610192185,0.84893243039035,-1.26354262257535
Tyler Bey,-0.8746728700021901,0.38904500144837,-1.26371787145056
Yaroslav Korolev,-1.36013761714735,-0.09330275598183001,-1.26683486116552
Alex Poythress,0.11037703707162999,1.37870369621427,-1.2683266591426399
Sean Williams,-1.01271820446813,0.25651494458992,-1.2692331490580502
Kirk Haston,-1.5247971665834799,-0.25549817839962,-1.26929898818386
Travis Williams,-0.19369826377288998,1.07595636957265,-1.26965463334554
J.R. Reid,-2.32419827260775,-1.05114314978603,-1.2730551228217202
Shelden Williams,-1.2046950940040702,0.07427432002206999,-1.27896941402614
Rakeem Christmas,-0.7825062508317601,0.49683645518958997,-1.27934270602135
Ray McCallum,0.57093897346959,1.85529317959668,-1.28435420612709
Bryant Stith,-0.69718353491108,0.58743655708201,-1.2846200919930901
Brandon Rush,0.38440232692466003,1.6695515566558201,-1.2851492297311602
Viacheslav Kravtsov,-0.7570181889914399,0.52855361874123,-1.2855718077326699
Marcus Thornton,0.0024142612202913,1.28860934640477,-1.2861950851844788
Eddie House,-0.29508356895244,0.9917939689986501,-1.2868775379510902
Donell Taylor,-2.1974782078574897,-0.9096764350425701,-1.2878017728149198
Xavier Rathan-Mayes,-0.8626647791661499,0.43705493250259,-1.29971971166874
Gerald Brown,-0.8684086857080799,0.43371408003975,-1.3021227657478298
Vitaly Potapenko,-2.09745477888257,-0.79368237193683,-1.30377240694574
Courtney Fortson,-1.36019796197018,-0.05606384459054,-1.3041341173796401
Dan Langhi,-1.2702430072689,0.03661290748083,-1.3068559147497298
Walker Russell,-1.33405741891861,-0.02484250833269,-1.30921491058592
Terry Dehere,-0.53799425490929,0.77580737210822,-1.31380162701751
Josh Boone,-0.46295852612780003,0.85787994041708,-1.32083846654488
Gary Grant,-1.073057999095,0.2478569830327,-1.3209149821277
Austin Daye,-0.7216388273643101,0.60036271975617,-1.3220015471204798
Marcus Haislip,-1.16277157176759,0.16121656086794,-1.32398813263553
Jabari Walker,0.5219148115265501,1.8459377840634,-1.32402297253685
Blake Ahearn,-1.40758047870261,-0.08254702288112001,-1.32503345582149
Andrew Harrison,-0.43415146641829,0.89616235854377,-1.33031382496206
Keita Bates-Diop,-0.27094685238066,1.0711254484297301,-1.34207230081039
Joseph Forte,-1.52645848999812,-0.18242443518475,-1.34403405481337
Usman Garuba,-0.02341163443881,1.32098552911133,-1.34439716355014
Daniel Orton,-2.10744354939057,-0.75988866385398,-1.34755488553659
Christian Braun,-1.35157864194482,0.0019259625064214005,-1.3535046044512415
Shake Milton,0.93080074734523,2.28457418622081,-1.35377343887558
Jamaree Bouyea,-0.92506153545858,0.43027307595545006,-1.35533461141403
Jeremiah Martin,0.5502516467002899,1.9071993355458199,-1.3569476888455299
Marcus Williams,0.4665186121141,1.82671552623948,-1.36019691412538
Elliot Perry,-1.75002038137865,-0.38524954148851,-1.36477083989014
Lou Amundson,-2.12776568937111,-0.75971737127873,-1.3680483180923801
Corie Blount,-2.6047477565822397,-1.23236724279987,-1.37238051378237
Cory Higgins,-1.5220734684672,-0.14619510126059,-1.37587836720661
Trent Forrest,0.61952638965933,2.00416470835968,-1.38463831870035
Hamady Ndiaye,-1.3013390707045098,0.0839960061649,-1.38533507686941
Dean Oliver,-1.36011383640705,0.02717785616879,-1.38729169257584
Lorenzen Wright,-1.80386698821633,-0.41502476767757995,-1.38884222053875
Josh Childress,1.73183797242797,3.12250497851778,-1.3906670060898099
Dru Smith,-1.60630998714222,-0.21453080452577003,-1.3917791826164498
Anthony Avent,-0.9557040405453,0.43888546966102004,-1.3945895102063202
Kris Humphries,-1.58994771860259,-0.19300515160356,-1.39694256699903
Corey Kispert,2.70389191326581,4.10367571095919,-1.3997837976933796
Jarrell Brantley,-1.07215192448383,0.32901076911024,-1.40116269359407
Justin Williams,-0.22756451821709997,1.17655666570809,-1.40412118392519
Eric Maynor,-1.65229963521829,-0.2436745129022,-1.40862512231609
Antonius Cleveland,-1.25176990502468,0.15700379567926,-1.40877370070394
Maceo Baston,-1.17502030791868,0.23424541405556001,-1.40926572197424
Sekou Doumbouya,0.3237857750411,1.73379741197099,-1.41001163692989
Luke Jackson,-1.15768816886028,0.25920938377265,-1.41689755263293
Didi Louzada,-1.62066446071585,-0.19993540483954,-1.42072905587631
Mouhamadou Gueye,-1.62796481182023,-0.20620796035764,-1.42175685146259
Jordan Crawford,0.05290557917979,1.47807743259179,-1.425171853412
Anthony Johnson,-0.98455495662963,0.44129064486196,-1.4258456014915901
Cole Aldrich,-2.19601221519843,-0.7664586058663201,-1.42955360933211
J.R. Bremer,-1.28730807566475,0.14835082720995998,-1.43565890287471
Chandler Hutchison,-1.74558353368625,-0.3097705049425,-1.4358130287437498
Marcus Georges-Hunt,-0.36242054272345003,1.07443984837373,-1.43686039109718
Todd Fuller,-2.2861837039809396,-0.84888280031424,-1.4373009036667
Morris Almond,-1.8921865081124398,-0.45169569700801004,-1.44049081110443
Theo Pinson,-2.32781790272383,-0.88006592330573,-1.4477519794181002
Slava Medvedenko,-2.36032982906097,-0.9076441928307101,-1.45268563623026
Tim Legler,-1.33521299073132,0.12465161550413,-1.45986460623545
Jarrett Jack,-0.72983636949278,0.73882762785254,-1.46866399734532
Calvin Booth,-3.1221064512952297,-1.6512814843009398,-1.4708249669942899
Caleb Swanigan,-1.9723542812599901,-0.50110334296286,-1.4712509382971302
Reece Gaines,-1.76227378494614,-0.28961152553459,-1.47266225941155
Malik Rose,-2.54224375007225,-1.06957511242541,-1.47266863764684
Quincy Douby,-0.83889573844123,0.63537166515618,-1.47426740359741
Hasheem Thabeet,-1.46728352005482,0.01159565325189,-1.47887917330671
Wendell Moore Jr.,-0.82990042676213,0.6491154893815899,-1.4790159161437202
Luke Zeller,-0.9866986631746699,0.49328513127738,-1.47998379445205
Jamal Sampson,-2.38910004526429,-0.9079102923755401,-1.48118975288875
Thomas Bryant,0.7827221791195599,2.2676066049812102,-1.48488442586165
Sean Singletary,-1.77226159930493,-0.28710342151400997,-1.48515817779092
Jeremiah Robinson-Earl,-0.99327438036649,0.49324912399023,-1.48652350435672
Boniface Ndong,-0.30929571639468,1.17756915330871,-1.4868648697033902
Mamadou N'diaye,-0.5304752542365,0.96521771528141,-1.49569296951791
Nicolas Laprovittola,-1.35690170336087,0.14218396672652,-1.49908567008739
Chris Anstey,-2.54190522240655,-1.04155998731868,-1.5003452350878699
Jerome Jordan,-1.42522991104471,0.07571120758447,-1.50094111862918
Alando Tucker,0.6531333977121,2.1559217990663098,-1.5027884013542099
Justin Patton,-0.47766516664473,1.02820768863661,-1.50587285528134
Rob Kurz,-1.3709692041854,0.13742326419823,-1.50839246838363
Cory Alexander,-1.07596210449561,0.43833123737439,-1.51429334187
Zylan Cheatham,-0.6258121859903,0.8906240412512401,-1.51643622724154
John Salley,-2.11828009634907,-0.5999527207679,-1.51832737558117
Jamel Thomas,-1.25668988202182,0.26276269780243,-1.51945257982425
Jeremy Evans,-2.18096959714367,-0.65714928338475,-1.52382031375892
Michael Frazier II,-1.1862999468278301,0.33821237711879,-1.52451232394662
Aaron Brooks,1.3844730907554699,2.91102479989905,-1.52655170914358
Jacob Gilyard,0.61681978520473,2.1457453003184304,-1.5289255151137
Javon Freeman-Liberty,-0.68113440534306,0.8495912739698099,-1.53072567931287
Sun Sun,-0.37382604724418,1.16170416526767,-1.53553021251185
Ike Fontaine,-0.7636154130935,0.7719180958994,-1.5355335089928999
Mouhamed Gueye,-1.08239632478635,0.45642255997223,-1.53881888475858
Donald Whiteside,-0.62921850396036,0.91185004109909,-1.54106854505945
Kenny Satterfield,-1.26430690744778,0.27889863654785,-1.54320554399563
Jacob Evans,-1.46338773697521,0.08844132132147,-1.55182905829668
Justin Reed,-1.4362078560989,0.11957003333678999,-1.55577788943569
Demetrius Jackson,-0.6575572687681,0.8983151221142399,-1.5558723908823398
Troy Williams,-0.8291972284776201,0.72735839515544,-1.55655562363306
Jahidi White,-1.46128814391723,0.09719640124274,-1.55848454515997
Davon Reed,-0.8865527851226599,0.67282585499879,-1.55937864012145
Bruno Fernando,-2.04490517109881,-0.48532633491136,-1.55957883618745
Shaedon Sharpe,1.20559272156039,2.7664635579931,-1.56087083643271
Andrew Goudelock,-1.4111711944475,0.15639947634297,-1.5675706707904702
Mario Kasun,-0.12406792736333,1.44388059552731,-1.56794852289064
Howard Eisley,-0.80458501066782,0.76353843116466,-1.56812344183248
Jason Williams,0.7812782784029301,2.3524034413930703,-1.5711251629901402
Paul Shirley,-1.19308174106181,0.38025442846538,-1.5733361695271901
Larry Drew II,-1.02871165910269,0.54484828820709,-1.5735599473097799
Ziaire Williams,-0.62820381798259,0.94595813159454,-1.5741619495771302
Josh Gray,-1.4305504295230098,0.14720113274777,-1.57775156227078
Derrick Caracter,-0.28242880849155,1.29810200989661,-1.5805308183881601
A.C. Green,-3.41854910377397,-1.8378426844469602,-1.5807064193270097
Devin Ebanks,-1.4792878720760299,0.10204839729599,-1.58133626937202
Elie Okobo,-1.10422890555145,0.47864064608279,-1.58286955163424
Mouhamed Sene,-1.09305863493944,0.49050564527025997,-1.5835642802097
Mark Blount,-1.31788060345882,0.26691126929959,-1.58479187275841
Kyle Kuzma,-0.48913494827687,1.09759418263914,-1.5867291309160099
Mason Jones,-1.2425042153472101,0.3445775007278,-1.58708171607501
Jarrod Uthoff,-0.36610674370264,1.2236241490809299,-1.58973089278357
Kevin Ollie,-2.50700539596349,-0.91538212279886,-1.5916232731646303
Jermareo Davidson,-1.50915841850883,0.08542646662395,-1.5945848851327802
Miroslav Raduljica,-0.84750124775681,0.7492191930577999,-1.5967204408146098
A.J. Bramlett,-0.92279190353405,0.67486906202516,-1.59766096555921
Glenn Robinson III,-0.37201229252096,1.22702623343692,-1.5990385259578799
Vernon Carey Jr.,-0.8324139105459399,0.7668672072207899,-1.59928111776673
Keith Booth,-1.92219457825998,-0.31946711469215,-1.6027274635678304
Britton Johnsen,-1.5849646601482799,0.02021227763548,-1.60517693778376
Luis Montero,-1.05954806258549,0.5457350651674,-1.6052831277528898
Ian Clark,-0.6182465948729401,0.995495042748,-1.61374163762094
Sean Kilpatrick,1.05277768250575,2.6675678930299402,-1.61479021052419
Jaden Ivey,1.60226226644011,3.2246581238098897,-1.6223958573697799
Kevin Murphy,-0.62709808884507,0.99550111808998,-1.6225992069350499
Junior Harrington,-3.3452831300678,-1.72020801644688,-1.6250751136209198
Loren Woods,-1.89865014007694,-0.26684375676223,-1.63180638331471
Chasson Randle,-0.16270360811357001,1.47027477295892,-1.63297838107249
Mark Davis,-0.9683100067681,0.66483004033608,-1.63314004710418
Andrew White III,-1.18277231922323,0.45716383211322,-1.6399361513364499
Michael Hawkins,-0.01719623377986,1.62746733102601,-1.6446635648058698
Nick Richards,-0.13163106302166,1.51317370343647,-1.64480476645813
Norvel Pelle,-0.53872383612103,1.1065262664956201,-1.6452501026166502
Jordan Mickey,-0.46310330791302,1.1828449104016399,-1.6459482183146599
Jaxson Hayes,-0.9728569437333299,0.67604167055041,-1.6488986142837398
J.R. Giddens,-0.6279847969804699,1.03130189891859,-1.65928669589906
Josh Selby,-1.55141681836944,0.10850322357995,-1.65992004194939
Erik Murphy,-1.49432849192342,0.16935734657013002,-1.66368583849355
Clifford Rozier,-0.08271075195466,1.58220268126948,-1.66491343322414
Jason Smith,-1.3279491609325,0.3381521656546,-1.6661013265871
Lance Thomas,-1.79254756048963,-0.12366470266496,-1.66888285782467
Chinanu Onuaku,-0.7524284490683499,0.92032660094688,-1.6727550500152302
Diante Garrett,-2.03392364666256,-0.35843284837233,-1.67549079829023
Gary Trent Jr.,1.81803618378971,3.49503393718984,-1.6769977534001297
Lloyd Daniels,-0.54937256148025,1.12990659498365,-1.6792791564639
Antoine Carr,-1.49947252320864,0.18062392463887,-1.6800964478475102
Tom Chambers,-0.81993658123529,0.86273158865615,-1.68266816989144
Jalen Hood-Schifino,-1.11199918198022,0.57231164263257,-1.6843108246127898
Glen Davis,-2.80151670714694,-1.11349975955632,-1.68801694759062
Duane Ferrell,-0.67761733435766,1.01472720372615,-1.69234453808381
Nate Hinton,-1.00467212418842,0.69192756677324,-1.69659969096166
Keith McLeod,-1.20274137969247,0.49789747753047003,-1.70063885722294
Antoine Wright,-0.66144083398196,1.04168301528047,-1.7031238492624299
Facundo Campazzo,-1.47217064604499,0.23156624935371,-1.7037368953987002
Jeremy Tyler,-0.11571943561892999,1.5908496877836902,-1.7065691234026201
Rodney Carney,-1.0449110134019601,0.66327368653235,-1.70818469993431
Kevin Pangos,-0.22160180730892,1.49359952382852,-1.7152013311374399
Tamar Slay,-0.87185859552557,0.8500551656095199,-1.7219137611350899
Bryn Forbes,0.27415160889672,2.0054050486083703,-1.7312534397116501
Darko Milicic,-2.71905863092424,-0.98560544785645,-1.7334531830677897
Michael Cage,-2.03375769796327,-0.29530388452892,-1.73845381343435
Michael Smith,0.14292075290477999,1.88492087853716,-1.74200012563238
Ryan Hollins,-2.96254018713624,-1.2139575894958299,-1.74858259764041
Qyntel Woods,-1.36888220655406,0.38070926496121,-1.7495914715152703
Charles Jenkins,-3.04117382866935,-1.28898130477398,-1.7521925238953697
Nik Stauskas,-0.62659918116872,1.1284516544757799,-1.7550508356444998
Jordan Bone,-1.25128515697573,0.5071797443187299,-1.7584649012944602
Jason Hart,-2.83674652692836,-1.07812417983611,-1.75862234709225
Quincy Lewis,-3.02933418440539,-1.27046492201298,-1.7588692623924103
Shammond Williams,-1.3889364582445,0.37165186018128,-1.76058831842578
Dominique Wilkins,1.86457673169243,3.62711212654307,-1.7625353948506401
Malcolm Thomas,-0.69820032424795,1.06687832951993,-1.76507865376788
Stromile Swift,-1.89157633345889,-0.12095081535342,-1.77062551810547
Anthony Randolph,-1.54851496268813,0.22544659766256,-1.7739615603506902
Chris Morris,-1.6991080620201298,0.08065091299617,-1.7797589750163
DJ White,-1.38145460917776,0.39921088972199004,-1.78066549889975
Will Barton,-1.72367472848301,0.05728005832500999,-1.78095478680802
Sebastian Telfair,-0.69903336149707,1.09294342908971,-1.79197679058678
Curtis Borchardt,-1.12944760201973,0.66547329763786,-1.79492089965759
Nazr Mohammed,-1.75952541561973,0.039120949624819996,-1.79864636524455
Bubba Wells,-0.49129307410171,1.31184326586884,-1.80313633997055
Jimmer Fredette,1.0482160693701,2.85349966112949,-1.80528359175939
Mike Batiste,-1.5470452526901202,0.2607704359956,-1.80781568868572
Art Long,-1.75936319457244,0.048907611283160006,-1.8082708058556
Fred Jones,-1.5752758060754601,0.23358444870035,-1.8088602547758101
Keith Closs,-0.03386416655084,1.78178678464604,-1.81565095119688
Mo Bamba,-1.8482892725803401,-0.031511672896909995,-1.81677759968343
Roshown McLeod,-1.8433027019666302,-0.025085474562879996,-1.81821722740375
Predrag Drobnjak,-1.8389880803698002,-0.0161517245612,-1.8228363558086003
Manny Harris,-1.05972293774509,0.76358275155284,-1.8233056892979298
Devin Gray,-0.5382747435436499,1.28771042404655,-1.8259851675902001
Tyler Hansbrough,-1.7998562923949801,0.03997267970268,-1.8398289720976604
Mark Bryant,-2.19927287624987,-0.35504419679338,-1.84422867945649
John Lucas III,-2.31562993388189,-0.46503485403833,-1.8505950798435602
Mario Bennett,0.13124095507621,1.98516037102789,-1.85391941595168
Brian Roberts,-1.03070986151448,0.8277976209116199,-1.8585074824260999
Peyton Watson,-1.16431067037208,0.695429254006,-1.8597399243780801
Orien Greene,-4.1327795950888,-2.2726043294376703,-1.86017526565113
Terrel Harris,-2.15431932304053,-0.29330802480445,-1.8610112982360802
Trey Thompkins,-0.9826023555700101,0.88415043092842,-1.8667527864984303
Cedric Ceballos,-0.89786201091206,0.9690091271626801,-1.86687113807474
Justin Anderson,-1.35588188229429,0.51510655311955,-1.87098843541384
Aaron Harrison,-0.9798428069638601,0.89630044819257,-1.8761432551564303
Jonah Bolden,-1.16444378836468,0.71493368051048,-1.87937746887516
PJ Hairston,-1.46234376849704,0.42290444974033004,-1.88524821823737
Chris Robinson,-0.29794812969421,1.59261593042982,-1.8905640601240299
Jonathan Gibson,-0.21003594385560997,1.6819715898375598,-1.8920075336931699
Maciej Lampe,-0.6894491601266,1.20897152786773,-1.8984206879943302
Kobe Brown,-0.31463406571688,1.5859171320938998,-1.9005511978107799
LaPhonso Ellis,-0.93685109942946,0.9681202879239299,-1.90497138735339
Cassius Winston,-0.85655314087828,1.05417456981913,-1.9107277106974103
Olivier-Maxence Prosper,-1.19510554212917,0.71626273043826,-1.91136827256743
Malachi Richardson,-1.68422223090221,0.22747605424069,-1.9116982851429
Rasual Butler,-1.78565590569767,0.12734742992790998,-1.91300333562558
Dahntay Jones,-1.1408537203509599,0.77265986600091,-1.9135135863518697
Zan Tabak,-2.6318335742127,-0.71180516735647,-1.9200284068562299
Chris Garner,-0.82837706010482,1.09740472552515,-1.9257817856299702
Chris Mihm,-2.00161800551978,-0.07332741670708,-1.9282905888126998
Dalano Banton,-1.1797517762538698,0.75509093137815,-1.9348427076320198
Markel Brown,0.78234581229834,2.7239344841394697,-1.94158867184113
Juan Dixon,-0.5559799650985,1.39276758587273,-1.94874755097123
Bismack Biyombo,-2.43232756287552,-0.48312770748670997,-1.94919985538881
Jorge Gutierrez,-0.9559264973004401,0.9945046235300001,-1.9504311208304401
Travis Knight,-2.36978685077995,-0.41236785365388995,-1.9574189971260603
Carl Herrera,-2.20867364040729,-0.24866176672985,-1.96001187367744
Malik Monk,1.05538867516882,3.0186276777269603,-1.96323900255814
Juwan Howard,-0.65037643566701,1.31458220822504,-1.96495864389205
Donnell Harvey,-3.5863753739869697,-1.6162571223401498,-1.9701182516468199
Dakota Mathias,-1.5593077582691102,0.41229878559663,-1.97160654386574
Nicolo Melli,-1.0908080947930898,0.8933631045366,-1.98417119932969
Shawn Respert,-0.44872087111084996,1.53828692653349,-1.9870077976443399
CJ Elleby,-0.9164531568374,1.07265306323253,-1.9891062200699299
Eddie Johnson,1.12250589262423,3.12181522025123,-1.9993093276270004
Spencer Hawes,-1.08638539250912,0.91505107519775,-2.00143646770687
Will Conroy,-1.30488017659383,0.70794417262317,-2.012824349217
Willie Green,-1.44188652669568,0.5775572172585299,-2.01944374395421
Ibou Badji,-1.6280359302804,0.39253059490583003,-2.02056652518623
Clar. Weatherspoon,-1.82882132828115,0.1933012770661,-2.02212260534725
Nolan Smith,-2.04445825479944,-0.02188793168908,-2.02257032311036
Doug West,-1.5234239185382499,0.5052533817239,-2.0286773002621503
DeQuan Jones,-0.18756574815573002,1.84806636875274,-2.03563211690847
Brice Sensabaugh,1.1199392032145399,3.15787797364918,-2.03793877043464
Marlon Garnett,-3.0055137804076,-0.95888855625895,-2.04662522414865
Chris Clemons,-1.67249647339651,0.37486323065434,-2.0473597040508498
Blake Wesley,-1.15335204307899,0.8951235393900401,-2.04847558246903
O.J. Mayo,-0.24697142209488998,1.80196717624773,-2.04893859834262
Willie Burton,-1.13965966703936,0.91397720283045,-2.05363686986981
Mirsad Turkcan,-1.17024654412619,0.8886440393458501,-2.0588905834720403
Dee Brown,-1.38282596178329,0.6763472910940901,-2.05917325287738
Semih Erden,-1.89511178297949,0.17053328445642998,-2.06564506743592
Zhou Qi,-1.75213833980611,0.32550312924297,-2.07764146904908
Semaj Christon,-0.24928433007305,1.8320060726728302,-2.0812904027458803
Haywood Highsmith,-0.98602403841681,1.09820639390652,-2.08423043232333
James Young,-0.75027848764164,1.3348497541843,-2.08512824182594
Andrew Lang,-2.67725910889486,-0.5855386033493399,-2.09172050554552
Bryant Reeves,-1.00371893128363,1.0953060682225502,-2.09902499950618
Craig Brackins,-0.9914752481190601,1.1238598299809701,-2.11533507810003
Marc Jackson,-1.5497720788368399,0.56586572845966,-2.1156378072965
Omari Spellman,-0.71129898270367,1.40827466164994,-2.11957364435361
Justin Robinson,-1.7479335011449801,0.37815800779718,-2.12609150894216
Jerryd Bayless,-0.38771296572691,1.7393732890593898,-2.1270862547863
Sean McDermott,-1.74141337747178,0.39116962706069996,-2.1325830045324796
Trayce Jackson-Davis,-0.17867922391142,1.9551312362559001,-2.1338104601673202
Terrence Williams,-2.1401107397843298,-0.004485982983248457,-2.1356247568010813
Greg Brown III,-1.6858731031132002,0.45000767123714003,-2.13588077435034
Lari Ketner,-1.42576238649152,0.71155094766742,-2.1373133341589403
D.J. Wilson,-1.6567843379919,0.48054363567627995,-2.1373279736681803
Kyle Guy,-0.80158045133613,1.33883208293748,-2.14041253427361
Earl Boykins,0.07323346885852,2.2139537811138603,-2.14072031225534
Nick Johnson,-2.48105287519622,-0.33833188341709997,-2.14272099177912
Troy Murphy,0.35680347799286,2.50313542405568,-2.14633194606282
Paul Davis,-2.52660971973924,-0.38021730062128,-2.14639241911796
Rodney White,-3.06128964551646,-0.9148842610919999,-2.14640538442446
Justin Harper,-1.23102656214731,0.91942540567355,-2.1504519678208602
Chuma Okeke,-2.47080224564681,-0.30426953940658,-2.16653270624023
Anthony Goldwire,0.76427190405576,2.9311860356921,-2.16691413163634
Troy Hudson,1.13658093700813,3.3087289994980997,-2.17214806248997
Javaris Crittenton,-0.01069295496549,2.1647873181756103,-2.1754802731411003
Mark Price,1.50582741997235,3.6907189853550597,-2.18489156538271
Mfiondu Kabengele,-2.0137196627130702,0.17470491532342,-2.18842457803649
Andrea Bargnani,0.8516524409238301,3.04270753139935,-2.19105509047552
Jiri Welsch,-1.3380188926449699,0.86032626595395,-2.19834515859892
Brad Lohaus,-1.0154885021148898,1.18386571634702,-2.19935421846191
Ronald Dupree,-2.15601845991706,0.04742511478448,-2.20344357470154
Charles Smith,-2.67552609182891,-0.47200862494321,-2.2035174668857
Eldridge Recasner,-1.18001459548528,1.03003659566378,-2.21005119114906
Mario Hezonja,-1.1212072172936098,1.09158635212131,-2.2127935694149197
Alfonzo McKinnie,0.04269766317267,2.25883956699947,-2.2161419038268
Quinndary Weatherspoon,-0.5695149293845501,1.65022617006289,-2.21974109944744
Shane Larkin,-2.3337902649916997,-0.11107814405291001,-2.2227121209387897
Maxwell Lewis,-1.95779324144275,0.26600847703443004,-2.22380171847718
Lindell Wigginton,0.06531510146502001,2.28994178027999,-2.2246266788149702
Amir Coffey,0.2276458238589,2.45312103094227,-2.22547520708337
Marreese Speights,-1.5911385228857802,0.63534528993813,-2.2264838128239104
Viktor Khryapa,-0.11602902832443,2.11240741273966,-2.22843644106409
Jared Reiner,-0.7037919486701201,1.52690104727714,-2.23069299594726
Olden Polynice,-1.90392499015607,0.32685209043996,-2.23077708059603
David Wingate,-1.41159036271023,0.8202922355813,-2.23188259829153
Chris Carr,-1.5141039165688102,0.71867108426039,-2.2327750008292
Skylar Mays,0.25457761619969,2.49156414254142,-2.2369865263417297
Theron Smith,-1.29563815768345,0.94703140470789,-2.24266956239134
James Cotton,-0.85680093695862,1.3862292026882699,-2.2430301396468897
Justin Jackson,-1.20600222421956,1.0373120853637299,-2.24331430958329
Chris Silva,-1.1855694167651,1.06022264974117,-2.24579206650627
Marcus Banks,-2.30454744720055,-0.04969087828023,-2.25485656892032
Dalibor Bagaric,-1.5155053582370202,0.74167213268082,-2.25717749091784
Josh Jackson,-2.26927503141896,-0.009526933704756357,-2.259748097714204
Julian Strawther,0.07301436550582,2.34237551074837,-2.26936114524255
Derrick Williams,-2.03214536426715,0.23851940247038,-2.27066476673753
Hanno Mottola,-1.35626078875984,0.91963638898961,-2.2758971777494503
Ricky Pierce,0.62203398751406,2.89849353145082,-2.27645954393676
Pape Sow,-0.38043398005112,1.89623677438725,-2.2766707544383697
Zoran Planinic,-3.3367817214091398,-1.0592522673048599,-2.27752945410428
David Roddy,-0.6516647918273699,1.6270324898577802,-2.27869728168515
Chris Crawford,-1.1439177875920299,1.13833162169926,-2.28224940929129
Zeke Nnaji,-1.69244456137997,0.59108040557799,-2.28352496695796
Norman Powell,-0.07306177861407999,2.21271602879951,-2.28577780741359
Brian Skinner,-2.51151748362652,-0.22090347439207,-2.29061400923445
Shannon Brown,-1.5634626173496697,0.73774865783098,-2.30121127518065
Eric Paschall,0.14047665612008,2.44303571611059,-2.30255905999051
Andrew Nicholson,-3.81526339006564,-1.5110039464201501,-2.30425944364549
Emoni Bates,-0.91885840273584,1.3903062200987901,-2.30916462283463
Mike Penberthy,-0.6338130527479401,1.6827304369639098,-2.31654348971185
John Jenkins,-1.60682639109465,0.70995642963644,-2.31678282073109
Randolph Morris,-1.30265399223287,1.01727767903474,-2.31993167126761
Cedi Osman,0.38575361223143,2.70611822596558,-2.3203646137341503
Greg Stiemsma,-4.26688405106802,-1.94391245730506,-2.32297159376296
Mark Strickland,-1.25034745883788,1.0736133187766699,-2.3239607776145497
Mateen Cleaves,-3.50193685434073,-1.17656742142902,-2.32536943291171
Aaron Williams,-3.22644124678618,-0.8920800221865101,-2.3343612245996694
David Noel,0.39209157151002,2.72673922233602,-2.334647650826
Etan Thomas,-2.40897347504068,-0.0742999571702,-2.3346735178704803
Devin Brown,-1.6205013673886801,0.72229650788367,-2.34279787527235
Carsen Edwards,-2.52767454743964,-0.17863277097197,-2.34904177646767
Pooh Richardson,-0.61689085465048,1.73342994803517,-2.35032080268565
Drew Eubanks,-1.23898366700209,1.1181090461924101,-2.3570927131945
Antoine Rigaudeau,-1.64319154343321,0.71974247475108,-2.36293401818429
George Zidek,-0.6134275317022401,1.7545064670611201,-2.36793399876336
Jeremy Pargo,-2.32467752597014,0.053143657382650006,-2.37782118335279
Moses Brown,-0.03201429339417,2.34599054402312,-2.37800483741729
Marquis Teague,-2.60384165889133,-0.21969266859388,-2.38414899029745
Hubert Davis,0.10777270423128,2.49583969923107,-2.38806699499979
Trendon Watford,0.51126466359545,2.90242400967521,-2.39115934607976
Rex Walters,-1.47297457163814,0.9201534230671301,-2.39312799470527
Drew Gooden,-0.53260196035658,1.86276624710197,-2.39536820745855
Michael Curry,-4.198462794297559,-1.7959760939418898,-2.40248670035567
Monty Williams,-2.1569873169431797,0.24590795568739998,-2.40289527263058
Brandon Miller,0.27579486276820997,2.68173890662065,-2.4059440438524398
Milt Palacio,-3.48545559075564,-1.0693619412922901,-2.4160936494633503
Thomas Robinson,-1.22219874629913,1.20618241607267,-2.4283811623718
Keyonte George,-0.6317892825891,1.80135558837178,-2.4331448709608803
Nemanja Nedovic,-1.44977052010418,0.99132936524146,-2.44109988534564
Malik Allen,-2.40194659467039,0.04519819407781,-2.4471447887482
Jawad Williams,-0.58004330489249,1.8726745161260199,-2.45271782101851
Ira Newble,-2.21609353801641,0.23900084799051,-2.45509438600692
Isaiah Canaan,-1.52610313860939,0.94389172367047,-2.46999486227986
Hilton Armstrong,-3.25055822459177,-0.77995267413058,-2.4706055504611903
Ryan Stack,-1.6220482041599298,0.8529142497099,-2.47496245386983
Thanasis Antetokounmpo,-1.40065803182562,1.0746572653636302,-2.4753152971892503
Michael Olowokandi,-4.08509829351816,-1.60817688569986,-2.4769214078183
Lawrence Moten,-1.2476994213155501,1.2523567873449999,-2.5000562086605496
DeShawn Stevenson,-0.10686452315407001,2.39650854660566,-2.50337306975973
Jonathan Kuminga,-0.2636593976348,2.24003980841792,-2.50369920605272
Zavier Simpson,-1.24553878159225,1.25819716154566,-2.5037359431379103
Andre Brown,-1.4331895583926602,1.07106390043561,-2.50425345882827
Vlatko Cancar,-1.34153958672766,1.16283755272159,-2.5043771394492502
Dominique Jones,-2.81162056674099,-0.30225092855363,-2.5093696381873603
Malaki Branham,0.63281983152754,3.1429397082584702,-2.51011987673093
Aleksej Pokusevski,-1.71621785518338,0.79860363399828,-2.51482148918166
Nando De Colo,-1.65801295475289,0.86356860773275,-2.5215815624856397
Ricky Davis,-0.3442175151176,2.18190205481896,-2.52611956993656
MarJon Beauchamp,-0.3398093881599,2.18715388296058,-2.52696327112048
Bryce McGowens,-1.20943250488676,1.3230758981350101,-2.53250840302177
Tyronn Lue,-0.16430377090229,2.37932767205946,-2.54363144296175
Lee Nailon,-0.93192805547486,1.62199961838787,-2.5539276738627303
Anthony Roberson,-1.49560423414355,1.06121118021981,-2.55681541436336
Rashad Vaughn,-1.81796171739857,0.74973264991137,-2.56769436730994
Adam Morrison,-1.0114311116797101,1.5625639455579698,-2.57399505723768
Dajuan Wagner,-1.37614531343765,1.19871897519362,-2.57486428863127
Henry James,1.20177426532335,3.78238801225654,-2.58061374693319
Bostjan Nachbar,-2.22315998449197,0.35783935494547997,-2.58099933943745
Robert Swift,-0.6820851391468801,1.90196495684908,-2.58405009599596
Jordan Hill,-1.52001818206374,1.08263675735558,-2.6026549394193204
Johnny Davis,-2.08430537743035,0.52032331605716,-2.60462869348751
Semi Ojeleye,-2.9554248481565697,-0.34358977154993,-2.61183507660664
Wayne Selden,-0.20442826052474,2.40813159530375,-2.61255985582849
Lonnie Walker IV,0.03910982913057,2.65553194776838,-2.61642211863781
Cristiano Felicio,-1.60203435555626,1.0181045651493101,-2.62013892070557
Jeremy Richardson,-0.9536364087177199,1.66681144348191,-2.6204478521996295
Nicolas Brussino,-0.48182841640634,2.13895461171201,-2.62078302811835
Jeff McInnis,0.59659058970614,3.2265816323809697,-2.62999104267483
Armen Gilliam,-2.7304908330228703,-0.09387620610814,-2.63661462691473
James Robinson,0.56635299183661,3.20508738701296,-2.6387343951763502
Collin Sexton,2.3007480848716,4.94636122069349,-2.6456131358218897
Kareem Rush,-1.04045149694168,1.60679293141202,-2.6472444283537
Jason Caffey,-1.80604118541146,0.8531269303041201,-2.65916811571558
Emmanuel Mudiay,-0.6760858945157799,1.98341827228538,-2.65950416680116
Ike Austin,-2.20907805503944,0.4523653592788,-2.6614434143182404
Rodrick Rhodes,-3.01617658880112,-0.34823160721751,-2.6679449815836103
Alton Lister,-1.77329839790741,0.89978302534304,-2.67308142325045
Ron Mercer,-1.8401464736369202,0.83358521355732,-2.6737316871942403
Melvin Frazier Jr.,-1.3525766703670898,1.32884434391756,-2.6814210142846497
Jeff Green,-1.45953150207725,1.22602942286362,-2.68556092494087
Earl Barron,-2.62163262195499,0.07277028092419001,-2.69440290287918
Donny Marshall,-1.75606545207957,0.9410886594773,-2.6971541115568702
John Henson,-2.2947090067341502,0.40298171286952,-2.69769071960367
Amal McCaskill,-2.64861175107019,0.058524334554910004,-2.7071360856251
Terence Morris,-0.37991373599107,2.32787740497848,-2.70779114096955
Marty Conlon,0.11578801104301,2.8338260338841,-2.7180380228410903
John Edwards,-1.28590523298307,1.43268779921378,-2.71859303219685
Gary Neal,0.006890741322328038,2.7317813504360697,-2.7248906091137415
Brian Shaw,-1.296608477012,1.44190403164107,-2.7385125086530704
Kay Felder,-2.25477345853065,0.48695101921539,-2.74172447774604
Terrence Jones,-0.9745680478264801,1.7762258797089,-2.75079392753538
Alton Ford,-0.9828727868674799,1.7827004888266902,-2.76557327569417
Isaiah Roby,-1.32086246655978,1.45091064240346,-2.7717731089632403
Adonal Foyle,-4.68656372774321,-1.91084209573202,-2.77572163201119
Nick Smith Jr.,-1.39251053839403,1.39290892696107,-2.7854194653551
Dragan Tarlac,-2.04918078880194,0.73906705632496,-2.7882478451268997
Darius Morris,-3.67362760810023,-0.8844247354439301,-2.7892028726563
Maurice Ager,-2.57974302331003,0.21274507137952,-2.79248809468955
Courtney Alexander,-1.7760287230838299,1.01817358788265,-2.79420231096648
Brandon Knight,-1.59457534918054,1.20451002879544,-2.7990853779759797
Malachi Flynn,-0.70791832060653,2.10756186057221,-2.81548018117874
Tierre Brown,-2.5620068642364697,0.27959115202912,-2.84159801626559
Don MacLean,-0.78342504248014,2.05962422661025,-2.8430492690903897
Cedric Simmons,-2.49316068451728,0.35442051793900997,-2.84758120245629
Trenton Hassell,-1.43783221875795,1.41872427771466,-2.85655649647261
Jeffery Taylor,-2.9716480077791,-0.10909992482174,-2.86254808295736
McKinley Wright IV,-0.6390484410214,2.23352594420783,-2.87257438522923
Chris Porter,-0.74457495547863,2.1392096655033397,-2.8837846209819697
David Vaughn,-3.29500561981786,-0.38850852790099,-2.9064970919168696
Charles R. Jones,-1.4613022524311001,1.4452779239376399,-2.90658017636874
Tom Hammonds,-1.0676449867717401,1.84822993168408,-2.91587491845582
Harry Giles III,-1.38569978874178,1.5366989513579499,-2.9223987400997298
Kevin Seraphin,-4.2671914304299206,-1.34341617509109,-2.92377525533883
Brandon Goodwin,-2.12457121149612,0.80893147073282,-2.93350268222894
Killian Hayes,-1.8230351982798603,1.11365885391229,-2.93669405219215
Loren Meyer,-2.96755061709616,-0.02367637993446,-2.9438742371617
Jaden Hardy,0.45224699080225006,3.42841993059451,-2.97617293979226
Sam Young,-2.83898285325208,0.14103617225093998,-2.98001902550302
Cheick Diallo,-0.93424874540555,2.05153405075668,-2.98578279616223
Reggie Williams,0.15170013555392,3.1508797644409197,-2.999179628887
Thon Maker,-0.82521954068695,2.17557813538043,-3.0007976760673802
Elliot Williams,-2.76638044822618,0.23852106195497003,-3.00490151018115
Admiral Schofield,-1.28865545678723,1.72778324118689,-3.01643869797412
Shabazz Muhammad,-0.8958470811335699,2.1276083774803602,-3.02345545861393
Donald Sloan,-2.31292828579155,0.71502794902387,-3.02795623481542
Alonzo Gee,-2.40392191657492,0.6340367764049101,-3.03795869297983
Michael Stewart,-3.15431428165506,-0.09763242108911001,-3.0566818605659503
Adreian Payne,-1.2902777977161999,1.7801424539308899,-3.07042025164709
Nathan Mensah,-1.9891732775048803,1.08669485649221,-3.07586813399709
Otis Thorpe,-1.13588587943869,1.9434666314412499,-3.0793525108799398
James Michael McAdoo,-2.1042025558682598,0.97538605216977,-3.07958860803803
Ruben Boumtje-Boumtje,-1.5766727764792199,1.50712289841541,-3.0837956748946302
Terrance Ferguson,-0.7283143227308301,2.3601174047311098,-3.08843172746194
B.J. Armstrong,-1.5594917135327,1.52961777500465,-3.08910948853735
Herb Williams,-1.86377644520716,1.26174426804188,-3.12552071324904
Henry Sims,-2.85328465479915,0.32211903607989,-3.1754036908790404
Will Bynum,-0.13752401919913002,3.05703626968742,-3.19456028888655
Jabari Smith,-2.47610095501871,0.73647999890201,-3.2125809539207197
Ognjen Kuzmic,-1.9914687492427499,1.22546761971849,-3.2169363689612402
Sharone Wright,-3.02831645974576,0.19789527758045997,-3.22621173732622
Derek Harper,-0.24017208966126002,2.99815106480933,-3.2383231544705904
Al Thornton,-0.9629116282457899,2.27581980205558,-3.2387314303013697
Maurice Taylor,-2.50661341840522,0.7346556187350399,-3.2412690371402597
Georgios Kalaitzakis,-1.10551060648711,2.14449882576484,-3.2500094322519506
Darnell Jackson,-2.01359610145122,1.23659366693732,-3.25018976838854
Corey Benjamin,-3.12724888471711,0.12987820612036,-3.25712709083747
Nikoloz Tskitishvili,-3.14260336107982,0.11562795299201001,-3.25823131407183
Jonny Flynn,-0.01940540685571,3.242850016799,-3.26225542365471
James White,-1.17164098403376,2.0966361429846,-3.2682771270183597
Sam Mitchell,-1.23418757117471,2.04223509470197,-3.2764226658766797
Brandon Boston Jr.,-2.4737434247031698,0.80546014009861,-3.2792035648017803
Juan Carlos Navarro,-0.004231139066429902,3.2937639681164304,-3.2979951071828597
Joe Young,-1.96525981245008,1.3447046625957602,-3.30996447504584
Ed Gray,-1.7608536972506799,1.57421803923002,-3.3350717364807
Bimbo Coles,-2.35593141321417,0.9960405534810001,-3.3519719666951704
Sean Rooks,-3.56545825230788,-0.20920942796998,-3.3562488243379
Damien Wilkins,-1.23487562433,2.12309775079431,-3.3579733751243097
Joffrey Lauvergne,-1.57797408923759,1.78396276102031,-3.3619368502579
Andre Jackson Jr.,-0.042338095470729996,3.32482641083763,-3.36716450630836
Sergei Monia,-1.11044308481966,2.25779969424094,-3.3682427790606
Jabari Brown,-0.6392239258193201,2.73399216129756,-3.37321608711688
Jeryl Sasser,-3.04556233320343,0.33566870027189,-3.3812310334753204
Royal Ivey,-1.60175162449071,1.7861501248649498,-3.3879017493556596
Scoot Henderson,0.12533207180702,3.5160838178292497,-3.3907517460222296
Gary Trent,-0.96879852486387,2.42739187085696,-3.39619039572083
Bilal Coulibaly,-1.2328412152416302,2.19286311742713,-3.42570433266876
Rony Seikaly,-0.45780811687344997,2.98053803466291,-3.4383461515363605
Marcus Fizer,-1.8501826432647799,1.59573662173421,-3.4459192649989894
Jonathan Bender,-3.37592293104928,0.08890953725286,-3.4648324683021396
Yi Jianlian,-1.2366601737682101,2.2311026527491,-3.46776282651731
Stojko Vrankovic,-1.00281930323963,2.48027161060282,-3.48309091384245
Cam Reddish,-1.7495921980312,1.7343174689422698,-3.48390966697347
Pete Chilcutt,-0.5999044611040399,2.89812225506126,-3.4980267161653
Tony Wroten,-1.33600893938419,2.16800672203866,-3.5040156614228497
Eddy Curry,-2.15438603531318,1.36070449097129,-3.51509052628447
Jacque Vaughn,-3.37921006853982,0.15176474566354,-3.5309748142033603
Lawrence Funderburke,-1.90917928093051,1.66239309376194,-3.57157237469245
Rusty LaRue,-1.3182119064854498,2.25409400671474,-3.5723059132001898
Torrey Craig,0.01493066336935,3.5917467408236705,-3.5768160774543203
Kornel David,-3.2972064722873298,0.30122326864918997,-3.59842974093652
Jermaine Taylor,-0.64121014993115,2.9601897024309003,-3.60139985236205
Perry Jones III,-2.3688284999496703,1.25162872922242,-3.6204572291720902
Cam Thomas,0.05180960068759,3.67929850133166,-3.62748890064407
Justin Hamilton,-2.79899493586784,0.8303130187731701,-3.6293079546410105
Steven Hunter,-2.52223954079063,1.10945682621889,-3.6316963670095204
Roy Rogers,-0.7508283788418,2.89795714346569,-3.64878552230749
Marquese Chriss,-0.87839094846497,2.80168917443447,-3.68008012289944
Carlos Rogers,-2.2560991038669798,1.44118109932836,-3.69728020319534
Keljin Blevins,-1.5151880897277301,2.18815838995788,-3.7033464796856097
Quinn Cook,-0.569898627623,3.1461647519661304,-3.7160633795891305
Brandon Armstrong,-1.9031106513817402,1.82451413391241,-3.72762478529415
Zarko Cabarkapa,-1.96766599906654,1.78207213803851,-3.7497381371050498
Keon Johnson,-0.20141015987912,3.54874081673662,-3.7501509766157404
Udoka Azubuike,-2.2187283171639702,1.53630054985084,-3.7550288670148104
Primoz Brezec,-0.81895226156591,2.93761242530214,-3.7565646868680496
Alan Henderson,-1.5257158496002499,2.2359749243560803,-3.7616907739563303
Dominic McGuire,-2.3812542101078997,1.4139181267763,-3.7951723368841996
Kevin Knox II,-1.09988444884237,2.71075108984035,-3.8106355386827198
Brandon Williams,-1.8934971882087699,1.9216565228314102,-3.8151537110401796
DeAndre Liggins,-3.0728216970007,0.74307750715242,-3.8158992041531197
Eddie Gill,-3.24540454540062,0.5705590797260099,-3.8159636251266305
Wade Baldwin IV,-3.3678547925291404,0.47071239125228,-3.83856718378142
Michael Bradley,-1.41825109769764,2.4230429114868097,-3.8412940091844496
William Avery,-2.67935212681573,1.16209805638067,-3.8414501831964003
Gerald Wilkins,-1.34868250940311,2.50325781258455,-3.8519403219876596
Randy Brown,-4.25759501819666,-0.38219058319238,-3.8754044350042802
Darius Bazley,-3.90725574039108,0.018024425815160002,-3.92528016620624
Robert Pack,-1.85799076794208,2.1388698224433003,-3.99686059038538
Jordan Nwora,-0.48970015037297,3.5314510003387403,-4.02115115071171
Bruno Sundov,-3.40892291118627,0.61868813129362,-4.02761104247989
Dean Garrett,-2.03542130649602,2.00324463069796,-4.03866593719398
Joe Kleine,-1.98947592372581,2.04976179847393,-4.03923772219974
Cherokee Parks,-1.63324195336907,2.4069619616180997,-4.04020391498717
Lazar Hayward,-1.9194008241150002,2.14851600466972,-4.06791682878472
Abdel Nader,-3.81744019110266,0.25106337520723,-4.068503566309889
Dickey Simpkins,-4.0172495795910095,0.0638188759616,-4.08106845555261
Johnny O'Bryant III,-3.62684678807252,0.45458049385631,-4.08142728192883
Jermaine Jackson,-2.9211769705348103,1.1672726745628799,-4.08844964509769
Damian Jones,-1.7756881940422398,2.31770375743207,-4.09339195147431
Kobi Simmons,-0.9664234955692,3.18410318578993,-4.15052668135913
Kevin Willis,-3.4103744600812695,0.8058583760722301,-4.2162328361535
Greg Anderson,-1.59610312120362,2.71868968581926,-4.314792807022879
Anthony Bennett,-1.3777366191376201,2.96405401572596,-4.34179063486358
Loy Vaught,-1.8580080478489798,2.49577210482139,-4.353780152670369
Solomon Jones,-3.2484427578683097,1.12603128539185,-4.37447404326016
Josh Christopher,-0.76695153922171,3.6373976827962298,-4.40434922201794
Patrick McCaw,-2.7077220974329097,1.70034257252684,-4.40806466995975
JJ Hickson,-3.20410828128789,1.2335182067916701,-4.437626488079561
Elijah Hughes,-1.40244632470181,3.06468441467035,-4.46713073937216
Ike Diogu,-2.8750083978548,1.6268377062734498,-4.5018461041282505
Eric Montross,-3.0442517320935303,1.48559418798339,-4.52984592007692
Zendon Hamilton,-1.63584703562156,2.92992819852918,-4.56577523415074
Theo Maledon,-1.9952625687926302,2.61885265277802,-4.61411522157065
Bobby Brown,-1.3218422471347901,3.3006166572017404,-4.62245890433653
Eric Washington,-2.8613782190354002,1.82474485486403,-4.68612307389943
Rodney Buford,-2.1006383958088697,2.6017681111224498,-4.70240650693132
Jason Collier,-2.90561635249777,1.7979759230507701,-4.703592275548541
Briante Weber,-0.92166808375481,3.82037678803782,-4.74204487179263
John Amaechi,-3.5835342261733705,1.17762207379267,-4.761156299966041
Norris Cole,-3.32733033402783,1.497027823746,-4.824358157773831
R.J. Hampton,-1.31482309140662,3.5906469393489395,-4.90547003075556
Tyshawn Taylor,-1.83435445184034,3.09975917637675,-4.93411362821709
Archie Goodwin,-2.3351815267195297,2.71376470079278,-5.04894622751231
Vonteego Cummings,-3.27866306318476,1.8350637582123501,-5.11372682139711
Gradey Dick,-1.67373106436975,3.44507323209913,-5.1188042964688805
Samaki Walker,-3.80771820085416,1.32715304007786,-5.13487124093202
Pat Burke,-4.11700689793431,1.02665550403316,-5.143662401967469
John Wallace,-2.38828978612114,2.77281516054739,-5.16110494666853
Jelani McCoy,-4.28109480024313,0.9030264694463099,-5.18412126968944
Johan Petro,-3.93913117394798,1.29771634456346,-5.23684751851144
Tony Massenburg,-2.6669001152618,2.5902070522288,-5.2571071674906005
Sean Marks,-4.8382837944187305,0.46425497364494,-5.30253876806367
Jahlil Okafor,-3.38825783302004,1.91620396573564,-5.30446179875568
Duane Causwell,-3.42923473926925,1.8841752386335402,-5.31340997790279
James Wiseman,-1.99515719835892,3.65276840861887,-5.64792560697779
Greg Foster,-4.37149395558534,1.66626794155656,-6.037761897141899
Earl Clark,-5.82409779174602,0.5579009918098901,-6.38199878355591
Hakim Warrick,-3.03288776888143,3.3842306016124297,-6.41711837049386
Josh Powell,-3.4850640717641803,3.11546565837343,-6.600529730137611
Byron Mullens,-2.32359706134728,5.41314725085239,-7.7367443121996695
