Name,PLAYER_ID,Poss_Off,Poss_Def,Off,Def,RAPM,Season,Season_Type,Prior_Mode,lambda_off,lambda_def,lambda_meta,lambda_season,Off_SE,Def_SE,RAPM_SE,Off_CI_lo,Off_CI_hi,Def_CI_lo,Def_CI_hi,RAPM_CI_lo,RAPM_CI_hi
Nikola Jokic,203999,14140,13956,7.053,-3.973,11.026,2022-23-24,regular,zero,3000.0,3000.0,300.0,100.0,1.374,1.376,1.946,4.359,9.747,-6.67,-1.276,7.211,14.841
Paul George,202331,10416,10321,3.61,-3.538,7.148,2022-23-24,regular,zero,3000.0,3000.0,300.0,100.0,1.276,1.279,1.806,1.109,6.111,-6.045,-1.031,3.608,10.688
Kevin Durant,201142,12238,12093,3.937,-3.083,7.02,2022-23-24,regular,zero,3000.0,3000.0,300.0,100.0,1.17,1.173,1.658,1.643,6.231,-5.382,-0.784,3.77,10.27
Jrue Holiday,201950,12551,12392,4.464,-2.402,6.866,2022-23-24,regular,zero,3000.0,3000.0,300.0,100.0,1.155,1.159,1.637,2.201,6.727,-4.673,-0.13,3.657,10.074
Joel Embiid,203954,11048,10925,3.053,-3.784,6.837,2022-23-24,regular,zero,3000.0,3000.0,300.0,100.0,1.342,1.343,1.901,0.423,5.682,-6.415,-1.152,3.11,10.563
Kawhi Leonard,202695,7744,7651,3.161,-3.392,6.553,2022-23-24,regular,zero,3000.0,3000.0,300.0,100.0,1.372,1.376,1.943,0.472,5.85,-6.09,-0.695,2.745,10.362
Jayson Tatum,1628369,14765,14629,3.961,-2.059,6.02,2022-23-24,regular,zero,3000.0,3000.0,300.0,100.0,1.237,1.24,1.756,1.536,6.386,-4.49,0.372,2.578,9.462
Derrick White,1628401,12779,12708,2.14,-3.85,5.989,2022-23-24,regular,zero,3000.0,3000.0,300.0,100.0,1.157,1.159,1.636,-0.128,4.407,-6.122,-1.578,2.782,9.197
Stephen Curry,201939,13044,12859,4.316,-1.64,5.956,2022-23-24,regular,zero,3000.0,3000.0,300.0,100.0,1.269,1.272,1.801,1.828,6.804,-4.134,0.853,2.427,9.486
Devin Booker,1626164,12376,12251,5.286,-0.598,5.884,2022-23-24,regular,zero,3000.0,3000.0,300.0,100.0,1.19,1.193,1.684,2.954,7.618,-2.937,1.741,2.583,9.185
Steven Adams,203500,5840,5740,3.978,-1.82,5.798,2022-23-24,regular,zero,3000.0,3000.0,300.0,100.0,1.502,1.507,2.128,1.034,6.922,-4.773,1.133,1.627,9.97
Giannis Antetokounmpo,203507,13136,13050,3.858,-1.787,5.646,2022-23-24,regular,zero,3000.0,3000.0,300.0,100.0,1.199,1.201,1.7,1.509,6.208,-4.141,0.566,2.314,8.978
Kyrie Irving,202681,10190,10113,4.496,-1.144,5.64,2022-23-24,regular,zero,3000.0,3000.0,300.0,100.0,1.19,1.193,1.686,2.164,6.828,-3.481,1.194,2.336,8.943
Draymond Green,203110,10175,10071,0.649,-4.89,5.539,2022-23-24,regular,zero,3000.0,3000.0,300.0,100.0,1.295,1.298,1.834,-1.888,3.186,-7.435,-2.346,1.944,9.135
LeBron James,2544,12558,12565,4.019,-1.32,5.338,2022-23-24,regular,zero,3000.0,3000.0,300.0,100.0,1.161,1.16,1.642,1.743,6.295,-3.594,0.954,2.121,8.556
Jalen Brunson,1628973,13835,13718,4.448,-0.629,5.077,2022-23-24,regular,zero,3000.0,3000.0,300.0,100.0,1.151,1.153,1.631,2.191,6.704,-2.89,1.631,1.88,8.273
Fred VanVleet,1627832,14297,14239,2.358,-2.703,5.061,2022-23-24,regular,zero,3000.0,3000.0,300.0,100.0,1.154,1.155,1.636,0.096,4.62,-4.967,-0.44,1.854,8.269
George Hill,201588,3817,3755,-0.239,-5.185,4.946,2022-23-24,regular,zero,3000.0,3000.0,300.0,100.0,1.518,1.524,2.15,-3.215,2.737,-8.172,-2.199,0.732,9.16
Damian Lillard,203081,10997,10955,4.466,-0.474,4.94,2022-23-24,regular,zero,3000.0,3000.0,300.0,100.0,1.219,1.22,1.722,2.077,6.855,-2.864,1.917,1.564,8.316
Jose Alvarado,1630631,5113,5088,1.087,-3.797,4.884,2022-23-24,regular,zero,3000.0,3000.0,300.0,100.0,1.433,1.435,2.029,-1.722,3.896,-6.61,-0.984,0.906,8.861
Donovan Mitchell,1628378,12310,12206,3.608,-1.271,4.878,2022-23-24,regular,zero,3000.0,3000.0,300.0,100.0,1.184,1.186,1.677,1.288,5.928,-3.595,1.054,1.592,8.165
Jonathan Isaac,1628371,1801,1803,0.786,-4.079,4.865,2022-23-24,regular,zero,3000.0,3000.0,300.0,100.0,1.777,1.776,2.511,-2.697,4.268,-7.56,-0.599,-0.057,9.787
Darius Garland,1629636,12565,12429,3.395,-1.383,4.778,2022-23-24,regular,zero,3000.0,3000.0,300.0,100.0,1.262,1.263,1.787,0.922,5.867,-3.858,1.092,1.276,8.28
Herbert Jones,1630529,11743,11697,1.49,-3.185,4.676,2022-23-24,regular,zero,3000.0,3000.0,300.0,100.0,1.311,1.311,1.857,-1.08,4.06,-5.756,-0.615,1.035,8.316
Dante Exum,203957,1940,1927,3.398,-1.118,4.516,2022-23-24,regular,zero,3000.0,3000.0,300.0,100.0,1.743,1.746,2.467,-0.019,6.816,-4.539,2.304,-0.32,9.352
Chet Holmgren,1631096,4604,4597,2.715,-1.727,4.442,2022-23-24,regular,zero,3000.0,3000.0,300.0,100.0,1.555,1.556,2.193,-0.332,5.762,-4.776,1.322,0.143,8.741
Myles Turner,1626167,9993,9970,2.198,-2.207,4.405,2022-23-24,regular,zero,3000.0,3000.0,300.0,100.0,1.308,1.307,1.852,-0.365,4.761,-4.77,0.355,0.775,8.035
Isaiah Hartenstein,1628392,8395,8341,2.191,-2.183,4.373,2022-23-24,regular,zero,3000.0,3000.0,300.0,100.0,1.312,1.313,1.856,-0.38,4.762,-4.757,0.391,0.735,8.012
Hassan Whiteside,202355,2025,2037,2.912,-1.406,4.319,2022-23-24,regular,zero,3000.0,3000.0,300.0,100.0,1.763,1.762,2.492,-0.543,6.368,-4.859,2.046,-0.565,9.203
Jordan McLaughlin,1629162,3823,3831,0.36,-3.837,4.197,2022-23-24,regular,zero,3000.0,3000.0,300.0,100.0,1.526,1.525,2.158,-2.63,3.351,-6.826,-0.847,-0.033,8.427
Mikal Bridges,1628969,15890,15770,2.037,-2.161,4.197,2022-23-24,regular,zero,3000.0,3000.0,300.0,100.0,1.176,1.177,1.664,-0.269,4.342,-4.469,0.147,0.935,7.459
Shai Gilgeous-Alexander,1628983,13348,13301,2.711,-1.386,4.097,2022-23-24,regular,zero,3000.0,3000.0,300.0,100.0,1.263,1.264,1.791,0.235,5.186,-3.863,1.091,0.586,7.607
Chris Paul,101108,10379,10263,0.485,-3.611,4.096,2022-23-24,regular,zero,3000.0,3000.0,300.0,100.0,1.238,1.241,1.753,-1.941,2.912,-6.044,-1.178,0.66,7.532
Anthony Edwards,1630162,15286,15172,2.297,-1.79,4.086,2022-23-24,regular,zero,3000.0,3000.0,300.0,100.0,1.235,1.238,1.751,-0.124,4.717,-4.216,0.636,0.654,7.518
Franz Wagner,1630532,13664,13733,0.311,-3.732,4.044,2022-23-24,regular,zero,3000.0,3000.0,300.0,100.0,1.253,1.252,1.775,-2.144,2.767,-6.186,-1.279,0.565,7.522
Obi Toppin,1630167,7374,7356,3.885,-0.148,4.034,2022-23-24,regular,zero,3000.0,3000.0,300.0,100.0,1.297,1.298,1.832,1.342,6.428,-2.693,2.396,0.444,7.623
Bogdan Bogdanovic,203992,10779,10780,2.931,-0.949,3.88,2022-23-24,regular,zero,3000.0,3000.0,300.0,100.0,1.221,1.22,1.729,0.537,5.325,-3.341,1.443,0.491,7.269
Gary Payton II,1627780,4236,4224,1.539,-2.311,3.85,2022-23-24,regular,zero,3000.0,3000.0,300.0,100.0,1.462,1.463,2.068,-1.326,4.404,-5.178,0.556,-0.204,7.903
Anthony Davis,203076,11643,11635,-0.286,-4.07,3.784,2022-23-24,regular,zero,3000.0,3000.0,300.0,100.0,1.231,1.23,1.744,-2.699,2.126,-6.482,-1.659,0.365,7.203
Brandin Podziemski,1641764,3634,3615,2.358,-1.415,3.772,2022-23-24,regular,zero,3000.0,3000.0,300.0,100.0,1.576,1.578,2.227,-0.73,5.446,-4.507,1.678,-0.593,8.138
Aaron Gordon,203932,12726,12629,2.128,-1.598,3.726,2022-23-24,regular,zero,3000.0,3000.0,300.0,100.0,1.373,1.374,1.945,-0.562,4.819,-4.291,1.096,-0.087,7.538
Jimmy Butler,202710,11509,11455,2.629,-1.09,3.719,2022-23-24,regular,zero,3000.0,3000.0,300.0,100.0,1.211,1.213,1.717,0.255,5.003,-3.467,1.287,0.354,7.083
Brandon Ingram,1627742,9899,9790,1.753,-1.962,3.715,2022-23-24,regular,zero,3000.0,3000.0,300.0,100.0,1.291,1.295,1.831,-0.778,4.285,-4.5,0.576,0.126,7.304
Karl-Anthony Towns,1626157,10246,10143,2.444,-1.251,3.695,2022-23-24,regular,zero,3000.0,3000.0,300.0,100.0,1.27,1.274,1.798,-0.045,4.933,-3.747,1.245,0.17,7.22
Kenrich Williams,1629026,5961,5976,0.038,-3.58,3.617,2022-23-24,regular,zero,3000.0,3000.0,300.0,100.0,1.355,1.354,1.916,-2.619,2.694,-6.233,-0.926,-0.139,7.373
Alex Caruso,1627936,8823,8841,-1.121,-4.723,3.602,2022-23-24,regular,zero,3000.0,3000.0,300.0,100.0,1.268,1.267,1.793,-3.606,1.364,-7.207,-2.239,0.088,7.115
OG Anunoby,1628384,10709,10680,0.411,-3.185,3.595,2022-23-24,regular,zero,3000.0,3000.0,300.0,100.0,1.219,1.221,1.726,-1.979,2.8,-5.577,-0.792,0.213,6.978
Robert Williams III,1629057,4988,4923,-0.378,-3.954,3.576,2022-23-24,regular,zero,3000.0,3000.0,300.0,100.0,1.459,1.462,2.067,-3.238,2.481,-6.821,-1.088,-0.476,7.627
Sam Hauser,1630573,5127,5042,1.082,-2.446,3.528,2022-23-24,regular,zero,3000.0,3000.0,300.0,100.0,1.448,1.454,2.051,-1.757,3.921,-5.295,0.403,-0.492,7.547
Delon Wright,1626153,5878,5887,0.383,-3.133,3.516,2022-23-24,regular,zero,3000.0,3000.0,300.0,100.0,1.36,1.36,1.92,-2.283,3.05,-5.798,-0.468,-0.248,7.28
Javonte Green,1629750,4089,4086,2.093,-1.42,3.513,2022-23-24,regular,zero,3000.0,3000.0,300.0,100.0,1.502,1.502,2.124,-0.851,5.036,-4.364,1.523,-0.65,7.677
Josh Hart,1628404,12688,12676,1.833,-1.667,3.501,2022-23-24,regular,zero,3000.0,3000.0,300.0,100.0,1.124,1.124,1.587,-0.37,4.036,-3.87,0.535,0.391,6.611
Chris Boucher,1628449,6885,6881,0.973,-2.514,3.487,2022-23-24,regular,zero,3000.0,3000.0,300.0,100.0,1.323,1.323,1.873,-1.62,3.565,-5.108,0.079,-0.183,7.158
Lauri Markkanen,1628374,11498,11438,2.839,-0.589,3.428,2022-23-24,regular,zero,3000.0,3000.0,300.0,100.0,1.18,1.18,1.67,0.527,5.151,-2.901,1.723,0.155,6.7
Luka Doncic,1629029,13578,13532,2.778,-0.642,3.42,2022-23-24,regular,zero,3000.0,3000.0,300.0,100.0,1.217,1.218,1.725,0.392,5.164,-3.029,1.745,0.039,6.801
Dillon Brooks,1628415,9955,9951,0.707,-2.708,3.415,2022-23-24,regular,zero,3000.0,3000.0,300.0,100.0,1.234,1.234,1.744,-1.711,3.125,-5.127,-0.289,-0.004,6.834
Dean Wade,1629731,5332,5352,-1.626,-4.988,3.361,2022-23-24,regular,zero,3000.0,3000.0,300.0,100.0,1.391,1.39,1.969,-4.353,1.1,-7.713,-2.262,-0.497,7.22
Immanuel Quickley,1630193,10862,10900,-0.46,-3.778,3.318,2022-23-24,regular,zero,3000.0,3000.0,300.0,100.0,1.192,1.191,1.686,-2.795,1.876,-6.112,-1.444,0.013,6.623
Tyler Herro,1629639,10705,10622,2.523,-0.664,3.187,2022-23-24,regular,zero,3000.0,3000.0,300.0,100.0,1.242,1.244,1.762,0.088,4.958,-3.102,1.774,-0.266,6.641
Monte Morris,1628420,8285,8265,2.662,-0.447,3.109,2022-23-24,regular,zero,3000.0,3000.0,300.0,100.0,1.334,1.335,1.887,0.047,5.277,-3.063,2.169,-0.59,6.809
Joe Ingles,204060,6092,6021,1.435,-1.666,3.101,2022-23-24,regular,zero,3000.0,3000.0,300.0,100.0,1.331,1.335,1.886,-1.173,4.043,-4.282,0.949,-0.594,6.797
Desmond Bane,1630217,10303,10222,1.364,-1.73,3.094,2022-23-24,regular,zero,3000.0,3000.0,300.0,100.0,1.28,1.282,1.814,-1.144,3.872,-4.243,0.783,-0.462,6.65
Domantas Sabonis,1627734,14760,14658,1.601,-1.474,3.075,2022-23-24,regular,zero,3000.0,3000.0,300.0,100.0,1.276,1.276,1.807,-0.9,4.102,-3.975,1.027,-0.467,6.617
Kevin Huerter,1628989,11397,11349,3.053,0.021,3.032,2022-23-24,regular,zero,3000.0,3000.0,300.0,100.0,1.218,1.219,1.724,0.665,5.44,-2.369,2.411,-0.347,6.411
Pascal Siakam,1627783,14691,14667,2.687,-0.326,3.013,2022-23-24,regular,zero,3000.0,3000.0,300.0,100.0,1.16,1.16,1.637,0.414,4.959,-2.599,1.947,-0.196,6.221
Rudy Gobert,203497,12668,12570,-0.585,-3.545,2.96,2022-23-24,regular,zero,3000.0,3000.0,300.0,100.0,1.234,1.236,1.746,-3.004,1.834,-5.967,-1.123,-0.461,6.382
Mitchell Robinson,1629011,7654,7637,2.49,-0.449,2.939,2022-23-24,regular,zero,3000.0,3000.0,300.0,100.0,1.425,1.426,2.019,-0.303,5.284,-3.243,2.345,-1.017,6.896
Clint Capela,203991,10992,10953,1.571,-1.365,2.937,2022-23-24,regular,zero,3000.0,3000.0,300.0,100.0,1.368,1.369,1.937,-1.11,4.253,-4.048,1.317,-0.86,6.734
James Harden,201935,13136,13050,3.393,0.521,2.871,2022-23-24,regular,zero,3000.0,3000.0,300.0,100.0,1.117,1.119,1.58,1.203,5.582,-1.671,2.714,-0.226,5.968
Brook Lopez,201572,9676,9599,-1.194,-4.056,2.862,2022-23-24,regular,zero,3000.0,3000.0,300.0,100.0,1.269,1.272,1.795,-3.681,1.294,-6.548,-1.563,-0.657,6.381
Ja Morant,1629630,7755,7695,1.716,-1.14,2.856,2022-23-24,regular,zero,3000.0,3000.0,300.0,100.0,1.388,1.389,1.965,-1.004,4.436,-3.863,1.583,-0.995,6.707
Al Horford,201143,10435,10321,1.408,-1.419,2.826,2022-23-24,regular,zero,3000.0,3000.0,300.0,100.0,1.3,1.304,1.844,-1.141,3.956,-3.975,1.138,-0.787,6.44
Rudy Gay,200752,3502,3492,0.541,-2.25,2.792,2022-23-24,regular,zero,3000.0,3000.0,300.0,100.0,1.554,1.554,2.198,-2.504,3.586,-5.296,0.795,-1.516,7.099
Ricky Rubio,201937,2806,2763,-1.349,-4.112,2.763,2022-23-24,regular,zero,3000.0,3000.0,300.0,100.0,1.619,1.624,2.295,-4.523,1.826,-7.295,-0.928,-1.735,7.262
Khris Middleton,203114,8506,8378,1.626,-1.116,2.742,2022-23-24,regular,zero,3000.0,3000.0,300.0,100.0,1.275,1.279,1.807,-0.872,4.124,-3.623,1.392,-0.799,6.283
Montrezl Harrell,1626149,4067,4088,0.414,-2.298,2.712,2022-23-24,regular,zero,3000.0,3000.0,300.0,100.0,1.492,1.49,2.106,-2.51,3.338,-5.219,0.623,-1.416,6.839
Tari Eason,1631106,4024,4062,0.006,-2.695,2.701,2022-23-24,regular,zero,3000.0,3000.0,300.0,100.0,1.523,1.52,2.148,-2.978,2.991,-5.673,0.284,-1.509,6.912
Jusuf Nurkic,203994,9548,9485,0.88,-1.817,2.698,2022-23-24,regular,zero,3000.0,3000.0,300.0,100.0,1.289,1.29,1.823,-1.647,3.407,-4.345,0.71,-0.876,6.271
Kevon Looney,1626172,9421,9406,2.303,-0.373,2.676,2022-23-24,regular,zero,3000.0,3000.0,300.0,100.0,1.302,1.303,1.845,-0.25,4.855,-2.927,2.181,-0.94,6.291
Jarrett Allen,1628386,11854,11797,0.806,-1.836,2.642,2022-23-24,regular,zero,3000.0,3000.0,300.0,100.0,1.246,1.247,1.765,-1.636,3.247,-4.28,0.608,-0.817,6.101
Mike Muscala,203488,3767,3723,0.779,-1.796,2.575,2022-23-24,regular,zero,3000.0,3000.0,300.0,100.0,1.494,1.497,2.114,-2.149,3.707,-4.73,1.138,-1.569,6.719
Zion Williamson,1629627,5742,5692,0.841,-1.714,2.555,2022-23-24,regular,zero,3000.0,3000.0,300.0,100.0,1.415,1.418,2.0,-1.932,3.613,-4.493,1.065,-1.365,6.474
Kristaps Porzingis,204001,9912,9850,1.195,-1.355,2.55,2022-23-24,regular,zero,3000.0,3000.0,300.0,100.0,1.191,1.193,1.686,-1.14,3.529,-3.694,0.984,-0.754,5.853
DeMar DeRozan,201942,15673,15666,2.208,-0.315,2.523,2022-23-24,regular,zero,3000.0,3000.0,300.0,100.0,1.235,1.235,1.751,-0.213,4.629,-2.737,2.106,-0.908,5.954
De'Anthony Melton,1629001,8738,8671,1.336,-1.185,2.521,2022-23-24,regular,zero,3000.0,3000.0,300.0,100.0,1.244,1.247,1.762,-1.102,3.774,-3.63,1.259,-0.932,5.975
Mike Conley,201144,11808,11698,1.559,-0.937,2.496,2022-23-24,regular,zero,3000.0,3000.0,300.0,100.0,1.198,1.199,1.693,-0.789,3.907,-3.288,1.414,-0.821,5.814
Isaiah Joe,1630198,6293,6146,1.58,-0.888,2.468,2022-23-24,regular,zero,3000.0,3000.0,300.0,100.0,1.352,1.357,1.915,-1.069,4.229,-3.548,1.773,-1.286,6.222
Jalen Williams,1631114,8726,8722,0.659,-1.76,2.419,2022-23-24,regular,zero,3000.0,3000.0,300.0,100.0,1.343,1.344,1.898,-1.973,3.29,-4.395,0.874,-1.301,6.139
Tyrese Maxey,1630178,13569,13421,2.597,0.207,2.39,2022-23-24,regular,zero,3000.0,3000.0,300.0,100.0,1.221,1.223,1.732,0.203,4.991,-2.191,2.604,-1.005,5.785
Jock Landale,1629111,3721,3738,0.594,-1.781,2.375,2022-23-24,regular,zero,3000.0,3000.0,300.0,100.0,1.515,1.513,2.14,-2.374,3.563,-4.746,1.185,-1.819,6.569
Dereck Lively II,1641726,2487,2483,2.641,0.296,2.345,2022-23-24,regular,zero,3000.0,3000.0,300.0,100.0,1.703,1.704,2.408,-0.698,5.979,-3.044,3.635,-2.375,7.066
De'Aaron Fox,1628368,13737,13698,2.34,0.069,2.272,2022-23-24,regular,zero,3000.0,3000.0,300.0,100.0,1.27,1.268,1.796,-0.149,4.83,-2.417,2.555,-1.248,5.792
Marcus Smart,203935,9074,9040,0.769,-1.494,2.263,2022-23-24,regular,zero,3000.0,3000.0,300.0,100.0,1.311,1.312,1.858,-1.801,3.339,-4.066,1.077,-1.379,5.905
Victor Wembanyama,1641705,3862,3907,-1.224,-3.441,2.217,2022-23-24,regular,zero,3000.0,3000.0,300.0,100.0,1.598,1.595,2.255,-4.356,1.909,-6.567,-0.314,-2.202,6.636
Michael Porter Jr.,1629008,8653,8567,1.442,-0.763,2.205,2022-23-24,regular,zero,3000.0,3000.0,300.0,100.0,1.415,1.417,2.002,-1.331,4.215,-3.54,2.014,-1.719,6.129
Miles Bridges,1628970,9690,9792,1.189,-1.01,2.199,2022-23-24,regular,zero,3000.0,3000.0,300.0,100.0,1.308,1.304,1.849,-1.375,3.753,-3.566,1.546,-1.426,5.823
DeMarcus Cousins,202326,1355,1325,2.11,-0.071,2.181,2022-23-24,regular,zero,3000.0,3000.0,300.0,100.0,1.842,1.847,2.61,-1.5,5.721,-3.691,3.55,-2.934,7.296
Nicolas Batum,201587,8849,8775,0.863,-1.305,2.168,2022-23-24,regular,zero,3000.0,3000.0,300.0,100.0,1.211,1.214,1.715,-1.51,3.236,-3.684,1.073,-1.193,5.529
John Konchar,1629723,6846,6834,-0.219,-2.369,2.149,2022-23-24,regular,zero,3000.0,3000.0,300.0,100.0,1.323,1.324,1.873,-2.812,2.373,-4.963,0.226,-1.522,5.821
Austin Reaves,1630559,11016,11032,1.065,-1.063,2.128,2022-23-24,regular,zero,3000.0,3000.0,300.0,100.0,1.221,1.221,1.728,-1.328,3.458,-3.456,1.33,-1.258,5.515
Justise Winslow,1626159,2786,2813,0.103,-2.02,2.122,2022-23-24,regular,zero,3000.0,3000.0,300.0,100.0,1.622,1.618,2.293,-3.076,3.281,-5.191,1.152,-2.372,6.616
Payton Pritchard,1630202,5134,5079,1.322,-0.8,2.122,2022-23-24,regular,zero,3000.0,3000.0,300.0,100.0,1.432,1.435,2.028,-1.485,4.129,-3.613,2.014,-1.853,6.097
Andre Drummond,203083,6725,6748,0.782,-1.328,2.109,2022-23-24,regular,zero,3000.0,3000.0,300.0,100.0,1.346,1.345,1.903,-1.857,3.42,-3.964,1.308,-1.621,5.84
Tyrese Haliburton,1630169,13109,13099,2.618,0.52,2.098,2022-23-24,regular,zero,3000.0,3000.0,300.0,100.0,1.194,1.192,1.692,0.278,4.957,-1.817,2.856,-1.218,5.414
Tre Jones,1630200,9428,9489,1.156,-0.91,2.065,2022-23-24,regular,zero,3000.0,3000.0,300.0,100.0,1.275,1.272,1.803,-1.343,3.655,-3.403,1.583,-1.468,5.599
Bam Adebayo,1628389,12738,12674,-0.959,-3.001,2.042,2022-23-24,regular,zero,3000.0,3000.0,300.0,100.0,1.292,1.293,1.831,-3.49,1.573,-5.535,-0.466,-1.546,5.63
Larry Nance Jr.,1626204,6336,6337,0.204,-1.834,2.038,2022-23-24,regular,zero,3000.0,3000.0,300.0,100.0,1.393,1.393,1.97,-2.527,2.934,-4.564,0.896,-1.824,5.899
Jae Crowder,203109,6361,6320,0.629,-1.402,2.031,2022-23-24,regular,zero,3000.0,3000.0,300.0,100.0,1.366,1.368,1.928,-2.049,3.306,-4.084,1.279,-1.747,5.809
Robert Covington,203496,5407,5395,-0.819,-2.822,2.003,2022-23-24,regular,zero,3000.0,3000.0,300.0,100.0,1.399,1.399,1.976,-3.562,1.923,-5.565,-0.08,-1.871,5.877
T.J. Warren,203933,1484,1468,0.095,-1.9,1.995,2022-23-24,regular,zero,3000.0,3000.0,300.0,100.0,1.8,1.802,2.547,-3.433,3.622,-5.433,1.632,-2.996,6.986
Jakob Poeltl,1627751,9957,10022,1.33,-0.653,1.983,2022-23-24,regular,zero,3000.0,3000.0,300.0,100.0,1.224,1.222,1.723,-1.068,3.729,-3.047,1.742,-1.395,5.361
Enes Freedom,202683,666,639,0.758,-1.217,1.975,2022-23-24,regular,zero,3000.0,3000.0,300.0,100.0,1.981,1.987,2.806,-3.124,4.64,-5.112,2.677,-3.524,7.474
Miles McBride,1630540,3908,3947,0.17,-1.775,1.946,2022-23-24,regular,zero,3000.0,3000.0,300.0,100.0,1.519,1.516,2.146,-2.807,3.148,-4.748,1.197,-2.26,6.151
Royce O'Neale,1626220,12265,12255,0.238,-1.691,1.929,2022-23-24,regular,zero,3000.0,3000.0,300.0,100.0,1.154,1.155,1.633,-2.023,2.499,-3.954,0.572,-1.271,5.129
Dejounte Murray,1627749,15003,15038,1.346,-0.505,1.85,2022-23-24,regular,zero,3000.0,3000.0,300.0,100.0,1.146,1.146,1.621,-0.901,3.593,-2.75,1.741,-1.326,5.027
Wesley Matthews,202083,4026,4033,-0.021,-1.819,1.798,2022-23-24,regular,zero,3000.0,3000.0,300.0,100.0,1.478,1.477,2.089,-2.917,2.876,-4.715,1.077,-2.297,5.893
Alec Burks,202692,8578,8575,0.604,-1.188,1.792,2022-23-24,regular,zero,3000.0,3000.0,300.0,100.0,1.232,1.231,1.741,-1.81,3.018,-3.601,1.225,-1.621,5.205
Keon Ellis,1631165,1595,1588,-0.574,-2.357,1.784,2022-23-24,regular,zero,3000.0,3000.0,300.0,100.0,1.789,1.79,2.53,-4.079,2.932,-5.866,1.151,-3.174,6.742
Jaren Jackson Jr.,1628991,11183,11148,0.199,-1.582,1.781,2022-23-24,regular,zero,3000.0,3000.0,300.0,100.0,1.255,1.255,1.777,-2.26,2.657,-4.042,0.878,-1.702,5.263
Landry Shamet,1629013,5201,5194,-0.713,-2.478,1.765,2022-23-24,regular,zero,3000.0,3000.0,300.0,100.0,1.395,1.395,1.973,-3.447,2.021,-5.213,0.257,-2.101,5.631
Walker Kessler,1631117,5946,5968,0.148,-1.6,1.748,2022-23-24,regular,zero,3000.0,3000.0,300.0,100.0,1.429,1.428,2.02,-2.653,2.948,-4.398,1.198,-2.212,5.708
Julius Randle,203944,12915,12825,1.867,0.135,1.732,2022-23-24,regular,zero,3000.0,3000.0,300.0,100.0,1.334,1.335,1.89,-0.747,4.482,-2.482,2.752,-1.972,5.437
Christian Koloko,1631132,1386,1389,0.013,-1.682,1.696,2022-23-24,regular,zero,3000.0,3000.0,300.0,100.0,1.822,1.822,2.576,-3.559,3.585,-5.253,1.889,-3.354,6.745
Luke Kennard,1628379,7635,7595,0.962,-0.732,1.694,2022-23-24,regular,zero,3000.0,3000.0,300.0,100.0,1.267,1.268,1.79,-1.521,3.445,-3.218,1.754,-1.815,5.203
Luke Kornet,1628436,2805,2770,1.06,-0.63,1.69,2022-23-24,regular,zero,3000.0,3000.0,300.0,100.0,1.651,1.654,2.337,-2.175,4.296,-3.872,2.613,-2.89,6.27
Derrick Jones Jr.,1627884,6600,6609,-0.342,-2.021,1.68,2022-23-24,regular,zero,3000.0,3000.0,300.0,100.0,1.316,1.315,1.86,-2.92,2.237,-4.599,0.557,-1.965,5.325
Ben Sheppard,1641767,1240,1260,1.013,-0.659,1.672,2022-23-24,regular,zero,3000.0,3000.0,300.0,100.0,1.868,1.864,2.639,-2.647,4.674,-4.312,2.994,-3.5,6.844
Andre Iguodala,2738,1320,1310,-0.487,-2.106,1.62,2022-23-24,regular,zero,3000.0,3000.0,300.0,100.0,1.846,1.847,2.611,-4.104,3.131,-5.727,1.515,-3.498,6.737
Matisse Thybulle,1629680,8063,8113,-1.543,-3.156,1.614,2022-23-24,regular,zero,3000.0,3000.0,300.0,100.0,1.241,1.239,1.752,-3.975,0.89,-5.585,-0.728,-1.821,5.048
Taj Gibson,201959,2796,2830,-0.014,-1.617,1.602,2022-23-24,regular,zero,3000.0,3000.0,300.0,100.0,1.611,1.607,2.274,-3.172,3.143,-4.766,1.533,-2.855,6.06
Keegan Murray,1631099,9323,9295,1.503,-0.086,1.589,2022-23-24,regular,zero,3000.0,3000.0,300.0,100.0,1.388,1.388,1.961,-1.217,4.223,-2.807,2.635,-2.255,5.432
Frank Ntilikina,1628373,2082,2127,-0.292,-1.864,1.573,2022-23-24,regular,zero,3000.0,3000.0,300.0,100.0,1.703,1.696,2.404,-3.629,3.045,-5.188,1.46,-3.139,6.284
Ish Wainright,1630688,1903,1919,0.255,-1.307,1.562,2022-23-24,regular,zero,3000.0,3000.0,300.0,100.0,1.739,1.737,2.458,-3.154,3.664,-4.712,2.098,-3.256,6.379
Ousmane Dieng,1631172,1447,1441,0.168,-1.369,1.537,2022-23-24,regular,zero,3000.0,3000.0,300.0,100.0,1.805,1.806,2.554,-3.371,3.706,-4.91,2.172,-3.469,6.542
Kyle Lowry,200768,10399,10353,-0.472,-1.994,1.523,2022-23-24,regular,zero,3000.0,3000.0,300.0,100.0,1.202,1.203,1.699,-2.828,1.884,-4.352,0.364,-1.808,4.853
Dwight Powell,203939,7327,7326,1.319,-0.188,1.507,2022-23-24,regular,zero,3000.0,3000.0,300.0,100.0,1.358,1.358,1.924,-1.343,3.981,-2.849,2.473,-2.264,5.277
Goga Bitadze,1629048,3617,3645,0.832,-0.651,1.483,2022-23-24,regular,zero,3000.0,3000.0,300.0,100.0,1.552,1.549,2.195,-2.211,3.874,-3.687,2.385,-2.818,5.784
Nikola Jovic,1631107,1898,1905,1.252,-0.226,1.478,2022-23-24,regular,zero,3000.0,3000.0,300.0,100.0,1.737,1.736,2.455,-2.153,4.658,-3.629,3.177,-3.334,6.291
Luguentz Dort,1629652,12005,12016,0.236,-1.234,1.47,2022-23-24,regular,zero,3000.0,3000.0,300.0,100.0,1.326,1.326,1.879,-2.363,2.835,-3.834,1.365,-2.213,5.153
Jaime Jaquez Jr.,1631170,3787,3779,0.426,-1.025,1.451,2022-23-24,regular,zero,3000.0,3000.0,300.0,100.0,1.556,1.556,2.195,-2.623,3.475,-4.075,2.026,-2.852,5.753
Braxton Key,1630296,400,395,0.168,-1.264,1.432,2022-23-24,regular,zero,3000.0,3000.0,300.0,100.0,2.049,2.05,2.899,-3.848,4.184,-5.283,2.755,-4.249,7.114
Josh Okogie,1629006,4781,4798,-1.418,-2.833,1.415,2022-23-24,regular,zero,3000.0,3000.0,300.0,100.0,1.418,1.418,2.004,-4.198,1.362,-5.612,-0.054,-2.514,5.344
Spencer Dinwiddie,203915,12400,12426,1.353,-0.06,1.413,2022-23-24,regular,zero,3000.0,3000.0,300.0,100.0,1.109,1.108,1.567,-0.822,3.528,-2.232,2.113,-1.658,4.484
Isaiah Thomas,202738,532,528,0.143,-1.265,1.407,2022-23-24,regular,zero,3000.0,3000.0,300.0,100.0,2.007,2.008,2.839,-3.791,4.076,-5.2,2.671,-4.157,6.971
P.J. Tucker,200782,8059,8012,0.856,-0.536,1.393,2022-23-24,regular,zero,3000.0,3000.0,300.0,100.0,1.273,1.275,1.798,-1.638,3.35,-3.036,1.963,-2.131,4.916
Daniel Theis,1628464,3497,3483,-0.272,-1.649,1.377,2022-23-24,regular,zero,3000.0,3000.0,300.0,100.0,1.535,1.536,2.171,-3.281,2.738,-4.66,1.362,-2.878,5.632
Kentavious Caldwell-Pope,203484,13319,13299,0.758,-0.61,1.368,2022-23-24,regular,zero,3000.0,3000.0,300.0,100.0,1.232,1.232,1.745,-1.657,3.173,-3.024,1.804,-2.052,4.788
LaMelo Ball,1630163,8319,8373,2.207,0.86,1.347,2022-23-24,regular,zero,3000.0,3000.0,300.0,100.0,1.339,1.335,1.895,-0.418,4.832,-1.757,3.477,-2.367,5.061
Deni Avdija,1630166,11590,11710,-0.31,-1.654,1.344,2022-23-24,regular,zero,3000.0,3000.0,300.0,100.0,1.175,1.172,1.66,-2.612,1.993,-3.95,0.642,-1.909,4.598
Brandon Clarke,1629634,4314,4331,-0.802,-2.144,1.342,2022-23-24,regular,zero,3000.0,3000.0,300.0,100.0,1.516,1.515,2.145,-3.772,2.169,-5.114,0.826,-2.862,5.546
Tobias Harris,202699,13483,13373,0.875,-0.446,1.321,2022-23-24,regular,zero,3000.0,3000.0,300.0,100.0,1.265,1.265,1.789,-1.604,3.354,-2.926,2.034,-2.185,4.827
AJ Green,1631260,1353,1350,0.524,-0.765,1.29,2022-23-24,regular,zero,3000.0,3000.0,300.0,100.0,1.827,1.827,2.584,-3.057,4.105,-4.347,2.816,-3.775,6.354
Olivier Sarr,1630846,975,993,-0.374,-1.662,1.288,2022-23-24,regular,zero,3000.0,3000.0,300.0,100.0,1.916,1.913,2.708,-4.129,3.381,-5.41,2.087,-4.019,6.595
Tony Bradley,1628396,899,905,0.778,-0.506,1.285,2022-23-24,regular,zero,3000.0,3000.0,300.0,100.0,1.933,1.931,2.733,-3.01,4.567,-4.292,3.279,-4.072,6.642
Terance Mann,1629611,10644,10678,0.564,-0.686,1.25,2022-23-24,regular,zero,3000.0,3000.0,300.0,100.0,1.214,1.213,1.716,-1.815,2.943,-3.063,1.691,-2.113,4.613
Jeremy Lamb,203087,1711,1732,0.395,-0.847,1.241,2022-23-24,regular,zero,3000.0,3000.0,300.0,100.0,1.766,1.762,2.493,-3.066,3.855,-4.301,2.608,-3.646,6.128
Nemanja Bjelica,202357,2004,1975,0.509,-0.728,1.237,2022-23-24,regular,zero,3000.0,3000.0,300.0,100.0,1.759,1.763,2.491,-2.938,3.955,-4.183,2.726,-3.645,6.119
Kevin Love,201567,7331,7286,-0.053,-1.27,1.217,2022-23-24,regular,zero,3000.0,3000.0,300.0,100.0,1.274,1.276,1.802,-2.55,2.444,-3.771,1.231,-2.315,4.75
D'Angelo Russell,1626156,13099,13006,0.991,-0.215,1.206,2022-23-24,regular,zero,3000.0,3000.0,300.0,100.0,1.133,1.135,1.603,-1.23,3.212,-2.439,2.008,-1.935,4.348
Tim Hardaway Jr.,203501,10135,10105,0.433,-0.761,1.194,2022-23-24,regular,zero,3000.0,3000.0,300.0,100.0,1.22,1.221,1.728,-1.958,2.824,-3.154,1.632,-2.192,4.581
Solomon Hill,203524,236,229,0.198,-0.995,1.193,2022-23-24,regular,zero,3000.0,3000.0,300.0,100.0,2.092,2.094,2.96,-3.902,4.299,-5.099,3.109,-4.609,6.995
Vasilije Micic,203995,1955,1981,1.539,0.35,1.189,2022-23-24,regular,zero,3000.0,3000.0,300.0,100.0,1.761,1.757,2.486,-1.913,4.991,-3.094,3.794,-3.683,6.062
Marcus Garrett,1630585,184,179,0.85,-0.339,1.189,2022-23-24,regular,zero,3000.0,3000.0,300.0,100.0,2.109,2.111,2.984,-3.284,4.984,-4.476,3.798,-4.659,7.038
Naji Marshall,1630230,6209,6224,-0.869,-2.046,1.177,2022-23-24,regular,zero,3000.0,3000.0,300.0,100.0,1.391,1.39,1.967,-3.595,1.858,-4.77,0.679,-2.679,5.033
Kyle Anderson,203937,9624,9565,-0.902,-2.059,1.157,2022-23-24,regular,zero,3000.0,3000.0,300.0,100.0,1.196,1.198,1.691,-3.246,1.442,-4.407,0.289,-2.158,4.472
Dennis Smith Jr.,1628372,5277,5317,-1.965,-3.088,1.124,2022-23-24,regular,zero,3000.0,3000.0,300.0,100.0,1.381,1.378,1.954,-4.672,0.743,-5.79,-0.387,-2.705,4.953
Ochai Agbaji,1630534,4968,5035,0.88,-0.239,1.119,2022-23-24,regular,zero,3000.0,3000.0,300.0,100.0,1.453,1.448,2.051,-1.969,3.728,-3.078,2.6,-2.902,5.139
KZ Okpala,1629644,733,749,-0.534,-1.65,1.116,2022-23-24,regular,zero,3000.0,3000.0,300.0,100.0,1.953,1.949,2.76,-4.363,3.294,-5.47,2.171,-4.293,6.524
Lonzo Ball,1628366,2256,2237,-0.635,-1.751,1.115,2022-23-24,regular,zero,3000.0,3000.0,300.0,100.0,1.713,1.715,2.424,-3.992,2.722,-5.112,1.611,-3.635,5.866
Moritz Wagner,1629021,6091,6108,0.354,-0.747,1.101,2022-23-24,regular,zero,3000.0,3000.0,300.0,100.0,1.44,1.437,2.036,-2.469,3.176,-3.564,2.069,-2.889,5.091
Max Strus,1629622,11073,10945,0.614,-0.474,1.089,2022-23-24,regular,zero,3000.0,3000.0,300.0,100.0,1.158,1.162,1.642,-1.656,2.885,-2.752,1.803,-2.131,4.308
Cameron Johnson,1629661,8176,8125,-0.017,-1.083,1.066,2022-23-24,regular,zero,3000.0,3000.0,300.0,100.0,1.296,1.297,1.832,-2.557,2.523,-3.625,1.459,-2.526,4.657
Amen Thompson,1641708,2346,2345,-0.318,-1.355,1.037,2022-23-24,regular,zero,3000.0,3000.0,300.0,100.0,1.708,1.709,2.415,-3.666,3.03,-4.704,1.994,-3.696,5.77
Trae Young,1629027,13879,13844,2.192,1.155,1.037,2022-23-24,regular,zero,3000.0,3000.0,300.0,100.0,1.264,1.264,1.791,-0.285,4.669,-1.322,3.632,-2.474,4.548
Jonas Valanciunas,202685,11220,11119,1.27,0.274,0.996,2022-23-24,regular,zero,3000.0,3000.0,300.0,100.0,1.338,1.34,1.897,-1.353,3.892,-2.352,2.9,-2.723,4.714
Jarrett Culver,1629633,567,557,0.037,-0.955,0.992,2022-23-24,regular,zero,3000.0,3000.0,300.0,100.0,1.995,1.998,2.824,-3.874,3.948,-4.871,2.961,-4.542,6.527
Mark Williams,1631109,2567,2577,-0.344,-1.335,0.991,2022-23-24,regular,zero,3000.0,3000.0,300.0,100.0,1.695,1.694,2.397,-3.666,2.978,-4.655,1.986,-3.707,5.688
Charles Bassey,1629646,1376,1361,-0.252,-1.242,0.989,2022-23-24,regular,zero,3000.0,3000.0,300.0,100.0,1.823,1.826,2.58,-3.825,3.321,-4.82,2.336,-4.067,6.046
Jaylen Nowell,1629669,4374,4338,1.413,0.43,0.983,2022-23-24,regular,zero,3000.0,3000.0,300.0,100.0,1.47,1.471,2.079,-1.468,4.293,-2.454,3.313,-3.092,5.058
Danuel House Jr.,1627863,3510,3516,-0.251,-1.232,0.981,2022-23-24,regular,zero,3000.0,3000.0,300.0,100.0,1.519,1.518,2.147,-3.227,2.725,-4.208,1.743,-3.226,5.189
Andrew Wiggins,203952,10505,10456,-0.757,-1.721,0.964,2022-23-24,regular,zero,3000.0,3000.0,300.0,100.0,1.288,1.289,1.824,-3.28,1.767,-4.247,0.806,-2.612,4.539
Kris Dunn,1627739,3798,3846,1.598,0.656,0.942,2022-23-24,regular,zero,3000.0,3000.0,300.0,100.0,1.532,1.527,2.166,-1.406,4.602,-2.337,3.65,-3.303,5.187
Coby White,1629632,11314,11303,1.805,0.864,0.941,2022-23-24,regular,zero,3000.0,3000.0,300.0,100.0,1.22,1.22,1.726,-0.586,4.196,-1.527,3.256,-2.443,4.324
Tristan Vukcevic,1641774,277,278,-0.299,-1.239,0.94,2022-23-24,regular,zero,3000.0,3000.0,300.0,100.0,2.081,2.081,2.942,-4.377,3.779,-5.316,2.839,-4.828,6.707
Caleb Martin,1628997,9297,9312,0.12,-0.79,0.91,2022-23-24,regular,zero,3000.0,3000.0,300.0,100.0,1.251,1.251,1.769,-2.331,2.571,-3.242,1.662,-2.557,4.377
Boban Marjanovic,1626246,340,343,-0.363,-1.272,0.91,2022-23-24,regular,zero,3000.0,3000.0,300.0,100.0,2.06,2.06,2.914,-4.401,3.676,-5.309,2.765,-4.801,6.62
Wendell Carter Jr.,1628976,9236,9280,-0.888,-1.795,0.907,2022-23-24,regular,zero,3000.0,3000.0,300.0,100.0,1.387,1.385,1.963,-3.607,1.831,-4.51,0.92,-2.94,4.754
Terence Davis,1629056,2470,2509,1.061,0.176,0.886,2022-23-24,regular,zero,3000.0,3000.0,300.0,100.0,1.651,1.646,2.332,-2.175,4.298,-3.051,3.403,-3.685,5.456
Dorian Finney-Smith,1627827,11913,11926,-0.161,-1.046,0.885,2022-23-24,regular,zero,3000.0,3000.0,300.0,100.0,1.201,1.201,1.699,-2.515,2.193,-3.401,1.308,-2.444,4.215
Lindy Waters III,1630322,1961,1955,0.35,-0.53,0.88,2022-23-24,regular,zero,3000.0,3000.0,300.0,100.0,1.726,1.727,2.442,-3.032,3.732,-3.915,2.855,-3.907,5.667
Vince Williams Jr.,1631246,2742,2753,-0.493,-1.37,0.878,2022-23-24,regular,zero,3000.0,3000.0,300.0,100.0,1.657,1.656,2.341,-3.74,2.755,-4.615,1.875,-3.711,5.466
Malik Monk,1628370,10594,10468,0.975,0.115,0.86,2022-23-24,regular,zero,3000.0,3000.0,300.0,100.0,1.186,1.188,1.678,-1.348,3.299,-2.215,2.444,-2.428,4.149
Rui Hachimura,1629060,7877,7879,0.465,-0.385,0.85,2022-23-24,regular,zero,3000.0,3000.0,300.0,100.0,1.25,1.25,1.768,-1.984,2.914,-2.834,2.065,-2.616,4.315
Matt Hurt,1630562,164,155,-0.017,-0.86,0.843,2022-23-24,regular,zero,3000.0,3000.0,300.0,100.0,2.115,2.118,2.993,-4.163,4.129,-5.011,3.291,-5.024,6.71
Vlatko Cancar,1628427,1678,1682,0.168,-0.671,0.839,2022-23-24,regular,zero,3000.0,3000.0,300.0,100.0,1.778,1.778,2.513,-3.318,3.653,-4.155,2.813,-4.087,5.765
Jaylen Brown,1627759,12774,12641,-0.236,-1.069,0.833,2022-23-24,regular,zero,3000.0,3000.0,300.0,100.0,1.26,1.263,1.786,-2.705,2.234,-3.545,1.407,-2.668,4.334
Zach LaVine,203897,11192,11186,0.079,-0.752,0.831,2022-23-24,regular,zero,3000.0,3000.0,300.0,100.0,1.29,1.289,1.826,-2.449,2.607,-3.279,1.775,-2.747,4.409
Tristan Thompson,202684,2427,2417,0.638,-0.193,0.831,2022-23-24,regular,zero,3000.0,3000.0,300.0,100.0,1.654,1.656,2.34,-2.604,3.881,-3.438,3.052,-3.755,5.417
Jalen Smith,1630188,5999,6014,1.306,0.479,0.827,2022-23-24,regular,zero,3000.0,3000.0,300.0,100.0,1.364,1.363,1.93,-1.367,3.979,-2.193,3.151,-2.955,4.609
Jamal Murray,1627750,7427,7360,1.175,0.363,0.813,2022-23-24,regular,zero,3000.0,3000.0,300.0,100.0,1.405,1.408,1.988,-1.578,3.929,-2.397,3.122,-3.084,4.71
AJ Griffin,1631100,2832,2844,0.658,-0.155,0.813,2022-23-24,regular,zero,3000.0,3000.0,300.0,100.0,1.629,1.628,2.3,-2.536,3.851,-3.346,3.035,-3.696,5.321
Nathan Knight,1630233,801,783,-0.144,-0.948,0.804,2022-23-24,regular,zero,3000.0,3000.0,300.0,100.0,1.943,1.947,2.751,-3.953,3.665,-4.764,2.869,-4.589,6.196
Paul Reed,1630194,4279,4310,1.208,0.413,0.795,2022-23-24,regular,zero,3000.0,3000.0,300.0,100.0,1.515,1.513,2.139,-1.762,4.177,-2.552,3.378,-3.397,4.986
Bobby Portis,1626171,10809,10680,1.12,0.334,0.786,2022-23-24,regular,zero,3000.0,3000.0,300.0,100.0,1.208,1.211,1.712,-1.247,3.486,-2.039,2.707,-2.569,4.14
Day'Ron Sharpe,1630549,2858,2893,0.521,-0.263,0.784,2022-23-24,regular,zero,3000.0,3000.0,300.0,100.0,1.623,1.62,2.292,-2.661,3.702,-3.438,2.911,-3.708,5.277
Malcolm Brogdon,1627763,7502,7482,0.186,-0.593,0.779,2022-23-24,regular,zero,3000.0,3000.0,300.0,100.0,1.257,1.257,1.777,-2.277,2.649,-3.058,1.871,-2.704,4.262
LaMarcus Aldridge,200746,2064,2045,0.295,-0.482,0.777,2022-23-24,regular,zero,3000.0,3000.0,300.0,100.0,1.754,1.756,2.482,-3.142,3.732,-3.923,2.96,-4.087,5.641
Jalen McDaniels,1629667,5789,5856,-0.107,-0.871,0.764,2022-23-24,regular,zero,3000.0,3000.0,300.0,100.0,1.351,1.346,1.907,-2.755,2.541,-3.51,1.767,-2.973,4.502
Bismack Biyombo,202687,3684,3669,0.008,-0.74,0.748,2022-23-24,regular,zero,3000.0,3000.0,300.0,100.0,1.529,1.53,2.163,-2.988,3.005,-3.739,2.259,-3.491,4.987
Wenyen Gabriel,1629117,2596,2632,0.379,-0.368,0.747,2022-23-24,regular,zero,3000.0,3000.0,300.0,100.0,1.649,1.644,2.329,-2.853,3.611,-3.591,2.855,-3.818,5.312
Dyson Daniels,1630700,3885,3916,-0.272,-1.015,0.743,2022-23-24,regular,zero,3000.0,3000.0,300.0,100.0,1.513,1.51,2.137,-3.237,2.693,-3.975,1.945,-3.446,4.932
Alperen Sengun,1630578,10530,10520,1.113,0.386,0.727,2022-23-24,regular,zero,3000.0,3000.0,300.0,100.0,1.305,1.302,1.844,-1.445,3.671,-2.167,2.938,-2.887,4.342
Kris Murray,1631200,1927,1961,-0.603,-1.322,0.719,2022-23-24,regular,zero,3000.0,3000.0,300.0,100.0,1.774,1.77,2.506,-4.081,2.874,-4.791,2.146,-4.192,5.63
Gabe Vincent,1629216,6369,6329,-0.369,-1.075,0.706,2022-23-24,regular,zero,3000.0,3000.0,300.0,100.0,1.364,1.366,1.931,-3.042,2.304,-3.753,1.602,-3.079,4.492
Nate Williams,1631466,298,302,0.541,-0.147,0.688,2022-23-24,regular,zero,3000.0,3000.0,300.0,100.0,2.075,2.074,2.934,-3.526,4.609,-4.213,3.918,-5.063,6.44
Alex Len,203458,2093,2101,-0.929,-1.61,0.681,2022-23-24,regular,zero,3000.0,3000.0,300.0,100.0,1.721,1.719,2.433,-4.302,2.444,-4.98,1.76,-4.088,5.45
Eric Gordon,201569,10516,10523,0.255,-0.421,0.676,2022-23-24,regular,zero,3000.0,3000.0,300.0,100.0,1.144,1.143,1.616,-1.987,2.496,-2.661,1.819,-2.491,3.842
Aaron Holiday,1628988,5262,5306,-1.461,-2.133,0.672,2022-23-24,regular,zero,3000.0,3000.0,300.0,100.0,1.374,1.371,1.942,-4.153,1.232,-4.819,0.554,-3.134,4.478
Onyeka Okongwu,1630168,8005,8036,0.7,0.029,0.671,2022-23-24,regular,zero,3000.0,3000.0,300.0,100.0,1.401,1.4,1.981,-2.046,3.446,-2.715,2.772,-3.211,4.554
Jarace Walker,1641716,342,357,0.751,0.085,0.666,2022-23-24,regular,zero,3000.0,3000.0,300.0,100.0,2.061,2.057,2.911,-3.288,4.79,-3.946,4.116,-5.04,6.372
Trey Lyles,1626168,7157,7116,0.994,0.332,0.661,2022-23-24,regular,zero,3000.0,3000.0,300.0,100.0,1.314,1.315,1.859,-1.581,3.568,-2.245,2.909,-2.982,4.305
Cody Martin,1628998,4751,4798,0.644,-0.014,0.658,2022-23-24,regular,zero,3000.0,3000.0,300.0,100.0,1.464,1.46,2.068,-2.225,3.514,-2.875,2.847,-3.395,4.711
Otto Porter Jr.,203490,3181,3131,-0.821,-1.469,0.648,2022-23-24,regular,zero,3000.0,3000.0,300.0,100.0,1.579,1.584,2.237,-3.916,2.273,-4.575,1.636,-3.737,5.033
Svi Mykhailiuk,1629004,2218,2219,-0.231,-0.873,0.642,2022-23-24,regular,zero,3000.0,3000.0,300.0,100.0,1.68,1.68,2.376,-3.525,3.063,-4.166,2.42,-4.014,5.298
Cole Anthony,1630175,9746,9785,0.718,0.085,0.633,2022-23-24,regular,zero,3000.0,3000.0,300.0,100.0,1.277,1.275,1.806,-1.785,3.221,-2.414,2.583,-2.906,4.172
Sasha Vezenkov,1628426,799,796,1.091,0.463,0.627,2022-23-24,regular,zero,3000.0,3000.0,300.0,100.0,1.947,1.947,2.753,-2.725,4.906,-3.353,4.28,-4.769,6.024
Nickeil Alexander-Walker,1629638,7613,7589,-0.137,-0.764,0.627,2022-23-24,regular,zero,3000.0,3000.0,300.0,100.0,1.258,1.259,1.776,-2.602,2.329,-3.231,1.704,-2.855,4.109
Jalen Duren,1631105,6332,6385,0.095,-0.523,0.618,2022-23-24,regular,zero,3000.0,3000.0,300.0,100.0,1.432,1.427,2.021,-2.712,2.901,-3.321,2.274,-3.343,4.579
Mason Plumlee,203486,8326,8368,0.126,-0.492,0.618,2022-23-24,regular,zero,3000.0,3000.0,300.0,100.0,1.314,1.312,1.859,-2.449,2.701,-3.064,2.08,-3.026,4.262
Cory Joseph,202709,5487,5562,0.176,-0.443,0.618,2022-23-24,regular,zero,3000.0,3000.0,300.0,100.0,1.417,1.412,2.001,-2.602,2.953,-3.21,2.325,-3.304,4.54
Jamal Cain,1631288,789,791,-0.432,-1.036,0.605,2022-23-24,regular,zero,3000.0,3000.0,300.0,100.0,1.942,1.941,2.745,-4.237,3.374,-4.841,2.769,-4.776,5.986
Kyle Guy,1629657,289,284,0.278,-0.327,0.605,2022-23-24,regular,zero,3000.0,3000.0,300.0,100.0,2.076,2.078,2.938,-3.792,4.348,-4.4,3.745,-5.152,6.363
Tyus Jones,1626145,10025,10014,1.599,1.017,0.582,2022-23-24,regular,zero,3000.0,3000.0,300.0,100.0,1.242,1.243,1.756,-0.835,4.033,-1.419,3.453,-2.86,4.024
Kevon Harris,1630284,777,789,-0.24,-0.82,0.58,2022-23-24,regular,zero,3000.0,3000.0,300.0,100.0,1.947,1.945,2.752,-4.057,3.577,-4.631,2.991,-4.813,5.973
Edmond Sumner,1628410,1278,1276,0.126,-0.432,0.559,2022-23-24,regular,zero,3000.0,3000.0,300.0,100.0,1.85,1.851,2.616,-3.5,3.753,-4.059,3.195,-4.569,5.687
Duop Reath,1641871,2080,2103,0.765,0.207,0.558,2022-23-24,regular,zero,3000.0,3000.0,300.0,100.0,1.757,1.754,2.482,-2.678,4.208,-3.23,3.645,-4.306,5.422
Jarred Vanderbilt,1629020,8385,8406,0.463,-0.093,0.556,2022-23-24,regular,zero,3000.0,3000.0,300.0,100.0,1.252,1.251,1.768,-1.991,2.916,-2.544,2.358,-2.909,4.02
Bones Hyland,1630538,4954,4916,1.47,0.924,0.546,2022-23-24,regular,zero,3000.0,3000.0,300.0,100.0,1.424,1.427,2.016,-1.32,4.261,-1.874,3.722,-3.405,4.498
Nate Hinton,1630207,45,48,0.072,-0.468,0.54,2022-23-24,regular,zero,3000.0,3000.0,300.0,100.0,2.154,2.153,3.045,-4.15,4.294,-4.688,3.751,-5.429,6.509
Mason Jones,1630222,77,73,0.292,-0.207,0.499,2022-23-24,regular,zero,3000.0,3000.0,300.0,100.0,2.144,2.145,3.033,-3.91,4.494,-4.412,3.997,-5.445,6.444
Noah Vonleh,203943,239,242,1.041,0.543,0.498,2022-23-24,regular,zero,3000.0,3000.0,300.0,100.0,2.091,2.09,2.956,-3.057,5.139,-3.553,4.639,-5.296,6.292
Nik Stauskas,203917,51,52,0.039,-0.457,0.496,2022-23-24,regular,zero,3000.0,3000.0,300.0,100.0,2.152,2.152,3.044,-4.179,4.258,-4.675,3.761,-5.469,6.461
Shake Milton,1629003,5736,5691,-0.397,-0.892,0.495,2022-23-24,regular,zero,3000.0,3000.0,300.0,100.0,1.383,1.386,1.958,-3.107,2.313,-3.608,1.824,-3.343,4.333
Duncan Robinson,1629130,8378,8306,-0.118,-0.609,0.491,2022-23-24,regular,zero,3000.0,3000.0,300.0,100.0,1.287,1.288,1.824,-2.64,2.404,-3.134,1.916,-3.084,4.066
T.J. McConnell,204456,6427,6459,-0.378,-0.867,0.49,2022-23-24,regular,zero,3000.0,3000.0,300.0,100.0,1.384,1.382,1.958,-3.091,2.336,-3.576,1.841,-3.348,4.327
Frank Kaminsky,1626163,571,558,-0.29,-0.763,0.474,2022-23-24,regular,zero,3000.0,3000.0,300.0,100.0,1.997,2.0,2.826,-4.204,3.624,-4.684,3.157,-5.066,6.013
Peyton Watson,1631212,2688,2711,-1.312,-1.777,0.465,2022-23-24,regular,zero,3000.0,3000.0,300.0,100.0,1.697,1.695,2.397,-4.639,2.015,-5.099,1.546,-4.233,5.164
Toumani Camara,1641739,3091,3138,-1.879,-2.331,0.452,2022-23-24,regular,zero,3000.0,3000.0,300.0,100.0,1.641,1.637,2.317,-5.095,1.337,-5.539,0.877,-4.089,4.993
Josh Green,1630182,7115,7116,0.786,0.371,0.415,2022-23-24,regular,zero,3000.0,3000.0,300.0,100.0,1.312,1.312,1.856,-1.785,3.356,-2.2,2.942,-3.223,4.053
Reggie Bullock Jr.,203493,8244,8214,-0.31,-0.723,0.413,2022-23-24,regular,zero,3000.0,3000.0,300.0,100.0,1.289,1.29,1.824,-2.836,2.217,-3.25,1.805,-3.162,3.988
Derrick Walton Jr.,1628476,183,181,-0.382,-0.791,0.408,2022-23-24,regular,zero,3000.0,3000.0,300.0,100.0,2.113,2.113,2.988,-4.523,3.758,-4.932,3.351,-5.448,6.265
Ron Harper Jr.,1631199,26,21,0.258,-0.139,0.397,2022-23-24,regular,zero,3000.0,3000.0,300.0,100.0,2.161,2.162,3.057,-3.977,4.493,-4.378,4.099,-5.594,6.389
Jamorko Pickett,1630691,296,292,0.285,-0.106,0.391,2022-23-24,regular,zero,3000.0,3000.0,300.0,100.0,2.078,2.078,2.939,-3.787,4.357,-4.18,3.967,-5.369,6.151
Jared Rhoden,1631197,535,545,0.248,-0.141,0.389,2022-23-24,regular,zero,3000.0,3000.0,300.0,100.0,2.009,2.007,2.84,-3.69,4.186,-4.074,3.792,-5.177,5.955
Hassani Gravett,1629755,316,319,0.003,-0.377,0.381,2022-23-24,regular,zero,3000.0,3000.0,300.0,100.0,2.071,2.07,2.928,-4.056,4.062,-4.435,3.68,-5.358,6.12
Sam Merrill,1630241,1741,1703,-0.207,-0.584,0.377,2022-23-24,regular,zero,3000.0,3000.0,300.0,100.0,1.774,1.78,2.511,-3.683,3.27,-4.073,2.905,-4.545,5.3
Mac McClung,1630644,117,117,0.212,-0.15,0.362,2022-23-24,regular,zero,3000.0,3000.0,300.0,100.0,2.131,2.131,3.013,-3.964,4.388,-4.326,4.026,-5.544,6.268
Devin Cannady,1629962,214,224,0.301,-0.061,0.362,2022-23-24,regular,zero,3000.0,3000.0,300.0,100.0,2.102,2.099,2.971,-3.819,4.421,-4.175,4.053,-5.46,6.185
Jordan Clarkson,203903,10725,10708,0.931,0.57,0.361,2022-23-24,regular,zero,3000.0,3000.0,300.0,100.0,1.223,1.223,1.734,-1.467,3.328,-1.828,2.968,-3.038,3.759
Buddy Boeheim,1631205,161,172,-0.347,-0.704,0.358,2022-23-24,regular,zero,3000.0,3000.0,300.0,100.0,2.116,2.112,2.989,-4.493,3.8,-4.844,3.435,-5.502,6.217
Paolo Banchero,1631094,9672,9668,1.27,0.921,0.349,2022-23-24,regular,zero,3000.0,3000.0,300.0,100.0,1.371,1.37,1.935,-1.417,3.958,-1.764,3.606,-3.444,4.142
Dennis Schroder,203471,11603,11609,-0.491,-0.831,0.34,2022-23-24,regular,zero,3000.0,3000.0,300.0,100.0,1.085,1.085,1.531,-2.617,1.635,-2.956,1.295,-2.661,3.341
Isaac Okoro,1630171,10069,10108,0.195,-0.139,0.335,2022-23-24,regular,zero,3000.0,3000.0,300.0,100.0,1.243,1.242,1.759,-2.24,2.631,-2.575,2.296,-3.113,3.782
Nassir Little,1629642,4397,4406,0.326,-0.008,0.334,2022-23-24,regular,zero,3000.0,3000.0,300.0,100.0,1.466,1.465,2.072,-2.547,3.199,-2.878,2.863,-3.728,4.396
Danilo Gallinari,201568,4262,4240,1.229,0.897,0.333,2022-23-24,regular,zero,3000.0,3000.0,300.0,100.0,1.504,1.506,2.128,-1.718,4.177,-2.054,3.847,-3.837,4.503
Matt Thomas,1629744,715,704,-0.048,-0.365,0.317,2022-23-24,regular,zero,3000.0,3000.0,300.0,100.0,1.968,1.971,2.785,-3.906,3.81,-4.228,3.498,-5.142,5.776
Damion Lee,1627814,4682,4635,-1.334,-1.643,0.309,2022-23-24,regular,zero,3000.0,3000.0,300.0,100.0,1.441,1.445,2.041,-4.158,1.49,-4.475,1.189,-3.692,4.31
Quinndary Weatherspoon,1629683,120,119,0.313,0.01,0.303,2022-23-24,regular,zero,3000.0,3000.0,300.0,100.0,2.129,2.13,3.011,-3.861,4.486,-4.164,4.183,-5.599,6.206
Gui Santos,1630611,167,161,0.469,0.174,0.295,2022-23-24,regular,zero,3000.0,3000.0,300.0,100.0,2.114,2.116,2.991,-3.674,4.612,-3.973,4.32,-5.566,6.157
Jarrell Brantley,1629714,49,48,-0.134,-0.409,0.275,2022-23-24,regular,zero,3000.0,3000.0,300.0,100.0,2.153,2.153,3.044,-4.353,4.085,-4.629,3.811,-5.692,6.242
Kai Jones,1630539,854,862,-0.332,-0.601,0.27,2022-23-24,regular,zero,3000.0,3000.0,300.0,100.0,1.938,1.936,2.739,-4.13,3.467,-4.396,3.194,-5.099,5.639
Greg Monroe,202328,315,310,0.53,0.273,0.256,2022-23-24,regular,zero,3000.0,3000.0,300.0,100.0,2.068,2.069,2.925,-3.523,4.583,-3.783,4.329,-5.477,5.99
Jae'Sean Tate,1630256,6970,7060,-2.19,-2.445,0.255,2022-23-24,regular,zero,3000.0,3000.0,300.0,100.0,1.342,1.338,1.898,-4.82,0.44,-5.067,0.177,-3.464,3.975
De'Andre Hunter,1629631,10273,10269,-0.127,-0.381,0.254,2022-23-24,regular,zero,3000.0,3000.0,300.0,100.0,1.291,1.292,1.827,-2.657,2.403,-2.913,2.15,-3.327,3.835
Jevon Carter,1628975,6326,6367,-1.931,-2.18,0.249,2022-23-24,regular,zero,3000.0,3000.0,300.0,100.0,1.31,1.308,1.847,-4.499,0.636,-4.743,0.383,-3.372,3.87
Carlik Jones,1630637,107,110,-0.06,-0.309,0.249,2022-23-24,regular,zero,3000.0,3000.0,300.0,100.0,2.133,2.132,3.016,-4.241,4.121,-4.488,3.87,-5.662,6.16
Ben Simmons,1627732,2809,2815,-0.079,-0.327,0.248,2022-23-24,regular,zero,3000.0,3000.0,300.0,100.0,1.638,1.638,2.315,-3.29,3.132,-3.537,2.883,-4.29,4.786
Lester Quinones,1631311,526,522,-0.374,-0.62,0.247,2022-23-24,regular,zero,3000.0,3000.0,300.0,100.0,2.011,2.012,2.844,-4.315,3.568,-4.564,3.323,-5.328,5.822
Marko Simonovic,1630250,9,8,0.158,-0.077,0.235,2022-23-24,regular,zero,3000.0,3000.0,300.0,100.0,2.167,2.167,3.064,-4.089,4.404,-4.324,4.17,-5.772,6.241
Jordan Walsh,1641775,22,21,-0.126,-0.355,0.229,2022-23-24,regular,zero,3000.0,3000.0,300.0,100.0,2.162,2.162,3.058,-4.364,4.111,-4.593,3.883,-5.765,6.222
P.J. Washington,1629023,11613,11679,-0.149,-0.372,0.223,2022-23-24,regular,zero,3000.0,3000.0,300.0,100.0,1.175,1.172,1.659,-2.452,2.155,-2.67,1.926,-3.029,3.475
Collin Gillespie,1631221,305,297,-0.288,-0.508,0.22,2022-23-24,regular,zero,3000.0,3000.0,300.0,100.0,2.072,2.074,2.932,-4.348,3.773,-4.573,3.558,-5.526,5.966
Anthony Lamb,1630237,2059,2071,-0.203,-0.422,0.219,2022-23-24,regular,zero,3000.0,3000.0,300.0,100.0,1.727,1.725,2.439,-3.587,3.181,-3.803,2.96,-4.563,5.0
Cameron Payne,1626166,6248,6219,-0.438,-0.652,0.215,2022-23-24,regular,zero,3000.0,3000.0,300.0,100.0,1.331,1.333,1.882,-3.047,2.172,-3.264,1.96,-3.474,3.903
Furkan Korkmaz,1627788,3398,3392,-1.454,-1.669,0.215,2022-23-24,regular,zero,3000.0,3000.0,300.0,100.0,1.562,1.563,2.211,-4.516,1.607,-4.732,1.394,-4.119,4.548
Colby Jones,1641732,183,177,-0.728,-0.94,0.212,2022-23-24,regular,zero,3000.0,3000.0,300.0,100.0,2.108,2.11,2.983,-4.86,3.404,-5.076,3.196,-5.634,6.058
Gabe York,1628221,160,155,0.25,0.043,0.207,2022-23-24,regular,zero,3000.0,3000.0,300.0,100.0,2.116,2.118,2.994,-3.898,4.398,-4.108,4.194,-5.661,6.076
Naz Reid,1629675,8063,8004,-1.668,-1.853,0.185,2022-23-24,regular,zero,3000.0,3000.0,300.0,100.0,1.293,1.295,1.83,-4.202,0.866,-4.392,0.686,-3.401,3.772
Donovan Williams,1631495,5,5,0.054,-0.13,0.184,2022-23-24,regular,zero,3000.0,3000.0,300.0,100.0,2.168,2.168,3.066,-4.196,4.303,-4.379,4.12,-5.826,6.193
Isaiah Mobley,1630600,116,119,0.071,-0.111,0.182,2022-23-24,regular,zero,3000.0,3000.0,300.0,100.0,2.131,2.13,3.013,-4.105,4.247,-4.285,4.063,-5.722,6.087
Cassius Stanley,1630199,213,212,-0.023,-0.202,0.179,2022-23-24,regular,zero,3000.0,3000.0,300.0,100.0,2.101,2.101,2.971,-4.14,4.095,-4.32,3.916,-5.644,6.003
Trent Forrest,1630235,2294,2305,0.389,0.212,0.178,2022-23-24,regular,zero,3000.0,3000.0,300.0,100.0,1.674,1.672,2.367,-2.893,3.671,-3.066,3.489,-4.462,4.817
Kendall Brown,1631112,53,53,-0.148,-0.313,0.166,2022-23-24,regular,zero,3000.0,3000.0,300.0,100.0,2.151,2.151,3.042,-4.364,4.069,-4.53,3.903,-5.797,6.129
Brandon Knight,202688,100,97,-0.32,-0.477,0.157,2022-23-24,regular,zero,3000.0,3000.0,300.0,100.0,2.135,2.136,3.021,-4.506,3.865,-4.665,3.71,-5.763,6.078
Kennedy Chandler,1631113,300,289,-0.168,-0.324,0.157,2022-23-24,regular,zero,3000.0,3000.0,300.0,100.0,2.073,2.076,2.933,-4.23,3.895,-4.393,3.744,-5.593,5.906
Craig Porter Jr.,1641854,977,980,0.809,0.655,0.155,2022-23-24,regular,zero,3000.0,3000.0,300.0,100.0,1.91,1.91,2.701,-2.935,4.553,-3.089,4.398,-5.139,5.448
Patrick Beverley,201976,8609,8636,-1.276,-1.429,0.154,2022-23-24,regular,zero,3000.0,3000.0,300.0,100.0,1.19,1.19,1.68,-3.609,1.057,-3.761,0.902,-3.139,3.446
Grayson Allen,1628960,11801,11677,-0.136,-0.288,0.152,2022-23-24,regular,zero,3000.0,3000.0,300.0,100.0,1.194,1.198,1.694,-2.477,2.205,-2.636,2.059,-3.168,3.473
Chandler Hutchison,1628990,19,18,0.006,-0.126,0.133,2022-23-24,regular,zero,3000.0,3000.0,300.0,100.0,2.163,2.163,3.059,-4.234,4.246,-4.367,4.114,-5.864,6.129
Tre Scott,1630286,3,3,0.085,-0.046,0.131,2022-23-24,regular,zero,3000.0,3000.0,300.0,100.0,2.169,2.169,3.067,-4.165,4.336,-4.296,4.205,-5.881,6.143
Tyrese Martin,1631213,30,31,-0.032,-0.162,0.13,2022-23-24,regular,zero,3000.0,3000.0,300.0,100.0,2.159,2.159,3.054,-4.264,4.201,-4.394,4.07,-5.855,6.116
Charlie Brown Jr.,1629718,305,307,-0.55,-0.677,0.128,2022-23-24,regular,zero,3000.0,3000.0,300.0,100.0,2.071,2.07,2.928,-4.608,3.509,-4.734,3.38,-5.611,5.866
Dereon Seabron,1631220,62,64,-0.136,-0.259,0.123,2022-23-24,regular,zero,3000.0,3000.0,300.0,100.0,2.148,2.148,3.038,-4.347,4.075,-4.468,3.951,-5.831,6.076
Ausar Thompson,1641709,2811,2897,-1.273,-1.396,0.122,2022-23-24,regular,zero,3000.0,3000.0,300.0,100.0,1.652,1.643,2.328,-4.511,1.965,-4.616,1.825,-4.441,4.685
Jay Scrubb,1630206,99,106,-0.048,-0.163,0.115,2022-23-24,regular,zero,3000.0,3000.0,300.0,100.0,2.136,2.133,3.019,-4.234,4.138,-4.344,4.018,-5.802,6.032
Willie Cauley-Stein,1626161,331,333,-0.836,-0.943,0.107,2022-23-24,regular,zero,3000.0,3000.0,300.0,100.0,2.064,2.064,2.919,-4.882,3.21,-4.988,3.102,-5.615,5.828
Rayan Rupert,1641712,786,797,-0.123,-0.221,0.098,2022-23-24,regular,zero,3000.0,3000.0,300.0,100.0,1.962,1.96,2.774,-3.969,3.723,-4.063,3.621,-5.339,5.534
Patrick Williams,1630172,7221,7232,-0.201,-0.297,0.096,2022-23-24,regular,zero,3000.0,3000.0,300.0,100.0,1.35,1.35,1.907,-2.847,2.446,-2.942,2.349,-3.641,3.833
Jules Bernard,1631262,109,112,0.03,-0.058,0.088,2022-23-24,regular,zero,3000.0,3000.0,300.0,100.0,2.133,2.132,3.015,-4.15,4.21,-4.236,4.12,-5.822,5.998
Gabriel Lundberg,1630994,69,70,0.029,-0.059,0.088,2022-23-24,regular,zero,3000.0,3000.0,300.0,100.0,2.146,2.146,3.035,-4.178,4.236,-4.265,4.148,-5.861,6.037
Langston Galloway,204038,191,191,-0.943,-1.023,0.08,2022-23-24,regular,zero,3000.0,3000.0,300.0,100.0,2.106,2.106,2.978,-5.07,3.184,-5.15,3.104,-5.756,5.916
Shaquille Harrison,1627885,272,278,-0.229,-0.308,0.079,2022-23-24,regular,zero,3000.0,3000.0,300.0,100.0,2.085,2.083,2.947,-4.316,3.858,-4.392,3.775,-5.698,5.856
Scotty Hopson,203816,31,31,-0.022,-0.095,0.072,2022-23-24,regular,zero,3000.0,3000.0,300.0,100.0,2.159,2.159,3.053,-4.254,4.209,-4.326,4.137,-5.912,6.057
Jermaine Samuels Jr.,1631257,3,6,-0.082,-0.144,0.062,2022-23-24,regular,zero,3000.0,3000.0,300.0,100.0,2.169,2.168,3.066,-4.332,4.169,-4.393,4.105,-5.948,6.072
Maxi Kleber,1628467,5963,5945,-2.007,-2.067,0.06,2022-23-24,regular,zero,3000.0,3000.0,300.0,100.0,1.381,1.382,1.956,-4.714,0.7,-4.776,0.643,-3.774,3.893
Evan Mobley,1630596,12131,12102,-2.587,-2.643,0.057,2022-23-24,regular,zero,3000.0,3000.0,300.0,100.0,1.249,1.249,1.768,-5.034,-0.14,-5.092,-0.195,-3.41,3.523
Lou Williams,101150,1469,1445,-0.242,-0.292,0.05,2022-23-24,regular,zero,3000.0,3000.0,300.0,100.0,1.838,1.842,2.603,-3.845,3.361,-3.902,3.317,-5.051,5.151
Adama Sanogo,1641766,25,18,0.215,0.166,0.049,2022-23-24,regular,zero,3000.0,3000.0,300.0,100.0,2.161,2.163,3.058,-4.02,4.451,-4.074,4.406,-5.944,6.043
Jordan Miller,1641757,8,4,0.099,0.051,0.048,2022-23-24,regular,zero,3000.0,3000.0,300.0,100.0,2.167,2.168,3.066,-4.149,4.346,-4.199,4.301,-5.961,6.056
Kevin Porter Jr.,1629645,7374,7456,-0.069,-0.114,0.045,2022-23-24,regular,zero,3000.0,3000.0,300.0,100.0,1.403,1.4,1.981,-2.819,2.681,-2.858,2.629,-3.837,3.928
Ahmad Caver,1629958,1,2,0.028,-0.015,0.043,2022-23-24,regular,zero,3000.0,3000.0,300.0,100.0,2.17,2.169,3.068,-4.224,4.28,-4.266,4.237,-5.97,6.056
Rodney McGruder,203585,2013,2030,-0.529,-0.571,0.042,2022-23-24,regular,zero,3000.0,3000.0,300.0,100.0,1.724,1.722,2.437,-3.909,2.85,-3.946,2.803,-4.734,4.819
Anthony Black,1641710,1969,1989,-1.082,-1.122,0.041,2022-23-24,regular,zero,3000.0,3000.0,300.0,100.0,1.759,1.755,2.483,-4.528,2.365,-4.563,2.318,-4.827,4.908
Julian Phillips,1641763,481,483,0.236,0.198,0.038,2022-23-24,regular,zero,3000.0,3000.0,300.0,100.0,2.021,2.021,2.858,-3.726,4.197,-3.763,4.158,-5.564,5.64
Nic Claxton,1629651,9823,9845,-1.041,-1.077,0.036,2022-23-24,regular,zero,3000.0,3000.0,300.0,100.0,1.26,1.261,1.78,-3.51,1.429,-3.547,1.394,-3.453,3.525
Pete Nance,1631250,0,1,0.0,-0.036,0.036,2022-23-24,regular,zero,3000.0,3000.0,300.0,100.0,2.17,2.17,3.068,-4.253,4.253,-4.288,4.217,-5.978,6.05
Jalen Slawson,1641771,2,2,0.026,-0.009,0.035,2022-23-24,regular,zero,3000.0,3000.0,300.0,100.0,2.169,2.169,3.068,-4.226,4.277,-4.261,4.242,-5.977,6.048
Mouhamed Gueye,1631243,30,29,0.052,0.017,0.035,2022-23-24,regular,zero,3000.0,3000.0,300.0,100.0,2.159,2.16,3.054,-4.18,4.284,-4.216,4.25,-5.951,6.021
Trey Burke,203504,562,566,-0.128,-0.164,0.035,2022-23-24,regular,zero,3000.0,3000.0,300.0,100.0,2.0,1.999,2.828,-4.049,3.793,-4.083,3.755,-5.508,5.579
Joe Wieskamp,1630580,260,272,0.108,0.074,0.034,2022-23-24,regular,zero,3000.0,3000.0,300.0,100.0,2.084,2.08,2.944,-3.976,4.192,-4.003,4.151,-5.737,5.805
Jordan Bell,1628395,4,4,0.113,0.081,0.032,2022-23-24,regular,zero,3000.0,3000.0,300.0,100.0,2.168,2.168,3.067,-4.137,4.363,-4.169,4.332,-5.979,6.042
DaQuan Jeffries,1629610,4,4,-0.053,-0.083,0.03,2022-23-24,regular,zero,3000.0,3000.0,300.0,100.0,2.168,2.168,3.067,-4.303,4.197,-4.333,4.167,-5.981,6.04
Paris Bass,1628238,1,0,0.03,0.0,0.03,2022-23-24,regular,zero,3000.0,3000.0,300.0,100.0,2.17,2.17,3.068,-4.222,4.282,-4.253,4.253,-5.984,6.044
David Johnson,1630525,1,0,0.029,0.0,0.029,2022-23-24,regular,zero,3000.0,3000.0,300.0,100.0,2.17,2.17,3.068,-4.223,4.281,-4.253,4.253,-5.985,6.043
Orlando Robinson,1631115,1204,1212,0.226,0.199,0.027,2022-23-24,regular,zero,3000.0,3000.0,300.0,100.0,1.868,1.867,2.64,-3.435,3.887,-3.46,3.857,-5.148,5.202
Jordan Schakel,1630648,18,21,0.072,0.045,0.027,2022-23-24,regular,zero,3000.0,3000.0,300.0,100.0,2.163,2.162,3.059,-4.168,4.313,-4.193,4.283,-5.968,6.022
Aaron Henry,1630565,7,8,0.017,-0.006,0.023,2022-23-24,regular,zero,3000.0,3000.0,300.0,100.0,2.167,2.167,3.065,-4.231,4.265,-4.254,4.241,-5.984,6.03
Damyean Dotson,1628422,38,38,0.046,0.025,0.021,2022-23-24,regular,zero,3000.0,3000.0,300.0,100.0,2.156,2.156,3.05,-4.181,4.273,-4.201,4.252,-5.957,5.998
Omer Yurtseven,1630209,1880,1866,0.837,0.819,0.018,2022-23-24,regular,zero,3000.0,3000.0,300.0,100.0,1.739,1.741,2.46,-2.571,4.245,-2.592,4.231,-4.804,4.839
Neemias Queta,1629674,588,595,0.347,0.33,0.017,2022-23-24,regular,zero,3000.0,3000.0,300.0,100.0,1.993,1.991,2.817,-3.558,4.253,-3.572,4.232,-5.504,5.538
CJ McCollum,203468,12452,12358,1.63,1.614,0.016,2022-23-24,regular,zero,3000.0,3000.0,300.0,100.0,1.226,1.227,1.738,-0.773,4.032,-0.791,4.018,-3.391,3.423
Leandro Bolmaro,1630195,365,366,-0.648,-0.659,0.011,2022-23-24,regular,zero,3000.0,3000.0,300.0,100.0,2.053,2.052,2.903,-4.671,3.375,-4.682,3.363,-5.678,5.7
Trevelin Queen,1630243,337,345,-0.62,-0.629,0.009,2022-23-24,regular,zero,3000.0,3000.0,300.0,100.0,2.061,2.058,2.912,-4.659,3.419,-4.664,3.405,-5.699,5.718
Jon Teske,1630257,1,1,-0.036,-0.035,-0.001,2022-23-24,regular,zero,3000.0,3000.0,300.0,100.0,2.17,2.17,3.068,-4.288,4.217,-4.287,4.217,-6.014,6.013
Chris Silva,1629735,144,141,0.401,0.406,-0.005,2022-23-24,regular,zero,3000.0,3000.0,300.0,100.0,2.121,2.122,3.0,-3.757,4.558,-3.753,4.565,-5.886,5.875
Sterling Brown,1628425,1063,1058,-1.08,-1.07,-0.01,2022-23-24,regular,zero,3000.0,3000.0,300.0,100.0,1.889,1.89,2.672,-4.782,2.623,-4.775,2.635,-5.248,5.228
Kaiser Gates,1629232,6,7,-0.122,-0.111,-0.011,2022-23-24,regular,zero,3000.0,3000.0,300.0,100.0,2.168,2.167,3.065,-4.371,4.127,-4.359,4.137,-6.019,5.997
Moses Wright,1630589,15,16,0.184,0.195,-0.011,2022-23-24,regular,zero,3000.0,3000.0,300.0,100.0,2.165,2.164,3.061,-4.059,4.426,-4.047,4.437,-6.011,5.988
Isaiah Jackson,1630543,4142,4162,0.517,0.529,-0.012,2022-23-24,regular,zero,3000.0,3000.0,300.0,100.0,1.528,1.525,2.161,-2.478,3.511,-2.461,3.519,-4.247,4.222
Keldon Johnson,1629640,12314,12370,0.539,0.553,-0.014,2022-23-24,regular,zero,3000.0,3000.0,300.0,100.0,1.214,1.212,1.72,-1.84,2.919,-1.822,2.928,-3.385,3.358
Aaron Nesmith,1630174,8064,8076,0.395,0.41,-0.015,2022-23-24,regular,zero,3000.0,3000.0,300.0,100.0,1.327,1.325,1.876,-2.205,2.996,-2.187,3.008,-3.691,3.661
Scottie Barnes,1630567,13725,13726,-0.409,-0.39,-0.02,2022-23-24,regular,zero,3000.0,3000.0,300.0,100.0,1.222,1.22,1.727,-2.803,1.985,-2.782,2.003,-3.405,3.365
Buddy Hield,1627741,13594,13622,0.814,0.834,-0.021,2022-23-24,regular,zero,3000.0,3000.0,300.0,100.0,1.123,1.121,1.589,-1.387,3.014,-1.364,3.032,-3.136,3.095
Joel Ayayi,1630555,2,3,-0.075,-0.051,-0.024,2022-23-24,regular,zero,3000.0,3000.0,300.0,100.0,2.169,2.169,3.067,-4.326,4.177,-4.301,4.2,-6.036,5.988
Josh Minott,1631169,73,70,-0.018,0.011,-0.028,2022-23-24,regular,zero,3000.0,3000.0,300.0,100.0,2.144,2.145,3.033,-4.221,4.185,-4.194,4.216,-5.974,5.917
Cameron Oliver,1628419,65,66,0.257,0.287,-0.03,2022-23-24,regular,zero,3000.0,3000.0,300.0,100.0,2.148,2.147,3.037,-3.952,4.466,-3.921,4.496,-5.983,5.922
Zach Collins,1628380,6476,6509,-1.101,-1.068,-0.033,2022-23-24,regular,zero,3000.0,3000.0,300.0,100.0,1.396,1.393,1.974,-3.838,1.635,-3.799,1.663,-3.903,3.837
Hunter Tyson,1641816,5,3,-0.086,-0.046,-0.04,2022-23-24,regular,zero,3000.0,3000.0,300.0,100.0,2.168,2.169,3.067,-4.335,4.163,-4.297,4.205,-6.051,5.97
Christian Braun,1631128,4729,4722,-2.253,-2.214,-0.04,2022-23-24,regular,zero,3000.0,3000.0,300.0,100.0,1.492,1.494,2.111,-5.178,0.672,-5.142,0.715,-4.178,4.099
Tremont Waters,1629682,71,73,0.185,0.226,-0.041,2022-23-24,regular,zero,3000.0,3000.0,300.0,100.0,2.145,2.145,3.034,-4.02,4.39,-3.978,4.429,-5.987,5.905
Kenneth Lofton Jr.,1631254,366,372,-0.103,-0.062,-0.041,2022-23-24,regular,zero,3000.0,3000.0,300.0,100.0,2.054,2.052,2.903,-4.128,3.923,-4.084,3.96,-5.731,5.65
Mfiondu Kabengele,1629662,46,47,-0.062,-0.02,-0.042,2022-23-24,regular,zero,3000.0,3000.0,300.0,100.0,2.154,2.154,3.046,-4.284,4.16,-4.241,4.201,-6.012,5.928
Leonard Miller,1631159,5,7,-0.051,-0.004,-0.047,2022-23-24,regular,zero,3000.0,3000.0,300.0,100.0,2.168,2.167,3.066,-4.3,4.199,-4.252,4.244,-6.055,5.962
Wes Iwundu,1628411,144,147,0.115,0.164,-0.049,2022-23-24,regular,zero,3000.0,3000.0,300.0,100.0,2.122,2.121,3.0,-4.044,4.274,-3.993,4.321,-5.93,5.831
Bradley Beal,203078,8917,8901,-0.043,0.011,-0.054,2022-23-24,regular,zero,3000.0,3000.0,300.0,100.0,1.242,1.242,1.758,-2.476,2.391,-2.423,2.445,-3.5,3.392
Killian Tillie,1629681,618,619,-0.481,-0.424,-0.057,2022-23-24,regular,zero,3000.0,3000.0,300.0,100.0,1.984,1.984,2.806,-4.37,3.408,-4.312,3.465,-5.556,5.442
Isaac Bonga,1629067,90,93,-0.456,-0.398,-0.058,2022-23-24,regular,zero,3000.0,3000.0,300.0,100.0,2.139,2.138,3.024,-4.648,3.736,-4.588,3.792,-5.984,5.869
D.J. Wilson,1628391,80,84,0.15,0.209,-0.059,2022-23-24,regular,zero,3000.0,3000.0,300.0,100.0,2.143,2.141,3.029,-4.049,4.349,-3.987,4.406,-5.996,5.878
Jarron Cumberland,1629600,0,1,0.0,0.061,-0.061,2022-23-24,regular,zero,3000.0,3000.0,300.0,100.0,2.17,2.17,3.068,-4.253,4.253,-4.191,4.313,-6.075,5.953
Cason Wallace,1641717,2880,2888,-0.404,-0.342,-0.063,2022-23-24,regular,zero,3000.0,3000.0,300.0,100.0,1.646,1.645,2.325,-3.63,2.821,-3.565,2.882,-4.62,4.494
Cassius Winston,1630216,39,40,0.142,0.204,-0.063,2022-23-24,regular,zero,3000.0,3000.0,300.0,100.0,2.156,2.156,3.049,-4.084,4.368,-4.021,4.43,-6.039,5.913
Tyler Dorsey,1628416,1,1,-0.038,0.029,-0.066,2022-23-24,regular,zero,3000.0,3000.0,300.0,100.0,2.17,2.17,3.068,-4.29,4.214,-4.224,4.281,-6.08,5.947
Jordan Ford,1630259,4,4,0.014,0.087,-0.073,2022-23-24,regular,zero,3000.0,3000.0,300.0,100.0,2.168,2.168,3.067,-4.236,4.264,-4.163,4.337,-6.083,5.938
D'Moi Hodge,1641793,5,6,0.033,0.112,-0.079,2022-23-24,regular,zero,3000.0,3000.0,300.0,100.0,2.168,2.168,3.066,-4.217,4.282,-4.137,4.36,-6.088,5.93
Donte DiVincenzo,1628978,9528,9483,-0.15,-0.071,-0.079,2022-23-24,regular,zero,3000.0,3000.0,300.0,100.0,1.194,1.195,1.689,-2.491,2.19,-2.414,2.272,-3.389,3.231
Jalen Pickett,1629618,109,109,-0.429,-0.345,-0.083,2022-23-24,regular,zero,3000.0,3000.0,300.0,100.0,2.132,2.132,3.016,-4.608,3.751,-4.525,3.834,-5.994,5.827
Cameron McGriff,1630787,34,38,0.133,0.224,-0.091,2022-23-24,regular,zero,3000.0,3000.0,300.0,100.0,2.158,2.157,3.051,-4.096,4.363,-4.003,4.451,-6.07,5.889
Xavier Cooks,1641645,186,194,-0.189,-0.096,-0.094,2022-23-24,regular,zero,3000.0,3000.0,300.0,100.0,2.111,2.109,2.984,-4.328,3.949,-4.229,4.038,-5.943,5.755
Robert Woodard II,1630218,7,7,-0.189,-0.091,-0.098,2022-23-24,regular,zero,3000.0,3000.0,300.0,100.0,2.167,2.167,3.065,-4.437,4.059,-4.339,4.157,-6.106,5.909
Tyler Johnson,204020,162,156,0.293,0.391,-0.098,2022-23-24,regular,zero,3000.0,3000.0,300.0,100.0,2.115,2.117,2.992,-3.852,4.439,-3.758,4.54,-5.963,5.767
Jontay Porter,1629007,619,634,-0.381,-0.283,-0.098,2022-23-24,regular,zero,3000.0,3000.0,300.0,100.0,1.988,1.984,2.809,-4.277,3.515,-4.172,3.606,-5.603,5.407
E.J. Liddell,1630604,2,3,-0.075,0.027,-0.101,2022-23-24,regular,zero,3000.0,3000.0,300.0,100.0,2.169,2.169,3.067,-4.326,4.177,-4.224,4.278,-6.113,5.911
Pat Spencer,1630311,2,3,-0.078,0.025,-0.103,2022-23-24,regular,zero,3000.0,3000.0,300.0,100.0,2.169,2.169,3.067,-4.33,4.173,-4.226,4.276,-6.115,5.909
Michael Foster Jr.,1630701,2,1,-0.077,0.029,-0.106,2022-23-24,regular,zero,3000.0,3000.0,300.0,100.0,2.169,2.17,3.068,-4.328,4.175,-4.223,4.281,-6.119,5.907
Goran Dragic,201609,2577,2551,0.426,0.532,-0.106,2022-23-24,regular,zero,3000.0,3000.0,300.0,100.0,1.637,1.64,2.317,-2.782,3.634,-2.683,3.747,-4.647,4.435
Feron Hunt,1630624,13,12,-0.256,-0.15,-0.106,2022-23-24,regular,zero,3000.0,3000.0,300.0,100.0,2.165,2.166,3.062,-4.5,3.988,-4.395,4.094,-6.108,5.896
Shaq Buchanan,1629783,15,14,-0.141,-0.032,-0.11,2022-23-24,regular,zero,3000.0,3000.0,300.0,100.0,2.165,2.165,3.061,-4.383,4.101,-4.275,4.212,-6.11,5.891
Brodric Thomas,1630271,44,43,-0.373,-0.262,-0.111,2022-23-24,regular,zero,3000.0,3000.0,300.0,100.0,2.154,2.155,3.047,-4.596,3.849,-4.486,3.961,-6.083,5.861
Jaden McDaniels,1630183,11842,11759,-0.491,-0.379,-0.112,2022-23-24,regular,zero,3000.0,3000.0,300.0,100.0,1.233,1.235,1.746,-2.908,1.925,-2.801,2.042,-3.534,3.31
RaiQuan Gray,1630564,61,61,0.176,0.29,-0.114,2022-23-24,regular,zero,3000.0,3000.0,300.0,100.0,2.15,2.15,3.04,-4.037,4.389,-3.923,4.504,-6.072,5.844
Cade Cunningham,1630595,8511,8602,-0.58,-0.464,-0.116,2022-23-24,regular,zero,3000.0,3000.0,300.0,100.0,1.315,1.312,1.856,-3.157,1.997,-3.035,2.107,-3.753,3.521
Ryan Arcidiacono,1627853,314,318,-1.069,-0.94,-0.128,2022-23-24,regular,zero,3000.0,3000.0,300.0,100.0,2.069,2.068,2.926,-5.124,2.987,-4.994,3.114,-5.863,5.606
Joe Johnson,2207,3,3,-0.046,0.085,-0.131,2022-23-24,regular,zero,3000.0,3000.0,300.0,100.0,2.169,2.169,3.067,-4.296,4.205,-4.165,4.336,-6.143,5.881
CJ Miles,101139,3,3,-0.046,0.085,-0.131,2022-23-24,regular,zero,3000.0,3000.0,300.0,100.0,2.169,2.169,3.067,-4.296,4.205,-4.165,4.336,-6.143,5.881
Keyontae Johnson,1641749,23,23,-0.027,0.105,-0.132,2022-23-24,regular,zero,3000.0,3000.0,300.0,100.0,2.162,2.162,3.057,-4.264,4.21,-4.132,4.342,-6.124,5.86
Craig Sword,1628591,15,18,-0.109,0.024,-0.133,2022-23-24,regular,zero,3000.0,3000.0,300.0,100.0,2.165,2.163,3.06,-4.351,4.134,-4.216,4.264,-6.131,5.866
Anthony Gill,1630264,2236,2282,0.515,0.65,-0.135,2022-23-24,regular,zero,3000.0,3000.0,300.0,100.0,1.682,1.675,2.375,-2.782,3.813,-2.634,3.934,-4.79,4.521
Gordon Hayward,202330,8280,8353,-0.802,-0.666,-0.136,2022-23-24,regular,zero,3000.0,3000.0,300.0,100.0,1.28,1.277,1.811,-3.311,1.706,-3.17,1.837,-3.685,3.413
Anfernee Simons,1629014,10100,10182,1.413,1.55,-0.137,2022-23-24,regular,zero,3000.0,3000.0,300.0,100.0,1.249,1.245,1.765,-1.035,3.861,-0.891,3.991,-3.596,3.323
Colin Castleton,1630658,14,15,-0.089,0.051,-0.14,2022-23-24,regular,zero,3000.0,3000.0,300.0,100.0,2.165,2.164,3.061,-4.332,4.154,-4.191,4.294,-6.141,5.86
Maozinha Pereira,1641970,144,142,-0.604,-0.459,-0.144,2022-23-24,regular,zero,3000.0,3000.0,300.0,100.0,2.122,2.123,3.002,-4.763,3.556,-4.62,3.702,-6.028,5.739
Tacko Fall,1629605,64,61,-0.191,-0.043,-0.148,2022-23-24,regular,zero,3000.0,3000.0,300.0,100.0,2.148,2.149,3.038,-4.4,4.019,-4.255,4.168,-6.102,5.807
Jett Howard,1641724,3,6,-0.044,0.112,-0.156,2022-23-24,regular,zero,3000.0,3000.0,300.0,100.0,2.169,2.168,3.066,-4.295,4.207,-4.136,4.361,-6.167,5.854
Cat Barber,1627760,9,9,-0.005,0.152,-0.157,2022-23-24,regular,zero,3000.0,3000.0,300.0,100.0,2.167,2.167,3.064,-4.251,4.242,-4.094,4.399,-6.163,5.849
Petr Cornelie,1627822,1,4,-0.039,0.12,-0.16,2022-23-24,regular,zero,3000.0,3000.0,300.0,100.0,2.17,2.168,3.067,-4.292,4.213,-4.13,4.37,-6.172,5.852
Rob Edwards,1630306,16,17,-0.24,-0.077,-0.162,2022-23-24,regular,zero,3000.0,3000.0,300.0,100.0,2.164,2.164,3.06,-4.482,4.002,-4.318,4.164,-6.161,5.836
Carsen Edwards,1629035,142,145,-0.185,-0.022,-0.163,2022-23-24,regular,zero,3000.0,3000.0,300.0,100.0,2.124,2.123,3.003,-4.347,3.977,-4.183,4.138,-6.048,5.723
Oscar Tshiebwe,1631131,7,10,-0.111,0.063,-0.173,2022-23-24,regular,zero,3000.0,3000.0,300.0,100.0,2.167,2.166,3.064,-4.359,4.137,-4.183,4.309,-6.18,5.833
Jalen Suggs,1630591,8438,8463,-1.873,-1.698,-0.175,2022-23-24,regular,zero,3000.0,3000.0,300.0,100.0,1.308,1.307,1.852,-4.437,0.691,-4.26,0.864,-3.805,3.454
Dewayne Dedmon,203473,2696,2693,-1.551,-1.373,-0.178,2022-23-24,regular,zero,3000.0,3000.0,300.0,100.0,1.675,1.675,2.369,-4.833,1.731,-4.655,1.909,-4.821,4.465
JaQuori McLaughlin,1630605,13,13,-0.049,0.14,-0.189,2022-23-24,regular,zero,3000.0,3000.0,300.0,100.0,2.165,2.165,3.062,-4.292,4.195,-4.103,4.384,-6.191,5.813
Chance Comanche,1628435,3,3,-0.053,0.154,-0.206,2022-23-24,regular,zero,3000.0,3000.0,300.0,100.0,2.169,2.169,3.067,-4.303,4.198,-4.097,4.405,-6.218,5.805
BJ Johnson,1629168,128,125,-0.002,0.204,-0.206,2022-23-24,regular,zero,3000.0,3000.0,300.0,100.0,2.128,2.128,3.009,-4.172,4.168,-3.968,4.376,-6.105,5.692
Alondes Williams,1631214,20,18,-0.085,0.126,-0.211,2022-23-24,regular,zero,3000.0,3000.0,300.0,100.0,2.163,2.163,3.059,-4.324,4.154,-4.114,4.366,-6.206,5.785
Malik Williams,1642013,117,121,-0.163,0.053,-0.216,2022-23-24,regular,zero,3000.0,3000.0,300.0,100.0,2.13,2.129,3.012,-4.339,4.013,-4.121,4.226,-6.119,5.688
John Butler Jr.,1631219,288,296,-0.356,-0.134,-0.222,2022-23-24,regular,zero,3000.0,3000.0,300.0,100.0,2.082,2.08,2.942,-4.436,3.724,-4.21,3.942,-5.989,5.545
Justin Jackson,1628382,82,83,-0.416,-0.192,-0.224,2022-23-24,regular,zero,3000.0,3000.0,300.0,100.0,2.141,2.141,3.028,-4.613,3.78,-4.389,4.004,-6.159,5.711
Jake Layman,1627774,220,221,0.299,0.529,-0.231,2022-23-24,regular,zero,3000.0,3000.0,300.0,100.0,2.098,2.097,2.967,-3.813,4.41,-3.582,4.64,-6.045,5.584
Arnoldas Kulboka,1629083,5,6,-0.058,0.173,-0.232,2022-23-24,regular,zero,3000.0,3000.0,300.0,100.0,2.168,2.168,3.066,-4.308,4.191,-4.075,4.422,-6.241,5.777
Sidy Cissoko,1631321,78,80,-0.745,-0.512,-0.233,2022-23-24,regular,zero,3000.0,3000.0,300.0,100.0,2.143,2.143,3.03,-4.946,3.456,-4.711,3.687,-6.173,5.707
Yuta Watanabe,1629139,3089,3083,-0.38,-0.146,-0.234,2022-23-24,regular,zero,3000.0,3000.0,300.0,100.0,1.564,1.565,2.211,-3.446,2.686,-3.213,2.921,-4.568,4.099
Rayjon Tucker,1629730,57,61,0.165,0.4,-0.235,2022-23-24,regular,zero,3000.0,3000.0,300.0,100.0,2.15,2.149,3.039,-4.049,4.379,-3.811,4.611,-6.192,5.722
Chris Livingston,1641753,32,37,-0.168,0.07,-0.237,2022-23-24,regular,zero,3000.0,3000.0,300.0,100.0,2.159,2.157,3.051,-4.399,4.063,-4.158,4.297,-6.218,5.743
Devontae Cacok,1629719,188,184,-0.254,-0.015,-0.239,2022-23-24,regular,zero,3000.0,3000.0,300.0,100.0,2.108,2.109,2.982,-4.385,3.877,-4.149,4.118,-6.083,5.605
Hamidou Diallo,1628977,4006,4073,-1.997,-1.754,-0.243,2022-23-24,regular,zero,3000.0,3000.0,300.0,100.0,1.506,1.501,2.127,-4.949,0.956,-4.696,1.189,-4.413,3.927
Matt Ryan,1630346,1084,1081,-0.271,-0.026,-0.245,2022-23-24,regular,zero,3000.0,3000.0,300.0,100.0,1.876,1.876,2.652,-3.947,3.405,-3.703,3.651,-5.443,4.953
Jemerrio Jones,1629203,15,14,0.008,0.254,-0.245,2022-23-24,regular,zero,3000.0,3000.0,300.0,100.0,2.165,2.165,3.061,-4.234,4.251,-3.989,4.497,-6.246,5.755
Gabriel Deck,1630466,41,43,-0.212,0.034,-0.246,2022-23-24,regular,zero,3000.0,3000.0,300.0,100.0,2.155,2.155,3.048,-4.437,4.012,-4.19,4.257,-6.219,5.728
Mamadi Diakite,1629603,544,540,-0.794,-0.546,-0.248,2022-23-24,regular,zero,3000.0,3000.0,300.0,100.0,2.005,2.006,2.836,-4.724,3.135,-4.477,3.385,-5.806,5.31
Juancho Hernangomez,1627823,1672,1669,0.985,1.246,-0.261,2022-23-24,regular,zero,3000.0,3000.0,300.0,100.0,1.762,1.763,2.492,-2.469,4.439,-2.209,4.7,-5.146,4.624
Luka Samanic,1629677,764,783,-0.545,-0.284,-0.262,2022-23-24,regular,zero,3000.0,3000.0,300.0,100.0,1.956,1.952,2.763,-4.379,3.288,-4.109,3.541,-5.677,5.154
Jerome Robinson,1629010,18,20,-0.173,0.095,-0.268,2022-23-24,regular,zero,3000.0,3000.0,300.0,100.0,2.163,2.163,3.059,-4.414,4.067,-4.144,4.334,-6.264,5.727
Ryan Rollins,1631157,39,43,-0.146,0.124,-0.271,2022-23-24,regular,zero,3000.0,3000.0,300.0,100.0,2.156,2.155,3.048,-4.372,4.08,-4.099,4.348,-6.245,5.704
Emmanuel Mudiay,1626144,14,15,-0.294,-0.022,-0.271,2022-23-24,regular,zero,3000.0,3000.0,300.0,100.0,2.165,2.165,3.061,-4.537,3.949,-4.265,4.22,-6.272,5.729
Jared Butler,1630215,1213,1223,-0.673,-0.395,-0.278,2022-23-24,regular,zero,3000.0,3000.0,300.0,100.0,1.853,1.851,2.619,-4.305,2.959,-4.024,3.233,-5.412,4.856
Daniel Oturu,1630187,28,27,-0.124,0.154,-0.279,2022-23-24,regular,zero,3000.0,3000.0,300.0,100.0,2.16,2.16,3.055,-4.358,4.11,-4.08,4.389,-6.266,5.709
Chima Moneke,1631320,12,13,-0.107,0.173,-0.28,2022-23-24,regular,zero,3000.0,3000.0,300.0,100.0,2.166,2.165,3.062,-4.351,4.138,-4.071,4.417,-6.282,5.722
Malik Fitts,1630238,40,41,-0.131,0.155,-0.287,2022-23-24,regular,zero,3000.0,3000.0,300.0,100.0,2.156,2.156,3.049,-4.357,4.094,-4.07,4.38,-6.262,5.689
Willy Hernangomez,1626195,2011,2020,0.403,0.696,-0.293,2022-23-24,regular,zero,3000.0,3000.0,300.0,100.0,1.736,1.735,2.456,-2.999,3.806,-2.704,4.097,-5.106,4.52
Dwight Howard,2730,1815,1816,-0.263,0.032,-0.295,2022-23-24,regular,zero,3000.0,3000.0,300.0,100.0,1.765,1.765,2.497,-3.723,3.196,-3.428,3.491,-5.189,4.599
Yves Pons,1630582,38,37,-0.349,-0.053,-0.296,2022-23-24,regular,zero,3000.0,3000.0,300.0,100.0,2.156,2.157,3.05,-4.575,3.878,-4.28,4.175,-6.274,5.682
Abdel Nader,1627846,229,224,-0.931,-0.635,-0.296,2022-23-24,regular,zero,3000.0,3000.0,300.0,100.0,2.096,2.098,2.965,-5.039,3.177,-4.746,3.476,-6.108,5.516
Deandre Ayton,1629028,10381,10378,-0.656,-0.357,-0.299,2022-23-24,regular,zero,3000.0,3000.0,300.0,100.0,1.281,1.28,1.815,-3.167,1.855,-2.867,2.152,-3.856,3.258
Marquese Chriss,1627737,479,478,-0.304,-0.003,-0.301,2022-23-24,regular,zero,3000.0,3000.0,300.0,100.0,2.022,2.022,2.86,-4.268,3.659,-3.967,3.961,-5.906,5.304
Quentin Grimes,1629656,6947,6971,-0.996,-0.695,-0.301,2022-23-24,regular,zero,3000.0,3000.0,300.0,100.0,1.378,1.377,1.947,-3.697,1.705,-3.395,2.005,-4.118,3.516
Trayvon Palmer,1629309,33,34,-0.409,-0.106,-0.304,2022-23-24,regular,zero,3000.0,3000.0,300.0,100.0,2.158,2.158,3.052,-4.64,3.821,-4.335,4.124,-6.286,5.679
Bol Bol,1629626,3575,3600,-1.394,-1.088,-0.307,2022-23-24,regular,zero,3000.0,3000.0,300.0,100.0,1.529,1.527,2.159,-4.392,1.603,-4.08,1.904,-4.538,3.924
Ricky Council IV,1641741,318,333,-0.111,0.2,-0.311,2022-23-24,regular,zero,3000.0,3000.0,300.0,100.0,2.068,2.063,2.921,-4.164,3.941,-3.844,4.244,-6.037,5.414
Jay Huff,1630643,134,135,-0.123,0.189,-0.312,2022-23-24,regular,zero,3000.0,3000.0,300.0,100.0,2.126,2.126,3.007,-4.291,4.045,-3.978,4.356,-6.206,5.581
Dexter Dennis,1641926,7,8,-0.167,0.146,-0.313,2022-23-24,regular,zero,3000.0,3000.0,300.0,100.0,2.167,2.167,3.065,-4.415,4.081,-4.102,4.393,-6.32,5.694
Dariq Whitehead,1641727,34,34,0.125,0.444,-0.319,2022-23-24,regular,zero,3000.0,3000.0,300.0,100.0,2.158,2.158,3.052,-4.105,4.355,-3.786,4.673,-6.3,5.663
Markieff Morris,202693,1415,1414,-0.656,-0.337,-0.319,2022-23-24,regular,zero,3000.0,3000.0,300.0,100.0,1.804,1.804,2.552,-4.193,2.88,-3.874,3.199,-5.322,4.683
Miye Oni,1629671,10,9,-0.316,0.004,-0.32,2022-23-24,regular,zero,3000.0,3000.0,300.0,100.0,2.166,2.167,3.064,-4.562,3.93,-4.243,4.25,-6.325,5.685
Jalen Wilson,1630592,794,803,0.247,0.572,-0.324,2022-23-24,regular,zero,3000.0,3000.0,300.0,100.0,1.946,1.944,2.751,-3.567,4.062,-3.239,4.382,-5.716,5.067
Louis King,1629663,141,144,0.052,0.379,-0.327,2022-23-24,regular,zero,3000.0,3000.0,300.0,100.0,2.122,2.121,3.001,-4.108,4.211,-3.779,4.536,-6.208,5.554
James Ennis III,203516,72,74,-0.193,0.141,-0.334,2022-23-24,regular,zero,3000.0,3000.0,300.0,100.0,2.145,2.144,3.033,-4.397,4.012,-4.062,4.344,-6.279,5.611
Zylan Cheatham,1629597,4,4,-0.159,0.179,-0.338,2022-23-24,regular,zero,3000.0,3000.0,300.0,100.0,2.168,2.168,3.067,-4.409,4.091,-4.071,4.429,-6.349,5.672
Markus Howard,1630210,152,155,0.57,0.908,-0.339,2022-23-24,regular,zero,3000.0,3000.0,300.0,100.0,2.119,2.118,2.996,-3.584,4.723,-3.243,5.06,-6.211,5.533
Kobe Bufkin,1641723,278,274,-1.045,-0.706,-0.339,2022-23-24,regular,zero,3000.0,3000.0,300.0,100.0,2.081,2.082,2.944,-5.124,3.034,-4.788,3.375,-6.109,5.432
Dalen Terry,1631207,1271,1271,0.498,0.844,-0.346,2022-23-24,regular,zero,3000.0,3000.0,300.0,100.0,1.842,1.842,2.604,-3.112,4.108,-2.767,4.454,-5.45,4.759
Jordan Hall,1631160,51,50,-0.351,0.008,-0.359,2022-23-24,regular,zero,3000.0,3000.0,300.0,100.0,2.152,2.152,3.043,-4.569,3.867,-4.21,4.227,-6.325,5.606
RJ Nembhard Jr.,1630612,36,38,-0.314,0.05,-0.364,2022-23-24,regular,zero,3000.0,3000.0,300.0,100.0,2.157,2.156,3.05,-4.542,3.914,-4.176,4.277,-6.342,5.614
Jared Harper,1629607,43,43,0.051,0.415,-0.364,2022-23-24,regular,zero,3000.0,3000.0,300.0,100.0,2.155,2.155,3.047,-4.172,4.275,-3.808,4.639,-6.337,5.609
Juwan Morgan,1629752,21,22,-0.087,0.28,-0.367,2022-23-24,regular,zero,3000.0,3000.0,300.0,100.0,2.163,2.162,3.058,-4.325,4.152,-3.957,4.518,-6.361,5.626
Jaysean Paige,1629873,16,15,-0.349,0.019,-0.368,2022-23-24,regular,zero,3000.0,3000.0,300.0,100.0,2.164,2.165,3.061,-4.591,3.893,-4.224,4.261,-6.367,5.632
George King,1628994,28,30,-0.081,0.29,-0.371,2022-23-24,regular,zero,3000.0,3000.0,300.0,100.0,2.16,2.159,3.054,-4.315,4.152,-3.942,4.522,-6.357,5.615
Marques Bolden,1629716,94,99,-0.585,-0.198,-0.387,2022-23-24,regular,zero,3000.0,3000.0,300.0,100.0,2.138,2.136,3.022,-4.775,3.604,-4.385,3.988,-6.31,5.535
JaVale McGee,201580,3257,3209,-1.489,-1.099,-0.391,2022-23-24,regular,zero,3000.0,3000.0,300.0,100.0,1.578,1.582,2.233,-4.581,1.603,-4.199,2.002,-4.768,3.986
Markelle Fultz,1628365,5761,5760,-1.068,-0.667,-0.401,2022-23-24,regular,zero,3000.0,3000.0,300.0,100.0,1.458,1.457,2.061,-3.925,1.789,-3.522,2.188,-4.44,3.638
Eric Paschall,1629672,1126,1137,-0.241,0.166,-0.407,2022-23-24,regular,zero,3000.0,3000.0,300.0,100.0,1.882,1.88,2.66,-3.929,3.448,-3.518,3.85,-5.621,4.807
Seth Lundy,1641754,58,60,0.095,0.502,-0.408,2022-23-24,regular,zero,3000.0,3000.0,300.0,100.0,2.15,2.149,3.039,-4.119,4.308,-3.71,4.714,-6.365,5.55
Rodney Hood,203918,1004,1006,-1.563,-1.15,-0.412,2022-23-24,regular,zero,3000.0,3000.0,300.0,100.0,1.897,1.896,2.682,-5.28,2.155,-4.867,2.567,-5.668,4.843
Armoni Brooks,1629717,1444,1459,0.511,0.928,-0.417,2022-23-24,regular,zero,3000.0,3000.0,300.0,100.0,1.812,1.809,2.56,-3.04,4.062,-2.617,4.474,-5.434,4.6
Xavier Tillman,1630214,4612,4633,-1.945,-1.521,-0.424,2022-23-24,regular,zero,3000.0,3000.0,300.0,100.0,1.465,1.464,2.073,-4.817,0.927,-4.392,1.349,-4.487,3.64
Wayne Selden,1627782,36,38,-0.232,0.193,-0.425,2022-23-24,regular,zero,3000.0,3000.0,300.0,100.0,2.157,2.156,3.05,-4.46,3.996,-4.034,4.42,-6.403,5.554
Kelan Martin,1629103,770,776,-0.688,-0.26,-0.428,2022-23-24,regular,zero,3000.0,3000.0,300.0,100.0,1.952,1.951,2.76,-4.514,3.139,-4.084,3.564,-5.838,4.982
Justin Anderson,1626147,487,494,0.554,0.982,-0.428,2022-23-24,regular,zero,3000.0,3000.0,300.0,100.0,2.021,2.019,2.857,-3.408,4.515,-2.976,4.94,-6.028,5.172
Maxwell Lewis,1641721,18,17,-0.486,-0.053,-0.432,2022-23-24,regular,zero,3000.0,3000.0,300.0,100.0,2.163,2.164,3.06,-4.726,3.754,-4.295,4.188,-6.43,5.565
Jason Preston,1630554,119,133,-0.213,0.226,-0.439,2022-23-24,regular,zero,3000.0,3000.0,300.0,100.0,2.129,2.125,3.008,-4.386,3.96,-3.938,4.39,-6.334,5.457
Seth Curry,203552,7175,7114,-0.608,-0.164,-0.443,2022-23-24,regular,zero,3000.0,3000.0,300.0,100.0,1.276,1.279,1.804,-3.108,1.893,-2.671,2.342,-3.98,3.093
Jonathan Kuminga,1630228,8129,8135,-0.365,0.081,-0.446,2022-23-24,regular,zero,3000.0,3000.0,300.0,100.0,1.277,1.277,1.806,-2.868,2.137,-2.422,2.584,-3.987,3.094
Maurice Harkless,203090,1640,1670,-1.276,-0.818,-0.458,2022-23-24,regular,zero,3000.0,3000.0,300.0,100.0,1.79,1.785,2.529,-4.785,2.232,-4.317,2.681,-5.414,4.498
Jack White,1631298,97,99,-0.785,-0.325,-0.459,2022-23-24,regular,zero,3000.0,3000.0,300.0,100.0,2.137,2.136,3.021,-4.973,3.403,-4.512,3.862,-6.381,5.462
JT Thor,1630550,3185,3241,-1.462,-0.998,-0.464,2022-23-24,regular,zero,3000.0,3000.0,300.0,100.0,1.581,1.574,2.231,-4.56,1.636,-4.084,2.088,-4.837,3.909
Sharife Cooper,1630536,24,28,-0.388,0.077,-0.465,2022-23-24,regular,zero,3000.0,3000.0,300.0,100.0,2.161,2.16,3.056,-4.625,3.848,-4.157,4.311,-6.454,5.524
Michael Carter-Williams,203487,68,67,-0.132,0.339,-0.471,2022-23-24,regular,zero,3000.0,3000.0,300.0,100.0,2.147,2.147,3.036,-4.339,4.075,-3.869,4.547,-6.421,5.479
Emanuel Terry,1629150,14,16,-0.236,0.238,-0.474,2022-23-24,regular,zero,3000.0,3000.0,300.0,100.0,2.165,2.164,3.061,-4.479,4.007,-4.004,4.48,-6.474,5.526
Nikola Vucevic,202696,14507,14452,0.08,0.555,-0.475,2022-23-24,regular,zero,3000.0,3000.0,300.0,100.0,1.382,1.38,1.955,-2.629,2.788,-2.15,3.26,-4.308,3.358
Daniel Gafford,1629655,9145,9192,0.003,0.481,-0.478,2022-23-24,regular,zero,3000.0,3000.0,300.0,100.0,1.248,1.246,1.764,-2.444,2.449,-1.962,2.923,-3.935,2.979
Jordan Poole,1629673,13548,13503,-0.62,-0.135,-0.485,2022-23-24,regular,zero,3000.0,3000.0,300.0,100.0,1.121,1.121,1.586,-2.816,1.576,-2.332,2.063,-3.593,2.623
JD Davison,1631120,70,70,-0.322,0.165,-0.487,2022-23-24,regular,zero,3000.0,3000.0,300.0,100.0,2.146,2.146,3.035,-4.528,3.885,-4.042,4.371,-6.436,5.462
Aaron Wiggins,1630598,6552,6629,0.082,0.572,-0.49,2022-23-24,regular,zero,3000.0,3000.0,300.0,100.0,1.314,1.31,1.857,-2.493,2.657,-1.995,3.14,-4.129,3.149
Moses Moody,1630541,4227,4200,-0.987,-0.489,-0.498,2022-23-24,regular,zero,3000.0,3000.0,300.0,100.0,1.467,1.47,2.077,-3.862,1.888,-3.369,2.391,-4.568,3.572
Jaden Springer,1630531,582,591,-0.51,-0.01,-0.5,2022-23-24,regular,zero,3000.0,3000.0,300.0,100.0,1.993,1.991,2.817,-4.417,3.396,-3.912,3.892,-6.021,5.021
Darren Collison,201954,82,82,-0.286,0.218,-0.504,2022-23-24,regular,zero,3000.0,3000.0,300.0,100.0,2.142,2.142,3.029,-4.484,3.912,-3.98,4.415,-6.44,5.433
Deividas Sirvydis,1629686,26,28,-0.478,0.033,-0.512,2022-23-24,regular,zero,3000.0,3000.0,300.0,100.0,2.161,2.16,3.055,-4.713,3.757,-4.2,4.267,-6.5,5.477
Dario Saric,203967,3434,3407,0.275,0.793,-0.518,2022-23-24,regular,zero,3000.0,3000.0,300.0,100.0,1.543,1.546,2.182,-2.75,3.3,-2.238,3.823,-4.794,3.758
Collin Sexton,1629012,6532,6571,1.255,1.774,-0.519,2022-23-24,regular,zero,3000.0,3000.0,300.0,100.0,1.368,1.365,1.933,-1.427,3.938,-0.902,4.45,-4.308,3.27
Joshua Primo,1630563,1822,1861,-0.359,0.167,-0.526,2022-23-24,regular,zero,3000.0,3000.0,300.0,100.0,1.753,1.747,2.476,-3.795,3.077,-3.257,3.592,-5.379,4.326
Myles Powell,1629619,62,64,0.069,0.595,-0.527,2022-23-24,regular,zero,3000.0,3000.0,300.0,100.0,2.148,2.148,3.038,-4.142,4.279,-3.614,4.804,-6.48,5.427
Freddie Gillespie,1630273,231,232,-0.535,-0.005,-0.53,2022-23-24,regular,zero,3000.0,3000.0,300.0,100.0,2.095,2.094,2.962,-4.641,3.57,-4.11,4.1,-6.336,5.276
Tyrone Wallace,1627820,77,79,-0.017,0.519,-0.536,2022-23-24,regular,zero,3000.0,3000.0,300.0,100.0,2.143,2.142,3.03,-4.218,4.183,-3.681,4.718,-6.475,5.404
Jordan Hawkins,1641722,1806,1766,0.822,1.395,-0.573,2022-23-24,regular,zero,3000.0,3000.0,300.0,100.0,1.767,1.772,2.502,-2.641,4.285,-2.079,4.869,-5.476,4.331
DJ Carton,1630618,50,49,-0.405,0.17,-0.575,2022-23-24,regular,zero,3000.0,3000.0,300.0,100.0,2.152,2.153,3.044,-4.624,3.813,-4.05,4.389,-6.542,5.391
Alize Johnson,1628993,225,236,-0.295,0.287,-0.582,2022-23-24,regular,zero,3000.0,3000.0,300.0,100.0,2.095,2.091,2.96,-4.4,3.811,-3.812,4.386,-6.384,5.22
Chimezie Metu,1629002,4815,4879,-1.6,-1.016,-0.584,2022-23-24,regular,zero,3000.0,3000.0,300.0,100.0,1.416,1.411,1.998,-4.375,1.175,-3.782,1.75,-4.501,3.333
Jalen Johnson,1630552,5743,5760,-2.126,-1.539,-0.587,2022-23-24,regular,zero,3000.0,3000.0,300.0,100.0,1.428,1.426,2.017,-4.924,0.672,-4.335,1.256,-4.54,3.367
Caris LeVert,1627747,10918,10884,-0.109,0.485,-0.594,2022-23-24,regular,zero,3000.0,3000.0,300.0,100.0,1.155,1.156,1.636,-2.372,2.154,-1.781,2.75,-3.8,2.613
Justin Champagnie,1630551,687,693,0.21,0.806,-0.596,2022-23-24,regular,zero,3000.0,3000.0,300.0,100.0,1.965,1.963,2.778,-3.641,4.061,-3.043,4.654,-6.04,4.849
James Johnson,201949,2330,2366,-1.027,-0.431,-0.596,2022-23-24,regular,zero,3000.0,3000.0,300.0,100.0,1.685,1.681,2.38,-4.33,2.276,-3.725,2.863,-5.26,4.068
Keifer Sykes,1626208,907,914,-0.388,0.216,-0.604,2022-23-24,regular,zero,3000.0,3000.0,300.0,100.0,1.926,1.924,2.722,-4.162,3.386,-3.555,3.987,-5.939,4.731
Ed Davis,202334,260,264,-1.358,-0.734,-0.625,2022-23-24,regular,zero,3000.0,3000.0,300.0,100.0,2.085,2.084,2.948,-5.445,2.729,-4.819,3.351,-6.403,5.154
Kobe Brown,1641738,333,334,0.102,0.732,-0.63,2022-23-24,regular,zero,3000.0,3000.0,300.0,100.0,2.063,2.063,2.918,-3.942,4.146,-3.312,4.776,-6.349,5.089
Danny Green,201980,2810,2806,-0.804,-0.16,-0.644,2022-23-24,regular,zero,3000.0,3000.0,300.0,100.0,1.628,1.629,2.303,-3.995,2.387,-3.352,3.033,-5.158,3.869
Noah Clowney,1641730,429,447,-0.714,-0.066,-0.648,2022-23-24,regular,zero,3000.0,3000.0,300.0,100.0,2.039,2.034,2.88,-4.71,3.282,-4.053,3.921,-6.293,4.997
Isaiah Stewart,1630191,8652,8762,-1.424,-0.771,-0.653,2022-23-24,regular,zero,3000.0,3000.0,300.0,100.0,1.345,1.342,1.903,-4.06,1.212,-3.4,1.858,-4.383,3.077
Jalen Hood-Schifino,1641720,52,53,-0.68,-0.026,-0.655,2022-23-24,regular,zero,3000.0,3000.0,300.0,100.0,2.152,2.151,3.042,-4.897,3.537,-4.242,4.191,-6.618,5.309
Gary Harris,203914,7934,7963,0.229,0.886,-0.657,2022-23-24,regular,zero,3000.0,3000.0,300.0,100.0,1.318,1.317,1.866,-2.355,2.813,-1.695,3.467,-4.313,3.0
Kessler Edwards,1630556,2663,2697,0.798,1.463,-0.665,2022-23-24,regular,zero,3000.0,3000.0,300.0,100.0,1.629,1.625,2.302,-2.396,3.991,-1.722,4.649,-5.177,3.846
Matthew Dellavedova,203521,273,286,-1.17,-0.504,-0.666,2022-23-24,regular,zero,3000.0,3000.0,300.0,100.0,2.081,2.077,2.941,-5.25,2.909,-4.576,3.568,-6.43,5.097
Justin Minaya,1631303,552,568,-0.754,-0.084,-0.671,2022-23-24,regular,zero,3000.0,3000.0,300.0,100.0,2.006,2.002,2.834,-4.686,3.178,-4.008,3.84,-6.226,4.885
Olivier-Maxence Prosper,1641765,209,214,-0.439,0.235,-0.674,2022-23-24,regular,zero,3000.0,3000.0,300.0,100.0,2.1,2.098,2.969,-4.555,3.677,-3.878,4.348,-6.492,5.145
Quenton Jackson,1631245,228,229,-0.502,0.176,-0.678,2022-23-24,regular,zero,3000.0,3000.0,300.0,100.0,2.098,2.097,2.967,-4.614,3.609,-3.935,4.287,-6.492,5.136
Lamar Stevens,1630205,4320,4375,-0.602,0.084,-0.686,2022-23-24,regular,zero,3000.0,3000.0,300.0,100.0,1.463,1.459,2.065,-3.469,2.265,-2.775,2.943,-4.733,3.361
Marvin Bagley III,1628963,5944,5987,-0.541,0.158,-0.699,2022-23-24,regular,zero,3000.0,3000.0,300.0,100.0,1.337,1.334,1.888,-3.161,2.079,-2.456,2.773,-4.4,3.002
Denzel Valentine,1627756,303,307,-0.53,0.174,-0.704,2022-23-24,regular,zero,3000.0,3000.0,300.0,100.0,2.073,2.071,2.93,-4.592,3.532,-3.886,4.234,-6.447,5.038
Leaky Black,1641778,306,305,-0.777,-0.073,-0.705,2022-23-24,regular,zero,3000.0,3000.0,300.0,100.0,2.072,2.072,2.93,-4.838,3.283,-4.133,3.988,-6.447,5.038
Jabari Parker,203953,180,186,-0.748,-0.042,-0.706,2022-23-24,regular,zero,3000.0,3000.0,300.0,100.0,2.109,2.108,2.982,-4.883,3.386,-4.173,4.089,-6.55,5.139
Javonte Smart,1630606,292,293,-0.616,0.095,-0.711,2022-23-24,regular,zero,3000.0,3000.0,300.0,100.0,2.075,2.075,2.935,-4.683,3.452,-3.972,4.163,-6.463,5.042
Meyers Leonard,203086,166,170,0.306,1.024,-0.717,2022-23-24,regular,zero,3000.0,3000.0,300.0,100.0,2.114,2.113,2.989,-3.838,4.45,-3.118,5.165,-6.576,5.141
Tyler Cook,1629076,345,345,-0.701,0.022,-0.724,2022-23-24,regular,zero,3000.0,3000.0,300.0,100.0,2.063,2.063,2.918,-4.745,3.342,-4.021,4.066,-6.442,4.995
Andrew Nembhard,1629614,7068,7078,-1.035,-0.308,-0.726,2022-23-24,regular,zero,3000.0,3000.0,300.0,100.0,1.4,1.399,1.979,-3.779,1.709,-3.05,2.434,-4.605,3.153
Patty Mills,201988,6164,6135,-0.455,0.272,-0.727,2022-23-24,regular,zero,3000.0,3000.0,300.0,100.0,1.385,1.385,1.963,-3.169,2.26,-2.443,2.987,-4.574,3.121
Jordan Goodwin,1630692,3657,3660,-1.746,-1.008,-0.738,2022-23-24,regular,zero,3000.0,3000.0,300.0,100.0,1.514,1.513,2.137,-4.713,1.22,-3.974,1.957,-4.927,3.451
Kendrick Nunn,1629134,1700,1710,-0.501,0.244,-0.744,2022-23-24,regular,zero,3000.0,3000.0,300.0,100.0,1.766,1.765,2.496,-3.963,2.961,-3.215,3.703,-5.637,4.149
Reggie Perry,1629617,243,252,-0.453,0.297,-0.751,2022-23-24,regular,zero,3000.0,3000.0,300.0,100.0,2.092,2.09,2.957,-4.554,3.648,-3.798,4.393,-6.547,5.045
Aleem Ford,1630758,136,141,-0.328,0.427,-0.755,2022-23-24,regular,zero,3000.0,3000.0,300.0,100.0,2.125,2.123,3.003,-4.492,3.836,-3.734,4.588,-6.642,5.132
Josh Jackson,1628367,1331,1336,-0.813,-0.056,-0.757,2022-23-24,regular,zero,3000.0,3000.0,300.0,100.0,1.839,1.838,2.601,-4.418,2.792,-3.66,3.547,-5.855,4.341
Harry Giles III,1628385,45,47,-0.338,0.42,-0.758,2022-23-24,regular,zero,3000.0,3000.0,300.0,100.0,2.154,2.153,3.046,-4.56,3.883,-3.8,4.64,-6.727,5.211
Terquavion Smith,1631173,37,43,-0.319,0.44,-0.759,2022-23-24,regular,zero,3000.0,3000.0,300.0,100.0,2.157,2.155,3.049,-4.546,3.908,-3.783,4.663,-6.734,5.216
Kobi Simmons,1628424,126,123,-0.372,0.389,-0.762,2022-23-24,regular,zero,3000.0,3000.0,300.0,100.0,2.127,2.128,3.009,-4.542,3.797,-3.782,4.56,-6.659,5.136
Jacob Toppin,1631210,32,35,-0.208,0.554,-0.762,2022-23-24,regular,zero,3000.0,3000.0,300.0,100.0,2.159,2.157,3.052,-4.438,4.023,-3.675,4.783,-6.743,5.22
Chaundee Brown Jr.,1630602,170,172,-0.532,0.24,-0.772,2022-23-24,regular,zero,3000.0,3000.0,300.0,100.0,2.113,2.113,2.988,-4.674,3.61,-3.901,4.381,-6.629,5.085
Khem Birch,203920,2130,2135,-0.261,0.519,-0.779,2022-23-24,regular,zero,3000.0,3000.0,300.0,100.0,1.71,1.709,2.418,-3.613,3.091,-2.832,3.869,-5.52,3.961
Russell Westbrook,201566,12080,12085,-0.662,0.121,-0.783,2022-23-24,regular,zero,3000.0,3000.0,300.0,100.0,1.145,1.145,1.619,-2.906,1.582,-2.123,2.364,-3.957,2.391
Devonte' Graham,1628984,6642,6609,-0.794,0.0,-0.794,2022-23-24,regular,zero,3000.0,3000.0,300.0,100.0,1.342,1.343,1.898,-3.423,1.836,-2.631,2.632,-4.514,2.926
Harrison Barnes,203084,14483,14455,0.275,1.097,-0.822,2022-23-24,regular,zero,3000.0,3000.0,300.0,100.0,1.274,1.273,1.803,-2.221,2.771,-1.397,3.592,-4.356,2.712
Reggie Jackson,202704,10732,10698,-2.271,-1.444,-0.827,2022-23-24,regular,zero,3000.0,3000.0,300.0,100.0,1.206,1.208,1.708,-4.635,0.093,-3.811,0.923,-4.175,2.521
Dominick Barlow,1631230,1225,1240,0.561,1.39,-0.829,2022-23-24,regular,zero,3000.0,3000.0,300.0,100.0,1.863,1.86,2.633,-3.091,4.214,-2.256,5.036,-5.989,4.331
Mouhamadou Gueye,1631338,131,135,-1.158,-0.326,-0.832,2022-23-24,regular,zero,3000.0,3000.0,300.0,100.0,2.126,2.125,3.006,-5.326,3.009,-4.492,3.839,-6.724,5.061
Georges Niang,1627777,9162,9073,-0.343,0.489,-0.832,2022-23-24,regular,zero,3000.0,3000.0,300.0,100.0,1.228,1.231,1.738,-2.749,2.064,-1.924,2.903,-4.238,2.574
Cole Swider,1631306,128,132,-0.225,0.615,-0.839,2022-23-24,regular,zero,3000.0,3000.0,300.0,100.0,2.126,2.125,3.005,-4.391,3.942,-3.549,4.779,-6.73,5.051
Cam Whitmore,1641715,1311,1335,-1.049,-0.208,-0.84,2022-23-24,regular,zero,3000.0,3000.0,300.0,100.0,1.856,1.853,2.621,-4.686,2.589,-3.839,3.422,-5.978,4.298
Malcolm Hill,1630792,351,356,-0.269,0.571,-0.841,2022-23-24,regular,zero,3000.0,3000.0,300.0,100.0,2.058,2.057,2.908,-4.303,3.764,-3.46,4.602,-6.54,4.858
Ibou Badji,1630641,225,234,-0.601,0.241,-0.842,2022-23-24,regular,zero,3000.0,3000.0,300.0,100.0,2.096,2.093,2.962,-4.709,3.506,-3.861,4.343,-6.647,4.963
DeJon Jarreau,1630610,220,228,-0.802,0.041,-0.843,2022-23-24,regular,zero,3000.0,3000.0,300.0,100.0,2.099,2.096,2.966,-4.915,3.312,-4.067,4.15,-6.656,4.971
Norvel Pelle,203658,33,34,-0.699,0.145,-0.844,2022-23-24,regular,zero,3000.0,3000.0,300.0,100.0,2.158,2.158,3.052,-4.929,3.531,-4.085,4.374,-6.825,5.138
Grant Williams,1629684,10834,10817,-0.677,0.167,-0.844,2022-23-24,regular,zero,3000.0,3000.0,300.0,100.0,1.139,1.14,1.612,-2.909,1.555,-2.067,2.4,-4.003,2.315
Dru Smith,1630696,501,511,-1.234,-0.375,-0.858,2022-23-24,regular,zero,3000.0,3000.0,300.0,100.0,2.014,2.011,2.846,-5.181,2.714,-4.318,3.567,-6.437,4.72
Stanley Umude,1630649,507,522,-1.201,-0.333,-0.868,2022-23-24,regular,zero,3000.0,3000.0,300.0,100.0,2.017,2.013,2.849,-5.154,2.752,-4.278,3.613,-6.453,4.717
DeAndre' Bembry,1627761,1773,1802,-0.104,0.77,-0.874,2022-23-24,regular,zero,3000.0,3000.0,300.0,100.0,1.778,1.774,2.511,-3.589,3.381,-2.707,4.247,-5.797,4.048
Carmelo Anthony,2546,3337,3324,-0.663,0.218,-0.881,2022-23-24,regular,zero,3000.0,3000.0,300.0,100.0,1.606,1.606,2.272,-3.81,2.484,-2.93,3.367,-5.334,3.573
Brad Wanamaker,202954,473,482,-0.776,0.109,-0.885,2022-23-24,regular,zero,3000.0,3000.0,300.0,100.0,2.025,2.023,2.862,-4.745,3.193,-3.855,4.074,-6.495,4.725
Ashton Hagans,1630204,527,531,-0.92,-0.026,-0.894,2022-23-24,regular,zero,3000.0,3000.0,300.0,100.0,2.016,2.015,2.85,-4.871,3.031,-3.975,3.923,-6.481,4.692
Trey Murphy III,1630530,8562,8495,-0.747,0.169,-0.916,2022-23-24,regular,zero,3000.0,3000.0,300.0,100.0,1.304,1.306,1.846,-3.304,1.81,-2.391,2.728,-4.534,2.703
Precious Achiuwa,1630173,7827,7814,-1.178,-0.258,-0.919,2022-23-24,regular,zero,3000.0,3000.0,300.0,100.0,1.281,1.281,1.811,-3.688,1.333,-2.769,2.253,-4.468,2.629
Duane Washington Jr.,1630613,2430,2444,-0.739,0.196,-0.935,2022-23-24,regular,zero,3000.0,3000.0,300.0,100.0,1.673,1.671,2.365,-4.017,2.539,-3.078,3.471,-5.57,3.7
Talen Horton-Tucker,1629659,6838,6892,-1.091,-0.147,-0.944,2022-23-24,regular,zero,3000.0,3000.0,300.0,100.0,1.309,1.306,1.852,-3.658,1.475,-2.708,2.413,-4.575,2.686
Stanley Johnson,1626169,2761,2809,1.254,2.2,-0.946,2022-23-24,regular,zero,3000.0,3000.0,300.0,100.0,1.629,1.623,2.298,-1.938,4.446,-0.981,5.381,-5.451,3.559
Paul Millsap,200794,706,688,-1.136,-0.19,-0.946,2022-23-24,regular,zero,3000.0,3000.0,300.0,100.0,1.964,1.969,2.781,-4.986,2.714,-4.048,3.668,-6.397,4.504
Cheick Diallo,1627767,41,43,-0.429,0.52,-0.948,2022-23-24,regular,zero,3000.0,3000.0,300.0,100.0,2.156,2.155,3.048,-4.653,3.796,-3.704,4.743,-6.922,5.026
Devon Dotson,1629653,112,120,-0.355,0.599,-0.954,2022-23-24,regular,zero,3000.0,3000.0,300.0,100.0,2.131,2.128,3.012,-4.532,3.822,-3.573,4.771,-6.858,4.95
AJ Lawson,1630639,357,377,-1.013,-0.056,-0.957,2022-23-24,regular,zero,3000.0,3000.0,300.0,100.0,2.055,2.05,2.903,-5.041,3.016,-4.073,3.962,-6.647,4.732
Onuralp Bitim,1641931,356,361,-0.47,0.5,-0.969,2022-23-24,regular,zero,3000.0,3000.0,300.0,100.0,2.056,2.055,2.907,-4.499,3.56,-3.527,4.527,-6.666,4.727
Paul Watson,1628778,255,261,-0.769,0.202,-0.972,2022-23-24,regular,zero,3000.0,3000.0,300.0,100.0,2.088,2.086,2.952,-4.862,3.324,-3.887,4.292,-6.757,4.814
Caleb Houstan,1631216,2494,2511,-0.532,0.446,-0.978,2022-23-24,regular,zero,3000.0,3000.0,300.0,100.0,1.651,1.648,2.333,-3.768,2.704,-2.785,3.677,-5.55,3.594
Ivica Zubac,1627826,10937,10914,-0.85,0.133,-0.983,2022-23-24,regular,zero,3000.0,3000.0,300.0,100.0,1.309,1.31,1.854,-3.415,1.715,-2.434,2.7,-4.618,2.652
Gorgui Dieng,203476,874,879,-1.701,-0.706,-0.995,2022-23-24,regular,zero,3000.0,3000.0,300.0,100.0,1.923,1.922,2.72,-5.47,2.069,-4.473,3.061,-6.325,4.336
Ty Jerome,1629660,2816,2840,-1.891,-0.889,-1.001,2022-23-24,regular,zero,3000.0,3000.0,300.0,100.0,1.61,1.608,2.275,-5.047,1.265,-4.04,2.262,-5.461,3.458
James Bouknight,1630547,1218,1240,-0.882,0.121,-1.003,2022-23-24,regular,zero,3000.0,3000.0,300.0,100.0,1.854,1.85,2.619,-4.516,2.752,-3.504,3.747,-6.137,4.13
Elfrid Payton,203901,783,771,-1.367,-0.359,-1.008,2022-23-24,regular,zero,3000.0,3000.0,300.0,100.0,1.95,1.953,2.76,-5.189,2.455,-4.186,3.468,-6.417,4.401
Eric Bledsoe,202339,2624,2638,-2.246,-1.23,-1.016,2022-23-24,regular,zero,3000.0,3000.0,300.0,100.0,1.663,1.661,2.352,-5.505,1.013,-4.487,2.026,-5.626,3.595
Udonis Haslem,2617,264,266,-0.923,0.1,-1.023,2022-23-24,regular,zero,3000.0,3000.0,300.0,100.0,2.083,2.083,2.946,-5.006,3.16,-3.982,4.182,-6.797,4.751
Josh Giddey,1630581,11708,11684,-0.624,0.415,-1.039,2022-23-24,regular,zero,3000.0,3000.0,300.0,100.0,1.279,1.279,1.812,-3.132,1.884,-2.091,2.922,-4.59,2.511
Julian Champagnie,1630577,2952,2995,-0.162,0.883,-1.044,2022-23-24,regular,zero,3000.0,3000.0,300.0,100.0,1.653,1.648,2.334,-3.401,3.077,-2.348,4.113,-5.62,3.531
Thaddeus Young,201152,3575,3563,-0.79,0.255,-1.045,2022-23-24,regular,zero,3000.0,3000.0,300.0,100.0,1.515,1.516,2.144,-3.76,2.18,-2.717,3.227,-5.248,3.159
KJ Martin,1630231,8008,8143,-0.559,0.492,-1.051,2022-23-24,regular,zero,3000.0,3000.0,300.0,100.0,1.309,1.303,1.848,-3.124,2.006,-2.061,3.046,-4.674,2.571
Xavier Sneed,1630270,82,87,-0.566,0.492,-1.058,2022-23-24,regular,zero,3000.0,3000.0,300.0,100.0,2.142,2.14,3.028,-4.764,3.632,-3.703,4.687,-6.992,4.876
Taylor Hendricks,1641707,1329,1345,-1.299,-0.236,-1.063,2022-23-24,regular,zero,3000.0,3000.0,300.0,100.0,1.862,1.86,2.632,-4.949,2.352,-3.881,3.409,-6.222,4.096
Romeo Langford,1629641,2840,2876,-2.51,-1.446,-1.064,2022-23-24,regular,zero,3000.0,3000.0,300.0,100.0,1.596,1.591,2.253,-5.637,0.617,-4.565,1.673,-5.48,3.353
Kelly Olynyk,203482,8375,8401,0.12,1.185,-1.065,2022-23-24,regular,zero,3000.0,3000.0,300.0,100.0,1.277,1.275,1.806,-2.383,2.623,-1.315,3.685,-4.606,2.476
Terry Rozier,1626179,12426,12491,-0.409,0.662,-1.071,2022-23-24,regular,zero,3000.0,3000.0,300.0,100.0,1.199,1.196,1.693,-2.758,1.94,-1.682,3.005,-4.39,2.248
Jericho Sims,1630579,3147,3174,-1.136,-0.06,-1.076,2022-23-24,regular,zero,3000.0,3000.0,300.0,100.0,1.597,1.594,2.256,-4.265,1.993,-3.185,3.064,-5.498,3.347
Chris Chiozza,1629185,538,532,-0.761,0.319,-1.08,2022-23-24,regular,zero,3000.0,3000.0,300.0,100.0,2.009,2.011,2.843,-4.699,3.177,-3.622,4.261,-6.652,4.491
Oshae Brissett,1629052,5463,5524,0.358,1.439,-1.081,2022-23-24,regular,zero,3000.0,3000.0,300.0,100.0,1.377,1.373,1.944,-2.341,3.057,-1.252,4.13,-4.892,2.729
Patrick Baldwin Jr.,1631116,790,801,-1.198,-0.111,-1.087,2022-23-24,regular,zero,3000.0,3000.0,300.0,100.0,1.945,1.942,2.748,-5.009,2.613,-3.919,3.696,-6.473,4.3
Jeff Dowtin Jr.,1630288,742,749,-0.306,0.79,-1.096,2022-23-24,regular,zero,3000.0,3000.0,300.0,100.0,1.952,1.95,2.759,-4.132,3.519,-3.032,4.612,-6.504,4.311
Santi Aldama,1630583,6481,6460,-1.375,-0.259,-1.116,2022-23-24,regular,zero,3000.0,3000.0,300.0,100.0,1.345,1.346,1.902,-4.011,1.262,-2.897,2.379,-4.844,2.612
Saddiq Bey,1630180,12924,12975,0.734,1.855,-1.122,2022-23-24,regular,zero,3000.0,3000.0,300.0,100.0,1.133,1.132,1.6,-1.487,2.955,-0.363,4.073,-4.258,2.015
Gary Clark,1629109,581,590,-1.103,0.034,-1.138,2022-23-24,regular,zero,3000.0,3000.0,300.0,100.0,1.996,1.994,2.822,-5.016,2.81,-3.874,3.943,-6.668,4.393
Raul Neto,203526,3143,3197,-0.274,0.88,-1.154,2022-23-24,regular,zero,3000.0,3000.0,300.0,100.0,1.587,1.581,2.241,-3.384,2.836,-2.218,3.978,-5.546,3.238
Zeke Nnaji,1630192,3128,3113,-2.305,-1.144,-1.16,2022-23-24,regular,zero,3000.0,3000.0,300.0,100.0,1.601,1.602,2.266,-5.442,0.832,-4.285,1.996,-5.601,3.28
Emoni Bates,1641734,95,98,-0.668,0.498,-1.165,2022-23-24,regular,zero,3000.0,3000.0,300.0,100.0,2.137,2.136,3.022,-4.856,3.521,-3.689,4.684,-7.088,4.757
Cody Zeller,203469,1344,1346,-0.534,0.643,-1.178,2022-23-24,regular,zero,3000.0,3000.0,300.0,100.0,1.824,1.823,2.579,-4.109,3.04,-2.93,4.217,-6.234,3.878
Simone Fontecchio,1631323,4314,4327,-1.03,0.15,-1.18,2022-23-24,regular,zero,3000.0,3000.0,300.0,100.0,1.481,1.479,2.091,-3.932,1.872,-2.749,3.049,-5.279,2.918
Trayce Jackson-Davis,1631218,1969,1958,-0.445,0.735,-1.18,2022-23-24,regular,zero,3000.0,3000.0,300.0,100.0,1.756,1.757,2.483,-3.886,2.996,-2.709,4.179,-6.046,3.687
Justin Robinson,1629620,451,455,-1.589,-0.385,-1.204,2022-23-24,regular,zero,3000.0,3000.0,300.0,100.0,2.03,2.029,2.87,-5.569,2.39,-4.363,3.592,-6.83,4.422
JaMychal Green,203210,3436,3444,-1.252,-0.041,-1.211,2022-23-24,regular,zero,3000.0,3000.0,300.0,100.0,1.562,1.562,2.206,-4.314,1.81,-3.102,3.021,-5.535,3.113
Blake Griffin,201933,2773,2753,-1.016,0.196,-1.212,2022-23-24,regular,zero,3000.0,3000.0,300.0,100.0,1.623,1.625,2.298,-4.198,2.165,-2.99,3.381,-5.716,3.291
Didi Louzada,1629712,172,177,-1.255,-0.038,-1.217,2022-23-24,regular,zero,3000.0,3000.0,300.0,100.0,2.115,2.113,2.99,-5.4,2.89,-4.18,4.104,-7.077,4.643
Bryn Forbes,1627854,2700,2657,-1.29,-0.064,-1.226,2022-23-24,regular,zero,3000.0,3000.0,300.0,100.0,1.628,1.632,2.305,-4.48,1.9,-3.264,3.135,-5.744,3.293
Dāvis Bertāns,202722,3264,3303,-0.655,0.58,-1.234,2022-23-24,regular,zero,3000.0,3000.0,300.0,100.0,1.548,1.545,2.187,-3.689,2.38,-2.448,3.607,-5.521,3.052
Kevin Pangos,1630698,205,205,-0.338,0.904,-1.242,2022-23-24,regular,zero,3000.0,3000.0,300.0,100.0,2.102,2.102,2.973,-4.459,3.782,-3.217,5.024,-7.069,4.585
Tim Frazier,204025,382,393,-1.515,-0.266,-1.249,2022-23-24,regular,zero,3000.0,3000.0,300.0,100.0,2.05,2.047,2.897,-5.534,2.503,-4.279,3.747,-6.928,4.43
Vernon Carey Jr.,1630176,77,77,-0.413,0.846,-1.259,2022-23-24,regular,zero,3000.0,3000.0,300.0,100.0,2.143,2.143,3.031,-4.613,3.787,-3.354,5.047,-7.199,4.681
Dylan Windler,1629685,828,838,-1.352,-0.088,-1.263,2022-23-24,regular,zero,3000.0,3000.0,300.0,100.0,1.932,1.93,2.731,-5.138,2.435,-3.871,3.694,-6.616,4.089
Vit Krejci,1630249,2115,2134,0.858,2.124,-1.266,2022-23-24,regular,zero,3000.0,3000.0,300.0,100.0,1.721,1.718,2.431,-2.515,4.231,-1.244,5.493,-6.032,3.499
David Duke Jr.,1630561,855,876,-0.73,0.54,-1.27,2022-23-24,regular,zero,3000.0,3000.0,300.0,100.0,1.932,1.927,2.728,-4.516,3.056,-3.237,4.317,-6.618,4.077
Alfonzo McKinnie,1628035,297,298,0.045,1.315,-1.27,2022-23-24,regular,zero,3000.0,3000.0,300.0,100.0,2.073,2.073,2.932,-4.019,4.109,-2.748,5.378,-7.017,4.476
Juan Toscano-Anderson,1629308,2859,2889,-1.175,0.097,-1.271,2022-23-24,regular,zero,3000.0,3000.0,300.0,100.0,1.596,1.593,2.255,-4.303,1.954,-3.025,3.218,-5.691,3.149
GG Jackson II,1641713,1966,1983,-2.488,-1.206,-1.282,2022-23-24,regular,zero,3000.0,3000.0,300.0,100.0,1.754,1.752,2.478,-5.926,0.95,-4.64,2.228,-6.14,3.576
Kemba Walker,202689,2023,2019,-1.035,0.249,-1.284,2022-23-24,regular,zero,3000.0,3000.0,300.0,100.0,1.763,1.764,2.494,-4.491,2.421,-3.207,3.706,-6.172,3.604
Taurean Prince,1627752,8467,8446,0.093,1.382,-1.289,2022-23-24,regular,zero,3000.0,3000.0,300.0,100.0,1.238,1.239,1.747,-2.334,2.52,-1.047,3.812,-4.713,2.134
Max Christie,1631108,2491,2485,-1.772,-0.482,-1.291,2022-23-24,regular,zero,3000.0,3000.0,300.0,100.0,1.646,1.647,2.328,-4.999,1.454,-3.71,2.747,-5.853,3.272
Melvin Frazier Jr.,1628982,153,156,-0.596,0.7,-1.296,2022-23-24,regular,zero,3000.0,3000.0,300.0,100.0,2.123,2.122,3.001,-4.756,3.565,-3.459,4.859,-7.178,4.587
Sandro Mamukelashvili,1630572,2053,2053,-1.36,-0.059,-1.302,2022-23-24,regular,zero,3000.0,3000.0,300.0,100.0,1.708,1.708,2.416,-4.709,1.988,-3.407,3.29,-6.037,3.434
MarJon Beauchamp,1630699,1943,1957,-1.089,0.222,-1.311,2022-23-24,regular,zero,3000.0,3000.0,300.0,100.0,1.73,1.728,2.444,-4.479,2.302,-3.165,3.608,-6.101,3.48
John Collins,1628381,10810,10812,-0.601,0.715,-1.315,2022-23-24,regular,zero,3000.0,3000.0,300.0,100.0,1.212,1.211,1.714,-2.977,1.775,-1.66,3.089,-4.675,2.044
Bruce Brown,1628971,10845,10848,0.414,1.739,-1.325,2022-23-24,regular,zero,3000.0,3000.0,300.0,100.0,1.113,1.112,1.572,-1.767,2.595,-0.441,3.919,-4.406,1.756
Timmy Allen,1641851,106,112,-1.42,-0.082,-1.338,2022-23-24,regular,zero,3000.0,3000.0,300.0,100.0,2.135,2.133,3.018,-5.604,2.764,-4.262,4.099,-7.253,4.577
Chris Duarte,1630537,5680,5712,-1.919,-0.579,-1.341,2022-23-24,regular,zero,3000.0,3000.0,300.0,100.0,1.371,1.368,1.938,-4.605,0.767,-3.259,2.102,-5.138,2.457
Davon Reed,1628432,1504,1513,-1.36,-0.015,-1.345,2022-23-24,regular,zero,3000.0,3000.0,300.0,100.0,1.805,1.804,2.552,-4.898,2.177,-3.55,3.52,-6.347,3.657
Kelly Oubre Jr.,1626162,10016,10109,-0.749,0.6,-1.35,2022-23-24,regular,zero,3000.0,3000.0,300.0,100.0,1.173,1.17,1.655,-3.048,1.549,-1.693,2.894,-4.594,1.894
Tre Mann,1630544,6027,6066,-1.633,-0.276,-1.357,2022-23-24,regular,zero,3000.0,3000.0,300.0,100.0,1.368,1.365,1.933,-4.314,1.047,-2.952,2.4,-5.145,2.431
Timothe Luwawu-Cabarrot,1627789,1158,1153,-0.723,0.653,-1.376,2022-23-24,regular,zero,3000.0,3000.0,300.0,100.0,1.875,1.876,2.652,-4.397,2.952,-3.023,4.33,-6.575,3.823
Mychal Mulder,1628539,331,347,-0.863,0.526,-1.389,2022-23-24,regular,zero,3000.0,3000.0,300.0,100.0,2.065,2.06,2.914,-4.91,3.183,-3.512,4.563,-7.101,4.323
Gary Trent Jr.,1629018,12184,12189,-0.015,1.383,-1.398,2022-23-24,regular,zero,3000.0,3000.0,300.0,100.0,1.207,1.205,1.707,-2.38,2.35,-0.979,3.746,-4.745,1.948
Saben Lee,1630240,1726,1735,-1.725,-0.326,-1.399,2022-23-24,regular,zero,3000.0,3000.0,300.0,100.0,1.76,1.758,2.488,-5.175,1.724,-3.772,3.121,-6.276,3.477
Austin Rivers,203085,4580,4587,-0.274,1.134,-1.408,2022-23-24,regular,zero,3000.0,3000.0,300.0,100.0,1.456,1.456,2.061,-3.128,2.579,-1.72,3.987,-5.447,2.631
Moussa Diabate,1631217,215,230,-0.66,0.757,-1.417,2022-23-24,regular,zero,3000.0,3000.0,300.0,100.0,2.098,2.094,2.964,-4.773,3.452,-3.347,4.861,-7.227,4.393
Wendell Moore Jr.,1631111,201,209,-1.328,0.115,-1.442,2022-23-24,regular,zero,3000.0,3000.0,300.0,100.0,2.102,2.1,2.971,-5.448,2.793,-4.001,4.23,-7.266,4.381
Nerlens Noel,203457,1383,1383,-1.434,0.008,-1.442,2022-23-24,regular,zero,3000.0,3000.0,300.0,100.0,1.829,1.829,2.587,-5.019,2.152,-3.577,3.594,-6.513,3.629
Xavier Moon,1629875,172,185,-0.806,0.638,-1.444,2022-23-24,regular,zero,3000.0,3000.0,300.0,100.0,2.112,2.108,2.984,-4.946,3.334,-3.494,4.77,-7.293,4.405
Udoka Azubuike,1628962,1036,1036,-1.437,0.021,-1.458,2022-23-24,regular,zero,3000.0,3000.0,300.0,100.0,1.888,1.889,2.671,-5.139,2.264,-3.681,3.722,-6.693,3.778
Isaiah Todd,1630225,171,171,-1.16,0.303,-1.463,2022-23-24,regular,zero,3000.0,3000.0,300.0,100.0,2.114,2.114,2.989,-5.303,2.983,-3.839,4.446,-7.322,4.396
Josh Richardson,1626196,7564,7549,-0.75,0.715,-1.465,2022-23-24,regular,zero,3000.0,3000.0,300.0,100.0,1.226,1.227,1.735,-3.154,1.654,-1.69,3.119,-4.865,1.936
Thomas Bryant,1628418,3391,3395,-1.015,0.45,-1.465,2022-23-24,regular,zero,3000.0,3000.0,300.0,100.0,1.546,1.546,2.187,-4.046,2.016,-2.58,3.48,-5.751,2.821
Kyle Kuzma,1628398,12853,12956,-0.953,0.512,-1.465,2022-23-24,regular,zero,3000.0,3000.0,300.0,100.0,1.213,1.21,1.717,-3.331,1.425,-1.86,2.885,-4.831,1.901
Keita Bates-Diop,1628966,5312,5374,-1.423,0.043,-1.466,2022-23-24,regular,zero,3000.0,3000.0,300.0,100.0,1.371,1.367,1.937,-4.11,1.264,-2.636,2.722,-5.262,2.331
Evan Fournier,203095,6188,6192,-2.057,-0.576,-1.481,2022-23-24,regular,zero,3000.0,3000.0,300.0,100.0,1.438,1.436,2.034,-4.875,0.761,-3.392,2.239,-5.467,2.506
Malik Beasley,1627736,12221,12207,-0.896,0.592,-1.488,2022-23-24,regular,zero,3000.0,3000.0,300.0,100.0,1.114,1.115,1.578,-3.08,1.287,-1.593,2.777,-4.581,1.605
Klay Thompson,202691,10837,10712,0.241,1.746,-1.505,2022-23-24,regular,zero,3000.0,3000.0,300.0,100.0,1.25,1.253,1.771,-2.208,2.691,-0.709,4.202,-4.976,1.966
Troy Brown Jr.,1628972,6603,6640,-0.844,0.671,-1.515,2022-23-24,regular,zero,3000.0,3000.0,300.0,100.0,1.288,1.285,1.818,-3.368,1.68,-1.849,3.19,-5.079,2.05
Jahmi'us Ramsey,1630186,309,313,-0.541,0.999,-1.541,2022-23-24,regular,zero,3000.0,3000.0,300.0,100.0,2.071,2.069,2.927,-4.6,3.517,-3.057,5.055,-7.278,4.197
Amir Coffey,1629599,5660,5719,-0.369,1.174,-1.543,2022-23-24,regular,zero,3000.0,3000.0,300.0,100.0,1.371,1.368,1.938,-3.056,2.318,-1.507,3.855,-5.342,2.255
Scotty Pippen Jr.,1630590,803,805,-1.816,-0.268,-1.549,2022-23-24,regular,zero,3000.0,3000.0,300.0,100.0,1.952,1.951,2.76,-5.641,2.009,-4.092,3.557,-6.957,3.86
Jaylin Williams,1631119,3204,3192,-0.294,1.28,-1.573,2022-23-24,regular,zero,3000.0,3000.0,300.0,100.0,1.609,1.61,2.277,-3.447,2.86,-1.876,4.436,-6.036,2.889
Theo Pinson,1629033,645,653,-0.794,0.805,-1.599,2022-23-24,regular,zero,3000.0,3000.0,300.0,100.0,1.981,1.979,2.8,-4.677,3.088,-3.074,4.684,-7.087,3.888
Haywood Highsmith,1629312,4311,4369,-2.322,-0.719,-1.603,2022-23-24,regular,zero,3000.0,3000.0,300.0,100.0,1.466,1.461,2.068,-5.195,0.55,-3.583,2.144,-5.657,2.451
Georgios Kalaitzakis,1630686,265,275,-0.806,0.798,-1.605,2022-23-24,regular,zero,3000.0,3000.0,300.0,100.0,2.096,2.093,2.962,-4.914,3.301,-3.305,4.902,-7.411,4.201
Jamaree Bouyea,1631123,193,193,-0.739,0.868,-1.607,2022-23-24,regular,zero,3000.0,3000.0,300.0,100.0,2.105,2.105,2.977,-4.865,3.387,-3.258,4.994,-7.441,4.228
Javon Freeman-Liberty,1631241,564,584,-0.879,0.771,-1.649,2022-23-24,regular,zero,3000.0,3000.0,300.0,100.0,2.006,2.002,2.834,-4.811,3.054,-3.153,4.694,-7.204,3.906
Jerami Grant,203924,10501,10567,-1.841,-0.181,-1.661,2022-23-24,regular,zero,3000.0,3000.0,300.0,100.0,1.222,1.219,1.726,-4.236,0.554,-2.57,2.209,-5.043,1.721
Frank Jackson,1628402,2045,2079,-1.865,-0.182,-1.683,2022-23-24,regular,zero,3000.0,3000.0,300.0,100.0,1.735,1.731,2.451,-5.266,1.536,-3.574,3.21,-6.487,3.12
Trey Jemison,1641998,743,763,-0.95,0.734,-1.684,2022-23-24,regular,zero,3000.0,3000.0,300.0,100.0,1.966,1.962,2.778,-4.804,2.904,-3.111,4.58,-7.129,3.761
Derrick Favors,202324,1285,1297,-2.868,-1.178,-1.689,2022-23-24,regular,zero,3000.0,3000.0,300.0,100.0,1.85,1.848,2.615,-6.493,0.758,-4.8,2.443,-6.814,3.435
Jabari Smith Jr.,1631095,8974,9001,-1.16,0.534,-1.695,2022-23-24,regular,zero,3000.0,3000.0,300.0,100.0,1.349,1.346,1.903,-3.804,1.483,-2.103,3.172,-5.425,2.036
Mo Bamba,1628964,5977,6016,-2.147,-0.433,-1.714,2022-23-24,regular,zero,3000.0,3000.0,300.0,100.0,1.392,1.389,1.965,-4.875,0.582,-3.156,2.29,-5.566,2.138
Cedi Osman,1626224,7684,7690,-0.729,0.988,-1.717,2022-23-24,regular,zero,3000.0,3000.0,300.0,100.0,1.262,1.261,1.785,-3.201,1.744,-1.483,3.459,-5.216,1.782
Lindell Wigginton,1629623,294,312,-0.161,1.571,-1.732,2022-23-24,regular,zero,3000.0,3000.0,300.0,100.0,2.075,2.07,2.931,-4.228,3.907,-2.487,5.629,-7.477,4.014
Jeremy Sochan,1631110,6939,7038,-1.218,0.517,-1.734,2022-23-24,regular,zero,3000.0,3000.0,300.0,100.0,1.402,1.399,1.98,-3.965,1.53,-2.226,3.259,-5.615,2.147
Isaiah Livers,1630587,3632,3678,-0.191,1.578,-1.769,2022-23-24,regular,zero,3000.0,3000.0,300.0,100.0,1.539,1.535,2.174,-3.207,2.825,-1.43,4.586,-6.03,2.492
Davion Mitchell,1630558,8129,8185,-2.204,-0.431,-1.773,2022-23-24,regular,zero,3000.0,3000.0,300.0,100.0,1.285,1.283,1.816,-4.724,0.315,-2.946,2.083,-5.333,1.787
Tosan Evbuomwan,1641787,580,593,-1.2,0.583,-1.783,2022-23-24,regular,zero,3000.0,3000.0,300.0,100.0,2.0,1.997,2.825,-5.12,2.72,-3.331,4.496,-7.32,3.754
Trevor Ariza,2772,815,823,-1.454,0.342,-1.796,2022-23-24,regular,zero,3000.0,3000.0,300.0,100.0,1.941,1.939,2.744,-5.259,2.351,-3.459,4.143,-7.174,3.582
Keljin Blevins,1629833,398,408,-0.514,1.285,-1.799,2022-23-24,regular,zero,3000.0,3000.0,300.0,100.0,2.049,2.047,2.896,-4.53,3.502,-2.726,5.297,-7.476,3.877
Moses Brown,1629650,1170,1199,-1.059,0.749,-1.807,2022-23-24,regular,zero,3000.0,3000.0,300.0,100.0,1.854,1.848,2.617,-4.692,2.574,-2.873,4.37,-6.937,3.322
Devin Vassell,1630170,9975,10091,-1.635,0.186,-1.821,2022-23-24,regular,zero,3000.0,3000.0,300.0,100.0,1.249,1.246,1.767,-4.084,0.814,-2.256,2.628,-5.284,1.641
Kent Bazemore,203145,931,939,-2.187,-0.361,-1.826,2022-23-24,regular,zero,3000.0,3000.0,300.0,100.0,1.918,1.916,2.712,-5.946,1.572,-4.117,3.395,-7.141,3.489
Serge Ibaka,201586,1811,1833,-2.304,-0.473,-1.832,2022-23-24,regular,zero,3000.0,3000.0,300.0,100.0,1.747,1.744,2.468,-5.729,1.121,-3.89,2.945,-6.669,3.006
Ayo Dosunmu,1630245,11699,11714,-2.556,-0.718,-1.837,2022-23-24,regular,zero,3000.0,3000.0,300.0,100.0,1.228,1.227,1.739,-4.963,-0.149,-3.124,1.687,-5.245,1.57
Jaylen Hoard,1629658,372,387,-0.913,0.937,-1.851,2022-23-24,regular,zero,3000.0,3000.0,300.0,100.0,2.067,2.063,2.92,-4.964,3.137,-3.107,4.982,-7.575,3.873
Brandon Goodwin,1629164,883,894,-0.408,1.452,-1.86,2022-23-24,regular,zero,3000.0,3000.0,300.0,100.0,1.932,1.929,2.73,-4.194,3.378,-2.329,5.233,-7.211,3.491
Marcus Morris Sr.,202694,7881,7875,-0.336,1.541,-1.877,2022-23-24,regular,zero,3000.0,3000.0,300.0,100.0,1.296,1.297,1.837,-2.877,2.205,-1.001,4.084,-5.477,1.722
Julian Strawther,1631124,826,827,-0.177,1.704,-1.881,2022-23-24,regular,zero,3000.0,3000.0,300.0,100.0,1.949,1.949,2.757,-3.998,3.644,-2.117,5.525,-7.284,3.522
TyTy Washington Jr.,1631102,644,668,-1.718,0.166,-1.884,2022-23-24,regular,zero,3000.0,3000.0,300.0,100.0,1.983,1.977,2.8,-5.604,2.169,-3.709,4.041,-7.372,3.604
Thanasis Antetokounmpo,203648,706,725,-0.598,1.3,-1.898,2022-23-24,regular,zero,3000.0,3000.0,300.0,100.0,1.965,1.96,2.776,-4.448,3.253,-2.542,5.142,-7.338,3.543
Micah Potter,1630695,367,380,-1.366,0.538,-1.904,2022-23-24,regular,zero,3000.0,3000.0,300.0,100.0,2.055,2.052,2.904,-5.394,2.662,-3.483,4.559,-7.596,3.788
Shaedon Sharpe,1631101,5004,5057,-0.575,1.374,-1.949,2022-23-24,regular,zero,3000.0,3000.0,300.0,100.0,1.454,1.451,2.054,-3.425,2.276,-1.469,4.218,-5.975,2.077
Derrick Rose,201565,2495,2503,-2.711,-0.752,-1.959,2022-23-24,regular,zero,3000.0,3000.0,300.0,100.0,1.652,1.651,2.336,-5.949,0.526,-3.989,2.484,-6.538,2.62
David Roddy,1631223,4099,4121,-1.76,0.215,-1.975,2022-23-24,regular,zero,3000.0,3000.0,300.0,100.0,1.487,1.486,2.102,-4.675,1.155,-2.698,3.128,-6.095,2.145
Ziaire Williams,1630533,5031,5046,-1.668,0.317,-1.984,2022-23-24,regular,zero,3000.0,3000.0,300.0,100.0,1.422,1.421,2.011,-4.454,1.119,-2.468,3.101,-5.927,1.958
Zavier Simpson,1630285,416,422,-1.712,0.273,-1.985,2022-23-24,regular,zero,3000.0,3000.0,300.0,100.0,2.051,2.05,2.901,-5.733,2.309,-3.746,4.291,-7.67,3.701
Garrison Mathews,1629726,5949,6007,-0.181,1.825,-2.006,2022-23-24,regular,zero,3000.0,3000.0,300.0,100.0,1.352,1.348,1.909,-2.831,2.468,-0.817,4.467,-5.747,1.736
CJ Elleby,1629604,1869,1870,-1.672,0.341,-2.013,2022-23-24,regular,zero,3000.0,3000.0,300.0,100.0,1.772,1.771,2.506,-5.144,1.8,-3.13,3.813,-6.924,2.898
Bruno Fernando,1628981,1857,1870,-2.37,-0.297,-2.073,2022-23-24,regular,zero,3000.0,3000.0,300.0,100.0,1.756,1.754,2.481,-5.812,1.072,-3.734,3.141,-6.936,2.789
Jake LaRavia,1631222,1735,1766,-1.88,0.193,-2.073,2022-23-24,regular,zero,3000.0,3000.0,300.0,100.0,1.764,1.759,2.49,-5.337,1.577,-3.254,3.641,-6.954,2.807
Jaxson Hayes,1629637,4765,4777,-2.019,0.065,-2.084,2022-23-24,regular,zero,3000.0,3000.0,300.0,100.0,1.425,1.424,2.014,-4.813,0.774,-2.726,2.856,-6.033,1.864
Joe Harris,203925,3976,3948,-1.292,0.827,-2.119,2022-23-24,regular,zero,3000.0,3000.0,300.0,100.0,1.515,1.517,2.145,-4.261,1.678,-2.147,3.801,-6.322,2.085
Wayne Ellington,201961,1325,1327,-1.223,0.929,-2.152,2022-23-24,regular,zero,3000.0,3000.0,300.0,100.0,1.839,1.839,2.601,-4.828,2.382,-2.674,4.533,-7.251,2.946
Doug McDermott,203926,6436,6386,0.785,2.94,-2.155,2022-23-24,regular,zero,3000.0,3000.0,300.0,100.0,1.325,1.327,1.877,-1.811,3.381,0.34,5.54,-5.834,1.523
Richaun Holmes,1626158,3458,3481,-1.879,0.299,-2.178,2022-23-24,regular,zero,3000.0,3000.0,300.0,100.0,1.558,1.556,2.202,-4.934,1.175,-2.75,3.348,-6.494,2.137
Victor Oladipo,203506,2366,2376,-1.638,0.563,-2.2,2022-23-24,regular,zero,3000.0,3000.0,300.0,100.0,1.674,1.674,2.366,-4.92,1.644,-2.717,3.843,-6.838,2.438
Bojan Bogdanovic,202711,10140,10173,0.756,2.981,-2.225,2022-23-24,regular,zero,3000.0,3000.0,300.0,100.0,1.235,1.233,1.746,-1.664,3.175,0.565,5.397,-5.647,1.196
Jaden Hardy,1630702,2576,2572,-0.439,1.801,-2.24,2022-23-24,regular,zero,3000.0,3000.0,300.0,100.0,1.638,1.639,2.317,-3.65,2.773,-1.411,5.014,-6.781,2.301
Luka Garza,1630568,1016,1029,-0.992,1.305,-2.297,2022-23-24,regular,zero,3000.0,3000.0,300.0,100.0,1.892,1.889,2.674,-4.7,2.716,-2.398,5.007,-7.537,2.944
Avery Bradley,202340,2673,2696,-2.31,0.007,-2.317,2022-23-24,regular,zero,3000.0,3000.0,300.0,100.0,1.676,1.674,2.37,-5.594,0.974,-3.274,3.287,-6.961,2.328
Lonnie Walker IV,1629022,7106,7155,-0.861,1.456,-2.317,2022-23-24,regular,zero,3000.0,3000.0,300.0,100.0,1.261,1.258,1.78,-3.332,1.609,-1.01,3.923,-5.806,1.171
McKinley Wright IV,1630593,537,538,-1.376,0.966,-2.343,2022-23-24,regular,zero,3000.0,3000.0,300.0,100.0,2.009,2.008,2.84,-5.313,2.56,-2.97,4.903,-7.91,3.224
Corey Kispert,1630557,10829,10902,0.186,2.549,-2.363,2022-23-24,regular,zero,3000.0,3000.0,300.0,100.0,1.188,1.185,1.68,-2.142,2.515,0.226,4.872,-5.655,0.93
Greg Brown III,1630535,850,873,-2.029,0.337,-2.367,2022-23-24,regular,zero,3000.0,3000.0,300.0,100.0,1.943,1.939,2.745,-5.838,1.78,-3.463,4.137,-7.748,3.015
PJ Dozier,1628408,701,712,-2.497,-0.124,-2.373,2022-23-24,regular,zero,3000.0,3000.0,300.0,100.0,1.969,1.966,2.783,-6.355,1.361,-3.977,3.73,-7.827,3.081
Lance Stephenson,202362,1413,1435,-0.254,2.134,-2.388,2022-23-24,regular,zero,3000.0,3000.0,300.0,100.0,1.832,1.829,2.588,-3.846,3.338,-1.45,5.719,-7.461,2.685
Andre Jackson Jr.,1641748,792,802,-0.056,2.405,-2.461,2022-23-24,regular,zero,3000.0,3000.0,300.0,100.0,1.945,1.943,2.749,-3.869,3.756,-1.403,6.213,-7.85,2.927
Jeff Green,201145,7863,7840,-1.608,0.881,-2.49,2022-23-24,regular,zero,3000.0,3000.0,300.0,100.0,1.274,1.274,1.801,-4.105,0.889,-1.616,3.379,-6.02,1.04
Bennedict Mathurin,1631097,7313,7315,-1.555,0.945,-2.5,2022-23-24,regular,zero,3000.0,3000.0,300.0,100.0,1.351,1.35,1.908,-4.203,1.093,-1.701,3.591,-6.24,1.241
Elijah Hughes,1630190,572,584,-0.856,1.653,-2.509,2022-23-24,regular,zero,3000.0,3000.0,300.0,100.0,2.001,1.998,2.827,-4.778,3.065,-2.262,5.568,-8.051,3.032
David Nwaba,1628021,796,823,-1.051,1.459,-2.511,2022-23-24,regular,zero,3000.0,3000.0,300.0,100.0,1.943,1.936,2.743,-4.859,2.756,-2.336,5.255,-7.887,2.865
Justin Holiday,203200,6565,6608,-1.72,0.814,-2.533,2022-23-24,regular,zero,3000.0,3000.0,300.0,100.0,1.304,1.301,1.843,-4.276,0.836,-1.737,3.364,-6.146,1.079
Skylar Mays,1630219,1180,1215,-0.475,2.082,-2.557,2022-23-24,regular,zero,3000.0,3000.0,300.0,100.0,1.861,1.854,2.627,-4.123,3.173,-1.552,5.716,-7.705,2.591
Johnny Juzang,1630548,930,947,-1.907,0.656,-2.563,2022-23-24,regular,zero,3000.0,3000.0,300.0,100.0,1.918,1.914,2.71,-5.666,1.852,-3.096,4.408,-7.875,2.749
Nathan Mensah,1641877,422,425,-2.063,0.509,-2.572,2022-23-24,regular,zero,3000.0,3000.0,300.0,100.0,2.041,2.04,2.885,-6.062,1.937,-3.489,4.508,-8.227,3.083
Tony Snell,203503,1388,1400,-1.7,0.888,-2.588,2022-23-24,regular,zero,3000.0,3000.0,300.0,100.0,1.82,1.818,2.573,-5.268,1.868,-2.676,4.452,-7.631,2.456
Kevin Knox II,1628995,2760,2794,-1.535,1.059,-2.594,2022-23-24,regular,zero,3000.0,3000.0,300.0,100.0,1.614,1.61,2.28,-4.699,1.628,-2.097,4.214,-7.063,1.875
Tomas Satoransky,203107,1652,1678,-2.642,-0.04,-2.602,2022-23-24,regular,zero,3000.0,3000.0,300.0,100.0,1.778,1.774,2.51,-6.127,0.843,-3.516,3.436,-7.521,2.318
Pat Connaughton,1626192,8768,8745,-1.402,1.206,-2.609,2022-23-24,regular,zero,3000.0,3000.0,300.0,100.0,1.255,1.256,1.777,-3.861,1.056,-1.256,3.669,-6.092,0.875
Brandon Boston Jr.,1630527,1654,1689,-3.267,-0.651,-2.617,2022-23-24,regular,zero,3000.0,3000.0,300.0,100.0,1.779,1.773,2.513,-6.754,0.22,-4.127,2.825,-7.541,2.308
Christian Wood,1626174,8487,8542,-1.275,1.383,-2.659,2022-23-24,regular,zero,3000.0,3000.0,300.0,100.0,1.247,1.245,1.76,-3.72,1.17,-1.057,3.823,-6.109,0.792
Blake Wesley,1631104,2426,2453,-2.405,0.261,-2.666,2022-23-24,regular,zero,3000.0,3000.0,300.0,100.0,1.68,1.676,2.372,-5.697,0.887,-3.024,3.545,-7.315,1.984
Daishen Nix,1630227,1881,1921,-2.222,0.471,-2.694,2022-23-24,regular,zero,3000.0,3000.0,300.0,100.0,1.768,1.763,2.497,-5.688,1.243,-2.984,3.927,-7.589,2.201
Ignas Brazdeikis,1629649,718,740,-1.431,1.268,-2.699,2022-23-24,regular,zero,3000.0,3000.0,300.0,100.0,1.968,1.962,2.779,-5.288,2.425,-2.579,5.114,-8.146,2.748
Rajon Rondo,200765,1252,1269,-2.909,-0.155,-2.754,2022-23-24,regular,zero,3000.0,3000.0,300.0,100.0,1.847,1.844,2.61,-6.529,0.712,-3.769,3.46,-7.87,2.362
Semi Ojeleye,1628400,529,536,-2.533,0.321,-2.853,2022-23-24,regular,zero,3000.0,3000.0,300.0,100.0,2.009,2.007,2.839,-6.47,1.404,-3.613,4.254,-8.419,2.712
Dalano Banton,1630625,3013,3049,-2.055,0.802,-2.857,2022-23-24,regular,zero,3000.0,3000.0,300.0,100.0,1.589,1.585,2.244,-5.17,1.06,-2.305,3.909,-7.255,1.542
RJ Barrett,1629628,12599,12624,-1.046,1.82,-2.866,2022-23-24,regular,zero,3000.0,3000.0,300.0,100.0,1.199,1.197,1.696,-3.397,1.304,-0.527,4.167,-6.19,0.458
Jalen Green,1630224,13639,13723,-0.386,2.486,-2.872,2022-23-24,regular,zero,3000.0,3000.0,300.0,100.0,1.296,1.293,1.835,-2.925,2.154,-0.048,5.02,-6.468,0.725
Robin Lopez,201577,1576,1590,-2.319,0.559,-2.878,2022-23-24,regular,zero,3000.0,3000.0,300.0,100.0,1.786,1.784,2.524,-5.82,1.182,-2.937,4.054,-7.824,2.069
Malaki Branham,1631103,5493,5554,-1.179,1.725,-2.904,2022-23-24,regular,zero,3000.0,3000.0,300.0,100.0,1.426,1.422,2.013,-3.973,1.615,-1.062,4.512,-6.851,1.042
Jacob Gilyard,1631367,1190,1210,-1.035,1.871,-2.906,2022-23-24,regular,zero,3000.0,3000.0,300.0,100.0,1.869,1.865,2.64,-4.698,2.628,-1.784,5.527,-8.08,2.267
Nick Smith Jr.,1641733,934,964,-2.728,0.182,-2.91,2022-23-24,regular,zero,3000.0,3000.0,300.0,100.0,1.916,1.91,2.705,-6.484,1.028,-3.561,3.925,-8.212,2.392
Jeremiah Robinson-Earl,1630526,3919,3981,-1.917,1.007,-2.924,2022-23-24,regular,zero,3000.0,3000.0,300.0,100.0,1.518,1.512,2.144,-4.893,1.058,-1.958,3.971,-7.126,1.277
Norman Powell,1626181,9270,9197,-1.101,1.844,-2.945,2022-23-24,regular,zero,3000.0,3000.0,300.0,100.0,1.221,1.223,1.727,-3.494,1.292,-0.552,4.24,-6.329,0.439
Ben McLemore,203463,2080,2096,-2.581,0.42,-3.001,2022-23-24,regular,zero,3000.0,3000.0,300.0,100.0,1.729,1.727,2.444,-5.97,0.808,-2.965,3.805,-7.791,1.79
Terry Taylor,1630678,1781,1799,-0.049,2.995,-3.044,2022-23-24,regular,zero,3000.0,3000.0,300.0,100.0,1.758,1.755,2.484,-3.495,3.397,-0.445,6.435,-7.914,1.825
Eugene Omoruyi,1630647,1464,1486,-1.223,1.84,-3.062,2022-23-24,regular,zero,3000.0,3000.0,300.0,100.0,1.802,1.797,2.544,-4.754,2.309,-1.683,5.363,-8.049,1.924
Nick Richards,1630208,5825,5902,-2.33,0.79,-3.12,2022-23-24,regular,zero,3000.0,3000.0,300.0,100.0,1.411,1.406,1.991,-5.095,0.435,-1.966,3.546,-7.023,0.783
Brandon Williams,1630314,987,996,-1.839,1.287,-3.126,2022-23-24,regular,zero,3000.0,3000.0,300.0,100.0,1.93,1.928,2.729,-5.622,1.944,-2.492,5.066,-8.474,2.222
Cam Thomas,1630560,7165,7153,-1.127,2.067,-3.194,2022-23-24,regular,zero,3000.0,3000.0,300.0,100.0,1.299,1.3,1.838,-3.673,1.419,-0.48,4.614,-6.797,0.409
Brice Sensabaugh,1641729,850,873,-0.529,2.688,-3.217,2022-23-24,regular,zero,3000.0,3000.0,300.0,100.0,1.941,1.936,2.742,-4.333,3.275,-1.108,6.483,-8.59,2.157
Aleksej Pokusevski,1630197,4050,4073,-3.145,0.074,-3.219,2022-23-24,regular,zero,3000.0,3000.0,300.0,100.0,1.491,1.488,2.106,-6.067,-0.224,-2.844,2.991,-7.347,0.909
Facundo Campazzo,1630267,2008,2005,-2.851,0.406,-3.258,2022-23-24,regular,zero,3000.0,3000.0,300.0,100.0,1.744,1.744,2.467,-6.269,0.566,-3.012,3.825,-8.093,1.578
Killian Hayes,1630165,8807,8876,-3.602,-0.339,-3.264,2022-23-24,regular,zero,3000.0,3000.0,300.0,100.0,1.289,1.286,1.824,-6.128,-1.076,-2.858,2.181,-6.839,0.312
John Wall,202322,1464,1481,-3.075,0.222,-3.297,2022-23-24,regular,zero,3000.0,3000.0,300.0,100.0,1.814,1.811,2.562,-6.63,0.48,-3.327,3.771,-8.318,1.724
Will Barton,203115,6107,6074,-3.349,-0.01,-3.34,2022-23-24,regular,zero,3000.0,3000.0,300.0,100.0,1.433,1.434,2.024,-6.158,-0.541,-2.821,2.802,-7.307,0.628
Kira Lewis Jr.,1630184,1079,1102,-3.683,-0.34,-3.343,2022-23-24,regular,zero,3000.0,3000.0,300.0,100.0,1.878,1.873,2.653,-7.364,-0.002,-4.011,3.331,-8.542,1.857
Jaden Ivey,1631093,8189,8282,-1.212,2.163,-3.375,2022-23-24,regular,zero,3000.0,3000.0,300.0,100.0,1.363,1.358,1.924,-3.883,1.459,-0.499,4.826,-7.146,0.395
Jabari Walker,1631133,3715,3789,-1.68,1.711,-3.391,2022-23-24,regular,zero,3000.0,3000.0,300.0,100.0,1.552,1.546,2.19,-4.723,1.362,-1.319,4.74,-7.684,0.902
D.J. Augustin,201571,1547,1557,-0.89,2.55,-3.44,2022-23-24,regular,zero,3000.0,3000.0,300.0,100.0,1.794,1.793,2.535,-4.407,2.628,-0.964,6.064,-8.407,1.528
Drew Eubanks,1629234,7100,7119,-1.978,1.48,-3.458,2022-23-24,regular,zero,3000.0,3000.0,300.0,100.0,1.305,1.304,1.845,-4.536,0.581,-1.076,4.036,-7.074,0.159
Damian Jones,1627745,2878,2907,-2.995,0.489,-3.484,2022-23-24,regular,zero,3000.0,3000.0,300.0,100.0,1.609,1.606,2.273,-6.149,0.159,-2.659,3.637,-7.939,0.971
Trendon Watford,1630570,4500,4541,-1.33,2.175,-3.505,2022-23-24,regular,zero,3000.0,3000.0,300.0,100.0,1.45,1.447,2.05,-4.172,1.512,-0.66,5.011,-7.523,0.512
Marcus Sasser,1631204,2102,2153,-1.505,2.034,-3.54,2022-23-24,regular,zero,3000.0,3000.0,300.0,100.0,1.72,1.714,2.427,-4.878,1.867,-1.325,5.394,-8.297,1.217
Ish Smith,202397,3774,3816,-2.499,1.13,-3.629,2022-23-24,regular,zero,3000.0,3000.0,300.0,100.0,1.504,1.5,2.123,-5.447,0.449,-1.81,4.07,-7.79,0.532
Terrence Ross,203082,5138,5159,-1.213,2.468,-3.681,2022-23-24,regular,zero,3000.0,3000.0,300.0,100.0,1.412,1.41,1.995,-3.981,1.555,-0.296,5.232,-7.592,0.229
Usman Garuba,1630586,1942,1994,-1.757,1.96,-3.717,2022-23-24,regular,zero,3000.0,3000.0,300.0,100.0,1.78,1.774,2.513,-5.246,1.732,-1.517,5.437,-8.643,1.209
Admiral Schofield,1629678,1416,1451,-2.732,1.096,-3.829,2022-23-24,regular,zero,3000.0,3000.0,300.0,100.0,1.813,1.807,2.56,-6.286,0.821,-2.445,4.637,-8.846,1.189
Gradey Dick,1641711,2031,2069,-2.419,1.413,-3.832,2022-23-24,regular,zero,3000.0,3000.0,300.0,100.0,1.732,1.726,2.444,-5.813,0.976,-1.971,4.796,-8.621,0.958
Bryce McGowens,1631121,2734,2755,-2.652,1.219,-3.871,2022-23-24,regular,zero,3000.0,3000.0,300.0,100.0,1.638,1.636,2.314,-5.863,0.558,-1.987,4.425,-8.407,0.665
Scoot Henderson,1630703,2999,3042,-1.761,2.115,-3.877,2022-23-24,regular,zero,3000.0,3000.0,300.0,100.0,1.656,1.652,2.339,-5.007,1.485,-1.123,5.354,-8.461,0.708
Isaiah Roby,1629676,2244,2308,-2.854,1.123,-3.976,2022-23-24,regular,zero,3000.0,3000.0,300.0,100.0,1.693,1.684,2.389,-6.173,0.466,-2.178,4.424,-8.658,0.706
Keyonte George,1641718,3293,3311,-3.243,1.049,-4.292,2022-23-24,regular,zero,3000.0,3000.0,300.0,100.0,1.62,1.617,2.287,-6.418,-0.069,-2.121,4.219,-8.774,0.19
DeAndre Jordan,201599,2833,2867,-3.109,1.236,-4.345,2022-23-24,regular,zero,3000.0,3000.0,300.0,100.0,1.615,1.611,2.282,-6.274,0.056,-1.921,4.394,-8.819,0.128
Theo Maledon,1630177,3420,3456,-2.041,2.377,-4.418,2022-23-24,regular,zero,3000.0,3000.0,300.0,100.0,1.559,1.555,2.204,-5.096,1.014,-0.67,5.424,-8.738,-0.098
Brandon Miller,1641706,4192,4282,-2.459,2.076,-4.535,2022-23-24,regular,zero,3000.0,3000.0,300.0,100.0,1.556,1.55,2.192,-5.509,0.591,-0.962,5.114,-8.832,-0.239
Malachi Flynn,1630201,3256,3285,-2.348,2.241,-4.588,2022-23-24,regular,zero,3000.0,3000.0,300.0,100.0,1.563,1.56,2.208,-5.411,0.715,-0.817,5.299,-8.916,-0.261
Johnny Davis,1631098,1463,1482,-3.68,0.941,-4.621,2022-23-24,regular,zero,3000.0,3000.0,300.0,100.0,1.812,1.809,2.56,-7.231,-0.13,-2.604,4.486,-9.638,0.396
Chuma Okeke,1629643,4497,4545,-4.335,0.319,-4.654,2022-23-24,regular,zero,3000.0,3000.0,300.0,100.0,1.475,1.47,2.084,-7.225,-1.445,-2.563,3.201,-8.738,-0.57
Jordan Nwora,1629670,4917,4945,-1.989,2.756,-4.746,2022-23-24,regular,zero,3000.0,3000.0,300.0,100.0,1.396,1.395,1.971,-4.726,0.747,0.023,5.49,-8.609,-0.882
Torrey Craig,1628470,8353,8425,-1.521,3.281,-4.802,2022-23-24,regular,zero,3000.0,3000.0,300.0,100.0,1.217,1.214,1.715,-3.906,0.864,0.902,5.66,-8.163,-1.441
Keon Johnson,1630553,1472,1508,-1.657,3.288,-4.945,2022-23-24,regular,zero,3000.0,3000.0,300.0,100.0,1.816,1.809,2.563,-5.215,1.901,-0.257,6.833,-9.969,0.08
Cam Reddish,1629629,5592,5581,-3.85,1.215,-5.065,2022-23-24,regular,zero,3000.0,3000.0,300.0,100.0,1.344,1.344,1.899,-6.484,-1.216,-1.42,3.85,-8.787,-1.342
James Wiseman,1630164,3161,3221,-2.197,3.046,-5.244,2022-23-24,regular,zero,3000.0,3000.0,300.0,100.0,1.598,1.592,2.256,-5.33,0.935,-0.075,6.167,-9.665,-0.823
Darius Bazley,1629647,4840,4945,-4.531,0.823,-5.355,2022-23-24,regular,zero,3000.0,3000.0,300.0,100.0,1.47,1.464,2.075,-7.412,-1.65,-2.045,3.692,-9.422,-1.288
R.J. Hampton,1630181,3682,3741,-3.83,1.847,-5.676,2022-23-24,regular,zero,3000.0,3000.0,300.0,100.0,1.531,1.526,2.161,-6.831,-0.829,-1.144,4.837,-9.912,-1.44
Bilal Coulibaly,1641731,2795,2850,-3.713,1.996,-5.709,2022-23-24,regular,zero,3000.0,3000.0,300.0,100.0,1.655,1.649,2.334,-6.956,-0.47,-1.236,5.228,-10.284,-1.134
Garrett Temple,202066,2446,2459,-4.474,1.731,-6.205,2022-23-24,regular,zero,3000.0,3000.0,300.0,100.0,1.672,1.671,2.364,-7.751,-1.197,-1.543,5.006,-10.839,-1.572
Josh Christopher,1630528,3262,3335,-2.159,4.115,-6.274,2022-23-24,regular,zero,3000.0,3000.0,300.0,100.0,1.583,1.576,2.235,-5.262,0.943,1.026,7.204,-10.655,-1.894
